{"type": "FeatureCollection", "features": [{"type": "Feature", "geometry": {"type": "Polygon", "coordinates": [[[8.30113, 4.77233], [8.26733, 4.77486], [8.25947, 4.77167], [8.25506, 4.77556], [8.25194, 4.77832], [8.25023, 4.78158], [8.24911, 4.78584], [8.25031, 4.79245], [8.25787, 4.79584], [8.2603, 4.79527], [8.26634, 4.79787], [8.26104, 4.81086], [8.25972, 4.81988], [8.28052, 4.83651], [8.28502, 4.83146], [8.30216, 4.81719], [8.30954, 4.8042], [8.30215, 4.79044], [8.29999, 4.77927], [8.30113, 4.77233]]]}, "properties": {"name": "Esuk Oro", "lga": "Oron", "state": "ak"}}, {"type": "Feature", "geometry": {"type": "Polygon", "coordinates": [[[8.27344, 4.85624], [8.2743, 4.85474], [8.28052, 4.83651], [8.25972, 4.81988], [8.25157, 4.81445], [8.25235, 4.81151], [8.25172, 4.80988], [8.24994, 4.80673], [8.24925, 4.8065], [8.24797, 4.80149], [8.2491, 4.79809], [8.2447, 4.79923], [8.24147, 4.79847], [8.2399, 4.79868], [8.23461, 4.80194], [8.23649, 4.80435], [8.23255, 4.80695], [8.24305, 4.81934], [8.241, 4.82272], [8.24188, 4.82394], [8.24209, 4.83741], [8.2367, 4.85034], [8.23892, 4.85684], [8.2515, 4.85068], [8.27206, 4.85841], [8.27344, 4.85624]]]}, "properties": {"name": "Uko Uyikim", "lga": "Oron", "state": "ak"}}, {"type": "Feature", "geometry": {"type": "Polygon", "coordinates": [[[8.26634, 4.79787], [8.2603, 4.79527], [8.25787, 4.79584], [8.25031, 4.79245], [8.24943, 4.79721], [8.2491, 4.79809], [8.24797, 4.80149], [8.24925, 4.8065], [8.24994, 4.80673], [8.25172, 4.80988], [8.25235, 4.81151], [8.25157, 4.81445], [8.25972, 4.81988], [8.26104, 4.81086], [8.26634, 4.79787]]]}, "properties": {"name": "Anamfa", "lga": "Oron", "state": "ak"}}, {"type": "Feature", "geometry": {"type": "Polygon", "coordinates": [[[7.60083, 4.49211], [7.59662, 4.49657], [7.58705, 4.50389], [7.57962, 4.50877], [7.57134, 4.51233], [7.56201, 4.51388], [7.56889, 4.52046], [7.56829, 4.52685], [7.58091, 4.54679], [7.58604, 4.54911], [7.58752, 4.54941], [7.59861, 4.55099], [7.60771, 4.55447], [7.60805, 4.55456], [7.62321, 4.53326], [7.62365, 4.5296], [7.62021, 4.52454], [7.61665, 4.52467], [7.60726, 4.52918], [7.61196, 4.51333], [7.60941, 4.50411], [7.63599, 4.49784], [7.63842, 4.49146], [7.62309, 4.49437], [7.61224, 4.49196], [7.60298, 4.48818], [7.603, 4.48837], [7.60083, 4.49211]]]}, "properties": {"name": "Elekpom", "lga": "Eastern Obolo", "state": "ak"}}, {"type": "Feature", "geometry": {"type": "Polygon", "coordinates": [[[8.31988, 4.71581], [8.3129, 4.71637], [8.30459, 4.71807], [8.27861, 4.72725], [8.26064, 4.74652], [8.24021, 4.73649], [8.23893, 4.73841], [8.23826, 4.73959], [8.238, 4.74142], [8.23803, 4.74323], [8.24257, 4.74621], [8.24792, 4.74608], [8.24677, 4.75079], [8.2465, 4.75408], [8.24643, 4.75656], [8.25269, 4.75711], [8.25286, 4.76367], [8.25502, 4.76388], [8.25639, 4.76354], [8.25745, 4.76373], [8.26087, 4.76554], [8.31255, 4.76214], [8.31306, 4.76139], [8.315, 4.75667], [8.31852, 4.7473], [8.31582, 4.73638], [8.3184, 4.72305], [8.31988, 4.71581]]]}, "properties": {"name": "Eyonsek", "lga": "Udung Uko", "state": "ak"}}, {"type": "Feature", "geometry": {"type": "Polygon", "coordinates": [[[8.30072, 4.55476], [8.29388, 4.55637], [8.28573, 4.55817], [8.26983, 4.55631], [8.24863, 4.55902], [8.24783, 4.56095], [8.21728, 4.59437], [8.22189, 4.60394], [8.23694, 4.61606], [8.23972, 4.61695], [8.2829, 4.62332], [8.28884, 4.61878], [8.28869, 4.61486], [8.28881, 4.61317], [8.29318, 4.61179], [8.29324, 4.61411], [8.29364, 4.61522], [8.29429, 4.61525], [8.29693, 4.6143], [8.29839, 4.61447], [8.29921, 4.61549], [8.29952, 4.61788], [8.30074, 4.61885], [8.30296, 4.61844], [8.30415, 4.61688], [8.30368, 4.61281], [8.30413, 4.61136], [8.30638, 4.61053], [8.3097, 4.59119], [8.31315, 4.58628], [8.32251, 4.58644], [8.33493, 4.58967], [8.31108, 4.56762], [8.30072, 4.55476]]]}, "properties": {"name": "Effiat 1", "lga": "Mbo", "state": "ak"}}, {"type": "Feature", "geometry": {"type": "Polygon", "coordinates": [[[7.64122, 4.48428], [7.62169, 4.47325], [7.61422, 4.46863], [7.60582, 4.47026], [7.60231, 4.47768], [7.6024, 4.48183], [7.60298, 4.48818], [7.61224, 4.49196], [7.62309, 4.49437], [7.63842, 4.49146], [7.64122, 4.48428]]]}, "properties": {"name": "Iko", "lga": "Eastern Obolo", "state": "ak"}}, {"type": "Feature", "geometry": {"type": "Polygon", "coordinates": [[[7.74522, 4.50812], [7.73735, 4.52302], [7.75079, 4.53065], [7.77091, 4.53823], [7.77449, 4.51394], [7.76995, 4.51329], [7.74522, 4.50812]]]}, "properties": {"name": "Okoroiyong", "lga": "Eastern Obolo", "state": "ak"}}, {"type": "Feature", "geometry": {"type": "Polygon", "coordinates": [[[7.68142, 4.49467], [7.67888, 4.52032], [7.70377, 4.51869], [7.7046, 4.52036], [7.71113, 4.52577], [7.72499, 4.53358], [7.73167, 4.52531], [7.73735, 4.52302], [7.74522, 4.50812], [7.72385, 4.5045], [7.6939, 4.49894], [7.68142, 4.49467]]]}, "properties": {"name": "Okoromboko", "lga": "Eastern Obolo", "state": "ak"}}, {"type": "Feature", "geometry": {"type": "Polygon", "coordinates": [[[8.20844, 4.59175], [8.21728, 4.59437], [8.24783, 4.56095], [8.24863, 4.55902], [8.26983, 4.55631], [8.28573, 4.55817], [8.29388, 4.55637], [8.30072, 4.55476], [8.29667, 4.54972], [8.29305, 4.54639], [8.2948, 4.54021], [8.29164, 4.53664], [8.27894, 4.53629], [8.27036, 4.53783], [8.26254, 4.53525], [8.24768, 4.53497], [8.22847, 4.53828], [8.20058, 4.54173], [8.17584, 4.54434], [8.18183, 4.588], [8.20215, 4.59103], [8.20844, 4.59175]]]}, "properties": {"name": "Iwuopom Opolom", "lga": "Ibeno", "state": "ak"}}, {"type": "Feature", "geometry": {"type": "Polygon", "coordinates": [[[8.12309, 4.59942], [8.13713, 4.60137], [8.1475, 4.59623], [8.15023, 4.59506], [8.18183, 4.588], [8.17584, 4.54434], [8.14484, 4.54448], [8.12297, 4.5449], [8.11647, 4.54502], [8.02695, 4.54292], [8.02575, 4.54275], [8.02846, 4.5853], [8.02914, 4.58949], [8.05026, 4.5966], [8.05268, 4.59729], [8.05385, 4.59768], [8.06712, 4.595], [8.0933, 4.59663], [8.10949, 4.60158], [8.12309, 4.59942]]]}, "properties": {"name": "Iwuoachang", "lga": "Ibeno", "state": "ak"}}, {"type": "Feature", "geometry": {"type": "Polygon", "coordinates": [[[8.25502, 4.76388], [8.24455, 4.76375], [8.24369, 4.7607], [8.23673, 4.77351], [8.24331, 4.77246], [8.2438, 4.77186], [8.24377, 4.77122], [8.24402, 4.76935], [8.25506, 4.77556], [8.25947, 4.77167], [8.26733, 4.77486], [8.30113, 4.77233], [8.31255, 4.76214], [8.26087, 4.76554], [8.25745, 4.76373], [8.25639, 4.76354], [8.25502, 4.76388]]]}, "properties": {"name": "Eyobiosio", "lga": "Udung Uko", "state": "ak"}}, {"type": "Feature", "geometry": {"type": "Polygon", "coordinates": [[[7.64122, 4.48428], [7.63842, 4.49146], [7.63599, 4.49784], [7.63635, 4.49874], [7.63901, 4.51571], [7.63406, 4.52183], [7.63591, 4.531], [7.63701, 4.53515], [7.64059, 4.53707], [7.64034, 4.53797], [7.64083, 4.53952], [7.6411, 4.55476], [7.65047, 4.55107], [7.65792, 4.54366], [7.66436, 4.5352], [7.66565, 4.53495], [7.67362, 4.52832], [7.67888, 4.52032], [7.68142, 4.49467], [7.67395, 4.49501], [7.6672, 4.49544], [7.66089, 4.49193], [7.64122, 4.48428]]]}, "properties": {"name": "Okoro Ete", "lga": "Eastern Obolo", "state": "ak"}}, {"type": "Feature", "geometry": {"type": "Polygon", "coordinates": [[[7.94917, 4.64932], [7.94462, 4.64725], [7.94227, 4.64642], [7.93916, 4.64569], [7.92579, 4.64439], [7.92616, 4.64574], [7.92672, 4.6481], [7.92731, 4.65094], [7.92639, 4.65745], [7.92466, 4.65957], [7.93038, 4.66479], [7.9322, 4.66997], [7.93252, 4.67261], [7.93398, 4.67315], [7.94238, 4.66785], [7.94321, 4.66768], [7.94321, 4.66679], [7.9429, 4.66556], [7.94444, 4.66616], [7.94546, 4.66666], [7.94642, 4.66115], [7.94772, 4.66116], [7.949, 4.66142], [7.95024, 4.66243], [7.96082, 4.65365], [7.94917, 4.64932]]]}, "properties": {"name": "Urban 2", "lga": "Eket", "state": "ak"}}, {"type": "Feature", "geometry": {"type": "Polygon", "coordinates": [[[7.7313, 5.15365], [7.72963, 5.14977], [7.7253, 5.14893], [7.72358, 5.14861], [7.72219, 5.14252], [7.71804, 5.14299], [7.71289, 5.14514], [7.70952, 5.14625], [7.70448, 5.14519], [7.69705, 5.14714], [7.69766, 5.15267], [7.69749, 5.15764], [7.69872, 5.16083], [7.70037, 5.1636], [7.70187, 5.1672], [7.71226, 5.17617], [7.71202, 5.17717], [7.7117, 5.17926], [7.71306, 5.17926], [7.71374, 5.17876], [7.71569, 5.18239], [7.71661, 5.18425], [7.71765, 5.18459], [7.71923, 5.18521], [7.72142, 5.18574], [7.72305, 5.18556], [7.72532, 5.18579], [7.72698, 5.18618], [7.73, 5.17943], [7.72811, 5.17375], [7.73266, 5.16378], [7.73981, 5.1599], [7.73609, 5.15757], [7.73443, 5.15712], [7.7313, 5.15365]]]}, "properties": {"name": "Ikot Ekpene Urban / Ikot Ekpene 1", "lga": "Ikot Ekpene", "state": "ak"}}, {"type": "Feature", "geometry": {"type": "Polygon", "coordinates": [[[7.68633, 5.17026], [7.68447, 5.1741], [7.6915, 5.17956], [7.68829, 5.18669], [7.69362, 5.19026], [7.69325, 5.19147], [7.69691, 5.1905], [7.69845, 5.19145], [7.70121, 5.19456], [7.70176, 5.1952], [7.70149, 5.19602], [7.70147, 5.19652], [7.71845, 5.19249], [7.71618, 5.1898], [7.71659, 5.18841], [7.71726, 5.18581], [7.71765, 5.18459], [7.71661, 5.18425], [7.71569, 5.18239], [7.71374, 5.17876], [7.71306, 5.17926], [7.7117, 5.17926], [7.71202, 5.17717], [7.71226, 5.17617], [7.70187, 5.1672], [7.70037, 5.1636], [7.69562, 5.16886], [7.68633, 5.17026]]]}, "properties": {"name": "Ikot Inyang / Ikot Ekpene 6", "lga": "Ikot Ekpene", "state": "ak"}}, {"type": "Feature", "geometry": {"type": "Polygon", "coordinates": [[[7.75148, 5.13923], [7.73853, 5.12229], [7.72411, 5.12784], [7.72164, 5.13744], [7.72083, 5.13853], [7.71804, 5.14299], [7.72219, 5.14252], [7.72358, 5.14861], [7.7253, 5.14893], [7.72963, 5.14977], [7.7313, 5.15365], [7.73443, 5.15712], [7.73609, 5.15757], [7.73981, 5.1599], [7.74571, 5.16354], [7.74972, 5.16425], [7.75303, 5.16395], [7.7542, 5.15947], [7.75894, 5.15799], [7.76064, 5.1562], [7.75717, 5.14163], [7.75461, 5.14179], [7.75148, 5.13923]]]}, "properties": {"name": "Nsiak / Ikot Ekpene 4", "lga": "Ikot Ekpene", "state": "ak"}}, {"type": "Feature", "geometry": {"type": "Polygon", "coordinates": [[[7.73961, 5.18674], [7.73692, 5.18387], [7.73434, 5.17865], [7.73231, 5.17822], [7.73115, 5.17818], [7.73009, 5.17834], [7.72698, 5.18618], [7.71765, 5.18459], [7.71726, 5.18581], [7.71659, 5.18841], [7.71618, 5.1898], [7.71845, 5.19249], [7.71031, 5.19389], [7.71044, 5.19522], [7.71171, 5.19789], [7.71335, 5.20102], [7.71367, 5.2018], [7.72183, 5.19877], [7.73741, 5.20976], [7.73995, 5.20814], [7.74322, 5.20782], [7.74603, 5.20581], [7.74541, 5.20072], [7.74614, 5.19885], [7.74815, 5.19547], [7.73961, 5.18674]]]}, "properties": {"name": "Uruaobo / Ikot Ekpene 5", "lga": "Ikot Ekpene", "state": "ak"}}, {"type": "Feature", "geometry": {"type": "Polygon", "coordinates": [[[8.23472, 4.82208], [8.2349, 4.82178], [8.23669, 4.82255], [8.23767, 4.82152], [8.23893, 4.82245], [8.23926, 4.82223], [8.23989, 4.82342], [8.24305, 4.81934], [8.23873, 4.81368], [8.23576, 4.81419], [8.23809, 4.81758], [8.23119, 4.82124], [8.23318, 4.82153], [8.23472, 4.82208]]]}, "properties": {"name": "Uya Oro", "lga": "Oron", "state": "ak"}}, {"type": "Feature", "geometry": {"type": "Polygon", "coordinates": [[[8.2265, 4.77714], [8.23507, 4.7864], [8.2347, 4.78805], [8.2347, 4.78948], [8.23122, 4.78934], [8.22769, 4.78946], [8.22832, 4.79712], [8.22946, 4.79966], [8.23094, 4.80088], [8.22806, 4.80531], [8.22976, 4.80629], [8.23127, 4.80817], [8.23255, 4.80695], [8.23649, 4.80435], [8.23461, 4.80194], [8.2399, 4.79868], [8.24147, 4.79847], [8.2447, 4.79923], [8.2491, 4.79809], [8.24943, 4.79721], [8.25031, 4.79245], [8.24911, 4.78584], [8.25023, 4.78158], [8.24296, 4.77852], [8.23631, 4.77712], [8.2275, 4.77541], [8.2265, 4.77714]]]}, "properties": {"name": "Iyamba", "lga": "Oron", "state": "ak"}}, {"type": "Feature", "geometry": {"type": "Polygon", "coordinates": [[[7.89787, 5.04061], [7.89658, 5.04213], [7.8946, 5.04404], [7.89731, 5.04593], [7.90089, 5.04917], [7.90175, 5.05009], [7.89657, 5.06393], [7.89725, 5.06561], [7.89887, 5.06808], [7.89913, 5.06977], [7.89883, 5.07164], [7.89981, 5.07245], [7.90144, 5.07218], [7.90345, 5.07664], [7.91045, 5.07429], [7.91151, 5.07172], [7.91247, 5.0705], [7.91254, 5.06791], [7.9127, 5.06618], [7.91122, 5.06235], [7.91499, 5.05586], [7.91829, 5.05396], [7.91758, 5.05238], [7.91838, 5.05159], [7.91301, 5.04687], [7.91224, 5.04607], [7.89787, 5.04061]]]}, "properties": {"name": "West Itam 1", "lga": "Itu", "state": "ak"}}, {"type": "Feature", "geometry": {"type": "Polygon", "coordinates": [[[8.09585, 4.6283], [8.08143, 4.63318], [8.07914, 4.64281], [8.08069, 4.6445], [8.08366, 4.64551], [8.08578, 4.64626], [8.08739, 4.64609], [8.09677, 4.66224], [8.1113, 4.65004], [8.10567, 4.62149], [8.09585, 4.6283]]]}, "properties": {"name": "Okposo Odoro nkit / Ntak Inyang", "lga": "Esit Eket", "state": "ak"}}, {"type": "Feature", "geometry": {"type": "Polygon", "coordinates": [[[7.91698, 5.02927], [7.91957, 5.03028], [7.91875, 5.03142], [7.92702, 5.03435], [7.92762, 5.03361], [7.92809, 5.0345], [7.92829, 5.03485], [7.92968, 5.03582], [7.93093, 5.03414], [7.93053, 5.03313], [7.93201, 5.03207], [7.93386, 5.03081], [7.93593, 5.02463], [7.9381, 5.02444], [7.94115, 5.02083], [7.93929, 5.01856], [7.9397, 5.01732], [7.9387, 5.01681], [7.93814, 5.01814], [7.93786, 5.01763], [7.93586, 5.01817], [7.93514, 5.01681], [7.93492, 5.01572], [7.93328, 5.01162], [7.93156, 5.0117], [7.92879, 5.00249], [7.92712, 5.00128], [7.9135, 5.00046], [7.91308, 5.00157], [7.91267, 5.00192], [7.91174, 5.00814], [7.91379, 5.00843], [7.91436, 5.01564], [7.91188, 5.01685], [7.90962, 5.01838], [7.90848, 5.01986], [7.90767, 5.02171], [7.90631, 5.02635], [7.90939, 5.02773], [7.91137, 5.0286], [7.91347, 5.02939], [7.91484, 5.02696], [7.91646, 5.02485], [7.91759, 5.02664], [7.91609, 5.02894], [7.91698, 5.02927]]]}, "properties": {"name": "Urban 1", "lga": "Uyo", "state": "ak"}}, {"type": "Feature", "geometry": {"type": "Polygon", "coordinates": [[[7.95575, 4.98116], [7.94922, 4.98591], [7.94609, 4.98877], [7.94286, 4.99432], [7.94039, 4.99669], [7.93757, 4.99871], [7.93403, 5.00135], [7.92879, 5.00249], [7.93156, 5.0117], [7.93328, 5.01162], [7.93492, 5.01572], [7.93514, 5.01681], [7.93586, 5.01817], [7.93786, 5.01763], [7.93814, 5.01814], [7.9387, 5.01681], [7.9397, 5.01732], [7.94149, 5.01814], [7.94385, 5.01213], [7.94508, 5.01109], [7.94381, 5.01028], [7.94475, 5.00918], [7.94562, 5.00879], [7.94868, 5.01105], [7.95103, 5.00854], [7.95249, 5.00813], [7.95274, 5.00782], [7.95405, 5.00791], [7.95419, 5.00697], [7.95493, 5.00612], [7.95589, 5.00596], [7.95667, 5.00794], [7.95829, 5.00585], [7.95928, 5.00686], [7.95954, 5.00777], [7.96261, 5.00783], [7.96266, 5.00878], [7.96323, 5.01262], [7.96824, 5.01273], [7.96852, 5.01092], [7.96894, 5.00799], [7.97054, 5.00589], [7.9791, 5.0204], [7.981, 5.01933], [7.98248, 5.01775], [7.98626, 5.01828], [7.99833, 5.01665], [7.99794, 5.01361], [7.99668, 5.01065], [7.99489, 5.00937], [7.99142, 5.00479], [7.98872, 5.0006], [7.98631, 4.99471], [7.98575, 4.98697], [7.97957, 4.98015], [7.97898, 4.9799], [7.97817, 4.98012], [7.97723, 4.97988], [7.97563, 4.97684], [7.97157, 4.97611], [7.97073, 4.9762], [7.96863, 4.97439], [7.95922, 4.98126], [7.95575, 4.98116]]]}, "properties": {"name": "Etoi 1", "lga": "Uyo", "state": "ak"}}, {"type": "Feature", "geometry": {"type": "Polygon", "coordinates": [[[7.91448, 5.03302], [7.91483, 5.03353], [7.91491, 5.03416], [7.91568, 5.03415], [7.91473, 5.03726], [7.91423, 5.03954], [7.91539, 5.03923], [7.91618, 5.04191], [7.91584, 5.04381], [7.91754, 5.04404], [7.91956, 5.04396], [7.92238, 5.0447], [7.92513, 5.04693], [7.92768, 5.05401], [7.93091, 5.05152], [7.93598, 5.0495], [7.93722, 5.04673], [7.93684, 5.04445], [7.9349, 5.04195], [7.93615, 5.04052], [7.93215, 5.03759], [7.93093, 5.03414], [7.92968, 5.03582], [7.92829, 5.03485], [7.92809, 5.0345], [7.92762, 5.03361], [7.92702, 5.03435], [7.91875, 5.03142], [7.91957, 5.03028], [7.91698, 5.02927], [7.91448, 5.03302]]]}, "properties": {"name": "Urban 2", "lga": "Uyo", "state": "ak"}}, {"type": "Feature", "geometry": {"type": "Polygon", "coordinates": [[[7.89785, 5.0083], [7.89226, 4.99119], [7.88228, 4.99714], [7.88108, 5.00513], [7.87883, 5.00878], [7.87684, 5.00895], [7.87299, 5.00943], [7.86812, 5.01178], [7.86207, 5.01049], [7.86185, 5.01085], [7.8604, 5.0105], [7.85955, 5.01079], [7.8586, 5.01491], [7.86049, 5.01915], [7.86181, 5.02123], [7.87611, 5.03229], [7.87729, 5.03068], [7.8787, 5.0317], [7.88008, 5.03312], [7.88394, 5.02704], [7.89135, 5.03022], [7.89518, 5.03126], [7.89552, 5.03666], [7.899, 5.0385], [7.90233, 5.03464], [7.90298, 5.03444], [7.90374, 5.03445], [7.90538, 5.03471], [7.90599, 5.03464], [7.90658, 5.03439], [7.90841, 5.03315], [7.9107, 5.03443], [7.91139, 5.03376], [7.91252, 5.03513], [7.91698, 5.02927], [7.91609, 5.02894], [7.91759, 5.02664], [7.91646, 5.02485], [7.91484, 5.02696], [7.91347, 5.02939], [7.91137, 5.0286], [7.90939, 5.02773], [7.90631, 5.02635], [7.90767, 5.02171], [7.90848, 5.01986], [7.90962, 5.01838], [7.91188, 5.01685], [7.91436, 5.01564], [7.91379, 5.00843], [7.91174, 5.00814], [7.91158, 5.00671], [7.9135, 5.00046], [7.91184, 4.99941], [7.90867, 5.0013], [7.90172, 5.00908], [7.89785, 5.0083]]]}, "properties": {"name": "Offot 1", "lga": "Uyo", "state": "ak"}}, {"type": "Feature", "geometry": {"type": "Polygon", "coordinates": [[[7.90345, 5.07664], [7.90144, 5.07218], [7.89981, 5.07245], [7.89883, 5.07164], [7.89913, 5.06977], [7.89887, 5.06808], [7.89725, 5.06561], [7.89657, 5.06393], [7.90175, 5.05009], [7.90089, 5.04917], [7.89731, 5.04593], [7.8946, 5.04404], [7.89658, 5.04213], [7.89787, 5.04061], [7.89709, 5.04042], [7.8955, 5.03736], [7.89555, 5.03725], [7.89552, 5.03666], [7.89518, 5.03126], [7.89135, 5.03022], [7.88394, 5.02704], [7.88008, 5.03312], [7.8815, 5.03607], [7.87922, 5.04418], [7.87697, 5.04495], [7.87019, 5.05227], [7.8703, 5.05321], [7.87732, 5.05965], [7.87832, 5.06458], [7.88383, 5.0706], [7.88666, 5.06923], [7.90307, 5.07623], [7.90345, 5.07664]]]}, "properties": {"name": "West Itam 2", "lga": "Itu", "state": "ak"}}, {"type": "Feature", "geometry": {"type": "Polygon", "coordinates": [[[8.01142, 4.54072], [8.00312, 4.53918], [8.00103, 4.53813], [7.99885, 4.53861], [7.98705, 4.53786], [7.98587, 4.54697], [7.98249, 4.54582], [7.98131, 4.54517], [7.97946, 4.54753], [7.97841, 4.55079], [7.97917, 4.55271], [7.98285, 4.55243], [7.98282, 4.55335], [7.98241, 4.55336], [7.98209, 4.55392], [7.98262, 4.5554], [7.98411, 4.55628], [7.98925, 4.55056], [7.98959, 4.55116], [7.98924, 4.55234], [7.99053, 4.55124], [7.99062, 4.5486], [7.99514, 4.55049], [8.00311, 4.54626], [8.00421, 4.54431], [8.00427, 4.54371], [8.00844, 4.54358], [8.0103, 4.54366], [8.01044, 4.54302], [8.01142, 4.54072]]]}, "properties": {"name": "Mkpanak", "lga": "Ibeno", "state": "ak"}}, {"type": "Feature", "geometry": {"type": "Polygon", "coordinates": [[[8.33493, 4.58967], [8.32251, 4.58644], [8.31315, 4.58628], [8.3097, 4.59119], [8.30638, 4.61053], [8.31486, 4.61375], [8.31708, 4.61375], [8.31764, 4.61403], [8.31737, 4.62681], [8.32403, 4.63764], [8.3268, 4.63985], [8.32736, 4.64347], [8.32236, 4.64903], [8.31792, 4.65014], [8.3107, 4.65653], [8.30847, 4.66236], [8.30958, 4.6718], [8.2988, 4.6767], [8.29812, 4.67855], [8.29472, 4.67887], [8.29237, 4.68107], [8.29862, 4.69439], [8.3129, 4.71637], [8.31988, 4.71581], [8.32435, 4.71019], [8.32884, 4.69221], [8.32601, 4.6649], [8.34039, 4.62425], [8.34106, 4.61158], [8.3433, 4.60896], [8.344, 4.60681], [8.33493, 4.58967]]]}, "properties": {"name": "Effiat 2", "lga": "Mbo", "state": "ak"}}, {"type": "Feature", "geometry": {"type": "Polygon", "coordinates": [[[7.97224, 5.12993], [7.97043, 5.16023], [7.97066, 5.16508], [7.9713, 5.16898], [7.98047, 5.17055], [7.9875, 5.17173], [7.99112, 5.16957], [8.0003, 5.16152], [7.99534, 5.15781], [7.99351, 5.15457], [7.98778, 5.15399], [7.98557, 5.15284], [7.98684, 5.14792], [7.99103, 5.14535], [7.9924, 5.14197], [7.99462, 5.13604], [7.99024, 5.13206], [7.98052, 5.12419], [7.9747, 5.12778], [7.97224, 5.12993]]]}, "properties": {"name": "East Itam 4", "lga": "Itu", "state": "ak"}}, {"type": "Feature", "geometry": {"type": "Polygon", "coordinates": [[[8.05775, 4.65377], [8.0524, 4.65273], [8.04714, 4.65282], [8.04525, 4.65429], [8.04379, 4.65717], [8.04338, 4.65877], [8.04342, 4.67322], [8.04457, 4.68045], [8.04784, 4.6887], [8.05208, 4.6922], [8.06224, 4.69777], [8.07017, 4.69432], [8.07786, 4.67576], [8.0684, 4.67911], [8.05558, 4.68509], [8.05536, 4.68313], [8.05536, 4.68178], [8.0537, 4.67364], [8.05445, 4.66127], [8.06238, 4.65909], [8.06057, 4.65741], [8.05775, 4.65377]]]}, "properties": {"name": "Ikpa", "lga": "Esit Eket", "state": "ak"}}, {"type": "Feature", "geometry": {"type": "Polygon", "coordinates": [[[8.01619, 4.59961], [8.01683, 4.59449], [8.00595, 4.59995], [8.00285, 4.60211], [8.00109, 4.61291], [8.00126, 4.61397], [8.00561, 4.64153], [8.00508, 4.6448], [8.00994, 4.65544], [8.01568, 4.65128], [8.01649, 4.65005], [8.01841, 4.64808], [8.01899, 4.63342], [8.01806, 4.63177], [8.01782, 4.63083], [8.01871, 4.62702], [8.01883, 4.62552], [8.01801, 4.62327], [8.01923, 4.61915], [8.02137, 4.61427], [8.02233, 4.61115], [8.02134, 4.60883], [8.0218, 4.60586], [8.01619, 4.59961]]]}, "properties": {"name": "Uquo 2 / Ebe Ekpi", "lga": "Esit Eket", "state": "ak"}}, {"type": "Feature", "geometry": {"type": "Polygon", "coordinates": [[[7.83157, 4.61937], [7.8233, 4.61421], [7.82176, 4.61369], [7.81625, 4.61249], [7.81609, 4.61368], [7.81549, 4.6154], [7.81173, 4.61776], [7.8048, 4.61614], [7.81502, 4.64195], [7.81891, 4.64117], [7.82056, 4.64015], [7.82287, 4.63877], [7.82541, 4.63552], [7.82638, 4.6347], [7.82925, 4.63347], [7.83167, 4.6328], [7.83324, 4.63298], [7.83122, 4.6236], [7.83147, 4.62273], [7.83158, 4.62217], [7.83157, 4.61937]]]}, "properties": {"name": "Ikot Udo / Oniong west 3", "lga": "Onna", "state": "ak"}}, {"type": "Feature", "geometry": {"type": "Polygon", "coordinates": [[[7.83573, 4.64588], [7.82541, 4.63552], [7.82287, 4.63877], [7.82056, 4.64015], [7.81891, 4.64117], [7.81502, 4.64195], [7.81398, 4.65193], [7.81531, 4.65679], [7.82596, 4.65666], [7.82807, 4.65231], [7.83096, 4.64966], [7.83628, 4.65011], [7.83573, 4.64588]]]}, "properties": {"name": "Nkpok / Nung idem 1", "lga": "Onna", "state": "ak"}}, {"type": "Feature", "geometry": {"type": "Polygon", "coordinates": [[[7.72231, 5.27642], [7.73172, 5.26205], [7.73666, 5.25193], [7.73462, 5.24338], [7.73314, 5.23917], [7.73471, 5.23451], [7.7352, 5.22846], [7.73015, 5.22583], [7.72857, 5.22744], [7.72441, 5.22712], [7.72168, 5.22642], [7.71412, 5.22829], [7.70366, 5.2338], [7.6986, 5.236], [7.6988, 5.241], [7.69911, 5.24335], [7.69746, 5.24982], [7.69521, 5.25276], [7.68647, 5.25418], [7.70929, 5.26988], [7.72195, 5.2772], [7.72231, 5.27642]]]}, "properties": {"name": "Ikot Obong Edong / Ikot Ekpene 11", "lga": "Ikot Ekpene", "state": "ak"}}, {"type": "Feature", "geometry": {"type": "Polygon", "coordinates": [[[8.27055, 4.63257], [8.26233, 4.63737], [8.25168, 4.65567], [8.25158, 4.66168], [8.24799, 4.67096], [8.25902, 4.6824], [8.28139, 4.68484], [8.29237, 4.68107], [8.29472, 4.67887], [8.29812, 4.67855], [8.2988, 4.6767], [8.29528, 4.67309], [8.29196, 4.66992], [8.28586, 4.66931], [8.28402, 4.66802], [8.28369, 4.66468], [8.28612, 4.66356], [8.28896, 4.66259], [8.28913, 4.66021], [8.28663, 4.65798], [8.28437, 4.65768], [8.2823, 4.6624], [8.28017, 4.66276], [8.2739, 4.6607], [8.27383, 4.65766], [8.27481, 4.65644], [8.27864, 4.65624], [8.27956, 4.65502], [8.28118, 4.64414], [8.28033, 4.64282], [8.27969, 4.641], [8.2816, 4.63856], [8.28685, 4.63886], [8.27993, 4.63408], [8.27866, 4.63335], [8.27716, 4.63283], [8.27229, 4.63227], [8.27055, 4.63257]]]}, "properties": {"name": "Enwang 2", "lga": "Mbo", "state": "ak"}}, {"type": "Feature", "geometry": {"type": "Polygon", "coordinates": [[[7.84769, 4.63173], [7.84379, 4.61877], [7.84209, 4.61914], [7.84017, 4.61965], [7.83199, 4.62585], [7.83324, 4.63298], [7.82541, 4.63552], [7.83573, 4.64588], [7.83628, 4.65011], [7.83725, 4.65164], [7.84008, 4.65204], [7.84073, 4.65053], [7.84428, 4.64993], [7.85018, 4.64706], [7.85031, 4.64346], [7.8481, 4.63605], [7.84769, 4.63173]]]}, "properties": {"name": "Nung idem 2", "lga": "Onna", "state": "ak"}}, {"type": "Feature", "geometry": {"type": "Polygon", "coordinates": [[[8.07703, 4.66486], [8.07689, 4.66217], [8.07715, 4.66045], [8.07822, 4.65819], [8.07867, 4.65767], [8.07419, 4.65671], [8.07084, 4.6567], [8.06735, 4.65713], [8.05445, 4.66127], [8.0537, 4.67364], [8.05536, 4.68178], [8.05536, 4.68313], [8.05558, 4.68509], [8.0684, 4.67911], [8.07786, 4.67576], [8.07634, 4.66786], [8.07655, 4.66712], [8.07662, 4.66629], [8.07703, 4.66486]]]}, "properties": {"name": "Edo 3 / Ebighi Okpono", "lga": "Esit Eket", "state": "ak"}}, {"type": "Feature", "geometry": {"type": "Polygon", "coordinates": [[[7.89211, 5.31651], [7.90941, 5.30684], [7.92111, 5.29584], [7.90684, 5.28331], [7.90494, 5.28833], [7.89193, 5.28516], [7.88315, 5.28364], [7.87949, 5.27582], [7.88029, 5.27261], [7.88669, 5.26611], [7.88862, 5.26133], [7.88346, 5.25531], [7.88045, 5.25615], [7.87623, 5.25485], [7.87477, 5.25168], [7.873, 5.2479], [7.86995, 5.24771], [7.86485, 5.2548], [7.86169, 5.25545], [7.85294, 5.25563], [7.8523, 5.25309], [7.84403, 5.24727], [7.83531, 5.25019], [7.83238, 5.25783], [7.83014, 5.26313], [7.82912, 5.26851], [7.82159, 5.27515], [7.81468, 5.27697], [7.81207, 5.2784], [7.80698, 5.28928], [7.80927, 5.29311], [7.81327, 5.29289], [7.81636, 5.2979], [7.8187, 5.30063], [7.82013, 5.30337], [7.82064, 5.30589], [7.82232, 5.31001], [7.82494, 5.3155], [7.84216, 5.33576], [7.85418, 5.32544], [7.85592, 5.32314], [7.85709, 5.32084], [7.85769, 5.31854], [7.86, 5.31683], [7.86288, 5.31512], [7.86518, 5.31456], [7.8749, 5.3181], [7.89211, 5.31651]]]}, "properties": {"name": "Ibdoro / Ibiono Northern 1", "lga": "Ibiono Ibom", "state": "ak"}}, {"type": "Feature", "geometry": {"type": "Polygon", "coordinates": [[[7.71766, 5.29931], [7.71369, 5.34282], [7.72735, 5.35256], [7.7388, 5.35417], [7.75451, 5.34489], [7.7525, 5.32709], [7.7525, 5.32114], [7.75137, 5.31628], [7.7456, 5.29604], [7.72635, 5.29775], [7.7208, 5.2969], [7.71766, 5.29931]]]}, "properties": {"name": "Usuk Ibahesi / Ikono North 2", "lga": "Ini", "state": "ak"}}, {"type": "Feature", "geometry": {"type": "Polygon", "coordinates": [[[7.71369, 5.34282], [7.71766, 5.29931], [7.71584, 5.29699], [7.71448, 5.29524], [7.70895, 5.29699], [7.70754, 5.30451], [7.69587, 5.30366], [7.68702, 5.32243], [7.68416, 5.34561], [7.66744, 5.34701], [7.66667, 5.34693], [7.66811, 5.34933], [7.66891, 5.35083], [7.67048, 5.35185], [7.67277, 5.35831], [7.67562, 5.36354], [7.678, 5.3702], [7.71035, 5.37834], [7.72841, 5.37282], [7.74023, 5.3738], [7.7388, 5.35417], [7.72735, 5.35256], [7.71369, 5.34282]]]}, "properties": {"name": "Mbiafun / Ikono North 3", "lga": "Ini", "state": "ak"}}, {"type": "Feature", "geometry": {"type": "Polygon", "coordinates": [[[7.74603, 5.20581], [7.74322, 5.20782], [7.73995, 5.20814], [7.73741, 5.20976], [7.73662, 5.22319], [7.73746, 5.22707], [7.7352, 5.22846], [7.73471, 5.23451], [7.73314, 5.23917], [7.73462, 5.24338], [7.73666, 5.25193], [7.73172, 5.26205], [7.75418, 5.24016], [7.76009, 5.23762], [7.76761, 5.22608], [7.77137, 5.22294], [7.77018, 5.19049], [7.7666, 5.19082], [7.76589, 5.19895], [7.76361, 5.20134], [7.75996, 5.20196], [7.74603, 5.20581]]]}, "properties": {"name": "Abiakpo / Ikot Ekpene 3", "lga": "Ikot Ekpene", "state": "ak"}}, {"type": "Feature", "geometry": {"type": "Polygon", "coordinates": [[[7.76272, 5.36738], [7.77164, 5.36488], [7.78984, 5.36488], [7.79948, 5.36345], [7.77592, 5.32733], [7.77473, 5.32947], [7.76212, 5.33756], [7.75808, 5.34208], [7.75451, 5.34489], [7.7388, 5.35417], [7.74023, 5.3738], [7.74772, 5.3713], [7.75508, 5.36763], [7.76272, 5.36738]]]}, "properties": {"name": "Odorikpe / Ikpe 1", "lga": "Ini", "state": "ak"}}, {"type": "Feature", "geometry": {"type": "Polygon", "coordinates": [[[7.86071, 4.62909], [7.84769, 4.63173], [7.8481, 4.63605], [7.85031, 4.64346], [7.85018, 4.64706], [7.86361, 4.65458], [7.86501, 4.65915], [7.86832, 4.65943], [7.87331, 4.65529], [7.87848, 4.65596], [7.88113, 4.65026], [7.88511, 4.64293], [7.89325, 4.62792], [7.8801, 4.63322], [7.87215, 4.63139], [7.86071, 4.62909]]]}, "properties": {"name": "Ikot Akpan / Awa 3", "lga": "Onna", "state": "ak"}}, {"type": "Feature", "geometry": {"type": "Polygon", "coordinates": [[[7.85376, 4.58638], [7.88307, 4.58333], [7.89513, 4.58809], [7.89958, 4.57349], [7.902, 4.56475], [7.84677, 4.56635], [7.84305, 4.57416], [7.84686, 4.57797], [7.84948, 4.58201], [7.85376, 4.58638]]]}, "properties": {"name": "Ikwe / Oniong east 3", "lga": "Onna", "state": "ak"}}, {"type": "Feature", "geometry": {"type": "Polygon", "coordinates": [[[7.89325, 4.62792], [7.89365, 4.61126], [7.89007, 4.60847], [7.88063, 4.60768], [7.87924, 4.60952], [7.88085, 4.61433], [7.8795, 4.61456], [7.87638, 4.61596], [7.87476, 4.61642], [7.85568, 4.61807], [7.85361, 4.61944], [7.85226, 4.61967], [7.84919, 4.61946], [7.84379, 4.61877], [7.84769, 4.63173], [7.86071, 4.62909], [7.87215, 4.63139], [7.8801, 4.63322], [7.89325, 4.62792]]]}, "properties": {"name": "Ikot Anang / Oniong east 2", "lga": "Onna", "state": "ak"}}, {"type": "Feature", "geometry": {"type": "Polygon", "coordinates": [[[7.87871, 4.67992], [7.87598, 4.67645], [7.87261, 4.67902], [7.85188, 4.69615], [7.85341, 4.70046], [7.85361, 4.70334], [7.8595, 4.7087], [7.86753, 4.71533], [7.87461, 4.72087], [7.8911, 4.72276], [7.89229, 4.71364], [7.89102, 4.70889], [7.88672, 4.70237], [7.87871, 4.67992]]]}, "properties": {"name": "Atiamkpat / Awa 4", "lga": "Onna", "state": "ak"}}, {"type": "Feature", "geometry": {"type": "Polygon", "coordinates": [[[7.86981, 4.61677], [7.88085, 4.61433], [7.87924, 4.60952], [7.88063, 4.60768], [7.89007, 4.60847], [7.89365, 4.61126], [7.89513, 4.58809], [7.88307, 4.58333], [7.85376, 4.58638], [7.85128, 4.6077], [7.84796, 4.61162], [7.84379, 4.61877], [7.84919, 4.61946], [7.85226, 4.61967], [7.85361, 4.61944], [7.85568, 4.61807], [7.86981, 4.61677]]]}, "properties": {"name": "Abat / Oniong East 1", "lga": "Onna", "state": "ak"}}, {"type": "Feature", "geometry": {"type": "Polygon", "coordinates": [[[7.80673, 4.60233], [7.85262, 4.59989], [7.85357, 4.58999], [7.85395, 4.58885], [7.85376, 4.58638], [7.84948, 4.58201], [7.84686, 4.57797], [7.84305, 4.57416], [7.84677, 4.56635], [7.8217, 4.57268], [7.80423, 4.57118], [7.80942, 4.57796], [7.80673, 4.60233]]]}, "properties": {"name": "Ikot Idem Udo / Oniong west 2", "lga": "Onna", "state": "ak"}}, {"type": "Feature", "geometry": {"type": "Polygon", "coordinates": [[[7.84209, 4.61914], [7.84379, 4.61877], [7.84796, 4.61162], [7.85128, 4.6077], [7.85185, 4.60313], [7.85262, 4.59989], [7.80673, 4.60233], [7.8048, 4.61614], [7.81173, 4.61776], [7.81549, 4.6154], [7.81609, 4.61368], [7.81625, 4.61249], [7.82176, 4.61369], [7.8233, 4.61421], [7.8266, 4.6157], [7.82865, 4.61686], [7.83084, 4.61837], [7.83199, 4.62585], [7.84209, 4.61914]]]}, "properties": {"name": "Ukpana / Oniong west 1", "lga": "Onna", "state": "ak"}}, {"type": "Feature", "geometry": {"type": "Polygon", "coordinates": [[[7.76132, 5.09642], [7.75912, 5.09872], [7.75362, 5.10699], [7.74771, 5.11139], [7.7448, 5.11156], [7.74383, 5.11125], [7.74045, 5.12095], [7.73853, 5.12229], [7.74967, 5.13774], [7.75148, 5.13923], [7.75461, 5.14179], [7.75492, 5.1365], [7.75858, 5.13459], [7.76526, 5.13402], [7.76963, 5.13302], [7.77561, 5.13223], [7.77882, 5.13079], [7.78222, 5.12706], [7.78447, 5.12153], [7.78486, 5.11917], [7.7845, 5.11134], [7.78477, 5.09999], [7.78763, 5.09055], [7.7778, 5.09625], [7.77547, 5.09544], [7.77219, 5.09544], [7.76132, 5.09642]]]}, "properties": {"name": "Ikpe Annang", "lga": "Essien Udim", "state": "ak"}}, {"type": "Feature", "geometry": {"type": "Polygon", "coordinates": [[[7.82493, 4.84361], [7.81721, 4.84268], [7.81473, 4.8482], [7.80786, 4.85785], [7.80744, 4.8623], [7.80523, 4.86919], [7.80661, 4.87541], [7.81712, 4.87733], [7.82032, 4.8797], [7.83021, 4.87914], [7.83415, 4.87337], [7.83096, 4.86421], [7.82609, 4.85882], [7.82119, 4.85174], [7.82493, 4.84361]]]}, "properties": {"name": "Urban 5 / Etinan Urban 5", "lga": "Etinan", "state": "ak"}}, {"type": "Feature", "geometry": {"type": "Polygon", "coordinates": [[[7.73273, 5.26969], [7.73456, 5.28046], [7.74407, 5.28974], [7.7463, 5.28846], [7.74886, 5.28634], [7.75112, 5.28499], [7.75459, 5.28408], [7.75836, 5.28348], [7.7591, 5.28036], [7.75815, 5.27598], [7.75624, 5.27046], [7.75377, 5.26666], [7.74949, 5.25847], [7.75667, 5.24969], [7.75418, 5.24016], [7.73172, 5.26205], [7.73273, 5.26969]]]}, "properties": {"name": "Nung Ukim / Ikono Middle 1", "lga": "Ikono", "state": "ak"}}, {"type": "Feature", "geometry": {"type": "Polygon", "coordinates": [[[7.77137, 5.22294], [7.76761, 5.22608], [7.76009, 5.23762], [7.76543, 5.2509], [7.77226, 5.25977], [7.78381, 5.24918], [7.78944, 5.23027], [7.79172, 5.22763], [7.79214, 5.2256], [7.78873, 5.21784], [7.77137, 5.22294]]]}, "properties": {"name": "Ukpom / Ikono South", "lga": "Ikono", "state": "ak"}}, {"type": "Feature", "geometry": {"type": "Polygon", "coordinates": [[[7.72821, 5.29467], [7.72635, 5.29775], [7.7456, 5.29604], [7.76966, 5.28846], [7.76951, 5.28668], [7.76455, 5.28464], [7.75836, 5.28348], [7.75459, 5.28408], [7.75112, 5.28499], [7.74886, 5.28634], [7.7463, 5.28846], [7.74407, 5.28974], [7.74265, 5.28831], [7.74146, 5.28664], [7.73308, 5.29032], [7.72821, 5.29467]]]}, "properties": {"name": "Ibiaku / Ikono Middle 3", "lga": "Ikono", "state": "ak"}}, {"type": "Feature", "geometry": {"type": "Polygon", "coordinates": [[[7.92185, 4.72486], [7.918, 4.73385], [7.92278, 4.74072], [7.92912, 4.75246], [7.93271, 4.75894], [7.93303, 4.76083], [7.93254, 4.76268], [7.93202, 4.7648], [7.9356, 4.76671], [7.94001, 4.76627], [7.94959, 4.76359], [7.95526, 4.75357], [7.95787, 4.75268], [7.95226, 4.74233], [7.95198, 4.74082], [7.95236, 4.7373], [7.95161, 4.72871], [7.93417, 4.72313], [7.92479, 4.72448], [7.92185, 4.72486]]]}, "properties": {"name": "Obiakpan Obiotim 2", "lga": "Nsit Ubium", "state": "ak"}}, {"type": "Feature", "geometry": {"type": "Polygon", "coordinates": [[[7.7591, 5.28036], [7.75836, 5.28348], [7.76455, 5.28464], [7.76951, 5.28668], [7.76966, 5.28846], [7.77894, 5.28578], [7.77626, 5.26861], [7.77103, 5.2673], [7.77226, 5.25977], [7.76543, 5.2509], [7.76009, 5.23762], [7.75418, 5.24016], [7.75667, 5.24969], [7.74949, 5.25847], [7.75377, 5.26666], [7.75624, 5.27046], [7.75815, 5.27598], [7.7591, 5.28036]]]}, "properties": {"name": "Mbiabong / Ikono Middle 4", "lga": "Ikono", "state": "ak"}}, {"type": "Feature", "geometry": {"type": "Polygon", "coordinates": [[[7.72231, 5.27642], [7.72195, 5.2772], [7.7199, 5.28517], [7.7208, 5.2969], [7.72635, 5.29775], [7.72821, 5.29467], [7.73308, 5.29032], [7.74146, 5.28664], [7.73813, 5.28379], [7.73456, 5.28046], [7.73273, 5.26969], [7.73172, 5.26205], [7.72231, 5.27642]]]}, "properties": {"name": "Asangting / Ikono Middle 2", "lga": "Ikono", "state": "ak"}}, {"type": "Feature", "geometry": {"type": "Polygon", "coordinates": [[[7.75996, 5.20196], [7.76361, 5.20134], [7.76589, 5.19895], [7.7666, 5.19082], [7.77018, 5.19049], [7.77109, 5.16583], [7.76994, 5.16223], [7.76763, 5.16057], [7.76401, 5.15976], [7.76219, 5.158], [7.76064, 5.1562], [7.75894, 5.15799], [7.7542, 5.15947], [7.75303, 5.16395], [7.74972, 5.16425], [7.74571, 5.16354], [7.73981, 5.1599], [7.73266, 5.16378], [7.72811, 5.17375], [7.73009, 5.17834], [7.73115, 5.17818], [7.73231, 5.17822], [7.73434, 5.17865], [7.73692, 5.18387], [7.73961, 5.18674], [7.74815, 5.19547], [7.74614, 5.19885], [7.74541, 5.20072], [7.74603, 5.20581], [7.75996, 5.20196]]]}, "properties": {"name": "Uruk Uso / Ikot Ekpene 2", "lga": "Ikot Ekpene", "state": "ak"}}, {"type": "Feature", "geometry": {"type": "Polygon", "coordinates": [[[7.69905, 5.20661], [7.69762, 5.20539], [7.69396, 5.21226], [7.69008, 5.21357], [7.68745, 5.21092], [7.68664, 5.21019], [7.68465, 5.20903], [7.68106, 5.21323], [7.67736, 5.21616], [7.67644, 5.2172], [7.66351, 5.22115], [7.6471, 5.22957], [7.65519, 5.24754], [7.67103, 5.25104], [7.67454, 5.2521], [7.68647, 5.25418], [7.69521, 5.25276], [7.69746, 5.24982], [7.69911, 5.24335], [7.6988, 5.241], [7.6986, 5.236], [7.70366, 5.2338], [7.71412, 5.22829], [7.69905, 5.20661]]]}, "properties": {"name": "Mbiaso / Ikot Ekpene 10", "lga": "Ikot Ekpene", "state": "ak"}}, {"type": "Feature", "geometry": {"type": "Polygon", "coordinates": [[[7.70121, 5.19456], [7.69845, 5.19145], [7.69691, 5.1905], [7.69325, 5.19147], [7.68984, 5.19181], [7.68615, 5.19176], [7.68344, 5.19346], [7.68313, 5.19785], [7.67797, 5.19994], [7.66132, 5.19527], [7.6518, 5.19729], [7.64849, 5.19805], [7.65122, 5.20611], [7.64969, 5.21821], [7.64904, 5.22318], [7.6471, 5.22957], [7.66351, 5.22115], [7.67644, 5.2172], [7.67736, 5.21616], [7.68106, 5.21323], [7.68465, 5.20903], [7.68664, 5.21019], [7.68745, 5.21092], [7.69008, 5.21357], [7.69396, 5.21226], [7.70282, 5.196], [7.70147, 5.19652], [7.70149, 5.19602], [7.70176, 5.1952], [7.70121, 5.19456]]]}, "properties": {"name": "Ikot Oto / Ikot Ekpene 9", "lga": "Ikot Ekpene", "state": "ak"}}, {"type": "Feature", "geometry": {"type": "Polygon", "coordinates": [[[7.68633, 5.17026], [7.69562, 5.16886], [7.70037, 5.1636], [7.69872, 5.16083], [7.69749, 5.15764], [7.69766, 5.15267], [7.69705, 5.14714], [7.6932, 5.15059], [7.68521, 5.15362], [7.68147, 5.15551], [7.67803, 5.15538], [7.67353, 5.15344], [7.66692, 5.14619], [7.6584, 5.14836], [7.65784, 5.15241], [7.6572, 5.15545], [7.65733, 5.16338], [7.65141, 5.1755], [7.65249, 5.17722], [7.65155, 5.18062], [7.64835, 5.19062], [7.64724, 5.19668], [7.64849, 5.19805], [7.6518, 5.19729], [7.66132, 5.19527], [7.67797, 5.19994], [7.68313, 5.19785], [7.68344, 5.19346], [7.68615, 5.19176], [7.68984, 5.19181], [7.69325, 5.19147], [7.69362, 5.19026], [7.68829, 5.18669], [7.6915, 5.17956], [7.68447, 5.1741], [7.68633, 5.17026]]]}, "properties": {"name": "Ikot Ubo / Ikot Ekpene 8", "lga": "Ikot Ekpene", "state": "ak"}}, {"type": "Feature", "geometry": {"type": "Polygon", "coordinates": [[[7.71171, 5.19789], [7.71044, 5.19522], [7.71031, 5.19389], [7.70817, 5.19458], [7.70546, 5.1954], [7.70282, 5.196], [7.69966, 5.20131], [7.69795, 5.20441], [7.69762, 5.20539], [7.69905, 5.20661], [7.70052, 5.20796], [7.71412, 5.22829], [7.72168, 5.22642], [7.72441, 5.22712], [7.72857, 5.22744], [7.73015, 5.22583], [7.7352, 5.22846], [7.73746, 5.22707], [7.73662, 5.22319], [7.73741, 5.20976], [7.72183, 5.19877], [7.71449, 5.20188], [7.71367, 5.2018], [7.71335, 5.20102], [7.71171, 5.19789]]]}, "properties": {"name": "Ikot Abia Idem / Ikot Ekpene 7", "lga": "Ikot Ekpene", "state": "ak"}}, {"type": "Feature", "geometry": {"type": "Polygon", "coordinates": [[[7.8523, 5.25309], [7.85294, 5.25563], [7.86169, 5.25545], [7.86485, 5.2548], [7.86995, 5.24771], [7.873, 5.2479], [7.87477, 5.25168], [7.87623, 5.25485], [7.88045, 5.25615], [7.88346, 5.25531], [7.88516, 5.24819], [7.88515, 5.24619], [7.87585, 5.231], [7.87199, 5.2282], [7.87153, 5.22222], [7.86771, 5.2179], [7.86758, 5.21376], [7.87427, 5.20732], [7.87938, 5.20954], [7.88772, 5.21025], [7.89238, 5.21124], [7.89601, 5.21459], [7.90776, 5.21443], [7.90954, 5.20385], [7.92825, 5.19751], [7.92016, 5.18954], [7.91993, 5.18899], [7.9223, 5.18339], [7.91782, 5.17981], [7.91605, 5.18117], [7.90915, 5.18478], [7.90453, 5.18513], [7.90207, 5.18258], [7.89246, 5.18301], [7.88808, 5.18726], [7.88575, 5.19052], [7.87968, 5.19544], [7.87594, 5.19681], [7.87145, 5.20029], [7.86353, 5.20025], [7.8563, 5.20693], [7.85391, 5.21113], [7.84382, 5.22596], [7.84187, 5.22601], [7.83829, 5.2304], [7.84403, 5.24727], [7.8523, 5.25309]]]}, "properties": {"name": "Ikpanya", "lga": "Ibiono Ibom", "state": "ak"}}, {"type": "Feature", "geometry": {"type": "Polygon", "coordinates": [[[7.68353, 4.704], [7.68862, 4.70236], [7.69176, 4.7028], [7.70345, 4.71353], [7.70923, 4.71097], [7.71173, 4.6922], [7.70991, 4.69073], [7.709, 4.68638], [7.70743, 4.68406], [7.70344, 4.66879], [7.69929, 4.66953], [7.69341, 4.66605], [7.68718, 4.65773], [7.68179, 4.65637], [7.6744, 4.65558], [7.67135, 4.65921], [7.65491, 4.65944], [7.65252, 4.66532], [7.65719, 4.68613], [7.66919, 4.68623], [7.67296, 4.695], [7.68353, 4.704]]]}, "properties": {"name": "Ikpa N Ass 2", "lga": "Ikot Abasi", "state": "ak"}}, {"type": "Feature", "geometry": {"type": "Polygon", "coordinates": [[[7.57301, 4.98219], [7.57567, 4.9921], [7.58779, 4.99877], [7.58854, 4.99849], [7.5923, 4.99333], [7.62136, 4.99032], [7.62156, 4.98946], [7.62659, 4.98136], [7.62635, 4.97514], [7.62673, 4.97227], [7.63689, 4.95976], [7.63289, 4.95176], [7.62262, 4.94906], [7.6163, 4.9499], [7.60741, 4.94718], [7.60376, 4.94671], [7.59886, 4.94612], [7.59535, 4.93945], [7.58351, 4.94055], [7.58406, 4.95211], [7.59349, 4.95645], [7.58124, 4.96413], [7.57939, 4.96149], [7.57092, 4.96002], [7.5691, 4.96104], [7.56501, 4.96611], [7.56316, 4.97438], [7.56313, 4.9745], [7.57301, 4.98219]]]}, "properties": {"name": "Ward 4", "lga": "Etim Ekpo", "state": "ak"}}, {"type": "Feature", "geometry": {"type": "Polygon", "coordinates": [[[7.70452, 4.746], [7.71051, 4.73838], [7.70606, 4.73185], [7.70074, 4.72284], [7.70345, 4.71353], [7.69176, 4.7028], [7.68862, 4.70236], [7.68353, 4.704], [7.67296, 4.695], [7.66211, 4.70769], [7.65494, 4.70955], [7.64989, 4.72403], [7.64696, 4.72884], [7.64633, 4.7366], [7.64513, 4.73917], [7.64877, 4.7511], [7.65267, 4.7446], [7.65475, 4.74103], [7.6607, 4.73806], [7.66933, 4.73121], [7.67438, 4.72675], [7.68152, 4.72232], [7.68724, 4.73211], [7.69527, 4.74326], [7.70452, 4.746]]]}, "properties": {"name": "Abak Midim 1", "lga": "Oruk Anam", "state": "ak"}}, {"type": "Feature", "geometry": {"type": "Polygon", "coordinates": [[[7.7032, 5.45927], [7.70471, 5.47948], [7.70468, 5.48294], [7.70407, 5.4864], [7.70232, 5.48985], [7.69999, 5.4933], [7.6913, 5.50188], [7.69012, 5.50591], [7.69403, 5.51633], [7.69594, 5.51828], [7.70194, 5.51755], [7.70491, 5.51757], [7.70777, 5.51875], [7.71063, 5.51935], [7.71123, 5.51647], [7.71069, 5.51243], [7.71357, 5.51187], [7.72957, 5.5172], [7.74276, 5.5173], [7.73944, 5.51343], [7.73877, 5.4539], [7.75047, 5.39635], [7.73943, 5.38145], [7.72841, 5.37282], [7.71035, 5.37834], [7.678, 5.3702], [7.69989, 5.42303], [7.69418, 5.42398], [7.68704, 5.42684], [7.68086, 5.42826], [7.66563, 5.42922], [7.65992, 5.43112], [7.64444, 5.435], [7.65689, 5.44562], [7.6581, 5.44625], [7.66031, 5.44738], [7.66318, 5.4474], [7.66776, 5.44744], [7.67816, 5.44002], [7.69137, 5.43724], [7.70003, 5.43154], [7.6999, 5.44482], [7.7032, 5.45927]]]}, "properties": {"name": "Iwerre", "lga": "Ini", "state": "ak"}}, {"type": "Feature", "geometry": {"type": "Polygon", "coordinates": [[[7.88703, 4.91646], [7.88328, 4.92298], [7.88084, 4.92551], [7.86701, 4.93094], [7.87636, 4.94589], [7.88313, 4.94453], [7.88546, 4.94208], [7.90533, 4.95491], [7.90584, 4.95504], [7.90759, 4.95397], [7.90611, 4.94254], [7.9162, 4.93859], [7.91338, 4.92665], [7.90921, 4.92525], [7.90809, 4.91379], [7.91395, 4.9032], [7.91414, 4.90152], [7.90118, 4.89842], [7.89246, 4.90274], [7.88788, 4.89571], [7.88809, 4.89041], [7.88137, 4.88676], [7.87524, 4.89069], [7.87193, 4.89284], [7.87106, 4.89461], [7.87407, 4.90574], [7.8857, 4.91142], [7.88703, 4.91646]]]}, "properties": {"name": "Asang 3", "lga": "Nsit Ibom", "state": "ak"}}, {"type": "Feature", "geometry": {"type": "Polygon", "coordinates": [[[7.64687, 4.6228], [7.64765, 4.6322], [7.64859, 4.63589], [7.64957, 4.65035], [7.65357, 4.65766], [7.65491, 4.65944], [7.67135, 4.65921], [7.6744, 4.65558], [7.68179, 4.65637], [7.68718, 4.65773], [7.69341, 4.66605], [7.69929, 4.66953], [7.70344, 4.66879], [7.70783, 4.66308], [7.70707, 4.66193], [7.70139, 4.6517], [7.70106, 4.64818], [7.70231, 4.64126], [7.70325, 4.64037], [7.70191, 4.62879], [7.68387, 4.63521], [7.68267, 4.63379], [7.67752, 4.63355], [7.67031, 4.62756], [7.67026, 4.62278], [7.66434, 4.62297], [7.65903, 4.61924], [7.65064, 4.61879], [7.64841, 4.61742], [7.64687, 4.6228]]]}, "properties": {"name": "Ikpa N Ass 1", "lga": "Ikot Abasi", "state": "ak"}}, {"type": "Feature", "geometry": {"type": "Polygon", "coordinates": [[[7.57199, 4.74746], [7.58036, 4.74311], [7.58638, 4.74878], [7.59559, 4.75733], [7.59902, 4.76591], [7.61065, 4.77042], [7.61408, 4.77949], [7.61962, 4.78565], [7.6203, 4.79276], [7.62598, 4.79918], [7.62965, 4.80597], [7.62995, 4.8071], [7.63028, 4.80754], [7.65771, 4.80028], [7.65176, 4.79392], [7.64679, 4.78835], [7.64368, 4.78639], [7.64043, 4.78334], [7.63647, 4.78004], [7.63583, 4.77251], [7.63288, 4.76983], [7.62482, 4.76894], [7.62167, 4.76526], [7.61413, 4.76823], [7.61642, 4.74109], [7.61474, 4.74008], [7.61241, 4.73508], [7.60802, 4.73246], [7.5997, 4.73336], [7.58042, 4.72081], [7.58107, 4.71853], [7.57407, 4.70713], [7.56871, 4.70798], [7.56618, 4.70294], [7.54358, 4.71329], [7.53733, 4.71615], [7.54226, 4.73012], [7.54124, 4.73247], [7.53394, 4.75336], [7.53399, 4.75633], [7.56995, 4.75658], [7.57199, 4.74746]]]}, "properties": {"name": "Ibesit Nung Ikot 2", "lga": "Oruk Anam", "state": "ak"}}, {"type": "Feature", "geometry": {"type": "Polygon", "coordinates": [[[8.30903, 4.66819], [8.30875, 4.66042], [8.31208, 4.65458], [8.31792, 4.65014], [8.32236, 4.64903], [8.32736, 4.64347], [8.3268, 4.63985], [8.32403, 4.63764], [8.31737, 4.62681], [8.31764, 4.61403], [8.31708, 4.61375], [8.31486, 4.61375], [8.30638, 4.61053], [8.30413, 4.61136], [8.30368, 4.61281], [8.30415, 4.61688], [8.30296, 4.61844], [8.30074, 4.61885], [8.29952, 4.61788], [8.29921, 4.61549], [8.29839, 4.61447], [8.29693, 4.6143], [8.29429, 4.61525], [8.29364, 4.61522], [8.29324, 4.61411], [8.29318, 4.61179], [8.28881, 4.61317], [8.28869, 4.62979], [8.28794, 4.63295], [8.28685, 4.63886], [8.28671, 4.63947], [8.28458, 4.63948], [8.28347, 4.63835], [8.2816, 4.63856], [8.27969, 4.641], [8.28033, 4.64282], [8.28118, 4.64414], [8.27956, 4.65502], [8.27864, 4.65624], [8.27481, 4.65644], [8.27383, 4.65766], [8.2739, 4.6607], [8.28017, 4.66276], [8.2823, 4.6624], [8.28437, 4.65768], [8.28663, 4.65798], [8.28913, 4.66021], [8.28896, 4.66259], [8.28612, 4.66356], [8.28369, 4.66468], [8.28402, 4.66802], [8.28586, 4.66931], [8.29196, 4.66992], [8.29528, 4.67309], [8.2988, 4.6767], [8.30958, 4.6718], [8.3093, 4.66958], [8.30903, 4.66819]]]}, "properties": {"name": "Ibaka", "lga": "Mbo", "state": "ak"}}, {"type": "Feature", "geometry": {"type": "Polygon", "coordinates": [[[8.21606, 4.68636], [8.20983, 4.68609], [8.21016, 4.68661], [8.2114, 4.69166], [8.2133, 4.69485], [8.21403, 4.69784], [8.21362, 4.70038], [8.20834, 4.70254], [8.20328, 4.70332], [8.20169, 4.70496], [8.20588, 4.70742], [8.21677, 4.71], [8.21897, 4.71093], [8.22258, 4.71244], [8.22457, 4.71496], [8.22564, 4.71631], [8.2317, 4.72035], [8.24049, 4.72204], [8.24531, 4.72012], [8.24741, 4.70008], [8.24471, 4.69722], [8.2432, 4.69601], [8.22948, 4.68742], [8.2245, 4.68696], [8.22149, 4.68636], [8.21606, 4.68636]]]}, "properties": {"name": "Udesi", "lga": "Mbo", "state": "ak"}}, {"type": "Feature", "geometry": {"type": "Polygon", "coordinates": [[[7.79647, 5.08118], [7.7937, 5.07952], [7.78763, 5.09055], [7.78477, 5.09999], [7.7845, 5.11134], [7.78486, 5.11917], [7.78447, 5.12153], [7.78222, 5.12706], [7.77882, 5.13079], [7.77561, 5.13223], [7.76963, 5.13302], [7.76526, 5.13402], [7.75858, 5.13459], [7.75492, 5.1365], [7.75461, 5.14179], [7.75717, 5.14163], [7.76064, 5.1562], [7.76219, 5.158], [7.76401, 5.15976], [7.76763, 5.16057], [7.76994, 5.16223], [7.77109, 5.16583], [7.77868, 5.16377], [7.7836, 5.15827], [7.78968, 5.15378], [7.79247, 5.15079], [7.79861, 5.14217], [7.79764, 5.13495], [7.79944, 5.13054], [7.79817, 5.12893], [7.8147, 5.12114], [7.81333, 5.11732], [7.81111, 5.11112], [7.81145, 5.10959], [7.81536, 5.10785], [7.81688, 5.10655], [7.8102, 5.08818], [7.80916, 5.0861], [7.80782, 5.08399], [7.80504, 5.08357], [7.79833, 5.08184], [7.79647, 5.08118]]]}, "properties": {"name": "Ndiya / Ikot Idaha / Ikot Idaha", "lga": "Ikono", "state": "ak"}}, {"type": "Feature", "geometry": {"type": "Polygon", "coordinates": [[[7.92923, 4.80336], [7.94049, 4.8004], [7.94375, 4.80219], [7.9543, 4.7782], [7.95544, 4.77667], [7.96115, 4.77073], [7.95375, 4.76848], [7.94959, 4.76359], [7.94001, 4.76627], [7.9356, 4.76671], [7.93202, 4.7648], [7.92698, 4.76788], [7.92014, 4.77056], [7.9139, 4.77472], [7.91074, 4.77719], [7.90349, 4.77859], [7.87273, 4.77597], [7.87096, 4.78038], [7.86854, 4.78789], [7.86833, 4.79201], [7.87187, 4.79396], [7.87906, 4.79637], [7.88486, 4.79858], [7.88943, 4.7992], [7.89388, 4.79981], [7.90129, 4.80129], [7.91005, 4.80124], [7.9135, 4.80086], [7.92923, 4.80336]]]}, "properties": {"name": "Ndiya", "lga": "Nsit Ubium", "state": "ak"}}, {"type": "Feature", "geometry": {"type": "Polygon", "coordinates": [[[7.68724, 4.73211], [7.68152, 4.72232], [7.67438, 4.72675], [7.66933, 4.73121], [7.6607, 4.73806], [7.65475, 4.74103], [7.65267, 4.7446], [7.65594, 4.74757], [7.66041, 4.74995], [7.66933, 4.75568], [7.6726, 4.75709], [7.67647, 4.75798], [7.68004, 4.76066], [7.68509, 4.76304], [7.68896, 4.76542], [7.69193, 4.7681], [7.69788, 4.77404], [7.70086, 4.78029], [7.70324, 4.78445], [7.70621, 4.7907], [7.70829, 4.79671], [7.70978, 4.80414], [7.71246, 4.80861], [7.71513, 4.81426], [7.71543, 4.82021], [7.71722, 4.82645], [7.7184, 4.83329], [7.72078, 4.83954], [7.73447, 4.86333], [7.73923, 4.86988], [7.74726, 4.87297], [7.75231, 4.87624], [7.76242, 4.881], [7.76897, 4.88755], [7.77194, 4.89141], [7.77829, 4.89877], [7.78248, 4.90077], [7.78508, 4.89036], [7.79049, 4.88153], [7.78668, 4.87542], [7.78398, 4.86549], [7.77785, 4.85707], [7.7715, 4.84935], [7.7644, 4.83864], [7.75477, 4.8282], [7.74413, 4.81179], [7.73665, 4.8057], [7.72961, 4.79844], [7.72606, 4.79274], [7.72158, 4.7866], [7.7149, 4.77311], [7.70587, 4.75714], [7.69527, 4.74326], [7.68724, 4.73211]]]}, "properties": {"name": "Ekparakwa", "lga": "Oruk Anam", "state": "ak"}}, {"type": "Feature", "geometry": {"type": "Polygon", "coordinates": [[[7.88862, 5.26133], [7.892, 5.25811], [7.90234, 5.2383], [7.90753, 5.23365], [7.91368, 5.23081], [7.91439, 5.22244], [7.90776, 5.21443], [7.89601, 5.21459], [7.89238, 5.21124], [7.88772, 5.21025], [7.87938, 5.20954], [7.87427, 5.20732], [7.86758, 5.21376], [7.86771, 5.2179], [7.87153, 5.22222], [7.87199, 5.2282], [7.87585, 5.231], [7.88515, 5.24619], [7.88516, 5.24819], [7.88346, 5.25531], [7.88862, 5.26133]]]}, "properties": {"name": "Ikot Edung", "lga": "Ibiono Ibom", "state": "ak"}}, {"type": "Feature", "geometry": {"type": "Polygon", "coordinates": [[[7.63682, 5.13745], [7.65461, 5.1376], [7.65792, 5.13821], [7.66502, 5.14079], [7.67068, 5.14051], [7.67217, 5.14043], [7.67744, 5.13827], [7.67611, 5.10255], [7.63208, 5.10227], [7.62541, 5.10323], [7.60947, 5.10608], [7.60281, 5.10679], [7.59448, 5.10679], [7.6042, 5.12238], [7.61649, 5.14979], [7.62536, 5.14258], [7.62928, 5.14092], [7.63109, 5.13986], [7.63682, 5.13745]]]}, "properties": {"name": "Afaha", "lga": "Essien Udim", "state": "ak"}}, {"type": "Feature", "geometry": {"type": "Polygon", "coordinates": [[[8.09127, 4.67247], [8.10372, 4.67447], [8.10149, 4.67075], [8.09927, 4.6669], [8.09664, 4.66427], [8.09686, 4.66289], [8.09677, 4.66224], [8.08739, 4.64609], [8.08578, 4.64626], [8.08366, 4.64551], [8.08069, 4.6445], [8.0779, 4.64209], [8.07503, 4.64318], [8.07427, 4.64391], [8.07363, 4.64449], [8.07342, 4.64511], [8.07517, 4.64832], [8.0753, 4.6493], [8.07503, 4.65014], [8.07714, 4.65147], [8.07905, 4.65503], [8.07634, 4.66786], [8.07786, 4.67576], [8.08309, 4.67471], [8.09127, 4.67247]]]}, "properties": {"name": "Akpautong", "lga": "Esit Eket", "state": "ak"}}, {"type": "Feature", "geometry": {"type": "Polygon", "coordinates": [[[7.81636, 5.2979], [7.81327, 5.29289], [7.80927, 5.29311], [7.80698, 5.28928], [7.80544, 5.28948], [7.79694, 5.29593], [7.78547, 5.31363], [7.80943, 5.31748], [7.82694, 5.31764], [7.81636, 5.2979]]]}, "properties": {"name": "Usuk Ukwop / Usuk  Ukwok", "lga": "Ini", "state": "ak"}}, {"type": "Feature", "geometry": {"type": "Polygon", "coordinates": [[[7.77568, 5.32138], [7.7765, 5.31563], [7.7703, 5.31735], [7.76269, 5.3177], [7.75692, 5.31734], [7.75137, 5.31628], [7.7525, 5.32114], [7.7525, 5.32709], [7.75451, 5.34489], [7.75808, 5.34208], [7.76212, 5.33756], [7.77473, 5.32947], [7.77592, 5.32733], [7.77568, 5.324], [7.77568, 5.32138]]]}, "properties": {"name": "Odoro Ukwok", "lga": "Ini", "state": "ak"}}, {"type": "Feature", "geometry": {"type": "Polygon", "coordinates": [[[7.8836, 4.86319], [7.88619, 4.86764], [7.8905, 4.87122], [7.89292, 4.87278], [7.8974, 4.87782], [7.8998, 4.8787], [7.90445, 4.88132], [7.90905, 4.88209], [7.9122, 4.88292], [7.91625, 4.89096], [7.93018, 4.875], [7.92864, 4.87531], [7.92955, 4.87143], [7.92824, 4.87082], [7.92747, 4.86054], [7.92565, 4.85859], [7.91559, 4.85491], [7.90963, 4.86206], [7.9067, 4.86151], [7.90202, 4.86319], [7.89925, 4.86238], [7.89559, 4.85886], [7.89379, 4.85426], [7.89056, 4.85162], [7.8882, 4.85107], [7.88463, 4.86217], [7.8836, 4.86319]]]}, "properties": {"name": "Mbiaso 1", "lga": "Nsit Ibom", "state": "ak"}}, {"type": "Feature", "geometry": {"type": "Polygon", "coordinates": [[[7.86515, 4.81011], [7.87541, 4.8288], [7.87422, 4.83219], [7.88684, 4.84339], [7.8873, 4.84382], [7.89643, 4.83361], [7.89557, 4.83035], [7.90538, 4.81294], [7.8937, 4.80598], [7.89194, 4.80357], [7.88661, 4.80095], [7.88457, 4.8], [7.87529, 4.79802], [7.86695, 4.80707], [7.86515, 4.81011]]]}, "properties": {"name": "Mbiaso 5", "lga": "Nsit Ibom", "state": "ak"}}, {"type": "Feature", "geometry": {"type": "Polygon", "coordinates": [[[7.99909, 4.9634], [8.00102, 4.9655], [8.0046, 4.96741], [8.01218, 4.97057], [8.01312, 4.97686], [8.02441, 4.98156], [8.02448, 4.98198], [8.02582, 4.98168], [8.02919, 4.98112], [8.03143, 4.98088], [8.04432, 4.97748], [8.04369, 4.97263], [8.05048, 4.96518], [8.04173, 4.95823], [8.04367, 4.95781], [8.04711, 4.95791], [8.05039, 4.95574], [8.05272, 4.95524], [8.05575, 4.95388], [8.0607, 4.94927], [8.05929, 4.94658], [8.05609, 4.94415], [8.05091, 4.94058], [8.0473, 4.93907], [8.03816, 4.93828], [8.02697, 4.93313], [8.02381, 4.92861], [8.02561, 4.92507], [8.02774, 4.91644], [8.02772, 4.9143], [8.02743, 4.9107], [8.02224, 4.91216], [8.02072, 4.9119], [8.01991, 4.91143], [8.01825, 4.9109], [8.01298, 4.9147], [8.01411, 4.91707], [8.01665, 4.91812], [8.01668, 4.92106], [8.01558, 4.92222], [8.00593, 4.92259], [8.00472, 4.92306], [8.00396, 4.92457], [8.00778, 4.9343], [7.99423, 4.94218], [7.9938, 4.94233], [7.99117, 4.95149], [7.99187, 4.95282], [7.99383, 4.95955], [7.99909, 4.9634]]]}, "properties": {"name": "Southern Uruan 1", "lga": "Uruan", "state": "ak"}}, {"type": "Feature", "geometry": {"type": "Polygon", "coordinates": [[[7.86361, 4.65458], [7.85018, 4.64706], [7.84428, 4.64993], [7.84073, 4.65053], [7.84008, 4.65204], [7.83725, 4.65164], [7.83628, 4.65011], [7.83096, 4.64966], [7.82807, 4.65231], [7.82596, 4.65666], [7.82354, 4.66067], [7.82108, 4.66327], [7.81677, 4.66641], [7.81497, 4.66901], [7.8248, 4.68588], [7.83584, 4.70038], [7.85188, 4.69615], [7.87261, 4.67902], [7.87598, 4.67645], [7.87848, 4.65596], [7.87331, 4.65529], [7.86832, 4.65943], [7.86501, 4.65915], [7.86361, 4.65458]]]}, "properties": {"name": "Awa 1", "lga": "Onna", "state": "ak"}}, {"type": "Feature", "geometry": {"type": "Polygon", "coordinates": [[[7.61991, 5.31808], [7.61752, 5.30925], [7.6202, 5.29719], [7.61637, 5.29047], [7.61628, 5.28474], [7.61632, 5.28172], [7.61756, 5.27696], [7.62251, 5.27263], [7.6189, 5.26246], [7.61329, 5.26041], [7.61268, 5.26384], [7.60704, 5.27212], [7.5982, 5.27715], [7.59494, 5.2809], [7.58393, 5.28631], [7.57976, 5.29395], [7.56821, 5.30192], [7.5622, 5.31219], [7.56245, 5.31269], [7.56469, 5.3179], [7.56638, 5.3208], [7.56809, 5.32197], [7.57208, 5.32431], [7.57552, 5.32434], [7.57897, 5.32321], [7.58185, 5.32208], [7.58302, 5.32036], [7.58762, 5.31867], [7.59163, 5.3187], [7.60302, 5.32687], [7.60315, 5.32685], [7.60647, 5.32632], [7.60764, 5.32345], [7.60996, 5.32058], [7.61991, 5.31808]]]}, "properties": {"name": "Nto-Edino 4", "lga": "Obot Akara", "state": "ak"}}, {"type": "Feature", "geometry": {"type": "Polygon", "coordinates": [[[7.55546, 5.01186], [7.5508, 5.01733], [7.54472, 5.01487], [7.5415, 5.01737], [7.53768, 5.01624], [7.53285, 5.01748], [7.53031, 5.01959], [7.52759, 5.02166], [7.51784, 5.02741], [7.51104, 5.03558], [7.53892, 5.03521], [7.53933, 5.03984], [7.54359, 5.04218], [7.54536, 5.04277], [7.55865, 5.03676], [7.55215, 5.02627], [7.55535, 5.02486], [7.56081, 5.01975], [7.56346, 5.01591], [7.55812, 5.01098], [7.55546, 5.01186]]]}, "properties": {"name": "Urban 1", "lga": "Ika", "state": "ak"}}, {"type": "Feature", "geometry": {"type": "Polygon", "coordinates": [[[7.58507, 5.01546], [7.58121, 5.02438], [7.57978, 5.03021], [7.57216, 5.03744], [7.56914, 5.03865], [7.56507, 5.03667], [7.55865, 5.03676], [7.54536, 5.04277], [7.55192, 5.05444], [7.56145, 5.05553], [7.5673, 5.06164], [7.56951, 5.06673], [7.57738, 5.0656], [7.58526, 5.06012], [7.59025, 5.05492], [7.60107, 5.05155], [7.60378, 5.04981], [7.59796, 5.03115], [7.598, 5.02906], [7.59751, 5.02206], [7.58507, 5.01546]]]}, "properties": {"name": "Achan 3", "lga": "Ika", "state": "ak"}}, {"type": "Feature", "geometry": {"type": "Polygon", "coordinates": [[[7.54637, 5.08638], [7.55159, 5.08208], [7.55571, 5.0795], [7.55912, 5.07316], [7.56812, 5.06887], [7.56951, 5.06673], [7.5673, 5.06164], [7.56145, 5.05553], [7.55192, 5.05444], [7.54536, 5.04277], [7.54359, 5.04218], [7.53933, 5.03984], [7.53892, 5.03521], [7.51104, 5.03558], [7.51102, 5.03559], [7.51227, 5.0366], [7.51545, 5.03822], [7.51797, 5.0373], [7.5205, 5.03662], [7.52272, 5.03654], [7.52563, 5.0371], [7.52791, 5.03769], [7.53132, 5.04061], [7.53303, 5.04235], [7.53415, 5.04467], [7.53412, 5.04813], [7.5251, 5.05047], [7.5189, 5.05318], [7.52029, 5.05494], [7.52429, 5.05613], [7.526, 5.0573], [7.52943, 5.05848], [7.53227, 5.06081], [7.53568, 5.06373], [7.53795, 5.06605], [7.54022, 5.06896], [7.54637, 5.08638]]]}, "properties": {"name": "Achan 1", "lga": "Ika", "state": "ak"}}, {"type": "Feature", "geometry": {"type": "Polygon", "coordinates": [[[7.52269, 4.9953], [7.52315, 4.99483], [7.53495, 4.99328], [7.53788, 4.99631], [7.54017, 4.99746], [7.54256, 4.9969], [7.54935, 4.98282], [7.55172, 4.98106], [7.55227, 4.97872], [7.55212, 4.97859], [7.53565, 4.96514], [7.53508, 4.96452], [7.52664, 4.96357], [7.52052, 4.95998], [7.51105, 4.95791], [7.49704, 4.95978], [7.4948, 4.96119], [7.49506, 4.96342], [7.50123, 4.98367], [7.51314, 4.98212], [7.52119, 4.99515], [7.52269, 4.9953]]]}, "properties": {"name": "Odoro 1", "lga": "Ika", "state": "ak"}}, {"type": "Feature", "geometry": {"type": "Polygon", "coordinates": [[[7.5068, 5.01417], [7.51146, 5.01215], [7.51858, 5.0131], [7.52156, 5.01154], [7.52398, 5.01115], [7.52805, 5.0099], [7.53115, 5.01223], [7.53794, 5.01149], [7.53852, 5.011], [7.53058, 5.00663], [7.52905, 5.00582], [7.52675, 5.00105], [7.52531, 4.9987], [7.52269, 4.9953], [7.52119, 4.99515], [7.51314, 4.98212], [7.50123, 4.98367], [7.49992, 4.98617], [7.50093, 4.99296], [7.5105, 4.99916], [7.50482, 5.01222], [7.50637, 5.01328], [7.5068, 5.01417]]]}, "properties": {"name": "Ito 2", "lga": "Ika", "state": "ak"}}, {"type": "Feature", "geometry": {"type": "Polygon", "coordinates": [[[7.50123, 4.98367], [7.49506, 4.96342], [7.4948, 4.96119], [7.48976, 4.9603], [7.48108, 4.96113], [7.47705, 4.96341], [7.47362, 4.96509], [7.46319, 4.97253], [7.46155, 4.9747], [7.46145, 4.97482], [7.46028, 4.9777], [7.47114, 4.99591], [7.47464, 4.99725], [7.47786, 4.99794], [7.48038, 4.99657], [7.4836, 4.99634], [7.49191, 5.00778], [7.50466, 5.01211], [7.50482, 5.01222], [7.5105, 4.99916], [7.50093, 4.99296], [7.49992, 4.98617], [7.50123, 4.98367]]]}, "properties": {"name": "Odoro 2", "lga": "Ika", "state": "ak"}}, {"type": "Feature", "geometry": {"type": "Polygon", "coordinates": [[[7.55865, 5.03676], [7.56507, 5.03667], [7.56914, 5.03865], [7.57216, 5.03744], [7.57978, 5.03021], [7.58121, 5.02438], [7.58507, 5.01546], [7.58362, 5.01138], [7.57756, 5.01204], [7.57219, 5.01044], [7.56849, 5.00561], [7.56248, 5.00627], [7.5582, 5.0069], [7.55812, 5.01098], [7.56346, 5.01591], [7.56081, 5.01975], [7.55535, 5.02486], [7.55215, 5.02627], [7.55865, 5.03676]]]}, "properties": {"name": "Achan 2", "lga": "Ika", "state": "ak"}}, {"type": "Feature", "geometry": {"type": "Polygon", "coordinates": [[[7.52269, 4.9953], [7.52531, 4.9987], [7.52675, 5.00105], [7.52905, 5.00582], [7.53058, 5.00663], [7.53852, 5.011], [7.55316, 5.00091], [7.54977, 4.99903], [7.55096, 4.99774], [7.54256, 4.9969], [7.54017, 4.99746], [7.53788, 4.99631], [7.53495, 4.99328], [7.52315, 4.99483], [7.52269, 4.9953]]]}, "properties": {"name": "Ito 1", "lga": "Ika", "state": "ak"}}, {"type": "Feature", "geometry": {"type": "Polygon", "coordinates": [[[7.51102, 5.03559], [7.51104, 5.03558], [7.51784, 5.02741], [7.52759, 5.02166], [7.53031, 5.01959], [7.53285, 5.01748], [7.53768, 5.01624], [7.5415, 5.01737], [7.54472, 5.01487], [7.5508, 5.01733], [7.55546, 5.01186], [7.54362, 5.0091], [7.54315, 5.00854], [7.54304, 5.00847], [7.54165, 5.00857], [7.53852, 5.011], [7.53794, 5.01149], [7.53115, 5.01223], [7.52805, 5.0099], [7.52398, 5.01115], [7.52156, 5.01154], [7.51858, 5.0131], [7.51146, 5.01215], [7.5068, 5.01417], [7.51197, 5.02602], [7.51193, 5.03006], [7.50967, 5.03451], [7.51102, 5.03559]]]}, "properties": {"name": "Urban 2", "lga": "Ika", "state": "ak"}}, {"type": "Feature", "geometry": {"type": "Polygon", "coordinates": [[[7.96946, 4.56677], [7.97071, 4.56694], [7.97425, 4.56746], [7.97652, 4.56824], [7.97528, 4.57606], [7.97261, 4.57847], [7.96418, 4.58059], [7.96256, 4.58531], [7.97293, 4.58702], [7.99882, 4.60223], [8.00285, 4.60211], [8.00595, 4.59995], [8.01683, 4.59449], [8.01703, 4.59273], [8.01667, 4.59159], [8.01597, 4.59048], [7.99948, 4.58047], [8.0033, 4.57726], [8.00518, 4.57529], [8.00601, 4.57352], [8.00571, 4.57032], [7.99662, 4.57231], [7.99293, 4.57207], [7.98742, 4.57187], [7.98745, 4.56728], [7.98718, 4.56606], [7.98556, 4.56499], [7.98541, 4.56374], [7.98411, 4.55628], [7.98262, 4.5554], [7.98209, 4.55392], [7.98241, 4.55336], [7.98282, 4.55335], [7.98285, 4.55243], [7.97917, 4.55271], [7.97592, 4.55579], [7.977, 4.55639], [7.97647, 4.5569], [7.97713, 4.55761], [7.97778, 4.55775], [7.97826, 4.5569], [7.97909, 4.55704], [7.97915, 4.55799], [7.97802, 4.55831], [7.97813, 4.55909], [7.97869, 4.55906], [7.97929, 4.55825], [7.98006, 4.55856], [7.97985, 4.55967], [7.98127, 4.56071], [7.9798, 4.56273], [7.97745, 4.56282], [7.97391, 4.56086], [7.96946, 4.56677]]]}, "properties": {"name": "Ndito Eka Iba", "lga": "Ibeno", "state": "ak"}}, {"type": "Feature", "geometry": {"type": "Polygon", "coordinates": [[[7.96256, 4.58531], [7.96418, 4.58059], [7.97261, 4.57847], [7.97422, 4.57758], [7.97652, 4.56824], [7.97425, 4.56746], [7.97071, 4.56694], [7.96946, 4.56677], [7.96899, 4.56764], [7.9688, 4.56877], [7.96091, 4.56898], [7.95281, 4.56407], [7.94987, 4.56961], [7.94707, 4.57342], [7.95774, 4.58451], [7.96256, 4.58531]]]}, "properties": {"name": "Okposo", "lga": "Ibeno", "state": "ak"}}, {"type": "Feature", "geometry": {"type": "Polygon", "coordinates": [[[7.85272, 4.52478], [7.85225, 4.52866], [7.88946, 4.54207], [7.902, 4.56475], [7.9124, 4.56471], [7.91843, 4.56478], [7.92405, 4.54865], [7.93199, 4.5325], [7.85272, 4.52478]]]}, "properties": {"name": "Okoroutip", "lga": "Ibeno", "state": "ak"}}, {"type": "Feature", "geometry": {"type": "Polygon", "coordinates": [[[8.01142, 4.54072], [8.01044, 4.54302], [8.0103, 4.54366], [8.00844, 4.54358], [8.00427, 4.54371], [8.00421, 4.54431], [8.00311, 4.54626], [7.99514, 4.55049], [7.99062, 4.5486], [7.99053, 4.55124], [7.98924, 4.55234], [7.98959, 4.55116], [7.98925, 4.55056], [7.98411, 4.55628], [7.98541, 4.56374], [7.98556, 4.56499], [7.98718, 4.56606], [7.98745, 4.56728], [7.98742, 4.57187], [7.99293, 4.57207], [7.99662, 4.57231], [8.00571, 4.57032], [8.00601, 4.57352], [8.00518, 4.57529], [8.0033, 4.57726], [7.99948, 4.58047], [8.01597, 4.59048], [8.01667, 4.59159], [8.01703, 4.59273], [8.01683, 4.59449], [8.02369, 4.59105], [8.02914, 4.58949], [8.02846, 4.5853], [8.02575, 4.54275], [8.01142, 4.54072]]]}, "properties": {"name": "Ntafre", "lga": "Ibeno", "state": "ak"}}, {"type": "Feature", "geometry": {"type": "Polygon", "coordinates": [[[7.98705, 4.53786], [7.95256, 4.5345], [7.94736, 4.55054], [7.94362, 4.55687], [7.94435, 4.55984], [7.94707, 4.57342], [7.94987, 4.56961], [7.95281, 4.56407], [7.96091, 4.56898], [7.9688, 4.56877], [7.96899, 4.56764], [7.96946, 4.56677], [7.97391, 4.56086], [7.97745, 4.56282], [7.9798, 4.56273], [7.98127, 4.56071], [7.97985, 4.55967], [7.98006, 4.55856], [7.97929, 4.55825], [7.97869, 4.55906], [7.97813, 4.55909], [7.97802, 4.55831], [7.97915, 4.55799], [7.97909, 4.55704], [7.97826, 4.5569], [7.97778, 4.55775], [7.97713, 4.55761], [7.97647, 4.5569], [7.977, 4.55639], [7.97592, 4.55579], [7.97917, 4.55271], [7.97841, 4.55079], [7.97946, 4.54753], [7.98131, 4.54517], [7.98249, 4.54582], [7.98587, 4.54697], [7.98705, 4.53786]]]}, "properties": {"name": "Upenekang", "lga": "Ibeno", "state": "ak"}}, {"type": "Feature", "geometry": {"type": "Polygon", "coordinates": [[[8.2103, 4.78423], [8.21326, 4.78883], [8.21219, 4.78988], [8.21609, 4.79364], [8.21896, 4.79681], [8.2206, 4.79823], [8.21722, 4.80197], [8.21634, 4.80293], [8.21588, 4.80396], [8.21537, 4.80699], [8.21182, 4.81389], [8.21195, 4.81404], [8.21522, 4.82085], [8.21732, 4.821], [8.21917, 4.8196], [8.22062, 4.8207], [8.22218, 4.81912], [8.22314, 4.81634], [8.22528, 4.81552], [8.23127, 4.80817], [8.22976, 4.80629], [8.22806, 4.80531], [8.23094, 4.80088], [8.22946, 4.79966], [8.22832, 4.79712], [8.22769, 4.78946], [8.23122, 4.78934], [8.2347, 4.78948], [8.2347, 4.78805], [8.23507, 4.7864], [8.2265, 4.77714], [8.22631, 4.77748], [8.22462, 4.77762], [8.2103, 4.78423]]]}, "properties": {"name": "Esin Ufot", "lga": "Oron", "state": "ak"}}, {"type": "Feature", "geometry": {"type": "Polygon", "coordinates": [[[8.23255, 4.80695], [8.22528, 4.81552], [8.22314, 4.81634], [8.22218, 4.81912], [8.22062, 4.8207], [8.21917, 4.8196], [8.21732, 4.821], [8.21775, 4.82427], [8.2222, 4.82646], [8.2255, 4.8216], [8.22648, 4.81949], [8.22678, 4.81804], [8.22767, 4.81837], [8.23039, 4.82105], [8.23119, 4.82124], [8.23809, 4.81758], [8.23576, 4.81419], [8.23873, 4.81368], [8.2366, 4.81128], [8.23507, 4.80964], [8.23255, 4.80695]]]}, "properties": {"name": "Idua", "lga": "Oron", "state": "ak"}}, {"type": "Feature", "geometry": {"type": "Polygon", "coordinates": [[[8.19592, 4.95436], [8.20059, 4.95204], [8.20899, 4.94153], [8.22243, 4.93448], [8.22997, 4.93053], [8.23589, 4.919], [8.23605, 4.91248], [8.23871, 4.90047], [8.24137, 4.89408], [8.24481, 4.88721], [8.25136, 4.8821], [8.25743, 4.87888], [8.26292, 4.87715], [8.26603, 4.87133], [8.26862, 4.86459], [8.27206, 4.85841], [8.2515, 4.85068], [8.23892, 4.85684], [8.2367, 4.85034], [8.24209, 4.83741], [8.24188, 4.82394], [8.23767, 4.82152], [8.23669, 4.82255], [8.2349, 4.82178], [8.23168, 4.82705], [8.23199, 4.82779], [8.23402, 4.82725], [8.23492, 4.82951], [8.23267, 4.83095], [8.22608, 4.83198], [8.21864, 4.84815], [8.21435, 4.86164], [8.2112, 4.86255], [8.19467, 4.88128], [8.18402, 4.89401], [8.18372, 4.89646], [8.19592, 4.95436]]]}, "properties": {"name": "Eyo Bassey", "lga": "Oron", "state": "ak"}}, {"type": "Feature", "geometry": {"type": "Polygon", "coordinates": [[[8.21435, 4.86164], [8.21864, 4.84815], [8.22608, 4.83198], [8.23267, 4.83095], [8.23492, 4.82951], [8.23402, 4.82725], [8.23199, 4.82779], [8.23168, 4.82705], [8.23349, 4.82494], [8.23425, 4.82333], [8.23472, 4.82208], [8.23318, 4.82153], [8.23119, 4.82124], [8.23039, 4.82105], [8.22767, 4.81837], [8.22678, 4.81804], [8.22648, 4.81949], [8.2255, 4.8216], [8.2222, 4.82646], [8.21775, 4.82427], [8.21732, 4.821], [8.21522, 4.82085], [8.20515, 4.82696], [8.21435, 4.86164]]]}, "properties": {"name": "Iquita", "lga": "Oron", "state": "ak"}}, {"type": "Feature", "geometry": {"type": "Polygon", "coordinates": [[[8.18066, 4.79207], [8.18035, 4.79546], [8.18214, 4.7998], [8.18642, 4.81568], [8.18722, 4.81645], [8.18737, 4.81639], [8.20499, 4.80973], [8.21182, 4.81389], [8.21537, 4.80699], [8.21588, 4.80396], [8.21634, 4.80293], [8.21722, 4.80197], [8.2206, 4.79823], [8.21896, 4.79681], [8.21609, 4.79364], [8.21219, 4.78988], [8.21326, 4.78883], [8.2103, 4.78423], [8.20783, 4.78328], [8.20165, 4.78546], [8.19224, 4.7848], [8.18974, 4.78387], [8.18066, 4.79207]]]}, "properties": {"name": "Ukpata", "lga": "Oron", "state": "ak"}}, {"type": "Feature", "geometry": {"type": "Polygon", "coordinates": [[[7.93387, 5.14018], [7.93809, 5.14575], [7.94032, 5.14788], [7.9431, 5.15333], [7.94237, 5.15971], [7.94037, 5.16467], [7.93953, 5.1692], [7.93922, 5.17642], [7.94286, 5.18153], [7.94969, 5.1838], [7.95663, 5.18206], [7.96116, 5.18066], [7.96327, 5.18007], [7.9713, 5.16898], [7.97066, 5.16508], [7.97043, 5.16023], [7.97224, 5.12993], [7.96286, 5.12607], [7.96034, 5.12487], [7.94553, 5.12079], [7.93648, 5.131], [7.93387, 5.14018]]]}, "properties": {"name": "East Itam 3", "lga": "Itu", "state": "ak"}}, {"type": "Feature", "geometry": {"type": "Polygon", "coordinates": [[[7.49065, 4.86509], [7.48071, 4.88264], [7.48068, 4.8861], [7.48121, 4.89072], [7.48176, 4.89303], [7.48116, 4.89534], [7.48081, 4.89701], [7.48107, 4.89709], [7.48308, 4.8977], [7.49176, 4.9023], [7.50156, 4.9041], [7.50729, 4.91246], [7.51392, 4.91253], [7.51801, 4.91569], [7.52297, 4.90791], [7.52475, 4.90566], [7.52834, 4.90563], [7.53147, 4.89865], [7.52301, 4.88853], [7.52409, 4.88124], [7.51882, 4.87704], [7.50998, 4.87465], [7.50729, 4.86869], [7.49065, 4.86509]]]}, "properties": {"name": "Ward 5", "lga": "Etim Ekpo", "state": "ak"}}, {"type": "Feature", "geometry": {"type": "Polygon", "coordinates": [[[7.65625, 5.03639], [7.65365, 5.04585], [7.65665, 5.05143], [7.66241, 5.06016], [7.66413, 5.06878], [7.66678, 5.07334], [7.66862, 5.07839], [7.6716, 5.08266], [7.67316, 5.08438], [7.67557, 5.0879], [7.69719, 5.08498], [7.6961, 5.08401], [7.69907, 5.08204], [7.70182, 5.07739], [7.7024, 5.07378], [7.69998, 5.06818], [7.69928, 5.06294], [7.69899, 5.06147], [7.6949, 5.05931], [7.69467, 5.05614], [7.69531, 5.05128], [7.69329, 5.04858], [7.69114, 5.04737], [7.68544, 5.04669], [7.68492, 5.04376], [7.67705, 5.04253], [7.67142, 5.04238], [7.66177, 5.03594], [7.65791, 5.03571], [7.65625, 5.03639]]]}, "properties": {"name": "Ekpenyong 2", "lga": "Essien Udim", "state": "ak"}}, {"type": "Feature", "geometry": {"type": "Polygon", "coordinates": [[[7.92012, 5.08238], [7.91622, 5.09927], [7.91462, 5.10159], [7.91835, 5.10744], [7.93692, 5.10397], [7.94065, 5.09448], [7.93884, 5.09275], [7.93396, 5.07868], [7.92012, 5.08238]]]}, "properties": {"name": "East Itam 1", "lga": "Itu", "state": "ak"}}, {"type": "Feature", "geometry": {"type": "Polygon", "coordinates": [[[7.91838, 5.05159], [7.91758, 5.05238], [7.91829, 5.05396], [7.91499, 5.05586], [7.91122, 5.06235], [7.9127, 5.06618], [7.91254, 5.06791], [7.91247, 5.0705], [7.91151, 5.07172], [7.91045, 5.07429], [7.91066, 5.07438], [7.92012, 5.08238], [7.93396, 5.07868], [7.93495, 5.07677], [7.93001, 5.06796], [7.93006, 5.06597], [7.92951, 5.05856], [7.92645, 5.05654], [7.92453, 5.05453], [7.92074, 5.05142], [7.91865, 5.05182], [7.91838, 5.05159]]]}, "properties": {"name": "West Itam 3", "lga": "Itu", "state": "ak"}}, {"type": "Feature", "geometry": {"type": "Polygon", "coordinates": [[[8.20715, 4.74384], [8.20762, 4.72947], [8.20169, 4.70496], [8.19926, 4.72627], [8.1886, 4.74473], [8.18882, 4.74754], [8.18843, 4.75005], [8.18999, 4.75269], [8.20171, 4.7606], [8.20869, 4.75027], [8.20875, 4.74626], [8.20715, 4.74385], [8.20715, 4.74384]]]}, "properties": {"name": "Oruko 10", "lga": "Urue Offong/Oruko", "state": "ak"}}, {"type": "Feature", "geometry": {"type": "Polygon", "coordinates": [[[8.11251, 4.73166], [8.11686, 4.72864], [8.12926, 4.72656], [8.13444, 4.72992], [8.14823, 4.73179], [8.14415, 4.72186], [8.14482, 4.71355], [8.14637, 4.7068], [8.14568, 4.70216], [8.14439, 4.70131], [8.12818, 4.70892], [8.12415, 4.71142], [8.10415, 4.69602], [8.09906, 4.69581], [8.0993, 4.70014], [8.10219, 4.7176], [8.10421, 4.72191], [8.11177, 4.73104], [8.11251, 4.73166]]]}, "properties": {"name": "Urue Offong 4", "lga": "Urue Offong/Oruko", "state": "ak"}}, {"type": "Feature", "geometry": {"type": "Polygon", "coordinates": [[[8.16874, 4.70401], [8.16269, 4.71137], [8.16311, 4.72014], [8.16096, 4.72293], [8.1753, 4.72544], [8.17659, 4.71709], [8.17837, 4.71599], [8.18009, 4.71303], [8.17765, 4.70949], [8.17773, 4.70574], [8.17196, 4.70213], [8.17164, 4.70242], [8.16874, 4.70401]]]}, "properties": {"name": "Oruko 6", "lga": "Urue Offong/Oruko", "state": "ak"}}, {"type": "Feature", "geometry": {"type": "Polygon", "coordinates": [[[8.18142, 4.76591], [8.182, 4.76753], [8.18157, 4.76833], [8.17466, 4.77508], [8.17444, 4.78188], [8.18066, 4.79207], [8.18974, 4.78387], [8.19224, 4.7848], [8.20165, 4.78546], [8.20783, 4.78328], [8.2103, 4.78423], [8.22462, 4.77762], [8.21655, 4.77185], [8.21427, 4.77109], [8.21131, 4.76989], [8.20612, 4.76881], [8.20448, 4.7667], [8.20161, 4.76303], [8.20171, 4.7606], [8.18999, 4.75269], [8.18142, 4.76591]]]}, "properties": {"name": "Urue Offong 1", "lga": "Urue Offong/Oruko", "state": "ak"}}, {"type": "Feature", "geometry": {"type": "Polygon", "coordinates": [[[8.16642, 4.74569], [8.17304, 4.7461], [8.17538, 4.74097], [8.17688, 4.73629], [8.18098, 4.72908], [8.1753, 4.72544], [8.16096, 4.72293], [8.16311, 4.72014], [8.16269, 4.71137], [8.16874, 4.70401], [8.15429, 4.69916], [8.15106, 4.70115], [8.14568, 4.70216], [8.14637, 4.7068], [8.14482, 4.71355], [8.14415, 4.72186], [8.14823, 4.73179], [8.15025, 4.73283], [8.15343, 4.73196], [8.15768, 4.73658], [8.16091, 4.74053], [8.16642, 4.74569]]]}, "properties": {"name": "Oruko 8", "lga": "Urue Offong/Oruko", "state": "ak"}}, {"type": "Feature", "geometry": {"type": "Polygon", "coordinates": [[[8.18098, 4.72908], [8.17688, 4.73629], [8.17538, 4.74097], [8.17304, 4.7461], [8.16642, 4.74569], [8.16387, 4.75279], [8.17044, 4.75813], [8.17535, 4.7585], [8.18142, 4.76591], [8.18999, 4.75269], [8.18843, 4.75005], [8.18882, 4.74754], [8.1886, 4.74473], [8.19926, 4.72627], [8.18098, 4.72908]]]}, "properties": {"name": "Urue Offong 2", "lga": "Urue Offong/Oruko", "state": "ak"}}, {"type": "Feature", "geometry": {"type": "Polygon", "coordinates": [[[8.15025, 4.73283], [8.15, 4.73348], [8.14785, 4.74367], [8.15238, 4.75124], [8.1527, 4.75491], [8.15389, 4.76333], [8.1525, 4.76795], [8.15458, 4.76905], [8.16173, 4.76803], [8.17466, 4.77508], [8.18157, 4.76833], [8.182, 4.76753], [8.18142, 4.76591], [8.17535, 4.7585], [8.17044, 4.75813], [8.16387, 4.75279], [8.16642, 4.74569], [8.16091, 4.74053], [8.15768, 4.73658], [8.15343, 4.73196], [8.15025, 4.73283]]]}, "properties": {"name": "Urue Offong 3", "lga": "Urue Offong/Oruko", "state": "ak"}}, {"type": "Feature", "geometry": {"type": "Polygon", "coordinates": [[[8.15421, 4.66717], [8.13476, 4.68428], [8.13414, 4.68432], [8.10415, 4.69602], [8.12415, 4.71142], [8.12818, 4.70892], [8.14439, 4.70131], [8.14568, 4.70216], [8.15106, 4.70115], [8.15429, 4.69916], [8.16874, 4.70401], [8.17164, 4.70242], [8.17196, 4.70213], [8.17387, 4.68201], [8.168, 4.67944], [8.15421, 4.66717]]]}, "properties": {"name": "Oruko 9", "lga": "Urue Offong/Oruko", "state": "ak"}}, {"type": "Feature", "geometry": {"type": "Polygon", "coordinates": [[[7.54358, 4.71329], [7.56618, 4.70294], [7.56871, 4.70798], [7.57407, 4.70713], [7.58107, 4.71853], [7.60034, 4.70859], [7.60444, 4.70128], [7.6013, 4.69736], [7.59996, 4.69382], [7.59673, 4.68643], [7.59495, 4.68186], [7.59186, 4.67672], [7.58634, 4.67009], [7.58974, 4.65827], [7.58645, 4.65457], [7.57481, 4.65756], [7.57069, 4.65739], [7.5637, 4.66095], [7.54081, 4.65451], [7.52588, 4.66366], [7.52255, 4.67093], [7.52375, 4.68372], [7.5315, 4.69236], [7.53506, 4.70037], [7.53548, 4.714], [7.53733, 4.71615], [7.54358, 4.71329]]]}, "properties": {"name": "Abak Midim 4", "lga": "Oruk Anam", "state": "ak"}}, {"type": "Feature", "geometry": {"type": "Polygon", "coordinates": [[[7.54263, 4.53356], [7.53889, 4.53889], [7.53555, 4.54111], [7.52767, 4.54997], [7.53524, 4.55683], [7.54485, 4.56911], [7.54668, 4.58518], [7.53187, 4.60411], [7.54303, 4.60165], [7.54791, 4.60681], [7.55419, 4.61042], [7.56349, 4.60927], [7.56579, 4.59617], [7.57931, 4.58325], [7.57962, 4.5792], [7.58042, 4.57912], [7.58102, 4.57692], [7.58221, 4.57502], [7.58335, 4.56924], [7.57975, 4.56855], [7.58604, 4.54911], [7.58091, 4.54679], [7.56829, 4.52685], [7.56889, 4.52046], [7.56201, 4.51388], [7.56124, 4.51383], [7.55196, 4.52026], [7.54263, 4.53356]]]}, "properties": {"name": "Ikpa Ibekwe 1", "lga": "Ikot Abasi", "state": "ak"}}, {"type": "Feature", "geometry": {"type": "Polygon", "coordinates": [[[7.54791, 4.60681], [7.54303, 4.60165], [7.53187, 4.60411], [7.5311, 4.61734], [7.52253, 4.63077], [7.52798, 4.65076], [7.52588, 4.66366], [7.54081, 4.65451], [7.5637, 4.66095], [7.57069, 4.65739], [7.57481, 4.65756], [7.58645, 4.65457], [7.58731, 4.65084], [7.59016, 4.64928], [7.59013, 4.64297], [7.58687, 4.64107], [7.58863, 4.63862], [7.59277, 4.63723], [7.59186, 4.6355], [7.59315, 4.63333], [7.59043, 4.62943], [7.58938, 4.62661], [7.59142, 4.62149], [7.59505, 4.61636], [7.59844, 4.61334], [7.59993, 4.60971], [7.59355, 4.61178], [7.58969, 4.61042], [7.59222, 4.60164], [7.59573, 4.59888], [7.59661, 4.59427], [7.59301, 4.59162], [7.58663, 4.59291], [7.5869, 4.59678], [7.58493, 4.60031], [7.58113, 4.59997], [7.5734, 4.594], [7.5696, 4.59576], [7.56579, 4.59617], [7.56349, 4.60927], [7.55419, 4.61042], [7.54791, 4.60681]]]}, "properties": {"name": "Edemaya 1", "lga": "Ikot Abasi", "state": "ak"}}, {"type": "Feature", "geometry": {"type": "Polygon", "coordinates": [[[7.79643, 4.99826], [7.79736, 4.99857], [7.80046, 4.99521], [7.80233, 4.99589], [7.8041, 4.99408], [7.80577, 4.99187], [7.8041, 4.98974], [7.80274, 4.98721], [7.80206, 4.98281], [7.79865, 4.98122], [7.80008, 4.98013], [7.80255, 4.9777], [7.8039, 4.97714], [7.8016, 4.97454], [7.80266, 4.97354], [7.80368, 4.96988], [7.80409, 4.96476], [7.80446, 4.95734], [7.80454, 4.95205], [7.80366, 4.95043], [7.80288, 4.94562], [7.79354, 4.94103], [7.78783, 4.94961], [7.78802, 4.95545], [7.78739, 4.9574], [7.78643, 4.963], [7.78969, 4.96663], [7.78385, 4.97521], [7.78386, 4.97881], [7.78206, 4.98037], [7.77964, 4.98389], [7.77402, 4.98305], [7.77156, 4.98841], [7.77341, 4.99091], [7.77471, 4.99067], [7.77503, 4.99224], [7.77658, 4.99182], [7.77823, 4.99164], [7.77869, 4.98903], [7.77959, 4.99016], [7.78031, 4.9918], [7.78141, 4.99099], [7.78348, 4.99194], [7.78545, 4.98988], [7.78739, 4.98892], [7.78834, 4.99299], [7.78848, 4.99646], [7.79643, 4.99826]]]}, "properties": {"name": "Abak 3", "lga": "Abak", "state": "ak"}}, {"type": "Feature", "geometry": {"type": "Polygon", "coordinates": [[[7.7893, 5.01166], [7.79458, 5.01264], [7.79429, 5.01894], [7.79385, 5.02201], [7.80205, 5.02368], [7.80967, 5.02617], [7.81331, 5.03171], [7.81366, 5.03352], [7.81305, 5.03938], [7.81309, 5.04161], [7.81384, 5.04298], [7.81631, 5.04825], [7.8212, 5.04929], [7.83375, 5.03586], [7.83396, 5.03385], [7.8276, 5.02785], [7.8275, 5.02584], [7.82692, 5.01989], [7.82874, 5.01561], [7.8291, 5.01299], [7.82605, 5.00759], [7.82887, 5.00125], [7.8256, 4.99375], [7.82875, 4.98608], [7.82829, 4.98496], [7.82222, 4.98093], [7.8187, 4.97569], [7.81884, 4.97118], [7.81756, 4.9665], [7.82379, 4.95797], [7.82414, 4.9553], [7.82175, 4.9537], [7.81758, 4.95203], [7.81574, 4.94877], [7.80288, 4.94562], [7.80366, 4.95043], [7.80454, 4.95205], [7.80446, 4.95734], [7.80409, 4.96476], [7.80368, 4.96988], [7.80266, 4.97354], [7.8016, 4.97454], [7.8039, 4.97714], [7.80255, 4.9777], [7.80008, 4.98013], [7.79865, 4.98122], [7.80206, 4.98281], [7.80274, 4.98721], [7.8041, 4.98974], [7.80577, 4.99187], [7.8041, 4.99408], [7.80233, 4.99589], [7.80046, 4.99521], [7.79115, 5.00372], [7.78887, 5.00402], [7.78794, 5.00473], [7.78829, 5.00793], [7.78863, 5.00982], [7.7893, 5.01166]]]}, "properties": {"name": "Abak 1", "lga": "Abak", "state": "ak"}}, {"type": "Feature", "geometry": {"type": "Polygon", "coordinates": [[[7.76379, 5.06662], [7.76421, 5.0666], [7.7693, 5.07343], [7.77067, 5.07646], [7.77293, 5.07907], [7.77742, 5.08256], [7.7823, 5.07922], [7.78414, 5.07683], [7.78112, 5.06662], [7.79468, 5.06313], [7.79531, 5.05618], [7.78595, 5.05216], [7.78448, 5.04834], [7.78268, 5.04299], [7.77823, 5.03864], [7.7795, 5.02934], [7.77909, 5.02672], [7.77471, 5.02429], [7.7717, 5.02068], [7.7602, 5.01874], [7.75718, 5.01575], [7.75549, 5.0206], [7.75424, 5.02247], [7.74903, 5.02906], [7.74608, 5.02828], [7.73967, 5.03442], [7.74029, 5.03568], [7.74613, 5.03888], [7.74929, 5.04526], [7.75029, 5.04771], [7.75181, 5.05353], [7.75187, 5.05707], [7.75345, 5.05918], [7.75705, 5.05953], [7.76379, 5.06662]]]}, "properties": {"name": "Afaha Obong 2", "lga": "Abak", "state": "ak"}}, {"type": "Feature", "geometry": {"type": "Polygon", "coordinates": [[[7.68359, 5.0113], [7.68198, 5.01672], [7.68515, 5.0193], [7.6897, 5.02369], [7.69069, 5.02692], [7.69083, 5.02962], [7.6917, 5.03326], [7.69322, 5.03367], [7.70151, 5.03149], [7.70337, 5.02932], [7.70682, 5.02721], [7.70676, 5.02231], [7.7081, 5.02083], [7.70955, 5.02028], [7.71438, 5.02293], [7.7167, 5.02365], [7.72159, 5.02519], [7.72421, 5.02433], [7.72539, 5.02547], [7.72809, 5.02058], [7.72822, 5.01727], [7.73075, 5.01357], [7.727, 5.01104], [7.72407, 5.00936], [7.72368, 5.00897], [7.71744, 5.00751], [7.72031, 5.00358], [7.72736, 5.00103], [7.72692, 5.00079], [7.7264, 5.00024], [7.72648, 4.99936], [7.72563, 4.99916], [7.72217, 4.99943], [7.72379, 4.993], [7.71812, 4.99114], [7.71081, 4.99617], [7.71048, 5.00258], [7.70882, 5.00393], [7.69296, 5.00202], [7.69385, 5.00884], [7.68359, 5.0113]]]}, "properties": {"name": "Midim 2", "lga": "Abak", "state": "ak"}}, {"type": "Feature", "geometry": {"type": "Polygon", "coordinates": [[[7.7893, 5.01166], [7.77987, 5.01469], [7.77571, 5.01184], [7.77397, 5.02016], [7.77313, 5.02022], [7.77226, 5.02068], [7.7717, 5.02068], [7.77471, 5.02429], [7.77909, 5.02672], [7.78505, 5.0234], [7.78747, 5.02125], [7.79385, 5.02201], [7.79429, 5.01894], [7.79458, 5.01264], [7.7893, 5.01166]]]}, "properties": {"name": "Otoro 1", "lga": "Abak", "state": "ak"}}, {"type": "Feature", "geometry": {"type": "Polygon", "coordinates": [[[7.7937, 5.07952], [7.79647, 5.08118], [7.79833, 5.08184], [7.80504, 5.08357], [7.80782, 5.08399], [7.81057, 5.08279], [7.81297, 5.0799], [7.8126, 5.07481], [7.81254, 5.07394], [7.79758, 5.06967], [7.79507, 5.07633], [7.7937, 5.07952]]]}, "properties": {"name": "Otoro 3", "lga": "Abak", "state": "ak"}}, {"type": "Feature", "geometry": {"type": "Polygon", "coordinates": [[[7.81168, 4.70926], [7.80742, 4.71694], [7.80378, 4.71508], [7.80047, 4.71418], [7.8028, 4.72105], [7.81143, 4.72274], [7.81853, 4.7202], [7.82646, 4.71798], [7.83018, 4.71282], [7.83332, 4.70957], [7.8342, 4.70713], [7.83468, 4.706], [7.83584, 4.70038], [7.8248, 4.68588], [7.81497, 4.66901], [7.81067, 4.67268], [7.80812, 4.67476], [7.80315, 4.6813], [7.80422, 4.69026], [7.80737, 4.69989], [7.80785, 4.70093], [7.81168, 4.70926]]]}, "properties": {"name": "Awa 2", "lga": "Onna", "state": "ak"}}, {"type": "Feature", "geometry": {"type": "Polygon", "coordinates": [[[8.04935, 4.8682], [8.06188, 4.8847], [8.06655, 4.8867], [8.07377, 4.88547], [8.09985, 4.88415], [8.1003, 4.88349], [8.10008, 4.88165], [8.09019, 4.85099], [8.08576, 4.8464], [8.08486, 4.84429], [8.08165, 4.83711], [8.08072, 4.83518], [8.04996, 4.84937], [8.05286, 4.85686], [8.04902, 4.86537], [8.04935, 4.8682]]]}, "properties": {"name": "Ward 5", "lga": "Nsit Atai", "state": "ak"}}, {"type": "Feature", "geometry": {"type": "Polygon", "coordinates": [[[8.04057, 4.80112], [8.04179, 4.80386], [8.04986, 4.80946], [8.05527, 4.81799], [8.06599, 4.82186], [8.07062, 4.82407], [8.08035, 4.83091], [8.08492, 4.82259], [8.08704, 4.81738], [8.08608, 4.81275], [8.08766, 4.7929], [8.07451, 4.7797], [8.07112, 4.77958], [8.07028, 4.77986], [8.06802, 4.78185], [8.06579, 4.78677], [8.05349, 4.7929], [8.05049, 4.79421], [8.04057, 4.80112]]]}, "properties": {"name": "Ward 2", "lga": "Nsit Atai", "state": "ak"}}, {"type": "Feature", "geometry": {"type": "Polygon", "coordinates": [[[7.87191, 5.17587], [7.87186, 5.17711], [7.86681, 5.18278], [7.85997, 5.18501], [7.85792, 5.1886], [7.8457, 5.19444], [7.84566, 5.1945], [7.84352, 5.20184], [7.84277, 5.20523], [7.83796, 5.21569], [7.84187, 5.22601], [7.84382, 5.22596], [7.85391, 5.21113], [7.8563, 5.20693], [7.86353, 5.20025], [7.87145, 5.20029], [7.87594, 5.19681], [7.87968, 5.19544], [7.88575, 5.19052], [7.88808, 5.18726], [7.89246, 5.18301], [7.884, 5.17657], [7.8835, 5.17248], [7.88324, 5.1722], [7.88046, 5.16746], [7.87609, 5.16925], [7.87339, 5.17453], [7.87191, 5.17587]]]}, "properties": {"name": "Ikot Ada Iden", "lga": "Ibiono Ibom", "state": "ak"}}, {"type": "Feature", "geometry": {"type": "Polygon", "coordinates": [[[8.24003, 4.73081], [8.24531, 4.72012], [8.24049, 4.72204], [8.2317, 4.72035], [8.22564, 4.71631], [8.22457, 4.71496], [8.22258, 4.71244], [8.21897, 4.71093], [8.21677, 4.71], [8.20588, 4.70742], [8.20169, 4.70496], [8.2228, 4.73093], [8.22277, 4.73298], [8.22503, 4.73265], [8.22505, 4.73265], [8.24003, 4.73081]]]}, "properties": {"name": "Eyokpu", "lga": "Udung Uko", "state": "ak"}}, {"type": "Feature", "geometry": {"type": "Polygon", "coordinates": [[[7.98076, 4.80842], [7.98075, 4.80863], [7.97234, 4.81867], [7.9712, 4.82226], [7.97766, 4.83206], [7.97613, 4.83793], [7.97649, 4.83844], [7.98526, 4.84321], [7.99027, 4.84392], [7.99439, 4.84564], [7.99771, 4.84584], [8.00026, 4.83874], [8.00341, 4.83209], [8.00425, 4.82482], [8.00687, 4.82109], [8.00359, 4.81806], [7.99779, 4.81146], [7.98597, 4.80571], [7.98076, 4.80842]]]}, "properties": {"name": "Ward 10", "lga": "Nsit Atai", "state": "ak"}}, {"type": "Feature", "geometry": {"type": "Polygon", "coordinates": [[[8.20171, 4.7606], [8.20161, 4.76303], [8.20448, 4.7667], [8.20612, 4.76881], [8.21131, 4.76989], [8.21427, 4.77109], [8.21655, 4.77185], [8.22462, 4.77762], [8.22631, 4.77748], [8.2265, 4.77714], [8.2275, 4.77541], [8.22761, 4.77502], [8.22537, 4.76824], [8.22384, 4.76687], [8.22217, 4.7644], [8.22168, 4.75961], [8.2217, 4.75748], [8.20869, 4.75027], [8.20171, 4.7606]]]}, "properties": {"name": "Eyofin", "lga": "Udung Uko", "state": "ak"}}, {"type": "Feature", "geometry": {"type": "Polygon", "coordinates": [[[7.98076, 4.80842], [7.98597, 4.80571], [7.99779, 4.81146], [8.00359, 4.81806], [8.00687, 4.82109], [8.00999, 4.82034], [8.01151, 4.82034], [8.01984, 4.80068], [8.01066, 4.79918], [8.00765, 4.79007], [8.01229, 4.7819], [8.00406, 4.77367], [7.99108, 4.78661], [7.98493, 4.78513], [7.97508, 4.80115], [7.98076, 4.80842]]]}, "properties": {"name": "Ward 9", "lga": "Nsit Atai", "state": "ak"}}, {"type": "Feature", "geometry": {"type": "Polygon", "coordinates": [[[8.00687, 4.82109], [8.00425, 4.82482], [8.00341, 4.83209], [8.00026, 4.83874], [7.99771, 4.84584], [8.00088, 4.84834], [8.00615, 4.84793], [8.01139, 4.848], [8.01443, 4.84918], [8.01632, 4.85207], [8.02982, 4.85695], [8.03434, 4.85065], [8.03654, 4.84929], [8.03714, 4.84832], [8.03598, 4.8422], [8.03366, 4.83772], [8.03382, 4.82984], [8.03195, 4.82641], [8.03005, 4.82481], [8.02325, 4.82078], [8.01681, 4.82236], [8.01151, 4.82034], [8.00999, 4.82034], [8.00687, 4.82109]]]}, "properties": {"name": "Ward 3", "lga": "Nsit Atai", "state": "ak"}}, {"type": "Feature", "geometry": {"type": "Polygon", "coordinates": [[[8.03714, 4.84832], [8.04345, 4.84735], [8.04996, 4.84937], [8.08072, 4.83518], [8.08053, 4.83455], [8.08035, 4.83091], [8.07062, 4.82407], [8.06599, 4.82186], [8.05527, 4.81799], [8.04986, 4.80946], [8.04179, 4.80386], [8.04057, 4.80112], [8.03863, 4.80041], [8.03018, 4.80608], [8.02724, 4.81493], [8.02325, 4.82078], [8.03005, 4.82481], [8.03195, 4.82641], [8.03382, 4.82984], [8.03366, 4.83772], [8.03598, 4.8422], [8.03714, 4.84832]]]}, "properties": {"name": "Ward 1", "lga": "Nsit Atai", "state": "ak"}}, {"type": "Feature", "geometry": {"type": "Polygon", "coordinates": [[[8.00771, 4.87015], [8.01235, 4.88462], [8.01383, 4.88632], [8.0168, 4.88828], [8.03101, 4.88098], [8.02922, 4.87458], [8.02976, 4.87162], [8.02773, 4.86564], [8.01641, 4.86277], [8.01124, 4.86557], [8.0087, 4.86648], [8.00781, 4.86879], [8.00771, 4.87015]]]}, "properties": {"name": "Ward 6", "lga": "Nsit Atai", "state": "ak"}}, {"type": "Feature", "geometry": {"type": "Polygon", "coordinates": [[[8.06802, 4.78185], [8.05664, 4.77901], [8.04809, 4.78037], [8.04412, 4.77889], [8.04004, 4.77875], [8.03497, 4.77923], [8.03007, 4.78476], [8.022, 4.78502], [8.01714, 4.78294], [8.01229, 4.7819], [8.00765, 4.79007], [8.01066, 4.79918], [8.01984, 4.80068], [8.01151, 4.82034], [8.01681, 4.82236], [8.02325, 4.82078], [8.02724, 4.81493], [8.03018, 4.80608], [8.03863, 4.80041], [8.04057, 4.80112], [8.05049, 4.79421], [8.05349, 4.7929], [8.06579, 4.78677], [8.06802, 4.78185]]]}, "properties": {"name": "Ward 8", "lga": "Nsit Atai", "state": "ak"}}, {"type": "Feature", "geometry": {"type": "Polygon", "coordinates": [[[7.66903, 5.01228], [7.66672, 5.01398], [7.66673, 5.01551], [7.66127, 5.01214], [7.66026, 5.01399], [7.65853, 5.01385], [7.6581, 5.01455], [7.65847, 5.01944], [7.66027, 5.02255], [7.65893, 5.02354], [7.66061, 5.02722], [7.65791, 5.03571], [7.66177, 5.03594], [7.67142, 5.04238], [7.67705, 5.04253], [7.68492, 5.04376], [7.686, 5.04041], [7.69143, 5.03391], [7.6917, 5.03326], [7.69083, 5.02962], [7.69069, 5.02692], [7.6897, 5.02369], [7.68515, 5.0193], [7.68198, 5.01672], [7.68359, 5.0113], [7.68367, 5.01047], [7.68352, 5.00896], [7.68289, 5.0055], [7.67687, 5.0096], [7.67478, 5.01233], [7.67407, 5.01345], [7.67271, 5.01258], [7.66991, 5.01352], [7.66903, 5.01228]]]}, "properties": {"name": "Ward 7", "lga": "Etim Ekpo", "state": "ak"}}, {"type": "Feature", "geometry": {"type": "Polygon", "coordinates": [[[7.48976, 4.9603], [7.4948, 4.96119], [7.49704, 4.95978], [7.51105, 4.95791], [7.52052, 4.95998], [7.52664, 4.96357], [7.53508, 4.96452], [7.54281, 4.95733], [7.54483, 4.95231], [7.53416, 4.93625], [7.52935, 4.94453], [7.5253, 4.9467], [7.52237, 4.93711], [7.52082, 4.93309], [7.52131, 4.92723], [7.51766, 4.92473], [7.51038, 4.92452], [7.50614, 4.92597], [7.49631, 4.9259], [7.49258, 4.92911], [7.48567, 4.93062], [7.48072, 4.93238], [7.48704, 4.93809], [7.48817, 4.93983], [7.49045, 4.94216], [7.49157, 4.94448], [7.49155, 4.94679], [7.49151, 4.95083], [7.49204, 4.95429], [7.49142, 4.95948], [7.48976, 4.9603]]]}, "properties": {"name": "Ward 10", "lga": "Etim Ekpo", "state": "ak"}}, {"type": "Feature", "geometry": {"type": "Polygon", "coordinates": [[[8.20169, 4.70496], [8.20762, 4.72947], [8.20715, 4.74384], [8.20715, 4.74385], [8.20875, 4.74626], [8.21313, 4.74465], [8.2201, 4.74085], [8.22072, 4.73527], [8.22069, 4.73497], [8.22277, 4.73298], [8.2228, 4.73093], [8.20169, 4.70496]]]}, "properties": {"name": "Eyokponung", "lga": "Udung Uko", "state": "ak"}}, {"type": "Feature", "geometry": {"type": "Polygon", "coordinates": [[[7.58507, 5.01546], [7.59751, 5.02206], [7.598, 5.02906], [7.59796, 5.03115], [7.60378, 5.04981], [7.61425, 5.04943], [7.61935, 5.04195], [7.61732, 5.02891], [7.62211, 5.01948], [7.61686, 5.01005], [7.61833, 5.00457], [7.62155, 4.99344], [7.62136, 4.99032], [7.5923, 4.99333], [7.58854, 4.99849], [7.58779, 4.99877], [7.58362, 5.01138], [7.58507, 5.01546]]]}, "properties": {"name": "Ward 3", "lga": "Etim Ekpo", "state": "ak"}}, {"type": "Feature", "geometry": {"type": "Polygon", "coordinates": [[[7.62136, 4.99032], [7.62155, 4.99344], [7.61833, 5.00457], [7.61686, 5.01005], [7.62211, 5.01948], [7.63711, 5.02083], [7.64068, 5.02421], [7.64266, 5.02582], [7.65625, 5.03639], [7.65791, 5.03571], [7.66061, 5.02722], [7.65893, 5.02354], [7.66027, 5.02255], [7.65847, 5.01944], [7.6581, 5.01455], [7.65853, 5.01385], [7.66026, 5.01399], [7.66127, 5.01214], [7.66673, 5.01551], [7.66672, 5.01398], [7.66903, 5.01228], [7.66811, 5.00945], [7.66889, 5.00241], [7.66683, 4.9957], [7.66722, 4.9954], [7.66453, 4.99107], [7.66663, 4.98732], [7.66512, 4.98412], [7.66584, 4.98306], [7.66756, 4.98125], [7.67023, 4.97808], [7.66687, 4.97795], [7.66224, 4.97668], [7.66304, 4.97282], [7.65757, 4.97242], [7.65004, 4.98145], [7.63943, 4.98453], [7.62659, 4.98136], [7.62156, 4.98946], [7.62136, 4.99032]]]}, "properties": {"name": "Ward 2", "lga": "Etim Ekpo", "state": "ak"}}, {"type": "Feature", "geometry": {"type": "Polygon", "coordinates": [[[8.23781, 4.75902], [8.2401, 4.75987], [8.2414, 4.76014], [8.24369, 4.7607], [8.24455, 4.76375], [8.25286, 4.76367], [8.25269, 4.75711], [8.24643, 4.75656], [8.2465, 4.75408], [8.24677, 4.75079], [8.24792, 4.74608], [8.24257, 4.74621], [8.23803, 4.74323], [8.23067, 4.75169], [8.23316, 4.75343], [8.23343, 4.75435], [8.2337, 4.75634], [8.23394, 4.75692], [8.2343, 4.75727], [8.23781, 4.75902]]]}, "properties": {"name": "Eyibia", "lga": "Udung Uko", "state": "ak"}}, {"type": "Feature", "geometry": {"type": "Polygon", "coordinates": [[[7.48081, 4.89701], [7.47702, 4.908], [7.48072, 4.93238], [7.48567, 4.93062], [7.49258, 4.92911], [7.49631, 4.9259], [7.50614, 4.92597], [7.51038, 4.92452], [7.51766, 4.92473], [7.52131, 4.92723], [7.52082, 4.93309], [7.52237, 4.93711], [7.5253, 4.9467], [7.52935, 4.94453], [7.53416, 4.93625], [7.53642, 4.92587], [7.54032, 4.92335], [7.52834, 4.90563], [7.52475, 4.90566], [7.52297, 4.90791], [7.51801, 4.91569], [7.51392, 4.91253], [7.50729, 4.91246], [7.50156, 4.9041], [7.49176, 4.9023], [7.48308, 4.8977], [7.48107, 4.89709], [7.48081, 4.89701]]]}, "properties": {"name": "Ward 9", "lga": "Etim Ekpo", "state": "ak"}}, {"type": "Feature", "geometry": {"type": "Polygon", "coordinates": [[[7.53416, 4.93625], [7.54483, 4.95231], [7.54281, 4.95733], [7.53508, 4.96452], [7.53565, 4.96514], [7.55212, 4.97859], [7.55227, 4.97872], [7.56313, 4.9745], [7.56316, 4.97438], [7.56501, 4.96611], [7.5691, 4.96104], [7.57092, 4.96002], [7.57939, 4.96149], [7.58124, 4.96413], [7.59349, 4.95645], [7.58406, 4.95211], [7.58351, 4.94055], [7.57801, 4.93774], [7.57475, 4.93653], [7.57312, 4.93743], [7.57001, 4.93745], [7.56422, 4.93759], [7.55302, 4.9317], [7.54496, 4.92278], [7.54032, 4.92335], [7.53642, 4.92587], [7.53416, 4.93625]]]}, "properties": {"name": "Ward 8", "lga": "Etim Ekpo", "state": "ak"}}, {"type": "Feature", "geometry": {"type": "Polygon", "coordinates": [[[7.87106, 4.89461], [7.86298, 4.89537], [7.85819, 4.90063], [7.8551, 4.90331], [7.85004, 4.90847], [7.8444, 4.91104], [7.84403, 4.92052], [7.84485, 4.92489], [7.8454, 4.93758], [7.84226, 4.94172], [7.84975, 4.94912], [7.85907, 4.94549], [7.86833, 4.94911], [7.87534, 4.94675], [7.87636, 4.94589], [7.86701, 4.93094], [7.88084, 4.92551], [7.88328, 4.92298], [7.88703, 4.91646], [7.8857, 4.91142], [7.87407, 4.90574], [7.87106, 4.89461]]]}, "properties": {"name": "Asang 4", "lga": "Nsit Ibom", "state": "ak"}}, {"type": "Feature", "geometry": {"type": "Polygon", "coordinates": [[[7.89643, 4.83361], [7.90783, 4.83854], [7.90869, 4.84222], [7.91363, 4.84662], [7.91521, 4.84828], [7.91559, 4.85491], [7.92565, 4.85859], [7.92747, 4.86054], [7.93872, 4.84869], [7.93669, 4.84578], [7.93264, 4.84281], [7.92868, 4.83786], [7.92699, 4.83324], [7.92645, 4.83057], [7.927, 4.82584], [7.92605, 4.82213], [7.91319, 4.81955], [7.90539, 4.81294], [7.90538, 4.81294], [7.89557, 4.83035], [7.89643, 4.83361]]]}, "properties": {"name": "Mbiaso 2", "lga": "Nsit Ibom", "state": "ak"}}, {"type": "Feature", "geometry": {"type": "Polygon", "coordinates": [[[7.86624, 4.84488], [7.86725, 4.84644], [7.86997, 4.85248], [7.86959, 4.85567], [7.8629, 4.8645], [7.8633, 4.8675], [7.86555, 4.87241], [7.87345, 4.87345], [7.88032, 4.86279], [7.8836, 4.86319], [7.88463, 4.86217], [7.8882, 4.85107], [7.89056, 4.85162], [7.89379, 4.85426], [7.89559, 4.85886], [7.89925, 4.86238], [7.90202, 4.86319], [7.9067, 4.86151], [7.90963, 4.86206], [7.91559, 4.85491], [7.91521, 4.84828], [7.91363, 4.84662], [7.90869, 4.84222], [7.90783, 4.83854], [7.89643, 4.83361], [7.8873, 4.84382], [7.88684, 4.84339], [7.87422, 4.83219], [7.86735, 4.8368], [7.86624, 4.84488]]]}, "properties": {"name": "Mbiaso 4", "lga": "Nsit Ibom", "state": "ak"}}, {"type": "Feature", "geometry": {"type": "Polygon", "coordinates": [[[7.87193, 4.89284], [7.87524, 4.89069], [7.88137, 4.88676], [7.88809, 4.89041], [7.88788, 4.89571], [7.89246, 4.90274], [7.90118, 4.89842], [7.91414, 4.90152], [7.91559, 4.90029], [7.91578, 4.8943], [7.91625, 4.89096], [7.9122, 4.88292], [7.90905, 4.88209], [7.90445, 4.88132], [7.8998, 4.8787], [7.8974, 4.87782], [7.89292, 4.87278], [7.8905, 4.87122], [7.88619, 4.86764], [7.8836, 4.86319], [7.88032, 4.86279], [7.87345, 4.87345], [7.86555, 4.87241], [7.86265, 4.87866], [7.87193, 4.89284]]]}, "properties": {"name": "Mbiaso 3", "lga": "Nsit Ibom", "state": "ak"}}, {"type": "Feature", "geometry": {"type": "Polygon", "coordinates": [[[7.63549, 5.10224], [7.67611, 5.10255], [7.6757, 5.106], [7.68137, 5.11023], [7.68179, 5.10951], [7.67983, 5.10271], [7.67557, 5.0879], [7.67316, 5.08438], [7.6716, 5.08266], [7.66862, 5.07839], [7.66678, 5.07334], [7.66413, 5.06878], [7.66241, 5.06016], [7.65665, 5.05143], [7.65365, 5.04585], [7.65625, 5.03639], [7.64266, 5.02582], [7.64068, 5.02421], [7.63711, 5.02083], [7.62211, 5.01948], [7.61732, 5.02891], [7.61935, 5.04195], [7.61425, 5.04943], [7.61616, 5.05286], [7.62889, 5.05959], [7.63232, 5.06424], [7.64129, 5.06892], [7.64249, 5.0723], [7.63826, 5.07974], [7.63883, 5.08405], [7.63817, 5.08793], [7.63911, 5.09045], [7.63549, 5.10224]]]}, "properties": {"name": "Ekpenyong 1", "lga": "Essien Udim", "state": "ak"}}, {"type": "Feature", "geometry": {"type": "Polygon", "coordinates": [[[7.55571, 5.0795], [7.56871, 5.09096], [7.56832, 5.09627], [7.57451, 5.10349], [7.57695, 5.10626], [7.57929, 5.10831], [7.58199, 5.10924], [7.58918, 5.11106], [7.59696, 5.11092], [7.59448, 5.10679], [7.60281, 5.10679], [7.60947, 5.10608], [7.62541, 5.10323], [7.63208, 5.10227], [7.63549, 5.10224], [7.63911, 5.09045], [7.63817, 5.08793], [7.63883, 5.08405], [7.63826, 5.07974], [7.64249, 5.0723], [7.64129, 5.06892], [7.63232, 5.06424], [7.62889, 5.05959], [7.61616, 5.05286], [7.61425, 5.04943], [7.60378, 5.04981], [7.60107, 5.05155], [7.59025, 5.05492], [7.58526, 5.06012], [7.57738, 5.0656], [7.56951, 5.06673], [7.56812, 5.06887], [7.55912, 5.07316], [7.55571, 5.0795]]]}, "properties": {"name": "Adiasin", "lga": "Essien Udim", "state": "ak"}}, {"type": "Feature", "geometry": {"type": "Polygon", "coordinates": [[[7.68179, 5.10951], [7.691, 5.10649], [7.69357, 5.10464], [7.70111, 5.09892], [7.69397, 5.09378], [7.6914, 5.09179], [7.69066, 5.09075], [7.70691, 5.08438], [7.72136, 5.08128], [7.73923, 5.08615], [7.74789, 5.08329], [7.75627, 5.07901], [7.75881, 5.07744], [7.76055, 5.07864], [7.76767, 5.08352], [7.77378, 5.09032], [7.77735, 5.09035], [7.77742, 5.08256], [7.77293, 5.07907], [7.77067, 5.07646], [7.7693, 5.07343], [7.76421, 5.0666], [7.76379, 5.06662], [7.75634, 5.07149], [7.75239, 5.07357], [7.74439, 5.0714], [7.73815, 5.07564], [7.73138, 5.07414], [7.72636, 5.07648], [7.72275, 5.07504], [7.71766, 5.06991], [7.7165, 5.06669], [7.71637, 5.06335], [7.71075, 5.05599], [7.7192, 5.048], [7.71278, 5.04352], [7.70628, 5.05029], [7.70612, 5.05474], [7.69899, 5.06147], [7.69928, 5.06294], [7.69998, 5.06818], [7.7024, 5.07378], [7.70182, 5.07739], [7.69907, 5.08204], [7.6961, 5.08401], [7.69719, 5.08498], [7.67557, 5.0879], [7.67983, 5.10271], [7.68179, 5.10951]]]}, "properties": {"name": "Okon", "lga": "Essien Udim", "state": "ak"}}, {"type": "Feature", "geometry": {"type": "Polygon", "coordinates": [[[7.6584, 5.14836], [7.64534, 5.14053], [7.62983, 5.14338], [7.6254, 5.1469], [7.62184, 5.15445], [7.61977, 5.15914], [7.61306, 5.16687], [7.61317, 5.16835], [7.61831, 5.17319], [7.62117, 5.17338], [7.62799, 5.17561], [7.64053, 5.17138], [7.65141, 5.1755], [7.65733, 5.16338], [7.6572, 5.15545], [7.65784, 5.15241], [7.6584, 5.14836]]]}, "properties": {"name": "Ukana West 1", "lga": "Essien Udim", "state": "ak"}}, {"type": "Feature", "geometry": {"type": "Polygon", "coordinates": [[[7.62023, 5.1471], [7.61812, 5.14876], [7.61649, 5.14979], [7.61098, 5.13745], [7.60847, 5.14269], [7.60573, 5.15599], [7.61306, 5.16687], [7.61977, 5.15914], [7.62184, 5.15445], [7.6254, 5.1469], [7.62983, 5.14338], [7.64534, 5.14053], [7.6584, 5.14836], [7.66692, 5.14619], [7.67353, 5.15344], [7.67803, 5.15538], [7.68147, 5.15551], [7.68521, 5.15362], [7.6932, 5.15059], [7.69705, 5.14714], [7.70448, 5.14519], [7.70952, 5.14625], [7.71289, 5.14514], [7.71804, 5.14299], [7.72083, 5.13853], [7.72164, 5.13744], [7.72411, 5.12784], [7.72496, 5.12717], [7.72848, 5.12626], [7.72199, 5.126], [7.717, 5.11958], [7.70987, 5.10356], [7.70111, 5.09892], [7.69357, 5.10464], [7.691, 5.10649], [7.68179, 5.10951], [7.68137, 5.11023], [7.6757, 5.106], [7.67744, 5.13827], [7.67217, 5.14043], [7.67068, 5.14051], [7.66502, 5.14079], [7.65792, 5.13821], [7.65461, 5.1376], [7.63682, 5.13745], [7.63109, 5.13986], [7.62928, 5.14092], [7.62536, 5.14258], [7.62189, 5.14484], [7.62023, 5.1471]]]}, "properties": {"name": "Ukana West 2", "lga": "Essien Udim", "state": "ak"}}, {"type": "Feature", "geometry": {"type": "Polygon", "coordinates": [[[7.61317, 5.16835], [7.61306, 5.16687], [7.60573, 5.15599], [7.59129, 5.15406], [7.59094, 5.15013], [7.58878, 5.14218], [7.58265, 5.13696], [7.5802, 5.13247], [7.57616, 5.12898], [7.57026, 5.12734], [7.56355, 5.12049], [7.54855, 5.11832], [7.54424, 5.11685], [7.53382, 5.11288], [7.53377, 5.14047], [7.52788, 5.15601], [7.53246, 5.17253], [7.55607, 5.16669], [7.56334, 5.16489], [7.57106, 5.16482], [7.57494, 5.16526], [7.58504, 5.16811], [7.58766, 5.17063], [7.60119, 5.17448], [7.61317, 5.16835]]]}, "properties": {"name": "Odoroikot 1", "lga": "Essien Udim", "state": "ak"}}, {"type": "Feature", "geometry": {"type": "Polygon", "coordinates": [[[7.54637, 5.08638], [7.54691, 5.08806], [7.54631, 5.09036], [7.53817, 5.10184], [7.53382, 5.11288], [7.54424, 5.11685], [7.54855, 5.11832], [7.56355, 5.12049], [7.57026, 5.12734], [7.57616, 5.12898], [7.5802, 5.13247], [7.58265, 5.13696], [7.58878, 5.14218], [7.59094, 5.15013], [7.59129, 5.15406], [7.60573, 5.15599], [7.60847, 5.14269], [7.61098, 5.13745], [7.60872, 5.13187], [7.60601, 5.12675], [7.6042, 5.12238], [7.60179, 5.11876], [7.59923, 5.11559], [7.59696, 5.11092], [7.58918, 5.11106], [7.58199, 5.10924], [7.57929, 5.10831], [7.57695, 5.10626], [7.57451, 5.10349], [7.56832, 5.09627], [7.56871, 5.09096], [7.55571, 5.0795], [7.55159, 5.08208], [7.54637, 5.08638]]]}, "properties": {"name": "Odoroikot 2", "lga": "Essien Udim", "state": "ak"}}, {"type": "Feature", "geometry": {"type": "Polygon", "coordinates": [[[8.01883, 4.62552], [8.01871, 4.62702], [8.01782, 4.63083], [8.01806, 4.63177], [8.01899, 4.63342], [8.01841, 4.64808], [8.01649, 4.65005], [8.01568, 4.65128], [8.00994, 4.65544], [8.01066, 4.65576], [8.01572, 4.65842], [8.02967, 4.66062], [8.03249, 4.65209], [8.03319, 4.65041], [8.04934, 4.62726], [8.04934, 4.62153], [8.05385, 4.59768], [8.05268, 4.59729], [8.05026, 4.5966], [8.02914, 4.58949], [8.02369, 4.59105], [8.01683, 4.59449], [8.01619, 4.59961], [8.0218, 4.60586], [8.02134, 4.60883], [8.02233, 4.61115], [8.02137, 4.61427], [8.01923, 4.61915], [8.01801, 4.62327], [8.01883, 4.62552]]]}, "properties": {"name": "Edo 2", "lga": "Esit Eket", "state": "ak"}}, {"type": "Feature", "geometry": {"type": "Polygon", "coordinates": [[[8.1113, 4.65004], [8.09677, 4.66224], [8.09686, 4.66289], [8.09664, 4.66427], [8.09927, 4.6669], [8.10149, 4.67075], [8.10372, 4.67447], [8.10317, 4.67506], [8.09814, 4.69514], [8.09906, 4.69581], [8.10415, 4.69602], [8.13414, 4.68432], [8.12661, 4.67194], [8.12405, 4.66733], [8.12335, 4.66104], [8.11903, 4.65682], [8.11173, 4.65072], [8.1113, 4.65004]]]}, "properties": {"name": "Etebi 1", "lga": "Esit Eket", "state": "ak"}}, {"type": "Feature", "geometry": {"type": "Polygon", "coordinates": [[[8.1113, 4.65004], [8.11173, 4.65072], [8.11903, 4.65682], [8.12335, 4.66104], [8.12405, 4.66733], [8.12661, 4.67194], [8.13414, 4.68432], [8.13476, 4.68428], [8.15421, 4.66717], [8.15417, 4.66664], [8.15396, 4.66214], [8.15576, 4.64402], [8.14203, 4.61438], [8.13713, 4.60137], [8.12309, 4.59942], [8.10949, 4.60158], [8.10567, 4.62149], [8.1113, 4.65004]]]}, "properties": {"name": "Etebi 2", "lga": "Esit Eket", "state": "ak"}}, {"type": "Feature", "geometry": {"type": "Polygon", "coordinates": [[[7.88273, 5.09677], [7.8815, 5.11449], [7.88008, 5.11847], [7.88103, 5.12329], [7.88556, 5.12897], [7.88417, 5.13231], [7.87939, 5.13483], [7.86808, 5.13276], [7.86328, 5.13635], [7.86109, 5.13829], [7.86186, 5.14564], [7.86035, 5.15096], [7.85584, 5.15774], [7.85611, 5.1618], [7.85607, 5.1688], [7.86703, 5.17102], [7.87191, 5.17587], [7.87339, 5.17453], [7.87609, 5.16925], [7.88046, 5.16746], [7.88324, 5.1722], [7.8835, 5.17248], [7.8873, 5.17184], [7.89066, 5.16982], [7.89307, 5.16739], [7.89141, 5.15915], [7.90365, 5.157], [7.90544, 5.15413], [7.91489, 5.15422], [7.91772, 5.15067], [7.91475, 5.14033], [7.90899, 5.13767], [7.90428, 5.12527], [7.89832, 5.11978], [7.89595, 5.11646], [7.89762, 5.09995], [7.89322, 5.09589], [7.88273, 5.09677]]]}, "properties": {"name": "Ikpa", "lga": "Ibiono Ibom", "state": "ak"}}, {"type": "Feature", "geometry": {"type": "Polygon", "coordinates": [[[8.04934, 4.62153], [8.06539, 4.62995], [8.08002, 4.63762], [8.08143, 4.63318], [8.09585, 4.6283], [8.10567, 4.62149], [8.10949, 4.60158], [8.0933, 4.59663], [8.06712, 4.595], [8.05385, 4.59768], [8.04934, 4.62153]]]}, "properties": {"name": "Ekpene Obo", "lga": "Esit Eket", "state": "ak"}}, {"type": "Feature", "geometry": {"type": "Polygon", "coordinates": [[[7.92111, 5.29584], [7.9297, 5.28507], [7.93146, 5.28104], [7.9338, 5.27645], [7.93497, 5.27357], [7.93557, 5.27069], [7.9356, 5.2678], [7.93604, 5.26612], [7.93094, 5.26073], [7.9203, 5.24822], [7.91992, 5.24193], [7.91586, 5.23421], [7.91368, 5.23081], [7.90753, 5.23365], [7.90234, 5.2383], [7.892, 5.25811], [7.88862, 5.26133], [7.88669, 5.26611], [7.88029, 5.27261], [7.87949, 5.27582], [7.88315, 5.28364], [7.89193, 5.28516], [7.90494, 5.28833], [7.90684, 5.28331], [7.92111, 5.29584]]]}, "properties": {"name": "Ibiaku", "lga": "Ibiono Ibom", "state": "ak"}}, {"type": "Feature", "geometry": {"type": "Polygon", "coordinates": [[[7.84583, 5.08697], [7.84779, 5.09514], [7.84341, 5.10175], [7.85137, 5.10658], [7.8682, 5.10377], [7.87623, 5.09589], [7.88273, 5.09677], [7.89322, 5.09589], [7.89762, 5.09995], [7.91462, 5.10159], [7.91622, 5.09927], [7.92012, 5.08238], [7.91066, 5.07438], [7.91045, 5.07429], [7.90345, 5.07664], [7.90307, 5.07623], [7.88666, 5.06923], [7.88383, 5.0706], [7.88259, 5.0706], [7.88377, 5.07519], [7.88077, 5.07996], [7.87985, 5.08014], [7.87861, 5.08013], [7.87698, 5.07928], [7.86462, 5.0708], [7.86334, 5.07219], [7.86114, 5.07473], [7.85802, 5.07807], [7.85568, 5.0817], [7.85115, 5.08923], [7.84986, 5.08911], [7.84583, 5.08697]]]}, "properties": {"name": "Ono", "lga": "Ibiono Ibom", "state": "ak"}}, {"type": "Feature", "geometry": {"type": "Polygon", "coordinates": [[[7.97982, 5.20716], [7.97056, 5.19704], [7.96992, 5.19467], [7.96728, 5.18542], [7.96327, 5.18007], [7.96116, 5.18066], [7.95663, 5.18206], [7.94969, 5.1838], [7.94286, 5.18153], [7.94187, 5.18202], [7.92929, 5.18149], [7.92599, 5.18233], [7.9223, 5.18339], [7.91993, 5.18899], [7.92016, 5.18954], [7.92825, 5.19751], [7.90954, 5.20385], [7.90776, 5.21443], [7.91439, 5.22244], [7.91368, 5.23081], [7.91586, 5.23421], [7.91992, 5.24193], [7.9203, 5.24822], [7.93094, 5.26073], [7.93604, 5.26612], [7.93777, 5.25431], [7.94007, 5.24972], [7.94352, 5.24514], [7.9481, 5.24171], [7.95382, 5.23829], [7.96182, 5.23603], [7.96641, 5.23145], [7.96872, 5.22572], [7.96983, 5.22027], [7.97335, 5.21195], [7.97609, 5.20829], [7.97982, 5.20716]]]}, "properties": {"name": "Odoro Aka Ididep", "lga": "Ibiono Ibom", "state": "ak"}}, {"type": "Feature", "geometry": {"type": "Polygon", "coordinates": [[[8.22277, 4.73298], [8.22069, 4.73497], [8.22072, 4.73527], [8.2201, 4.74085], [8.22424, 4.74216], [8.23826, 4.73959], [8.23893, 4.73841], [8.24021, 4.73649], [8.24003, 4.73081], [8.22505, 4.73265], [8.22503, 4.73265], [8.22277, 4.73298]]]}, "properties": {"name": "Ekim", "lga": "Udung Uko", "state": "ak"}}, {"type": "Feature", "geometry": {"type": "Polygon", "coordinates": [[[8.2275, 4.77541], [8.23631, 4.77712], [8.24296, 4.77852], [8.25023, 4.78158], [8.25194, 4.77832], [8.25506, 4.77556], [8.24469, 4.7695], [8.24331, 4.77246], [8.24281, 4.7725], [8.24255, 4.77284], [8.23951, 4.7728], [8.23869, 4.77395], [8.22537, 4.76824], [8.22761, 4.77502], [8.2275, 4.77541]]]}, "properties": {"name": "Eyosiosung", "lga": "Udung Uko", "state": "ak"}}, {"type": "Feature", "geometry": {"type": "Polygon", "coordinates": [[[8.2201, 4.74085], [8.21313, 4.74465], [8.20875, 4.74626], [8.20869, 4.75027], [8.2217, 4.75748], [8.22464, 4.75552], [8.23067, 4.75169], [8.23803, 4.74323], [8.238, 4.74142], [8.23826, 4.73959], [8.22424, 4.74216], [8.2201, 4.74085]]]}, "properties": {"name": "Eyotai", "lga": "Udung Uko", "state": "ak"}}, {"type": "Feature", "geometry": {"type": "Polygon", "coordinates": [[[7.78257, 5.28998], [7.77894, 5.28578], [7.76966, 5.28846], [7.7456, 5.29604], [7.75137, 5.31628], [7.75692, 5.31734], [7.76269, 5.3177], [7.7703, 5.31735], [7.7765, 5.31563], [7.78547, 5.31363], [7.79694, 5.29593], [7.78877, 5.29006], [7.78406, 5.29014], [7.78257, 5.28998]]]}, "properties": {"name": "Mbiabong Ikot", "lga": "Ini", "state": "ak"}}, {"type": "Feature", "geometry": {"type": "Polygon", "coordinates": [[[7.73944, 5.51343], [7.74276, 5.5173], [7.74563, 5.51675], [7.7485, 5.5162], [7.7589, 5.5082], [7.76008, 5.50532], [7.76023, 5.49032], [7.7614, 5.48802], [7.76313, 5.4863], [7.76546, 5.48286], [7.77817, 5.47315], [7.77992, 5.47028], [7.7811, 5.4674], [7.78286, 5.4628], [7.78878, 5.44438], [7.79276, 5.43988], [7.79284, 5.43979], [7.79861, 5.43638], [7.80901, 5.4278], [7.8211, 5.42329], [7.83832, 5.42169], [7.85035, 5.42237], [7.85322, 5.42239], [7.85608, 5.42241], [7.85838, 5.42185], [7.86126, 5.4213], [7.86356, 5.42017], [7.8653, 5.41845], [7.86649, 5.41442], [7.86766, 5.41154], [7.86827, 5.40808], [7.87119, 5.40234], [7.87295, 5.39889], [7.8757, 5.39481], [7.84274, 5.37049], [7.83303, 5.36524], [7.82625, 5.36416], [7.82018, 5.36416], [7.80733, 5.36274], [7.79948, 5.36345], [7.78984, 5.36488], [7.77164, 5.36488], [7.76272, 5.36738], [7.75508, 5.36763], [7.74772, 5.3713], [7.74023, 5.3738], [7.72841, 5.37282], [7.73943, 5.38145], [7.75047, 5.39635], [7.73877, 5.4539], [7.73944, 5.51343]]]}, "properties": {"name": "Itu Mbonuso", "lga": "Ini", "state": "ak"}}, {"type": "Feature", "geometry": {"type": "Polygon", "coordinates": [[[7.94065, 5.09448], [7.94479, 5.09494], [7.95042, 5.10052], [7.95297, 5.10217], [7.95508, 5.10402], [7.95723, 5.1075], [7.96019, 5.10917], [7.96605, 5.1119], [7.96998, 5.10843], [7.96981, 5.10197], [7.9741, 5.10115], [7.97737, 5.10012], [7.97881, 5.09953], [7.98052, 5.09827], [7.98136, 5.09408], [7.98131, 5.09042], [7.9747, 5.07026], [7.97417, 5.06787], [7.96588, 5.0701], [7.96306, 5.06913], [7.94161, 5.07376], [7.93495, 5.07677], [7.93396, 5.07868], [7.93884, 5.09275], [7.94065, 5.09448]]]}, "properties": {"name": "North Uruan 2", "lga": "Uruan", "state": "ak"}}, {"type": "Feature", "geometry": {"type": "Polygon", "coordinates": [[[8.1004, 5.08114], [8.10034, 5.06284], [8.09818, 5.04302], [8.10003, 5.0334], [8.10262, 5.02378], [8.11557, 5.00268], [8.12223, 4.99417], [8.12556, 4.98195], [8.13479, 4.97277], [8.14207, 4.96826], [8.16133, 4.96925], [8.14579, 4.96396], [8.1227, 4.96571], [8.1209, 4.96656], [8.11913, 4.96803], [8.10795, 4.97889], [8.09722, 4.9978], [8.09594, 4.99876], [8.08886, 5.01237], [8.08301, 5.01016], [8.05535, 5.01295], [8.05351, 5.01358], [8.04959, 5.02231], [8.03274, 5.0223], [8.02855, 5.02964], [8.02073, 5.03206], [8.01885, 5.03411], [8.01603, 5.03703], [8.01799, 5.04111], [8.02231, 5.04293], [8.02851, 5.0457], [8.03066, 5.04892], [8.02992, 5.05716], [8.03592, 5.07227], [8.05201, 5.08147], [8.07777, 5.0793], [8.09983, 5.09427], [8.1004, 5.08114]]]}, "properties": {"name": "Central Uruan 2", "lga": "Uruan", "state": "ak"}}, {"type": "Feature", "geometry": {"type": "Polygon", "coordinates": [[[8.04218, 4.8945], [8.04769, 4.90156], [8.04896, 4.91], [8.05464, 4.90645], [8.05639, 4.90893], [8.05446, 4.91012], [8.05705, 4.91577], [8.06129, 4.91983], [8.06031, 4.92388], [8.06968, 4.92355], [8.07988, 4.9187], [8.08295, 4.91829], [8.09796, 4.89626], [8.09985, 4.88415], [8.07377, 4.88547], [8.06655, 4.8867], [8.06188, 4.8847], [8.04918, 4.89101], [8.04221, 4.8945], [8.04218, 4.8945]]]}, "properties": {"name": "Southern Uruan 6", "lga": "Uruan", "state": "ak"}}, {"type": "Feature", "geometry": {"type": "Polygon", "coordinates": [[[8.02448, 4.98198], [8.02624, 4.9923], [8.02605, 4.9968], [8.03208, 5.00262], [8.03187, 5.02135], [8.03274, 5.0223], [8.04959, 5.02231], [8.05351, 5.01358], [8.04977, 5.00417], [8.05153, 4.99158], [8.04667, 4.98515], [8.04511, 4.9835], [8.04432, 4.97748], [8.02448, 4.98198]]]}, "properties": {"name": "Central Uruan 3", "lga": "Uruan", "state": "ak"}}, {"type": "Feature", "geometry": {"type": "Polygon", "coordinates": [[[8.02772, 4.9143], [8.02774, 4.91644], [8.02561, 4.92507], [8.02381, 4.92861], [8.02697, 4.93313], [8.03816, 4.93828], [8.0473, 4.93907], [8.05091, 4.94058], [8.0527, 4.93881], [8.05651, 4.93533], [8.05647, 4.92988], [8.0563, 4.92692], [8.06031, 4.92388], [8.06129, 4.91983], [8.05705, 4.91577], [8.05446, 4.91012], [8.05118, 4.91284], [8.04946, 4.91754], [8.03558, 4.91428], [8.03689, 4.91781], [8.03568, 4.91781], [8.02772, 4.9143]]]}, "properties": {"name": "Southern Uruan 4", "lga": "Uruan", "state": "ak"}}, {"type": "Feature", "geometry": {"type": "Polygon", "coordinates": [[[8.05048, 4.96518], [8.05253, 4.96649], [8.05722, 4.97055], [8.06416, 4.96996], [8.06598, 4.96973], [8.06865, 4.96708], [8.06971, 4.96452], [8.07074, 4.96233], [8.07284, 4.9591], [8.074, 4.95994], [8.07962, 4.96701], [8.07684, 4.97162], [8.11913, 4.96803], [8.1209, 4.96656], [8.1227, 4.96571], [8.09091, 4.93351], [8.08295, 4.91829], [8.07988, 4.9187], [8.06968, 4.92355], [8.06031, 4.92388], [8.0563, 4.92692], [8.05647, 4.92988], [8.05651, 4.93533], [8.0527, 4.93881], [8.05091, 4.94058], [8.05609, 4.94415], [8.05929, 4.94658], [8.0607, 4.94927], [8.05575, 4.95388], [8.05272, 4.95524], [8.05039, 4.95574], [8.04711, 4.95791], [8.04367, 4.95781], [8.04173, 4.95823], [8.05048, 4.96518]]]}, "properties": {"name": "Southern Uruan 3", "lga": "Uruan", "state": "ak"}}, {"type": "Feature", "geometry": {"type": "Polygon", "coordinates": [[[7.70086, 4.78029], [7.69788, 4.77404], [7.66961, 4.78821], [7.65867, 4.79131], [7.65462, 4.79273], [7.65176, 4.79392], [7.65771, 4.80028], [7.66384, 4.80596], [7.66955, 4.81167], [7.68989, 4.8438], [7.69489, 4.84737], [7.69953, 4.85129], [7.70702, 4.85807], [7.72701, 4.88948], [7.74843, 4.92839], [7.75293, 4.93359], [7.7565, 4.93687], [7.75858, 4.94133], [7.76086, 4.94443], [7.76749, 4.94366], [7.76997, 4.94039], [7.77157, 4.93967], [7.77491, 4.93234], [7.77803, 4.92527], [7.77865, 4.92089], [7.77834, 4.91605], [7.7771, 4.91054], [7.77582, 4.90273], [7.77829, 4.89877], [7.77194, 4.89141], [7.76897, 4.88755], [7.76242, 4.881], [7.75231, 4.87624], [7.74726, 4.87297], [7.73923, 4.86988], [7.73447, 4.86333], [7.72078, 4.83954], [7.7184, 4.83329], [7.71722, 4.82645], [7.71543, 4.82021], [7.71513, 4.81426], [7.71246, 4.80861], [7.70978, 4.80414], [7.70829, 4.79671], [7.70621, 4.7907], [7.70324, 4.78445], [7.70086, 4.78029]]]}, "properties": {"name": "Ibesit", "lga": "Oruk Anam", "state": "ak"}}, {"type": "Feature", "geometry": {"type": "Polygon", "coordinates": [[[7.80452, 4.65982], [7.80289, 4.65767], [7.78671, 4.66719], [7.77149, 4.67243], [7.75104, 4.69124], [7.7569, 4.69412], [7.76097, 4.69548], [7.76564, 4.69759], [7.76758, 4.7003], [7.7688, 4.70394], [7.77688, 4.70294], [7.78099, 4.70309], [7.7877, 4.70196], [7.78678, 4.70764], [7.80742, 4.71694], [7.81168, 4.70926], [7.80785, 4.70093], [7.80737, 4.69989], [7.80422, 4.69026], [7.80315, 4.6813], [7.80812, 4.67476], [7.81067, 4.67268], [7.81497, 4.66901], [7.81222, 4.66719], [7.80803, 4.66262], [7.80452, 4.65982]]]}, "properties": {"name": "Ikpa Ibom1", "lga": "Mkpat Enin", "state": "ak"}}, {"type": "Feature", "geometry": {"type": "Polygon", "coordinates": [[[8.02812, 5.24383], [8.02802, 5.23627], [8.02826, 5.23127], [8.02993, 5.22627], [8.0304, 5.22294], [8.0304, 5.20367], [8.03064, 5.19891], [8.0373, 5.17392], [8.03897, 5.16917], [8.04087, 5.16488], [8.04349, 5.16155], [8.0473, 5.15989], [8.04872, 5.15893], [8.05586, 5.15536], [8.0583, 5.15533], [8.0579, 5.14557], [8.05494, 5.13386], [8.05395, 5.11183], [8.05091, 5.1096], [8.04582, 5.1083], [8.04164, 5.10699], [8.03655, 5.10569], [8.03008, 5.10534], [8.02661, 5.10448], [8.01986, 5.10113], [8.01339, 5.1214], [8.01309, 5.12616], [8.01101, 5.13805], [8.00774, 5.14757], [8.00417, 5.1788], [8.00209, 5.18535], [7.99971, 5.1901], [7.99525, 5.19576], [7.99227, 5.19903], [7.98959, 5.20438], [7.98816, 5.2062], [7.99269, 5.2067], [7.99748, 5.21242], [8.00333, 5.21919], [8.00657, 5.22567], [8.00981, 5.23816], [8.01675, 5.24695], [8.01769, 5.24704], [8.02812, 5.24383]]]}, "properties": {"name": "Oku Iboku", "lga": "Itu", "state": "ak"}}, {"type": "Feature", "geometry": {"type": "Polygon", "coordinates": [[[8.07171, 5.13404], [8.07536, 5.1315], [8.07931, 5.12875], [8.08393, 5.12553], [8.06461, 5.13141], [8.05395, 5.11183], [8.05494, 5.13386], [8.0579, 5.14557], [8.0583, 5.15533], [8.05586, 5.15536], [8.04872, 5.15893], [8.0473, 5.15989], [8.04349, 5.16155], [8.04087, 5.16488], [8.03897, 5.16917], [8.0373, 5.17392], [8.03064, 5.19891], [8.0304, 5.20367], [8.0304, 5.22294], [8.02993, 5.22627], [8.02826, 5.23127], [8.02802, 5.23627], [8.02812, 5.24383], [8.04158, 5.23461], [8.05515, 5.21734], [8.06163, 5.20624], [8.06438, 5.20074], [8.06533, 5.19884], [8.06672, 5.18172], [8.06579, 5.17247], [8.06424, 5.16687], [8.06301, 5.15812], [8.06391, 5.15188], [8.06487, 5.14517], [8.06968, 5.13597], [8.07171, 5.13404]]]}, "properties": {"name": "Ayadehe / Mbiabo", "lga": "Itu", "state": "ak"}}, {"type": "Feature", "geometry": {"type": "Polygon", "coordinates": [[[7.83065, 5.04405], [7.82914, 5.04027], [7.82897, 5.04033], [7.82828, 5.04093], [7.82496, 5.04485], [7.8212, 5.04929], [7.82058, 5.05243], [7.81926, 5.05484], [7.8148, 5.06233], [7.81581, 5.06869], [7.81254, 5.07394], [7.8126, 5.07481], [7.81297, 5.0799], [7.81057, 5.08279], [7.80782, 5.08399], [7.81778, 5.10871], [7.83176, 5.13399], [7.83451, 5.13653], [7.83504, 5.12707], [7.83545, 5.10933], [7.83617, 5.10565], [7.83694, 5.1017], [7.83554, 5.08628], [7.8347, 5.07708], [7.83454, 5.0674], [7.83648, 5.05864], [7.83371, 5.0517], [7.83065, 5.04405]]]}, "properties": {"name": "Itak", "lga": "Ikono", "state": "ak"}}, {"type": "Feature", "geometry": {"type": "Polygon", "coordinates": [[[7.93202, 4.7648], [7.93254, 4.76268], [7.93303, 4.76083], [7.93271, 4.75894], [7.92912, 4.75246], [7.92278, 4.74072], [7.918, 4.73385], [7.92185, 4.72486], [7.92479, 4.72448], [7.93417, 4.72313], [7.901, 4.71454], [7.89785, 4.71372], [7.89229, 4.71364], [7.8911, 4.72276], [7.87461, 4.72087], [7.87289, 4.72896], [7.87046, 4.73522], [7.8706, 4.74375], [7.87321, 4.74831], [7.87401, 4.75498], [7.8737, 4.76444], [7.87334, 4.77066], [7.87273, 4.77597], [7.90349, 4.77859], [7.91074, 4.77719], [7.9139, 4.77472], [7.92014, 4.77056], [7.92698, 4.76788], [7.93202, 4.7648]]]}, "properties": {"name": "Itreto", "lga": "Nsit Ubium", "state": "ak"}}, {"type": "Feature", "geometry": {"type": "Polygon", "coordinates": [[[7.83749, 4.85599], [7.84777, 4.8562], [7.85178, 4.85588], [7.86227, 4.8518], [7.85681, 4.84909], [7.85549, 4.84843], [7.85271, 4.84573], [7.85523, 4.83512], [7.84616, 4.81788], [7.84232, 4.82095], [7.83236, 4.82228], [7.83106, 4.82496], [7.82872, 4.83108], [7.83409, 4.8334], [7.8351, 4.83415], [7.83617, 4.83721], [7.83709, 4.84015], [7.83809, 4.84181], [7.83749, 4.85599]]]}, "properties": {"name": "Urban 1", "lga": "Etinan", "state": "ak"}}, {"type": "Feature", "geometry": {"type": "Polygon", "coordinates": [[[7.7778, 5.09625], [7.77378, 5.09032], [7.76767, 5.08352], [7.76055, 5.07864], [7.75881, 5.07744], [7.75627, 5.07901], [7.74789, 5.08329], [7.73923, 5.08615], [7.72136, 5.08128], [7.70691, 5.08438], [7.69066, 5.09075], [7.6914, 5.09179], [7.69397, 5.09378], [7.70111, 5.09892], [7.70987, 5.10356], [7.717, 5.11958], [7.72199, 5.126], [7.72848, 5.12626], [7.74045, 5.12095], [7.74383, 5.11125], [7.7448, 5.11156], [7.74771, 5.11139], [7.75362, 5.10699], [7.75912, 5.09872], [7.76132, 5.09642], [7.77219, 5.09544], [7.77547, 5.09544], [7.7778, 5.09625]]]}, "properties": {"name": "Ukana East", "lga": "Essien Udim", "state": "ak"}}, {"type": "Feature", "geometry": {"type": "Polygon", "coordinates": [[[7.84274, 5.37049], [7.8757, 5.39481], [7.87644, 5.39372], [7.88398, 5.38455], [7.87611, 5.3689], [7.87798, 5.36705], [7.88037, 5.3668], [7.88133, 5.3626], [7.88482, 5.35858], [7.88829, 5.35515], [7.89176, 5.35171], [7.89639, 5.34829], [7.90042, 5.34601], [7.90332, 5.34315], [7.90448, 5.34143], [7.90394, 5.33854], [7.90167, 5.33563], [7.89939, 5.33446], [7.89653, 5.33328], [7.87585, 5.33716], [7.87296, 5.33944], [7.87065, 5.34115], [7.86834, 5.34287], [7.84883, 5.34444], [7.84598, 5.34326], [7.84199, 5.34092], [7.84087, 5.33745], [7.84216, 5.33576], [7.82694, 5.31764], [7.80943, 5.31748], [7.78547, 5.31363], [7.7765, 5.31563], [7.77568, 5.32138], [7.77568, 5.324], [7.77592, 5.32733], [7.79948, 5.36345], [7.80733, 5.36274], [7.82018, 5.36416], [7.82625, 5.36416], [7.83303, 5.36524], [7.84274, 5.37049]]]}, "properties": {"name": "Ikpe Ikot Nkon / Ikpe 2", "lga": "Ini", "state": "ak"}}, {"type": "Feature", "geometry": {"type": "Polygon", "coordinates": [[[7.87871, 4.67992], [7.89276, 4.68099], [7.89543, 4.67952], [7.90306, 4.67758], [7.90717, 4.67381], [7.91, 4.67178], [7.91137, 4.67076], [7.91366, 4.67254], [7.91362, 4.67405], [7.91627, 4.67974], [7.91193, 4.68009], [7.91265, 4.68458], [7.91384, 4.6865], [7.91498, 4.68676], [7.91586, 4.68667], [7.92265, 4.68594], [7.92371, 4.68283], [7.92982, 4.67449], [7.93252, 4.67261], [7.9322, 4.66997], [7.93038, 4.66479], [7.92466, 4.65957], [7.92281, 4.65789], [7.89314, 4.64771], [7.88867, 4.64502], [7.88511, 4.64293], [7.88113, 4.65026], [7.87848, 4.65596], [7.87598, 4.67645], [7.87871, 4.67992]]]}, "properties": {"name": "Urban 1", "lga": "Eket", "state": "ak"}}, {"type": "Feature", "geometry": {"type": "Polygon", "coordinates": [[[8.00373, 5.01449], [8.00091, 5.03215], [7.99291, 5.03846], [7.98833, 5.0455], [7.98422, 5.05108], [7.98486, 5.05992], [7.99203, 5.06237], [8.0063, 5.07395], [8.01099, 5.0737], [8.03592, 5.07227], [8.02992, 5.05716], [8.03066, 5.04892], [8.02851, 5.0457], [8.02231, 5.04293], [8.01799, 5.04111], [8.01603, 5.03703], [8.01885, 5.03411], [8.02073, 5.03206], [8.02855, 5.02964], [8.03274, 5.0223], [8.03187, 5.02135], [8.01415, 5.01267], [8.00373, 5.01449]]]}, "properties": {"name": "Central Uruan 1", "lga": "Uruan", "state": "ak"}}, {"type": "Feature", "geometry": {"type": "Polygon", "coordinates": [[[7.67048, 5.35185], [7.66763, 5.35661], [7.66477, 5.36066], [7.6609, 5.36712], [7.65285, 5.36911], [7.63847, 5.3652], [7.62484, 5.36451], [7.61964, 5.37175], [7.62198, 5.38809], [7.63008, 5.4021], [7.63267, 5.40659], [7.63477, 5.4212], [7.63645, 5.42526], [7.63814, 5.42815], [7.63926, 5.43047], [7.64267, 5.43396], [7.64444, 5.435], [7.65992, 5.43112], [7.66563, 5.42922], [7.68086, 5.42826], [7.68704, 5.42684], [7.69418, 5.42398], [7.69989, 5.42303], [7.67048, 5.35185]]]}, "properties": {"name": "Nkari", "lga": "Ini", "state": "ak"}}, {"type": "Feature", "geometry": {"type": "Polygon", "coordinates": [[[8.00396, 4.92457], [8.00472, 4.92306], [8.00593, 4.92259], [8.01558, 4.92222], [8.01668, 4.92106], [8.01665, 4.91812], [8.01411, 4.91707], [8.01298, 4.9147], [8.01825, 4.9109], [8.01991, 4.91143], [8.02072, 4.9119], [8.02224, 4.91216], [8.02694, 4.91042], [8.02743, 4.9107], [8.02772, 4.9143], [8.03568, 4.91781], [8.03689, 4.91781], [8.03558, 4.91428], [8.04946, 4.91754], [8.05118, 4.91284], [8.05446, 4.91012], [8.05639, 4.90893], [8.05464, 4.90645], [8.04896, 4.91], [8.04769, 4.90156], [8.04218, 4.8945], [8.03973, 4.89371], [8.03289, 4.89939], [8.01889, 4.90719], [8.01876, 4.9071], [8.00597, 4.90657], [7.99853, 4.91858], [8.00396, 4.92457]]]}, "properties": {"name": "Southern Uruan 5", "lga": "Uruan", "state": "ak"}}, {"type": "Feature", "geometry": {"type": "Polygon", "coordinates": [[[7.83396, 5.03385], [7.84018, 5.02729], [7.8395, 5.02591], [7.8395, 5.02477], [7.84311, 5.02484], [7.84372, 5.0237], [7.84278, 5.01586], [7.84338, 5.01578], [7.84451, 5.01597], [7.84507, 5.0163], [7.84631, 5.01519], [7.84682, 5.01456], [7.84703, 5.01396], [7.84694, 5.01333], [7.84689, 5.0127], [7.84712, 5.00872], [7.84682, 5.00816], [7.84569, 5.00656], [7.84803, 5.00461], [7.85142, 5.00343], [7.85482, 5.00574], [7.85626, 5.00144], [7.85427, 4.99327], [7.83982, 4.99091], [7.82875, 4.98608], [7.8256, 4.99375], [7.82887, 5.00125], [7.82605, 5.00759], [7.8291, 5.01299], [7.82874, 5.01561], [7.82692, 5.01989], [7.8275, 5.02584], [7.8276, 5.02785], [7.83396, 5.03385]]]}, "properties": {"name": "Ikono 1", "lga": "Uyo", "state": "ak"}}, {"type": "Feature", "geometry": {"type": "Polygon", "coordinates": [[[8.2229, 4.63827], [8.2249, 4.6475], [8.22434, 4.65144], [8.22186, 4.6567], [8.22204, 4.65943], [8.2295, 4.66454], [8.23566, 4.66298], [8.24168, 4.66373], [8.24799, 4.67096], [8.25158, 4.66168], [8.25168, 4.65567], [8.26284, 4.63686], [8.26717, 4.63379], [8.27055, 4.63257], [8.27229, 4.63227], [8.27716, 4.63283], [8.27866, 4.63335], [8.27993, 4.63408], [8.28685, 4.63886], [8.28794, 4.63295], [8.28869, 4.62979], [8.28884, 4.62647], [8.28884, 4.61878], [8.2829, 4.62332], [8.23972, 4.61695], [8.23694, 4.61606], [8.22474, 4.62899], [8.2251, 4.63288], [8.22774, 4.63503], [8.22769, 4.63695], [8.22643, 4.63725], [8.22489, 4.63668], [8.2234, 4.63694], [8.2229, 4.63827]]]}, "properties": {"name": "Enwang 1", "lga": "Mbo", "state": "ak"}}, {"type": "Feature", "geometry": {"type": "Polygon", "coordinates": [[[7.70269, 4.98209], [7.69173, 4.97849], [7.68785, 4.98273], [7.68311, 4.97808], [7.68066, 4.97889], [7.67792, 4.97937], [7.67524, 4.97968], [7.67282, 4.97942], [7.67023, 4.97808], [7.66756, 4.98125], [7.66584, 4.98306], [7.66512, 4.98412], [7.66663, 4.98732], [7.66453, 4.99107], [7.66722, 4.9954], [7.66683, 4.9957], [7.66889, 5.00241], [7.66811, 5.00945], [7.66903, 5.01228], [7.66991, 5.01352], [7.67271, 5.01258], [7.67407, 5.01345], [7.68206, 5.00557], [7.68289, 5.0055], [7.68352, 5.00896], [7.68367, 5.01047], [7.68359, 5.0113], [7.69385, 5.00884], [7.69296, 5.00202], [7.70882, 5.00393], [7.71048, 5.00258], [7.71081, 4.99617], [7.71812, 4.99114], [7.71661, 4.98054], [7.7087, 4.97536], [7.70269, 4.98209]]]}, "properties": {"name": "Ward 6", "lga": "Etim Ekpo", "state": "ak"}}, {"type": "Feature", "geometry": {"type": "Polygon", "coordinates": [[[7.69314, 4.53914], [7.69679, 4.54479], [7.69786, 4.54716], [7.70269, 4.54595], [7.72432, 4.54052], [7.72487, 4.53582], [7.72499, 4.53358], [7.71113, 4.52577], [7.7046, 4.52036], [7.70377, 4.51869], [7.67888, 4.52032], [7.67362, 4.52832], [7.69314, 4.53914]]]}, "properties": {"name": "Ikonta", "lga": "Eastern Obolo", "state": "ak"}}, {"type": "Feature", "geometry": {"type": "Polygon", "coordinates": [[[7.7644, 4.83864], [7.7715, 4.84935], [7.77785, 4.85707], [7.78398, 4.86549], [7.78668, 4.87542], [7.79049, 4.88153], [7.80143, 4.88376], [7.80661, 4.87541], [7.80523, 4.86919], [7.80744, 4.8623], [7.80786, 4.85785], [7.81473, 4.8482], [7.81721, 4.84268], [7.82872, 4.83108], [7.83106, 4.82496], [7.80891, 4.81027], [7.80639, 4.80721], [7.79728, 4.80499], [7.79031, 4.82144], [7.79171, 4.82446], [7.78449, 4.83073], [7.77983, 4.83135], [7.77811, 4.83124], [7.77346, 4.82647], [7.76958, 4.81792], [7.77061, 4.81538], [7.75269, 4.80747], [7.74539, 4.80954], [7.74413, 4.81179], [7.75477, 4.8282], [7.7644, 4.83864]]]}, "properties": {"name": "Ikpa Ikono 1", "lga": "Mkpat Enin", "state": "ak"}}, {"type": "Feature", "geometry": {"type": "Polygon", "coordinates": [[[7.68626, 4.56966], [7.69397, 4.56075], [7.69786, 4.54716], [7.69679, 4.54479], [7.69314, 4.53914], [7.67362, 4.52832], [7.66565, 4.53495], [7.66436, 4.5352], [7.65792, 4.54366], [7.65047, 4.55107], [7.6411, 4.55476], [7.64083, 4.53952], [7.64034, 4.53797], [7.63543, 4.53936], [7.63242, 4.54101], [7.61622, 4.55945], [7.62437, 4.5602], [7.63116, 4.5625], [7.63401, 4.56508], [7.63672, 4.57187], [7.63536, 4.57974], [7.62844, 4.58843], [7.62688, 4.60038], [7.62301, 4.60397], [7.61745, 4.60241], [7.61466, 4.60404], [7.61191, 4.61046], [7.61568, 4.61436], [7.61624, 4.62099], [7.62006, 4.61907], [7.6258, 4.62033], [7.63179, 4.61661], [7.63487, 4.61887], [7.63803, 4.61211], [7.64198, 4.61349], [7.64705, 4.61189], [7.64421, 4.60615], [7.64445, 4.60415], [7.64488, 4.60235], [7.6449, 4.6007], [7.64366, 4.59955], [7.64142, 4.59886], [7.64197, 4.59106], [7.6428, 4.59098], [7.64588, 4.59362], [7.64935, 4.59442], [7.65123, 4.59416], [7.65389, 4.59264], [7.6587, 4.5982], [7.65986, 4.59917], [7.65873, 4.6], [7.65733, 4.59989], [7.6568, 4.60068], [7.65856, 4.60149], [7.66079, 4.60281], [7.66257, 4.60364], [7.66276, 4.60498], [7.66174, 4.60653], [7.66231, 4.60809], [7.66373, 4.61187], [7.65858, 4.61288], [7.65579, 4.61584], [7.65457, 4.61782], [7.65064, 4.61879], [7.65903, 4.61924], [7.66434, 4.62297], [7.67026, 4.62278], [7.67662, 4.60758], [7.67594, 4.58882], [7.68226, 4.57756], [7.68419, 4.5769], [7.68626, 4.56966]]]}, "properties": {"name": "Ukpon Ete 2", "lga": "Ikot Abasi", "state": "ak"}}, {"type": "Feature", "geometry": {"type": "Polygon", "coordinates": [[[8.11602, 4.74045], [8.1188, 4.74298], [8.11905, 4.74423], [8.11813, 4.7558], [8.12366, 4.76434], [8.12719, 4.77273], [8.1426, 4.76649], [8.15175, 4.76796], [8.1525, 4.76795], [8.15389, 4.76333], [8.1527, 4.75491], [8.15238, 4.75124], [8.14785, 4.74367], [8.15, 4.73348], [8.15025, 4.73283], [8.14823, 4.73179], [8.13444, 4.72992], [8.12926, 4.72656], [8.11686, 4.72864], [8.11251, 4.73166], [8.11602, 4.74045]]]}, "properties": {"name": "Urue Offong 5", "lga": "Urue Offong/Oruko", "state": "ak"}}, {"type": "Feature", "geometry": {"type": "Polygon", "coordinates": [[[8.12474, 4.77841], [8.12745, 4.78748], [8.13039, 4.79106], [8.13946, 4.80427], [8.14184, 4.80647], [8.14713, 4.80897], [8.1508, 4.80967], [8.16158, 4.81762], [8.1669, 4.81879], [8.16944, 4.83365], [8.18402, 4.82667], [8.18728, 4.81717], [8.18722, 4.81645], [8.18642, 4.81568], [8.18214, 4.7998], [8.18035, 4.79546], [8.18066, 4.79207], [8.17444, 4.78188], [8.17466, 4.77508], [8.16173, 4.76803], [8.15458, 4.76905], [8.1525, 4.76795], [8.15175, 4.76796], [8.1426, 4.76649], [8.12719, 4.77273], [8.12474, 4.77841]]]}, "properties": {"name": "Offi 2", "lga": "Okobo", "state": "ak"}}, {"type": "Feature", "geometry": {"type": "Polygon", "coordinates": [[[8.16133, 4.96925], [8.18385, 4.9654], [8.18697, 4.95881], [8.19592, 4.95436], [8.18372, 4.89646], [8.18402, 4.89401], [8.17752, 4.88548], [8.16732, 4.87861], [8.1561, 4.8686], [8.14779, 4.86392], [8.14297, 4.87231], [8.13349, 4.87824], [8.12206, 4.88353], [8.12003, 4.8856], [8.1003, 4.88349], [8.09985, 4.88415], [8.09796, 4.89626], [8.08295, 4.91829], [8.09091, 4.93351], [8.1227, 4.96571], [8.14579, 4.96396], [8.16133, 4.96925]]]}, "properties": {"name": "Ekeya", "lga": "Okobo", "state": "ak"}}, {"type": "Feature", "geometry": {"type": "Polygon", "coordinates": [[[7.83451, 5.13653], [7.84059, 5.14998], [7.83414, 5.15837], [7.84264, 5.17397], [7.84225, 5.17447], [7.8457, 5.19444], [7.85792, 5.1886], [7.85997, 5.18501], [7.86681, 5.18278], [7.87186, 5.17711], [7.87191, 5.17587], [7.86703, 5.17102], [7.85607, 5.1688], [7.85611, 5.1618], [7.85584, 5.15774], [7.86035, 5.15096], [7.86186, 5.14564], [7.86109, 5.13829], [7.86328, 5.13635], [7.86808, 5.13276], [7.87939, 5.13483], [7.88417, 5.13231], [7.88556, 5.12897], [7.88103, 5.12329], [7.88008, 5.11847], [7.8815, 5.11449], [7.88273, 5.09677], [7.87623, 5.09589], [7.8682, 5.10377], [7.86348, 5.10496], [7.85972, 5.1058], [7.8548, 5.10603], [7.85137, 5.10658], [7.84341, 5.10175], [7.84779, 5.09514], [7.84583, 5.08697], [7.84325, 5.08582], [7.84197, 5.07738], [7.84217, 5.07398], [7.84376, 5.06338], [7.84303, 5.05884], [7.84478, 5.055], [7.84589, 5.04477], [7.85089, 5.04138], [7.85203, 5.02912], [7.84951, 5.02852], [7.84018, 5.02729], [7.83396, 5.03385], [7.83375, 5.03586], [7.82914, 5.04027], [7.83065, 5.04405], [7.83371, 5.0517], [7.83648, 5.05864], [7.83454, 5.0674], [7.8347, 5.07708], [7.83554, 5.08628], [7.83694, 5.1017], [7.83617, 5.10565], [7.83545, 5.10933], [7.83504, 5.12707], [7.83451, 5.13653]]]}, "properties": {"name": "Okopediuse", "lga": "Ibiono Ibom", "state": "ak"}}, {"type": "Feature", "geometry": {"type": "Polygon", "coordinates": [[[7.61241, 4.73508], [7.61474, 4.74008], [7.61642, 4.74109], [7.6244, 4.74369], [7.64513, 4.73917], [7.64633, 4.7366], [7.64696, 4.72884], [7.64989, 4.72403], [7.65494, 4.70955], [7.66211, 4.70769], [7.67296, 4.695], [7.66919, 4.68623], [7.65719, 4.68613], [7.6564, 4.68675], [7.63912, 4.68634], [7.63975, 4.68148], [7.63752, 4.67357], [7.63084, 4.6689], [7.62327, 4.67022], [7.61195, 4.66078], [7.60663, 4.66374], [7.58974, 4.65827], [7.58634, 4.67009], [7.59186, 4.67672], [7.59495, 4.68186], [7.59673, 4.68643], [7.59996, 4.69382], [7.6013, 4.69736], [7.60444, 4.70128], [7.60034, 4.70859], [7.58107, 4.71853], [7.58042, 4.72081], [7.5997, 4.73336], [7.60802, 4.73246], [7.61241, 4.73508]]]}, "properties": {"name": "Abak Midim 2", "lga": "Oruk Anam", "state": "ak"}}, {"type": "Feature", "geometry": {"type": "Polygon", "coordinates": [[[7.60168, 5.22459], [7.59497, 5.22621], [7.59215, 5.22876], [7.60068, 5.25469], [7.61196, 5.25824], [7.61658, 5.24877], [7.62486, 5.2422], [7.63253, 5.24924], [7.65114, 5.23714], [7.6471, 5.22957], [7.64904, 5.22318], [7.64969, 5.21821], [7.65122, 5.20611], [7.64849, 5.19805], [7.64724, 5.19668], [7.64154, 5.19777], [7.63547, 5.20051], [7.62815, 5.20641], [7.62245, 5.20833], [7.61669, 5.21012], [7.60909, 5.21199], [7.60168, 5.22459]]]}, "properties": {"name": "Ikot Abia 1", "lga": "Obot Akara", "state": "ak"}}, {"type": "Feature", "geometry": {"type": "Polygon", "coordinates": [[[7.87513, 4.9666], [7.88562, 4.97063], [7.88877, 4.97195], [7.88814, 4.95473], [7.88313, 4.94453], [7.87636, 4.94589], [7.87534, 4.94675], [7.86833, 4.94911], [7.85907, 4.94549], [7.84975, 4.94912], [7.84865, 4.9623], [7.85305, 4.96244], [7.86148, 4.96821], [7.86237, 4.97259], [7.85677, 4.97799], [7.85378, 4.97789], [7.85226, 4.97963], [7.85276, 4.983], [7.85445, 4.99301], [7.86178, 4.98882], [7.86258, 4.98386], [7.86594, 4.98102], [7.86847, 4.97633], [7.86823, 4.97505], [7.87513, 4.9666]]]}, "properties": {"name": "Asang 2", "lga": "Nsit Ibom", "state": "ak"}}, {"type": "Feature", "geometry": {"type": "Polygon", "coordinates": [[[8.23781, 4.75902], [8.2343, 4.75727], [8.23394, 4.75692], [8.2337, 4.75634], [8.23343, 4.75435], [8.23316, 4.75343], [8.23067, 4.75169], [8.22464, 4.75552], [8.2217, 4.75748], [8.22168, 4.75961], [8.22217, 4.7644], [8.22384, 4.76687], [8.22537, 4.76824], [8.23673, 4.77351], [8.24369, 4.7607], [8.2414, 4.76014], [8.2401, 4.75987], [8.23781, 4.75902]]]}, "properties": {"name": "Uboro-Isong-Iyang", "lga": "Udung Uko", "state": "ak"}}, {"type": "Feature", "geometry": {"type": "Polygon", "coordinates": [[[7.96461, 4.97712], [7.96553, 4.97755], [7.96626, 4.97597], [7.96863, 4.97439], [7.97073, 4.9762], [7.97157, 4.97611], [7.97563, 4.97684], [7.97723, 4.97988], [7.97817, 4.98012], [7.97898, 4.9799], [7.97957, 4.98015], [7.98575, 4.98697], [7.98631, 4.99471], [7.98872, 5.0006], [7.99794, 5.01361], [8.0029, 5.01415], [8.00373, 5.01449], [8.01415, 5.01267], [8.03187, 5.02135], [8.03208, 5.00262], [8.02605, 4.9968], [8.02624, 4.9923], [8.02448, 4.98198], [8.02441, 4.98156], [8.01312, 4.97686], [8.01218, 4.97057], [8.0046, 4.96741], [8.00102, 4.9655], [7.99909, 4.9634], [7.99383, 4.95955], [7.99187, 4.95282], [7.99117, 4.95149], [7.98346, 4.9526], [7.98157, 4.95288], [7.9714, 4.96288], [7.96807, 4.9638], [7.96461, 4.97712]]]}, "properties": {"name": "Etoi 2", "lga": "Uyo", "state": "ak"}}, {"type": "Feature", "geometry": {"type": "Polygon", "coordinates": [[[7.93093, 5.03414], [7.93215, 5.03759], [7.93615, 5.04052], [7.9349, 5.04195], [7.93684, 5.04445], [7.93722, 5.04673], [7.93598, 5.0495], [7.93666, 5.05265], [7.93883, 5.05452], [7.93888, 5.05629], [7.94307, 5.05512], [7.94547, 5.05118], [7.94888, 5.04253], [7.94809, 5.03962], [7.94914, 5.03812], [7.95, 5.03702], [7.95008, 5.03495], [7.94897, 5.03248], [7.9474, 5.03147], [7.9459, 5.03086], [7.94427, 5.02427], [7.94338, 5.02418], [7.94042, 5.02145], [7.93887, 5.02294], [7.93758, 5.0239], [7.9381, 5.02444], [7.93593, 5.02463], [7.93386, 5.03081], [7.93201, 5.03207], [7.93053, 5.03313], [7.93093, 5.03414]]]}, "properties": {"name": "Urban 3", "lga": "Uyo", "state": "ak"}}, {"type": "Feature", "geometry": {"type": "Polygon", "coordinates": [[[7.85203, 5.02912], [7.85673, 5.02639], [7.85993, 5.02907], [7.86293, 5.0362], [7.86607, 5.03878], [7.86754, 5.0384], [7.87697, 5.04495], [7.87922, 5.04418], [7.8815, 5.03607], [7.88008, 5.03312], [7.8787, 5.0317], [7.87729, 5.03068], [7.87611, 5.03229], [7.87387, 5.03093], [7.86181, 5.02123], [7.86049, 5.01915], [7.8586, 5.01491], [7.85955, 5.01079], [7.8604, 5.0105], [7.86185, 5.01085], [7.86207, 5.01049], [7.85891, 5.00261], [7.85887, 5.00259], [7.85626, 5.00144], [7.85482, 5.00574], [7.85142, 5.00343], [7.84803, 5.00461], [7.84569, 5.00656], [7.84682, 5.00816], [7.84712, 5.00872], [7.84689, 5.0127], [7.84694, 5.01333], [7.84703, 5.01396], [7.84682, 5.01456], [7.84631, 5.01519], [7.84507, 5.0163], [7.84451, 5.01597], [7.84338, 5.01578], [7.84278, 5.01586], [7.84372, 5.0237], [7.84311, 5.02484], [7.8395, 5.02477], [7.8395, 5.02591], [7.84018, 5.02729], [7.84951, 5.02852], [7.85203, 5.02912]]]}, "properties": {"name": "Oku 1", "lga": "Uyo", "state": "ak"}}, {"type": "Feature", "geometry": {"type": "Polygon", "coordinates": [[[7.80208, 4.89736], [7.80573, 4.91458], [7.80768, 4.92624], [7.82033, 4.92867], [7.82746, 4.9243], [7.82823, 4.92345], [7.8296, 4.92178], [7.82705, 4.91698], [7.82414, 4.9144], [7.82219, 4.90958], [7.82209, 4.90603], [7.82016, 4.90011], [7.82106, 4.89499], [7.82169, 4.89448], [7.82266, 4.8919], [7.82032, 4.8797], [7.81712, 4.87733], [7.80661, 4.87541], [7.80143, 4.88376], [7.79809, 4.89029], [7.80208, 4.89736]]]}, "properties": {"name": "Ikono 2", "lga": "Uyo", "state": "ak"}}, {"type": "Feature", "geometry": {"type": "Polygon", "coordinates": [[[7.89787, 5.04061], [7.91224, 5.04607], [7.91301, 5.04687], [7.91838, 5.05159], [7.91865, 5.05182], [7.92074, 5.05142], [7.92453, 5.05453], [7.92645, 5.05654], [7.92951, 5.05856], [7.93006, 5.06597], [7.93001, 5.06796], [7.93495, 5.07677], [7.94161, 5.07376], [7.96306, 5.06913], [7.94927, 5.05248], [7.94547, 5.05118], [7.94307, 5.05512], [7.93888, 5.05629], [7.93883, 5.05452], [7.93666, 5.05265], [7.93598, 5.0495], [7.93091, 5.05152], [7.92768, 5.05401], [7.92513, 5.04693], [7.92238, 5.0447], [7.91956, 5.04396], [7.91754, 5.04404], [7.91584, 5.04381], [7.91618, 5.04191], [7.91539, 5.03923], [7.91423, 5.03954], [7.91473, 5.03726], [7.91568, 5.03415], [7.91491, 5.03416], [7.91483, 5.03353], [7.91448, 5.03302], [7.91356, 5.03395], [7.91324, 5.03361], [7.91252, 5.03513], [7.91139, 5.03376], [7.9107, 5.03443], [7.90841, 5.03315], [7.90658, 5.03439], [7.90599, 5.03464], [7.90233, 5.03464], [7.899, 5.0385], [7.89552, 5.03666], [7.89787, 5.04061]]]}, "properties": {"name": "Oku 2", "lga": "Uyo", "state": "ak"}}, {"type": "Feature", "geometry": {"type": "Polygon", "coordinates": [[[8.29862, 4.69439], [8.27234, 4.69426], [8.26553, 4.69801], [8.25952, 4.69975], [8.25446, 4.70248], [8.24694, 4.70756], [8.24531, 4.72012], [8.24003, 4.73081], [8.24021, 4.73649], [8.26064, 4.74652], [8.27861, 4.72725], [8.30459, 4.71807], [8.3129, 4.71637], [8.29862, 4.69439]]]}, "properties": {"name": "Ebughu 1", "lga": "Mbo", "state": "ak"}}, {"type": "Feature", "geometry": {"type": "Polygon", "coordinates": [[[8.15576, 4.64402], [8.17828, 4.6475], [8.18197, 4.64571], [8.19348, 4.64332], [8.2063, 4.62865], [8.2153, 4.61833], [8.22189, 4.60394], [8.21728, 4.59437], [8.20844, 4.59175], [8.20215, 4.59103], [8.18183, 4.588], [8.15023, 4.59506], [8.1475, 4.59623], [8.13713, 4.60137], [8.14203, 4.61438], [8.15576, 4.64402]]]}, "properties": {"name": "Uda 2", "lga": "Mbo", "state": "ak"}}, {"type": "Feature", "geometry": {"type": "Polygon", "coordinates": [[[8.22189, 4.60394], [8.2153, 4.61833], [8.2063, 4.62865], [8.19348, 4.64332], [8.18197, 4.64571], [8.17828, 4.6475], [8.15576, 4.64402], [8.15396, 4.66214], [8.15417, 4.66664], [8.15421, 4.66717], [8.168, 4.67944], [8.17387, 4.68201], [8.18197, 4.68114], [8.18804, 4.68012], [8.19359, 4.67447], [8.21921, 4.67554], [8.22595, 4.66671], [8.2295, 4.66454], [8.22204, 4.65943], [8.22186, 4.6567], [8.22434, 4.65144], [8.2249, 4.6475], [8.2229, 4.63827], [8.2234, 4.63694], [8.22489, 4.63668], [8.22643, 4.63725], [8.22769, 4.63695], [8.22774, 4.63503], [8.2251, 4.63288], [8.22474, 4.62899], [8.23694, 4.61606], [8.22189, 4.60394]]]}, "properties": {"name": "Uda 1", "lga": "Mbo", "state": "ak"}}, {"type": "Feature", "geometry": {"type": "Polygon", "coordinates": [[[8.24694, 4.70756], [8.25446, 4.70248], [8.25952, 4.69975], [8.26553, 4.69801], [8.27234, 4.69426], [8.29862, 4.69439], [8.29237, 4.68107], [8.28139, 4.68484], [8.25902, 4.6824], [8.24799, 4.67096], [8.24168, 4.66373], [8.23566, 4.66298], [8.2295, 4.66454], [8.22595, 4.66671], [8.21921, 4.67554], [8.22078, 4.68173], [8.2245, 4.68696], [8.22948, 4.68742], [8.24471, 4.69722], [8.24741, 4.70008], [8.24697, 4.70219], [8.24694, 4.70756]]]}, "properties": {"name": "Ebughu 2", "lga": "Mbo", "state": "ak"}}, {"type": "Feature", "geometry": {"type": "Polygon", "coordinates": [[[7.83584, 4.70038], [7.83468, 4.706], [7.8342, 4.70713], [7.83332, 4.70957], [7.83018, 4.71282], [7.82646, 4.71798], [7.81853, 4.7202], [7.81143, 4.72274], [7.8028, 4.72105], [7.80143, 4.72585], [7.80363, 4.73098], [7.80646, 4.741], [7.80827, 4.7425], [7.81881, 4.73942], [7.82002, 4.73729], [7.82573, 4.73594], [7.82676, 4.7308], [7.84811, 4.74133], [7.84921, 4.74057], [7.85761, 4.74376], [7.8625, 4.74974], [7.86802, 4.76042], [7.8737, 4.76444], [7.87401, 4.75498], [7.87321, 4.74831], [7.8706, 4.74375], [7.87046, 4.73522], [7.87289, 4.72896], [7.87461, 4.72087], [7.86753, 4.71533], [7.8595, 4.7087], [7.85361, 4.70334], [7.85341, 4.70046], [7.85188, 4.69615], [7.83584, 4.70038]]]}, "properties": {"name": "South Iman 4", "lga": "Etinan", "state": "ak"}}, {"type": "Feature", "geometry": {"type": "Polygon", "coordinates": [[[7.79728, 4.80499], [7.80639, 4.80721], [7.80891, 4.81027], [7.81168, 4.8065], [7.80954, 4.80139], [7.80567, 4.79689], [7.81456, 4.79475], [7.82456, 4.79452], [7.82889, 4.7959], [7.8338, 4.78782], [7.83971, 4.77957], [7.83962, 4.77915], [7.83775, 4.77824], [7.82398, 4.77436], [7.82629, 4.76558], [7.83103, 4.75974], [7.8208, 4.75454], [7.79849, 4.75934], [7.79704, 4.76091], [7.79445, 4.76729], [7.79977, 4.78104], [7.7905, 4.78822], [7.79037, 4.78847], [7.78642, 4.79611], [7.78993, 4.79867], [7.79728, 4.80499]]]}, "properties": {"name": "South Iman 1", "lga": "Etinan", "state": "ak"}}, {"type": "Feature", "geometry": {"type": "Polygon", "coordinates": [[[7.82175, 4.9537], [7.82414, 4.9553], [7.82379, 4.95797], [7.83571, 4.97076], [7.83688, 4.97132], [7.84865, 4.9623], [7.84975, 4.94912], [7.84226, 4.94172], [7.8404, 4.94073], [7.83819, 4.94039], [7.83874, 4.93676], [7.8344, 4.9333], [7.82974, 4.93176], [7.82979, 4.93037], [7.83174, 4.92673], [7.83029, 4.92496], [7.82951, 4.92496], [7.82823, 4.92345], [7.82746, 4.9243], [7.82033, 4.92867], [7.81902, 4.9322], [7.81757, 4.93555], [7.81708, 4.93702], [7.81736, 4.93919], [7.81691, 4.94141], [7.81574, 4.94877], [7.81758, 4.95203], [7.82175, 4.9537]]]}, "properties": {"name": "North Iman 1", "lga": "Etinan", "state": "ak"}}, {"type": "Feature", "geometry": {"type": "Polygon", "coordinates": [[[7.82169, 4.89448], [7.82106, 4.89499], [7.82016, 4.90011], [7.82209, 4.90603], [7.82219, 4.90958], [7.82414, 4.9144], [7.82705, 4.91698], [7.8296, 4.92178], [7.82823, 4.92345], [7.82951, 4.92496], [7.83029, 4.92496], [7.83174, 4.92673], [7.82979, 4.93037], [7.82974, 4.93176], [7.8344, 4.9333], [7.83874, 4.93676], [7.83819, 4.94039], [7.8404, 4.94073], [7.84226, 4.94172], [7.8454, 4.93758], [7.84485, 4.92489], [7.84403, 4.92052], [7.8444, 4.91104], [7.85004, 4.90847], [7.8551, 4.90331], [7.85819, 4.90063], [7.86298, 4.89537], [7.87106, 4.89461], [7.87193, 4.89284], [7.86265, 4.87866], [7.85645, 4.88168], [7.85337, 4.88613], [7.84719, 4.88939], [7.84449, 4.88966], [7.84144, 4.88887], [7.83603, 4.88921], [7.83432, 4.89054], [7.83163, 4.89653], [7.83219, 4.89959], [7.82169, 4.89448]]]}, "properties": {"name": "North Iman 2", "lga": "Etinan", "state": "ak"}}, {"type": "Feature", "geometry": {"type": "Polygon", "coordinates": [[[7.86515, 4.81011], [7.84795, 4.81928], [7.84616, 4.81788], [7.85523, 4.83512], [7.85271, 4.84573], [7.85549, 4.84843], [7.85681, 4.84909], [7.86624, 4.84488], [7.86735, 4.8368], [7.87422, 4.83219], [7.87541, 4.8288], [7.86515, 4.81011]]]}, "properties": {"name": "Urban 3", "lga": "Etinan", "state": "ak"}}, {"type": "Feature", "geometry": {"type": "Polygon", "coordinates": [[[7.84811, 4.74133], [7.84506, 4.74504], [7.84324, 4.74702], [7.84033, 4.75303], [7.83769, 4.7598], [7.83982, 4.76846], [7.83968, 4.77895], [7.83962, 4.77915], [7.83971, 4.77957], [7.84441, 4.78405], [7.84546, 4.7897], [7.86695, 4.80707], [7.87529, 4.79802], [7.87187, 4.79396], [7.86833, 4.79201], [7.86854, 4.78789], [7.87096, 4.78038], [7.87273, 4.77597], [7.87334, 4.77066], [7.8737, 4.76444], [7.86802, 4.76042], [7.8625, 4.74974], [7.85761, 4.74376], [7.84921, 4.74057], [7.84811, 4.74133]]]}, "properties": {"name": "South Iman 2", "lga": "Etinan", "state": "ak"}}, {"type": "Feature", "geometry": {"type": "Polygon", "coordinates": [[[7.902, 4.56475], [7.89958, 4.57349], [7.89513, 4.58809], [7.89365, 4.61126], [7.9082, 4.61094], [7.91214, 4.61342], [7.92416, 4.60965], [7.92559, 4.60203], [7.94357, 4.60252], [7.94037, 4.57559], [7.94305, 4.5747], [7.94707, 4.57342], [7.94435, 4.55984], [7.94129, 4.55836], [7.93158, 4.55983], [7.92869, 4.56571], [7.92187, 4.56876], [7.91843, 4.56478], [7.9124, 4.56471], [7.902, 4.56475]]]}, "properties": {"name": "Central 5", "lga": "Eket", "state": "ak"}}, {"type": "Feature", "geometry": {"type": "Polygon", "coordinates": [[[7.79849, 4.75934], [7.8208, 4.75454], [7.83103, 4.75974], [7.82629, 4.76558], [7.82398, 4.77436], [7.83775, 4.77824], [7.83962, 4.77915], [7.83968, 4.77895], [7.83982, 4.76846], [7.83769, 4.7598], [7.84033, 4.75303], [7.84324, 4.74702], [7.84506, 4.74504], [7.84811, 4.74133], [7.82676, 4.7308], [7.82573, 4.73594], [7.82002, 4.73729], [7.81881, 4.73942], [7.80827, 4.7425], [7.80803, 4.74463], [7.79853, 4.75917], [7.79849, 4.75934]]]}, "properties": {"name": "South Iman 3", "lga": "Etinan", "state": "ak"}}, {"type": "Feature", "geometry": {"type": "Polygon", "coordinates": [[[7.82609, 4.85882], [7.83096, 4.86421], [7.83415, 4.87337], [7.83669, 4.87066], [7.83886, 4.86926], [7.84275, 4.86999], [7.84463, 4.87022], [7.84873, 4.86912], [7.85106, 4.86837], [7.85422, 4.86749], [7.8633, 4.8675], [7.8629, 4.8645], [7.86959, 4.85567], [7.86997, 4.85248], [7.86725, 4.84644], [7.86624, 4.84488], [7.86285, 4.84719], [7.86, 4.84712], [7.85817, 4.84783], [7.85681, 4.84909], [7.86227, 4.8518], [7.8596, 4.85263], [7.85748, 4.85395], [7.85473, 4.85531], [7.85178, 4.85588], [7.84777, 4.8562], [7.83749, 4.85599], [7.83809, 4.84181], [7.83709, 4.84015], [7.83617, 4.83721], [7.8351, 4.83415], [7.83409, 4.8334], [7.82872, 4.83108], [7.81721, 4.84268], [7.82493, 4.84361], [7.82119, 4.85174], [7.82609, 4.85882]]]}, "properties": {"name": "Urban 2", "lga": "Etinan", "state": "ak"}}, {"type": "Feature", "geometry": {"type": "Polygon", "coordinates": [[[7.82169, 4.89448], [7.83219, 4.89959], [7.83163, 4.89653], [7.83432, 4.89054], [7.83603, 4.88921], [7.84144, 4.88887], [7.84449, 4.88966], [7.84719, 4.88939], [7.85337, 4.88613], [7.85645, 4.88168], [7.86265, 4.87866], [7.86555, 4.87241], [7.8633, 4.8675], [7.85422, 4.86749], [7.85106, 4.86837], [7.84873, 4.86912], [7.84463, 4.87022], [7.84275, 4.86999], [7.83886, 4.86926], [7.83669, 4.87066], [7.83415, 4.87337], [7.83021, 4.87914], [7.82032, 4.8797], [7.82266, 4.8919], [7.82169, 4.89448]]]}, "properties": {"name": "Urban 4", "lga": "Etinan", "state": "ak"}}, {"type": "Feature", "geometry": {"type": "Polygon", "coordinates": [[[7.89365, 4.61126], [7.89325, 4.62792], [7.89638, 4.63137], [7.91718, 4.64021], [7.91805, 4.63879], [7.91895, 4.63705], [7.92281, 4.64083], [7.9234, 4.63998], [7.92403, 4.63925], [7.92544, 4.63809], [7.93252, 4.63728], [7.93274, 4.63932], [7.93383, 4.63936], [7.93579, 4.63974], [7.93532, 4.64039], [7.93498, 4.64123], [7.93463, 4.64252], [7.93931, 4.64358], [7.93916, 4.64569], [7.95086, 4.64967], [7.95078, 4.64862], [7.95005, 4.64439], [7.94932, 4.63895], [7.95193, 4.63776], [7.95379, 4.63647], [7.95103, 4.63211], [7.95067, 4.62955], [7.94788, 4.62406], [7.94389, 4.61946], [7.94173, 4.61812], [7.94024, 4.61562], [7.93763, 4.61075], [7.93339, 4.60926], [7.92893, 4.60824], [7.92645, 4.60491], [7.92559, 4.60203], [7.92416, 4.60965], [7.91214, 4.61342], [7.9082, 4.61094], [7.89365, 4.61126]]]}, "properties": {"name": "Urban 4", "lga": "Eket", "state": "ak"}}, {"type": "Feature", "geometry": {"type": "Polygon", "coordinates": [[[8.00994, 4.65544], [8.00008, 4.66312], [7.99644, 4.67113], [7.99392, 4.67263], [7.99591, 4.6781], [8.00237, 4.67815], [8.00463, 4.68232], [8.00161, 4.68228], [8.00251, 4.68247], [8.00672, 4.68431], [8.00877, 4.68468], [8.0125, 4.68487], [8.02205, 4.68598], [8.03427, 4.68213], [8.0301, 4.66163], [8.02967, 4.66062], [8.01572, 4.65842], [8.01066, 4.65576], [8.00994, 4.65544]]]}, "properties": {"name": "Central 4", "lga": "Eket", "state": "ak"}}, {"type": "Feature", "geometry": {"type": "Polygon", "coordinates": [[[7.91586, 4.68667], [7.91258, 4.69371], [7.91263, 4.69482], [7.91375, 4.69924], [7.91209, 4.69922], [7.91027, 4.69858], [7.90975, 4.69899], [7.90876, 4.69939], [7.90656, 4.69988], [7.89102, 4.70889], [7.89229, 4.71364], [7.89785, 4.71372], [7.901, 4.71454], [7.93417, 4.72313], [7.93871, 4.71113], [7.95228, 4.70489], [7.96069, 4.69469], [7.93252, 4.67261], [7.92982, 4.67449], [7.92371, 4.68283], [7.92265, 4.68594], [7.91586, 4.68667]]]}, "properties": {"name": "Okon 1", "lga": "Eket", "state": "ak"}}, {"type": "Feature", "geometry": {"type": "Polygon", "coordinates": [[[7.95005, 4.64439], [7.95078, 4.64862], [7.95086, 4.64967], [7.96082, 4.65365], [7.95024, 4.66243], [7.949, 4.66142], [7.94772, 4.66116], [7.94642, 4.66115], [7.94546, 4.66666], [7.94444, 4.66616], [7.9429, 4.66556], [7.94321, 4.66679], [7.94321, 4.66768], [7.94238, 4.66785], [7.93398, 4.67315], [7.943, 4.68034], [7.94453, 4.68107], [7.96069, 4.69469], [7.9627, 4.69376], [7.96581, 4.68987], [7.96603, 4.68274], [7.96563, 4.67339], [7.96744, 4.67347], [7.96755, 4.67274], [7.96962, 4.67237], [7.96871, 4.66751], [7.97177, 4.6662], [7.9739, 4.66551], [7.97528, 4.66496], [7.97307, 4.66244], [7.97429, 4.66181], [7.97563, 4.66077], [7.97749, 4.65948], [7.98996, 4.65938], [7.98726, 4.65284], [7.98761, 4.64679], [7.98961, 4.64524], [7.99204, 4.64446], [7.99382, 4.64428], [7.99787, 4.64353], [8.00066, 4.64665], [8.00508, 4.6448], [8.00561, 4.64153], [8.00126, 4.61397], [7.99945, 4.61507], [7.99646, 4.61769], [7.99658, 4.63345], [7.98738, 4.63418], [7.98218, 4.6299], [7.97926, 4.62957], [7.9781, 4.63365], [7.97466, 4.63497], [7.97148, 4.63325], [7.96599, 4.64013], [7.96128, 4.63987], [7.95738, 4.64098], [7.95526, 4.64141], [7.95558, 4.64279], [7.95005, 4.64439]]]}, "properties": {"name": "Central 2", "lga": "Eket", "state": "ak"}}, {"type": "Feature", "geometry": {"type": "Polygon", "coordinates": [[[7.63802, 4.83144], [7.65281, 4.83804], [7.6528, 4.84323], [7.6586, 4.84896], [7.65891, 4.85941], [7.67203, 4.87313], [7.67926, 4.87453], [7.69085, 4.87129], [7.69277, 4.87201], [7.69449, 4.89291], [7.69047, 4.89929], [7.70007, 4.91147], [7.69962, 4.91741], [7.70756, 4.917], [7.7077, 4.91862], [7.70879, 4.91749], [7.71056, 4.91834], [7.71109, 4.91654], [7.71211, 4.91746], [7.7132, 4.91612], [7.7145, 4.91619], [7.71454, 4.91985], [7.71567, 4.92444], [7.71627, 4.92715], [7.72145, 4.93307], [7.72392, 4.93699], [7.72674, 4.93973], [7.72927, 4.93949], [7.72938, 4.94083], [7.74926, 4.95509], [7.75546, 4.95546], [7.75712, 4.95618], [7.75923, 4.95949], [7.76272, 4.95491], [7.76512, 4.95762], [7.76777, 4.96034], [7.76969, 4.96096], [7.77119, 4.96171], [7.77206, 4.96234], [7.77268, 4.96308], [7.77577, 4.96608], [7.77745, 4.96738], [7.77944, 4.96768], [7.77987, 4.968], [7.78071, 4.96521], [7.78119, 4.96366], [7.78186, 4.96354], [7.78351, 4.96393], [7.78534, 4.96444], [7.78643, 4.963], [7.78739, 4.9574], [7.78802, 4.95545], [7.78783, 4.94961], [7.79354, 4.94103], [7.79169, 4.93873], [7.78579, 4.93518], [7.77916, 4.92664], [7.77803, 4.92527], [7.77491, 4.93234], [7.77157, 4.93967], [7.76997, 4.94039], [7.76749, 4.94366], [7.76086, 4.94443], [7.75858, 4.94133], [7.7565, 4.93687], [7.75293, 4.93359], [7.74843, 4.92839], [7.74557, 4.9241], [7.72701, 4.88948], [7.70702, 4.85807], [7.69953, 4.85129], [7.69489, 4.84737], [7.68989, 4.8438], [7.66955, 4.81167], [7.66384, 4.80596], [7.65771, 4.80028], [7.63028, 4.80754], [7.63032, 4.8144], [7.63762, 4.82156], [7.63802, 4.83144]]]}, "properties": {"name": "Ndot Ikot Okoro 3", "lga": "Oruk Anam", "state": "ak"}}, {"type": "Feature", "geometry": {"type": "Polygon", "coordinates": [[[7.95005, 4.64439], [7.95558, 4.64279], [7.95526, 4.64141], [7.95738, 4.64098], [7.96128, 4.63987], [7.96599, 4.64013], [7.97148, 4.63325], [7.97466, 4.63497], [7.9781, 4.63365], [7.97926, 4.62957], [7.98218, 4.6299], [7.98738, 4.63418], [7.99658, 4.63345], [7.99646, 4.61769], [7.99945, 4.61507], [8.00126, 4.61397], [8.00109, 4.61291], [8.00285, 4.60211], [7.99882, 4.60223], [7.97293, 4.58702], [7.96256, 4.58531], [7.95774, 4.58451], [7.94707, 4.57342], [7.94305, 4.5747], [7.94037, 4.57559], [7.94357, 4.60252], [7.92559, 4.60203], [7.92645, 4.60491], [7.92893, 4.60824], [7.93339, 4.60926], [7.93763, 4.61075], [7.94024, 4.61562], [7.94173, 4.61812], [7.94389, 4.61946], [7.94788, 4.62406], [7.95067, 4.62955], [7.95103, 4.63211], [7.95379, 4.63647], [7.95193, 4.63776], [7.94932, 4.63895], [7.95005, 4.64439]]]}, "properties": {"name": "Central 1", "lga": "Eket", "state": "ak"}}, {"type": "Feature", "geometry": {"type": "Polygon", "coordinates": [[[7.91586, 4.68667], [7.91498, 4.68676], [7.91384, 4.6865], [7.91265, 4.68458], [7.91193, 4.68009], [7.91627, 4.67974], [7.91362, 4.67405], [7.91366, 4.67254], [7.91137, 4.67076], [7.91, 4.67178], [7.90717, 4.67381], [7.90306, 4.67758], [7.89543, 4.67952], [7.89276, 4.68099], [7.87871, 4.67992], [7.88672, 4.70237], [7.89102, 4.70889], [7.90656, 4.69988], [7.90876, 4.69939], [7.90975, 4.69899], [7.91027, 4.69858], [7.91209, 4.69922], [7.91375, 4.69924], [7.91263, 4.69482], [7.91258, 4.69371], [7.91586, 4.68667]]]}, "properties": {"name": "Okon 2", "lga": "Eket", "state": "ak"}}, {"type": "Feature", "geometry": {"type": "Polygon", "coordinates": [[[7.93916, 4.64569], [7.93931, 4.64358], [7.93463, 4.64252], [7.93498, 4.64123], [7.93532, 4.64039], [7.93579, 4.63974], [7.93383, 4.63936], [7.93274, 4.63932], [7.93252, 4.63728], [7.92544, 4.63809], [7.92403, 4.63925], [7.9234, 4.63998], [7.92281, 4.64083], [7.91895, 4.63705], [7.91805, 4.63879], [7.91718, 4.64021], [7.89638, 4.63137], [7.89325, 4.62792], [7.88511, 4.64293], [7.88867, 4.64502], [7.89314, 4.64771], [7.92281, 4.65789], [7.92466, 4.65957], [7.92639, 4.65745], [7.92731, 4.65094], [7.92672, 4.6481], [7.92616, 4.64574], [7.92579, 4.64439], [7.93916, 4.64569]]]}, "properties": {"name": "Urban 3", "lga": "Eket", "state": "ak"}}, {"type": "Feature", "geometry": {"type": "Polygon", "coordinates": [[[7.81111, 5.11112], [7.81333, 5.11732], [7.8147, 5.12114], [7.79817, 5.12893], [7.79944, 5.13054], [7.79764, 5.13495], [7.79861, 5.14217], [7.79247, 5.15079], [7.78968, 5.15378], [7.7836, 5.15827], [7.77868, 5.16377], [7.79381, 5.17683], [7.80609, 5.18251], [7.80954, 5.18545], [7.81912, 5.1857], [7.82325, 5.18601], [7.84264, 5.17397], [7.83414, 5.15837], [7.84059, 5.14998], [7.83451, 5.13653], [7.83176, 5.13399], [7.81688, 5.10655], [7.81536, 5.10785], [7.81145, 5.10959], [7.81111, 5.11112]]]}, "properties": {"name": "Ediene 1", "lga": "Ikono", "state": "ak"}}, {"type": "Feature", "geometry": {"type": "Polygon", "coordinates": [[[7.81207, 5.2784], [7.81468, 5.27697], [7.82159, 5.27515], [7.82912, 5.26851], [7.83014, 5.26313], [7.83238, 5.25783], [7.83531, 5.25019], [7.84403, 5.24727], [7.83829, 5.2304], [7.82927, 5.23299], [7.82655, 5.2332], [7.81978, 5.23284], [7.81091, 5.2377], [7.80521, 5.2367], [7.79172, 5.22763], [7.78944, 5.23027], [7.78381, 5.24918], [7.79389, 5.25723], [7.79718, 5.27372], [7.81207, 5.2784]]]}, "properties": {"name": "Nkwot 1", "lga": "Ikono", "state": "ak"}}, {"type": "Feature", "geometry": {"type": "Polygon", "coordinates": [[[7.79381, 5.17683], [7.77868, 5.16377], [7.77109, 5.16583], [7.77018, 5.19049], [7.77137, 5.22294], [7.78873, 5.21784], [7.79214, 5.2256], [7.79172, 5.22763], [7.80521, 5.2367], [7.81091, 5.2377], [7.81978, 5.23284], [7.82655, 5.2332], [7.82927, 5.23299], [7.83829, 5.2304], [7.84187, 5.22601], [7.83796, 5.21569], [7.84277, 5.20523], [7.84352, 5.20184], [7.84566, 5.1945], [7.8457, 5.19444], [7.84225, 5.17447], [7.82972, 5.18149], [7.82839, 5.18332], [7.82325, 5.18601], [7.81912, 5.1857], [7.80954, 5.18545], [7.80609, 5.18251], [7.79381, 5.17683]]]}, "properties": {"name": "Ediene 2", "lga": "Ikono", "state": "ak"}}, {"type": "Feature", "geometry": {"type": "Polygon", "coordinates": [[[7.95787, 4.75268], [7.95526, 4.75357], [7.94959, 4.76359], [7.95375, 4.76848], [7.96115, 4.77073], [7.95544, 4.77667], [7.9543, 4.7782], [7.95978, 4.78248], [7.96754, 4.7742], [7.97287, 4.77059], [7.97378, 4.76996], [7.97185, 4.76342], [7.97654, 4.75409], [7.98245, 4.75261], [7.9906, 4.74821], [7.99324, 4.74362], [7.99349, 4.74182], [7.98277, 4.73468], [7.98264, 4.73243], [7.97817, 4.72332], [7.98126, 4.7188], [7.98125, 4.71118], [7.9627, 4.69376], [7.96069, 4.69469], [7.95228, 4.70489], [7.93871, 4.71113], [7.93417, 4.72313], [7.95161, 4.72871], [7.95236, 4.7373], [7.95198, 4.74082], [7.95226, 4.74233], [7.95787, 4.75268]]]}, "properties": {"name": "Ubium North 1", "lga": "Nsit Ubium", "state": "ak"}}, {"type": "Feature", "geometry": {"type": "Polygon", "coordinates": [[[7.78257, 5.28998], [7.78406, 5.29014], [7.78877, 5.29006], [7.79694, 5.29593], [7.80544, 5.28948], [7.80698, 5.28928], [7.81207, 5.2784], [7.79718, 5.27372], [7.79389, 5.25723], [7.78381, 5.24918], [7.77226, 5.25977], [7.77103, 5.2673], [7.77626, 5.26861], [7.77894, 5.28578], [7.78257, 5.28998]]]}, "properties": {"name": "Nkwot 2", "lga": "Ikono", "state": "ak"}}, {"type": "Feature", "geometry": {"type": "Polygon", "coordinates": [[[8.16797, 4.83642], [8.1705, 4.83932], [8.17617, 4.84291], [8.17891, 4.84765], [8.17753, 4.85176], [8.17465, 4.85432], [8.17152, 4.85812], [8.16501, 4.85411], [8.16142, 4.85411], [8.15461, 4.84747], [8.14562, 4.85647], [8.14586, 4.86036], [8.14779, 4.86392], [8.1561, 4.8686], [8.16732, 4.87861], [8.17752, 4.88548], [8.18402, 4.89401], [8.19467, 4.88128], [8.2112, 4.86255], [8.21435, 4.86164], [8.20515, 4.82696], [8.21522, 4.82085], [8.21195, 4.81404], [8.21182, 4.81389], [8.20499, 4.80973], [8.18737, 4.81639], [8.18722, 4.81645], [8.18728, 4.81717], [8.18402, 4.82667], [8.16944, 4.83365], [8.16797, 4.83642]]]}, "properties": {"name": "Nung Atai Ube 1", "lga": "Okobo", "state": "ak"}}, {"type": "Feature", "geometry": {"type": "Polygon", "coordinates": [[[8.10526, 4.84577], [8.12165, 4.8536], [8.12113, 4.85115], [8.12428, 4.85155], [8.12608, 4.85171], [8.12792, 4.85448], [8.13391, 4.8519], [8.13569, 4.8514], [8.13789, 4.85113], [8.1377, 4.84593], [8.13289, 4.84135], [8.12642, 4.84089], [8.12034, 4.83875], [8.11596, 4.84053], [8.11193, 4.84257], [8.10526, 4.84577]]]}, "properties": {"name": "Okopedi 1", "lga": "Okobo", "state": "ak"}}, {"type": "Feature", "geometry": {"type": "Polygon", "coordinates": [[[8.09214, 4.81484], [8.11192, 4.8138], [8.11081, 4.81613], [8.11464, 4.82226], [8.11697, 4.82516], [8.12196, 4.8274], [8.1249, 4.82775], [8.13719, 4.82596], [8.14084, 4.82609], [8.14945, 4.83207], [8.15282, 4.83363], [8.15644, 4.83857], [8.16797, 4.83642], [8.16944, 4.83365], [8.1669, 4.81879], [8.16158, 4.81762], [8.1508, 4.80967], [8.14713, 4.80897], [8.14184, 4.80647], [8.13946, 4.80427], [8.13039, 4.79106], [8.12745, 4.78748], [8.12474, 4.77841], [8.10667, 4.77833], [8.10596, 4.78177], [8.1006, 4.78936], [8.10656, 4.79948], [8.09214, 4.81484]]]}, "properties": {"name": "Offi 1", "lga": "Okobo", "state": "ak"}}, {"type": "Feature", "geometry": {"type": "Polygon", "coordinates": [[[8.14562, 4.85647], [8.15461, 4.84747], [8.16142, 4.85411], [8.16501, 4.85411], [8.17152, 4.85812], [8.17465, 4.85432], [8.17753, 4.85176], [8.17891, 4.84765], [8.17617, 4.84291], [8.1705, 4.83932], [8.16797, 4.83642], [8.15644, 4.83857], [8.15282, 4.83363], [8.14945, 4.83207], [8.14084, 4.82609], [8.13719, 4.82596], [8.1249, 4.82775], [8.12196, 4.8274], [8.11697, 4.82516], [8.11464, 4.82226], [8.11081, 4.81613], [8.11192, 4.8138], [8.09214, 4.81484], [8.08704, 4.81738], [8.08492, 4.82259], [8.08035, 4.83091], [8.08053, 4.83455], [8.08576, 4.8464], [8.09019, 4.85099], [8.10526, 4.84577], [8.11193, 4.84257], [8.11596, 4.84053], [8.12034, 4.83875], [8.12642, 4.84089], [8.13289, 4.84135], [8.1377, 4.84593], [8.13789, 4.85113], [8.14562, 4.85647]]]}, "properties": {"name": "Nung Atai Ube 2", "lga": "Okobo", "state": "ak"}}, {"type": "Feature", "geometry": {"type": "Polygon", "coordinates": [[[8.11813, 4.7558], [8.117, 4.75598], [8.10345, 4.75435], [8.09787, 4.75563], [8.08709, 4.75152], [8.08524, 4.75348], [8.08282, 4.7574], [8.08663, 4.77078], [8.07451, 4.7797], [8.08766, 4.7929], [8.08608, 4.81275], [8.08704, 4.81738], [8.09214, 4.81484], [8.10656, 4.79948], [8.1006, 4.78936], [8.10596, 4.78177], [8.10667, 4.77833], [8.12474, 4.77841], [8.12719, 4.77273], [8.12366, 4.76434], [8.11813, 4.7558]]]}, "properties": {"name": "Eweme 2", "lga": "Okobo", "state": "ak"}}, {"type": "Feature", "geometry": {"type": "Polygon", "coordinates": [[[8.09019, 4.85099], [8.10008, 4.88165], [8.1003, 4.88349], [8.12003, 4.8856], [8.12206, 4.88353], [8.13349, 4.87824], [8.14297, 4.87231], [8.14779, 4.86392], [8.14586, 4.86036], [8.14562, 4.85647], [8.13789, 4.85113], [8.13569, 4.8514], [8.13391, 4.8519], [8.12792, 4.85448], [8.12608, 4.85171], [8.12428, 4.85155], [8.12113, 4.85115], [8.12165, 4.8536], [8.10526, 4.84577], [8.09019, 4.85099]]]}, "properties": {"name": "Okopedi 2", "lga": "Okobo", "state": "ak"}}, {"type": "Feature", "geometry": {"type": "Polygon", "coordinates": [[[7.99305, 4.91925], [7.9933, 4.92121], [7.99117, 4.92363], [7.99221, 4.92544], [7.99362, 4.9266], [7.9904, 4.92985], [7.98967, 4.92932], [7.98293, 4.92883], [7.97956, 4.9279], [7.97717, 4.9295], [7.97376, 4.94678], [7.98157, 4.95288], [7.98346, 4.9526], [7.99117, 4.95149], [7.9938, 4.94233], [7.99423, 4.94218], [8.00778, 4.9343], [8.00396, 4.92457], [7.99853, 4.91858], [7.99774, 4.91896], [7.99476, 4.91898], [7.99305, 4.91925]]]}, "properties": {"name": "Ibesikpo 4", "lga": "Ibesikpo Asutan", "state": "ak"}}, {"type": "Feature", "geometry": {"type": "Polygon", "coordinates": [[[7.63157, 4.87201], [7.63399, 4.87796], [7.64607, 4.89118], [7.64893, 4.88775], [7.66115, 4.88288], [7.67203, 4.87313], [7.65891, 4.85941], [7.6586, 4.84896], [7.6528, 4.84323], [7.64333, 4.849], [7.63104, 4.83832], [7.62381, 4.84021], [7.61397, 4.83288], [7.59837, 4.84136], [7.59778, 4.84686], [7.59384, 4.85672], [7.60556, 4.86479], [7.60849, 4.86939], [7.62457, 4.87007], [7.62472, 4.86998], [7.63157, 4.87201]]]}, "properties": {"name": "Ward 11", "lga": "Ukanafun", "state": "ak"}}, {"type": "Feature", "geometry": {"type": "Polygon", "coordinates": [[[8.07451, 4.7797], [8.08663, 4.77078], [8.08282, 4.7574], [8.08524, 4.75348], [8.08709, 4.75152], [8.09787, 4.75563], [8.10345, 4.75435], [8.117, 4.75598], [8.11813, 4.7558], [8.11905, 4.74423], [8.1188, 4.74298], [8.11602, 4.74045], [8.10159, 4.74526], [8.09816, 4.74312], [8.08833, 4.74153], [8.08586, 4.73922], [8.08017, 4.73412], [8.07911, 4.73197], [8.06021, 4.70678], [8.05827, 4.7101], [8.05228, 4.71834], [8.04884, 4.73458], [8.05201, 4.74977], [8.0535, 4.74972], [8.06504, 4.75663], [8.07149, 4.76715], [8.07112, 4.77958], [8.07451, 4.7797]]]}, "properties": {"name": "Eweme 1", "lga": "Okobo", "state": "ak"}}, {"type": "Feature", "geometry": {"type": "Polygon", "coordinates": [[[8.06021, 4.70678], [8.07911, 4.73197], [8.08017, 4.73412], [8.08586, 4.73922], [8.08833, 4.74153], [8.09816, 4.74312], [8.10159, 4.74526], [8.11602, 4.74045], [8.11251, 4.73166], [8.11177, 4.73104], [8.10421, 4.72191], [8.10219, 4.7176], [8.0993, 4.70014], [8.09906, 4.69581], [8.09814, 4.69514], [8.10317, 4.67506], [8.099, 4.67421], [8.09205, 4.67225], [8.09127, 4.67247], [8.08309, 4.67471], [8.07786, 4.67576], [8.07017, 4.69432], [8.06224, 4.69777], [8.06021, 4.70678]]]}, "properties": {"name": "Akai Mbokpo Udung", "lga": "Okobo", "state": "ak"}}, {"type": "Feature", "geometry": {"type": "Polygon", "coordinates": [[[7.57091, 4.87077], [7.57356, 4.87206], [7.58222, 4.87559], [7.58426, 4.87761], [7.58383, 4.87853], [7.58426, 4.87943], [7.57877, 4.88136], [7.58664, 4.8997], [7.58956, 4.90178], [7.59889, 4.90434], [7.60058, 4.90459], [7.60643, 4.89466], [7.60557, 4.8913], [7.6047, 4.88362], [7.60532, 4.88103], [7.60849, 4.86939], [7.60556, 4.86479], [7.59384, 4.85672], [7.59149, 4.85833], [7.5842, 4.85574], [7.57516, 4.84817], [7.56912, 4.83849], [7.56093, 4.84387], [7.55657, 4.84658], [7.55817, 4.85612], [7.55348, 4.85827], [7.554, 4.86111], [7.55544, 4.86433], [7.56631, 4.86295], [7.56739, 4.8645], [7.5704, 4.8665], [7.56922, 4.86771], [7.56853, 4.8695], [7.56986, 4.86994], [7.57091, 4.87077]]]}, "properties": {"name": "Ward 9", "lga": "Ukanafun", "state": "ak"}}, {"type": "Feature", "geometry": {"type": "Polygon", "coordinates": [[[7.55544, 4.86433], [7.55481, 4.86485], [7.55011, 4.85937], [7.54711, 4.85667], [7.54509, 4.85518], [7.54199, 4.85423], [7.54172, 4.86241], [7.54199, 4.86696], [7.54238, 4.86802], [7.54554, 4.86991], [7.54538, 4.8703], [7.5434, 4.87096], [7.54133, 4.87104], [7.53668, 4.8747], [7.53325, 4.87277], [7.52951, 4.87101], [7.52441, 4.87887], [7.52409, 4.88124], [7.52301, 4.88853], [7.53147, 4.89865], [7.53737, 4.89427], [7.54154, 4.89324], [7.54316, 4.89068], [7.54691, 4.88991], [7.55127, 4.88605], [7.55376, 4.88875], [7.55662, 4.88925], [7.5585, 4.89013], [7.56054, 4.89063], [7.56043, 4.88279], [7.56506, 4.87683], [7.57091, 4.87077], [7.56986, 4.86994], [7.56853, 4.8695], [7.56922, 4.86771], [7.5704, 4.8665], [7.56739, 4.8645], [7.56631, 4.86295], [7.55544, 4.86433]]]}, "properties": {"name": "Ward 6", "lga": "Ukanafun", "state": "ak"}}, {"type": "Feature", "geometry": {"type": "Polygon", "coordinates": [[[7.51182, 4.79305], [7.51147, 4.80728], [7.52086, 4.81912], [7.53705, 4.8248], [7.54251, 4.83181], [7.54598, 4.83566], [7.5494, 4.84088], [7.55528, 4.84497], [7.55657, 4.84658], [7.56093, 4.84387], [7.56912, 4.83849], [7.57516, 4.84817], [7.5842, 4.85574], [7.59149, 4.85833], [7.59384, 4.85672], [7.59778, 4.84686], [7.59837, 4.84136], [7.59615, 4.83934], [7.58045, 4.83539], [7.57536, 4.82707], [7.57019, 4.82677], [7.56566, 4.8215], [7.56364, 4.8144], [7.56311, 4.81034], [7.55963, 4.80308], [7.55648, 4.80189], [7.54644, 4.8066], [7.51182, 4.79305]]]}, "properties": {"name": "Ward 4", "lga": "Ukanafun", "state": "ak"}}, {"type": "Feature", "geometry": {"type": "Polygon", "coordinates": [[[7.49065, 4.86509], [7.50729, 4.86869], [7.50998, 4.87465], [7.51882, 4.87704], [7.52409, 4.88124], [7.52441, 4.87887], [7.52951, 4.87101], [7.53325, 4.87277], [7.53668, 4.8747], [7.54133, 4.87104], [7.5434, 4.87096], [7.54538, 4.8703], [7.54554, 4.86991], [7.54238, 4.86802], [7.54199, 4.86696], [7.54172, 4.86241], [7.54199, 4.85423], [7.54509, 4.85518], [7.54711, 4.85667], [7.55011, 4.85937], [7.55481, 4.86485], [7.55544, 4.86433], [7.554, 4.86111], [7.55348, 4.85827], [7.55817, 4.85612], [7.55657, 4.84658], [7.55528, 4.84497], [7.5494, 4.84088], [7.54598, 4.83566], [7.54251, 4.83181], [7.53705, 4.8248], [7.52086, 4.81912], [7.51147, 4.80728], [7.50073, 4.81992], [7.4983, 4.8238], [7.49513, 4.82827], [7.50069, 4.83432], [7.50067, 4.83663], [7.50064, 4.83951], [7.49889, 4.84238], [7.49714, 4.84583], [7.49767, 4.84987], [7.4988, 4.85162], [7.49934, 4.85508], [7.49872, 4.85912], [7.49065, 4.86509]]]}, "properties": {"name": "Ward 2", "lga": "Ukanafun", "state": "ak"}}, {"type": "Feature", "geometry": {"type": "Polygon", "coordinates": [[[7.58351, 4.94055], [7.59535, 4.93945], [7.59886, 4.94612], [7.60376, 4.94671], [7.60741, 4.94718], [7.6163, 4.9499], [7.62262, 4.94906], [7.63289, 4.95176], [7.63689, 4.95976], [7.64426, 4.95968], [7.65463, 4.94818], [7.65457, 4.9461], [7.64713, 4.93667], [7.64479, 4.93045], [7.63641, 4.92776], [7.63247, 4.92017], [7.62879, 4.91797], [7.62538, 4.91392], [7.61926, 4.91526], [7.61493, 4.91532], [7.60987, 4.91497], [7.60408, 4.91009], [7.59367, 4.92456], [7.5824, 4.91933], [7.57784, 4.9187], [7.57475, 4.93653], [7.57801, 4.93774], [7.58351, 4.94055]]]}, "properties": {"name": "Ward 8", "lga": "Ukanafun", "state": "ak"}}, {"type": "Feature", "geometry": {"type": "Polygon", "coordinates": [[[7.65281, 4.83804], [7.63802, 4.83144], [7.63762, 4.82156], [7.63032, 4.8144], [7.61476, 4.82761], [7.61397, 4.83288], [7.62381, 4.84021], [7.63104, 4.83832], [7.64333, 4.849], [7.6528, 4.84323], [7.65281, 4.83804]]]}, "properties": {"name": "Ward 10", "lga": "Ukanafun", "state": "ak"}}, {"type": "Feature", "geometry": {"type": "Polygon", "coordinates": [[[7.74353, 4.52702], [7.74656, 4.53691], [7.77215, 4.54921], [7.77091, 4.53823], [7.74353, 4.52702]]]}, "properties": {"name": "Okorobilom", "lga": "Eastern Obolo", "state": "ak"}}, {"type": "Feature", "geometry": {"type": "Polygon", "coordinates": [[[7.54032, 4.92335], [7.54496, 4.92278], [7.55302, 4.9317], [7.56422, 4.93759], [7.57001, 4.93745], [7.57312, 4.93743], [7.57475, 4.93653], [7.57784, 4.9187], [7.5824, 4.91933], [7.59367, 4.92456], [7.60408, 4.91009], [7.60399, 4.90984], [7.60058, 4.90459], [7.59889, 4.90434], [7.58956, 4.90178], [7.58664, 4.8997], [7.57877, 4.88136], [7.58426, 4.87943], [7.58383, 4.87853], [7.58426, 4.87761], [7.58222, 4.87559], [7.57356, 4.87206], [7.57091, 4.87077], [7.56506, 4.87683], [7.56043, 4.88279], [7.56054, 4.89063], [7.5585, 4.89013], [7.55662, 4.88925], [7.55376, 4.88875], [7.55127, 4.88605], [7.54691, 4.88991], [7.54316, 4.89068], [7.54154, 4.89324], [7.53737, 4.89427], [7.53147, 4.89865], [7.52834, 4.90563], [7.54032, 4.92335]]]}, "properties": {"name": "Ward 7", "lga": "Ukanafun", "state": "ak"}}, {"type": "Feature", "geometry": {"type": "Polygon", "coordinates": [[[7.60058, 4.90459], [7.60399, 4.90984], [7.60408, 4.91009], [7.60987, 4.91497], [7.61493, 4.91532], [7.61926, 4.91526], [7.62538, 4.91392], [7.62879, 4.91797], [7.63247, 4.92017], [7.63641, 4.92776], [7.64479, 4.93045], [7.64713, 4.93667], [7.65457, 4.9461], [7.65463, 4.94818], [7.66925, 4.95386], [7.68735, 4.95167], [7.69886, 4.94395], [7.68342, 4.92102], [7.65586, 4.90906], [7.6449, 4.89816], [7.64607, 4.89118], [7.63399, 4.87796], [7.63157, 4.87201], [7.62472, 4.86998], [7.62457, 4.87007], [7.60849, 4.86939], [7.60532, 4.88103], [7.6047, 4.88362], [7.60557, 4.8913], [7.60643, 4.89466], [7.60058, 4.90459]]]}, "properties": {"name": "Ward 3", "lga": "Ukanafun", "state": "ak"}}, {"type": "Feature", "geometry": {"type": "Polygon", "coordinates": [[[8.00316, 4.76858], [8.00048, 4.76738], [7.9906, 4.74821], [7.98245, 4.75261], [7.97654, 4.75409], [7.97185, 4.76342], [7.97378, 4.76996], [7.97822, 4.77032], [7.98154, 4.77545], [7.98468, 4.78485], [7.98493, 4.78513], [7.99108, 4.78661], [8.00406, 4.77367], [8.00316, 4.76858]]]}, "properties": {"name": "Ubium North 2", "lga": "Nsit Ubium", "state": "ak"}}, {"type": "Feature", "geometry": {"type": "Polygon", "coordinates": [[[7.73412, 4.98912], [7.73506, 4.98373], [7.73121, 4.98163], [7.72383, 4.97493], [7.71661, 4.98054], [7.71812, 4.99114], [7.72379, 4.993], [7.73412, 4.98912]]]}, "properties": {"name": "Ward 1", "lga": "Ukanafun", "state": "ak"}}, {"type": "Feature", "geometry": {"type": "Polygon", "coordinates": [[[7.61622, 4.55945], [7.63242, 4.54101], [7.63543, 4.53936], [7.64034, 4.53797], [7.64059, 4.53707], [7.63701, 4.53515], [7.63591, 4.531], [7.63406, 4.52183], [7.63901, 4.51571], [7.63635, 4.49874], [7.63599, 4.49784], [7.60941, 4.50411], [7.61196, 4.51333], [7.60726, 4.52918], [7.61665, 4.52467], [7.62021, 4.52454], [7.62365, 4.5296], [7.62321, 4.53326], [7.60805, 4.55456], [7.61622, 4.55945]]]}, "properties": {"name": "Emeroeke", "lga": "Eastern Obolo", "state": "ak"}}, {"type": "Feature", "geometry": {"type": "Polygon", "coordinates": [[[7.77449, 4.51394], [7.77091, 4.53823], [7.77215, 4.54921], [7.77875, 4.57225], [7.7849, 4.57379], [7.80325, 4.57132], [7.80423, 4.57118], [7.81093, 4.51912], [7.77449, 4.51394]]]}, "properties": {"name": "Atabrikang", "lga": "Eastern Obolo", "state": "ak"}}, {"type": "Feature", "geometry": {"type": "Polygon", "coordinates": [[[7.72499, 4.53358], [7.72487, 4.53582], [7.72432, 4.54052], [7.72539, 4.54313], [7.73346, 4.55823], [7.74047, 4.56709], [7.74986, 4.57637], [7.77486, 4.57332], [7.77875, 4.57225], [7.77215, 4.54921], [7.74656, 4.53691], [7.74353, 4.52702], [7.74138, 4.52573], [7.73735, 4.52302], [7.73167, 4.52531], [7.72499, 4.53358]]]}, "properties": {"name": "Amadaka", "lga": "Eastern Obolo", "state": "ak"}}, {"type": "Feature", "geometry": {"type": "Polygon", "coordinates": [[[7.87529, 4.79802], [7.88457, 4.8], [7.88661, 4.80095], [7.89194, 4.80357], [7.8937, 4.80598], [7.90538, 4.81294], [7.90539, 4.81294], [7.91319, 4.81955], [7.92605, 4.82213], [7.9296, 4.81675], [7.93132, 4.81605], [7.93284, 4.81208], [7.94358, 4.80603], [7.94375, 4.80219], [7.94049, 4.8004], [7.92923, 4.80336], [7.9135, 4.80086], [7.91005, 4.80124], [7.90129, 4.80129], [7.89388, 4.79981], [7.88943, 4.7992], [7.88486, 4.79858], [7.87906, 4.79637], [7.87187, 4.79396], [7.87529, 4.79802]]]}, "properties": {"name": "Obiakpan Obiotim 1", "lga": "Nsit Ubium", "state": "ak"}}, {"type": "Feature", "geometry": {"type": "Polygon", "coordinates": [[[8.02161, 4.75164], [8.0224, 4.75155], [8.02625, 4.7522], [8.03445, 4.75468], [8.04646, 4.75425], [8.04972, 4.75301], [8.05201, 4.74977], [8.04884, 4.73458], [8.05228, 4.71834], [8.04893, 4.71865], [8.03653, 4.71914], [8.02955, 4.72033], [8.02194, 4.71876], [8.0184, 4.71767], [8.01779, 4.71558], [8.00402, 4.71838], [8.00123, 4.72582], [8.00747, 4.7284], [8.01061, 4.73416], [8.01149, 4.74002], [8.01225, 4.74337], [8.02161, 4.75164]]]}, "properties": {"name": "Ubium South 1", "lga": "Nsit Ubium", "state": "ak"}}, {"type": "Feature", "geometry": {"type": "Polygon", "coordinates": [[[7.65064, 4.61879], [7.65457, 4.61782], [7.65579, 4.61584], [7.65858, 4.61288], [7.66373, 4.61187], [7.66231, 4.60809], [7.66174, 4.60653], [7.66276, 4.60498], [7.66257, 4.60364], [7.66079, 4.60281], [7.65856, 4.60149], [7.6568, 4.60068], [7.65733, 4.59989], [7.65873, 4.6], [7.65986, 4.59917], [7.6587, 4.5982], [7.65389, 4.59264], [7.65123, 4.59416], [7.64935, 4.59442], [7.64197, 4.59106], [7.64142, 4.59886], [7.64366, 4.59955], [7.6449, 4.6007], [7.64488, 4.60235], [7.64445, 4.60415], [7.64421, 4.60615], [7.64705, 4.61189], [7.64198, 4.61349], [7.63803, 4.61211], [7.64014, 4.61393], [7.6416, 4.616], [7.64339, 4.62208], [7.64687, 4.6228], [7.64841, 4.61742], [7.65064, 4.61879]]]}, "properties": {"name": "Ukpon Ete1", "lga": "Ikot Abasi", "state": "ak"}}, {"type": "Feature", "geometry": {"type": "Polygon", "coordinates": [[[7.98125, 4.71118], [7.99792, 4.70753], [8.00133, 4.70968], [8.00172, 4.71125], [8.00402, 4.71838], [8.01779, 4.71558], [8.0184, 4.71767], [8.02194, 4.71876], [8.02955, 4.72033], [8.03653, 4.71914], [8.04893, 4.71865], [8.05228, 4.71834], [8.05827, 4.7101], [8.06021, 4.70678], [8.06224, 4.69777], [8.05208, 4.6922], [8.04784, 4.6887], [8.03427, 4.68213], [8.02205, 4.68598], [8.0125, 4.68487], [8.00877, 4.68468], [8.00672, 4.68431], [8.00251, 4.68247], [8.00161, 4.68228], [7.98156, 4.68629], [7.97841, 4.68798], [7.96581, 4.68987], [7.9627, 4.69376], [7.98125, 4.71118]]]}, "properties": {"name": "Ubium South 2", "lga": "Nsit Ubium", "state": "ak"}}, {"type": "Feature", "geometry": {"type": "Polygon", "coordinates": [[[7.95978, 4.78248], [7.96026, 4.78337], [7.96058, 4.7955], [7.95732, 4.80282], [7.9549, 4.8093], [7.95551, 4.81868], [7.95537, 4.82175], [7.95467, 4.82784], [7.95745, 4.83265], [7.95862, 4.83743], [7.9727, 4.83869], [7.97613, 4.83793], [7.97766, 4.83206], [7.9712, 4.82226], [7.97234, 4.81867], [7.98075, 4.80863], [7.98076, 4.80842], [7.97508, 4.80115], [7.98493, 4.78513], [7.98468, 4.78485], [7.98154, 4.77545], [7.97822, 4.77032], [7.97378, 4.76996], [7.97287, 4.77059], [7.96754, 4.7742], [7.95978, 4.78248]]]}, "properties": {"name": "Ubium North 3", "lga": "Nsit Ubium", "state": "ak"}}, {"type": "Feature", "geometry": {"type": "Polygon", "coordinates": [[[7.65586, 4.90906], [7.68342, 4.92102], [7.68789, 4.92001], [7.69873, 4.91795], [7.69962, 4.91741], [7.70007, 4.91147], [7.69047, 4.89929], [7.69449, 4.89291], [7.69277, 4.87201], [7.69085, 4.87129], [7.67926, 4.87453], [7.67203, 4.87313], [7.66115, 4.88288], [7.64893, 4.88775], [7.64607, 4.89118], [7.6449, 4.89816], [7.65586, 4.90906]]]}, "properties": {"name": "Ndot Ikot Okoro 1", "lga": "Oruk Anam", "state": "ak"}}, {"type": "Feature", "geometry": {"type": "Polygon", "coordinates": [[[7.74402, 4.75425], [7.74087, 4.76539], [7.747, 4.77917], [7.75008, 4.78304], [7.75731, 4.78401], [7.75946, 4.78479], [7.76142, 4.78807], [7.76674, 4.79132], [7.75269, 4.80747], [7.77061, 4.81538], [7.76958, 4.81792], [7.77346, 4.82647], [7.77811, 4.83124], [7.77983, 4.83135], [7.78449, 4.83073], [7.79171, 4.82446], [7.79031, 4.82144], [7.79728, 4.80499], [7.78993, 4.79867], [7.78642, 4.79611], [7.79037, 4.78847], [7.77903, 4.78506], [7.77852, 4.77846], [7.77673, 4.77523], [7.77462, 4.77241], [7.77225, 4.77135], [7.7791, 4.76096], [7.78011, 4.75897], [7.78099, 4.75212], [7.77265, 4.7499], [7.76793, 4.74832], [7.75523, 4.73991], [7.75309, 4.74245], [7.75563, 4.75323], [7.75131, 4.75094], [7.74922, 4.75642], [7.74402, 4.75425]]]}, "properties": {"name": "Ikpa Ikono 2", "lga": "Mkpat Enin", "state": "ak"}}, {"type": "Feature", "geometry": {"type": "Polygon", "coordinates": [[[7.53164, 4.76838], [7.54251, 4.77425], [7.55333, 4.77175], [7.56734, 4.76807], [7.57413, 4.77274], [7.57124, 4.78022], [7.57106, 4.7842], [7.57194, 4.79303], [7.57339, 4.79572], [7.58035, 4.80386], [7.58477, 4.80464], [7.58976, 4.80299], [7.59566, 4.80301], [7.60533, 4.80289], [7.60679, 4.80791], [7.62995, 4.8071], [7.62965, 4.80597], [7.62598, 4.79918], [7.6203, 4.79276], [7.61962, 4.78565], [7.61408, 4.77949], [7.61065, 4.77042], [7.59902, 4.76591], [7.59559, 4.75733], [7.58638, 4.74878], [7.58036, 4.74311], [7.57199, 4.74746], [7.56995, 4.75658], [7.53399, 4.75633], [7.53164, 4.76838]]]}, "properties": {"name": "Ikot Ibritam 2", "lga": "Oruk Anam", "state": "ak"}}, {"type": "Feature", "geometry": {"type": "Polygon", "coordinates": [[[7.72933, 4.96558], [7.73504, 4.96853], [7.73759, 4.97129], [7.74544, 4.97589], [7.74746, 4.97852], [7.75328, 4.98457], [7.75769, 4.99863], [7.76776, 4.99869], [7.77341, 4.99091], [7.77156, 4.98841], [7.77402, 4.98305], [7.77964, 4.98389], [7.78206, 4.98037], [7.78386, 4.97881], [7.78385, 4.97521], [7.78969, 4.96663], [7.78643, 4.963], [7.78534, 4.96444], [7.78351, 4.96393], [7.78186, 4.96354], [7.78119, 4.96366], [7.78071, 4.96521], [7.77987, 4.968], [7.77944, 4.96768], [7.77745, 4.96738], [7.77577, 4.96608], [7.77268, 4.96308], [7.77206, 4.96234], [7.77119, 4.96171], [7.76969, 4.96096], [7.76777, 4.96034], [7.76512, 4.95762], [7.76272, 4.95491], [7.75923, 4.95949], [7.75712, 4.95618], [7.75546, 4.95546], [7.74926, 4.95509], [7.74602, 4.95306], [7.72938, 4.94083], [7.72927, 4.93949], [7.72674, 4.93973], [7.72392, 4.93699], [7.72145, 4.93307], [7.71627, 4.92715], [7.71567, 4.92444], [7.71454, 4.91985], [7.7145, 4.91619], [7.7132, 4.91612], [7.71211, 4.91746], [7.71109, 4.91654], [7.71056, 4.91834], [7.70879, 4.91749], [7.7077, 4.91862], [7.70756, 4.917], [7.69962, 4.91741], [7.69873, 4.91795], [7.68789, 4.92001], [7.68342, 4.92102], [7.69886, 4.94395], [7.70073, 4.94671], [7.71921, 4.95702], [7.72488, 4.95714], [7.72952, 4.96004], [7.72933, 4.96558]]]}, "properties": {"name": "Ndot Ikot Okoro 2", "lga": "Oruk Anam", "state": "ak"}}, {"type": "Feature", "geometry": {"type": "Polygon", "coordinates": [[[7.56579, 4.59617], [7.5696, 4.59576], [7.5734, 4.594], [7.58113, 4.59997], [7.58493, 4.60031], [7.5869, 4.59678], [7.58663, 4.59291], [7.59301, 4.59162], [7.59661, 4.59427], [7.59573, 4.59888], [7.59222, 4.60164], [7.58969, 4.61042], [7.59355, 4.61178], [7.59993, 4.60971], [7.6038, 4.60784], [7.61191, 4.61046], [7.61466, 4.60404], [7.61745, 4.60241], [7.62301, 4.60397], [7.62688, 4.60038], [7.62844, 4.58843], [7.63536, 4.57974], [7.63672, 4.57187], [7.63401, 4.56508], [7.63116, 4.5625], [7.62437, 4.5602], [7.61622, 4.55945], [7.60805, 4.55456], [7.60771, 4.55447], [7.59861, 4.55099], [7.58752, 4.54941], [7.58604, 4.54911], [7.57975, 4.56855], [7.58335, 4.56924], [7.58221, 4.57502], [7.58102, 4.57692], [7.58042, 4.57912], [7.57962, 4.5792], [7.57931, 4.58325], [7.56579, 4.59617]]]}, "properties": {"name": "Ikpa Ibekwe 2", "lga": "Ikot Abasi", "state": "ak"}}, {"type": "Feature", "geometry": {"type": "Polygon", "coordinates": [[[7.68419, 4.5769], [7.68226, 4.57756], [7.67594, 4.58882], [7.67662, 4.60758], [7.67026, 4.62278], [7.67031, 4.62756], [7.67752, 4.63355], [7.68267, 4.63379], [7.68387, 4.63521], [7.70191, 4.62879], [7.7024, 4.62767], [7.70599, 4.62242], [7.7071, 4.62483], [7.71911, 4.59043], [7.69941, 4.58865], [7.68419, 4.5769]]]}, "properties": {"name": "Ukpum Okon", "lga": "Ikot Abasi", "state": "ak"}}, {"type": "Feature", "geometry": {"type": "Polygon", "coordinates": [[[7.61195, 4.66078], [7.62327, 4.67022], [7.63084, 4.6689], [7.63752, 4.67357], [7.63975, 4.68148], [7.63912, 4.68634], [7.6564, 4.68675], [7.65719, 4.68613], [7.65252, 4.66532], [7.65491, 4.65944], [7.65357, 4.65766], [7.64957, 4.65035], [7.64859, 4.63589], [7.64765, 4.6322], [7.64687, 4.6228], [7.64339, 4.62208], [7.6416, 4.616], [7.64014, 4.61393], [7.63803, 4.61211], [7.63487, 4.61887], [7.63179, 4.61661], [7.6258, 4.62033], [7.62006, 4.61907], [7.61624, 4.62099], [7.61731, 4.62488], [7.62057, 4.63204], [7.6184, 4.64202], [7.62013, 4.64616], [7.6189, 4.65043], [7.61174, 4.65094], [7.60832, 4.65457], [7.61272, 4.6587], [7.61195, 4.66078]]]}, "properties": {"name": "Edemaya 3", "lga": "Ikot Abasi", "state": "ak"}}, {"type": "Feature", "geometry": {"type": "Polygon", "coordinates": [[[7.59993, 4.60971], [7.59844, 4.61334], [7.59505, 4.61636], [7.59142, 4.62149], [7.58938, 4.62661], [7.59043, 4.62943], [7.59315, 4.63333], [7.59186, 4.6355], [7.59277, 4.63723], [7.58863, 4.63862], [7.58687, 4.64107], [7.59013, 4.64297], [7.59016, 4.64928], [7.58731, 4.65084], [7.58645, 4.65457], [7.58974, 4.65827], [7.60663, 4.66374], [7.61195, 4.66078], [7.61272, 4.6587], [7.60832, 4.65457], [7.61174, 4.65094], [7.6189, 4.65043], [7.62013, 4.64616], [7.6184, 4.64202], [7.62057, 4.63204], [7.61731, 4.62488], [7.61624, 4.62099], [7.61568, 4.61436], [7.61191, 4.61046], [7.6038, 4.60784], [7.59993, 4.60971]]]}, "properties": {"name": "Edemaya 2", "lga": "Ikot Abasi", "state": "ak"}}, {"type": "Feature", "geometry": {"type": "Polygon", "coordinates": [[[7.77265, 4.7499], [7.78099, 4.75212], [7.78011, 4.75897], [7.7791, 4.76096], [7.77225, 4.77135], [7.77462, 4.77241], [7.77673, 4.77523], [7.77852, 4.77846], [7.77903, 4.78506], [7.79037, 4.78847], [7.7905, 4.78822], [7.79977, 4.78104], [7.79445, 4.76729], [7.79704, 4.76091], [7.79849, 4.75934], [7.79853, 4.75917], [7.80803, 4.74463], [7.80827, 4.7425], [7.80646, 4.741], [7.80363, 4.73098], [7.80143, 4.72585], [7.8028, 4.72105], [7.80047, 4.71418], [7.79881, 4.71312], [7.79142, 4.70996], [7.78678, 4.70764], [7.78911, 4.72172], [7.78652, 4.72674], [7.78127, 4.73019], [7.77384, 4.73082], [7.77627, 4.7387], [7.77265, 4.7499]]]}, "properties": {"name": "Ikpa Ikono 3", "lga": "Mkpat Enin", "state": "ak"}}, {"type": "Feature", "geometry": {"type": "Polygon", "coordinates": [[[7.70923, 4.71097], [7.72926, 4.72081], [7.73128, 4.7181], [7.74745, 4.71036], [7.74801, 4.69833], [7.74804, 4.69742], [7.73475, 4.69329], [7.73024, 4.68249], [7.72609, 4.68015], [7.72271, 4.66516], [7.72081, 4.66215], [7.71822, 4.66167], [7.70783, 4.66308], [7.70344, 4.66879], [7.70743, 4.68406], [7.709, 4.68638], [7.70991, 4.69073], [7.71173, 4.6922], [7.70923, 4.71097]]]}, "properties": {"name": "Ukpum Minya 1", "lga": "Mkpat Enin", "state": "ak"}}, {"type": "Feature", "geometry": {"type": "Polygon", "coordinates": [[[7.75175, 4.65822], [7.75448, 4.65884], [7.75552, 4.65955], [7.76137, 4.65992], [7.76919, 4.64867], [7.77055, 4.64811], [7.77638, 4.64487], [7.78471, 4.64723], [7.7881, 4.64669], [7.78701, 4.63382], [7.78761, 4.62974], [7.78528, 4.61676], [7.78484, 4.61389], [7.78378, 4.61074], [7.7849, 4.57379], [7.77875, 4.57225], [7.77486, 4.57332], [7.74986, 4.57637], [7.74047, 4.56709], [7.73346, 4.55823], [7.72539, 4.54313], [7.72432, 4.54052], [7.70269, 4.54595], [7.69786, 4.54716], [7.69397, 4.56075], [7.68626, 4.56966], [7.68419, 4.5769], [7.69941, 4.58865], [7.71911, 4.59043], [7.73944, 4.58762], [7.73327, 4.60386], [7.72932, 4.62022], [7.73023, 4.62705], [7.73128, 4.63258], [7.73508, 4.63739], [7.73656, 4.64222], [7.74002, 4.64338], [7.75175, 4.65822]]]}, "properties": {"name": "Ikpa Ibom 3", "lga": "Mkpat Enin", "state": "ak"}}, {"type": "Feature", "geometry": {"type": "Polygon", "coordinates": [[[7.72926, 4.72081], [7.7285, 4.73604], [7.73135, 4.73755], [7.73402, 4.74298], [7.73618, 4.74598], [7.74185, 4.75081], [7.74402, 4.75425], [7.74922, 4.75642], [7.75131, 4.75094], [7.75563, 4.75323], [7.75309, 4.74245], [7.75523, 4.73991], [7.76793, 4.74832], [7.77265, 4.7499], [7.77627, 4.7387], [7.77384, 4.73082], [7.76322, 4.72529], [7.76446, 4.72089], [7.7613, 4.71702], [7.75746, 4.71581], [7.75317, 4.7219], [7.75001, 4.71586], [7.75357, 4.71259], [7.753, 4.70762], [7.74745, 4.71036], [7.73128, 4.7181], [7.72926, 4.72081]]]}, "properties": {"name": "Ukpum Minya 4", "lga": "Mkpat Enin", "state": "ak"}}, {"type": "Feature", "geometry": {"type": "Polygon", "coordinates": [[[7.7849, 4.57379], [7.78378, 4.61074], [7.78484, 4.61389], [7.78528, 4.61676], [7.78761, 4.62974], [7.78701, 4.63382], [7.7881, 4.64669], [7.79435, 4.65104], [7.79554, 4.65134], [7.79869, 4.6523], [7.80127, 4.65387], [7.80824, 4.64888], [7.80936, 4.64633], [7.81123, 4.64261], [7.81502, 4.64195], [7.8048, 4.61614], [7.80673, 4.60233], [7.80942, 4.57796], [7.80423, 4.57118], [7.80325, 4.57132], [7.7849, 4.57379]]]}, "properties": {"name": "Ikpa Ibom 4", "lga": "Mkpat Enin", "state": "ak"}}, {"type": "Feature", "geometry": {"type": "Polygon", "coordinates": [[[7.74804, 4.69742], [7.74801, 4.69833], [7.74745, 4.71036], [7.753, 4.70762], [7.75357, 4.71259], [7.75001, 4.71586], [7.75317, 4.7219], [7.75746, 4.71581], [7.7613, 4.71702], [7.76446, 4.72089], [7.76322, 4.72529], [7.77384, 4.73082], [7.78127, 4.73019], [7.78652, 4.72674], [7.78911, 4.72172], [7.78678, 4.70764], [7.7877, 4.70196], [7.78099, 4.70309], [7.77688, 4.70294], [7.7688, 4.70394], [7.76758, 4.7003], [7.76564, 4.69759], [7.76097, 4.69548], [7.7569, 4.69412], [7.75104, 4.69124], [7.74804, 4.69742]]]}, "properties": {"name": "Ibiaku 3", "lga": "Mkpat Enin", "state": "ak"}}, {"type": "Feature", "geometry": {"type": "Polygon", "coordinates": [[[7.81502, 4.64195], [7.81123, 4.64261], [7.80936, 4.64633], [7.80824, 4.64888], [7.80127, 4.65387], [7.80289, 4.65767], [7.80452, 4.65982], [7.80803, 4.66262], [7.81222, 4.66719], [7.81497, 4.66901], [7.81677, 4.66641], [7.82108, 4.66327], [7.82354, 4.66067], [7.82596, 4.65666], [7.81531, 4.65679], [7.81398, 4.65193], [7.81502, 4.64195]]]}, "properties": {"name": "Ukpum Minya 3", "lga": "Mkpat Enin", "state": "ak"}}, {"type": "Feature", "geometry": {"type": "Polygon", "coordinates": [[[7.95053, 4.85903], [7.95218, 4.85859], [7.95928, 4.85246], [7.96527, 4.85289], [7.9727, 4.83869], [7.95862, 4.83743], [7.95745, 4.83265], [7.95467, 4.82784], [7.95537, 4.82175], [7.95551, 4.81868], [7.9549, 4.8093], [7.95732, 4.80282], [7.96058, 4.7955], [7.96026, 4.78337], [7.95978, 4.78248], [7.9543, 4.7782], [7.94516, 4.79837], [7.94375, 4.80219], [7.94358, 4.80603], [7.93284, 4.81208], [7.93132, 4.81605], [7.9296, 4.81675], [7.92605, 4.82213], [7.927, 4.82584], [7.92645, 4.83057], [7.92699, 4.83324], [7.92868, 4.83786], [7.95053, 4.85903]]]}, "properties": {"name": "Asutan 4", "lga": "Ibesikpo Asutan", "state": "ak"}}, {"type": "Feature", "geometry": {"type": "Polygon", "coordinates": [[[7.90759, 4.95397], [7.91674, 4.95676], [7.92044, 4.95701], [7.92261, 4.9633], [7.92196, 4.96371], [7.92164, 4.96443], [7.92208, 4.96616], [7.92694, 4.96717], [7.92812, 4.96823], [7.93265, 4.96781], [7.92865, 4.97339], [7.93289, 4.97562], [7.93498, 4.97515], [7.93746, 4.97576], [7.93721, 4.96997], [7.94231, 4.96814], [7.9443, 4.97022], [7.94984, 4.96873], [7.95605, 4.97403], [7.95352, 4.97744], [7.95575, 4.98116], [7.95922, 4.98126], [7.96461, 4.97712], [7.96807, 4.9638], [7.9714, 4.96288], [7.98157, 4.95288], [7.97376, 4.94678], [7.96895, 4.94692], [7.96586, 4.95166], [7.96199, 4.95539], [7.9592, 4.95498], [7.95417, 4.95121], [7.95295, 4.94652], [7.94242, 4.94065], [7.94056, 4.94058], [7.93827, 4.94], [7.9305, 4.93878], [7.92791, 4.93871], [7.91803, 4.93918], [7.9162, 4.93859], [7.90611, 4.94254], [7.90759, 4.95397]]]}, "properties": {"name": "Ibesikpo 2", "lga": "Ibesikpo Asutan", "state": "ak"}}, {"type": "Feature", "geometry": {"type": "Polygon", "coordinates": [[[7.97791, 4.903], [7.98182, 4.90886], [7.98399, 4.9107], [7.98677, 4.91184], [7.99008, 4.91787], [7.99158, 4.91891], [7.99305, 4.91925], [7.99476, 4.91898], [7.99774, 4.91896], [7.99853, 4.91858], [8.00597, 4.90657], [8.00328, 4.9041], [8.00264, 4.90268], [7.99858, 4.90001], [7.99566, 4.89487], [7.99257, 4.89314], [7.98932, 4.88713], [7.98091, 4.88541], [7.97896, 4.87715], [7.98461, 4.87182], [7.9851, 4.86666], [7.97919, 4.86352], [7.97243, 4.86469], [7.96933, 4.86762], [7.96455, 4.86945], [7.96077, 4.87535], [7.95964, 4.87744], [7.95166, 4.87642], [7.95188, 4.87707], [7.9506, 4.88092], [7.95238, 4.88101], [7.95578, 4.88338], [7.95802, 4.89167], [7.9619, 4.89284], [7.96257, 4.89665], [7.97263, 4.89497], [7.97542, 4.90034], [7.9765, 4.90099], [7.97791, 4.903]]]}, "properties": {"name": "Asutan 2", "lga": "Ibesikpo Asutan", "state": "ak"}}, {"type": "Feature", "geometry": {"type": "Polygon", "coordinates": [[[7.9727, 4.83869], [7.96527, 4.85289], [7.95928, 4.85246], [7.95218, 4.85859], [7.95053, 4.85903], [7.94956, 4.86076], [7.95166, 4.87642], [7.95964, 4.87744], [7.96077, 4.87535], [7.96455, 4.86945], [7.96933, 4.86762], [7.97243, 4.86469], [7.97919, 4.86352], [7.9851, 4.86666], [7.98461, 4.87182], [7.98902, 4.87264], [7.99046, 4.87281], [7.99409, 4.87273], [7.99556, 4.87442], [8.00771, 4.87015], [8.00781, 4.86879], [8.0087, 4.86648], [8.01124, 4.86557], [8.01641, 4.86277], [8.02773, 4.86564], [8.02982, 4.85695], [8.01632, 4.85207], [8.01443, 4.84918], [8.01139, 4.848], [8.00615, 4.84793], [8.00088, 4.84834], [7.99771, 4.84584], [7.99439, 4.84564], [7.99027, 4.84392], [7.98526, 4.84321], [7.97649, 4.83844], [7.97613, 4.83793], [7.9727, 4.83869]]]}, "properties": {"name": "Asutan 5", "lga": "Ibesikpo Asutan", "state": "ak"}}, {"type": "Feature", "geometry": {"type": "Polygon", "coordinates": [[[7.8916, 4.97407], [7.89334, 4.98975], [7.89226, 4.99119], [7.89785, 5.0083], [7.90172, 5.00908], [7.90867, 5.0013], [7.91184, 4.99941], [7.9135, 5.00046], [7.92712, 5.00128], [7.92879, 5.00249], [7.93403, 5.00135], [7.93757, 4.99871], [7.94039, 4.99669], [7.94286, 4.99432], [7.94609, 4.98877], [7.94922, 4.98591], [7.95575, 4.98116], [7.95352, 4.97744], [7.95605, 4.97403], [7.94984, 4.96873], [7.9443, 4.97022], [7.94231, 4.96814], [7.93721, 4.96997], [7.93746, 4.97576], [7.93498, 4.97515], [7.93289, 4.97562], [7.92865, 4.97339], [7.93265, 4.96781], [7.92812, 4.96823], [7.92694, 4.96717], [7.92208, 4.96616], [7.92164, 4.96443], [7.92196, 4.96371], [7.92261, 4.9633], [7.92044, 4.95701], [7.91674, 4.95676], [7.90759, 4.95397], [7.90584, 4.95504], [7.89687, 4.97198], [7.8916, 4.97407]]]}, "properties": {"name": "Ibesikpo 1", "lga": "Ibesikpo Asutan", "state": "ak"}}, {"type": "Feature", "geometry": {"type": "Polygon", "coordinates": [[[7.91559, 4.90029], [7.92518, 4.90052], [7.93399, 4.90733], [7.93843, 4.91217], [7.94175, 4.91559], [7.94496, 4.91606], [7.94583, 4.91548], [7.95168, 4.91268], [7.9513, 4.91169], [7.95659, 4.9104], [7.95792, 4.90845], [7.95945, 4.90688], [7.96257, 4.89665], [7.9619, 4.89284], [7.95802, 4.89167], [7.95578, 4.88338], [7.95238, 4.88101], [7.9506, 4.88092], [7.95188, 4.87707], [7.95166, 4.87642], [7.94956, 4.86076], [7.95053, 4.85903], [7.94874, 4.85725], [7.93995, 4.84923], [7.93872, 4.84869], [7.92747, 4.86054], [7.92824, 4.87082], [7.92955, 4.87143], [7.92864, 4.87531], [7.93018, 4.875], [7.91625, 4.89096], [7.91578, 4.8943], [7.91559, 4.90029]]]}, "properties": {"name": "Asutan 1", "lga": "Ibesikpo Asutan", "state": "ak"}}, {"type": "Feature", "geometry": {"type": "Polygon", "coordinates": [[[7.65144, 5.27538], [7.65789, 5.28138], [7.66672, 5.27438], [7.67214, 5.27417], [7.68396, 5.27507], [7.69484, 5.27808], [7.71234, 5.28377], [7.7199, 5.28517], [7.72195, 5.2772], [7.70929, 5.26988], [7.68647, 5.25418], [7.67454, 5.2521], [7.67103, 5.25104], [7.65519, 5.24754], [7.65404, 5.26145], [7.6525, 5.26381], [7.65057, 5.27333], [7.65144, 5.27538]]]}, "properties": {"name": "Obot Akara 1", "lga": "Obot Akara", "state": "ak"}}, {"type": "Feature", "geometry": {"type": "Polygon", "coordinates": [[[7.54151, 5.22739], [7.54237, 5.25597], [7.5435, 5.25829], [7.54577, 5.26061], [7.54647, 5.26152], [7.56293, 5.25892], [7.5772, 5.25351], [7.57853, 5.24587], [7.57515, 5.24028], [7.56787, 5.23758], [7.55724, 5.2363], [7.54482, 5.22934], [7.54151, 5.22739]]]}, "properties": {"name": "Nto-Edino 3", "lga": "Obot Akara", "state": "ak"}}, {"type": "Feature", "geometry": {"type": "Polygon", "coordinates": [[[7.54647, 5.26152], [7.54803, 5.26352], [7.54972, 5.26642], [7.55199, 5.26932], [7.5531, 5.27279], [7.55307, 5.27568], [7.5519, 5.27855], [7.5513, 5.28086], [7.54956, 5.28315], [7.54723, 5.2866], [7.53447, 5.30092], [7.53502, 5.30381], [7.53785, 5.3073], [7.5407, 5.30905], [7.54356, 5.30965], [7.54644, 5.30852], [7.54932, 5.30682], [7.55162, 5.30626], [7.55621, 5.30629], [7.55906, 5.30805], [7.56076, 5.30922], [7.5622, 5.31219], [7.56821, 5.30192], [7.57976, 5.29395], [7.58393, 5.28631], [7.59494, 5.2809], [7.5982, 5.27715], [7.60704, 5.27212], [7.61268, 5.26384], [7.61329, 5.26041], [7.61277, 5.25978], [7.61196, 5.25824], [7.60068, 5.25469], [7.59645, 5.25718], [7.58839, 5.25941], [7.58627, 5.26124], [7.5772, 5.25351], [7.56293, 5.25892], [7.54647, 5.26152]]]}, "properties": {"name": "Nto-Edino 2", "lga": "Obot Akara", "state": "ak"}}, {"type": "Feature", "geometry": {"type": "Polygon", "coordinates": [[[7.66667, 5.34693], [7.66744, 5.34701], [7.68416, 5.34561], [7.68702, 5.32243], [7.69587, 5.30366], [7.70754, 5.30451], [7.70895, 5.29699], [7.71448, 5.29524], [7.71584, 5.29699], [7.71766, 5.29931], [7.7208, 5.2969], [7.7199, 5.28517], [7.71234, 5.28377], [7.69484, 5.27808], [7.68396, 5.27507], [7.67214, 5.27417], [7.66672, 5.27438], [7.65789, 5.28138], [7.65144, 5.27538], [7.63723, 5.28719], [7.6383, 5.28779], [7.63502, 5.29054], [7.63358, 5.29425], [7.62714, 5.29916], [7.62929, 5.31817], [7.62883, 5.32012], [7.64891, 5.32493], [7.66667, 5.34693]]]}, "properties": {"name": "Obot Akara 2", "lga": "Obot Akara", "state": "ak"}}, {"type": "Feature", "geometry": {"type": "Polygon", "coordinates": [[[7.54053, 5.21026], [7.56582, 5.20438], [7.56875, 5.1997], [7.57141, 5.19601], [7.5758, 5.19243], [7.58477, 5.19006], [7.58973, 5.19105], [7.59552, 5.18893], [7.59701, 5.19051], [7.60119, 5.17448], [7.58766, 5.17063], [7.58504, 5.16811], [7.57494, 5.16526], [7.57106, 5.16482], [7.56334, 5.16489], [7.55607, 5.16669], [7.53246, 5.17253], [7.53342, 5.17567], [7.53904, 5.18726], [7.54053, 5.21026]]]}, "properties": {"name": "Ikot Abia 3", "lga": "Obot Akara", "state": "ak"}}, {"type": "Feature", "geometry": {"type": "Polygon", "coordinates": [[[7.60119, 5.17448], [7.59701, 5.19051], [7.59552, 5.18893], [7.58973, 5.19105], [7.58477, 5.19006], [7.5758, 5.19243], [7.57141, 5.19601], [7.56875, 5.1997], [7.56582, 5.20438], [7.57446, 5.21063], [7.58649, 5.20942], [7.59497, 5.22621], [7.60168, 5.22459], [7.60909, 5.21199], [7.61669, 5.21012], [7.62245, 5.20833], [7.62815, 5.20641], [7.63547, 5.20051], [7.64154, 5.19777], [7.64724, 5.19668], [7.64835, 5.19062], [7.65155, 5.18062], [7.65249, 5.17722], [7.65141, 5.1755], [7.64053, 5.17138], [7.62799, 5.17561], [7.62117, 5.17338], [7.61831, 5.17319], [7.61317, 5.16835], [7.60119, 5.17448]]]}, "properties": {"name": "Ikot Abia 2", "lga": "Obot Akara", "state": "ak"}}, {"type": "Feature", "geometry": {"type": "Polygon", "coordinates": [[[7.62883, 5.32012], [7.62929, 5.31817], [7.62714, 5.29916], [7.63358, 5.29425], [7.63502, 5.29054], [7.6383, 5.28779], [7.63723, 5.28719], [7.65144, 5.27538], [7.65057, 5.27333], [7.6525, 5.26381], [7.65404, 5.26145], [7.65519, 5.24754], [7.65114, 5.23714], [7.63253, 5.24924], [7.62486, 5.2422], [7.61658, 5.24877], [7.61196, 5.25824], [7.61277, 5.25978], [7.61329, 5.26041], [7.6189, 5.26246], [7.62251, 5.27263], [7.61756, 5.27696], [7.61632, 5.28172], [7.61628, 5.28474], [7.61637, 5.29047], [7.6202, 5.29719], [7.61752, 5.30925], [7.61991, 5.31808], [7.62203, 5.31779], [7.62547, 5.3184], [7.62883, 5.32012]]]}, "properties": {"name": "Obot Akara 3", "lga": "Obot Akara", "state": "ak"}}, {"type": "Feature", "geometry": {"type": "Polygon", "coordinates": [[[7.74539, 4.80954], [7.75269, 4.80747], [7.76674, 4.79132], [7.76142, 4.78807], [7.75946, 4.78479], [7.75731, 4.78401], [7.75008, 4.78304], [7.747, 4.77917], [7.74087, 4.76539], [7.74402, 4.75425], [7.74185, 4.75081], [7.73618, 4.74598], [7.73402, 4.74298], [7.73135, 4.73755], [7.7285, 4.73604], [7.72926, 4.72081], [7.70923, 4.71097], [7.70345, 4.71353], [7.70074, 4.72284], [7.70606, 4.73185], [7.71051, 4.73838], [7.70452, 4.746], [7.69527, 4.74326], [7.70587, 4.75714], [7.7149, 4.77311], [7.72158, 4.7866], [7.72606, 4.79274], [7.72961, 4.79844], [7.73665, 4.8057], [7.74413, 4.81179], [7.74539, 4.80954]]]}, "properties": {"name": "Ibiaku 1", "lga": "Mkpat Enin", "state": "ak"}}, {"type": "Feature", "geometry": {"type": "Polygon", "coordinates": [[[8.02773, 4.86564], [8.02976, 4.87162], [8.02922, 4.87458], [8.03101, 4.88098], [8.0168, 4.88828], [8.01876, 4.9071], [8.01889, 4.90719], [8.03289, 4.89939], [8.03973, 4.89371], [8.04218, 4.8945], [8.04221, 4.8945], [8.04918, 4.89101], [8.06188, 4.8847], [8.04935, 4.8682], [8.04902, 4.86537], [8.05286, 4.85686], [8.04996, 4.84937], [8.04345, 4.84735], [8.03714, 4.84832], [8.03654, 4.84929], [8.03434, 4.85065], [8.02982, 4.85695], [8.02773, 4.86564]]]}, "properties": {"name": "Ward 4", "lga": "Nsit Atai", "state": "ak"}}, {"type": "Feature", "geometry": {"type": "Polygon", "coordinates": [[[7.54053, 5.21026], [7.54155, 5.22307], [7.54152, 5.22653], [7.54151, 5.22739], [7.54482, 5.22934], [7.55724, 5.2363], [7.56787, 5.23758], [7.57515, 5.24028], [7.57853, 5.24587], [7.5772, 5.25351], [7.58627, 5.26124], [7.58839, 5.25941], [7.59645, 5.25718], [7.60068, 5.25469], [7.59215, 5.22876], [7.59497, 5.22621], [7.58649, 5.20942], [7.57446, 5.21063], [7.56582, 5.20438], [7.54053, 5.21026]]]}, "properties": {"name": "Nto-Edino 1", "lga": "Obot Akara", "state": "ak"}}, {"type": "Feature", "geometry": {"type": "Polygon", "coordinates": [[[7.77803, 4.92527], [7.77916, 4.92664], [7.78579, 4.93518], [7.79169, 4.93873], [7.79354, 4.94103], [7.80288, 4.94562], [7.81574, 4.94877], [7.81691, 4.94141], [7.81736, 4.93919], [7.81708, 4.93702], [7.81757, 4.93555], [7.81902, 4.9322], [7.82033, 4.92867], [7.80768, 4.92624], [7.80573, 4.91458], [7.80208, 4.89736], [7.79809, 4.89029], [7.80143, 4.88376], [7.79049, 4.88153], [7.78508, 4.89036], [7.78248, 4.90077], [7.77829, 4.89877], [7.77582, 4.90273], [7.7771, 4.91054], [7.77834, 4.91605], [7.77865, 4.92089], [7.77803, 4.92527]]]}, "properties": {"name": "Abak 2", "lga": "Abak", "state": "ak"}}, {"type": "Feature", "geometry": {"type": "Polygon", "coordinates": [[[7.68984, 4.77774], [7.69364, 4.77632], [7.69788, 4.77404], [7.69193, 4.7681], [7.68896, 4.76542], [7.68509, 4.76304], [7.68004, 4.76066], [7.67647, 4.75798], [7.6726, 4.75709], [7.66933, 4.75568], [7.66041, 4.74995], [7.65594, 4.74757], [7.65267, 4.7446], [7.64877, 4.7511], [7.64513, 4.73917], [7.6244, 4.74369], [7.61642, 4.74109], [7.61413, 4.76823], [7.62167, 4.76526], [7.62482, 4.76894], [7.63288, 4.76983], [7.63583, 4.77251], [7.63647, 4.78004], [7.65176, 4.79392], [7.65462, 4.79273], [7.65867, 4.79131], [7.66961, 4.78821], [7.68746, 4.77988], [7.68984, 4.77774]]]}, "properties": {"name": "Ibesit Nung Ikot 1", "lga": "Oruk Anam", "state": "ak"}}, {"type": "Feature", "geometry": {"type": "Polygon", "coordinates": [[[7.98461, 4.87182], [7.97896, 4.87715], [7.98091, 4.88541], [7.98932, 4.88713], [7.99257, 4.89314], [7.99566, 4.89487], [7.99858, 4.90001], [8.00264, 4.90268], [8.00328, 4.9041], [8.00597, 4.90657], [8.01876, 4.9071], [8.0168, 4.88828], [8.01383, 4.88632], [8.01235, 4.88462], [8.00771, 4.87015], [7.99556, 4.87442], [7.99409, 4.87273], [7.99046, 4.87281], [7.98902, 4.87264], [7.98461, 4.87182]]]}, "properties": {"name": "Asutan 3", "lga": "Ibesikpo Asutan", "state": "ak"}}, {"type": "Feature", "geometry": {"type": "Polygon", "coordinates": [[[7.76776, 4.99869], [7.75769, 4.99863], [7.75742, 4.9993], [7.74096, 5.00821], [7.73845, 4.99243], [7.73412, 4.98912], [7.72379, 4.993], [7.72217, 4.99943], [7.72563, 4.99916], [7.72648, 4.99936], [7.7264, 5.00024], [7.72692, 5.00079], [7.72736, 5.00103], [7.72031, 5.00358], [7.71744, 5.00751], [7.72368, 5.00897], [7.7359, 5.01596], [7.73706, 5.01824], [7.74176, 5.01875], [7.7433, 5.01958], [7.74392, 5.02058], [7.74986, 5.01904], [7.75549, 5.0206], [7.75718, 5.01575], [7.7602, 5.01874], [7.7717, 5.02068], [7.77226, 5.02068], [7.77313, 5.02022], [7.77397, 5.02016], [7.77571, 5.01184], [7.77987, 5.01469], [7.7893, 5.01166], [7.78863, 5.00982], [7.78829, 5.00793], [7.78794, 5.00473], [7.78887, 5.00402], [7.79115, 5.00372], [7.79408, 5.00109], [7.7955, 4.99967], [7.79643, 4.99826], [7.78848, 4.99646], [7.78834, 4.99299], [7.78739, 4.98892], [7.78545, 4.98988], [7.78348, 4.99194], [7.78141, 4.99099], [7.78031, 4.9918], [7.77959, 4.99016], [7.77869, 4.98903], [7.77823, 4.99164], [7.77658, 4.99182], [7.77503, 4.99224], [7.77471, 4.99067], [7.77341, 4.99091], [7.76776, 4.99869]]]}, "properties": {"name": "Abak 4", "lga": "Abak", "state": "ak"}}, {"type": "Feature", "geometry": {"type": "Polygon", "coordinates": [[[7.57567, 4.9921], [7.57301, 4.98219], [7.56313, 4.9745], [7.55227, 4.97872], [7.55172, 4.98106], [7.54935, 4.98282], [7.54256, 4.9969], [7.55096, 4.99774], [7.54977, 4.99903], [7.55316, 5.00091], [7.54315, 5.00854], [7.54362, 5.0091], [7.55546, 5.01186], [7.55812, 5.01098], [7.5582, 5.0069], [7.56248, 5.00627], [7.56849, 5.00561], [7.57219, 5.01044], [7.57756, 5.01204], [7.58362, 5.01138], [7.58779, 4.99877], [7.57567, 4.9921]]]}, "properties": {"name": "Ito 3", "lga": "Ika", "state": "ak"}}, {"type": "Feature", "geometry": {"type": "Polygon", "coordinates": [[[7.94851, 4.92326], [7.95264, 4.92489], [7.95585, 4.92323], [7.9571, 4.92304], [7.96254, 4.92542], [7.96361, 4.92721], [7.96376, 4.93232], [7.9631, 4.93317], [7.96243, 4.93333], [7.96227, 4.93496], [7.96219, 4.93616], [7.96356, 4.93741], [7.96339, 4.93881], [7.96235, 4.941], [7.96598, 4.94176], [7.96895, 4.94692], [7.97376, 4.94678], [7.97717, 4.9295], [7.97956, 4.9279], [7.98293, 4.92883], [7.98967, 4.92932], [7.9904, 4.92985], [7.99362, 4.9266], [7.99221, 4.92544], [7.99117, 4.92363], [7.9933, 4.92121], [7.99305, 4.91925], [7.99158, 4.91891], [7.99008, 4.91787], [7.98677, 4.91184], [7.98399, 4.9107], [7.98182, 4.90886], [7.97263, 4.89497], [7.96257, 4.89665], [7.95945, 4.90688], [7.95792, 4.90845], [7.95659, 4.9104], [7.9513, 4.91169], [7.95168, 4.91268], [7.94583, 4.91548], [7.94496, 4.91606], [7.94773, 4.92153], [7.94851, 4.92326]]]}, "properties": {"name": "Ibesikpo 3", "lga": "Ibesikpo Asutan", "state": "ak"}}, {"type": "Feature", "geometry": {"type": "Polygon", "coordinates": [[[7.74341, 4.66467], [7.74524, 4.66334], [7.75175, 4.65822], [7.74002, 4.64338], [7.73656, 4.64222], [7.73508, 4.63739], [7.73128, 4.63258], [7.73023, 4.62705], [7.72932, 4.62022], [7.73327, 4.60386], [7.73944, 4.58762], [7.71911, 4.59043], [7.7071, 4.62483], [7.70599, 4.62242], [7.7024, 4.62767], [7.70191, 4.62879], [7.70325, 4.64037], [7.70231, 4.64126], [7.70106, 4.64818], [7.70139, 4.6517], [7.70707, 4.66193], [7.70783, 4.66308], [7.71822, 4.66167], [7.72081, 4.66215], [7.72271, 4.66516], [7.7415, 4.66739], [7.74341, 4.66467]]]}, "properties": {"name": "Ukpum Minya 2", "lga": "Mkpat Enin", "state": "ak"}}, {"type": "Feature", "geometry": {"type": "Polygon", "coordinates": [[[7.5252, 4.77328], [7.50958, 4.78517], [7.51182, 4.79305], [7.54644, 4.8066], [7.55648, 4.80189], [7.55963, 4.80308], [7.56311, 4.81034], [7.56364, 4.8144], [7.56566, 4.8215], [7.57019, 4.82677], [7.57536, 4.82707], [7.58045, 4.83539], [7.59615, 4.83934], [7.59837, 4.84136], [7.61397, 4.83288], [7.61476, 4.82761], [7.63032, 4.8144], [7.63028, 4.80754], [7.62995, 4.8071], [7.60679, 4.80791], [7.60533, 4.80289], [7.59566, 4.80301], [7.58976, 4.80299], [7.58477, 4.80464], [7.58035, 4.80386], [7.57339, 4.79572], [7.57194, 4.79303], [7.57106, 4.7842], [7.57124, 4.78022], [7.57413, 4.77274], [7.56734, 4.76807], [7.55333, 4.77175], [7.54251, 4.77425], [7.53164, 4.76838], [7.5252, 4.77328]]]}, "properties": {"name": "Ikot Ibritam 1", "lga": "Oruk Anam", "state": "ak"}}, {"type": "Feature", "geometry": {"type": "Polygon", "coordinates": [[[7.99349, 4.74182], [7.99324, 4.74362], [7.9906, 4.74821], [8.00048, 4.76738], [8.00316, 4.76858], [8.00806, 4.76354], [8.01024, 4.76007], [8.02161, 4.75164], [8.01225, 4.74337], [8.01149, 4.74002], [8.01061, 4.73416], [8.00747, 4.7284], [8.00123, 4.72582], [8.00402, 4.71838], [8.00172, 4.71125], [8.00133, 4.70968], [7.99792, 4.70753], [7.98125, 4.71118], [7.98126, 4.7188], [7.97817, 4.72332], [7.98264, 4.73243], [7.98277, 4.73468], [7.99349, 4.74182]]]}, "properties": {"name": "Ubium South 3", "lga": "Nsit Ubium", "state": "ak"}}, {"type": "Feature", "geometry": {"type": "Polygon", "coordinates": [[[7.96323, 5.01262], [7.96266, 5.00878], [7.96261, 5.00783], [7.95954, 5.00777], [7.95928, 5.00686], [7.95829, 5.00585], [7.95667, 5.00794], [7.95589, 5.00596], [7.95493, 5.00612], [7.95419, 5.00697], [7.95405, 5.00791], [7.95274, 5.00782], [7.95249, 5.00813], [7.95103, 5.00854], [7.94868, 5.01105], [7.94562, 5.00879], [7.94475, 5.00918], [7.94381, 5.01028], [7.94508, 5.01109], [7.94385, 5.01213], [7.94149, 5.01814], [7.9397, 5.01732], [7.93929, 5.01856], [7.94115, 5.02083], [7.94042, 5.02145], [7.94338, 5.02418], [7.94427, 5.02427], [7.9459, 5.03086], [7.9474, 5.03147], [7.94897, 5.03248], [7.95008, 5.03495], [7.95, 5.03702], [7.94914, 5.03812], [7.94809, 5.03962], [7.94888, 5.04253], [7.94547, 5.05118], [7.94927, 5.05248], [7.96306, 5.06913], [7.96588, 5.0701], [7.97417, 5.06787], [7.98062, 5.06357], [7.98486, 5.05992], [7.98422, 5.05108], [7.98833, 5.0455], [7.99291, 5.03846], [8.00091, 5.03215], [8.00373, 5.01449], [8.0029, 5.01415], [7.99794, 5.01361], [7.99833, 5.01665], [7.98626, 5.01828], [7.98248, 5.01775], [7.981, 5.01933], [7.9791, 5.0204], [7.97054, 5.00589], [7.96894, 5.00799], [7.96852, 5.01092], [7.96824, 5.01273], [7.96323, 5.01262]]]}, "properties": {"name": "Offot 2", "lga": "Uyo", "state": "ak"}}, {"type": "Feature", "geometry": {"type": "Polygon", "coordinates": [[[8.00774, 5.14757], [8.01101, 5.13805], [8.01309, 5.12616], [8.01339, 5.1214], [8.01488, 5.11664], [8.0045, 5.11875], [7.99947, 5.10941], [7.99435, 5.11269], [7.98323, 5.11708], [7.98272, 5.11754], [7.98052, 5.12419], [7.99024, 5.13206], [7.99462, 5.13604], [7.9924, 5.14197], [7.99103, 5.14535], [7.98684, 5.14792], [7.98557, 5.15284], [7.98778, 5.15399], [7.99351, 5.15457], [7.99534, 5.15781], [8.0003, 5.16152], [7.99112, 5.16957], [7.9875, 5.17173], [7.98047, 5.17055], [7.9713, 5.16898], [7.96327, 5.18007], [7.96728, 5.18542], [7.96992, 5.19467], [7.97056, 5.19704], [7.97982, 5.20716], [7.98436, 5.20578], [7.98598, 5.20596], [7.98816, 5.2062], [8.00209, 5.18535], [8.00417, 5.1788], [8.00476, 5.17553], [8.00774, 5.14757]]]}, "properties": {"name": "East Itam 5", "lga": "Itu", "state": "ak"}}, {"type": "Feature", "geometry": {"type": "Polygon", "coordinates": [[[8.05201, 5.08147], [8.03592, 5.07227], [8.01099, 5.0737], [8.0063, 5.07395], [7.99203, 5.06237], [7.98486, 5.05992], [7.98062, 5.06357], [7.97417, 5.06787], [7.9747, 5.07026], [7.98131, 5.09042], [7.98136, 5.09408], [7.98052, 5.09827], [7.97881, 5.09953], [7.97737, 5.10012], [7.9741, 5.10115], [7.96981, 5.10197], [7.96998, 5.10843], [7.97616, 5.11292], [7.97848, 5.11466], [7.98272, 5.11754], [7.98323, 5.11708], [7.99435, 5.11269], [7.99947, 5.10941], [8.0045, 5.11875], [8.01488, 5.11664], [8.01636, 5.1101], [8.01755, 5.10653], [8.01986, 5.10113], [8.02661, 5.10448], [8.03008, 5.10534], [8.03655, 5.10569], [8.04164, 5.10699], [8.04582, 5.1083], [8.05091, 5.1096], [8.05395, 5.11183], [8.06461, 5.13141], [8.08393, 5.12553], [8.09521, 5.11519], [8.09929, 5.10705], [8.09979, 5.09522], [8.09983, 5.09427], [8.07777, 5.0793], [8.05201, 5.08147]]]}, "properties": {"name": "North Uruan 1", "lga": "Uruan", "state": "ak"}}, {"type": "Feature", "geometry": {"type": "Polygon", "coordinates": [[[8.04934, 4.62726], [8.03319, 4.65041], [8.03249, 4.65209], [8.02967, 4.66062], [8.0301, 4.66163], [8.03427, 4.68213], [8.04784, 4.6887], [8.04457, 4.68045], [8.04342, 4.67322], [8.04338, 4.65877], [8.04379, 4.65717], [8.04525, 4.65429], [8.04714, 4.65282], [8.0524, 4.65273], [8.05775, 4.65377], [8.06057, 4.65741], [8.06238, 4.65909], [8.06415, 4.65807], [8.06735, 4.65713], [8.07084, 4.6567], [8.07419, 4.65671], [8.07867, 4.65767], [8.07905, 4.65503], [8.07714, 4.65147], [8.07503, 4.65014], [8.0753, 4.6493], [8.07517, 4.64832], [8.07342, 4.64511], [8.07363, 4.64449], [8.07427, 4.64391], [8.07503, 4.64318], [8.0779, 4.64209], [8.07877, 4.64233], [8.07914, 4.64281], [8.07982, 4.64122], [8.08008, 4.63969], [8.08002, 4.63762], [8.06539, 4.62995], [8.04934, 4.62153], [8.04934, 4.62726]]]}, "properties": {"name": "Uquo 1", "lga": "Esit Eket", "state": "ak"}}, {"type": "Feature", "geometry": {"type": "Polygon", "coordinates": [[[7.68492, 5.04376], [7.68544, 5.04669], [7.69114, 5.04737], [7.69329, 5.04858], [7.69531, 5.05128], [7.69467, 5.05614], [7.6949, 5.05931], [7.69899, 5.06147], [7.70612, 5.05474], [7.70628, 5.05029], [7.71278, 5.04352], [7.7192, 5.048], [7.72451, 5.04763], [7.72417, 5.04027], [7.72204, 5.03588], [7.72539, 5.02547], [7.72421, 5.02433], [7.72159, 5.02519], [7.7167, 5.02365], [7.71438, 5.02293], [7.70955, 5.02028], [7.7081, 5.02083], [7.70676, 5.02231], [7.70682, 5.02721], [7.70337, 5.02932], [7.70151, 5.03149], [7.69322, 5.03367], [7.6917, 5.03326], [7.69143, 5.03391], [7.686, 5.04041], [7.68492, 5.04376]]]}, "properties": {"name": "Midim 1", "lga": "Abak", "state": "ak"}}, {"type": "Feature", "geometry": {"type": "Polygon", "coordinates": [[[7.74096, 5.00821], [7.75742, 4.9993], [7.75769, 4.99863], [7.75328, 4.98457], [7.74746, 4.97852], [7.74544, 4.97589], [7.73759, 4.97129], [7.73504, 4.96853], [7.72933, 4.96558], [7.72952, 4.96004], [7.72488, 4.95714], [7.71921, 4.95702], [7.70073, 4.94671], [7.69886, 4.94395], [7.68735, 4.95167], [7.6933, 4.95346], [7.69439, 4.95722], [7.6976, 4.96009], [7.70358, 4.96595], [7.70517, 4.96669], [7.7087, 4.97536], [7.71661, 4.98054], [7.72383, 4.97493], [7.73121, 4.98163], [7.73506, 4.98373], [7.73412, 4.98912], [7.73845, 4.99243], [7.74096, 5.00821]]]}, "properties": {"name": "Ward 5", "lga": "Ukanafun", "state": "ak"}}, {"type": "Feature", "geometry": {"type": "Polygon", "coordinates": [[[8.18098, 4.72908], [8.19926, 4.72627], [8.20169, 4.70496], [8.20328, 4.70332], [8.20834, 4.70254], [8.21362, 4.70038], [8.21403, 4.69784], [8.2133, 4.69485], [8.2114, 4.69166], [8.21016, 4.68661], [8.20983, 4.68609], [8.21606, 4.68636], [8.22149, 4.68636], [8.2245, 4.68696], [8.22078, 4.68173], [8.21921, 4.67554], [8.19359, 4.67447], [8.18804, 4.68012], [8.18197, 4.68114], [8.17387, 4.68201], [8.17196, 4.70213], [8.17773, 4.70574], [8.17765, 4.70949], [8.18009, 4.71303], [8.17837, 4.71599], [8.17659, 4.71709], [8.1753, 4.72544], [8.18098, 4.72908]]]}, "properties": {"name": "Oruko 7", "lga": "Urue Offong/Oruko", "state": "ak"}}, {"type": "Feature", "geometry": {"type": "Polygon", "coordinates": [[[7.92033, 5.11172], [7.92396, 5.12456], [7.92278, 5.12557], [7.92221, 5.13332], [7.92004, 5.13568], [7.93387, 5.14018], [7.93648, 5.131], [7.94553, 5.12079], [7.96034, 5.12487], [7.96286, 5.12607], [7.97224, 5.12993], [7.9747, 5.12778], [7.98052, 5.12419], [7.98272, 5.11754], [7.97848, 5.11466], [7.97616, 5.11292], [7.96998, 5.10843], [7.96605, 5.1119], [7.96019, 5.10917], [7.94479, 5.09494], [7.94065, 5.09448], [7.93692, 5.10397], [7.91835, 5.10744], [7.91908, 5.11039], [7.92033, 5.11172]]]}, "properties": {"name": "East Itam 2", "lga": "Itu", "state": "ak"}}, {"type": "Feature", "geometry": {"type": "Polygon", "coordinates": [[[7.92187, 4.56876], [7.92869, 4.56571], [7.93158, 4.55983], [7.94129, 4.55836], [7.94435, 4.55984], [7.94362, 4.55687], [7.94736, 4.55054], [7.95256, 4.5345], [7.93199, 4.5325], [7.92405, 4.54865], [7.91843, 4.56478], [7.92187, 4.56876]]]}, "properties": {"name": "Inua Eyet Ikot", "lga": "Ibeno", "state": "ak"}}, {"type": "Feature", "geometry": {"type": "Polygon", "coordinates": [[[7.81093, 4.51912], [7.80423, 4.57118], [7.8217, 4.57268], [7.84677, 4.56635], [7.902, 4.56475], [7.88946, 4.54207], [7.85225, 4.52866], [7.85272, 4.52478], [7.81093, 4.51912]]]}, "properties": {"name": "Itak Abasi", "lga": "Ibeno", "state": "ak"}}, {"type": "Feature", "geometry": {"type": "Polygon", "coordinates": [[[7.75424, 5.02247], [7.75549, 5.0206], [7.74986, 5.01904], [7.74392, 5.02058], [7.7433, 5.01958], [7.74176, 5.01875], [7.73706, 5.01824], [7.7359, 5.01596], [7.73319, 5.01514], [7.73075, 5.01357], [7.72822, 5.01727], [7.72809, 5.02058], [7.72539, 5.02547], [7.72204, 5.03588], [7.72417, 5.04027], [7.72451, 5.04763], [7.7192, 5.048], [7.71075, 5.05599], [7.71637, 5.06335], [7.7165, 5.06669], [7.71766, 5.06991], [7.72275, 5.07504], [7.72636, 5.07648], [7.73138, 5.07414], [7.73815, 5.07564], [7.74439, 5.0714], [7.75239, 5.07357], [7.75634, 5.07149], [7.76379, 5.06662], [7.75705, 5.05953], [7.75345, 5.05918], [7.75187, 5.05707], [7.75181, 5.05353], [7.75029, 5.04771], [7.74929, 5.04526], [7.74613, 5.03888], [7.74029, 5.03568], [7.73967, 5.03442], [7.74608, 5.02828], [7.74903, 5.02906], [7.75424, 5.02247]]]}, "properties": {"name": "Afaha Obong 1", "lga": "Abak", "state": "ak"}}, {"type": "Feature", "geometry": {"type": "Polygon", "coordinates": [[[7.62659, 4.98136], [7.63943, 4.98453], [7.65004, 4.98145], [7.65757, 4.97242], [7.66304, 4.97282], [7.66224, 4.97668], [7.66687, 4.97795], [7.67023, 4.97808], [7.67282, 4.97942], [7.68311, 4.97808], [7.68785, 4.98273], [7.69173, 4.97849], [7.70269, 4.98209], [7.7087, 4.97536], [7.70517, 4.96669], [7.70358, 4.96595], [7.6976, 4.96009], [7.69439, 4.95722], [7.6933, 4.95346], [7.68735, 4.95167], [7.66925, 4.95386], [7.65463, 4.94818], [7.64426, 4.95968], [7.63689, 4.95976], [7.62673, 4.97227], [7.62635, 4.97514], [7.62659, 4.98136]]]}, "properties": {"name": "Ward 1", "lga": "Etim Ekpo", "state": "ak"}}, {"type": "Feature", "geometry": {"type": "Polygon", "coordinates": [[[7.74341, 4.66467], [7.7415, 4.66739], [7.72271, 4.66516], [7.72609, 4.68015], [7.73024, 4.68249], [7.73475, 4.69329], [7.74804, 4.69742], [7.75104, 4.69124], [7.76901, 4.67414], [7.78671, 4.66719], [7.80289, 4.65767], [7.80127, 4.65387], [7.79869, 4.6523], [7.79554, 4.65134], [7.79435, 4.65104], [7.7881, 4.64669], [7.78471, 4.64723], [7.77638, 4.64487], [7.77055, 4.64811], [7.76919, 4.64867], [7.76137, 4.65992], [7.75552, 4.65955], [7.75448, 4.65884], [7.75175, 4.65822], [7.74524, 4.66334], [7.74341, 4.66467]]]}, "properties": {"name": "Ikpa Ibom 2", "lga": "Mkpat Enin", "state": "ak"}}, {"type": "Feature", "geometry": {"type": "Polygon", "coordinates": [[[7.84166, 4.99105], [7.84192, 4.99128], [7.84213, 4.99147], [7.85427, 4.99327], [7.85445, 4.99301], [7.85276, 4.983], [7.85226, 4.97963], [7.85378, 4.97789], [7.85677, 4.97799], [7.86237, 4.97259], [7.86148, 4.96821], [7.85305, 4.96244], [7.84865, 4.9623], [7.83688, 4.97132], [7.83571, 4.97076], [7.82379, 4.95797], [7.81756, 4.9665], [7.81884, 4.97118], [7.8187, 4.97569], [7.82222, 4.98093], [7.82829, 4.98496], [7.82875, 4.98608], [7.83982, 4.99091], [7.84056, 4.99096], [7.84166, 4.99105]]]}, "properties": {"name": "Asang 1", "lga": "Nsit Ibom", "state": "ak"}}, {"type": "Feature", "geometry": {"type": "Polygon", "coordinates": [[[7.87019, 5.05227], [7.87697, 5.04495], [7.86754, 5.0384], [7.86607, 5.03878], [7.86293, 5.0362], [7.85993, 5.02907], [7.85673, 5.02639], [7.85203, 5.02912], [7.85089, 5.04138], [7.84589, 5.04477], [7.84478, 5.055], [7.84303, 5.05884], [7.84376, 5.06338], [7.84217, 5.07398], [7.84197, 5.07738], [7.84325, 5.08582], [7.84583, 5.08697], [7.84986, 5.08911], [7.85115, 5.08923], [7.85568, 5.0817], [7.85802, 5.07807], [7.86114, 5.07473], [7.86334, 5.07219], [7.86462, 5.0708], [7.87698, 5.07928], [7.87861, 5.08013], [7.87985, 5.08014], [7.88077, 5.07996], [7.88377, 5.07519], [7.88259, 5.0706], [7.88383, 5.0706], [7.87832, 5.06458], [7.87732, 5.05965], [7.8703, 5.05321], [7.87019, 5.05227]]]}, "properties": {"name": "Nsan", "lga": "Ibiono Ibom", "state": "ak"}}, {"type": "Feature", "geometry": {"type": "Polygon", "coordinates": [[[7.83106, 4.82496], [7.83236, 4.82228], [7.83337, 4.82184], [7.8349, 4.82265], [7.8366, 4.82228], [7.83738, 4.82147], [7.84232, 4.82095], [7.84616, 4.81788], [7.84795, 4.81928], [7.85451, 4.81649], [7.85989, 4.813], [7.86397, 4.81084], [7.86515, 4.81011], [7.86695, 4.80707], [7.84546, 4.7897], [7.84441, 4.78405], [7.83971, 4.77957], [7.8338, 4.78782], [7.82889, 4.7959], [7.82456, 4.79452], [7.81456, 4.79475], [7.80567, 4.79689], [7.80954, 4.80139], [7.81168, 4.8065], [7.80891, 4.81027], [7.83106, 4.82496]]]}, "properties": {"name": "Ibiaku 2", "lga": "Mkpat Enin", "state": "ak"}}, {"type": "Feature", "geometry": {"type": "Polygon", "coordinates": [[[8.07112, 4.77958], [8.07149, 4.76715], [8.06504, 4.75663], [8.0535, 4.74972], [8.05201, 4.74977], [8.04972, 4.75301], [8.04646, 4.75425], [8.03445, 4.75468], [8.02625, 4.7522], [8.0224, 4.75155], [8.02161, 4.75164], [8.01024, 4.76007], [8.00806, 4.76354], [8.00316, 4.76858], [8.00406, 4.77367], [8.01229, 4.7819], [8.01714, 4.78294], [8.022, 4.78502], [8.03007, 4.78476], [8.03497, 4.77923], [8.04004, 4.77875], [8.04412, 4.77889], [8.04809, 4.78037], [8.05664, 4.77901], [8.06802, 4.78185], [8.07028, 4.77986], [8.07112, 4.77958]]]}, "properties": {"name": "Ward 7", "lga": "Nsit Atai", "state": "ak"}}, {"type": "Feature", "geometry": {"type": "Polygon", "coordinates": [[[7.90921, 4.92525], [7.91338, 4.92665], [7.9162, 4.93859], [7.91803, 4.93918], [7.92791, 4.93871], [7.9305, 4.93878], [7.93827, 4.94], [7.94056, 4.94058], [7.94242, 4.94065], [7.95295, 4.94652], [7.95417, 4.95121], [7.9592, 4.95498], [7.96199, 4.95539], [7.96586, 4.95166], [7.96895, 4.94692], [7.96598, 4.94176], [7.96235, 4.941], [7.96339, 4.93881], [7.96356, 4.93741], [7.96219, 4.93616], [7.96227, 4.93496], [7.96243, 4.93333], [7.9631, 4.93317], [7.96376, 4.93232], [7.96361, 4.92721], [7.96254, 4.92542], [7.9571, 4.92304], [7.95585, 4.92323], [7.95264, 4.92489], [7.94851, 4.92326], [7.94773, 4.92153], [7.94496, 4.91606], [7.94175, 4.91559], [7.93843, 4.91217], [7.93399, 4.90733], [7.92518, 4.90052], [7.91559, 4.90029], [7.91414, 4.90152], [7.91395, 4.9032], [7.90809, 4.91379], [7.90921, 4.92525]]]}, "properties": {"name": "Ibesikpo 5", "lga": "Ibesikpo Asutan", "state": "ak"}}, {"type": "Feature", "geometry": {"type": "Polygon", "coordinates": [[[7.88313, 4.94453], [7.88814, 4.95473], [7.88877, 4.97195], [7.88562, 4.97063], [7.87513, 4.9666], [7.86823, 4.97505], [7.86847, 4.97633], [7.86594, 4.98102], [7.86258, 4.98386], [7.86178, 4.98882], [7.85445, 4.99301], [7.85427, 4.99327], [7.85626, 5.00144], [7.85887, 5.00259], [7.85891, 5.00261], [7.86207, 5.01049], [7.86812, 5.01178], [7.87299, 5.00943], [7.87684, 5.00895], [7.87883, 5.00878], [7.88108, 5.00513], [7.88228, 4.99714], [7.89226, 4.99119], [7.89334, 4.98975], [7.8916, 4.97407], [7.89687, 4.97198], [7.90584, 4.95504], [7.90533, 4.95491], [7.88546, 4.94208], [7.88313, 4.94453]]]}, "properties": {"name": "Asang 5", "lga": "Nsit Ibom", "state": "ak"}}, {"type": "Feature", "geometry": {"type": "Polygon", "coordinates": [[[7.79507, 5.07633], [7.79758, 5.06967], [7.81254, 5.07394], [7.81581, 5.06869], [7.8148, 5.06233], [7.81926, 5.05484], [7.82058, 5.05243], [7.8212, 5.04929], [7.81631, 5.04825], [7.81384, 5.04298], [7.81309, 5.04161], [7.81305, 5.03938], [7.81366, 5.03352], [7.81331, 5.03171], [7.80967, 5.02617], [7.80205, 5.02368], [7.79385, 5.02201], [7.78747, 5.02125], [7.78505, 5.0234], [7.77909, 5.02672], [7.7795, 5.02934], [7.77823, 5.03864], [7.78268, 5.04299], [7.78448, 5.04834], [7.78595, 5.05216], [7.79531, 5.05618], [7.79468, 5.06313], [7.78112, 5.06662], [7.78414, 5.07683], [7.7823, 5.07922], [7.77742, 5.08256], [7.77735, 5.09035], [7.77378, 5.09032], [7.7778, 5.09625], [7.78763, 5.09055], [7.7937, 5.07952], [7.79507, 5.07633]]]}, "properties": {"name": "Otoro 2", "lga": "Abak", "state": "ak"}}, {"type": "Feature", "geometry": {"type": "Polygon", "coordinates": [[[8.08301, 5.01016], [8.08886, 5.01237], [8.09594, 4.99876], [8.09722, 4.9978], [8.10795, 4.97889], [8.11913, 4.96803], [8.07684, 4.97162], [8.07962, 4.96701], [8.074, 4.95994], [8.07284, 4.9591], [8.07074, 4.96233], [8.06971, 4.96452], [8.06865, 4.96708], [8.06598, 4.96973], [8.06416, 4.96996], [8.05722, 4.97055], [8.05253, 4.96649], [8.05048, 4.96518], [8.04369, 4.97263], [8.04432, 4.97748], [8.04511, 4.9835], [8.04667, 4.98515], [8.05153, 4.99158], [8.04977, 5.00417], [8.05351, 5.01358], [8.05535, 5.01295], [8.08301, 5.01016]]]}, "properties": {"name": "Southern Uruan 2", "lga": "Uruan", "state": "ak"}}, {"type": "Feature", "geometry": {"type": "Polygon", "coordinates": [[[8.00066, 4.64665], [7.99787, 4.64353], [7.99382, 4.64428], [7.99204, 4.64446], [7.98961, 4.64524], [7.98761, 4.64679], [7.98726, 4.65284], [7.98996, 4.65938], [7.97749, 4.65948], [7.97563, 4.66077], [7.97429, 4.66181], [7.97307, 4.66244], [7.97528, 4.66496], [7.9739, 4.66551], [7.97177, 4.6662], [7.96871, 4.66751], [7.96962, 4.67237], [7.96755, 4.67274], [7.96744, 4.67347], [7.96563, 4.67339], [7.96603, 4.68274], [7.96581, 4.68987], [8.00463, 4.68232], [8.00237, 4.67815], [7.99591, 4.6781], [7.99392, 4.67263], [7.99644, 4.67113], [8.00008, 4.66312], [8.00994, 4.65544], [8.00508, 4.6448], [8.00066, 4.64665]]]}, "properties": {"name": "Central 3", "lga": "Eket", "state": "ak"}}, {"type": "Feature", "geometry": {"type": "Polygon", "coordinates": [[[7.90365, 5.157], [7.89141, 5.15915], [7.89307, 5.16739], [7.89066, 5.16982], [7.8873, 5.17184], [7.8835, 5.17248], [7.884, 5.17657], [7.89246, 5.18301], [7.90207, 5.18258], [7.90453, 5.18513], [7.90915, 5.18478], [7.91605, 5.18117], [7.91782, 5.17981], [7.9223, 5.18339], [7.92599, 5.18233], [7.92929, 5.18149], [7.94187, 5.18202], [7.94286, 5.18153], [7.93922, 5.17642], [7.93953, 5.1692], [7.94037, 5.16467], [7.94237, 5.15971], [7.9431, 5.15333], [7.94032, 5.14788], [7.93809, 5.14575], [7.93387, 5.14018], [7.92004, 5.13568], [7.92221, 5.13332], [7.92278, 5.12557], [7.92396, 5.12456], [7.92033, 5.11172], [7.91908, 5.11039], [7.91835, 5.10744], [7.91462, 5.10159], [7.89762, 5.09995], [7.89595, 5.11646], [7.89832, 5.11978], [7.90428, 5.12527], [7.90899, 5.13767], [7.91475, 5.14033], [7.91772, 5.15067], [7.91489, 5.15422], [7.90544, 5.15413], [7.90365, 5.157]]]}, "properties": {"name": "Ikot Idaha", "lga": "Ibiono Ibom", "state": "ak"}}]}