{"type": "FeatureCollection", "features": [{"type": "Feature", "geometry": {"type": "Polygon", "coordinates": [[[7.07436, 6.22743], [7.0721, 6.22639], [7.07049, 6.22538], [7.06722, 6.22803], [7.06374, 6.23092], [7.06345, 6.23134], [7.07077, 6.24569], [7.07342, 6.24483], [7.07652, 6.24468], [7.07785, 6.24057], [7.08158, 6.23661], [7.08014, 6.22841], [7.07694, 6.22819], [7.07436, 6.22743]]]}, "properties": {"name": "Awka V 3 / Agu Oka", "lga": "Awka South", "state": "an"}}, {"type": "Feature", "geometry": {"type": "Polygon", "coordinates": [[[6.92483, 6.03413], [6.92092, 6.04388], [6.91852, 6.04499], [6.92295, 6.05152], [6.92506, 6.04894], [6.93282, 6.05228], [6.93813, 6.04764], [6.93418, 6.04519], [6.9333, 6.04371], [6.93487, 6.04032], [6.93387, 6.03975], [6.93271, 6.03933], [6.93204, 6.03872], [6.93774, 6.0317], [6.9368, 6.03096], [6.93636, 6.03056], [6.93826, 6.02936], [6.93961, 6.0246], [6.93758, 6.02382], [6.93505, 6.02301], [6.93735, 6.02132], [6.93739, 6.02022], [6.93771, 6.01887], [6.93101, 6.01763], [6.93015, 6.0181], [6.92958, 6.01845], [6.92915, 6.01889], [6.92559, 6.02387], [6.92624, 6.0242], [6.92572, 6.02631], [6.92528, 6.02714], [6.92462, 6.02816], [6.92395, 6.02897], [6.92483, 6.03413]]]}, "properties": {"name": "Oba 3 / Nnobi 1", "lga": "Idemili South", "state": "an"}}, {"type": "Feature", "geometry": {"type": "Polygon", "coordinates": [[[6.80558, 6.12681], [6.80266, 6.13195], [6.8033, 6.13268], [6.80132, 6.13483], [6.80036, 6.13407], [6.79873, 6.13706], [6.81399, 6.14681], [6.81557, 6.14707], [6.82838, 6.15218], [6.83521, 6.15505], [6.83777, 6.15054], [6.83358, 6.1474], [6.83279, 6.14336], [6.8343, 6.13237], [6.82845, 6.12817], [6.82446, 6.12079], [6.82057, 6.11871], [6.81849, 6.12062], [6.81776, 6.12009], [6.81611, 6.11865], [6.81534, 6.11914], [6.81374, 6.12069], [6.81084, 6.1207], [6.81164, 6.12197], [6.8121, 6.12241], [6.81126, 6.12401], [6.80912, 6.12331], [6.8058, 6.12698], [6.80558, 6.12681]]]}, "properties": {"name": "Army Barracks / Inland Town 2", "lga": "Onitsha North", "state": "an"}}, {"type": "Feature", "geometry": {"type": "Polygon", "coordinates": [[[6.81101, 6.1469], [6.8088, 6.1472], [6.80216, 6.15125], [6.80174, 6.15149], [6.80753, 6.15841], [6.80969, 6.1565], [6.81165, 6.15662], [6.81101, 6.1469]]]}, "properties": {"name": "Water Works / Water-side Central 2", "lga": "Onitsha North", "state": "an"}}, {"type": "Feature", "geometry": {"type": "Polygon", "coordinates": [[[6.77404, 6.1329], [6.77402, 6.13402], [6.77425, 6.13684], [6.77534, 6.13676], [6.77785, 6.13418], [6.77789, 6.13406], [6.77765, 6.13403], [6.77757, 6.13269], [6.77404, 6.1329]]]}, "properties": {"name": "Fegge 3", "lga": "Onitsha South", "state": "an"}}, {"type": "Feature", "geometry": {"type": "Polygon", "coordinates": [[[6.7947, 6.14869], [6.79405, 6.14663], [6.79321, 6.14402], [6.79005, 6.1475], [6.78774, 6.15556], [6.78951, 6.15643], [6.79058, 6.15679], [6.79634, 6.15421], [6.79607, 6.15274], [6.79552, 6.1504], [6.7947, 6.14869]]]}, "properties": {"name": "Umudei / Inland Town 1", "lga": "Onitsha North", "state": "an"}}, {"type": "Feature", "geometry": {"type": "Polygon", "coordinates": [[[6.79877, 6.14055], [6.80082, 6.1383], [6.79873, 6.13706], [6.79697, 6.13955], [6.79532, 6.14159], [6.79321, 6.14402], [6.79405, 6.14663], [6.7947, 6.14869], [6.79617, 6.14863], [6.79743, 6.14832], [6.79717, 6.14766], [6.7972, 6.14707], [6.79686, 6.14618], [6.7977, 6.14609], [6.79905, 6.14599], [6.80024, 6.1457], [6.79934, 6.14437], [6.79867, 6.1442], [6.79808, 6.1444], [6.79955, 6.14209], [6.79877, 6.14055]]]}, "properties": {"name": "Umuaselle / Inland Town 3", "lga": "Onitsha North", "state": "an"}}, {"type": "Feature", "geometry": {"type": "Polygon", "coordinates": [[[6.81134, 6.14533], [6.80082, 6.1383], [6.79877, 6.14055], [6.79955, 6.14209], [6.79808, 6.1444], [6.79867, 6.1442], [6.79934, 6.14437], [6.80024, 6.1457], [6.79905, 6.14599], [6.7977, 6.14609], [6.79686, 6.14618], [6.79788, 6.14941], [6.79936, 6.14899], [6.80033, 6.15059], [6.80069, 6.15105], [6.80144, 6.15166], [6.80126, 6.1452], [6.81134, 6.14533]]]}, "properties": {"name": "Emmanuel Church / Inland Town 6", "lga": "Onitsha North", "state": "an"}}, {"type": "Feature", "geometry": {"type": "Polygon", "coordinates": [[[6.83621, 5.95155], [6.83361, 5.95474], [6.8324, 5.95683], [6.83149, 5.95849], [6.83107, 5.96058], [6.83011, 5.96528], [6.83933, 5.96935], [6.84148, 5.9682], [6.84506, 5.96714], [6.85313, 5.95788], [6.85056, 5.95204], [6.84486, 5.94761], [6.84438, 5.94664], [6.84253, 5.94416], [6.83621, 5.95155]]]}, "properties": {"name": "Orumba / Ozubulu  1", "lga": "Ekwusigo", "state": "an"}}, {"type": "Feature", "geometry": {"type": "Polygon", "coordinates": [[[6.83576, 5.91603], [6.83871, 5.91642], [6.85053, 5.92526], [6.85531, 5.92883], [6.85644, 5.92664], [6.85853, 5.92079], [6.8595, 5.91818], [6.86099, 5.91711], [6.8652, 5.91562], [6.86671, 5.91445], [6.86885, 5.91155], [6.86431, 5.90501], [6.856, 5.90612], [6.8542, 5.90753], [6.85194, 5.90852], [6.8471, 5.90491], [6.84649, 5.90354], [6.8462, 5.90197], [6.84078, 5.9028], [6.83226, 5.90194], [6.83174, 5.90354], [6.8264, 5.90628], [6.83576, 5.91603]]]}, "properties": {"name": "Umuhu / Ubahuezi and Ubahu Ward", "lga": "Ihiala", "state": "an"}}, {"type": "Feature", "geometry": {"type": "Polygon", "coordinates": [[[6.99011, 6.15711], [6.98652, 6.15844], [6.98579, 6.15964], [6.98546, 6.16018], [6.9846, 6.16091], [6.97991, 6.16116], [6.97878, 6.1677], [6.98108, 6.16714], [6.9873, 6.1702], [6.98911, 6.17348], [6.99129, 6.17348], [6.99214, 6.16679], [6.99391, 6.165], [6.99506, 6.16422], [6.99611, 6.16367], [6.99467, 6.16212], [6.99335, 6.16125], [6.99436, 6.16026], [6.99516, 6.15941], [6.99535, 6.1592], [6.99011, 6.15711]]]}, "properties": {"name": "Nimo 3", "lga": "Njikoka", "state": "an"}}, {"type": "Feature", "geometry": {"type": "Polygon", "coordinates": [[[7.01204, 6.18052], [7.01118, 6.17878], [7.01205, 6.17622], [7.00749, 6.17373], [7.00175, 6.17516], [7.00115, 6.17169], [6.99987, 6.17162], [6.99931, 6.1718], [6.99684, 6.17511], [6.98911, 6.17348], [6.9896, 6.17563], [6.99003, 6.17696], [6.9917, 6.17935], [6.9919, 6.17898], [6.99183, 6.17846], [6.99234, 6.17818], [6.99561, 6.18022], [6.99619, 6.1795], [6.99631, 6.17951], [6.9961, 6.18206], [6.99612, 6.18278], [7.0017, 6.18554], [6.99968, 6.18822], [7.00459, 6.18734], [7.00639, 6.184], [7.007, 6.18437], [7.00802, 6.18439], [7.00925, 6.18447], [7.0114, 6.1825], [7.01172, 6.18259], [7.01205, 6.1809], [7.01204, 6.18052]]]}, "properties": {"name": "Enugu Ukwu 3", "lga": "Njikoka", "state": "an"}}, {"type": "Feature", "geometry": {"type": "Polygon", "coordinates": [[[7.00116, 6.1892], [6.99934, 6.1875], [7.0017, 6.18554], [6.99612, 6.18278], [6.9961, 6.18206], [6.99631, 6.17951], [6.99619, 6.1795], [6.99561, 6.18022], [6.99234, 6.17818], [6.99183, 6.17846], [6.9919, 6.17898], [6.9917, 6.17935], [6.98701, 6.16998], [6.98108, 6.16714], [6.97878, 6.1677], [6.97876, 6.16714], [6.9791, 6.16527], [6.97505, 6.16418], [6.96947, 6.16972], [6.96974, 6.172], [6.97294, 6.17508], [6.97284, 6.17967], [6.98289, 6.17818], [6.98508, 6.17975], [6.98833, 6.18401], [6.99003, 6.18354], [6.99132, 6.18317], [6.99245, 6.18282], [6.99298, 6.1874], [7.00366, 6.19242], [7.00116, 6.1892]]]}, "properties": {"name": "Abagana 3", "lga": "Njikoka", "state": "an"}}, {"type": "Feature", "geometry": {"type": "Polygon", "coordinates": [[[7.06747, 6.21652], [7.06816, 6.21381], [7.06822, 6.21205], [7.06751, 6.21208], [7.0651, 6.21294], [7.06327, 6.214], [7.06042, 6.20752], [7.06005, 6.20755], [7.05939, 6.20772], [7.05853, 6.20676], [7.06484, 6.20054], [7.06529, 6.19938], [7.0614, 6.19886], [7.0642, 6.19453], [7.06014, 6.19602], [7.05636, 6.19352], [7.04973, 6.20053], [7.05019, 6.21022], [7.05166, 6.21042], [7.0518, 6.21125], [7.05309, 6.2107], [7.0544, 6.21002], [7.05466, 6.21123], [7.05446, 6.21192], [7.05247, 6.21444], [7.05655, 6.2145], [7.05633, 6.21536], [7.05569, 6.21779], [7.06278, 6.21841], [7.06357, 6.21799], [7.06456, 6.21747], [7.06747, 6.21652]]]}, "properties": {"name": "Awka 3", "lga": "Awka South", "state": "an"}}, {"type": "Feature", "geometry": {"type": "Polygon", "coordinates": [[[6.9362, 5.97555], [6.93669, 5.97623], [6.93832, 5.98027], [6.93618, 5.98766], [6.93812, 5.9883], [6.93822, 5.98929], [6.93813, 5.99], [6.93794, 5.99059], [6.9375, 5.99159], [6.93613, 5.99392], [6.93476, 5.99349], [6.93268, 5.99314], [6.93153, 5.99319], [6.93033, 5.99711], [6.93084, 5.99754], [6.93249, 5.99786], [6.93275, 6.00028], [6.93072, 6.00381], [6.92896, 6.00399], [6.92847, 6.00498], [6.93834, 6.00877], [6.94276, 6.00212], [6.94282, 6.00113], [6.94049, 6.00182], [6.94135, 6.00016], [6.93951, 5.99952], [6.93978, 5.99411], [6.94137, 5.99159], [6.94584, 5.99264], [6.94621, 5.98572], [6.945, 5.98165], [6.95495, 5.97584], [6.9525, 5.97121], [6.95142, 5.9695], [6.94619, 5.97538], [6.94305, 5.97525], [6.94323, 5.97433], [6.94317, 5.97377], [6.9427, 5.97311], [6.94251, 5.9732], [6.94224, 5.97303], [6.94089, 5.97287], [6.93826, 5.97342], [6.9362, 5.97555]]]}, "properties": {"name": "Otolo 3", "lga": "Nnewi North", "state": "an"}}, {"type": "Feature", "geometry": {"type": "Polygon", "coordinates": [[[6.99803, 5.95537], [6.99694, 5.95692], [6.99667, 5.95871], [6.99706, 5.96103], [6.98923, 5.96356], [6.98739, 5.96225], [6.98576, 5.96457], [6.98452, 5.96448], [6.98363, 5.96498], [6.98201, 5.96561], [6.97776, 5.96342], [6.97363, 5.96374], [6.97165, 5.95812], [6.9697, 5.96004], [6.9678, 5.96205], [6.96561, 5.96437], [6.96534, 5.96518], [6.96523, 5.96641], [6.97371, 5.96932], [6.97406, 5.97399], [6.97475, 5.97546], [6.97529, 5.97634], [6.97599, 5.97726], [6.97521, 5.97744], [6.97424, 5.97754], [6.97321, 5.9778], [6.96859, 5.98154], [6.96324, 5.97685], [6.96408, 5.98539], [6.96158, 5.98465], [6.96057, 5.98463], [6.95961, 5.98509], [6.95887, 5.98357], [6.95636, 5.98748], [6.95564, 5.98821], [6.9548, 5.98892], [6.95853, 5.99571], [6.96006, 5.99464], [6.96092, 5.99401], [6.96207, 5.99338], [6.9619, 5.99264], [6.96074, 5.98813], [6.96381, 5.98858], [6.96706, 5.99023], [6.96997, 5.99167], [6.96991, 5.98613], [6.97092, 5.98661], [6.9715, 5.98727], [6.97269, 5.98839], [6.97345, 5.9869], [6.97744, 5.98779], [6.9807, 5.98434], [6.98209, 5.98988], [6.98378, 5.98962], [6.98629, 5.98916], [6.98757, 5.98845], [6.98977, 5.98638], [6.99195, 5.98482], [6.99331, 5.98419], [7.01032, 5.97957], [7.01183, 5.96946], [7.00922, 5.96941], [7.00915, 5.96856], [7.00881, 5.96742], [7.00816, 5.96752], [7.00777, 5.96786], [7.0053, 5.96813], [7.00415, 5.96346], [6.99803, 5.95537]]]}, "properties": {"name": "Amichi 3", "lga": "Nnewi South", "state": "an"}}, {"type": "Feature", "geometry": {"type": "Polygon", "coordinates": [[[6.92538, 5.93588], [6.92324, 5.93235], [6.92293, 5.93271], [6.92086, 5.93702], [6.92161, 5.93753], [6.92217, 5.93778], [6.92179, 5.93865], [6.91952, 5.93993], [6.91969, 5.94352], [6.91184, 5.94378], [6.91225, 5.95242], [6.91438, 5.9526], [6.91074, 5.95627], [6.91264, 5.96047], [6.91944, 5.96555], [6.92028, 5.96842], [6.92421, 5.97177], [6.92426, 5.96906], [6.92458, 5.9688], [6.92532, 5.96871], [6.92548, 5.96843], [6.92723, 5.96903], [6.92907, 5.96969], [6.93163, 5.97062], [6.93276, 5.96628], [6.93302, 5.96441], [6.93059, 5.95792], [6.9245, 5.95853], [6.92497, 5.95643], [6.92623, 5.9547], [6.92616, 5.94971], [6.92767, 5.94609], [6.92935, 5.94607], [6.93052, 5.93861], [6.92745, 5.9395], [6.92538, 5.93588]]]}, "properties": {"name": "Ukpor 3", "lga": "Nnewi South", "state": "an"}}, {"type": "Feature", "geometry": {"type": "Polygon", "coordinates": [[[6.95578, 5.907], [6.95582, 5.90828], [6.95608, 5.91561], [6.95778, 5.91754], [6.95797, 5.91846], [6.96278, 5.91943], [6.96616, 5.91775], [6.96684, 5.91854], [6.96739, 5.91783], [6.9685, 5.91641], [6.96946, 5.91851], [6.97454, 5.90885], [6.97631, 5.9106], [6.97669, 5.91068], [6.97805, 5.91165], [6.98126, 5.90475], [6.97198, 5.90237], [6.96914, 5.90332], [6.96307, 5.90398], [6.96103, 5.90364], [6.95578, 5.907]]]}, "properties": {"name": "Ezinifite 3", "lga": "Nnewi South", "state": "an"}}, {"type": "Feature", "geometry": {"type": "Polygon", "coordinates": [[[6.78928, 6.13081], [6.78493, 6.1283], [6.78485, 6.13003], [6.78471, 6.13219], [6.78619, 6.13215], [6.78714, 6.13213], [6.78761, 6.13212], [6.78881, 6.13284], [6.79113, 6.13434], [6.79239, 6.13294], [6.7906, 6.13172], [6.78928, 6.13081]]]}, "properties": {"name": "Bridge Head 3", "lga": "Onitsha South", "state": "an"}}, {"type": "Feature", "geometry": {"type": "Polygon", "coordinates": [[[7.04121, 6.13226], [7.04559, 6.13006], [7.05157, 6.13163], [7.05535, 6.12553], [7.05393, 6.11939], [7.05431, 6.11939], [7.056, 6.11882], [7.05714, 6.11609], [7.05054, 6.11412], [7.05582, 6.10664], [7.0524, 6.10411], [7.04961, 6.09953], [7.04523, 6.09808], [7.04035, 6.10095], [7.03866, 6.09712], [7.03382, 6.09954], [7.0335, 6.10344], [7.03495, 6.10274], [7.03944, 6.10469], [7.04106, 6.1089], [7.0448, 6.11314], [7.04464, 6.11372], [7.04425, 6.11441], [7.04384, 6.11511], [7.04538, 6.11575], [7.04621, 6.11566], [7.04753, 6.11503], [7.04782, 6.11529], [7.04781, 6.11695], [7.04655, 6.11629], [7.04183, 6.12029], [7.03653, 6.12143], [7.03465, 6.12478], [7.03206, 6.12666], [7.02932, 6.12635], [7.02789, 6.12867], [7.02676, 6.12951], [7.02762, 6.13088], [7.03476, 6.1333], [7.0351, 6.13336], [7.03512, 6.13393], [7.03511, 6.13178], [7.04121, 6.13226]]]}, "properties": {"name": "Agulu 3", "lga": "Anaocha", "state": "an"}}, {"type": "Feature", "geometry": {"type": "Polygon", "coordinates": [[[6.78151, 6.14617], [6.78084, 6.14555], [6.78042, 6.14523], [6.77985, 6.14585], [6.78048, 6.15121], [6.78289, 6.15165], [6.78301, 6.15025], [6.78306, 6.14875], [6.78318, 6.14664], [6.78198, 6.14656], [6.78173, 6.14635], [6.78151, 6.14617]]]}, "properties": {"name": "Odoakpu 3", "lga": "Onitsha South", "state": "an"}}, {"type": "Feature", "geometry": {"type": "Polygon", "coordinates": [[[6.78503, 6.11491], [6.78019, 6.11953], [6.78249, 6.12306], [6.78567, 6.12458], [6.78808, 6.1218], [6.78503, 6.11491]]]}, "properties": {"name": "Okpoko 3", "lga": "Ogbaru", "state": "an"}}, {"type": "Feature", "geometry": {"type": "Polygon", "coordinates": [[[7.06208, 6.17322], [7.06097, 6.17107], [7.05958, 6.17135], [7.05851, 6.17166], [7.0573, 6.17213], [7.05674, 6.17107], [7.05629, 6.17033], [7.05595, 6.17005], [7.05138, 6.16923], [7.04936, 6.17315], [7.04001, 6.17486], [7.03961, 6.18378], [7.04242, 6.18409], [7.0443, 6.18432], [7.04652, 6.1846], [7.04681, 6.18563], [7.04732, 6.18653], [7.04777, 6.18681], [7.04721, 6.18883], [7.04767, 6.18873], [7.04859, 6.18833], [7.04853, 6.18784], [7.04854, 6.18704], [7.05331, 6.18776], [7.05635, 6.19055], [7.05655, 6.19224], [7.05636, 6.19352], [7.06014, 6.19602], [7.07297, 6.19267], [7.0712, 6.18758], [7.06484, 6.18213], [7.06606, 6.17991], [7.06896, 6.17895], [7.0673, 6.17726], [7.06468, 6.17693], [7.06208, 6.17322]]]}, "properties": {"name": "Nibo 2", "lga": "Awka South", "state": "an"}}, {"type": "Feature", "geometry": {"type": "Polygon", "coordinates": [[[7.01172, 6.18259], [7.0114, 6.1825], [7.00925, 6.18447], [7.00802, 6.18439], [7.007, 6.18437], [7.00639, 6.184], [7.00622, 6.18551], [7.00619, 6.18582], [7.0058, 6.18648], [7.00459, 6.18734], [7.00337, 6.18805], [7.00205, 6.18716], [6.99997, 6.18823], [7.00363, 6.19211], [7.00131, 6.19333], [7.0014, 6.19444], [7.00139, 6.19548], [7.00462, 6.20209], [7.01905, 6.20088], [7.02204, 6.20092], [7.02611, 6.20161], [7.03023, 6.20234], [7.02773, 6.19793], [7.03233, 6.19468], [7.03366, 6.18815], [7.02898, 6.19032], [7.02742, 6.18604], [7.02413, 6.18659], [7.02031, 6.18373], [7.01811, 6.18412], [7.0194, 6.18262], [7.0184, 6.18153], [7.01185, 6.18399], [7.01174, 6.18385], [7.01174, 6.1832], [7.01172, 6.18259]]]}, "properties": {"name": "Nawfia 2", "lga": "Njikoka", "state": "an"}}, {"type": "Feature", "geometry": {"type": "Polygon", "coordinates": [[[6.99135, 6.17154], [6.99129, 6.17348], [6.99684, 6.17511], [6.99987, 6.17162], [7.00115, 6.17169], [7.00175, 6.17516], [7.00742, 6.17387], [7.00558, 6.1731], [7.00634, 6.1684], [7.00581, 6.16775], [7.00483, 6.16659], [7.00434, 6.16595], [7.00449, 6.1646], [7.00743, 6.16284], [7.00807, 6.15876], [7.00766, 6.15864], [7.00624, 6.15714], [7.00402, 6.15908], [7.00399, 6.16088], [7.00011, 6.16052], [6.99991, 6.16021], [6.99947, 6.15986], [6.99805, 6.15897], [6.99752, 6.162], [6.99734, 6.16259], [6.9971, 6.16297], [6.99214, 6.16679], [6.99135, 6.17154]]]}, "properties": {"name": "Enugu Ukwu 2", "lga": "Njikoka", "state": "an"}}, {"type": "Feature", "geometry": {"type": "Polygon", "coordinates": [[[7.06337, 6.22939], [7.06308, 6.2302], [7.06374, 6.23092], [7.06722, 6.22803], [7.07049, 6.22538], [7.0721, 6.22639], [7.07436, 6.22743], [7.07694, 6.22819], [7.08014, 6.22841], [7.09059, 6.22903], [7.09068, 6.22838], [7.08574, 6.22583], [7.08522, 6.22623], [7.08454, 6.22648], [7.08445, 6.22599], [7.08405, 6.22451], [7.08312, 6.2247], [7.08255, 6.22482], [7.0811, 6.22308], [7.07821, 6.22272], [7.07225, 6.2133], [7.07129, 6.21339], [7.06879, 6.21376], [7.06816, 6.21381], [7.06747, 6.21652], [7.06456, 6.21747], [7.06357, 6.21799], [7.06278, 6.21841], [7.06012, 6.22416], [7.06193, 6.22483], [7.06434, 6.22555], [7.06381, 6.22728], [7.06337, 6.22939]]]}, "properties": {"name": "Awka 2", "lga": "Awka South", "state": "an"}}, {"type": "Feature", "geometry": {"type": "Polygon", "coordinates": [[[7.05075, 6.19884], [7.05636, 6.19352], [7.05655, 6.19224], [7.05635, 6.19055], [7.05599, 6.18994], [7.05495, 6.18905], [7.05408, 6.18823], [7.05331, 6.18776], [7.04854, 6.18704], [7.04853, 6.18784], [7.04859, 6.18833], [7.04767, 6.18873], [7.04492, 6.187], [7.04215, 6.18852], [7.04305, 6.1927], [7.03991, 6.19545], [7.04134, 6.19986], [7.04636, 6.19885], [7.04655, 6.19947], [7.04666, 6.20007], [7.04912, 6.20036], [7.05002, 6.20002], [7.05044, 6.19931], [7.05075, 6.19884]]]}, "properties": {"name": "Amawbia 2", "lga": "Awka South", "state": "an"}}, {"type": "Feature", "geometry": {"type": "Polygon", "coordinates": [[[6.98676, 6.1845], [6.98833, 6.18401], [6.98508, 6.17975], [6.98289, 6.17818], [6.97284, 6.17967], [6.97349, 6.1802], [6.97469, 6.18183], [6.97509, 6.1831], [6.97463, 6.1839], [6.97469, 6.18535], [6.98676, 6.1845]]]}, "properties": {"name": "Abba 2", "lga": "Njikoka", "state": "an"}}, {"type": "Feature", "geometry": {"type": "Polygon", "coordinates": [[[7.09588, 6.0478], [7.09537, 6.04925], [7.09595, 6.05324], [7.09623, 6.05705], [7.09766, 6.05956], [7.09841, 6.06246], [7.10046, 6.06675], [7.10656, 6.06532], [7.1106, 6.06221], [7.11407, 6.06036], [7.11685, 6.05944], [7.12033, 6.05558], [7.12397, 6.05453], [7.1256, 6.05412], [7.12485, 6.05321], [7.12454, 6.05254], [7.12355, 6.05077], [7.11831, 6.05242], [7.11813, 6.05163], [7.11813, 6.05119], [7.11787, 6.05017], [7.11565, 6.04958], [7.11634, 6.04882], [7.11616, 6.0483], [7.11305, 6.04723], [7.11151, 6.04818], [7.11044, 6.046], [7.1063, 6.04722], [7.10606, 6.04695], [7.10558, 6.04624], [7.10505, 6.04561], [7.1048, 6.04624], [7.10478, 6.04672], [7.1048, 6.0475], [7.10391, 6.04745], [7.10354, 6.04754], [7.10144, 6.04576], [7.09588, 6.0478]]]}, "properties": {"name": "Oko 2", "lga": "Orumba North", "state": "an"}}, {"type": "Feature", "geometry": {"type": "Polygon", "coordinates": [[[6.99184, 6.11403], [6.99231, 6.11413], [6.99521, 6.11432], [6.99924, 6.09811], [7.00591, 6.10213], [7.00604, 6.09651], [7.00938, 6.09605], [7.00851, 6.09152], [7.00336, 6.09491], [6.99911, 6.09493], [6.99847, 6.09477], [6.99866, 6.0942], [6.99777, 6.09365], [6.99706, 6.09482], [6.9965, 6.09534], [6.99599, 6.09463], [6.99539, 6.09375], [6.99484, 6.09399], [6.9949, 6.09422], [6.9949, 6.09499], [6.99356, 6.09509], [6.99204, 6.09439], [6.99134, 6.09574], [6.99163, 6.09724], [6.99104, 6.09823], [6.99081, 6.09777], [6.99053, 6.09742], [6.98534, 6.09827], [6.9844, 6.10013], [6.98088, 6.09919], [6.97916, 6.10225], [6.97916, 6.10543], [6.98222, 6.10572], [6.98293, 6.10309], [6.98759, 6.10302], [6.99192, 6.11049], [6.99184, 6.11403]]]}, "properties": {"name": "Neni 2", "lga": "Anaocha", "state": "an"}}, {"type": "Feature", "geometry": {"type": "Polygon", "coordinates": [[[6.96173, 6.0254], [6.96003, 6.02149], [6.95882, 6.02217], [6.95804, 6.02253], [6.9553, 6.02406], [6.95392, 6.02197], [6.95242, 6.02095], [6.95109, 6.01967], [6.94368, 6.01758], [6.94365, 6.01826], [6.94377, 6.01907], [6.93771, 6.01887], [6.93739, 6.02022], [6.93735, 6.02132], [6.93505, 6.02301], [6.93758, 6.02382], [6.93961, 6.0246], [6.93826, 6.02936], [6.93976, 6.02998], [6.94125, 6.0309], [6.94299, 6.03053], [6.94637, 6.03128], [6.95446, 6.03159], [6.9589, 6.02891], [6.96052, 6.02672], [6.96103, 6.02557], [6.96173, 6.0254]]]}, "properties": {"name": "Awka Etiti 2", "lga": "Idemili South", "state": "an"}}, {"type": "Feature", "geometry": {"type": "Polygon", "coordinates": [[[6.91508, 6.04708], [6.91479, 6.04871], [6.91371, 6.05139], [6.91285, 6.05311], [6.91387, 6.05371], [6.91445, 6.05302], [6.9147, 6.05258], [6.91557, 6.05309], [6.91599, 6.05305], [6.91774, 6.04968], [6.91969, 6.05072], [6.91983, 6.05042], [6.92137, 6.04949], [6.91937, 6.04651], [6.91852, 6.04499], [6.92092, 6.04388], [6.9222, 6.04122], [6.92246, 6.03864], [6.92426, 6.03654], [6.92483, 6.03413], [6.92457, 6.03112], [6.92483, 6.03016], [6.92448, 6.02928], [6.92395, 6.02897], [6.92723, 6.02199], [6.92672, 6.02201], [6.92515, 6.02232], [6.92402, 6.02317], [6.91687, 6.01869], [6.91217, 6.01888], [6.90915, 6.01752], [6.91015, 6.02108], [6.91083, 6.02303], [6.9103, 6.02342], [6.91537, 6.02483], [6.91245, 6.03327], [6.91182, 6.03357], [6.90836, 6.03472], [6.91559, 6.04322], [6.91508, 6.04708]]]}, "properties": {"name": "Nnewichi 2", "lga": "Nnewi North", "state": "an"}}, {"type": "Feature", "geometry": {"type": "Polygon", "coordinates": [[[7.03701, 6.09743], [7.0376, 6.09397], [7.04044, 6.0966], [7.04174, 6.09641], [7.04243, 6.09414], [7.04289, 6.09274], [7.04371, 6.09041], [7.04315, 6.08996], [7.04259, 6.08961], [7.04221, 6.0893], [7.03152, 6.08923], [7.03215, 6.08566], [7.03215, 6.08536], [7.03095, 6.08527], [7.02544, 6.08926], [7.02307, 6.08956], [7.02574, 6.10213], [7.02775, 6.10559], [7.02373, 6.10666], [7.02442, 6.11106], [7.02458, 6.11106], [7.02512, 6.11098], [7.02701, 6.11152], [7.02689, 6.11251], [7.02348, 6.11595], [7.02353, 6.11773], [7.02243, 6.12258], [7.02076, 6.12397], [7.02676, 6.12951], [7.02789, 6.12867], [7.02932, 6.12635], [7.03206, 6.12666], [7.03465, 6.12478], [7.03653, 6.12143], [7.04183, 6.12029], [7.04655, 6.11629], [7.04781, 6.11695], [7.04782, 6.11529], [7.04753, 6.11503], [7.04621, 6.11566], [7.04538, 6.11575], [7.04384, 6.11511], [7.04425, 6.11441], [7.04464, 6.11372], [7.0448, 6.11314], [7.04106, 6.1089], [7.03944, 6.10469], [7.03495, 6.10274], [7.0335, 6.10344], [7.03382, 6.09954], [7.03701, 6.09743]]]}, "properties": {"name": "Agulu 2", "lga": "Anaocha", "state": "an"}}, {"type": "Feature", "geometry": {"type": "Polygon", "coordinates": [[[7.02076, 6.12397], [7.02243, 6.12258], [7.02353, 6.11773], [7.02348, 6.11595], [7.02689, 6.11251], [7.02701, 6.11152], [7.02512, 6.11098], [7.02458, 6.11106], [7.02442, 6.11106], [7.02373, 6.10666], [7.02775, 6.10559], [7.02313, 6.09345], [7.02084, 6.097], [7.02034, 6.09683], [7.01981, 6.09675], [7.01891, 6.09674], [7.0176, 6.10258], [7.01423, 6.10313], [7.01119, 6.10652], [7.01142, 6.10934], [7.00877, 6.11047], [7.00929, 6.11219], [7.01205, 6.11324], [7.00872, 6.11488], [7.00857, 6.11543], [7.00847, 6.11658], [7.00895, 6.12367], [7.01571, 6.12399], [7.0176, 6.12416], [7.02076, 6.12397]]]}, "properties": {"name": "Adazi Ani 2", "lga": "Anaocha", "state": "an"}}, {"type": "Feature", "geometry": {"type": "Polygon", "coordinates": [[[7.16738, 5.93575], [7.16924, 5.93568], [7.17154, 5.93421], [7.17549, 5.93215], [7.17713, 5.92916], [7.17765, 5.92918], [7.17834, 5.929], [7.18142, 5.92791], [7.19227, 5.93146], [7.1941, 5.92724], [7.20284, 5.92096], [7.19519, 5.90494], [7.19484, 5.9045], [7.19315, 5.90237], [7.1914, 5.90037], [7.18881, 5.89953], [7.18652, 5.89983], [7.16488, 5.91118], [7.14293, 5.91849], [7.14446, 5.92838], [7.15186, 5.9319], [7.15567, 5.93236], [7.15476, 5.93586], [7.15832, 5.93483], [7.15902, 5.93552], [7.15935, 5.93551], [7.15958, 5.93571], [7.16025, 5.93536], [7.16196, 5.93434], [7.16344, 5.93559], [7.16377, 5.9358], [7.16533, 5.93569], [7.16738, 5.93575]]]}, "properties": {"name": "Umuchu 2", "lga": "Aguata", "state": "an"}}, {"type": "Feature", "geometry": {"type": "Polygon", "coordinates": [[[7.12754, 5.9577], [7.12551, 5.95466], [7.12617, 5.95171], [7.12185, 5.95242], [7.12263, 5.94994], [7.12283, 5.94898], [7.12292, 5.94826], [7.12368, 5.94809], [7.12405, 5.94793], [7.12501, 5.94743], [7.12219, 5.94263], [7.12875, 5.93974], [7.12748, 5.93336], [7.11925, 5.92964], [7.12122, 5.92888], [7.12266, 5.92859], [7.1196, 5.92489], [7.11939, 5.92176], [7.10773, 5.92621], [7.09851, 5.92713], [7.09826, 5.92766], [7.09804, 5.92849], [7.0979, 5.9293], [7.09913, 5.92955], [7.09987, 5.92831], [7.10412, 5.93674], [7.10475, 5.93768], [7.10616, 5.939], [7.10702, 5.93912], [7.10757, 5.94225], [7.10847, 5.94389], [7.10975, 5.94601], [7.10789, 5.94655], [7.10647, 5.94677], [7.11054, 5.95111], [7.11267, 5.9507], [7.1132, 5.95069], [7.11569, 5.9604], [7.1188, 5.95791], [7.12065, 5.95982], [7.12295, 5.95963], [7.12294, 5.95984], [7.12754, 5.9577]]]}, "properties": {"name": "Achina 2", "lga": "Aguata", "state": "an"}}, {"type": "Feature", "geometry": {"type": "Polygon", "coordinates": [[[6.77543, 6.1513], [6.78048, 6.15121], [6.77953, 6.14379], [6.77489, 6.14957], [6.77536, 6.14971], [6.77543, 6.1513]]]}, "properties": {"name": "Odoakpu 6", "lga": "Onitsha South", "state": "an"}}, {"type": "Feature", "geometry": {"type": "Polygon", "coordinates": [[[7.09537, 6.04925], [7.09443, 6.04856], [7.09386, 6.04718], [7.09125, 6.04737], [7.0862, 6.04287], [7.08485, 6.04287], [7.08443, 6.04253], [7.08392, 6.04252], [7.08252, 6.03978], [7.08112, 6.04767], [7.07806, 6.04772], [7.07668, 6.04904], [7.07708, 6.0594], [7.07846, 6.05994], [7.07928, 6.0603], [7.08028, 6.06095], [7.07628, 6.06292], [7.07365, 6.06687], [7.0742, 6.07875], [7.07545, 6.07987], [7.08056, 6.08039], [7.08549, 6.07853], [7.08575, 6.07969], [7.08593, 6.08012], [7.08654, 6.0805], [7.08746, 6.08092], [7.0885, 6.08107], [7.08865, 6.08152], [7.08862, 6.08234], [7.08875, 6.08313], [7.0948, 6.08301], [7.09686, 6.07715], [7.09742, 6.07685], [7.09917, 6.07709], [7.0994, 6.07451], [7.10102, 6.06945], [7.09623, 6.05705], [7.09595, 6.05324], [7.09537, 6.04925]]]}, "properties": {"name": "Nanka 2", "lga": "Orumba North", "state": "an"}}, {"type": "Feature", "geometry": {"type": "Polygon", "coordinates": [[[7.08818, 5.95314], [7.08846, 5.95297], [7.08841, 5.95271], [7.08859, 5.95137], [7.09007, 5.95153], [7.09442, 5.94573], [7.0954, 5.94591], [7.09696, 5.94631], [7.09793, 5.94695], [7.10242, 5.94612], [7.10376, 5.94771], [7.10406, 5.9467], [7.10975, 5.94601], [7.10184, 5.93084], [7.10133, 5.93044], [7.10072, 5.92973], [7.09987, 5.92831], [7.09913, 5.92955], [7.0979, 5.9293], [7.09804, 5.92849], [7.09826, 5.92766], [7.09851, 5.92713], [7.08365, 5.92884], [7.08206, 5.93464], [7.07244, 5.93931], [7.06933, 5.94476], [7.0714, 5.94528], [7.07444, 5.9438], [7.075, 5.94484], [7.07533, 5.94617], [7.07534, 5.94735], [7.07392, 5.94772], [7.07243, 5.94786], [7.07158, 5.9482], [7.07074, 5.94869], [7.0694, 5.9497], [7.06804, 5.95089], [7.06931, 5.95353], [7.07084, 5.95313], [7.06977, 5.95624], [7.07062, 5.95668], [7.07249, 5.95708], [7.07432, 5.95738], [7.07504, 5.95739], [7.07513, 5.95629], [7.07588, 5.95536], [7.07759, 5.95365], [7.07924, 5.95473], [7.08031, 5.95536], [7.08818, 5.95314]]]}, "properties": {"name": "Uga 2", "lga": "Aguata", "state": "an"}}, {"type": "Feature", "geometry": {"type": "Polygon", "coordinates": [[[7.07436, 6.03429], [7.06946, 6.03941], [7.06781, 6.04321], [7.08156, 6.0445], [7.08379, 6.03631], [7.08213, 6.03678], [7.08348, 6.03336], [7.08303, 6.0308], [7.08147, 6.03012], [7.08216, 6.02584], [7.08477, 6.02418], [7.08665, 6.0214], [7.08643, 6.02133], [7.08643, 6.02043], [7.08631, 6.01971], [7.0872, 6.01997], [7.09031, 6.01497], [7.09215, 6.01404], [7.0877, 6.01243], [7.08162, 6.00353], [7.08288, 5.99455], [7.07971, 5.99356], [7.07714, 5.99053], [7.07732, 5.99018], [7.07748, 5.98995], [7.07768, 5.98951], [7.07502, 5.98932], [7.07507, 5.99002], [7.07305, 5.99051], [7.07107, 5.98811], [7.06823, 5.99079], [7.0663, 5.99035], [7.06445, 5.99018], [7.06217, 5.98879], [7.06231, 5.99103], [7.06232, 5.99305], [7.06244, 5.99442], [7.06047, 6.00098], [7.06513, 6.00572], [7.06032, 6.00625], [7.06024, 6.00766], [7.06573, 6.00971], [7.06563, 6.01315], [7.06956, 6.01433], [7.06971, 6.01563], [7.06988, 6.01667], [7.06866, 6.0166], [7.06845, 6.01766], [7.06846, 6.01924], [7.06907, 6.01937], [7.0696, 6.01948], [7.06895, 6.02633], [7.07393, 6.02546], [7.07436, 6.03429]]]}, "properties": {"name": "Ekwulobia 2", "lga": "Aguata", "state": "an"}}, {"type": "Feature", "geometry": {"type": "Polygon", "coordinates": [[[6.9779, 6.12959], [6.9831, 6.12459], [6.98583, 6.12427], [6.98577, 6.12319], [6.98542, 6.12237], [6.9854, 6.12179], [6.98777, 6.11648], [6.98795, 6.11158], [6.98959, 6.11375], [6.99184, 6.11403], [6.99192, 6.11049], [6.98759, 6.10302], [6.98293, 6.10309], [6.98222, 6.10572], [6.98038, 6.10606], [6.97916, 6.10543], [6.97916, 6.10225], [6.97608, 6.10246], [6.97753, 6.09932], [6.97627, 6.09892], [6.97865, 6.09612], [6.97829, 6.09594], [6.97766, 6.09593], [6.97702, 6.09572], [6.97601, 6.09169], [6.97402, 6.09512], [6.96992, 6.09708], [6.96912, 6.09515], [6.96353, 6.09319], [6.96256, 6.09552], [6.96294, 6.09579], [6.96535, 6.09953], [6.96646, 6.09887], [6.96696, 6.09972], [6.96748, 6.10102], [6.96994, 6.10127], [6.96868, 6.1054], [6.97135, 6.1199], [6.97084, 6.12034], [6.97015, 6.12168], [6.9694, 6.12344], [6.9779, 6.12959]]]}, "properties": {"name": "Adazi Enu 2", "lga": "Anaocha", "state": "an"}}, {"type": "Feature", "geometry": {"type": "Polygon", "coordinates": [[[6.97162, 6.04825], [6.97517, 6.04883], [6.97455, 6.05123], [6.97494, 6.05144], [6.97525, 6.05179], [6.97578, 6.0535], [6.98146, 6.04892], [6.98005, 6.04333], [6.99898, 6.03987], [6.99504, 6.04771], [6.99634, 6.04775], [6.99677, 6.04764], [6.99712, 6.04765], [6.99895, 6.04571], [7.00141, 6.05045], [7.00198, 6.0474], [7.00392, 6.04697], [7.00804, 6.0392], [7.00774, 6.03839], [7.00764, 6.03769], [7.00042, 6.03697], [7.00111, 6.03548], [7.0014, 6.03488], [6.9992, 6.03403], [6.99872, 6.03383], [6.99678, 6.03281], [6.99552, 6.03299], [6.99362, 6.03254], [6.99291, 6.03686], [6.99015, 6.03378], [6.98874, 6.0342], [6.98846, 6.03189], [6.98482, 6.0324], [6.98302, 6.03093], [6.98236, 6.03172], [6.98165, 6.03231], [6.98155, 6.03239], [6.97889, 6.03136], [6.97637, 6.03497], [6.97638, 6.03623], [6.97624, 6.03743], [6.97587, 6.03849], [6.97251, 6.04225], [6.97262, 6.0472], [6.97243, 6.04759], [6.97198, 6.048], [6.97162, 6.04825]]]}, "properties": {"name": "Ichida 2", "lga": "Anaocha", "state": "an"}}, {"type": "Feature", "geometry": {"type": "Polygon", "coordinates": [[[7.07732, 5.99018], [7.08316, 5.98792], [7.08219, 5.98567], [7.07294, 5.98451], [7.07006, 5.98262], [7.06319, 5.98119], [7.06277, 5.97867], [7.06862, 5.97504], [7.06202, 5.97375], [7.06001, 5.96782], [7.05436, 5.96637], [7.04638, 5.96973], [7.04589, 5.98308], [7.0459, 5.98312], [7.04686, 5.98553], [7.04439, 5.99008], [7.05071, 5.99245], [7.04913, 5.99622], [7.0499, 5.99651], [7.05154, 5.99785], [7.06047, 6.00098], [7.06244, 5.99442], [7.06232, 5.99305], [7.06231, 5.99103], [7.06217, 5.98879], [7.06445, 5.99018], [7.0663, 5.99035], [7.06823, 5.99079], [7.07107, 5.98811], [7.07305, 5.99051], [7.07507, 5.99002], [7.07502, 5.98932], [7.07768, 5.98951], [7.07748, 5.98995], [7.07732, 5.99018]]]}, "properties": {"name": "Ezinifite 2", "lga": "Aguata", "state": "an"}}, {"type": "Feature", "geometry": {"type": "Polygon", "coordinates": [[[6.77583, 6.13627], [6.77534, 6.13676], [6.77541, 6.13739], [6.77545, 6.13777], [6.77968, 6.13752], [6.77933, 6.13261], [6.77757, 6.13269], [6.77765, 6.13403], [6.77789, 6.13406], [6.77785, 6.13418], [6.77583, 6.13627]]]}, "properties": {"name": "Fegge 2", "lga": "Onitsha South", "state": "an"}}, {"type": "Feature", "geometry": {"type": "Polygon", "coordinates": [[[6.78535, 6.14683], [6.78411, 6.14673], [6.78318, 6.14664], [6.78306, 6.14875], [6.78301, 6.15025], [6.78289, 6.15165], [6.78461, 6.15195], [6.7885, 6.15304], [6.78967, 6.14915], [6.78984, 6.14822], [6.79005, 6.1475], [6.78535, 6.14683]]]}, "properties": {"name": "Odoakpu 2", "lga": "Onitsha South", "state": "an"}}, {"type": "Feature", "geometry": {"type": "Polygon", "coordinates": [[[6.77728, 6.14302], [6.77813, 6.14224], [6.77921, 6.14336], [6.77953, 6.14379], [6.77999, 6.14473], [6.78428, 6.14069], [6.78255, 6.13872], [6.77756, 6.14118], [6.77673, 6.14194], [6.77653, 6.14219], [6.77728, 6.14302]]]}, "properties": {"name": "Odoakpu 7", "lga": "Onitsha South", "state": "an"}}, {"type": "Feature", "geometry": {"type": "Polygon", "coordinates": [[[6.94664, 6.0076], [6.9458, 6.00966], [6.94674, 6.01012], [6.94733, 6.01044], [6.94575, 6.01238], [6.94553, 6.01327], [6.94495, 6.01414], [6.9459, 6.01449], [6.9464, 6.01477], [6.94651, 6.015], [6.94441, 6.01555], [6.94392, 6.01568], [6.94345, 6.01579], [6.94373, 6.01682], [6.94368, 6.01758], [6.95109, 6.01967], [6.95242, 6.02095], [6.95392, 6.02197], [6.9553, 6.02406], [6.95804, 6.02253], [6.95882, 6.02217], [6.96003, 6.02149], [6.96187, 6.02576], [6.96767, 6.01795], [6.96827, 6.0181], [6.9706, 6.0184], [6.97166, 6.01271], [6.97875, 6.00156], [6.97164, 5.99934], [6.96889, 6.00379], [6.96847, 6.00402], [6.968, 6.00318], [6.96736, 6.00355], [6.96701, 6.00429], [6.96615, 6.00494], [6.9659, 6.00562], [6.96271, 6.00489], [6.95963, 6.00018], [6.95766, 5.99364], [6.95548, 5.99531], [6.95496, 5.99435], [6.95268, 5.9953], [6.95228, 5.99805], [6.95053, 5.99869], [6.95095, 6.00482], [6.94664, 6.0076]]]}, "properties": {"name": "Amichi 2", "lga": "Nnewi South", "state": "an"}}, {"type": "Feature", "geometry": {"type": "Polygon", "coordinates": [[[6.7826, 6.12704], [6.78283, 6.12757], [6.78272, 6.12811], [6.78087, 6.12791], [6.78076, 6.13097], [6.78072, 6.13135], [6.78062, 6.13252], [6.78471, 6.13219], [6.78485, 6.13003], [6.78493, 6.1283], [6.78523, 6.12795], [6.784, 6.12742], [6.7826, 6.12704]]]}, "properties": {"name": "Bridge Head 2", "lga": "Onitsha South", "state": "an"}}, {"type": "Feature", "geometry": {"type": "Polygon", "coordinates": [[[6.7831, 6.12553], [6.7826, 6.12704], [6.78689, 6.12904], [6.78797, 6.12719], [6.78912, 6.12755], [6.789, 6.12625], [6.78902, 6.12589], [6.79005, 6.12233], [6.78808, 6.1218], [6.78771, 6.12279], [6.7874, 6.12302], [6.78697, 6.12377], [6.7831, 6.12553]]]}, "properties": {"name": "Okpoko 2", "lga": "Ogbaru", "state": "an"}}, {"type": "Feature", "geometry": {"type": "Polygon", "coordinates": [[[7.01079, 6.08032], [7.00957, 6.07929], [7.00982, 6.07923], [7.01072, 6.07871], [7.01121, 6.07817], [7.00771, 6.07745], [7.00762, 6.07356], [7.00408, 6.07389], [7.004, 6.07461], [7.00375, 6.07501], [7.00301, 6.07589], [7.00371, 6.08092], [7.00133, 6.08523], [6.9925, 6.09125], [6.9965, 6.09534], [6.99706, 6.09482], [6.99777, 6.09365], [6.99866, 6.0942], [6.99847, 6.09477], [6.99911, 6.09493], [7.00336, 6.09491], [7.01067, 6.0909], [7.01202, 6.09006], [7.01275, 6.08944], [7.01282, 6.08897], [7.01348, 6.08665], [7.01243, 6.08586], [7.0107, 6.08464], [7.01197, 6.08424], [7.01217, 6.08415], [7.01182, 6.083], [7.011, 6.08045], [7.01079, 6.08032]]]}, "properties": {"name": "Adazi Nnukwu 2", "lga": "Anaocha", "state": "an"}}, {"type": "Feature", "geometry": {"type": "Polygon", "coordinates": [[[6.79064, 6.13503], [6.79113, 6.13434], [6.78881, 6.13284], [6.78761, 6.13212], [6.78714, 6.13213], [6.78619, 6.13215], [6.78471, 6.13219], [6.78468, 6.13316], [6.78332, 6.13602], [6.78208, 6.13818], [6.78255, 6.13872], [6.78428, 6.14069], [6.79064, 6.13503]]]}, "properties": {"name": "Fegge 7", "lga": "Onitsha South", "state": "an"}}, {"type": "Feature", "geometry": {"type": "Polygon", "coordinates": [[[6.93101, 6.01763], [6.94377, 6.01907], [6.94345, 6.01579], [6.94392, 6.01568], [6.94441, 6.01555], [6.94651, 6.015], [6.9464, 6.01477], [6.9459, 6.01449], [6.94495, 6.01414], [6.94553, 6.01327], [6.94575, 6.01238], [6.94733, 6.01044], [6.94674, 6.01012], [6.9458, 6.00966], [6.94646, 6.00906], [6.94668, 6.00824], [6.94684, 6.00774], [6.94146, 6.00947], [6.93158, 6.00613], [6.9261, 6.01362], [6.92726, 6.01597], [6.93101, 6.01763]]]}, "properties": {"name": "Otolo 2", "lga": "Nnewi North", "state": "an"}}, {"type": "Feature", "geometry": {"type": "Polygon", "coordinates": [[[6.90766, 5.91195], [6.90549, 5.91171], [6.90096, 5.91204], [6.89902, 5.91251], [6.8931, 5.91621], [6.89189, 5.91931], [6.88967, 5.91903], [6.8864, 5.92173], [6.88392, 5.92383], [6.88332, 5.92534], [6.88174, 5.92719], [6.88061, 5.92905], [6.86784, 5.93387], [6.86855, 5.93458], [6.86385, 5.94343], [6.86812, 5.95075], [6.87195, 5.95746], [6.87125, 5.96304], [6.87302, 5.96408], [6.86929, 5.96761], [6.87083, 5.97136], [6.87245, 5.97134], [6.87532, 5.97422], [6.87659, 5.97618], [6.878, 5.97739], [6.87888, 5.97717], [6.87912, 5.9771], [6.87986, 5.97669], [6.88056, 5.97077], [6.88166, 5.96839], [6.88557, 5.96367], [6.88624, 5.96088], [6.88719, 5.95317], [6.88836, 5.95081], [6.88779, 5.94517], [6.88989, 5.94218], [6.89531, 5.93936], [6.89754, 5.93723], [6.89673, 5.9331], [6.90168, 5.9287], [6.90408, 5.92196], [6.90454, 5.92066], [6.90567, 5.92006], [6.90657, 5.92082], [6.91055, 5.91661], [6.90911, 5.9155], [6.90799, 5.91462], [6.90766, 5.91195]]]}, "properties": {"name": "Ukpor 2", "lga": "Nnewi South", "state": "an"}}, {"type": "Feature", "geometry": {"type": "Polygon", "coordinates": [[[7.04224, 6.04847], [7.0419, 6.04825], [7.0404, 6.04393], [7.03518, 6.04411], [7.03483, 6.04414], [7.03444, 6.04415], [7.0354, 6.04106], [7.02838, 6.0342], [7.0309, 6.03283], [7.03101, 6.03241], [7.03187, 6.03172], [7.03097, 6.03084], [7.03298, 6.02897], [7.03192, 6.0281], [7.03109, 6.02744], [7.03056, 6.02707], [7.03252, 6.02386], [7.0307, 6.02342], [7.03082, 6.02288], [7.0305, 6.022], [7.03403, 6.02311], [7.0342, 6.02243], [7.03438, 6.0213], [7.03452, 6.02052], [7.03157, 6.01906], [7.03331, 6.0142], [7.02924, 6.01161], [7.02484, 6.01356], [7.01836, 6.00962], [7.01732, 6.00968], [7.0164, 6.01088], [7.01604, 6.01036], [7.01464, 6.01034], [7.01399, 6.01038], [7.01977, 6.01725], [7.02119, 6.01717], [7.02231, 6.0169], [7.01969, 6.02003], [7.01949, 6.02124], [7.01897, 6.02364], [7.01841, 6.02604], [7.0192, 6.03851], [7.02818, 6.04599], [7.03052, 6.05502], [7.03147, 6.05449], [7.03247, 6.05452], [7.0335, 6.05451], [7.03366, 6.05186], [7.03433, 6.05111], [7.0355, 6.05139], [7.03808, 6.05916], [7.04385, 6.05879], [7.04206, 6.05728], [7.04277, 6.05495], [7.04721, 6.04982], [7.04594, 6.04947], [7.04319, 6.04885], [7.04224, 6.04847]]]}, "properties": {"name": "Igbokwu 2", "lga": "Aguata", "state": "an"}}, {"type": "Feature", "geometry": {"type": "Polygon", "coordinates": [[[6.87662, 5.97924], [6.87375, 5.98689], [6.87687, 5.99804], [6.87678, 6.0006], [6.87667, 6.00073], [6.87482, 6.00305], [6.87718, 6.0028], [6.8825, 6.00168], [6.88983, 5.9992], [6.89359, 5.99925], [6.89412, 5.99961], [6.89494, 6.0009], [6.90019, 6.00021], [6.90053, 6.00237], [6.90188, 6.00333], [6.90394, 6.0037], [6.90521, 6.00359], [6.90667, 6.00362], [6.90278, 6.0117], [6.90222, 6.01564], [6.90517, 6.01639], [6.90548, 6.01587], [6.90784, 6.01646], [6.90915, 6.01752], [6.91217, 6.01888], [6.91687, 6.01869], [6.92402, 6.02317], [6.92515, 6.02232], [6.92672, 6.02201], [6.92723, 6.02199], [6.93101, 6.01763], [6.92726, 6.01597], [6.9261, 6.01362], [6.93125, 6.00717], [6.93119, 6.00651], [6.93158, 6.00613], [6.92847, 6.00498], [6.92896, 6.00399], [6.93072, 6.00381], [6.93275, 6.00028], [6.93249, 5.99786], [6.93084, 5.99754], [6.93033, 5.99711], [6.93034, 5.99691], [6.92641, 5.99769], [6.92578, 5.99678], [6.92594, 5.99579], [6.92564, 5.9944], [6.92122, 5.99612], [6.92216, 5.99729], [6.92265, 5.99827], [6.91914, 5.99944], [6.91859, 5.99766], [6.91913, 5.99631], [6.91567, 5.99682], [6.91315, 5.99045], [6.90865, 5.99516], [6.90724, 5.99489], [6.9061, 5.99384], [6.90506, 5.99453], [6.90448, 5.99444], [6.89925, 5.98778], [6.89704, 5.98724], [6.89638, 5.98658], [6.8955, 5.98604], [6.89106, 5.98077], [6.88693, 5.97914], [6.88734, 5.9784], [6.88659, 5.97773], [6.88398, 5.97532], [6.88181, 5.97631], [6.87962, 5.97531], [6.87968, 5.97556], [6.87986, 5.97669], [6.87662, 5.97924]]]}, "properties": {"name": "Umudim 2", "lga": "Nnewi North", "state": "an"}}, {"type": "Feature", "geometry": {"type": "Polygon", "coordinates": [[[6.78502, 6.14544], [6.78428, 6.14069], [6.77999, 6.14473], [6.78198, 6.14656], [6.78318, 6.14664], [6.78411, 6.14673], [6.78535, 6.14683], [6.78502, 6.14544]]]}, "properties": {"name": "Odoakpu 5", "lga": "Onitsha South", "state": "an"}}, {"type": "Feature", "geometry": {"type": "Polygon", "coordinates": [[[6.76606, 6.13641], [6.76901, 6.1382], [6.77545, 6.13777], [6.77541, 6.13739], [6.77534, 6.13676], [6.77425, 6.13684], [6.77402, 6.13402], [6.77404, 6.1329], [6.76881, 6.13334], [6.76876, 6.13466], [6.76606, 6.13641]]]}, "properties": {"name": "Fegge 5", "lga": "Onitsha South", "state": "an"}}, {"type": "Feature", "geometry": {"type": "Polygon", "coordinates": [[[6.84142, 6.17057], [6.84302, 6.17039], [6.84307, 6.1705], [6.84562, 6.17456], [6.84685, 6.17401], [6.84655, 6.17541], [6.84644, 6.17571], [6.84838, 6.17956], [6.85058, 6.17774], [6.85184, 6.17637], [6.85243, 6.17551], [6.8531, 6.1712], [6.85605, 6.1677], [6.85722, 6.16567], [6.85915, 6.16322], [6.86508, 6.16178], [6.86457, 6.16079], [6.86507, 6.16056], [6.86615, 6.16011], [6.87217, 6.16029], [6.87174, 6.15863], [6.87106, 6.15543], [6.87044, 6.15293], [6.86826, 6.15248], [6.86691, 6.1503], [6.86833, 6.14879], [6.86926, 6.1481], [6.86811, 6.1462], [6.86547, 6.14728], [6.86551, 6.1459], [6.8656, 6.14537], [6.86488, 6.14504], [6.86281, 6.14581], [6.86265, 6.14545], [6.86239, 6.14482], [6.86162, 6.144], [6.86124, 6.14428], [6.85972, 6.14572], [6.85901, 6.14522], [6.85775, 6.14411], [6.85607, 6.14281], [6.85492, 6.14366], [6.85148, 6.1418], [6.85202, 6.14123], [6.85342, 6.13586], [6.85416, 6.1332], [6.85208, 6.13423], [6.85036, 6.13012], [6.84498, 6.13401], [6.83861, 6.12857], [6.83599, 6.12919], [6.83857, 6.13497], [6.83904, 6.1415], [6.84032, 6.14328], [6.84314, 6.14405], [6.84326, 6.14919], [6.84339, 6.1495], [6.84121, 6.15212], [6.84252, 6.15241], [6.84229, 6.15272], [6.84181, 6.1538], [6.84182, 6.15416], [6.84394, 6.15762], [6.84337, 6.15841], [6.84129, 6.16028], [6.84111, 6.16083], [6.84233, 6.1672], [6.84098, 6.16855], [6.84014, 6.16954], [6.84138, 6.16971], [6.84142, 6.17057]]]}, "properties": {"name": "Nkpor Agu 2", "lga": "Idemili North", "state": "an"}}, {"type": "Feature", "geometry": {"type": "Polygon", "coordinates": [[[6.79005, 6.12233], [6.80153, 6.12186], [6.80337, 6.12012], [6.80239, 6.11876], [6.8033, 6.11529], [6.79728, 6.11454], [6.79635, 6.11414], [6.79494, 6.11372], [6.79503, 6.11266], [6.79504, 6.11228], [6.79275, 6.11187], [6.79197, 6.11601], [6.78834, 6.11659], [6.78832, 6.11795], [6.78717, 6.11804], [6.78741, 6.12167], [6.79005, 6.12233]]]}, "properties": {"name": "Okpoko 4", "lga": "Ogbaru", "state": "an"}}, {"type": "Feature", "geometry": {"type": "Polygon", "coordinates": [[[7.07394, 6.21572], [7.07453, 6.21561], [7.07509, 6.21538], [7.07675, 6.21459], [7.0764, 6.21278], [7.07784, 6.21254], [7.07931, 6.20438], [7.07791, 6.20399], [7.07731, 6.20388], [7.07616, 6.20378], [7.07621, 6.202], [7.07436, 6.2019], [7.07153, 6.2023], [7.06847, 6.20533], [7.06529, 6.19938], [7.06484, 6.20054], [7.06408, 6.20191], [7.05853, 6.20676], [7.05939, 6.20772], [7.06005, 6.20755], [7.06042, 6.20752], [7.06327, 6.214], [7.0651, 6.21294], [7.06751, 6.21208], [7.06822, 6.21205], [7.06816, 6.21381], [7.06879, 6.21376], [7.07129, 6.21339], [7.07225, 6.2133], [7.07394, 6.21572]]]}, "properties": {"name": "Awka 6", "lga": "Awka South", "state": "an"}}, {"type": "Feature", "geometry": {"type": "Polygon", "coordinates": [[[6.77545, 6.13777], [6.77756, 6.14118], [6.78255, 6.13872], [6.78208, 6.13818], [6.78169, 6.13779], [6.78104, 6.13753], [6.77545, 6.13777]]]}, "properties": {"name": "Fegge 6", "lga": "Onitsha South", "state": "an"}}, {"type": "Feature", "geometry": {"type": "Polygon", "coordinates": [[[6.7802, 6.1114], [6.77874, 6.11251], [6.77494, 6.11402], [6.76845, 6.11474], [6.75944, 6.11833], [6.75533, 6.12071], [6.7558, 6.12331], [6.75619, 6.12543], [6.75792, 6.13491], [6.7842, 6.12582], [6.78436, 6.12511], [6.78467, 6.12434], [6.78114, 6.12165], [6.78023, 6.11884], [6.78503, 6.11491], [6.78423, 6.11307], [6.7831, 6.11073], [6.78183, 6.10999], [6.7802, 6.1114]]]}, "properties": {"name": "Okpoko 6", "lga": "Ogbaru", "state": "an"}}, {"type": "Feature", "geometry": {"type": "Polygon", "coordinates": [[[7.07652, 6.24468], [7.07912, 6.26346], [7.08041, 6.26537], [7.08058, 6.26654], [7.08746, 6.2711], [7.09064, 6.269], [7.09509, 6.26852], [7.09623, 6.26285], [7.09712, 6.26086], [7.09929, 6.26076], [7.10021, 6.26088], [7.10112, 6.26095], [7.10441, 6.25603], [7.1031, 6.25372], [7.107, 6.24753], [7.11778, 6.23635], [7.10627, 6.23], [7.09059, 6.22903], [7.08014, 6.22841], [7.08158, 6.23661], [7.07785, 6.24057], [7.07652, 6.24468]]]}, "properties": {"name": "Awka 5", "lga": "Awka South", "state": "an"}}, {"type": "Feature", "geometry": {"type": "Polygon", "coordinates": [[[6.95024, 5.97013], [6.95142, 5.9695], [6.95278, 5.96871], [6.9475, 5.96131], [6.94726, 5.95867], [6.94713, 5.95674], [6.94582, 5.9567], [6.94797, 5.95089], [6.94599, 5.94949], [6.94645, 5.94904], [6.94666, 5.94843], [6.94417, 5.94703], [6.94218, 5.94743], [6.94129, 5.94781], [6.94115, 5.94216], [6.92931, 5.94216], [6.92911, 5.94329], [6.92916, 5.94392], [6.92935, 5.94607], [6.92767, 5.94609], [6.92616, 5.94971], [6.92623, 5.9547], [6.92497, 5.95643], [6.9245, 5.95853], [6.93059, 5.95792], [6.93302, 5.96441], [6.93276, 5.96628], [6.93163, 5.97062], [6.9362, 5.97555], [6.93826, 5.97342], [6.94089, 5.97287], [6.94224, 5.97303], [6.94251, 5.9732], [6.9427, 5.97311], [6.94317, 5.97377], [6.94323, 5.97433], [6.94305, 5.97525], [6.94619, 5.97538], [6.94743, 5.97367], [6.94905, 5.97143], [6.95024, 5.97013]]]}, "properties": {"name": "Ukpor 5", "lga": "Nnewi South", "state": "an"}}, {"type": "Feature", "geometry": {"type": "Polygon", "coordinates": [[[7.05048, 6.20368], [7.05002, 6.20002], [7.04666, 6.20007], [7.04655, 6.19947], [7.04636, 6.19885], [7.04134, 6.19986], [7.04045, 6.19668], [7.03817, 6.19851], [7.03826, 6.20283], [7.0376, 6.20291], [7.03646, 6.20321], [7.03653, 6.20357], [7.03794, 6.20414], [7.04024, 6.2057], [7.04169, 6.20754], [7.04234, 6.20815], [7.04622, 6.2129], [7.04778, 6.21031], [7.04874, 6.21031], [7.04955, 6.21032], [7.05019, 6.21022], [7.05048, 6.20368]]]}, "properties": {"name": "Amawbia 1", "lga": "Awka South", "state": "an"}}, {"type": "Feature", "geometry": {"type": "Polygon", "coordinates": [[[7.08365, 5.92884], [7.06278, 5.9314], [7.0602, 5.93142], [7.05644, 5.93061], [7.05301, 5.92946], [7.04782, 5.9272], [7.03672, 5.91672], [7.0292, 5.92539], [7.02897, 5.93131], [7.02991, 5.93156], [7.03131, 5.93247], [7.03364, 5.93349], [7.03517, 5.93621], [7.03857, 5.93697], [7.04718, 5.9457], [7.05237, 5.94889], [7.05308, 5.94918], [7.05332, 5.9493], [7.05367, 5.94946], [7.05753, 5.94693], [7.05821, 5.95342], [7.0605, 5.95175], [7.06197, 5.95073], [7.06123, 5.95557], [7.0631, 5.95513], [7.06338, 5.95511], [7.06716, 5.95428], [7.06719, 5.95541], [7.06977, 5.95624], [7.07084, 5.95313], [7.06931, 5.95353], [7.06804, 5.95089], [7.0694, 5.9497], [7.07074, 5.94869], [7.07158, 5.9482], [7.07243, 5.94786], [7.07392, 5.94772], [7.07534, 5.94735], [7.07533, 5.94617], [7.075, 5.94484], [7.07444, 5.9438], [7.0714, 5.94528], [7.06933, 5.94476], [7.07101, 5.94114], [7.07161, 5.94023], [7.07244, 5.93931], [7.07408, 5.93822], [7.08206, 5.93464], [7.08365, 5.92884]]]}, "properties": {"name": "Uga 1", "lga": "Aguata", "state": "an"}}, {"type": "Feature", "geometry": {"type": "Polygon", "coordinates": [[[6.9362, 5.97555], [6.93323, 5.97127], [6.92548, 5.96843], [6.92532, 5.96871], [6.92458, 5.9688], [6.92426, 5.96906], [6.92424, 5.96946], [6.925, 5.96988], [6.92503, 5.97036], [6.92091, 5.97989], [6.91107, 5.97837], [6.90993, 5.97789], [6.91047, 5.97557], [6.90219, 5.98243], [6.8984, 5.97991], [6.89594, 5.97857], [6.89543, 5.97825], [6.89106, 5.98077], [6.8955, 5.98604], [6.90162, 5.99006], [6.90179, 5.99038], [6.90371, 5.99247], [6.90448, 5.99444], [6.90506, 5.99453], [6.9061, 5.99384], [6.90724, 5.99489], [6.90865, 5.99516], [6.91315, 5.99045], [6.91567, 5.99682], [6.91913, 5.99631], [6.91859, 5.99766], [6.91914, 5.99944], [6.92265, 5.99827], [6.92216, 5.99729], [6.92122, 5.99612], [6.92564, 5.9944], [6.92594, 5.99579], [6.92578, 5.99678], [6.92641, 5.99769], [6.93034, 5.99691], [6.93092, 5.99528], [6.93125, 5.99403], [6.93153, 5.99319], [6.93268, 5.99314], [6.93476, 5.99349], [6.93613, 5.99392], [6.9375, 5.99159], [6.93794, 5.99059], [6.93813, 5.99], [6.93822, 5.98929], [6.93812, 5.9883], [6.93618, 5.98766], [6.93832, 5.98027], [6.93669, 5.97623], [6.9362, 5.97555]]]}, "properties": {"name": "Umudim 1", "lga": "Nnewi North", "state": "an"}}, {"type": "Feature", "geometry": {"type": "Polygon", "coordinates": [[[7.00832, 6.16098], [7.00678, 6.16653], [7.01431, 6.16845], [7.01431, 6.16941], [7.01494, 6.1693], [7.01562, 6.16879], [7.01591, 6.16868], [7.01709, 6.16722], [7.01629, 6.16517], [7.01074, 6.16359], [7.01422, 6.16055], [7.01527, 6.15703], [7.01399, 6.15797], [7.01441, 6.15584], [7.01266, 6.15308], [7.01305, 6.14523], [7.0085, 6.14794], [7.00874, 6.14855], [7.00624, 6.15714], [7.00766, 6.15864], [7.00807, 6.15876], [7.00832, 6.16098]]]}, "properties": {"name": "Nri 1", "lga": "Anaocha", "state": "an"}}, {"type": "Feature", "geometry": {"type": "Polygon", "coordinates": [[[7.08818, 5.95314], [7.08031, 5.95536], [7.07924, 5.95473], [7.07759, 5.95365], [7.07432, 5.95738], [7.06719, 5.95541], [7.06716, 5.95428], [7.06338, 5.95511], [7.0631, 5.95513], [7.06123, 5.95557], [7.06197, 5.95073], [7.0605, 5.95175], [7.05821, 5.95342], [7.05753, 5.94693], [7.05332, 5.9493], [7.05189, 5.95176], [7.05709, 5.95641], [7.05527, 5.95788], [7.05436, 5.96637], [7.06001, 5.96782], [7.06202, 5.97375], [7.06862, 5.97504], [7.06277, 5.97867], [7.06319, 5.98119], [7.07006, 5.98262], [7.07294, 5.98451], [7.08219, 5.98567], [7.08094, 5.98157], [7.07972, 5.97733], [7.0817, 5.9593], [7.08408, 5.96022], [7.08425, 5.96064], [7.08483, 5.96175], [7.08531, 5.96259], [7.08859, 5.96091], [7.09124, 5.95757], [7.09449, 5.95757], [7.08818, 5.95314]]]}, "properties": {"name": "Ezinifite 1", "lga": "Aguata", "state": "an"}}, {"type": "Feature", "geometry": {"type": "Polygon", "coordinates": [[[6.95837, 5.92473], [6.96289, 5.92686], [6.96264, 5.92603], [6.96444, 5.92564], [6.9647, 5.92624], [6.96509, 5.92905], [6.96532, 5.92952], [6.97486, 5.92639], [6.97638, 5.92951], [6.98114, 5.92759], [6.98013, 5.92526], [6.97741, 5.92581], [6.9783, 5.92167], [6.97644, 5.9212], [6.97559, 5.92071], [6.97473, 5.92011], [6.97623, 5.91843], [6.97739, 5.91768], [6.97774, 5.9134], [6.97805, 5.91165], [6.97669, 5.91068], [6.97631, 5.9106], [6.97454, 5.90885], [6.96946, 5.91851], [6.9685, 5.91641], [6.96739, 5.91783], [6.96684, 5.91854], [6.96616, 5.91775], [6.96278, 5.91943], [6.95797, 5.91846], [6.95824, 5.9192], [6.95837, 5.92473]]]}, "properties": {"name": "Ezinifite 1", "lga": "Nnewi South", "state": "an"}}, {"type": "Feature", "geometry": {"type": "Polygon", "coordinates": [[[7.00334, 6.08149], [6.997, 6.08098], [6.99689, 6.08083], [6.99681, 6.08], [6.99667, 6.07951], [6.99595, 6.07918], [6.99512, 6.07909], [6.99536, 6.0771], [6.99415, 6.07689], [6.99394, 6.07673], [6.99378, 6.07641], [6.99418, 6.076], [6.99455, 6.07561], [6.99519, 6.07456], [6.99155, 6.07363], [6.99141, 6.07325], [6.99113, 6.07257], [6.99097, 6.07191], [6.99209, 6.0661], [6.98808, 6.06524], [6.98865, 6.06098], [6.9903, 6.06111], [6.99051, 6.05778], [6.9889, 6.05742], [6.98751, 6.05741], [6.98462, 6.0544], [6.98402, 6.05485], [6.98373, 6.05559], [6.9835, 6.05725], [6.97578, 6.0535], [6.97235, 6.05779], [6.97245, 6.05861], [6.97257, 6.05956], [6.9683, 6.06172], [6.96785, 6.06769], [6.96867, 6.06886], [6.9698, 6.06981], [6.9682, 6.07459], [6.96864, 6.07579], [6.9694, 6.07691], [6.97043, 6.07519], [6.97245, 6.07837], [6.97172, 6.08042], [6.97201, 6.0807], [6.97217, 6.08093], [6.97274, 6.08205], [6.97674, 6.08517], [6.97507, 6.08639], [6.97702, 6.09572], [6.97766, 6.09593], [6.97829, 6.09594], [6.97865, 6.09612], [6.97627, 6.09892], [6.97753, 6.09932], [6.97608, 6.10246], [6.97916, 6.10225], [6.98123, 6.09872], [6.9844, 6.10013], [6.98534, 6.09827], [6.99053, 6.09742], [6.99081, 6.09777], [6.99104, 6.09823], [6.99163, 6.09724], [6.99134, 6.09574], [6.99204, 6.09439], [6.99356, 6.09509], [6.9949, 6.09499], [6.9949, 6.09422], [6.99484, 6.09399], [6.99539, 6.09375], [6.99454, 6.09271], [6.99401, 6.09209], [6.9925, 6.09125], [6.99953, 6.08692], [7.00334, 6.08149]]]}, "properties": {"name": "Adazi Ani 1", "lga": "Anaocha", "state": "an"}}, {"type": "Feature", "geometry": {"type": "Polygon", "coordinates": [[[7.10692, 5.99365], [7.09628, 5.99696], [7.09046, 5.99148], [7.08461, 5.99126], [7.08395, 5.98966], [7.08316, 5.98792], [7.07714, 5.99053], [7.07971, 5.99356], [7.08288, 5.99455], [7.08162, 6.00353], [7.08192, 6.00396], [7.08481, 6.00855], [7.08641, 6.01066], [7.0877, 6.01243], [7.09215, 6.01404], [7.09031, 6.01497], [7.0872, 6.01997], [7.08631, 6.01971], [7.08643, 6.02043], [7.08643, 6.02133], [7.08665, 6.0214], [7.08477, 6.02418], [7.08216, 6.02584], [7.08147, 6.03012], [7.08303, 6.0308], [7.08348, 6.03336], [7.08213, 6.03678], [7.08379, 6.03631], [7.08252, 6.03978], [7.08392, 6.04252], [7.08443, 6.04253], [7.08485, 6.04287], [7.0862, 6.04287], [7.09125, 6.04737], [7.09386, 6.04718], [7.09443, 6.04856], [7.09537, 6.04925], [7.09588, 6.0478], [7.09762, 6.04327], [7.09872, 6.0431], [7.09749, 6.04117], [7.09837, 6.03951], [7.09664, 6.03826], [7.09971, 6.03209], [7.10148, 6.03119], [7.10265, 6.03048], [7.10309, 6.02983], [7.10399, 6.02998], [7.1047, 6.02973], [7.10574, 6.03043], [7.10716, 6.02978], [7.10888, 6.0291], [7.10965, 6.02741], [7.11029, 6.0265], [7.11075, 6.02566], [7.10601, 6.02283], [7.10654, 6.01784], [7.10451, 6.01401], [7.1048, 6.01011], [7.10269, 6.00811], [7.10267, 6.00745], [7.10206, 6.00541], [7.10184, 6.0045], [7.10289, 6.0044], [7.1047, 6.00456], [7.10572, 6.0042], [7.11619, 5.99676], [7.10692, 5.99365]]]}, "properties": {"name": "Ekwulobia 1", "lga": "Aguata", "state": "an"}}, {"type": "Feature", "geometry": {"type": "Polygon", "coordinates": [[[6.79686, 6.12964], [6.80424, 6.12264], [6.80534, 6.1216], [6.80385, 6.12044], [6.80337, 6.12012], [6.80153, 6.12186], [6.79005, 6.12233], [6.78902, 6.12589], [6.789, 6.12625], [6.78912, 6.12755], [6.78797, 6.12719], [6.78689, 6.12904], [6.78928, 6.13081], [6.7906, 6.13172], [6.79686, 6.12964]]]}, "properties": {"name": "Okpoko 1", "lga": "Ogbaru", "state": "an"}}, {"type": "Feature", "geometry": {"type": "Polygon", "coordinates": [[[6.9791, 6.16527], [6.97991, 6.16116], [6.9846, 6.16091], [6.98546, 6.16018], [6.98579, 6.15964], [6.98652, 6.15844], [6.99011, 6.15711], [6.99098, 6.15378], [6.9907, 6.15167], [6.98777, 6.14543], [6.98738, 6.13859], [6.97849, 6.13772], [6.9713, 6.14473], [6.96678, 6.1516], [6.96241, 6.15859], [6.96236, 6.15884], [6.96478, 6.15849], [6.96695, 6.15817], [6.96787, 6.16044], [6.96811, 6.16073], [6.96911, 6.16372], [6.9723, 6.16706], [6.97505, 6.16418], [6.9791, 6.16527]]]}, "properties": {"name": "Nimo 1", "lga": "Njikoka", "state": "an"}}, {"type": "Feature", "geometry": {"type": "Polygon", "coordinates": [[[6.99769, 6.10506], [7.00686, 6.10554], [7.0091, 6.10437], [7.01226, 6.10639], [7.01423, 6.10313], [7.0176, 6.10258], [7.01891, 6.09674], [7.01981, 6.09675], [7.02034, 6.09683], [7.02084, 6.097], [7.02313, 6.09345], [7.01965, 6.09208], [7.01893, 6.09131], [7.0172, 6.08961], [7.01865, 6.08652], [7.01473, 6.08365], [7.01679, 6.07962], [7.01367, 6.07568], [7.01492, 6.07442], [7.01188, 6.07378], [7.01069, 6.07162], [7.00868, 6.07222], [7.00872, 6.07109], [7.00634, 6.07019], [7.00624, 6.0681], [7.00282, 6.06939], [7.00132, 6.0641], [7.00255, 6.06362], [7.00253, 6.06312], [7.00212, 6.06257], [7.00045, 6.06323], [6.99821, 6.06412], [6.99745, 6.06279], [6.99772, 6.06215], [6.99248, 6.06162], [6.99233, 6.05703], [6.99123, 6.0576], [6.99051, 6.05778], [6.9903, 6.06111], [6.98865, 6.06098], [6.98808, 6.06524], [6.99209, 6.0661], [6.99097, 6.07191], [6.99113, 6.07257], [6.99141, 6.07325], [6.99155, 6.07363], [6.99519, 6.07456], [6.99455, 6.07561], [6.99418, 6.076], [6.99378, 6.07641], [6.99394, 6.07673], [6.99415, 6.07689], [6.99536, 6.0771], [6.99512, 6.07909], [6.99595, 6.07918], [6.99667, 6.07951], [6.99681, 6.08], [6.99689, 6.08083], [6.997, 6.08098], [7.00334, 6.08149], [7.00301, 6.07589], [7.00375, 6.07501], [7.004, 6.07461], [7.00408, 6.07389], [7.00762, 6.07356], [7.00771, 6.07745], [7.01121, 6.07817], [7.01072, 6.07871], [7.00982, 6.07923], [7.00957, 6.07929], [7.01217, 6.08415], [7.01197, 6.08424], [7.0107, 6.08464], [7.01243, 6.08586], [7.01348, 6.08665], [7.01282, 6.08897], [7.01275, 6.08944], [7.00851, 6.09152], [7.00938, 6.09605], [7.00604, 6.09651], [7.00591, 6.10213], [6.99924, 6.09811], [6.99769, 6.10506]]]}, "properties": {"name": "Neni 1", "lga": "Anaocha", "state": "an"}}, {"type": "Feature", "geometry": {"type": "Polygon", "coordinates": [[[7.10888, 6.0291], [7.10716, 6.02978], [7.10574, 6.03043], [7.1047, 6.02973], [7.10399, 6.02998], [7.10309, 6.02983], [7.10265, 6.03048], [7.10148, 6.03119], [7.09971, 6.03209], [7.09664, 6.03826], [7.09837, 6.03951], [7.09749, 6.04117], [7.09872, 6.0431], [7.09762, 6.04327], [7.09588, 6.0478], [7.10144, 6.04576], [7.10354, 6.04754], [7.10391, 6.04745], [7.1048, 6.0475], [7.10478, 6.04672], [7.1048, 6.04624], [7.10505, 6.04561], [7.10558, 6.04624], [7.10606, 6.04695], [7.1063, 6.04722], [7.11044, 6.046], [7.11151, 6.04818], [7.11305, 6.04723], [7.11616, 6.0483], [7.11634, 6.04882], [7.11565, 6.04958], [7.11787, 6.05017], [7.11813, 6.05119], [7.11813, 6.05163], [7.11831, 6.05242], [7.12706, 6.04917], [7.12837, 6.0446], [7.12753, 6.03185], [7.12025, 6.0306], [7.11972, 6.02913], [7.11938, 6.02928], [7.1189, 6.0295], [7.11869, 6.02951], [7.11737, 6.0256], [7.11423, 6.02687], [7.1138, 6.02766], [7.11345, 6.02871], [7.10888, 6.0291]]]}, "properties": {"name": "Oko 1", "lga": "Orumba North", "state": "an"}}, {"type": "Feature", "geometry": {"type": "Polygon", "coordinates": [[[6.9889, 6.05742], [6.99051, 6.05778], [6.99123, 6.0576], [6.99233, 6.05703], [6.99248, 6.06162], [6.99772, 6.06215], [6.99745, 6.06279], [6.99821, 6.06412], [7.00045, 6.06323], [7.00212, 6.06257], [7.00249, 6.06231], [7.00151, 6.05994], [7.00696, 6.05499], [7.00565, 6.05071], [7.00096, 6.05024], [6.99895, 6.04571], [6.99712, 6.04765], [6.99677, 6.04764], [6.99634, 6.04775], [6.99504, 6.04771], [6.99898, 6.03987], [6.98005, 6.04333], [6.98146, 6.04892], [6.97578, 6.0535], [6.9835, 6.05725], [6.98373, 6.05559], [6.98402, 6.05485], [6.98462, 6.0544], [6.9889, 6.05742]]]}, "properties": {"name": "Ichida 1", "lga": "Anaocha", "state": "an"}}, {"type": "Feature", "geometry": {"type": "Polygon", "coordinates": [[[6.91982, 6.07281], [6.91569, 6.07752], [6.91651, 6.07836], [6.91742, 6.07936], [6.91399, 6.08333], [6.91276, 6.08772], [6.91424, 6.09247], [6.91164, 6.09468], [6.91258, 6.09589], [6.91452, 6.0967], [6.91598, 6.09683], [6.91966, 6.09353], [6.9188, 6.09205], [6.91782, 6.091], [6.91714, 6.08997], [6.92617, 6.08601], [6.92773, 6.08619], [6.92936, 6.08686], [6.93161, 6.08796], [6.92994, 6.09082], [6.92919, 6.09201], [6.93583, 6.09783], [6.94061, 6.09478], [6.94335, 6.09496], [6.94417, 6.09333], [6.9422, 6.08963], [6.94233, 6.08563], [6.94147, 6.08525], [6.94096, 6.0849], [6.94003, 6.08579], [6.93934, 6.08604], [6.93844, 6.08571], [6.9375, 6.08498], [6.94134, 6.0755], [6.94146, 6.07429], [6.94051, 6.07122], [6.95067, 6.06762], [6.9544, 6.06492], [6.95476, 6.06269], [6.9551, 6.06107], [6.95602, 6.05928], [6.95387, 6.0531], [6.95487, 6.05158], [6.9556, 6.05016], [6.95429, 6.04946], [6.9534, 6.04873], [6.95251, 6.04836], [6.94988, 6.05039], [6.94811, 6.04823], [6.9498, 6.04653], [6.95086, 6.04493], [6.95127, 6.04444], [6.95389, 6.03753], [6.95385, 6.03674], [6.95305, 6.03594], [6.95817, 6.03305], [6.95446, 6.03159], [6.9369, 6.02991], [6.93774, 6.0317], [6.93204, 6.03872], [6.93271, 6.03933], [6.93387, 6.03975], [6.93487, 6.04032], [6.9333, 6.04371], [6.9411, 6.05056], [6.94509, 6.04911], [6.94416, 6.05231], [6.94651, 6.05298], [6.94466, 6.05994], [6.94402, 6.0608], [6.94225, 6.06229], [6.94165, 6.0633], [6.94106, 6.06315], [6.93974, 6.06365], [6.93744, 6.06024], [6.93425, 6.06268], [6.92941, 6.06072], [6.92841, 6.0633], [6.92593, 6.06384], [6.92583, 6.06405], [6.92585, 6.06429], [6.91982, 6.07281]]]}, "properties": {"name": "Nnobi 1", "lga": "Idemili South", "state": "an"}}, {"type": "Feature", "geometry": {"type": "Polygon", "coordinates": [[[6.94289, 5.9922], [6.94193, 5.99187], [6.94137, 5.99159], [6.93978, 5.99411], [6.93951, 5.99952], [6.94135, 6.00016], [6.94049, 6.00182], [6.94282, 6.00113], [6.93834, 6.00877], [6.93941, 6.00922], [6.94146, 6.00947], [6.94322, 6.00922], [6.94664, 6.0076], [6.9502, 6.00565], [6.95158, 6.00267], [6.95053, 5.99869], [6.95228, 5.99805], [6.95171, 5.99254], [6.94289, 5.9922]]]}, "properties": {"name": "Otolo 1", "lga": "Nnewi North", "state": "an"}}, {"type": "Feature", "geometry": {"type": "Polygon", "coordinates": [[[7.15233, 5.9513], [7.15517, 5.94642], [7.15548, 5.9465], [7.15919, 5.94264], [7.16255, 5.94245], [7.16738, 5.93575], [7.16533, 5.93569], [7.16377, 5.9358], [7.16344, 5.93559], [7.16196, 5.93434], [7.16025, 5.93536], [7.15958, 5.93571], [7.15935, 5.93551], [7.15902, 5.93552], [7.15832, 5.93483], [7.15476, 5.93586], [7.15567, 5.93236], [7.15186, 5.9319], [7.14446, 5.92838], [7.14293, 5.91849], [7.11939, 5.92176], [7.1196, 5.92489], [7.12266, 5.92859], [7.12122, 5.92888], [7.11925, 5.92964], [7.12748, 5.93336], [7.12875, 5.93974], [7.12219, 5.94263], [7.12501, 5.94743], [7.12405, 5.94793], [7.12368, 5.94809], [7.12292, 5.94826], [7.12283, 5.94898], [7.12263, 5.94994], [7.12185, 5.95242], [7.12617, 5.95171], [7.12551, 5.95466], [7.12754, 5.9577], [7.12845, 5.95773], [7.12923, 5.95774], [7.13017, 5.95794], [7.13771, 5.96403], [7.14813, 5.95879], [7.15233, 5.9513]]]}, "properties": {"name": "Umuchu 1", "lga": "Aguata", "state": "an"}}, {"type": "Feature", "geometry": {"type": "Polygon", "coordinates": [[[7.05582, 6.10664], [7.05054, 6.11412], [7.05714, 6.11609], [7.056, 6.11882], [7.05431, 6.11939], [7.05393, 6.11939], [7.05421, 6.12305], [7.05608, 6.12836], [7.05985, 6.13288], [7.06226, 6.12841], [7.06481, 6.11798], [7.0767, 6.11688], [7.07645, 6.11603], [7.07641, 6.11128], [7.071, 6.09883], [7.06954, 6.0971], [7.06719, 6.09472], [7.06602, 6.10322], [7.06343, 6.1016], [7.06305, 6.10332], [7.06276, 6.10359], [7.05582, 6.10664]]]}, "properties": {"name": "Agulu 1", "lga": "Anaocha", "state": "an"}}, {"type": "Feature", "geometry": {"type": "Polygon", "coordinates": [[[7.12754, 5.9577], [7.12294, 5.95984], [7.12295, 5.95963], [7.12065, 5.95982], [7.12081, 5.95908], [7.12064, 5.95891], [7.11959, 5.95803], [7.1188, 5.95791], [7.11771, 5.95824], [7.11691, 5.95847], [7.11727, 5.96005], [7.11665, 5.96024], [7.11614, 5.96041], [7.11569, 5.9604], [7.1179, 5.96477], [7.11753, 5.96654], [7.11337, 5.96977], [7.11441, 5.97674], [7.11717, 5.98108], [7.11807, 5.98161], [7.11877, 5.98211], [7.11989, 5.98268], [7.12728, 5.99545], [7.13097, 5.99968], [7.13852, 6.00508], [7.14794, 5.99181], [7.14853, 5.99143], [7.14915, 5.99098], [7.15126, 5.98958], [7.1581, 5.98882], [7.15782, 5.98822], [7.15728, 5.98752], [7.15503, 5.98572], [7.15408, 5.98311], [7.15301, 5.98073], [7.15241, 5.97823], [7.15283, 5.97311], [7.15317, 5.96556], [7.15926, 5.96592], [7.16243, 5.96151], [7.16288, 5.95779], [7.15737, 5.94757], [7.15517, 5.94642], [7.14813, 5.95879], [7.14788, 5.95851], [7.14234, 5.96225], [7.13887, 5.96316], [7.13771, 5.96403], [7.13017, 5.95794], [7.12923, 5.95774], [7.12845, 5.95773], [7.12754, 5.9577]]]}, "properties": {"name": "Achina 1", "lga": "Aguata", "state": "an"}}, {"type": "Feature", "geometry": {"type": "Polygon", "coordinates": [[[6.8343, 6.13237], [6.83279, 6.14336], [6.83358, 6.1474], [6.83777, 6.15054], [6.83746, 6.15117], [6.83728, 6.15233], [6.83644, 6.15357], [6.83571, 6.1542], [6.83521, 6.15505], [6.82838, 6.15218], [6.82763, 6.15358], [6.82667, 6.1538], [6.82668, 6.15563], [6.82579, 6.15803], [6.82486, 6.16009], [6.8242, 6.16104], [6.82031, 6.16921], [6.82514, 6.17235], [6.82755, 6.17123], [6.83027, 6.17375], [6.83187, 6.17517], [6.83659, 6.17228], [6.83825, 6.17112], [6.84142, 6.17057], [6.84138, 6.16971], [6.84014, 6.16954], [6.84098, 6.16855], [6.84233, 6.1672], [6.84111, 6.16083], [6.84129, 6.16028], [6.84337, 6.15841], [6.84394, 6.15762], [6.84182, 6.15416], [6.84181, 6.1538], [6.84229, 6.15272], [6.84252, 6.15241], [6.84121, 6.15212], [6.84339, 6.1495], [6.84326, 6.14919], [6.84314, 6.14405], [6.84032, 6.14328], [6.83904, 6.1415], [6.83857, 6.13497], [6.83599, 6.12919], [6.82845, 6.12817], [6.8343, 6.13237]]]}, "properties": {"name": "Nkpor Agu 1", "lga": "Idemili North", "state": "an"}}, {"type": "Feature", "geometry": {"type": "Polygon", "coordinates": [[[6.9703, 6.04717], [6.97127, 6.04833], [6.97162, 6.04825], [6.97198, 6.048], [6.97243, 6.04759], [6.97251, 6.04225], [6.97587, 6.03849], [6.97945, 6.02895], [6.97186, 6.02866], [6.96969, 6.03073], [6.96827, 6.03121], [6.96631, 6.03145], [6.96462, 6.0317], [6.96391, 6.03225], [6.9634, 6.03322], [6.96121, 6.03729], [6.96019, 6.03801], [6.95753, 6.04011], [6.95865, 6.04226], [6.95888, 6.04242], [6.95916, 6.04185], [6.95943, 6.0419], [6.96039, 6.04201], [6.96118, 6.04316], [6.96181, 6.04512], [6.96205, 6.04541], [6.96574, 6.04638], [6.96571, 6.04581], [6.96588, 6.04558], [6.96671, 6.04559], [6.96672, 6.04655], [6.96757, 6.0467], [6.96789, 6.04765], [6.9703, 6.04717]]]}, "properties": {"name": "Adazi Enu 1", "lga": "Anaocha", "state": "an"}}, {"type": "Feature", "geometry": {"type": "Polygon", "coordinates": [[[7.01575, 5.98568], [7.01919, 5.9807], [7.01632, 5.97925], [7.01544, 5.97899], [6.99331, 5.98419], [6.99195, 5.98482], [6.98977, 5.98638], [6.98757, 5.98845], [6.98629, 5.98916], [6.98378, 5.98962], [6.98209, 5.98988], [6.9807, 5.98434], [6.97744, 5.98779], [6.97345, 5.9869], [6.97269, 5.98839], [6.9715, 5.98727], [6.97092, 5.98661], [6.96991, 5.98613], [6.96997, 5.99167], [6.96706, 5.99023], [6.96381, 5.98858], [6.96074, 5.98813], [6.9619, 5.99264], [6.96207, 5.99338], [6.96092, 5.99401], [6.96006, 5.99464], [6.95853, 5.99571], [6.95896, 5.99651], [6.95918, 5.9969], [6.95856, 5.99699], [6.96245, 6.00479], [6.9659, 6.00562], [6.96615, 6.00494], [6.96701, 6.00429], [6.96736, 6.00355], [6.96908, 6.00364], [6.97117, 5.99947], [6.97875, 6.00156], [6.98179, 5.99605], [6.98231, 5.99541], [6.98309, 5.99614], [6.98344, 5.99628], [6.98406, 5.99546], [6.98554, 5.99477], [6.98513, 5.99412], [6.98414, 5.99203], [6.98821, 5.9931], [6.98882, 5.99286], [6.98937, 5.99255], [6.98953, 5.99228], [6.98939, 5.99006], [6.99002, 5.98992], [6.99069, 5.98967], [6.99558, 5.99253], [6.99968, 5.99731], [7.00207, 5.9941], [7.00525, 5.99541], [7.01367, 5.99333], [7.0141, 5.99066], [7.01453, 5.98754], [7.01575, 5.98568]]]}, "properties": {"name": "Amichi 1", "lga": "Nnewi South", "state": "an"}}, {"type": "Feature", "geometry": {"type": "Polygon", "coordinates": [[[7.0313, 6.01347], [7.03147, 6.01259], [7.03198, 6.01174], [7.03164, 6.01128], [7.03267, 6.01075], [7.03349, 6.00992], [7.03251, 6.0095], [7.03232, 6.00912], [7.03222, 6.00839], [7.03185, 6.00695], [7.03202, 6.00494], [7.03478, 6.00345], [7.03133, 6.00089], [7.03267, 5.99989], [7.03341, 5.999], [7.02914, 5.99714], [7.03147, 5.99324], [7.03013, 5.98591], [7.0243, 5.98705], [7.01575, 5.98568], [7.01453, 5.98754], [7.0141, 5.99066], [7.01367, 5.99333], [7.00525, 5.99541], [7.00207, 5.9941], [6.99968, 5.99731], [6.9988, 5.99666], [6.99827, 5.99601], [6.99563, 6.00947], [6.99751, 6.01975], [6.9976, 6.01966], [6.99868, 6.01871], [7.00108, 6.01826], [6.99857, 6.01226], [7.00049, 6.01175], [7.01182, 6.01251], [7.01396, 6.01223], [7.01479, 6.01195], [7.01425, 6.01092], [7.01399, 6.01038], [7.01464, 6.01034], [7.01604, 6.01036], [7.0164, 6.01088], [7.01732, 6.00968], [7.01836, 6.00962], [7.02484, 6.01356], [7.02835, 6.01157], [7.0313, 6.01347]]]}, "properties": {"name": "Igbokwu 1", "lga": "Aguata", "state": "an"}}, {"type": "Feature", "geometry": {"type": "Polygon", "coordinates": [[[6.77968, 6.13752], [6.78104, 6.13753], [6.78169, 6.13779], [6.78208, 6.13818], [6.78332, 6.13602], [6.78468, 6.13316], [6.78471, 6.13219], [6.78062, 6.13252], [6.78064, 6.13297], [6.78065, 6.13312], [6.78068, 6.13391], [6.77983, 6.13394], [6.77943, 6.13398], [6.77968, 6.13752]]]}, "properties": {"name": "Fegge 1", "lga": "Onitsha South", "state": "an"}}, {"type": "Feature", "geometry": {"type": "Polygon", "coordinates": [[[6.78516, 6.14405], [6.78504, 6.14515], [6.78502, 6.14544], [6.78535, 6.14683], [6.79005, 6.1475], [6.79143, 6.14248], [6.78518, 6.14003], [6.78428, 6.14069], [6.78516, 6.14405]]]}, "properties": {"name": "Odoakpu 1", "lga": "Onitsha South", "state": "an"}}, {"type": "Feature", "geometry": {"type": "Polygon", "coordinates": [[[7.06532, 6.0601], [7.0669, 6.06263], [7.06928, 6.06247], [7.06973, 6.06423], [7.07069, 6.06503], [7.07365, 6.06687], [7.07628, 6.06292], [7.08028, 6.06095], [7.07928, 6.0603], [7.07846, 6.05994], [7.07708, 6.0594], [7.07668, 6.04904], [7.07806, 6.04772], [7.07902, 6.04784], [7.07969, 6.04793], [7.08045, 6.04836], [7.08156, 6.0445], [7.06781, 6.04321], [7.06946, 6.03941], [7.07436, 6.03429], [7.07393, 6.02546], [7.05384, 6.02987], [7.05163, 6.03748], [7.04336, 6.03441], [7.04207, 6.0401], [7.03573, 6.03674], [7.03504, 6.03668], [7.03332, 6.03671], [7.03244, 6.03743], [7.0354, 6.04106], [7.03444, 6.04415], [7.03483, 6.04414], [7.03518, 6.04411], [7.0404, 6.04393], [7.0419, 6.04825], [7.04721, 6.04982], [7.04668, 6.05041], [7.04423, 6.05235], [7.04451, 6.0529], [7.05172, 6.05452], [7.05508, 6.05237], [7.0564, 6.05551], [7.06307, 6.05437], [7.06221, 6.05576], [7.06178, 6.05705], [7.06296, 6.0572], [7.06328, 6.05726], [7.06388, 6.05719], [7.06532, 6.0601]]]}, "properties": {"name": "Nanka 1", "lga": "Orumba North", "state": "an"}}, {"type": "Feature", "geometry": {"type": "Polygon", "coordinates": [[[6.92538, 5.93588], [6.92745, 5.9395], [6.93103, 5.93796], [6.93059, 5.93256], [6.93218, 5.92752], [6.93267, 5.92616], [6.93323, 5.92508], [6.92572, 5.92572], [6.92446, 5.92257], [6.92499, 5.91896], [6.92466, 5.91541], [6.91983, 5.91102], [6.91938, 5.91025], [6.90766, 5.91195], [6.90799, 5.91462], [6.90911, 5.9155], [6.91055, 5.91661], [6.90657, 5.92082], [6.90567, 5.92006], [6.90454, 5.92066], [6.90408, 5.92196], [6.90168, 5.9287], [6.89673, 5.9331], [6.89754, 5.93723], [6.89531, 5.93936], [6.88989, 5.94218], [6.88779, 5.94517], [6.88836, 5.95081], [6.88719, 5.95317], [6.88624, 5.96088], [6.88557, 5.96367], [6.88166, 5.96839], [6.87962, 5.97531], [6.88181, 5.97631], [6.88398, 5.97532], [6.88659, 5.97773], [6.88734, 5.9784], [6.88693, 5.97914], [6.8906, 5.98137], [6.89123, 5.97975], [6.89426, 5.97984], [6.89496, 5.97912], [6.89543, 5.97825], [6.89594, 5.97857], [6.8984, 5.97991], [6.90219, 5.98243], [6.91047, 5.97557], [6.90993, 5.97789], [6.91107, 5.97837], [6.92091, 5.97989], [6.92421, 5.97177], [6.92028, 5.96842], [6.91944, 5.96555], [6.91264, 5.96047], [6.91074, 5.95627], [6.91438, 5.9526], [6.91225, 5.95242], [6.91184, 5.94378], [6.91969, 5.94352], [6.91952, 5.93993], [6.92179, 5.93865], [6.92217, 5.93778], [6.92161, 5.93753], [6.92086, 5.93702], [6.92293, 5.93271], [6.92324, 5.93235], [6.92538, 5.93588]]]}, "properties": {"name": "Ukpor 1", "lga": "Nnewi South", "state": "an"}}, {"type": "Feature", "geometry": {"type": "Polygon", "coordinates": [[[6.9556, 6.05016], [6.95941, 6.05128], [6.96449, 6.04742], [6.95753, 6.04011], [6.96019, 6.03801], [6.96121, 6.03729], [6.9634, 6.03322], [6.96391, 6.03225], [6.96969, 6.03073], [6.97186, 6.02866], [6.97369, 6.02332], [6.97067, 6.02356], [6.97068, 6.02267], [6.9706, 6.0184], [6.96827, 6.0181], [6.96767, 6.01795], [6.96392, 6.02397], [6.95446, 6.03159], [6.95817, 6.03305], [6.95305, 6.03594], [6.95385, 6.03674], [6.95389, 6.03753], [6.95127, 6.04444], [6.95086, 6.04493], [6.9498, 6.04653], [6.94811, 6.04823], [6.94988, 6.05039], [6.95251, 6.04836], [6.9534, 6.04873], [6.95429, 6.04946], [6.9556, 6.05016]]]}, "properties": {"name": "Awka Etity 1", "lga": "Idemili South", "state": "an"}}, {"type": "Feature", "geometry": {"type": "Polygon", "coordinates": [[[6.85416, 6.1332], [6.85342, 6.13586], [6.85202, 6.14123], [6.85148, 6.1418], [6.85492, 6.14366], [6.85607, 6.14281], [6.85775, 6.14411], [6.85901, 6.14522], [6.85972, 6.14572], [6.86124, 6.14428], [6.86162, 6.144], [6.86239, 6.14482], [6.86265, 6.14545], [6.86281, 6.14581], [6.86488, 6.14504], [6.8656, 6.14537], [6.86551, 6.1459], [6.86547, 6.14728], [6.86811, 6.1462], [6.86926, 6.1481], [6.86833, 6.14879], [6.86691, 6.1503], [6.86826, 6.15248], [6.87044, 6.15293], [6.87242, 6.16209], [6.87726, 6.16255], [6.88282, 6.1601], [6.88775, 6.16515], [6.88867, 6.16447], [6.88871, 6.16372], [6.88858, 6.16085], [6.88779, 6.16059], [6.89173, 6.1467], [6.89135, 6.14457], [6.8912, 6.14335], [6.90088, 6.14066], [6.8972, 6.13799], [6.89654, 6.13645], [6.89627, 6.13582], [6.89636, 6.13517], [6.89246, 6.13567], [6.89261, 6.13468], [6.89151, 6.1353], [6.89135, 6.13539], [6.87668, 6.13036], [6.87295, 6.13358], [6.8683, 6.1349], [6.86841, 6.13553], [6.86853, 6.13598], [6.86669, 6.13622], [6.86492, 6.13651], [6.86635, 6.13298], [6.86081, 6.12787], [6.85956, 6.12741], [6.85817, 6.12708], [6.85622, 6.12582], [6.85416, 6.1332]]]}, "properties": {"name": "Ogidi 1", "lga": "Idemili North", "state": "an"}}, {"type": "Feature", "geometry": {"type": "Polygon", "coordinates": [[[6.90836, 6.03472], [6.91182, 6.03357], [6.91245, 6.03327], [6.91537, 6.02483], [6.9103, 6.02342], [6.91083, 6.02303], [6.91015, 6.02108], [6.90915, 6.01752], [6.90784, 6.01646], [6.8828, 6.01551], [6.88512, 6.03253], [6.88168, 6.03523], [6.88366, 6.04121], [6.88343, 6.04653], [6.90836, 6.03472]]]}, "properties": {"name": "Uruagu 1", "lga": "Nnewi North", "state": "an"}}, {"type": "Feature", "geometry": {"type": "Polygon", "coordinates": [[[6.87612, 6.05508], [6.87729, 6.0546], [6.87802, 6.05416], [6.87894, 6.05369], [6.88064, 6.05884], [6.88128, 6.05866], [6.8827, 6.05807], [6.88411, 6.05791], [6.88708, 6.07028], [6.89139, 6.07114], [6.90076, 6.06717], [6.90278, 6.05904], [6.90408, 6.05888], [6.90616, 6.05843], [6.90899, 6.05754], [6.91237, 6.05471], [6.91559, 6.04322], [6.90836, 6.03472], [6.87521, 6.05017], [6.87612, 6.05508]]]}, "properties": {"name": "Nnewichi 1", "lga": "Nnewi North", "state": "an"}}, {"type": "Feature", "geometry": {"type": "Polygon", "coordinates": [[[6.86097, 6.04886], [6.85779, 6.04836], [6.85161, 6.0442], [6.84158, 6.04454], [6.84331, 6.05088], [6.83866, 6.06337], [6.84207, 6.0667], [6.84365, 6.06868], [6.84529, 6.07173], [6.84488, 6.07221], [6.84384, 6.07394], [6.84474, 6.07626], [6.84582, 6.07496], [6.84662, 6.07382], [6.86806, 6.07941], [6.86436, 6.07365], [6.86417, 6.0706], [6.86391, 6.06882], [6.86356, 6.06845], [6.85628, 6.06362], [6.85455, 6.06529], [6.85421, 6.05242], [6.86097, 6.04886]]]}, "properties": {"name": "Oba 1", "lga": "Idemili South", "state": "an"}}, {"type": "Feature", "geometry": {"type": "Polygon", "coordinates": [[[7.02313, 6.09345], [7.02398, 6.09373], [7.02386, 6.09297], [7.02307, 6.08956], [7.02544, 6.08926], [7.03095, 6.08527], [7.03215, 6.08536], [7.03215, 6.08566], [7.03349, 6.06859], [7.03051, 6.06811], [7.0294, 6.06807], [7.02845, 6.06788], [7.02756, 6.06654], [7.01565, 6.07363], [7.01156, 6.07258], [7.01188, 6.07378], [7.01492, 6.07442], [7.01367, 6.07568], [7.01679, 6.07962], [7.01473, 6.08365], [7.01852, 6.08585], [7.0172, 6.08961], [7.01893, 6.09131], [7.01965, 6.09208], [7.02313, 6.09345]]]}, "properties": {"name": "Obeledu", "lga": "Anaocha", "state": "an"}}, {"type": "Feature", "geometry": {"type": "Polygon", "coordinates": [[[7.10692, 5.99365], [7.10788, 5.99302], [7.10885, 5.99319], [7.10916, 5.99253], [7.10754, 5.98392], [7.10635, 5.98257], [7.10515, 5.98244], [7.10454, 5.98221], [7.09991, 5.97562], [7.09721, 5.97377], [7.10118, 5.97279], [7.1016, 5.97261], [7.10154, 5.9719], [7.10158, 5.97134], [7.09799, 5.96651], [7.09566, 5.96976], [7.09486, 5.97117], [7.08578, 5.9634], [7.08408, 5.96022], [7.0817, 5.9593], [7.07972, 5.97733], [7.08461, 5.99126], [7.09046, 5.99148], [7.09628, 5.99696], [7.10692, 5.99365]]]}, "properties": {"name": "Nkpologwu", "lga": "Aguata", "state": "an"}}, {"type": "Feature", "geometry": {"type": "Polygon", "coordinates": [[[7.01156, 6.07258], [7.01565, 6.07363], [7.02688, 6.06743], [7.0266, 6.06485], [7.02846, 6.06404], [7.02968, 6.06326], [7.0334, 6.06105], [7.02851, 6.05014], [7.02818, 6.04599], [7.0192, 6.03851], [7.01933, 6.03665], [7.01557, 6.03533], [7.01305, 6.03733], [7.01223, 6.0366], [7.01172, 6.03621], [7.00804, 6.0392], [7.00392, 6.04697], [7.00186, 6.04793], [7.00192, 6.04939], [7.00179, 6.04981], [7.00314, 6.05111], [7.00416, 6.05006], [7.00605, 6.05123], [7.00696, 6.05499], [7.00151, 6.05994], [7.00282, 6.06939], [7.00624, 6.0681], [7.00634, 6.07019], [7.00872, 6.07109], [7.00868, 6.07222], [7.01069, 6.07162], [7.01156, 6.07258]]]}, "properties": {"name": "Akwaeze", "lga": "Anaocha", "state": "an"}}, {"type": "Feature", "geometry": {"type": "Polygon", "coordinates": [[[6.86365, 5.74933], [6.8564, 5.75663], [6.85875, 5.75734], [6.8617, 5.75618], [6.86042, 5.75808], [6.86331, 5.76045], [6.86386, 5.76305], [6.86422, 5.76416], [6.86414, 5.76542], [6.86729, 5.76425], [6.86791, 5.76568], [6.86849, 5.76635], [6.86963, 5.76627], [6.87098, 5.76648], [6.86854, 5.77216], [6.8718, 5.7723], [6.86629, 5.78478], [6.87969, 5.77849], [6.87744, 5.78791], [6.88567, 5.788], [6.88305, 5.75152], [6.88129, 5.74866], [6.87991, 5.74621], [6.87953, 5.74552], [6.87685, 5.7442], [6.87665, 5.7441], [6.87435, 5.74412], [6.87235, 5.74442], [6.86365, 5.74933]]]}, "properties": {"name": "Amorka", "lga": "Ihiala", "state": "an"}}, {"type": "Feature", "geometry": {"type": "Polygon", "coordinates": [[[6.8333, 5.84694], [6.8315, 5.85878], [6.83751, 5.86333], [6.83986, 5.86304], [6.84209, 5.86134], [6.84504, 5.85963], [6.84655, 5.86239], [6.84703, 5.86406], [6.84857, 5.86312], [6.85043, 5.86169], [6.85177, 5.86081], [6.8527, 5.86224], [6.8538, 5.86365], [6.85565, 5.86554], [6.85668, 5.86377], [6.85724, 5.86297], [6.85987, 5.85954], [6.85941, 5.85479], [6.87811, 5.84804], [6.87402, 5.84551], [6.87305, 5.84553], [6.87131, 5.84575], [6.86985, 5.84589], [6.87116, 5.84401], [6.87154, 5.84303], [6.87206, 5.84225], [6.86121, 5.83819], [6.8579, 5.8409], [6.85814, 5.84223], [6.8586, 5.8454], [6.85885, 5.84749], [6.84432, 5.83984], [6.8432, 5.8413], [6.84282, 5.8417], [6.84164, 5.84187], [6.84218, 5.84312], [6.84326, 5.84389], [6.84517, 5.84609], [6.83841, 5.84215], [6.83726, 5.84505], [6.83657, 5.84783], [6.83465, 5.84721], [6.8333, 5.84694]]]}, "properties": {"name": "Amawu Ward A Ihiala", "lga": "Ihiala", "state": "an"}}, {"type": "Feature", "geometry": {"type": "Polygon", "coordinates": [[[6.96429, 6.04618], [6.96449, 6.04742], [6.95941, 6.05128], [6.9556, 6.05016], [6.95487, 6.05158], [6.95387, 6.0531], [6.95602, 6.05928], [6.9551, 6.06107], [6.95476, 6.06269], [6.9544, 6.06492], [6.95527, 6.06606], [6.95643, 6.06806], [6.95859, 6.06825], [6.96259, 6.06972], [6.96111, 6.07379], [6.96487, 6.07408], [6.96565, 6.07327], [6.9661, 6.07244], [6.96675, 6.07292], [6.96739, 6.0733], [6.9682, 6.07459], [6.9698, 6.06981], [6.96867, 6.06886], [6.96785, 6.06769], [6.9683, 6.06172], [6.97257, 6.05956], [6.97245, 6.05861], [6.97235, 6.05779], [6.97578, 6.0535], [6.97525, 6.05179], [6.97494, 6.05144], [6.97455, 6.05123], [6.97538, 6.04981], [6.9703, 6.04717], [6.96789, 6.04765], [6.96757, 6.0467], [6.96672, 6.04655], [6.96671, 6.04559], [6.96429, 6.04618]]]}, "properties": {"name": "Nnokwa", "lga": "Idemili South", "state": "an"}}, {"type": "Feature", "geometry": {"type": "Polygon", "coordinates": [[[6.80216, 6.15125], [6.8088, 6.1472], [6.81101, 6.1469], [6.81096, 6.146], [6.80653, 6.14489], [6.80498, 6.14452], [6.80403, 6.14459], [6.80209, 6.14482], [6.80126, 6.1452], [6.80216, 6.15125]]]}, "properties": {"name": "Ugbolieke / Inland Town 4", "lga": "Onitsha North", "state": "an"}}, {"type": "Feature", "geometry": {"type": "Polygon", "coordinates": [[[6.95312, 5.85458], [6.95103, 5.85479], [6.95158, 5.85568], [6.95185, 5.85613], [6.94798, 5.85981], [6.95115, 5.86764], [6.94078, 5.87112], [6.9405, 5.87665], [6.93945, 5.8807], [6.93314, 5.87912], [6.93508, 5.8874], [6.93554, 5.88804], [6.94059, 5.89226], [6.94403, 5.89329], [6.94339, 5.89445], [6.94208, 5.89529], [6.94218, 5.89585], [6.94896, 5.90234], [6.94813, 5.90565], [6.95345, 5.90431], [6.95543, 5.90507], [6.95578, 5.907], [6.96103, 5.90364], [6.96307, 5.90398], [6.96914, 5.90332], [6.97198, 5.90237], [6.98126, 5.90475], [6.99373, 5.89523], [6.97947, 5.87451], [6.96235, 5.85632], [6.96003, 5.85432], [6.95807, 5.85287], [6.95312, 5.85458]]]}, "properties": {"name": "Lilu", "lga": "Ihiala", "state": "an"}}, {"type": "Feature", "geometry": {"type": "Polygon", "coordinates": [[[7.08859, 5.96562], [7.09486, 5.97117], [7.09566, 5.96976], [7.09799, 5.96651], [7.10158, 5.97134], [7.10154, 5.9719], [7.1016, 5.97261], [7.10118, 5.97279], [7.09721, 5.97377], [7.09991, 5.97562], [7.10454, 5.98221], [7.10515, 5.98244], [7.10635, 5.98257], [7.10754, 5.98392], [7.10916, 5.99253], [7.10885, 5.99319], [7.10788, 5.99302], [7.10692, 5.99365], [7.10831, 5.99483], [7.11036, 5.99449], [7.112, 5.99468], [7.11606, 5.99658], [7.11685, 5.99442], [7.12499, 5.99242], [7.11989, 5.98268], [7.11877, 5.98211], [7.11807, 5.98161], [7.11717, 5.98108], [7.11441, 5.97674], [7.11337, 5.96977], [7.11738, 5.96671], [7.1179, 5.96477], [7.11439, 5.95679], [7.11318, 5.95733], [7.11198, 5.95775], [7.11158, 5.95794], [7.1083, 5.95458], [7.09727, 5.96299], [7.08859, 5.96562]]]}, "properties": {"name": "Akpo", "lga": "Aguata", "state": "an"}}, {"type": "Feature", "geometry": {"type": "Polygon", "coordinates": [[[6.96532, 5.92952], [6.96509, 5.92905], [6.9647, 5.92624], [6.96444, 5.92564], [6.96264, 5.92603], [6.96289, 5.92686], [6.95837, 5.92473], [6.95079, 5.92964], [6.94288, 5.92914], [6.94672, 5.93571], [6.94815, 5.93565], [6.95048, 5.93586], [6.95257, 5.93559], [6.9525, 5.93714], [6.95182, 5.93715], [6.95095, 5.93735], [6.94954, 5.93734], [6.94661, 5.93958], [6.94769, 5.94037], [6.94885, 5.94173], [6.94886, 5.94285], [6.94896, 5.94373], [6.94919, 5.94508], [6.9528, 5.94291], [6.95367, 5.94406], [6.95478, 5.944], [6.9626, 5.94216], [6.96269, 5.94735], [6.96429, 5.94541], [6.96605, 5.94376], [6.96788, 5.9374], [6.96532, 5.92952]]]}, "properties": {"name": "Ebenator", "lga": "Nnewi South", "state": "an"}}, {"type": "Feature", "geometry": {"type": "Polygon", "coordinates": [[[6.96269, 5.94735], [6.9626, 5.94216], [6.95478, 5.944], [6.95367, 5.94406], [6.9528, 5.94291], [6.94919, 5.94508], [6.9491, 5.94657], [6.94881, 5.94837], [6.94666, 5.94843], [6.94645, 5.94904], [6.94599, 5.94949], [6.94797, 5.95089], [6.94582, 5.9567], [6.94713, 5.95674], [6.94726, 5.95867], [6.9475, 5.96131], [6.94912, 5.96225], [6.95036, 5.96397], [6.95278, 5.96871], [6.95142, 5.9695], [6.9525, 5.97121], [6.95495, 5.97584], [6.945, 5.98165], [6.94621, 5.98572], [6.94584, 5.99264], [6.94923, 5.99166], [6.95171, 5.99254], [6.95204, 5.99626], [6.95766, 5.99364], [6.9548, 5.98892], [6.95564, 5.98821], [6.95636, 5.98748], [6.95887, 5.98357], [6.95961, 5.98509], [6.96057, 5.98463], [6.96158, 5.98465], [6.96408, 5.98539], [6.96324, 5.97685], [6.96859, 5.98154], [6.97321, 5.9778], [6.97424, 5.97754], [6.97521, 5.97744], [6.97599, 5.97726], [6.97529, 5.97634], [6.97475, 5.97546], [6.97406, 5.97399], [6.97371, 5.96932], [6.96523, 5.96641], [6.96534, 5.96518], [6.96561, 5.96437], [6.9718, 5.95796], [6.97163, 5.9573], [6.97133, 5.95635], [6.97143, 5.95532], [6.97326, 5.95003], [6.96889, 5.94394], [6.9687, 5.94651], [6.96269, 5.94735]]]}, "properties": {"name": "Utuh", "lga": "Nnewi South", "state": "an"}}, {"type": "Feature", "geometry": {"type": "Polygon", "coordinates": [[[7.04332, 6.01654], [7.03793, 6.01745], [7.03649, 6.01837], [7.03625, 6.01867], [7.0362, 6.01976], [7.0359, 6.02122], [7.04572, 6.02695], [7.04691, 6.0211], [7.05215, 6.02345], [7.05297, 6.02008], [7.05433, 6.02003], [7.05461, 6.01994], [7.06247, 6.02284], [7.06268, 6.02322], [7.0613, 6.02724], [7.06037, 6.02848], [7.06631, 6.02671], [7.06895, 6.02633], [7.0696, 6.01948], [7.06907, 6.01937], [7.06846, 6.01924], [7.06845, 6.01766], [7.06866, 6.0166], [7.06988, 6.01667], [7.06971, 6.01563], [7.06956, 6.01433], [7.06563, 6.01315], [7.06573, 6.00971], [7.06024, 6.00766], [7.05742, 6.01733], [7.05016, 6.01574], [7.04332, 6.01654]]]}, "properties": {"name": "Isuofia", "lga": "Aguata", "state": "an"}}, {"type": "Feature", "geometry": {"type": "Polygon", "coordinates": [[[7.03349, 6.06859], [7.03494, 6.06914], [7.03564, 6.06948], [7.04332, 6.07913], [7.04486, 6.07839], [7.04575, 6.07837], [7.04777, 6.07861], [7.04825, 6.07753], [7.05286, 6.07435], [7.05477, 6.07542], [7.05808, 6.07615], [7.06585, 6.07969], [7.06774, 6.07939], [7.06994, 6.07831], [7.07197, 6.07778], [7.0742, 6.07875], [7.07365, 6.06687], [7.07069, 6.06503], [7.06973, 6.06423], [7.06928, 6.06247], [7.0669, 6.06263], [7.06388, 6.05719], [7.06328, 6.05726], [7.06296, 6.0572], [7.06178, 6.05705], [7.06221, 6.05576], [7.06307, 6.05437], [7.0564, 6.05551], [7.05508, 6.05237], [7.05172, 6.05452], [7.04423, 6.05235], [7.04206, 6.05728], [7.04385, 6.05879], [7.04088, 6.0595], [7.04053, 6.05935], [7.03968, 6.05897], [7.03808, 6.05916], [7.03796, 6.05858], [7.03789, 6.05758], [7.03752, 6.05531], [7.03433, 6.05111], [7.0335, 6.05451], [7.03247, 6.05452], [7.03147, 6.05449], [7.03052, 6.05502], [7.03217, 6.059], [7.0334, 6.06105], [7.02968, 6.06326], [7.02846, 6.06404], [7.0266, 6.06485], [7.02756, 6.06654], [7.02845, 6.06788], [7.0294, 6.06807], [7.03051, 6.06811], [7.03349, 6.06859]]]}, "properties": {"name": "Aguluzigbo", "lga": "Anaocha", "state": "an"}}, {"type": "Feature", "geometry": {"type": "Polygon", "coordinates": [[[6.8579, 5.8409], [6.85688, 5.83575], [6.85686, 5.83173], [6.85817, 5.8254], [6.85029, 5.81831], [6.84591, 5.81944], [6.84344, 5.81777], [6.8401, 5.81494], [6.83594, 5.81278], [6.83359, 5.81357], [6.82717, 5.81061], [6.82508, 5.81305], [6.82475, 5.81397], [6.82502, 5.82463], [6.82658, 5.82539], [6.83319, 5.82829], [6.82827, 5.83394], [6.83055, 5.83489], [6.83361, 5.83624], [6.8331, 5.83895], [6.83139, 5.83865], [6.82976, 5.83823], [6.82857, 5.83821], [6.82663, 5.83858], [6.82314, 5.83925], [6.82425, 5.84326], [6.82624, 5.84299], [6.82875, 5.84226], [6.83019, 5.8421], [6.82952, 5.84584], [6.83657, 5.84783], [6.83726, 5.84505], [6.83841, 5.84215], [6.84517, 5.84609], [6.84326, 5.84389], [6.84218, 5.84312], [6.84164, 5.84187], [6.84282, 5.8417], [6.8432, 5.8413], [6.84432, 5.83984], [6.85885, 5.84749], [6.8586, 5.8454], [6.85814, 5.84223], [6.8579, 5.8409]]]}, "properties": {"name": "Amawu Ward B Ihiala", "lga": "Ihiala", "state": "an"}}, {"type": "Feature", "geometry": {"type": "Polygon", "coordinates": [[[6.99803, 5.95537], [7.00415, 5.96346], [7.0053, 5.96813], [7.00777, 5.96786], [7.00816, 5.96752], [7.00881, 5.96742], [7.00915, 5.96856], [7.00922, 5.96941], [7.01183, 5.96946], [7.01032, 5.97957], [7.01544, 5.97899], [7.01632, 5.97925], [7.01919, 5.9807], [7.0159, 5.9859], [7.0243, 5.98705], [7.03013, 5.98591], [7.03187, 5.98714], [7.0358, 5.98543], [7.03572, 5.98644], [7.03581, 5.98679], [7.03647, 5.98675], [7.03768, 5.98608], [7.03816, 5.98664], [7.04008, 5.98589], [7.04027, 5.98551], [7.04131, 5.98267], [7.0459, 5.98312], [7.04638, 5.96973], [7.046, 5.96912], [7.04563, 5.96844], [7.04522, 5.96789], [7.03975, 5.97228], [7.02931, 5.95639], [7.02716, 5.95589], [7.02495, 5.95484], [7.0201, 5.95349], [7.01779, 5.95172], [7.01641, 5.95034], [7.01307, 5.95072], [7.01216, 5.94509], [7.00976, 5.94577], [7.00856, 5.9471], [7.00661, 5.95022], [7.00529, 5.95182], [6.99934, 5.95369], [6.99803, 5.95537]]]}, "properties": {"name": "Ekwulumili", "lga": "Nnewi South", "state": "an"}}, {"type": "Feature", "geometry": {"type": "Polygon", "coordinates": [[[6.79686, 6.12964], [6.7906, 6.13172], [6.79239, 6.13294], [6.78518, 6.14003], [6.79143, 6.14248], [6.79005, 6.1475], [6.80036, 6.13407], [6.80132, 6.13483], [6.8033, 6.13268], [6.80266, 6.13195], [6.80558, 6.12681], [6.8058, 6.12698], [6.80912, 6.12331], [6.81126, 6.12401], [6.8121, 6.12241], [6.81164, 6.12197], [6.81084, 6.1207], [6.80894, 6.11823], [6.79686, 6.12964]]]}, "properties": {"name": "Woluwo Layout", "lga": "Onitsha North", "state": "an"}}, {"type": "Feature", "geometry": {"type": "Polygon", "coordinates": [[[6.88254, 5.84608], [6.87811, 5.84804], [6.87201, 5.85044], [6.88683, 5.85498], [6.88674, 5.85671], [6.88839, 5.8577], [6.89251, 5.86564], [6.89402, 5.87523], [6.91151, 5.86577], [6.91489, 5.86358], [6.91642, 5.86104], [6.91721, 5.86054], [6.91954, 5.85991], [6.92193, 5.85957], [6.91727, 5.85543], [6.91643, 5.85344], [6.91813, 5.85219], [6.91789, 5.85096], [6.91714, 5.85012], [6.91649, 5.84952], [6.91561, 5.84755], [6.907, 5.84782], [6.90711, 5.84593], [6.90255, 5.8493], [6.89997, 5.84947], [6.90004, 5.84853], [6.89981, 5.84857], [6.89819, 5.84896], [6.89589, 5.84512], [6.8943, 5.84576], [6.89264, 5.84576], [6.89163, 5.84581], [6.88974, 5.84398], [6.88621, 5.84419], [6.88519, 5.84454], [6.88407, 5.84515], [6.88254, 5.84608]]]}, "properties": {"name": "Mbosi", "lga": "Ihiala", "state": "an"}}, {"type": "Feature", "geometry": {"type": "Polygon", "coordinates": [[[7.11439, 5.95679], [7.1132, 5.95069], [7.11267, 5.9507], [7.11054, 5.95111], [7.10647, 5.94677], [7.10571, 5.94678], [7.10498, 5.94685], [7.10406, 5.9467], [7.10376, 5.94771], [7.10242, 5.94612], [7.09793, 5.94695], [7.09696, 5.94631], [7.0954, 5.94591], [7.09442, 5.94573], [7.09007, 5.95153], [7.08859, 5.95137], [7.08841, 5.95271], [7.08846, 5.95297], [7.08818, 5.95314], [7.09449, 5.95757], [7.09124, 5.95757], [7.08859, 5.96091], [7.08531, 5.96259], [7.08859, 5.96562], [7.09727, 5.96299], [7.1083, 5.95458], [7.11158, 5.95794], [7.11198, 5.95775], [7.11318, 5.95733], [7.11439, 5.95679]]]}, "properties": {"name": "Amesi", "lga": "Aguata", "state": "an"}}, {"type": "Feature", "geometry": {"type": "Polygon", "coordinates": [[[6.97931, 6.13198], [6.9779, 6.12959], [6.9694, 6.12344], [6.96631, 6.12775], [6.96485, 6.12718], [6.96309, 6.12611], [6.96068, 6.1246], [6.95926, 6.12465], [6.95713, 6.1252], [6.95543, 6.12578], [6.95143, 6.13034], [6.94977, 6.13044], [6.94949, 6.13206], [6.9427, 6.13044], [6.94556, 6.12469], [6.94438, 6.12368], [6.94111, 6.12701], [6.93946, 6.12629], [6.92964, 6.12812], [6.93055, 6.12912], [6.92882, 6.13611], [6.92483, 6.1373], [6.92615, 6.14182], [6.92305, 6.14786], [6.92312, 6.14841], [6.92317, 6.14961], [6.92324, 6.15091], [6.93121, 6.15334], [6.93317, 6.15173], [6.9458, 6.15468], [6.94768, 6.15847], [6.96236, 6.15884], [6.96241, 6.15859], [6.96678, 6.1516], [6.9713, 6.14473], [6.97849, 6.13772], [6.97931, 6.13198]]]}, "properties": {"name": "Eziowelle", "lga": "Idemili North", "state": "an"}}, {"type": "Feature", "geometry": {"type": "Polygon", "coordinates": [[[6.89266, 5.83209], [6.89533, 5.83254], [6.89683, 5.83285], [6.89809, 5.83366], [6.89746, 5.83805], [6.89872, 5.84018], [6.90037, 5.83925], [6.90059, 5.84161], [6.90056, 5.84311], [6.90166, 5.84368], [6.90228, 5.8442], [6.90227, 5.84552], [6.90026, 5.84643], [6.89997, 5.84947], [6.90255, 5.8493], [6.90711, 5.84593], [6.907, 5.84782], [6.91561, 5.84755], [6.91813, 5.85219], [6.92678, 5.8498], [6.92635, 5.84334], [6.92685, 5.84264], [6.93007, 5.84146], [6.93046, 5.84358], [6.93472, 5.84565], [6.9354, 5.84507], [6.93586, 5.84473], [6.93598, 5.84419], [6.93631, 5.84436], [6.93738, 5.84549], [6.93775, 5.84636], [6.94068, 5.84337], [6.94202, 5.84378], [6.94344, 5.84325], [6.94483, 5.84553], [6.9467, 5.84243], [6.9479, 5.84242], [6.9496, 5.84179], [6.95069, 5.84127], [6.94143, 5.83436], [6.90136, 5.81684], [6.8913, 5.80855], [6.89026, 5.80879], [6.88894, 5.80955], [6.88556, 5.81155], [6.88603, 5.81473], [6.88258, 5.82091], [6.8836, 5.82123], [6.88543, 5.82202], [6.88642, 5.82288], [6.88779, 5.82593], [6.88841, 5.82776], [6.89129, 5.83124], [6.89266, 5.83209]]]}, "properties": {"name": "Isseke", "lga": "Ihiala", "state": "an"}}, {"type": "Feature", "geometry": {"type": "Polygon", "coordinates": [[[6.85531, 5.92883], [6.86147, 5.9324], [6.86784, 5.93387], [6.86849, 5.93329], [6.8693, 5.93305], [6.87295, 5.93222], [6.87635, 5.93103], [6.87828, 5.93015], [6.88061, 5.92905], [6.88174, 5.92719], [6.88332, 5.92534], [6.88392, 5.92383], [6.8864, 5.92173], [6.88967, 5.91903], [6.89189, 5.91931], [6.8931, 5.91621], [6.89902, 5.91251], [6.91784, 5.91067], [6.91938, 5.91025], [6.91898, 5.90892], [6.91874, 5.9078], [6.91349, 5.90487], [6.9129, 5.90377], [6.91297, 5.90181], [6.91292, 5.89988], [6.9067, 5.8929], [6.90238, 5.89547], [6.89895, 5.90145], [6.89175, 5.90543], [6.87832, 5.91024], [6.87428, 5.91451], [6.87133, 5.91523], [6.86885, 5.91155], [6.86671, 5.91445], [6.8652, 5.91562], [6.86099, 5.91711], [6.8595, 5.91818], [6.85853, 5.92079], [6.85644, 5.92664], [6.85531, 5.92883]]]}, "properties": {"name": "Ohuowele Ward 3 Okija", "lga": "Ihiala", "state": "an"}}, {"type": "Feature", "geometry": {"type": "Polygon", "coordinates": [[[6.88779, 5.82593], [6.88642, 5.82742], [6.88459, 5.82836], [6.88284, 5.8296], [6.88157, 5.83722], [6.88238, 5.838], [6.8826, 5.83864], [6.8862, 5.83809], [6.88872, 5.83776], [6.88621, 5.84419], [6.88974, 5.84398], [6.89163, 5.84581], [6.89264, 5.84576], [6.8943, 5.84576], [6.89589, 5.84512], [6.89819, 5.84896], [6.89981, 5.84857], [6.90004, 5.84853], [6.90228, 5.8442], [6.90166, 5.84368], [6.90056, 5.84311], [6.90059, 5.84161], [6.90037, 5.83925], [6.89872, 5.84018], [6.89746, 5.83805], [6.89809, 5.83366], [6.89129, 5.83124], [6.88841, 5.82776], [6.88779, 5.82593]]]}, "properties": {"name": "Ubuliuzor", "lga": "Ihiala", "state": "an"}}, {"type": "Feature", "geometry": {"type": "Polygon", "coordinates": [[[6.99011, 6.15711], [6.99535, 6.1592], [6.99516, 6.15941], [6.99436, 6.16026], [6.99335, 6.16125], [6.99467, 6.16212], [6.99611, 6.16367], [6.99805, 6.15897], [6.99947, 6.15986], [6.99991, 6.16021], [7.00011, 6.16052], [7.00399, 6.16088], [7.00874, 6.14855], [7.0085, 6.14794], [7.00787, 6.14732], [7.00634, 6.1426], [6.99938, 6.13252], [6.99883, 6.13261], [6.99796, 6.13229], [6.99736, 6.13244], [6.99639, 6.13286], [6.99568, 6.13357], [6.99567, 6.13411], [6.97931, 6.13198], [6.97849, 6.13772], [6.98792, 6.13877], [6.98777, 6.14543], [6.99098, 6.15378], [6.99011, 6.15711]]]}, "properties": {"name": "Nimo 4", "lga": "Njikoka", "state": "an"}}, {"type": "Feature", "geometry": {"type": "Polygon", "coordinates": [[[6.88556, 5.81155], [6.88894, 5.80955], [6.89026, 5.80879], [6.8913, 5.80855], [6.88976, 5.8063], [6.88567, 5.788], [6.87744, 5.78791], [6.87969, 5.77849], [6.86629, 5.78478], [6.8718, 5.7723], [6.86854, 5.77216], [6.87098, 5.76648], [6.86963, 5.76627], [6.86849, 5.76635], [6.86791, 5.76568], [6.86729, 5.76425], [6.86414, 5.76542], [6.86422, 5.76416], [6.86386, 5.76305], [6.86331, 5.76045], [6.86042, 5.75808], [6.8617, 5.75618], [6.85875, 5.75734], [6.8564, 5.75663], [6.84956, 5.76342], [6.8533, 5.77199], [6.85326, 5.77231], [6.8531, 5.77258], [6.85209, 5.77336], [6.85236, 5.77729], [6.86399, 5.78434], [6.84977, 5.78551], [6.84859, 5.78509], [6.8466, 5.78434], [6.84459, 5.78436], [6.84302, 5.78472], [6.84092, 5.78548], [6.83993, 5.78824], [6.83189, 5.79314], [6.83178, 5.79433], [6.83249, 5.79528], [6.83423, 5.79626], [6.83655, 5.79571], [6.83499, 5.79707], [6.83256, 5.79979], [6.83151, 5.80227], [6.83235, 5.80376], [6.8308, 5.80676], [6.82717, 5.81061], [6.83359, 5.81357], [6.83594, 5.81278], [6.8401, 5.81494], [6.84344, 5.81777], [6.84591, 5.81944], [6.85029, 5.81831], [6.85817, 5.8254], [6.85998, 5.8171], [6.86161, 5.80992], [6.86999, 5.80948], [6.87214, 5.81073], [6.87318, 5.81136], [6.88158, 5.81294], [6.88347, 5.8127], [6.88556, 5.81155]]]}, "properties": {"name": "Umuaku Ward 2 Uli", "lga": "Ihiala", "state": "an"}}, {"type": "Feature", "geometry": {"type": "Polygon", "coordinates": [[[7.10888, 6.0291], [7.11345, 6.02871], [7.1138, 6.02766], [7.11423, 6.02687], [7.11737, 6.0256], [7.11869, 6.02951], [7.1189, 6.0295], [7.11938, 6.02928], [7.11972, 6.02913], [7.12025, 6.0306], [7.13057, 6.03214], [7.1324, 6.0308], [7.13237, 6.03041], [7.13221, 6.02994], [7.13177, 6.02908], [7.13447, 6.02695], [7.13457, 6.02299], [7.13336, 6.02175], [7.13197, 6.02012], [7.13163, 6.01549], [7.12806, 6.01292], [7.13125, 6.00933], [7.13852, 6.00508], [7.13097, 5.99968], [7.12728, 5.99545], [7.12609, 5.99358], [7.12499, 5.99242], [7.11685, 5.99442], [7.11624, 5.99721], [7.11169, 6.00077], [7.11072, 6.00104], [7.11025, 6.00143], [7.1082, 6.00173], [7.10674, 6.00261], [7.10593, 6.00355], [7.10572, 6.0042], [7.1047, 6.00456], [7.10289, 6.0044], [7.10184, 6.0045], [7.10206, 6.00541], [7.10267, 6.00745], [7.10269, 6.00811], [7.1048, 6.01011], [7.10451, 6.01401], [7.10654, 6.01784], [7.10601, 6.02283], [7.11075, 6.02566], [7.11029, 6.0265], [7.10965, 6.02741], [7.10888, 6.0291]]]}, "properties": {"name": "Aguleze", "lga": "Aguata", "state": "an"}}, {"type": "Feature", "geometry": {"type": "Polygon", "coordinates": [[[7.04606, 5.9878], [7.04664, 5.98633], [7.04686, 5.98553], [7.0459, 5.98312], [7.04131, 5.98267], [7.04027, 5.98551], [7.04008, 5.98589], [7.03954, 5.98641], [7.03581, 5.98679], [7.03572, 5.98644], [7.0358, 5.98543], [7.03261, 5.98711], [7.03073, 5.98675], [7.03147, 5.99324], [7.02914, 5.99714], [7.03341, 5.999], [7.03267, 5.99989], [7.03133, 6.00089], [7.03478, 6.00345], [7.03202, 6.00494], [7.03185, 6.00695], [7.03222, 6.00839], [7.03232, 6.00912], [7.03251, 6.0095], [7.03349, 6.00992], [7.03267, 6.01075], [7.03164, 6.01128], [7.03198, 6.01174], [7.03147, 6.01259], [7.0313, 6.01347], [7.03331, 6.0142], [7.03157, 6.01906], [7.03452, 6.02052], [7.0359, 6.02122], [7.0362, 6.01976], [7.03625, 6.01867], [7.03649, 6.01837], [7.04111, 6.01615], [7.04762, 6.01675], [7.04929, 6.01589], [7.05016, 6.01574], [7.05742, 6.01733], [7.06032, 6.00625], [7.06513, 6.00572], [7.06455, 6.00465], [7.06303, 6.00329], [7.06154, 6.00138], [7.04913, 5.99622], [7.05071, 5.99245], [7.04439, 5.99008], [7.04509, 5.98947], [7.04606, 5.9878]]]}, "properties": {"name": "Ikenga", "lga": "Aguata", "state": "an"}}, {"type": "Feature", "geometry": {"type": "Polygon", "coordinates": [[[7.10046, 6.06675], [7.10102, 6.06945], [7.0994, 6.07451], [7.09917, 6.07709], [7.09966, 6.07713], [7.10028, 6.07708], [7.1008, 6.07711], [7.1087, 6.08386], [7.10717, 6.08497], [7.1061, 6.08549], [7.10583, 6.08591], [7.10445, 6.08967], [7.10709, 6.09073], [7.11362, 6.09028], [7.11488, 6.08892], [7.11747, 6.08665], [7.11752, 6.08326], [7.12495, 6.08225], [7.12515, 6.077], [7.12664, 6.07421], [7.1285, 6.07379], [7.12882, 6.07348], [7.1247, 6.0672], [7.12088, 6.0674], [7.12298, 6.06551], [7.1212, 6.06354], [7.12035, 6.06268], [7.12492, 6.05906], [7.12397, 6.05453], [7.12033, 6.05558], [7.11685, 6.05944], [7.11407, 6.06036], [7.1106, 6.06221], [7.10656, 6.06532], [7.10046, 6.06675]]]}, "properties": {"name": "Amaokpala", "lga": "Orumba North", "state": "an"}}, {"type": "Feature", "geometry": {"type": "Polygon", "coordinates": [[[6.9706, 6.0184], [6.97068, 6.02267], [6.97067, 6.02356], [6.97369, 6.02332], [6.97186, 6.02866], [6.97945, 6.02895], [6.97946, 6.02988], [6.97911, 6.03117], [6.97889, 6.03136], [6.98155, 6.03239], [6.98165, 6.03231], [6.98236, 6.03172], [6.98302, 6.03093], [6.98482, 6.0324], [6.98846, 6.03189], [6.98874, 6.0342], [6.99015, 6.03378], [6.99291, 6.03686], [6.99362, 6.03254], [6.99552, 6.03299], [6.99678, 6.03281], [6.99872, 6.03383], [6.99895, 6.02934], [7.0012, 6.02379], [6.99908, 6.02311], [6.99799, 6.02315], [6.99708, 6.02336], [6.99791, 6.02127], [6.99563, 6.00947], [6.99827, 5.99601], [6.99788, 5.99558], [6.99727, 5.99456], [6.99558, 5.99253], [6.99069, 5.98967], [6.99002, 5.98992], [6.98939, 5.99006], [6.98953, 5.99228], [6.98937, 5.99255], [6.98882, 5.99286], [6.98821, 5.9931], [6.98414, 5.99203], [6.98513, 5.99412], [6.98554, 5.99477], [6.98406, 5.99546], [6.98344, 5.99628], [6.98309, 5.99614], [6.98231, 5.99541], [6.97463, 6.00709], [6.97352, 6.00917], [6.97337, 6.00943], [6.97166, 6.01271], [6.9706, 6.0184]]]}, "properties": {"name": "Azigbo", "lga": "Nnewi South", "state": "an"}}, {"type": "Feature", "geometry": {"type": "Polygon", "coordinates": [[[6.92919, 6.09201], [6.92994, 6.09082], [6.93161, 6.08796], [6.92936, 6.08686], [6.92773, 6.08619], [6.91714, 6.08997], [6.91782, 6.091], [6.9188, 6.09205], [6.91966, 6.09353], [6.91901, 6.09395], [6.91876, 6.09463], [6.91821, 6.09505], [6.91819, 6.10043], [6.91894, 6.10363], [6.91955, 6.10522], [6.92081, 6.10785], [6.92869, 6.10393], [6.92606, 6.09682], [6.92919, 6.09201]]]}, "properties": {"name": "Ideani", "lga": "Idemili North", "state": "an"}}, {"type": "Feature", "geometry": {"type": "Polygon", "coordinates": [[[6.7885, 6.15304], [6.78461, 6.15195], [6.77955, 6.15367], [6.78342, 6.15785], [6.78243, 6.15865], [6.78185, 6.159], [6.78136, 6.15914], [6.78346, 6.16122], [6.78497, 6.15969], [6.78721, 6.15693], [6.78774, 6.15556], [6.78785, 6.15516], [6.7885, 6.15304]]]}, "properties": {"name": "American Quarters", "lga": "Onitsha North", "state": "an"}}, {"type": "Feature", "geometry": {"type": "Polygon", "coordinates": [[[6.85817, 5.8254], [6.85686, 5.83173], [6.85688, 5.83575], [6.8579, 5.8409], [6.86121, 5.83819], [6.86825, 5.84001], [6.86965, 5.8406], [6.86891, 5.84136], [6.87095, 5.84187], [6.87206, 5.84225], [6.87154, 5.84303], [6.87116, 5.84401], [6.86985, 5.84589], [6.87131, 5.84575], [6.87305, 5.84553], [6.87402, 5.84551], [6.87811, 5.84804], [6.88621, 5.84419], [6.88872, 5.83776], [6.8862, 5.83809], [6.8826, 5.83864], [6.88238, 5.838], [6.88157, 5.83722], [6.88284, 5.8296], [6.88459, 5.82836], [6.88642, 5.82742], [6.88779, 5.82593], [6.88642, 5.82288], [6.88543, 5.82202], [6.8836, 5.82123], [6.88258, 5.82091], [6.88603, 5.81473], [6.88556, 5.81155], [6.88347, 5.8127], [6.88158, 5.81294], [6.87318, 5.81136], [6.87214, 5.81073], [6.86999, 5.80948], [6.86161, 5.80992], [6.85998, 5.8171], [6.85817, 5.8254]]]}, "properties": {"name": "Eziama / Ihite Ward 1 Uli", "lga": "Ihiala", "state": "an"}}, {"type": "Feature", "geometry": {"type": "Polygon", "coordinates": [[[7.03215, 6.08566], [7.03152, 6.08923], [7.04221, 6.0893], [7.04259, 6.08961], [7.04315, 6.08996], [7.04371, 6.09041], [7.04289, 6.09274], [7.04243, 6.09414], [7.04174, 6.09641], [7.04044, 6.0966], [7.03784, 6.09395], [7.03694, 6.09511], [7.03701, 6.09743], [7.03873, 6.09715], [7.04035, 6.10095], [7.04523, 6.09808], [7.04703, 6.09856], [7.04787, 6.09851], [7.05582, 6.10664], [7.06276, 6.10359], [7.06305, 6.10332], [7.06343, 6.1016], [7.06602, 6.10322], [7.06583, 6.10179], [7.06599, 6.09985], [7.06752, 6.09733], [7.06719, 6.09472], [7.06774, 6.07939], [7.06585, 6.07969], [7.05808, 6.07615], [7.05477, 6.07542], [7.05286, 6.07435], [7.04825, 6.07753], [7.04777, 6.07861], [7.04575, 6.07837], [7.04486, 6.07839], [7.04332, 6.07913], [7.03564, 6.06948], [7.03494, 6.06914], [7.03349, 6.06859], [7.03215, 6.08566]]]}, "properties": {"name": "Agulu 4", "lga": "Anaocha", "state": "an"}}, {"type": "Feature", "geometry": {"type": "Polygon", "coordinates": [[[6.94666, 5.94843], [6.94881, 5.94837], [6.9491, 5.94657], [6.94919, 5.94508], [6.94896, 5.94373], [6.94886, 5.94285], [6.94885, 5.94173], [6.94769, 5.94037], [6.94661, 5.93958], [6.94954, 5.93734], [6.95095, 5.93735], [6.95182, 5.93715], [6.9525, 5.93714], [6.95257, 5.93559], [6.95048, 5.93586], [6.94815, 5.93565], [6.94672, 5.93571], [6.94288, 5.92914], [6.94181, 5.93021], [6.94001, 5.932], [6.93372, 5.93361], [6.93323, 5.92508], [6.93031, 5.93421], [6.93113, 5.93619], [6.93157, 5.93659], [6.93149, 5.93729], [6.92931, 5.94216], [6.94115, 5.94216], [6.94129, 5.94781], [6.94218, 5.94743], [6.94417, 5.94703], [6.94666, 5.94843]]]}, "properties": {"name": "Ukpor 4", "lga": "Nnewi South", "state": "an"}}, {"type": "Feature", "geometry": {"type": "Polygon", "coordinates": [[[7.01514, 5.93666], [7.01165, 5.94273], [7.01307, 5.95072], [7.01641, 5.95034], [7.01779, 5.95172], [7.0201, 5.95349], [7.02495, 5.95484], [7.02716, 5.95589], [7.02931, 5.95639], [7.03975, 5.97228], [7.04473, 5.96738], [7.04674, 5.97028], [7.04762, 5.96923], [7.04832, 5.96859], [7.0492, 5.96811], [7.05412, 5.96717], [7.05527, 5.95788], [7.05685, 5.95593], [7.05189, 5.95176], [7.05332, 5.9493], [7.04718, 5.9457], [7.03857, 5.93697], [7.03517, 5.93621], [7.03364, 5.93349], [7.03131, 5.93247], [7.02991, 5.93156], [7.025, 5.93121], [7.01903, 5.93309], [7.0193, 5.93437], [7.01971, 5.9357], [7.02013, 5.93704], [7.01616, 5.93572], [7.01514, 5.93666]]]}, "properties": {"name": "Unubi", "lga": "Nnewi South", "state": "an"}}, {"type": "Feature", "geometry": {"type": "Polygon", "coordinates": [[[7.04799, 6.23972], [7.04537, 6.24525], [7.04714, 6.24736], [7.04966, 6.24798], [7.05296, 6.24554], [7.05618, 6.24461], [7.06255, 6.25651], [7.07067, 6.25963], [7.07912, 6.26346], [7.07652, 6.24468], [7.07342, 6.24483], [7.07077, 6.24569], [7.06337, 6.22939], [7.05802, 6.22902], [7.056, 6.22772], [7.05301, 6.23316], [7.0523, 6.23292], [7.05002, 6.23188], [7.04925, 6.2334], [7.04802, 6.23549], [7.04903, 6.23638], [7.05012, 6.23731], [7.0486, 6.239], [7.04799, 6.23972]]]}, "properties": {"name": "Okpuno", "lga": "Awka South", "state": "an"}}, {"type": "Feature", "geometry": {"type": "Polygon", "coordinates": [[[6.80579, 5.88036], [6.80314, 5.88217], [6.80221, 5.88145], [6.80113, 5.88091], [6.79196, 5.88971], [6.79726, 5.89997], [6.79992, 5.90011], [6.8051, 5.89836], [6.80827, 5.89663], [6.81501, 5.89264], [6.81682, 5.89221], [6.82069, 5.89152], [6.82869, 5.89029], [6.82996, 5.89003], [6.83041, 5.8917], [6.83073, 5.89248], [6.83191, 5.89313], [6.83292, 5.89343], [6.83542, 5.89344], [6.83752, 5.89326], [6.83927, 5.89066], [6.84068, 5.89034], [6.84211, 5.89005], [6.84384, 5.89003], [6.84468, 5.88842], [6.83672, 5.88792], [6.83568, 5.88436], [6.83345, 5.87664], [6.82473, 5.8822], [6.82377, 5.87965], [6.82204, 5.88025], [6.8206, 5.8801], [6.81936, 5.88039], [6.81911, 5.88198], [6.8136, 5.8783], [6.80579, 5.88036]]]}, "properties": {"name": "Ihite Ward 4 Ihiala", "lga": "Ihiala", "state": "an"}}, {"type": "Feature", "geometry": {"type": "Polygon", "coordinates": [[[6.9067, 5.8929], [6.91292, 5.89988], [6.91297, 5.90181], [6.9129, 5.90377], [6.91349, 5.90487], [6.9177, 5.90657], [6.91938, 5.91025], [6.92599, 5.91098], [6.92633, 5.91057], [6.92694, 5.90784], [6.93089, 5.90493], [6.9304, 5.90242], [6.93018, 5.90169], [6.93706, 5.90316], [6.93741, 5.90214], [6.93711, 5.90099], [6.9376, 5.89911], [6.94403, 5.89329], [6.94059, 5.89226], [6.93554, 5.88804], [6.93355, 5.8839], [6.93314, 5.87912], [6.93945, 5.8807], [6.9405, 5.87665], [6.94078, 5.87112], [6.95115, 5.86764], [6.94798, 5.85981], [6.95185, 5.85613], [6.95158, 5.85568], [6.95103, 5.85479], [6.95807, 5.85287], [6.95069, 5.84127], [6.9496, 5.84179], [6.9479, 5.84242], [6.9467, 5.84243], [6.94483, 5.84553], [6.94344, 5.84325], [6.94202, 5.84378], [6.94068, 5.84337], [6.93775, 5.84636], [6.93738, 5.84549], [6.93631, 5.84436], [6.93598, 5.84419], [6.93586, 5.84473], [6.9354, 5.84507], [6.93472, 5.84565], [6.93046, 5.84358], [6.93007, 5.84146], [6.92685, 5.84264], [6.92635, 5.84334], [6.92678, 5.8498], [6.92034, 5.8511], [6.91944, 5.85145], [6.91813, 5.85219], [6.91643, 5.85344], [6.91727, 5.85543], [6.92193, 5.85957], [6.91954, 5.85991], [6.91721, 5.86054], [6.91642, 5.86104], [6.91489, 5.86358], [6.91151, 5.86577], [6.90893, 5.86713], [6.90669, 5.86848], [6.90717, 5.87395], [6.91075, 5.88113], [6.90896, 5.8816], [6.90727, 5.88265], [6.90762, 5.88474], [6.90854, 5.88906], [6.9091, 5.89113], [6.90898, 5.89288], [6.9067, 5.8929]]]}, "properties": {"name": "Orsumogha", "lga": "Ihiala", "state": "an"}}, {"type": "Feature", "geometry": {"type": "Polygon", "coordinates": [[[7.0102, 6.21377], [7.00721, 6.21819], [7.0086, 6.22266], [7.00008, 6.22195], [6.99936, 6.22442], [6.99639, 6.22462], [6.99617, 6.2261], [6.9954, 6.23055], [7.00074, 6.2368], [7.01033, 6.24108], [7.01836, 6.23694], [7.02946, 6.23587], [7.02756, 6.22925], [7.0284, 6.22791], [7.0294, 6.22653], [7.03075, 6.22419], [7.03264, 6.22339], [7.03348, 6.22542], [7.03408, 6.22511], [7.03436, 6.22567], [7.03542, 6.22481], [7.0361, 6.22394], [7.03302, 6.21632], [7.03064, 6.21733], [7.02698, 6.21902], [7.0252, 6.20871], [7.02386, 6.20686], [7.02188, 6.20297], [7.02204, 6.20092], [7.00213, 6.20223], [7.00041, 6.20377], [7.00279, 6.20414], [7.00314, 6.2048], [7.00357, 6.20586], [7.00443, 6.20914], [7.00585, 6.21043], [7.0102, 6.21377]]]}, "properties": {"name": "Enugu Agidi 1", "lga": "Njikoka", "state": "an"}}, {"type": "Feature", "geometry": {"type": "Polygon", "coordinates": [[[6.84384, 5.89003], [6.84505, 5.89047], [6.8453, 5.89065], [6.84537, 5.89079], [6.84478, 5.89205], [6.84498, 5.89255], [6.84531, 5.89312], [6.84777, 5.89421], [6.84583, 5.89558], [6.85075, 5.89545], [6.84559, 5.89929], [6.8471, 5.90491], [6.84854, 5.90444], [6.84941, 5.90376], [6.85012, 5.9022], [6.85066, 5.9013], [6.85896, 5.89649], [6.86291, 5.88789], [6.86868, 5.88549], [6.86811, 5.88169], [6.86778, 5.88009], [6.86409, 5.87201], [6.8629, 5.87087], [6.86125, 5.86967], [6.87079, 5.85751], [6.86644, 5.85277], [6.86321, 5.85415], [6.85941, 5.85479], [6.85987, 5.85954], [6.85724, 5.86297], [6.85668, 5.86377], [6.85565, 5.86554], [6.8538, 5.86365], [6.8527, 5.86224], [6.85177, 5.86081], [6.85043, 5.86169], [6.84857, 5.86312], [6.84703, 5.86406], [6.84655, 5.86239], [6.84504, 5.85963], [6.84209, 5.86134], [6.83986, 5.86304], [6.83751, 5.86333], [6.83682, 5.86766], [6.83597, 5.86806], [6.83601, 5.86846], [6.83686, 5.87061], [6.84552, 5.86923], [6.84639, 5.86906], [6.84093, 5.87977], [6.83918, 5.88146], [6.83568, 5.88436], [6.83672, 5.88792], [6.84405, 5.88802], [6.84468, 5.88842], [6.84384, 5.89003]]]}, "properties": {"name": "Uzoaka Ward 3 Ihiala", "lga": "Ihiala", "state": "an"}}, {"type": "Feature", "geometry": {"type": "Polygon", "coordinates": [[[7.03302, 6.21632], [7.0361, 6.22394], [7.03542, 6.22481], [7.03436, 6.22567], [7.03408, 6.22511], [7.03348, 6.22542], [7.03264, 6.22339], [7.03075, 6.22419], [7.0294, 6.22653], [7.0284, 6.22791], [7.02756, 6.22925], [7.02946, 6.23587], [7.03554, 6.23669], [7.03741, 6.23858], [7.0402, 6.24168], [7.04537, 6.24525], [7.04799, 6.23972], [7.0486, 6.239], [7.05012, 6.23731], [7.04903, 6.23638], [7.04802, 6.23549], [7.04925, 6.2334], [7.05002, 6.23188], [7.0523, 6.23292], [7.05301, 6.23316], [7.056, 6.22772], [7.05802, 6.22902], [7.06337, 6.22939], [7.06381, 6.22728], [7.06434, 6.22555], [7.06193, 6.22483], [7.06012, 6.22416], [7.06278, 6.21841], [7.05569, 6.21779], [7.05633, 6.21536], [7.05655, 6.2145], [7.05247, 6.21444], [7.05446, 6.21192], [7.05466, 6.21123], [7.0544, 6.21002], [7.05309, 6.2107], [7.0518, 6.21125], [7.04778, 6.21031], [7.04622, 6.2129], [7.04234, 6.20815], [7.03302, 6.21632]]]}, "properties": {"name": "Awka 4", "lga": "Awka South", "state": "an"}}, {"type": "Feature", "geometry": {"type": "Polygon", "coordinates": [[[6.89175, 5.90543], [6.88866, 5.90438], [6.88613, 5.90403], [6.88414, 5.90079], [6.88119, 5.89816], [6.87772, 5.89211], [6.87812, 5.88857], [6.877, 5.88655], [6.87249, 5.88735], [6.86924, 5.88879], [6.86868, 5.88549], [6.86291, 5.88789], [6.85896, 5.89649], [6.85066, 5.9013], [6.85012, 5.9022], [6.84941, 5.90376], [6.84854, 5.90444], [6.8471, 5.90491], [6.85194, 5.90852], [6.8542, 5.90753], [6.856, 5.90612], [6.86431, 5.90501], [6.87133, 5.91523], [6.87428, 5.91451], [6.87832, 5.91024], [6.89175, 5.90543]]]}, "properties": {"name": "Umuohi Ward 2 Okija", "lga": "Ihiala", "state": "an"}}, {"type": "Feature", "geometry": {"type": "Polygon", "coordinates": [[[6.94417, 6.09333], [6.94881, 6.09513], [6.95162, 6.09804], [6.95569, 6.09497], [6.95755, 6.09585], [6.96172, 6.09246], [6.96912, 6.09515], [6.96992, 6.09708], [6.97402, 6.09512], [6.97601, 6.09169], [6.97507, 6.08639], [6.97674, 6.08517], [6.97274, 6.08205], [6.97217, 6.08093], [6.97201, 6.0807], [6.97172, 6.08042], [6.97245, 6.07837], [6.97043, 6.07519], [6.9694, 6.07691], [6.9661, 6.07244], [6.96565, 6.07327], [6.96487, 6.07408], [6.96111, 6.07379], [6.96259, 6.06972], [6.95859, 6.06825], [6.95643, 6.06806], [6.95527, 6.06606], [6.9544, 6.06492], [6.95067, 6.06762], [6.94051, 6.07122], [6.94146, 6.07429], [6.94134, 6.0755], [6.9375, 6.08498], [6.93844, 6.08571], [6.93934, 6.08604], [6.94003, 6.08579], [6.94096, 6.0849], [6.94147, 6.08525], [6.94233, 6.08563], [6.9422, 6.08963], [6.94417, 6.09333]]]}, "properties": {"name": "Alor", "lga": "Idemili South", "state": "an"}}, {"type": "Feature", "geometry": {"type": "Polygon", "coordinates": [[[7.0613, 6.02724], [7.06268, 6.02322], [7.06247, 6.02284], [7.05623, 6.0212], [7.05644, 6.02039], [7.05461, 6.01994], [7.05433, 6.02003], [7.05297, 6.02008], [7.05163, 6.02351], [7.04691, 6.0211], [7.04572, 6.02695], [7.03452, 6.02052], [7.03387, 6.02337], [7.0305, 6.022], [7.03082, 6.02288], [7.0307, 6.02342], [7.03252, 6.02386], [7.03056, 6.02707], [7.03109, 6.02744], [7.03192, 6.0281], [7.03298, 6.02897], [7.03097, 6.03084], [7.03187, 6.03172], [7.03101, 6.03241], [7.0309, 6.03283], [7.02838, 6.0342], [7.03023, 6.03606], [7.03216, 6.03798], [7.03244, 6.03743], [7.03332, 6.03671], [7.03504, 6.03668], [7.03573, 6.03674], [7.04207, 6.0401], [7.04336, 6.03441], [7.05163, 6.03748], [7.05384, 6.02987], [7.06037, 6.02848], [7.0613, 6.02724]]]}, "properties": {"name": "Umuona", "lga": "Aguata", "state": "an"}}, {"type": "Feature", "geometry": {"type": "Polygon", "coordinates": [[[6.82757, 6.01108], [6.83295, 6.0126], [6.83604, 6.01743], [6.84187, 6.01539], [6.84193, 6.01576], [6.84199, 6.01625], [6.8435, 6.01707], [6.84751, 6.01798], [6.84902, 6.01811], [6.84816, 6.01295], [6.84903, 6.01299], [6.85055, 6.01286], [6.85168, 6.01268], [6.85434, 6.0141], [6.85588, 6.01196], [6.85634, 6.01016], [6.85811, 6.01008], [6.85968, 6.00995], [6.86164, 6.01043], [6.86637, 6.01222], [6.86483, 6.01025], [6.86677, 6.00916], [6.86779, 6.00852], [6.86904, 6.00751], [6.86195, 5.99684], [6.86344, 5.99441], [6.86447, 5.99241], [6.86352, 5.98963], [6.86352, 5.98904], [6.86351, 5.98882], [6.86418, 5.98617], [6.86233, 5.98485], [6.85961, 5.98204], [6.85575, 5.98429], [6.85093, 5.98658], [6.8474, 5.9866], [6.85037, 5.99309], [6.85058, 5.99494], [6.85016, 5.99665], [6.84993, 5.99727], [6.85, 5.99756], [6.85055, 5.99859], [6.85101, 5.99873], [6.84953, 6.00033], [6.84948, 6.00557], [6.836, 6.00749], [6.82953, 6.00912], [6.82836, 6.00953], [6.82757, 6.01108]]]}, "properties": {"name": "Irefi", "lga": "Ekwusigo", "state": "an"}}, {"type": "Feature", "geometry": {"type": "Polygon", "coordinates": [[[6.91164, 6.09468], [6.89362, 6.10361], [6.90524, 6.1051], [6.90975, 6.10567], [6.91277, 6.10944], [6.91407, 6.11176], [6.91616, 6.11714], [6.9192, 6.11937], [6.92061, 6.11985], [6.92166, 6.12119], [6.91938, 6.13196], [6.92221, 6.13227], [6.92483, 6.1373], [6.92838, 6.13646], [6.93046, 6.12987], [6.93055, 6.12912], [6.92964, 6.12812], [6.93946, 6.12629], [6.94111, 6.12701], [6.94433, 6.12382], [6.94438, 6.12368], [6.94419, 6.12281], [6.94392, 6.12276], [6.94248, 6.12261], [6.94, 6.12245], [6.94327, 6.11157], [6.94263, 6.11125], [6.94111, 6.11111], [6.94459, 6.10539], [6.94577, 6.10547], [6.94615, 6.10548], [6.94479, 6.09849], [6.94881, 6.09513], [6.94476, 6.0933], [6.94466, 6.09317], [6.94441, 6.09305], [6.94303, 6.09518], [6.94061, 6.09478], [6.93583, 6.09783], [6.92919, 6.09201], [6.92606, 6.09682], [6.92869, 6.10393], [6.92081, 6.10785], [6.91955, 6.10522], [6.91894, 6.10363], [6.91819, 6.10043], [6.91821, 6.09505], [6.91708, 6.09556], [6.91645, 6.09615], [6.91598, 6.09683], [6.91452, 6.0967], [6.91258, 6.09589], [6.91164, 6.09468]]]}, "properties": {"name": "Uke", "lga": "Idemili North", "state": "an"}}, {"type": "Feature", "geometry": {"type": "Polygon", "coordinates": [[[6.85117, 6.10815], [6.85109, 6.11057], [6.84727, 6.1102], [6.84688, 6.11047], [6.8458, 6.11117], [6.84431, 6.11206], [6.84298, 6.11921], [6.85068, 6.12248], [6.84892, 6.12521], [6.84891, 6.12559], [6.84915, 6.12777], [6.85208, 6.13423], [6.85416, 6.1332], [6.85622, 6.12582], [6.85817, 6.12708], [6.85956, 6.12741], [6.86081, 6.12787], [6.86635, 6.13298], [6.86492, 6.13651], [6.86669, 6.13622], [6.86853, 6.13598], [6.86841, 6.13553], [6.8683, 6.1349], [6.87295, 6.13358], [6.87668, 6.13036], [6.89323, 6.13569], [6.89792, 6.13516], [6.89847, 6.13309], [6.89818, 6.13136], [6.91938, 6.13196], [6.91974, 6.13097], [6.92033, 6.12916], [6.92088, 6.12782], [6.92117, 6.12548], [6.92166, 6.12119], [6.92061, 6.11985], [6.9192, 6.11937], [6.91616, 6.11714], [6.91407, 6.11176], [6.91277, 6.10944], [6.90975, 6.10567], [6.90524, 6.1051], [6.89362, 6.10361], [6.89743, 6.10187], [6.90414, 6.09919], [6.89652, 6.09231], [6.8949, 6.09293], [6.89323, 6.09219], [6.89345, 6.08798], [6.89022, 6.08573], [6.88818, 6.08297], [6.8779, 6.07842], [6.87369, 6.08022], [6.87452, 6.08409], [6.87389, 6.08381], [6.87282, 6.08294], [6.87179, 6.0822], [6.8697, 6.08458], [6.87159, 6.08683], [6.87134, 6.09015], [6.87109, 6.09188], [6.87365, 6.09242], [6.87802, 6.09771], [6.87717, 6.09795], [6.87602, 6.09857], [6.87587, 6.09857], [6.87438, 6.09754], [6.87493, 6.10245], [6.87056, 6.10349], [6.86854, 6.10162], [6.86681, 6.1027], [6.86603, 6.10323], [6.86443, 6.10541], [6.86588, 6.1061], [6.86636, 6.10639], [6.86705, 6.1071], [6.86629, 6.10737], [6.86558, 6.10772], [6.86477, 6.10786], [6.86397, 6.10787], [6.86276, 6.10792], [6.86252, 6.10771], [6.86211, 6.10666], [6.85858, 6.1088], [6.85117, 6.10815]]]}, "properties": {"name": "Umuoji", "lga": "Idemili North", "state": "an"}}, {"type": "Feature", "geometry": {"type": "Polygon", "coordinates": [[[6.94881, 6.09513], [6.94479, 6.09849], [6.94615, 6.10548], [6.94577, 6.10547], [6.94459, 6.10539], [6.94111, 6.11111], [6.94263, 6.11125], [6.94327, 6.11157], [6.94, 6.12245], [6.94248, 6.12261], [6.94392, 6.12276], [6.94419, 6.12281], [6.94438, 6.12368], [6.94556, 6.12469], [6.94661, 6.12283], [6.94685, 6.12275], [6.94784, 6.12288], [6.94869, 6.12287], [6.9492, 6.12021], [6.95109, 6.11874], [6.95327, 6.12085], [6.95558, 6.12108], [6.95819, 6.11925], [6.95661, 6.117], [6.95702, 6.11471], [6.95498, 6.11465], [6.95507, 6.11308], [6.95507, 6.11262], [6.95545, 6.10882], [6.95779, 6.10606], [6.95928, 6.10519], [6.9546, 6.10363], [6.94881, 6.09513]]]}, "properties": {"name": "Abatete", "lga": "Idemili North", "state": "an"}}, {"type": "Feature", "geometry": {"type": "Polygon", "coordinates": [[[7.02009, 6.01956], [7.02064, 6.01886], [7.02156, 6.01783], [7.02231, 6.0169], [7.02119, 6.01717], [7.01977, 6.01725], [7.01479, 6.01195], [6.99857, 6.01226], [7.00108, 6.01826], [6.99868, 6.01871], [6.9976, 6.01966], [6.99751, 6.01975], [6.99762, 6.02], [6.99791, 6.02127], [6.99708, 6.02336], [6.99799, 6.02315], [6.99908, 6.02311], [7.0012, 6.02379], [6.99895, 6.02934], [6.99872, 6.03383], [6.9992, 6.03403], [7.0014, 6.03488], [7.00111, 6.03548], [7.00042, 6.03697], [7.00764, 6.03769], [7.00774, 6.03839], [7.00804, 6.0392], [7.01172, 6.03621], [7.01223, 6.0366], [7.01305, 6.03733], [7.01514, 6.03533], [7.01933, 6.03665], [7.01841, 6.02604], [7.02009, 6.01956]]]}, "properties": {"name": "Oraeri", "lga": "Aguata", "state": "an"}}, {"type": "Feature", "geometry": {"type": "Polygon", "coordinates": [[[7.03266, 6.18806], [7.03366, 6.18815], [7.03697, 6.18698], [7.03757, 6.18662], [7.03818, 6.1837], [7.03961, 6.18378], [7.04078, 6.17228], [7.02952, 6.17207], [7.02476, 6.1759], [7.02356, 6.17418], [7.0205, 6.17567], [7.02003, 6.17344], [7.01787, 6.17315], [7.01401, 6.17601], [7.01417, 6.17951], [7.01216, 6.18004], [7.01185, 6.18399], [7.0184, 6.18153], [7.0194, 6.18262], [7.01811, 6.18412], [7.02031, 6.18373], [7.02413, 6.18659], [7.02742, 6.18604], [7.02898, 6.19032], [7.03266, 6.18806]]]}, "properties": {"name": "Enugu Ukwu 4", "lga": "Njikoka", "state": "an"}}, {"type": "Feature", "geometry": {"type": "Polygon", "coordinates": [[[6.77497, 6.15823], [6.77429, 6.15819], [6.77427, 6.15899], [6.77544, 6.16162], [6.77605, 6.16298], [6.78346, 6.16122], [6.78136, 6.15914], [6.78185, 6.159], [6.78243, 6.15865], [6.78342, 6.15785], [6.77955, 6.15367], [6.77741, 6.1545], [6.77497, 6.15823]]]}, "properties": {"name": "Ogbe Umuonicha", "lga": "Onitsha North", "state": "an"}}, {"type": "Feature", "geometry": {"type": "Polygon", "coordinates": [[[6.98906, 6.24541], [6.99166, 6.25095], [6.99551, 6.2476], [6.9979, 6.24111], [6.99978, 6.23964], [7.00074, 6.2368], [6.9954, 6.23055], [6.9877, 6.23951], [6.98906, 6.24541]]]}, "properties": {"name": "Nwagu 2", "lga": "Dunukofia", "state": "an"}}, {"type": "Feature", "geometry": {"type": "Polygon", "coordinates": [[[6.81646, 6.15396], [6.81557, 6.14707], [6.81399, 6.14681], [6.81328, 6.14644], [6.81134, 6.14533], [6.81096, 6.146], [6.81101, 6.1469], [6.81165, 6.15662], [6.80969, 6.1565], [6.80753, 6.15841], [6.8077, 6.16122], [6.80872, 6.16337], [6.81041, 6.16664], [6.81659, 6.1574], [6.81646, 6.15396]]]}, "properties": {"name": "Omagba 2 / Inland Town 8", "lga": "Onitsha North", "state": "an"}}, {"type": "Feature", "geometry": {"type": "Polygon", "coordinates": [[[6.93311, 6.19394], [6.93302, 6.193], [6.93753, 6.19129], [6.94459, 6.19151], [6.94985, 6.18773], [6.9523, 6.18889], [6.95309, 6.18731], [6.95383, 6.18778], [6.95441, 6.18805], [6.95544, 6.1885], [6.95701, 6.18692], [6.95449, 6.1844], [6.95314, 6.18385], [6.9533, 6.18293], [6.95257, 6.18136], [6.94996, 6.17677], [6.9494, 6.17635], [6.94868, 6.17602], [6.94816, 6.17586], [6.94439, 6.17844], [6.94082, 6.17878], [6.93733, 6.17971], [6.93032, 6.18524], [6.9219, 6.1868], [6.92273, 6.19111], [6.92518, 6.1975], [6.93114, 6.19443], [6.93311, 6.19394]]]}, "properties": {"name": "Ifite Dunu 3 / Akwa", "lga": "Dunukofia", "state": "an"}}, {"type": "Feature", "geometry": {"type": "Polygon", "coordinates": [[[6.93304, 5.92172], [6.93323, 5.92508], [6.93372, 5.93361], [6.94001, 5.932], [6.94181, 5.93021], [6.94288, 5.92914], [6.95079, 5.92964], [6.95837, 5.92473], [6.95824, 5.9192], [6.95797, 5.91846], [6.95778, 5.91754], [6.95608, 5.91561], [6.9529, 5.91232], [6.94657, 5.91843], [6.9377, 5.92214], [6.93627, 5.9216], [6.93452, 5.92147], [6.93304, 5.92172]]]}, "properties": {"name": "Osumenyi 4 / Osumenyi  2", "lga": "Nnewi South", "state": "an"}}, {"type": "Feature", "geometry": {"type": "Polygon", "coordinates": [[[6.80037, 5.9735], [6.80608, 5.97649], [6.80947, 5.97706], [6.81271, 5.97855], [6.8142, 5.97894], [6.81538, 5.97836], [6.81698, 5.98221], [6.82158, 5.98373], [6.82582, 5.98639], [6.83479, 5.98842], [6.82983, 5.97378], [6.82948, 5.97084], [6.82949, 5.96874], [6.83011, 5.96528], [6.83107, 5.96058], [6.83149, 5.95849], [6.8324, 5.95683], [6.83361, 5.95474], [6.83621, 5.95155], [6.83126, 5.94661], [6.81514, 5.95212], [6.81239, 5.95003], [6.81174, 5.94685], [6.8093, 5.94561], [6.79886, 5.94993], [6.79495, 5.96177], [6.80037, 5.9735]]]}, "properties": {"name": "Amakwa / Amakwa 2", "lga": "Ekwusigo", "state": "an"}}, {"type": "Feature", "geometry": {"type": "Polygon", "coordinates": [[[6.7812, 6.18549], [6.78592, 6.20648], [6.79482, 6.19907], [6.79773, 6.19895], [6.79905, 6.20166], [6.80835, 6.2051], [6.80951, 6.20124], [6.80905, 6.20089], [6.80791, 6.20085], [6.80741, 6.2007], [6.80571, 6.19756], [6.80463, 6.18782], [6.79847, 6.18021], [6.80068, 6.17937], [6.80262, 6.1791], [6.80455, 6.17969], [6.80615, 6.17955], [6.80907, 6.1799], [6.80968, 6.17743], [6.81049, 6.17666], [6.81137, 6.17607], [6.81094, 6.17546], [6.81041, 6.17496], [6.80971, 6.17436], [6.81041, 6.17361], [6.81164, 6.17298], [6.80582, 6.16675], [6.80403, 6.16024], [6.80119, 6.16286], [6.79333, 6.16839], [6.78917, 6.16747], [6.78404, 6.1721], [6.78051, 6.17023], [6.77745, 6.16729], [6.77775, 6.16429], [6.77803, 6.16386], [6.77799, 6.16249], [6.77716, 6.16288], [6.77605, 6.16298], [6.77544, 6.16162], [6.76751, 6.1625], [6.76865, 6.1658], [6.76866, 6.16582], [6.7694, 6.16798], [6.7673, 6.18184], [6.76289, 6.18539], [6.76259, 6.18563], [6.7812, 6.18549]]]}, "properties": {"name": "Marine / Trans Nkisi", "lga": "Onitsha North", "state": "an"}}, {"type": "Feature", "geometry": {"type": "Polygon", "coordinates": [[[6.78289, 6.15165], [6.77543, 6.1513], [6.77428, 6.15498], [6.77309, 6.15531], [6.77076, 6.15247], [6.76803, 6.15266], [6.76478, 6.1558], [6.76605, 6.15825], [6.76751, 6.1625], [6.77544, 6.16162], [6.77427, 6.15899], [6.77429, 6.15819], [6.77741, 6.1545], [6.77955, 6.15367], [6.78461, 6.15195], [6.78289, 6.15165]]]}, "properties": {"name": "Main Market 1 / Water-side Central  1", "lga": "Onitsha North", "state": "an"}}, {"type": "Feature", "geometry": {"type": "Polygon", "coordinates": [[[6.85101, 6.43469], [6.85138, 6.421], [6.85456, 6.40477], [6.85255, 6.39006], [6.82598, 6.39297], [6.82164, 6.39473], [6.81815, 6.40116], [6.81219, 6.40763], [6.80975, 6.40788], [6.80753, 6.40866], [6.79983, 6.40161], [6.79278, 6.4021], [6.79202, 6.41256], [6.79724, 6.41675], [6.79769, 6.43198], [6.7979, 6.43764], [6.80076, 6.44072], [6.80165, 6.44323], [6.79989, 6.44915], [6.8029, 6.45444], [6.80086, 6.45857], [6.80065, 6.46515], [6.80093, 6.47035], [6.79723, 6.4829], [6.79868, 6.50068], [6.80152, 6.52654], [6.79819, 6.5542], [6.79331, 6.57232], [6.80812, 6.58016], [6.80857, 6.58937], [6.82116, 6.57934], [6.85647, 6.56063], [6.85821, 6.55877], [6.85828, 6.55827], [6.84476, 6.52999], [6.84318, 6.5194], [6.83749, 6.4998], [6.8358, 6.48927], [6.8359, 6.47839], [6.84509, 6.46441], [6.84865, 6.45042], [6.85101, 6.43469]]]}, "properties": {"name": "Abegbu / Iyiora", "lga": "Anambra West", "state": "an"}}, {"type": "Feature", "geometry": {"type": "Polygon", "coordinates": [[[6.81632, 6.15147], [6.81652, 6.15263], [6.81646, 6.15396], [6.81659, 6.1574], [6.81041, 6.16664], [6.81463, 6.16866], [6.81646, 6.17227], [6.81685, 6.17265], [6.81793, 6.17172], [6.81882, 6.17086], [6.82031, 6.16921], [6.8242, 6.16104], [6.82486, 6.16009], [6.82579, 6.15803], [6.82668, 6.15563], [6.82667, 6.1538], [6.82763, 6.15358], [6.82838, 6.15218], [6.81557, 6.14707], [6.81587, 6.14922], [6.81589, 6.1499], [6.81632, 6.15147]]]}, "properties": {"name": "Omagba 1 / Inland Town 7", "lga": "Onitsha North", "state": "an"}}, {"type": "Feature", "geometry": {"type": "Polygon", "coordinates": [[[7.1411, 6.00197], [7.14011, 6.00319], [7.13852, 6.00508], [7.1385, 6.00518], [7.1445, 6.00925], [7.14847, 6.01276], [7.15009, 6.01348], [7.15279, 6.01385], [7.15715, 6.00808], [7.15836, 6.00743], [7.15966, 6.00649], [7.16286, 6.00553], [7.1631, 5.99823], [7.16228, 5.99473], [7.162, 5.9925], [7.1615, 5.99069], [7.15732, 5.98857], [7.15527, 5.98875], [7.15328, 5.98912], [7.15126, 5.98958], [7.14915, 5.99098], [7.14853, 5.99143], [7.14794, 5.99181], [7.1455, 5.99519], [7.14242, 5.99993], [7.1411, 6.00197]]]}, "properties": {"name": "E-Umunya Onwe", "lga": "Orumba South", "state": "an"}}, {"type": "Feature", "geometry": {"type": "Polygon", "coordinates": [[[6.86385, 5.94343], [6.86855, 5.93458], [6.86784, 5.93387], [6.86147, 5.9324], [6.85531, 5.92883], [6.85053, 5.92526], [6.84223, 5.93374], [6.84839, 5.93719], [6.85971, 5.94293], [6.86048, 5.94102], [6.86385, 5.94343]]]}, "properties": {"name": "Uruokwe / Ozubulu  2", "lga": "Ekwusigo", "state": "an"}}, {"type": "Feature", "geometry": {"type": "Polygon", "coordinates": [[[6.78511, 6.05471], [6.77752, 6.05649], [6.78231, 6.07657], [6.80438, 6.07078], [6.82014, 6.06505], [6.83278, 6.06652], [6.83899, 6.06228], [6.84331, 6.05088], [6.84158, 6.04454], [6.83747, 6.04188], [6.83446, 6.04107], [6.83087, 6.04124], [6.8212, 6.04188], [6.81622, 6.04554], [6.80931, 6.05016], [6.8043, 6.0519], [6.78511, 6.05471]]]}, "properties": {"name": "Akwu-Ukwu", "lga": "Idemili South", "state": "an"}}, {"type": "Feature", "geometry": {"type": "Polygon", "coordinates": [[[6.83933, 5.96935], [6.83011, 5.96528], [6.82949, 5.96874], [6.82948, 5.97084], [6.82983, 5.97378], [6.83479, 5.98842], [6.83674, 5.98931], [6.83901, 5.98843], [6.8408, 5.98652], [6.85093, 5.98658], [6.85575, 5.98429], [6.85486, 5.98297], [6.85444, 5.98085], [6.85446, 5.98031], [6.85623, 5.97257], [6.85063, 5.96152], [6.84932, 5.9633], [6.84611, 5.96602], [6.84506, 5.96714], [6.84148, 5.9682], [6.83933, 5.96935]]]}, "properties": {"name": "Nza / Ozubulu  5", "lga": "Ekwusigo", "state": "an"}}, {"type": "Feature", "geometry": {"type": "Polygon", "coordinates": [[[6.92986, 6.21191], [6.946, 6.21164], [6.94625, 6.21406], [6.94731, 6.21458], [6.94895, 6.21512], [6.95244, 6.219], [6.95609, 6.21961], [6.9592, 6.21995], [6.959, 6.2277], [6.95714, 6.23113], [6.9789, 6.22371], [6.97811, 6.21549], [6.96271, 6.20708], [6.9621, 6.20646], [6.96224, 6.20441], [6.96157, 6.20369], [6.96062, 6.20307], [6.9578, 6.20287], [6.95658, 6.20257], [6.95587, 6.20241], [6.95226, 6.20373], [6.93455, 6.19579], [6.93311, 6.19394], [6.93114, 6.19443], [6.92518, 6.1975], [6.92595, 6.19925], [6.92849, 6.2034], [6.92986, 6.21191]]]}, "properties": {"name": "Ifite Dunu 2", "lga": "Dunukofia", "state": "an"}}, {"type": "Feature", "geometry": {"type": "Polygon", "coordinates": [[[7.07037, 6.33901], [7.07871, 6.33964], [7.0803, 6.33575], [7.0766, 6.3265], [7.0766, 6.32265], [7.07727, 6.31898], [7.06846, 6.32023], [7.06562, 6.3224], [7.0608, 6.32379], [7.05121, 6.32799], [7.04419, 6.31874], [7.02012, 6.31807], [7.01333, 6.31503], [7.00844, 6.31173], [7.00537, 6.31328], [7.0036, 6.31258], [7.00066, 6.31323], [6.99552, 6.31126], [6.9915, 6.30523], [6.98781, 6.30486], [6.98098, 6.31608], [6.97562, 6.32761], [6.97663, 6.32992], [6.9791, 6.33232], [6.98473, 6.33124], [6.98734, 6.33374], [6.98771, 6.33409], [6.99098, 6.3335], [6.99149, 6.33636], [6.99396, 6.33728], [6.99676, 6.33704], [7.00011, 6.33775], [7.00296, 6.3412], [7.00626, 6.34397], [7.01364, 6.34843], [7.01602, 6.3515], [7.01993, 6.35517], [7.0498, 6.34958], [7.07037, 6.33901]]]}, "properties": {"name": "Achalla 3", "lga": "Awka North", "state": "an"}}, {"type": "Feature", "geometry": {"type": "Polygon", "coordinates": [[[7.02611, 6.20161], [7.02204, 6.20092], [7.02188, 6.20297], [7.02386, 6.20686], [7.0252, 6.20871], [7.02698, 6.21902], [7.03655, 6.2142], [7.04234, 6.20815], [7.03646, 6.20321], [7.0376, 6.20291], [7.03826, 6.20283], [7.03817, 6.19851], [7.04305, 6.1927], [7.04215, 6.18852], [7.04492, 6.187], [7.04586, 6.1879], [7.04661, 6.18817], [7.04709, 6.18829], [7.04696, 6.18768], [7.04744, 6.18738], [7.04777, 6.18681], [7.04732, 6.18653], [7.04681, 6.18563], [7.04652, 6.1846], [7.03818, 6.1837], [7.03757, 6.18662], [7.03697, 6.18698], [7.03366, 6.18815], [7.03233, 6.19468], [7.02773, 6.19793], [7.03023, 6.20234], [7.02611, 6.20161]]]}, "properties": {"name": "Amawbia 3", "lga": "Awka South", "state": "an"}}, {"type": "Feature", "geometry": {"type": "Polygon", "coordinates": [[[6.93238, 6.36467], [6.93304, 6.36025], [6.93619, 6.35371], [6.93933, 6.35345], [6.94507, 6.35061], [6.94794, 6.34856], [6.95082, 6.34321], [6.93786, 6.34015], [6.93508, 6.33111], [6.93782, 6.32556], [6.937, 6.32433], [6.93868, 6.31569], [6.93549, 6.31276], [6.93446, 6.30422], [6.93084, 6.29558], [6.92198, 6.30445], [6.90912, 6.3289], [6.91371, 6.3301], [6.91822, 6.32855], [6.92652, 6.3417], [6.92652, 6.34317], [6.92311, 6.35292], [6.92016, 6.36142], [6.9211, 6.36386], [6.92273, 6.36549], [6.92979, 6.36783], [6.9315, 6.37014], [6.93238, 6.36467]]]}, "properties": {"name": "Nando 3", "lga": "Anambra East", "state": "an"}}, {"type": "Feature", "geometry": {"type": "Polygon", "coordinates": [[[7.06336, 6.17281], [7.06252, 6.17266], [7.06229, 6.17253], [7.06205, 6.17262], [7.06208, 6.17322], [7.06227, 6.17419], [7.06309, 6.1752], [7.06899, 6.17908], [7.06606, 6.17991], [7.06484, 6.18213], [7.0712, 6.18758], [7.07334, 6.19157], [7.072, 6.1928], [7.07441, 6.19404], [7.0742, 6.19503], [7.07411, 6.19534], [7.07417, 6.19556], [7.07697, 6.19848], [7.08865, 6.19708], [7.08883, 6.19479], [7.09399, 6.19692], [7.0957, 6.19535], [7.09548, 6.18962], [7.09549, 6.18602], [7.09444, 6.18391], [7.09382, 6.18091], [7.09436, 6.17791], [7.09565, 6.17612], [7.09727, 6.17181], [7.09446, 6.17186], [7.09217, 6.17148], [7.09017, 6.17101], [7.08479, 6.16867], [7.08441, 6.16581], [7.08639, 6.16371], [7.08527, 6.16331], [7.08404, 6.16392], [7.08208, 6.16489], [7.07531, 6.16997], [7.07249, 6.16695], [7.06957, 6.17158], [7.06394, 6.17071], [7.06336, 6.17281]]]}, "properties": {"name": "Nibo 3", "lga": "Awka South", "state": "an"}}, {"type": "Feature", "geometry": {"type": "Polygon", "coordinates": [[[6.97588, 6.20226], [6.96981, 6.19573], [6.9691, 6.19519], [6.96601, 6.1937], [6.9565, 6.19945], [6.95658, 6.20257], [6.9578, 6.20287], [6.96062, 6.20307], [6.96157, 6.20369], [6.96224, 6.20441], [6.9621, 6.20646], [6.96271, 6.20708], [6.97811, 6.21549], [6.9789, 6.22371], [6.99445, 6.2224], [6.9933, 6.21683], [6.99096, 6.21005], [6.98175, 6.20904], [6.97775, 6.20697], [6.97729, 6.2047], [6.97685, 6.20377], [6.97588, 6.20226]]]}, "properties": {"name": "Ukpo 3", "lga": "Dunukofia", "state": "an"}}, {"type": "Feature", "geometry": {"type": "Polygon", "coordinates": [[[7.15043, 6.2969], [7.14543, 6.2919], [7.14367, 6.29551], [7.14269, 6.29561], [7.14231, 6.29631], [7.1408, 6.29775], [7.13963, 6.30056], [7.13923, 6.30243], [7.13974, 6.30988], [7.13343, 6.32072], [7.13474, 6.32349], [7.1344, 6.3265], [7.13536, 6.3277], [7.14158, 6.33411], [7.14215, 6.33871], [7.14738, 6.34309], [7.15087, 6.33438], [7.15232, 6.32894], [7.15894, 6.32299], [7.16176, 6.31559], [7.16105, 6.31197], [7.16022, 6.30368], [7.16024, 6.30337], [7.15043, 6.2969]]]}, "properties": {"name": "Ebenebe 3", "lga": "Awka North", "state": "an"}}, {"type": "Feature", "geometry": {"type": "Polygon", "coordinates": [[[6.9084, 6.51139], [6.90846, 6.51206], [6.91068, 6.51592], [6.90428, 6.54836], [6.89984, 6.55489], [6.90735, 6.5546], [6.91399, 6.55009], [6.92135, 6.54303], [6.92778, 6.53983], [6.93872, 6.53003], [6.9454, 6.5306], [6.95092, 6.53265], [6.95224, 6.53192], [6.95344, 6.5332], [6.94945, 6.5617], [6.95097, 6.56621], [6.95112, 6.56743], [6.95939, 6.57616], [6.96223, 6.57824], [6.96689, 6.57716], [6.97349, 6.57294], [6.97491, 6.57118], [6.97411, 6.5541], [6.97937, 6.51992], [6.97587, 6.51825], [6.97045, 6.51577], [6.96636, 6.51645], [6.9657, 6.51598], [6.9651, 6.51517], [6.95754, 6.51769], [6.95535, 6.51554], [6.9554, 6.51528], [6.95612, 6.51459], [6.95532, 6.5134], [6.94664, 6.50959], [6.94581, 6.50978], [6.9448, 6.5108], [6.94365, 6.51145], [6.94405, 6.51222], [6.9446, 6.51322], [6.94532, 6.51423], [6.94123, 6.51577], [6.93869, 6.51444], [6.93059, 6.51498], [6.92914, 6.51398], [6.92737, 6.51336], [6.92705, 6.51376], [6.92508, 6.51474], [6.92417, 6.51453], [6.92203, 6.51456], [6.92134, 6.51477], [6.92122, 6.50549], [6.9084, 6.51139]]]}, "properties": {"name": "Omor 3", "lga": "Ayamelum", "state": "an"}}, {"type": "Feature", "geometry": {"type": "Polygon", "coordinates": [[[6.9236, 6.26721], [6.91759, 6.27528], [6.91041, 6.28139], [6.91135, 6.28146], [6.93084, 6.29558], [6.93301, 6.29318], [6.94051, 6.28662], [6.9408, 6.28355], [6.92697, 6.26205], [6.92607, 6.26248], [6.92489, 6.26355], [6.9236, 6.26721]]]}, "properties": {"name": "Nteje 3", "lga": "Oyi", "state": "an"}}, {"type": "Feature", "geometry": {"type": "Polygon", "coordinates": [[[6.93016, 6.21741], [6.92986, 6.21191], [6.92503, 6.2128], [6.92641, 6.21635], [6.92727, 6.21813], [6.92474, 6.226], [6.92367, 6.22814], [6.92165, 6.23171], [6.91986, 6.23433], [6.91874, 6.2395], [6.92152, 6.24285], [6.92969, 6.24689], [6.92826, 6.24064], [6.93055, 6.23958], [6.93171, 6.23881], [6.93203, 6.2358], [6.93433, 6.23575], [6.93441, 6.2347], [6.937, 6.23298], [6.94016, 6.23255], [6.94199, 6.23148], [6.94297, 6.23184], [6.94485, 6.22465], [6.94104, 6.22196], [6.93808, 6.22287], [6.93718, 6.22171], [6.93497, 6.21881], [6.93204, 6.21899], [6.93016, 6.21741]]]}, "properties": {"name": "Awkuzu 3", "lga": "Oyi", "state": "an"}}, {"type": "Feature", "geometry": {"type": "Polygon", "coordinates": [[[7.23442, 5.96926], [7.22638, 5.97875], [7.22955, 5.98007], [7.23178, 5.98752], [7.23241, 5.98855], [7.23385, 5.98973], [7.23473, 5.99051], [7.23473, 5.99478], [7.2414, 5.9922], [7.24747, 5.99995], [7.25494, 6.00308], [7.26173, 5.99364], [7.255, 5.98878], [7.24895, 5.9869], [7.24528, 5.9886], [7.24283, 5.98675], [7.24532, 5.9833], [7.242, 5.98172], [7.245, 5.97827], [7.2418, 5.97285], [7.24263, 5.97237], [7.24332, 5.97223], [7.24378, 5.97216], [7.24353, 5.97163], [7.24341, 5.97105], [7.23993, 5.97151], [7.23667, 5.96709], [7.23509, 5.96844], [7.23442, 5.96926]]]}, "properties": {"name": "Umunze 3", "lga": "Orumba South", "state": "an"}}, {"type": "Feature", "geometry": {"type": "Polygon", "coordinates": [[[6.90222, 6.01564], [6.90278, 6.0117], [6.90667, 6.00362], [6.90521, 6.00359], [6.90394, 6.0037], [6.90188, 6.00333], [6.90053, 6.00237], [6.90019, 6.00021], [6.89494, 6.0009], [6.89412, 5.99961], [6.89359, 5.99925], [6.88983, 5.9992], [6.8825, 6.00168], [6.87718, 6.0028], [6.87482, 6.00305], [6.87655, 6.01089], [6.88256, 6.01319], [6.8828, 6.01551], [6.90222, 6.01564]]]}, "properties": {"name": "Uruagu 3", "lga": "Nnewi North", "state": "an"}}, {"type": "Feature", "geometry": {"type": "Polygon", "coordinates": [[[6.91961, 6.06168], [6.92232, 6.05799], [6.92291, 6.05815], [6.92342, 6.05835], [6.92368, 6.05832], [6.92421, 6.05573], [6.92709, 6.05445], [6.9288, 6.05104], [6.92809, 6.05073], [6.92506, 6.04894], [6.92481, 6.04951], [6.92397, 6.05113], [6.92372, 6.0518], [6.92137, 6.04949], [6.91983, 6.05042], [6.91969, 6.05072], [6.91774, 6.04968], [6.91599, 6.05305], [6.91285, 6.05311], [6.90899, 6.05754], [6.90616, 6.05843], [6.90408, 6.05888], [6.90278, 6.05904], [6.90076, 6.06717], [6.9037, 6.06804], [6.90574, 6.06835], [6.90782, 6.06786], [6.90642, 6.07185], [6.90567, 6.07817], [6.90101, 6.08561], [6.90155, 6.08654], [6.90259, 6.08766], [6.90883, 6.08325], [6.91013, 6.08462], [6.91239, 6.08023], [6.9124, 6.07982], [6.91175, 6.07942], [6.91132, 6.07921], [6.91413, 6.07442], [6.91426, 6.06921], [6.91961, 6.06168]]]}, "properties": {"name": "Nnobi 3", "lga": "Idemili South", "state": "an"}}, {"type": "Feature", "geometry": {"type": "Polygon", "coordinates": [[[6.95345, 6.16226], [6.95317, 6.16112], [6.95345, 6.15906], [6.94768, 6.15847], [6.94754, 6.15786], [6.94694, 6.15655], [6.9459, 6.15475], [6.93821, 6.15727], [6.93328, 6.15639], [6.9333, 6.16669], [6.93028, 6.17239], [6.93321, 6.17742], [6.93733, 6.17971], [6.94082, 6.17878], [6.94439, 6.17844], [6.94816, 6.17586], [6.95193, 6.17673], [6.95511, 6.17492], [6.95624, 6.17358], [6.95644, 6.17314], [6.96027, 6.16865], [6.95342, 6.1654], [6.95345, 6.16226]]]}, "properties": {"name": "Umunnachi 2", "lga": "Dunukofia", "state": "an"}}, {"type": "Feature", "geometry": {"type": "Polygon", "coordinates": [[[6.99166, 6.25095], [6.98906, 6.24541], [6.9877, 6.23951], [6.9954, 6.23055], [6.99537, 6.22661], [6.99445, 6.2224], [6.9789, 6.22371], [6.95714, 6.23113], [6.9573, 6.23796], [6.96465, 6.2457], [6.97311, 6.25051], [6.97718, 6.2528], [6.97885, 6.25346], [6.9816, 6.25316], [6.98253, 6.25314], [6.98256, 6.25421], [6.9825, 6.25509], [6.98935, 6.25734], [6.99268, 6.25354], [6.99166, 6.25095]]]}, "properties": {"name": "Ukwulu 2", "lga": "Dunukofia", "state": "an"}}, {"type": "Feature", "geometry": {"type": "Polygon", "coordinates": [[[6.9418, 6.66244], [6.9389, 6.65848], [6.93629, 6.65782], [6.93628, 6.65525], [6.93808, 6.65098], [6.9385, 6.64695], [6.93416, 6.63722], [6.94137, 6.62511], [6.94234, 6.62254], [6.93109, 6.6093], [6.92607, 6.59606], [6.91758, 6.59116], [6.91497, 6.58635], [6.91671, 6.58267], [6.92347, 6.57731], [6.92359, 6.57357], [6.9207, 6.57094], [6.91419, 6.56916], [6.90983, 6.57181], [6.90701, 6.5722], [6.90505, 6.57093], [6.90482, 6.56572], [6.89984, 6.55489], [6.85828, 6.55827], [6.85821, 6.55877], [6.85647, 6.56063], [6.82116, 6.57934], [6.80857, 6.58937], [6.80899, 6.59803], [6.80899, 6.6159], [6.79897, 6.67952], [6.80028, 6.69347], [6.80638, 6.70305], [6.81945, 6.71264], [6.83383, 6.72223], [6.84211, 6.73051], [6.85301, 6.74445], [6.85998, 6.75317], [6.86097, 6.75343], [6.90982, 6.69642], [6.9131, 6.69544], [6.91873, 6.69864], [6.92292, 6.69906], [6.92688, 6.69849], [6.92894, 6.69744], [6.93058, 6.69574], [6.93258, 6.69522], [6.93565, 6.69563], [6.9376, 6.69883], [6.93932, 6.70334], [6.94233, 6.70285], [6.94362, 6.69835], [6.9431, 6.69299], [6.94434, 6.69215], [6.9465, 6.68661], [6.94517, 6.68043], [6.94185, 6.67667], [6.93828, 6.67672], [6.93544, 6.67982], [6.93314, 6.67988], [6.93208, 6.67828], [6.93201, 6.67243], [6.93344, 6.6696], [6.93676, 6.66825], [6.94043, 6.66645], [6.9418, 6.66244]]]}, "properties": {"name": "Enugu-Otu", "lga": "Anambra East", "state": "an"}}, {"type": "Feature", "geometry": {"type": "Polygon", "coordinates": [[[6.69688, 6.50698], [6.69984, 6.5002], [6.70854, 6.48754], [6.70845, 6.4833], [6.69957, 6.47812], [6.69675, 6.47446], [6.6977, 6.46974], [6.70104, 6.46635], [6.70899, 6.46306], [6.71443, 6.45909], [6.71448, 6.45187], [6.71087, 6.44666], [6.70265, 6.44368], [6.69784, 6.43955], [6.69805, 6.43428], [6.68867, 6.43222], [6.68522, 6.4426], [6.68177, 6.45574], [6.67544, 6.46583], [6.67386, 6.46833], [6.67162, 6.48177], [6.66892, 6.50123], [6.66549, 6.52819], [6.67881, 6.53508], [6.69019, 6.53572], [6.69836, 6.53854], [6.7018, 6.53024], [6.70132, 6.52398], [6.69559, 6.51604], [6.69688, 6.50698]]]}, "properties": {"name": "Olumbanasa 2", "lga": "Anambra West", "state": "an"}}, {"type": "Feature", "geometry": {"type": "Polygon", "coordinates": [[[6.95614, 6.25275], [6.95652, 6.25015], [6.95659, 6.2469], [6.95706, 6.24511], [6.95342, 6.24293], [6.95268, 6.24262], [6.95187, 6.24227], [6.94913, 6.23805], [6.94721, 6.23761], [6.94365, 6.23963], [6.94398, 6.24115], [6.94266, 6.24108], [6.94335, 6.24299], [6.94166, 6.24372], [6.94174, 6.24668], [6.94297, 6.24741], [6.94262, 6.24901], [6.94417, 6.24925], [6.94458, 6.24964], [6.94342, 6.25069], [6.94218, 6.25124], [6.93988, 6.2515], [6.94087, 6.25501], [6.94214, 6.25956], [6.94236, 6.26795], [6.94188, 6.2715], [6.94374, 6.27502], [6.94534, 6.27714], [6.9461, 6.27749], [6.94725, 6.28292], [6.96672, 6.28293], [6.96748, 6.27508], [6.96603, 6.27171], [6.96432, 6.27064], [6.96253, 6.26903], [6.9612, 6.26791], [6.9631, 6.25701], [6.95614, 6.25275]]]}, "properties": {"name": "Awkuzu 2", "lga": "Oyi", "state": "an"}}, {"type": "Feature", "geometry": {"type": "Polygon", "coordinates": [[[6.82038, 6.22915], [6.82033, 6.2288], [6.82163, 6.22637], [6.82035, 6.22582], [6.81934, 6.22522], [6.81991, 6.22411], [6.81948, 6.2238], [6.81846, 6.22245], [6.81836, 6.22093], [6.81863, 6.21891], [6.81921, 6.21776], [6.81784, 6.21695], [6.81836, 6.21648], [6.81764, 6.21539], [6.82019, 6.21446], [6.82011, 6.21319], [6.81971, 6.21104], [6.82138, 6.21093], [6.82137, 6.20887], [6.82163, 6.20845], [6.82084, 6.20804], [6.82025, 6.20744], [6.8202, 6.20677], [6.81714, 6.20606], [6.81782, 6.2035], [6.81783, 6.20205], [6.81636, 6.20113], [6.81523, 6.2011], [6.81386, 6.20155], [6.8113, 6.20225], [6.80988, 6.20367], [6.80835, 6.2051], [6.8059, 6.20485], [6.79905, 6.20166], [6.79773, 6.19895], [6.79482, 6.19907], [6.79247, 6.2009], [6.78957, 6.20274], [6.78808, 6.20519], [6.78592, 6.20648], [6.78663, 6.21028], [6.78396, 6.22082], [6.78217, 6.23892], [6.78416, 6.25578], [6.80668, 6.24659], [6.81392, 6.24253], [6.84533, 6.24127], [6.84175, 6.23742], [6.83813, 6.2365], [6.82604, 6.23342], [6.82615, 6.2318], [6.82055, 6.23196], [6.82038, 6.22915]]]}, "properties": {"name": "Nsugbe 2", "lga": "Anambra East", "state": "an"}}, {"type": "Feature", "geometry": {"type": "Polygon", "coordinates": [[[7.14181, 6.37989], [7.14226, 6.37143], [7.14193, 6.35965], [7.14455, 6.35171], [7.14738, 6.34309], [7.14215, 6.33871], [7.14158, 6.33411], [7.13536, 6.3277], [7.13475, 6.32906], [7.13338, 6.3283], [7.13262, 6.32906], [7.1324, 6.32939], [7.1318, 6.3299], [7.12962, 6.33733], [7.12466, 6.33876], [7.12144, 6.34126], [7.11679, 6.34246], [7.11366, 6.34334], [7.10947, 6.34479], [7.10923, 6.3485], [7.11383, 6.35323], [7.11526, 6.35774], [7.14181, 6.37989]]]}, "properties": {"name": "Ebenebe 2", "lga": "Awka North", "state": "an"}}, {"type": "Feature", "geometry": {"type": "Polygon", "coordinates": [[[6.95325, 6.41979], [6.96743, 6.44474], [6.96676, 6.45702], [6.96925, 6.46924], [6.96818, 6.47338], [6.97116, 6.47076], [6.97922, 6.47028], [6.98471, 6.47197], [6.98815, 6.47303], [6.99111, 6.47486], [6.99123, 6.47599], [6.99051, 6.47727], [6.99226, 6.47808], [6.99367, 6.47952], [6.99445, 6.48064], [6.99385, 6.48203], [6.9941, 6.48393], [6.99442, 6.48476], [7.00258, 6.48795], [7.00964, 6.49456], [7.01354, 6.49473], [7.01734, 6.49464], [7.0204, 6.49433], [7.02582, 6.49657], [7.03206, 6.49612], [7.04241, 6.48133], [7.04899, 6.48037], [7.04966, 6.47436], [7.04541, 6.47122], [7.03626, 6.47383], [7.03321, 6.46686], [7.03307, 6.46373], [7.03277, 6.45684], [7.03185, 6.45078], [7.02986, 6.45118], [7.02442, 6.45039], [7.00836, 6.43778], [6.98363, 6.42971], [6.95325, 6.41979]]]}, "properties": {"name": "Umuerum", "lga": "Ayamelum", "state": "an"}}, {"type": "Feature", "geometry": {"type": "Polygon", "coordinates": [[[7.07908, 6.2081], [7.08316, 6.20653], [7.08835, 6.19973], [7.08854, 6.19884], [7.08865, 6.19708], [7.07742, 6.19864], [7.07417, 6.19556], [7.07411, 6.19534], [7.0742, 6.19503], [7.07441, 6.19404], [7.07155, 6.19256], [7.06309, 6.19568], [7.06159, 6.19847], [7.0614, 6.19886], [7.06601, 6.19998], [7.06847, 6.20533], [7.07153, 6.2023], [7.07621, 6.202], [7.07616, 6.20378], [7.07731, 6.20388], [7.07791, 6.20399], [7.07931, 6.20438], [7.07913, 6.20534], [7.07903, 6.20676], [7.07908, 6.2081]]]}, "properties": {"name": "Awka 7", "lga": "Awka South", "state": "an"}}, {"type": "Feature", "geometry": {"type": "Polygon", "coordinates": [[[6.81091, 6.32373], [6.81395, 6.3271], [6.81745, 6.333], [6.81906, 6.33066], [6.82094, 6.32968], [6.82732, 6.33227], [6.83324, 6.33097], [6.83574, 6.32958], [6.83387, 6.32352], [6.83424, 6.32129], [6.82612, 6.29343], [6.78416, 6.25578], [6.78488, 6.26748], [6.78997, 6.27334], [6.78482, 6.29484], [6.78515, 6.30686], [6.79279, 6.32316], [6.79776, 6.32296], [6.80104, 6.31541], [6.80285, 6.31194], [6.80888, 6.31466], [6.81091, 6.32373]]]}, "properties": {"name": "Umueze Anam 2", "lga": "Anambra West", "state": "an"}}, {"type": "Feature", "geometry": {"type": "Polygon", "coordinates": [[[6.99445, 6.2224], [6.99537, 6.22661], [6.9954, 6.23055], [6.99617, 6.2261], [6.99639, 6.22462], [6.99936, 6.22442], [7.00008, 6.22195], [7.0086, 6.22266], [7.00721, 6.21819], [7.0102, 6.21377], [7.00585, 6.21043], [7.00443, 6.20914], [7.00257, 6.20399], [7.00201, 6.20414], [7.00101, 6.20423], [7.00041, 6.20377], [6.99096, 6.21005], [6.99835, 6.21093], [7.00054, 6.21969], [6.99445, 6.2224]]]}, "properties": {"name": "Enugu Agidi 2", "lga": "Njikoka", "state": "an"}}, {"type": "Feature", "geometry": {"type": "Polygon", "coordinates": [[[7.00213, 6.20223], [6.99303, 6.19121], [6.99207, 6.19076], [6.99074, 6.19102], [6.99028, 6.19072], [6.99036, 6.18919], [6.98676, 6.1845], [6.96946, 6.18497], [6.9684, 6.18818], [6.97049, 6.1885], [6.96977, 6.19237], [6.97189, 6.19389], [6.97189, 6.19423], [6.97236, 6.19616], [6.97433, 6.19489], [6.97457, 6.19671], [6.98104, 6.20055], [6.98117, 6.20214], [6.98086, 6.20619], [6.97908, 6.20687], [6.98058, 6.20781], [6.98104, 6.20796], [6.98175, 6.20904], [6.99096, 6.21005], [7.00041, 6.20377], [7.00213, 6.20223]]]}, "properties": {"name": "Ukpo 2", "lga": "Dunukofia", "state": "an"}}, {"type": "Feature", "geometry": {"type": "Polygon", "coordinates": [[[6.99121, 6.3351], [6.9913, 6.33434], [6.99098, 6.3335], [6.98771, 6.33409], [6.98734, 6.33374], [6.98473, 6.33124], [6.9791, 6.33232], [6.97663, 6.32992], [6.97732, 6.33429], [6.97598, 6.33707], [6.97493, 6.34249], [6.97651, 6.34598], [6.98376, 6.34476], [6.98475, 6.34384], [6.98458, 6.33898], [6.98789, 6.33993], [6.99102, 6.33854], [6.99121, 6.3351]]]}, "properties": {"name": "Achalla 2", "lga": "Awka North", "state": "an"}}, {"type": "Feature", "geometry": {"type": "Polygon", "coordinates": [[[6.96707, 6.18063], [6.95928, 6.17749], [6.9599, 6.18093], [6.96201, 6.18484], [6.97103, 6.18507], [6.97174, 6.1813], [6.96707, 6.18063]]]}, "properties": {"name": "Abagana 2", "lga": "Njikoka", "state": "an"}}, {"type": "Feature", "geometry": {"type": "Polygon", "coordinates": [[[6.96787, 6.16044], [6.96695, 6.15817], [6.95345, 6.15906], [6.95317, 6.16112], [6.95345, 6.16226], [6.95342, 6.1654], [6.95816, 6.16697], [6.96403, 6.17281], [6.96931, 6.17406], [6.97051, 6.17594], [6.97112, 6.17473], [6.97131, 6.17435], [6.96925, 6.17069], [6.9723, 6.16706], [6.96787, 6.16044]]]}, "properties": {"name": "Nimo 2", "lga": "Njikoka", "state": "an"}}, {"type": "Feature", "geometry": {"type": "Polygon", "coordinates": [[[6.8709, 6.3364], [6.86062, 6.34759], [6.86029, 6.34901], [6.86068, 6.35093], [6.85952, 6.35331], [6.85833, 6.35601], [6.85922, 6.3597], [6.86013, 6.36159], [6.8585, 6.36494], [6.85496, 6.3715], [6.85434, 6.37582], [6.84737, 6.38023], [6.84939, 6.38658], [6.85255, 6.39006], [6.85456, 6.40477], [6.87884, 6.38461], [6.88433, 6.38421], [6.88966, 6.38222], [6.89455, 6.38079], [6.896, 6.37271], [6.89868, 6.36814], [6.89913, 6.36396], [6.90058, 6.35947], [6.90151, 6.35651], [6.90048, 6.35427], [6.8976, 6.35137], [6.89836, 6.34806], [6.89733, 6.34476], [6.89579, 6.34182], [6.87711, 6.31674], [6.87531, 6.32224], [6.87024, 6.32378], [6.86801, 6.32643], [6.86646, 6.33103], [6.86702, 6.33165], [6.86971, 6.33429], [6.8709, 6.3364]]]}, "properties": {"name": "Aguleri 2", "lga": "Anambra East", "state": "an"}}, {"type": "Feature", "geometry": {"type": "Polygon", "coordinates": [[[6.80438, 6.07078], [6.78231, 6.07657], [6.78782, 6.07932], [6.81255, 6.09368], [6.81301, 6.09325], [6.81329, 6.09333], [6.81377, 6.09288], [6.81811, 6.09561], [6.82623, 6.09795], [6.83735, 6.09887], [6.8386, 6.09922], [6.83961, 6.09799], [6.84288, 6.0976], [6.84529, 6.097], [6.84407, 6.08888], [6.84647, 6.08564], [6.84766, 6.08067], [6.84693, 6.07947], [6.84562, 6.07881], [6.84496, 6.07845], [6.84494, 6.07751], [6.84474, 6.07626], [6.84384, 6.07394], [6.84488, 6.07221], [6.84529, 6.07173], [6.84365, 6.06868], [6.84207, 6.0667], [6.83866, 6.06337], [6.83899, 6.06228], [6.83128, 6.06696], [6.82014, 6.06505], [6.80438, 6.07078]]]}, "properties": {"name": "Oba 2", "lga": "Idemili South", "state": "an"}}, {"type": "Feature", "geometry": {"type": "Polygon", "coordinates": [[[6.97937, 6.51992], [6.98266, 6.51891], [6.98358, 6.5186], [6.98712, 6.51149], [6.98444, 6.51028], [6.98092, 6.50843], [6.97836, 6.51357], [6.96907, 6.50903], [6.95928, 6.509], [6.94033, 6.48412], [6.9354, 6.48815], [6.93335, 6.48908], [6.9315, 6.48826], [6.92963, 6.49392], [6.92627, 6.49841], [6.9232, 6.50347], [6.92092, 6.50392], [6.92134, 6.51477], [6.92203, 6.51456], [6.92417, 6.51453], [6.92508, 6.51474], [6.92705, 6.51376], [6.92737, 6.51336], [6.92914, 6.51398], [6.93059, 6.51498], [6.93869, 6.51444], [6.94123, 6.51577], [6.94532, 6.51423], [6.9446, 6.51322], [6.94405, 6.51222], [6.94365, 6.51145], [6.9448, 6.5108], [6.94581, 6.50978], [6.94664, 6.50959], [6.95532, 6.5134], [6.95612, 6.51459], [6.9554, 6.51528], [6.95535, 6.51554], [6.95754, 6.51769], [6.9651, 6.51517], [6.9657, 6.51598], [6.96636, 6.51645], [6.97045, 6.51577], [6.97587, 6.51825], [6.97937, 6.51992]]]}, "properties": {"name": "Omor 2", "lga": "Ayamelum", "state": "an"}}, {"type": "Feature", "geometry": {"type": "Polygon", "coordinates": [[[6.89187, 6.20042], [6.88772, 6.2062], [6.8879, 6.2084], [6.88883, 6.20936], [6.88533, 6.21127], [6.88328, 6.21488], [6.88458, 6.2181], [6.88555, 6.22182], [6.88496, 6.22592], [6.89152, 6.2262], [6.89772, 6.22179], [6.90346, 6.21658], [6.90416, 6.21318], [6.90859, 6.20803], [6.90779, 6.20776], [6.90518, 6.20653], [6.90413, 6.20543], [6.90569, 6.20176], [6.90894, 6.20381], [6.91048, 6.20536], [6.91112, 6.20578], [6.9136, 6.20505], [6.91446, 6.20472], [6.91585, 6.2054], [6.91655, 6.20555], [6.91761, 6.20639], [6.91882, 6.20438], [6.91917, 6.20365], [6.92164, 6.20449], [6.92259, 6.20603], [6.92849, 6.2034], [6.92595, 6.19925], [6.92518, 6.1975], [6.92273, 6.19111], [6.9219, 6.1868], [6.9135, 6.18405], [6.91121, 6.18425], [6.91022, 6.18048], [6.90682, 6.18185], [6.90381, 6.18398], [6.8965, 6.18402], [6.89059, 6.19024], [6.88551, 6.1852], [6.88302, 6.18705], [6.8802, 6.19178], [6.88503, 6.19543], [6.89187, 6.20042]]]}, "properties": {"name": "Umanya 2", "lga": "Oyi", "state": "an"}}, {"type": "Feature", "geometry": {"type": "Polygon", "coordinates": [[[6.89187, 6.20042], [6.86736, 6.18249], [6.86402, 6.18454], [6.86182, 6.18458], [6.85699, 6.18249], [6.85298, 6.18106], [6.84962, 6.1805], [6.84644, 6.17571], [6.84655, 6.17541], [6.84685, 6.17401], [6.84562, 6.17456], [6.84307, 6.1705], [6.84302, 6.17039], [6.83825, 6.17112], [6.83659, 6.17228], [6.83187, 6.17517], [6.83027, 6.17375], [6.82755, 6.17123], [6.82514, 6.17235], [6.82031, 6.16921], [6.81882, 6.17086], [6.8277, 6.17948], [6.82651, 6.18178], [6.8259, 6.18271], [6.82459, 6.18513], [6.83365, 6.19017], [6.83398, 6.19069], [6.83168, 6.19293], [6.83081, 6.19385], [6.83465, 6.19716], [6.83479, 6.19835], [6.8348, 6.19907], [6.84234, 6.20323], [6.84289, 6.20561], [6.8433, 6.20743], [6.8474, 6.20662], [6.85053, 6.21106], [6.85085, 6.21556], [6.84989, 6.2168], [6.84928, 6.21722], [6.84891, 6.21736], [6.8509, 6.21878], [6.84993, 6.22295], [6.8473, 6.2227], [6.84693, 6.22306], [6.84143, 6.22756], [6.83813, 6.2365], [6.84175, 6.23742], [6.84533, 6.24127], [6.8628, 6.24885], [6.88384, 6.23346], [6.88412, 6.23048], [6.88496, 6.22592], [6.88555, 6.22182], [6.88458, 6.2181], [6.88328, 6.21488], [6.88533, 6.21127], [6.88883, 6.20936], [6.8879, 6.2084], [6.88772, 6.2062], [6.89187, 6.20042]]]}, "properties": {"name": "Nkwelle 2", "lga": "Oyi", "state": "an"}}, {"type": "Feature", "geometry": {"type": "Polygon", "coordinates": [[[6.92198, 6.30445], [6.93084, 6.29558], [6.91135, 6.28146], [6.91041, 6.28139], [6.90119, 6.27542], [6.89816, 6.27067], [6.8916, 6.2601], [6.87862, 6.25025], [6.8628, 6.24885], [6.84533, 6.24127], [6.84533, 6.2478], [6.84139, 6.25813], [6.84118, 6.2631], [6.84206, 6.26663], [6.84288, 6.27081], [6.84254, 6.27994], [6.84153, 6.28221], [6.84244, 6.28289], [6.8431, 6.30023], [6.84338, 6.30762], [6.8395, 6.31416], [6.83926, 6.31862], [6.83734, 6.32214], [6.84448, 6.32225], [6.84631, 6.32064], [6.84893, 6.31613], [6.84966, 6.31537], [6.85682, 6.31088], [6.86298, 6.30729], [6.86332, 6.30429], [6.86424, 6.30332], [6.8652, 6.30232], [6.87434, 6.29851], [6.88407, 6.29696], [6.89849, 6.29721], [6.90026, 6.29682], [6.9017, 6.29621], [6.90264, 6.29553], [6.90432, 6.29584], [6.90379, 6.29655], [6.90336, 6.29696], [6.90501, 6.30154], [6.9051, 6.30351], [6.92198, 6.30445]]]}, "properties": {"name": "Umuleri 2", "lga": "Anambra East", "state": "an"}}, {"type": "Feature", "geometry": {"type": "Polygon", "coordinates": [[[6.92489, 6.26355], [6.92421, 6.2643], [6.923, 6.26451], [6.9222, 6.26425], [6.92176, 6.26283], [6.92147, 6.2626], [6.92057, 6.26258], [6.91908, 6.26237], [6.91773, 6.26167], [6.91516, 6.2627], [6.91484, 6.26276], [6.91419, 6.26356], [6.91337, 6.26521], [6.91276, 6.26658], [6.91291, 6.27018], [6.91058, 6.26998], [6.90896, 6.26746], [6.8916, 6.2601], [6.89816, 6.27067], [6.90119, 6.27542], [6.91041, 6.28139], [6.91759, 6.27528], [6.91869, 6.27328], [6.91958, 6.27177], [6.92049, 6.27014], [6.92178, 6.27047], [6.92243, 6.26943], [6.9236, 6.26721], [6.92489, 6.26355]]]}, "properties": {"name": "Nteje 2", "lga": "Oyi", "state": "an"}}, {"type": "Feature", "geometry": {"type": "Polygon", "coordinates": [[[6.8912, 6.16934], [6.89109, 6.164], [6.88949, 6.16379], [6.88871, 6.16372], [6.88867, 6.16447], [6.88775, 6.16515], [6.88282, 6.1601], [6.87726, 6.16255], [6.87242, 6.16209], [6.87225, 6.16076], [6.87217, 6.16029], [6.86615, 6.16011], [6.86507, 6.16056], [6.86457, 6.16079], [6.86508, 6.16178], [6.85915, 6.16322], [6.85722, 6.16567], [6.85605, 6.1677], [6.8531, 6.1712], [6.85243, 6.17551], [6.85184, 6.17637], [6.85058, 6.17774], [6.84838, 6.17956], [6.86182, 6.18458], [6.86402, 6.18454], [6.86736, 6.18249], [6.87147, 6.18534], [6.87693, 6.18936], [6.8802, 6.19178], [6.88185, 6.18946], [6.88137, 6.18905], [6.88146, 6.18875], [6.88551, 6.1852], [6.88578, 6.18334], [6.88731, 6.18166], [6.88982, 6.17699], [6.8912, 6.16934]]]}, "properties": {"name": "Ogbuike 2", "lga": "Oyi", "state": "an"}}, {"type": "Feature", "geometry": {"type": "Polygon", "coordinates": [[[6.84296, 6.3219], [6.83387, 6.32352], [6.83574, 6.32958], [6.83717, 6.33379], [6.84154, 6.33714], [6.84251, 6.33728], [6.84345, 6.33723], [6.84457, 6.33722], [6.84468, 6.33933], [6.86123, 6.33627], [6.86069, 6.33478], [6.86303, 6.33358], [6.86543, 6.33254], [6.86702, 6.33165], [6.86646, 6.33103], [6.86364, 6.32911], [6.85616, 6.32796], [6.85251, 6.32706], [6.85111, 6.32611], [6.84874, 6.32385], [6.84448, 6.32225], [6.84296, 6.3219]]]}, "properties": {"name": "Otuocha 2", "lga": "Anambra East", "state": "an"}}, {"type": "Feature", "geometry": {"type": "Polygon", "coordinates": [[[6.92979, 6.36783], [6.92273, 6.36549], [6.9211, 6.36386], [6.92016, 6.36142], [6.92311, 6.35292], [6.92652, 6.34317], [6.92652, 6.3417], [6.91822, 6.32855], [6.91371, 6.3301], [6.90912, 6.3289], [6.89733, 6.34476], [6.89836, 6.34806], [6.8976, 6.35137], [6.90048, 6.35427], [6.90151, 6.35651], [6.90058, 6.35947], [6.89913, 6.36396], [6.89868, 6.36814], [6.896, 6.37271], [6.89455, 6.38079], [6.88966, 6.38222], [6.88433, 6.38421], [6.87884, 6.38461], [6.85456, 6.40477], [6.85138, 6.421], [6.85101, 6.43469], [6.8957, 6.4341], [6.89181, 6.41198], [6.9087, 6.39659], [6.92777, 6.40669], [6.92752, 6.39837], [6.92834, 6.39459], [6.93053, 6.38156], [6.9315, 6.37014], [6.92979, 6.36783]]]}, "properties": {"name": "Nando 2", "lga": "Anambra East", "state": "an"}}, {"type": "Feature", "geometry": {"type": "Polygon", "coordinates": [[[6.92983, 6.05158], [6.9288, 6.05104], [6.92709, 6.05445], [6.92368, 6.05631], [6.92318, 6.05693], [6.92368, 6.05832], [6.92342, 6.05835], [6.92291, 6.05815], [6.92232, 6.05799], [6.91426, 6.06921], [6.91413, 6.07442], [6.91132, 6.07921], [6.91175, 6.07942], [6.9124, 6.07982], [6.91239, 6.08023], [6.91013, 6.08462], [6.91202, 6.08486], [6.91368, 6.08533], [6.91403, 6.08517], [6.91399, 6.08333], [6.91742, 6.07936], [6.91651, 6.07836], [6.91569, 6.07752], [6.91902, 6.07458], [6.92593, 6.06384], [6.92841, 6.0633], [6.92941, 6.06072], [6.93425, 6.06268], [6.93744, 6.06024], [6.93974, 6.06365], [6.94106, 6.06315], [6.94165, 6.0633], [6.94225, 6.06229], [6.94402, 6.0608], [6.94466, 6.05994], [6.94651, 6.05298], [6.94416, 6.05231], [6.94509, 6.04911], [6.9411, 6.05056], [6.93774, 6.04813], [6.93282, 6.05228], [6.93228, 6.05204], [6.93145, 6.05176], [6.92983, 6.05158]]]}, "properties": {"name": "Nnobi 2", "lga": "Idemili South", "state": "an"}}, {"type": "Feature", "geometry": {"type": "Polygon", "coordinates": [[[7.10702, 6.13095], [7.11435, 6.13022], [7.11881, 6.12627], [7.11654, 6.12377], [7.11576, 6.12353], [7.11608, 6.12201], [7.11704, 6.12012], [7.11841, 6.11746], [7.12159, 6.11773], [7.12229, 6.11608], [7.12886, 6.11673], [7.12995, 6.11447], [7.12953, 6.11333], [7.12926, 6.11262], [7.12884, 6.11235], [7.13025, 6.1107], [7.1275, 6.10915], [7.12934, 6.10487], [7.12861, 6.10501], [7.12813, 6.10419], [7.12787, 6.10353], [7.12471, 6.10345], [7.12705, 6.10052], [7.12086, 6.09316], [7.1188, 6.09274], [7.12042, 6.09022], [7.11997, 6.08965], [7.11766, 6.08872], [7.11729, 6.08789], [7.11826, 6.08795], [7.11894, 6.08739], [7.11869, 6.08698], [7.11747, 6.08665], [7.11488, 6.08892], [7.11362, 6.09028], [7.11221, 6.09043], [7.1122, 6.09044], [7.11076, 6.09112], [7.10709, 6.09073], [7.10445, 6.08967], [7.09418, 6.08987], [7.09381, 6.09118], [7.09338, 6.09156], [7.09155, 6.09257], [7.0897, 6.0935], [7.08928, 6.09819], [7.08461, 6.10277], [7.09463, 6.10552], [7.09987, 6.11717], [7.10277, 6.11956], [7.10392, 6.12037], [7.10587, 6.12112], [7.10558, 6.12361], [7.10829, 6.12725], [7.10693, 6.12848], [7.10707, 6.12886], [7.10702, 6.13095]]]}, "properties": {"name": "Awgbu 2", "lga": "Orumba North", "state": "an"}}, {"type": "Feature", "geometry": {"type": "Polygon", "coordinates": [[[6.74162, 6.01071], [6.74296, 6.00923], [6.74313, 6.008], [6.7425, 6.00576], [6.74347, 6.00423], [6.74625, 6.00822], [6.74731, 6.00822], [6.74797, 6.00734], [6.74951, 6.00767], [6.75322, 6.00871], [6.75506, 6.01654], [6.75864, 6.02534], [6.76093, 6.02463], [6.765, 6.02461], [6.76935, 6.02215], [6.77407, 6.01701], [6.77555, 6.01687], [6.77653, 6.01714], [6.78268, 6.01764], [6.78468, 6.01555], [6.78664, 6.0137], [6.79528, 6.00617], [6.79572, 6.00497], [6.79188, 6.00218], [6.8028, 5.99084], [6.8033, 5.98798], [6.80037, 5.9735], [6.79495, 5.96177], [6.78067, 5.96341], [6.7701, 5.96184], [6.76437, 5.96461], [6.75288, 5.96376], [6.74537, 5.96828], [6.74611, 5.97434], [6.74724, 5.98453], [6.74498, 5.98765], [6.73966, 5.99067], [6.73118, 5.99514], [6.72689, 5.99818], [6.73351, 6.00078], [6.73918, 6.00813], [6.74162, 6.01071]]]}, "properties": {"name": "Atani 2", "lga": "Ogbaru", "state": "an"}}, {"type": "Feature", "geometry": {"type": "Polygon", "coordinates": [[[6.98619, 5.92346], [6.98605, 5.91864], [6.98615, 5.91755], [6.98817, 5.91845], [6.99102, 5.9174], [6.99902, 5.91059], [7.00045, 5.90275], [6.99373, 5.89523], [6.98126, 5.90475], [6.98005, 5.90627], [6.97908, 5.90843], [6.97826, 5.91007], [6.97805, 5.91165], [6.97774, 5.9134], [6.97739, 5.91768], [6.97623, 5.91843], [6.97473, 5.92011], [6.97559, 5.92071], [6.97644, 5.9212], [6.9783, 5.92167], [6.97741, 5.92581], [6.98013, 5.92526], [6.98091, 5.92499], [6.983, 5.92409], [6.98453, 5.9244], [6.98593, 5.92589], [6.98619, 5.92346]]]}, "properties": {"name": "Ezinifite 2", "lga": "Nnewi South", "state": "an"}}, {"type": "Feature", "geometry": {"type": "Polygon", "coordinates": [[[7.02676, 6.12951], [7.02076, 6.12397], [7.0176, 6.12416], [7.01571, 6.12399], [7.00895, 6.12367], [7.00685, 6.12815], [7.00482, 6.12716], [7.00366, 6.12624], [6.99938, 6.13252], [7.00634, 6.1426], [7.00787, 6.14732], [7.0085, 6.14794], [7.01305, 6.14523], [7.01324, 6.14494], [7.01413, 6.14487], [7.01244, 6.14078], [7.01484, 6.13882], [7.01734, 6.13951], [7.01997, 6.1377], [7.02056, 6.13566], [7.02742, 6.13811], [7.03481, 6.13636], [7.03472, 6.13764], [7.03466, 6.13857], [7.03483, 6.13863], [7.03911, 6.13587], [7.04109, 6.13262], [7.04144, 6.13222], [7.03511, 6.13178], [7.03512, 6.13393], [7.0351, 6.13336], [7.03476, 6.1333], [7.02762, 6.13088], [7.02676, 6.12951]]]}, "properties": {"name": "Nri 2", "lga": "Anaocha", "state": "an"}}, {"type": "Feature", "geometry": {"type": "Polygon", "coordinates": [[[7.16168, 6.0766], [7.15885, 6.08111], [7.16847, 6.08619], [7.16888, 6.08719], [7.16918, 6.0878], [7.16931, 6.08833], [7.16768, 6.09478], [7.16893, 6.09779], [7.17161, 6.09906], [7.17455, 6.09067], [7.17514, 6.08978], [7.17722, 6.08758], [7.18069, 6.08922], [7.17969, 6.09245], [7.1806, 6.09375], [7.18256, 6.09631], [7.20095, 6.10581], [7.20457, 6.10686], [7.20849, 6.10837], [7.20845, 6.10371], [7.21324, 6.08423], [7.21405, 6.07821], [7.21927, 6.06752], [7.20771, 6.06382], [7.19996, 6.07022], [7.19691, 6.06677], [7.18864, 6.06583], [7.18306, 6.06523], [7.17568, 6.06611], [7.16168, 6.0766]]]}, "properties": {"name": "Ufuma 2", "lga": "Orumba North", "state": "an"}}, {"type": "Feature", "geometry": {"type": "Polygon", "coordinates": [[[6.82845, 6.12817], [6.83599, 6.12919], [6.83861, 6.12857], [6.84498, 6.13401], [6.85036, 6.13012], [6.84915, 6.12777], [6.84891, 6.12559], [6.84892, 6.12521], [6.85068, 6.12248], [6.84416, 6.11932], [6.84298, 6.11921], [6.83877, 6.11999], [6.83764, 6.12037], [6.83771, 6.1196], [6.83797, 6.11808], [6.83014, 6.1175], [6.8255, 6.11197], [6.82331, 6.11426], [6.82344, 6.11489], [6.82357, 6.11513], [6.82378, 6.11599], [6.82057, 6.11871], [6.82446, 6.12079], [6.82845, 6.12817]]]}, "properties": {"name": "Obosi 2", "lga": "Idemili North", "state": "an"}}, {"type": "Feature", "geometry": {"type": "Polygon", "coordinates": [[[7.33303, 6.03144], [7.32786, 6.01756], [7.31844, 6.02412], [7.30466, 6.01948], [7.30159, 6.01955], [7.30031, 6.0197], [7.29824, 6.0202], [7.29531, 6.02212], [7.29403, 6.0232], [7.29296, 6.02427], [7.28855, 6.03004], [7.30041, 6.03584], [7.31015, 6.04502], [7.32845, 6.0424], [7.33906, 6.04215], [7.33827, 6.0362], [7.33303, 6.03144]]]}, "properties": {"name": "Owelle-Ezukala 2", "lga": "Orumba South", "state": "an"}}, {"type": "Feature", "geometry": {"type": "Polygon", "coordinates": [[[7.04043, 6.17399], [7.04936, 6.17315], [7.05138, 6.16923], [7.05553, 6.17004], [7.05837, 6.16285], [7.05351, 6.15766], [7.04504, 6.15625], [7.03106, 6.15144], [7.03026, 6.15546], [7.02131, 6.15438], [7.02077, 6.15368], [7.02028, 6.15311], [7.02001, 6.1522], [7.01827, 6.15416], [7.01752, 6.15477], [7.01571, 6.15577], [7.01458, 6.15999], [7.01074, 6.16359], [7.01629, 6.16517], [7.01704, 6.17016], [7.01532, 6.17186], [7.01704, 6.17119], [7.01651, 6.17405], [7.02003, 6.17344], [7.0205, 6.17567], [7.02356, 6.17418], [7.02476, 6.1759], [7.02952, 6.17207], [7.04078, 6.17228], [7.04043, 6.17399]]]}, "properties": {"name": "Nise 2", "lga": "Awka South", "state": "an"}}, {"type": "Feature", "geometry": {"type": "Polygon", "coordinates": [[[7.23731, 5.94314], [7.22981, 5.93787], [7.23011, 5.94631], [7.24028, 5.95629], [7.24422, 5.96299], [7.24319, 5.96391], [7.24201, 5.9649], [7.24044, 5.96601], [7.24431, 5.96826], [7.24486, 5.97074], [7.2418, 5.97285], [7.245, 5.97827], [7.242, 5.98172], [7.24532, 5.9833], [7.24283, 5.98675], [7.24528, 5.9886], [7.24895, 5.9869], [7.255, 5.98878], [7.26224, 5.99402], [7.26403, 5.99147], [7.25927, 5.97766], [7.25463, 5.96519], [7.25477, 5.96327], [7.24822, 5.96373], [7.24741, 5.96322], [7.24642, 5.96221], [7.2461, 5.9567], [7.24233, 5.95596], [7.24654, 5.95025], [7.2433, 5.94972], [7.2413, 5.9458], [7.23731, 5.94314]]]}, "properties": {"name": "Umunze 2", "lga": "Orumba South", "state": "an"}}, {"type": "Feature", "geometry": {"type": "Polygon", "coordinates": [[[7.27682, 6.03278], [7.27066, 6.0143], [7.26961, 6.01177], [7.26619, 6.00538], [7.26575, 6.0024], [7.26545, 5.99958], [7.26486, 5.99779], [7.26385, 5.99518], [7.26224, 5.99402], [7.26173, 5.99364], [7.25494, 6.00308], [7.25311, 6.00583], [7.25043, 6.00939], [7.23955, 6.03152], [7.24175, 6.03488], [7.24543, 6.03659], [7.25628, 6.03286], [7.26099, 6.03267], [7.26892, 6.03886], [7.27682, 6.03278]]]}, "properties": {"name": "Ogbunka 2", "lga": "Orumba South", "state": "an"}}, {"type": "Feature", "geometry": {"type": "Polygon", "coordinates": [[[6.86351, 5.98882], [6.86352, 5.98904], [6.86352, 5.98963], [6.86447, 5.99241], [6.86344, 5.99441], [6.86195, 5.99684], [6.86904, 6.00751], [6.86779, 6.00852], [6.86677, 6.00916], [6.86483, 6.01025], [6.86637, 6.01222], [6.87379, 6.01428], [6.87096, 6.01573], [6.87075, 6.01615], [6.87075, 6.01898], [6.86407, 6.01681], [6.86578, 6.01892], [6.86603, 6.01944], [6.86647, 6.03337], [6.86969, 6.04282], [6.8752, 6.04853], [6.8746, 6.0491], [6.87485, 6.04923], [6.87521, 6.05017], [6.88343, 6.04653], [6.88366, 6.04121], [6.88168, 6.03523], [6.88512, 6.03253], [6.8828, 6.01551], [6.88256, 6.01319], [6.87655, 6.01089], [6.87482, 6.00305], [6.87667, 6.00073], [6.87678, 6.0006], [6.87687, 5.99804], [6.87676, 5.99669], [6.87423, 5.98947], [6.87147, 5.99018], [6.87032, 5.98989], [6.86661, 5.98932], [6.86351, 5.98882]]]}, "properties": {"name": "Uruagu 2", "lga": "Nnewi North", "state": "an"}}, {"type": "Feature", "geometry": {"type": "Polygon", "coordinates": [[[6.91664, 6.15429], [6.91362, 6.14443], [6.91258, 6.14183], [6.91109, 6.14019], [6.90084, 6.1409], [6.89716, 6.1422], [6.89361, 6.14298], [6.8912, 6.14335], [6.89135, 6.14457], [6.89173, 6.1467], [6.88926, 6.15702], [6.90183, 6.15964], [6.90251, 6.16306], [6.90337, 6.16507], [6.90399, 6.16511], [6.90838, 6.16605], [6.90935, 6.16635], [6.90909, 6.16777], [6.90898, 6.16938], [6.90856, 6.17181], [6.90862, 6.17313], [6.90884, 6.17461], [6.90937, 6.17668], [6.90598, 6.17923], [6.90577, 6.17973], [6.90616, 6.1805], [6.90651, 6.18105], [6.90682, 6.18185], [6.91022, 6.18048], [6.91121, 6.18425], [6.9135, 6.18405], [6.91359, 6.18311], [6.9136, 6.17562], [6.91449, 6.17451], [6.91597, 6.17377], [6.9173, 6.17383], [6.91866, 6.17377], [6.9254, 6.16853], [6.9215, 6.16451], [6.91786, 6.16348], [6.91748, 6.16033], [6.91754, 6.15819], [6.91664, 6.15429]]]}, "properties": {"name": "Umudioka 2", "lga": "Dunukofia", "state": "an"}}, {"type": "Feature", "geometry": {"type": "Polygon", "coordinates": [[[6.91109, 6.14019], [6.9158, 6.15067], [6.91917, 6.14986], [6.92324, 6.15091], [6.92317, 6.14961], [6.92312, 6.14841], [6.92305, 6.14786], [6.92614, 6.14086], [6.92221, 6.13227], [6.89818, 6.13136], [6.89847, 6.13309], [6.89792, 6.13516], [6.89627, 6.13582], [6.90084, 6.1409], [6.91109, 6.14019]]]}, "properties": {"name": "Ogidi 2", "lga": "Idemili North", "state": "an"}}, {"type": "Feature", "geometry": {"type": "Polygon", "coordinates": [[[6.94234, 6.62254], [6.94137, 6.62511], [6.93416, 6.63722], [6.9385, 6.64695], [6.93808, 6.65098], [6.93628, 6.65525], [6.93629, 6.65782], [6.9389, 6.65848], [6.9418, 6.66244], [6.94939, 6.67004], [6.95989, 6.66863], [6.96849, 6.66956], [6.97698, 6.66582], [6.97832, 6.66167], [6.98247, 6.64196], [6.99793, 6.62062], [6.99296, 6.60396], [6.99767, 6.57043], [6.99588, 6.56272], [6.99286, 6.56259], [6.9894, 6.56259], [6.98585, 6.56228], [6.98433, 6.56525], [6.98324, 6.56567], [6.98161, 6.56649], [6.97938, 6.56661], [6.97491, 6.57118], [6.97349, 6.57294], [6.96689, 6.57716], [6.96223, 6.57824], [6.96225, 6.58138], [6.95252, 6.59383], [6.95326, 6.59532], [6.95422, 6.59599], [6.95451, 6.59751], [6.95485, 6.59918], [6.95445, 6.59982], [6.94965, 6.60396], [6.94518, 6.60487], [6.94416, 6.62201], [6.94234, 6.62254]]]}, "properties": {"name": "Ifite-O 2", "lga": "Ayamelum", "state": "an"}}, {"type": "Feature", "geometry": {"type": "Polygon", "coordinates": [[[6.77076, 6.15247], [6.77309, 6.15531], [6.77428, 6.15498], [6.7754, 6.15222], [6.77543, 6.1513], [6.77536, 6.14971], [6.77489, 6.14957], [6.77953, 6.14379], [6.77921, 6.14336], [6.77813, 6.14224], [6.77728, 6.14302], [6.77653, 6.14219], [6.77398, 6.14401], [6.77196, 6.14295], [6.77148, 6.1424], [6.77146, 6.14186], [6.77147, 6.14129], [6.77148, 6.1409], [6.77106, 6.14086], [6.76968, 6.14072], [6.76901, 6.14103], [6.76711, 6.14376], [6.76036, 6.14642], [6.76065, 6.1478], [6.76478, 6.1558], [6.76803, 6.15266], [6.77076, 6.15247]]]}, "properties": {"name": "Odoakpu 4", "lga": "Onitsha South", "state": "an"}}, {"type": "Feature", "geometry": {"type": "Polygon", "coordinates": [[[6.77653, 6.14219], [6.77673, 6.14194], [6.77756, 6.14118], [6.77545, 6.13777], [6.76901, 6.1382], [6.76606, 6.13641], [6.76559, 6.1367], [6.75855, 6.13796], [6.76036, 6.14642], [6.76711, 6.14376], [6.76901, 6.14103], [6.76968, 6.14072], [6.77106, 6.14086], [6.77148, 6.1409], [6.77147, 6.14129], [6.77146, 6.14186], [6.77148, 6.1424], [6.77196, 6.14295], [6.77398, 6.14401], [6.77653, 6.14219]]]}, "properties": {"name": "Fegge 4", "lga": "Onitsha South", "state": "an"}}, {"type": "Feature", "geometry": {"type": "Polygon", "coordinates": [[[6.92572, 5.92572], [6.93323, 5.92508], [6.93304, 5.92172], [6.93452, 5.92147], [6.93627, 5.9216], [6.9377, 5.92214], [6.94657, 5.91843], [6.9529, 5.91232], [6.95608, 5.91561], [6.95582, 5.90828], [6.95578, 5.907], [6.95543, 5.90507], [6.95345, 5.90431], [6.94813, 5.90565], [6.94896, 5.90234], [6.94208, 5.89529], [6.94136, 5.89561], [6.94028, 5.89639], [6.9376, 5.89911], [6.93711, 5.90099], [6.93741, 5.90214], [6.93706, 5.90316], [6.93018, 5.90169], [6.9304, 5.90242], [6.93089, 5.90493], [6.92694, 5.90784], [6.92633, 5.91057], [6.92599, 5.91098], [6.91938, 5.91025], [6.91983, 5.91102], [6.92466, 5.91541], [6.92499, 5.91896], [6.92446, 5.92257], [6.92572, 5.92572]]]}, "properties": {"name": "Ukpor 6", "lga": "Nnewi South", "state": "an"}}, {"type": "Feature", "geometry": {"type": "Polygon", "coordinates": [[[6.92293, 6.25743], [6.92321, 6.25417], [6.92526, 6.25432], [6.92502, 6.25028], [6.92413, 6.25036], [6.92244, 6.24861], [6.91987, 6.24679], [6.91884, 6.24987], [6.91341, 6.24719], [6.90769, 6.24686], [6.90749, 6.25018], [6.90536, 6.24944], [6.9049, 6.2492], [6.9044, 6.24879], [6.90419, 6.24891], [6.9036, 6.25004], [6.90297, 6.25157], [6.90303, 6.25347], [6.90304, 6.25361], [6.90672, 6.25358], [6.91085, 6.25526], [6.91565, 6.2572], [6.92293, 6.25743]]]}, "properties": {"name": "Nteje 5", "lga": "Oyi", "state": "an"}}, {"type": "Feature", "geometry": {"type": "Polygon", "coordinates": [[[6.80534, 6.09827], [6.81255, 6.09368], [6.78782, 6.07932], [6.78231, 6.07657], [6.78066, 6.08408], [6.77965, 6.08933], [6.77925, 6.10066], [6.77902, 6.10233], [6.7816, 6.10407], [6.78082, 6.10541], [6.78063, 6.10685], [6.7801, 6.10804], [6.78183, 6.10999], [6.7831, 6.11073], [6.78572, 6.11811], [6.79197, 6.11601], [6.79601, 6.10504], [6.7979, 6.1033], [6.80534, 6.09827]]]}, "properties": {"name": "Okpoko 5", "lga": "Ogbaru", "state": "an"}}, {"type": "Feature", "geometry": {"type": "Polygon", "coordinates": [[[6.83751, 5.86333], [6.8315, 5.85878], [6.8333, 5.84694], [6.83108, 5.8464], [6.82952, 5.84584], [6.83019, 5.8421], [6.82875, 5.84226], [6.82624, 5.84299], [6.82425, 5.84326], [6.82314, 5.83925], [6.82663, 5.83858], [6.82857, 5.83821], [6.82976, 5.83823], [6.83139, 5.83865], [6.8331, 5.83895], [6.83361, 5.83624], [6.83055, 5.83489], [6.82827, 5.83394], [6.83319, 5.82829], [6.82658, 5.82539], [6.82634, 5.82598], [6.82638, 5.82708], [6.82616, 5.82757], [6.82143, 5.8331], [6.82011, 5.82831], [6.81694, 5.82838], [6.81733, 5.82662], [6.81767, 5.82398], [6.81059, 5.82418], [6.80879, 5.81773], [6.80937, 5.8126], [6.80496, 5.8125], [6.80439, 5.8143], [6.80388, 5.81435], [6.80272, 5.81416], [6.80109, 5.8137], [6.80228, 5.80902], [6.78822, 5.80446], [6.78754, 5.80432], [6.78434, 5.80894], [6.77551, 5.82956], [6.76728, 5.83586], [6.75981, 5.85248], [6.78012, 5.85957], [6.79004, 5.85715], [6.79109, 5.85724], [6.794, 5.85796], [6.79689, 5.86479], [6.79841, 5.86514], [6.80041, 5.86476], [6.80171, 5.86436], [6.81003, 5.87266], [6.80579, 5.88036], [6.8136, 5.8783], [6.81911, 5.88198], [6.81936, 5.88039], [6.8206, 5.8801], [6.82204, 5.88025], [6.82377, 5.87965], [6.82473, 5.8822], [6.83345, 5.87664], [6.83568, 5.88436], [6.83918, 5.88146], [6.84093, 5.87977], [6.84639, 5.86906], [6.84552, 5.86923], [6.83686, 5.87061], [6.83601, 5.86846], [6.83597, 5.86806], [6.83682, 5.86766], [6.83751, 5.86333]]]}, "properties": {"name": "Ogboro / Ward 5", "lga": "Ihiala", "state": "an"}}, {"type": "Feature", "geometry": {"type": "Polygon", "coordinates": [[[7.00566, 6.17262], [7.01205, 6.17622], [7.01118, 6.17878], [7.0128, 6.18008], [7.01417, 6.17951], [7.01401, 6.17601], [7.01757, 6.172], [7.01532, 6.17186], [7.01704, 6.17016], [7.01619, 6.16836], [7.01431, 6.16941], [7.01431, 6.16845], [7.00678, 6.16653], [7.00799, 6.16407], [7.00775, 6.16334], [7.00743, 6.16284], [7.00722, 6.1627], [7.00449, 6.1646], [7.00634, 6.1684], [7.00566, 6.17262]]]}, "properties": {"name": "Enugu Ukwu 1", "lga": "Njikoka", "state": "an"}}, {"type": "Feature", "geometry": {"type": "Polygon", "coordinates": [[[6.93433, 6.23575], [6.93203, 6.2358], [6.93171, 6.23881], [6.93055, 6.23958], [6.92826, 6.24064], [6.92969, 6.24689], [6.93988, 6.2515], [6.94218, 6.25124], [6.94342, 6.25069], [6.94458, 6.24964], [6.94417, 6.24925], [6.94262, 6.24901], [6.94297, 6.24741], [6.94174, 6.24668], [6.94166, 6.24372], [6.94335, 6.24299], [6.94266, 6.24108], [6.94398, 6.24115], [6.94365, 6.23963], [6.94721, 6.23761], [6.94913, 6.23805], [6.95187, 6.24227], [6.95268, 6.24262], [6.95342, 6.24293], [6.95706, 6.24511], [6.95659, 6.2469], [6.95652, 6.25015], [6.95614, 6.25275], [6.9631, 6.25701], [6.96487, 6.25216], [6.96465, 6.2457], [6.9573, 6.23796], [6.95714, 6.23113], [6.95032, 6.23058], [6.9502, 6.2291], [6.95057, 6.22815], [6.95017, 6.227], [6.94415, 6.227], [6.9429, 6.23054], [6.94297, 6.23184], [6.94199, 6.23148], [6.94016, 6.23255], [6.937, 6.23298], [6.93441, 6.2347], [6.93433, 6.23575]]]}, "properties": {"name": "Awkuzu 4", "lga": "Oyi", "state": "an"}}, {"type": "Feature", "geometry": {"type": "Polygon", "coordinates": [[[6.95644, 6.17314], [6.95624, 6.17358], [6.95511, 6.17492], [6.95608, 6.17663], [6.97174, 6.1813], [6.97103, 6.18507], [6.97345, 6.18504], [6.97469, 6.18535], [6.97463, 6.1839], [6.97509, 6.1831], [6.97469, 6.18183], [6.97224, 6.17844], [6.97294, 6.17508], [6.97248, 6.17479], [6.97131, 6.17435], [6.97112, 6.17473], [6.97051, 6.17594], [6.97006, 6.17593], [6.96931, 6.17406], [6.96589, 6.17392], [6.96027, 6.16865], [6.95644, 6.17314]]]}, "properties": {"name": "Abagana 1", "lga": "Njikoka", "state": "an"}}, {"type": "Feature", "geometry": {"type": "Polygon", "coordinates": [[[6.93808, 6.22287], [6.94104, 6.22196], [6.9448, 6.22384], [6.94485, 6.22465], [6.94458, 6.22562], [6.94415, 6.227], [6.95017, 6.227], [6.95057, 6.22815], [6.9502, 6.2291], [6.95032, 6.23058], [6.95714, 6.23113], [6.959, 6.2277], [6.9592, 6.21995], [6.95609, 6.21961], [6.95244, 6.219], [6.94895, 6.21512], [6.94731, 6.21458], [6.94625, 6.21406], [6.946, 6.21164], [6.92986, 6.21191], [6.93016, 6.21741], [6.93204, 6.21899], [6.93497, 6.21881], [6.93718, 6.22171], [6.93808, 6.22287]]]}, "properties": {"name": "Awkuzu 1", "lga": "Oyi", "state": "an"}}, {"type": "Feature", "geometry": {"type": "Polygon", "coordinates": [[[6.96946, 6.18497], [6.95449, 6.1844], [6.95701, 6.18692], [6.95911, 6.18929], [6.96062, 6.19063], [6.96267, 6.19482], [6.96329, 6.19489], [6.96377, 6.19485], [6.96601, 6.1937], [6.9691, 6.19519], [6.97588, 6.20226], [6.97685, 6.20377], [6.97729, 6.2047], [6.97775, 6.20697], [6.97908, 6.20687], [6.98086, 6.20619], [6.98117, 6.20214], [6.98104, 6.20055], [6.97457, 6.19671], [6.97433, 6.19489], [6.97236, 6.19616], [6.97189, 6.19423], [6.97189, 6.19389], [6.96977, 6.19237], [6.97049, 6.1885], [6.9684, 6.18818], [6.96946, 6.18497]]]}, "properties": {"name": "Ukpo 1", "lga": "Dunukofia", "state": "an"}}, {"type": "Feature", "geometry": {"type": "Polygon", "coordinates": [[[6.99245, 6.18282], [6.98676, 6.1845], [6.99036, 6.18919], [6.99028, 6.19072], [6.99074, 6.19102], [6.99207, 6.19076], [6.99303, 6.19121], [7.00213, 6.20223], [7.00522, 6.20262], [7.00139, 6.19548], [7.0014, 6.19444], [7.00131, 6.19333], [7.00199, 6.19245], [6.99298, 6.1874], [6.99245, 6.18282]]]}, "properties": {"name": "Nawfia 1", "lga": "Njikoka", "state": "an"}}, {"type": "Feature", "geometry": {"type": "Polygon", "coordinates": [[[7.1264, 6.33869], [7.12997, 6.33691], [7.1318, 6.3299], [7.1324, 6.32939], [7.13262, 6.32906], [7.13338, 6.3283], [7.13475, 6.32906], [7.13536, 6.3277], [7.1344, 6.3265], [7.13474, 6.32349], [7.13343, 6.32072], [7.13974, 6.30988], [7.13923, 6.30243], [7.13963, 6.30056], [7.1408, 6.29775], [7.14231, 6.29631], [7.14269, 6.29561], [7.14367, 6.29551], [7.14543, 6.2919], [7.14259, 6.28906], [7.13293, 6.28785], [7.13174, 6.28706], [7.12918, 6.28538], [7.11059, 6.28349], [7.11397, 6.29228], [7.12563, 6.29468], [7.1273, 6.29661], [7.12681, 6.29794], [7.12447, 6.29854], [7.12587, 6.30076], [7.12435, 6.30187], [7.1225, 6.30271], [7.12127, 6.30458], [7.12089, 6.30658], [7.11881, 6.30771], [7.11675, 6.30916], [7.1134, 6.30773], [7.10996, 6.30845], [7.10888, 6.30915], [7.11001, 6.31265], [7.11087, 6.31573], [7.10922, 6.3169], [7.11237, 6.31881], [7.11081, 6.32475], [7.1067, 6.32358], [7.10055, 6.32537], [7.08975, 6.32309], [7.07727, 6.31898], [7.0766, 6.32265], [7.0766, 6.3265], [7.0803, 6.33575], [7.08487, 6.34149], [7.09004, 6.34594], [7.09456, 6.3469], [7.09813, 6.34785], [7.12144, 6.34126], [7.12466, 6.33876], [7.1264, 6.33869]]]}, "properties": {"name": "Ebenebe 1", "lga": "Awka North", "state": "an"}}, {"type": "Feature", "geometry": {"type": "Polygon", "coordinates": [[[6.98266, 6.51891], [6.97937, 6.51992], [6.97411, 6.5541], [6.97491, 6.57118], [6.97938, 6.56661], [6.98161, 6.56649], [6.98324, 6.56567], [6.98433, 6.56525], [6.98585, 6.56228], [6.9894, 6.56259], [6.99286, 6.56259], [6.99588, 6.56272], [6.99767, 6.57043], [6.99296, 6.60396], [7.0096, 6.60409], [7.01215, 6.60143], [7.01676, 6.60212], [7.02242, 6.60431], [7.02545, 6.60635], [7.03006, 6.60276], [7.03036, 6.59942], [7.03615, 6.597], [7.0459, 6.59693], [7.0488, 6.59634], [7.05372, 6.59636], [7.06089, 6.59679], [7.07538, 6.59915], [7.07369, 6.59208], [7.08332, 6.58314], [7.09204, 6.5758], [7.08855, 6.56883], [7.08419, 6.5623], [7.083, 6.56136], [7.08291, 6.56129], [7.07809, 6.5575], [7.06328, 6.55489], [7.05543, 6.5453], [7.04846, 6.52743], [7.04628, 6.51218], [7.04628, 6.50085], [7.04846, 6.48517], [7.04899, 6.48037], [7.04241, 6.48133], [7.03206, 6.49612], [7.03298, 6.49699], [7.03179, 6.50113], [7.02961, 6.50307], [7.02638, 6.50573], [7.02422, 6.51134], [7.01936, 6.51302], [7.01844, 6.51403], [7.01413, 6.51927], [7.00993, 6.51472], [7.00731, 6.51404], [7.00308, 6.51392], [6.99612, 6.51584], [6.99247, 6.51404], [6.98774, 6.51182], [6.98712, 6.51149], [6.98358, 6.5186], [6.98266, 6.51891]]]}, "properties": {"name": "Umumbo", "lga": "Ayamelum", "state": "an"}}, {"type": "Feature", "geometry": {"type": "Polygon", "coordinates": [[[6.99296, 6.60396], [6.99793, 6.62062], [6.98247, 6.64196], [6.97832, 6.66167], [6.99223, 6.67833], [6.99107, 6.68406], [6.98257, 6.69327], [6.97524, 6.69786], [6.96504, 6.70042], [6.95651, 6.71003], [6.96871, 6.71133], [6.98266, 6.71308], [6.99093, 6.71308], [6.99713, 6.71145], [7.00749, 6.70872], [7.01665, 6.7061], [7.0319, 6.69652], [7.0448, 6.68831], [7.04628, 6.68737], [7.05064, 6.68257], [7.06066, 6.68432], [7.07025, 6.68562], [7.09029, 6.67734], [7.10162, 6.6756], [7.11267, 6.66897], [7.11688, 6.66645], [7.12908, 6.65948], [7.13257, 6.65207], [7.13169, 6.64335], [7.12864, 6.63551], [7.12472, 6.62592], [7.1243, 6.62529], [7.11775, 6.61546], [7.11557, 6.60326], [7.10947, 6.59324], [7.09204, 6.5758], [7.08332, 6.58314], [7.07369, 6.59208], [7.07538, 6.59915], [7.06089, 6.59679], [7.05372, 6.59636], [7.0488, 6.59634], [7.0459, 6.59693], [7.03615, 6.597], [7.03036, 6.59942], [7.03006, 6.60276], [7.02545, 6.60635], [7.02242, 6.60431], [7.01676, 6.60212], [7.01215, 6.60143], [7.0096, 6.60409], [6.99296, 6.60396]]]}, "properties": {"name": "Omasi", "lga": "Ayamelum", "state": "an"}}, {"type": "Feature", "geometry": {"type": "Polygon", "coordinates": [[[6.98363, 6.42971], [7.00836, 6.43778], [7.02442, 6.45039], [7.02986, 6.45118], [7.03185, 6.45078], [7.03179, 6.446], [7.03224, 6.44244], [7.03501, 6.4419], [7.03865, 6.44024], [7.04418, 6.43961], [7.0648, 6.43722], [7.06367, 6.43475], [7.06389, 6.4312], [7.06354, 6.42792], [7.07063, 6.42878], [7.07857, 6.42762], [7.08115, 6.4267], [7.07988, 6.42505], [7.07478, 6.42312], [7.06054, 6.41223], [7.04689, 6.39924], [7.02353, 6.37556], [7.02338, 6.37526], [7.01304, 6.38812], [6.98603, 6.41234], [6.98363, 6.42971]]]}, "properties": {"name": "Awba Ofemili", "lga": "Awka North", "state": "an"}}, {"type": "Feature", "geometry": {"type": "Polygon", "coordinates": [[[6.94945, 6.5617], [6.92359, 6.57357], [6.92347, 6.57731], [6.91671, 6.58267], [6.91497, 6.58635], [6.91758, 6.59116], [6.92607, 6.59606], [6.93109, 6.6093], [6.94234, 6.62254], [6.94416, 6.62201], [6.94518, 6.60487], [6.94965, 6.60396], [6.95445, 6.59982], [6.95485, 6.59918], [6.95451, 6.59751], [6.95422, 6.59599], [6.95326, 6.59532], [6.95252, 6.59383], [6.96225, 6.58138], [6.96223, 6.57824], [6.95939, 6.57616], [6.95112, 6.56743], [6.95097, 6.56621], [6.94945, 6.5617]]]}, "properties": {"name": "Ifite-O 1", "lga": "Ayamelum", "state": "an"}}, {"type": "Feature", "geometry": {"type": "Polygon", "coordinates": [[[7.0204, 6.49433], [7.01734, 6.49464], [7.01354, 6.49473], [7.00964, 6.49456], [7.00258, 6.48795], [6.99442, 6.48476], [6.9941, 6.48393], [6.99385, 6.48203], [6.99445, 6.48064], [6.99367, 6.47952], [6.99226, 6.47808], [6.99051, 6.47727], [6.99123, 6.47599], [6.99111, 6.47486], [6.98815, 6.47303], [6.98471, 6.47197], [6.97922, 6.47028], [6.97116, 6.47076], [6.96818, 6.47338], [6.96536, 6.47576], [6.96294, 6.47795], [6.96047, 6.48244], [6.95548, 6.48317], [6.9465, 6.48053], [6.94033, 6.48412], [6.95928, 6.509], [6.96907, 6.50903], [6.97836, 6.51357], [6.98092, 6.50843], [6.99612, 6.51584], [7.00308, 6.51392], [7.00731, 6.51404], [7.00993, 6.51472], [7.01413, 6.51927], [7.01844, 6.51403], [7.01936, 6.51302], [7.02422, 6.51134], [7.02638, 6.50573], [7.02961, 6.50307], [7.03179, 6.50113], [7.03298, 6.49699], [7.03206, 6.49612], [7.02582, 6.49657], [7.0204, 6.49433]]]}, "properties": {"name": "Omor 1", "lga": "Ayamelum", "state": "an"}}, {"type": "Feature", "geometry": {"type": "Polygon", "coordinates": [[[6.87711, 6.31674], [6.9051, 6.30351], [6.90501, 6.30154], [6.90336, 6.29696], [6.90379, 6.29655], [6.90432, 6.29584], [6.89849, 6.29721], [6.88178, 6.29718], [6.88132, 6.29781], [6.87993, 6.29838], [6.87851, 6.29864], [6.87434, 6.29851], [6.8652, 6.30232], [6.86424, 6.30332], [6.86332, 6.30429], [6.86298, 6.30729], [6.85682, 6.31088], [6.84966, 6.31537], [6.84893, 6.31613], [6.84631, 6.32064], [6.84448, 6.32225], [6.84874, 6.32385], [6.85111, 6.32611], [6.85251, 6.32706], [6.85616, 6.32796], [6.86364, 6.32911], [6.86646, 6.33103], [6.86801, 6.32643], [6.87024, 6.32378], [6.87531, 6.32224], [6.87711, 6.31674]]]}, "properties": {"name": "Umuleri 1", "lga": "Anambra East", "state": "an"}}, {"type": "Feature", "geometry": {"type": "Polygon", "coordinates": [[[6.93084, 6.29558], [6.93446, 6.30422], [6.93549, 6.31276], [6.93868, 6.31569], [6.937, 6.32433], [6.93782, 6.32556], [6.93508, 6.33111], [6.93786, 6.34015], [6.95082, 6.34321], [6.95111, 6.34006], [6.9492, 6.33493], [6.94835, 6.33181], [6.95007, 6.32531], [6.95349, 6.32103], [6.95906, 6.30805], [6.95757, 6.2978], [6.95137, 6.28747], [6.94725, 6.28292], [6.94341, 6.28604], [6.94051, 6.28662], [6.93301, 6.29318], [6.93084, 6.29558]]]}, "properties": {"name": "Nando 1", "lga": "Anambra East", "state": "an"}}, {"type": "Feature", "geometry": {"type": "Polygon", "coordinates": [[[6.92641, 6.21635], [6.92503, 6.2128], [6.92986, 6.21191], [6.92849, 6.2034], [6.92259, 6.20603], [6.92164, 6.20449], [6.91917, 6.20365], [6.91882, 6.20438], [6.91761, 6.20639], [6.91655, 6.20555], [6.91585, 6.2054], [6.91446, 6.20472], [6.9136, 6.20505], [6.91112, 6.20578], [6.91048, 6.20536], [6.90894, 6.20381], [6.90569, 6.20176], [6.90413, 6.20543], [6.90518, 6.20653], [6.90779, 6.20776], [6.90859, 6.20803], [6.90416, 6.21318], [6.90346, 6.21658], [6.89772, 6.22179], [6.89152, 6.2262], [6.88496, 6.22592], [6.88412, 6.23048], [6.88384, 6.23346], [6.8628, 6.24885], [6.87862, 6.25025], [6.8938, 6.24689], [6.89539, 6.23902], [6.89891, 6.23861], [6.90136, 6.24001], [6.90419, 6.2407], [6.90887, 6.2426], [6.91407, 6.24269], [6.91874, 6.2395], [6.91986, 6.23433], [6.92165, 6.23171], [6.92367, 6.22814], [6.92474, 6.226], [6.92727, 6.21813], [6.92641, 6.21635]]]}, "properties": {"name": "Umanya 1", "lga": "Oyi", "state": "an"}}, {"type": "Feature", "geometry": {"type": "Polygon", "coordinates": [[[6.89733, 6.34476], [6.90912, 6.3289], [6.92198, 6.30445], [6.9051, 6.30351], [6.87711, 6.31674], [6.89579, 6.34182], [6.89733, 6.34476]]]}, "properties": {"name": "Aguleri 1", "lga": "Anambra East", "state": "an"}}, {"type": "Feature", "geometry": {"type": "Polygon", "coordinates": [[[6.82692, 6.35966], [6.83018, 6.3742], [6.8439, 6.37748], [6.84737, 6.38023], [6.85434, 6.37582], [6.85496, 6.3715], [6.8585, 6.36494], [6.86013, 6.36159], [6.85922, 6.3597], [6.85833, 6.35601], [6.85952, 6.35331], [6.86068, 6.35093], [6.86029, 6.34901], [6.86062, 6.34759], [6.8709, 6.3364], [6.86971, 6.33429], [6.86702, 6.33165], [6.86543, 6.33254], [6.86303, 6.33358], [6.86069, 6.33478], [6.86123, 6.33627], [6.84468, 6.33933], [6.84543, 6.34181], [6.84494, 6.3421], [6.84441, 6.34271], [6.84307, 6.34207], [6.84197, 6.34149], [6.84153, 6.34211], [6.84208, 6.34406], [6.84322, 6.34699], [6.84654, 6.34992], [6.84496, 6.35271], [6.84226, 6.35386], [6.83925, 6.35673], [6.83281, 6.35406], [6.8327, 6.35208], [6.83194, 6.35096], [6.83138, 6.35066], [6.82692, 6.35966]]]}, "properties": {"name": "Otuocha 1", "lga": "Anambra East", "state": "an"}}, {"type": "Feature", "geometry": {"type": "Polygon", "coordinates": [[[6.87862, 6.25025], [6.8916, 6.2601], [6.90896, 6.26746], [6.91058, 6.26998], [6.91291, 6.27018], [6.91276, 6.26658], [6.91337, 6.26521], [6.91419, 6.26356], [6.91484, 6.26276], [6.91516, 6.2627], [6.91773, 6.26167], [6.91908, 6.26237], [6.92057, 6.26258], [6.92147, 6.2626], [6.92176, 6.26283], [6.9222, 6.26425], [6.923, 6.26451], [6.92421, 6.2643], [6.92489, 6.26355], [6.92293, 6.25743], [6.91565, 6.2572], [6.91085, 6.25526], [6.90672, 6.25358], [6.90304, 6.25361], [6.8938, 6.24689], [6.87862, 6.25025]]]}, "properties": {"name": "Nteje 1", "lga": "Oyi", "state": "an"}}, {"type": "Feature", "geometry": {"type": "Polygon", "coordinates": [[[6.99186, 6.26231], [7.00127, 6.26509], [7.00404, 6.26255], [7.00782, 6.26006], [7.00972, 6.25755], [7.0104, 6.25614], [7.01107, 6.25431], [7.01094, 6.24347], [7.01033, 6.24108], [7.00074, 6.2368], [6.99551, 6.2476], [6.99166, 6.25095], [6.99268, 6.25354], [6.98935, 6.25734], [6.99186, 6.26231]]]}, "properties": {"name": "Nwagu 1", "lga": "Dunukofia", "state": "an"}}, {"type": "Feature", "geometry": {"type": "Polygon", "coordinates": [[[6.99223, 6.67833], [6.97832, 6.66167], [6.97698, 6.66582], [6.96849, 6.66956], [6.95989, 6.66863], [6.94939, 6.67004], [6.9418, 6.66244], [6.94043, 6.66645], [6.93676, 6.66825], [6.93344, 6.6696], [6.93201, 6.67243], [6.93208, 6.67828], [6.93314, 6.67988], [6.93544, 6.67982], [6.93828, 6.67672], [6.94185, 6.67667], [6.94517, 6.68043], [6.9465, 6.68661], [6.94434, 6.69215], [6.9431, 6.69299], [6.94362, 6.69835], [6.94233, 6.70285], [6.93932, 6.70334], [6.94387, 6.7061], [6.95651, 6.71003], [6.96504, 6.70042], [6.97524, 6.69786], [6.98257, 6.69327], [6.99107, 6.68406], [6.99223, 6.67833]]]}, "properties": {"name": "Umueje", "lga": "Ayamelum", "state": "an"}}, {"type": "Feature", "geometry": {"type": "Polygon", "coordinates": [[[6.99769, 6.10506], [6.99521, 6.11432], [6.98959, 6.11375], [6.98795, 6.11158], [6.98777, 6.11648], [6.9854, 6.12179], [6.98542, 6.12237], [6.98577, 6.12319], [6.98583, 6.12427], [6.9831, 6.12459], [6.9779, 6.12959], [6.97931, 6.13198], [6.99567, 6.13411], [6.99568, 6.13357], [6.99639, 6.13286], [7.00043, 6.13199], [7.00366, 6.12624], [7.00482, 6.12716], [7.00685, 6.12815], [7.00895, 6.12367], [7.00847, 6.11658], [7.00857, 6.11543], [7.00872, 6.11488], [7.01205, 6.11324], [7.00929, 6.11219], [7.00877, 6.11047], [7.01153, 6.10917], [7.01119, 6.10652], [7.01095, 6.10606], [7.0104, 6.10549], [7.0091, 6.10437], [7.00686, 6.10554], [6.99769, 6.10506]]]}, "properties": {"name": "Adazi Nnukwu 1", "lga": "Anaocha", "state": "an"}}, {"type": "Feature", "geometry": {"type": "Polygon", "coordinates": [[[6.8965, 6.18402], [6.90381, 6.18398], [6.90682, 6.18185], [6.90598, 6.17923], [6.90937, 6.17668], [6.90884, 6.17461], [6.90862, 6.17313], [6.90856, 6.17181], [6.90898, 6.16938], [6.90909, 6.16777], [6.90935, 6.16635], [6.90838, 6.16605], [6.90399, 6.16511], [6.90337, 6.16507], [6.90251, 6.16306], [6.90183, 6.15964], [6.88926, 6.15702], [6.88936, 6.15788], [6.88885, 6.15872], [6.88779, 6.16059], [6.88858, 6.16085], [6.88871, 6.16372], [6.88949, 6.16379], [6.89109, 6.164], [6.8912, 6.16934], [6.88982, 6.17699], [6.88731, 6.18166], [6.88578, 6.18334], [6.88551, 6.1852], [6.89059, 6.19024], [6.8965, 6.18402]]]}, "properties": {"name": "Ogbuike 1", "lga": "Oyi", "state": "an"}}, {"type": "Feature", "geometry": {"type": "Polygon", "coordinates": [[[6.81255, 6.09368], [6.80534, 6.09827], [6.7979, 6.1033], [6.79601, 6.10504], [6.79421, 6.10798], [6.79291, 6.1112], [6.79285, 6.11149], [6.79275, 6.11187], [6.79504, 6.11228], [6.79503, 6.11266], [6.79494, 6.11372], [6.8033, 6.11529], [6.80251, 6.11928], [6.80534, 6.1216], [6.80674, 6.12036], [6.80768, 6.11937], [6.80894, 6.11823], [6.81084, 6.1207], [6.81374, 6.12069], [6.81534, 6.11914], [6.81611, 6.11865], [6.81776, 6.12009], [6.81849, 6.12062], [6.82378, 6.11599], [6.82357, 6.11513], [6.82344, 6.11489], [6.82331, 6.11426], [6.8255, 6.11197], [6.83014, 6.1175], [6.83797, 6.11808], [6.83771, 6.1196], [6.83764, 6.12037], [6.83877, 6.11999], [6.84298, 6.11921], [6.84431, 6.11206], [6.8458, 6.11117], [6.84688, 6.11047], [6.84727, 6.1102], [6.85109, 6.11057], [6.85117, 6.10815], [6.84983, 6.10794], [6.84743, 6.10769], [6.84462, 6.10734], [6.8426, 6.10117], [6.84228, 6.101], [6.84197, 6.10106], [6.83907, 6.10065], [6.8386, 6.09922], [6.83735, 6.09887], [6.82623, 6.09795], [6.81811, 6.09561], [6.81377, 6.09288], [6.81329, 6.09333], [6.81301, 6.09325], [6.81255, 6.09368]]]}, "properties": {"name": "Obosi 1", "lga": "Idemili North", "state": "an"}}, {"type": "Feature", "geometry": {"type": "Polygon", "coordinates": [[[7.05553, 6.17004], [7.0573, 6.17213], [7.05851, 6.17166], [7.05958, 6.17135], [7.06097, 6.17107], [7.06336, 6.17281], [7.06394, 6.17071], [7.06957, 6.17158], [7.07153, 6.16735], [7.07207, 6.16723], [7.07249, 6.16695], [7.07276, 6.16691], [7.07531, 6.16997], [7.08404, 6.16392], [7.07774, 6.15614], [7.07024, 6.15245], [7.07034, 6.15202], [7.0635, 6.15197], [7.05709, 6.15016], [7.05576, 6.15206], [7.05528, 6.15153], [7.05461, 6.15116], [7.05203, 6.15218], [7.05208, 6.15304], [7.05217, 6.154], [7.04627, 6.15254], [7.04336, 6.1552], [7.05351, 6.15766], [7.05837, 6.16285], [7.05553, 6.17004]]]}, "properties": {"name": "Nibo 1", "lga": "Awka South", "state": "an"}}, {"type": "Feature", "geometry": {"type": "Polygon", "coordinates": [[[6.9333, 6.16669], [6.93328, 6.15639], [6.93821, 6.15727], [6.9459, 6.15475], [6.93317, 6.15173], [6.93121, 6.15334], [6.92324, 6.15091], [6.91917, 6.14986], [6.9158, 6.15067], [6.91786, 6.16348], [6.9215, 6.16451], [6.92831, 6.17092], [6.92938, 6.17082], [6.93052, 6.17039], [6.93126, 6.17063], [6.9333, 6.16669]]]}, "properties": {"name": "Umunnachi 1", "lga": "Dunukofia", "state": "an"}}, {"type": "Feature", "geometry": {"type": "Polygon", "coordinates": [[[7.25952, 6.08798], [7.2596, 6.08772], [7.2613, 6.07942], [7.26275, 6.07935], [7.27082, 6.07898], [7.26439, 6.05417], [7.2535, 6.05199], [7.24434, 6.04938], [7.23563, 6.05199], [7.22465, 6.05186], [7.22253, 6.05112], [7.22139, 6.057], [7.22166, 6.0588], [7.22238, 6.06074], [7.21955, 6.06678], [7.21927, 6.06752], [7.21405, 6.07821], [7.21324, 6.08423], [7.20845, 6.10371], [7.20849, 6.10837], [7.21111, 6.11094], [7.21421, 6.11266], [7.21939, 6.11421], [7.22409, 6.11679], [7.23654, 6.11839], [7.23971, 6.11424], [7.24838, 6.10873], [7.24972, 6.10649], [7.2548, 6.10472], [7.25952, 6.08798]]]}, "properties": {"name": "Ufuma 1", "lga": "Orumba North", "state": "an"}}, {"type": "Feature", "geometry": {"type": "Polygon", "coordinates": [[[7.06719, 6.09472], [7.06954, 6.0971], [7.071, 6.09883], [7.07145, 6.10089], [7.07394, 6.10571], [7.0758, 6.10905], [7.07641, 6.11128], [7.07645, 6.11603], [7.0767, 6.11688], [7.08398, 6.11185], [7.08435, 6.11194], [7.08557, 6.1121], [7.08646, 6.11215], [7.08925, 6.11743], [7.09005, 6.11808], [7.09402, 6.12111], [7.09627, 6.13328], [7.10702, 6.13095], [7.10707, 6.12886], [7.10693, 6.12848], [7.10829, 6.12725], [7.10558, 6.12361], [7.10587, 6.12112], [7.10392, 6.12037], [7.10277, 6.11956], [7.09987, 6.11717], [7.09463, 6.10552], [7.08461, 6.10277], [7.08928, 6.09819], [7.0897, 6.0935], [7.09155, 6.09257], [7.09338, 6.09156], [7.09381, 6.09118], [7.09418, 6.08987], [7.10445, 6.08967], [7.10583, 6.08591], [7.1061, 6.08549], [7.10717, 6.08497], [7.1087, 6.08386], [7.10636, 6.08161], [7.1008, 6.07711], [7.09686, 6.07715], [7.09543, 6.08277], [7.0948, 6.08301], [7.09296, 6.08306], [7.09177, 6.08319], [7.08996, 6.08298], [7.08875, 6.08313], [7.08862, 6.08234], [7.08865, 6.08152], [7.0885, 6.08107], [7.08746, 6.08092], [7.08654, 6.0805], [7.08593, 6.08012], [7.08575, 6.07969], [7.08549, 6.07853], [7.08056, 6.08039], [7.07545, 6.07987], [7.0742, 6.07875], [7.07197, 6.07778], [7.06994, 6.07831], [7.06774, 6.07939], [7.06719, 6.09472]]]}, "properties": {"name": "Awgbu 1", "lga": "Orumba North", "state": "an"}}, {"type": "Feature", "geometry": {"type": "Polygon", "coordinates": [[[6.77895, 6.12716], [6.77639, 6.12808], [6.76756, 6.13114], [6.75792, 6.13491], [6.75855, 6.13796], [6.76559, 6.1367], [6.76606, 6.13641], [6.76876, 6.13466], [6.76881, 6.13334], [6.77404, 6.1329], [6.77757, 6.13269], [6.77933, 6.13261], [6.77943, 6.13398], [6.77983, 6.13394], [6.78068, 6.13391], [6.78087, 6.12791], [6.78272, 6.12811], [6.78283, 6.12757], [6.7826, 6.12704], [6.77895, 6.12716]]]}, "properties": {"name": "Bridge Head 1", "lga": "Onitsha South", "state": "an"}}, {"type": "Feature", "geometry": {"type": "Polygon", "coordinates": [[[7.20347, 5.97154], [7.20407, 5.97126], [7.20592, 5.97131], [7.2101, 5.97496], [7.22395, 5.97921], [7.22638, 5.97875], [7.23667, 5.96709], [7.23993, 5.97151], [7.24489, 5.97144], [7.24431, 5.96826], [7.24044, 5.96601], [7.24201, 5.9649], [7.24319, 5.96391], [7.24422, 5.96299], [7.24028, 5.95629], [7.23011, 5.94631], [7.2288, 5.93284], [7.215, 5.93035], [7.21212, 5.92893], [7.20952, 5.92723], [7.20778, 5.92581], [7.20604, 5.9241], [7.20284, 5.92096], [7.1941, 5.92724], [7.19227, 5.93146], [7.19179, 5.94608], [7.18556, 5.94475], [7.18885, 5.95459], [7.19121, 5.96851], [7.1909, 5.96889], [7.18632, 5.97819], [7.18711, 5.97934], [7.18801, 5.98081], [7.18909, 5.98242], [7.19161, 5.98145], [7.19461, 5.98088], [7.20347, 5.97154]]]}, "properties": {"name": "Umunze 1", "lga": "Orumba South", "state": "an"}}, {"type": "Feature", "geometry": {"type": "Polygon", "coordinates": [[[6.72551, 6.04075], [6.74971, 6.02891], [6.75171, 6.02767], [6.75242, 6.02691], [6.75375, 6.02586], [6.75864, 6.02534], [6.75506, 6.01654], [6.75322, 6.00871], [6.74951, 6.00767], [6.74797, 6.00734], [6.74731, 6.00822], [6.74625, 6.00822], [6.74347, 6.00423], [6.7425, 6.00576], [6.74313, 6.008], [6.74296, 6.00923], [6.74162, 6.01071], [6.73918, 6.00813], [6.73351, 6.00078], [6.72689, 5.99818], [6.71968, 5.99616], [6.72453, 6.01227], [6.72649, 6.02893], [6.72551, 6.04075]]]}, "properties": {"name": "Atani 1", "lga": "Ogbaru", "state": "an"}}, {"type": "Feature", "geometry": {"type": "Polygon", "coordinates": [[[7.07774, 6.15614], [7.08404, 6.16392], [7.08115, 6.14986], [7.07381, 6.14193], [7.07176, 6.14698], [7.0678, 6.14306], [7.06452, 6.14412], [7.06214, 6.1426], [7.05937, 6.14222], [7.05865, 6.14243], [7.0584, 6.14313], [7.05216, 6.14084], [7.05136, 6.1408], [7.05077, 6.14095], [7.05023, 6.14128], [7.04795, 6.1351], [7.04438, 6.13552], [7.04339, 6.13698], [7.03911, 6.13587], [7.03483, 6.13863], [7.03466, 6.13857], [7.03472, 6.13764], [7.03481, 6.13636], [7.02742, 6.13811], [7.02066, 6.13562], [7.01997, 6.1377], [7.01734, 6.13951], [7.01484, 6.13882], [7.01244, 6.14078], [7.01413, 6.14487], [7.01324, 6.14494], [7.01305, 6.14523], [7.01232, 6.15027], [7.01441, 6.15584], [7.01399, 6.15797], [7.02001, 6.1522], [7.02028, 6.15311], [7.02077, 6.15368], [7.02131, 6.15438], [7.02797, 6.15551], [7.03026, 6.15546], [7.03106, 6.15144], [7.04336, 6.1552], [7.04627, 6.15254], [7.05217, 6.154], [7.05208, 6.15304], [7.05203, 6.15218], [7.05461, 6.15116], [7.05528, 6.15153], [7.05576, 6.15206], [7.05709, 6.15016], [7.0635, 6.15197], [7.07034, 6.15202], [7.07024, 6.15245], [7.07774, 6.15614]]]}, "properties": {"name": "Nise 1", "lga": "Awka South", "state": "an"}}, {"type": "Feature", "geometry": {"type": "Polygon", "coordinates": [[[7.26403, 5.99147], [7.26224, 5.99402], [7.26385, 5.99518], [7.26486, 5.99779], [7.26545, 5.99958], [7.26575, 6.0024], [7.26619, 6.00538], [7.26961, 6.01177], [7.27066, 6.0143], [7.27682, 6.03278], [7.28855, 6.03004], [7.29296, 6.02427], [7.29403, 6.0232], [7.29531, 6.02212], [7.29824, 6.0202], [7.30163, 5.99813], [7.2726, 5.99765], [7.26403, 5.99147]]]}, "properties": {"name": "Ogbunka 1", "lga": "Orumba South", "state": "an"}}, {"type": "Feature", "geometry": {"type": "Polygon", "coordinates": [[[7.32572, 6.0197], [7.32694, 6.01884], [7.3278, 6.01764], [7.32786, 6.01756], [7.32256, 6.00384], [7.31828, 5.9986], [7.31707, 5.99857], [7.30163, 5.99813], [7.29824, 6.0202], [7.30031, 6.0197], [7.30159, 6.01955], [7.30466, 6.01948], [7.31844, 6.02412], [7.32572, 6.0197]]]}, "properties": {"name": "Owelle-Ezukala 1", "lga": "Orumba South", "state": "an"}}, {"type": "Feature", "geometry": {"type": "Polygon", "coordinates": [[[6.78754, 5.80432], [6.8008, 5.78456], [6.79396, 5.7742], [6.76168, 5.75785], [6.75137, 5.74955], [6.73012, 5.75069], [6.71431, 5.7613], [6.70531, 5.76455], [6.6788, 5.77999], [6.68341, 5.81708], [6.69088, 5.82039], [6.69535, 5.82903], [6.69477, 5.8348], [6.69929, 5.83882], [6.71164, 5.83947], [6.74612, 5.8513], [6.75981, 5.85248], [6.76728, 5.83586], [6.77551, 5.82956], [6.78434, 5.80894], [6.78754, 5.80432]]]}, "properties": {"name": "Oniocha", "lga": "Ogbaru", "state": "an"}}, {"type": "Feature", "geometry": {"type": "Polygon", "coordinates": [[[6.80099, 5.92722], [6.78734, 5.9043], [6.7815, 5.90192], [6.76779, 5.89982], [6.76122, 5.89273], [6.75993, 5.88502], [6.75822, 5.885], [6.75494, 5.88516], [6.75273, 5.88857], [6.74843, 5.88959], [6.73347, 5.89093], [6.71457, 5.90381], [6.70516, 5.91258], [6.6937, 5.91816], [6.6965, 5.92376], [6.70014, 5.92934], [6.70299, 5.94062], [6.70944, 5.95933], [6.71588, 5.9699], [6.72455, 5.97032], [6.73241, 5.97441], [6.74611, 5.97434], [6.74537, 5.96828], [6.75288, 5.96376], [6.76437, 5.96461], [6.7701, 5.96184], [6.78067, 5.96341], [6.79495, 5.96177], [6.79886, 5.94993], [6.80099, 5.92722]]]}, "properties": {"name": "Ogba 1 O A / Umu", "lga": "Ogbaru", "state": "an"}}, {"type": "Feature", "geometry": {"type": "Polygon", "coordinates": [[[6.71629, 5.97727], [6.71651, 5.981], [6.71968, 5.99616], [6.72689, 5.99818], [6.73118, 5.99514], [6.73966, 5.99067], [6.74498, 5.98765], [6.74724, 5.98453], [6.74611, 5.97434], [6.73241, 5.97441], [6.72455, 5.97032], [6.71588, 5.9699], [6.71629, 5.97727]]]}, "properties": {"name": "A Ozizor", "lga": "Ogbaru", "state": "an"}}, {"type": "Feature", "geometry": {"type": "Polygon", "coordinates": [[[6.95928, 6.17749], [6.9576, 6.17687], [6.95608, 6.17663], [6.95511, 6.17492], [6.95193, 6.17673], [6.9503, 6.17687], [6.94996, 6.17677], [6.95257, 6.18136], [6.9533, 6.18293], [6.95314, 6.18385], [6.96201, 6.18484], [6.9599, 6.18093], [6.95928, 6.17749]]]}, "properties": {"name": "Abagana 4", "lga": "Njikoka", "state": "an"}}, {"type": "Feature", "geometry": {"type": "Polygon", "coordinates": [[[6.86806, 6.07941], [6.84662, 6.07382], [6.84582, 6.07496], [6.84474, 6.07626], [6.84494, 6.07751], [6.84496, 6.07845], [6.84562, 6.07881], [6.84693, 6.07947], [6.84766, 6.08067], [6.84779, 6.08193], [6.84407, 6.08888], [6.84529, 6.097], [6.84288, 6.0976], [6.83961, 6.09799], [6.8386, 6.09922], [6.83907, 6.10065], [6.84197, 6.10106], [6.84228, 6.101], [6.8426, 6.10117], [6.84462, 6.10734], [6.85858, 6.1088], [6.86211, 6.10666], [6.86252, 6.10771], [6.86276, 6.10792], [6.86397, 6.10787], [6.86477, 6.10786], [6.86558, 6.10772], [6.86629, 6.10737], [6.86705, 6.1071], [6.86636, 6.10639], [6.86588, 6.1061], [6.86443, 6.10541], [6.86603, 6.10323], [6.86681, 6.1027], [6.86854, 6.10162], [6.87056, 6.10349], [6.87493, 6.10245], [6.87438, 6.09754], [6.87587, 6.09857], [6.87602, 6.09857], [6.87717, 6.09795], [6.87802, 6.09771], [6.87365, 6.09242], [6.87109, 6.09188], [6.87134, 6.09015], [6.87159, 6.08683], [6.8697, 6.08458], [6.87179, 6.0822], [6.86806, 6.07941]]]}, "properties": {"name": "Nkpor Uno", "lga": "Idemili North", "state": "an"}}, {"type": "Feature", "geometry": {"type": "Polygon", "coordinates": [[[6.95543, 6.12578], [6.95713, 6.1252], [6.9563, 6.12156], [6.95558, 6.12108], [6.95327, 6.12085], [6.95109, 6.11874], [6.9492, 6.12021], [6.94869, 6.12287], [6.94784, 6.12288], [6.94685, 6.12275], [6.94661, 6.12283], [6.9427, 6.13044], [6.9502, 6.13191], [6.94977, 6.13044], [6.95143, 6.13034], [6.95543, 6.12578]]]}, "properties": {"name": "Abacha", "lga": "Idemili North", "state": "an"}}, {"type": "Feature", "geometry": {"type": "Polygon", "coordinates": [[[6.83546, 6.33864], [6.83268, 6.34187], [6.83317, 6.34533], [6.83389, 6.34775], [6.83138, 6.35066], [6.83194, 6.35096], [6.8327, 6.35208], [6.83281, 6.35406], [6.83925, 6.35673], [6.84226, 6.35386], [6.84496, 6.35271], [6.84654, 6.34992], [6.84322, 6.34699], [6.84208, 6.34406], [6.84153, 6.34211], [6.84197, 6.34149], [6.84307, 6.34207], [6.84441, 6.34271], [6.84494, 6.3421], [6.84543, 6.34181], [6.84475, 6.33775], [6.84154, 6.33714], [6.83717, 6.33379], [6.83546, 6.33864]]]}, "properties": {"name": "Umuoba Anam", "lga": "Anambra East", "state": "an"}}, {"type": "Feature", "geometry": {"type": "Polygon", "coordinates": [[[7.07727, 6.31898], [7.06219, 6.30846], [7.05094, 6.31119], [7.05039, 6.31144], [7.04785, 6.309], [7.04596, 6.30624], [7.04594, 6.30319], [7.0447, 6.30034], [7.04352, 6.29868], [7.04168, 6.29734], [7.04083, 6.29729], [7.04027, 6.29881], [7.0397, 6.29841], [7.03886, 6.29749], [7.03496, 6.2981], [7.03384, 6.29645], [7.02923, 6.29472], [7.02767, 6.29678], [7.02485, 6.29715], [7.02186, 6.29827], [7.01648, 6.30586], [7.00844, 6.31173], [7.01333, 6.31503], [7.02012, 6.31807], [7.04419, 6.31874], [7.05121, 6.32799], [7.0608, 6.32379], [7.06562, 6.3224], [7.06846, 6.32023], [7.07727, 6.31898]]]}, "properties": {"name": "Amanuke", "lga": "Awka North", "state": "an"}}, {"type": "Feature", "geometry": {"type": "Polygon", "coordinates": [[[6.78515, 6.30686], [6.78026, 6.30607], [6.77831, 6.30578], [6.77443, 6.30913], [6.77108, 6.31164], [6.766, 6.31603], [6.7644, 6.32071], [6.76268, 6.31966], [6.756, 6.31616], [6.75213, 6.31555], [6.74766, 6.30865], [6.7436, 6.30669], [6.74021, 6.30646], [6.73792, 6.3043], [6.73644, 6.28956], [6.73086, 6.27072], [6.72313, 6.26558], [6.72198, 6.27446], [6.72211, 6.28272], [6.71397, 6.34542], [6.71827, 6.34271], [6.73016, 6.35112], [6.7449, 6.35312], [6.75211, 6.34755], [6.75625, 6.34712], [6.7695, 6.35526], [6.78198, 6.35551], [6.78381, 6.36047], [6.78324, 6.36232], [6.7909, 6.36667], [6.79463, 6.35632], [6.81078, 6.35106], [6.81689, 6.34423], [6.8202, 6.33958], [6.81881, 6.33495], [6.81745, 6.333], [6.81395, 6.3271], [6.81091, 6.32373], [6.80888, 6.31466], [6.80285, 6.31194], [6.80104, 6.31541], [6.79776, 6.32296], [6.79279, 6.32316], [6.78515, 6.30686]]]}, "properties": {"name": "Oroma", "lga": "Anambra West", "state": "an"}}, {"type": "Feature", "geometry": {"type": "Polygon", "coordinates": [[[6.78416, 6.25578], [6.78217, 6.23892], [6.78396, 6.22082], [6.78663, 6.21028], [6.78592, 6.20648], [6.7812, 6.18549], [6.76259, 6.18563], [6.75365, 6.19282], [6.7512, 6.19652], [6.74617, 6.20413], [6.7427, 6.20937], [6.73101, 6.23909], [6.72615, 6.25986], [6.72313, 6.26558], [6.73086, 6.27072], [6.73644, 6.28956], [6.73792, 6.3043], [6.74021, 6.30646], [6.7436, 6.30669], [6.74766, 6.30865], [6.75213, 6.31555], [6.756, 6.31616], [6.76268, 6.31966], [6.7644, 6.32071], [6.766, 6.31603], [6.77108, 6.31164], [6.77443, 6.30913], [6.77831, 6.30578], [6.78026, 6.30607], [6.78515, 6.30686], [6.78482, 6.29484], [6.78997, 6.27334], [6.78488, 6.26748], [6.78416, 6.25578]]]}, "properties": {"name": "Ezi Anam", "lga": "Anambra West", "state": "an"}}, {"type": "Feature", "geometry": {"type": "Polygon", "coordinates": [[[7.02757, 6.23681], [7.01836, 6.23694], [7.01033, 6.24108], [7.01094, 6.24347], [7.01107, 6.25431], [7.0104, 6.25614], [7.00972, 6.25755], [7.00782, 6.26006], [7.00404, 6.26255], [7.00127, 6.26509], [7.00227, 6.28209], [7.00145, 6.28826], [7.01343, 6.28548], [7.03398, 6.27488], [7.03575, 6.27683], [7.03643, 6.27713], [7.03778, 6.27743], [7.03919, 6.2777], [7.03845, 6.27907], [7.03971, 6.27943], [7.04268, 6.28066], [7.04399, 6.27959], [7.04493, 6.27926], [7.04658, 6.27862], [7.04602, 6.27762], [7.04686, 6.27699], [7.04776, 6.27599], [7.04779, 6.27196], [7.04471, 6.27057], [7.05372, 6.26664], [7.05079, 6.26155], [7.05358, 6.26143], [7.05389, 6.26262], [7.05944, 6.26156], [7.06255, 6.25651], [7.05618, 6.24461], [7.05296, 6.24554], [7.04966, 6.24798], [7.04714, 6.24736], [7.03554, 6.23669], [7.02946, 6.23587], [7.02846, 6.23636], [7.02793, 6.23673], [7.02757, 6.23681]]]}, "properties": {"name": "Isuani Ocha", "lga": "Awka North", "state": "an"}}, {"type": "Feature", "geometry": {"type": "Polygon", "coordinates": [[[7.26439, 6.05417], [7.27082, 6.07898], [7.2849, 6.07774], [7.30948, 6.07896], [7.30964, 6.07646], [7.30729, 6.0748], [7.30585, 6.07271], [7.30392, 6.07101], [7.30244, 6.06728], [7.30057, 6.06555], [7.29721, 6.05259], [7.29783, 6.05083], [7.29954, 6.04815], [7.30176, 6.04652], [7.30381, 6.04502], [7.31015, 6.04502], [7.30041, 6.03584], [7.28855, 6.03004], [7.27682, 6.03278], [7.26892, 6.03886], [7.26099, 6.03267], [7.25628, 6.03286], [7.24695, 6.03657], [7.24467, 6.03643], [7.24134, 6.03452], [7.23725, 6.02871], [7.23098, 6.02481], [7.2294, 6.02621], [7.2226, 6.03055], [7.22147, 6.03136], [7.2208, 6.03102], [7.22022, 6.03055], [7.21906, 6.03024], [7.21841, 6.03163], [7.19967, 6.02877], [7.19721, 6.03068], [7.19683, 6.02996], [7.19624, 6.02965], [7.19532, 6.02937], [7.19162, 6.03129], [7.19057, 6.03056], [7.19036, 6.02955], [7.1885, 6.02952], [7.18719, 6.04668], [7.19062, 6.04786], [7.19391, 6.04575], [7.19571, 6.04812], [7.19627, 6.04646], [7.19638, 6.04577], [7.2005, 6.0427], [7.20468, 6.04716], [7.2094, 6.04696], [7.21022, 6.05035], [7.21322, 6.04912], [7.21652, 6.04965], [7.21821, 6.04827], [7.22181, 6.05084], [7.22253, 6.05112], [7.22465, 6.05186], [7.23563, 6.05199], [7.24434, 6.04938], [7.2535, 6.05199], [7.26439, 6.05417]]]}, "properties": {"name": "Umuchukwu", "lga": "Orumba South", "state": "an"}}, {"type": "Feature", "geometry": {"type": "Polygon", "coordinates": [[[6.99096, 6.21005], [6.9933, 6.21683], [6.99445, 6.2224], [7.00054, 6.21969], [6.99835, 6.21093], [6.99096, 6.21005]]]}, "properties": {"name": "Abba 1", "lga": "Njikoka", "state": "an"}}, {"type": "Feature", "geometry": {"type": "Polygon", "coordinates": [[[7.0498, 6.34958], [7.01993, 6.35517], [7.02338, 6.37526], [7.02353, 6.37556], [7.04689, 6.39924], [7.06054, 6.41223], [7.07478, 6.42312], [7.07988, 6.42505], [7.08115, 6.4267], [7.08432, 6.42621], [7.08944, 6.42626], [7.09998, 6.41865], [7.11387, 6.40315], [7.08893, 6.38836], [7.08459, 6.37847], [7.07056, 6.3693], [7.0498, 6.34958]]]}, "properties": {"name": "Ugbene", "lga": "Awka North", "state": "an"}}, {"type": "Feature", "geometry": {"type": "Polygon", "coordinates": [[[7.21939, 6.11421], [7.21596, 6.12605], [7.20443, 6.15421], [7.20711, 6.16326], [7.21239, 6.16817], [7.21982, 6.1732], [7.22409, 6.17442], [7.22328, 6.16894], [7.22159, 6.15757], [7.22396, 6.1426], [7.22947, 6.12763], [7.23654, 6.11839], [7.22409, 6.11679], [7.21939, 6.11421]]]}, "properties": {"name": "Okpeze", "lga": "Orumba North", "state": "an"}}, {"type": "Feature", "geometry": {"type": "Polygon", "coordinates": [[[6.96383, 6.36263], [6.96823, 6.35437], [6.97062, 6.35242], [6.97116, 6.35131], [6.97189, 6.34573], [6.97493, 6.34249], [6.97598, 6.33707], [6.97732, 6.33429], [6.97663, 6.32992], [6.97562, 6.32761], [6.98098, 6.31608], [6.98781, 6.30486], [6.98061, 6.2941], [6.96672, 6.28293], [6.94725, 6.28292], [6.95137, 6.28747], [6.95757, 6.2978], [6.95906, 6.30805], [6.95349, 6.32103], [6.95007, 6.32531], [6.94835, 6.33181], [6.9492, 6.33493], [6.95111, 6.34006], [6.95082, 6.34321], [6.94794, 6.34856], [6.94507, 6.35061], [6.93933, 6.35345], [6.93619, 6.35371], [6.93304, 6.36025], [6.92752, 6.39837], [6.92777, 6.40669], [6.95325, 6.41979], [6.96412, 6.40787], [6.96918, 6.39293], [6.96383, 6.36263]]]}, "properties": {"name": "Igbariam", "lga": "Anambra East", "state": "an"}}, {"type": "Feature", "geometry": {"type": "Polygon", "coordinates": [[[6.85101, 6.43469], [6.84865, 6.45042], [6.84509, 6.46441], [6.8359, 6.47839], [6.8358, 6.48927], [6.83749, 6.4998], [6.84318, 6.5194], [6.84476, 6.52999], [6.85828, 6.55827], [6.89984, 6.55489], [6.90428, 6.54836], [6.91068, 6.51592], [6.90846, 6.51206], [6.9084, 6.51139], [6.8933, 6.49258], [6.89328, 6.48559], [6.89325, 6.47279], [6.89248, 6.45548], [6.8957, 6.4341], [6.85101, 6.43469]]]}, "properties": {"name": "Eziagulu Otu", "lga": "Anambra East", "state": "an"}}, {"type": "Feature", "geometry": {"type": "Polygon", "coordinates": [[[6.94945, 6.5617], [6.95344, 6.5332], [6.95224, 6.53192], [6.95092, 6.53265], [6.9454, 6.5306], [6.93872, 6.53003], [6.92778, 6.53983], [6.92135, 6.54303], [6.91399, 6.55009], [6.90735, 6.5546], [6.89984, 6.55489], [6.90482, 6.56572], [6.90505, 6.57093], [6.90701, 6.5722], [6.90983, 6.57181], [6.91419, 6.56916], [6.9207, 6.57094], [6.92359, 6.57357], [6.94945, 6.5617]]]}, "properties": {"name": "Igbakwu", "lga": "Ayamelum", "state": "an"}}, {"type": "Feature", "geometry": {"type": "Polygon", "coordinates": [[[6.92777, 6.40669], [6.9087, 6.39659], [6.89181, 6.41198], [6.8957, 6.4341], [6.89248, 6.45548], [6.89325, 6.47279], [6.89328, 6.48559], [6.8933, 6.49258], [6.9084, 6.51139], [6.92122, 6.50549], [6.92092, 6.50392], [6.9232, 6.50347], [6.92627, 6.49841], [6.92963, 6.49392], [6.9315, 6.48826], [6.93335, 6.48908], [6.9354, 6.48815], [6.9449, 6.48073], [6.95548, 6.48317], [6.96047, 6.48244], [6.96294, 6.47795], [6.96536, 6.47576], [6.96818, 6.47338], [6.96925, 6.46924], [6.96676, 6.45702], [6.96743, 6.44474], [6.95325, 6.41979], [6.92777, 6.40669]]]}, "properties": {"name": "Anaku", "lga": "Ayamelum", "state": "an"}}, {"type": "Feature", "geometry": {"type": "Polygon", "coordinates": [[[6.75625, 6.34712], [6.75211, 6.34755], [6.7449, 6.35312], [6.73016, 6.35112], [6.71827, 6.34271], [6.71397, 6.34542], [6.71282, 6.35337], [6.71225, 6.35495], [6.70731, 6.36858], [6.69977, 6.38169], [6.69471, 6.40743], [6.74213, 6.41968], [6.75226, 6.41933], [6.75692, 6.41353], [6.76042, 6.41178], [6.75886, 6.40386], [6.75971, 6.38298], [6.76279, 6.37898], [6.76403, 6.37448], [6.76444, 6.36947], [6.78324, 6.36232], [6.78381, 6.36047], [6.78198, 6.35551], [6.7695, 6.35526], [6.75625, 6.34712]]]}, "properties": {"name": "Umuem", "lga": "Anambra West", "state": "an"}}, {"type": "Feature", "geometry": {"type": "Polygon", "coordinates": [[[7.16611, 6.10856], [7.15786, 6.10807], [7.1543, 6.11023], [7.15073, 6.10759], [7.14433, 6.09704], [7.14265, 6.09116], [7.13846, 6.08652], [7.13791, 6.08623], [7.13698, 6.086], [7.1358, 6.08588], [7.13747, 6.08238], [7.13858, 6.08007], [7.13753, 6.07946], [7.13704, 6.07925], [7.13727, 6.07882], [7.13745, 6.07809], [7.13757, 6.07766], [7.14351, 6.06999], [7.14317, 6.06948], [7.14301, 6.06763], [7.12796, 6.07132], [7.12882, 6.07348], [7.1285, 6.07379], [7.12664, 6.07421], [7.12515, 6.077], [7.12495, 6.08225], [7.11752, 6.08326], [7.11747, 6.08665], [7.11869, 6.08698], [7.11894, 6.08739], [7.11826, 6.08795], [7.11729, 6.08789], [7.11766, 6.08872], [7.11997, 6.08965], [7.12042, 6.09022], [7.1188, 6.09274], [7.12086, 6.09316], [7.12705, 6.10052], [7.12471, 6.10345], [7.12787, 6.10353], [7.12813, 6.10419], [7.12861, 6.10501], [7.12934, 6.10487], [7.12756, 6.10994], [7.13025, 6.1107], [7.12884, 6.11235], [7.12926, 6.11262], [7.12953, 6.11333], [7.12995, 6.11447], [7.12886, 6.11673], [7.12229, 6.11608], [7.12159, 6.11773], [7.11841, 6.11746], [7.11704, 6.12012], [7.11608, 6.12201], [7.11576, 6.12353], [7.12919, 6.13203], [7.13032, 6.13115], [7.1309, 6.13084], [7.13225, 6.13135], [7.13307, 6.13177], [7.13408, 6.13205], [7.13447, 6.13146], [7.13489, 6.13019], [7.13548, 6.13014], [7.13585, 6.13098], [7.13591, 6.13181], [7.13653, 6.13251], [7.14005, 6.13515], [7.14111, 6.13409], [7.14082, 6.13352], [7.14083, 6.13243], [7.15452, 6.12884], [7.16102, 6.13109], [7.16611, 6.10856]]]}, "properties": {"name": "Ndikelionwu", "lga": "Orumba North", "state": "an"}}, {"type": "Feature", "geometry": {"type": "Polygon", "coordinates": [[[7.1387, 6.2111], [7.15061, 6.22864], [7.16169, 6.23121], [7.16352, 6.23167], [7.17275, 6.23398], [7.18624, 6.23847], [7.1893, 6.23949], [7.19954, 6.23477], [7.20295, 6.22044], [7.20348, 6.21822], [7.20393, 6.21275], [7.20426, 6.20877], [7.20899, 6.20247], [7.21844, 6.19617], [7.22396, 6.19144], [7.22475, 6.17884], [7.22409, 6.17442], [7.21982, 6.1732], [7.21239, 6.16817], [7.20711, 6.16326], [7.20443, 6.15421], [7.20079, 6.15246], [7.19454, 6.14918], [7.18949, 6.14799], [7.18235, 6.14591], [7.17623, 6.14468], [7.1758, 6.15152], [7.17781, 6.15885], [7.1762, 6.15798], [7.17247, 6.15578], [7.17007, 6.1578], [7.15473, 6.1679], [7.15011, 6.17641], [7.15073, 6.1783], [7.1387, 6.2111]]]}, "properties": {"name": "Ndiukwuenu", "lga": "Orumba North", "state": "an"}}, {"type": "Feature", "geometry": {"type": "Polygon", "coordinates": [[[7.17161, 6.09906], [7.16778, 6.09671], [7.16931, 6.08833], [7.16918, 6.0878], [7.16888, 6.08719], [7.16847, 6.08619], [7.15885, 6.08111], [7.16137, 6.07617], [7.15315, 6.07208], [7.14651, 6.0718], [7.14522, 6.07133], [7.14463, 6.07053], [7.14351, 6.06999], [7.13757, 6.07766], [7.13745, 6.07809], [7.13727, 6.07882], [7.13704, 6.07925], [7.13753, 6.07946], [7.13858, 6.08007], [7.13747, 6.08238], [7.1358, 6.08588], [7.13698, 6.086], [7.13791, 6.08623], [7.13846, 6.08652], [7.14265, 6.09116], [7.14433, 6.09704], [7.14959, 6.10658], [7.1543, 6.11023], [7.15786, 6.10807], [7.16611, 6.10856], [7.16652, 6.10643], [7.16815, 6.10375], [7.17161, 6.09906]]]}, "properties": {"name": "Omogho", "lga": "Orumba North", "state": "an"}}, {"type": "Feature", "geometry": {"type": "Polygon", "coordinates": [[[7.09627, 6.13328], [7.09402, 6.12111], [7.09005, 6.11808], [7.08925, 6.11743], [7.08646, 6.11215], [7.08557, 6.1121], [7.08435, 6.11194], [7.08398, 6.11185], [7.0767, 6.11688], [7.06481, 6.11798], [7.06226, 6.12841], [7.05985, 6.13288], [7.05608, 6.12836], [7.05585, 6.12785], [7.05551, 6.12631], [7.05535, 6.12553], [7.05138, 6.13179], [7.04559, 6.13006], [7.04513, 6.13053], [7.0416, 6.13219], [7.04144, 6.13222], [7.04109, 6.13262], [7.03911, 6.13587], [7.04339, 6.13698], [7.04438, 6.13552], [7.04795, 6.1351], [7.05023, 6.14128], [7.05077, 6.14095], [7.05136, 6.1408], [7.05216, 6.14084], [7.0584, 6.14313], [7.05865, 6.14243], [7.05937, 6.14222], [7.06214, 6.1426], [7.06452, 6.14412], [7.0678, 6.14306], [7.07176, 6.14698], [7.07322, 6.14156], [7.0798, 6.14795], [7.0832, 6.14774], [7.08476, 6.14072], [7.09305, 6.13827], [7.09627, 6.13328]]]}, "properties": {"name": "Mbaukwu", "lga": "Awka South", "state": "an"}}, {"type": "Feature", "geometry": {"type": "Polygon", "coordinates": [[[6.77653, 6.01714], [6.77752, 6.05649], [6.78511, 6.05471], [6.8043, 6.0519], [6.80931, 6.05016], [6.81622, 6.04554], [6.8212, 6.04188], [6.83087, 6.04124], [6.83446, 6.04107], [6.84158, 6.04454], [6.84226, 6.044], [6.84318, 6.04385], [6.84524, 6.04422], [6.8478, 6.03553], [6.85095, 6.03081], [6.84401, 6.02956], [6.84531, 6.02599], [6.8457, 6.02508], [6.84559, 6.02293], [6.84902, 6.01811], [6.84751, 6.01798], [6.8435, 6.01707], [6.84199, 6.01625], [6.84193, 6.01576], [6.84187, 6.01539], [6.83604, 6.01743], [6.83295, 6.0126], [6.82982, 6.01112], [6.82477, 6.01061], [6.81756, 6.01262], [6.81632, 6.01063], [6.81569, 6.00982], [6.81567, 6.00829], [6.80345, 6.0023], [6.80236, 6.0024], [6.79978, 6.00327], [6.79572, 6.00497], [6.78268, 6.01764], [6.77653, 6.01714]]]}, "properties": {"name": "Ibolo", "lga": "Ekwusigo", "state": "an"}}, {"type": "Feature", "geometry": {"type": "Polygon", "coordinates": [[[6.8416, 6.00628], [6.84343, 6.00599], [6.84509, 6.00599], [6.84948, 6.00557], [6.84953, 6.00033], [6.85101, 5.99873], [6.85055, 5.99859], [6.85, 5.99756], [6.84993, 5.99727], [6.85016, 5.99665], [6.85058, 5.99494], [6.85037, 5.99309], [6.8474, 5.9866], [6.84463, 5.98699], [6.8428, 5.98647], [6.8408, 5.98652], [6.83901, 5.98843], [6.83674, 5.98931], [6.83479, 5.98842], [6.82582, 5.98639], [6.82158, 5.98373], [6.81698, 5.98221], [6.81538, 5.97836], [6.8142, 5.97894], [6.81271, 5.97855], [6.80947, 5.97706], [6.80608, 5.97649], [6.80037, 5.9735], [6.8033, 5.98798], [6.8028, 5.99084], [6.79188, 6.00218], [6.79572, 6.00497], [6.79978, 6.00327], [6.80236, 6.0024], [6.80571, 6.00292], [6.80635, 6.00361], [6.80695, 6.00447], [6.8074, 6.0049], [6.81567, 6.00829], [6.81569, 6.00982], [6.81632, 6.01063], [6.81756, 6.01262], [6.81933, 6.01133], [6.82757, 6.01108], [6.82836, 6.00953], [6.82953, 6.00912], [6.8416, 6.00628]]]}, "properties": {"name": "Ifite", "lga": "Ekwusigo", "state": "an"}}, {"type": "Feature", "geometry": {"type": "Polygon", "coordinates": [[[6.84302, 5.78472], [6.84977, 5.78551], [6.86399, 5.78434], [6.85236, 5.77729], [6.85209, 5.77336], [6.8531, 5.77258], [6.85326, 5.77231], [6.8533, 5.77199], [6.84956, 5.76342], [6.83258, 5.77397], [6.82265, 5.78179], [6.81268, 5.78702], [6.81068, 5.78761], [6.80437, 5.78607], [6.8008, 5.78456], [6.78754, 5.80432], [6.78822, 5.80446], [6.80228, 5.80902], [6.80109, 5.8137], [6.80272, 5.81416], [6.80388, 5.81435], [6.80439, 5.8143], [6.80496, 5.8125], [6.80937, 5.8126], [6.80879, 5.81773], [6.81059, 5.82418], [6.81767, 5.82398], [6.81733, 5.82662], [6.81694, 5.82838], [6.82011, 5.82831], [6.82143, 5.8331], [6.82616, 5.82757], [6.82638, 5.82708], [6.82482, 5.82276], [6.82508, 5.81305], [6.82717, 5.81061], [6.8308, 5.80676], [6.83235, 5.80376], [6.83151, 5.80227], [6.83256, 5.79979], [6.83499, 5.79707], [6.83655, 5.79571], [6.83423, 5.79626], [6.83249, 5.79528], [6.83178, 5.79433], [6.83189, 5.79314], [6.83747, 5.79026], [6.83798, 5.78908], [6.83795, 5.78872], [6.83993, 5.78824], [6.84092, 5.78548], [6.84302, 5.78472]]]}, "properties": {"name": "Umuoma Ward 3 Uli", "lga": "Ihiala", "state": "an"}}, {"type": "Feature", "geometry": {"type": "Polygon", "coordinates": [[[6.97165, 5.95812], [6.97363, 5.96374], [6.97776, 5.96342], [6.98092, 5.96571], [6.98576, 5.96457], [6.98739, 5.96225], [6.98923, 5.96356], [6.99706, 5.96103], [6.99667, 5.95871], [6.99694, 5.95692], [6.99803, 5.95537], [6.99934, 5.95369], [7.00529, 5.95182], [7.00661, 5.95022], [7.00856, 5.9471], [7.00976, 5.94577], [7.01216, 5.94509], [7.01182, 5.94388], [7.01189, 5.94372], [7.01165, 5.94273], [7.01514, 5.93666], [7.01186, 5.93163], [7.01146, 5.93124], [7.01079, 5.93127], [7.01024, 5.93074], [6.99963, 5.93675], [7.00139, 5.92834], [7.00228, 5.92722], [7.00456, 5.9261], [7.00574, 5.92537], [7.00706, 5.92249], [7.00754, 5.92203], [6.99902, 5.91059], [6.99102, 5.9174], [6.98817, 5.91845], [6.98615, 5.91755], [6.98605, 5.91864], [6.98619, 5.92346], [6.98593, 5.92589], [6.98453, 5.9244], [6.983, 5.92409], [6.98091, 5.92499], [6.98013, 5.92526], [6.98114, 5.92759], [6.97638, 5.92951], [6.97486, 5.92639], [6.96532, 5.92952], [6.96788, 5.9374], [6.96605, 5.94376], [6.96429, 5.94541], [6.96269, 5.94735], [6.9687, 5.94651], [6.96889, 5.94394], [6.97074, 5.94613], [6.97135, 5.94767], [6.97218, 5.94902], [6.97326, 5.95003], [6.97165, 5.95812]]]}, "properties": {"name": "Osumenyi Iiii", "lga": "Nnewi South", "state": "an"}}, {"type": "Feature", "geometry": {"type": "Polygon", "coordinates": [[[7.12796, 6.07132], [7.14301, 6.06763], [7.14317, 6.06948], [7.14351, 6.06999], [7.14463, 6.07053], [7.14522, 6.07133], [7.15315, 6.07208], [7.16168, 6.0766], [7.17568, 6.06611], [7.18306, 6.06523], [7.18515, 6.05407], [7.18543, 6.05307], [7.18657, 6.05192], [7.17948, 6.0502], [7.16675, 6.0446], [7.15685, 6.03861], [7.15319, 6.03417], [7.15174, 6.03737], [7.15083, 6.03824], [7.14778, 6.04042], [7.14732, 6.04049], [7.14403, 6.03723], [7.14202, 6.03232], [7.13993, 6.03415], [7.13566, 6.03034], [7.13057, 6.03214], [7.12753, 6.03185], [7.12813, 6.0459], [7.12706, 6.04917], [7.12551, 6.04968], [7.12434, 6.05039], [7.12355, 6.05077], [7.12454, 6.05254], [7.12485, 6.05321], [7.1256, 6.05412], [7.12397, 6.05453], [7.12492, 6.05906], [7.12035, 6.06268], [7.1212, 6.06354], [7.12298, 6.06551], [7.12088, 6.0674], [7.1247, 6.0672], [7.12579, 6.0684], [7.1269, 6.0697], [7.12796, 6.07132]]]}, "properties": {"name": "Ndiowu", "lga": "Orumba North", "state": "an"}}, {"type": "Feature", "geometry": {"type": "Polygon", "coordinates": [[[7.12935, 6.21636], [7.13124, 6.21664], [7.13483, 6.21581], [7.13522, 6.21533], [7.13533, 6.21317], [7.13563, 6.21118], [7.13692, 6.21045], [7.1387, 6.2111], [7.15073, 6.1783], [7.15011, 6.17641], [7.13193, 6.16253], [7.13034, 6.16275], [7.12723, 6.16045], [7.12321, 6.15634], [7.123, 6.15527], [7.12314, 6.15463], [7.1146, 6.15233], [7.11729, 6.16206], [7.11833, 6.16919], [7.09727, 6.17181], [7.09565, 6.17612], [7.09436, 6.17791], [7.09382, 6.18091], [7.09444, 6.18391], [7.09549, 6.18602], [7.09548, 6.18962], [7.0957, 6.19535], [7.09515, 6.19585], [7.10318, 6.20294], [7.10964, 6.20515], [7.11652, 6.20723], [7.11793, 6.20978], [7.11894, 6.21112], [7.12935, 6.21636]]]}, "properties": {"name": "Isiagu / Ezinator", "lga": "Awka South", "state": "an"}}, {"type": "Feature", "geometry": {"type": "Polygon", "coordinates": [[[7.00754, 5.92203], [7.00706, 5.92249], [7.00574, 5.92537], [7.00456, 5.9261], [7.00228, 5.92722], [7.00139, 5.92834], [6.99963, 5.93675], [7.01024, 5.93074], [7.01514, 5.93666], [7.01616, 5.93572], [7.02013, 5.93704], [7.01971, 5.9357], [7.0193, 5.93437], [7.01903, 5.93309], [7.02897, 5.93131], [7.0292, 5.92539], [7.03672, 5.91672], [7.031, 5.9121], [7.02895, 5.91125], [7.02553, 5.90984], [7.00916, 5.90766], [7.00311, 5.90519], [7.00045, 5.90275], [6.99902, 5.91059], [7.00754, 5.92203]]]}, "properties": {"name": "Akwauhtedi", "lga": "Nnewi South", "state": "an"}}, {"type": "Feature", "geometry": {"type": "Polygon", "coordinates": [[[6.79748, 6.15735], [6.79818, 6.15853], [6.79967, 6.15814], [6.80025, 6.15956], [6.80418, 6.15908], [6.80403, 6.16024], [6.80582, 6.16675], [6.81164, 6.17298], [6.81246, 6.17363], [6.81646, 6.17227], [6.81463, 6.16866], [6.81041, 6.16664], [6.80462, 6.15383], [6.79936, 6.14899], [6.7947, 6.14869], [6.79748, 6.15735]]]}, "properties": {"name": "Umuaroli", "lga": "Onitsha North", "state": "an"}}, {"type": "Feature", "geometry": {"type": "Polygon", "coordinates": [[[7.22253, 6.05112], [7.22181, 6.05084], [7.21821, 6.04827], [7.21652, 6.04965], [7.21322, 6.04912], [7.21022, 6.05035], [7.2094, 6.04696], [7.20468, 6.04716], [7.2005, 6.0427], [7.19638, 6.04577], [7.19627, 6.04646], [7.19571, 6.04812], [7.19391, 6.04575], [7.19233, 6.04759], [7.19175, 6.04779], [7.18719, 6.04668], [7.18722, 6.04863], [7.18741, 6.05063], [7.18659, 6.05097], [7.18657, 6.05192], [7.18543, 6.05307], [7.18306, 6.06523], [7.18864, 6.06583], [7.19691, 6.06677], [7.19996, 6.07022], [7.20771, 6.06382], [7.21927, 6.06752], [7.21955, 6.06678], [7.22238, 6.06074], [7.22166, 6.0588], [7.22139, 6.057], [7.22253, 6.05112]]]}, "properties": {"name": "Ajalli", "lga": "Orumba North", "state": "an"}}, {"type": "Feature", "geometry": {"type": "Polygon", "coordinates": [[[7.14181, 6.37989], [7.11526, 6.35774], [7.11383, 6.35323], [7.10923, 6.3485], [7.10947, 6.34479], [7.09813, 6.34785], [7.09456, 6.3469], [7.09004, 6.34594], [7.08487, 6.34149], [7.0803, 6.33575], [7.07871, 6.33964], [7.07037, 6.33901], [7.0498, 6.34958], [7.07056, 6.3693], [7.08459, 6.37847], [7.08893, 6.38836], [7.11387, 6.40315], [7.11535, 6.40149], [7.13069, 6.39937], [7.13709, 6.39514], [7.14387, 6.38825], [7.14181, 6.37989]]]}, "properties": {"name": "Ugbenu", "lga": "Awka North", "state": "an"}}, {"type": "Feature", "geometry": {"type": "Polygon", "coordinates": [[[7.12321, 6.15634], [7.12723, 6.16045], [7.13034, 6.16275], [7.13193, 6.16253], [7.15011, 6.17641], [7.15473, 6.1679], [7.17007, 6.1578], [7.17247, 6.15578], [7.1762, 6.15798], [7.17781, 6.15885], [7.1758, 6.15152], [7.17623, 6.14468], [7.15766, 6.14205], [7.14993, 6.14205], [7.14457, 6.14324], [7.13922, 6.14591], [7.13446, 6.14799], [7.12554, 6.15246], [7.12314, 6.15463], [7.123, 6.15527], [7.12321, 6.15634]]]}, "properties": {"name": "Ndiokolo", "lga": "Orumba North", "state": "an"}}, {"type": "Feature", "geometry": {"type": "Polygon", "coordinates": [[[7.18229, 6.03145], [7.18369, 6.03135], [7.1885, 6.02952], [7.19036, 6.02955], [7.19057, 6.03056], [7.19162, 6.03129], [7.19532, 6.02937], [7.19624, 6.02965], [7.19683, 6.02996], [7.19721, 6.03068], [7.19967, 6.02877], [7.20034, 6.02882], [7.2013, 6.02945], [7.20718, 6.02985], [7.20905, 6.02145], [7.20637, 6.0203], [7.20108, 6.02196], [7.19962, 6.02194], [7.19787, 6.02154], [7.19654, 6.02149], [7.1961, 6.02091], [7.1939, 6.01701], [7.20215, 6.01485], [7.19981, 6.00796], [7.19892, 6.00899], [7.1981, 6.01003], [7.19655, 6.01241], [7.19558, 6.01303], [7.19355, 6.0138], [7.19137, 6.01482], [7.18937, 6.01479], [7.18646, 6.01493], [7.18461, 6.01412], [7.18237, 6.01065], [7.17942, 6.01065], [7.17885, 6.01075], [7.17454, 6.01295], [7.1828, 6.01966], [7.18207, 6.02024], [7.18219, 6.02252], [7.18199, 6.02349], [7.18326, 6.02883], [7.18306, 6.0299], [7.18229, 6.03145]]]}, "properties": {"name": "Akpu", "lga": "Orumba South", "state": "an"}}, {"type": "Feature", "geometry": {"type": "Polygon", "coordinates": [[[7.16566, 5.93936], [7.16255, 5.94245], [7.15919, 5.94264], [7.15548, 5.9465], [7.16091, 5.9528], [7.16299, 5.95946], [7.15926, 5.96592], [7.15317, 5.96556], [7.15283, 5.97311], [7.16166, 5.97457], [7.16444, 5.97106], [7.16543, 5.97195], [7.16711, 5.97341], [7.16816, 5.97393], [7.1784, 5.97374], [7.18328, 5.97524], [7.18389, 5.97572], [7.18507, 5.97659], [7.18632, 5.97819], [7.1909, 5.96889], [7.19121, 5.96851], [7.18885, 5.95459], [7.18552, 5.94492], [7.18556, 5.94475], [7.19179, 5.94608], [7.19227, 5.93146], [7.18217, 5.92784], [7.17713, 5.92916], [7.17549, 5.93215], [7.17154, 5.93421], [7.16924, 5.93568], [7.16738, 5.93575], [7.16647, 5.93798], [7.16566, 5.93936]]]}, "properties": {"name": "Umuomaku", "lga": "Orumba South", "state": "an"}}, {"type": "Feature", "geometry": {"type": "Polygon", "coordinates": [[[6.83658, 5.93437], [6.84223, 5.93374], [6.85053, 5.92526], [6.83871, 5.91642], [6.83576, 5.91603], [6.8264, 5.90628], [6.81067, 5.91206], [6.81459, 5.92172], [6.81963, 5.92263], [6.82106, 5.9247], [6.82352, 5.92681], [6.82419, 5.92714], [6.82593, 5.93376], [6.83056, 5.93093], [6.83353, 5.93128], [6.83658, 5.93437]]]}, "properties": {"name": "Anaubeahu", "lga": "Ekwusigo", "state": "an"}}, {"type": "Feature", "geometry": {"type": "Polygon", "coordinates": [[[7.15487, 6.01204], [7.15384, 6.01316], [7.15279, 6.01385], [7.15009, 6.01348], [7.14847, 6.01276], [7.14606, 6.01607], [7.14797, 6.01701], [7.14878, 6.0172], [7.14971, 6.01742], [7.16157, 6.02595], [7.16363, 6.02855], [7.16447, 6.02981], [7.16652, 6.03096], [7.16734, 6.03333], [7.16939, 6.03287], [7.17138, 6.03322], [7.17969, 6.03804], [7.18326, 6.02883], [7.18199, 6.02349], [7.18219, 6.02252], [7.18207, 6.02024], [7.1828, 6.01966], [7.18082, 6.01731], [7.16977, 6.00817], [7.16286, 6.00553], [7.15966, 6.00649], [7.15836, 6.00743], [7.15715, 6.00808], [7.15611, 6.01013], [7.15487, 6.01204]]]}, "properties": {"name": "Ogboji", "lga": "Orumba South", "state": "an"}}, {"type": "Feature", "geometry": {"type": "Polygon", "coordinates": [[[7.11064, 6.17024], [7.11435, 6.16977], [7.11654, 6.16996], [7.11833, 6.16919], [7.11729, 6.16206], [7.1146, 6.15233], [7.10854, 6.15075], [7.10725, 6.14507], [7.10367, 6.14205], [7.10017, 6.14099], [7.09627, 6.13328], [7.09305, 6.13827], [7.08476, 6.14072], [7.0832, 6.14774], [7.0798, 6.14795], [7.08233, 6.15337], [7.08207, 6.15373], [7.08158, 6.15434], [7.08404, 6.16392], [7.08527, 6.16331], [7.08639, 6.16371], [7.08441, 6.16581], [7.08479, 6.16867], [7.09446, 6.17186], [7.11064, 6.17024]]]}, "properties": {"name": "Umuawulu", "lga": "Awka South", "state": "an"}}, {"type": "Feature", "geometry": {"type": "Polygon", "coordinates": [[[6.96353, 6.09319], [6.96172, 6.09246], [6.96164, 6.09267], [6.96102, 6.09268], [6.95755, 6.09585], [6.95569, 6.09497], [6.95162, 6.09804], [6.95196, 6.09887], [6.95363, 6.10161], [6.9546, 6.10363], [6.95928, 6.10519], [6.95779, 6.10606], [6.95545, 6.10882], [6.95498, 6.11465], [6.95702, 6.11471], [6.95661, 6.117], [6.95819, 6.11925], [6.95558, 6.12108], [6.95713, 6.1252], [6.95926, 6.12465], [6.96068, 6.1246], [6.96309, 6.12611], [6.96485, 6.12718], [6.96631, 6.12775], [6.97135, 6.1199], [6.96868, 6.1054], [6.96994, 6.10127], [6.96748, 6.10102], [6.96696, 6.09972], [6.96646, 6.09887], [6.96535, 6.09953], [6.96294, 6.09579], [6.96256, 6.09552], [6.96353, 6.09319]]]}, "properties": {"name": "Oraukwu", "lga": "Idemili North", "state": "an"}}, {"type": "Feature", "geometry": {"type": "Polygon", "coordinates": [[[7.22717, 6.0144], [7.22782, 6.01426], [7.22899, 6.01386], [7.22848, 6.01031], [7.23226, 6.01008], [7.23218, 6.00967], [7.23222, 6.00958], [7.23163, 6.00828], [7.22857, 6.00928], [7.23259, 5.99979], [7.23123, 6.00022], [7.22986, 6.0007], [7.22903, 5.99725], [7.22364, 5.99953], [7.22296, 5.99377], [7.22271, 5.99376], [7.22145, 5.99357], [7.2214, 5.99555], [7.22138, 5.99632], [7.21353, 5.99927], [7.20765, 6.00474], [7.20077, 6.00682], [7.19981, 6.00796], [7.20215, 6.01485], [7.1939, 6.01701], [7.1961, 6.02091], [7.19654, 6.02149], [7.19787, 6.02154], [7.19962, 6.02194], [7.20108, 6.02196], [7.20715, 6.02046], [7.21174, 6.02393], [7.21228, 6.02526], [7.21289, 6.02625], [7.2134, 6.0269], [7.21784, 6.02812], [7.22314, 6.01455], [7.22717, 6.0144]]]}, "properties": {"name": "Isulo", "lga": "Orumba South", "state": "an"}}, {"type": "Feature", "geometry": {"type": "Polygon", "coordinates": [[[7.19981, 6.00796], [7.20765, 6.00474], [7.21353, 5.99927], [7.22138, 5.99632], [7.2214, 5.99555], [7.22145, 5.99357], [7.22177, 5.99021], [7.22607, 5.97846], [7.22556, 5.97875], [7.22501, 5.97879], [7.22395, 5.97921], [7.2101, 5.97496], [7.20773, 5.973], [7.20743, 5.97263], [7.20709, 5.97184], [7.20592, 5.97131], [7.20407, 5.97126], [7.19461, 5.98088], [7.19161, 5.98145], [7.18909, 5.98242], [7.18701, 6.00848], [7.18312, 6.01218], [7.18348, 6.01335], [7.18412, 6.01385], [7.18461, 6.01412], [7.18646, 6.01493], [7.18937, 6.01479], [7.19137, 6.01482], [7.19355, 6.0138], [7.19558, 6.01303], [7.19655, 6.01241], [7.1981, 6.01003], [7.19892, 6.00899], [7.19981, 6.00796]]]}, "properties": {"name": "Ezira", "lga": "Orumba South", "state": "an"}}, {"type": "Feature", "geometry": {"type": "Polygon", "coordinates": [[[7.22988, 5.98221], [7.22955, 5.98007], [7.22638, 5.97875], [7.22229, 5.98827], [7.22177, 5.99021], [7.22145, 5.99357], [7.22271, 5.99376], [7.22296, 5.99377], [7.22364, 5.99953], [7.22903, 5.99725], [7.22986, 6.0007], [7.23123, 6.00022], [7.23259, 5.99979], [7.22857, 6.00928], [7.23163, 6.00828], [7.23222, 6.00958], [7.23272, 6.00948], [7.23373, 6.00924], [7.23456, 6.00892], [7.23491, 6.01004], [7.23541, 6.01039], [7.23638, 6.01091], [7.24785, 6.01536], [7.25494, 6.00308], [7.24747, 5.99995], [7.2414, 5.9922], [7.23473, 5.99478], [7.23473, 5.99051], [7.23385, 5.98973], [7.23241, 5.98855], [7.23178, 5.98752], [7.22988, 5.98221]]]}, "properties": {"name": "Eziagu", "lga": "Orumba South", "state": "an"}}, {"type": "Feature", "geometry": {"type": "Polygon", "coordinates": [[[7.24785, 6.01536], [7.23638, 6.01091], [7.23541, 6.01039], [7.23491, 6.01004], [7.23456, 6.00892], [7.22848, 6.01031], [7.22899, 6.01386], [7.22314, 6.01455], [7.21784, 6.02812], [7.2134, 6.0269], [7.20905, 6.02145], [7.20718, 6.02985], [7.21841, 6.03163], [7.21906, 6.03024], [7.22022, 6.03055], [7.2208, 6.03102], [7.22147, 6.03136], [7.2226, 6.03055], [7.2294, 6.02621], [7.23098, 6.02481], [7.23955, 6.03152], [7.24785, 6.01536]]]}, "properties": {"name": "Nawfija", "lga": "Orumba South", "state": "an"}}, {"type": "Feature", "geometry": {"type": "Polygon", "coordinates": [[[7.14457, 6.14324], [7.14993, 6.14205], [7.15766, 6.14205], [7.16165, 6.14238], [7.16225, 6.13265], [7.16102, 6.13109], [7.15452, 6.12884], [7.14083, 6.13243], [7.14082, 6.13352], [7.14111, 6.13409], [7.14005, 6.13515], [7.13653, 6.13251], [7.13591, 6.13181], [7.13585, 6.13098], [7.13548, 6.13014], [7.13489, 6.13019], [7.13447, 6.13146], [7.13408, 6.13205], [7.13307, 6.13177], [7.13225, 6.13135], [7.1309, 6.13084], [7.13032, 6.13115], [7.12919, 6.13203], [7.12504, 6.12874], [7.12145, 6.1272], [7.12027, 6.12694], [7.11881, 6.12627], [7.11435, 6.13022], [7.10702, 6.13095], [7.09627, 6.13328], [7.10017, 6.14099], [7.10367, 6.14205], [7.10725, 6.14507], [7.10854, 6.15075], [7.12314, 6.15463], [7.14457, 6.14324]]]}, "properties": {"name": "Amaetiti", "lga": "Orumba North", "state": "an"}}, {"type": "Feature", "geometry": {"type": "Polygon", "coordinates": [[[7.1801, 6.08949], [7.17722, 6.08758], [7.17514, 6.08978], [7.17455, 6.09067], [7.17161, 6.09906], [7.16815, 6.10375], [7.16652, 6.10643], [7.16102, 6.13109], [7.16225, 6.13265], [7.16268, 6.13356], [7.16268, 6.13618], [7.16221, 6.13832], [7.16165, 6.14238], [7.1648, 6.14264], [7.16688, 6.14264], [7.17283, 6.14383], [7.19454, 6.14918], [7.20079, 6.15246], [7.20443, 6.15421], [7.21596, 6.12605], [7.21939, 6.11421], [7.21421, 6.11266], [7.21111, 6.11094], [7.20849, 6.10837], [7.20457, 6.10686], [7.20095, 6.10581], [7.18256, 6.09631], [7.1806, 6.09375], [7.17969, 6.09245], [7.18056, 6.09099], [7.18077, 6.09039], [7.18086, 6.08994], [7.18069, 6.08922], [7.1801, 6.08949]]]}, "properties": {"name": "Awa", "lga": "Orumba North", "state": "an"}}, {"type": "Feature", "geometry": {"type": "Polygon", "coordinates": [[[7.25477, 5.96327], [7.25492, 5.96214], [7.25642, 5.95054], [7.25867, 5.94481], [7.26037, 5.9405], [7.26098, 5.93893], [7.25923, 5.93636], [7.25692, 5.93465], [7.25346, 5.93324], [7.25115, 5.9324], [7.24862, 5.93185], [7.24512, 5.93129], [7.2288, 5.93284], [7.22981, 5.93787], [7.23731, 5.94314], [7.2413, 5.9458], [7.2433, 5.94972], [7.24654, 5.95025], [7.24233, 5.95596], [7.2461, 5.9567], [7.24642, 5.96221], [7.24741, 5.96322], [7.24822, 5.96373], [7.25477, 5.96327]]]}, "properties": {"name": "Ihite", "lga": "Orumba South", "state": "an"}}, {"type": "Feature", "geometry": {"type": "Polygon", "coordinates": [[[6.78183, 6.10999], [6.7801, 6.10804], [6.78063, 6.10685], [6.78082, 6.10541], [6.7816, 6.10407], [6.77902, 6.10233], [6.77925, 6.10066], [6.77965, 6.08933], [6.78066, 6.08408], [6.78231, 6.07657], [6.77752, 6.05649], [6.77653, 6.01714], [6.77555, 6.01687], [6.77407, 6.01701], [6.76935, 6.02215], [6.765, 6.02461], [6.76093, 6.02463], [6.75864, 6.02534], [6.75375, 6.02586], [6.75242, 6.02691], [6.75171, 6.02767], [6.74971, 6.02891], [6.72551, 6.04075], [6.72023, 6.04573], [6.70315, 6.05115], [6.6991, 6.061], [6.70454, 6.0811], [6.71332, 6.08707], [6.72211, 6.09755], [6.73771, 6.106], [6.74167, 6.10865], [6.74924, 6.11372], [6.75334, 6.11843], [6.75533, 6.12071], [6.75944, 6.11833], [6.76845, 6.11474], [6.77494, 6.11402], [6.77874, 6.11251], [6.7802, 6.1114], [6.78183, 6.10999]]]}, "properties": {"name": "Iyiowa / Od / Ohi", "lga": "Ogbaru", "state": "an"}}, {"type": "Feature", "geometry": {"type": "Polygon", "coordinates": [[[7.17885, 6.01075], [7.17942, 6.01065], [7.18237, 6.01065], [7.18312, 6.01218], [7.18701, 6.00848], [7.18939, 5.98316], [7.18632, 5.97819], [7.18507, 5.97659], [7.18389, 5.97572], [7.18328, 5.97524], [7.1784, 5.97374], [7.16816, 5.97393], [7.16711, 5.97341], [7.16543, 5.97195], [7.16444, 5.97106], [7.16166, 5.97457], [7.15283, 5.97311], [7.15241, 5.97823], [7.15301, 5.98073], [7.15408, 5.98311], [7.15503, 5.98572], [7.1615, 5.99069], [7.162, 5.9925], [7.16228, 5.99473], [7.1631, 5.99823], [7.16286, 6.00553], [7.16977, 6.00817], [7.17454, 6.01295], [7.17885, 6.01075]]]}, "properties": {"name": "Agbudu", "lga": "Orumba South", "state": "an"}}, {"type": "Feature", "geometry": {"type": "Polygon", "coordinates": [[[7.16675, 6.0446], [7.17948, 6.0502], [7.18657, 6.05192], [7.1885, 6.02952], [7.18369, 6.03135], [7.18229, 6.03145], [7.18067, 6.03659], [7.17969, 6.03804], [7.17872, 6.03822], [7.17138, 6.03322], [7.16939, 6.03287], [7.16734, 6.03333], [7.16652, 6.03096], [7.16447, 6.02981], [7.16363, 6.02855], [7.16157, 6.02595], [7.14971, 6.01742], [7.14878, 6.0172], [7.14797, 6.01701], [7.14606, 6.01607], [7.14847, 6.01276], [7.1445, 6.00925], [7.1385, 6.00518], [7.12916, 6.01135], [7.12859, 6.01202], [7.12806, 6.01292], [7.13122, 6.01462], [7.13197, 6.02012], [7.13336, 6.02175], [7.13457, 6.02299], [7.13432, 6.02729], [7.13177, 6.02908], [7.13221, 6.02994], [7.13237, 6.03041], [7.1324, 6.0308], [7.13649, 6.03052], [7.13993, 6.03415], [7.14202, 6.03232], [7.14403, 6.03723], [7.14732, 6.04049], [7.14778, 6.04042], [7.15083, 6.03824], [7.15174, 6.03737], [7.15319, 6.03417], [7.15685, 6.03861], [7.16675, 6.0446]]]}, "properties": {"name": "Ndiokpaleke", "lga": "Orumba North", "state": "an"}}, {"type": "Feature", "geometry": {"type": "Polygon", "coordinates": [[[6.69471, 6.40743], [6.69213, 6.41838], [6.68867, 6.43222], [6.69805, 6.43428], [6.69784, 6.43955], [6.70265, 6.44368], [6.71087, 6.44666], [6.71448, 6.45187], [6.71443, 6.45909], [6.70899, 6.46306], [6.70104, 6.46635], [6.6977, 6.46974], [6.69675, 6.47446], [6.69957, 6.47812], [6.70845, 6.4833], [6.70854, 6.48754], [6.69984, 6.5002], [6.70832, 6.50415], [6.72484, 6.5105], [6.7439, 6.50211], [6.7496, 6.48757], [6.75019, 6.47814], [6.75177, 6.46575], [6.75372, 6.44821], [6.75707, 6.44377], [6.75831, 6.43909], [6.75537, 6.42777], [6.75226, 6.41933], [6.74213, 6.41968], [6.69471, 6.40743]]]}, "properties": {"name": "Nzam", "lga": "Anambra West", "state": "an"}}, {"type": "Feature", "geometry": {"type": "Polygon", "coordinates": [[[6.66904, 5.73187], [6.64935, 5.7376], [6.63908, 5.73946], [6.64363, 5.74733], [6.64828, 5.77168], [6.64725, 5.78531], [6.64863, 5.79705], [6.65046, 5.80798], [6.65076, 5.81711], [6.65605, 5.83429], [6.66079, 5.83239], [6.66619, 5.83094], [6.67114, 5.83432], [6.67564, 5.81992], [6.68341, 5.81708], [6.6788, 5.77999], [6.70531, 5.76455], [6.71431, 5.7613], [6.69491, 5.74622], [6.69259, 5.72505], [6.67431, 5.73357], [6.66904, 5.73187]]]}, "properties": {"name": "Akili / Obeagwe", "lga": "Ogbaru", "state": "an"}}, {"type": "Feature", "geometry": {"type": "Polygon", "coordinates": [[[6.66092, 5.85653], [6.66738, 5.87297], [6.67355, 5.88915], [6.68112, 5.8979], [6.68603, 5.9048], [6.68881, 5.91103], [6.6937, 5.91816], [6.70516, 5.91258], [6.71457, 5.90381], [6.71044, 5.89314], [6.70607, 5.89201], [6.69692, 5.88908], [6.69128, 5.8789], [6.69085, 5.87167], [6.69304, 5.86774], [6.69348, 5.85908], [6.69567, 5.84269], [6.69929, 5.83882], [6.69477, 5.8348], [6.69535, 5.82903], [6.69088, 5.82039], [6.68341, 5.81708], [6.67564, 5.81992], [6.67114, 5.83432], [6.66619, 5.83094], [6.66079, 5.83239], [6.65605, 5.83429], [6.65793, 5.8404], [6.66092, 5.85653]]]}, "properties": {"name": "Ossomala", "lga": "Ogbaru", "state": "an"}}, {"type": "Feature", "geometry": {"type": "Polygon", "coordinates": [[[6.626, 5.68352], [6.60187, 5.68746], [6.60063, 5.70662], [6.63908, 5.73946], [6.64935, 5.7376], [6.66904, 5.73187], [6.67431, 5.73357], [6.69259, 5.72505], [6.69126, 5.69971], [6.67942, 5.69576], [6.66887, 5.68993], [6.65314, 5.68161], [6.626, 5.68352]]]}, "properties": {"name": "Ogwu-Ikpele", "lga": "Ogbaru", "state": "an"}}, {"type": "Feature", "geometry": {"type": "Polygon", "coordinates": [[[6.74223, 5.87375], [6.75981, 5.85248], [6.74612, 5.8513], [6.71164, 5.83947], [6.69929, 5.83882], [6.69567, 5.84269], [6.69348, 5.85908], [6.69304, 5.86774], [6.69085, 5.87167], [6.69128, 5.8789], [6.69692, 5.88908], [6.70607, 5.89201], [6.71044, 5.89314], [6.71457, 5.90381], [6.73347, 5.89093], [6.74843, 5.88959], [6.74223, 5.87375]]]}, "properties": {"name": "Mputu / Umuna", "lga": "Ogbaru", "state": "an"}}, {"type": "Feature", "geometry": {"type": "Polygon", "coordinates": [[[6.79726, 5.89997], [6.79196, 5.88971], [6.80113, 5.88091], [6.80221, 5.88145], [6.80314, 5.88217], [6.80579, 5.88036], [6.81003, 5.87266], [6.80171, 5.86436], [6.80041, 5.86476], [6.79841, 5.86514], [6.79689, 5.86479], [6.794, 5.85796], [6.79109, 5.85724], [6.79004, 5.85715], [6.78012, 5.85957], [6.75981, 5.85248], [6.74223, 5.87375], [6.74843, 5.88959], [6.75273, 5.88857], [6.75494, 5.88516], [6.75822, 5.885], [6.75993, 5.88502], [6.76122, 5.89273], [6.76779, 5.89982], [6.7815, 5.90192], [6.78734, 5.9043], [6.79726, 5.89997]]]}, "properties": {"name": "Ihite Abu-Ihite Ward Okija", "lga": "Ihiala", "state": "an"}}, {"type": "Feature", "geometry": {"type": "Polygon", "coordinates": [[[6.93238, 6.24811], [6.92969, 6.24689], [6.92152, 6.24285], [6.91874, 6.2395], [6.91407, 6.24269], [6.90887, 6.2426], [6.90419, 6.2407], [6.90136, 6.24001], [6.89891, 6.23861], [6.89539, 6.23902], [6.8938, 6.24689], [6.90304, 6.25361], [6.90419, 6.24891], [6.90749, 6.25018], [6.90769, 6.24686], [6.91341, 6.24719], [6.91884, 6.24987], [6.91987, 6.24679], [6.92244, 6.24861], [6.92413, 6.25036], [6.92502, 6.25028], [6.92526, 6.25432], [6.92321, 6.25417], [6.92293, 6.25743], [6.92489, 6.26355], [6.92607, 6.26248], [6.92697, 6.26205], [6.9408, 6.28355], [6.94051, 6.28662], [6.94341, 6.28604], [6.94725, 6.28292], [6.9461, 6.27749], [6.94534, 6.27714], [6.94374, 6.27502], [6.94188, 6.2715], [6.94236, 6.26795], [6.94214, 6.25956], [6.94087, 6.25501], [6.93988, 6.2515], [6.93771, 6.25081], [6.93439, 6.24901], [6.93238, 6.24811]]]}, "properties": {"name": "Nteje 4", "lga": "Oyi", "state": "an"}}, {"type": "Feature", "geometry": {"type": "Polygon", "coordinates": [[[6.79726, 5.89997], [6.78734, 5.9043], [6.80099, 5.92722], [6.81459, 5.92172], [6.81067, 5.91206], [6.8264, 5.90628], [6.82949, 5.90491], [6.83226, 5.90194], [6.84078, 5.9028], [6.8462, 5.90197], [6.84576, 5.89896], [6.85075, 5.89545], [6.84583, 5.89558], [6.84777, 5.89421], [6.84531, 5.89312], [6.84498, 5.89255], [6.84478, 5.89205], [6.84537, 5.89079], [6.8453, 5.89065], [6.84505, 5.89047], [6.84384, 5.89003], [6.84211, 5.89005], [6.84068, 5.89034], [6.83927, 5.89066], [6.83752, 5.89326], [6.83542, 5.89344], [6.83292, 5.89343], [6.83191, 5.89313], [6.83073, 5.89248], [6.83041, 5.8917], [6.82996, 5.89003], [6.81501, 5.89264], [6.80827, 5.89663], [6.8051, 5.89836], [6.79992, 5.90011], [6.79726, 5.89997]]]}, "properties": {"name": "Uhuobo Ward Okija", "lga": "Ihiala", "state": "an"}}, {"type": "Feature", "geometry": {"type": "Polygon", "coordinates": [[[7.04658, 6.27862], [7.04493, 6.27926], [7.04399, 6.27959], [7.04268, 6.28066], [7.03971, 6.27943], [7.03845, 6.27907], [7.03919, 6.2777], [7.03778, 6.27743], [7.03643, 6.27713], [7.03575, 6.27683], [7.03398, 6.27488], [7.01343, 6.28548], [7.00145, 6.28826], [7.00121, 6.29015], [6.99296, 6.29166], [6.98781, 6.30486], [6.9915, 6.30523], [6.99552, 6.31126], [7.00066, 6.31323], [7.0036, 6.31258], [7.00537, 6.31328], [7.00844, 6.31173], [7.01648, 6.30586], [7.02186, 6.29827], [7.02485, 6.29715], [7.02767, 6.29678], [7.02923, 6.29472], [7.03384, 6.29645], [7.03496, 6.2981], [7.03886, 6.29749], [7.0397, 6.29841], [7.04027, 6.29881], [7.04083, 6.29729], [7.04168, 6.29734], [7.04352, 6.29868], [7.0447, 6.30034], [7.04594, 6.30319], [7.04596, 6.30624], [7.04785, 6.309], [7.05039, 6.31144], [7.05094, 6.31119], [7.06219, 6.30846], [7.06283, 6.30299], [7.05849, 6.2982], [7.05549, 6.2857], [7.0501, 6.28269], [7.04658, 6.27862]]]}, "properties": {"name": "Urum", "lga": "Awka North", "state": "an"}}, {"type": "Feature", "geometry": {"type": "Polygon", "coordinates": [[[7.07908, 6.2081], [7.07784, 6.21254], [7.0764, 6.21278], [7.07693, 6.21435], [7.07394, 6.21572], [7.07821, 6.22272], [7.08405, 6.22451], [7.08445, 6.22599], [7.08454, 6.22648], [7.08522, 6.22623], [7.08574, 6.22583], [7.09059, 6.22903], [7.10627, 6.23], [7.11778, 6.23635], [7.12521, 6.22239], [7.12915, 6.22267], [7.12862, 6.22136], [7.12885, 6.21868], [7.12935, 6.21636], [7.11894, 6.21112], [7.11793, 6.20978], [7.11652, 6.20723], [7.10964, 6.20515], [7.10318, 6.20294], [7.09515, 6.19585], [7.09399, 6.19692], [7.08883, 6.19479], [7.08796, 6.20038], [7.08316, 6.20653], [7.07908, 6.2081]]]}, "properties": {"name": "Awka 1", "lga": "Awka South", "state": "an"}}, {"type": "Feature", "geometry": {"type": "Polygon", "coordinates": [[[6.81078, 6.35106], [6.79463, 6.35632], [6.7909, 6.36667], [6.79033, 6.39152], [6.79278, 6.4021], [6.79983, 6.40161], [6.80753, 6.40866], [6.80975, 6.40788], [6.81219, 6.40763], [6.81815, 6.40116], [6.82164, 6.39473], [6.82598, 6.39297], [6.85255, 6.39006], [6.84939, 6.38658], [6.84737, 6.38023], [6.8439, 6.37748], [6.83018, 6.3742], [6.82692, 6.35966], [6.83138, 6.35066], [6.83389, 6.34775], [6.83317, 6.34533], [6.83268, 6.34187], [6.83546, 6.33864], [6.83717, 6.33379], [6.83574, 6.32958], [6.83324, 6.33097], [6.82732, 6.33227], [6.82094, 6.32968], [6.81906, 6.33066], [6.81745, 6.333], [6.81881, 6.33495], [6.8202, 6.33958], [6.81689, 6.34423], [6.81078, 6.35106]]]}, "properties": {"name": "Umueze Anam 1", "lga": "Anambra West", "state": "an"}}, {"type": "Feature", "geometry": {"type": "Polygon", "coordinates": [[[6.78416, 6.25578], [6.82612, 6.29343], [6.83424, 6.32129], [6.83387, 6.32352], [6.83506, 6.3231], [6.83734, 6.32214], [6.83926, 6.31862], [6.8395, 6.31416], [6.84338, 6.30762], [6.8431, 6.30023], [6.84244, 6.28289], [6.84153, 6.28221], [6.84254, 6.27994], [6.84288, 6.27081], [6.84206, 6.26663], [6.84118, 6.2631], [6.84139, 6.25813], [6.84533, 6.2478], [6.84533, 6.24127], [6.81392, 6.24253], [6.80668, 6.24659], [6.78416, 6.25578]]]}, "properties": {"name": "Nsugbe 1", "lga": "Anambra East", "state": "an"}}, {"type": "Feature", "geometry": {"type": "Polygon", "coordinates": [[[6.79333, 6.16839], [6.80119, 6.16286], [6.80403, 6.16024], [6.80418, 6.15908], [6.80327, 6.15861], [6.80199, 6.15984], [6.80119, 6.15891], [6.80025, 6.15956], [6.79967, 6.15814], [6.79818, 6.15853], [6.79748, 6.15735], [6.79634, 6.15421], [6.79058, 6.15679], [6.78951, 6.15643], [6.78774, 6.15556], [6.78721, 6.15693], [6.78497, 6.15969], [6.78346, 6.16122], [6.77939, 6.16179], [6.77799, 6.16249], [6.77803, 6.16386], [6.77775, 6.16429], [6.77745, 6.16729], [6.78051, 6.17023], [6.78404, 6.1721], [6.78917, 6.16747], [6.79333, 6.16839]]]}, "properties": {"name": "GRA", "lga": "Onitsha North", "state": "an"}}, {"type": "Feature", "geometry": {"type": "Polygon", "coordinates": [[[6.95294, 6.20374], [6.95658, 6.20257], [6.95666, 6.19866], [6.96183, 6.19586], [6.96267, 6.19482], [6.95701, 6.18692], [6.95544, 6.1885], [6.95441, 6.18805], [6.95383, 6.18778], [6.95309, 6.18731], [6.9523, 6.18889], [6.94985, 6.18773], [6.94459, 6.19151], [6.93753, 6.19129], [6.93302, 6.193], [6.93311, 6.19394], [6.93455, 6.19579], [6.95294, 6.20374]]]}, "properties": {"name": "Ifite Dunu 1", "lga": "Dunukofia", "state": "an"}}, {"type": "Feature", "geometry": {"type": "Polygon", "coordinates": [[[7.1452, 6.27468], [7.14913, 6.26247], [7.14702, 6.25583], [7.14778, 6.25401], [7.14778, 6.25391], [7.14726, 6.25257], [7.14888, 6.25257], [7.14845, 6.25102], [7.14637, 6.25066], [7.14548, 6.25], [7.14502, 6.24923], [7.14614, 6.24867], [7.14612, 6.24858], [7.14525, 6.24727], [7.14484, 6.24603], [7.14382, 6.24563], [7.14234, 6.24386], [7.14328, 6.24311], [7.14378, 6.24176], [7.14546, 6.24036], [7.14535, 6.23805], [7.14528, 6.23633], [7.14415, 6.23623], [7.14344, 6.23556], [7.15074, 6.22996], [7.15061, 6.22864], [7.1387, 6.2111], [7.13692, 6.21045], [7.13563, 6.21118], [7.13533, 6.21317], [7.13522, 6.21533], [7.13483, 6.21581], [7.13124, 6.21664], [7.12935, 6.21636], [7.12885, 6.21868], [7.12862, 6.22136], [7.12915, 6.22267], [7.12521, 6.22239], [7.11778, 6.23635], [7.107, 6.24753], [7.1031, 6.25372], [7.10441, 6.25603], [7.10112, 6.26095], [7.10021, 6.26088], [7.09929, 6.26076], [7.09712, 6.26086], [7.09623, 6.26285], [7.09509, 6.26852], [7.09776, 6.27104], [7.09949, 6.27271], [7.10111, 6.27347], [7.1041, 6.27382], [7.10649, 6.27579], [7.1092, 6.28122], [7.11059, 6.28349], [7.12918, 6.28538], [7.13174, 6.28706], [7.13293, 6.28785], [7.14259, 6.28906], [7.1452, 6.27468]]]}, "properties": {"name": "Amansea", "lga": "Awka North", "state": "an"}}, {"type": "Feature", "geometry": {"type": "Polygon", "coordinates": [[[6.76444, 6.36947], [6.76403, 6.37448], [6.76279, 6.37898], [6.75971, 6.38298], [6.75886, 6.40386], [6.76042, 6.41178], [6.75692, 6.41353], [6.75226, 6.41933], [6.75537, 6.42777], [6.75831, 6.43909], [6.75707, 6.44377], [6.75372, 6.44821], [6.75177, 6.46575], [6.75019, 6.47814], [6.7496, 6.48757], [6.7439, 6.50211], [6.72484, 6.5105], [6.72951, 6.52059], [6.72577, 6.53273], [6.72313, 6.54586], [6.71574, 6.56035], [6.76411, 6.5636], [6.79331, 6.57232], [6.79819, 6.5542], [6.80152, 6.52654], [6.79868, 6.50068], [6.79723, 6.4829], [6.80093, 6.47035], [6.80065, 6.46515], [6.80086, 6.45857], [6.8029, 6.45444], [6.79989, 6.44915], [6.80165, 6.44323], [6.80076, 6.44072], [6.7979, 6.43764], [6.79769, 6.43198], [6.79724, 6.41675], [6.79202, 6.41256], [6.79278, 6.4021], [6.79033, 6.39152], [6.7909, 6.36667], [6.78324, 6.36232], [6.76444, 6.36947]]]}, "properties": {"name": "Mmiata", "lga": "Anambra West", "state": "an"}}, {"type": "Feature", "geometry": {"type": "Polygon", "coordinates": [[[6.98781, 6.30486], [6.99296, 6.29166], [7.00121, 6.29015], [7.00145, 6.28826], [7.00227, 6.28209], [7.00127, 6.26509], [6.99186, 6.26231], [6.98935, 6.25734], [6.9825, 6.25509], [6.98256, 6.25421], [6.98253, 6.25314], [6.9816, 6.25316], [6.97885, 6.25346], [6.97718, 6.2528], [6.97311, 6.25051], [6.96465, 6.2457], [6.96487, 6.25216], [6.9631, 6.25701], [6.9612, 6.26791], [6.96253, 6.26903], [6.96432, 6.27064], [6.96603, 6.27171], [6.96748, 6.27508], [6.96672, 6.28293], [6.98061, 6.2941], [6.98781, 6.30486]]]}, "properties": {"name": "Ukwulu 1", "lga": "Dunukofia", "state": "an"}}, {"type": "Feature", "geometry": {"type": "Polygon", "coordinates": [[[6.70832, 6.50415], [6.69984, 6.5002], [6.69688, 6.50698], [6.69559, 6.51604], [6.70132, 6.52398], [6.7018, 6.53024], [6.69836, 6.53854], [6.69019, 6.53572], [6.67881, 6.53508], [6.66549, 6.52819], [6.6617, 6.55793], [6.67203, 6.56752], [6.71574, 6.56035], [6.72313, 6.54586], [6.72577, 6.53273], [6.72951, 6.52059], [6.72484, 6.5105], [6.70832, 6.50415]]]}, "properties": {"name": "Olumbanasa 1", "lga": "Anambra West", "state": "an"}}, {"type": "Feature", "geometry": {"type": "Polygon", "coordinates": [[[6.92342, 6.17008], [6.92035, 6.17282], [6.91866, 6.17377], [6.9173, 6.17383], [6.91597, 6.17377], [6.91449, 6.17451], [6.9136, 6.17562], [6.91359, 6.18311], [6.9135, 6.18405], [6.9219, 6.1868], [6.93032, 6.18524], [6.93733, 6.17971], [6.93321, 6.17742], [6.93028, 6.17239], [6.93126, 6.17063], [6.92731, 6.17065], [6.92641, 6.16957], [6.9254, 6.16853], [6.92342, 6.17008]]]}, "properties": {"name": "Umudioka 1", "lga": "Dunukofia", "state": "an"}}, {"type": "Feature", "geometry": {"type": "Polygon", "coordinates": [[[6.81882, 6.17086], [6.81539, 6.17326], [6.81041, 6.17361], [6.80971, 6.17436], [6.81041, 6.17496], [6.81094, 6.17546], [6.81137, 6.17607], [6.81049, 6.17666], [6.80968, 6.17743], [6.80907, 6.1799], [6.80615, 6.17955], [6.80455, 6.17969], [6.80262, 6.1791], [6.80068, 6.17937], [6.79847, 6.18021], [6.80463, 6.18782], [6.80571, 6.19756], [6.80741, 6.2007], [6.80791, 6.20085], [6.80905, 6.20089], [6.80951, 6.20124], [6.80835, 6.2051], [6.80988, 6.20367], [6.8113, 6.20225], [6.81386, 6.20155], [6.81523, 6.2011], [6.81636, 6.20113], [6.81783, 6.20205], [6.81782, 6.2035], [6.81714, 6.20606], [6.8202, 6.20677], [6.82025, 6.20744], [6.82084, 6.20804], [6.82163, 6.20845], [6.82137, 6.20887], [6.82138, 6.21093], [6.81971, 6.21104], [6.82011, 6.21319], [6.82019, 6.21446], [6.81764, 6.21539], [6.81836, 6.21648], [6.81784, 6.21695], [6.81921, 6.21776], [6.81863, 6.21891], [6.81836, 6.22093], [6.81846, 6.22245], [6.81948, 6.2238], [6.81991, 6.22411], [6.81934, 6.22522], [6.82035, 6.22582], [6.82163, 6.22637], [6.82033, 6.2288], [6.82038, 6.22915], [6.82055, 6.23196], [6.82615, 6.2318], [6.82604, 6.23342], [6.83813, 6.2365], [6.84143, 6.22756], [6.84693, 6.22306], [6.8473, 6.2227], [6.84993, 6.22295], [6.8509, 6.21878], [6.84891, 6.21736], [6.84928, 6.21722], [6.84989, 6.2168], [6.85085, 6.21556], [6.85053, 6.21106], [6.8474, 6.20662], [6.8433, 6.20743], [6.84289, 6.20561], [6.84234, 6.20323], [6.8348, 6.19907], [6.83479, 6.19835], [6.83465, 6.19716], [6.83081, 6.19385], [6.83168, 6.19293], [6.83398, 6.19069], [6.83365, 6.19017], [6.82459, 6.18513], [6.8259, 6.18271], [6.82651, 6.18178], [6.8277, 6.17948], [6.81882, 6.17086]]]}, "properties": {"name": "Nkwelle 1", "lga": "Oyi", "state": "an"}}, {"type": "Feature", "geometry": {"type": "Polygon", "coordinates": [[[7.02338, 6.37526], [7.01993, 6.35517], [7.01602, 6.3515], [7.01364, 6.34843], [7.00626, 6.34397], [7.00296, 6.3412], [7.00011, 6.33775], [6.99676, 6.33704], [6.99396, 6.33728], [6.99149, 6.33636], [6.99102, 6.33854], [6.99029, 6.3389], [6.98933, 6.33916], [6.98863, 6.33976], [6.98458, 6.33898], [6.98475, 6.34384], [6.98376, 6.34476], [6.98313, 6.34488], [6.98158, 6.34563], [6.97651, 6.34598], [6.97493, 6.34249], [6.97189, 6.34573], [6.97116, 6.35131], [6.97062, 6.35242], [6.96823, 6.35437], [6.96383, 6.36263], [6.96918, 6.39293], [6.96412, 6.40787], [6.95325, 6.41979], [6.98363, 6.42971], [6.98603, 6.41234], [7.01304, 6.38812], [7.02338, 6.37526]]]}, "properties": {"name": "Achalla 1", "lga": "Awka North", "state": "an"}}, {"type": "Feature", "geometry": {"type": "Polygon", "coordinates": [[[7.05079, 6.26155], [7.05372, 6.26664], [7.04471, 6.27057], [7.04779, 6.27196], [7.04776, 6.27599], [7.04686, 6.27699], [7.04602, 6.27762], [7.0501, 6.28269], [7.05549, 6.2857], [7.05849, 6.2982], [7.06283, 6.30299], [7.06219, 6.30846], [7.07727, 6.31898], [7.08975, 6.32309], [7.10055, 6.32537], [7.1067, 6.32358], [7.11081, 6.32475], [7.11237, 6.31881], [7.10922, 6.3169], [7.11087, 6.31573], [7.11001, 6.31265], [7.10888, 6.30915], [7.10996, 6.30845], [7.1134, 6.30773], [7.11675, 6.30916], [7.11881, 6.30771], [7.12089, 6.30658], [7.12127, 6.30458], [7.1225, 6.30271], [7.12435, 6.30187], [7.12587, 6.30076], [7.12447, 6.29854], [7.12681, 6.29794], [7.1273, 6.29661], [7.12563, 6.29468], [7.11397, 6.29228], [7.11059, 6.28349], [7.1092, 6.28122], [7.10649, 6.27579], [7.1041, 6.27382], [7.10111, 6.27347], [7.09949, 6.27271], [7.09776, 6.27104], [7.09509, 6.26852], [7.08669, 6.27095], [7.08655, 6.27009], [7.0865, 6.26983], [7.08635, 6.26949], [7.08058, 6.26654], [7.08041, 6.26537], [7.07912, 6.26346], [7.07067, 6.25963], [7.06255, 6.25651], [7.05944, 6.26156], [7.05389, 6.26262], [7.05358, 6.26143], [7.05079, 6.26155]]]}, "properties": {"name": "Mgbakwu", "lga": "Awka North", "state": "an"}}, {"type": "Feature", "geometry": {"type": "Polygon", "coordinates": [[[6.82593, 5.93376], [6.82419, 5.92714], [6.82352, 5.92681], [6.82106, 5.9247], [6.81963, 5.92263], [6.81459, 5.92172], [6.80099, 5.92722], [6.79886, 5.94993], [6.8093, 5.94561], [6.81174, 5.94685], [6.81239, 5.95003], [6.81514, 5.95212], [6.83126, 5.94661], [6.83621, 5.95155], [6.84253, 5.94416], [6.84459, 5.9415], [6.84839, 5.93719], [6.84223, 5.93374], [6.83658, 5.93437], [6.83353, 5.93128], [6.83056, 5.93093], [6.82593, 5.93376]]]}, "properties": {"name": "Ihembosi", "lga": "Ekwusigo", "state": "an"}}, {"type": "Feature", "geometry": {"type": "Polygon", "coordinates": [[[6.86644, 5.85277], [6.87079, 5.85751], [6.86125, 5.86967], [6.8629, 5.87087], [6.86409, 5.87201], [6.86778, 5.88009], [6.86811, 5.88169], [6.86868, 5.88549], [6.86924, 5.88879], [6.87249, 5.88735], [6.877, 5.88655], [6.87812, 5.88857], [6.87772, 5.89211], [6.88119, 5.89816], [6.88414, 5.90079], [6.88613, 5.90403], [6.88866, 5.90438], [6.89175, 5.90543], [6.89895, 5.90145], [6.90238, 5.89547], [6.9067, 5.8929], [6.90898, 5.89288], [6.90727, 5.88265], [6.90896, 5.8816], [6.91075, 5.88113], [6.90717, 5.87395], [6.90669, 5.86848], [6.9032, 5.87045], [6.89813, 5.87329], [6.89402, 5.87523], [6.89251, 5.86564], [6.88839, 5.8577], [6.88674, 5.85671], [6.88683, 5.85498], [6.87201, 5.85044], [6.86845, 5.8517], [6.86644, 5.85277]]]}, "properties": {"name": "Azia", "lga": "Ihiala", "state": "an"}}, {"type": "Feature", "geometry": {"type": "Polygon", "coordinates": [[[6.86385, 5.94343], [6.86048, 5.94102], [6.85971, 5.94293], [6.84839, 5.93719], [6.84459, 5.9415], [6.84253, 5.94416], [6.84438, 5.94664], [6.84486, 5.94761], [6.85056, 5.95204], [6.85351, 5.96161], [6.86793, 5.96846], [6.87302, 5.96408], [6.87125, 5.96304], [6.87195, 5.95746], [6.86812, 5.95075], [6.86385, 5.94343]]]}, "properties": {"name": "Egbema", "lga": "Ekwusigo", "state": "an"}}, {"type": "Feature", "geometry": {"type": "Polygon", "coordinates": [[[6.85553, 5.97616], [6.85444, 5.98085], [6.85486, 5.98297], [6.85575, 5.98429], [6.85961, 5.98204], [6.86233, 5.98485], [6.86418, 5.98617], [6.86351, 5.98882], [6.86661, 5.98932], [6.87032, 5.98989], [6.87147, 5.99018], [6.87423, 5.98947], [6.87424, 5.98518], [6.878, 5.97739], [6.87659, 5.97618], [6.87532, 5.97422], [6.87245, 5.97134], [6.87083, 5.97136], [6.86934, 5.96673], [6.86847, 5.96745], [6.86793, 5.96846], [6.86032, 5.96404], [6.85763, 5.96317], [6.8555, 5.96249], [6.85409, 5.96203], [6.85351, 5.96161], [6.85213, 5.95934], [6.85063, 5.96152], [6.85623, 5.97257], [6.85606, 5.97471], [6.85553, 5.97616]]]}, "properties": {"name": "Eziora", "lga": "Ekwusigo", "state": "an"}}, {"type": "Feature", "geometry": {"type": "Polygon", "coordinates": [[[6.87485, 6.04923], [6.86827, 6.03925], [6.86607, 6.03114], [6.86603, 6.01944], [6.86578, 6.01892], [6.86407, 6.01681], [6.87075, 6.01898], [6.87075, 6.01615], [6.87096, 6.01573], [6.87379, 6.01428], [6.85968, 6.00995], [6.85811, 6.01008], [6.85634, 6.01016], [6.85588, 6.01196], [6.85434, 6.0141], [6.85168, 6.01268], [6.85055, 6.01286], [6.84903, 6.01299], [6.84816, 6.01295], [6.84913, 6.01858], [6.84559, 6.02293], [6.8457, 6.02508], [6.84531, 6.02599], [6.84401, 6.02956], [6.85095, 6.03081], [6.8478, 6.03553], [6.84524, 6.04422], [6.84763, 6.04478], [6.85161, 6.0442], [6.85779, 6.04836], [6.8653, 6.04965], [6.86402, 6.05117], [6.86301, 6.05233], [6.86617, 6.0537], [6.86555, 6.05525], [6.8671, 6.0574], [6.87283, 6.05761], [6.873, 6.05635], [6.87338, 6.05598], [6.87612, 6.05508], [6.87521, 6.05017], [6.87485, 6.04923]]]}, "properties": {"name": "Ichi", "lga": "Ekwusigo", "state": "an"}}, {"type": "Feature", "geometry": {"type": "Polygon", "coordinates": [[[6.90414, 6.09919], [6.90764, 6.09743], [6.91164, 6.09468], [6.91424, 6.09247], [6.91276, 6.08772], [6.91385, 6.08563], [6.91368, 6.08533], [6.91202, 6.08486], [6.91013, 6.08462], [6.90974, 6.08464], [6.90883, 6.08325], [6.90265, 6.08769], [6.90259, 6.08766], [6.90155, 6.08654], [6.90101, 6.08561], [6.90567, 6.07817], [6.90642, 6.07185], [6.90782, 6.06786], [6.90574, 6.06835], [6.9037, 6.06804], [6.90076, 6.06717], [6.89139, 6.07114], [6.88708, 6.07028], [6.88411, 6.05791], [6.8827, 6.05807], [6.88128, 6.05866], [6.88064, 6.05884], [6.87894, 6.05369], [6.87062, 6.05796], [6.8667, 6.05718], [6.86555, 6.05525], [6.86583, 6.0549], [6.8662, 6.05443], [6.86654, 6.05416], [6.86301, 6.05233], [6.86402, 6.05117], [6.8653, 6.04965], [6.86097, 6.04886], [6.85421, 6.05242], [6.85455, 6.06529], [6.85628, 6.06362], [6.86356, 6.06845], [6.86391, 6.06882], [6.86417, 6.0706], [6.86436, 6.07365], [6.86806, 6.07941], [6.87452, 6.08409], [6.87369, 6.08022], [6.8779, 6.07842], [6.88709, 6.08223], [6.88818, 6.08297], [6.89022, 6.08573], [6.89345, 6.08798], [6.89323, 6.09219], [6.8949, 6.09293], [6.89652, 6.09231], [6.90414, 6.09919]]]}, "properties": {"name": "Ojojouno / Obiofia", "lga": "Idemili South", "state": "an"}}]}