{"type": "FeatureCollection", "features": [{"type": "Feature", "properties": {"name": "Alkaleri", "state": "ba"}, "geometry": {"type": "Polygon", "coordinates": [[[10.969134278724027, 9.615353467688408], [10.988169966770613, 9.630225100408097], [10.989894507625479, 9.640553670215752], [10.985020529274038, 9.64182850867877], [10.96405152815555, 9.662500077017], [10.95691314502568, 9.668597445415799], [10.956489876406692, 9.67092542596771], [10.956318280364371, 9.671869203301128], [10.960541397767315, 9.6754384200471], [10.9600655062182, 9.679245557836282], [10.960303452442417, 9.68471831829578], [10.96077934399159, 9.695782812326968], [10.957805017987255, 9.703278113893873], [10.95670450410961, 9.711389004099317], [10.961820139288022, 9.716795426068131], [10.964389957430626, 9.723791041823176], [10.966388704275346, 9.731072193227192], [10.9662459360012, 9.738210576357062], [10.964675492180277, 9.745491725962438], [10.965532098227811, 9.752344575241978], [10.981629401675605, 9.774779088184403], [10.97760075187324, 9.810182376315652], [10.97731729006091, 9.812673403954477], [10.970240181339364, 9.811711093392319], [10.965727858154196, 9.81405161858737], [10.961230676854314, 9.82340289872485], [10.959231929110274, 9.828114231986262], [10.957732868976791, 9.83446739275604], [10.959089161735449, 9.852170583205918], [10.944883780062469, 9.870444843155042], [10.945419806578855, 9.880443018230778], [10.943923904864391, 9.881777140003067], [10.918455831171741, 9.899699884642018], [10.905368795133825, 9.91445254424957], [10.89446373471361, 9.926484215973858], [10.890620001711738, 9.930725049121747], [10.865881920314393, 9.949856757783209], [10.824990272982745, 9.969960212693707], [10.812171936385823, 9.979338646061706], [10.80289936221584, 9.990977287072212], [10.794776916621458, 10.000296592713653], [10.78844547268045, 10.006125449629849], [10.717475890699859, 10.049853324871094], [10.716940152865789, 10.063492013145947], [10.715729159972796, 10.064650759025369], [10.7156077434027, 10.064856165979336], [10.711544209797466, 10.07621049981475], [10.712772814114146, 10.078620642428746], [10.713404414282365, 10.088833197893791], [10.715902847838208, 10.094543903678243], [10.721197887872279, 10.095147495360663], [10.73838875523694, 10.120955921078917], [10.74921463574691, 10.119912961114323], [10.774606143858477, 10.137606861567463], [10.78674139499941, 10.134751508675208], [10.800304321687122, 10.134751508675208], [10.80744270481705, 10.137963781803137], [10.81864070860189, 10.157336235379034], [10.81722640957122, 10.169485092363175], [10.818007637142784, 10.172914240599766], [10.819883346839049, 10.181147575300429], [10.823796271880497, 10.188199042551844], [10.830290795284043, 10.196922301822838], [10.835629463229168, 10.204093933788045], [10.835687490185592, 10.204267755652438], [10.839326859447056, 10.215169906765823], [10.851166724664665, 10.224235535241803], [10.857159615224134, 10.235681534275443], [10.856949158576867, 10.236257708326605], [10.855280967442752, 10.24082478223795], [10.834507632721113, 10.244494062051388], [10.776024893633974, 10.238761018905961], [10.775660008102932, 10.23793507524357], [10.757347466712247, 10.235691005935223], [10.735513938317638, 10.240340207734448], [10.73287370775546, 10.244300209587038], [10.7323898050455, 10.244602020267052], [10.727143253758186, 10.252018755261417], [10.720866470611156, 10.254359014257147], [10.703059744811412, 10.271194814888872], [10.690549846897966, 10.263843266353717], [10.687965023567017, 10.264204041083701], [10.683003263290004, 10.26436561238313], [10.679958398061672, 10.26289804740702], [10.676485419566518, 10.256396467922684], [10.666373583673987, 10.253353389647259], [10.665507596798193, 10.251496349876675], [10.665882713016856, 10.24082841280108], [10.654350743292241, 10.233448847686248], [10.652020748258963, 10.233580790820895], [10.649047193872946, 10.23310744974907], [10.642513007669208, 10.218127752693704], [10.64146451597469, 10.215429841414107], [10.637722397370794, 10.213742819375682], [10.621013402946232, 10.234130783808666], [10.616696127424404, 10.235617991776962], [10.61127702861205, 10.23758272176525], [10.608924000142565, 10.238635251415758], [10.604004029562361, 10.245231017797266], [10.58090155955938, 10.254773589129911], [10.576275668187577, 10.254888432555163], [10.566065763024596, 10.25304899791297], [10.55941822177357, 10.255320622448835], [10.552059215160682, 10.255492296732143], [10.53271522602688, 10.250845669691955], [10.525023055669521, 10.251101604155735], [10.518748311285606, 10.251592764394616], [10.42413157681085, 10.272383319334779], [10.416360395615811, 10.279392013930362], [10.414469895669185, 10.276115861957521], [10.398974246764112, 10.278801531665408], [10.374726365129675, 10.274943039889422], [10.358816475000367, 10.282489458921418], [10.342036285746019, 10.277858947732284], [10.327454634923527, 10.280010507379075], [10.320569510774362, 10.278374358190149], [10.313565700396794, 10.270546189654965], [10.308736047830394, 10.272753928151303], [10.301814814102443, 10.2685442448211], [10.295368940424282, 10.270265545418624], [10.284579271116513, 10.279483652148883], [10.272364910212502, 10.27954679534838], [10.262781663443036, 10.275786228951347], [10.257419607728764, 10.269163033247423], [10.24685003220327, 10.22825418997894], [10.21495418099073, 10.2317871388654], [10.203895558633178, 10.224174813017271], [10.204770239255197, 10.219955236245198], [10.202451135011927, 10.213258142349446], [10.209394228560825, 10.207298968272823], [10.207034092749211, 10.200138066118882], [10.201642639995896, 10.20018399809311], [10.194508370365043, 10.19084507374123], [10.188932115924445, 10.192555152598288], [10.183164071164981, 10.191574126244973], [10.180291264230505, 10.191332279661026], [10.178543267258021, 10.172159522344145], [10.185837897700878, 10.161120943177025], [10.189806595098332, 10.160196752178422], [10.191174802974842, 10.159704481276833], [10.189493309069007, 10.157818926702134], [10.178510331386747, 10.1454961579214], [10.158334010706085, 10.112942347411433], [10.139891866216715, 10.106017153069217], [10.134936477636359, 10.10531201443797], [10.106346642183837, 10.103285355334947], [10.094622808395911, 10.089897145337034], [10.094483596940506, 10.08593293735521], [10.093856625582873, 10.083135615016658], [10.096063165282885, 10.07173493192164], [10.096794746680246, 10.071031843744663], [10.098762169238796, 10.069062305081388], [10.08039573867245, 10.04280282529021], [10.082356597079354, 10.038122033005493], [10.078316042051767, 10.034377350434397], [10.076295763638655, 10.031451785671436], [10.076537155165624, 10.026693479920198], [10.090314223922348, 10.01181928773002], [10.083896870444278, 10.006318822755532], [10.079262116253688, 10.006201791279693], [10.07632678485328, 10.005370020909766], [10.073684997564612, 10.001941791780325], [10.069525603423926, 10.002058825054803], [10.061645795816844, 10.00382490019905], [10.050191347652628, 10.023058865374367], [10.043981965095668, 10.026715909012069], [10.039695971591868, 10.028391113958776], [10.033000840916145, 10.026666108154416], [10.026226969199342, 10.022382971796787], [10.023885824371348, 10.020311599300896], [10.016980723581582, 10.024579604565133], [10.013199938626315, 10.021871530047122], [10.012950374959871, 10.01270822440506], [10.011414117067886, 9.998465839227151], [10.006118878283644, 9.992416269795058], [10.002399577278709, 9.98688693928085], [9.99935727691684, 9.982767135994607], [9.972705556915969, 9.965448942614671], [9.978769918397063, 9.956630199624044], [9.986066684729792, 9.95400827026549], [9.98743244824891, 9.951448735870486], [9.986494509314184, 9.949162323782275], [9.983642351713229, 9.947125601265554], [9.975896537695121, 9.941689290328554], [9.95698614499463, 9.920176735368102], [9.940197447254434, 9.908592327074302], [9.931774977932946, 9.901447466127706], [9.923147204180168, 9.897162685809349], [9.917722314633181, 9.896653260339747], [9.912386046079234, 9.902993544616436], [9.910970964638352, 9.913324209844461], [9.909922241818037, 9.914800554002397], [9.905770087219821, 9.920541602912692], [9.902896891778198, 9.927787099794841], [9.899917068218144, 9.931766210442333], [9.893556078849997, 9.934108296860472], [9.88437710611862, 9.934359957745926], [9.876870962325086, 9.928629933624563], [9.843286814734768, 9.92996441512571], [9.820927973447283, 9.91148317171104], [9.845988329597787, 9.881756037411265], [9.841158129344251, 9.875311742942642], [9.840568400711163, 9.864634901679437], [9.848378265344707, 9.862263859789323], [9.850547223275782, 9.857999782763784], [9.850272056810013, 9.851940096858016], [9.856353539584234, 9.847913016372672], [9.85867657836144, 9.851530992561322], [9.86331133165271, 9.854692339779717], [9.865569290090718, 9.857853657320504], [9.896946611996611, 9.84911490992522], [9.914062385071077, 9.84920551212474], [9.91427478964988, 9.848900998082627], [9.919760268321795, 9.836426359888662], [9.924085885055604, 9.824836172551386], [9.919338076191309, 9.817969164345527], [9.919197494169055, 9.81784399040788], [9.911618883904396, 9.811096038051744], [9.90734101577533, 9.801841024943371], [9.906588251746484, 9.79989426970485], [9.896868027437563, 9.797918842280808], [9.89495814979881, 9.795328195839602], [9.88556709174793, 9.763346840684221], [9.890170162822812, 9.75284030943277], [9.91700839232351, 9.736137389928672], [9.918596978168068, 9.734085619056145], [9.920569482795429, 9.732793581958276], [9.927347741405185, 9.72055517498137], [9.9303818183663, 9.71534996822652], [9.947471121694946, 9.707167384966908], [9.95995170980359, 9.704895737947993], [9.972589634304256, 9.699527657675333], [9.98432193161193, 9.712981361700542], [9.992152813401674, 9.716840653873135], [9.99561647222248, 9.718176551806494], [10.00570626213431, 9.717582820291], [10.013537143024791, 9.719067147730755], [10.03341553539866, 9.726043401082165], [10.03883691489176, 9.727082404929092], [10.04184879208816, 9.730496252100409], [10.046818389956798, 9.728863547314916], [10.048474923179185, 9.726043401082165], [10.071076025638149, 9.730845437267192], [10.075732413919809, 9.729160402730429], [10.079346666915171, 9.726340259195638], [10.084918639683508, 9.724707533725734], [10.095959572376387, 9.72422778858163], [10.098321495140965, 9.722035783724493], [10.100580403263052, 9.722184215029529], [10.103291093009602, 9.719512445243197], [10.10486917297402, 9.71051175231554], [10.103696414757792, 9.700911664841499], [10.104140296737341, 9.700005768751282], [10.108758992633454, 9.690579709985684], [10.121665003237354, 9.694164300642], [10.143198785795391, 9.692126008808316], [10.152244380074137, 9.67876298792163], [10.156854584571477, 9.68010143543296], [10.161464790867456, 9.683224477827423], [10.165182698822548, 9.68411677436967], [10.19953616696057, 9.689767993598082], [10.260596111221616, 9.687117869594033], [10.26238070700407, 9.6848335871004], [10.263237313051604, 9.683048992217266], [10.264879140559913, 9.681264396434813], [10.292391659247698, 9.665530211350244], [10.29358138857026, 9.662407167157085], [10.29536598525209, 9.658243110031549], [10.300273623429007, 9.652740607193323], [10.311823222563703, 9.64404020958807], [10.313220024384691, 9.643250465436665], [10.318292179140826, 9.642040140739937], [10.326860427666645, 9.639995575235673], [10.353010177577687, 9.616060256575622], [10.372870445015053, 9.603427887187308], [10.416150092752616, 9.584114074804745], [10.419056441701457, 9.584242756997696], [10.42383956874113, 9.584454537447016], [10.453399657568184, 9.570323944294614], [10.459340096068615, 9.566727638169993], [10.461757351420658, 9.564516877951633], [10.465379715401582, 9.561203957196938], [10.479020118683593, 9.557948112815211], [10.482950210883587, 9.556192397860912], [10.48890018489567, 9.552595139354253], [10.49967002864895, 9.527976989746321], [10.503600120848944, 9.526221274792022], [10.506761413208721, 9.523333023800035], [10.50763034806215, 9.522539139169965], [10.512790437628666, 9.511043767356], [10.522958902931066, 9.4883910078388], [10.617839911282942, 9.462811803122293], [10.72131347323824, 9.45251761709443], [10.773542915872895, 9.447321510579286], [10.777672575728843, 9.450402660754264], [10.917232286440935, 9.554528495593672], [10.956344676365745, 9.605686906825326], [10.969134278724027, 9.615353467688408]]]}}, {"type": "Feature", "properties": {"name": "Bauchi", "state": "ba"}, "geometry": {"type": "Polygon", "coordinates": [[[10.279951645851838, 10.28010807033121], [10.278688688332352, 10.281463719175349], [10.277317953360921, 10.282810380194917], [10.270595075902065, 10.293052311115332], [10.270345880957677, 10.30375645489653], [10.26532320240392, 10.308266939867451], [10.261140039181498, 10.307705715246584], [10.25505543755844, 10.306302648748272], [10.245643320083218, 10.312101947646795], [10.234424837836059, 10.31425327436915], [10.221590132678557, 10.31313084581194], [10.218718298810472, 10.311482669989289], [10.211004402631147, 10.316645837935141], [10.210795518898124, 10.325390252857915], [10.215567853173923, 10.334954755957256], [10.214418039361078, 10.345614600933118], [10.21467367255201, 10.352240295852994], [10.213471778100143, 10.358579347159207], [10.220227390881405, 10.36475559779268], [10.230346102091005, 10.369912467786207], [10.236745116593909, 10.376549209078803], [10.233108617069092, 10.379845666844119], [10.228687773821775, 10.382861544224909], [10.227158589097655, 10.42865424579685], [10.237814675806703, 10.432373878651617], [10.241955179687864, 10.441733269774602], [10.242103171224414, 10.441853145806078], [10.24039936783663, 10.444765361032637], [10.215589429708473, 10.460919460264904], [10.205509580902458, 10.457882127758012], [10.200740483286722, 10.461130790153902], [10.172999413592095, 10.455374099335245], [10.16877909218141, 10.455833345332678], [10.1573125517329, 10.455374099335245], [10.151893453819866, 10.450325415985219], [10.141625689873763, 10.448922988904883], [10.137632671210838, 10.446819337942145], [10.104982985776246, 10.475659542853691], [10.089402482238825, 10.471197731889845], [10.085136272920693, 10.464591756404502], [10.084990061142435, 10.462929630298277], [10.083155963077274, 10.44207976057254], [10.068376017139542, 10.42810009794124], [10.06479831439077, 10.428656425753502], [10.058019258981687, 10.426554807258583], [10.04113011416348, 10.42999861624321], [10.025529184324455, 10.430296706427896], [10.015101562287327, 10.427514918079055], [10.01366265420819, 10.425147288216806], [10.010795011180846, 10.415125306287905], [10.008014158126969, 10.412179870104978], [10.005518520563328, 10.410987662250875], [10.0033080993893, 10.410496751124242], [10.006801990719339, 10.403203130620057], [10.009511540125516, 10.397031474622906], [10.017141060111896, 10.380199059938718], [10.010835808026172, 10.376904701191052], [10.002880275704229, 10.377253294603918], [9.987109884813378, 10.37907816292693], [9.978922159230308, 10.37886645532268], [9.916698854668482, 10.368700599852843], [9.915602508249208, 10.376788827142718], [9.913534695270016, 10.386467680838848], [9.900343470075143, 10.38913281992376], [9.892214821856612, 10.386818358880191], [9.883087920771004, 10.385345510387026], [9.869704085974831, 10.38142292842548], [9.8624137668819, 10.383269521671139], [9.850775643880922, 10.388441546140484], [9.857417830568465, 10.424685433286186], [9.854036129663712, 10.43947076706229], [9.84828098028305, 10.45219299940743], [9.84340584810144, 10.452177398867889], [9.839624430922811, 10.450096827206835], [9.818790831731576, 10.455191515376157], [9.81492938838062, 10.45859931910337], [9.811114228638814, 10.463107276079995], [9.816981456928715, 10.486843385014254], [9.812313533942472, 10.49028848362667], [9.806144065995909, 10.497987278390212], [9.800948588106905, 10.516322601406955], [9.79804299458857, 10.5207988042215], [9.79677280202327, 10.523843370874943], [9.798161456885794, 10.533712664108236], [9.801769670933595, 10.539776962636779], [9.804579931818466, 10.545432168559785], [9.79106574658698, 10.552129165328779], [9.786533309164952, 10.554375230232722], [9.778921186563537, 10.546634265359103], [9.761818712663512, 10.568145749226971], [9.756125603014198, 10.569631130672178], [9.753027395398021, 10.570297370027674], [9.75136566679214, 10.574157970713827], [9.748672855567861, 10.576220268150905], [9.740332781232894, 10.577294950801388], [9.734767512910423, 10.585963416178743], [9.733995676059635, 10.586538002926545], [9.733368848593557, 10.586669221207615], [9.729869439023446, 10.596620761938652], [9.73049403796955, 10.600544457260924], [9.722486677718052, 10.607997084198132], [9.716757201283883, 10.607166555791991], [9.714784854937136, 10.607814214254631], [9.704983415552249, 10.607749418101207], [9.684547272638554, 10.600178989868539], [9.673994785131299, 10.600862888311667], [9.66124127886195, 10.611528093246932], [9.637103487735828, 10.586601474378597], [9.635426499433436, 10.57580188105203], [9.627325194202399, 10.57141345027054], [9.620487915784736, 10.567709735416031], [9.615769646951719, 10.565159659190954], [9.622604268772022, 10.553055469734204], [9.62557526638551, 10.551828754893165], [9.62694192383077, 10.551536680273614], [9.626585405592039, 10.549375309922652], [9.623792667997293, 10.547389174271018], [9.628724522218988, 10.535179996159968], [9.626095459437977, 10.519194297678723], [9.627952063936675, 10.516836108899383], [9.629794081431783, 10.514499229555838], [9.630923059751467, 10.511870219834805], [9.631453878293883, 10.50799092943788], [9.632261989299423, 10.502615927083411], [9.632927492110127, 10.500091979761123], [9.643765687936195, 10.485275066291308], [9.641685990416192, 10.46255519666505], [9.683492887686668, 10.447010469057943], [9.68713629670276, 10.436995986575596], [9.689453674247716, 10.43588568627547], [9.692312383409842, 10.434587260393812], [9.694207269350045, 10.432730070436435], [9.694504366683248, 10.428756287372835], [9.692959449219245, 10.42273707815366], [9.691058010818608, 10.419172249200017], [9.690166713423139, 10.417769681825405], [9.691058010818608, 10.407483997988152], [9.677747947409898, 10.392639289171882], [9.68024358407422, 10.372299722654134], [9.691058010818608, 10.35914843814993], [9.689623263003227, 10.350646663013151], [9.69514931728719, 10.343749137212967], [9.693485558911448, 10.325277049796057], [9.659890330774203, 10.291079898218754], [9.653010947896973, 10.275078731398366], [9.647827788022028, 10.249471227715048], [9.64958189588782, 10.244183731194312], [9.649989599040794, 10.243037917565914], [9.634672214651061, 10.239296984268435], [9.613177274711518, 10.239745326885384], [9.609775364241727, 10.236426510175363], [9.606713109722307, 10.234970677754632], [9.60570779987512, 10.233071567698744], [9.60648829180127, 10.231183403291482], [9.608955909187898, 10.231746824056756], [9.617622647866938, 10.215817287337984], [9.629483353973683, 10.21033067731895], [9.630762722321833, 10.206802028091147], [9.640638764967093, 10.20570381108206], [9.653350584961572, 10.204290253092779], [9.62200202877068, 10.177372307685914], [9.626845690975927, 10.171510837755022], [9.617122485414427, 10.16256664023831], [9.621914599379295, 10.139139542855673], [9.623143136246767, 10.137552090156873], [9.636537193636627, 10.126186486916879], [9.632656759302051, 10.121537542323779], [9.632225037055889, 10.121020317034038], [9.633179664709814, 10.100270271156148], [9.702199768304695, 10.027676428124721], [9.701278836449205, 10.019807665091719], [9.700280580884169, 10.015032917035569], [9.701278836449205, 10.01117093678937], [9.712214016963344, 9.995810206875603], [9.712249420574324, 9.992131458999665], [9.708284196358647, 9.985364091179918], [9.724513076916992, 9.981302903006622], [9.733814239635478, 9.966299292078702], [9.743536963160352, 9.966148062982768], [9.74564755868795, 9.96867625960175], [9.747941823656276, 9.969571966373223], [9.751979347069266, 9.971148254888078], [9.758482263845451, 9.970811165602868], [9.764386611652867, 9.970973361031838], [9.766183086580213, 9.968339167618524], [9.770347236335965, 9.965136778939268], [9.775714171771654, 9.9607949294425], [9.790544439274527, 9.956082313747856], [9.792824651436547, 9.952800169592194], [9.791962147635047, 9.951294896042668], [9.791898588049435, 9.937117669444945], [9.79166277771509, 9.933686888039517], [9.79416585716865, 9.93497330707254], [9.796226229157185, 9.934670176187751], [9.798864474016284, 9.934810645794698], [9.814460017815634, 9.925200958957134], [9.818000655905621, 9.9170917567792], [9.820927973447283, 9.91148317171104], [9.843286814734768, 9.92996441512571], [9.876870962325086, 9.928629933624563], [9.88437710611862, 9.934359957745926], [9.893556078849997, 9.934108296860472], [9.899917068218144, 9.931766210442333], [9.902896891778198, 9.927787099794841], [9.905770087219821, 9.920541602912692], [9.909922241818037, 9.914800554002397], [9.910970964638352, 9.913324209844461], [9.912386046079234, 9.902993544616436], [9.917722314633181, 9.896653260339747], [9.923147204180168, 9.897162685809349], [9.931774977932946, 9.901447466127706], [9.940197447254434, 9.908592327074302], [9.95698614499463, 9.920176735368102], [9.975896537695121, 9.941689290328554], [9.983642351713229, 9.947125601265554], [9.986494509314184, 9.949162323782275], [9.98743244824891, 9.951448735870486], [9.986066684729792, 9.95400827026549], [9.978769918397063, 9.956630199624044], [9.972705556915969, 9.965448942614671], [9.99935727691684, 9.982767135994607], [10.002399577278709, 9.98688693928085], [10.006118878283644, 9.992416269795058], [10.011414117067886, 9.998465839227151], [10.012950374959871, 10.01270822440506], [10.013199938626315, 10.021871530047122], [10.016980723581582, 10.024579604565133], [10.023885824371348, 10.020311599300896], [10.026226969199342, 10.022382971796787], [10.033000840916145, 10.026666108154416], [10.039695971591868, 10.028391113958776], [10.043981965095668, 10.026715909012069], [10.050191347652628, 10.023058865374367], [10.061645795816844, 10.00382490019905], [10.069525603423926, 10.002058825054803], [10.073684997564612, 10.001941791780325], [10.07632678485328, 10.005370020909766], [10.079262116253688, 10.006201791279693], [10.083896870444278, 10.006318822755532], [10.090314223922348, 10.01181928773002], [10.076537155165624, 10.026693479920198], [10.076295763638655, 10.031451785671436], [10.078316042051767, 10.034377350434397], [10.082356597079354, 10.038122033005493], [10.08039573867245, 10.04280282529021], [10.098762169238796, 10.069062305081388], [10.096794746680246, 10.071031843744663], [10.096063165282885, 10.07173493192164], [10.093856625582873, 10.083135615016658], [10.094483596940506, 10.08593293735521], [10.094622808395911, 10.089897145337034], [10.106346642183837, 10.103285355334947], [10.134936477636359, 10.10531201443797], [10.139891866216715, 10.106017153069217], [10.158334010706085, 10.112942347411433], [10.178510331386747, 10.1454961579214], [10.189493309069007, 10.157818926702134], [10.191174802974842, 10.159704481276833], [10.189806595098332, 10.160196752178422], [10.185837897700878, 10.161120943177025], [10.178543267258021, 10.172159522344145], [10.180291264230505, 10.191332279661026], [10.183164071164981, 10.191574126244973], [10.188932115924445, 10.192555152598288], [10.194508370365043, 10.19084507374123], [10.201642639995896, 10.20018399809311], [10.207034092749211, 10.200138066118882], [10.209394228560825, 10.207298968272823], [10.202451135011927, 10.213258142349446], [10.204770239255197, 10.219955236245198], [10.203895558633178, 10.224174813017271], [10.21495418099073, 10.2317871388654], [10.24685003220327, 10.22825418997894], [10.257419607728764, 10.269163033247423], [10.262781663443036, 10.275786228951347], [10.279951645851838, 10.28010807033121]]]}}, {"type": "Feature", "properties": {"name": "Tafawa-Balewa", "state": "ba"}, "geometry": {"type": "Polygon", "coordinates": [[[9.820927973447283, 9.91148317171104], [9.818000655905621, 9.9170917567792], [9.814460017815634, 9.925200958957134], [9.798864474016284, 9.934810645794698], [9.796226229157185, 9.934670176187751], [9.79416585716865, 9.93497330707254], [9.79166277771509, 9.933686888039517], [9.791898588049435, 9.937117669444945], [9.791962147635047, 9.951294896042668], [9.792824651436547, 9.952800169592194], [9.790544439274527, 9.956082313747856], [9.775714171771654, 9.9607949294425], [9.770347236335965, 9.965136778939268], [9.766183086580213, 9.968339167618524], [9.764386611652867, 9.970973361031838], [9.758482263845451, 9.970811165602868], [9.751979347069266, 9.971148254888078], [9.747941823656276, 9.969571966373223], [9.74564755868795, 9.96867625960175], [9.743536963160352, 9.966148062982768], [9.733814239635478, 9.966299292078702], [9.724513076916992, 9.981302903006622], [9.708284196358647, 9.985364091179918], [9.712249420574324, 9.992131458999665], [9.712214016963344, 9.995810206875603], [9.701278836449205, 10.01117093678937], [9.700280580884169, 10.015032917035569], [9.701278836449205, 10.019807665091719], [9.702199768304695, 10.027676428124721], [9.633179664709814, 10.100270271156148], [9.632225037055889, 10.121020317034038], [9.632656759302051, 10.121537542323779], [9.636537193636627, 10.126186486916879], [9.623143136246767, 10.137552090156873], [9.621914599379295, 10.139139542855673], [9.617122485414427, 10.16256664023831], [9.626845690975927, 10.171510837755022], [9.62200202877068, 10.177372307685914], [9.624534629369691, 10.186916878211434], [9.615715556327928, 10.199206912569025], [9.616086580631247, 10.20111972289692], [9.603607623892799, 10.214628683966623], [9.600826769939545, 10.216172503358393], [9.59881488759703, 10.214716997391577], [9.597453680942692, 10.213061521771863], [9.598112358798346, 10.210142555334698], [9.600398947153735, 10.205786664722837], [9.601825024605262, 10.202769094817938], [9.601360614700639, 10.188827605709491], [9.581543368131975, 10.17499506317165], [9.572189899044645, 10.158223180955076], [9.549753674692397, 10.160913734881035], [9.537030504354334, 10.152920871700928], [9.533348468557051, 10.150772661129452], [9.523907526910875, 10.151263819569692], [9.518265444794508, 10.113158547129274], [9.538729669938391, 10.110140102184005], [9.538919813598568, 10.100429409789456], [9.554264877322282, 10.097904249281726], [9.55473000308723, 10.09476710192024], [9.556647791162675, 10.093893368284341], [9.563068073732666, 10.090788625294863], [9.569723106336312, 10.077777787015293], [9.573240765848709, 10.078152207158666], [9.576283067109898, 10.07646731291618], [9.578469720101566, 10.07403356309851], [9.57913522381159, 10.07085093881983], [9.579325366572448, 10.067668283964167], [9.579325366572448, 10.06542168486294], [9.591584595552717, 10.054119961367178], [9.593906942751232, 10.053753213340144], [9.597037611396672, 10.053900521391995], [9.599242928918102, 10.05379060355358], [9.59981335989869, 10.051333279807068], [9.604091594951171, 10.04985887638611], [9.60544636875494, 10.048595095986911], [9.605232457811724, 10.04669941774398], [9.605089849616888, 10.044663305866948], [9.606555670807609, 10.042766171621565], [9.612802870755957, 10.039506493429997], [9.615785438147498, 10.036729368065949], [9.619428050364263, 10.03433882617594], [9.605556783019153, 10.02858853763098], [9.589759506895803, 10.009275039111799], [9.587549085721776, 10.008221757628064], [9.583326024076825, 10.005959158688256], [9.575325138044718, 9.989142919210394], [9.575795919645998, 9.98638862493516], [9.597453401253517, 9.986026694576367], [9.599241192327213, 9.985075727163121], [9.605120291668186, 9.985681941268638], [9.60671030743481, 9.981637214286081], [9.614951801684356, 9.98064594105739], [9.622704115102863, 9.97440061709483], [9.622724725765522, 9.97437323993313], [9.63648781006441, 9.956092308813027], [9.63435667042404, 9.948180173276398], [9.632549786743311, 9.936754533095268], [9.634680068430441, 9.930127448722828], [9.642077641569927, 9.929781434565598], [9.649581717822059, 9.927012141397256], [9.666066278336132, 9.926597923555391], [9.68121161702254, 9.929962555327734], [9.684414247619486, 9.918414483241861], [9.683372315579959, 9.91438174062489], [9.674283408152803, 9.896063342849061], [9.651196260798827, 9.881644820951749], [9.630306662622445, 9.905682707291135], [9.6301827450377, 9.905770446948623], [9.630124560699983, 9.905297605899818], [9.630167730856158, 9.893293878809516], [9.624593316428445, 9.884784443247497], [9.61399945201316, 9.886477701185015], [9.609476529418373, 9.885060387626822], [9.608251475625138, 9.88420091094332], [9.60277357733878, 9.892659051873807], [9.596027761771836, 9.890351229625594], [9.593375979417942, 9.884879042034186], [9.593488150058135, 9.883826677858963], [9.586176969391659, 9.876210741232796], [9.586129165928298, 9.876222077187151], [9.571910610086661, 9.86751242915534], [9.571754967118068, 9.873889968747108], [9.564569490089923, 9.886090433326899], [9.566090288635962, 9.91090812091312], [9.553859354125962, 9.911126843229283], [9.541885381105487, 9.909776317822832], [9.543359860968849, 9.898085507140479], [9.53666095493918, 9.893672844126513], [9.535890469769413, 9.893543557589169], [9.520196726297911, 9.901034912930925], [9.503819471991108, 9.898228477762075], [9.494532692130065, 9.902402948137592], [9.490007541015245, 9.908108864132828], [9.483703503014283, 9.910705401133384], [9.441819851305127, 9.901029290369479], [9.439771427709275, 9.898366646003979], [9.426655476668941, 9.890460380342347], [9.386487556055897, 9.88021989103521], [9.370562744375206, 9.867645047680867], [9.359652936433918, 9.871610020086393], [9.34900496700567, 9.902075885393856], [9.337744044851831, 9.90336570386421], [9.331066056153645, 9.906223393195091], [9.323086975083868, 9.901847891067348], [9.31990105478991, 9.901331263826819], [9.311162393729546, 9.898873314152183], [9.296336995156253, 9.898006023259427], [9.29415575968062, 9.895669806716228], [9.29416719635907, 9.89065704408739], [9.298654290862885, 9.878474861825453], [9.281955071169648, 9.866120210279519], [9.287957863264808, 9.853011790162043], [9.287657945657713, 9.849850874618198], [9.272069625213078, 9.846144618279538], [9.26080036184726, 9.818529129915476], [9.23577593541114, 9.789613285724613], [9.21872033777339, 9.77325565732275], [9.212014572614464, 9.772920747094872], [9.209360310829709, 9.770084166651031], [9.202591475316353, 9.771595802004697], [9.198702101720642, 9.772741004094087], [9.184103012144362, 9.768792152036212], [9.155795097066118, 9.755951880974578], [9.15352660756696, 9.75346338492733], [9.152127266060518, 9.751928329428893], [9.150382995878601, 9.747989654998605], [9.19507104579219, 9.713823251242104], [9.20388236757725, 9.70346019782994], [9.207575733033707, 9.693832270942607], [9.210313692922625, 9.68736007230956], [9.216561886621832, 9.683967479715477], [9.26715022390374, 9.680388445070719], [9.284633191968283, 9.6980523927038], [9.290555954293893, 9.675063132957291], [9.294490813800053, 9.673307418902311], [9.291357993976305, 9.657724380176035], [9.287779808291589, 9.651773452882594], [9.284290313747022, 9.643897057303377], [9.284411556748012, 9.641277039004194], [9.284468651107431, 9.640043259089168], [9.28458023089297, 9.636112213607817], [9.297289848447804, 9.624849319240752], [9.28975510441461, 9.614358402018695], [9.292839217855658, 9.61349771934431], [9.315334310030437, 9.607220018888825], [9.326763836182124, 9.596187370750613], [9.327155113217941, 9.595750809252479], [9.30929232008458, 9.598940875421135], [9.304953563356321, 9.576331143067875], [9.30403186977503, 9.571528104138736], [9.314176755752726, 9.563052628775836], [9.340543147848052, 9.54102501229454], [9.351026224780526, 9.53226699782374], [9.397403716808128, 9.531158446704978], [9.40350808103318, 9.51020268090906], [9.405553428048336, 9.507095463884582], [9.425445269783438, 9.4768765029483], [9.569105228023886, 9.472712446722085], [9.58992166725119, 9.511536043653564], [9.58301319760102, 9.517408270375427], [9.576726021888476, 9.52275239540677], [9.548504795160227, 9.517639707306671], [9.545693224862475, 9.514783277925972], [9.545001736141273, 9.514080756321903], [9.541125588874877, 9.5097683407364], [9.531059264973123, 9.515857697075091], [9.522733871171283, 9.524324943641261], [9.512608715419901, 9.5296692997984], [9.506476578331501, 9.531919530362075], [9.497039337395563, 9.53229669343773], [9.490911159122732, 9.528489075410562], [9.486118445310069, 9.529939031661058], [9.485249862990827, 9.530762789970822], [9.484557619738382, 9.540151759795947], [9.484482142337072, 9.540192471205614], [9.47301420883872, 9.542052907715572], [9.469200740721647, 9.54236221694282], [9.445084330977124, 9.554403616633635], [9.434955920579341, 9.567862632054869], [9.429981252332993, 9.570448836744447], [9.423873140632963, 9.573624289829183], [9.419378692372788, 9.580942601220102], [9.412207576618414, 9.585053425675085], [9.404609796405055, 9.591551476219706], [9.432123641592852, 9.621458828362279], [9.434734654980389, 9.629269839631434], [9.436218521967248, 9.630810563556736], [9.43443754505671, 9.636038375670523], [9.436409365299994, 9.637778167228703], [9.439938974104393, 9.639422130626883], [9.439562214824377, 9.646350192907107], [9.436813543110588, 9.647428419785797], [9.434306270118327, 9.650790453416732], [9.437635802250497, 9.654980667323969], [9.448351183060709, 9.65585782557821], [9.448827413654271, 9.652160994134647], [9.45039946995962, 9.649309100934317], [9.454273126103942, 9.645233339247284], [9.460999195256704, 9.64231582071858], [9.474767644910912, 9.663628353865477], [9.474707971295913, 9.686282650324074], [9.477172940179116, 9.686849209723277], [9.487495116706327, 9.691748750404543], [9.496540762246411, 9.705096376696474], [9.501938946425298, 9.705850883611447], [9.50855495294877, 9.71439359498845], [9.502130289781121, 9.718989326696146], [9.50205978563065, 9.71903976067648], [9.495639991392522, 9.721589399830975], [9.493999917562178, 9.717911483827947], [9.488159787644122, 9.710796421018074], [9.482294267166765, 9.70927730420425], [9.481851759351287, 9.708934066254187], [9.475103211643955, 9.714684834137813], [9.471284361983749, 9.72003657013164], [9.47103514815359, 9.721599788799267], [9.46594121361619, 9.725370203672014], [9.45549991019277, 9.728826347757774], [9.43949464696044, 9.717929013413311], [9.439299378963199, 9.717909683385244], [9.434416742838437, 9.718174864678303], [9.432793287580182, 9.717957556096394], [9.42347276515602, 9.72539862224869], [9.408041794593203, 9.731711562638566], [9.411985847868607, 9.740909722405831], [9.413666133085599, 9.748831219884948], [9.417977131339569, 9.754231673053312], [9.418861200883782, 9.754517082797179], [9.430045105097577, 9.746699728609656], [9.435266866572704, 9.746089401904442], [9.440300115757793, 9.74892894111781], [9.441637541639295, 9.749025117315341], [9.446893416198236, 9.751884489277813], [9.450002486725452, 9.751397600818677], [9.452877734419928, 9.750721002172554], [9.454356679417288, 9.748759066377886], [9.459990430214248, 9.743597829276439], [9.471776415249394, 9.7591805460454], [9.472027713708087, 9.759140299585226], [9.480588021220228, 9.7578473047094], [9.48225531033438, 9.756165425893755], [9.483650504167485, 9.751923159226465], [9.513859612131455, 9.7494258147496], [9.523454718260666, 9.767807296369654], [9.524081543028842, 9.767927693108618], [9.538714518160532, 9.746607309779563], [9.559948610639935, 9.74565581086705], [9.562433310648828, 9.744108958961363], [9.575029460741064, 9.736267216059218], [9.587173982992965, 9.741534982353585], [9.590888175848704, 9.743146037759459], [9.588305025256773, 9.73936155479197], [9.590444142782985, 9.736433364907896], [9.592939780346626, 9.733856537449299], [9.613499076421306, 9.723666156567901], [9.637385889247412, 9.73081116770129], [9.639406166761262, 9.732802373730635], [9.640238045949104, 9.734793567169447], [9.641782964312426, 9.737136132926253], [9.65022059440497, 9.729171342983136], [9.650101754392495, 9.726360196266114], [9.650111610962142, 9.724708432148475], [9.653429271143978, 9.724837481264785], [9.65628142694635, 9.723549024368026], [9.656994467021093, 9.725071744765273], [9.65758866618404, 9.727062984968825], [9.661510381199207, 9.727765771872896], [9.664600217925738, 9.726594458867226], [9.66614513628906, 9.724837481264785], [9.66745237462743, 9.723549024368026], [9.669948012191071, 9.724603215965715], [9.672748105340816, 9.727353862590746], [9.67050260970774, 9.72076880443683], [9.694922385060067, 9.714654163658793], [9.711711841828105, 9.714038265653471], [9.715148138775646, 9.713912208581633], [9.740036679449247, 9.700990062341532], [9.75326596485246, 9.689780101170754], [9.76988553339072, 9.687054334290167], [9.802263056994548, 9.68929634415099], [9.809621621140934, 9.677712886440588], [9.804356568101184, 9.66764368380899], [9.806895348841351, 9.649036760138415], [9.803289832759617, 9.643297540449169], [9.802500736120123, 9.631553155353913], [9.805020141866123, 9.625976068141085], [9.794657305190526, 9.603854282749012], [9.802476393270979, 9.596253246989818], [9.807758447994047, 9.57999554315984], [9.824209220079467, 9.583241459925489], [9.828373277205003, 9.5935028863492], [9.831425263265317, 9.598602098108415], [9.83887100229498, 9.60123920442578], [9.85493397142568, 9.603130806041918], [9.901987851658077, 9.608671950050507], [9.906775475307995, 9.61179161099409], [9.913160515245636, 9.61115323983023], [9.915951729388837, 9.61087417570269], [9.935597737845399, 9.605102759384863], [9.96229171788849, 9.612709998667526], [9.98064422605023, 9.623262405235835], [9.991197585899897, 9.638402938844592], [9.991649736246359, 9.645639218575127], [9.991656303095965, 9.645744324141276], [9.972589634304256, 9.699527657675333], [9.95995170980359, 9.704895737947993], [9.947471121694946, 9.707167384966908], [9.9303818183663, 9.71534996822652], [9.927347741405185, 9.72055517498137], [9.920569482795429, 9.732793581958276], [9.918596978168068, 9.734085619056145], [9.91700839232351, 9.736137389928672], [9.890170162822812, 9.75284030943277], [9.88556709174793, 9.763346840684221], [9.89495814979881, 9.795328195839602], [9.896868027437563, 9.797918842280808], [9.906588251746484, 9.79989426970485], [9.90734101577533, 9.801841024943371], [9.911618883904396, 9.811096038051744], [9.919197494169055, 9.81784399040788], [9.919338076191309, 9.817969164345527], [9.924085885055604, 9.824836172551386], [9.919760268321795, 9.836426359888662], [9.91427478964988, 9.848900998082627], [9.914062385071077, 9.84920551212474], [9.896946611996611, 9.84911490992522], [9.865569290090718, 9.857853657320504], [9.86331133165271, 9.854692339779717], [9.85867657836144, 9.851530992561322], [9.856353539584234, 9.847913016372672], [9.850272056810013, 9.851940096858016], [9.850547223275782, 9.857999782763784], [9.848378265344707, 9.862263859789323], [9.840568400711163, 9.864634901679437], [9.841158129344251, 9.875311742942642], [9.845988329597787, 9.881756037411265], [9.820927973447283, 9.91148317171104]]]}}, {"type": "Feature", "properties": {"name": "Dambam", "state": "ba"}, "geometry": {"type": "Polygon", "coordinates": [[[10.877517119619426, 11.828989119951984], [10.869331815910641, 11.809569490639547], [10.854682375990933, 11.799941704046432], [10.855014611635056, 11.79745573869144], [10.854347990967085, 11.7952935535547], [10.849752250266192, 11.793063287041093], [10.847176133272, 11.796817541096686], [10.840079295223347, 11.794669233398452], [10.833576894657995, 11.801157541587315], [10.825068525691961, 11.801324022285826], [10.825468611587212, 11.79582138275066], [10.823665782949547, 11.788341857091098], [10.81524532001555, 11.782702230123846], [10.814049692939022, 11.782425486247234], [10.809969474211925, 11.780670392724517], [10.812076035380755, 11.773266569296766], [10.80301472185198, 11.76663027496727], [10.804869795704576, 11.760637488729174], [10.794281498092687, 11.757109360208858], [10.79427111631901, 11.757084144117982], [10.78366845023885, 11.755804476295566], [10.780420372402318, 11.757866294394034], [10.778724546900378, 11.758293278112319], [10.777543825187422, 11.758029258743363], [10.756640828911202, 11.749404371814364], [10.751154831330439, 11.751229788723833], [10.748275516002309, 11.757210934137333], [10.747661840221781, 11.757479766677932], [10.739561721196537, 11.766365903064013], [10.735002576607656, 11.767968021007391], [10.735157918303344, 11.770129581115327], [10.73610138357202, 11.783257877149367], [10.735554870061264, 11.78437544936753], [10.721089637376906, 11.790169804692766], [10.713806306915558, 11.797333772635568], [10.698042140232644, 11.805880556142824], [10.686916653280946, 11.809314471685582], [10.683892913127465, 11.806215275714464], [10.682841370932579, 11.801705147774385], [10.680643525878054, 11.794552192030096], [10.68039147918347, 11.792564344069262], [10.679344022608632, 11.779113866811542], [10.675851006318908, 11.768116583613505], [10.665277921638847, 11.759433611272186], [10.655736086850993, 11.75286591003379], [10.65077988168622, 11.733808936833043], [10.63791322001913, 11.723612732841389], [10.636932780923132, 11.720758245996308], [10.631656969293772, 11.705398043085268], [10.614730840755726, 11.697771686913882], [10.607101321668722, 11.700564591782552], [10.602464333562182, 11.693947739896316], [10.600683969089971, 11.692115968377266], [10.599329194386883, 11.692884035270083], [10.597831812388279, 11.693652101263524], [10.596334430389675, 11.69490892990325], [10.596833556823242, 11.696375224137341], [10.598473547016624, 11.697771686913882], [10.598758763406238, 11.699237965859481], [10.596405734037432, 11.701123169698576], [10.58185973413947, 11.697841510277499], [10.575584989755498, 11.692884035270083], [10.573445872229286, 11.683387778123517], [10.557117274842426, 11.662927825658699], [10.565887656789982, 11.659925043306146], [10.579078881984856, 11.659087052325674], [10.591485762557966, 11.659087052325674], [10.597368336879299, 11.660204372733688], [10.598437895192774, 11.655944561192598], [10.593334667960619, 11.653936580109132], [10.594052703769307, 11.64965947280649], [10.59476574384405, 11.645399500286771], [10.59907963072044, 11.631338795249235], [10.604546264098872, 11.625937806984268], [10.606476223598861, 11.60667032137826], [10.603562199835721, 11.605943774385707], [10.594734265773809, 11.602235631269423], [10.593527432245253, 11.590633246427217], [10.598559949382206, 11.584628520789636], [10.596404311309982, 11.583596921960407], [10.59596686487896, 11.581830114768024], [10.599835503705606, 11.56969644013867], [10.599315610127348, 11.567550199981781], [10.604097484411398, 11.558954903446079], [10.620195427277224, 11.559829762133859], [10.6221122009174, 11.563492505674674], [10.628095134183127, 11.568039968969458], [10.634687574871748, 11.56636885773662], [10.638471815022285, 11.56540959587619], [10.64138536844007, 11.555776103984044], [10.643503447226351, 11.55449438031144], [10.648973610443818, 11.539022245080616], [10.656138482205222, 11.539240953906926], [10.66357442132255, 11.53239371369898], [10.67569608730463, 11.52377697013111], [10.694918203912039, 11.507907159188107], [10.703641375049472, 11.496631793022857], [10.707671628343007, 11.493158035714828], [10.707994286207395, 11.482786975638476], [10.703376243219111, 11.467429045314248], [10.721721066673922, 11.444843119814152], [10.717995981229592, 11.427899682024758], [10.724287072590357, 11.430074975679645], [10.730097824355141, 11.431807525896659], [10.749371457726625, 11.426810657885596], [10.751184363267782, 11.425602156114678], [10.770072769342903, 11.433235202342757], [10.789346402714386, 11.45322267528627], [10.793726930253683, 11.464592445085316], [10.824964454346116, 11.476345571590912], [10.83540044367561, 11.479453121364486], [10.856428167825754, 11.479087415651748], [10.869032667223848, 11.46149103588266], [10.875654212671805, 11.452247097025975], [10.880061757644057, 11.445250593640026], [10.924440950689359, 11.46051432177859], [10.934409244890787, 11.467793931744609], [10.93467331012522, 11.495613097666364], [10.930600166364627, 11.50082969793226], [10.927740097427602, 11.525600432813746], [10.929330587136917, 11.534675664250528], [10.939494905665413, 11.554035528217128], [10.932456206089114, 11.567043833106482], [10.928660392563131, 11.585630416810318], [10.928688088984188, 11.666486588685189], [10.920884094225642, 11.718392704359871], [10.926534016631592, 11.739283440178667], [10.927723747752793, 11.776640976699753], [10.924229745806201, 11.78455823477475], [10.90801218321576, 11.821306541763533], [10.905356812566879, 11.827323496382292], [10.877517119619426, 11.828989119951984]]]}}, {"type": "Feature", "properties": {"name": "Ganjuwa", "state": "ba"}, "geometry": {"type": "Polygon", "coordinates": [[[10.242103171224414, 10.441853145806078], [10.242522382102322, 10.441707618411897], [10.246902396128746, 10.440187104951008], [10.250588149723399, 10.43856600861443], [10.25742040812537, 10.443645911929366], [10.261866811903872, 10.44695189081716], [10.26925515170393, 10.452445249348841], [10.271753674292711, 10.462699640376172], [10.293503166438029, 10.467452034883536], [10.293792412689754, 10.484279132775782], [10.322766165126495, 10.490739145595114], [10.325496613877704, 10.499335074354235], [10.303013237171228, 10.51574061683607], [10.302254497147374, 10.521965279773895], [10.306371336268228, 10.532412211154679], [10.30478963293524, 10.536529045778877], [10.310245418691181, 10.545487322182225], [10.315477007058291, 10.549075402208075], [10.328016060093148, 10.55690084579743], [10.336720694404562, 10.55605466199313], [10.346135767052033, 10.591368358762793], [10.356769700761106, 10.59540257626793], [10.373136475268154, 10.587879431690453], [10.383236969810355, 10.599072419956258], [10.394721546162486, 10.605338728699394], [10.402582428436347, 10.602989723796782], [10.426543162836765, 10.615140234634168], [10.456801024847493, 10.60666405600142], [10.466976729692362, 10.606968750807255], [10.469056428111742, 10.61353920037385], [10.469502077259108, 10.618357439644171], [10.47128726029888, 10.625079246010444], [10.488813555001627, 10.651061058321261], [10.489110655032732, 10.65748457215534], [10.487458978149391, 10.660856277095547], [10.49233141326414, 10.669089762882322], [10.487756078180496, 10.676096809919898], [10.491499534076297, 10.682052672692748], [10.490311134851027, 10.687366138036907], [10.491202434045135, 10.688358753953366], [10.494281108386474, 10.688327978253653], [10.49683524594991, 10.69091384569748], [10.499954791780283, 10.697628452990784], [10.500103341795864, 10.706824304198335], [10.499664624622767, 10.712026404694882], [10.502628689362552, 10.713246638121916], [10.505368938026095, 10.714478542950474], [10.514281928168487, 10.725547946380686], [10.516492349342514, 10.725267713134485], [10.518560163221025, 10.725477888293938], [10.520271457062165, 10.726949107215603], [10.521127104432367, 10.729611297423503], [10.52141231992266, 10.7325536894013], [10.522981005569022, 10.733674591809006], [10.52667682707397, 10.736966696855632], [10.514493461304255, 10.748698004009725], [10.513954410367774, 10.761076410248165], [10.501936066596272, 10.774850238747547], [10.44067264892368, 10.772706958259562], [10.449839673262375, 10.801597775217203], [10.452224830911291, 10.809114843974896], [10.459408133378702, 10.811833898315797], [10.489358627798481, 10.807221476989639], [10.516359507785126, 10.840423920827334], [10.513006713788855, 10.84866327379109], [10.512118144037174, 10.851222381008142], [10.481710649227125, 10.849505827931637], [10.470919772129832, 10.849431026820469], [10.444623278941208, 10.836893679799516], [10.422213080069639, 10.832289553819919], [10.419404984752305, 10.843716133792611], [10.45614228943515, 10.869400828985135], [10.465400609350695, 10.884012293232786], [10.472192805653492, 10.878654226011747], [10.476654294660023, 10.897987345939327], [10.4611877981784, 10.896202751056137], [10.457618605714117, 10.909587218975048], [10.44691103281798, 10.918807629768366], [10.435010530811383, 10.918345475363424], [10.434231736805259, 10.913070366104535], [10.422227296552535, 10.910554867013559], [10.375279022808684, 10.882712671252818], [10.364625475785147, 10.866704058045912], [10.351376003299947, 10.86777771906651], [10.319091328402124, 10.879799428101194], [10.281285398902071, 10.899972645221453], [10.258920860409432, 10.930191152000134], [10.262009415602108, 10.940910075239856], [10.27883701981267, 10.951952091615794], [10.298926297810453, 10.950616895153644], [10.324286291878934, 10.959732139226901], [10.324286291878934, 10.989004435106665], [10.323533322804678, 11.01901291601331], [10.322329139578187, 11.040643059129934], [10.33293516192822, 11.070978314997262], [10.335250542078882, 11.084008218904216], [10.328279085711301, 11.081944524820017], [10.318185106757312, 11.083151921324145], [10.315490823342884, 11.08537558411598], [10.298733975092944, 11.091355018119657], [10.27910598635225, 11.107306855327181], [10.27050197988251, 11.098164192723345], [10.269551260682192, 11.087994977386359], [10.248065013589553, 11.079318210367148], [10.22287096332434, 11.09503882917869], [10.218497656441741, 11.094665649200408], [10.213839133169529, 11.093126277855504], [10.209846112707964, 11.092286615035277], [10.189215512985584, 11.081697348853595], [10.168825681560008, 11.058146053297776], [10.158783713997252, 11.032718878073808], [10.161771051392975, 11.029653672878737], [10.15777803183073, 11.021068500011324], [10.153601189943004, 11.013614208429033], [10.153594868608366, 11.013602927333295], [10.155629407571155, 11.005614535582424], [10.161318428003085, 10.997771487763998], [10.169103649413955, 10.988797079321785], [10.19534255721328, 10.981848676175503], [10.20427298161286, 10.97548634771681], [10.221820232317896, 10.952857173819552], [10.220297377022405, 10.946765754436058], [10.208166134159796, 10.946590949612698], [10.191410064722731, 10.948200226159543], [10.175080299116587, 10.942239760656491], [10.13403987873744, 10.947500228952435], [10.126979828356468, 10.950869559682474], [10.124629973594438, 10.951999663953359], [10.11991977707612, 10.95423984459319], [10.11754989621079, 10.956520081036956], [10.114000319758986, 10.959930419952968], [10.111239117791115, 10.962589713444572], [10.111255282205548, 10.963283497235636], [10.111928562353341, 10.992182408991027], [10.111614741227356, 10.99215430607643], [10.10126375941502, 10.991227353259774], [10.08801497940783, 10.99004089477154], [10.060280910935319, 10.970013716759695], [10.046211933034328, 10.965907423988483], [10.025363772020512, 10.972932569882232], [10.010325577663309, 10.970077216990035], [10.006312746036429, 10.95566315842808], [9.985526601371589, 10.95821580491554], [9.967114566184307, 10.97083864508744], [9.929153422692366, 10.991567538910829], [9.890393256743437, 10.99102020341968], [9.881496112655498, 10.989273191204859], [9.862929344613633, 11.006400107778802], [9.857819742087486, 11.023190370339364], [9.850367520744555, 11.024323238226884], [9.832010826238673, 11.029883830974086], [9.827260496574695, 11.02452791762937], [9.825707814364193, 11.017792554882533], [9.824322488791893, 11.01468658431844], [9.815670900991336, 11.013532488833334], [9.785983924118852, 11.008491967730151], [9.780379106310761, 11.022544475447205], [9.780106795192467, 11.038892954146547], [9.778170194199163, 11.041878608910736], [9.769121426212905, 11.047823160910184], [9.756011899029943, 11.044521960120392], [9.750709660822224, 11.042222635566247], [9.7296486545618, 11.04111010494745], [9.725458355218962, 11.034395063281579], [9.696100190271636, 11.040759383738646], [9.692373371833696, 11.040348809949649], [9.678952975099776, 11.036831073095584], [9.673653332335448, 11.045259529203975], [9.673481623877876, 11.048134112299465], [9.672807674634498, 11.051666478425261], [9.658691960765452, 11.05548791543498], [9.627883333249258, 11.052436000421153], [9.626899590044104, 11.011733726930004], [9.627434368301522, 11.007534232019225], [9.62873345158755, 11.003459131333898], [9.630167685890058, 10.998960079444146], [9.633376360830425, 10.994935389356783], [9.636109678418961, 10.990444005086829], [9.638707517637897, 10.963062582372345], [9.638194128856014, 10.960094456294144], [9.636996223796757, 10.958078353433336], [9.6255435023308, 10.951841492990582], [9.624560820325655, 10.944525307596905], [9.606471783845791, 10.934948869594677], [9.590220853709468, 10.88722604394684], [9.59689489977984, 10.875966533728615], [9.601800609810368, 10.876974865297825], [9.60413937862944, 10.878823464931031], [9.60607884576217, 10.878991519443105], [9.607904224900096, 10.87703088406812], [9.60818944128971, 10.875742460446247], [9.607847181802072, 10.872045210817873], [9.598320979030007, 10.859272547190358], [9.596837856681816, 10.857647914719564], [9.595582907625158, 10.857423827048024], [9.587710954696831, 10.855799183785336], [9.566148651039441, 10.857255759945417], [9.553085772590407, 10.842969800815695], [9.530477677003262, 10.840448678263954], [9.503667403827649, 10.821175393829435], [9.489748878907676, 10.826217942903781], [9.477769821120376, 10.81943849628965], [9.46013307258329, 10.816025929752925], [9.457271788662183, 10.814398822347812], [9.45615814827994, 10.812098421305166], [9.453662511615676, 10.810697656171953], [9.445605167944166, 10.811818268997968], [9.421575748721864, 10.79746009970387], [9.417511423713279, 10.789195087283474], [9.417666802281133, 10.78743294757254], [9.44551969277967, 10.758942908088784], [9.446910559974413, 10.758922058206451], [9.563676162025331, 10.692100839282375], [9.571330471823842, 10.69628390897526], [9.572246817136943, 10.696784690161394], [9.572796623065756, 10.697085159952223], [9.595133835658032, 10.689035137661506], [9.597816784916745, 10.687451665362119], [9.60292844329308, 10.683882772372101], [9.605071570896314, 10.661574981999877], [9.622743789594267, 10.647767765270203], [9.638721228701797, 10.636917229846347], [9.673994785131299, 10.600862888311667], [9.684547272638554, 10.600178989868539], [9.704983415552249, 10.607749418101207], [9.714784854937136, 10.607814214254631], [9.716757201283883, 10.607166555791991], [9.722486677718052, 10.607997084198132], [9.73049403796955, 10.600544457260924], [9.729869439023446, 10.596620761938652], [9.733368848593557, 10.586669221207615], [9.733995676059635, 10.586538002926545], [9.734767512910423, 10.585963416178743], [9.740332781232894, 10.577294950801388], [9.748672855567861, 10.576220268150905], [9.75136566679214, 10.574157970713827], [9.753027395398021, 10.570297370027674], [9.756125603014198, 10.569631130672178], [9.761818712663512, 10.568145749226971], [9.778921186563537, 10.546634265359103], [9.786533309164952, 10.554375230232722], [9.79106574658698, 10.552129165328779], [9.804579931818466, 10.545432168559785], [9.801769670933595, 10.539776962636779], [9.798161456885794, 10.533712664108236], [9.79677280202327, 10.523843370874943], [9.79804299458857, 10.5207988042215], [9.800948588106905, 10.516322601406955], [9.806144065995909, 10.497987278390212], [9.812313533942472, 10.49028848362667], [9.816981456928715, 10.486843385014254], [9.811114228638814, 10.463107276079995], [9.81492938838062, 10.45859931910337], [9.818790831731576, 10.455191515376157], [9.839624430922811, 10.450096827206835], [9.84340584810144, 10.452177398867889], [9.84828098028305, 10.45219299940743], [9.854036129663712, 10.43947076706229], [9.857417830568465, 10.424685433286186], [9.850775643880922, 10.388441546140484], [9.8624137668819, 10.383269521671139], [9.869704085974831, 10.38142292842548], [9.883087920771004, 10.385345510387026], [9.892214821856612, 10.386818358880191], [9.900343470075143, 10.38913281992376], [9.913534695270016, 10.386467680838848], [9.915602508249208, 10.376788827142718], [9.916698854668482, 10.368700599852843], [9.978922159230308, 10.37886645532268], [9.987109884813378, 10.37907816292693], [10.002880275704229, 10.377253294603918], [10.010835808026172, 10.376904701191052], [10.017141060111896, 10.380199059938718], [10.009511540125516, 10.397031474622906], [10.006801990719339, 10.403203130620057], [10.0033080993893, 10.410496751124242], [10.005518520563328, 10.410987662250875], [10.008014158126969, 10.412179870104978], [10.010795011180846, 10.415125306287905], [10.01366265420819, 10.425147288216806], [10.015101562287327, 10.427514918079055], [10.025529184324455, 10.430296706427896], [10.04113011416348, 10.42999861624321], [10.058019258981687, 10.426554807258583], [10.06479831439077, 10.428656425753502], [10.068376017139542, 10.42810009794124], [10.083155963077274, 10.44207976057254], [10.084990061142435, 10.462929630298277], [10.085136272920693, 10.464591756404502], [10.089402482238825, 10.471197731889845], [10.104982985776246, 10.475659542853691], [10.137632671210838, 10.446819337942145], [10.141625689873763, 10.448922988904883], [10.151893453819866, 10.450325415985219], [10.1573125517329, 10.455374099335245], [10.16877909218141, 10.455833345332678], [10.172999413592095, 10.455374099335245], [10.200740483286722, 10.461130790153902], [10.205509580902458, 10.457882127758012], [10.215589429708473, 10.460919460264904], [10.24039936783663, 10.444765361032637], [10.242103171224414, 10.441853145806078]]]}}, {"type": "Feature", "properties": {"name": "Zaki", "state": "ba"}, "geometry": {"type": "Polygon", "coordinates": [[[10.167478040279377, 12.059211204733344], [10.172291055387973, 12.064499042996488], [10.172588155419078, 12.063511212372589], [10.172231635381706, 12.0614774351356], [10.177757688766349, 12.058688227379832], [10.179183767117195, 12.058223356123051], [10.176866389572297, 12.06827600403443], [10.185482279683526, 12.066997652819452], [10.19130543309933, 12.070019198627165], [10.187621397209739, 12.07211101900839], [10.187383718084163, 12.07612029471585], [10.188631536416324, 12.078153961336284], [10.202001020730563, 12.081407795733242], [10.209131413384057, 12.076875657785422], [10.209547351628999, 12.074958190767916], [10.208418373309314, 12.073098817256664], [10.208893733359162, 12.07164617113392], [10.211864730073273, 12.071529958940516], [10.216499484263863, 12.076643237895155], [10.23072703782259, 12.077911988847234], [10.229251794434788, 12.071612681280271], [10.226898765065982, 12.068056572153125], [10.227611804241405, 12.064291227658089], [10.218484902256478, 12.063036103233628], [10.218698814099014, 12.041558584960796], [10.215917961045136, 12.039605999417404], [10.21235276516802, 12.03632841122726], [10.203938903257836, 12.038699436030186], [10.19174593272868, 12.030331017762308], [10.190462461673292, 12.02614671330025], [10.190818981710663, 12.024054534089544], [10.194241570292263, 12.023078178814956], [10.19866241264026, 12.0221715596698], [10.203653686868222, 12.00731652663643], [10.19645199056697, 12.006270366883996], [10.195810255938625, 12.0038990560966], [10.196095472328238, 11.999993322034243], [10.194241570292263, 11.996436265021657], [10.19131810904355, 11.994692591989576], [10.185471188344707, 11.997761449331449], [10.17762775741511, 11.984858069244524], [10.186754659400037, 11.982277318043828], [10.186612051205259, 11.979975547333709], [10.186612051205259, 11.978022513028577], [10.18700203591527, 11.976496160269619], [10.188805519259347, 11.975716561370234], [10.19131810904355, 11.974465167333676], [10.191888540923458, 11.972093575957786], [10.189449797170425, 11.966915739170076], [10.209805090132875, 11.979931468862219], [10.218818832223405, 11.968009277006558], [10.215270942899735, 11.965266276417594], [10.216567517976614, 11.96049483966516], [10.21672841478454, 11.959902734123943], [10.221937734139146, 11.952155366976626], [10.208824591681605, 11.949977035411905], [10.210858373415249, 11.937650913958578], [10.22279185895718, 11.933083331930277], [10.22899614775406, 11.935347147652806], [10.236850366051613, 11.93680755042817], [10.238011515818869, 11.939193775572335], [10.2493458289469, 11.93704208372526], [10.254826198570242, 11.9443615624362], [10.259873910652516, 11.940457073934851], [10.261270244825994, 11.933151460071883], [10.266450000766952, 11.928687029382957], [10.267800050432015, 11.920883052610861], [10.26666561322753, 11.918841340655376], [10.271668900599309, 11.915810538125868], [10.27541655183245, 11.912598264997996], [10.278390878736104, 11.91111110109648], [10.283223563816478, 11.912180669302472], [10.284688809441036, 11.910745786588848], [10.29299623838574, 11.917977211778975], [10.30190688759285, 11.911504195662133], [10.303938935433564, 11.898927624710154], [10.303136589981705, 11.898017137580894], [10.295792787307334, 11.884038871596715], [10.297884613084477, 11.876898303114274], [10.301186980294972, 11.87498734898702], [10.30292833757278, 11.873242950202041], [10.312189687304283, 11.870771944169917], [10.325281792820533, 11.871565070671522], [10.337313612932917, 11.85610784260291], [10.35197900322845, 11.87986554425953], [10.35287474507345, 11.883435951707838], [10.357816293087524, 11.88857925722698], [10.337751803103288, 11.904110563351878], [10.337324267201211, 11.904777481695476], [10.336831203996894, 11.90839253688614], [10.339144664095045, 11.910235037317193], [10.356050970675824, 11.912017231909772], [10.366560954424529, 11.90501302223322], [10.369996872757497, 11.9017437185978], [10.370981972140328, 11.893320072063716], [10.383228453230572, 11.882523166810756], [10.394914348218663, 11.88311159862144], [10.396798630252647, 11.890297893133322], [10.41424750232045, 11.914562163113374], [10.418864756603284, 11.913866729965662], [10.421918996364639, 11.902753187809424], [10.439269275756544, 11.899596707721912], [10.441341526890028, 11.901156008942735], [10.459630423305441, 11.906569756788883], [10.45682911067496, 11.910244125865745], [10.453146107207147, 11.91361235942287], [10.438624506815586, 11.92689285761935], [10.439147759361674, 11.928445519145441], [10.435094629113905, 11.94342502644389], [10.435340487573512, 11.945324702173309], [10.440230970283096, 11.952109079770253], [10.427843139149616, 11.958376107971048], [10.430646930311639, 11.968178285699366], [10.420092302417856, 11.97254025662761], [10.41661799832201, 11.97531234938549], [10.415589819614524, 11.979152792667321], [10.423420746370425, 11.985580025198033], [10.426423829096507, 11.985258515767953], [10.438196261348423, 11.985777983067521], [10.43241959838582, 11.997787437040643], [10.427779816985037, 11.998595894285131], [10.42452715260606, 11.996240640892893], [10.410159689717943, 12.001663513260553], [10.408822565109347, 12.00951302990245], [10.407032787433252, 12.010728130898599], [10.402048963189145, 12.024428232976618], [10.403186154117748, 12.025850898400279], [10.404537315344896, 12.037656367247621], [10.39639621871055, 12.045307193971894], [10.395009123272473, 12.049094859640093], [10.4177309579174, 12.061623495827746], [10.419900896109539, 12.06420844866102], [10.419104744288575, 12.075734153708254], [10.441208582809907, 12.079746773994486], [10.441233815088538, 12.079895529954797], [10.440442603243582, 12.094132776406582], [10.433689927648118, 12.101623772019536], [10.432186135281938, 12.111902838645165], [10.432226095757756, 12.112000923204107], [10.431032750261238, 12.114792933247315], [10.418745027161322, 12.130627213774972], [10.413747099748889, 12.127492038626713], [10.410380331187412, 12.12423645324975], [10.40741928637101, 12.124694894353922], [10.402343664728392, 12.128626483025812], [10.402693942571432, 12.131875113945398], [10.403040595247319, 12.135090119213658], [10.403080946028865, 12.135099678107736], [10.410676879034781, 12.136899165763964], [10.395075524715764, 12.161155839170704], [10.310421407921694, 12.185187000379813], [10.320760476414875, 12.193782882374194], [10.320285117264405, 12.198951894114657], [10.32183003472835, 12.19930036342106], [10.323790893135254, 12.199416518957207], [10.324979290561885, 12.20057807881534], [10.32515755058057, 12.215213295057595], [10.328544487338263, 12.22293711075912], [10.320344537270614, 12.228279768996174], [10.319750337208347, 12.229963844855604], [10.319928597227033, 12.23164790992314], [10.326199414271628, 12.233436148859255], [10.335532901322381, 12.230096252939745], [10.330838726226261, 12.242116755983545], [10.332027124552212, 12.24339426543304], [10.333215522878106, 12.244323358636166], [10.334938702159434, 12.245194380816088], [10.34290097220213, 12.240548895015536], [10.341415473845075, 12.251349525260423], [10.35606453335157, 12.252990272683007], [10.367203725071931, 12.267259322759571], [10.367084885059455, 12.268652835759838], [10.366431264990922, 12.26993021570695], [10.365064606646342, 12.270278592383193], [10.355438578227847, 12.268072205567876], [10.355141478196686, 12.283284280245368], [10.372194999299836, 12.28247144330254], [10.374809475976576, 12.283574577804586], [10.375997874302527, 12.285374419793698], [10.37597390287334, 12.287686944596885], [10.379812781334863, 12.288399572782112], [10.383863835047975, 12.28821264779549], [10.39585460830358, 12.2922245549193], [10.394131280634156, 12.29516475255133], [10.404803063210863, 12.300761932417288], [10.410865816704131, 12.305516406157267], [10.417242393121967, 12.30360802858769], [10.429608493037563, 12.27189606355256], [10.436105504865225, 12.273885982652018], [10.438864161751724, 12.276665394092731], [10.436653790939772, 12.285647496235015], [10.43064307401869, 12.29655889237904], [10.433579678859132, 12.2999163133872], [10.443318362652349, 12.299219588813003], [10.444687316066847, 12.297740740942515], [10.445994554405218, 12.296637664896366], [10.447420632756064, 12.29559264278629], [10.44540035524227, 12.28427129158689], [10.445615947018382, 12.282269221747242], [10.44629165443638, 12.27962649466707], [10.447420632756064, 12.277304065630176], [10.442887191690602, 12.267891351904439], [10.441944777729361, 12.262785826904462], [10.441963794793367, 12.258616772246285], [10.450311104174148, 12.256282556694657], [10.45487455471698, 12.259162596876422], [10.457821784148052, 12.260741960173391], [10.463811313041731, 12.261949701117885], [10.47341357417713, 12.260556153044092], [10.486189735268113, 12.25827842930613], [10.503740665998976, 12.292506218986887], [10.521910332995503, 12.291675287684427], [10.527475300045126, 12.294807011234639], [10.511611222280123, 12.31668227356812], [10.49668270384376, 12.319061005561025], [10.498669760401185, 12.325197302913239], [10.505926563560081, 12.351359241335956], [10.514005844394262, 12.354652912102267], [10.520159912350096, 12.361430084330948], [10.525480110918409, 12.361096291061017], [10.559344178790866, 12.34260973894834], [10.558857264251401, 12.330200948215236], [10.593062811899301, 12.32257454887639], [10.5962492663906, 12.328214083213425], [10.601593766439237, 12.329483409731608], [10.606805969020286, 12.328222971213222], [10.613915783386744, 12.327497255194203], [10.618347271909101, 12.326415070399207], [10.621129061157319, 12.321185285172817], [10.62564387906184, 12.321690348930531], [10.643225750068382, 12.324964945076204], [10.646325963172728, 12.322331478315107], [10.65096674102233, 12.32321466742303], [10.654960616739118, 12.327889412666309], [10.661094919395055, 12.33420885605392], [10.674299629924008, 12.340985147846368], [10.681312129551202, 12.351456050656282], [10.687160416320182, 12.350124602568428], [10.706304665128243, 12.350067415578792], [10.721253581987241, 12.370057726782704], [10.723620031938992, 12.370412609154641], [10.764261451005211, 12.36963186991494], [10.760715988951802, 12.397096723634945], [10.750508165719339, 12.476171442857833], [10.739755469339514, 12.4836657470766], [10.715173170305604, 12.500798865375373], [10.691259587360094, 12.514361792063085], [10.651284642372389, 12.529352396995591], [10.642383641991557, 12.531157041364395], [10.614246515364414, 12.532465744698413], [10.591198425566915, 12.518397513234675], [10.59450692795241, 12.514722145011035], [10.605630339268771, 12.514555080652485], [10.605288079781133, 12.512940127584898], [10.605231036683051, 12.511714984758783], [10.604660605702463, 12.510656901794619], [10.59285267720935, 12.510100014604063], [10.590513908390221, 12.504948748286154], [10.605591947210655, 12.488953508897339], [10.601678064391194, 12.485110626654148], [10.583772948263004, 12.481713270351179], [10.578639065840264, 12.47523865523982], [10.572649536946642, 12.477118399294739], [10.570082595735244, 12.469947450814232], [10.562592969789762, 12.470977758217032], [10.557714757430176, 12.467142447366086], [10.554571083688586, 12.480819251607215], [10.538997579574698, 12.477849174899575], [10.512547510059562, 12.468405565864202], [10.458871443162593, 12.440685295689889], [10.437836787038123, 12.44091739362284], [10.433270454168166, 12.443349837624964], [10.429619789421793, 12.455969810758234], [10.393866037287864, 12.465170574962087], [10.388874763059903, 12.464822459988568], [10.381150172142782, 12.463731692963336], [10.357761924573197, 12.44591577339429], [10.34425865081613, 12.444664923447533], [10.339213937073566, 12.441315396688253], [10.302706330932494, 12.448556763883573], [10.288054970960218, 12.455457592893652], [10.287040587852914, 12.455078507966846], [10.258073357299622, 12.459621498933075], [10.240465345699192, 12.434042293317248], [10.225000978812147, 12.433852896094322], [10.254056937377811, 12.391029850347365], [10.242897874237542, 12.379921562030518], [10.236159653445327, 12.375464184724422], [10.226556817643086, 12.368633802308182], [10.225823210972464, 12.363988194199862], [10.223182009142477, 12.35999069871184], [10.220540808211751, 12.35630253403474], [10.207682932021726, 12.354248277436113], [10.201174906197025, 12.341918706183378], [10.202021823848156, 12.3373783133585], [10.201699997856679, 12.33610000081444], [10.194995491748614, 12.328129204299387], [10.196383541367368, 12.321311751436212], [10.204512187787259, 12.324260739041904], [10.201992782940636, 12.317178469111127], [10.206152177980698, 12.319291559358021], [10.206627538030489, 12.311860835409277], [10.199378306263895, 12.31348632403467], [10.19624093407191, 12.311024865205411], [10.1798493598601, 12.287963031069069], [10.175018866427592, 12.273441366825693], [10.15216285832929, 12.244149891104655], [10.147536091017855, 12.238220385662316], [10.149052812937043, 12.224505743345446], [10.151511500055733, 12.20227206070706], [10.162219073851247, 12.18323637266053], [10.170390128701513, 12.164979934576365], [10.163999334002085, 12.13895243041037], [10.162489891195548, 12.137249947227303], [10.157304081018594, 12.12937948897229], [10.152797672674524, 12.102385597617285], [10.152740629576442, 12.097477323619614], [10.152493027331388, 12.089872270588842], [10.167478040279377, 12.059211204733344]]]}}, {"type": "Feature", "properties": {"name": "Shira", "state": "ba"}, "geometry": {"type": "Polygon", "coordinates": [[[10.145666386994208, 11.240966179745442], [10.138957280853901, 11.246352958722127], [10.134311139447561, 11.256092027425154], [10.147109783589713, 11.263748776185139], [10.148226189387174, 11.264463294745326], [10.141553548957177, 11.273107305757605], [10.160829960334468, 11.30929876422664], [10.128250293416329, 11.319870580862641], [10.11381429769176, 11.341459135730588], [10.115837048341177, 11.34618694816919], [10.119540497895684, 11.353708830997789], [10.137977170010458, 11.360412224644506], [10.139567461868921, 11.370237339581593], [10.12312477199066, 11.378743611328673], [10.131387753741876, 11.38823425580631], [10.129096752413261, 11.390217102637223], [10.12646079183213, 11.397755640010814], [10.128017158565058, 11.399628477272472], [10.138710505085783, 11.401812900844732], [10.145939246698902, 11.398914333729579], [10.147323544346136, 11.405571729751557], [10.147653660288256, 11.414536177302807], [10.147504124615693, 11.41874480213096], [10.166501899942773, 11.423661390360905], [10.168066016133764, 11.422306472665639], [10.181368338178288, 11.417876313341253], [10.181791847815589, 11.422691494916592], [10.181511343873467, 11.428441903970736], [10.180893461963763, 11.43177909113217], [10.183377033323495, 11.432328974402708], [10.191235208638034, 11.438148339874033], [10.192844889879837, 11.440957800362241], [10.207416339692372, 11.43163518071907], [10.213645594568561, 11.443151123625512], [10.22687923718712, 11.441954036049992], [10.227849438400938, 11.442352364669944], [10.231848823364544, 11.439820105813283], [10.232325160078119, 11.439237730037235], [10.243415377417762, 11.430522374008376], [10.243888212171328, 11.431126786771813], [10.250922207394012, 11.434121136181545], [10.255904101692977, 11.440814479904361], [10.256800536915307, 11.443275651849888], [10.256800627746827, 11.445728184907864], [10.256568814898912, 11.451024887788378], [10.252277308551015, 11.451815943151303], [10.239001682881394, 11.47103926215226], [10.212470671684173, 11.482608026739115], [10.207766758729008, 11.482033255630313], [10.199401801951637, 11.490719271277385], [10.187234225579118, 11.489966623261125], [10.175618442637074, 11.50735064431683], [10.176015147980763, 11.508319091852684], [10.186321898436915, 11.516846719800355], [10.190314333439801, 11.520149990829452], [10.179898212832313, 11.528534742584327], [10.179560942783326, 11.528806238916843], [10.17878291679824, 11.532164832640944], [10.169977722094245, 11.535262673333762], [10.16623009874013, 11.542358962795959], [10.168808285973682, 11.544445621068633], [10.171830040424084, 11.554990191843956], [10.164388393309764, 11.555837819959493], [10.164162124782308, 11.558318212215795], [10.178629419612093, 11.567765017441673], [10.179716660395627, 11.568474960251251], [10.17882797463136, 11.569681886409967], [10.17819910120761, 11.56999716263897], [10.168683477160812, 11.574767673089696], [10.156892961341157, 11.572987889579508], [10.15628783001938, 11.572738986015452], [10.15183941175951, 11.572126404709877], [10.138955919280306, 11.588888905198871], [10.13817402531106, 11.594608792162092], [10.13818017667387, 11.5946647398859], [10.138087196666845, 11.600130918207356], [10.13453507603299, 11.606118122353507], [10.13201567028699, 11.609843218589731], [10.101209312659705, 11.631755739835569], [10.1015847202587, 11.634674342946596], [10.10743958736714, 11.641271736201702], [10.09340768581609, 11.669033008266751], [10.076988059951077, 11.670732164857554], [10.075595008303026, 11.674262624420635], [10.074787495346698, 11.683852590924403], [10.068887934630538, 11.682295737658194], [10.064846432616832, 11.679144407088756], [10.066499026808685, 11.676770812023392], [10.069403503369017, 11.670276264338156], [10.07145487584188, 11.665760237744848], [10.072196437016032, 11.649112015906837], [10.056851832845837, 11.641904926371296], [10.04133610118015, 11.653357966197234], [10.029242956297423, 11.648720939419889], [10.025192893637154, 11.65464291214073], [10.007965867231064, 11.649894169780168], [10.002297243423072, 11.668180400605081], [9.997875331781188, 11.669996154299156], [9.984438562889409, 11.658621375276311], [9.975057305650182, 11.655628695008318], [9.970870878788048, 11.659228554354343], [9.964219640424119, 11.661568953644348], [9.964065300573225, 11.661559350683547], [9.94739520812243, 11.646826011211488], [9.948354576102872, 11.642032346815427], [9.942250675028674, 11.634101261663943], [9.939772432152097, 11.631132862191862], [9.936083791733665, 11.62662699613901], [9.938654273575935, 11.620102584666597], [9.938047305838552, 11.615227265426029], [9.937764445672656, 11.612079856799994], [9.927220367725852, 11.604936594848027], [9.919857980561403, 11.600305137572093], [9.913292910739301, 11.609363414989673], [9.912428129854334, 11.610356830403475], [9.903787979631602, 11.599429455105337], [9.902343044296117, 11.598898567315075], [9.898849617016253, 11.59535293978638], [9.898883375767241, 11.591951422320335], [9.896241523727383, 11.587823019716609], [9.895518161234179, 11.58603883942095], [9.895562603931069, 11.58581245038431], [9.903858908262066, 11.570680409972965], [9.907977066688318, 11.568939491564322], [9.913874957363419, 11.57200556280651], [9.914756828065208, 11.571904784778042], [9.920594340956143, 11.566965367257922], [9.922982076061999, 11.563840579279372], [9.923929236644994, 11.562889006622413], [9.922785101151533, 11.549386955043985], [9.925922081239094, 11.547592096198343], [9.925057932577602, 11.5428934208947], [9.919635046720089, 11.532216755898617], [9.910223250302806, 11.534699956737654], [9.909246591057354, 11.537498312397247], [9.903750912274859, 11.540743964762214], [9.904334762939015, 11.552858675387597], [9.885188759553671, 11.561219426035734], [9.88228540984386, 11.562410936015908], [9.869440537850608, 11.563307293896571], [9.867138509934307, 11.556244800057527], [9.85764491298238, 11.552815841577853], [9.852595008352978, 11.55512108457043], [9.84783608566687, 11.557649262303642], [9.848877100397942, 11.565679941975816], [9.847984802956319, 11.57460292088814], [9.819567964689895, 11.579875789036464], [9.830783568207153, 11.540342700755104], [9.787869533552168, 11.504716107362526], [9.784049033636052, 11.491339683879346], [9.786487578638912, 11.482159614874377], [9.784703517953062, 11.468231546348818], [9.788003841004524, 11.463325660950545], [9.801438171834207, 11.443355710397782], [9.819414679743716, 11.450845920003246], [9.855712725861679, 11.465970105735835], [9.874845178262433, 11.452697158247304], [9.880074967086102, 11.435524202679858], [9.876164767889748, 11.415382014868158], [9.885558271197283, 11.406417543934538], [9.88561478189672, 11.401732291012479], [9.884859506960709, 11.398720712391025], [9.885144723350379, 11.39634418823374], [9.884146467785285, 11.394596729955197], [9.879976272786791, 11.388879776580495], [9.884453686088818, 11.381299728299894], [9.886050893733795, 11.381635257261337], [9.887362885888535, 11.381635257261337], [9.888389661653605, 11.381020120082553], [9.889473482315395, 11.371401465205508], [9.883483953421774, 11.36759865135673], [9.882633209155301, 11.35896968780088], [9.903520523053771, 11.347459320691144], [9.918282961889247, 11.347373859915763], [9.913697440184762, 11.31993870180969], [9.911917325724062, 11.318306611261164], [9.912136626304289, 11.317069227762715], [9.941470758668629, 11.313944955095678], [9.94840538689914, 11.296300804238797], [9.95765533772368, 11.286293810411053], [9.964611795198266, 11.281846203339683], [9.968274579208526, 11.282995785127412], [9.968415442718538, 11.28146103270052], [9.96889133516703, 11.280385514579905], [9.96945355263938, 11.278835765058545], [9.998535675181301, 11.264628530782147], [10.01185685960644, 11.261368384043749], [10.027722407762951, 11.265232359885545], [10.084171342633397, 11.26966123497806], [10.12205457066193, 11.247009584324928], [10.119931979077649, 11.237383418310174], [10.136514778833998, 11.236219519315398], [10.13966641157566, 11.237030788739958], [10.141489894942765, 11.238382790833157], [10.145666386994208, 11.240966179745442]]]}}, {"type": "Feature", "properties": {"name": "Dass", "state": "ba"}, "geometry": {"type": "Polygon", "coordinates": [[[9.518265444794508, 10.113158547129274], [9.50400466218548, 10.118072234146325], [9.487230412053918, 10.119298638721261], [9.471757461137997, 10.125826681656065], [9.465054893068896, 10.132494974763347], [9.45414539269575, 10.130950750676675], [9.440312432872531, 10.145269634885778], [9.44074025655766, 10.148147371903747], [9.439770792787897, 10.149308060318788], [9.437503869907744, 10.147739053614487], [9.43439420762661, 10.146954165802185], [9.432255090999718, 10.14821756129146], [9.43004466892637, 10.149902076020055], [9.427620335909808, 10.15039339184159], [9.39887600772164, 10.129614109003967], [9.394963141136088, 10.122878550204973], [9.389471791689857, 10.116806269293932], [9.384815797311262, 10.102568405907277], [9.381177053977922, 10.094283027439815], [9.38512637278393, 10.090371668118053], [9.384578057031774, 10.087984754992476], [9.37846370583543, 10.077110072771688], [9.378020373341599, 10.076790126363278], [9.372459467630392, 10.076733770347289], [9.369604880960537, 10.0767048409557], [9.359368352267666, 10.027280392775936], [9.346442625826569, 10.027625725247049], [9.346371322178811, 10.025378848255286], [9.34643159833962, 10.021995536664747], [9.353453369077783, 10.020306977684925], [9.355166932807776, 10.013999554635802], [9.361935292579744, 10.015694753310243], [9.362220508969358, 10.01488725294439], [9.362327465340286, 10.014185079377967], [9.362826591773853, 10.013166920916717], [9.358405749425856, 10.00277451992821], [9.361193244872425, 9.996047205214381], [9.358484081275378, 9.981352450255429], [9.358769296765672, 9.979971362288609], [9.35924465681552, 9.978964804182397], [9.361264011624883, 9.971764413696803], [9.368747643588904, 9.961863834848145], [9.37177889937675, 9.947944110232527], [9.371759392182241, 9.944649397152034], [9.374356211569932, 9.942426435831408], [9.370945861862083, 9.914249678779697], [9.369451137360159, 9.91130214897504], [9.355009114379186, 9.906223841956773], [9.34900496700567, 9.902075885393856], [9.359652936433918, 9.871610020086393], [9.370562744375206, 9.867645047680867], [9.386487556055897, 9.88021989103521], [9.426655476668941, 9.890460380342347], [9.439771427709275, 9.898366646003979], [9.441819851305127, 9.901029290369479], [9.483703503014283, 9.910705401133384], [9.490007541015245, 9.908108864132828], [9.494532692130065, 9.902402948137592], [9.503819471991108, 9.898228477762075], [9.520196726297911, 9.901034912930925], [9.535890469769413, 9.893543557589169], [9.53666095493918, 9.893672844126513], [9.543359860968849, 9.898085507140479], [9.541885381105487, 9.909776317822832], [9.553859354125962, 9.911126843229283], [9.566090288635962, 9.91090812091312], [9.564569490089923, 9.886090433326899], [9.571754967118068, 9.873889968747108], [9.571910610086661, 9.86751242915534], [9.586129165928298, 9.876222077187151], [9.586176969391659, 9.876210741232796], [9.593488150058135, 9.883826677858963], [9.593375979417942, 9.884879042034186], [9.596027761771836, 9.890351229625594], [9.60277357733878, 9.892659051873807], [9.608251475625138, 9.88420091094332], [9.609476529418373, 9.885060387626822], [9.61399945201316, 9.886477701185015], [9.624593316428445, 9.884784443247497], [9.630167730856158, 9.893293878809516], [9.630124560699983, 9.905297605899818], [9.6301827450377, 9.905770446948623], [9.630306662622445, 9.905682707291135], [9.651196260798827, 9.881644820951749], [9.674283408152803, 9.896063342849061], [9.683372315579959, 9.91438174062489], [9.684414247619486, 9.918414483241861], [9.68121161702254, 9.929962555327734], [9.666066278336132, 9.926597923555391], [9.649581717822059, 9.927012141397256], [9.642077641569927, 9.929781434565598], [9.634680068430441, 9.930127448722828], [9.632549786743311, 9.936754533095268], [9.63435667042404, 9.948180173276398], [9.63648781006441, 9.956092308813027], [9.622724725765522, 9.97437323993313], [9.622704115102863, 9.97440061709483], [9.614951801684356, 9.98064594105739], [9.60671030743481, 9.981637214286081], [9.605120291668186, 9.985681941268638], [9.599241192327213, 9.985075727163121], [9.597453401253517, 9.986026694576367], [9.575795919645998, 9.98638862493516], [9.575325138044718, 9.989142919210394], [9.583326024076825, 10.005959158688256], [9.587549085721776, 10.008221757628064], [9.589759506895803, 10.009275039111799], [9.605556783019153, 10.02858853763098], [9.619428050364263, 10.03433882617594], [9.615785438147498, 10.036729368065949], [9.612802870755957, 10.039506493429997], [9.606555670807609, 10.042766171621565], [9.605089849616888, 10.044663305866948], [9.605232457811724, 10.04669941774398], [9.60544636875494, 10.048595095986911], [9.604091594951171, 10.04985887638611], [9.59981335989869, 10.051333279807068], [9.599242928918102, 10.05379060355358], [9.597037611396672, 10.053900521391995], [9.593906942751232, 10.053753213340144], [9.591584595552717, 10.054119961367178], [9.579325366572448, 10.06542168486294], [9.579325366572448, 10.067668283964167], [9.57913522381159, 10.07085093881983], [9.578469720101566, 10.07403356309851], [9.576283067109898, 10.07646731291618], [9.573240765848709, 10.078152207158666], [9.569723106336312, 10.077777787015293], [9.563068073732666, 10.090788625294863], [9.556647791162675, 10.093893368284341], [9.55473000308723, 10.09476710192024], [9.554264877322282, 10.097904249281726], [9.538919813598568, 10.100429409789456], [9.538729669938391, 10.110140102184005], [9.518265444794508, 10.113158547129274]]]}}, {"type": "Feature", "properties": {"name": "Kirfi", "state": "ba"}, "geometry": {"type": "Polygon", "coordinates": [[[10.855280967442752, 10.24082478223795], [10.8628708318235, 10.26827002714009], [10.819189562148608, 10.312951689169154], [10.822249974856504, 10.320763647424428], [10.823439705078385, 10.331114302782908], [10.822190488300464, 10.343011607699566], [10.82825811432059, 10.350982801714963], [10.833864211863954, 10.36500835405235], [10.835403442015263, 10.39955139208314], [10.804135832902432, 10.424469619377476], [10.813511527834805, 10.437734308391668], [10.810256426293108, 10.447773729973733], [10.800434011120785, 10.450663347935233], [10.792604824553052, 10.44065625967869], [10.79073923133052, 10.435145830215959], [10.74249149568601, 10.473596098781002], [10.730184902111603, 10.487406280575442], [10.721561734686361, 10.490090312617895], [10.705447212818683, 10.480382837997638], [10.701444012930892, 10.487406448748686], [10.68943011540756, 10.493052909664073], [10.66189296159098, 10.491392697315177], [10.612391621376275, 10.556620792415686], [10.59335593332969, 10.571373450224598], [10.56997303942427, 10.586753707117964], [10.558191220948117, 10.600614668232424], [10.566147007778227, 10.618108456040488], [10.569478253118916, 10.627864245838339], [10.56257781621332, 10.642259985210217], [10.5379503945951, 10.649398368340087], [10.528571757080954, 10.64967111562953], [10.525303348270938, 10.662744752668232], [10.497225708199949, 10.687015254950097], [10.494281108386474, 10.688327978253653], [10.491202434045135, 10.688358753953366], [10.490311134851027, 10.687366138036907], [10.491499534076297, 10.682052672692748], [10.487756078180496, 10.676096809919898], [10.49233141326414, 10.669089762882322], [10.487458978149391, 10.660856277095547], [10.489110655032732, 10.65748457215534], [10.488813555001627, 10.651061058321261], [10.47128726029888, 10.625079246010444], [10.469502077259108, 10.618357439644171], [10.469056428111742, 10.61353920037385], [10.466976729692362, 10.606968750807255], [10.456801024847493, 10.60666405600142], [10.426543162836765, 10.615140234634168], [10.402582428436347, 10.602989723796782], [10.394721546162486, 10.605338728699394], [10.383236969810355, 10.599072419956258], [10.373136475268154, 10.587879431690453], [10.356769700761106, 10.59540257626793], [10.346135767052033, 10.591368358762793], [10.336720694404562, 10.55605466199313], [10.328016060093148, 10.55690084579743], [10.315477007058291, 10.549075402208075], [10.310245418691181, 10.545487322182225], [10.30478963293524, 10.536529045778877], [10.306371336268228, 10.532412211154679], [10.302254497147374, 10.521965279773895], [10.303013237171228, 10.51574061683607], [10.325496613877704, 10.499335074354235], [10.322766165126495, 10.490739145595114], [10.293792412689754, 10.484279132775782], [10.293503166438029, 10.467452034883536], [10.271753674292711, 10.462699640376172], [10.26925515170393, 10.452445249348841], [10.261866811903872, 10.44695189081716], [10.25742040812537, 10.443645911929366], [10.250588149723399, 10.43856600861443], [10.246902396128746, 10.440187104951008], [10.242522382102322, 10.441707618411897], [10.242103171224414, 10.441853145806078], [10.241955179687864, 10.441733269774602], [10.237814675806703, 10.432373878651617], [10.227158589097655, 10.42865424579685], [10.228687773821775, 10.382861544224909], [10.233108617069092, 10.379845666844119], [10.236745116593909, 10.376549209078803], [10.230346102091005, 10.369912467786207], [10.220227390881405, 10.36475559779268], [10.213471778100143, 10.358579347159207], [10.21467367255201, 10.352240295852994], [10.214418039361078, 10.345614600933118], [10.215567853173923, 10.334954755957256], [10.210795518898124, 10.325390252857915], [10.211004402631147, 10.316645837935141], [10.218718298810472, 10.311482669989289], [10.221590132678557, 10.31313084581194], [10.234424837836059, 10.31425327436915], [10.245643320083218, 10.312101947646795], [10.25505543755844, 10.306302648748272], [10.261140039181498, 10.307705715246584], [10.26532320240392, 10.308266939867451], [10.270345880957677, 10.30375645489653], [10.270595075902065, 10.293052311115332], [10.277317953360921, 10.282810380194917], [10.295368940424282, 10.270265545418624], [10.301814814102443, 10.2685442448211], [10.308736047830394, 10.272753928151303], [10.313565700396794, 10.270546189654965], [10.320938597937982, 10.278527000121016], [10.342036285746019, 10.277858947732284], [10.356641704750928, 10.28254792474695], [10.374726365129675, 10.274943039889422], [10.398974246764112, 10.278801531665408], [10.414469895669185, 10.276115861957521], [10.416360395615811, 10.279392013930362], [10.42413157681085, 10.272383319334779], [10.518748311285606, 10.251592764394616], [10.525023055669521, 10.251101604155735], [10.53271522602688, 10.250845669691955], [10.552059215160682, 10.255492296732143], [10.55941822177357, 10.255320622448835], [10.566065763024596, 10.25304899791297], [10.576275668187577, 10.254888432555163], [10.58090155955938, 10.254773589129911], [10.604004029562361, 10.245231017797266], [10.608924000142565, 10.238635251415758], [10.61127702861205, 10.23758272176525], [10.616696127424404, 10.235617991776962], [10.621013402946232, 10.234130783808666], [10.637722397370794, 10.213742819375682], [10.64146451597469, 10.215429841414107], [10.642513007669208, 10.218127752693704], [10.649047193872946, 10.23310744974907], [10.652020748258963, 10.233580790820895], [10.654350743292241, 10.233448847686248], [10.665882713016856, 10.24082841280108], [10.665507596798193, 10.251496349876675], [10.666373583673987, 10.253353389647259], [10.676485419566518, 10.256396467922684], [10.679958398061672, 10.26289804740702], [10.683003263290004, 10.26436561238313], [10.687965023567017, 10.264204041083701], [10.690549846897966, 10.263843266353717], [10.703059744811412, 10.271194814888872], [10.720866470611156, 10.254359014257147], [10.727143253758186, 10.252018755261417], [10.7323898050455, 10.244602020267052], [10.73287370775546, 10.244300209587038], [10.735513938317638, 10.240340207734448], [10.757347466712247, 10.235691005935223], [10.775660008102932, 10.23793507524357], [10.776024893633974, 10.238761018905961], [10.834507632721113, 10.244494062051388], [10.855280967442752, 10.24082478223795]]]}}, {"type": "Feature", "properties": {"name": "Itas/Gadau", "state": "ba"}, "geometry": {"type": "Polygon", "coordinates": [[[9.664431285675334, 11.726806684081282], [9.712555872655457, 11.720866605309652], [9.77956752122418, 11.736505050367839], [9.801982061123283, 11.691472456688587], [9.827777643623392, 11.692276464986946], [9.827024039627759, 11.702719101205616], [9.827018236302592, 11.702799523079591], [9.820462416007729, 11.712194429329486], [9.832254126127054, 11.721391895719478], [9.83453817119971, 11.72614685958996], [9.8639135581642, 11.729852412658772], [9.88664165029195, 11.738793857350686], [9.88819782187204, 11.736895292283975], [9.902809239354951, 11.740758272576272], [9.907037883091903, 11.737295323320552], [9.911544400253945, 11.738247084835166], [9.930818054309782, 11.754150405416908], [9.930987971317847, 11.760523995186304], [9.935347850423, 11.770024266906432], [9.939761402866509, 11.769597007995571], [9.947233974968015, 11.768357312340129], [9.947996776330228, 11.768200511044824], [9.946396955255352, 11.765428785210304], [9.9536952171606, 11.751452004906128], [9.97983670140269, 11.747871552929894], [9.993443865741881, 11.768872023125425], [10.015548080179826, 11.774863553010618], [10.020577523433985, 11.779184218976582], [10.05443286698329, 11.775551411168749], [10.055226882914383, 11.776835472179357], [10.066703349180273, 11.7825046625602], [10.073845305316638, 11.783224979049578], [10.07541241535074, 11.783547414781424], [10.07625257099943, 11.783799284309566], [10.091578562800464, 11.809782673131906], [10.111555110779761, 11.810473386637511], [10.118747981134447, 11.810820643657848], [10.119349017842922, 11.810849661182942], [10.133711226891648, 11.770389873693773], [10.134139049677458, 11.767458064937784], [10.134210354224535, 11.764316805875922], [10.13363992324389, 11.761245319815714], [10.139844899122863, 11.756922817434145], [10.215812781734542, 11.77864180727363], [10.22639003567167, 11.7641958983221], [10.231579804664307, 11.762995349256016], [10.23530925361922, 11.754650888927415], [10.236045918884088, 11.753002635763096], [10.240827007160703, 11.751800049732537], [10.243968536019167, 11.751009862215426], [10.244150940113855, 11.75008268366895], [10.246366189747903, 11.738822365859562], [10.273272702073598, 11.746782016177178], [10.27404437434842, 11.747010297387362], [10.273982992920821, 11.748820977106448], [10.273872591247141, 11.75044015608836], [10.3043090163481, 11.757421083216457], [10.305075067860116, 11.756102678895559], [10.30734047088606, 11.752203837237346], [10.321970286699411, 11.761212301206797], [10.330593803061618, 11.759210225971174], [10.331252389186488, 11.75975981786138], [10.33536953587543, 11.759995287352695], [10.340223028569937, 11.766557134004586], [10.342751137954679, 11.769975099171518], [10.358567146056998, 11.782406822616792], [10.384147220417958, 11.785477060418032], [10.388944182627995, 11.79232467294537], [10.389418851998471, 11.794633038384063], [10.390698752745266, 11.796500306144253], [10.390621359787986, 11.814451112329039], [10.390578070921265, 11.824491630184639], [10.382781919150318, 11.832207210794195], [10.370345532720194, 11.83796807806442], [10.365332065922132, 11.838461241093455], [10.360388545694889, 11.840318844738931], [10.367437691796113, 11.8564725257865], [10.408330669225052, 11.865884385156278], [10.407905665813871, 11.866412688294986], [10.40743177525627, 11.8717999070401], [10.435215211113132, 11.87699567810813], [10.449780772164956, 11.868778346843271], [10.473939248597503, 11.895153742051605], [10.46966641127591, 11.899908828229911], [10.46747321931366, 11.902349552290048], [10.459630423305441, 11.906569756788883], [10.441341526890028, 11.901156008942735], [10.439269275756544, 11.899596707721912], [10.421918996364639, 11.902753187809424], [10.418864756603284, 11.913866729965662], [10.41424750232045, 11.914562163113374], [10.396798630252647, 11.890297893133322], [10.394914348218663, 11.88311159862144], [10.383228453230572, 11.882523166810756], [10.370981972140328, 11.893320072063716], [10.369996872757497, 11.9017437185978], [10.366560954424529, 11.90501302223322], [10.356050970675824, 11.912017231909772], [10.339144664095045, 11.910235037317193], [10.336831203996894, 11.90839253688614], [10.337324267201211, 11.904777481695476], [10.337751803103288, 11.904110563351878], [10.357816293087524, 11.88857925722698], [10.35287474507345, 11.883435951707838], [10.35197900322845, 11.87986554425953], [10.337313612932917, 11.85610784260291], [10.325281792820533, 11.871565070671522], [10.312189687304283, 11.870771944169917], [10.30292833757278, 11.873242950202041], [10.301186980294972, 11.87498734898702], [10.297884613084477, 11.876898303114274], [10.295792787307334, 11.884038871596715], [10.303136589981705, 11.898017137580894], [10.303938935433564, 11.898927624710154], [10.30190688759285, 11.911504195662133], [10.29299623838574, 11.917977211778975], [10.284688809441036, 11.910745786588848], [10.283223563816478, 11.912180669302472], [10.278390878736104, 11.91111110109648], [10.27541655183245, 11.912598264997996], [10.271668900599309, 11.915810538125868], [10.26666561322753, 11.918841340655376], [10.267800050432015, 11.920883052610861], [10.266450000766952, 11.928687029382957], [10.261270244825994, 11.933151460071883], [10.259873910652516, 11.940457073934851], [10.254826198570242, 11.9443615624362], [10.2493458289469, 11.93704208372526], [10.238011515818869, 11.939193775572335], [10.236850366051613, 11.93680755042817], [10.22899614775406, 11.935347147652806], [10.22279185895718, 11.933083331930277], [10.210858373415249, 11.937650913958578], [10.208824591681605, 11.949977035411905], [10.221937734139146, 11.952155366976626], [10.21672841478454, 11.959902734123943], [10.216567517976614, 11.96049483966516], [10.215270942899735, 11.965266276417594], [10.218818832223405, 11.968009277006558], [10.209805090132875, 11.979931468862219], [10.189449797170425, 11.966915739170076], [10.191888540923458, 11.972093575957786], [10.19131810904355, 11.974465167333676], [10.188805519259347, 11.975716561370234], [10.18700203591527, 11.976496160269619], [10.186612051205259, 11.978022513028577], [10.186612051205259, 11.979975547333709], [10.186754659400037, 11.982277318043828], [10.178198188395754, 11.983463072362952], [10.183831198151324, 11.996296772078438], [10.194241570292263, 11.996436265021657], [10.196095472328238, 11.999993322034243], [10.195810255938625, 12.0038990560966], [10.19645199056697, 12.006270366883996], [10.204580637886181, 12.009408835349518], [10.204010206905593, 12.011222154578832], [10.20120468274996, 12.01714268838441], [10.19866241264026, 12.0221715596698], [10.194241570292263, 12.023078178814956], [10.190818981710663, 12.024054534089544], [10.190462461673292, 12.02614671330025], [10.19174593272868, 12.030331017762308], [10.203938903257836, 12.038699436030186], [10.21235276516802, 12.03632841122726], [10.215917961045136, 12.039605999417404], [10.218698814099014, 12.041558584960796], [10.218484902256478, 12.063036103233628], [10.227611804241405, 12.064291227658089], [10.226898765065982, 12.068056572153125], [10.229251794434788, 12.071612681280271], [10.23072703782259, 12.077911988847234], [10.216499484263863, 12.076643237895155], [10.208893733359162, 12.07164617113392], [10.208418373309314, 12.073098817256664], [10.209547351628999, 12.074958190767916], [10.209131413384057, 12.076875657785422], [10.202001020730563, 12.081407795733242], [10.188631536416324, 12.078153961336284], [10.187383718084163, 12.07612029471585], [10.187621397209739, 12.07211101900839], [10.19130543309933, 12.070019198627165], [10.185482279683526, 12.066997652819452], [10.176866389572297, 12.06827600403443], [10.179183767117195, 12.058223356123051], [10.169914257836751, 12.063917965841483], [10.166289641953483, 12.05026232084947], [10.167775140310539, 12.05101775766343], [10.168904118630223, 12.051540752104074], [10.174905532064713, 12.046194547840173], [10.175915671271241, 12.041196913606711], [10.162427346045206, 12.041661813641838], [10.164925517898382, 12.03687962639367], [10.156782452648144, 12.030213415216963], [10.154999855159247, 12.023297649367066], [10.144660786666009, 12.027540114784529], [10.139134733281367, 12.023297649367066], [10.131957926617076, 12.028248419928673], [10.130340583151451, 12.018590175096563], [10.118159497163106, 12.0133014348134], [10.096590061881898, 12.018706410672337], [10.095829963881783, 12.017849922436028], [10.09587001788708, 12.014399530414039], [10.097060204065201, 12.012109755760662], [10.092014726798254, 12.005978392988482], [10.095401662656627, 11.99970134184349], [10.089103150090352, 11.992203559946404], [10.087974171770668, 11.992029190394874], [10.086607513426031, 11.991738573576356], [10.083042316649653, 11.997608957587374], [10.07971480079749, 11.995284069804029], [10.0789423416158, 11.998422664174655], [10.077278584139378, 11.992145435863222], [10.069494573216048, 11.991912944027206], [10.069752526657851, 11.990182836368831], [10.070148192385204, 11.988599900065367], [10.068187333978301, 11.987786164699799], [10.064562718095033, 11.989297388164005], [10.06640473559014, 11.983601198336657], [10.060522163067446, 11.98633305902348], [10.054164229595585, 11.981741190803348], [10.05404538958311, 11.978079265645647], [10.047628037903678, 11.977498004129643], [10.047449777884992, 11.979648668051652], [10.048103397054206, 11.981159935582582], [10.0445976211833, 11.981101809700817], [10.037211168160923, 11.974598910011764], [10.021542688444356, 11.983252446643121], [10.020079612883876, 11.983550072777689], [10.0166648214244, 11.982664987898943], [9.983961797199242, 11.970164876407978], [9.976307482004756, 11.962735453778237], [9.974653231261641, 11.963014475637578], [9.974139843379135, 11.964074754746207], [9.973341239106958, 11.96413055857846], [9.96780805499776, 11.954364679286584], [9.964952929634023, 11.954118605888993], [9.962656660976165, 11.953920695683621], [9.960538858281723, 11.95514177717132], [9.95970697909388, 11.96037352741638], [9.939682462175938, 11.950840040135802], [9.92666949699975, 11.949677396594609], [9.923401401153797, 11.943805972067992], [9.90872467670249, 11.94316650193258], [9.900524726634899, 11.938108822664105], [9.888763882147487, 11.93663069964714], [9.833508327847085, 11.890391750878678], [9.790259650962184, 11.878457454148247], [9.787058104947619, 11.87449408973049], [9.75360943662622, 11.862457108408876], [9.749873112354294, 11.863978332334227], [9.707925729289002, 11.84987178795268], [9.701754672240384, 11.854977919995065], [9.70313024376577, 11.858715649907367], [9.693932038133084, 11.859483251850634], [9.686159910851245, 11.867926731133764], [9.682552490005435, 11.866753680637885], [9.67915210028923, 11.864904943408476], [9.673768271088875, 11.85930728600249], [9.673683167344336, 11.852700233129326], [9.673456826871131, 11.847074590619911], [9.675092423876322, 11.845733436149203], [9.675824584437066, 11.845133081126846], [9.677794224723755, 11.843246268400605], [9.676082930882615, 11.813097031003224], [9.669522971008348, 11.784340499914208], [9.66225785541576, 11.783469741235592], [9.655541025897662, 11.77809498889269], [9.641351546037072, 11.778737173182037], [9.643077101327208, 11.775009694641767], [9.634452891587728, 11.770177860320075], [9.628755708908898, 11.759274155178161], [9.625780672440158, 11.761380701957876], [9.627396893551861, 11.756559331248184], [9.62304973175975, 11.752917455576153], [9.620596876744514, 11.75426709425102], [9.61912801584532, 11.749311794703601], [9.623387237431132, 11.741176488803944], [9.629129578667175, 11.73903557892885], [9.630023254769469, 11.742088699034298], [9.633655001377235, 11.741828067411404], [9.632009768136356, 11.738512725681801], [9.637116632226821, 11.734854056069878], [9.639735107289425, 11.732978133234326], [9.664431285675334, 11.726806684081282]]]}}, {"type": "Feature", "properties": {"name": "Warji", "state": "ba"}, "geometry": {"type": "Polygon", "coordinates": [[[9.615426482746045, 11.240250246551682], [9.620579077362606, 11.220821193243523], [9.620530742399865, 11.22022362881745], [9.617522196292384, 11.216018459184568], [9.61486608190421, 11.2122562551221], [9.616216357299095, 11.207270502731546], [9.618073719926258, 11.205406798085335], [9.618809779947412, 11.200366255398421], [9.623802384272665, 11.1993313938288], [9.630319261224997, 11.19637189314841], [9.629605695046848, 11.189284096883625], [9.628308088447568, 11.187495867840084], [9.627996255722678, 11.1838758070229], [9.625934416040536, 11.181623213940213], [9.617013867995638, 11.180423226950438], [9.614449520429048, 11.17670375687294], [9.620981872015818, 11.156020378637606], [9.620854588268685, 11.1550470405885], [9.62254887233263, 11.15341507324706], [9.625371410762057, 11.149299538143225], [9.634954524431805, 11.145878717628761], [9.64344297611251, 11.138946881793231], [9.642757913946639, 11.13377485012927], [9.642157301718157, 11.131555311628404], [9.65671779868751, 11.112381151369107], [9.657018683965134, 11.092726362831456], [9.631712603354003, 11.071220121111764], [9.625295250775252, 11.060723398765901], [9.626838770692757, 11.057290592986533], [9.628087986571359, 11.053842008601862], [9.627883333249258, 11.052436000421153], [9.658691960765452, 11.05548791543498], [9.672807674634498, 11.051666478425261], [9.673481623877876, 11.048134112299465], [9.673653332335448, 11.045259529203975], [9.678952975099776, 11.036831073095584], [9.692373371833696, 11.040348809949649], [9.696100190271636, 11.040759383738646], [9.725458355218962, 11.034395063281579], [9.7296486545618, 11.04111010494745], [9.750709660822224, 11.042222635566247], [9.756011899029943, 11.044521960120392], [9.769121426212905, 11.047823160910184], [9.778170194199163, 11.041878608910736], [9.780106795192467, 11.038892954146547], [9.780379106310761, 11.022544475447205], [9.785983924118852, 11.008491967730151], [9.815670900991336, 11.013532488833334], [9.824322488791893, 11.01468658431844], [9.825707814364193, 11.017792554882533], [9.827260496574695, 11.02452791762937], [9.832010826238673, 11.029883830974086], [9.850367520744555, 11.024323238226884], [9.857819742087486, 11.023190370339364], [9.854320525871628, 11.045450210658771], [9.85918221408798, 11.055547455950375], [9.85293197622974, 11.066160201632044], [9.854042052598686, 11.071929931721002], [9.854243578078695, 11.072757605678987], [9.855164527920692, 11.076539993226163], [9.888989096669548, 11.093950039762547], [9.890348657564516, 11.106565613412386], [9.878058375893374, 11.132527322278122], [9.883349290737215, 11.147331659628435], [9.882664772661201, 11.163841431736728], [9.873781889122938, 11.186767004193939], [9.878297804200372, 11.189273503769243], [9.880956695694977, 11.196144315208016], [9.86147058579894, 11.198206727758304], [9.848592820202555, 11.227716132593514], [9.841861830858875, 11.229567457172436], [9.824922361777624, 11.279555851321504], [9.798151733415807, 11.273262055699377], [9.788882223236044, 11.26067470817128], [9.77911358662277, 11.261583813042591], [9.762493777965517, 11.245753995850293], [9.75037943516287, 11.245323439125457], [9.747454647414088, 11.245219489188116], [9.745529440831092, 11.244939748770435], [9.742819892324235, 11.249275689721344], [9.72635053125208, 11.250878480357642], [9.725637492076658, 11.245983084651698], [9.720860129691289, 11.247521646606742], [9.715512336325332, 11.244654321040116], [9.713159306956527, 11.22989763067119], [9.700538512742241, 11.231016647200533], [9.684067308059866, 11.22192450671065], [9.672444769410617, 11.222973615340152], [9.667596103377491, 11.231436278961155], [9.66200587527095, 11.228442901718608], [9.615426482746045, 11.240250246551682]]]}}, {"type": "Feature", "properties": {"name": "Katagum", "state": "ba"}, "geometry": {"type": "Polygon", "coordinates": [[[10.557117274842426, 11.662927825658699], [10.551769480577093, 11.66341664676088], [10.547348638229096, 11.66641939224121], [10.5381460340123, 11.673705638304625], [10.530381650792606, 11.675542327316577], [10.526136017063607, 11.673833628918885], [10.522981830247318, 11.678957821146582], [10.522977757217745, 11.687140308178755], [10.50838970861821, 11.689459591387106], [10.512418072436162, 11.707921396855056], [10.501268549304143, 11.722840598315031], [10.500005312095539, 11.723472731781214], [10.481599887824586, 11.701065393653039], [10.476655326182424, 11.70533886679533], [10.471773521930515, 11.7079229203066], [10.462380658040956, 11.735341441854132], [10.48051413721771, 11.742630206019214], [10.484748828895363, 11.745068634110226], [10.484736568437938, 11.748883548337119], [10.48468887469187, 11.763723596866555], [10.489115103978918, 11.76797411031697], [10.490472868028462, 11.770808857043164], [10.48631696055935, 11.796290295560766], [10.47643559572623, 11.798873973155366], [10.474913524639476, 11.802277362110601], [10.474698187371473, 11.81840366869443], [10.467112430194561, 11.816372129869933], [10.451844945587823, 11.825684856071291], [10.45055343369404, 11.824537410173377], [10.429528322973795, 11.82660174637357], [10.429303034707345, 11.827033016260714], [10.427176072417865, 11.82952056622122], [10.421948415886732, 11.838780361924194], [10.42255431522949, 11.841026271245482], [10.423651625722016, 11.846841828987294], [10.416766589706413, 11.85539932971534], [10.408330669225052, 11.865884385156278], [10.367437691796113, 11.8564725257865], [10.360388545694889, 11.840318844738931], [10.365332065922132, 11.838461241093455], [10.370345532720194, 11.83796807806442], [10.382781919150318, 11.832207210794195], [10.390578070921265, 11.824491630184639], [10.390621359787986, 11.814451112329039], [10.390698752745266, 11.796500306144253], [10.389418851998471, 11.794633038384063], [10.388944182627995, 11.79232467294537], [10.384147220417958, 11.785477060418032], [10.358567146056998, 11.782406822616792], [10.342751137954679, 11.769975099171518], [10.340223028569937, 11.766557134004586], [10.33536953587543, 11.759995287352695], [10.331252389186488, 11.75975981786138], [10.330593803061618, 11.759210225971174], [10.321970286699411, 11.761212301206797], [10.30734047088606, 11.752203837237346], [10.305075067860116, 11.756102678895559], [10.3043090163481, 11.757421083216457], [10.273872591247141, 11.75044015608836], [10.273982992920821, 11.748820977106448], [10.27404437434842, 11.747010297387362], [10.273272702073598, 11.746782016177178], [10.246366189747903, 11.738822365859562], [10.244150940113855, 11.75008268366895], [10.243968536019167, 11.751009862215426], [10.240827007160703, 11.751800049732537], [10.236045918884088, 11.753002635763096], [10.23530925361922, 11.754650888927415], [10.231579804664307, 11.762995349256016], [10.22639003567167, 11.7641958983221], [10.215812781734542, 11.77864180727363], [10.139844899122863, 11.756922817434145], [10.13363992324389, 11.761245319815714], [10.134210354224535, 11.764316805875922], [10.134139049677458, 11.767458064937784], [10.133711226891648, 11.770389873693773], [10.119349017842922, 11.810849661182942], [10.118747981134447, 11.810820643657848], [10.111555110779761, 11.810473386637511], [10.091578562800464, 11.809782673131906], [10.07625257099943, 11.783799284309566], [10.07541241535074, 11.783547414781424], [10.073845305316638, 11.783224979049578], [10.066703349180273, 11.7825046625602], [10.055226882914383, 11.776835472179357], [10.05443286698329, 11.775551411168749], [10.020577523433985, 11.779184218976582], [10.015548080179826, 11.774863553010618], [9.993443865741881, 11.768872023125425], [9.97983670140269, 11.747871552929894], [9.974645559145301, 11.747361262312438], [9.97789907967882, 11.743716831666518], [9.98003220142499, 11.741568393566581], [9.979866668611919, 11.732243701885409], [9.983082221567315, 11.725971909076407], [9.982259963326669, 11.707361863858978], [9.982753186610296, 11.706980455983285], [10.001597897325155, 11.700973516214844], [10.026547668340243, 11.707488133170841], [10.039168461655208, 11.717193017743625], [10.043483755970612, 11.71407753684889], [10.066052389306378, 11.719703407786085], [10.07389347030744, 11.699737945749632], [10.076988059951077, 11.670732164857554], [10.09340768581609, 11.669033008266751], [10.10743958736714, 11.641271736201702], [10.1015847202587, 11.634674342946596], [10.101209312659705, 11.631755739835569], [10.13201567028699, 11.609843218589731], [10.13453507603299, 11.606118122353507], [10.138087196666845, 11.600130918207356], [10.13818017667387, 11.5946647398859], [10.13817402531106, 11.594608792162092], [10.138955919280306, 11.588888905198871], [10.15183941175951, 11.572126404709877], [10.15628783001938, 11.572738986015452], [10.156892961341157, 11.572987889579508], [10.168683477160812, 11.574767673089696], [10.186759533725535, 11.565961433373502], [10.19844765183774, 11.576216810057815], [10.199235832068041, 11.580659177678967], [10.24927191276862, 11.606793559075527], [10.257960236975407, 11.609565256131702], [10.259817249766286, 11.607738001007988], [10.269709706837546, 11.61432607099141], [10.269770683570243, 11.614163201070937], [10.275952088218332, 11.60728196379165], [10.293269198814528, 11.623766407393816], [10.339494042616025, 11.627670195323333], [10.346468027877222, 11.62133104958832], [10.348636874292367, 11.612755890671849], [10.348389651561206, 11.611855056865409], [10.345728816631606, 11.608803384668533], [10.345129985960114, 11.605147457988835], [10.344868141151835, 11.604824504247517], [10.34074757703911, 11.603214805918583], [10.338721229101509, 11.60293488923378], [10.33509148528384, 11.596013690579412], [10.334841882047272, 11.595537746869581], [10.330285518162157, 11.580245997654742], [10.331854203808518, 11.575915109994355], [10.331996812003297, 11.574448180838942], [10.349323664055873, 11.563550752964943], [10.370287015633323, 11.573330514191923], [10.37270462531825, 11.558977244404332], [10.372919917620152, 11.558650125902659], [10.375862434603732, 11.558344958053397], [10.385058311891612, 11.561548925042928], [10.388650060252132, 11.562060111385108], [10.391311889831911, 11.564750114925914], [10.394599957821868, 11.568325296875003], [10.396954680614044, 11.570885605586284], [10.399080305611676, 11.570635541896763], [10.399643581586076, 11.570569277150469], [10.4049589310099, 11.567715379361346], [10.404501194074896, 11.566179923664606], [10.405771801227672, 11.55701793373072], [10.404266310042203, 11.552522657194913], [10.382862921986316, 11.538629058784068], [10.378344358405457, 11.529947685437378], [10.375420898056063, 11.522402160331467], [10.369899125444306, 11.510225177949678], [10.361066003193514, 11.512341401434583], [10.359344358155681, 11.511369391684127], [10.356021908184573, 11.509493600149597], [10.361266936020343, 11.490599483379526], [10.36459415239824, 11.48638291663832], [10.366078860251264, 11.483243107283613], [10.370003968408469, 11.480907698331634], [10.374279534273114, 11.478434890957487], [10.37958623941347, 11.473121504753692], [10.381331063577761, 11.466153068309495], [10.381047368841053, 11.465283187369266], [10.381278278769571, 11.46310160205735], [10.393785611816554, 11.445425129566104], [10.40920352782058, 11.451799457678874], [10.415537596882643, 11.452767820678446], [10.41829312682637, 11.453128990210757], [10.423295719022292, 11.452710056324065], [10.425309182372928, 11.464250203584072], [10.429646837431676, 11.466521337989434], [10.432439574127102, 11.471704113853832], [10.445707325332819, 11.48135780901572], [10.46946995977089, 11.49085823092264], [10.48022496830771, 11.497321571233556], [10.48278002497824, 11.501688608042855], [10.484443783353981, 11.503260724602796], [10.486330759756811, 11.505100887695846], [10.49739732762464, 11.507627669681256], [10.498823405975429, 11.510014903864771], [10.500843684388599, 11.511703424173731], [10.505953325585551, 11.510653191391725], [10.511867323118508, 11.510025748789303], [10.521155841369023, 11.500353138186824], [10.524888517091426, 11.501220617937236], [10.52554752769629, 11.501618370091762], [10.527826183131879, 11.498880525316054], [10.538906506130388, 11.492045371996369], [10.558339915754573, 11.508921122312017], [10.560955538167605, 11.50795949073796], [10.56489751490841, 11.504598217933449], [10.565979556711227, 11.495482722050042], [10.574987162727439, 11.48835153799314], [10.575681003175816, 11.488337549038704], [10.5879305086861, 11.508274304715428], [10.593429171419189, 11.513290310299624], [10.599448406718636, 11.516713612043588], [10.59981330933681, 11.516656711937742], [10.604513676265185, 11.533182965021865], [10.604678629914872, 11.533211096714808], [10.612549336382813, 11.54187627956668], [10.614817242221989, 11.542065095827581], [10.6216067423573, 11.55131768256507], [10.621569298184625, 11.555500173993892], [10.621563130634001, 11.556189021406283], [10.620195427277224, 11.559829762133859], [10.604097484411398, 11.558954903446079], [10.599315610127348, 11.567550199981781], [10.599835503705606, 11.56969644013867], [10.59596686487896, 11.581830114768024], [10.596404311309982, 11.583596921960407], [10.598559949382206, 11.584628520789636], [10.593527432245253, 11.590633246427217], [10.594734265773809, 11.602235631269423], [10.603562199835721, 11.605943774385707], [10.606476223598861, 11.60667032137826], [10.604546264098872, 11.625937806984268], [10.59907963072044, 11.631338795249235], [10.59476574384405, 11.645399500286771], [10.594052703769307, 11.64965947280649], [10.593334667960619, 11.653936580109132], [10.598437895192774, 11.655944561192598], [10.597368336879299, 11.660204372733688], [10.591485762557966, 11.659087052325674], [10.579078881984856, 11.659087052325674], [10.565887656789982, 11.659925043306146], [10.557117274842426, 11.662927825658699]]]}}, {"type": "Feature", "properties": {"name": "Bogoro", "state": "ba"}, "geometry": {"type": "Polygon", "coordinates": [[[9.576726021888476, 9.52275239540677], [9.57385594979229, 9.52495636214644], [9.57046521789556, 9.529120419271976], [9.570048812003108, 9.534355232607936], [9.573974922904426, 9.537626992291905], [9.578156130101377, 9.54279669561106], [9.579220546091392, 9.551672913374318], [9.590286128302239, 9.543682720281367], [9.610844670744996, 9.54889671431198], [9.624199396285178, 9.537177869063441], [9.625329639950962, 9.53714812488613], [9.626519370172844, 9.538337856007274], [9.627679358015996, 9.53786196355884], [9.627084491556104, 9.536047626296977], [9.627441410892459, 9.534619948052182], [9.651006958904077, 9.521902661078968], [9.65449044687665, 9.52498008356406], [9.656273949083527, 9.528037855862408], [9.65860691457749, 9.531725855963543], [9.663595200358259, 9.534291171200664], [9.667858259351249, 9.535323601003427], [9.692341656342421, 9.522470311355846], [9.73260021242993, 9.532527924424244], [9.744353948675837, 9.531594095391256], [9.745687007449476, 9.531488184032526], [9.760875973147677, 9.538709167194384], [9.763830397155175, 9.540113729265215], [9.784272194106507, 9.557192801906353], [9.803285141895856, 9.579112905336387], [9.807758447994047, 9.57999554315984], [9.802476393270979, 9.596253246989818], [9.794657305190526, 9.603854282749012], [9.805020141866123, 9.625976068141085], [9.802500736120123, 9.631553155353913], [9.803289832759617, 9.643297540449169], [9.806895348841351, 9.649036760138415], [9.804356568101184, 9.66764368380899], [9.809621621140934, 9.677712886440588], [9.802263056994548, 9.68929634415099], [9.76988553339072, 9.687054334290167], [9.75326596485246, 9.689780101170754], [9.740036679449247, 9.700990062341532], [9.715148138775646, 9.713912208581633], [9.711711841828105, 9.714038265653471], [9.694922385060067, 9.714654163658793], [9.67050260970774, 9.72076880443683], [9.672748105340816, 9.727353862590746], [9.669948012191071, 9.724603215965715], [9.66745237462743, 9.723549024368026], [9.66614513628906, 9.724837481264785], [9.664600217925738, 9.726594458867226], [9.661510381199207, 9.727765771872896], [9.65758866618404, 9.727062984968825], [9.656994467021093, 9.725071744765273], [9.65628142694635, 9.723549024368026], [9.653429271143978, 9.724837481264785], [9.650111610962142, 9.724708432148475], [9.650101754392495, 9.726360196266114], [9.65022059440497, 9.729171342983136], [9.641782964312426, 9.737136132926253], [9.640238045949104, 9.734793567169447], [9.639406166761262, 9.732802373730635], [9.637385889247412, 9.73081116770129], [9.613499076421306, 9.723666156567901], [9.592939780346626, 9.733856537449299], [9.590444142782985, 9.736433364907896], [9.588305025256773, 9.73936155479197], [9.590888175848704, 9.743146037759459], [9.587173982992965, 9.741534982353585], [9.575029460741064, 9.736267216059218], [9.562433310648828, 9.744108958961363], [9.559948610639935, 9.74565581086705], [9.538714518160532, 9.746607309779563], [9.524081543028842, 9.767927693108618], [9.523454718260666, 9.767807296369654], [9.513859612131455, 9.7494258147496], [9.483650504167485, 9.751923159226465], [9.48225531033438, 9.756165425893755], [9.480588021220228, 9.7578473047094], [9.472027713708087, 9.759140299585226], [9.471776415249394, 9.7591805460454], [9.459990430214248, 9.743597829276439], [9.454356679417288, 9.748759066377886], [9.452877734419928, 9.750721002172554], [9.450002486725452, 9.751397600818677], [9.446893416198236, 9.751884489277813], [9.441637541639295, 9.749025117315341], [9.440300115757793, 9.74892894111781], [9.435266866572704, 9.746089401904442], [9.430045105097577, 9.746699728609656], [9.418861200883782, 9.754517082797179], [9.417977131339569, 9.754231673053312], [9.413666133085599, 9.748831219884948], [9.411985847868607, 9.740909722405831], [9.408041794593203, 9.731711562638566], [9.42347276515602, 9.72539862224869], [9.432793287580182, 9.717957556096394], [9.434416742838437, 9.718174864678303], [9.439299378963199, 9.717909683385244], [9.43949464696044, 9.717929013413311], [9.45549991019277, 9.728826347757774], [9.46594121361619, 9.725370203672014], [9.47103514815359, 9.721599788799267], [9.471284361983749, 9.72003657013164], [9.475103211643955, 9.714684834137813], [9.481851759351287, 9.708934066254187], [9.482294267166765, 9.70927730420425], [9.488159787644122, 9.710796421018074], [9.493999917562178, 9.717911483827947], [9.495639991392522, 9.721589399830975], [9.50205978563065, 9.71903976067648], [9.502130289781121, 9.718989326696146], [9.50855495294877, 9.71439359498845], [9.501938946425298, 9.705850883611447], [9.496540762246411, 9.705096376696474], [9.487495116706327, 9.691748750404543], [9.477172940179116, 9.686849209723277], [9.474707971295913, 9.686282650324074], [9.474767644910912, 9.663628353865477], [9.460999195256704, 9.64231582071858], [9.454273126103942, 9.645233339247284], [9.45039946995962, 9.649309100934317], [9.448827413654271, 9.652160994134647], [9.448351183060709, 9.65585782557821], [9.437635802250497, 9.654980667323969], [9.434306270118327, 9.650790453416732], [9.436813543110588, 9.647428419785797], [9.439562214824377, 9.646350192907107], [9.439938974104393, 9.639422130626883], [9.436409365299994, 9.637778167228703], [9.43443754505671, 9.636038375670523], [9.436218521967248, 9.630810563556736], [9.434734654980389, 9.629269839631434], [9.432123641592852, 9.621458828362279], [9.404609796405055, 9.591551476219706], [9.412207576618414, 9.585053425675085], [9.419378692372788, 9.580942601220102], [9.423873140632963, 9.573624289829183], [9.429981252332993, 9.570448836744447], [9.434955920579341, 9.567862632054869], [9.445084330977124, 9.554403616633635], [9.469200740721647, 9.54236221694282], [9.47301420883872, 9.542052907715572], [9.484482142337072, 9.540192471205614], [9.484557619738382, 9.540151759795947], [9.485249862990827, 9.530762789970822], [9.486118445310069, 9.529939031661058], [9.490911159122732, 9.528489075410562], [9.497039337395563, 9.53229669343773], [9.506476578331501, 9.531919530362075], [9.512608715419901, 9.5296692997984], [9.522733871171283, 9.524324943641261], [9.531059264973123, 9.515857697075091], [9.541125588874877, 9.5097683407364], [9.545001736141273, 9.514080756321903], [9.545693224862475, 9.514783277925972], [9.548504795160227, 9.517639707306671], [9.576726021888476, 9.52275239540677]]]}}, {"type": "Feature", "properties": {"name": "Gamawa", "state": "ba"}, "geometry": {"type": "Polygon", "coordinates": [[[10.821933541199996, 11.988275328443706], [10.8200811257434, 11.994307688449112], [10.822549440104638, 11.998591219609125], [10.821656534721342, 11.999186158014822], [10.82056000034379, 11.999916772640972], [10.818206970974984, 11.999498298307856], [10.81519986288339, 12.007986868699106], [10.818968784881577, 12.01002825599926], [10.822291547816747, 12.006778204150862], [10.82619301009936, 12.013354124293471], [10.824576788088336, 12.014470000390247], [10.8226753496877, 12.014841956391251], [10.825910737190839, 12.048003901958566], [10.825653129088664, 12.049642339022796], [10.82236286585362, 12.060750789217593], [10.821791794555736, 12.06560488895451], [10.826686273852488, 12.095884605390268], [10.824410124827466, 12.10327469976761], [10.823755772710797, 12.10845002744685], [10.823220394605585, 12.109431554722505], [10.819205053870178, 12.112138192123894], [10.804418934985904, 12.117056983692919], [10.799495321252095, 12.128041829267033], [10.803151530318928, 12.144763758640579], [10.79490167597163, 12.184742155226331], [10.789016282275668, 12.278364583958421], [10.775938655844357, 12.309731523191317], [10.764261451005211, 12.36963186991494], [10.723620031938992, 12.370412609154641], [10.721253581987241, 12.370057726782704], [10.706304665128243, 12.350067415578792], [10.687160416320182, 12.350124602568428], [10.681312129551202, 12.351456050656282], [10.674299629924008, 12.340985147846368], [10.661094919395055, 12.33420885605392], [10.654960616739118, 12.327889412666309], [10.65096674102233, 12.32321466742303], [10.646325963172728, 12.322331478315107], [10.643225750068382, 12.324964945076204], [10.62564387906184, 12.321690348930531], [10.621129061157319, 12.321185285172817], [10.618347271909101, 12.326415070399207], [10.613915783386744, 12.327497255194203], [10.606805969020286, 12.328222971213222], [10.601593766439237, 12.329483409731608], [10.5962492663906, 12.328214083213425], [10.593062811899301, 12.32257454887639], [10.558857264251401, 12.330200948215236], [10.559344178790866, 12.34260973894834], [10.525480110918409, 12.361096291061017], [10.520159912350096, 12.361430084330948], [10.514005844394262, 12.354652912102267], [10.505926563560081, 12.351359241335956], [10.498669760401185, 12.325197302913239], [10.49668270384376, 12.319061005561025], [10.511611222280123, 12.31668227356812], [10.527475300045126, 12.294807011234639], [10.521910332995503, 12.291675287684427], [10.503740665998976, 12.292506218986887], [10.486189735268113, 12.25827842930613], [10.47341357417713, 12.260556153044092], [10.463811313041731, 12.261949701117885], [10.457821784148052, 12.260741960173391], [10.45487455471698, 12.259162596876422], [10.450311104174148, 12.256282556694657], [10.441963794793367, 12.258616772246285], [10.441944777729361, 12.262785826904462], [10.442887191690602, 12.267891351904439], [10.447420632756064, 12.277304065630176], [10.44629165443638, 12.27962649466707], [10.445615947018382, 12.282269221747242], [10.44540035524227, 12.28427129158689], [10.447420632756064, 12.29559264278629], [10.445994554405218, 12.296637664896366], [10.444687316066847, 12.297740740942515], [10.443318362652349, 12.299219588813003], [10.433579678859132, 12.2999163133872], [10.43064307401869, 12.29655889237904], [10.436653790939772, 12.285647496235015], [10.438864161751724, 12.276665394092731], [10.436105504865225, 12.273885982652018], [10.429608493037563, 12.27189606355256], [10.417242393121967, 12.30360802858769], [10.410865816704131, 12.305516406157267], [10.404803063210863, 12.300761932417288], [10.394131280634156, 12.29516475255133], [10.39585460830358, 12.2922245549193], [10.383863835047975, 12.28821264779549], [10.379812781334863, 12.288399572782112], [10.37597390287334, 12.287686944596885], [10.375997874302527, 12.285374419793698], [10.374809475976576, 12.283574577804586], [10.372194999299836, 12.28247144330254], [10.355141478196686, 12.283284280245368], [10.355438578227847, 12.268072205567876], [10.365064606646342, 12.270278592383193], [10.366431264990922, 12.26993021570695], [10.367084885059455, 12.268652835759838], [10.367203725071931, 12.267259322759571], [10.35606453335157, 12.252990272683007], [10.341415473845075, 12.251349525260423], [10.34290097220213, 12.240548895015536], [10.334938702159434, 12.245194380816088], [10.333215522878106, 12.244323358636166], [10.332027124552212, 12.24339426543304], [10.330838726226261, 12.242116755983545], [10.335532901322381, 12.230096252939745], [10.326199414271628, 12.233436148859255], [10.319928597227033, 12.23164790992314], [10.319750337208347, 12.229963844855604], [10.320344537270614, 12.228279768996174], [10.328544487338263, 12.22293711075912], [10.32515755058057, 12.215213295057595], [10.324979290561885, 12.20057807881534], [10.323790893135254, 12.199416518957207], [10.32183003472835, 12.19930036342106], [10.320285117264405, 12.198951894114657], [10.320760476414875, 12.193782882374194], [10.310421407921694, 12.185187000379813], [10.395075524715764, 12.161155839170704], [10.410676879034781, 12.136899165763964], [10.403080946028865, 12.135099678107736], [10.403040595247319, 12.135090119213658], [10.402693942571432, 12.131875113945398], [10.402343664728392, 12.128626483025812], [10.40741928637101, 12.124694894353922], [10.410380331187412, 12.12423645324975], [10.413747099748889, 12.127492038626713], [10.418745027161322, 12.130627213774972], [10.431032750261238, 12.114792933247315], [10.432226095757756, 12.112000923204107], [10.432186135281938, 12.111902838645165], [10.433689927648118, 12.101623772019536], [10.440442603243582, 12.094132776406582], [10.441233815088538, 12.079895529954797], [10.441208582809907, 12.079746773994486], [10.419104744288575, 12.075734153708254], [10.419900896109539, 12.06420844866102], [10.4177309579174, 12.061623495827746], [10.395009123272473, 12.049094859640093], [10.39639621871055, 12.045307193971894], [10.404537315344896, 12.037656367247621], [10.403186154117748, 12.025850898400279], [10.402048963189145, 12.024428232976618], [10.407032787433252, 12.010728130898599], [10.408822565109347, 12.00951302990245], [10.410159689717943, 12.001663513260553], [10.42452715260606, 11.996240640892893], [10.427779816985037, 11.998595894285131], [10.43241959838582, 11.997787437040643], [10.438196261348423, 11.985777983067521], [10.426423829096507, 11.985258515767953], [10.423420746370425, 11.985580025198033], [10.415589819614524, 11.979152792667321], [10.41661799832201, 11.97531234938549], [10.420092302417856, 11.97254025662761], [10.430646930311639, 11.968178285699366], [10.427843139149616, 11.958376107971048], [10.440230970283096, 11.952109079770253], [10.435340487573512, 11.945324702173309], [10.435094629113905, 11.94342502644389], [10.439147759361674, 11.928445519145441], [10.438624506815586, 11.92689285761935], [10.473939248597503, 11.895153742051605], [10.449780772164956, 11.868778346843271], [10.435215211113132, 11.87699567810813], [10.40743177525627, 11.8717999070401], [10.407905665813871, 11.866412688294986], [10.408330669225052, 11.865884385156278], [10.416766589706413, 11.85539932971534], [10.423651625722016, 11.846841828987294], [10.42255431522949, 11.841026271245482], [10.421948415886732, 11.838780361924194], [10.427176072417865, 11.82952056622122], [10.429303034707345, 11.827033016260714], [10.429528322973795, 11.82660174637357], [10.45055343369404, 11.824537410173377], [10.451844945587823, 11.825684856071291], [10.467112430194561, 11.816372129869933], [10.474698187371473, 11.81840366869443], [10.474913524639476, 11.802277362110601], [10.47643559572623, 11.798873973155366], [10.48631696055935, 11.796290295560766], [10.490472868028462, 11.770808857043164], [10.489115103978918, 11.76797411031697], [10.48468887469187, 11.763723596866555], [10.484736568437938, 11.748883548337119], [10.484748828895363, 11.745068634110226], [10.48051413721771, 11.742630206019214], [10.462380658040956, 11.735341441854132], [10.471773521930515, 11.7079229203066], [10.476655326182424, 11.70533886679533], [10.481599887824586, 11.701065393653039], [10.500005312095539, 11.723472731781214], [10.501268549304143, 11.722840598315031], [10.512418072436162, 11.707921396855056], [10.50838970861821, 11.689459591387106], [10.522977757217745, 11.687140308178755], [10.522981830247318, 11.678957821146582], [10.526136017063607, 11.673833628918885], [10.530381650792606, 11.675542327316577], [10.5381460340123, 11.673705638304625], [10.547348638229096, 11.66641939224121], [10.551769480577093, 11.66341664676088], [10.557117274842426, 11.662927825658699], [10.573445872229286, 11.683387778123517], [10.575584989755498, 11.692884035270083], [10.58185973413947, 11.697841510277499], [10.596405734037432, 11.701123169698576], [10.598758763406238, 11.699237965859481], [10.598473547016624, 11.697771686913882], [10.596833556823242, 11.696375224137341], [10.596334430389675, 11.69490892990325], [10.597831812388279, 11.693652101263524], [10.599329194386883, 11.692884035270083], [10.600683969089971, 11.692115968377266], [10.602464333562182, 11.693947739896316], [10.607101321668722, 11.700564591782552], [10.614730840755726, 11.697771686913882], [10.631656969293772, 11.705398043085268], [10.636932780923132, 11.720758245996308], [10.63791322001913, 11.723612732841389], [10.65077988168622, 11.733808936833043], [10.655736086850993, 11.75286591003379], [10.665277921638847, 11.759433611272186], [10.675851006318908, 11.768116583613505], [10.679344022608632, 11.779113866811542], [10.68039147918347, 11.792564344069262], [10.680643525878054, 11.794552192030096], [10.682841370932579, 11.801705147774385], [10.683892913127465, 11.806215275714464], [10.686916653280946, 11.809314471685582], [10.698042140232644, 11.805880556142824], [10.713806306915558, 11.797333772635568], [10.721089637376906, 11.790169804692766], [10.735554870061264, 11.78437544936753], [10.73610138357202, 11.783257877149367], [10.735157918303344, 11.770129581115327], [10.735002576607656, 11.767968021007391], [10.739561721196537, 11.766365903064013], [10.747661840221781, 11.757479766677932], [10.748275516002309, 11.757210934137333], [10.751154831330439, 11.751229788723833], [10.756640828911202, 11.749404371814364], [10.777543825187422, 11.758029258743363], [10.778724546900378, 11.758293278112319], [10.780420372402318, 11.757866294394034], [10.78366845023885, 11.755804476295566], [10.79427111631901, 11.757084144117982], [10.794281498092687, 11.757109360208858], [10.804869795704576, 11.760637488729174], [10.80301472185198, 11.76663027496727], [10.812076035380755, 11.773266569296766], [10.809969474211925, 11.780670392724517], [10.814049692939022, 11.782425486247234], [10.81524532001555, 11.782702230123846], [10.823665782949547, 11.788341857091098], [10.825468611587212, 11.79582138275066], [10.825068525691961, 11.801324022285826], [10.833576894657995, 11.801157541587315], [10.840079295223347, 11.794669233398452], [10.847176133272, 11.796817541096686], [10.849752250266192, 11.793063287041093], [10.854347990967085, 11.7952935535547], [10.855014611635056, 11.79745573869144], [10.854682375990933, 11.799941704046432], [10.869331815910641, 11.809569490639547], [10.877517119619426, 11.828989119951984], [10.874048087349422, 11.834404659247696], [10.865753857754385, 11.847352856149428], [10.860496539783526, 11.85556010331618], [10.84074701396355, 11.872930167793072], [10.817000389256634, 11.886130333148401], [10.812789917220925, 11.916910171567224], [10.801957832288167, 11.93638692581601], [10.803753955580646, 11.941551710742885], [10.799904609909845, 11.943920414395677], [10.80140009343961, 11.94757532574073], [10.806771654987926, 11.947296288592895], [10.804893984769649, 11.950830740246488], [10.807247015037774, 11.957318198576047], [10.814044654936936, 11.9550627195689], [10.80967389043775, 11.965440899577914], [10.818697830840279, 11.970480982711251], [10.818840438135737, 11.979744074429561], [10.823660583069511, 11.977205126415527], [10.823418150127566, 11.980581085149026], [10.81836983190226, 11.98313395107101], [10.822804936598573, 11.985533344088594], [10.821933541199996, 11.988275328443706]]]}}, {"type": "Feature", "properties": {"name": "Ningi", "state": "ba"}, "geometry": {"type": "Polygon", "coordinates": [[[9.194971659014925, 11.326648778318486], [9.178145971259596, 11.318315145827341], [9.182395291309717, 11.311052710214426], [9.174776019997353, 11.306259581814288], [9.169493617236697, 11.308163150708879], [9.161436761897107, 11.314592454378328], [9.142956642635, 11.315641820213898], [9.140332658325576, 11.321570793257536], [9.140389702322977, 11.323136915836074], [9.141530564284153, 11.324143705967288], [9.142226158410551, 11.326206317267804], [9.130239278320062, 11.328809710699659], [9.12957671719181, 11.328953610320923], [9.117857657005288, 11.323866857769303], [9.116431578654499, 11.321839292149662], [9.116203412557468, 11.318885989596765], [9.114862891209498, 11.31694510603188], [9.111226391684681, 11.31435814591174], [9.106876853883762, 11.310232943995231], [9.10181427420946, 11.30680688492987], [9.100530804952712, 11.308415040022112], [9.099247332998061, 11.310442701869249], [9.084915245841955, 11.314917490949483], [9.062585235020606, 11.292997350647283], [9.044818675641409, 11.285946657712145], [9.042025938945983, 11.283149640243778], [9.040302760563975, 11.280294323324426], [9.03780712389971, 11.278079975710341], [9.02669559622484, 11.2771476161696], [9.021407221965774, 11.269513790229269], [9.018733327081407, 11.265259739745261], [9.01938694625062, 11.25774215207872], [9.00358692269839, 11.244283356092069], [8.995765133054476, 11.232946142650405], [8.995634770028687, 11.230942903692096], [8.99550440700284, 11.229323254364772], [8.995634770028687, 11.227490481900247], [8.985249173310763, 11.224677366567278], [8.983424088251127, 11.220542889942465], [8.977861927086337, 11.220628137578558], [8.970344317836066, 11.208607987069001], [8.955874007579439, 11.200295888844266], [8.952658382678294, 11.192495086678946], [8.94870403396402, 11.19437070914097], [8.940238370204668, 11.191879290297038], [8.91989377737599, 11.177489674409003], [8.919697823196032, 11.15877101626944], [8.900997727063498, 11.135375162234027], [8.893353945628121, 11.117053995445588], [8.884892548252537, 11.11094357338726], [8.876416802193717, 11.109895680641216], [8.872744650844993, 11.106642168201574], [8.868851456929235, 11.102537325137519], [8.856180749442103, 11.098483736235494], [8.855981099947826, 11.09935136797128], [8.845633803557234, 11.100829554840118], [8.824576335229722, 11.095837536872864], [8.805270799308005, 11.103674185115608], [8.805056888364732, 11.100105738189313], [8.80983424985078, 11.098496423870927], [8.811894039978029, 11.097126070212028], [8.812918144756622, 11.091849163208337], [8.804417609784934, 11.07912576624119], [8.802353822171199, 11.074312418383442], [8.801436442637794, 11.074222832417831], [8.800746284913146, 11.074222832417831], [8.798466418990074, 11.074487055033615], [8.797710682701904, 11.077967347714946], [8.795525949762805, 11.08367984764692], [8.794009475157225, 11.083288280130091], [8.79268908423387, 11.082900533832628], [8.794245676696676, 11.068756497614345], [8.790437682752895, 11.06821729559175], [8.791863761103741, 11.064205217596736], [8.793812734969777, 11.061499368001478], [8.780375263707526, 11.019260269146173], [8.77981053982461, 11.01153498665036], [8.782900376551197, 10.999811240995996], [8.786822091566307, 10.9938616977592], [8.7848612349581, 10.985578803219255], [8.784114838129312, 10.974309921165968], [8.788697242783599, 10.94225025214746], [8.777281469064576, 10.936807474185628], [8.773270622241455, 10.938265988384728], [8.770747535570365, 10.94182110016368], [8.766717375806309, 10.94172474500101], [8.767922828875498, 10.936369918936634], [8.76718007879765, 10.930098218757848], [8.765248932192492, 10.926597677840618], [8.762426484594641, 10.924555676303441], [8.759604037896054, 10.923534669689332], [8.757672890391632, 10.916241667918712], [8.756038842018995, 10.907635697329624], [8.753959145398312, 10.90398902197586], [8.752325096126356, 10.896695539967254], [8.749948298575191, 10.885609106974755], [8.749354100311507, 10.87612696019113], [8.749651199443349, 10.869853990169531], [8.75013622630587, 10.86687462436447], [8.745430167568202, 10.861832760573463], [8.745073648430207, 10.859451852221241], [8.745786686706253, 10.857210978204137], [8.766169519607672, 10.851136632449652], [8.794652086624524, 10.854351751032539], [8.813923278336688, 10.852935003147934], [8.863423035744574, 10.843242909632636], [8.897588484421078, 10.836553288203731], [8.906542819995195, 10.83530172419529], [8.96051737727521, 10.805947467701515], [8.967133257893579, 10.80628949696279], [8.986226457585019, 10.80896871673292], [9.020954055385403, 10.812519783361381], [9.020313720102138, 10.808907051119547], [9.023625993344979, 10.790415612990216], [9.043345356802831, 10.775285169774804], [9.035246042670792, 10.737786928024377], [9.036897192551464, 10.736857941840583], [9.052315142729697, 10.728183319704499], [9.068579282108203, 10.722856651413395], [9.136346526670934, 10.715162409018035], [9.192531731754059, 10.695396817709025], [9.20771873782951, 10.701152038136115], [9.225329118244247, 10.696986802898664], [9.228276345876736, 10.702171557271583], [9.241141870800732, 10.70664094592297], [9.249127909925164, 10.713156697823422], [9.280560364769087, 10.724220448115261], [9.306800206964056, 10.741034030096444], [9.319777521215656, 10.74404636504778], [9.329118334143857, 10.741174139075326], [9.3376034997018, 10.74628808262895], [9.355358175439505, 10.745447440447094], [9.3907724550848, 10.763698191218623], [9.403321945651328, 10.78401182758381], [9.411450592071219, 10.783311379816382], [9.416727080890098, 10.7865334240783], [9.421575748721864, 10.79746009970387], [9.43719130603398, 10.805444726892688], [9.436739520812296, 10.806840745404145], [9.437048698738522, 10.807966145321416], [9.447387767231703, 10.812168459606767], [9.453662511615676, 10.810697656171953], [9.45615814827994, 10.812098421305166], [9.457271788662183, 10.814398822347812], [9.46013307258329, 10.816025929752925], [9.477769821120376, 10.81943849628965], [9.489748878907676, 10.826217942903781], [9.503667403827649, 10.821175393829435], [9.530477677003262, 10.840448678263954], [9.553085772590407, 10.842969800815695], [9.566148651039441, 10.857255759945417], [9.596837856681816, 10.857647914719564], [9.607847181802072, 10.872045210817873], [9.60818944128971, 10.875742460446247], [9.607904224900096, 10.87703088406812], [9.60607884576217, 10.878991519443105], [9.60413937862944, 10.878823464931031], [9.601800609810368, 10.876974865297825], [9.59689489977984, 10.875966533728615], [9.590220853709468, 10.88722604394684], [9.606471783845791, 10.934948869594677], [9.624560820325655, 10.944525307596905], [9.6255435023308, 10.951841492990582], [9.636996223796757, 10.958078353433336], [9.638194128856014, 10.960094456294144], [9.638707517637897, 10.963062582372345], [9.636109678418961, 10.990444005086829], [9.627434368301522, 11.007534232019225], [9.628087986571359, 11.053842008601862], [9.626838770692757, 11.057290592986533], [9.625295250775252, 11.060723398765901], [9.631712603354003, 11.071220121111764], [9.657018683965134, 11.092726362831456], [9.65671779868751, 11.112381151369107], [9.642157301718157, 11.131555311628404], [9.642757913946639, 11.13377485012927], [9.64344297611251, 11.138946881793231], [9.634954524431805, 11.145878717628761], [9.625371410762057, 11.149299538143225], [9.62254887233263, 11.15341507324706], [9.620854588268685, 11.1550470405885], [9.620981872015818, 11.156020378637606], [9.614449520429048, 11.17670375687294], [9.617013867995638, 11.180423226950438], [9.625934416040536, 11.181623213940213], [9.627996255722678, 11.1838758070229], [9.628308088447568, 11.187495867840084], [9.629605695046848, 11.189284096883625], [9.630319261224997, 11.19637189314841], [9.623802384272665, 11.1993313938288], [9.618809779947412, 11.200366255398421], [9.618073719926258, 11.205406798085335], [9.616216357299095, 11.207270502731546], [9.61486608190421, 11.2122562551221], [9.617522196292384, 11.216018459184568], [9.620530742399865, 11.22022362881745], [9.620579077362606, 11.220821193243523], [9.615426482746045, 11.240250246551682], [9.614065965871703, 11.240440722961068], [9.60335773467176, 11.243403613186274], [9.594582038630222, 11.251101747847429], [9.598432162214579, 11.292949027375755], [9.601640838054266, 11.29826315462094], [9.607273847809893, 11.302598291577965], [9.609642383289383, 11.309130170121307], [9.609396987980688, 11.315467894927451], [9.537878244885121, 11.3173220361831], [9.511793670641453, 11.313130586607315], [9.5057545621234, 11.289857880336967], [9.497519398201689, 11.278085663022978], [9.489818135698442, 11.28195634420996], [9.483721651333212, 11.284193968976524], [9.478766028029838, 11.286501501643045], [9.471202958050128, 11.281768187152181], [9.466734001972668, 11.283614966557536], [9.465561956918805, 11.28205990564021], [9.464064574920258, 11.281500499448555], [9.440962104917276, 11.293247855903871], [9.411639492868346, 11.299995817253205], [9.397972317668348, 11.316612128446991], [9.379569986165961, 11.331267926573616], [9.363818791304197, 11.338563666779862], [9.351360458718261, 11.343197370562223], [9.346144315307981, 11.346746133127567], [9.342616753360517, 11.340737580874702], [9.33776682377993, 11.344852392024336], [9.335478370230646, 11.340469892271756], [9.33012421865783, 11.344839378834308], [9.330461789979665, 11.339879711279707], [9.323160966805233, 11.343694460930692], [9.321992400329066, 11.339378982254289], [9.313644689850605, 11.346247530998824], [9.303756678128252, 11.337749509632204], [9.297703328845614, 11.338206366130919], [9.294334011605372, 11.339405614777377], [9.29324897775814, 11.341918325970028], [9.292563692560407, 11.345744498809609], [9.291021802214459, 11.348200103052363], [9.29024399836186, 11.348495131944844], [9.289365697069286, 11.34882828040088], [9.287123236648085, 11.349394847893961], [9.194971659014925, 11.326648778318486]]]}}, {"type": "Feature", "properties": {"name": "Giade", "state": "ba"}, "geometry": {"type": "Polygon", "coordinates": [[[10.333522438110094, 11.20568527225754], [10.33344555776631, 11.25999189970645], [10.320771155864179, 11.268089152592381], [10.319369060633676, 11.271969960145611], [10.31679125741067, 11.27332491561242], [10.31549554478363, 11.287191141358164], [10.316320939859509, 11.28824773504499], [10.311198558866465, 11.297273782559046], [10.311825410614233, 11.298058350212727], [10.312754755627509, 11.303683118581091], [10.306438778227061, 11.310534283430513], [10.30878383960254, 11.315419419670548], [10.302380268234856, 11.320765258809672], [10.296681892155675, 11.322773287557197], [10.299085760199716, 11.328052400597869], [10.29909765823038, 11.330028812779517], [10.301625617428328, 11.33380680983646], [10.301725419692389, 11.33549408998033], [10.3000482830019, 11.339850422159316], [10.2987620852021, 11.340670823299888], [10.30193825324784, 11.34748375077453], [10.30141257073359, 11.348535683275202], [10.298586810033328, 11.351663722302987], [10.305864033198645, 11.355183119305536], [10.308342973049832, 11.356482692722125], [10.314127523966135, 11.365111182335227], [10.320118077187544, 11.362328464087398], [10.32190349944699, 11.36251489444686], [10.323722562646196, 11.364309772178274], [10.325443344334928, 11.369264678722004], [10.325843101078306, 11.374402500175279], [10.32944050167788, 11.373238582294789], [10.333377215586097, 11.374025108671901], [10.338606582627733, 11.377456724648198], [10.336955189930109, 11.384779938243582], [10.339060848179656, 11.387458798284968], [10.334691492918125, 11.393014013086258], [10.337216383629254, 11.398714847012627], [10.33752480162832, 11.402149298551308], [10.318616403624162, 11.401722699742834], [10.323464129865727, 11.41528901957264], [10.317289315449614, 11.420085426001663], [10.31601658859472, 11.4236316353917], [10.318082284569812, 11.430897968666386], [10.31379397081514, 11.436083851688466], [10.316091375316773, 11.437908496979617], [10.318688646164162, 11.441802797061484], [10.313275239160987, 11.448951550273875], [10.31221256425846, 11.448953197831884], [10.310422614811898, 11.450202822002666], [10.306036562737233, 11.46422159255252], [10.31155683617908, 11.463502777031579], [10.315792689780835, 11.468349623736174], [10.316921658208003, 11.470620867858827], [10.31848266724137, 11.473761259074877], [10.337475027750372, 11.48429304418869], [10.345040675187079, 11.495391947180678], [10.344387056017865, 11.500981781384155], [10.349526880261351, 11.511695318584145], [10.369899125444306, 11.510225177949678], [10.375420898056063, 11.522402160331467], [10.378344358405457, 11.529947685437378], [10.382862921986316, 11.538629058784068], [10.390857537045747, 11.545653841351736], [10.393181587560264, 11.546054295069723], [10.39637860728692, 11.545936295923354], [10.400331845338428, 11.550267208764694], [10.404266310042203, 11.552522657194913], [10.405771801227672, 11.55701793373072], [10.404501194074896, 11.566179923664606], [10.4049589310099, 11.567715379361346], [10.399643581586076, 11.570569277150469], [10.388650060252132, 11.562060111385108], [10.385058311891612, 11.561548925042928], [10.375862434603732, 11.558344958053397], [10.372919917620152, 11.558650125902659], [10.37270462531825, 11.558977244404332], [10.370287015633323, 11.573330514191923], [10.349323664055873, 11.563550752964943], [10.331996812003297, 11.574448180838942], [10.331854203808518, 11.575915109994355], [10.330285518162157, 11.580245997654742], [10.334841882047272, 11.595537746869581], [10.33509148528384, 11.596013690579412], [10.338721229101509, 11.60293488923378], [10.34074757703911, 11.603214805918583], [10.344868141151835, 11.604824504247517], [10.345129985960114, 11.605147457988835], [10.345728816631606, 11.608803384668533], [10.348389651561206, 11.611855056865409], [10.348636874292367, 11.612755890671849], [10.346468027877222, 11.62133104958832], [10.339494042616025, 11.627670195323333], [10.293269198814528, 11.623766407393816], [10.275952088218332, 11.60728196379165], [10.269770683570243, 11.614163201070937], [10.269709706837546, 11.61432607099141], [10.259817249766286, 11.607738001007988], [10.257960236975407, 11.609565256131702], [10.24927191276862, 11.606793559075527], [10.199235832068041, 11.580659177678967], [10.19844765183774, 11.576216810057815], [10.186759533725535, 11.565961433373502], [10.179716660395627, 11.568474960251251], [10.178629419612093, 11.567765017441673], [10.164162124782308, 11.558318212215795], [10.164388393309764, 11.555837819959493], [10.171830040424084, 11.554990191843956], [10.168808285973682, 11.544445621068633], [10.16623009874013, 11.542358962795959], [10.169977722094245, 11.535262673333762], [10.17878291679824, 11.532164832640944], [10.179560942783326, 11.528806238916843], [10.179898212832313, 11.528534742584327], [10.190314333439801, 11.520149990829452], [10.186321898436915, 11.516846719800355], [10.176015147980763, 11.508319091852684], [10.175618442637074, 11.50735064431683], [10.187234225579118, 11.489966623261125], [10.199401801951637, 11.490719271277385], [10.207766758729008, 11.482033255630313], [10.212470671684173, 11.482608026739115], [10.239001682881394, 11.47103926215226], [10.252277308551015, 11.451815943151303], [10.256568814898912, 11.451024887788378], [10.256800627746827, 11.445728184907864], [10.256800536915307, 11.443275651849888], [10.255904101692977, 11.440814479904361], [10.250922207394012, 11.434121136181545], [10.243888212171328, 11.431126786771813], [10.243415377417762, 11.430522374008376], [10.232325160078119, 11.439237730037235], [10.231848823364544, 11.439820105813283], [10.227849438400938, 11.442352364669944], [10.22687923718712, 11.441954036049992], [10.213645594568561, 11.443151123625512], [10.207416339692372, 11.43163518071907], [10.192844889879837, 11.440957800362241], [10.191235208638034, 11.438148339874033], [10.183377033323495, 11.432328974402708], [10.180893461963763, 11.43177909113217], [10.181511343873467, 11.428441903970736], [10.181791847815589, 11.422691494916592], [10.181368338178288, 11.417876313341253], [10.168066016133764, 11.422306472665639], [10.166501899942773, 11.423661390360905], [10.147504124615693, 11.41874480213096], [10.147653660288256, 11.414536177302807], [10.147323544346136, 11.405571729751557], [10.145939246698902, 11.398914333729579], [10.138710505085783, 11.401812900844732], [10.128017158565058, 11.399628477272472], [10.12646079183213, 11.397755640010814], [10.129096752413261, 11.390217102637223], [10.131387753741876, 11.38823425580631], [10.12312477199066, 11.378743611328673], [10.139567461868921, 11.370237339581593], [10.137977170010458, 11.360412224644506], [10.119540497895684, 11.353708830997789], [10.115837048341177, 11.34618694816919], [10.11381429769176, 11.341459135730588], [10.128250293416329, 11.319870580862641], [10.13718655171806, 11.31892469192104], [10.15761863239402, 11.312279323432108], [10.160432495962993, 11.310543636379748], [10.141553548957177, 11.273107305757605], [10.148226189387174, 11.264463294745326], [10.147109783589713, 11.263748776185139], [10.134311139447561, 11.256092027425154], [10.138957280853901, 11.246352958722127], [10.159159660290129, 11.231060027798094], [10.1896896355683, 11.22220992994437], [10.208379744729484, 11.227049829386146], [10.235340118351814, 11.223919867607833], [10.250610352186072, 11.219499588235465], [10.253278460832348, 11.215305490156311], [10.26364415105678, 11.210499577893245], [10.279452532008804, 11.203170238116058], [10.333522438110094, 11.20568527225754]]]}}, {"type": "Feature", "properties": {"name": "Misau", "state": "ba"}, "geometry": {"type": "Polygon", "coordinates": [[[10.620195427277224, 11.559829762133859], [10.621563130634001, 11.556189021406283], [10.621569298184625, 11.555500173993892], [10.6216067423573, 11.55131768256507], [10.604513676265185, 11.533182965021865], [10.59981330933681, 11.516656711937742], [10.599448406718636, 11.516713612043588], [10.593429171419189, 11.513290310299624], [10.5879305086861, 11.508274304715428], [10.575681003175816, 11.488337549038704], [10.574987162727439, 11.48835153799314], [10.565979556711227, 11.495482722050042], [10.56489751490841, 11.504598217933449], [10.560955538167605, 11.50795949073796], [10.558339915754573, 11.508921122312017], [10.538906506130388, 11.492045371996369], [10.527826183131879, 11.498880525316054], [10.52554752769629, 11.501618370091762], [10.524888517091426, 11.501220617937236], [10.521155841369023, 11.500353138186824], [10.511867323118508, 11.510025748789303], [10.505953325585551, 11.510653191391725], [10.500843684388599, 11.511703424173731], [10.498823405975429, 11.510014903864771], [10.49739732762464, 11.507627669681256], [10.486330759756811, 11.505100887695846], [10.484443783353981, 11.503260724602796], [10.48278002497824, 11.501688608042855], [10.48022496830771, 11.497321571233556], [10.46946995977089, 11.49085823092264], [10.445707325332819, 11.48135780901572], [10.432439574127102, 11.471704113853832], [10.429646837431676, 11.466521337989434], [10.425309182372928, 11.464250203584072], [10.423295719022292, 11.452710056324065], [10.41829312682637, 11.453128990210757], [10.415537596882643, 11.452767820678446], [10.40920352782058, 11.451799457678874], [10.393785611816554, 11.445425129566104], [10.381278278769571, 11.46310160205735], [10.381047368841053, 11.465283187369266], [10.381331063577761, 11.466153068309495], [10.37958623941347, 11.473121504753692], [10.374279534273114, 11.478434890957487], [10.370003968408469, 11.480907698331634], [10.366078860251264, 11.483243107283613], [10.36459415239824, 11.48638291663832], [10.361266936020343, 11.490599483379526], [10.356021908184573, 11.509493600149597], [10.35248867601166, 11.512414167379973], [10.349526880261351, 11.511695318584145], [10.344387056017865, 11.500981781384155], [10.345040675187079, 11.495391947180678], [10.337475027750372, 11.48429304418869], [10.31848266724137, 11.473761259074877], [10.316921658208003, 11.470620867858827], [10.315792689780835, 11.468349623736174], [10.31155683617908, 11.463502777031579], [10.306036562737233, 11.46422159255252], [10.310422614811898, 11.450202822002666], [10.31221256425846, 11.448953197831884], [10.313275239160987, 11.448951550273875], [10.318688646164162, 11.441802797061484], [10.316091375316773, 11.437908496979617], [10.31379397081514, 11.436083851688466], [10.318082284569812, 11.430897968666386], [10.31601658859472, 11.4236316353917], [10.317289315449614, 11.420085426001663], [10.323464129865727, 11.41528901957264], [10.318616403624162, 11.401722699742834], [10.33752480162832, 11.402149298551308], [10.337216383629254, 11.398714847012627], [10.334691492918125, 11.393014013086258], [10.339060848179656, 11.387458798284968], [10.336955189930109, 11.384779938243582], [10.338606582627733, 11.377456724648198], [10.333377215586097, 11.374025108671901], [10.32944050167788, 11.373238582294789], [10.325843101078306, 11.374402500175279], [10.325443344334928, 11.369264678722004], [10.323722562646196, 11.364309772178274], [10.32190349944699, 11.36251489444686], [10.320118077187544, 11.362328464087398], [10.314127523966135, 11.365111182335227], [10.308342973049832, 11.356482692722125], [10.305864033198645, 11.355183119305536], [10.298586810033328, 11.351663722302987], [10.30141257073359, 11.348535683275202], [10.30193825324784, 11.34748375077453], [10.2987620852021, 11.340670823299888], [10.3000482830019, 11.339850422159316], [10.301725419692389, 11.33549408998033], [10.301625617428328, 11.33380680983646], [10.29909765823038, 11.330028812779517], [10.299085760199716, 11.328052400597869], [10.296681892155675, 11.322773287557197], [10.302380268234856, 11.320765258809672], [10.30878383960254, 11.315419419670548], [10.306438778227061, 11.310534283430513], [10.312754755627509, 11.303683118581091], [10.311825410614233, 11.298058350212727], [10.311198558866465, 11.297273782559046], [10.316320939859509, 11.28824773504499], [10.31549554478363, 11.287191141358164], [10.31679125741067, 11.27332491561242], [10.319369060633676, 11.271969960145611], [10.320771155864179, 11.268089152592381], [10.33344555776631, 11.25999189970645], [10.333522438110094, 11.20568527225754], [10.358460426207728, 11.20812988318761], [10.365910797645256, 11.204780956276181], [10.379396997773256, 11.22345398911034], [10.409140262313315, 11.21036695307248], [10.449591097950872, 11.221074528666634], [10.476400798258283, 11.23872969711789], [10.504249627418403, 11.257996920121798], [10.507497280774942, 11.260648071151593], [10.512734919780769, 11.25650147616227], [10.515016644602497, 11.256921068352653], [10.525640928586029, 11.26643168407503], [10.532343496655074, 11.260697380080103], [10.53847563374353, 11.267690418378152], [10.555365036667183, 11.254115257313345], [10.562072955702376, 11.2550761766243], [10.564636922855755, 11.273429556229075], [10.570769059944212, 11.281611032423257], [10.55921782494272, 11.286505820187529], [10.563781276384873, 11.299511567404977], [10.572266441942816, 11.304475970789497], [10.568629942417942, 11.314963866289474], [10.578541187226051, 11.316711812000563], [10.579040313659618, 11.308601255443648], [10.586955049136236, 11.313915094006404], [10.587882000154252, 11.316222386553932], [10.587240264626587, 11.318459745121174], [10.585418160819529, 11.319431098366522], [10.582748117731512, 11.319788168788989], [10.580894215695537, 11.319858084782823], [10.579746355210148, 11.320932556991977], [10.579539441891768, 11.32160599991704], [10.579824657382062, 11.323353905158626], [10.587382933075958, 11.326504083696534], [10.595155000103205, 11.335099545707521], [10.592723672159764, 11.341633938755308], [10.585707366601753, 11.346387880995962], [10.596830777918115, 11.34862500304149], [10.597021570888842, 11.362629259432822], [10.604588644650278, 11.369093853398681], [10.604075255868395, 11.371330798277768], [10.602820307711056, 11.372393339181315], [10.599739977717832, 11.372281493196397], [10.591925068786963, 11.367024663557402], [10.59819981317088, 11.379942867169632], [10.5875897906364, 11.383633674054863], [10.587875006126694, 11.385423138766896], [10.589586299967834, 11.387100752098092], [10.592609585963658, 11.38765995504292], [10.594720182390574, 11.38782771457744], [10.596602606425222, 11.388778356436035], [10.596716691722008, 11.39051186892766], [10.59780051058516, 11.393140078252031], [10.605786550608855, 11.391294742258594], [10.605957679903042, 11.393251917042392], [10.605501334219241, 11.39453805188964], [10.603447781789725, 11.396047856223618], [10.601166056068678, 11.395991937278154], [10.599854063913995, 11.39694255125778], [10.60572950841015, 11.40270208213542], [10.601565358654454, 11.406895841170183], [10.60385290388848, 11.406872131443777], [10.617144809985064, 11.413247730298565], [10.634990767809711, 11.413723621847737], [10.643301286824965, 11.412449936315568], [10.652234854355072, 11.41108075267465], [10.668166082698633, 11.415700252564648], [10.679814196268183, 11.415361366433956], [10.68832478835833, 11.418152914225686], [10.694828673704365, 11.423891034044061], [10.699439387217978, 11.425150108290893], [10.717995981229592, 11.427899682024758], [10.721721066673922, 11.444843119814152], [10.703376243219111, 11.467429045314248], [10.707994286207395, 11.482786975638476], [10.707671628343007, 11.493158035714828], [10.703641375049472, 11.496631793022857], [10.694918203912039, 11.507907159188107], [10.67569608730463, 11.52377697013111], [10.66357442132255, 11.53239371369898], [10.656138482205222, 11.539240953906926], [10.648973610443818, 11.539022245080616], [10.643503447226351, 11.55449438031144], [10.64138536844007, 11.555776103984044], [10.638471815022285, 11.56540959587619], [10.634687574871748, 11.56636885773662], [10.628095134183127, 11.568039968969458], [10.6221122009174, 11.563492505674674], [10.620195427277224, 11.559829762133859]]]}}, {"type": "Feature", "properties": {"name": "Toro", "state": "ba"}, "geometry": {"type": "Polygon", "coordinates": [[[8.818318428852479, 10.380446247596296], [8.823150032048375, 10.374218050322838], [8.870192528662301, 10.357634543699305], [8.887109755710696, 10.357919692639769], [8.892881393261746, 10.358066559124438], [8.898693084818035, 10.358214377991203], [8.929770470231063, 10.352089882442158], [8.93571567513834, 10.348500251985115], [8.954892159245787, 10.308810233805275], [8.954770015124154, 10.307535103062605], [8.953592299844786, 10.295240402122886], [8.9538602834254, 10.28946018324092], [8.935611725201, 10.267410278861348], [8.93579006166209, 10.26356029467189], [8.936057091961288, 10.257780074890604], [8.936413764883412, 10.250069617718736], [8.9346685423194, 10.246129990007091], [8.931246757731742, 10.245111464622426], [8.930326461696893, 10.21504974385067], [8.973875998678466, 10.189959525711572], [8.97591509990201, 10.184661064656439], [8.976065635620614, 10.184269905431847], [8.978166579623974, 10.180500031950942], [8.976689339741313, 10.170780181760051], [8.97682123880918, 10.167928123084437], [8.977134704702905, 10.161149978688627], [8.973557472299547, 10.155200004676544], [8.972361430635544, 10.152501562796942], [8.971811295554915, 10.15126037606558], [8.971989632015948, 10.147399902183793], [8.972167969376358, 10.143549918893711], [8.974357605419186, 10.13786029861393], [8.968270303132044, 10.102840423846544], [8.952092870989247, 10.093011841123598], [8.939288252650783, 10.033062948995962], [8.938685901133454, 10.026567162944275], [8.943762477856126, 10.026349085442007], [8.945877828099356, 10.02267448164207], [8.947185043055356, 10.01961531809252], [8.949522883774137, 10.019853669011638], [8.949918383126942, 10.013218623840487], [8.951510272181338, 10.011085547959738], [8.962086607910692, 10.005209730244928], [8.977460860930023, 9.987416266747346], [8.999905870759392, 9.988635565778793], [9.002775390671786, 9.988791448866323], [9.000461635596082, 10.005976589348165], [9.005833198043717, 10.012109022313552], [9.003551473221933, 10.03097371866221], [9.007193460409894, 10.032775238786314], [9.030884641912735, 10.018007282610029], [9.047448159305134, 10.01562023188825], [9.085548400938023, 10.025030136131932], [9.108930276810895, 10.04404423865077], [9.118558018437852, 10.056022587772247], [9.124002523098, 10.058030656989274], [9.128041438661512, 10.058643695150465], [9.155327070987596, 10.04602942192031], [9.159576311897297, 10.04616813515139], [9.164602576947402, 10.046448893601621], [9.162979448143062, 10.0419021479658], [9.183000586308083, 10.038271278196987], [9.210796991288191, 10.048386398413584], [9.229707321036074, 10.048247259803247], [9.243869502875327, 10.038906159991313], [9.244524272277374, 10.038124409014301], [9.254759193881739, 10.03009989509411], [9.251268387226332, 10.02466964828568], [9.21428964605036, 10.017503611902214], [9.232135603875065, 9.861648915964736], [9.245718358815282, 9.847927357861352], [9.272069625213078, 9.846144618279538], [9.287657945657713, 9.849850874618198], [9.287957863264808, 9.853011790162043], [9.281955071169648, 9.866120210279519], [9.298654290862885, 9.878474861825453], [9.29416719635907, 9.89065704408739], [9.29415575968062, 9.895669806716228], [9.296336995156253, 9.898006023259427], [9.311162393729546, 9.898873314152183], [9.31990105478991, 9.901331263826819], [9.323086975083868, 9.901847891067348], [9.331066056153645, 9.906223393195091], [9.337744044851831, 9.90336570386421], [9.34900496700567, 9.902075885393856], [9.355009114379186, 9.906223841956773], [9.369451137360159, 9.91130214897504], [9.370945861862083, 9.914249678779697], [9.374356211569932, 9.942426435831408], [9.371759392182241, 9.944649397152034], [9.37177889937675, 9.947944110232527], [9.368747643588904, 9.961863834848145], [9.361264011624883, 9.971764413696803], [9.35924465681552, 9.978964804182397], [9.358769296765672, 9.979971362288609], [9.358484081275378, 9.981352450255429], [9.361193244872425, 9.996047205214381], [9.358405749425856, 10.00277451992821], [9.362826591773853, 10.013166920916717], [9.362327465340286, 10.014185079377967], [9.362220508969358, 10.01488725294439], [9.361935292579744, 10.015694753310243], [9.355166932807776, 10.013999554635802], [9.353453369077783, 10.020306977684925], [9.34643159833962, 10.021995536664747], [9.346371322178811, 10.025378848255286], [9.346442625826569, 10.027625725247049], [9.359368352267666, 10.027280392775936], [9.369604880960537, 10.0767048409557], [9.372459467630392, 10.076733770347289], [9.378020373341599, 10.076790126363278], [9.37846370583543, 10.077110072771688], [9.384578057031774, 10.087984754992476], [9.38512637278393, 10.090371668118053], [9.381177053977922, 10.094283027439815], [9.384815797311262, 10.102568405907277], [9.389471791689857, 10.116806269293932], [9.394963141136088, 10.122878550204973], [9.39887600772164, 10.129614109003967], [9.41355581864616, 10.140364996847154], [9.421893872204464, 10.14669384804273], [9.42491078740295, 10.149691513252776], [9.43439420762661, 10.146954165802185], [9.437503869907744, 10.147739053614487], [9.439770792787897, 10.149308060318788], [9.44074025655766, 10.148147371903747], [9.440312432872531, 10.145269634885778], [9.45414539269575, 10.130950750676675], [9.465054893068896, 10.132494974763347], [9.471757461137997, 10.125826681656065], [9.487230412053918, 10.119298638721261], [9.50400466218548, 10.118072234146325], [9.518265444794508, 10.113158547129274], [9.523907526910875, 10.151263819569692], [9.533348468557051, 10.150772661129452], [9.537030504354334, 10.152920871700928], [9.549753674692397, 10.160913734881035], [9.572189899044645, 10.158223180955076], [9.581543368131975, 10.17499506317165], [9.601360614700639, 10.188827605709491], [9.601825024605262, 10.202769094817938], [9.600398947153735, 10.205786664722837], [9.598112358798346, 10.210142555334698], [9.597453680942692, 10.213061521771863], [9.59881488759703, 10.214716997391577], [9.600826769939545, 10.216172503358393], [9.603607623892799, 10.214628683966623], [9.616086580631247, 10.20111972289692], [9.615715556327928, 10.199206912569025], [9.624534629369691, 10.186916878211434], [9.62200202877068, 10.177372307685914], [9.653350584961572, 10.204290253092779], [9.640638764967093, 10.20570381108206], [9.630762722321833, 10.206802028091147], [9.629483353973683, 10.21033067731895], [9.617622647866938, 10.215817287337984], [9.608955909187898, 10.231746824056756], [9.60648829180127, 10.231183403291482], [9.60570779987512, 10.233071567698744], [9.606713109722307, 10.234970677754632], [9.609775364241727, 10.236426510175363], [9.613177274711518, 10.239745326885384], [9.634672214651061, 10.239296984268435], [9.649989599040794, 10.243037917565914], [9.64958189588782, 10.244183731194312], [9.647827788022028, 10.249471227715048], [9.653010947896973, 10.275078731398366], [9.659890330774203, 10.291079898218754], [9.688696311985268, 10.319559835617952], [9.696159454695135, 10.332934913715349], [9.69514931728719, 10.343749137212967], [9.689623263003227, 10.350646663013151], [9.691058010818608, 10.35914843814993], [9.68024358407422, 10.372299722654134], [9.677747947409898, 10.392639289171882], [9.691058010818608, 10.407483997988152], [9.690166713423139, 10.417769681825405], [9.694207269350045, 10.432730070436435], [9.692312383409842, 10.434587260393812], [9.689453674247716, 10.43588568627547], [9.68713629670276, 10.436995986575596], [9.683492887686668, 10.447010469057943], [9.641685990416192, 10.46255519666505], [9.643765687936195, 10.485275066291308], [9.632927492110127, 10.500091979761123], [9.632261989299423, 10.502615927083411], [9.631453878293883, 10.50799092943788], [9.630923059751467, 10.511870219834805], [9.629794081431783, 10.514499229555838], [9.627952063936675, 10.516836108899383], [9.626095459437977, 10.519194297678723], [9.628724522218988, 10.535179996159968], [9.623792667997293, 10.547389174271018], [9.626585405592039, 10.549375309922652], [9.62694192383077, 10.551536680273614], [9.62557526638551, 10.551828754893165], [9.622604268772022, 10.553055469734204], [9.615769646951719, 10.565159659190954], [9.620487915784736, 10.567709735416031], [9.627325194202399, 10.57141345027054], [9.635426499433436, 10.57580188105203], [9.637103487735828, 10.586601474378597], [9.661176001571278, 10.61218652828569], [9.647206869101751, 10.626574597339868], [9.638721228701797, 10.636917229846347], [9.622743789594267, 10.647767765270203], [9.605071570896314, 10.661574981999877], [9.60292844329308, 10.683882772372101], [9.597816784916745, 10.687451665362119], [9.595133835658032, 10.689035137661506], [9.572796623065756, 10.697085159952223], [9.572246817136943, 10.696784690161394], [9.571330471823842, 10.69628390897526], [9.563676162025331, 10.692100839282375], [9.446910559974413, 10.758922058206451], [9.44551969277967, 10.758942908088784], [9.417666802281133, 10.78743294757254], [9.411450592071219, 10.783311379816382], [9.403321945651328, 10.78401182758381], [9.3907724550848, 10.763698191218623], [9.355358175439505, 10.745447440447094], [9.3376034997018, 10.74628808262895], [9.329118334143857, 10.741174139075326], [9.319777521215656, 10.74404636504778], [9.306800206964056, 10.741034030096444], [9.280560364769087, 10.724220448115261], [9.249127909925164, 10.713156697823422], [9.241141870800732, 10.70664094592297], [9.228276345876736, 10.702171557271583], [9.225329118244247, 10.696986802898664], [9.20771873782951, 10.701152038136115], [9.192531731754059, 10.695396817709025], [9.191248261598048, 10.695501916080616], [9.18647089921268, 10.6964477951297], [9.15447739061915, 10.709544054614469], [9.136346526670934, 10.715162409018035], [9.068579282108203, 10.722856651413395], [9.052315142729697, 10.728183319704499], [9.036897192551464, 10.736857941840583], [9.035246042670792, 10.737786928024377], [9.043345356802831, 10.775285169774804], [9.023625993344979, 10.790415612990216], [9.020313720102138, 10.808907051119547], [9.020954055385403, 10.812519783361381], [8.95713150081815, 10.806506732699631], [8.906542819995195, 10.83530172419529], [8.794652086624524, 10.854351751032539], [8.766169519607672, 10.851136632449652], [8.766309738303846, 10.850179672853642], [8.767881392612253, 10.838580131667811], [8.769371033246614, 10.829299926750252], [8.785644530970387, 10.797200203726447], [8.821589469978107, 10.76924038023941], [8.828980445691059, 10.75782012879597], [8.83798408479771, 10.733639716999392], [8.846459389289407, 10.7245903024006], [8.851278304849927, 10.720089912319622], [8.85521888674225, 10.707400322666786], [8.854828572880365, 10.702256292294123], [8.854420661984022, 10.696880341154895], [8.852458953717814, 10.686329842048622], [8.848175265176394, 10.67994038374178], [8.824746568799185, 10.675278695755253], [8.821880200111195, 10.672254869266851], [8.78190525422417, 10.601013806242236], [8.783176767893565, 10.596968705141705], [8.793080213780911, 10.565462608412702], [8.790980088160609, 10.56016162116191], [8.788272440820549, 10.55332717021281], [8.784286065449635, 10.543265046144995], [8.78286224079983, 10.533326307263337], [8.78190926789847, 10.526674243321736], [8.782135231555742, 10.525884325601169], [8.775268779130897, 10.519114706778339], [8.774613962964054, 10.517221669844218], [8.773663243763735, 10.513786455680417], [8.776749334813985, 10.47946860429272], [8.752846086877469, 10.454557980766253], [8.74939778937653, 10.445197549127613], [8.749219530257164, 10.44069800081212], [8.755220941893015, 10.439120222120607], [8.767283187868884, 10.427724911575467], [8.782257012351295, 10.424160140178401], [8.793086244634537, 10.41071784944927], [8.793693128734958, 10.402411633690008], [8.798327882925491, 10.401710313580168], [8.795547030770877, 10.39939594516676], [8.807597393105254, 10.392066999292638], [8.805315667384207, 10.388069320342936], [8.810306941612112, 10.381231065261488], [8.818318428852479, 10.380446247596296]]]}}, {"type": "Feature", "properties": {"name": "Darazo", "state": "ba"}, "geometry": {"type": "Polygon", "coordinates": [[[10.717995981229592, 11.427899682024758], [10.699439387217978, 11.425150108290893], [10.694828673704365, 11.423891034044061], [10.68832478835833, 11.418152914225686], [10.679814196268183, 11.415361366433956], [10.668166082698633, 11.415700252564648], [10.652234854355072, 11.41108075267465], [10.643301286824965, 11.412449936315568], [10.634990767809711, 11.413723621847737], [10.617144809985064, 11.413247730298565], [10.60385290388848, 11.406872131443777], [10.601565358654454, 11.406895841170183], [10.60572950841015, 11.40270208213542], [10.599854063913995, 11.39694255125778], [10.601166056068678, 11.395991937278154], [10.603447781789725, 11.396047856223618], [10.605501334219241, 11.39453805188964], [10.605957679903042, 11.393251917042392], [10.605786550608855, 11.391294742258594], [10.59780051058516, 11.393140078252031], [10.596716691722008, 11.39051186892766], [10.596602606425222, 11.388778356436035], [10.594720182390574, 11.38782771457744], [10.592609585963658, 11.38765995504292], [10.589586299967834, 11.387100752098092], [10.587875006126694, 11.385423138766896], [10.5875897906364, 11.383633674054863], [10.59819981317088, 11.379942867169632], [10.591925068786963, 11.367024663557402], [10.599739977717832, 11.372281493196397], [10.602820307711056, 11.372393339181315], [10.604075255868395, 11.371330798277768], [10.604588644650278, 11.369093853398681], [10.597021570888842, 11.362629259432822], [10.596830777918115, 11.34862500304149], [10.585707366601753, 11.346387880995962], [10.592723672159764, 11.341633938755308], [10.595155000103205, 11.335099545707521], [10.587382933075958, 11.326504083696534], [10.579824657382062, 11.323353905158626], [10.579539441891768, 11.32160599991704], [10.579746355210148, 11.320932556991977], [10.580894215695537, 11.319858084782823], [10.582748117731512, 11.319788168788989], [10.585418160819529, 11.319431098366522], [10.587240264626587, 11.318459745121174], [10.587882000154252, 11.316222386553932], [10.586955049136236, 11.313915094006404], [10.579040313659618, 11.308601255443648], [10.578541187226051, 11.316711812000563], [10.568629942417942, 11.314963866289474], [10.572266441942816, 11.304475970789497], [10.563781276384873, 11.299511567404977], [10.55921782494272, 11.286505820187529], [10.570769059944212, 11.281611032423257], [10.564636922855755, 11.273429556229075], [10.562072955702376, 11.2550761766243], [10.555365036667183, 11.254115257313345], [10.53847563374353, 11.267690418378152], [10.532343496655074, 11.260697380080103], [10.525640928586029, 11.26643168407503], [10.515016644602497, 11.256921068352653], [10.512734919780769, 11.25650147616227], [10.507497280774942, 11.260648071151593], [10.504249627418403, 11.257996920121798], [10.476400798258283, 11.23872969711789], [10.449591097950872, 11.221074528666634], [10.409140262313315, 11.21036695307248], [10.379396997773256, 11.22345398911034], [10.365910797645256, 11.204780956276181], [10.364620209355223, 11.179420471177878], [10.34644413019248, 11.162845612435092], [10.33572006193134, 11.143380165362373], [10.335760116835957, 11.139929770642425], [10.336463848927508, 11.137521825072213], [10.338478381572088, 11.130628676272465], [10.334010002859372, 11.118081768558795], [10.33234624538295, 11.117428754633352], [10.331157846157737, 11.118734780685656], [10.33187088623248, 11.121766603945673], [10.33106277522694, 11.124425254422022], [10.32985815492998, 11.125753140295217], [10.325844325055584, 11.124834179753634], [10.313522011331827, 11.130535393193895], [10.302398599116088, 11.119994157104713], [10.291655476019457, 11.12232632220207], [10.285689715308138, 11.106835734681454], [10.285238123440706, 11.104134942873372], [10.285074938757475, 11.09996929934374], [10.298733975092944, 11.091355018119657], [10.315490823342884, 11.08537558411598], [10.318185106757312, 11.083151921324145], [10.328279085711301, 11.081944524820017], [10.335250542078882, 11.084008218904216], [10.33293516192822, 11.070978314997262], [10.322329139578187, 11.040643059129934], [10.323533322804678, 11.01901291601331], [10.324286291878934, 10.989004435106665], [10.324286291878934, 10.959732139226901], [10.298926297810453, 10.950616895153644], [10.27883701981267, 10.951952091615794], [10.262009415602108, 10.940910075239856], [10.258920860409432, 10.930191152000134], [10.281285398902071, 10.899972645221453], [10.319091328402124, 10.879799428101194], [10.351376003299947, 10.86777771906651], [10.364625475785147, 10.866704058045912], [10.375279022808684, 10.882712671252818], [10.422227296552535, 10.910554867013559], [10.434231736805259, 10.913070366104535], [10.435010530811383, 10.918345475363424], [10.44691103281798, 10.918807629768366], [10.457618605714117, 10.909587218975048], [10.4611877981784, 10.896202751056137], [10.476654294660023, 10.897987345939327], [10.472192805653492, 10.878654226011747], [10.465400609350695, 10.884012293232786], [10.45614228943515, 10.869400828985135], [10.419404984752305, 10.843716133792611], [10.422213080069639, 10.832289553819919], [10.444623278941208, 10.836893679799516], [10.470919772129832, 10.849431026820469], [10.481710649227125, 10.849505827931637], [10.512118144037174, 10.851222381008142], [10.513006713788855, 10.84866327379109], [10.516359507785126, 10.840423920827334], [10.489358627798481, 10.807221476989639], [10.459408133378702, 10.811833898315797], [10.452224830911291, 10.809114843974896], [10.449839673262375, 10.801597775217203], [10.44067264892368, 10.772706958259562], [10.501936066596272, 10.774850238747547], [10.513954410367774, 10.761076410248165], [10.514493461304255, 10.748698004009725], [10.52667682707397, 10.736966696855632], [10.568740360279435, 10.810789363638264], [10.576499599377087, 10.807126515776133], [10.586874048998197, 10.818167214645314], [10.595535287423616, 10.826923631920124], [10.609812052784036, 10.848795637808507], [10.619954821757688, 10.851306017059073], [10.624713744443795, 10.858741832069938], [10.636462332071005, 10.867516094592133], [10.64265986965728, 10.875992687812357], [10.652005119840453, 10.881438007258282], [10.646659357143676, 10.893216985675394], [10.663499452937458, 10.913358009764409], [10.677222530895108, 10.930871482832742], [10.67460112674064, 10.93861463935417], [10.662703821823982, 10.94634788624603], [10.657112088252347, 10.95170167359339], [10.641088659614013, 10.960816241376506], [10.642670943908968, 10.977034646631694], [10.659695163301194, 10.984883836819677], [10.664739619837633, 10.994401682191949], [10.662455337344, 11.01069623124613], [10.664671416152999, 11.028261013335168], [10.669450651826196, 11.039820317054023], [10.679012263605102, 11.045775497241436], [10.68987190196674, 11.047219002654913], [10.707912077380513, 11.08479832907966], [10.738369176995946, 11.100978664233992], [10.766922708616164, 11.068142103275477], [10.772404477584644, 11.060340694967124], [10.786754018782972, 11.063819371566808], [10.787106314704715, 11.064079227974048], [10.789043570404488, 11.072835620067849], [10.799132485276004, 11.084257034334712], [10.820452454916904, 11.084066675736551], [10.853384195624187, 11.085018460633478], [10.86423453769379, 11.088444884823616], [10.88212808494319, 11.085970244631142], [10.910300902964366, 11.088254528024095], [10.92191267313143, 11.092061664913956], [10.929565693302152, 11.090735142412939], [10.92926723619405, 11.094479967076893], [10.937380604031716, 11.09615282479308], [10.95890470089131, 11.112800369441572], [10.989333106737547, 11.136334838681933], [11.008531705174107, 11.149093151827572], [10.98171599739544, 11.178820010934828], [10.966339478983798, 11.195904191725106], [10.94557995784885, 11.2189703273188], [10.926039709664906, 11.251214390631674], [10.94783633527868, 11.265765915065003], [10.944268966639527, 11.275769635360405], [10.920633299387305, 11.26786824672223], [10.918991766856607, 11.268127481697945], [10.91794404408239, 11.268766671244919], [10.917039944837654, 11.270896318910047], [10.928039807291327, 11.284420247396554], [10.93178694141426, 11.30668372457427], [10.933095644748278, 11.314892864813885], [10.910279247289452, 11.330908497229416], [10.920724377328213, 11.386447068177688], [10.920724377328213, 11.39395179823697], [10.920724377328213, 11.42592054939388], [10.929817202202173, 11.443285942792102], [10.934409244890787, 11.467793931744609], [10.924440950689359, 11.46051432177859], [10.880061757644057, 11.445250593640026], [10.875654212671805, 11.452247097025975], [10.869032667223848, 11.46149103588266], [10.856428167825754, 11.479087415651748], [10.83540044367561, 11.479453121364486], [10.824964454346116, 11.476345571590912], [10.793726930253683, 11.464592445085316], [10.789346402714386, 11.45322267528627], [10.770072769342903, 11.433235202342757], [10.751184363267782, 11.425602156114678], [10.749371457726625, 11.426810657885596], [10.730097824355141, 11.431807525896659], [10.724287072590357, 11.430074975679645], [10.717995981229592, 11.427899682024758]]]}}, {"type": "Feature", "properties": {"name": "Jama'Are", "state": "ba"}, "geometry": {"type": "Polygon", "coordinates": [[[10.074787495346698, 11.683852590924403], [10.074393203783359, 11.688535035263726], [10.073643600871549, 11.69376916331629], [10.07389347030744, 11.699737945749632], [10.06543311884343, 11.720246291633089], [10.043483755970612, 11.71407753684889], [10.039168461655208, 11.717193017743625], [10.026547668340243, 11.707488133170841], [10.007010395113696, 11.70176279002078], [10.001597897325155, 11.700973516214844], [9.982753186610296, 11.706980455983285], [9.98003220142499, 11.741568393566581], [9.97789907967882, 11.743716831666518], [9.974645559145301, 11.747361262312438], [9.960735165895244, 11.75034411478913], [9.96070558809248, 11.750344999722017], [9.9536952171606, 11.751452004906128], [9.946396955255352, 11.765428785210304], [9.947996776330228, 11.768200511044824], [9.947233974968015, 11.768357312340129], [9.939761402866509, 11.769597007995571], [9.935347850423, 11.770024266906432], [9.930987971317847, 11.760523995186304], [9.930818054309782, 11.754150405416908], [9.911544400253945, 11.738247084835166], [9.907037883091903, 11.737295323320552], [9.902809239354951, 11.740758272576272], [9.88819782187204, 11.736895292283975], [9.88664165029195, 11.738793857350686], [9.8639135581642, 11.729852412658772], [9.861590689358877, 11.730909955130358], [9.846041829366982, 11.726238210025429], [9.841722988125468, 11.728265486962698], [9.83453817119971, 11.72614685958996], [9.832254126127054, 11.721391895719478], [9.820462416007729, 11.712194429329486], [9.827018236302592, 11.702799523079591], [9.827024039627759, 11.702719101205616], [9.827777643623392, 11.692276464986946], [9.830646119422909, 11.68459840858975], [9.827824400275915, 11.682429614335263], [9.82079075129218, 11.67157821106565], [9.828206061760397, 11.634650231223247], [9.827071190183347, 11.631179810399999], [9.825916387831057, 11.626764527660896], [9.812547526746982, 11.627606937010569], [9.810972899279932, 11.626268322225314], [9.81067579924877, 11.624813298295123], [9.810854059267456, 11.622456142836768], [9.81150767843667, 11.620826493048241], [9.813597562577513, 11.619209756625025], [9.81865122097713, 11.61962632079809], [9.822817782714537, 11.613430273388474], [9.817196839162818, 11.604136692854127], [9.834908586661982, 11.598879487298575], [9.829466521862571, 11.588061135013447], [9.819567964689895, 11.579875789036464], [9.847984802956319, 11.57460292088814], [9.848877100397942, 11.565679941975816], [9.84783608566687, 11.557649262303642], [9.852595008352978, 11.55512108457043], [9.85764491298238, 11.552815841577853], [9.867138509934307, 11.556244800057527], [9.869440537850608, 11.563307293896571], [9.88228540984386, 11.562410936015908], [9.885188759553671, 11.561219426035734], [9.904334762939015, 11.552858675387597], [9.903750912274859, 11.540743964762214], [9.909246591057354, 11.537498312397247], [9.910223250302806, 11.534699956737654], [9.919635046720089, 11.532216755898617], [9.925057932577602, 11.5428934208947], [9.925922081239094, 11.547592096198343], [9.922785101151533, 11.549386955043985], [9.923929236644994, 11.562889006622413], [9.922982076061999, 11.563840579279372], [9.920594340956143, 11.566965367257922], [9.914756828065208, 11.571904784778042], [9.913874957363419, 11.57200556280651], [9.907977066688318, 11.568939491564322], [9.903858908262066, 11.570680409972965], [9.895562603931069, 11.58581245038431], [9.895518161234179, 11.58603883942095], [9.896241523727383, 11.587823019716609], [9.898883375767241, 11.591951422320335], [9.898849617016253, 11.59535293978638], [9.902343044296117, 11.598898567315075], [9.903787979631602, 11.599429455105337], [9.912428129854334, 11.610356830403475], [9.913292910739301, 11.609363414989673], [9.919857980561403, 11.600305137572093], [9.927220367725852, 11.604936594848027], [9.937764445672656, 11.612079856799994], [9.938047305838552, 11.615227265426029], [9.938654273575935, 11.620102584666597], [9.936083791733665, 11.62662699613901], [9.939772432152097, 11.631132862191862], [9.942250675028674, 11.634101261663943], [9.948354576102872, 11.642032346815427], [9.94739520812243, 11.646826011211488], [9.964065300573225, 11.661559350683547], [9.964219640424119, 11.661568953644348], [9.970870878788048, 11.659228554354343], [9.975057305650182, 11.655628695008318], [9.984438562889409, 11.658621375276311], [9.997875331781188, 11.669996154299156], [10.002297243423072, 11.668180400605081], [10.007965867231064, 11.649894169780168], [10.025192893637154, 11.65464291214073], [10.029242956297423, 11.648720939419889], [10.04133610118015, 11.653357966197234], [10.043353531440346, 11.649890678611996], [10.051147520341829, 11.643916225953092], [10.053372202065532, 11.642296012750819], [10.05502645280859, 11.642296012750819], [10.056851832845837, 11.641904926371296], [10.060673723113894, 11.64251949158131], [10.063354751420718, 11.643804487886882], [10.06740481318161, 11.646430331094962], [10.072196437016032, 11.649112015906837], [10.07145487584188, 11.665760237744848], [10.069403503369017, 11.670276264338156], [10.066499026808685, 11.676770812023392], [10.064846432616832, 11.679144407088756], [10.068887934630538, 11.682295737658194], [10.074787495346698, 11.683852590924403]]]}}]}