{"type": "FeatureCollection", "features": [{"type": "Feature", "geometry": {"type": "Polygon", "coordinates": [[[8.52648, 7.7251], [8.52646, 7.72931], [8.51552, 7.73826], [8.5151, 7.74082], [8.51533, 7.74093], [8.51955, 7.74036], [8.52049, 7.74645], [8.52797, 7.74703], [8.5305, 7.74666], [8.53279, 7.74555], [8.53858, 7.73995], [8.53642, 7.73369], [8.53623, 7.73341], [8.53579, 7.73308], [8.53435, 7.73278], [8.53432, 7.73151], [8.53553, 7.72684], [8.52648, 7.7251]]]}, "properties": {"name": "Central / South Mission", "lga": "Makurdi", "state": "be"}}, {"type": "Feature", "geometry": {"type": "Polygon", "coordinates": [[[8.54237, 7.71541], [8.54158, 7.71303], [8.54121, 7.71182], [8.54053, 7.7096], [8.54223, 7.7095], [8.54227, 7.70948], [8.54431, 7.70851], [8.5432, 7.7022], [8.54578, 7.70189], [8.54538, 7.69867], [8.54924, 7.69856], [8.55046, 7.69841], [8.55331, 7.69805], [8.55328, 7.69631], [8.55523, 7.69608], [8.55595, 7.69394], [8.55874, 7.6933], [8.56644, 7.6968], [8.56966, 7.69157], [8.57102, 7.69185], [8.5719, 7.69204], [8.57276, 7.6887], [8.57023, 7.68705], [8.57056, 7.68629], [8.56997, 7.68598], [8.57085, 7.68431], [8.56508, 7.67969], [8.56515, 7.67881], [8.56538, 7.67565], [8.54139, 7.67183], [8.54002, 7.67322], [8.5394, 7.674], [8.53545, 7.68584], [8.53422, 7.70267], [8.53142, 7.71198], [8.53451, 7.71303], [8.54237, 7.71541]]]}, "properties": {"name": "Wailomayo", "lga": "Makurdi", "state": "be"}}, {"type": "Feature", "geometry": {"type": "Polygon", "coordinates": [[[8.51726, 7.74642], [8.52049, 7.74645], [8.51955, 7.74036], [8.51533, 7.74093], [8.5151, 7.74082], [8.51552, 7.73826], [8.51248, 7.7378], [8.51255, 7.737], [8.51129, 7.733], [8.50764, 7.72247], [8.49903, 7.72527], [8.49948, 7.72762], [8.49668, 7.72889], [8.4946, 7.72984], [8.49345, 7.73036], [8.50076, 7.73823], [8.50028, 7.73976], [8.50175, 7.73997], [8.50155, 7.74136], [8.50144, 7.74286], [8.50021, 7.74275], [8.4992, 7.74276], [8.49916, 7.74356], [8.50271, 7.74554], [8.50862, 7.74708], [8.51309, 7.74703], [8.51726, 7.74642]]]}, "properties": {"name": "Ankpa / Wadata", "lga": "Makurdi", "state": "be"}}, {"type": "Feature", "geometry": {"type": "Polygon", "coordinates": [[[8.51552, 7.73826], [8.52646, 7.72931], [8.52648, 7.7251], [8.53553, 7.72684], [8.53432, 7.73151], [8.53435, 7.73278], [8.53579, 7.73308], [8.53623, 7.73341], [8.53642, 7.73369], [8.53858, 7.73995], [8.54841, 7.73363], [8.54237, 7.71541], [8.53451, 7.71303], [8.53142, 7.71198], [8.53104, 7.7134], [8.53016, 7.71567], [8.52927, 7.71814], [8.52676, 7.71761], [8.52354, 7.71757], [8.52247, 7.71735], [8.51931, 7.71575], [8.51633, 7.71759], [8.515, 7.71557], [8.51172, 7.71658], [8.50612, 7.71833], [8.51248, 7.7378], [8.51552, 7.73826]]]}, "properties": {"name": "Clerk / Market", "lga": "Makurdi", "state": "be"}}, {"type": "Feature", "geometry": {"type": "Polygon", "coordinates": [[[9.31445, 7.0275], [9.31225, 7.02844], [9.30857, 7.02943], [9.308, 7.02961], [9.30754, 7.02936], [9.30375, 7.0257], [9.29853, 7.02241], [9.29265, 7.01883], [9.29151, 7.01834], [9.28149, 7.01708], [9.27947, 7.01645], [9.27398, 7.01618], [9.26772, 7.01661], [9.26486, 7.01592], [9.25752, 7.01415], [9.25691, 7.01572], [9.25859, 7.04204], [9.26107, 7.05034], [9.26119, 7.05353], [9.26049, 7.05746], [9.27242, 7.05143], [9.27449, 7.04967], [9.2808, 7.05273], [9.28442, 7.0605], [9.29163, 7.05825], [9.29671, 7.06296], [9.3029, 7.06793], [9.30526, 7.07318], [9.30764, 7.07719], [9.30392, 7.08762], [9.30524, 7.08925], [9.30699, 7.08916], [9.30807, 7.08952], [9.30958, 7.09131], [9.30884, 7.09354], [9.30887, 7.09544], [9.31174, 7.09744], [9.31342, 7.09806], [9.31535, 7.09573], [9.32439, 7.09429], [9.33343, 7.09201], [9.34503, 7.08859], [9.35436, 7.08355], [9.35317, 7.07992], [9.35167, 7.07403], [9.35302, 7.07278], [9.35558, 7.07144], [9.35688, 7.06814], [9.35655, 7.06686], [9.35539, 7.06636], [9.35459, 7.06466], [9.35465, 7.06286], [9.35514, 7.06085], [9.3529, 7.0571], [9.35223, 7.05515], [9.35058, 7.05518], [9.34868, 7.05473], [9.34668, 7.05339], [9.34344, 7.05066], [9.34017, 7.04939], [9.33669, 7.04545], [9.3336, 7.04257], [9.33186, 7.04041], [9.33203, 7.03681], [9.32795, 7.03202], [9.31445, 7.0275]]]}, "properties": {"name": "Utange", "lga": "Ushongo", "state": "be"}}, {"type": "Feature", "geometry": {"type": "Polygon", "coordinates": [[[8.90033, 7.13863], [8.89785, 7.13981], [8.89668, 7.14164], [8.89472, 7.14199], [8.89282, 7.1429], [8.89091, 7.1423], [8.88941, 7.14281], [8.887, 7.14276], [8.87327, 7.13832], [8.86391, 7.13849], [8.86188, 7.13753], [8.86097, 7.13599], [8.85967, 7.13549], [8.85785, 7.13649], [8.85448, 7.13581], [8.85274, 7.13573], [8.85268, 7.13764], [8.85663, 7.13989], [8.85727, 7.14028], [8.85769, 7.14147], [8.8585, 7.14234], [8.85971, 7.14354], [8.85933, 7.14434], [8.85772, 7.14711], [8.85758, 7.15035], [8.85748, 7.15376], [8.85739, 7.15518], [8.87297, 7.16581], [8.89969, 7.17521], [8.91731, 7.17716], [8.92876, 7.18092], [8.93053, 7.18237], [8.93338, 7.18509], [8.94188, 7.18854], [8.94855, 7.19188], [8.95469, 7.19409], [8.95595, 7.18963], [8.96298, 7.17716], [8.96853, 7.17492], [8.96671, 7.17318], [8.96444, 7.17063], [8.96122, 7.16884], [8.95878, 7.16755], [8.95724, 7.16683], [8.95643, 7.16511], [8.95431, 7.16419], [8.95313, 7.16447], [8.95204, 7.16458], [8.94065, 7.15702], [8.9403, 7.15494], [8.93915, 7.15314], [8.93725, 7.15166], [8.93449, 7.14809], [8.93194, 7.14661], [8.93129, 7.1434], [8.92997, 7.14119], [8.92913, 7.13849], [8.92749, 7.13751], [8.92663, 7.13696], [8.92491, 7.13655], [8.92251, 7.13659], [8.92077, 7.13578], [8.9183, 7.13433], [8.91614, 7.13543], [8.91295, 7.13463], [8.91281, 7.13637], [8.91244, 7.13855], [8.91097, 7.13856], [8.90879, 7.13858], [8.90576, 7.13656], [8.90321, 7.13718], [8.90033, 7.13863]]]}, "properties": {"name": "Mbagwe / Mbayegh", "lga": "Ushongo", "state": "be"}}, {"type": "Feature", "geometry": {"type": "Polygon", "coordinates": [[[9.18149, 6.95231], [9.17588, 6.95368], [9.17367, 6.95292], [9.16982, 6.95052], [9.16611, 6.94696], [9.16246, 6.94306], [9.15703, 6.94354], [9.15416, 6.94364], [9.14811, 6.94556], [9.14567, 6.94657], [9.14562, 6.9507], [9.14516, 6.95683], [9.14016, 6.97594], [9.14341, 6.97853], [9.14438, 6.97947], [9.14572, 6.98106], [9.14672, 6.98427], [9.14824, 6.98767], [9.14979, 6.99007], [9.15992, 6.99773], [9.16844, 7.01036], [9.16966, 7.01389], [9.1678, 7.02996], [9.17332, 7.03801], [9.17335, 7.04037], [9.17342, 7.04563], [9.1738, 7.04801], [9.17477, 7.05015], [9.18398, 7.05908], [9.18617, 7.06867], [9.19259, 7.07343], [9.20645, 7.07427], [9.21692, 7.07957], [9.22422, 7.07995], [9.2333, 7.08513], [9.2398, 7.08904], [9.24341, 7.09111], [9.25382, 7.09227], [9.2533, 7.08968], [9.26049, 7.05746], [9.26119, 7.05353], [9.26107, 7.05034], [9.25859, 7.04204], [9.25691, 7.01572], [9.25151, 7.01687], [9.24302, 7.01534], [9.23973, 7.01474], [9.23236, 7.01186], [9.22002, 7.0027], [9.20748, 7.00421], [9.20556, 6.9988], [9.20752, 6.99579], [9.20568, 6.98971], [9.20447, 6.98859], [9.20233, 6.98791], [9.20209, 6.98739], [9.20193, 6.98575], [9.2018, 6.98384], [9.19992, 6.98279], [9.19947, 6.98172], [9.20096, 6.98074], [9.20012, 6.97822], [9.19807, 6.97768], [9.19839, 6.97626], [9.20003, 6.97483], [9.19864, 6.97111], [9.1972, 6.9663], [9.19924, 6.96384], [9.19653, 6.96065], [9.19624, 6.95754], [9.1917, 6.95649], [9.18653, 6.95401], [9.18149, 6.95231]]]}, "properties": {"name": "Mbagwaza", "lga": "Ushongo", "state": "be"}}, {"type": "Feature", "geometry": {"type": "Polygon", "coordinates": [[[9.10194, 7.06261], [9.1069, 7.06731], [9.10881, 7.06848], [9.11047, 7.06853], [9.12017, 7.05946], [9.13753, 7.05721], [9.14027, 7.05555], [9.14206, 7.05392], [9.14348, 7.05173], [9.14883, 7.05543], [9.17319, 7.06234], [9.18617, 7.06867], [9.18398, 7.05908], [9.17477, 7.05015], [9.1738, 7.04801], [9.17342, 7.04563], [9.17335, 7.04037], [9.17332, 7.03801], [9.1678, 7.02996], [9.16966, 7.01389], [9.16844, 7.01036], [9.15992, 6.99773], [9.14979, 6.99007], [9.14824, 6.98767], [9.14672, 6.98427], [9.14572, 6.98106], [9.14438, 6.97947], [9.14341, 6.97853], [9.14016, 6.97594], [9.14212, 6.96671], [9.13439, 6.96369], [9.1291, 6.96762], [9.11258, 6.96827], [9.11146, 6.96719], [9.10862, 6.96616], [9.10707, 6.96459], [9.10702, 6.96321], [9.10571, 6.96242], [9.10219, 6.96389], [9.09934, 6.96397], [9.09401, 6.96461], [9.09069, 6.96835], [9.08352, 6.96644], [9.07683, 6.96983], [9.07426, 6.97199], [9.05843, 6.96996], [9.04809, 6.9689], [9.04604, 6.97213], [9.04557, 6.97494], [9.04551, 6.98606], [9.05241, 7.00116], [9.05453, 6.99963], [9.05625, 6.9991], [9.05758, 6.99886], [9.06023, 6.99887], [9.06173, 6.99886], [9.06324, 6.99907], [9.06558, 6.9994], [9.06869, 6.99999], [9.07689, 7.00349], [9.08477, 7.00444], [9.08136, 7.01605], [9.06819, 7.04248], [9.0831, 7.05319], [9.09988, 7.06033], [9.10194, 7.06261]]]}, "properties": {"name": "Mbagba", "lga": "Ushongo", "state": "be"}}, {"type": "Feature", "geometry": {"type": "Polygon", "coordinates": [[[8.9969, 7.12263], [8.99161, 7.12136], [8.98895, 7.12653], [8.9877, 7.12827], [8.99494, 7.14083], [8.98984, 7.14579], [8.98849, 7.15156], [8.98416, 7.1592], [8.98513, 7.16059], [8.98706, 7.16292], [8.99361, 7.16671], [8.99607, 7.17001], [8.99789, 7.17279], [9.00009, 7.17323], [9.00048, 7.1759], [9.00111, 7.17725], [8.9997, 7.1828], [8.99698, 7.18588], [8.99313, 7.18589], [8.98954, 7.18685], [8.98768, 7.18788], [8.98631, 7.18677], [8.98376, 7.18595], [8.97948, 7.18398], [8.97711, 7.1793], [8.97511, 7.17951], [8.9722, 7.18035], [8.9699, 7.17996], [8.96902, 7.17809], [8.96831, 7.1763], [8.96853, 7.17492], [8.96298, 7.17716], [8.95595, 7.18963], [8.95469, 7.19409], [8.95891, 7.19511], [8.96034, 7.19591], [8.96256, 7.19823], [8.9648, 7.20003], [8.97034, 7.20999], [8.97941, 7.2171], [8.99536, 7.22182], [8.99883, 7.22382], [9.00568, 7.22809], [9.00758, 7.22952], [9.00817, 7.22493], [9.00861, 7.21996], [9.00923, 7.21689], [9.02365, 7.193], [9.02292, 7.18006], [9.0238, 7.17824], [9.02532, 7.17663], [9.02896, 7.17469], [9.03158, 7.17251], [9.03276, 7.17118], [9.03381, 7.16843], [9.03523, 7.16626], [9.03603, 7.16426], [9.03565, 7.16119], [9.03402, 7.15743], [9.03238, 7.15385], [9.03116, 7.15249], [9.02802, 7.15084], [9.02557, 7.14816], [9.02512, 7.13833], [9.01905, 7.12679], [9.01951, 7.12464], [9.02053, 7.12175], [9.0209, 7.11961], [9.0103, 7.1188], [9.0068, 7.11939], [9.00209, 7.1202], [8.99993, 7.12063], [8.99826, 7.12203], [8.9969, 7.12263]]]}, "properties": {"name": "Mbaanyam / Ikov", "lga": "Ushongo", "state": "be"}}, {"type": "Feature", "geometry": {"type": "Polygon", "coordinates": [[[8.48053, 7.72245], [8.47614, 7.72102], [8.47192, 7.71854], [8.46818, 7.71633], [8.44837, 7.71095], [8.4573, 7.69691], [8.45541, 7.69607], [8.44794, 7.69135], [8.42938, 7.68841], [8.42717, 7.68673], [8.41158, 7.67443], [8.41068, 7.67558], [8.40913, 7.67685], [8.39943, 7.67774], [8.39426, 7.68371], [8.39388, 7.68376], [8.3928, 7.68421], [8.39164, 7.68455], [8.39188, 7.69095], [8.38935, 7.7198], [8.39037, 7.74006], [8.38945, 7.75459], [8.38998, 7.75942], [8.38548, 7.76804], [8.40316, 7.76618], [8.41199, 7.76851], [8.42054, 7.77423], [8.42059, 7.77424], [8.43074, 7.77496], [8.45538, 7.76335], [8.46621, 7.76686], [8.48413, 7.77611], [8.49042, 7.77929], [8.49595, 7.77911], [8.5024, 7.77287], [8.51189, 7.76188], [8.51683, 7.75407], [8.52049, 7.74645], [8.51726, 7.74642], [8.51309, 7.74703], [8.50862, 7.74708], [8.50271, 7.74554], [8.49916, 7.74356], [8.4992, 7.74276], [8.50021, 7.74275], [8.50144, 7.74286], [8.50076, 7.73823], [8.49345, 7.73036], [8.48466, 7.724], [8.48306, 7.72312], [8.48053, 7.72245]]]}, "properties": {"name": "Mbalagh", "lga": "Makurdi", "state": "be"}}, {"type": "Feature", "geometry": {"type": "Polygon", "coordinates": [[[7.87865, 7.2783], [7.87791, 7.27804], [7.87754, 7.27737], [7.87682, 7.27688], [7.87766, 7.27582], [7.87927, 7.27357], [7.87996, 7.27265], [7.88143, 7.26515], [7.88102, 7.26347], [7.88022, 7.26128], [7.8798, 7.26014], [7.87609, 7.25702], [7.87492, 7.25724], [7.87214, 7.25724], [7.87071, 7.25729], [7.85034, 7.26577], [7.83903, 7.26237], [7.83752, 7.26147], [7.83519, 7.25946], [7.83391, 7.25839], [7.83305, 7.25884], [7.83211, 7.25935], [7.83125, 7.25969], [7.83036, 7.25963], [7.82988, 7.25885], [7.82946, 7.25818], [7.82854, 7.25895], [7.82707, 7.26884], [7.82686, 7.26965], [7.8257, 7.2718], [7.82485, 7.2736], [7.82452, 7.27989], [7.82511, 7.28039], [7.82786, 7.28058], [7.83023, 7.28215], [7.83141, 7.28392], [7.83515, 7.2858], [7.83635, 7.28968], [7.84083, 7.29144], [7.84686, 7.29182], [7.85081, 7.28988], [7.85641, 7.29216], [7.85982, 7.2913], [7.86295, 7.29194], [7.8634, 7.29318], [7.86193, 7.2951], [7.85965, 7.29469], [7.85669, 7.29675], [7.85623, 7.29968], [7.85492, 7.30173], [7.85339, 7.30212], [7.85243, 7.30417], [7.85295, 7.30591], [7.85334, 7.30753], [7.85293, 7.30918], [7.85081, 7.31089], [7.84981, 7.31246], [7.85192, 7.31434], [7.85107, 7.31709], [7.85051, 7.31816], [7.84853, 7.31885], [7.84775, 7.32116], [7.84682, 7.32252], [7.84468, 7.32344], [7.84313, 7.32645], [7.84084, 7.32858], [7.83823, 7.32877], [7.83798, 7.33029], [7.83643, 7.33116], [7.83571, 7.33488], [7.8345, 7.33582], [7.8347, 7.34019], [7.83279, 7.34259], [7.83443, 7.34617], [7.84203, 7.34343], [7.8503, 7.34259], [7.85233, 7.34268], [7.85505, 7.3431], [7.86939, 7.35087], [7.88335, 7.35449], [7.90291, 7.35735], [7.91234, 7.35575], [7.91949, 7.35006], [7.92071, 7.35002], [7.92418, 7.3509], [7.92636, 7.351], [7.92198, 7.3404], [7.91974, 7.33804], [7.91839, 7.33739], [7.91708, 7.33711], [7.91565, 7.3318], [7.91475, 7.33176], [7.91464, 7.32993], [7.91496, 7.32695], [7.91512, 7.32554], [7.93303, 7.30616], [7.93507, 7.30538], [7.93645, 7.30405], [7.9376, 7.30162], [7.93926, 7.3016], [7.94106, 7.29991], [7.94183, 7.29737], [7.94505, 7.29685], [7.94413, 7.29517], [7.93311, 7.29], [7.93044, 7.28993], [7.92446, 7.28894], [7.92101, 7.28964], [7.91575, 7.29022], [7.91308, 7.29207], [7.91147, 7.29336], [7.90869, 7.29459], [7.90589, 7.29397], [7.89745, 7.29675], [7.89175, 7.29158], [7.89219, 7.29016], [7.89068, 7.2877], [7.88837, 7.28436], [7.88791, 7.28169], [7.88837, 7.28079], [7.88879, 7.27919], [7.88785, 7.27751], [7.88741, 7.27636], [7.88279, 7.27947], [7.88234, 7.27945], [7.88184, 7.27826], [7.87865, 7.2783]]]}, "properties": {"name": "Onyagede Icho (Ogoli)", "lga": "Ohimini", "state": "be"}}, {"type": "Feature", "geometry": {"type": "Polygon", "coordinates": [[[7.76544, 6.91577], [7.75896, 6.91875], [7.75518, 6.92349], [7.7487, 6.92771], [7.74332, 6.93306], [7.73703, 6.93447], [7.73239, 6.93911], [7.73023, 6.94034], [7.727, 6.93985], [7.72206, 6.94012], [7.71736, 6.94183], [7.71869, 6.94659], [7.71852, 6.95004], [7.73175, 6.9547], [7.73648, 6.95762], [7.74283, 6.96447], [7.75906, 6.96531], [7.76026, 6.96383], [7.76106, 6.96193], [7.76148, 6.96221], [7.76531, 6.96363], [7.76661, 6.96211], [7.77172, 6.95098], [7.78133, 6.94307], [7.79111, 6.93609], [7.77629, 6.91767], [7.76544, 6.91577]]]}, "properties": {"name": "Ichama 1 / Ojoga", "lga": "Okpokwu", "state": "be"}}, {"type": "Feature", "geometry": {"type": "Polygon", "coordinates": [[[7.88349, 7.23274], [7.88252, 7.23097], [7.88127, 7.23061], [7.87833, 7.2311], [7.87676, 7.23195], [7.87516, 7.23192], [7.87331, 7.23148], [7.86432, 7.23582], [7.85571, 7.23731], [7.84679, 7.24203], [7.84415, 7.24155], [7.84306, 7.24207], [7.84225, 7.24263], [7.8398, 7.24455], [7.82946, 7.25818], [7.82988, 7.25885], [7.83036, 7.25963], [7.83125, 7.25969], [7.83211, 7.25935], [7.83305, 7.25884], [7.83391, 7.25839], [7.83519, 7.25946], [7.83752, 7.26147], [7.83903, 7.26237], [7.85034, 7.26577], [7.87071, 7.25729], [7.87214, 7.25724], [7.87492, 7.25724], [7.87609, 7.25702], [7.8798, 7.26014], [7.88022, 7.26128], [7.88102, 7.26347], [7.88143, 7.26515], [7.87996, 7.27265], [7.87927, 7.27357], [7.87766, 7.27582], [7.87682, 7.27688], [7.88279, 7.27947], [7.88741, 7.27636], [7.88785, 7.27751], [7.88879, 7.27919], [7.88837, 7.28079], [7.88791, 7.28169], [7.88837, 7.28436], [7.89068, 7.2877], [7.89219, 7.29016], [7.89175, 7.29158], [7.89745, 7.29675], [7.90589, 7.29397], [7.90869, 7.29459], [7.91147, 7.29336], [7.91308, 7.29207], [7.91575, 7.29022], [7.92101, 7.28964], [7.92446, 7.28894], [7.93044, 7.28993], [7.93311, 7.29], [7.93786, 7.29186], [7.93911, 7.29118], [7.93961, 7.28723], [7.94029, 7.2852], [7.94077, 7.28437], [7.94287, 7.28438], [7.94295, 7.2827], [7.9426, 7.27948], [7.94286, 7.27829], [7.94438, 7.2772], [7.94685, 7.27842], [7.9472, 7.27486], [7.94714, 7.27099], [7.9536, 7.25759], [7.95081, 7.24928], [7.95369, 7.23804], [7.95168, 7.22869], [7.93863, 7.23291], [7.93159, 7.22947], [7.92776, 7.22954], [7.9219, 7.23213], [7.91184, 7.2399], [7.90912, 7.23869], [7.90755, 7.23725], [7.90586, 7.23797], [7.90467, 7.23765], [7.89725, 7.23325], [7.89517, 7.23394], [7.89382, 7.23506], [7.89264, 7.23559], [7.88349, 7.23274]]]}, "properties": {"name": "Awume Icho", "lga": "Ohimini", "state": "be"}}, {"type": "Feature", "geometry": {"type": "Polygon", "coordinates": [[[7.96951, 7.10629], [7.96411, 7.10707], [7.9622, 7.10625], [7.9605, 7.10725], [7.95841, 7.10772], [7.95546, 7.1062], [7.9527, 7.10468], [7.94002, 7.10895], [7.93943, 7.11027], [7.93831, 7.11258], [7.93642, 7.11244], [7.93481, 7.11321], [7.93517, 7.11455], [7.9369, 7.12475], [7.93684, 7.13103], [7.93631, 7.1342], [7.93618, 7.13837], [7.93628, 7.1403], [7.93433, 7.14802], [7.93504, 7.14994], [7.93631, 7.15027], [7.93784, 7.15041], [7.94965, 7.14882], [7.95197, 7.14895], [7.95775, 7.1495], [7.96042, 7.14988], [7.96314, 7.15056], [7.96813, 7.15354], [7.96907, 7.15403], [7.98466, 7.15686], [7.99272, 7.15527], [7.99666, 7.15685], [7.99597, 7.15804], [7.9987, 7.15954], [7.99866, 7.16082], [7.99726, 7.16156], [7.99477, 7.15965], [7.99404, 7.16063], [7.99463, 7.16241], [7.99456, 7.16297], [7.99325, 7.16306], [7.99262, 7.1638], [7.9928, 7.16451], [7.99299, 7.16508], [7.98935, 7.16819], [7.98932, 7.16956], [7.98862, 7.1708], [7.98518, 7.17068], [7.98472, 7.17196], [7.98534, 7.17291], [7.98504, 7.1736], [7.98443, 7.17343], [7.98306, 7.17303], [7.98081, 7.17279], [7.97871, 7.17412], [7.97674, 7.1738], [7.9772, 7.17481], [7.97923, 7.17599], [7.97648, 7.18127], [7.9794, 7.18837], [7.97993, 7.18883], [7.98052, 7.18801], [7.98165, 7.18851], [7.98416, 7.194], [7.98541, 7.19458], [7.98672, 7.19466], [7.98617, 7.20228], [7.9882, 7.21212], [7.98791, 7.21944], [7.99079, 7.21973], [7.99421, 7.21822], [8.01437, 7.20454], [8.01958, 7.20576], [8.02863, 7.20635], [8.03231, 7.20544], [8.03659, 7.20244], [8.03996, 7.19626], [8.04446, 7.19379], [8.04995, 7.19062], [8.05197, 7.18804], [8.05217, 7.18186], [8.0543, 7.17626], [8.06316, 7.17308], [8.07446, 7.16696], [8.07482, 7.15829], [8.07484, 7.15376], [8.06489, 7.15225], [8.05702, 7.14621], [8.05031, 7.1411], [7.97267, 7.10701], [7.96951, 7.10629]]]}, "properties": {"name": "Ochobo", "lga": "Ohimini", "state": "be"}}, {"type": "Feature", "geometry": {"type": "Polygon", "coordinates": [[[7.89712, 7.18376], [7.89697, 7.18672], [7.88065, 7.18724], [7.87269, 7.19145], [7.86374, 7.19002], [7.85359, 7.18444], [7.83862, 7.18881], [7.83718, 7.19104], [7.83568, 7.19164], [7.83364, 7.19192], [7.83184, 7.19276], [7.82921, 7.19282], [7.82825, 7.20058], [7.82915, 7.20223], [7.82952, 7.2036], [7.83022, 7.20597], [7.83032, 7.21578], [7.83112, 7.21753], [7.83248, 7.21988], [7.83257, 7.2206], [7.83283, 7.22264], [7.83337, 7.22684], [7.83094, 7.23596], [7.83063, 7.25631], [7.83158, 7.25506], [7.83544, 7.25036], [7.8398, 7.24455], [7.84225, 7.24263], [7.84306, 7.24207], [7.84679, 7.24203], [7.85571, 7.23731], [7.86432, 7.23582], [7.87331, 7.23148], [7.87516, 7.23192], [7.87676, 7.23195], [7.87833, 7.2311], [7.88127, 7.23061], [7.88252, 7.23097], [7.88349, 7.23274], [7.88552, 7.23399], [7.89264, 7.23559], [7.89382, 7.23506], [7.89517, 7.23394], [7.89725, 7.23325], [7.90467, 7.23765], [7.90586, 7.23797], [7.90755, 7.23725], [7.90912, 7.23869], [7.91184, 7.2399], [7.9219, 7.23213], [7.92776, 7.22954], [7.93159, 7.22947], [7.93863, 7.23291], [7.95168, 7.22869], [7.93487, 7.21217], [7.93219, 7.1848], [7.89712, 7.18376]]]}, "properties": {"name": "Awume Ehaje", "lga": "Ohimini", "state": "be"}}, {"type": "Feature", "geometry": {"type": "Polygon", "coordinates": [[[7.95369, 7.26169], [7.95556, 7.25956], [7.95674, 7.25808], [7.95615, 7.2527], [7.95437, 7.24877], [7.9544, 7.24534], [7.95741, 7.24248], [7.96219, 7.2373], [7.96662, 7.23183], [7.97167, 7.22935], [7.97533, 7.22552], [7.98227, 7.22398], [7.98791, 7.21944], [7.9882, 7.21212], [7.98617, 7.20228], [7.98672, 7.19466], [7.98541, 7.19458], [7.98416, 7.194], [7.98165, 7.18851], [7.98052, 7.18801], [7.97993, 7.18883], [7.9794, 7.18837], [7.97648, 7.18127], [7.97923, 7.17599], [7.9772, 7.17481], [7.97674, 7.1738], [7.97871, 7.17412], [7.98081, 7.17279], [7.98306, 7.17303], [7.98443, 7.17343], [7.98504, 7.1736], [7.98534, 7.17291], [7.98472, 7.17196], [7.98518, 7.17068], [7.98862, 7.1708], [7.98932, 7.16956], [7.98935, 7.16819], [7.99299, 7.16508], [7.9928, 7.16451], [7.99262, 7.1638], [7.99325, 7.16306], [7.99456, 7.16297], [7.99463, 7.16241], [7.99404, 7.16063], [7.99477, 7.15965], [7.99726, 7.16156], [7.99866, 7.16082], [7.9987, 7.15954], [7.99597, 7.15804], [7.99666, 7.15685], [7.99272, 7.15527], [7.98466, 7.15686], [7.98211, 7.15652], [7.97709, 7.15556], [7.97143, 7.15458], [7.96907, 7.15403], [7.96813, 7.15354], [7.96314, 7.15056], [7.96042, 7.14988], [7.95775, 7.1495], [7.95197, 7.14895], [7.94965, 7.14882], [7.93631, 7.15027], [7.92815, 7.14703], [7.91556, 7.14487], [7.90634, 7.14736], [7.89753, 7.15261], [7.89604, 7.15271], [7.89006, 7.15228], [7.87861, 7.15447], [7.87203, 7.15437], [7.8685, 7.15446], [7.84921, 7.15967], [7.84711, 7.15972], [7.84338, 7.15942], [7.84287, 7.17654], [7.84641, 7.18706], [7.84795, 7.18591], [7.85001, 7.1854], [7.85359, 7.18444], [7.86374, 7.19002], [7.87269, 7.19145], [7.88065, 7.18724], [7.89697, 7.18672], [7.89712, 7.18376], [7.93219, 7.1848], [7.93487, 7.21217], [7.95168, 7.22869], [7.95369, 7.23804], [7.95081, 7.24928], [7.9536, 7.25759], [7.95113, 7.26271], [7.95257, 7.26316], [7.95369, 7.26169]]]}, "properties": {"name": "Agadagba", "lga": "Ohimini", "state": "be"}}, {"type": "Feature", "geometry": {"type": "Polygon", "coordinates": [[[9.00673, 7.31925], [9.00119, 7.31764], [8.99989, 7.31732], [8.99865, 7.31874], [8.99816, 7.31901], [8.99734, 7.32432], [8.99722, 7.3302], [8.99744, 7.33256], [8.99765, 7.33376], [8.99797, 7.33445], [9.00673, 7.31925]]]}, "properties": {"name": "Gboko Central / Gbk / Central Market", "lga": "Gboko", "state": "be"}}, {"type": "Feature", "geometry": {"type": "Polygon", "coordinates": [[[8.46382, 7.1649], [8.45363, 7.16864], [8.45248, 7.17321], [8.45635, 7.17976], [8.45992, 7.18422], [8.46633, 7.18557], [8.4714, 7.18714], [8.47492, 7.18914], [8.48328, 7.19947], [8.4925, 7.21112], [8.50593, 7.2078], [8.50778, 7.20686], [8.51035, 7.20462], [8.51242, 7.20422], [8.50992, 7.19129], [8.50882, 7.18481], [8.50775, 7.18135], [8.50431, 7.1747], [8.5021, 7.16905], [8.49899, 7.14175], [8.49702, 7.13607], [8.4936, 7.13624], [8.48404, 7.14257], [8.47682, 7.15251], [8.47799, 7.15487], [8.4801, 7.15593], [8.47842, 7.1637], [8.46953, 7.16606], [8.46382, 7.1649]]]}, "properties": {"name": "Ikwe / Mbaiase", "lga": "Gwer East", "state": "be"}}, {"type": "Feature", "geometry": {"type": "Polygon", "coordinates": [[[7.67463, 6.90891], [7.67596, 6.90739], [7.67845, 6.90475], [7.68005, 6.9035], [7.68215, 6.90272], [7.68586, 6.90347], [7.68999, 6.90016], [7.69607, 6.89945], [7.70115, 6.89583], [7.70894, 6.89044], [7.71243, 6.88718], [7.71002, 6.88128], [7.70684, 6.87619], [7.69988, 6.88267], [7.69836, 6.88277], [7.6975, 6.87974], [7.6945, 6.87949], [7.69347, 6.87833], [7.68653, 6.87412], [7.68476, 6.87417], [7.68265, 6.876], [7.68135, 6.87742], [7.68057, 6.87785], [7.67159, 6.87758], [7.67018, 6.87866], [7.67121, 6.8812], [7.66252, 6.88564], [7.657, 6.88486], [7.64619, 6.88545], [7.63851, 6.89904], [7.63595, 6.90357], [7.64155, 6.90383], [7.64603, 6.89849], [7.65054, 6.89808], [7.65816, 6.90743], [7.65798, 6.90857], [7.66004, 6.91193], [7.66093, 6.91183], [7.66189, 6.91124], [7.66188, 6.91342], [7.6626, 6.91541], [7.66395, 6.91748], [7.66643, 6.91596], [7.66856, 6.9152], [7.66958, 6.9144], [7.67463, 6.90891]]]}, "properties": {"name": "Itabono 1", "lga": "Ogbadibo", "state": "be"}}, {"type": "Feature", "geometry": {"type": "Polygon", "coordinates": [[[7.74085, 6.96497], [7.74283, 6.96447], [7.73648, 6.95762], [7.73175, 6.9547], [7.72864, 6.95744], [7.70239, 6.97061], [7.70028, 6.97022], [7.69687, 6.97015], [7.69561, 6.96931], [7.69031, 6.96606], [7.68806, 6.96542], [7.68418, 6.96445], [7.68117, 6.96362], [7.67819, 6.96832], [7.68244, 6.97876], [7.68665, 6.98323], [7.69046, 6.9912], [7.68354, 6.99569], [7.69078, 7.0094], [7.69717, 7.01163], [7.70468, 7.01476], [7.71311, 7.01881], [7.72179, 7.01639], [7.72904, 7.012], [7.73849, 7.01336], [7.74526, 7.0135], [7.74835, 7.01088], [7.75176, 7.00525], [7.74979, 7.00366], [7.74784, 7.0012], [7.74595, 6.99872], [7.74419, 6.99549], [7.73819, 6.98605], [7.73511, 6.97047], [7.73676, 6.96594], [7.74085, 6.96497]]]}, "properties": {"name": "Ehaje 2", "lga": "Ogbadibo", "state": "be"}}, {"type": "Feature", "geometry": {"type": "Polygon", "coordinates": [[[8.38956, 7.6192], [8.38912, 7.61732], [8.38752, 7.61745], [8.38554, 7.61853], [8.38415, 7.61942], [8.38293, 7.61939], [8.38118, 7.61746], [8.37777, 7.61785], [8.37106, 7.61973], [8.36731, 7.61904], [8.36215, 7.62141], [8.36213, 7.62858], [8.35593, 7.63594], [8.3523, 7.64373], [8.34852, 7.6493], [8.34405, 7.6515], [8.3384, 7.6529], [8.33424, 7.659], [8.32861, 7.66344], [8.32576, 7.67207], [8.32801, 7.68029], [8.33095, 7.68181], [8.33321, 7.6871], [8.34203, 7.68776], [8.34151, 7.68953], [8.34027, 7.69189], [8.34012, 7.69449], [8.34141, 7.69561], [8.34422, 7.69624], [8.34433, 7.6985], [8.34567, 7.69889], [8.34656, 7.70013], [8.34754, 7.7017], [8.35088, 7.70111], [8.35327, 7.69832], [8.35817, 7.69902], [8.36967, 7.69901], [8.37637, 7.69782], [8.38448, 7.6958], [8.39188, 7.69095], [8.39164, 7.68455], [8.3928, 7.68421], [8.39388, 7.68376], [8.39426, 7.68371], [8.39943, 7.67774], [8.40913, 7.67685], [8.41068, 7.67558], [8.41158, 7.67443], [8.40807, 7.67203], [8.40845, 7.6715], [8.40864, 7.66756], [8.40817, 7.66344], [8.40723, 7.66082], [8.40521, 7.65326], [8.40657, 7.63977], [8.39998, 7.6346], [8.39951, 7.63336], [8.40012, 7.63224], [8.39992, 7.6311], [8.39848, 7.62937], [8.39775, 7.62865], [8.39804, 7.62751], [8.39935, 7.62696], [8.39908, 7.6263], [8.39848, 7.62543], [8.39762, 7.62555], [8.39769, 7.6243], [8.39783, 7.62226], [8.39814, 7.62123], [8.39707, 7.62033], [8.39608, 7.61937], [8.39477, 7.61947], [8.39392, 7.61985], [8.38956, 7.6192]]]}, "properties": {"name": "Nyamshi / Mbanyamshi", "lga": "Gwer West", "state": "be"}}, {"type": "Feature", "geometry": {"type": "Polygon", "coordinates": [[[8.01833, 6.78355], [8.01939, 6.77983], [8.01209, 6.78162], [8.00756, 6.78126], [8.00261, 6.78006], [7.99909, 6.77855], [7.99591, 6.77958], [7.99256, 6.77825], [7.99094, 6.77868], [7.98864, 6.77774], [7.9855, 6.7764], [7.98425, 6.77487], [7.98397, 6.77325], [7.9841, 6.77171], [7.98411, 6.76993], [7.9864, 6.76821], [7.98863, 6.76639], [7.9903, 6.76277], [7.99045, 6.76057], [7.99513, 6.7534], [7.98529, 6.74702], [7.97419, 6.74524], [7.96763, 6.73995], [7.96338, 6.73788], [7.9609, 6.73624], [7.94091, 6.74658], [7.94096, 6.75697], [7.94566, 6.76117], [7.94818, 6.76158], [7.95331, 6.7639], [7.95756, 6.766], [7.9622, 6.76857], [7.96437, 6.77058], [7.96586, 6.77347], [7.96644, 6.77669], [7.9637, 6.79288], [7.96516, 6.798], [7.96576, 6.79956], [7.9708, 6.80615], [7.97244, 6.80787], [7.97467, 6.80902], [7.9834, 6.81134], [7.99362, 6.81418], [7.9961, 6.80994], [7.99855, 6.80496], [8.00099, 6.80228], [8.00564, 6.80165], [8.0121, 6.80096], [8.01608, 6.80329], [8.02033, 6.80235], [8.02104, 6.79364], [8.01843, 6.78623], [8.01833, 6.78355]]]}, "properties": {"name": "Agila / Igumale 2", "lga": "Ado", "state": "be"}}, {"type": "Feature", "geometry": {"type": "Polygon", "coordinates": [[[9.12033, 6.8639], [9.11849, 6.8626], [9.11722, 6.86169], [9.11561, 6.8591], [9.11278, 6.85478], [9.11164, 6.85268], [9.11001, 6.85147], [9.10762, 6.85037], [9.10432, 6.84904], [9.09638, 6.86595], [9.08944, 6.8666], [9.08062, 6.86289], [9.07244, 6.85944], [9.06754, 6.85984], [9.05902, 6.86694], [9.05043, 6.87068], [9.04577, 6.87581], [9.03816, 6.87953], [9.02521, 6.88891], [9.01674, 6.88549], [9.00945, 6.88518], [9.00576, 6.88701], [8.99924, 6.90707], [8.99654, 6.96231], [9.01131, 6.96961], [9.03058, 6.96711], [9.04809, 6.9689], [9.05843, 6.96996], [9.06073, 6.96658], [9.06454, 6.9623], [9.08262, 6.94756], [9.09563, 6.94379], [9.09675, 6.94313], [9.09763, 6.9426], [9.10104, 6.93791], [9.09955, 6.93709], [9.09671, 6.93694], [9.09608, 6.93556], [9.09972, 6.92891], [9.10204, 6.92651], [9.10484, 6.92493], [9.11218, 6.9266], [9.11276, 6.92473], [9.11123, 6.92297], [9.11043, 6.9204], [9.11622, 6.91047], [9.11742, 6.91077], [9.12029, 6.91118], [9.12213, 6.90906], [9.1232, 6.90785], [9.12868, 6.90649], [9.1303, 6.90505], [9.13108, 6.90306], [9.13371, 6.90141], [9.13611, 6.90032], [9.13688, 6.90057], [9.1381, 6.89567], [9.13841, 6.8938], [9.1388, 6.8923], [9.14006, 6.88977], [9.14131, 6.88719], [9.14273, 6.88515], [9.14012, 6.87971], [9.12865, 6.866], [9.12033, 6.8639]]]}, "properties": {"name": "Mbadede 1", "lga": "Vandeikya", "state": "be"}}, {"type": "Feature", "geometry": {"type": "Polygon", "coordinates": [[[9.84514, 7.49625], [9.84197, 7.49583], [9.83387, 7.49678], [9.82483, 7.50249], [9.8196, 7.50773], [9.80865, 7.51487], [9.7939, 7.52867], [9.78051, 7.53925], [9.79258, 7.55424], [9.80757, 7.56604], [9.80774, 7.56618], [9.81361, 7.5725], [9.82647, 7.58118], [9.83008, 7.5876], [9.83999, 7.57927], [9.84576, 7.57444], [9.87081, 7.54016], [9.88042, 7.51724], [9.87242, 7.51106], [9.86766, 7.50678], [9.86052, 7.5044], [9.85434, 7.49916], [9.8491, 7.49678], [9.84514, 7.49625]]]}, "properties": {"name": "Mbajir", "lga": "Katsina-Ala", "state": "be"}}, {"type": "Feature", "geometry": {"type": "Polygon", "coordinates": [[[9.88268, 7.41426], [9.86521, 7.36284], [9.85787, 7.36519], [9.83229, 7.36519], [9.79719, 7.36162], [9.80195, 7.37352], [9.80671, 7.38185], [9.81484, 7.40494], [9.8196, 7.4154], [9.83578, 7.45966], [9.84054, 7.4687], [9.84292, 7.47822], [9.84577, 7.48631], [9.84514, 7.49625], [9.8491, 7.49678], [9.85434, 7.49916], [9.86052, 7.5044], [9.86766, 7.50678], [9.87242, 7.51106], [9.88042, 7.51724], [9.88384, 7.50975], [9.88465, 7.50786], [9.88861, 7.46172], [9.88268, 7.41426]]]}, "properties": {"name": "Mbatyula", "lga": "Katsina-Ala", "state": "be"}}, {"type": "Feature", "geometry": {"type": "Polygon", "coordinates": [[[8.13426, 7.37552], [8.116, 7.36999], [8.10962, 7.37663], [8.0913, 7.38959], [8.07345, 7.40875], [8.06805, 7.41525], [8.09637, 7.41835], [8.10018, 7.42001], [8.11101, 7.42209], [8.10613, 7.43888], [8.12621, 7.44497], [8.13995, 7.45015], [8.15572, 7.45813], [8.16748, 7.473], [8.17961, 7.48025], [8.19853, 7.48163], [8.20285, 7.47931], [8.19919, 7.46044], [8.21048, 7.44135], [8.19559, 7.43407], [8.18782, 7.41723], [8.18229, 7.41616], [8.16603, 7.40684], [8.15943, 7.40291], [8.14455, 7.39132], [8.13426, 7.37552]]]}, "properties": {"name": "Avihijime", "lga": "Gwer West", "state": "be"}}, {"type": "Feature", "geometry": {"type": "Polygon", "coordinates": [[[9.69469, 7.3368], [9.71749, 7.34709], [9.72766, 7.34534], [9.73037, 7.34551], [9.75201, 7.32672], [9.76507, 7.32038], [9.7546, 7.30705], [9.74889, 7.30182], [9.74223, 7.29658], [9.73604, 7.28944], [9.72462, 7.27231], [9.70796, 7.2409], [9.6559, 7.22025], [9.64947, 7.21882], [9.6352, 7.21454], [9.6305, 7.21245], [9.60736, 7.20026], [9.59736, 7.19955], [9.59094, 7.19812], [9.5788, 7.19384], [9.58237, 7.18741], [9.5838, 7.17956], [9.58666, 7.17242], [9.59308, 7.15886], [9.60019, 7.14848], [9.60974, 7.15756], [9.62437, 7.16525], [9.64497, 7.17739], [9.64427, 7.16541], [9.66226, 7.12744], [9.67271, 7.10608], [9.67713, 7.09198], [9.58039, 7.14358], [9.57115, 7.15235], [9.54886, 7.16502], [9.53215, 7.19255], [9.52504, 7.20684], [9.50739, 7.22221], [9.50577, 7.23517], [9.48606, 7.25386], [9.48008, 7.25871], [9.48558, 7.27612], [9.48836, 7.27779], [9.49072, 7.28339], [9.49328, 7.29373], [9.49846, 7.30183], [9.50235, 7.30803], [9.50474, 7.32001], [9.52068, 7.32371], [9.53159, 7.33226], [9.54323, 7.33838], [9.55405, 7.33956], [9.56326, 7.34224], [9.57053, 7.34163], [9.57942, 7.34297], [9.60131, 7.34201], [9.62395, 7.34041], [9.66298, 7.34294], [9.69469, 7.3368]]]}, "properties": {"name": "Mbacher", "lga": "Katsina-Ala", "state": "be"}}, {"type": "Feature", "geometry": {"type": "Polygon", "coordinates": [[[8.2307, 7.52523], [8.24391, 7.51131], [8.25247, 7.49168], [8.25781, 7.4871], [8.26587, 7.47192], [8.27155, 7.46024], [8.24886, 7.43903], [8.23661, 7.44647], [8.22604, 7.44104], [8.21797, 7.44173], [8.21048, 7.44135], [8.19919, 7.46044], [8.20285, 7.47931], [8.19853, 7.48163], [8.19821, 7.50371], [8.20064, 7.51166], [8.21156, 7.52105], [8.21403, 7.52751], [8.21886, 7.5383], [8.22321, 7.53843], [8.22749, 7.53237], [8.2307, 7.52523]]]}, "properties": {"name": "Tsambe / Mbesev", "lga": "Gwer West", "state": "be"}}, {"type": "Feature", "geometry": {"type": "Polygon", "coordinates": [[[7.67159, 6.87758], [7.68057, 6.87785], [7.68135, 6.87742], [7.68265, 6.876], [7.68476, 6.87417], [7.68653, 6.87412], [7.69347, 6.87833], [7.6945, 6.87949], [7.6975, 6.87974], [7.69836, 6.88277], [7.69988, 6.88267], [7.70684, 6.87619], [7.70939, 6.86678], [7.71193, 6.86092], [7.69175, 6.85158], [7.68813, 6.85269], [7.67455, 6.85552], [7.66168, 6.86533], [7.65801, 6.86812], [7.64619, 6.88545], [7.657, 6.88486], [7.66252, 6.88564], [7.67121, 6.8812], [7.67018, 6.87866], [7.67159, 6.87758]]]}, "properties": {"name": "Itabono 2", "lga": "Ogbadibo", "state": "be"}}, {"type": "Feature", "geometry": {"type": "MultiPolygon", "coordinates": [[[[8.18602, 7.31824], [8.21501, 7.34696], [8.24186, 7.34667], [8.24582, 7.33912], [8.25728, 7.32344], [8.27729, 7.31279], [8.29043, 7.29579], [8.29146, 7.27957], [8.31018, 7.26085], [8.30471, 7.24637], [8.30561, 7.2285], [8.30542, 7.21597], [8.31345, 7.2051], [8.32938, 7.1776], [8.32899, 7.16208], [8.32008, 7.13014], [8.30561, 7.12502], [8.25749, 7.12597], [8.25612, 7.12604], [8.2347, 7.17578], [8.24297, 7.19243], [8.23275, 7.21953], [8.22033, 7.23983], [8.21995, 7.2713], [8.2097, 7.27928], [8.18602, 7.31824]]], [[[8.34157, 7.49398], [8.35137, 7.50099], [8.35803, 7.48672], [8.35898, 7.481], [8.36279, 7.47339], [8.352, 7.44683], [8.34984, 7.43093], [8.34404, 7.41701], [8.33234, 7.40477], [8.32755, 7.39001], [8.31429, 7.38456], [8.30074, 7.3876], [8.29698, 7.39411], [8.29849, 7.40678], [8.29971, 7.42237], [8.3009, 7.42983], [8.30805, 7.45152], [8.31195, 7.45741], [8.34157, 7.49398]]]]}, "properties": {"name": "Mbakyaan", "lga": "Gwer East", "state": "be"}}, {"type": "Feature", "geometry": {"type": "Polygon", "coordinates": [[[9.05757, 6.81727], [9.05714, 6.81727], [9.04779, 6.81863], [9.04535, 6.81741], [9.04184, 6.80941], [9.04124, 6.80866], [9.02965, 6.81044], [9.02845, 6.81016], [9.02398, 6.80986], [9.01608, 6.812], [9.01447, 6.81312], [9.01404, 6.81594], [9.01234, 6.81878], [9.00788, 6.82459], [9.00474, 6.82805], [8.99793, 6.83171], [8.98888, 6.84454], [8.98357, 6.84838], [8.98018, 6.85504], [8.97941, 6.86045], [8.98196, 6.87079], [8.99183, 6.87888], [8.99539, 6.8825], [9.00576, 6.88701], [9.00945, 6.88518], [9.01674, 6.88549], [9.02521, 6.88891], [9.03816, 6.87953], [9.03032, 6.86226], [9.03437, 6.8522], [9.03514, 6.84761], [9.03768, 6.84508], [9.04654, 6.83999], [9.05442, 6.83221], [9.05757, 6.81727]]]}, "properties": {"name": "Ningev", "lga": "Vandeikya", "state": "be"}}, {"type": "Feature", "geometry": {"type": "Polygon", "coordinates": [[[8.136, 7.22421], [8.13915, 7.22323], [8.1372, 7.22114], [8.13765, 7.22005], [8.13716, 7.21941], [8.13898, 7.21559], [8.13891, 7.21029], [8.13749, 7.21008], [8.13792, 7.20318], [8.13656, 7.20315], [8.13636, 7.19768], [8.13617, 7.19734], [8.13596, 7.19705], [8.13389, 7.19411], [8.13457, 7.19363], [8.13469, 7.19352], [8.13172, 7.19031], [8.13395, 7.18869], [8.13442, 7.18774], [8.13417, 7.1864], [8.12308, 7.17898], [8.11759, 7.17], [8.11903, 7.16933], [8.11943, 7.16816], [8.11945, 7.16779], [8.1092, 7.15599], [8.10341, 7.15972], [8.10179, 7.15985], [8.09972, 7.16001], [8.09692, 7.16029], [8.0828, 7.15622], [8.07893, 7.15427], [8.07484, 7.15376], [8.07482, 7.15829], [8.07446, 7.16696], [8.07641, 7.16615], [8.07799, 7.16621], [8.086, 7.1717], [8.10651, 7.19436], [8.11494, 7.19503], [8.12172, 7.19336], [8.12224, 7.19647], [8.1255, 7.19773], [8.12621, 7.2024], [8.12692, 7.20275], [8.12806, 7.20328], [8.12064, 7.21048], [8.12997, 7.21611], [8.13031, 7.2166], [8.136, 7.22421]]]}, "properties": {"name": "Township 2", "lga": "Oturkpo", "state": "be"}}, {"type": "Feature", "geometry": {"type": "Polygon", "coordinates": [[[9.04124, 6.80866], [9.04184, 6.80941], [9.04535, 6.81741], [9.04779, 6.81863], [9.05714, 6.81727], [9.05757, 6.81727], [9.05942, 6.81643], [9.06014, 6.80906], [9.06291, 6.80591], [9.06978, 6.80483], [9.07015, 6.80203], [9.06746, 6.79841], [9.0674, 6.79631], [9.07053, 6.79382], [9.07211, 6.79117], [9.07424, 6.79006], [9.07992, 6.78834], [9.08471, 6.78853], [9.08854, 6.78729], [9.09136, 6.78078], [9.09007, 6.77821], [9.08367, 6.77577], [9.07906, 6.77256], [9.07635, 6.77131], [9.06914, 6.7596], [9.06935, 6.75331], [9.06371, 6.74864], [9.05673, 6.74533], [9.04896, 6.74462], [9.0473, 6.75329], [9.04928, 6.75984], [9.05457, 6.76407], [9.06109, 6.76777], [9.06321, 6.77104], [9.06312, 6.77387], [9.05973, 6.77566], [9.05592, 6.77628], [9.05263, 6.77649], [9.04911, 6.78168], [9.04634, 6.78445], [9.04542, 6.78903], [9.04296, 6.79373], [9.04282, 6.7988], [9.04421, 6.80148], [9.04124, 6.80866]]]}, "properties": {"name": "Township", "lga": "Vandeikya", "state": "be"}}, {"type": "Feature", "geometry": {"type": "MultiPolygon", "coordinates": [[[[9.59801, 6.49988], [9.59444, 6.49778], [9.52528, 6.42972], [9.50719, 6.42162], [9.46853, 6.4043], [9.46741, 6.40127], [9.45803, 6.40473], [9.46598, 6.45788], [9.46603, 6.45833], [9.46722, 6.46623], [9.46729, 6.47325], [9.47433, 6.4996], [9.47332, 6.51798], [9.47221, 6.52143], [9.47109, 6.52488], [9.46883, 6.52719], [9.44952, 6.53881], [9.43254, 6.5573], [9.46292, 6.57352], [9.46688, 6.56977], [9.47224, 6.57107], [9.47924, 6.57049], [9.48978, 6.57506], [9.50209, 6.57342], [9.51488, 6.56778], [9.53622, 6.57043], [9.54714, 6.5766], [9.60912, 6.58723], [9.59801, 6.49988]]], [[[9.43341, 6.84154], [9.44346, 6.83184], [9.46709, 6.81579], [9.47266, 6.817], [9.47514, 6.81814], [9.47959, 6.82159], [9.48338, 6.82788], [9.48513, 6.83282], [9.49363, 6.82425], [9.49665, 6.8226], [9.49752, 6.82024], [9.50764, 6.79137], [9.5134, 6.79033], [9.53876, 6.77838], [9.55098, 6.76733], [9.63136, 6.69605], [9.62739, 6.68206], [9.60626, 6.68264], [9.59063, 6.68851], [9.54738, 6.70084], [9.53013, 6.70471], [9.49792, 6.71444], [9.4874, 6.7215], [9.4778, 6.72473], [9.46492, 6.7316], [9.449, 6.7287], [9.44358, 6.72651], [9.43414, 6.71975], [9.42862, 6.71052], [9.41863, 6.70024], [9.40706, 6.70157], [9.40405, 6.70909], [9.40493, 6.71487], [9.41112, 6.7281], [9.4116, 6.73894], [9.41146, 6.75252], [9.4134, 6.75862], [9.42698, 6.77451], [9.42705, 6.78422], [9.42648, 6.79035], [9.41646, 6.80073], [9.4099, 6.80864], [9.4085, 6.80966], [9.40931, 6.82174], [9.41572, 6.83014], [9.4173, 6.83538], [9.43341, 6.84154]]]]}, "properties": {"name": "Liev L", "lga": "Kwande", "state": "be"}}, {"type": "Feature", "geometry": {"type": "Polygon", "coordinates": [[[7.85961, 7.09348], [7.85541, 7.0912], [7.85186, 7.09131], [7.84291, 7.0926], [7.84009, 7.0905], [7.8378, 7.09035], [7.83259, 7.0919], [7.83139, 7.09302], [7.83105, 7.09648], [7.83172, 7.09886], [7.83521, 7.10637], [7.83594, 7.10823], [7.83894, 7.11145], [7.84044, 7.11437], [7.84102, 7.11949], [7.84177, 7.12339], [7.8402, 7.12465], [7.83616, 7.12649], [7.83276, 7.12908], [7.83073, 7.13149], [7.82886, 7.1332], [7.82707, 7.13464], [7.82493, 7.13713], [7.82456, 7.14046], [7.83143, 7.1427], [7.83663, 7.14843], [7.83761, 7.1541], [7.83884, 7.15414], [7.84145, 7.15408], [7.84218, 7.15388], [7.84282, 7.15523], [7.84359, 7.15555], [7.84338, 7.15942], [7.84711, 7.15972], [7.84921, 7.15967], [7.8685, 7.15446], [7.87203, 7.15437], [7.87861, 7.15447], [7.89006, 7.15228], [7.89604, 7.15271], [7.89753, 7.15261], [7.90634, 7.14736], [7.91556, 7.14487], [7.92815, 7.14703], [7.9299, 7.14765], [7.93372, 7.14946], [7.93504, 7.14994], [7.93433, 7.14802], [7.93628, 7.1403], [7.9369, 7.12475], [7.93517, 7.11455], [7.93481, 7.11321], [7.92372, 7.11501], [7.91565, 7.11639], [7.91208, 7.11614], [7.90854, 7.11853], [7.90665, 7.12069], [7.90428, 7.12036], [7.89902, 7.12164], [7.89327, 7.1238], [7.89057, 7.12329], [7.88748, 7.1239], [7.88681, 7.11773], [7.87693, 7.11089], [7.86779, 7.09887], [7.86542, 7.09758], [7.86239, 7.09646], [7.85961, 7.09348]]]}, "properties": {"name": "Okonobo", "lga": "Okpokwu", "state": "be"}}, {"type": "Feature", "geometry": {"type": "Polygon", "coordinates": [[[9.60974, 7.15756], [9.60019, 7.14848], [9.59308, 7.15886], [9.58666, 7.17242], [9.5838, 7.17956], [9.58237, 7.18741], [9.5788, 7.19384], [9.59094, 7.19812], [9.59736, 7.19955], [9.60736, 7.20026], [9.6305, 7.21245], [9.6352, 7.21454], [9.64947, 7.21882], [9.6559, 7.22025], [9.70796, 7.2409], [9.70511, 7.23329], [9.7032, 7.22472], [9.68702, 7.1976], [9.68075, 7.19], [9.65793, 7.18329], [9.64497, 7.17739], [9.62437, 7.16525], [9.60974, 7.15756]]]}, "properties": {"name": "Yooyo", "lga": "Katsina-Ala", "state": "be"}}, {"type": "Feature", "geometry": {"type": "Polygon", "coordinates": [[[7.81713, 7.89184], [7.80722, 7.8761], [7.80456, 7.87696], [7.78862, 7.88791], [7.77381, 7.89564], [7.76924, 7.89672], [7.75823, 7.90237], [7.74782, 7.90713], [7.74514, 7.90951], [7.73206, 7.91487], [7.72135, 7.92171], [7.70737, 7.92736], [7.70023, 7.93242], [7.69161, 7.93479], [7.68506, 7.93896], [7.6803, 7.94045], [7.67406, 7.94312], [7.66841, 7.94639], [7.6663, 7.94897], [7.67111, 7.98266], [7.67278, 7.99194], [7.6969, 7.98164], [7.71118, 7.97539], [7.71981, 7.97242], [7.72754, 7.97033], [7.74556, 7.96296], [7.7527, 7.95915], [7.75889, 7.95701], [7.7734, 7.9532], [7.78221, 7.95249], [7.79791, 7.94987], [7.80862, 7.94559], [7.81385, 7.93726], [7.81504, 7.9344], [7.81552, 7.92988], [7.81766, 7.92132], [7.81885, 7.91799], [7.82147, 7.91442], [7.82151, 7.911], [7.82448, 7.90476], [7.81713, 7.89184]]]}, "properties": {"name": "Ogwule - Kaduna", "lga": "Agatu", "state": "be"}}, {"type": "Feature", "geometry": {"type": "Polygon", "coordinates": [[[8.78219, 8.07499], [8.91085, 8.05626], [8.96408, 8.06127], [9.02538, 8.06258], [9.05018, 8.0752], [9.05702, 8.07764], [9.06247, 8.07447], [9.06768, 8.06752], [9.08354, 8.04634], [9.09343, 8.03406], [9.09842, 8.02786], [9.11465, 8.00802], [9.13269, 7.99133], [9.13435, 7.98864], [9.13183, 7.9855], [9.12367, 7.98238], [9.08974, 7.96958], [9.07393, 7.96458], [8.96045, 7.93226], [8.94132, 7.93868], [8.92085, 7.93999], [8.90677, 7.94475], [8.89978, 7.94661], [8.8868, 7.94993], [8.8673, 7.95933], [8.83785, 7.97766], [8.82101, 7.99237], [8.81031, 7.99479], [8.78521, 7.98509], [8.7786, 7.96265], [8.76798, 7.94166], [8.75761, 7.93746], [8.73929, 7.93029], [8.72667, 7.93001], [8.71538, 7.9279], [8.70976, 7.92472], [8.71053, 7.94082], [8.70008, 7.95176], [8.67937, 7.96449], [8.6718, 7.9822], [8.66706, 8.00319], [8.66343, 8.028], [8.65396, 8.04321], [8.65994, 8.05285], [8.6735, 8.06396], [8.6863, 8.07629], [8.70464, 8.09438], [8.78054, 8.0752], [8.78219, 8.07499]]]}, "properties": {"name": "Mbadwem", "lga": "Guma", "state": "be"}}, {"type": "Feature", "geometry": {"type": "Polygon", "coordinates": [[[8.32564, 7.56074], [8.31452, 7.55054], [8.30984, 7.55447], [8.30538, 7.55715], [8.30062, 7.56161], [8.29764, 7.56518], [8.29348, 7.56905], [8.28961, 7.5744], [8.29947, 7.58083], [8.30328, 7.58416], [8.31355, 7.59082], [8.3404, 7.60288], [8.33694, 7.58912], [8.33428, 7.5811], [8.33229, 7.57237], [8.32564, 7.56074]]]}, "properties": {"name": "Merkyen", "lga": "Gwer West", "state": "be"}}, {"type": "Feature", "geometry": {"type": "Polygon", "coordinates": [[[8.2676, 7.56429], [8.26365, 7.57555], [8.26616, 7.58473], [8.26417, 7.5936], [8.25596, 7.61092], [8.25183, 7.61543], [8.24326, 7.62184], [8.23497, 7.62625], [8.22173, 7.62868], [8.20449, 7.63344], [8.20391, 7.64107], [8.20492, 7.65069], [8.20376, 7.66161], [8.21347, 7.6649], [8.22314, 7.66894], [8.24014, 7.67353], [8.24975, 7.67603], [8.26016, 7.68109], [8.26403, 7.68228], [8.26789, 7.68615], [8.27533, 7.69001], [8.28901, 7.69566], [8.29942, 7.70102], [8.30567, 7.7028], [8.30715, 7.69923], [8.31162, 7.69477], [8.31667, 7.68793], [8.32113, 7.68496], [8.32411, 7.68228], [8.32801, 7.68029], [8.32576, 7.67207], [8.32861, 7.66344], [8.33424, 7.659], [8.3384, 7.6529], [8.34405, 7.6515], [8.34852, 7.6493], [8.3523, 7.64373], [8.35593, 7.63594], [8.36213, 7.62858], [8.36215, 7.62141], [8.34795, 7.61336], [8.3404, 7.60288], [8.31355, 7.59082], [8.30328, 7.58416], [8.29947, 7.58083], [8.28961, 7.5744], [8.28634, 7.57381], [8.28485, 7.57292], [8.2676, 7.56429]]]}, "properties": {"name": "Saghev Ukusu", "lga": "Gwer West", "state": "be"}}, {"type": "Feature", "geometry": {"type": "Polygon", "coordinates": [[[9.20176, 7.65079], [9.16344, 7.67245], [9.16451, 7.67383], [9.17981, 7.71552], [9.19336, 7.72062], [9.20626, 7.72723], [9.22957, 7.72963], [9.25137, 7.73182], [9.26722, 7.73431], [9.27387, 7.73759], [9.27165, 7.71708], [9.27282, 7.71553], [9.27393, 7.71469], [9.27872, 7.71083], [9.28204, 7.70457], [9.28845, 7.69874], [9.2951, 7.69995], [9.29833, 7.69786], [9.30146, 7.69601], [9.30399, 7.68561], [9.30932, 7.68312], [9.31249, 7.67828], [9.31312, 7.67379], [9.31252, 7.67119], [9.30637, 7.6666], [9.31024, 7.6623], [9.31242, 7.66053], [9.31853, 7.65508], [9.31773, 7.65217], [9.30458, 7.64709], [9.29847, 7.6394], [9.29169, 7.6369], [9.28679, 7.63541], [9.27648, 7.63707], [9.26187, 7.63719], [9.24957, 7.64], [9.24652, 7.64235], [9.20176, 7.65079]]]}, "properties": {"name": "Turan", "lga": "Logo", "state": "be"}}, {"type": "Feature", "geometry": {"type": "Polygon", "coordinates": [[[8.89143, 7.69258], [8.89458, 7.6917], [8.89856, 7.69091], [8.91049, 7.66118], [8.90097, 7.65352], [8.90435, 7.64235], [8.89952, 7.63531], [8.89717, 7.63089], [8.90011, 7.61836], [8.89913, 7.61439], [8.90063, 7.60661], [8.89061, 7.59878], [8.88987, 7.59432], [8.89496, 7.58693], [8.89231, 7.58159], [8.89733, 7.55607], [8.90138, 7.54961], [8.9028, 7.54792], [8.90765, 7.53465], [8.88932, 7.53084], [8.8876, 7.54277], [8.88587, 7.5457], [8.88496, 7.55009], [8.88556, 7.55417], [8.88645, 7.5571], [8.88519, 7.56036], [8.87351, 7.55884], [8.86811, 7.55971], [8.86543, 7.56022], [8.86375, 7.56155], [8.8626, 7.56302], [8.86208, 7.56521], [8.86174, 7.56861], [8.86413, 7.59496], [8.8665, 7.59662], [8.8678, 7.59921], [8.87178, 7.60251], [8.87092, 7.61275], [8.86702, 7.62605], [8.86749, 7.62999], [8.86842, 7.63266], [8.86812, 7.64178], [8.87411, 7.64929], [8.87332, 7.66182], [8.87661, 7.66769], [8.8902, 7.6893], [8.89143, 7.69258]]]}, "properties": {"name": "Mbakyo / Yia", "lga": "Tarka", "state": "be"}}, {"type": "Feature", "geometry": {"type": "Polygon", "coordinates": [[[8.71561, 7.76667], [8.71516, 7.76571], [8.69326, 7.75314], [8.67743, 7.75015], [8.67322, 7.74719], [8.66764, 7.74432], [8.66292, 7.74159], [8.65269, 7.73877], [8.6404, 7.73948], [8.62372, 7.74349], [8.61845, 7.74472], [8.59489, 7.74404], [8.59097, 7.74302], [8.58572, 7.74161], [8.58115, 7.74103], [8.57868, 7.74175], [8.57863, 7.74497], [8.57854, 7.74734], [8.57766, 7.74956], [8.58088, 7.76012], [8.58077, 7.76914], [8.57961, 7.77128], [8.57673, 7.7733], [8.5779, 7.78023], [8.58229, 7.78208], [8.57974, 7.83534], [8.61677, 7.83357], [8.65322, 7.82637], [8.6586, 7.82615], [8.66212, 7.82603], [8.66745, 7.82697], [8.67507, 7.82632], [8.68134, 7.82444], [8.68419, 7.81307], [8.68911, 7.80597], [8.68814, 7.7965], [8.69082, 7.7894], [8.69172, 7.78581], [8.71561, 7.76667]]]}, "properties": {"name": "Agan", "lga": "Makurdi", "state": "be"}}, {"type": "Feature", "geometry": {"type": "Polygon", "coordinates": [[[8.93037, 7.83531], [8.96045, 7.93226], [9.07393, 7.96458], [9.08974, 7.96958], [9.12367, 7.98238], [9.13183, 7.9855], [9.13435, 7.98864], [9.14577, 7.97014], [9.1638, 7.93678], [9.17553, 7.91648], [9.18319, 7.89574], [9.18184, 7.89169], [9.17823, 7.88853], [9.17462, 7.88718], [9.17217, 7.88663], [9.17043, 7.88228], [9.16252, 7.86909], [9.16201, 7.86872], [9.14999, 7.85986], [9.14011, 7.84866], [9.12429, 7.8269], [9.11572, 7.80845], [9.12033, 7.79329], [9.13022, 7.78801], [9.15659, 7.7979], [9.17453, 7.80459], [9.17518, 7.7943], [9.18135, 7.75786], [9.17981, 7.71552], [9.16451, 7.67383], [9.16344, 7.67245], [9.14557, 7.66446], [9.1103, 7.70521], [9.08198, 7.7265], [9.06363, 7.76095], [9.03276, 7.77521], [9.01691, 7.80284], [8.99067, 7.80285], [8.97998, 7.80652], [8.95615, 7.80535], [8.94897, 7.80677], [8.93037, 7.83531]]]}, "properties": {"name": "Tombo", "lga": "Logo", "state": "be"}}, {"type": "Feature", "geometry": {"type": "Polygon", "coordinates": [[[8.9504, 7.51845], [8.94704, 7.52882], [8.94972, 7.54585], [8.94238, 7.55092], [8.94289, 7.55906], [8.95008, 7.57102], [8.95788, 7.57672], [8.96077, 7.5809], [8.9597, 7.58849], [8.95854, 7.59427], [8.95803, 7.61994], [8.95884, 7.62117], [8.95939, 7.62148], [8.96577, 7.62987], [8.9673, 7.63852], [8.97164, 7.64821], [8.9648, 7.66444], [8.96673, 7.67762], [8.9802, 7.67905], [8.98481, 7.67578], [8.99262, 7.66391], [8.99072, 7.64956], [8.99785, 7.63709], [8.99642, 7.62527], [8.99516, 7.61697], [8.99588, 7.60437], [8.99689, 7.59863], [9.00426, 7.58452], [9.00813, 7.57163], [9.01463, 7.56611], [9.02216, 7.56163], [9.04361, 7.57225], [9.05147, 7.55502], [9.0582, 7.54015], [9.06088, 7.53194], [9.05375, 7.5213], [9.04541, 7.51272], [9.04056, 7.50079], [9.0484, 7.48443], [9.04835, 7.48415], [9.04642, 7.48325], [9.03033, 7.48309], [9.01839, 7.4899], [9.00853, 7.49112], [8.99894, 7.48935], [8.99167, 7.49039], [8.97288, 7.49543], [8.97137, 7.50325], [8.96655, 7.51501], [8.9504, 7.51845]]]}, "properties": {"name": "Mbaya", "lga": "Buruku", "state": "be"}}, {"type": "Feature", "geometry": {"type": "Polygon", "coordinates": [[[9.16123, 7.39345], [9.15925, 7.39254], [9.14852, 7.39616], [9.14397, 7.40861], [9.13961, 7.4133], [9.13155, 7.40611], [9.11206, 7.41672], [9.11209, 7.41699], [9.119, 7.43012], [9.1181, 7.44494], [9.11597, 7.44935], [9.10896, 7.45824], [9.09363, 7.46022], [9.09271, 7.46143], [9.08946, 7.47034], [9.08236, 7.47514], [9.07697, 7.48192], [9.05046, 7.48249], [9.04835, 7.48415], [9.0484, 7.48443], [9.04056, 7.50079], [9.04541, 7.51272], [9.05375, 7.5213], [9.06088, 7.53194], [9.0582, 7.54015], [9.05147, 7.55502], [9.04361, 7.57225], [9.04803, 7.5777], [9.07929, 7.59866], [9.10187, 7.61966], [9.11198, 7.62355], [9.13177, 7.63081], [9.14715, 7.61321], [9.15271, 7.59718], [9.15535, 7.56945], [9.15824, 7.54751], [9.16398, 7.5357], [9.18331, 7.51883], [9.19091, 7.51482], [9.19449, 7.51344], [9.21623, 7.50859], [9.2165, 7.50767], [9.22106, 7.48164], [9.2217, 7.47548], [9.21881, 7.46168], [9.21168, 7.45774], [9.20602, 7.44617], [9.20443, 7.43893], [9.19665, 7.43065], [9.18811, 7.42351], [9.18233, 7.41581], [9.17611, 7.40615], [9.16957, 7.39655], [9.16123, 7.39345]]]}, "properties": {"name": "Mbaapen", "lga": "Buruku", "state": "be"}}, {"type": "Feature", "geometry": {"type": "Polygon", "coordinates": [[[8.3603, 7.96228], [8.3603, 7.98728], [8.36345, 8.01658], [8.37112, 8.04634], [8.39091, 8.07829], [8.4035, 8.09025], [8.41368, 8.09992], [8.43934, 8.07958], [8.47383, 8.04785], [8.49069, 8.02482], [8.50854, 8.00386], [8.51108, 7.98555], [8.51013, 7.96813], [8.50763, 7.95213], [8.51828, 7.93645], [8.53262, 7.92544], [8.54049, 7.9054], [8.52635, 7.89094], [8.49452, 7.85138], [8.44997, 7.84628], [8.44579, 7.83437], [8.44248, 7.8315], [8.44238, 7.82614], [8.43772, 7.82069], [8.43773, 7.81726], [8.42875, 7.81591], [8.42283, 7.81432], [8.41978, 7.81065], [8.41994, 7.80698], [8.4208, 7.80576], [8.42068, 7.80079], [8.42017, 7.80061], [8.41886, 7.80065], [8.41576, 7.79996], [8.415, 7.80139], [8.41238, 7.80485], [8.41027, 7.80809], [8.40866, 7.81189], [8.4067, 7.81767], [8.40599, 7.82964], [8.40378, 7.83447], [8.40151, 7.83821], [8.39847, 7.85738], [8.39188, 7.8788], [8.39111, 7.89046], [8.38903, 7.89263], [8.37399, 7.89923], [8.37084, 7.90223], [8.34792, 7.92815], [8.33972, 7.96099], [8.34441, 7.97342], [8.3603, 7.96228]]]}, "properties": {"name": "Mbayer / Yandev", "lga": "Guma", "state": "be"}}, {"type": "Feature", "geometry": {"type": "Polygon", "coordinates": [[[9.45685, 7.54887], [9.44094, 7.54702], [9.42734, 7.54249], [9.42372, 7.53649], [9.41192, 7.53408], [9.40667, 7.52929], [9.40354, 7.52518], [9.40006, 7.51963], [9.39491, 7.51823], [9.38785, 7.51933], [9.38328, 7.52034], [9.37907, 7.51976], [9.37541, 7.52027], [9.35895, 7.51401], [9.35518, 7.51581], [9.35322, 7.51621], [9.35021, 7.51656], [9.34852, 7.51572], [9.34625, 7.51537], [9.34037, 7.51052], [9.33806, 7.50985], [9.33143, 7.50902], [9.32788, 7.50881], [9.32491, 7.50927], [9.31798, 7.51159], [9.31404, 7.51401], [9.30794, 7.51901], [9.31098, 7.52382], [9.33699, 7.54434], [9.33969, 7.55126], [9.34587, 7.55423], [9.34892, 7.55797], [9.34935, 7.56196], [9.3557, 7.56712], [9.36423, 7.56935], [9.36788, 7.57268], [9.37158, 7.57851], [9.37214, 7.58364], [9.37851, 7.58901], [9.3833, 7.59112], [9.38594, 7.59385], [9.38895, 7.59955], [9.39086, 7.6014], [9.40182, 7.60171], [9.40535, 7.59936], [9.40783, 7.59884], [9.41062, 7.60003], [9.41387, 7.60117], [9.42355, 7.61061], [9.43002, 7.61307], [9.43654, 7.61854], [9.43878, 7.62922], [9.4491, 7.63173], [9.45516, 7.63257], [9.4597, 7.62832], [9.45988, 7.62714], [9.47007, 7.62121], [9.47549, 7.62008], [9.478, 7.61911], [9.48112, 7.61766], [9.48339, 7.61392], [9.48882, 7.60287], [9.48531, 7.5931], [9.48951, 7.58616], [9.49595, 7.57229], [9.49563, 7.5702], [9.49217, 7.56834], [9.48822, 7.56664], [9.48442, 7.56573], [9.48084, 7.56239], [9.48131, 7.55792], [9.47904, 7.55474], [9.46608, 7.55341], [9.45685, 7.54887]]]}, "properties": {"name": "Mbater", "lga": "Logo", "state": "be"}}, {"type": "Feature", "geometry": {"type": "Polygon", "coordinates": [[[8.89856, 7.69091], [8.89458, 7.6917], [8.89143, 7.69258], [8.87863, 7.70471], [8.87192, 7.70483], [8.85612, 7.70574], [8.8425, 7.71483], [8.8303, 7.72279], [8.8189, 7.73004], [8.81867, 7.73425], [8.79744, 7.7618], [8.78468, 7.77371], [8.77868, 7.78905], [8.7849, 7.78804], [8.79399, 7.79452], [8.8065, 7.8117], [8.87285, 7.80858], [8.88726, 7.8091], [8.90326, 7.81181], [8.91632, 7.82098], [8.93037, 7.83531], [8.94897, 7.80677], [8.94729, 7.78427], [8.94891, 7.77906], [8.95298, 7.75807], [8.9621, 7.74369], [8.97588, 7.73414], [8.98262, 7.72435], [8.98726, 7.71627], [8.98382, 7.70522], [8.95606, 7.69989], [8.95607, 7.6995], [8.94838, 7.69948], [8.93974, 7.69932], [8.92986, 7.70656], [8.90876, 7.69234], [8.89856, 7.69091]]]}, "properties": {"name": "Kaambe", "lga": "Guma", "state": "be"}}, {"type": "Feature", "geometry": {"type": "Polygon", "coordinates": [[[8.64681, 7.48904], [8.65153, 7.47972], [8.65499, 7.46844], [8.65407, 7.41773], [8.65098, 7.41108], [8.63931, 7.35653], [8.59526, 7.348], [8.56448, 7.3272], [8.56168, 7.32763], [8.54947, 7.32416], [8.52776, 7.3364], [8.50672, 7.34254], [8.49422, 7.34453], [8.48197, 7.34726], [8.47568, 7.35111], [8.47471, 7.35749], [8.48201, 7.36632], [8.49203, 7.37088], [8.4999, 7.37808], [8.50685, 7.39002], [8.50996, 7.39774], [8.53911, 7.39893], [8.55334, 7.40088], [8.55217, 7.4081], [8.55167, 7.4182], [8.55755, 7.42724], [8.5585, 7.42962], [8.56279, 7.43438], [8.57183, 7.44676], [8.57421, 7.45247], [8.57992, 7.47103], [8.58563, 7.48054], [8.59324, 7.50196], [8.64681, 7.48904]]]}, "properties": {"name": "Mbabur", "lga": "Gwer East", "state": "be"}}, {"type": "Feature", "geometry": {"type": "Polygon", "coordinates": [[[8.49262, 7.72983], [8.49948, 7.72762], [8.49903, 7.72527], [8.50764, 7.72247], [8.50612, 7.71833], [8.50549, 7.71672], [8.50136, 7.71188], [8.49655, 7.70611], [8.49545, 7.70506], [8.49485, 7.68758], [8.49007, 7.6836], [8.48399, 7.67649], [8.47694, 7.6681], [8.47491, 7.66274], [8.4745, 7.65885], [8.47227, 7.65767], [8.46733, 7.65275], [8.40665, 7.64277], [8.40581, 7.64719], [8.40521, 7.65326], [8.40723, 7.66082], [8.40817, 7.66344], [8.40864, 7.66756], [8.40845, 7.6715], [8.40807, 7.67203], [8.41158, 7.67443], [8.42717, 7.68673], [8.42938, 7.68841], [8.43129, 7.6889], [8.44311, 7.68987], [8.44543, 7.69026], [8.44794, 7.69135], [8.45541, 7.69607], [8.4573, 7.69691], [8.44837, 7.71095], [8.46818, 7.71633], [8.47192, 7.71854], [8.47614, 7.72102], [8.48053, 7.72245], [8.48306, 7.72312], [8.48466, 7.724], [8.49262, 7.72983]]]}, "properties": {"name": "Modern Market", "lga": "Makurdi", "state": "be"}}, {"type": "Feature", "geometry": {"type": "Polygon", "coordinates": [[[8.05603, 7.77393], [8.04978, 7.77601], [8.04562, 7.77928], [8.04027, 7.78136], [8.03283, 7.78761], [8.02867, 7.79029], [8.0242, 7.79237], [8.02093, 7.79475], [8.02153, 7.79564], [8.02629, 7.79951], [8.03461, 7.80843], [8.05692, 7.8236], [8.10124, 7.85932], [8.11381, 7.86387], [8.13939, 7.86155], [8.15986, 7.85969], [8.17568, 7.85503], [8.18036, 7.85258], [8.18312, 7.85317], [8.18545, 7.85224], [8.19103, 7.84899], [8.21522, 7.83457], [8.2065, 7.8252], [8.19812, 7.8205], [8.18665, 7.8101], [8.17434, 7.80478], [8.16715, 7.80237], [8.15724, 7.80299], [8.14608, 7.79765], [8.13512, 7.7907], [8.12761, 7.7823], [8.11779, 7.7744], [8.10204, 7.75731], [8.08934, 7.74864], [8.07804, 7.75638], [8.06406, 7.76798], [8.05603, 7.77393]]]}, "properties": {"name": "Odugbeho", "lga": "Agatu", "state": "be"}}, {"type": "Feature", "geometry": {"type": "Polygon", "coordinates": [[[9.20176, 7.65079], [9.23644, 7.59147], [9.22524, 7.58404], [9.22087, 7.58185], [9.21731, 7.57812], [9.21306, 7.57655], [9.20297, 7.57551], [9.1876, 7.57401], [9.15271, 7.59718], [9.14715, 7.61321], [9.13177, 7.63081], [9.11198, 7.62355], [9.10187, 7.61966], [9.07929, 7.59866], [9.04803, 7.5777], [9.04361, 7.57225], [9.02216, 7.56163], [9.01463, 7.56611], [9.00813, 7.57163], [9.00426, 7.58452], [8.99689, 7.59863], [8.99588, 7.60437], [8.99516, 7.61697], [8.99642, 7.62527], [8.99785, 7.63709], [8.99072, 7.64956], [8.99262, 7.66391], [8.98481, 7.67578], [8.9802, 7.67905], [8.98382, 7.70522], [8.98726, 7.71627], [8.98262, 7.72435], [8.97588, 7.73414], [8.9621, 7.74369], [8.95298, 7.75807], [8.94891, 7.77906], [8.94729, 7.78427], [8.94897, 7.80677], [8.95615, 7.80535], [8.97998, 7.80652], [8.99067, 7.80285], [9.01691, 7.80284], [9.03276, 7.77521], [9.06363, 7.76095], [9.08198, 7.7265], [9.1103, 7.70521], [9.14557, 7.66446], [9.16344, 7.67245], [9.20176, 7.65079]]]}, "properties": {"name": "Saghev", "lga": "Guma", "state": "be"}}, {"type": "Feature", "geometry": {"type": "Polygon", "coordinates": [[[8.98382, 7.70522], [8.9802, 7.67905], [8.96673, 7.67762], [8.9648, 7.66444], [8.97164, 7.64821], [8.9673, 7.63852], [8.96577, 7.62987], [8.95939, 7.62148], [8.95884, 7.62117], [8.93766, 7.63925], [8.93417, 7.65555], [8.9302, 7.6609], [8.91477, 7.68663], [8.90876, 7.69234], [8.92986, 7.70656], [8.93974, 7.69932], [8.94838, 7.69948], [8.95607, 7.6995], [8.95606, 7.69989], [8.98382, 7.70522]]]}, "properties": {"name": "Mbanyaber", "lga": "Tarka", "state": "be"}}, {"type": "Feature", "geometry": {"type": "Polygon", "coordinates": [[[8.77868, 7.78905], [8.76623, 7.78988], [8.75828, 7.78467], [8.74162, 7.77658], [8.72528, 7.80273], [8.71829, 7.83978], [8.71816, 7.85451], [8.71298, 7.87688], [8.71047, 7.89145], [8.70976, 7.92472], [8.71538, 7.9279], [8.72667, 7.93001], [8.73929, 7.93029], [8.75761, 7.93746], [8.76798, 7.94166], [8.7786, 7.96265], [8.78521, 7.98509], [8.81031, 7.99479], [8.82101, 7.99237], [8.83785, 7.97766], [8.8673, 7.95933], [8.8868, 7.94993], [8.89978, 7.94661], [8.90677, 7.94475], [8.92085, 7.93999], [8.87708, 7.89789], [8.86009, 7.87277], [8.84908, 7.86281], [8.84014, 7.84922], [8.82857, 7.83799], [8.81962, 7.81093], [8.8065, 7.8117], [8.79399, 7.79452], [8.7849, 7.78804], [8.77868, 7.78905]]]}, "properties": {"name": "Uvir", "lga": "Guma", "state": "be"}}, {"type": "Feature", "geometry": {"type": "Polygon", "coordinates": [[[8.64681, 7.48904], [8.68746, 7.5005], [8.69464, 7.51186], [8.71123, 7.52494], [8.72474, 7.53347], [8.73761, 7.54431], [8.74136, 7.54817], [8.75589, 7.55862], [8.77296, 7.54919], [8.78863, 7.54369], [8.80739, 7.53668], [8.8147, 7.53752], [8.82135, 7.50793], [8.80478, 7.50066], [8.80074, 7.49512], [8.80287, 7.48091], [8.81895, 7.47547], [8.82992, 7.46699], [8.83463, 7.46317], [8.83885, 7.45808], [8.83895, 7.44758], [8.83531, 7.4399], [8.83696, 7.42586], [8.83756, 7.42064], [8.83401, 7.40961], [8.84242, 7.39861], [8.84726, 7.39647], [8.84195, 7.39135], [8.84097, 7.39093], [8.83226, 7.39468], [8.82764, 7.40048], [8.82501, 7.40299], [8.82285, 7.40674], [8.81498, 7.4111], [8.81132, 7.41744], [8.80389, 7.4225], [8.79838, 7.42722], [8.79364, 7.43246], [8.78671, 7.43461], [8.78143, 7.43493], [8.7753, 7.43808], [8.77288, 7.44252], [8.77489, 7.4527], [8.7775, 7.45655], [8.78933, 7.46378], [8.78797, 7.47042], [8.77962, 7.47134], [8.76922, 7.46875], [8.76007, 7.47155], [8.75573, 7.47428], [8.75436, 7.4789], [8.74266, 7.48597], [8.73561, 7.48578], [8.65153, 7.47972], [8.64681, 7.48904]]]}, "properties": {"name": "Mbakwen", "lga": "Gboko", "state": "be"}}, {"type": "Feature", "geometry": {"type": "Polygon", "coordinates": [[[8.54121, 7.71182], [8.54841, 7.73363], [8.55761, 7.73503], [8.56073, 7.73492], [8.56293, 7.73552], [8.56727, 7.73819], [8.57165, 7.74002], [8.57337, 7.74167], [8.57612, 7.74163], [8.57868, 7.74175], [8.58115, 7.74103], [8.58572, 7.74161], [8.59097, 7.74302], [8.59489, 7.74404], [8.61845, 7.74472], [8.62372, 7.74349], [8.6404, 7.73948], [8.65269, 7.73877], [8.66292, 7.74159], [8.66764, 7.74432], [8.67322, 7.74719], [8.67743, 7.75015], [8.69326, 7.75314], [8.70076, 7.71984], [8.70393, 7.7026], [8.69659, 7.66114], [8.69404, 7.66049], [8.68913, 7.65642], [8.67494, 7.65232], [8.66521, 7.63195], [8.65124, 7.6096], [8.64122, 7.61352], [8.61273, 7.61357], [8.59691, 7.62088], [8.57286, 7.61729], [8.56935, 7.6234], [8.5668, 7.6289], [8.5632, 7.63517], [8.55828, 7.64116], [8.55481, 7.65532], [8.55358, 7.65716], [8.55122, 7.66179], [8.5499, 7.66394], [8.54706, 7.66675], [8.54139, 7.67183], [8.56538, 7.67565], [8.56515, 7.67881], [8.56508, 7.67969], [8.57085, 7.68431], [8.56997, 7.68598], [8.57056, 7.68629], [8.57023, 7.68705], [8.57276, 7.6887], [8.5719, 7.69204], [8.57102, 7.69185], [8.56966, 7.69157], [8.56644, 7.6968], [8.55874, 7.6933], [8.55595, 7.69394], [8.55523, 7.69608], [8.55328, 7.69631], [8.55331, 7.69805], [8.55046, 7.69841], [8.54924, 7.69856], [8.54538, 7.69867], [8.54578, 7.70189], [8.5432, 7.7022], [8.54431, 7.70851], [8.54227, 7.70948], [8.54223, 7.7095], [8.54053, 7.7096], [8.54121, 7.71182]]]}, "properties": {"name": "Fiidi", "lga": "Makurdi", "state": "be"}}, {"type": "Feature", "geometry": {"type": "Polygon", "coordinates": [[[8.93766, 7.63925], [8.95884, 7.62117], [8.95803, 7.61994], [8.95854, 7.59427], [8.9597, 7.58849], [8.96077, 7.5809], [8.95788, 7.57672], [8.95008, 7.57102], [8.94289, 7.55906], [8.94238, 7.55092], [8.94972, 7.54585], [8.94704, 7.52882], [8.92166, 7.5374], [8.9256, 7.54726], [8.9188, 7.566], [8.91645, 7.58706], [8.91751, 7.59196], [8.91657, 7.60287], [8.92565, 7.61564], [8.92591, 7.62349], [8.93766, 7.63925]]]}, "properties": {"name": "Mbaayo", "lga": "Tarka", "state": "be"}}, {"type": "Feature", "geometry": {"type": "MultiPolygon", "coordinates": [[[[8.96871, 7.28951], [8.96628, 7.28878], [8.96453, 7.28708], [8.96314, 7.28479], [8.96224, 7.28372], [8.96072, 7.27765], [8.95826, 7.2763], [8.94555, 7.28465], [8.94215, 7.28696], [8.93995, 7.28381], [8.92976, 7.27521], [8.92737, 7.27416], [8.92618, 7.27456], [8.92367, 7.28866], [8.92091, 7.29834], [8.92186, 7.30347], [8.91842, 7.33058], [8.92517, 7.33092], [8.93305, 7.33653], [8.93575, 7.34048], [8.93687, 7.34848], [8.94067, 7.35054], [8.94705, 7.35201], [8.94801, 7.35251], [8.96485, 7.35521], [8.96332, 7.34516], [8.96334, 7.34053], [8.96519, 7.32646], [8.96326, 7.32019], [8.96606, 7.30731], [8.96623, 7.30364], [8.96644, 7.29567], [8.96871, 7.28951]]], [[[8.84097, 7.39093], [8.84195, 7.39135], [8.84726, 7.39647], [8.85697, 7.40196], [8.86022, 7.41161], [8.8752, 7.42812], [8.8812, 7.43657], [8.87871, 7.45072], [8.90749, 7.44946], [8.91231, 7.43876], [8.91215, 7.42497], [8.91578, 7.41626], [8.9183, 7.41062], [8.92564, 7.40427], [8.9275, 7.40137], [8.92968, 7.39677], [8.92952, 7.39071], [8.93021, 7.38659], [8.9319, 7.37918], [8.93195, 7.37659], [8.9303, 7.3697], [8.92802, 7.36785], [8.91795, 7.36527], [8.9138, 7.36253], [8.90988, 7.36049], [8.90567, 7.35191], [8.8892, 7.35557], [8.88429, 7.36106], [8.88407, 7.36791], [8.8784, 7.37428], [8.87497, 7.37903], [8.86976, 7.3806], [8.86226, 7.38115], [8.85334, 7.37511], [8.8469, 7.37468], [8.83299, 7.37085], [8.82807, 7.37316], [8.82788, 7.37576], [8.84097, 7.39093]]]]}, "properties": {"name": "Mbatser", "lga": "Gboko", "state": "be"}}, {"type": "Feature", "geometry": {"type": "Polygon", "coordinates": [[[8.08664, 7.53138], [8.0851, 7.53939], [8.08238, 7.55357], [8.07994, 7.57343], [8.0792, 7.58547], [8.08315, 7.58832], [8.08583, 7.58832], [8.09743, 7.5907], [8.09905, 7.59403], [8.10019, 7.59993], [8.10324, 7.61097], [8.10495, 7.61858], [8.10761, 7.63571], [8.11947, 7.66933], [8.12565, 7.67111], [8.14066, 7.66947], [8.15538, 7.67526], [8.16115, 7.6756], [8.16695, 7.67449], [8.1724, 7.67552], [8.1778, 7.67275], [8.18732, 7.66519], [8.20376, 7.66161], [8.20492, 7.65069], [8.20391, 7.64107], [8.20449, 7.63344], [8.20079, 7.62153], [8.19968, 7.61411], [8.19426, 7.60552], [8.18145, 7.60372], [8.17401, 7.59881], [8.16568, 7.59728], [8.15842, 7.59183], [8.14099, 7.58899], [8.13552, 7.58251], [8.12372, 7.57465], [8.11932, 7.56838], [8.12271, 7.5533], [8.12245, 7.55144], [8.1132, 7.54403], [8.10679, 7.54216], [8.10054, 7.53932], [8.08664, 7.53138]]]}, "properties": {"name": "Mbabuande", "lga": "Gwer West", "state": "be"}}, {"type": "Feature", "geometry": {"type": "Polygon", "coordinates": [[[8.81229, 7.34892], [8.80322, 7.34777], [8.7912, 7.36501], [8.79267, 7.37305], [8.78551, 7.3792], [8.77602, 7.38852], [8.7744, 7.3962], [8.76928, 7.39981], [8.76594, 7.40289], [8.75472, 7.40781], [8.7482, 7.41781], [8.74495, 7.42517], [8.74115, 7.43219], [8.72972, 7.44428], [8.71496, 7.453], [8.65499, 7.46844], [8.65153, 7.47972], [8.73561, 7.48578], [8.74266, 7.48597], [8.75436, 7.4789], [8.75573, 7.47428], [8.76007, 7.47155], [8.76922, 7.46875], [8.77962, 7.47134], [8.78797, 7.47042], [8.78933, 7.46378], [8.7775, 7.45655], [8.77489, 7.4527], [8.77288, 7.44252], [8.7753, 7.43808], [8.78143, 7.43493], [8.78671, 7.43461], [8.79364, 7.43246], [8.79838, 7.42722], [8.80389, 7.4225], [8.81132, 7.41744], [8.81498, 7.4111], [8.82285, 7.40674], [8.82501, 7.40299], [8.82764, 7.40048], [8.83226, 7.39468], [8.84097, 7.39093], [8.82788, 7.37576], [8.82807, 7.37316], [8.8182, 7.36485], [8.81236, 7.34908], [8.81229, 7.34892]]]}, "properties": {"name": "Mbavarakaa", "lga": "Gboko", "state": "be"}}, {"type": "Feature", "geometry": {"type": "Polygon", "coordinates": [[[7.99955, 7.70912], [7.98525, 7.70936], [7.96894, 7.71356], [7.96712, 7.71105], [7.96504, 7.7048], [7.96444, 7.70094], [7.96087, 7.69409], [7.95968, 7.69023], [7.95463, 7.68012], [7.95406, 7.68156], [7.95066, 7.68749], [7.9477, 7.68966], [7.94658, 7.6932], [7.94389, 7.69792], [7.93839, 7.69992], [7.93242, 7.70189], [7.92874, 7.70129], [7.92393, 7.69985], [7.91969, 7.69709], [7.91432, 7.69311], [7.91093, 7.69593], [7.90657, 7.69835], [7.90047, 7.69788], [7.89, 7.69976], [7.88261, 7.70856], [7.85819, 7.71749], [7.85329, 7.72583], [7.85074, 7.74522], [7.85562, 7.76481], [7.84611, 7.79271], [7.8477, 7.79537], [7.86092, 7.79342], [7.89356, 7.78504], [7.89566, 7.78451], [7.90553, 7.78344], [7.91408, 7.78009], [7.93864, 7.79654], [7.97758, 7.78553], [7.96871, 7.76663], [7.97102, 7.75312], [7.97483, 7.74222], [7.99846, 7.71974], [7.99955, 7.70912]]]}, "properties": {"name": "Ojantelle / Akpete", "lga": "Apa", "state": "be"}}, {"type": "Feature", "geometry": {"type": "Polygon", "coordinates": [[[8.90063, 7.60661], [8.91657, 7.60287], [8.91751, 7.59196], [8.91645, 7.58706], [8.9188, 7.566], [8.9256, 7.54726], [8.92166, 7.5374], [8.94704, 7.52882], [8.9504, 7.51845], [8.94031, 7.51126], [8.92262, 7.5187], [8.9131, 7.52608], [8.9123, 7.53134], [8.90765, 7.53465], [8.9028, 7.54792], [8.90138, 7.54961], [8.89733, 7.55607], [8.89231, 7.58159], [8.89496, 7.58693], [8.88987, 7.59432], [8.89061, 7.59878], [8.90063, 7.60661]]]}, "properties": {"name": "Mbakyaa", "lga": "Tarka", "state": "be"}}, {"type": "Feature", "geometry": {"type": "Polygon", "coordinates": [[[8.52927, 7.71814], [8.53335, 7.70705], [8.53545, 7.68584], [8.5394, 7.674], [8.55122, 7.66179], [8.55358, 7.65716], [8.55481, 7.65532], [8.55828, 7.64116], [8.5632, 7.63517], [8.5668, 7.6289], [8.56935, 7.6234], [8.57286, 7.61729], [8.59691, 7.62088], [8.61273, 7.61357], [8.64122, 7.61352], [8.65124, 7.6096], [8.63307, 7.59931], [8.62369, 7.58933], [8.61922, 7.58411], [8.61243, 7.578], [8.60168, 7.56966], [8.58271, 7.56583], [8.57424, 7.56238], [8.55994, 7.55608], [8.54628, 7.55285], [8.52364, 7.55093], [8.51375, 7.55271], [8.48479, 7.55966], [8.47449, 7.56444], [8.464, 7.57199], [8.45143, 7.57888], [8.43944, 7.5936], [8.4234, 7.61484], [8.41213, 7.63116], [8.40665, 7.64277], [8.46733, 7.65275], [8.47227, 7.65767], [8.4745, 7.65885], [8.47491, 7.66274], [8.47694, 7.6681], [8.48399, 7.67649], [8.49007, 7.6836], [8.49485, 7.68758], [8.49545, 7.70506], [8.50612, 7.71833], [8.51172, 7.71658], [8.515, 7.71557], [8.51633, 7.71759], [8.51931, 7.71575], [8.52247, 7.71735], [8.52354, 7.71757], [8.52676, 7.71761], [8.52927, 7.71814]]]}, "properties": {"name": "Bar", "lga": "Makurdi", "state": "be"}}, {"type": "Feature", "geometry": {"type": "Polygon", "coordinates": [[[9.38664, 7.8447], [9.38513, 7.83063], [9.38078, 7.81486], [9.38486, 7.80531], [9.37929, 7.7949], [9.37845, 7.78292], [9.38155, 7.77765], [9.37861, 7.76391], [9.38176, 7.75209], [9.3743, 7.7553], [9.36625, 7.7573], [9.35737, 7.76163], [9.34856, 7.76072], [9.33857, 7.75711], [9.33141, 7.75012], [9.32447, 7.7416], [9.31995, 7.73944], [9.31441, 7.73862], [9.30596, 7.74136], [9.29761, 7.75278], [9.30163, 7.76814], [9.30257, 7.77765], [9.30037, 7.77999], [9.29639, 7.78109], [9.29197, 7.78049], [9.28354, 7.78066], [9.28007, 7.78166], [9.26962, 7.78325], [9.26888, 7.78456], [9.27003, 7.78923], [9.2731, 7.79247], [9.27273, 7.79485], [9.26576, 7.80174], [9.26409, 7.80666], [9.2684, 7.82254], [9.2726, 7.82295], [9.31479, 7.83482], [9.37807, 7.84338], [9.38664, 7.8447]]]}, "properties": {"name": "Tswarev / Ukembergya", "lga": "Logo", "state": "be"}}, {"type": "Feature", "geometry": {"type": "Polygon", "coordinates": [[[8.9131, 7.52608], [8.92262, 7.5187], [8.94031, 7.51126], [8.93667, 7.49732], [8.92876, 7.4929], [8.92274, 7.48653], [8.91723, 7.46938], [8.91009, 7.45214], [8.90749, 7.44946], [8.87871, 7.45072], [8.8785, 7.45101], [8.87589, 7.45868], [8.87452, 7.46156], [8.86606, 7.47559], [8.86595, 7.47896], [8.84595, 7.50083], [8.85437, 7.50506], [8.86766, 7.50781], [8.89241, 7.50835], [8.90413, 7.51114], [8.9131, 7.52608]]]}, "properties": {"name": "Mbaigba", "lga": "Tarka", "state": "be"}}, {"type": "Feature", "geometry": {"type": "Polygon", "coordinates": [[[9.30794, 7.51901], [9.30256, 7.51673], [9.29664, 7.50577], [9.29615, 7.49285], [9.29439, 7.46601], [9.26731, 7.45884], [9.25936, 7.47], [9.25941, 7.47218], [9.25491, 7.48131], [9.24746, 7.49143], [9.22347, 7.51197], [9.21623, 7.50859], [9.19449, 7.51344], [9.19091, 7.51482], [9.18331, 7.51883], [9.16398, 7.5357], [9.15824, 7.54751], [9.15535, 7.56945], [9.15271, 7.59718], [9.1876, 7.57401], [9.20297, 7.57551], [9.21306, 7.57655], [9.21731, 7.57812], [9.22087, 7.58185], [9.22524, 7.58404], [9.23644, 7.59147], [9.24043, 7.58983], [9.24758, 7.58171], [9.25126, 7.5802], [9.25615, 7.58074], [9.2643, 7.58324], [9.27122, 7.59292], [9.28065, 7.59412], [9.28644, 7.59833], [9.29592, 7.59757], [9.29902, 7.59745], [9.30803, 7.594], [9.3108, 7.5901], [9.31637, 7.57866], [9.32261, 7.57476], [9.32331, 7.57072], [9.34935, 7.56196], [9.34892, 7.55797], [9.34587, 7.55423], [9.33969, 7.55126], [9.33699, 7.54434], [9.31098, 7.52382], [9.30794, 7.51901]]]}, "properties": {"name": "Nenzev", "lga": "Logo", "state": "be"}}, {"type": "Feature", "geometry": {"type": "Polygon", "coordinates": [[[7.87004, 7.88328], [7.86916, 7.88519], [7.86704, 7.89419], [7.86825, 7.91292], [7.86401, 7.93001], [7.85354, 7.94652], [7.85221, 7.95293], [7.85275, 7.95868], [7.86573, 7.96526], [7.86828, 7.97397], [7.87144, 7.97686], [7.87738, 7.97585], [7.88124, 7.97079], [7.88589, 7.96856], [7.89292, 7.97463], [7.90308, 7.969], [7.93192, 7.95737], [7.97286, 7.93923], [7.98032, 7.93368], [7.97366, 7.92831], [7.96349, 7.91384], [7.95852, 7.89826], [7.95232, 7.87035], [7.94482, 7.87178], [7.93982, 7.87392], [7.93661, 7.87392], [7.92916, 7.86045], [7.92488, 7.84724], [7.91897, 7.85315], [7.89992, 7.871], [7.89602, 7.8759], [7.87004, 7.88328]]]}, "properties": {"name": "Obagaji", "lga": "Agatu", "state": "be"}}, {"type": "Feature", "geometry": {"type": "Polygon", "coordinates": [[[9.30596, 7.74136], [9.31441, 7.73862], [9.31995, 7.73944], [9.32447, 7.7416], [9.33141, 7.75012], [9.33857, 7.75711], [9.34856, 7.76072], [9.35737, 7.76163], [9.36625, 7.7573], [9.3743, 7.7553], [9.38176, 7.75209], [9.37616, 7.74633], [9.37936, 7.72965], [9.37799, 7.71769], [9.38693, 7.71944], [9.39502, 7.71992], [9.40263, 7.72134], [9.41358, 7.72467], [9.42453, 7.72658], [9.43499, 7.72896], [9.44689, 7.73324], [9.44405, 7.71515], [9.45166, 7.70593], [9.45115, 7.69145], [9.45057, 7.6757], [9.44486, 7.68064], [9.44134, 7.68708], [9.43733, 7.69542], [9.42902, 7.69838], [9.42379, 7.6965], [9.41924, 7.69486], [9.42121, 7.68975], [9.42634, 7.68207], [9.43317, 7.67507], [9.43288, 7.66543], [9.43153, 7.66106], [9.41655, 7.65506], [9.41217, 7.65356], [9.39916, 7.65163], [9.3953, 7.6536], [9.39129, 7.65536], [9.37987, 7.66459], [9.3744, 7.66616], [9.3618, 7.66283], [9.35542, 7.66467], [9.35056, 7.66674], [9.34403, 7.66918], [9.33632, 7.6689], [9.33251, 7.66902], [9.32772, 7.66657], [9.32591, 7.66468], [9.32345, 7.6602], [9.31853, 7.65508], [9.31242, 7.66053], [9.31024, 7.6623], [9.30637, 7.6666], [9.31252, 7.67119], [9.31312, 7.67379], [9.31249, 7.67828], [9.30932, 7.68312], [9.30399, 7.68561], [9.30146, 7.69601], [9.29833, 7.69786], [9.2951, 7.69995], [9.28845, 7.69874], [9.28204, 7.70457], [9.27872, 7.71083], [9.27393, 7.71469], [9.27282, 7.71553], [9.27165, 7.71708], [9.27387, 7.73759], [9.27704, 7.73765], [9.2824, 7.73709], [9.28874, 7.73556], [9.30202, 7.73832], [9.30596, 7.74136]]]}, "properties": {"name": "Mbavuur", "lga": "Logo", "state": "be"}}, {"type": "Feature", "geometry": {"type": "Polygon", "coordinates": [[[9.2684, 7.82254], [9.26409, 7.80666], [9.26576, 7.80174], [9.27273, 7.79485], [9.2731, 7.79247], [9.27003, 7.78923], [9.26888, 7.78456], [9.26962, 7.78325], [9.28007, 7.78166], [9.28354, 7.78066], [9.29197, 7.78049], [9.29639, 7.78109], [9.30037, 7.77999], [9.30257, 7.77765], [9.30163, 7.76814], [9.29761, 7.75278], [9.30596, 7.74136], [9.30202, 7.73832], [9.28874, 7.73556], [9.2824, 7.73709], [9.27704, 7.73765], [9.27387, 7.73759], [9.26722, 7.73431], [9.25137, 7.73182], [9.22957, 7.72963], [9.20626, 7.72723], [9.19336, 7.72062], [9.17981, 7.71552], [9.18135, 7.75786], [9.17518, 7.7943], [9.17453, 7.80459], [9.1902, 7.81042], [9.22514, 7.81834], [9.2684, 7.82254]]]}, "properties": {"name": "Mbagber", "lga": "Logo", "state": "be"}}, {"type": "Feature", "geometry": {"type": "Polygon", "coordinates": [[[8.69104, 8.09827], [8.69667, 8.09639], [8.70464, 8.09438], [8.6863, 8.07629], [8.6735, 8.06396], [8.65994, 8.05285], [8.6355, 8.01539], [8.62936, 8.00356], [8.63031, 7.97704], [8.62758, 7.96495], [8.64226, 7.94805], [8.64836, 7.94353], [8.66632, 7.93956], [8.68718, 7.93054], [8.70976, 7.92472], [8.71047, 7.89145], [8.71298, 7.87688], [8.71816, 7.85451], [8.71829, 7.83978], [8.72528, 7.80273], [8.74162, 7.77658], [8.72137, 7.77765], [8.71561, 7.76667], [8.69172, 7.78581], [8.69082, 7.7894], [8.68814, 7.7965], [8.68911, 7.80597], [8.68419, 7.81307], [8.68134, 7.82444], [8.67507, 7.82632], [8.66745, 7.82697], [8.66212, 7.82603], [8.6586, 7.82615], [8.65322, 7.82637], [8.61677, 7.83357], [8.60136, 7.8339], [8.59391, 7.83397], [8.58044, 7.83561], [8.57974, 7.83534], [8.56662, 7.83358], [8.54912, 7.83334], [8.49452, 7.85138], [8.52635, 7.89094], [8.54049, 7.9054], [8.54626, 7.9068], [8.55641, 7.90854], [8.56042, 7.90904], [8.57224, 7.91266], [8.57664, 7.91444], [8.58652, 7.9206], [8.58832, 7.92864], [8.58925, 7.93341], [8.58967, 7.93749], [8.58887, 7.93939], [8.58428, 7.94369], [8.58209, 7.94746], [8.57973, 7.95273], [8.58069, 7.95793], [8.58021, 7.96472], [8.58338, 7.96732], [8.58873, 7.9708], [8.59461, 7.97212], [8.59708, 7.9787], [8.59398, 7.98522], [8.58645, 7.98683], [8.57763, 7.99582], [8.57599, 7.99901], [8.57537, 8.00619], [8.57568, 8.01229], [8.57399, 8.01917], [8.57147, 8.03204], [8.57111, 8.04432], [8.57357, 8.05624], [8.57401, 8.06122], [8.57216, 8.07275], [8.57338, 8.07778], [8.58373, 8.09087], [8.58812, 8.10071], [8.59178, 8.1062], [8.59454, 8.11425], [8.60114, 8.12548], [8.63715, 8.11623], [8.69104, 8.09827]]]}, "properties": {"name": "Mbawa", "lga": "Guma", "state": "be"}}, {"type": "Feature", "geometry": {"type": "Polygon", "coordinates": [[[7.9206, 7.84189], [7.91953, 7.83832], [7.91703, 7.83368], [7.9156, 7.82868], [7.89356, 7.78504], [7.86092, 7.79342], [7.8477, 7.79537], [7.84611, 7.79271], [7.80559, 7.78954], [7.80848, 7.79926], [7.81515, 7.80638], [7.82765, 7.81606], [7.83392, 7.83133], [7.84225, 7.83907], [7.84746, 7.85152], [7.86352, 7.86991], [7.86894, 7.87815], [7.87004, 7.88328], [7.89602, 7.8759], [7.89992, 7.871], [7.91897, 7.85315], [7.92488, 7.84724], [7.9206, 7.84189]]]}, "properties": {"name": "Oshigbudu", "lga": "Agatu", "state": "be"}}, {"type": "Feature", "geometry": {"type": "Polygon", "coordinates": [[[7.86704, 7.89419], [7.86916, 7.88519], [7.87004, 7.88328], [7.86894, 7.87815], [7.86352, 7.86991], [7.84746, 7.85152], [7.84225, 7.83907], [7.83392, 7.83133], [7.82765, 7.81606], [7.81515, 7.80638], [7.80848, 7.79926], [7.80559, 7.78954], [7.7954, 7.77563], [7.76565, 7.8124], [7.75375, 7.82915], [7.75249, 7.83775], [7.75899, 7.84382], [7.78626, 7.85427], [7.79783, 7.86574], [7.80456, 7.87696], [7.80722, 7.8761], [7.81713, 7.89184], [7.82448, 7.90476], [7.82151, 7.911], [7.82147, 7.91442], [7.83152, 7.91236], [7.85821, 7.89651], [7.86704, 7.89419]]]}, "properties": {"name": "Enungba", "lga": "Agatu", "state": "be"}}, {"type": "Feature", "geometry": {"type": "Polygon", "coordinates": [[[7.80456, 7.87696], [7.79783, 7.86574], [7.78626, 7.85427], [7.75899, 7.84382], [7.75249, 7.83775], [7.75375, 7.82915], [7.76565, 7.8124], [7.7954, 7.77563], [7.79212, 7.76495], [7.75017, 7.75179], [7.74469, 7.76866], [7.72818, 7.79243], [7.69343, 7.83788], [7.69285, 7.83863], [7.66975, 7.88483], [7.66364, 7.90589], [7.66432, 7.9351], [7.6663, 7.94897], [7.66841, 7.94639], [7.67406, 7.94312], [7.6803, 7.94045], [7.68506, 7.93896], [7.69161, 7.93479], [7.70023, 7.93242], [7.70737, 7.92736], [7.72135, 7.92171], [7.73206, 7.91487], [7.74514, 7.90951], [7.74782, 7.90713], [7.75823, 7.90237], [7.76924, 7.89672], [7.77381, 7.89564], [7.78862, 7.88791], [7.80456, 7.87696]]]}, "properties": {"name": "Ogwule - Ogbaulu", "lga": "Agatu", "state": "be"}}, {"type": "Feature", "geometry": {"type": "Polygon", "coordinates": [[[7.95055, 7.66628], [7.95348, 7.67103], [7.95195, 7.67625], [8.01991, 7.66199], [8.02543, 7.66008], [8.03514, 7.65818], [8.03876, 7.65647], [8.04599, 7.65628], [8.05075, 7.65494], [8.05874, 7.6538], [8.06674, 7.65171], [8.06913, 7.65058], [8.07295, 7.62654], [8.07683, 7.61187], [8.06676, 7.60061], [8.05672, 7.59391], [8.05233, 7.59705], [8.04543, 7.60062], [8.01521, 7.61323], [8.00403, 7.61632], [7.99951, 7.6168], [7.94835, 7.63559], [7.93812, 7.63773], [7.935, 7.63877], [7.90049, 7.63847], [7.93542, 7.65694], [7.95055, 7.66628]]]}, "properties": {"name": "Edikwu 2", "lga": "Apa", "state": "be"}}, {"type": "Feature", "geometry": {"type": "Polygon", "coordinates": [[[9.23644, 7.59147], [9.20176, 7.65079], [9.24652, 7.64235], [9.24957, 7.64], [9.26187, 7.63719], [9.27648, 7.63707], [9.28679, 7.63541], [9.29169, 7.6369], [9.29847, 7.6394], [9.30458, 7.64709], [9.31773, 7.65217], [9.31853, 7.65508], [9.32345, 7.6602], [9.32591, 7.66468], [9.32772, 7.66657], [9.33251, 7.66902], [9.33632, 7.6689], [9.34403, 7.66918], [9.35056, 7.66674], [9.35542, 7.66467], [9.3618, 7.66283], [9.3744, 7.66616], [9.37987, 7.66459], [9.39129, 7.65536], [9.3953, 7.6536], [9.39916, 7.65163], [9.41217, 7.65356], [9.41655, 7.65506], [9.43153, 7.66106], [9.43288, 7.66543], [9.43317, 7.67507], [9.42634, 7.68207], [9.42121, 7.68975], [9.41924, 7.69486], [9.42379, 7.6965], [9.42902, 7.69838], [9.43733, 7.69542], [9.44134, 7.68708], [9.44486, 7.68064], [9.45057, 7.6757], [9.45079, 7.67468], [9.45147, 7.67094], [9.45505, 7.66602], [9.45591, 7.66336], [9.45908, 7.65972], [9.4629, 7.64478], [9.46463, 7.64188], [9.46478, 7.63506], [9.4597, 7.62832], [9.45516, 7.63257], [9.4491, 7.63173], [9.43878, 7.62922], [9.43654, 7.61854], [9.43002, 7.61307], [9.42355, 7.61061], [9.41387, 7.60117], [9.41062, 7.60003], [9.40783, 7.59884], [9.40535, 7.59936], [9.40182, 7.60171], [9.39086, 7.6014], [9.38895, 7.59955], [9.38594, 7.59385], [9.3833, 7.59112], [9.37851, 7.58901], [9.37214, 7.58364], [9.37158, 7.57851], [9.36788, 7.57268], [9.36423, 7.56935], [9.3557, 7.56712], [9.34935, 7.56196], [9.32331, 7.57072], [9.32261, 7.57476], [9.31637, 7.57866], [9.3108, 7.5901], [9.30803, 7.594], [9.29902, 7.59745], [9.29592, 7.59757], [9.28644, 7.59833], [9.28065, 7.59412], [9.27122, 7.59292], [9.2643, 7.58324], [9.25615, 7.58074], [9.25126, 7.5802], [9.24758, 7.58171], [9.24043, 7.58983], [9.23644, 7.59147]]]}, "properties": {"name": "Yonov", "lga": "Logo", "state": "be"}}, {"type": "Feature", "geometry": {"type": "Polygon", "coordinates": [[[8.84726, 7.39647], [8.84242, 7.39861], [8.83401, 7.40961], [8.83756, 7.42064], [8.83696, 7.42586], [8.83531, 7.4399], [8.83895, 7.44758], [8.83885, 7.45808], [8.83463, 7.46317], [8.82992, 7.46699], [8.81895, 7.47547], [8.80287, 7.48091], [8.80074, 7.49512], [8.80478, 7.50066], [8.82135, 7.50793], [8.82887, 7.50878], [8.84142, 7.49919], [8.84595, 7.50083], [8.86595, 7.47896], [8.86606, 7.47559], [8.87452, 7.46156], [8.87589, 7.45868], [8.8785, 7.45101], [8.87871, 7.45072], [8.8812, 7.43657], [8.8752, 7.42812], [8.86022, 7.41161], [8.85697, 7.40196], [8.84726, 7.39647]]]}, "properties": {"name": "Mbadam", "lga": "Gboko", "state": "be"}}, {"type": "Feature", "geometry": {"type": "Polygon", "coordinates": [[[8.36279, 7.47339], [8.36565, 7.46578], [8.3704, 7.45721], [8.37707, 7.44769], [8.39705, 7.4001], [8.42014, 7.39833], [8.39581, 7.37563], [8.39324, 7.36842], [8.3893, 7.35302], [8.38981, 7.32662], [8.39291, 7.31794], [8.37777, 7.31272], [8.3662, 7.30699], [8.36161, 7.30091], [8.35454, 7.29153], [8.35722, 7.2757], [8.3637, 7.2667], [8.36734, 7.25782], [8.36475, 7.24648], [8.35792, 7.23414], [8.34638, 7.23304], [8.33196, 7.24312], [8.3225, 7.25983], [8.31018, 7.26085], [8.29146, 7.27957], [8.29043, 7.29579], [8.27729, 7.31279], [8.25728, 7.32344], [8.24582, 7.33912], [8.24186, 7.34667], [8.21501, 7.34696], [8.21038, 7.3625], [8.21723, 7.37995], [8.23155, 7.39116], [8.2348, 7.40252], [8.24121, 7.4109], [8.2591, 7.4192], [8.26468, 7.42405], [8.27116, 7.43199], [8.27519, 7.44362], [8.27528, 7.45338], [8.27155, 7.46024], [8.26587, 7.47192], [8.25781, 7.4871], [8.26871, 7.50686], [8.28236, 7.52345], [8.30196, 7.53741], [8.31183, 7.54807], [8.31806, 7.54002], [8.32853, 7.53145], [8.33328, 7.52574], [8.3409, 7.51432], [8.35137, 7.50099], [8.34157, 7.49398], [8.31195, 7.45741], [8.30805, 7.45152], [8.3009, 7.42983], [8.29971, 7.42237], [8.29849, 7.40678], [8.29698, 7.39411], [8.30074, 7.3876], [8.31429, 7.38456], [8.32755, 7.39001], [8.33234, 7.40477], [8.34404, 7.41701], [8.34984, 7.43093], [8.352, 7.44683], [8.36279, 7.47339]]]}, "properties": {"name": "Ugee", "lga": "Gwer East", "state": "be"}}, {"type": "Feature", "geometry": {"type": "Polygon", "coordinates": [[[8.76608, 7.57885], [8.76037, 7.61075], [8.75922, 7.62575], [8.79767, 7.60861], [8.80213, 7.5985], [8.80362, 7.59404], [8.80451, 7.58779], [8.80527, 7.56902], [8.80676, 7.5643], [8.8114, 7.55894], [8.81425, 7.55395], [8.83504, 7.5465], [8.84028, 7.54454], [8.84904, 7.54034], [8.85156, 7.53841], [8.85405, 7.53156], [8.86005, 7.52561], [8.86523, 7.51358], [8.86766, 7.50781], [8.85437, 7.50506], [8.84595, 7.50083], [8.84142, 7.49919], [8.82887, 7.50878], [8.82135, 7.50793], [8.8147, 7.53752], [8.80739, 7.53668], [8.78863, 7.54369], [8.77296, 7.54919], [8.75589, 7.55862], [8.76353, 7.56392], [8.76869, 7.56913], [8.76732, 7.57422], [8.76608, 7.57885]]]}, "properties": {"name": "Shitile", "lga": "Tarka", "state": "be"}}, {"type": "Feature", "geometry": {"type": "Polygon", "coordinates": [[[8.2676, 7.56429], [8.25779, 7.56102], [8.24202, 7.55299], [8.21892, 7.54557], [8.22035, 7.54379], [8.22321, 7.53843], [8.21886, 7.5383], [8.21403, 7.52751], [8.21156, 7.52105], [8.20064, 7.51166], [8.19821, 7.50371], [8.18758, 7.50395], [8.17017, 7.51238], [8.16278, 7.5119], [8.15133, 7.51857], [8.14698, 7.52248], [8.14406, 7.53118], [8.14252, 7.53859], [8.14075, 7.54461], [8.12245, 7.55144], [8.12271, 7.5533], [8.11932, 7.56838], [8.12372, 7.57465], [8.13552, 7.58251], [8.14099, 7.58899], [8.15842, 7.59183], [8.16568, 7.59728], [8.17401, 7.59881], [8.18145, 7.60372], [8.19426, 7.60552], [8.19968, 7.61411], [8.20079, 7.62153], [8.20449, 7.63344], [8.22173, 7.62868], [8.23497, 7.62625], [8.24326, 7.62184], [8.25183, 7.61543], [8.25596, 7.61092], [8.26417, 7.5936], [8.26616, 7.58473], [8.26365, 7.57555], [8.2676, 7.56429]]]}, "properties": {"name": "Ikyaghev", "lga": "Gwer West", "state": "be"}}, {"type": "Feature", "geometry": {"type": "Polygon", "coordinates": [[[8.10346, 7.67229], [8.0982, 7.6751], [8.08711, 7.67621], [8.06268, 7.69054], [8.04866, 7.69331], [8.03447, 7.70046], [8.0265, 7.70272], [8.03488, 7.73348], [8.03822, 7.73671], [8.08934, 7.74864], [8.10204, 7.75731], [8.10272, 7.75246], [8.10852, 7.73219], [8.11456, 7.72491], [8.11768, 7.70764], [8.13356, 7.70378], [8.14101, 7.692], [8.14403, 7.68856], [8.15538, 7.67526], [8.14066, 7.66947], [8.12565, 7.67111], [8.11947, 7.66933], [8.10346, 7.67229]]]}, "properties": {"name": "Mbapupuu / Tswarev", "lga": "Gwer West", "state": "be"}}, {"type": "Feature", "geometry": {"type": "Polygon", "coordinates": [[[8.70976, 7.92472], [8.68718, 7.93054], [8.66632, 7.93956], [8.64836, 7.94353], [8.64226, 7.94805], [8.62758, 7.96495], [8.63031, 7.97704], [8.62936, 8.00356], [8.6355, 8.01539], [8.65396, 8.04321], [8.66343, 8.028], [8.66706, 8.00319], [8.6718, 7.9822], [8.67937, 7.96449], [8.70008, 7.95176], [8.71053, 7.94082], [8.70976, 7.92472]]]}, "properties": {"name": "Mbabai", "lga": "Guma", "state": "be"}}, {"type": "Feature", "geometry": {"type": "Polygon", "coordinates": [[[9.04642, 7.48325], [9.04835, 7.48415], [9.05046, 7.48249], [9.07697, 7.48192], [9.08236, 7.47514], [9.08946, 7.47034], [9.09271, 7.46143], [9.09363, 7.46022], [9.09004, 7.44522], [9.08192, 7.43762], [9.07862, 7.43284], [9.07139, 7.42568], [9.06377, 7.42252], [9.05876, 7.41737], [9.04506, 7.40497], [9.04242, 7.39914], [9.02877, 7.39096], [9.02491, 7.39536], [9.0248, 7.40991], [9.02412, 7.41499], [9.02584, 7.41985], [9.02314, 7.43219], [9.02717, 7.43699], [9.034, 7.44139], [9.03537, 7.44741], [9.0374, 7.45142], [9.0374, 7.46364], [9.04218, 7.47275], [9.04642, 7.48325]]]}, "properties": {"name": "Mbaiwar", "lga": "Gboko", "state": "be"}}, {"type": "Feature", "geometry": {"type": "Polygon", "coordinates": [[[7.86704, 7.89419], [7.85821, 7.89651], [7.83152, 7.91236], [7.82147, 7.91442], [7.81885, 7.91799], [7.81766, 7.92132], [7.81552, 7.92988], [7.81504, 7.9344], [7.81385, 7.93726], [7.80862, 7.94559], [7.79791, 7.94987], [7.78221, 7.95249], [7.7734, 7.9532], [7.75889, 7.95701], [7.7527, 7.95915], [7.74556, 7.96296], [7.72754, 7.97033], [7.71981, 7.97242], [7.71118, 7.97539], [7.6969, 7.98164], [7.67278, 7.99194], [7.67684, 8.01447], [7.69747, 8.01366], [7.72778, 8.00815], [7.7384, 8.00622], [7.76073, 8.00343], [7.7826, 7.99878], [7.81097, 7.99133], [7.83842, 7.98529], [7.86726, 7.98622], [7.87703, 7.98343], [7.89292, 7.97463], [7.88589, 7.96856], [7.88124, 7.97079], [7.87738, 7.97585], [7.87144, 7.97686], [7.86828, 7.97397], [7.86573, 7.96526], [7.85275, 7.95868], [7.85221, 7.95293], [7.85354, 7.94652], [7.86401, 7.93001], [7.86825, 7.91292], [7.86704, 7.89419]]]}, "properties": {"name": "Usha", "lga": "Agatu", "state": "be"}}, {"type": "Feature", "geometry": {"type": "Polygon", "coordinates": [[[7.95055, 7.66628], [7.93542, 7.65694], [7.90049, 7.63847], [7.89365, 7.63996], [7.88889, 7.63996], [7.88324, 7.64204], [7.8825, 7.63575], [7.87309, 7.63453], [7.86594, 7.63796], [7.85908, 7.64665], [7.85803, 7.65018], [7.85713, 7.65806], [7.85657, 7.6595], [7.8627, 7.66323], [7.88081, 7.67767], [7.89074, 7.68192], [7.9054, 7.68911], [7.91432, 7.69311], [7.91969, 7.69709], [7.92393, 7.69985], [7.92874, 7.70129], [7.93242, 7.70189], [7.93839, 7.69992], [7.94389, 7.69792], [7.94658, 7.6932], [7.9477, 7.68966], [7.95066, 7.68749], [7.95406, 7.68156], [7.95463, 7.68012], [7.95195, 7.67625], [7.95348, 7.67103], [7.95055, 7.66628]]]}, "properties": {"name": "Ugbokpo", "lga": "Apa", "state": "be"}}, {"type": "Feature", "geometry": {"type": "Polygon", "coordinates": [[[8.10204, 7.75731], [8.11779, 7.7744], [8.14052, 7.75965], [8.14986, 7.75437], [8.15279, 7.75382], [8.17808, 7.76958], [8.1806, 7.77241], [8.18608, 7.77644], [8.18846, 7.77858], [8.19226, 7.78524], [8.20059, 7.79547], [8.20966, 7.77727], [8.21216, 7.77085], [8.21287, 7.76656], [8.2193, 7.75336], [8.22644, 7.72516], [8.22786, 7.71517], [8.23108, 7.70767], [8.2325, 7.70303], [8.23358, 7.69482], [8.23333, 7.68278], [8.24975, 7.67603], [8.24014, 7.67353], [8.22314, 7.66894], [8.21347, 7.6649], [8.20376, 7.66161], [8.18732, 7.66519], [8.1778, 7.67275], [8.1724, 7.67552], [8.16695, 7.67449], [8.16115, 7.6756], [8.15538, 7.67526], [8.14403, 7.68856], [8.14101, 7.692], [8.13356, 7.70378], [8.11768, 7.70764], [8.11456, 7.72491], [8.10852, 7.73219], [8.10272, 7.75246], [8.10204, 7.75731]]]}, "properties": {"name": "Mbachohon", "lga": "Gwer West", "state": "be"}}, {"type": "Feature", "geometry": {"type": "Polygon", "coordinates": [[[9.65755, 7.63348], [9.65116, 7.62189], [9.63394, 7.61791], [9.60757, 7.6281], [9.60895, 7.65635], [9.60713, 7.65905], [9.58922, 7.70412], [9.5916, 7.70977], [9.59428, 7.71453], [9.59636, 7.72464], [9.60379, 7.73624], [9.61123, 7.75051], [9.62908, 7.77818], [9.64306, 7.79988], [9.66943, 7.76296], [9.69054, 7.72849], [9.67689, 7.69772], [9.6757, 7.69088], [9.6644, 7.66114], [9.66231, 7.65281], [9.66231, 7.64508], [9.65904, 7.63972], [9.65755, 7.63348]]]}, "properties": {"name": "Azendeshi", "lga": "Ukum", "state": "be"}}, {"type": "Feature", "geometry": {"type": "Polygon", "coordinates": [[[8.78189, 7.69294], [8.8189, 7.73004], [8.8303, 7.72279], [8.8425, 7.71483], [8.85612, 7.70574], [8.87192, 7.70483], [8.87863, 7.70471], [8.89143, 7.69258], [8.8902, 7.6893], [8.87661, 7.66769], [8.87332, 7.66182], [8.87411, 7.64929], [8.86812, 7.64178], [8.86842, 7.63266], [8.86749, 7.62999], [8.86702, 7.62605], [8.87092, 7.61275], [8.87178, 7.60251], [8.8678, 7.59921], [8.8665, 7.59662], [8.86413, 7.59496], [8.86174, 7.56861], [8.86208, 7.56521], [8.8626, 7.56302], [8.86375, 7.56155], [8.86543, 7.56022], [8.86811, 7.55971], [8.87351, 7.55884], [8.88519, 7.56036], [8.88645, 7.5571], [8.88556, 7.55417], [8.88496, 7.55009], [8.88587, 7.5457], [8.8876, 7.54277], [8.88932, 7.53084], [8.90765, 7.53465], [8.9123, 7.53134], [8.9131, 7.52608], [8.90413, 7.51114], [8.89241, 7.50835], [8.86766, 7.50781], [8.86523, 7.51358], [8.86005, 7.52561], [8.85405, 7.53156], [8.85156, 7.53841], [8.84904, 7.54034], [8.84028, 7.54454], [8.83504, 7.5465], [8.82745, 7.59479], [8.83942, 7.6036], [8.83761, 7.60647], [8.8428, 7.61773], [8.84344, 7.62649], [8.84446, 7.63116], [8.8482, 7.63887], [8.85163, 7.6458], [8.85069, 7.65365], [8.85113, 7.65969], [8.85454, 7.66886], [8.85147, 7.68651], [8.84811, 7.68814], [8.84039, 7.6888], [8.82507, 7.69175], [8.82449, 7.69561], [8.815, 7.69393], [8.80365, 7.69112], [8.78189, 7.69294]]]}, "properties": {"name": "Mbachaverikyondo", "lga": "Tarka", "state": "be"}}, {"type": "Feature", "geometry": {"type": "Polygon", "coordinates": [[[8.94031, 7.51126], [8.9504, 7.51845], [8.96655, 7.51501], [8.97137, 7.50325], [8.97288, 7.49543], [8.96187, 7.47968], [8.96387, 7.4751], [8.96317, 7.47019], [8.96285, 7.46247], [8.96757, 7.44984], [8.97423, 7.44369], [8.97907, 7.43605], [8.97968, 7.43085], [8.97984, 7.41458], [8.9772, 7.40765], [8.97843, 7.39985], [8.97986, 7.39252], [8.97899, 7.39055], [8.99368, 7.37183], [8.9923, 7.37039], [8.99118, 7.36503], [8.99146, 7.36143], [8.99271, 7.36044], [8.99197, 7.35565], [8.98399, 7.35176], [8.98286, 7.35008], [8.98161, 7.34564], [8.97952, 7.34668], [8.97723, 7.34989], [8.97567, 7.35308], [8.97191, 7.35734], [8.96832, 7.36058], [8.96485, 7.35521], [8.94801, 7.35251], [8.94705, 7.35201], [8.94067, 7.35054], [8.93687, 7.34848], [8.93575, 7.34048], [8.93305, 7.33653], [8.92517, 7.33092], [8.91842, 7.33058], [8.91052, 7.33507], [8.91026, 7.33974], [8.90834, 7.34441], [8.90567, 7.35191], [8.90988, 7.36049], [8.9138, 7.36253], [8.91795, 7.36527], [8.92802, 7.36785], [8.9303, 7.3697], [8.93195, 7.37659], [8.9319, 7.37918], [8.93021, 7.38659], [8.92952, 7.39071], [8.92968, 7.39677], [8.9275, 7.40137], [8.92564, 7.40427], [8.9183, 7.41062], [8.91578, 7.41626], [8.91215, 7.42497], [8.91231, 7.43876], [8.90749, 7.44946], [8.91009, 7.45214], [8.91723, 7.46938], [8.92274, 7.48653], [8.92876, 7.4929], [8.93667, 7.49732], [8.94031, 7.51126]]]}, "properties": {"name": "Mbatyu", "lga": "Gboko", "state": "be"}}, {"type": "Feature", "geometry": {"type": "Polygon", "coordinates": [[[9.55026, 7.69876], [9.58268, 7.70441], [9.58922, 7.70412], [9.60713, 7.65905], [9.60895, 7.65635], [9.60757, 7.6281], [9.60268, 7.61992], [9.58508, 7.61046], [9.5767, 7.60283], [9.56238, 7.59528], [9.54414, 7.58179], [9.5389, 7.57779], [9.53152, 7.56693], [9.52939, 7.56554], [9.52398, 7.56329], [9.51779, 7.56619], [9.50101, 7.56202], [9.49874, 7.56397], [9.49563, 7.5702], [9.49595, 7.57229], [9.48951, 7.58616], [9.48531, 7.5931], [9.48882, 7.60287], [9.48339, 7.61392], [9.48112, 7.61766], [9.478, 7.61911], [9.47549, 7.62008], [9.47007, 7.62121], [9.45988, 7.62714], [9.4597, 7.62832], [9.46478, 7.63506], [9.46463, 7.64188], [9.4629, 7.64478], [9.45908, 7.65972], [9.46509, 7.65666], [9.47198, 7.65468], [9.48011, 7.65624], [9.48277, 7.6604], [9.48487, 7.66402], [9.49536, 7.67504], [9.50315, 7.68386], [9.52303, 7.69469], [9.53687, 7.69698], [9.54371, 7.69876], [9.55026, 7.69876]]]}, "properties": {"name": "Ityuluv", "lga": "Ukum", "state": "be"}}, {"type": "Feature", "geometry": {"type": "Polygon", "coordinates": [[[8.82745, 7.59479], [8.82537, 7.60847], [8.8218, 7.62423], [8.8212, 7.63226], [8.8218, 7.65308], [8.78786, 7.65234], [8.78905, 7.64728], [8.79083, 7.64252], [8.79202, 7.63628], [8.79261, 7.63033], [8.79261, 7.62408], [8.79767, 7.60861], [8.75922, 7.62575], [8.76314, 7.63973], [8.76785, 7.6533], [8.76388, 7.65902], [8.77356, 7.67838], [8.77914, 7.69088], [8.78189, 7.69294], [8.80365, 7.69112], [8.815, 7.69393], [8.82449, 7.69561], [8.82507, 7.69175], [8.84039, 7.6888], [8.84811, 7.68814], [8.85147, 7.68651], [8.85454, 7.66886], [8.85113, 7.65969], [8.85069, 7.65365], [8.85163, 7.6458], [8.8482, 7.63887], [8.84446, 7.63116], [8.84344, 7.62649], [8.8428, 7.61773], [8.83761, 7.60647], [8.83942, 7.6036], [8.82745, 7.59479]]]}, "properties": {"name": "Mbaajirekaa", "lga": "Tarka", "state": "be"}}, {"type": "Feature", "geometry": {"type": "Polygon", "coordinates": [[[9.02877, 7.39096], [9.02645, 7.3866], [9.02201, 7.38451], [9.01945, 7.38461], [9.00514, 7.37473], [8.99819, 7.3736], [8.99368, 7.37183], [8.97899, 7.39055], [8.97986, 7.39252], [8.97843, 7.39985], [8.9772, 7.40765], [8.97984, 7.41458], [8.97968, 7.43085], [8.97907, 7.43605], [8.97423, 7.44369], [8.96757, 7.44984], [8.96285, 7.46247], [8.96317, 7.47019], [8.96387, 7.4751], [8.96187, 7.47968], [8.97288, 7.49543], [8.99167, 7.49039], [8.99894, 7.48935], [9.00853, 7.49112], [9.01839, 7.4899], [9.03033, 7.48309], [9.04642, 7.48325], [9.04218, 7.47275], [9.0374, 7.46364], [9.0374, 7.45142], [9.03537, 7.44741], [9.034, 7.44139], [9.02717, 7.43699], [9.02314, 7.43219], [9.02584, 7.41985], [9.02412, 7.41499], [9.0248, 7.40991], [9.02491, 7.39536], [9.02877, 7.39096]]]}, "properties": {"name": "Ukpekpe", "lga": "Gboko", "state": "be"}}, {"type": "Feature", "geometry": {"type": "Polygon", "coordinates": [[[8.02691, 7.85286], [8.03191, 7.85215], [8.03976, 7.85215], [8.04324, 7.85099], [8.05187, 7.8495], [8.08607, 7.84772], [8.05692, 7.8236], [8.03461, 7.80843], [8.02629, 7.79951], [8.02153, 7.79564], [8.02093, 7.79475], [8.0242, 7.79237], [8.02867, 7.79029], [8.03283, 7.78761], [8.04027, 7.78136], [8.04562, 7.77928], [8.04978, 7.77601], [8.05603, 7.77393], [8.06406, 7.76798], [8.07804, 7.75638], [8.08934, 7.74864], [8.03822, 7.73671], [8.03488, 7.73348], [8.0265, 7.70272], [7.99955, 7.70912], [7.99846, 7.71974], [7.97483, 7.74222], [7.97102, 7.75312], [7.96871, 7.76663], [7.97758, 7.78553], [7.93864, 7.79654], [7.91408, 7.78009], [7.90553, 7.78344], [7.89566, 7.78451], [7.89356, 7.78504], [7.9156, 7.82868], [7.91703, 7.83368], [7.91953, 7.83832], [7.9206, 7.84189], [7.92488, 7.84724], [7.92916, 7.86045], [7.93661, 7.87392], [7.97159, 7.86571], [7.98836, 7.86107], [7.99229, 7.85928], [8.00014, 7.85786], [8.01085, 7.85679], [8.02691, 7.85286]]]}, "properties": {"name": "Ogbaulu", "lga": "Agatu", "state": "be"}}, {"type": "Feature", "geometry": {"type": "Polygon", "coordinates": [[[8.33704, 6.94683], [8.33157, 6.93707], [8.3248, 6.92911], [8.32289, 6.93158], [8.31814, 6.93558], [8.31699, 6.93729], [8.31204, 6.94529], [8.30919, 6.94358], [8.30614, 6.94072], [8.30392, 6.94436], [8.30213, 6.94511], [8.29757, 6.94882], [8.31274, 6.9631], [8.32013, 6.97697], [8.32192, 6.98199], [8.32403, 6.97943], [8.33067, 6.97476], [8.33248, 6.9722], [8.34454, 6.96466], [8.35058, 6.95868], [8.34656, 6.95492], [8.34037, 6.95016], [8.33704, 6.94683]]]}, "properties": {"name": "Okpokwu", "lga": "Obi", "state": "be"}}, {"type": "Feature", "geometry": {"type": "Polygon", "coordinates": [[[7.6697, 7.05449], [7.66804, 7.05358], [7.66722, 7.05583], [7.66873, 7.06065], [7.66963, 7.06638], [7.67099, 7.07166], [7.67401, 7.07965], [7.67599, 7.08069], [7.67713, 7.07822], [7.68189, 7.07099], [7.68741, 7.06775], [7.68784, 7.06099], [7.68879, 7.0579], [7.6697, 7.05449]]]}, "properties": {"name": "Olachagbaha", "lga": "Ogbadibo", "state": "be"}}, {"type": "Feature", "geometry": {"type": "Polygon", "coordinates": [[[7.65417, 7.04514], [7.6412, 7.04092], [7.63891, 7.04107], [7.63916, 7.04237], [7.63739, 7.07609], [7.64414, 7.08632], [7.65277, 7.09936], [7.66492, 7.105], [7.66799, 7.0984], [7.67294, 7.08964], [7.67466, 7.08374], [7.67599, 7.08069], [7.67401, 7.07965], [7.67099, 7.07166], [7.66963, 7.06638], [7.66873, 7.06065], [7.66722, 7.05583], [7.66804, 7.05358], [7.66593, 7.05117], [7.66352, 7.04966], [7.65417, 7.04514]]]}, "properties": {"name": "Ai-Oche", "lga": "Ogbadibo", "state": "be"}}, {"type": "Feature", "geometry": {"type": "Polygon", "coordinates": [[[9.21848, 7.09174], [9.2145, 7.09005], [9.19736, 7.10385], [9.17976, 7.12574], [9.17428, 7.1305], [9.1631, 7.14169], [9.15739, 7.15192], [9.15525, 7.15739], [9.14453, 7.17396], [9.14625, 7.1751], [9.15081, 7.17681], [9.15672, 7.18081], [9.16186, 7.18214], [9.16661, 7.18538], [9.17442, 7.18728], [9.18032, 7.19147], [9.18241, 7.19165], [9.18469, 7.18563], [9.18707, 7.18111], [9.19326, 7.17231], [9.19754, 7.16898], [9.20087, 7.16469], [9.20546, 7.15605], [9.20587, 7.1528], [9.223, 7.12448], [9.22681, 7.1171], [9.22752, 7.11401], [9.23014, 7.11149], [9.23014, 7.10816], [9.21848, 7.09174]]]}, "properties": {"name": "Mbaade", "lga": "Buruku", "state": "be"}}, {"type": "Feature", "geometry": {"type": "Polygon", "coordinates": [[[9.31563, 7.23886], [9.3167, 7.2191], [9.31011, 7.20988], [9.29379, 7.19697], [9.28625, 7.18872], [9.27995, 7.18506], [9.27383, 7.17853], [9.27577, 7.16571], [9.28102, 7.15474], [9.28955, 7.14847], [9.29715, 7.13834], [9.29871, 7.13067], [9.29279, 7.11793], [9.28656, 7.1059], [9.28184, 7.11158], [9.27862, 7.11765], [9.27434, 7.12407], [9.27077, 7.12728], [9.2672, 7.12978], [9.26256, 7.13621], [9.25078, 7.14477], [9.23139, 7.17081], [9.2308, 7.17467], [9.22871, 7.17914], [9.2299, 7.18984], [9.23169, 7.19906], [9.23764, 7.21096], [9.23912, 7.2178], [9.24031, 7.22018], [9.24031, 7.22226], [9.25125, 7.23791], [9.27124, 7.23601], [9.29427, 7.2362], [9.29713, 7.23677], [9.30474, 7.23677], [9.3095, 7.23848], [9.31257, 7.24056], [9.31563, 7.23886]]]}, "properties": {"name": "Etulo", "lga": "Buruku", "state": "be"}}, {"type": "Feature", "geometry": {"type": "Polygon", "coordinates": [[[9.22947, 7.39934], [9.23554, 7.39862], [9.25125, 7.39862], [9.25624, 7.39755], [9.27587, 7.39755], [9.28837, 7.39898], [9.29294, 7.39843], [9.28508, 7.38057], [9.28162, 7.3625], [9.28246, 7.35002], [9.2748, 7.34925], [9.26338, 7.34901], [9.25696, 7.34711], [9.23959, 7.34687], [9.21936, 7.34925], [9.19462, 7.34925], [9.19152, 7.34997], [9.18123, 7.35054], [9.184, 7.35801], [9.18428, 7.368], [9.18215, 7.36968], [9.18568, 7.37458], [9.1871, 7.37743], [9.19091, 7.38933], [9.19426, 7.4032], [9.19985, 7.40291], [9.20984, 7.40148], [9.22412, 7.40077], [9.22947, 7.39934]]]}, "properties": {"name": "Mbaikyongo", "lga": "Buruku", "state": "be"}}, {"type": "Feature", "geometry": {"type": "Polygon", "coordinates": [[[9.15525, 7.15739], [9.15739, 7.15192], [9.1631, 7.14169], [9.17428, 7.1305], [9.17976, 7.12574], [9.19736, 7.10385], [9.2145, 7.09005], [9.22159, 7.08057], [9.22088, 7.08027], [9.2194, 7.08026], [9.21692, 7.07957], [9.20645, 7.07427], [9.19259, 7.07343], [9.18617, 7.06867], [9.18375, 7.06684], [9.17991, 7.06626], [9.17775, 7.06521], [9.17319, 7.06234], [9.14883, 7.05543], [9.14348, 7.05173], [9.14206, 7.05392], [9.14027, 7.05555], [9.13753, 7.05721], [9.12017, 7.05946], [9.11412, 7.06587], [9.11147, 7.06795], [9.11047, 7.06853], [9.10881, 7.06848], [9.1069, 7.06731], [9.10194, 7.06261], [9.09988, 7.06033], [9.0831, 7.05319], [9.07149, 7.04404], [9.06123, 7.0406], [9.06029, 7.04064], [9.05733, 7.04289], [9.05369, 7.04434], [9.05147, 7.04467], [9.04952, 7.04431], [9.04605, 7.04555], [9.04195, 7.04713], [9.03953, 7.04727], [9.03931, 7.05101], [9.03583, 7.05498], [9.02894, 7.05964], [9.02424, 7.06129], [9.02254, 7.06242], [9.01997, 7.06527], [9.01882, 7.0676], [9.01669, 7.07289], [9.01852, 7.08224], [9.02118, 7.08798], [9.02539, 7.09224], [9.03131, 7.09814], [9.04843, 7.11864], [9.05599, 7.12143], [9.05994, 7.12431], [9.06492, 7.1237], [9.07008, 7.12488], [9.07539, 7.12517], [9.07704, 7.12833], [9.0771, 7.13208], [9.06079, 7.15657], [9.06668, 7.16166], [9.07419, 7.17352], [9.07791, 7.17148], [9.08248, 7.16996], [9.08552, 7.16844], [9.09047, 7.16463], [9.09276, 7.16178], [9.09637, 7.15949], [9.10189, 7.15797], [9.10646, 7.1553], [9.12264, 7.16082], [9.12911, 7.16501], [9.14187, 7.17148], [9.14453, 7.17396], [9.15525, 7.15739]]]}, "properties": {"name": "Mbaazager", "lga": "Buruku", "state": "be"}}, {"type": "Feature", "geometry": {"type": "Polygon", "coordinates": [[[8.38918, 6.9396], [8.38707, 6.93718], [8.38368, 6.93731], [8.38106, 6.93683], [8.37654, 6.93422], [8.3656, 6.9316], [8.35227, 6.92708], [8.33823, 6.92398], [8.3349, 6.92232], [8.32803, 6.92016], [8.32651, 6.92625], [8.3248, 6.92911], [8.33157, 6.93707], [8.33704, 6.94683], [8.34037, 6.95016], [8.3744, 6.97681], [8.37797, 6.9818], [8.38963, 6.99227], [8.39819, 7.00417], [8.40129, 7.00964], [8.40326, 7.01149], [8.41102, 7.00732], [8.40996, 6.99801], [8.40634, 6.9877], [8.40771, 6.9727], [8.40649, 6.96858], [8.40596, 6.96467], [8.40175, 6.94654], [8.39687, 6.94454], [8.38918, 6.9396]]]}, "properties": {"name": "Adiko", "lga": "Obi", "state": "be"}}, {"type": "Feature", "geometry": {"type": "Polygon", "coordinates": [[[8.33317, 6.90113], [8.33701, 6.88945], [8.3155, 6.89131], [8.29548, 6.89442], [8.27979, 6.89445], [8.26788, 6.89858], [8.29291, 6.91253], [8.30433, 6.92262], [8.3129, 6.93252], [8.31518, 6.93423], [8.31699, 6.93729], [8.32651, 6.92625], [8.33317, 6.90113]]]}, "properties": {"name": "Orihi", "lga": "Obi", "state": "be"}}, {"type": "Feature", "geometry": {"type": "Polygon", "coordinates": [[[7.81441, 7.10023], [7.80642, 7.10171], [7.80078, 7.1053], [7.79355, 7.10716], [7.7861, 7.10602], [7.77239, 7.10007], [7.76703, 7.10616], [7.76221, 7.10861], [7.76234, 7.11879], [7.75589, 7.13397], [7.74283, 7.14773], [7.74398, 7.15015], [7.74887, 7.15169], [7.75417, 7.15782], [7.75525, 7.15862], [7.75627, 7.15908], [7.75767, 7.15925], [7.78608, 7.15806], [7.7984, 7.16175], [7.80666, 7.15975], [7.81056, 7.16008], [7.82177, 7.16148], [7.84338, 7.15942], [7.84359, 7.15555], [7.84282, 7.15523], [7.84218, 7.15388], [7.84145, 7.15408], [7.83884, 7.15414], [7.83761, 7.1541], [7.83663, 7.14843], [7.83143, 7.1427], [7.82456, 7.14046], [7.82493, 7.13713], [7.82707, 7.13464], [7.82886, 7.1332], [7.83073, 7.13149], [7.83276, 7.12908], [7.83616, 7.12649], [7.8402, 7.12465], [7.84177, 7.12339], [7.84102, 7.11949], [7.84044, 7.11437], [7.83894, 7.11145], [7.83594, 7.10823], [7.83521, 7.10637], [7.83172, 7.09886], [7.83105, 7.09648], [7.82711, 7.09613], [7.81903, 7.10023], [7.81441, 7.10023]]]}, "properties": {"name": "Amejo", "lga": "Okpokwu", "state": "be"}}, {"type": "Feature", "geometry": {"type": "Polygon", "coordinates": [[[8.3682, 6.91208], [8.34199, 6.88902], [8.33701, 6.88945], [8.32803, 6.92016], [8.3349, 6.92232], [8.33823, 6.92398], [8.35227, 6.92708], [8.3656, 6.9316], [8.37654, 6.93422], [8.38106, 6.93683], [8.38368, 6.93731], [8.38707, 6.93718], [8.37719, 6.92552], [8.3682, 6.91208]]]}, "properties": {"name": "Obeko", "lga": "Obi", "state": "be"}}, {"type": "Feature", "geometry": {"type": "Polygon", "coordinates": [[[8.03165, 7.40883], [8.01653, 7.40821], [8.01415, 7.42855], [8.00986, 7.4414], [8.00844, 7.4514], [8.00415, 7.46329], [7.99701, 7.47091], [7.99321, 7.47614], [8.03937, 7.49803], [8.05269, 7.50136], [8.06078, 7.50565], [8.06697, 7.50707], [8.07934, 7.51183], [8.08895, 7.51433], [8.09014, 7.50551], [8.09853, 7.48233], [8.10378, 7.46472], [8.10613, 7.43888], [8.11101, 7.42209], [8.10018, 7.42001], [8.09637, 7.41835], [8.06805, 7.41525], [8.03165, 7.40883]]]}, "properties": {"name": "Adoka Ehaje", "lga": "Oturkpo", "state": "be"}}, {"type": "Feature", "geometry": {"type": "Polygon", "coordinates": [[[7.86798, 7.59483], [7.87635, 7.59155], [7.88052, 7.59155], [7.88736, 7.59066], [7.89866, 7.58798], [7.90372, 7.5859], [7.93614, 7.57668], [7.98016, 7.56002], [8.0077, 7.54656], [7.99724, 7.53819], [7.98279, 7.52899], [7.9637, 7.51848], [7.95427, 7.5112], [7.94798, 7.51596], [7.94322, 7.51834], [7.93751, 7.52334], [7.9337, 7.52524], [7.91752, 7.53547], [7.85605, 7.55971], [7.86085, 7.57106], [7.86263, 7.58176], [7.86798, 7.59483]]]}, "properties": {"name": "Oiji", "lga": "Apa", "state": "be"}}, {"type": "Feature", "geometry": {"type": "Polygon", "coordinates": [[[8.25835, 6.77869], [8.27679, 6.76977], [8.27947, 6.76977], [8.29375, 6.76531], [8.29798, 6.76281], [8.30087, 6.76036], [8.31312, 6.76409], [8.31491, 6.7619], [8.31683, 6.75533], [8.31862, 6.75164], [8.32112, 6.74415], [8.33557, 6.71567], [8.35424, 6.68987], [8.34851, 6.68761], [8.34508, 6.68648], [8.3405, 6.68422], [8.32107, 6.67861], [8.31764, 6.67864], [8.31307, 6.67752], [8.30737, 6.67756], [8.30395, 6.67873], [8.2994, 6.67991], [8.29451, 6.67871], [8.28382, 6.69251], [8.2828, 6.69361], [8.27882, 6.69796], [8.28018, 6.70477], [8.28563, 6.71022], [8.28018, 6.71521], [8.27383, 6.71294], [8.27383, 6.71657], [8.26883, 6.72793], [8.26111, 6.7311], [8.25158, 6.73564], [8.25603, 6.73746], [8.26249, 6.73793], [8.26249, 6.73793], [8.26609, 6.74157], [8.25566, 6.76607], [8.24976, 6.76834], [8.24976, 6.77106], [8.24976, 6.77108], [8.24976, 6.7756], [8.24976, 6.7756], [8.25508, 6.77929], [8.25835, 6.77869]]]}, "properties": {"name": "Adokpa", "lga": "Oju", "state": "be"}}, {"type": "Feature", "geometry": {"type": "Polygon", "coordinates": [[[9.72182, 7.20245], [9.68075, 7.19], [9.68702, 7.1976], [9.7032, 7.22472], [9.70511, 7.23329], [9.70796, 7.2409], [9.72462, 7.27231], [9.73604, 7.28944], [9.74223, 7.29658], [9.74889, 7.30182], [9.7546, 7.30705], [9.78506, 7.34655], [9.79172, 7.3575], [9.79719, 7.36162], [9.83229, 7.36519], [9.85787, 7.36519], [9.86521, 7.36284], [9.85598, 7.32527], [9.84082, 7.27978], [9.83842, 7.2755], [9.82829, 7.25737], [9.82496, 7.2546], [9.82702, 7.244], [9.81974, 7.2411], [9.81545, 7.2361], [9.80922, 7.23271], [9.79912, 7.23022], [9.79313, 7.22724], [9.78543, 7.22607], [9.78186, 7.22166], [9.77516, 7.21703], [9.75451, 7.20933], [9.74635, 7.20693], [9.72182, 7.20245]]]}, "properties": {"name": "Mbayongo", "lga": "Katsina-Ala", "state": "be"}}, {"type": "Feature", "geometry": {"type": "Polygon", "coordinates": [[[8.51562, 6.75994], [8.50877, 6.75883], [8.50306, 6.75773], [8.49619, 6.75433], [8.48819, 6.75324], [8.48019, 6.751], [8.47675, 6.74872], [8.47218, 6.74761], [8.46875, 6.74648], [8.4505, 6.74776], [8.44824, 6.75121], [8.44371, 6.75469], [8.4403, 6.75701], [8.43575, 6.75819], [8.43232, 6.75821], [8.4317, 6.76851], [8.43099, 6.77184], [8.4317, 6.78945], [8.43265, 6.79207], [8.43218, 6.79682], [8.44645, 6.80111], [8.45193, 6.80325], [8.46311, 6.80372], [8.47215, 6.80468], [8.48572, 6.80491], [8.50166, 6.80753], [8.5057, 6.80753], [8.51022, 6.80825], [8.51451, 6.80794], [8.51272, 6.79693], [8.51562, 6.75994]]]}, "properties": {"name": "Owo", "lga": "Oju", "state": "be"}}, {"type": "Feature", "geometry": {"type": "Polygon", "coordinates": [[[8.57841, 6.76524], [8.54413, 6.75859], [8.51562, 6.75994], [8.51272, 6.79693], [8.51451, 6.80794], [8.51808, 6.83114], [8.53175, 6.88327], [8.54872, 6.87676], [8.58184, 6.85639], [8.59306, 6.85159], [8.59915, 6.84795], [8.60236, 6.84953], [8.62, 6.83499], [8.62227, 6.83383], [8.62568, 6.83151], [8.63023, 6.83033], [8.63363, 6.82686], [8.63704, 6.82569], [8.6393, 6.82223], [8.64156, 6.81877], [8.64037, 6.81304], [8.64035, 6.80959], [8.64031, 6.805], [8.63684, 6.79814], [8.62074, 6.78103], [8.57841, 6.76524]]]}, "properties": {"name": "Oboru Oye", "lga": "Oju", "state": "be"}}, {"type": "Feature", "geometry": {"type": "Polygon", "coordinates": [[[7.94518, 7.0788], [7.93749, 7.07994], [7.93531, 7.07955], [7.9335, 7.07968], [7.92906, 7.08203], [7.92731, 7.08261], [7.92337, 7.08293], [7.91799, 7.08395], [7.91437, 7.08353], [7.91208, 7.0801], [7.90197, 7.07233], [7.8999, 7.06907], [7.89896, 7.06582], [7.89805, 7.06605], [7.89603, 7.0666], [7.89501, 7.06676], [7.88984, 7.0658], [7.89003, 7.06716], [7.8905, 7.06853], [7.8873, 7.0844], [7.88741, 7.10159], [7.88712, 7.10435], [7.8863, 7.10618], [7.88595, 7.10763], [7.88617, 7.11022], [7.88681, 7.11773], [7.88748, 7.1239], [7.89057, 7.12329], [7.89327, 7.1238], [7.89902, 7.12164], [7.90428, 7.12036], [7.90665, 7.12069], [7.90854, 7.11853], [7.91208, 7.11614], [7.93831, 7.11258], [7.93943, 7.11027], [7.94002, 7.10895], [7.9527, 7.10468], [7.95546, 7.1062], [7.95841, 7.10772], [7.97215, 7.10524], [7.96935, 7.0932], [7.96915, 7.09155], [7.96987, 7.0882], [7.95291, 7.08117], [7.94518, 7.0788]]]}, "properties": {"name": "Eke", "lga": "Okpokwu", "state": "be"}}, {"type": "Feature", "geometry": {"type": "Polygon", "coordinates": [[[8.03514, 6.98639], [8.04515, 6.97792], [8.05248, 6.97457], [8.05344, 6.97343], [8.04763, 6.97443], [8.02716, 6.97777], [8.01383, 6.98099], [7.9885, 6.98349], [7.97832, 6.98205], [7.9477, 6.97151], [7.93816, 6.96591], [7.92281, 6.95856], [7.90439, 6.94643], [7.89779, 6.93756], [7.89138, 6.92684], [7.88996, 6.92301], [7.88729, 6.91585], [7.88274, 6.90579], [7.87673, 6.90581], [7.8634, 6.90962], [7.85888, 6.91224], [7.85626, 6.91319], [7.85484, 6.91485], [7.84889, 6.91842], [7.84032, 6.9258], [7.83747, 6.92985], [7.83461, 6.93246], [7.82295, 6.95269], [7.82105, 6.95721], [7.82001, 6.9611], [7.83751, 6.97112], [7.85459, 6.98268], [7.90235, 6.99818], [7.90562, 7.00027], [7.90949, 7.00205], [7.91472, 7.0058], [7.90354, 7.01276], [7.89818, 7.01484], [7.89445, 7.01794], [7.89599, 7.02366], [7.8961, 7.02733], [7.89461, 7.03655], [7.89461, 7.04458], [7.89372, 7.0538], [7.89536, 7.05861], [7.89563, 7.05912], [7.89546, 7.05986], [7.89457, 7.06124], [7.89267, 7.06179], [7.89301, 7.0634], [7.89275, 7.06533], [7.8927, 7.06596], [7.89429, 7.06657], [7.89501, 7.06676], [7.89603, 7.0666], [7.89805, 7.06605], [7.89896, 7.06582], [7.8999, 7.06907], [7.90197, 7.07233], [7.91208, 7.0801], [7.91437, 7.08353], [7.91799, 7.08395], [7.92337, 7.08293], [7.92731, 7.08261], [7.92906, 7.08203], [7.9335, 7.07968], [7.93531, 7.07955], [7.93749, 7.07994], [7.94518, 7.0788], [7.95291, 7.08117], [7.96987, 7.0882], [7.97071, 7.07689], [7.97191, 7.07462], [7.97537, 7.07012], [7.98171, 7.0631], [7.98879, 7.05883], [8.00443, 7.04175], [8.01094, 7.03012], [8.01316, 7.02478], [8.01352, 7.01878], [8.02631, 6.99644], [8.03514, 6.98639]]]}, "properties": {"name": "Ojigo", "lga": "Okpokwu", "state": "be"}}, {"type": "Feature", "geometry": {"type": "Polygon", "coordinates": [[[7.83751, 6.97112], [7.82001, 6.9611], [7.80939, 7.00385], [7.81361, 7.00788], [7.8264, 7.01591], [7.83116, 7.02127], [7.84038, 7.04328], [7.84299, 7.05051], [7.84751, 7.06588], [7.85961, 7.09348], [7.86239, 7.09646], [7.86542, 7.09758], [7.86779, 7.09887], [7.87693, 7.11089], [7.88681, 7.11773], [7.88617, 7.11022], [7.88595, 7.10763], [7.8863, 7.10618], [7.88712, 7.10435], [7.88741, 7.10159], [7.8873, 7.0844], [7.8905, 7.06853], [7.89003, 7.06716], [7.88984, 7.0658], [7.89122, 7.06618], [7.8927, 7.06596], [7.89275, 7.06533], [7.89301, 7.0634], [7.89267, 7.06179], [7.89457, 7.06124], [7.89546, 7.05986], [7.89563, 7.05912], [7.89536, 7.05861], [7.89372, 7.0538], [7.89461, 7.04458], [7.89461, 7.03655], [7.8961, 7.02733], [7.89599, 7.02366], [7.89445, 7.01794], [7.89818, 7.01484], [7.90354, 7.01276], [7.91472, 7.0058], [7.90949, 7.00205], [7.90562, 7.00027], [7.90235, 6.99818], [7.85459, 6.98268], [7.83751, 6.97112]]]}, "properties": {"name": "Okpale / Ingle", "lga": "Okpokwu", "state": "be"}}, {"type": "Feature", "geometry": {"type": "Polygon", "coordinates": [[[7.92758, 7.36888], [7.92636, 7.351], [7.92418, 7.3509], [7.92071, 7.35002], [7.91949, 7.35006], [7.91234, 7.35575], [7.90291, 7.35735], [7.88335, 7.35449], [7.86793, 7.35008], [7.86731, 7.35259], [7.86892, 7.35375], [7.871, 7.35519], [7.87145, 7.3571], [7.87023, 7.35894], [7.86467, 7.36086], [7.86049, 7.3614], [7.8562, 7.36416], [7.85569, 7.36627], [7.85524, 7.37346], [7.85463, 7.3774], [7.85532, 7.38105], [7.86143, 7.38521], [7.86702, 7.38839], [7.86777, 7.38985], [7.86716, 7.391], [7.86782, 7.39434], [7.86694, 7.39616], [7.86441, 7.39841], [7.86176, 7.40029], [7.85903, 7.4012], [7.88178, 7.42514], [7.88986, 7.42236], [7.89649, 7.4195], [7.92949, 7.40199], [7.9302, 7.3939], [7.92997, 7.38867], [7.92854, 7.37677], [7.93189, 7.37109], [7.92758, 7.36888]]]}, "properties": {"name": "Ugboju Icho", "lga": "Oturkpo", "state": "be"}}, {"type": "Feature", "geometry": {"type": "Polygon", "coordinates": [[[8.03165, 7.4055], [8.03331, 7.39336], [8.0326, 7.37813], [8.03324, 7.37273], [8.03084, 7.34007], [8.01871, 7.33086], [8.01, 7.33026], [8.00692, 7.33141], [8.00286, 7.33423], [7.99737, 7.33923], [7.99613, 7.33996], [7.9696, 7.34796], [7.95179, 7.34718], [7.92636, 7.351], [7.92758, 7.36888], [7.93189, 7.37109], [7.92854, 7.37677], [7.92997, 7.38867], [7.9302, 7.3939], [7.92949, 7.40199], [7.9399, 7.40155], [7.94704, 7.4025], [7.95655, 7.40488], [7.97369, 7.40535], [7.98463, 7.40678], [8.00985, 7.40821], [8.01653, 7.40821], [8.03165, 7.40883], [8.03165, 7.4055]]]}, "properties": {"name": "Ugboju Otahe", "lga": "Oturkpo", "state": "be"}}, {"type": "Feature", "geometry": {"type": "Polygon", "coordinates": [[[8.23552, 7.04453], [8.23066, 7.03676], [8.22444, 7.02327], [8.21125, 7.00667], [8.20903, 7.00524], [8.19353, 6.99522], [8.16457, 6.98617], [8.14948, 6.98145], [8.12589, 6.97771], [8.10509, 6.97506], [8.09858, 6.97218], [8.08816, 6.96982], [8.08677, 6.96915], [8.07828, 6.97183], [8.05661, 6.97289], [8.05344, 6.97343], [8.05248, 6.97457], [8.04515, 6.97792], [8.03514, 6.98639], [8.02631, 6.99644], [8.01352, 7.01878], [8.01316, 7.02478], [8.01809, 7.02646], [8.03022, 7.02896], [8.03772, 7.03181], [8.04271, 7.03324], [8.04664, 7.03538], [8.05414, 7.03645], [8.0602, 7.03824], [8.07912, 7.04145], [8.09482, 7.04288], [8.11017, 7.04288], [8.1166, 7.04359], [8.14504, 7.04236], [8.14961, 7.04217], [8.15443, 7.04217], [8.16871, 7.04395], [8.21082, 7.04395], [8.21832, 7.04466], [8.23552, 7.04453]]]}, "properties": {"name": "Allan", "lga": "Oturkpo", "state": "be"}}, {"type": "Feature", "geometry": {"type": "Polygon", "coordinates": [[[8.82286, 6.97415], [8.81973, 6.9679], [8.81615, 6.96374], [8.80168, 6.96793], [8.79835, 6.96936], [8.79716, 6.96847], [8.79224, 6.96871], [8.78487, 6.9699], [8.7694, 6.97109], [8.72586, 6.98156], [8.74013, 6.99893], [8.74679, 7.00583], [8.75941, 7.01701], [8.77344, 7.03153], [8.77511, 7.03415], [8.78106, 7.03867], [8.78867, 7.04366], [8.79305, 7.04828], [8.80408, 7.03709], [8.81504, 7.0264], [8.83124, 7.01507], [8.84354, 7.00564], [8.84182, 7.00309], [8.83907, 7.00077], [8.82286, 6.97415]]]}, "properties": {"name": "Mbatser", "lga": "Konshisha", "state": "be"}}, {"type": "Feature", "geometry": {"type": "Polygon", "coordinates": [[[8.86772, 6.85395], [8.86431, 6.85627], [8.85977, 6.85975], [8.84385, 6.86674], [8.84458, 6.87051], [8.864, 6.88574], [8.86971, 6.89221], [8.87123, 6.89469], [8.87656, 6.90059], [8.88894, 6.92248], [8.89956, 6.93802], [8.9073, 6.94486], [8.91146, 6.94664], [8.91648, 6.95072], [8.92824, 6.93647], [8.93413, 6.93014], [8.94128, 6.91597], [8.94593, 6.90368], [8.94284, 6.90093], [8.93904, 6.89856], [8.91358, 6.88523], [8.90858, 6.8838], [8.90477, 6.88214], [8.90001, 6.87904], [8.89594, 6.86809], [8.87011, 6.85385], [8.87, 6.85394], [8.86772, 6.85395]]]}, "properties": {"name": "Mbake", "lga": "Konshisha", "state": "be"}}, {"type": "Feature", "geometry": {"type": "Polygon", "coordinates": [[[9.10292, 6.94245], [9.11055, 6.94301], [9.1115, 6.9442], [9.11228, 6.94524], [9.11302, 6.94436], [9.11514, 6.94363], [9.11818, 6.94251], [9.12606, 6.94131], [9.12288, 6.93456], [9.12834, 6.93322], [9.13362, 6.92877], [9.14636, 6.92246], [9.14871, 6.92869], [9.14999, 6.93178], [9.15052, 6.93543], [9.15089, 6.93781], [9.15073, 6.93852], [9.14995, 6.93992], [9.16117, 6.93805], [9.16231, 6.93838], [9.1627, 6.93933], [9.16246, 6.94306], [9.17748, 6.92439], [9.18367, 6.90947], [9.18393, 6.90676], [9.17752, 6.90459], [9.17559, 6.90325], [9.16785, 6.90043], [9.16071, 6.89909], [9.15876, 6.89854], [9.14389, 6.90129], [9.13688, 6.90057], [9.13611, 6.90032], [9.13371, 6.90141], [9.13108, 6.90306], [9.1303, 6.90505], [9.12868, 6.90649], [9.1232, 6.90785], [9.12213, 6.90906], [9.12029, 6.91118], [9.11742, 6.91077], [9.11622, 6.91047], [9.11043, 6.9204], [9.11123, 6.92297], [9.11276, 6.92473], [9.11218, 6.9266], [9.10484, 6.92493], [9.10204, 6.92651], [9.09972, 6.92891], [9.09608, 6.93556], [9.09671, 6.93694], [9.09955, 6.93709], [9.10104, 6.93791], [9.09675, 6.94313], [9.09934, 6.94296], [9.10114, 6.94313], [9.10292, 6.94245]]]}, "properties": {"name": "Mbajor", "lga": "Vandeikya", "state": "be"}}, {"type": "Feature", "geometry": {"type": "Polygon", "coordinates": [[[9.62267, 7.40394], [9.61835, 7.40042], [9.60824, 7.40181], [9.60157, 7.40176], [9.59862, 7.40025], [9.59327, 7.41015], [9.58705, 7.41778], [9.5813, 7.42624], [9.57576, 7.437], [9.57184, 7.44214], [9.58271, 7.44851], [9.59793, 7.45494], [9.60888, 7.45898], [9.61764, 7.4605], [9.63191, 7.46469], [9.63667, 7.4666], [9.64962, 7.47002], [9.65571, 7.4704], [9.66085, 7.46393], [9.67608, 7.45156], [9.68284, 7.44759], [9.67328, 7.43935], [9.66744, 7.43258], [9.65529, 7.42469], [9.64496, 7.41941], [9.64003, 7.41405], [9.63164, 7.41012], [9.62267, 7.40394]]]}, "properties": {"name": "Kundav", "lga": "Ukum", "state": "be"}}, {"type": "Feature", "geometry": {"type": "Polygon", "coordinates": [[[9.18393, 6.90676], [9.18627, 6.88607], [9.18608, 6.87869], [9.18764, 6.87188], [9.17227, 6.84537], [9.16655, 6.85239], [9.16532, 6.85441], [9.15196, 6.85301], [9.14606, 6.85558], [9.14022, 6.85526], [9.13863, 6.85574], [9.1376, 6.85661], [9.13304, 6.85517], [9.12877, 6.85415], [9.11853, 6.85395], [9.12033, 6.8639], [9.12865, 6.866], [9.14012, 6.87971], [9.14273, 6.88515], [9.14131, 6.88719], [9.14006, 6.88977], [9.1388, 6.8923], [9.13841, 6.8938], [9.1381, 6.89567], [9.13688, 6.90057], [9.14389, 6.90129], [9.15876, 6.89854], [9.16071, 6.89909], [9.16785, 6.90043], [9.17559, 6.90325], [9.17752, 6.90459], [9.18393, 6.90676]]]}, "properties": {"name": "Mbagbam", "lga": "Vandeikya", "state": "be"}}, {"type": "Feature", "geometry": {"type": "Polygon", "coordinates": [[[9.09069, 6.96835], [9.09401, 6.96461], [9.09934, 6.96397], [9.10219, 6.96389], [9.10571, 6.96242], [9.10702, 6.96321], [9.10707, 6.96459], [9.10862, 6.96616], [9.11146, 6.96719], [9.11258, 6.96827], [9.1291, 6.96762], [9.13439, 6.96369], [9.14212, 6.96671], [9.14336, 6.96345], [9.14516, 6.95683], [9.14562, 6.9507], [9.14567, 6.94657], [9.14811, 6.94556], [9.15416, 6.94364], [9.15703, 6.94354], [9.16246, 6.94306], [9.1627, 6.93933], [9.16231, 6.93838], [9.14995, 6.93992], [9.15073, 6.93852], [9.15089, 6.93781], [9.15052, 6.93543], [9.14999, 6.93178], [9.14871, 6.92869], [9.14636, 6.92246], [9.13362, 6.92877], [9.12834, 6.93322], [9.12288, 6.93456], [9.12606, 6.94131], [9.11818, 6.94251], [9.11514, 6.94363], [9.11302, 6.94436], [9.11228, 6.94524], [9.1115, 6.9442], [9.11055, 6.94301], [9.09675, 6.94313], [9.09563, 6.94379], [9.08262, 6.94756], [9.06454, 6.9623], [9.06073, 6.96658], [9.05843, 6.96996], [9.07426, 6.97199], [9.07683, 6.96983], [9.08352, 6.96644], [9.09069, 6.96835]]]}, "properties": {"name": "Tsambe", "lga": "Vandeikya", "state": "be"}}, {"type": "Feature", "geometry": {"type": "Polygon", "coordinates": [[[9.68231, 6.97247], [9.66416, 6.93569], [9.6457, 6.89482], [9.63441, 6.89268], [9.6266, 6.8883], [9.59521, 6.89392], [9.58873, 6.88947], [9.58318, 6.88615], [9.58013, 6.88499], [9.57809, 6.89159], [9.57768, 6.89772], [9.5789, 6.90023], [9.58832, 6.90704], [9.59619, 6.92317], [9.59794, 6.93003], [9.59914, 6.9407], [9.6047, 6.95055], [9.6045, 6.95951], [9.60067, 6.96708], [9.60142, 6.97388], [9.60365, 6.98234], [9.60128, 6.99148], [9.59918, 7.00073], [9.60418, 7.01215], [9.60561, 7.01858], [9.60846, 7.02358], [9.6156, 7.03357], [9.6256, 7.04142], [9.6413, 7.0507], [9.667, 7.06498], [9.72411, 7.08068], [9.73799, 7.07807], [9.7209, 7.04832], [9.70066, 7.01307], [9.69975, 7.0115], [9.68921, 6.98645], [9.68231, 6.97247]]]}, "properties": {"name": "Moon", "lga": "Kwande", "state": "be"}}, {"type": "Feature", "geometry": {"type": "Polygon", "coordinates": [[[8.19267, 6.90107], [8.18891, 6.84724], [8.18939, 6.83041], [8.18887, 6.80803], [8.20777, 6.77693], [8.19936, 6.77833], [8.19164, 6.77833], [8.18392, 6.7756], [8.17302, 6.77333], [8.1653, 6.76652], [8.1603, 6.76107], [8.15321, 6.76987], [8.14597, 6.77898], [8.13933, 6.78185], [8.13572, 6.78698], [8.1261, 6.79106], [8.11864, 6.80018], [8.1156, 6.81198], [8.11179, 6.83347], [8.11457, 6.84817], [8.10994, 6.86162], [8.10189, 6.85504], [8.09904, 6.85219], [8.09656, 6.85086], [8.0941, 6.85599], [8.0853, 6.86219], [8.08809, 6.87043], [8.09427, 6.87501], [8.10885, 6.88409], [8.12348, 6.89606], [8.16728, 6.89694], [8.19267, 6.90107]]]}, "properties": {"name": "Idelle", "lga": "Oju", "state": "be"}}, {"type": "Feature", "geometry": {"type": "Polygon", "coordinates": [[[7.82452, 7.27989], [7.81549, 7.28002], [7.81092, 7.28387], [7.80525, 7.29061], [7.80116, 7.2926], [7.79706, 7.2936], [7.78997, 7.29651], [7.77913, 7.30068], [7.7687, 7.30189], [7.79578, 7.35188], [7.80831, 7.35004], [7.81809, 7.35287], [7.83443, 7.34617], [7.83279, 7.34259], [7.8347, 7.34019], [7.8345, 7.33582], [7.83571, 7.33488], [7.83643, 7.33116], [7.83798, 7.33029], [7.83823, 7.32877], [7.84084, 7.32858], [7.84313, 7.32645], [7.84468, 7.32344], [7.84682, 7.32252], [7.84775, 7.32116], [7.84853, 7.31885], [7.85051, 7.31816], [7.85107, 7.31709], [7.85192, 7.31434], [7.84981, 7.31246], [7.85081, 7.31089], [7.85293, 7.30918], [7.85334, 7.30753], [7.85295, 7.30591], [7.85243, 7.30417], [7.85339, 7.30212], [7.85492, 7.30173], [7.85623, 7.29968], [7.85669, 7.29675], [7.85965, 7.29469], [7.86193, 7.2951], [7.8634, 7.29318], [7.86295, 7.29194], [7.85982, 7.2913], [7.85641, 7.29216], [7.85081, 7.28988], [7.84686, 7.29182], [7.84083, 7.29144], [7.83635, 7.28968], [7.83515, 7.2858], [7.83141, 7.28392], [7.83023, 7.28215], [7.82786, 7.28058], [7.82511, 7.28039], [7.82452, 7.27989]]]}, "properties": {"name": "Onyagede Ehaje", "lga": "Ohimini", "state": "be"}}, {"type": "Feature", "geometry": {"type": "Polygon", "coordinates": [[[7.76234, 7.11879], [7.76221, 7.10861], [7.75411, 7.10475], [7.75061, 7.10154], [7.74311, 7.10022], [7.73738, 7.10033], [7.7278, 7.10308], [7.72197, 7.10257], [7.71065, 7.10137], [7.69381, 7.10246], [7.6854, 7.10636], [7.68333, 7.10946], [7.65332, 7.12606], [7.63331, 7.12838], [7.63615, 7.13137], [7.63738, 7.13267], [7.63545, 7.14713], [7.64308, 7.15828], [7.67237, 7.1737], [7.68192, 7.18545], [7.69102, 7.19183], [7.70297, 7.18896], [7.71007, 7.18311], [7.73905, 7.1652], [7.74031, 7.16412], [7.74283, 7.14773], [7.75589, 7.13397], [7.76234, 7.11879]]]}, "properties": {"name": "Ai-Oono 3", "lga": "Ogbadibo", "state": "be"}}, {"type": "Feature", "geometry": {"type": "Polygon", "coordinates": [[[7.84338, 7.15942], [7.82177, 7.16148], [7.81056, 7.16008], [7.80666, 7.15975], [7.7984, 7.16175], [7.78608, 7.15806], [7.75767, 7.15925], [7.75627, 7.15908], [7.75525, 7.15862], [7.75417, 7.15782], [7.74887, 7.15169], [7.74398, 7.15015], [7.74283, 7.14773], [7.74031, 7.16412], [7.73905, 7.1652], [7.71007, 7.18311], [7.71805, 7.1836], [7.72155, 7.18706], [7.72932, 7.1927], [7.74993, 7.19932], [7.76776, 7.20627], [7.77939, 7.20892], [7.78487, 7.21499], [7.78997, 7.21689], [7.79387, 7.22583], [7.79706, 7.23315], [7.79422, 7.26865], [7.79587, 7.27434], [7.80116, 7.2926], [7.80525, 7.29061], [7.81092, 7.28387], [7.81549, 7.28002], [7.82452, 7.27989], [7.82485, 7.2736], [7.8257, 7.2718], [7.82686, 7.26965], [7.82707, 7.26884], [7.82833, 7.25945], [7.83063, 7.25631], [7.83094, 7.23596], [7.83337, 7.22684], [7.83283, 7.22264], [7.83257, 7.2206], [7.83248, 7.21988], [7.83112, 7.21753], [7.83032, 7.21578], [7.83022, 7.20597], [7.82952, 7.2036], [7.82915, 7.20223], [7.82825, 7.20058], [7.82921, 7.19282], [7.83184, 7.19276], [7.83364, 7.19192], [7.83568, 7.19164], [7.83718, 7.19104], [7.83862, 7.18881], [7.84222, 7.18845], [7.84641, 7.18706], [7.84287, 7.17654], [7.84338, 7.15942]]]}, "properties": {"name": "Ugbokolo", "lga": "Okpokwu", "state": "be"}}, {"type": "Feature", "geometry": {"type": "Polygon", "coordinates": [[[7.6854, 7.10636], [7.68087, 7.09947], [7.67694, 7.09778], [7.66799, 7.0984], [7.66492, 7.105], [7.65277, 7.09936], [7.64414, 7.08632], [7.63363, 7.08922], [7.62697, 7.09223], [7.61449, 7.10371], [7.63331, 7.12838], [7.65332, 7.12606], [7.68333, 7.10946], [7.6854, 7.10636]]]}, "properties": {"name": "Ai-Oodo 1", "lga": "Ogbadibo", "state": "be"}}, {"type": "Feature", "geometry": {"type": "Polygon", "coordinates": [[[7.61449, 7.10371], [7.62697, 7.09223], [7.63363, 7.08922], [7.64414, 7.08632], [7.63739, 7.07609], [7.63916, 7.04237], [7.63891, 7.04107], [7.63654, 7.03018], [7.63924, 7.02119], [7.64121, 7.01381], [7.64698, 7.00478], [7.65006, 6.99663], [7.64984, 6.99067], [7.64853, 6.98468], [7.64395, 6.97894], [7.60826, 7.01069], [7.60727, 7.01446], [7.60587, 7.01725], [7.60778, 7.01761], [7.61029, 7.02345], [7.61112, 7.0272], [7.60987, 7.0322], [7.60695, 7.04137], [7.60362, 7.05305], [7.60236, 7.06222], [7.6007, 7.07306], [7.59945, 7.07931], [7.60195, 7.09057], [7.61112, 7.10015], [7.61449, 7.10371]]]}, "properties": {"name": "Ai-Oodo 2", "lga": "Ogbadibo", "state": "be"}}, {"type": "Feature", "geometry": {"type": "Polygon", "coordinates": [[[7.64395, 6.97894], [7.6477, 6.96826], [7.64177, 6.96205], [7.63469, 6.96256], [7.62159, 6.96728], [7.60424, 6.97471], [7.59202, 6.98433], [7.58104, 6.98551], [7.57584, 6.98373], [7.56916, 6.9822], [7.56593, 6.97981], [7.56387, 6.97736], [7.55861, 6.97252], [7.55718, 6.97762], [7.55522, 6.98056], [7.55245, 6.98471], [7.5493, 6.99101], [7.53827, 7.02016], [7.53662, 7.02274], [7.53051, 7.03228], [7.54358, 7.04012], [7.58069, 7.0272], [7.59319, 7.01803], [7.60111, 7.01636], [7.60587, 7.01725], [7.60727, 7.01446], [7.60826, 7.01069], [7.64395, 6.97894]]]}, "properties": {"name": "Agboriko", "lga": "Ogbadibo", "state": "be"}}, {"type": "Feature", "geometry": {"type": "Polygon", "coordinates": [[[8.00986, 7.4414], [8.01415, 7.42855], [8.01653, 7.40821], [7.95655, 7.40488], [7.94704, 7.4025], [7.9399, 7.40155], [7.92949, 7.40199], [7.91971, 7.40759], [7.91398, 7.4103], [7.90765, 7.41422], [7.88178, 7.42514], [7.85903, 7.4012], [7.85081, 7.40403], [7.84324, 7.40561], [7.83714, 7.40668], [7.82998, 7.4071], [7.82015, 7.40986], [7.81592, 7.40883], [7.81663, 7.41125], [7.82151, 7.41638], [7.82832, 7.42046], [7.83337, 7.4225], [7.83596, 7.42532], [7.8548, 7.4459], [7.86739, 7.45375], [7.87579, 7.46006], [7.89374, 7.47151], [7.90743, 7.48265], [7.91571, 7.48934], [7.93221, 7.49643], [7.94852, 7.50676], [7.95427, 7.5112], [7.95989, 7.50755], [7.98797, 7.48233], [7.99321, 7.47614], [7.99701, 7.47091], [8.00415, 7.46329], [8.00844, 7.4514], [8.00986, 7.4414]]]}, "properties": {"name": "Adoka Icho", "lga": "Oturkpo", "state": "be"}}, {"type": "Feature", "geometry": {"type": "Polygon", "coordinates": [[[7.76066, 7.00729], [7.75176, 7.00525], [7.74835, 7.01088], [7.74526, 7.0135], [7.7355, 7.02444], [7.73193, 7.02682], [7.72955, 7.02801], [7.72479, 7.0292], [7.71504, 7.02944], [7.70766, 7.03253], [7.70243, 7.03634], [7.70005, 7.03705], [7.69831, 7.03886], [7.69545, 7.04529], [7.69022, 7.05314], [7.68879, 7.0579], [7.68784, 7.06099], [7.68741, 7.06775], [7.69103, 7.06813], [7.69693, 7.07079], [7.6994, 7.07251], [7.71216, 7.08526], [7.71478, 7.08951], [7.72226, 7.08178], [7.73139, 7.07541], [7.74096, 7.06466], [7.74702, 7.05786], [7.75751, 7.05031], [7.76632, 7.04534], [7.76608, 7.04255], [7.76748, 7.04084], [7.77092, 7.03711], [7.77085, 7.03331], [7.77175, 7.03057], [7.7737, 7.02918], [7.76237, 7.02374], [7.7633, 7.0092], [7.76066, 7.00729]]]}, "properties": {"name": "Ai-Oono 1", "lga": "Ogbadibo", "state": "be"}}, {"type": "Feature", "geometry": {"type": "Polygon", "coordinates": [[[8.14532, 6.73474], [8.13767, 6.73812], [8.13472, 6.74155], [8.1321, 6.74608], [8.12877, 6.74893], [8.12449, 6.75369], [8.12258, 6.75821], [8.11783, 6.76535], [8.11592, 6.76892], [8.11568, 6.77296], [8.11358, 6.77821], [8.11045, 6.77963], [8.10664, 6.78439], [8.10141, 6.79271], [8.10046, 6.79509], [8.09665, 6.80033], [8.09593, 6.8039], [8.09118, 6.81199], [8.0907, 6.81556], [8.08806, 6.82643], [8.08768, 6.8428], [8.10994, 6.86162], [8.11457, 6.84817], [8.11179, 6.83347], [8.1156, 6.81198], [8.11864, 6.80018], [8.1261, 6.79106], [8.13572, 6.78698], [8.13933, 6.78185], [8.14597, 6.77898], [8.15321, 6.76987], [8.1603, 6.76107], [8.15258, 6.75472], [8.14906, 6.74709], [8.14713, 6.74291], [8.14532, 6.73474]]]}, "properties": {"name": "Ekile", "lga": "Ado", "state": "be"}}, {"type": "Feature", "geometry": {"type": "Polygon", "coordinates": [[[9.22713, 7.24349], [9.22227, 7.23892], [9.21483, 7.2388], [9.1996, 7.2327], [9.18878, 7.24516], [9.18328, 7.24676], [9.1763, 7.24786], [9.15981, 7.25589], [9.1462, 7.27017], [9.15176, 7.27961], [9.16939, 7.27353], [9.1795, 7.27482], [9.18719, 7.28117], [9.1934, 7.27547], [9.20919, 7.26991], [9.21579, 7.27139], [9.21744, 7.26789], [9.22345, 7.25128], [9.22713, 7.24349]]]}, "properties": {"name": "Shorov", "lga": "Buruku", "state": "be"}}, {"type": "Feature", "geometry": {"type": "Polygon", "coordinates": [[[9.31744, 7.19709], [9.32227, 7.19337], [9.32789, 7.1905], [9.33583, 7.18516], [9.34219, 7.17221], [9.35073, 7.16294], [9.35914, 7.16169], [9.36672, 7.1572], [9.37078, 7.14469], [9.36936, 7.13028], [9.33343, 7.09201], [9.32439, 7.09429], [9.31535, 7.09573], [9.31342, 7.09806], [9.31027, 7.10345], [9.30151, 7.10547], [9.29644, 7.10906], [9.29279, 7.11793], [9.29871, 7.13067], [9.29715, 7.13834], [9.28955, 7.14847], [9.28102, 7.15474], [9.27577, 7.16571], [9.27383, 7.17853], [9.27995, 7.18506], [9.28625, 7.18872], [9.29379, 7.19697], [9.29687, 7.1956], [9.31744, 7.19709]]]}, "properties": {"name": "Township", "lga": "Katsina-Ala", "state": "be"}}, {"type": "Feature", "geometry": {"type": "Polygon", "coordinates": [[[8.33067, 6.97476], [8.32403, 6.97943], [8.32192, 6.98199], [8.3147, 6.9815], [8.31642, 6.99413], [8.31484, 7.00079], [8.32155, 7.00859], [8.3237, 7.01034], [8.33101, 7.01403], [8.33666, 7.02387], [8.33945, 7.02404], [8.35508, 7.01769], [8.35673, 7.01631], [8.36079, 7.01421], [8.36542, 7.0022], [8.35332, 6.99035], [8.34285, 6.97907], [8.33248, 6.9722], [8.33067, 6.97476]]]}, "properties": {"name": "Ogore", "lga": "Obi", "state": "be"}}, {"type": "Feature", "geometry": {"type": "Polygon", "coordinates": [[[7.93221, 7.49643], [7.91571, 7.48934], [7.90743, 7.48265], [7.89975, 7.48754], [7.88512, 7.49146], [7.87548, 7.49503], [7.86941, 7.49789], [7.84693, 7.50503], [7.85919, 7.52033], [7.86358, 7.53732], [7.86366, 7.55159], [7.86161, 7.5576], [7.89349, 7.54571], [7.91062, 7.53785], [7.91752, 7.53547], [7.9337, 7.52524], [7.93751, 7.52334], [7.94322, 7.51834], [7.94798, 7.51596], [7.95427, 7.5112], [7.94852, 7.50676], [7.93221, 7.49643]]]}, "properties": {"name": "Igah", "lga": "Apa", "state": "be"}}, {"type": "Feature", "geometry": {"type": "Polygon", "coordinates": [[[7.9477, 6.97151], [7.97832, 6.98205], [7.9885, 6.98349], [8.01383, 6.98099], [8.05661, 6.97289], [8.07828, 6.97183], [8.07342, 6.95955], [8.07204, 6.94701], [8.07509, 6.94004], [8.07466, 6.93752], [8.05934, 6.92834], [8.05093, 6.92862], [7.99133, 6.90867], [7.97021, 6.90771], [7.96405, 6.91442], [7.95801, 6.92619], [7.95477, 6.932], [7.95064, 6.94544], [7.93816, 6.96591], [7.9477, 6.97151]]]}, "properties": {"name": "Ukwonyo", "lga": "Ado", "state": "be"}}, {"type": "Feature", "geometry": {"type": "Polygon", "coordinates": [[[9.42372, 7.53649], [9.42734, 7.54249], [9.44094, 7.54702], [9.45685, 7.54887], [9.46107, 7.54513], [9.46108, 7.53375], [9.46297, 7.52099], [9.47778, 7.51961], [9.48684, 7.50584], [9.47092, 7.49759], [9.46746, 7.48481], [9.44902, 7.48338], [9.44466, 7.47915], [9.44052, 7.47502], [9.43814, 7.47254], [9.43031, 7.47309], [9.41505, 7.47232], [9.40617, 7.47191], [9.39971, 7.47606], [9.39049, 7.47972], [9.38347, 7.48089], [9.3775, 7.48391], [9.37751, 7.484], [9.37847, 7.49273], [9.38031, 7.49968], [9.38796, 7.50338], [9.39099, 7.5052], [9.3973, 7.50587], [9.40179, 7.5085], [9.4093, 7.50943], [9.41945, 7.52297], [9.42673, 7.53168], [9.42372, 7.53649]]]}, "properties": {"name": "Mbadyul", "lga": "Logo", "state": "be"}}, {"type": "Feature", "geometry": {"type": "Polygon", "coordinates": [[[8.08334, 7.24607], [8.07548, 7.25333], [8.07455, 7.25386], [8.07091, 7.25513], [8.0673, 7.25641], [8.06016, 7.26233], [8.05878, 7.26971], [8.06254, 7.27816], [8.06238, 7.27911], [8.0603, 7.28473], [8.04626, 7.29893], [8.12648, 7.29988], [8.13764, 7.30057], [8.15933, 7.30756], [8.16695, 7.31114], [8.18102, 7.31884], [8.18602, 7.31824], [8.2097, 7.27928], [8.1954, 7.26861], [8.18904, 7.26725], [8.18358, 7.26486], [8.17873, 7.26276], [8.17857, 7.25929], [8.17009, 7.25638], [8.16486, 7.25505], [8.16032, 7.25337], [8.15761, 7.2547], [8.15312, 7.25514], [8.14826, 7.24816], [8.14648, 7.24753], [8.14304, 7.24606], [8.14119, 7.24702], [8.13858, 7.2458], [8.13636, 7.24249], [8.13208, 7.23868], [8.1271, 7.23546], [8.12657, 7.23803], [8.12361, 7.23826], [8.1228, 7.23946], [8.12167, 7.23868], [8.12069, 7.24034], [8.11914, 7.23991], [8.11827, 7.23844], [8.11727, 7.23804], [8.11574, 7.23814], [8.11495, 7.23777], [8.11385, 7.23809], [8.11285, 7.23682], [8.11123, 7.23655], [8.10988, 7.23585], [8.10933, 7.23452], [8.10814, 7.23263], [8.10653, 7.23178], [8.10504, 7.23172], [8.10418, 7.23206], [8.10357, 7.23303], [8.10274, 7.23408], [8.10156, 7.23455], [8.10044, 7.23437], [8.09839, 7.24034], [8.09731, 7.24128], [8.09564, 7.24163], [8.09511, 7.24233], [8.09208, 7.24972], [8.08334, 7.24607]]]}, "properties": {"name": "Okete", "lga": "Oturkpo", "state": "be"}}, {"type": "Feature", "geometry": {"type": "Polygon", "coordinates": [[[8.72524, 6.97806], [8.72586, 6.98156], [8.7694, 6.97109], [8.78487, 6.9699], [8.78453, 6.96709], [8.78787, 6.94971], [8.79108, 6.94544], [8.7951, 6.93771], [8.79684, 6.93402], [8.79865, 6.92615], [8.80536, 6.9204], [8.82041, 6.91794], [8.82526, 6.91452], [8.8262, 6.90938], [8.82326, 6.90335], [8.81639, 6.88636], [8.81472, 6.88334], [8.8205, 6.87467], [8.79035, 6.88319], [8.78579, 6.88322], [8.78124, 6.88555], [8.7767, 6.88787], [8.75961, 6.89144], [8.7539, 6.89148], [8.74821, 6.89266], [8.74136, 6.89271], [8.72085, 6.8963], [8.71515, 6.89633], [8.70716, 6.89639], [8.70374, 6.89641], [8.68856, 6.88524], [8.68353, 6.89561], [8.68087, 6.90859], [8.68515, 6.92193], [8.67046, 6.94754], [8.68277, 6.9528], [8.69259, 6.97219], [8.69777, 6.97522], [8.70333, 6.97697], [8.71045, 6.9743], [8.71538, 6.97423], [8.71811, 6.97364], [8.72524, 6.97806]]]}, "properties": {"name": "Mbavaa", "lga": "Konshisha", "state": "be"}}, {"type": "Feature", "geometry": {"type": "Polygon", "coordinates": [[[9.667, 7.06498], [9.67713, 7.09198], [9.67271, 7.10608], [9.66226, 7.12744], [9.64427, 7.16541], [9.64497, 7.17739], [9.65793, 7.18329], [9.68075, 7.19], [9.72182, 7.20245], [9.74635, 7.20693], [9.75451, 7.20933], [9.77516, 7.21703], [9.78186, 7.22166], [9.78543, 7.22607], [9.79313, 7.22724], [9.79912, 7.23022], [9.80922, 7.23271], [9.81545, 7.2361], [9.81974, 7.2411], [9.82702, 7.244], [9.82862, 7.23628], [9.83161, 7.22762], [9.83521, 7.21716], [9.83456, 7.19936], [9.82401, 7.17234], [9.82329, 7.17151], [9.76172, 7.10114], [9.73799, 7.07807], [9.72411, 7.08068], [9.667, 7.06498]]]}, "properties": {"name": "Utange", "lga": "Katsina-Ala", "state": "be"}}, {"type": "Feature", "geometry": {"type": "Polygon", "coordinates": [[[8.19267, 6.90107], [8.19748, 6.90893], [8.20558, 6.90771], [8.27171, 6.92073], [8.26788, 6.89858], [8.27979, 6.89445], [8.29548, 6.89442], [8.3155, 6.89131], [8.33701, 6.88945], [8.34199, 6.88902], [8.37165, 6.88715], [8.3778, 6.87954], [8.39308, 6.87474], [8.39675, 6.87116], [8.40388, 6.86711], [8.40395, 6.85474], [8.39239, 6.85024], [8.38711, 6.84434], [8.38579, 6.83884], [8.37713, 6.82675], [8.34269, 6.82605], [8.33729, 6.81788], [8.31774, 6.81015], [8.31231, 6.80205], [8.30687, 6.79857], [8.30342, 6.79631], [8.29038, 6.78896], [8.27597, 6.78374], [8.25835, 6.77869], [8.25508, 6.77929], [8.24976, 6.7756], [8.24431, 6.78559], [8.24068, 6.79241], [8.23432, 6.79922], [8.22933, 6.80013], [8.22615, 6.78968], [8.22024, 6.77878], [8.21298, 6.77606], [8.20777, 6.77693], [8.18887, 6.80803], [8.18939, 6.83041], [8.18891, 6.84724], [8.19267, 6.90107]]]}, "properties": {"name": "Ainu", "lga": "Oju", "state": "be"}}, {"type": "Feature", "geometry": {"type": "Polygon", "coordinates": [[[9.25863, 6.81836], [9.25647, 6.83028], [9.2513, 6.83811], [9.24967, 6.83905], [9.24793, 6.8399], [9.24338, 6.84786], [9.24425, 6.86081], [9.2388, 6.87242], [9.23863, 6.87341], [9.2387, 6.87582], [9.23909, 6.87871], [9.23963, 6.87814], [9.24111, 6.87918], [9.24362, 6.87962], [9.24447, 6.88038], [9.24522, 6.88208], [9.24723, 6.8834], [9.24936, 6.88452], [9.25154, 6.88457], [9.25733, 6.88331], [9.2588, 6.88221], [9.26055, 6.88788], [9.2614, 6.8902], [9.26253, 6.89274], [9.27231, 6.89719], [9.27848, 6.89833], [9.29009, 6.89335], [9.29854, 6.89582], [9.30853, 6.90232], [9.32024, 6.90603], [9.33293, 6.9143], [9.3404, 6.9104], [9.34211, 6.90219], [9.34764, 6.8857], [9.34792, 6.87364], [9.3425, 6.86154], [9.3332, 6.85704], [9.33273, 6.85216], [9.33864, 6.8437], [9.35392, 6.84485], [9.35769, 6.84219], [9.35795, 6.83619], [9.35451, 6.83163], [9.34807, 6.82607], [9.34565, 6.82007], [9.33787, 6.80952], [9.30461, 6.78123], [9.304, 6.78202], [9.29869, 6.79425], [9.29869, 6.80423], [9.30125, 6.81227], [9.29989, 6.82145], [9.29722, 6.82745], [9.29481, 6.82775], [9.29109, 6.82774], [9.28436, 6.82257], [9.27793, 6.82137], [9.27222, 6.81984], [9.26003, 6.82336], [9.25863, 6.81836]]]}, "properties": {"name": "Agba / Kyan", "lga": "Kwande", "state": "be"}}, {"type": "Feature", "geometry": {"type": "MultiPolygon", "coordinates": [[[[9.29439, 7.46601], [9.29615, 7.49285], [9.29664, 7.50577], [9.30256, 7.51673], [9.30794, 7.51901], [9.31404, 7.51401], [9.31798, 7.51159], [9.32491, 7.50927], [9.32788, 7.50881], [9.33143, 7.50902], [9.33806, 7.50985], [9.34037, 7.51052], [9.34625, 7.51537], [9.34852, 7.51572], [9.35021, 7.51656], [9.35322, 7.51621], [9.35518, 7.51581], [9.35895, 7.51401], [9.37541, 7.52027], [9.37907, 7.51976], [9.38328, 7.52034], [9.38785, 7.51933], [9.39491, 7.51823], [9.40006, 7.51963], [9.40354, 7.52518], [9.40667, 7.52929], [9.41192, 7.53408], [9.42372, 7.53649], [9.42673, 7.53168], [9.41945, 7.52297], [9.4093, 7.50943], [9.40179, 7.5085], [9.3973, 7.50587], [9.39099, 7.5052], [9.38796, 7.50338], [9.38031, 7.49968], [9.37847, 7.49273], [9.37751, 7.484], [9.3775, 7.48391], [9.36501, 7.47975], [9.35973, 7.4801], [9.35424, 7.47899], [9.33685, 7.47572], [9.32731, 7.47573], [9.3023, 7.46299], [9.29439, 7.46601]]], [[[9.52102, 7.54747], [9.51232, 7.53673], [9.51126, 7.53776], [9.50493, 7.53634], [9.50163, 7.53652], [9.49371, 7.53399], [9.48555, 7.53318], [9.4809, 7.52609], [9.47778, 7.51961], [9.46297, 7.52099], [9.46108, 7.53375], [9.46107, 7.54513], [9.45685, 7.54887], [9.46608, 7.55341], [9.47904, 7.55474], [9.48131, 7.55792], [9.48084, 7.56239], [9.48442, 7.56573], [9.48822, 7.56664], [9.49217, 7.56834], [9.49563, 7.5702], [9.49874, 7.56397], [9.50101, 7.56202], [9.50117, 7.55716], [9.50805, 7.5499], [9.50425, 7.54464], [9.50689, 7.54182], [9.51236, 7.54734], [9.521, 7.54765], [9.52102, 7.54747]]]]}, "properties": {"name": "Mbayam", "lga": "Logo", "state": "be"}}, {"type": "Feature", "geometry": {"type": "Polygon", "coordinates": [[[8.0627, 7.25969], [8.07639, 7.25257], [8.08334, 7.24607], [8.09782, 7.22744], [8.10012, 7.22673], [8.10458, 7.22469], [8.10165, 7.22318], [8.09981, 7.22201], [8.08854, 7.22204], [8.08131, 7.21812], [8.06861, 7.22186], [8.04533, 7.21934], [8.0374, 7.22011], [8.03428, 7.21929], [8.02974, 7.22128], [8.01976, 7.21168], [8.01958, 7.20576], [8.01437, 7.20454], [7.99421, 7.21822], [7.99079, 7.21973], [7.98791, 7.21944], [7.98227, 7.22398], [7.97533, 7.22552], [7.97167, 7.22935], [7.96662, 7.23183], [7.96219, 7.2373], [7.95741, 7.24248], [7.9544, 7.24534], [7.95437, 7.24877], [7.95615, 7.2527], [7.95674, 7.25808], [7.95556, 7.25956], [7.95369, 7.26169], [7.95257, 7.26316], [7.95113, 7.26271], [7.94952, 7.26468], [7.94872, 7.26675], [7.94714, 7.27099], [7.94696, 7.28559], [7.95412, 7.28202], [7.96179, 7.27466], [7.96926, 7.27347], [7.97038, 7.27267], [7.97133, 7.27156], [7.97197, 7.27103], [7.97544, 7.26939], [7.97715, 7.26907], [7.98223, 7.26452], [7.98371, 7.26396], [7.98726, 7.26438], [7.99332, 7.26502], [8.00543, 7.25652], [8.01381, 7.25436], [8.01607, 7.25319], [8.01719, 7.25228], [8.0191, 7.25024], [8.01999, 7.25021], [8.02102, 7.25057], [8.02164, 7.25086], [8.0222, 7.25171], [8.02308, 7.25341], [8.02406, 7.25418], [8.04599, 7.26298], [8.05695, 7.26459], [8.0627, 7.25969]]]}, "properties": {"name": "Oglewu Icho", "lga": "Ohimini", "state": "be"}}, {"type": "Feature", "geometry": {"type": "Polygon", "coordinates": [[[8.00286, 7.33423], [8.00692, 7.33141], [8.01, 7.33026], [8.01871, 7.33086], [8.03084, 7.34007], [8.0447, 7.34821], [8.04133, 7.32825], [8.03991, 7.32453], [8.03807, 7.32127], [8.03737, 7.31962], [8.03723, 7.31632], [8.03793, 7.31343], [8.03843, 7.31124], [8.03876, 7.30999], [8.04626, 7.29893], [8.0603, 7.28473], [8.06238, 7.27911], [8.06254, 7.27816], [8.05878, 7.26971], [8.05858, 7.26784], [8.05897, 7.26599], [8.05957, 7.2634], [8.05553, 7.26472], [8.04599, 7.26298], [8.02406, 7.25418], [8.02308, 7.25341], [8.0222, 7.25171], [8.02164, 7.25086], [8.02102, 7.25057], [8.01999, 7.25021], [8.0191, 7.25024], [8.01719, 7.25228], [8.01607, 7.25319], [8.01381, 7.25436], [8.00543, 7.25652], [7.99332, 7.26502], [7.98726, 7.26438], [7.98371, 7.26396], [7.96926, 7.27347], [7.96179, 7.27466], [7.95581, 7.28074], [7.94922, 7.28502], [7.94836, 7.28524], [7.94696, 7.28559], [7.94685, 7.27842], [7.94438, 7.2772], [7.94286, 7.27829], [7.9426, 7.27948], [7.94295, 7.2827], [7.94287, 7.28438], [7.94077, 7.28437], [7.94029, 7.2852], [7.93961, 7.28723], [7.93911, 7.29118], [7.93786, 7.29186], [7.94006, 7.29341], [7.94199, 7.29365], [7.94413, 7.29517], [7.94505, 7.29685], [7.94183, 7.29737], [7.94106, 7.29991], [7.93926, 7.3016], [7.9376, 7.30162], [7.93645, 7.30405], [7.93507, 7.30538], [7.93303, 7.30616], [7.93143, 7.30833], [7.92973, 7.3107], [7.92819, 7.31104], [7.92756, 7.31317], [7.92471, 7.31531], [7.92062, 7.31939], [7.91879, 7.32093], [7.91512, 7.32554], [7.91496, 7.32695], [7.91464, 7.32993], [7.91708, 7.33711], [7.91839, 7.33739], [7.91974, 7.33804], [7.92198, 7.3404], [7.92636, 7.351], [7.95179, 7.34718], [7.9696, 7.34796], [7.99613, 7.33996], [7.99737, 7.33923], [8.00286, 7.33423]]]}, "properties": {"name": "Ehatokpe", "lga": "Ohimini", "state": "be"}}, {"type": "Feature", "geometry": {"type": "Polygon", "coordinates": [[[9.5916, 7.70977], [9.58922, 7.70412], [9.58268, 7.70441], [9.52303, 7.69469], [9.52541, 7.70469], [9.52827, 7.71278], [9.53017, 7.71992], [9.53636, 7.73134], [9.53922, 7.73847], [9.54112, 7.7499], [9.54302, 7.75799], [9.54635, 7.76703], [9.54826, 7.77702], [9.55064, 7.78606], [9.55254, 7.79273], [9.56158, 7.81224], [9.56491, 7.82556], [9.56727, 7.83741], [9.57585, 7.83544], [9.60153, 7.82954], [9.64306, 7.79988], [9.62908, 7.77818], [9.61123, 7.75051], [9.60379, 7.73624], [9.59636, 7.72464], [9.59428, 7.71453], [9.5916, 7.70977]]]}, "properties": {"name": "Aterayange", "lga": "Ukum", "state": "be"}}, {"type": "Feature", "geometry": {"type": "Polygon", "coordinates": [[[9.45908, 7.65972], [9.45591, 7.66336], [9.45505, 7.66602], [9.45147, 7.67094], [9.45079, 7.67468], [9.45057, 7.6757], [9.45115, 7.69145], [9.45166, 7.70593], [9.44405, 7.71515], [9.44689, 7.73324], [9.45593, 7.738], [9.4664, 7.74276], [9.48258, 7.74704], [9.48829, 7.74942], [9.49336, 7.75329], [9.49963, 7.75891], [9.49876, 7.76608], [9.49638, 7.77655], [9.49163, 7.79225], [9.49115, 7.80034], [9.48829, 7.817], [9.48829, 7.83413], [9.48902, 7.84291], [9.49936, 7.84272], [9.56132, 7.83878], [9.56727, 7.83741], [9.56491, 7.82556], [9.56158, 7.81224], [9.55254, 7.79273], [9.55064, 7.78606], [9.54826, 7.77702], [9.54635, 7.76703], [9.54302, 7.75799], [9.54112, 7.7499], [9.53922, 7.73847], [9.53636, 7.73134], [9.53017, 7.71992], [9.52827, 7.71278], [9.52541, 7.70469], [9.52303, 7.69469], [9.50315, 7.68386], [9.49536, 7.67504], [9.48487, 7.66402], [9.48277, 7.6604], [9.48011, 7.65624], [9.47198, 7.65468], [9.46509, 7.65666], [9.45908, 7.65972]]]}, "properties": {"name": "Lumbur", "lga": "Ukum", "state": "be"}}, {"type": "Feature", "geometry": {"type": "Polygon", "coordinates": [[[9.38693, 7.71944], [9.37799, 7.71769], [9.37936, 7.72965], [9.37616, 7.74633], [9.38176, 7.75209], [9.37861, 7.76391], [9.38155, 7.77765], [9.37845, 7.78292], [9.37929, 7.7949], [9.38486, 7.80531], [9.38078, 7.81486], [9.38513, 7.83063], [9.38664, 7.8447], [9.40151, 7.84444], [9.48902, 7.84291], [9.48829, 7.83413], [9.48829, 7.817], [9.49115, 7.80034], [9.49163, 7.79225], [9.49638, 7.77655], [9.49876, 7.76608], [9.49963, 7.75891], [9.49336, 7.75329], [9.48829, 7.74942], [9.48258, 7.74704], [9.4664, 7.74276], [9.45593, 7.738], [9.44689, 7.73324], [9.43499, 7.72896], [9.42453, 7.72658], [9.41358, 7.72467], [9.40263, 7.72134], [9.39502, 7.71992], [9.38693, 7.71944]]]}, "properties": {"name": "Tsaav", "lga": "Ukum", "state": "be"}}, {"type": "Feature", "geometry": {"type": "Polygon", "coordinates": [[[8.69326, 7.75314], [8.71516, 7.76571], [8.71561, 7.76667], [8.72137, 7.77765], [8.74162, 7.77658], [8.75828, 7.78467], [8.76623, 7.78988], [8.77868, 7.78905], [8.78468, 7.77371], [8.79744, 7.7618], [8.81867, 7.73425], [8.8189, 7.73004], [8.78189, 7.69294], [8.77914, 7.69088], [8.77356, 7.67838], [8.76388, 7.65902], [8.76785, 7.6533], [8.75369, 7.65441], [8.73046, 7.65849], [8.71596, 7.66058], [8.69659, 7.66114], [8.70393, 7.7026], [8.70076, 7.71984], [8.69326, 7.75314]]]}, "properties": {"name": "Abinsi", "lga": "Guma", "state": "be"}}, {"type": "Feature", "geometry": {"type": "Polygon", "coordinates": [[[8.41576, 7.79996], [8.41886, 7.80065], [8.42017, 7.80061], [8.42068, 7.80079], [8.4208, 7.80576], [8.41994, 7.80698], [8.41978, 7.81065], [8.42283, 7.81432], [8.42875, 7.81591], [8.43773, 7.81726], [8.43772, 7.82069], [8.44238, 7.82614], [8.44248, 7.8315], [8.44579, 7.83437], [8.44997, 7.84628], [8.49452, 7.85138], [8.54912, 7.83334], [8.56662, 7.83358], [8.57974, 7.83534], [8.58229, 7.78208], [8.5779, 7.78023], [8.57673, 7.7733], [8.57961, 7.77128], [8.58077, 7.76914], [8.58066, 7.76672], [8.57776, 7.76568], [8.5734, 7.76377], [8.57019, 7.76261], [8.56288, 7.76158], [8.56028, 7.76138], [8.55772, 7.76144], [8.55122, 7.7421], [8.54841, 7.73363], [8.53858, 7.73995], [8.53279, 7.74555], [8.5305, 7.74666], [8.52797, 7.74703], [8.52049, 7.74645], [8.51683, 7.75407], [8.51189, 7.76188], [8.5024, 7.77287], [8.49595, 7.77911], [8.49042, 7.77929], [8.48413, 7.77611], [8.46621, 7.76686], [8.45538, 7.76335], [8.43074, 7.77496], [8.42059, 7.77424], [8.41898, 7.77819], [8.42006, 7.78265], [8.41547, 7.79205], [8.41576, 7.79996]]]}, "properties": {"name": "North Bank 1", "lga": "Makurdi", "state": "be"}}, {"type": "Feature", "geometry": {"type": "Polygon", "coordinates": [[[8.51375, 7.55271], [8.52364, 7.55093], [8.54628, 7.55285], [8.55994, 7.55608], [8.57424, 7.56238], [8.58271, 7.56583], [8.60168, 7.56966], [8.61243, 7.578], [8.61228, 7.57049], [8.61275, 7.56716], [8.61228, 7.56097], [8.60181, 7.53337], [8.60038, 7.52052], [8.59562, 7.50624], [8.59324, 7.50196], [8.58563, 7.48054], [8.57992, 7.47103], [8.57421, 7.45247], [8.57183, 7.44676], [8.56279, 7.43438], [8.5585, 7.42962], [8.55755, 7.42724], [8.55167, 7.4182], [8.50059, 7.45618], [8.48441, 7.47331], [8.47608, 7.48283], [8.47084, 7.48687], [8.46513, 7.49235], [8.45799, 7.50115], [8.43044, 7.52493], [8.41949, 7.53825], [8.41426, 7.54301], [8.39856, 7.55491], [8.36762, 7.58775], [8.36001, 7.59869], [8.3543, 7.60488], [8.34795, 7.61336], [8.36215, 7.62141], [8.36731, 7.61904], [8.37106, 7.61973], [8.37777, 7.61785], [8.38118, 7.61746], [8.38293, 7.61939], [8.38912, 7.61732], [8.38956, 7.6192], [8.39392, 7.61985], [8.39477, 7.61947], [8.39608, 7.61937], [8.39707, 7.62033], [8.39814, 7.62123], [8.39783, 7.62226], [8.39769, 7.6243], [8.39762, 7.62555], [8.39848, 7.62543], [8.39908, 7.6263], [8.39935, 7.62696], [8.39804, 7.62751], [8.39775, 7.62865], [8.39848, 7.62937], [8.39992, 7.6311], [8.40012, 7.63224], [8.39951, 7.63336], [8.39998, 7.6346], [8.40501, 7.63757], [8.40657, 7.63977], [8.40647, 7.64089], [8.40665, 7.64277], [8.41213, 7.63116], [8.4234, 7.61484], [8.43944, 7.5936], [8.45143, 7.57888], [8.464, 7.57199], [8.47449, 7.56444], [8.48479, 7.55966], [8.51375, 7.55271]]]}, "properties": {"name": "Mbasombo", "lga": "Gwer East", "state": "be"}}, {"type": "Feature", "geometry": {"type": "Polygon", "coordinates": [[[8.76608, 7.57885], [8.76732, 7.57422], [8.76869, 7.56913], [8.76353, 7.56392], [8.75589, 7.55862], [8.70125, 7.57303], [8.69292, 7.57362], [8.68519, 7.57541], [8.67805, 7.57541], [8.64176, 7.58433], [8.63344, 7.58492], [8.62369, 7.58933], [8.63307, 7.59931], [8.65124, 7.6096], [8.66521, 7.63195], [8.67494, 7.65232], [8.68913, 7.65642], [8.69404, 7.66049], [8.69659, 7.66114], [8.71596, 7.66058], [8.73046, 7.65849], [8.75369, 7.65441], [8.76785, 7.6533], [8.76314, 7.63973], [8.75922, 7.62575], [8.76037, 7.61075], [8.76608, 7.57885]]]}, "properties": {"name": "Gbemacha", "lga": "Gwer East", "state": "be"}}, {"type": "Feature", "geometry": {"type": "Polygon", "coordinates": [[[8.53911, 7.39893], [8.50996, 7.39774], [8.46713, 7.39774], [8.45702, 7.39833], [8.42014, 7.39833], [8.39705, 7.4001], [8.37707, 7.44769], [8.3704, 7.45721], [8.36565, 7.46578], [8.36279, 7.47339], [8.35898, 7.481], [8.35803, 7.48672], [8.35137, 7.50099], [8.3409, 7.51432], [8.33328, 7.52574], [8.32853, 7.53145], [8.31806, 7.54002], [8.31183, 7.54807], [8.31452, 7.55054], [8.32564, 7.56074], [8.33229, 7.57237], [8.33428, 7.5811], [8.33694, 7.58912], [8.3404, 7.60288], [8.34795, 7.61336], [8.3543, 7.60488], [8.36001, 7.59869], [8.36762, 7.58775], [8.39856, 7.55491], [8.41426, 7.54301], [8.41949, 7.53825], [8.43044, 7.52493], [8.45799, 7.50115], [8.46513, 7.49235], [8.47084, 7.48687], [8.47608, 7.48283], [8.48441, 7.47331], [8.50059, 7.45618], [8.55167, 7.4182], [8.55217, 7.4081], [8.55334, 7.40088], [8.53911, 7.39893]]]}, "properties": {"name": "Mbalom", "lga": "Gwer East", "state": "be"}}, {"type": "Feature", "geometry": {"type": "Polygon", "coordinates": [[[8.67151, 7.57719], [8.67805, 7.57541], [8.68519, 7.57541], [8.69292, 7.57362], [8.70125, 7.57303], [8.75589, 7.55862], [8.74136, 7.54817], [8.73761, 7.54431], [8.72474, 7.53347], [8.71123, 7.52494], [8.69464, 7.51186], [8.68746, 7.5005], [8.64681, 7.48904], [8.59324, 7.50196], [8.59562, 7.50624], [8.60038, 7.52052], [8.60181, 7.53337], [8.61228, 7.56097], [8.61275, 7.56716], [8.61228, 7.57049], [8.61243, 7.578], [8.61922, 7.58411], [8.62369, 7.58933], [8.63344, 7.58492], [8.64176, 7.58433], [8.65426, 7.58076], [8.66437, 7.57838], [8.67151, 7.57719]]]}, "properties": {"name": "Shough", "lga": "Gwer East", "state": "be"}}, {"type": "Feature", "geometry": {"type": "Polygon", "coordinates": [[[8.04866, 7.69331], [8.06268, 7.69054], [8.0646, 7.68083], [8.06447, 7.67254], [8.06775, 7.66119], [8.06913, 7.65058], [8.06674, 7.65171], [8.05874, 7.6538], [8.05075, 7.65494], [8.04599, 7.65628], [8.03876, 7.65647], [8.03514, 7.65818], [8.02543, 7.66008], [8.01991, 7.66199], [7.95195, 7.67625], [7.95463, 7.68012], [7.95968, 7.69023], [7.96894, 7.71356], [7.98525, 7.70936], [7.99955, 7.70912], [8.0265, 7.70272], [8.03447, 7.70046], [8.04866, 7.69331]]]}, "properties": {"name": "Ikobi", "lga": "Apa", "state": "be"}}, {"type": "Feature", "geometry": {"type": "Polygon", "coordinates": [[[8.10124, 7.85932], [8.08875, 7.84831], [8.08607, 7.84772], [8.05187, 7.8495], [8.04324, 7.85099], [8.03976, 7.85215], [8.04297, 7.85679], [8.05903, 7.87713], [8.06412, 7.88236], [8.06414, 7.88235], [8.07082, 7.87832], [8.07241, 7.87736], [8.0952, 7.86899], [8.11381, 7.86387], [8.10124, 7.85932]]]}, "properties": {"name": "Okokolo", "lga": "Agatu", "state": "be"}}, {"type": "Feature", "geometry": {"type": "Polygon", "coordinates": [[[8.2515, 7.82247], [8.27476, 7.81456], [8.28681, 7.79129], [8.28681, 7.76273], [8.28895, 7.75274], [8.28895, 7.74703], [8.29252, 7.73989], [8.29323, 7.73489], [8.29538, 7.72847], [8.29966, 7.71919], [8.3018, 7.71205], [8.30567, 7.7028], [8.29942, 7.70102], [8.28901, 7.69566], [8.27533, 7.69001], [8.26789, 7.68615], [8.26403, 7.68228], [8.26016, 7.68109], [8.24975, 7.67603], [8.23333, 7.68278], [8.23358, 7.69482], [8.2325, 7.70303], [8.23108, 7.70767], [8.22786, 7.71517], [8.22644, 7.72516], [8.2193, 7.75336], [8.21287, 7.76656], [8.21216, 7.77085], [8.20966, 7.77727], [8.20059, 7.79547], [8.20202, 7.79809], [8.20249, 7.80214], [8.20249, 7.8107], [8.19812, 7.8205], [8.2065, 7.8252], [8.21522, 7.83457], [8.23812, 7.82693], [8.2515, 7.82247]]]}, "properties": {"name": "Gbaange-Tongov", "lga": "Gwer West", "state": "be"}}, {"type": "Feature", "geometry": {"type": "Polygon", "coordinates": [[[8.26871, 7.50686], [8.25781, 7.4871], [8.25247, 7.49168], [8.24391, 7.51131], [8.2307, 7.52523], [8.22749, 7.53237], [8.22321, 7.53843], [8.22035, 7.54379], [8.21892, 7.54557], [8.24202, 7.55299], [8.25779, 7.56102], [8.28961, 7.5744], [8.29348, 7.56905], [8.29764, 7.56518], [8.30062, 7.56161], [8.30538, 7.55715], [8.30984, 7.55447], [8.31452, 7.55054], [8.31183, 7.54807], [8.30196, 7.53741], [8.28236, 7.52345], [8.26871, 7.50686]]]}, "properties": {"name": "Sengev / Yengev", "lga": "Gwer West", "state": "be"}}, {"type": "Feature", "geometry": {"type": "Polygon", "coordinates": [[[8.20249, 7.8107], [8.20249, 7.80214], [8.20202, 7.79809], [8.20059, 7.79547], [8.19226, 7.78524], [8.18846, 7.77858], [8.18608, 7.77644], [8.1806, 7.77241], [8.17808, 7.76958], [8.15279, 7.75382], [8.14986, 7.75437], [8.14052, 7.75965], [8.11779, 7.7744], [8.12761, 7.7823], [8.13512, 7.7907], [8.14608, 7.79765], [8.15724, 7.80299], [8.16715, 7.80237], [8.17434, 7.80478], [8.18665, 7.8101], [8.19812, 7.8205], [8.20249, 7.8107]]]}, "properties": {"name": "Sengev", "lga": "Gwer West", "state": "be"}}, {"type": "Feature", "geometry": {"type": "Polygon", "coordinates": [[[8.33095, 7.68181], [8.32801, 7.68029], [8.32411, 7.68228], [8.32113, 7.68496], [8.31667, 7.68793], [8.31162, 7.69477], [8.30715, 7.69923], [8.28895, 7.74703], [8.28895, 7.75274], [8.28681, 7.76273], [8.28681, 7.79129], [8.27476, 7.81456], [8.34547, 7.78433], [8.36222, 7.77456], [8.37216, 7.77], [8.38548, 7.76804], [8.38998, 7.75942], [8.38945, 7.75459], [8.39037, 7.74006], [8.38935, 7.7198], [8.39188, 7.69095], [8.38448, 7.6958], [8.37637, 7.69782], [8.36967, 7.69901], [8.35817, 7.69902], [8.35327, 7.69832], [8.35088, 7.70111], [8.34754, 7.7017], [8.34656, 7.70013], [8.34567, 7.69889], [8.34433, 7.6985], [8.34422, 7.69624], [8.34141, 7.69561], [8.34012, 7.69449], [8.34027, 7.69189], [8.34151, 7.68953], [8.34203, 7.68776], [8.33321, 7.6871], [8.33095, 7.68181]]]}, "properties": {"name": "Tyoughatee / Ijaha", "lga": "Gwer West", "state": "be"}}, {"type": "Feature", "geometry": {"type": "Polygon", "coordinates": [[[8.08315, 7.58832], [8.0792, 7.58547], [8.07847, 7.59718], [8.07683, 7.61187], [8.07295, 7.62654], [8.06913, 7.65058], [8.06775, 7.66119], [8.06447, 7.67254], [8.0646, 7.68083], [8.06268, 7.69054], [8.08711, 7.67621], [8.0982, 7.6751], [8.10346, 7.67229], [8.11947, 7.66933], [8.10761, 7.63571], [8.10495, 7.61858], [8.10324, 7.61097], [8.10019, 7.59993], [8.09905, 7.59403], [8.09743, 7.5907], [8.08583, 7.58832], [8.08315, 7.58832]]]}, "properties": {"name": "Mbapa", "lga": "Gwer West", "state": "be"}}, {"type": "Feature", "geometry": {"type": "Polygon", "coordinates": [[[8.00415, 7.48185], [7.99321, 7.47614], [7.98797, 7.48233], [7.97893, 7.49089], [7.95427, 7.5112], [7.9637, 7.51848], [7.98279, 7.52899], [7.99724, 7.53819], [8.0077, 7.54656], [8.0122, 7.55015], [8.0221, 7.56334], [8.03241, 7.57331], [8.05464, 7.59252], [8.05672, 7.59391], [8.06676, 7.60061], [8.07683, 7.61187], [8.08238, 7.55357], [8.0851, 7.53939], [8.08664, 7.53138], [8.08895, 7.51433], [8.07934, 7.51183], [8.06697, 7.50707], [8.06078, 7.50565], [8.05269, 7.50136], [8.03937, 7.49803], [8.00415, 7.48185]]]}, "properties": {"name": "Entekpa", "lga": "Oturkpo", "state": "be"}}, {"type": "Feature", "geometry": {"type": "Polygon", "coordinates": [[[9.69537, 7.63], [9.69012, 7.6236], [9.67577, 7.62745], [9.66808, 7.63061], [9.65755, 7.63348], [9.65904, 7.63972], [9.66231, 7.64508], [9.66231, 7.65281], [9.6644, 7.66114], [9.6757, 7.69088], [9.67689, 7.69772], [9.69054, 7.72849], [9.70173, 7.71023], [9.71128, 7.6986], [9.73041, 7.67531], [9.72482, 7.66896], [9.7034, 7.64249], [9.69537, 7.63]]]}, "properties": {"name": "Mbayenge", "lga": "Ukum", "state": "be"}}, {"type": "Feature", "geometry": {"type": "Polygon", "coordinates": [[[8.83504, 7.5465], [8.81425, 7.55395], [8.8114, 7.55894], [8.80676, 7.5643], [8.80527, 7.56902], [8.80451, 7.58779], [8.80362, 7.59404], [8.80213, 7.5985], [8.79767, 7.60861], [8.79261, 7.62408], [8.79261, 7.63033], [8.79202, 7.63628], [8.79083, 7.64252], [8.78905, 7.64728], [8.78786, 7.65234], [8.8218, 7.65308], [8.8212, 7.63226], [8.8218, 7.62423], [8.82537, 7.60847], [8.82745, 7.59479], [8.82879, 7.58993], [8.83504, 7.5465]]]}, "properties": {"name": "Tongov", "lga": "Tarka", "state": "be"}}, {"type": "Feature", "geometry": {"type": "Polygon", "coordinates": [[[8.90063, 7.60661], [8.89913, 7.61439], [8.90011, 7.61836], [8.89717, 7.63089], [8.89952, 7.63531], [8.90435, 7.64235], [8.90097, 7.65352], [8.91049, 7.66118], [8.89856, 7.69091], [8.90876, 7.69234], [8.91477, 7.68663], [8.9302, 7.6609], [8.93417, 7.65555], [8.93766, 7.63925], [8.92591, 7.62349], [8.92565, 7.61564], [8.91657, 7.60287], [8.90063, 7.60661]]]}, "properties": {"name": "Mbakwakem", "lga": "Tarka", "state": "be"}}, {"type": "Feature", "geometry": {"type": "Polygon", "coordinates": [[[7.88324, 7.64204], [7.88889, 7.63996], [7.89365, 7.63996], [7.90049, 7.63847], [7.935, 7.63877], [7.93812, 7.63773], [7.94835, 7.63559], [7.99951, 7.6168], [8.00403, 7.61632], [8.01521, 7.61323], [8.04543, 7.60062], [8.05233, 7.59705], [8.05672, 7.59391], [8.05464, 7.59252], [8.03241, 7.57331], [8.0221, 7.56334], [8.0122, 7.55015], [8.0077, 7.54656], [7.98016, 7.56002], [7.93614, 7.57668], [7.90372, 7.5859], [7.89866, 7.58798], [7.88736, 7.59066], [7.88052, 7.59155], [7.87635, 7.59155], [7.86798, 7.59483], [7.87497, 7.61969], [7.87774, 7.62243], [7.87964, 7.62671], [7.88012, 7.63099], [7.8825, 7.63575], [7.88324, 7.64204]]]}, "properties": {"name": "Edikwu 1", "lga": "Apa", "state": "be"}}, {"type": "Feature", "geometry": {"type": "Polygon", "coordinates": [[[8.51268, 8.15778], [8.52442, 8.15727], [8.5605, 8.14013], [8.588, 8.12886], [8.58987, 8.12838], [8.60114, 8.12548], [8.59454, 8.11425], [8.59178, 8.1062], [8.58812, 8.10071], [8.58373, 8.09087], [8.57338, 8.07778], [8.57216, 8.07275], [8.57401, 8.06122], [8.57357, 8.05624], [8.57111, 8.04432], [8.57147, 8.03204], [8.57399, 8.01917], [8.57568, 8.01229], [8.57537, 8.00619], [8.57599, 7.99901], [8.57763, 7.99582], [8.58645, 7.98683], [8.59398, 7.98522], [8.59708, 7.9787], [8.59461, 7.97212], [8.58873, 7.9708], [8.58338, 7.96732], [8.58021, 7.96472], [8.58069, 7.95793], [8.57973, 7.95273], [8.58209, 7.94746], [8.58428, 7.94369], [8.58887, 7.93939], [8.58967, 7.93749], [8.58925, 7.93341], [8.58832, 7.92864], [8.58652, 7.9206], [8.57664, 7.91444], [8.57224, 7.91266], [8.56042, 7.90904], [8.55641, 7.90854], [8.54626, 7.9068], [8.54049, 7.9054], [8.53262, 7.92544], [8.51828, 7.93645], [8.50763, 7.95213], [8.51013, 7.96813], [8.51108, 7.98555], [8.50854, 8.00386], [8.49069, 8.02482], [8.47383, 8.04785], [8.43934, 8.07958], [8.41368, 8.09992], [8.42658, 8.11218], [8.46626, 8.13923], [8.4861, 8.14915], [8.50132, 8.15696], [8.50368, 8.15817], [8.51268, 8.15778]]]}, "properties": {"name": "Nyiev", "lga": "Guma", "state": "be"}}, {"type": "Feature", "geometry": {"type": "Polygon", "coordinates": [[[7.98836, 7.86107], [7.97159, 7.86571], [7.95945, 7.86785], [7.95232, 7.87035], [7.95852, 7.89826], [7.96349, 7.91384], [7.97366, 7.92831], [7.98032, 7.93368], [7.99472, 7.92295], [8.04077, 7.89644], [8.06412, 7.88236], [8.05903, 7.87713], [8.04297, 7.85679], [8.03976, 7.85215], [8.03191, 7.85215], [8.02691, 7.85286], [8.01085, 7.85679], [8.00014, 7.85786], [7.99229, 7.85928], [7.98836, 7.86107]]]}, "properties": {"name": "Egba", "lga": "Agatu", "state": "be"}}, {"type": "Feature", "geometry": {"type": "Polygon", "coordinates": [[[8.57868, 7.74175], [8.57612, 7.74163], [8.57337, 7.74167], [8.56073, 7.73492], [8.55761, 7.73503], [8.54841, 7.73363], [8.55122, 7.7421], [8.55772, 7.76144], [8.56028, 7.76138], [8.56288, 7.76158], [8.57019, 7.76261], [8.5734, 7.76377], [8.57776, 7.76568], [8.58066, 7.76672], [8.58088, 7.76012], [8.57766, 7.74956], [8.57854, 7.74734], [8.57863, 7.74497], [8.57868, 7.74175]]]}, "properties": {"name": "North Bank 2", "lga": "Makurdi", "state": "be"}}, {"type": "Feature", "geometry": {"type": "Polygon", "coordinates": [[[8.96045, 7.93226], [8.93037, 7.83531], [8.91632, 7.82098], [8.90326, 7.81181], [8.88726, 7.8091], [8.87285, 7.80858], [8.85648, 7.80904], [8.83721, 7.81072], [8.81962, 7.81093], [8.82857, 7.83799], [8.84014, 7.84922], [8.84908, 7.86281], [8.86009, 7.87277], [8.87708, 7.89789], [8.92085, 7.93999], [8.94132, 7.93868], [8.96045, 7.93226]]]}, "properties": {"name": "Nzorov", "lga": "Guma", "state": "be"}}, {"type": "Feature", "geometry": {"type": "Polygon", "coordinates": [[[8.48319, 7.24888], [8.48162, 7.23688], [8.47489, 7.23717], [8.4535, 7.24183], [8.4277, 7.24598], [8.40282, 7.29102], [8.40829, 7.29906], [8.40459, 7.3101], [8.40455, 7.31342], [8.39291, 7.31794], [8.38981, 7.32662], [8.3893, 7.35302], [8.39324, 7.36842], [8.39581, 7.37563], [8.42014, 7.39833], [8.42945, 7.37797], [8.4333, 7.37331], [8.43998, 7.35791], [8.45306, 7.34437], [8.45413, 7.32108], [8.45535, 7.3121], [8.46255, 7.28554], [8.46519, 7.27823], [8.47907, 7.25355], [8.48319, 7.24888]]]}, "properties": {"name": "Ikyonov", "lga": "Gwer East", "state": "be"}}, {"type": "Feature", "geometry": {"type": "Polygon", "coordinates": [[[7.69687, 6.97015], [7.70028, 6.97022], [7.70239, 6.97061], [7.70385, 6.97033], [7.70721, 6.96892], [7.72864, 6.95744], [7.73175, 6.9547], [7.71852, 6.95004], [7.70943, 6.94364], [7.70728, 6.94096], [7.70677, 6.93687], [7.69828, 6.9265], [7.69111, 6.91204], [7.69078, 6.90899], [7.68801, 6.90753], [7.68586, 6.90347], [7.68215, 6.90272], [7.68005, 6.9035], [7.66958, 6.9144], [7.66856, 6.9152], [7.66643, 6.91596], [7.66395, 6.91748], [7.6626, 6.91541], [7.66188, 6.91342], [7.66189, 6.91124], [7.66093, 6.91183], [7.66004, 6.91193], [7.65798, 6.90857], [7.65816, 6.90743], [7.65054, 6.89808], [7.64603, 6.89849], [7.64155, 6.90383], [7.63595, 6.90357], [7.6202, 6.91933], [7.59972, 6.92484], [7.59622, 6.92609], [7.57766, 6.93272], [7.57136, 6.93981], [7.56427, 6.95241], [7.55861, 6.97252], [7.56387, 6.97736], [7.56593, 6.97981], [7.56916, 6.9822], [7.57584, 6.98373], [7.58104, 6.98551], [7.59202, 6.98433], [7.60424, 6.97471], [7.62159, 6.96728], [7.63469, 6.96256], [7.64177, 6.96205], [7.6477, 6.96826], [7.65293, 6.97214], [7.66289, 6.97222], [7.67819, 6.96832], [7.68117, 6.96362], [7.68418, 6.96445], [7.68806, 6.96542], [7.69031, 6.96606], [7.69561, 6.96931], [7.69687, 6.97015]]]}, "properties": {"name": "Ehaje 1", "lga": "Ogbadibo", "state": "be"}}, {"type": "Feature", "geometry": {"type": "Polygon", "coordinates": [[[7.96405, 6.91442], [7.88974, 6.83454], [7.8904, 6.8437], [7.88803, 6.85394], [7.8826, 6.85829], [7.87622, 6.86339], [7.87464, 6.86891], [7.86361, 6.87994], [7.85495, 6.88073], [7.83956, 6.88073], [7.83351, 6.8864], [7.81862, 6.89195], [7.81841, 6.89354], [7.81896, 6.91673], [7.81416, 6.92626], [7.80711, 6.93048], [7.79111, 6.93609], [7.78133, 6.94307], [7.77172, 6.95098], [7.76661, 6.96211], [7.76531, 6.96363], [7.77282, 6.98167], [7.77915, 6.99308], [7.78337, 6.99696], [7.78575, 7.00058], [7.78795, 7.00764], [7.7873, 7.01843], [7.7937, 7.02626], [7.79686, 7.0275], [7.80983, 7.01222], [7.81361, 7.00788], [7.80939, 7.00385], [7.81082, 6.99909], [7.81177, 6.99266], [7.81415, 6.98243], [7.82001, 6.9611], [7.82105, 6.95721], [7.82295, 6.95269], [7.83461, 6.93246], [7.83747, 6.92985], [7.84032, 6.9258], [7.84889, 6.91842], [7.85484, 6.91485], [7.85626, 6.91319], [7.85888, 6.91224], [7.8634, 6.90962], [7.87673, 6.90581], [7.88274, 6.90579], [7.88729, 6.91585], [7.88996, 6.92301], [7.89138, 6.92684], [7.89779, 6.93756], [7.90439, 6.94643], [7.92281, 6.95856], [7.93816, 6.96591], [7.95064, 6.94544], [7.95477, 6.932], [7.95801, 6.92619], [7.96405, 6.91442]]]}, "properties": {"name": "Okpoga South", "lga": "Okpokwu", "state": "be"}}, {"type": "Feature", "geometry": {"type": "Polygon", "coordinates": [[[7.72206, 6.94012], [7.727, 6.93985], [7.73023, 6.94034], [7.73239, 6.93911], [7.73703, 6.93447], [7.74332, 6.93306], [7.7487, 6.92771], [7.75518, 6.92349], [7.75896, 6.91875], [7.76544, 6.91577], [7.77629, 6.91767], [7.79111, 6.93609], [7.80711, 6.93048], [7.81416, 6.92626], [7.81896, 6.91673], [7.81841, 6.89354], [7.81862, 6.89195], [7.80362, 6.89123], [7.79178, 6.88934], [7.78563, 6.87285], [7.77603, 6.87582], [7.76278, 6.87994], [7.7574, 6.87927], [7.75018, 6.87836], [7.73762, 6.87036], [7.71909, 6.87247], [7.71376, 6.87103], [7.71193, 6.86092], [7.70939, 6.86678], [7.70684, 6.87619], [7.71002, 6.88128], [7.71243, 6.88718], [7.70894, 6.89044], [7.70115, 6.89583], [7.69607, 6.89945], [7.68999, 6.90016], [7.68586, 6.90347], [7.68801, 6.90753], [7.69078, 6.90899], [7.69111, 6.91204], [7.69828, 6.9265], [7.70677, 6.93687], [7.70728, 6.94096], [7.70943, 6.94364], [7.71852, 6.95004], [7.71869, 6.94659], [7.71736, 6.94183], [7.72206, 6.94012]]]}, "properties": {"name": "Ichama 2", "lga": "Okpokwu", "state": "be"}}, {"type": "Feature", "geometry": {"type": "Polygon", "coordinates": [[[7.83443, 7.34617], [7.81809, 7.35287], [7.80831, 7.35004], [7.79578, 7.35188], [7.79834, 7.35708], [7.80261, 7.36429], [7.79712, 7.37595], [7.7984, 7.38525], [7.80012, 7.39178], [7.79938, 7.40113], [7.79219, 7.40986], [7.7985, 7.40811], [7.81189, 7.40781], [7.81592, 7.40883], [7.82015, 7.40986], [7.82998, 7.4071], [7.83714, 7.40668], [7.84324, 7.40561], [7.85081, 7.40403], [7.85903, 7.4012], [7.86176, 7.40029], [7.86441, 7.39841], [7.86694, 7.39616], [7.86782, 7.39434], [7.86716, 7.391], [7.86777, 7.38985], [7.86702, 7.38839], [7.86143, 7.38521], [7.85532, 7.38105], [7.85463, 7.3774], [7.85524, 7.37346], [7.85569, 7.36627], [7.8562, 7.36416], [7.86049, 7.3614], [7.86467, 7.36086], [7.87023, 7.35894], [7.87145, 7.3571], [7.871, 7.35519], [7.86892, 7.35375], [7.86731, 7.35259], [7.86793, 7.35008], [7.86543, 7.34867], [7.85861, 7.34447], [7.85505, 7.3431], [7.85233, 7.34268], [7.8503, 7.34259], [7.84203, 7.34343], [7.83443, 7.34617]]]}, "properties": {"name": "Idekpa", "lga": "Ohimini", "state": "be"}}, {"type": "Feature", "geometry": {"type": "Polygon", "coordinates": [[[7.85657, 7.6595], [7.85713, 7.65806], [7.85803, 7.65018], [7.85908, 7.64665], [7.86594, 7.63796], [7.87309, 7.63453], [7.8825, 7.63575], [7.88012, 7.63099], [7.87964, 7.62671], [7.87774, 7.62243], [7.87497, 7.61969], [7.86798, 7.59483], [7.86156, 7.59188], [7.85288, 7.59287], [7.84434, 7.59659], [7.82382, 7.59146], [7.77337, 7.58094], [7.73668, 7.57819], [7.73688, 7.58527], [7.73684, 7.59179], [7.7362, 7.59938], [7.73182, 7.6127], [7.72626, 7.61447], [7.72426, 7.6205], [7.73255, 7.63901], [7.74104, 7.63873], [7.75245, 7.63973], [7.78896, 7.65117], [7.80988, 7.65721], [7.83436, 7.66672], [7.85657, 7.6595]]]}, "properties": {"name": "Ofoke", "lga": "Apa", "state": "be"}}, {"type": "Feature", "geometry": {"type": "Polygon", "coordinates": [[[7.69831, 7.03886], [7.70005, 7.03705], [7.70243, 7.03634], [7.70766, 7.03253], [7.71504, 7.02944], [7.72479, 7.0292], [7.72955, 7.02801], [7.73193, 7.02682], [7.7355, 7.02444], [7.74526, 7.0135], [7.73849, 7.01336], [7.72904, 7.012], [7.72179, 7.01639], [7.71311, 7.01881], [7.70468, 7.01476], [7.69717, 7.01163], [7.69078, 7.0094], [7.68354, 6.99569], [7.69046, 6.9912], [7.68665, 6.98323], [7.68244, 6.97876], [7.67819, 6.96832], [7.66289, 6.97222], [7.65293, 6.97214], [7.6477, 6.96826], [7.64395, 6.97894], [7.64853, 6.98468], [7.64984, 6.99067], [7.65006, 6.99663], [7.64698, 7.00478], [7.64121, 7.01381], [7.63924, 7.02119], [7.63654, 7.03018], [7.63891, 7.04107], [7.6412, 7.04092], [7.65417, 7.04514], [7.66352, 7.04966], [7.66593, 7.05117], [7.66804, 7.05358], [7.6697, 7.05449], [7.68879, 7.0579], [7.69022, 7.05314], [7.69545, 7.04529], [7.69831, 7.03886]]]}, "properties": {"name": "Ai-Ona", "lga": "Ogbadibo", "state": "be"}}, {"type": "Feature", "geometry": {"type": "Polygon", "coordinates": [[[9.48513, 6.83282], [9.48338, 6.82788], [9.47959, 6.82159], [9.47514, 6.81814], [9.47266, 6.817], [9.46709, 6.81579], [9.44346, 6.83184], [9.43341, 6.84154], [9.44039, 6.86015], [9.43788, 6.8655], [9.43156, 6.87285], [9.43276, 6.89989], [9.46202, 6.90316], [9.48788, 6.91255], [9.48906, 6.90959], [9.49077, 6.90704], [9.49814, 6.8988], [9.49738, 6.89719], [9.49677, 6.89533], [9.49686, 6.89078], [9.50248, 6.87276], [9.50237, 6.8707], [9.50053, 6.8668], [9.49623, 6.85854], [9.50925, 6.85682], [9.5091, 6.85057], [9.49349, 6.85279], [9.4864, 6.83892], [9.48568, 6.83744], [9.48547, 6.83494], [9.48513, 6.83282]]]}, "properties": {"name": "Mbadura", "lga": "Kwande", "state": "be"}}, {"type": "Feature", "geometry": {"type": "Polygon", "coordinates": [[[8.04626, 7.29893], [8.03876, 7.30999], [8.03843, 7.31124], [8.03793, 7.31343], [8.03723, 7.31632], [8.03737, 7.31962], [8.03807, 7.32127], [8.03991, 7.32453], [8.04133, 7.32825], [8.0447, 7.34821], [8.03084, 7.34007], [8.03324, 7.37273], [8.0326, 7.37813], [8.03331, 7.39336], [8.03165, 7.4055], [8.03165, 7.40883], [8.06805, 7.41525], [8.07345, 7.40875], [8.0913, 7.38959], [8.10962, 7.37663], [8.116, 7.36999], [8.13426, 7.37552], [8.15878, 7.36092], [8.1719, 7.33187], [8.18102, 7.31884], [8.16695, 7.31114], [8.15933, 7.30756], [8.13764, 7.30057], [8.12648, 7.29988], [8.04626, 7.29893]]]}, "properties": {"name": "Ugboju Ehaje", "lga": "Oturkpo", "state": "be"}}, {"type": "Feature", "geometry": {"type": "Polygon", "coordinates": [[[8.10773, 7.15738], [8.1272, 7.14522], [8.13147, 7.12756], [8.12654, 7.11408], [8.12869, 7.0907], [8.1354, 7.07404], [8.14157, 7.05461], [8.14476, 7.04682], [8.14504, 7.04236], [8.1166, 7.04359], [8.11017, 7.04288], [8.09482, 7.04288], [8.07912, 7.04145], [8.0602, 7.03824], [8.05414, 7.03645], [8.04664, 7.03538], [8.04271, 7.03324], [8.03772, 7.03181], [8.03022, 7.02896], [8.01809, 7.02646], [8.01316, 7.02478], [8.01094, 7.03012], [8.00443, 7.04175], [7.98879, 7.05883], [7.98171, 7.0631], [7.97537, 7.07012], [7.97191, 7.07462], [7.97071, 7.07689], [7.96915, 7.09155], [7.97215, 7.10524], [7.96951, 7.10629], [7.97267, 7.10701], [8.05031, 7.1411], [8.05702, 7.14621], [8.06489, 7.15225], [8.07484, 7.15376], [8.07893, 7.15427], [8.0828, 7.15622], [8.09692, 7.16029], [8.09972, 7.16001], [8.10179, 7.15985], [8.10341, 7.15972], [8.10773, 7.15738]]]}, "properties": {"name": "Otobi", "lga": "Oturkpo", "state": "be"}}, {"type": "Feature", "geometry": {"type": "Polygon", "coordinates": [[[9.25727, 6.82578], [9.25756, 6.82325], [9.25769, 6.82105], [9.25863, 6.81836], [9.25007, 6.81741], [9.24866, 6.81144], [9.2464, 6.80575], [9.24186, 6.80145], [9.21028, 6.78789], [9.20817, 6.783], [9.21114, 6.77728], [9.21217, 6.77013], [9.20683, 6.7674], [9.20163, 6.76343], [9.19382, 6.75773], [9.18511, 6.75909], [9.19347, 6.77028], [9.18317, 6.78475], [9.17913, 6.79042], [9.17798, 6.80234], [9.17787, 6.80663], [9.17768, 6.81311], [9.18454, 6.82181], [9.18937, 6.83565], [9.19582, 6.84014], [9.19844, 6.83776], [9.19882, 6.83447], [9.20899, 6.82715], [9.21167, 6.82617], [9.21348, 6.82681], [9.21399, 6.83036], [9.21479, 6.83048], [9.22347, 6.8251], [9.2284, 6.83557], [9.22922, 6.83802], [9.23108, 6.82973], [9.24257, 6.82752], [9.24541, 6.82631], [9.2473, 6.82302], [9.25033, 6.82201], [9.25301, 6.82138], [9.25727, 6.82578]]]}, "properties": {"name": "Mbaketsa", "lga": "Kwande", "state": "be"}}, {"type": "Feature", "geometry": {"type": "Polygon", "coordinates": [[[8.8205, 6.87467], [8.81472, 6.88334], [8.81639, 6.88636], [8.82326, 6.90335], [8.8262, 6.90938], [8.82526, 6.91452], [8.82041, 6.91794], [8.80536, 6.9204], [8.79865, 6.92615], [8.79684, 6.93402], [8.7951, 6.93771], [8.79108, 6.94544], [8.78787, 6.94971], [8.78453, 6.96709], [8.78487, 6.9699], [8.79224, 6.96871], [8.79716, 6.96847], [8.79835, 6.96936], [8.80168, 6.96793], [8.81615, 6.96374], [8.82435, 6.9648], [8.83706, 6.9632], [8.84344, 6.96157], [8.86335, 6.96402], [8.87072, 6.95755], [8.87851, 6.95362], [8.88417, 6.94434], [8.88671, 6.93958], [8.88845, 6.9342], [8.88963, 6.93217], [8.89252, 6.9265], [8.88894, 6.92248], [8.87656, 6.90059], [8.87123, 6.89469], [8.86971, 6.89221], [8.864, 6.88574], [8.84458, 6.87051], [8.84385, 6.86674], [8.8205, 6.87467]]]}, "properties": {"name": "Mbawar", "lga": "Konshisha", "state": "be"}}, {"type": "Feature", "geometry": {"type": "Polygon", "coordinates": [[[9.1767, 7.36734], [9.16897, 7.38445], [9.16123, 7.39345], [9.16957, 7.39655], [9.17611, 7.40615], [9.18233, 7.41581], [9.18811, 7.42351], [9.19665, 7.43065], [9.20443, 7.43893], [9.20602, 7.44617], [9.21168, 7.45774], [9.21881, 7.46168], [9.2217, 7.47548], [9.22106, 7.48164], [9.2165, 7.50767], [9.21623, 7.50859], [9.22347, 7.51197], [9.24746, 7.49143], [9.25491, 7.48131], [9.25941, 7.47218], [9.25936, 7.47], [9.26731, 7.45884], [9.26022, 7.44199], [9.26035, 7.43213], [9.25963, 7.40816], [9.25624, 7.39755], [9.25125, 7.39862], [9.23554, 7.39862], [9.22947, 7.39934], [9.22412, 7.40077], [9.20984, 7.40148], [9.19985, 7.40291], [9.19426, 7.4032], [9.19091, 7.38933], [9.1871, 7.37743], [9.18568, 7.37458], [9.18215, 7.36968], [9.1767, 7.36734]]]}, "properties": {"name": "Binev", "lga": "Buruku", "state": "be"}}, {"type": "Feature", "geometry": {"type": "Polygon", "coordinates": [[[9.11001, 6.85147], [9.11722, 6.86169], [9.11849, 6.8626], [9.12033, 6.8639], [9.11853, 6.85395], [9.12001, 6.85355], [9.1222, 6.85438], [9.12482, 6.85438], [9.12877, 6.85415], [9.13304, 6.85517], [9.1376, 6.85661], [9.13863, 6.85574], [9.14022, 6.85526], [9.14606, 6.85558], [9.15196, 6.85301], [9.16532, 6.85441], [9.16655, 6.85239], [9.17227, 6.84537], [9.1717, 6.84029], [9.1638, 6.8301], [9.15769, 6.82769], [9.17768, 6.81311], [9.17787, 6.80663], [9.17798, 6.80234], [9.17913, 6.79042], [9.18317, 6.78475], [9.19347, 6.77028], [9.18511, 6.75909], [9.18259, 6.75813], [9.17581, 6.76035], [9.16935, 6.76561], [9.15409, 6.76629], [9.14945, 6.76726], [9.14415, 6.76801], [9.13364, 6.76929], [9.12743, 6.7689], [9.12201, 6.77143], [9.12064, 6.78429], [9.12061, 6.78853], [9.12338, 6.7951], [9.12267, 6.80021], [9.12171, 6.80665], [9.11683, 6.81268], [9.12135, 6.82047], [9.12706, 6.82309], [9.1306, 6.82637], [9.12748, 6.82896], [9.12453, 6.8312], [9.12284, 6.83227], [9.11001, 6.85147]]]}, "properties": {"name": "Mbakyaha", "lga": "Vandeikya", "state": "be"}}, {"type": "Feature", "geometry": {"type": "Polygon", "coordinates": [[[9.1039, 7.20939], [9.105, 7.23316], [9.10676, 7.2394], [9.1257, 7.24614], [9.12943, 7.2517], [9.13878, 7.26338], [9.14322, 7.2675], [9.1462, 7.27017], [9.15981, 7.25589], [9.1763, 7.24786], [9.18328, 7.24676], [9.18878, 7.24516], [9.1996, 7.2327], [9.19908, 7.22209], [9.19509, 7.21233], [9.18859, 7.20467], [9.18241, 7.19165], [9.18032, 7.19147], [9.17442, 7.18728], [9.16661, 7.18538], [9.16186, 7.18214], [9.15672, 7.18081], [9.12911, 7.16501], [9.1286, 7.17337], [9.12368, 7.18382], [9.11831, 7.19095], [9.11366, 7.19779], [9.10524, 7.20619], [9.1039, 7.20939]]]}, "properties": {"name": "Mbatyough", "lga": "Buruku", "state": "be"}}, {"type": "Feature", "geometry": {"type": "MultiPolygon", "coordinates": [[[[8.2347, 7.17578], [8.25612, 7.12604], [8.24894, 7.10944], [8.24605, 7.10569], [8.24284, 7.08213], [8.24134, 7.07335], [8.24134, 7.06595], [8.23825, 7.05873], [8.24051, 7.04784], [8.23552, 7.04453], [8.21832, 7.04466], [8.21082, 7.04395], [8.16871, 7.04395], [8.15443, 7.04217], [8.14961, 7.04217], [8.14504, 7.04236], [8.14476, 7.04682], [8.14157, 7.05461], [8.1354, 7.07404], [8.12869, 7.0907], [8.12654, 7.11408], [8.13147, 7.12756], [8.1272, 7.14522], [8.13245, 7.15653], [8.13459, 7.16135], [8.13898, 7.1649], [8.15387, 7.17045], [8.16188, 7.1689], [8.1767, 7.16522], [8.19565, 7.16521], [8.20918, 7.17055], [8.2347, 7.17578]]], [[[8.13898, 7.21559], [8.13716, 7.21941], [8.13765, 7.22005], [8.1372, 7.22114], [8.13915, 7.22323], [8.136, 7.22421], [8.1271, 7.23546], [8.13208, 7.23868], [8.13636, 7.24249], [8.13858, 7.2458], [8.14119, 7.24702], [8.14304, 7.24606], [8.14648, 7.24753], [8.14826, 7.24816], [8.15312, 7.25514], [8.15761, 7.2547], [8.16032, 7.25337], [8.16486, 7.25505], [8.17009, 7.25638], [8.17857, 7.25929], [8.17873, 7.26276], [8.18358, 7.26486], [8.18904, 7.26725], [8.1954, 7.26861], [8.2097, 7.27928], [8.21995, 7.2713], [8.22033, 7.23983], [8.21642, 7.23705], [8.21116, 7.23647], [8.20944, 7.23556], [8.20737, 7.23012], [8.20418, 7.22463], [8.2024, 7.22115], [8.20013, 7.21952], [8.19347, 7.21534], [8.18782, 7.21237], [8.18313, 7.20979], [8.15587, 7.20812], [8.15476, 7.20788], [8.15424, 7.20746], [8.1538, 7.20711], [8.15356, 7.20675], [8.15211, 7.20397], [8.15075, 7.20454], [8.1508, 7.20501], [8.15035, 7.2053], [8.14961, 7.2132], [8.13898, 7.21559]]]]}, "properties": {"name": "Ewulo", "lga": "Oturkpo", "state": "be"}}, {"type": "Feature", "geometry": {"type": "Polygon", "coordinates": [[[8.33729, 6.81788], [8.34269, 6.82605], [8.34518, 6.82556], [8.35187, 6.82548], [8.36054, 6.82613], [8.36428, 6.82602], [8.37159, 6.82728], [8.37665, 6.82665], [8.37713, 6.82675], [8.38641, 6.82262], [8.39019, 6.82531], [8.39398, 6.82488], [8.39895, 6.82582], [8.40493, 6.81863], [8.40594, 6.81511], [8.41912, 6.78511], [8.42215, 6.7851], [8.42564, 6.78325], [8.4317, 6.78945], [8.43099, 6.77184], [8.4317, 6.76851], [8.43232, 6.75821], [8.42776, 6.75824], [8.42433, 6.75712], [8.41977, 6.75715], [8.41518, 6.75489], [8.41061, 6.75377], [8.39342, 6.74241], [8.3911, 6.73783], [8.38849, 6.73353], [8.38449, 6.73364], [8.37998, 6.72995], [8.37186, 6.73096], [8.37157, 6.73797], [8.37511, 6.74689], [8.37625, 6.75141], [8.38956, 6.77619], [8.38323, 6.78184], [8.37017, 6.78546], [8.35786, 6.7902], [8.35173, 6.79278], [8.34889, 6.79475], [8.33729, 6.81788]]]}, "properties": {"name": "Okpokpo", "lga": "Oju", "state": "be"}}, {"type": "Feature", "geometry": {"type": "Polygon", "coordinates": [[[8.53724, 6.89965], [8.54712, 6.91993], [8.54708, 6.93261], [8.54625, 6.94368], [8.54409, 6.95513], [8.53274, 6.97653], [8.52554, 7.03335], [8.56075, 7.02835], [8.57495, 7.03427], [8.59924, 7.04161], [8.60985, 7.04352], [8.62443, 7.04084], [8.65118, 7.03887], [8.65831, 7.03413], [8.66224, 7.02616], [8.66127, 7.02141], [8.65352, 7.00787], [8.65212, 7.00375], [8.65408, 6.99064], [8.65516, 6.98204], [8.67013, 6.94752], [8.67046, 6.94754], [8.68515, 6.92193], [8.68087, 6.90859], [8.68353, 6.89561], [8.68856, 6.88524], [8.66932, 6.87024], [8.65445, 6.8646], [8.65102, 6.86463], [8.64531, 6.86352], [8.63618, 6.86243], [8.62933, 6.86248], [8.62878, 6.86249], [8.62363, 6.86252], [8.61906, 6.8614], [8.60896, 6.85963], [8.60649, 6.8592], [8.60076, 6.85579], [8.60074, 6.85349], [8.60186, 6.85004], [8.60236, 6.84953], [8.59915, 6.84795], [8.59306, 6.85159], [8.58184, 6.85639], [8.54872, 6.87676], [8.53175, 6.88327], [8.53724, 6.89965]]]}, "properties": {"name": "Ikyurav", "lga": "Konshisha", "state": "be"}}, {"type": "Feature", "geometry": {"type": "Polygon", "coordinates": [[[7.76221, 7.10861], [7.76703, 7.10616], [7.77239, 7.10007], [7.77293, 7.09828], [7.77272, 7.09068], [7.76856, 7.08317], [7.767, 7.075], [7.76249, 7.07047], [7.75039, 7.07082], [7.74472, 7.06838], [7.74096, 7.06466], [7.73139, 7.07541], [7.72226, 7.08178], [7.71478, 7.08951], [7.71216, 7.08526], [7.6994, 7.07251], [7.69693, 7.07079], [7.69103, 7.06813], [7.68741, 7.06775], [7.68189, 7.07099], [7.67713, 7.07822], [7.67599, 7.08069], [7.67466, 7.08374], [7.67294, 7.08964], [7.66799, 7.0984], [7.67694, 7.09778], [7.68087, 7.09947], [7.6854, 7.10636], [7.69381, 7.10246], [7.71065, 7.10137], [7.72197, 7.10257], [7.7278, 7.10308], [7.73738, 7.10033], [7.74311, 7.10022], [7.75061, 7.10154], [7.75411, 7.10475], [7.76221, 7.10861]]]}, "properties": {"name": "Ai-Oono 2", "lga": "Ogbadibo", "state": "be"}}, {"type": "Feature", "geometry": {"type": "MultiPolygon", "coordinates": [[[[9.3477, 6.65547], [9.34321, 6.66468], [9.33415, 6.67393], [9.33122, 6.67729], [9.3251, 6.68433], [9.31832, 6.69356], [9.31486, 6.69887], [9.31876, 6.71113], [9.32651, 6.72831], [9.32729, 6.74272], [9.31799, 6.75016], [9.31541, 6.76328], [9.32597, 6.77125], [9.34506, 6.77698], [9.3511, 6.78254], [9.36045, 6.78777], [9.3689, 6.78942], [9.37764, 6.79305], [9.38442, 6.79669], [9.39366, 6.80236], [9.4085, 6.80966], [9.4099, 6.80864], [9.41646, 6.80073], [9.42648, 6.79035], [9.42705, 6.78422], [9.42698, 6.77451], [9.4134, 6.75862], [9.41146, 6.75252], [9.4116, 6.73894], [9.41112, 6.7281], [9.40493, 6.71487], [9.40405, 6.70909], [9.40706, 6.70157], [9.39299, 6.67835], [9.38646, 6.67738], [9.3802, 6.67148], [9.36843, 6.66469], [9.35895, 6.66077], [9.35256, 6.65804], [9.3477, 6.65547]]], [[[9.29265, 7.01883], [9.308, 7.02961], [9.30857, 7.02943], [9.31225, 7.02844], [9.31445, 7.0275], [9.32012, 7.02957], [9.32227, 7.03007], [9.32325, 7.02632], [9.32432, 7.02304], [9.32419, 7.02123], [9.32482, 7.01895], [9.32487, 7.01797], [9.32414, 7.01743], [9.32342, 7.01577], [9.32369, 7.01474], [9.32502, 7.01309], [9.32557, 7.012], [9.32541, 7.01061], [9.32541, 7.00912], [9.31831, 7.0036], [9.31914, 7.0031], [9.32045, 7.00256], [9.32086, 7.00164], [9.32041, 7.0008], [9.32083, 7.00019], [9.32137, 6.99978], [9.32337, 7.00015], [9.32419, 6.9997], [9.32455, 6.9987], [9.32371, 6.99835], [9.32267, 6.99723], [9.32116, 6.99648], [9.31684, 6.99054], [9.32135, 6.98501], [9.32286, 6.98548], [9.32522, 6.98466], [9.32901, 6.98346], [9.34038, 6.97517], [9.34244, 6.97271], [9.34265, 6.97058], [9.34305, 6.96944], [9.34629, 6.96644], [9.34742, 6.96303], [9.34836, 6.95974], [9.34486, 6.94846], [9.33713, 6.93951], [9.33293, 6.9143], [9.32024, 6.90603], [9.30853, 6.90232], [9.29854, 6.89582], [9.29009, 6.89335], [9.27848, 6.89833], [9.27231, 6.89719], [9.26253, 6.89274], [9.26168, 6.89775], [9.26132, 6.90227], [9.25756, 6.90025], [9.25636, 6.89927], [9.25503, 6.89793], [9.25333, 6.9004], [9.2448, 6.91247], [9.2575, 6.92914], [9.25595, 6.94267], [9.25692, 6.95183], [9.25711, 6.9537], [9.25816, 6.95808], [9.26037, 6.96636], [9.26254, 6.97599], [9.27303, 6.98469], [9.27349, 6.98756], [9.27526, 6.99082], [9.27592, 6.99532], [9.27945, 6.99943], [9.28207, 7.00163], [9.28351, 7.00138], [9.2851, 7.00093], [9.28634, 7.00126], [9.28763, 7.00232], [9.29426, 7.01559], [9.29265, 7.01883]]]]}, "properties": {"name": "Menev", "lga": "Kwande", "state": "be"}}, {"type": "Feature", "geometry": {"type": "Polygon", "coordinates": [[[8.42285, 7.05253], [8.41604, 7.04678], [8.41528, 7.04591], [8.40865, 7.04528], [8.40098, 7.04595], [8.39346, 7.04567], [8.38754, 7.0472], [8.37511, 7.04644], [8.37043, 7.04507], [8.35982, 7.04152], [8.35401, 7.04173], [8.34126, 7.05064], [8.33204, 7.06153], [8.33743, 7.06912], [8.33961, 7.07602], [8.34148, 7.0838], [8.34168, 7.09042], [8.33853, 7.11481], [8.33839, 7.11555], [8.35972, 7.11918], [8.38747, 7.10303], [8.40536, 7.1032], [8.40753, 7.10169], [8.41041, 7.09119], [8.41905, 7.07591], [8.42144, 7.06938], [8.42285, 7.05253]]]}, "properties": {"name": "Itogo", "lga": "Obi", "state": "be"}}, {"type": "Feature", "geometry": {"type": "Polygon", "coordinates": [[[9.01131, 6.96961], [8.99654, 6.96231], [8.97669, 6.96011], [8.9474, 6.97208], [8.94387, 6.97675], [8.93596, 6.98265], [8.93184, 6.98554], [8.9203, 6.99178], [8.91142, 6.99691], [8.89513, 7.0099], [8.89089, 7.01281], [8.88608, 7.01934], [8.88158, 7.02508], [8.86736, 7.04546], [8.86679, 7.04822], [8.86916, 7.05044], [8.87242, 7.05253], [8.87422, 7.0538], [8.8753, 7.05408], [8.87872, 7.05327], [8.88092, 7.05294], [8.90354, 7.05879], [8.91323, 7.06535], [8.914, 7.0655], [8.91557, 7.06606], [8.91735, 7.0668], [8.92649, 7.06726], [8.93183, 7.07411], [8.93271, 7.07476], [8.93381, 7.07477], [8.93589, 7.07433], [8.9381, 7.07576], [8.9495, 7.08664], [8.96679, 7.09809], [8.97219, 7.11058], [8.97824, 7.11768], [8.97943, 7.11807], [8.99161, 7.12136], [8.9969, 7.12263], [8.99826, 7.12203], [8.99993, 7.12063], [9.00209, 7.1202], [9.0068, 7.11939], [9.0103, 7.1188], [9.0209, 7.11961], [9.02206, 7.09981], [9.02449, 7.09937], [9.0304, 7.09965], [9.03131, 7.09814], [9.02539, 7.09224], [9.02118, 7.08798], [9.01852, 7.08224], [9.01669, 7.07289], [9.01882, 7.0676], [9.01997, 7.06527], [9.02254, 7.06242], [9.01175, 7.04782], [9.00481, 7.04328], [9.00316, 7.04271], [9.0016, 7.04259], [9.00299, 7.04046], [9.00319, 7.03982], [9.00727, 7.03735], [9.02531, 7.00884], [9.02406, 7.00447], [9.02206, 7.00306], [9.02148, 7.00273], [9.0198, 7.00253], [9.0169, 7.00229], [9.01635, 7.00203], [9.01002, 6.997], [9.01107, 6.99503], [9.01288, 6.9918], [9.01338, 6.99022], [9.01315, 6.98747], [9.0126, 6.98569], [9.00857, 6.97736], [9.00904, 6.97622], [9.01019, 6.97503], [9.01131, 6.96961]]]}, "properties": {"name": "Mbakuha", "lga": "Ushongo", "state": "be"}}, {"type": "Feature", "geometry": {"type": "Polygon", "coordinates": [[[8.73346, 7.17889], [8.74006, 7.15005], [8.73881, 7.14294], [8.70725, 7.10651], [8.69054, 7.10945], [8.674, 7.11278], [8.66735, 7.10772], [8.65839, 7.10232], [8.64528, 7.08826], [8.63264, 7.08539], [8.62597, 7.0854], [8.61697, 7.09652], [8.60081, 7.10015], [8.58948, 7.09955], [8.58427, 7.10368], [8.52027, 7.07282], [8.52527, 7.10607], [8.52629, 7.12075], [8.52742, 7.12713], [8.55451, 7.13905], [8.55849, 7.1492], [8.57231, 7.16642], [8.57206, 7.17374], [8.57157, 7.1842], [8.56656, 7.19536], [8.56522, 7.21594], [8.56484, 7.22311], [8.56565, 7.23182], [8.56849, 7.24125], [8.56877, 7.25105], [8.565, 7.26824], [8.56908, 7.3008], [8.56448, 7.3272], [8.59526, 7.348], [8.63931, 7.35653], [8.66873, 7.30878], [8.67208, 7.30027], [8.67349, 7.29886], [8.67429, 7.2971], [8.68334, 7.27105], [8.68664, 7.26356], [8.69409, 7.24273], [8.70601, 7.22625], [8.71824, 7.20647], [8.73162, 7.18007], [8.73346, 7.17889]]]}, "properties": {"name": "Mbaikyase", "lga": "Konshisha", "state": "be"}}, {"type": "Feature", "geometry": {"type": "Polygon", "coordinates": [[[9.02998, 7.30747], [9.02646, 7.30716], [9.02223, 7.30869], [9.021, 7.3107], [9.01889, 7.31219], [9.01631, 7.31295], [9.015, 7.31357], [9.01391, 7.31392], [9.01315, 7.31384], [9.01257, 7.31346], [9.00911, 7.31149], [9.00781, 7.31369], [9.00679, 7.31386], [9.0071, 7.31954], [9.00528, 7.32208], [9.00163, 7.32732], [8.99641, 7.33842], [9.00897, 7.34732], [9.01288, 7.34996], [9.01496, 7.35089], [9.02214, 7.3536], [9.02414, 7.35396], [9.03515, 7.35389], [9.04641, 7.36374], [9.05064, 7.36007], [9.05422, 7.35776], [9.08493, 7.34563], [9.08822, 7.34311], [9.08274, 7.33843], [9.07539, 7.33997], [9.06571, 7.3417], [9.06098, 7.34267], [9.05997, 7.34168], [9.05713, 7.339], [9.05233, 7.33846], [9.05207, 7.33885], [9.05198, 7.33976], [9.05149, 7.34045], [9.05048, 7.34026], [9.04836, 7.34019], [9.04739, 7.34032], [9.03954, 7.34362], [9.04309, 7.32799], [9.04062, 7.32772], [9.03832, 7.32714], [9.0352, 7.32621], [9.03514, 7.32409], [9.03369, 7.32229], [9.03305, 7.32064], [9.03095, 7.31988], [9.02898, 7.3183], [9.02831, 7.31624], [9.02832, 7.31432], [9.03028, 7.3093], [9.02998, 7.30747]]]}, "properties": {"name": "Gboko East", "lga": "Gboko", "state": "be"}}, {"type": "Feature", "geometry": {"type": "Polygon", "coordinates": [[[8.97669, 6.96011], [8.95132, 6.90755], [8.94593, 6.90368], [8.94128, 6.91597], [8.93413, 6.93014], [8.92824, 6.93647], [8.91648, 6.95072], [8.91146, 6.94664], [8.9073, 6.94486], [8.89956, 6.93802], [8.89252, 6.9265], [8.88963, 6.93217], [8.88845, 6.9342], [8.88671, 6.93958], [8.88417, 6.94434], [8.87851, 6.95362], [8.87072, 6.95755], [8.86335, 6.96402], [8.84344, 6.96157], [8.83706, 6.9632], [8.82435, 6.9648], [8.81615, 6.96374], [8.81973, 6.9679], [8.83907, 7.00077], [8.84717, 6.99914], [8.85879, 7.00388], [8.86239, 7.01312], [8.85197, 7.02839], [8.84143, 7.05179], [8.83737, 7.06264], [8.83945, 7.0657], [8.84415, 7.06596], [8.85199, 7.05956], [8.86736, 7.04546], [8.88158, 7.02508], [8.88608, 7.01934], [8.89089, 7.01281], [8.89513, 7.0099], [8.91142, 6.99691], [8.9203, 6.99178], [8.93184, 6.98554], [8.93596, 6.98265], [8.94387, 6.97675], [8.9474, 6.97208], [8.97669, 6.96011]]]}, "properties": {"name": "Mbanor", "lga": "Konshisha", "state": "be"}}, {"type": "Feature", "geometry": {"type": "Polygon", "coordinates": [[[9.71749, 7.34709], [9.69469, 7.3368], [9.66298, 7.34294], [9.62395, 7.34041], [9.60131, 7.34201], [9.57942, 7.34297], [9.57053, 7.34163], [9.56326, 7.34224], [9.55405, 7.33956], [9.54323, 7.33838], [9.53159, 7.33226], [9.52068, 7.32371], [9.50474, 7.32001], [9.4977, 7.32636], [9.4898, 7.32936], [9.48298, 7.33534], [9.48056, 7.34672], [9.46497, 7.35784], [9.45963, 7.3618], [9.44421, 7.36183], [9.43125, 7.36326], [9.42506, 7.35817], [9.40284, 7.34225], [9.40059, 7.34329], [9.39496, 7.34622], [9.39033, 7.34896], [9.38398, 7.34922], [9.37141, 7.35702], [9.36873, 7.36368], [9.357, 7.37673], [9.34918, 7.38292], [9.34733, 7.39476], [9.35299, 7.40149], [9.36096, 7.40269], [9.36964, 7.39972], [9.37287, 7.39615], [9.39011, 7.4117], [9.39857, 7.40344], [9.41184, 7.40364], [9.4203, 7.40119], [9.43837, 7.40799], [9.43686, 7.42304], [9.44478, 7.43448], [9.44677, 7.44055], [9.45883, 7.45381], [9.46326, 7.45951], [9.47687, 7.46653], [9.48885, 7.46007], [9.49573, 7.46212], [9.50284, 7.46562], [9.5145, 7.47318], [9.52451, 7.46707], [9.52959, 7.46869], [9.53658, 7.47699], [9.53862, 7.48573], [9.55006, 7.48851], [9.55815, 7.48418], [9.56342, 7.4614], [9.57184, 7.44214], [9.57576, 7.437], [9.5813, 7.42624], [9.58705, 7.41778], [9.59327, 7.41015], [9.59862, 7.40025], [9.60157, 7.40176], [9.60824, 7.40181], [9.61835, 7.40042], [9.62267, 7.40394], [9.63834, 7.39977], [9.65209, 7.39179], [9.6704, 7.37837], [9.71749, 7.34709]]]}, "properties": {"name": "Tiir", "lga": "Katsina-Ala", "state": "be"}}, {"type": "Feature", "geometry": {"type": "Polygon", "coordinates": [[[7.83259, 7.0919], [7.8378, 7.09035], [7.84009, 7.0905], [7.84291, 7.0926], [7.85186, 7.09131], [7.85541, 7.0912], [7.85961, 7.09348], [7.84751, 7.06588], [7.84299, 7.05051], [7.84038, 7.04328], [7.83116, 7.02127], [7.8264, 7.01591], [7.81361, 7.00788], [7.80983, 7.01222], [7.79686, 7.0275], [7.7937, 7.02626], [7.79124, 7.02894], [7.78839, 7.03179], [7.78651, 7.0344], [7.7895, 7.0396], [7.79223, 7.04815], [7.79653, 7.04861], [7.80134, 7.04818], [7.80903, 7.05505], [7.8146, 7.05612], [7.8177, 7.0854], [7.82227, 7.08723], [7.8264, 7.08755], [7.8274, 7.0902], [7.82973, 7.09111], [7.83259, 7.0919]]]}, "properties": {"name": "Okpoga Central", "lga": "Okpokwu", "state": "be"}}, {"type": "Feature", "geometry": {"type": "Polygon", "coordinates": [[[9.23959, 7.34687], [9.25696, 7.34711], [9.26338, 7.34901], [9.2748, 7.34925], [9.27181, 7.34389], [9.27599, 7.33596], [9.27677, 7.32729], [9.27506, 7.32048], [9.26602, 7.31689], [9.25679, 7.3171], [9.2504, 7.3145], [9.24987, 7.30812], [9.24803, 7.30024], [9.24395, 7.29136], [9.23779, 7.28605], [9.23175, 7.28426], [9.22582, 7.28217], [9.21579, 7.27139], [9.20919, 7.26991], [9.1934, 7.27547], [9.18719, 7.28117], [9.18726, 7.29854], [9.18546, 7.29967], [9.1831, 7.30697], [9.18176, 7.3151], [9.19163, 7.33159], [9.19152, 7.34997], [9.19462, 7.34925], [9.21936, 7.34925], [9.23959, 7.34687]]]}, "properties": {"name": "Mbakyaan", "lga": "Buruku", "state": "be"}}, {"type": "Feature", "geometry": {"type": "Polygon", "coordinates": [[[8.9699, 7.17996], [8.9722, 7.18035], [8.97511, 7.17951], [8.97711, 7.1793], [8.97948, 7.18398], [8.98376, 7.18595], [8.98631, 7.18677], [8.98768, 7.18788], [8.98954, 7.18685], [8.99313, 7.18589], [8.99698, 7.18588], [8.9997, 7.1828], [9.00111, 7.17725], [9.00048, 7.1759], [9.00009, 7.17323], [8.99789, 7.17279], [8.99607, 7.17001], [8.99361, 7.16671], [8.98706, 7.16292], [8.98513, 7.16059], [8.98416, 7.1592], [8.98849, 7.15156], [8.98984, 7.14579], [8.99494, 7.14083], [8.9877, 7.12827], [8.98895, 7.12653], [8.99161, 7.12136], [8.97943, 7.11807], [8.97824, 7.11768], [8.97722, 7.11692], [8.97018, 7.1071], [8.96679, 7.09809], [8.9495, 7.08664], [8.9381, 7.07576], [8.93589, 7.07433], [8.93381, 7.07477], [8.93271, 7.07476], [8.93183, 7.07411], [8.92649, 7.06726], [8.91735, 7.0668], [8.91557, 7.06606], [8.914, 7.0655], [8.91323, 7.06535], [8.90354, 7.05879], [8.88092, 7.05294], [8.87872, 7.05327], [8.8753, 7.05408], [8.87422, 7.0538], [8.87242, 7.05253], [8.86916, 7.05044], [8.86679, 7.04822], [8.86736, 7.04546], [8.85199, 7.05956], [8.84415, 7.06596], [8.83945, 7.0657], [8.83375, 7.07841], [8.83554, 7.08605], [8.83519, 7.08878], [8.82925, 7.1077], [8.83229, 7.1152], [8.83517, 7.12168], [8.82725, 7.1342], [8.81817, 7.13909], [8.81464, 7.13441], [8.77637, 7.18037], [8.81237, 7.18363], [8.82618, 7.18219], [8.84158, 7.18714], [8.85003, 7.18087], [8.85699, 7.17771], [8.86563, 7.17314], [8.87297, 7.16581], [8.85739, 7.15518], [8.85748, 7.15376], [8.85758, 7.15035], [8.85772, 7.14711], [8.85933, 7.14434], [8.85971, 7.14354], [8.8585, 7.14234], [8.85769, 7.14147], [8.85727, 7.14028], [8.85663, 7.13989], [8.85268, 7.13764], [8.85274, 7.13573], [8.85448, 7.13581], [8.85785, 7.13649], [8.85967, 7.13549], [8.86097, 7.13599], [8.86188, 7.13753], [8.86391, 7.13849], [8.87327, 7.13832], [8.887, 7.14276], [8.88941, 7.14281], [8.89091, 7.1423], [8.89282, 7.1429], [8.90576, 7.13656], [8.90879, 7.13858], [8.91097, 7.13856], [8.91244, 7.13855], [8.91281, 7.13637], [8.91295, 7.13463], [8.91614, 7.13543], [8.9183, 7.13433], [8.92913, 7.13849], [8.92997, 7.14119], [8.93129, 7.1434], [8.93194, 7.14661], [8.93449, 7.14809], [8.93725, 7.15166], [8.93915, 7.15314], [8.9403, 7.15494], [8.94065, 7.15702], [8.95204, 7.16458], [8.95313, 7.16447], [8.95431, 7.16419], [8.95643, 7.16511], [8.95724, 7.16683], [8.95878, 7.16755], [8.96122, 7.16884], [8.96444, 7.17063], [8.96671, 7.17318], [8.96853, 7.17492], [8.96831, 7.1763], [8.96902, 7.17809], [8.9699, 7.17996]]]}, "properties": {"name": "Mbaaka", "lga": "Ushongo", "state": "be"}}, {"type": "Feature", "geometry": {"type": "Polygon", "coordinates": [[[8.73881, 7.14294], [8.74006, 7.15005], [8.73346, 7.17889], [8.75656, 7.18307], [8.77637, 7.18037], [8.81464, 7.13441], [8.81817, 7.13909], [8.82725, 7.1342], [8.83517, 7.12168], [8.83229, 7.1152], [8.82925, 7.1077], [8.83519, 7.08878], [8.83554, 7.08605], [8.83375, 7.07841], [8.83945, 7.0657], [8.83737, 7.06264], [8.84143, 7.05179], [8.85197, 7.02839], [8.86239, 7.01312], [8.85879, 7.00388], [8.84717, 6.99914], [8.83907, 7.00077], [8.84182, 7.00309], [8.84354, 7.00564], [8.83124, 7.01507], [8.81504, 7.0264], [8.80408, 7.03709], [8.79305, 7.04828], [8.78867, 7.04366], [8.78106, 7.03867], [8.77511, 7.03415], [8.73775, 6.9956], [8.73575, 6.9986], [8.72669, 7.00927], [8.7258, 7.01461], [8.72186, 7.01898], [8.71815, 7.02391], [8.7001, 7.04098], [8.69783, 7.05043], [8.69889, 7.05451], [8.70529, 7.06883], [8.71512, 7.06607], [8.72125, 7.06658], [8.72724, 7.06693], [8.73824, 7.08013], [8.7363, 7.09292], [8.73781, 7.11115], [8.73964, 7.12753], [8.73881, 7.14294]]]}, "properties": {"name": "Mbatsen", "lga": "Konshisha", "state": "be"}}, {"type": "Feature", "geometry": {"type": "Polygon", "coordinates": [[[8.63931, 7.35653], [8.65098, 7.41108], [8.65407, 7.41773], [8.65499, 7.46844], [8.71496, 7.453], [8.72972, 7.44428], [8.74115, 7.43219], [8.74495, 7.42517], [8.7482, 7.41781], [8.75472, 7.40781], [8.76594, 7.40289], [8.76928, 7.39981], [8.7744, 7.3962], [8.77602, 7.38852], [8.78551, 7.3792], [8.79267, 7.37305], [8.7912, 7.36501], [8.80322, 7.34777], [8.79802, 7.34285], [8.78161, 7.34248], [8.77467, 7.33198], [8.76044, 7.33137], [8.75526, 7.31967], [8.73939, 7.31599], [8.72206, 7.31329], [8.6993, 7.31037], [8.67349, 7.29886], [8.67208, 7.30027], [8.66873, 7.30878], [8.63931, 7.35653]]]}, "properties": {"name": "Mbaakun", "lga": "Gboko", "state": "be"}}, {"type": "Feature", "geometry": {"type": "Polygon", "coordinates": [[[8.31484, 7.00079], [8.31642, 6.99413], [8.3147, 6.9815], [8.32192, 6.98199], [8.32013, 6.97697], [8.31274, 6.9631], [8.29757, 6.94882], [8.30213, 6.94511], [8.30392, 6.94436], [8.30614, 6.94072], [8.30919, 6.94358], [8.31204, 6.94529], [8.31699, 6.93729], [8.31518, 6.93423], [8.3129, 6.93252], [8.30433, 6.92262], [8.29291, 6.91253], [8.26788, 6.89858], [8.27171, 6.92073], [8.20558, 6.90771], [8.19748, 6.90893], [8.19192, 6.93945], [8.18558, 6.95109], [8.18232, 6.95873], [8.17102, 6.97443], [8.1667, 6.98178], [8.16457, 6.98617], [8.19353, 6.99522], [8.20903, 7.00524], [8.21125, 7.00667], [8.22444, 7.02327], [8.23066, 7.03676], [8.23552, 7.04453], [8.24051, 7.04784], [8.26089, 7.03758], [8.27135, 7.03686], [8.27638, 7.03395], [8.27793, 7.02974], [8.27695, 7.02241], [8.27329, 7.00968], [8.27444, 7.00467], [8.27875, 7.00103], [8.28243, 7.00103], [8.29659, 7.01001], [8.29853, 7.01086], [8.31484, 7.00079]]]}, "properties": {"name": "Ikwokwu", "lga": "Obi", "state": "be"}}, {"type": "Feature", "geometry": {"type": "Polygon", "coordinates": [[[9.11047, 6.68448], [9.12131, 6.6875], [9.12511, 6.68514], [9.13197, 6.67747], [9.13197, 6.67744], [9.12906, 6.67552], [9.12308, 6.67309], [9.11733, 6.66739], [9.10931, 6.66285], [9.10587, 6.66058], [9.099, 6.65718], [9.09328, 6.65492], [9.08527, 6.65154], [9.08297, 6.64925], [9.07724, 6.64585], [9.07037, 6.64245], [9.05997, 6.64252], [9.05668, 6.65155], [9.05821, 6.65391], [9.0765, 6.66022], [9.08013, 6.6618], [9.08609, 6.66378], [9.0905, 6.66829], [9.09243, 6.67635], [9.09641, 6.67806], [9.10422, 6.678], [9.10684, 6.6788], [9.10841, 6.67855], [9.11047, 6.68448]]]}, "properties": {"name": "Nyumagbagh", "lga": "Vandeikya", "state": "be"}}, {"type": "Feature", "geometry": {"type": "Polygon", "coordinates": [[[9.0071, 7.31954], [9.00679, 7.31386], [9.00781, 7.31369], [9.00911, 7.31149], [9.01257, 7.31346], [9.01315, 7.31384], [9.01391, 7.31392], [9.015, 7.31357], [9.01631, 7.31295], [9.01889, 7.31219], [9.021, 7.3107], [9.02223, 7.30869], [9.02646, 7.30716], [9.02998, 7.30747], [9.0314, 7.30614], [9.03294, 7.30507], [9.03697, 7.30037], [9.03248, 7.29306], [9.03031, 7.28457], [9.02365, 7.28054], [9.01956, 7.27588], [9.01775, 7.26867], [8.99798, 7.26006], [8.99719, 7.26151], [8.99409, 7.26518], [8.98986, 7.26973], [8.98437, 7.28422], [8.97793, 7.28159], [8.96072, 7.27765], [8.96224, 7.28372], [8.96314, 7.28479], [8.96453, 7.28708], [8.96628, 7.28878], [8.98609, 7.29878], [8.99152, 7.30972], [8.99816, 7.31901], [8.99865, 7.31874], [8.99989, 7.31732], [9.00119, 7.31764], [9.00673, 7.31925], [9.0071, 7.31954]]]}, "properties": {"name": "Gboko South", "lga": "Gboko", "state": "be"}}, {"type": "Feature", "geometry": {"type": "Polygon", "coordinates": [[[9.29265, 7.01883], [9.29426, 7.01559], [9.28763, 7.00232], [9.28634, 7.00126], [9.2851, 7.00093], [9.28351, 7.00138], [9.28207, 7.00163], [9.27945, 6.99943], [9.27592, 6.99532], [9.27526, 6.99082], [9.27349, 6.98756], [9.27303, 6.98469], [9.26254, 6.97599], [9.26037, 6.96636], [9.25816, 6.95808], [9.25711, 6.9537], [9.25692, 6.95183], [9.25595, 6.94267], [9.2575, 6.92914], [9.2448, 6.91247], [9.24328, 6.91093], [9.23891, 6.90679], [9.23531, 6.8982], [9.22015, 6.89258], [9.21437, 6.89146], [9.21026, 6.89079], [9.20047, 6.89463], [9.19881, 6.89483], [9.19692, 6.89434], [9.19557, 6.89712], [9.19093, 6.90006], [9.18956, 6.90805], [9.18367, 6.90947], [9.17748, 6.92439], [9.16246, 6.94306], [9.16611, 6.94696], [9.16982, 6.95052], [9.17367, 6.95292], [9.17588, 6.95368], [9.18149, 6.95231], [9.18653, 6.95401], [9.1917, 6.95649], [9.19624, 6.95754], [9.19653, 6.96065], [9.19924, 6.96384], [9.1972, 6.9663], [9.19864, 6.97111], [9.20003, 6.97483], [9.19839, 6.97626], [9.19807, 6.97768], [9.20012, 6.97822], [9.20096, 6.98074], [9.19947, 6.98172], [9.19992, 6.98279], [9.2018, 6.98384], [9.20193, 6.98575], [9.20209, 6.98739], [9.20233, 6.98791], [9.20447, 6.98859], [9.20568, 6.98971], [9.20752, 6.99579], [9.20556, 6.9988], [9.20748, 7.00421], [9.22002, 7.0027], [9.23236, 7.01186], [9.23973, 7.01474], [9.24302, 7.01534], [9.25151, 7.01687], [9.25691, 7.01572], [9.25752, 7.01415], [9.26486, 7.01592], [9.26772, 7.01661], [9.27398, 7.01618], [9.27947, 7.01645], [9.28149, 7.01708], [9.29151, 7.01834], [9.29265, 7.01883]]]}, "properties": {"name": "Usar", "lga": "Kwande", "state": "be"}}, {"type": "Feature", "geometry": {"type": "Polygon", "coordinates": [[[8.0853, 6.86219], [8.08463, 6.86177], [8.07763, 6.84801], [8.0741, 6.84297], [8.06446, 6.83987], [8.05548, 6.84561], [8.04683, 6.84405], [8.04106, 6.84257], [8.02722, 6.84275], [8.01021, 6.85376], [7.98729, 6.86104], [7.97989, 6.87372], [7.97021, 6.90771], [7.99133, 6.90867], [8.05093, 6.92862], [8.05934, 6.92834], [8.07466, 6.93752], [8.07838, 6.92764], [8.09465, 6.91867], [8.09837, 6.90978], [8.12348, 6.89606], [8.10885, 6.88409], [8.09427, 6.87501], [8.08809, 6.87043], [8.0853, 6.86219]]]}, "properties": {"name": "Ogege", "lga": "Ado", "state": "be"}}, {"type": "Feature", "geometry": {"type": "Polygon", "coordinates": [[[8.97669, 6.96011], [8.99654, 6.96231], [8.99924, 6.90707], [9.00576, 6.88701], [8.99539, 6.8825], [8.99183, 6.87888], [8.98196, 6.87079], [8.97941, 6.86045], [8.98018, 6.85504], [8.98357, 6.84838], [8.98888, 6.84454], [8.99793, 6.83171], [9.00474, 6.82805], [9.00788, 6.82459], [9.01234, 6.81878], [9.01404, 6.81594], [9.01447, 6.81312], [9.00533, 6.80691], [8.99862, 6.7841], [9.003, 6.78035], [9.00613, 6.77591], [9.01386, 6.76409], [9.0096, 6.75403], [9.00035, 6.74511], [8.99568, 6.73656], [8.98939, 6.73393], [8.98708, 6.7362], [8.99476, 6.75434], [8.99477, 6.75664], [8.9948, 6.76008], [8.99368, 6.76353], [8.99257, 6.76698], [8.99145, 6.76929], [8.97448, 6.78892], [8.96085, 6.79705], [8.9234, 6.82487], [8.91886, 6.82719], [8.91318, 6.83068], [8.90863, 6.833], [8.90295, 6.83534], [8.89726, 6.83768], [8.87011, 6.85385], [8.89594, 6.86809], [8.90001, 6.87904], [8.93904, 6.89856], [8.94284, 6.90093], [8.94593, 6.90368], [8.95132, 6.90755], [8.97669, 6.96011]]]}, "properties": {"name": "Mbayegh", "lga": "Konshisha", "state": "be"}}, {"type": "Feature", "geometry": {"type": "Polygon", "coordinates": [[[9.64255, 7.51553], [9.66758, 7.51743], [9.67493, 7.51505], [9.68149, 7.51186], [9.68153, 7.50596], [9.68086, 7.50226], [9.68079, 7.49713], [9.68467, 7.48072], [9.70067, 7.46847], [9.72868, 7.44396], [9.74827, 7.4146], [9.73037, 7.34551], [9.72766, 7.34534], [9.71749, 7.34709], [9.6704, 7.37837], [9.65209, 7.39179], [9.63834, 7.39977], [9.62267, 7.40394], [9.63164, 7.41012], [9.64003, 7.41405], [9.64496, 7.41941], [9.65529, 7.42469], [9.66744, 7.43258], [9.67328, 7.43935], [9.68284, 7.44759], [9.67608, 7.45156], [9.66085, 7.46393], [9.65571, 7.4704], [9.64962, 7.47002], [9.63667, 7.4666], [9.59793, 7.45494], [9.5992, 7.46157], [9.6023, 7.46828], [9.60572, 7.47291], [9.6105, 7.48071], [9.61816, 7.48502], [9.62486, 7.48525], [9.62625, 7.48852], [9.6246, 7.49257], [9.6225, 7.49634], [9.61805, 7.49888], [9.61694, 7.50293], [9.61776, 7.50596], [9.61957, 7.50694], [9.62297, 7.50672], [9.62888, 7.5043], [9.63743, 7.50661], [9.64255, 7.51553]]]}, "properties": {"name": "Ugbaam", "lga": "Ukum", "state": "be"}}, {"type": "Feature", "geometry": {"type": "Polygon", "coordinates": [[[9.04809, 6.9689], [9.03058, 6.96711], [9.01131, 6.96961], [9.01019, 6.97503], [9.00904, 6.97622], [9.00857, 6.97736], [9.0126, 6.98569], [9.01315, 6.98747], [9.01338, 6.99022], [9.01288, 6.9918], [9.01107, 6.99503], [9.01002, 6.997], [9.01635, 7.00203], [9.0169, 7.00229], [9.0198, 7.00253], [9.02148, 7.00273], [9.02206, 7.00306], [9.02406, 7.00447], [9.02531, 7.00884], [9.00727, 7.03735], [9.00319, 7.03982], [9.00299, 7.04046], [9.0016, 7.04259], [9.00316, 7.04271], [9.00481, 7.04328], [9.01175, 7.04782], [9.02254, 7.06242], [9.02424, 7.06129], [9.02894, 7.05964], [9.03583, 7.05498], [9.03931, 7.05101], [9.03953, 7.04727], [9.04195, 7.04713], [9.04605, 7.04555], [9.04952, 7.04431], [9.05147, 7.04467], [9.05369, 7.04434], [9.05733, 7.04289], [9.06029, 7.04064], [9.06819, 7.04248], [9.08136, 7.01605], [9.0836, 7.00882], [9.08414, 7.00657], [9.08477, 7.00444], [9.07689, 7.00349], [9.06869, 6.99999], [9.05758, 6.99886], [9.05625, 6.9991], [9.05453, 6.99963], [9.05241, 7.00116], [9.04551, 6.98606], [9.04557, 6.97494], [9.04604, 6.97213], [9.04809, 6.9689]]]}, "properties": {"name": "Atirkyese", "lga": "Ushongo", "state": "be"}}, {"type": "Feature", "geometry": {"type": "Polygon", "coordinates": [[[8.07446, 7.16696], [8.06316, 7.17308], [8.0543, 7.17626], [8.05217, 7.18186], [8.05197, 7.18804], [8.04995, 7.19062], [8.04446, 7.19379], [8.03996, 7.19626], [8.03659, 7.20244], [8.03231, 7.20544], [8.02863, 7.20635], [8.01958, 7.20576], [8.01976, 7.21168], [8.02297, 7.21532], [8.02484, 7.21663], [8.02616, 7.21865], [8.02771, 7.21969], [8.02929, 7.22073], [8.02974, 7.22128], [8.03428, 7.21929], [8.0374, 7.22011], [8.04533, 7.21934], [8.06861, 7.22186], [8.08131, 7.21812], [8.08854, 7.22204], [8.09981, 7.22201], [8.10165, 7.22318], [8.10458, 7.22469], [8.10198, 7.21794], [8.09689, 7.21597], [8.0892, 7.21272], [8.08821, 7.21175], [8.08459, 7.20654], [8.08308, 7.20504], [8.077, 7.19988], [8.07554, 7.19902], [8.07276, 7.19793], [8.06851, 7.19651], [8.07457, 7.19136], [8.07457, 7.18894], [8.07397, 7.18286], [8.07446, 7.16696]]]}, "properties": {"name": "Oglewu Ehaje", "lga": "Ohimini", "state": "be"}}, {"type": "Feature", "geometry": {"type": "Polygon", "coordinates": [[[8.41528, 7.04591], [8.41604, 7.04678], [8.42285, 7.05253], [8.43176, 7.04998], [8.47744, 7.06411], [8.49355, 7.07161], [8.5141, 7.06441], [8.52094, 7.03857], [8.52554, 7.03335], [8.53274, 6.97653], [8.54409, 6.95513], [8.54625, 6.94368], [8.54708, 6.93261], [8.54712, 6.91993], [8.53724, 6.89965], [8.5285, 6.89885], [8.51572, 6.88724], [8.49254, 6.86585], [8.48594, 6.85822], [8.4705, 6.84702], [8.46503, 6.84138], [8.45168, 6.8372], [8.44978, 6.83608], [8.44643, 6.8391], [8.44306, 6.84837], [8.43889, 6.85368], [8.43733, 6.85599], [8.43487, 6.85873], [8.43218, 6.85969], [8.43021, 6.86056], [8.42695, 6.86094], [8.42193, 6.86439], [8.42084, 6.8672], [8.42358, 6.86957], [8.4234, 6.8732], [8.41531, 6.884], [8.41059, 6.90237], [8.40957, 6.91344], [8.40656, 6.92241], [8.40636, 6.92728], [8.40266, 6.93427], [8.40175, 6.94654], [8.40596, 6.96467], [8.40649, 6.96858], [8.40771, 6.9727], [8.40634, 6.9877], [8.43246, 7.00613], [8.42371, 7.01542], [8.42403, 7.02262], [8.41539, 7.04523], [8.41528, 7.04591]]]}, "properties": {"name": "Ukpa-Ainu Ette", "lga": "Oju", "state": "be"}}, {"type": "Feature", "geometry": {"type": "Polygon", "coordinates": [[[9.80757, 7.56604], [9.79258, 7.55424], [9.78051, 7.53925], [9.7763, 7.54547], [9.76628, 7.55049], [9.76067, 7.55632], [9.7562, 7.56117], [9.75396, 7.56655], [9.75353, 7.57361], [9.75178, 7.5807], [9.74482, 7.58753], [9.73944, 7.59317], [9.73253, 7.59806], [9.72925, 7.60116], [9.72642, 7.60137], [9.71904, 7.59945], [9.71127, 7.59437], [9.70039, 7.59152], [9.68773, 7.5913], [9.68775, 7.59808], [9.68925, 7.60424], [9.69072, 7.61497], [9.69012, 7.6236], [9.69537, 7.63], [9.7034, 7.64249], [9.72482, 7.66896], [9.73041, 7.67531], [9.73692, 7.66739], [9.74721, 7.65486], [9.83008, 7.5876], [9.82647, 7.58118], [9.81361, 7.5725], [9.80774, 7.56618], [9.80757, 7.56604]]]}, "properties": {"name": "Mbazun", "lga": "Ukum", "state": "be"}}, {"type": "Feature", "geometry": {"type": "Polygon", "coordinates": [[[7.84693, 7.50503], [7.86941, 7.49789], [7.87548, 7.49503], [7.88512, 7.49146], [7.89975, 7.48754], [7.90743, 7.48265], [7.89374, 7.47151], [7.87579, 7.46006], [7.86739, 7.45375], [7.8548, 7.4459], [7.83596, 7.42532], [7.83337, 7.4225], [7.82832, 7.42046], [7.82151, 7.41638], [7.81663, 7.41125], [7.81592, 7.40883], [7.81189, 7.40781], [7.7985, 7.40811], [7.79219, 7.40986], [7.79289, 7.41491], [7.77621, 7.4195], [7.76829, 7.427], [7.76412, 7.43367], [7.76226, 7.44369], [7.76079, 7.4516], [7.75954, 7.4787], [7.75858, 7.49246], [7.75537, 7.50496], [7.75453, 7.51288], [7.7553, 7.52361], [7.75578, 7.53039], [7.78589, 7.52537], [7.80374, 7.51966], [7.81552, 7.51538], [7.83729, 7.50931], [7.84693, 7.50503]]]}, "properties": {"name": "Auke", "lga": "Apa", "state": "be"}}, {"type": "Feature", "geometry": {"type": "Polygon", "coordinates": [[[9.02459, 7.13661], [9.02557, 7.14816], [9.02802, 7.15084], [9.03116, 7.15249], [9.03238, 7.15385], [9.03402, 7.15743], [9.03565, 7.16119], [9.03603, 7.16426], [9.03523, 7.16626], [9.05621, 7.17652], [9.07419, 7.17352], [9.06668, 7.16166], [9.06079, 7.15657], [9.0771, 7.13208], [9.07704, 7.12833], [9.07539, 7.12517], [9.07008, 7.12488], [9.06492, 7.1237], [9.05994, 7.12431], [9.05599, 7.12143], [9.04843, 7.11864], [9.03131, 7.09814], [9.0304, 7.09965], [9.02449, 7.09937], [9.02206, 7.09981], [9.0209, 7.11961], [9.02053, 7.12175], [9.01951, 7.12464], [9.01905, 7.12679], [9.02027, 7.13071], [9.02396, 7.1355], [9.02459, 7.13661]]]}, "properties": {"name": "Lessel Township", "lga": "Ushongo", "state": "be"}}, {"type": "Feature", "geometry": {"type": "Polygon", "coordinates": [[[7.75017, 7.75179], [7.79212, 7.76495], [7.7954, 7.77563], [7.80559, 7.78954], [7.84611, 7.79271], [7.85562, 7.76481], [7.85074, 7.74522], [7.85329, 7.72583], [7.85819, 7.71749], [7.88261, 7.70856], [7.89, 7.69976], [7.90047, 7.69788], [7.90657, 7.69835], [7.91093, 7.69593], [7.91432, 7.69311], [7.9054, 7.68911], [7.89074, 7.68192], [7.88081, 7.67767], [7.8627, 7.66323], [7.85657, 7.6595], [7.83436, 7.66672], [7.80988, 7.65721], [7.78896, 7.65117], [7.75245, 7.63973], [7.75245, 7.64778], [7.75467, 7.64773], [7.75467, 7.66132], [7.75399, 7.67966], [7.75264, 7.70819], [7.75264, 7.7442], [7.75017, 7.75179]]]}, "properties": {"name": "Igoro", "lga": "Apa", "state": "be"}}, {"type": "Feature", "geometry": {"type": "Polygon", "coordinates": [[[8.80322, 7.34777], [8.81229, 7.34892], [8.82177, 7.34031], [8.82186, 7.3291], [8.81675, 7.31468], [8.82208, 7.3071], [8.83343, 7.30091], [8.84098, 7.30142], [8.85251, 7.29848], [8.86932, 7.29647], [8.88105, 7.2892], [8.89474, 7.26982], [8.86959, 7.25625], [8.87323, 7.23409], [8.86635, 7.22285], [8.85355, 7.21372], [8.84158, 7.18714], [8.82618, 7.18219], [8.81237, 7.18363], [8.77637, 7.18037], [8.75656, 7.18307], [8.73346, 7.17889], [8.73162, 7.18007], [8.71824, 7.20647], [8.70601, 7.22625], [8.69409, 7.24273], [8.67349, 7.29886], [8.6993, 7.31037], [8.72206, 7.31329], [8.73939, 7.31599], [8.75526, 7.31967], [8.76044, 7.33137], [8.77467, 7.33198], [8.78161, 7.34248], [8.79802, 7.34285], [8.80322, 7.34777]]]}, "properties": {"name": "Mbadim", "lga": "Gboko", "state": "be"}}, {"type": "Feature", "geometry": {"type": "Polygon", "coordinates": [[[9.37141, 7.35702], [9.38398, 7.34922], [9.39033, 7.34896], [9.39496, 7.34622], [9.40059, 7.34329], [9.40284, 7.34225], [9.42043, 7.32341], [9.42423, 7.31805], [9.42964, 7.29895], [9.43299, 7.29269], [9.44116, 7.27125], [9.44779, 7.2662], [9.46229, 7.24507], [9.45441, 7.23776], [9.43856, 7.22926], [9.43046, 7.21649], [9.41657, 7.20766], [9.40523, 7.20246], [9.39386, 7.19726], [9.38154, 7.18986], [9.36807, 7.19046], [9.35863, 7.19143], [9.35007, 7.19101], [9.34459, 7.18777], [9.33583, 7.18516], [9.32789, 7.1905], [9.32227, 7.19337], [9.31744, 7.19709], [9.32101, 7.2028], [9.32561, 7.21533], [9.32922, 7.23088], [9.333, 7.23775], [9.33871, 7.24733], [9.34313, 7.25468], [9.35164, 7.27352], [9.36277, 7.28792], [9.3626, 7.30285], [9.36063, 7.31039], [9.35459, 7.31603], [9.34588, 7.31807], [9.33232, 7.31951], [9.31755, 7.32099], [9.31823, 7.33275], [9.32456, 7.33728], [9.33662, 7.33622], [9.34182, 7.337], [9.34867, 7.33956], [9.34903, 7.34966], [9.37141, 7.35702]]]}, "properties": {"name": "Ikurav-Tiev 1", "lga": "Katsina-Ala", "state": "be"}}, {"type": "Feature", "geometry": {"type": "Polygon", "coordinates": [[[7.88974, 6.83454], [7.96405, 6.91442], [7.97021, 6.90771], [7.97989, 6.87372], [7.98729, 6.86104], [7.97329, 6.8537], [7.96654, 6.84415], [7.95877, 6.83142], [7.95483, 6.81312], [7.96274, 6.80755], [7.9708, 6.80615], [7.96576, 6.79956], [7.96516, 6.798], [7.9637, 6.79288], [7.96644, 6.77669], [7.96586, 6.77347], [7.96437, 6.77058], [7.9622, 6.76857], [7.95756, 6.766], [7.95331, 6.7639], [7.94818, 6.76158], [7.94566, 6.76117], [7.94096, 6.75697], [7.94352, 6.77101], [7.94019, 6.78496], [7.93816, 6.78977], [7.92895, 6.79568], [7.9182, 6.80081], [7.88953, 6.82715], [7.88923, 6.82729], [7.88974, 6.83454]]]}, "properties": {"name": "Igumale", "lga": "Ado", "state": "be"}}, {"type": "Feature", "geometry": {"type": "Polygon", "coordinates": [[[7.97446, 6.71126], [7.9746, 6.69029], [7.97883, 6.66712], [7.97829, 6.64792], [7.98707, 6.63347], [7.98843, 6.61803], [7.98707, 6.61122], [7.97325, 6.59677], [7.95916, 6.59075], [7.95525, 6.58341], [7.95416, 6.56185], [7.95419, 6.55183], [7.95078, 6.54311], [7.94476, 6.54002], [7.93287, 6.54155], [7.9253, 6.54377], [7.91564, 6.54869], [7.90667, 6.55245], [7.89959, 6.55595], [7.88816, 6.55884], [7.87808, 6.56173], [7.869, 6.56899], [7.86706, 6.57074], [7.85583, 6.5808], [7.8462, 6.59826], [7.84524, 6.60279], [7.84403, 6.6085], [7.83676, 6.61486], [7.83358, 6.6194], [7.83358, 6.62621], [7.83177, 6.63847], [7.82178, 6.63892], [7.81772, 6.63751], [7.81302, 6.6421], [7.81102, 6.64572], [7.81398, 6.65015], [7.82149, 6.65456], [7.83082, 6.66194], [7.8405, 6.67767], [7.85595, 6.7001], [7.86267, 6.71414], [7.86849, 6.72492], [7.87487, 6.74104], [7.87819, 6.7602], [7.88843, 6.7665], [7.89473, 6.77438], [7.9034, 6.78147], [7.90024, 6.78619], [7.89, 6.78541], [7.88764, 6.78935], [7.88646, 6.79407], [7.88646, 6.8051], [7.88882, 6.82164], [7.88923, 6.82729], [7.88953, 6.82715], [7.9182, 6.80081], [7.92895, 6.79568], [7.93816, 6.78977], [7.94019, 6.78496], [7.94352, 6.77101], [7.94096, 6.75697], [7.94091, 6.74658], [7.9609, 6.73624], [7.95992, 6.73275], [7.96566, 6.7211], [7.9757, 6.71241], [7.97446, 6.71126]]]}, "properties": {"name": "Apa", "lga": "Ado", "state": "be"}}, {"type": "Feature", "geometry": {"type": "Polygon", "coordinates": [[[8.33839, 7.11555], [8.32008, 7.13014], [8.32899, 7.16208], [8.32938, 7.1776], [8.31345, 7.2051], [8.30542, 7.21597], [8.30561, 7.2285], [8.30471, 7.24637], [8.31018, 7.26085], [8.3225, 7.25983], [8.33196, 7.24312], [8.34638, 7.23304], [8.35792, 7.23414], [8.40284, 7.20561], [8.39625, 7.19585], [8.38999, 7.18044], [8.39715, 7.16257], [8.391, 7.14915], [8.38925, 7.13622], [8.39955, 7.12479], [8.40536, 7.1032], [8.38747, 7.10303], [8.35972, 7.11918], [8.33839, 7.11555]]]}, "properties": {"name": "Ikyogbajir", "lga": "Gwer East", "state": "be"}}, {"type": "Feature", "geometry": {"type": "Polygon", "coordinates": [[[9.64255, 7.51553], [9.63734, 7.51566], [9.634, 7.51735], [9.6322, 7.52293], [9.63003, 7.52606], [9.6271, 7.52634], [9.62455, 7.52426], [9.62108, 7.52361], [9.61755, 7.52515], [9.61233, 7.5256], [9.60831, 7.52641], [9.60691, 7.53117], [9.6066, 7.53669], [9.60941, 7.53808], [9.61349, 7.54369], [9.62093, 7.54878], [9.62437, 7.55654], [9.62653, 7.55975], [9.62799, 7.56087], [9.62989, 7.56108], [9.63627, 7.55782], [9.64167, 7.55453], [9.64725, 7.54927], [9.6537, 7.54946], [9.6582, 7.55287], [9.66602, 7.54684], [9.67361, 7.54113], [9.68195, 7.53652], [9.69194, 7.53569], [9.70086, 7.53867], [9.71135, 7.5375], [9.71878, 7.53538], [9.73299, 7.52268], [9.75045, 7.5093], [9.78661, 7.4703], [9.78503, 7.46855], [9.76573, 7.46867], [9.74052, 7.48399], [9.72629, 7.49845], [9.7166, 7.50869], [9.70416, 7.51315], [9.69788, 7.51403], [9.6897, 7.51318], [9.68149, 7.51186], [9.67493, 7.51505], [9.66758, 7.51743], [9.64255, 7.51553]]]}, "properties": {"name": "Borikyo", "lga": "Ukum", "state": "be"}}, {"type": "Feature", "geometry": {"type": "Polygon", "coordinates": [[[9.18483, 6.69333], [9.17567, 6.6888], [9.15853, 6.68433], [9.15396, 6.68436], [9.1494, 6.68439], [9.14597, 6.68326], [9.13911, 6.68102], [9.13568, 6.67989], [9.13197, 6.67744], [9.13197, 6.67747], [9.12511, 6.68514], [9.12131, 6.6875], [9.11047, 6.68448], [9.10633, 6.70397], [9.10628, 6.70725], [9.10564, 6.71844], [9.116, 6.72953], [9.11832, 6.72913], [9.13042, 6.72381], [9.14368, 6.72619], [9.15276, 6.73216], [9.16631, 6.73196], [9.17271, 6.72551], [9.17435, 6.72167], [9.17433, 6.71813], [9.17643, 6.7106], [9.18483, 6.69333]]]}, "properties": {"name": "Mbatyough", "lga": "Vandeikya", "state": "be"}}, {"type": "Feature", "geometry": {"type": "MultiPolygon", "coordinates": [[[[9.50474, 7.32001], [9.50235, 7.30803], [9.49846, 7.30183], [9.49328, 7.29373], [9.49072, 7.28339], [9.48836, 7.27779], [9.48558, 7.27612], [9.48008, 7.25871], [9.47266, 7.24868], [9.46229, 7.24507], [9.44779, 7.2662], [9.44116, 7.27125], [9.43299, 7.29269], [9.42964, 7.29895], [9.42423, 7.31805], [9.42043, 7.32341], [9.40284, 7.34225], [9.42506, 7.35817], [9.43125, 7.36326], [9.44421, 7.36183], [9.45963, 7.3618], [9.46497, 7.35784], [9.48056, 7.34672], [9.48298, 7.33534], [9.4898, 7.32936], [9.4977, 7.32636], [9.50474, 7.32001]]], [[[9.47778, 7.51961], [9.4809, 7.52609], [9.48555, 7.53318], [9.49371, 7.53399], [9.50163, 7.53652], [9.50493, 7.53634], [9.51126, 7.53776], [9.51232, 7.53673], [9.52102, 7.54747], [9.53075, 7.53778], [9.53157, 7.53384], [9.53126, 7.53218], [9.53481, 7.52584], [9.53647, 7.51749], [9.53864, 7.51469], [9.54058, 7.51219], [9.54459, 7.50872], [9.54827, 7.50671], [9.55006, 7.48851], [9.53862, 7.48573], [9.53658, 7.47699], [9.52959, 7.46869], [9.52451, 7.46707], [9.5145, 7.47318], [9.50284, 7.46562], [9.49573, 7.46212], [9.48885, 7.46007], [9.47687, 7.46653], [9.46326, 7.45951], [9.45883, 7.45381], [9.44677, 7.44055], [9.44478, 7.43448], [9.43686, 7.42304], [9.43837, 7.40799], [9.4203, 7.40119], [9.41184, 7.40364], [9.39857, 7.40344], [9.39011, 7.4117], [9.38894, 7.41798], [9.38784, 7.42493], [9.389, 7.43145], [9.40275, 7.44595], [9.40853, 7.4506], [9.43492, 7.45711], [9.43814, 7.47254], [9.44052, 7.47502], [9.44466, 7.47915], [9.44902, 7.48338], [9.46746, 7.48481], [9.47092, 7.49759], [9.48684, 7.50584], [9.47778, 7.51961]]]]}, "properties": {"name": "Iwar", "lga": "Katsina-Ala", "state": "be"}}, {"type": "Feature", "geometry": {"type": "Polygon", "coordinates": [[[9.30461, 6.78123], [9.30364, 6.76669], [9.31036, 6.76337], [9.31541, 6.76328], [9.31799, 6.75016], [9.32729, 6.74272], [9.32651, 6.72831], [9.31876, 6.71113], [9.31486, 6.69887], [9.31381, 6.70048], [9.3093, 6.7074], [9.30706, 6.71315], [9.30367, 6.71777], [9.30026, 6.72009], [9.2957, 6.72012], [9.29115, 6.7213], [9.28641, 6.72038], [9.28543, 6.72019], [9.27972, 6.71908], [9.27059, 6.71914], [9.26603, 6.71918], [9.25575, 6.7181], [9.24774, 6.71471], [9.2386, 6.71248], [9.23725, 6.71204], [9.23764, 6.71443], [9.24204, 6.72941], [9.24139, 6.74308], [9.23368, 6.74961], [9.22339, 6.75789], [9.21925, 6.7591], [9.21217, 6.77013], [9.21114, 6.77728], [9.20817, 6.783], [9.21028, 6.78789], [9.24186, 6.80145], [9.2464, 6.80575], [9.24866, 6.81144], [9.25007, 6.81741], [9.25863, 6.81836], [9.26003, 6.82336], [9.27222, 6.81984], [9.27793, 6.82137], [9.28436, 6.82257], [9.29109, 6.82774], [9.29481, 6.82775], [9.29722, 6.82745], [9.29989, 6.82145], [9.30125, 6.81227], [9.29869, 6.80423], [9.29869, 6.79425], [9.304, 6.78202], [9.30461, 6.78123]]]}, "properties": {"name": "Tondov Ll", "lga": "Kwande", "state": "be"}}, {"type": "Feature", "geometry": {"type": "Polygon", "coordinates": [[[8.52027, 7.07282], [8.51991, 7.07216], [8.5141, 7.06441], [8.49355, 7.07161], [8.47744, 7.06411], [8.43176, 7.04998], [8.42285, 7.05253], [8.42144, 7.06938], [8.41905, 7.07591], [8.41041, 7.09119], [8.40753, 7.10169], [8.40536, 7.1032], [8.39955, 7.12479], [8.38925, 7.13622], [8.391, 7.14915], [8.39715, 7.16257], [8.40561, 7.16199], [8.4026, 7.16472], [8.40323, 7.16817], [8.40319, 7.1711], [8.40654, 7.1714], [8.40805, 7.17288], [8.40817, 7.17501], [8.4118, 7.17525], [8.41442, 7.17471], [8.41696, 7.17822], [8.42147, 7.17793], [8.4242, 7.17856], [8.42499, 7.17621], [8.42668, 7.17448], [8.42984, 7.1762], [8.43513, 7.17704], [8.43722, 7.17842], [8.44331, 7.17916], [8.44939, 7.18225], [8.45512, 7.18427], [8.45758, 7.18614], [8.45992, 7.18422], [8.45635, 7.17976], [8.45248, 7.17321], [8.45363, 7.16864], [8.46382, 7.1649], [8.46953, 7.16606], [8.47842, 7.1637], [8.4801, 7.15593], [8.47799, 7.15487], [8.47682, 7.15251], [8.48404, 7.14257], [8.4936, 7.13624], [8.49702, 7.13607], [8.49899, 7.14175], [8.5021, 7.16905], [8.50431, 7.1747], [8.50775, 7.18135], [8.50882, 7.18481], [8.50992, 7.19129], [8.51242, 7.20422], [8.51917, 7.20269], [8.52384, 7.18053], [8.52376, 7.16996], [8.52361, 7.1594], [8.52273, 7.15273], [8.52343, 7.13894], [8.52742, 7.12713], [8.52629, 7.12075], [8.52527, 7.10607], [8.52027, 7.07282]]]}, "properties": {"name": "Akpachai", "lga": "Gwer East", "state": "be"}}, {"type": "Feature", "geometry": {"type": "Polygon", "coordinates": [[[9.24635, 7.24328], [9.23858, 7.24527], [9.22713, 7.24349], [9.22345, 7.25128], [9.21744, 7.26789], [9.21579, 7.27139], [9.22582, 7.28217], [9.23175, 7.28426], [9.23779, 7.28605], [9.24395, 7.29136], [9.24803, 7.30024], [9.24987, 7.30812], [9.2504, 7.3145], [9.25679, 7.3171], [9.26602, 7.31689], [9.27506, 7.32048], [9.27677, 7.32729], [9.27599, 7.33596], [9.27181, 7.34389], [9.2748, 7.34925], [9.28246, 7.35002], [9.29107, 7.34683], [9.31136, 7.31799], [9.29243, 7.30974], [9.28854, 7.3043], [9.27812, 7.28503], [9.27353, 7.27873], [9.25706, 7.27335], [9.25368, 7.25311], [9.24635, 7.24328]]]}, "properties": {"name": "Mbayaka", "lga": "Buruku", "state": "be"}}, {"type": "Feature", "geometry": {"type": "Polygon", "coordinates": [[[8.42215, 6.7851], [8.42364, 6.7913], [8.42974, 6.81363], [8.43486, 6.81947], [8.44466, 6.82549], [8.44856, 6.82967], [8.44996, 6.83337], [8.44978, 6.83608], [8.45168, 6.8372], [8.46503, 6.84138], [8.4705, 6.84702], [8.48594, 6.85822], [8.49254, 6.86585], [8.51572, 6.88724], [8.5285, 6.89885], [8.53724, 6.89965], [8.53175, 6.88327], [8.53057, 6.87843], [8.52908, 6.87575], [8.5273, 6.86415], [8.52105, 6.84303], [8.52016, 6.83827], [8.51808, 6.83114], [8.51451, 6.80794], [8.51022, 6.80825], [8.5057, 6.80753], [8.50166, 6.80753], [8.48572, 6.80491], [8.47215, 6.80468], [8.46311, 6.80372], [8.45193, 6.80325], [8.44645, 6.80111], [8.43218, 6.79682], [8.43265, 6.79207], [8.4317, 6.78945], [8.42564, 6.78325], [8.42215, 6.7851]]]}, "properties": {"name": "Iyeche", "lga": "Oju", "state": "be"}}, {"type": "Feature", "geometry": {"type": "Polygon", "coordinates": [[[9.52102, 7.54747], [9.521, 7.54765], [9.51236, 7.54734], [9.50689, 7.54182], [9.50425, 7.54464], [9.50805, 7.5499], [9.50117, 7.55716], [9.50101, 7.56202], [9.51779, 7.56619], [9.52398, 7.56329], [9.52939, 7.56554], [9.53152, 7.56693], [9.5389, 7.57779], [9.54414, 7.58179], [9.56238, 7.59528], [9.5767, 7.60283], [9.58508, 7.61046], [9.60268, 7.61992], [9.60757, 7.6281], [9.63394, 7.61791], [9.65116, 7.62189], [9.65755, 7.63348], [9.66808, 7.63061], [9.67577, 7.62745], [9.69012, 7.6236], [9.69072, 7.61497], [9.68603, 7.58009], [9.67748, 7.57323], [9.67431, 7.57013], [9.66902, 7.56553], [9.66322, 7.56279], [9.66158, 7.5611], [9.65962, 7.55852], [9.65898, 7.55678], [9.6582, 7.55287], [9.6537, 7.54946], [9.64725, 7.54927], [9.64167, 7.55453], [9.63627, 7.55782], [9.62989, 7.56108], [9.62799, 7.56087], [9.62653, 7.55975], [9.62437, 7.55654], [9.62093, 7.54878], [9.61349, 7.54369], [9.60941, 7.53808], [9.6066, 7.53669], [9.59765, 7.53646], [9.59371, 7.54231], [9.58805, 7.54415], [9.57892, 7.53623], [9.5689, 7.54077], [9.56281, 7.53969], [9.5558, 7.53794], [9.55034, 7.53961], [9.53157, 7.53384], [9.53075, 7.53778], [9.52102, 7.54747]]]}, "properties": {"name": "Kendev", "lga": "Ukum", "state": "be"}}, {"type": "Feature", "geometry": {"type": "Polygon", "coordinates": [[[9.02201, 7.38451], [9.02645, 7.3866], [9.02877, 7.39096], [9.04242, 7.39914], [9.04506, 7.40497], [9.05876, 7.41737], [9.06377, 7.42252], [9.07139, 7.42568], [9.07862, 7.43284], [9.08192, 7.43762], [9.09004, 7.44522], [9.09363, 7.46022], [9.10896, 7.45824], [9.11597, 7.44935], [9.1181, 7.44494], [9.119, 7.43012], [9.11209, 7.41699], [9.11206, 7.41672], [9.10387, 7.40437], [9.10368, 7.39481], [9.0972, 7.39336], [9.09006, 7.38767], [9.0818, 7.38346], [9.07205, 7.37404], [9.06666, 7.36879], [9.08044, 7.3665], [9.09501, 7.35986], [9.09706, 7.35563], [9.09828, 7.35333], [9.08822, 7.34311], [9.08493, 7.34563], [9.05422, 7.35776], [9.05064, 7.36007], [9.04641, 7.36374], [9.04579, 7.36443], [9.02978, 7.37228], [9.02049, 7.37742], [9.02201, 7.38451]]]}, "properties": {"name": "Utabar", "lga": "Gboko", "state": "be"}}, {"type": "Feature", "geometry": {"type": "MultiPolygon", "coordinates": [[[[8.40284, 7.20561], [8.40931, 7.21015], [8.41088, 7.2146], [8.41585, 7.22286], [8.42086, 7.23526], [8.42428, 7.24076], [8.4263, 7.2446], [8.4277, 7.24598], [8.4535, 7.24183], [8.47489, 7.23717], [8.48162, 7.23688], [8.48782, 7.22798], [8.4925, 7.21112], [8.48328, 7.19947], [8.47492, 7.18914], [8.4714, 7.18714], [8.46633, 7.18557], [8.45992, 7.18422], [8.45758, 7.18614], [8.45512, 7.18427], [8.44939, 7.18225], [8.44331, 7.17916], [8.43722, 7.17842], [8.43513, 7.17704], [8.42984, 7.1762], [8.42668, 7.17448], [8.42499, 7.17621], [8.4242, 7.17856], [8.42147, 7.17793], [8.41696, 7.17822], [8.41442, 7.17471], [8.4118, 7.17525], [8.40817, 7.17501], [8.40805, 7.17288], [8.40654, 7.1714], [8.40319, 7.1711], [8.40323, 7.16817], [8.4026, 7.16472], [8.40561, 7.16199], [8.39715, 7.16257], [8.38999, 7.18044], [8.39625, 7.19585], [8.40284, 7.20561]]], [[[8.21501, 7.34696], [8.18602, 7.31824], [8.18102, 7.31884], [8.1719, 7.33187], [8.15878, 7.36092], [8.13426, 7.37552], [8.14455, 7.39132], [8.15943, 7.40291], [8.16603, 7.40684], [8.18229, 7.41616], [8.18782, 7.41723], [8.19559, 7.43407], [8.21048, 7.44135], [8.21797, 7.44173], [8.22604, 7.44104], [8.23661, 7.44647], [8.24886, 7.43903], [8.27155, 7.46024], [8.27528, 7.45338], [8.27519, 7.44362], [8.27116, 7.43199], [8.26468, 7.42405], [8.2591, 7.4192], [8.24121, 7.4109], [8.2348, 7.40252], [8.23155, 7.39116], [8.21723, 7.37995], [8.21038, 7.3625], [8.21501, 7.34696]]]]}, "properties": {"name": "Gee", "lga": "Gwer East", "state": "be"}}, {"type": "Feature", "geometry": {"type": "Polygon", "coordinates": [[[8.2347, 7.17578], [8.20918, 7.17055], [8.19565, 7.16521], [8.1767, 7.16522], [8.16188, 7.1689], [8.15387, 7.17045], [8.13898, 7.1649], [8.13459, 7.16135], [8.13245, 7.15653], [8.1272, 7.14522], [8.10927, 7.15619], [8.11945, 7.16779], [8.11943, 7.16816], [8.11903, 7.16933], [8.11759, 7.17], [8.12308, 7.17898], [8.13417, 7.1864], [8.13442, 7.18774], [8.13395, 7.18869], [8.13172, 7.19031], [8.13469, 7.19352], [8.13457, 7.19363], [8.13389, 7.19411], [8.13596, 7.19705], [8.13617, 7.19734], [8.13636, 7.19768], [8.13898, 7.21559], [8.14961, 7.2132], [8.15035, 7.2053], [8.1508, 7.20501], [8.15075, 7.20454], [8.15211, 7.20397], [8.15356, 7.20675], [8.1538, 7.20711], [8.15424, 7.20746], [8.15476, 7.20788], [8.15587, 7.20812], [8.18313, 7.20979], [8.2024, 7.22115], [8.20418, 7.22463], [8.20737, 7.23012], [8.20944, 7.23556], [8.21116, 7.23647], [8.21642, 7.23705], [8.22033, 7.23983], [8.23275, 7.21953], [8.24297, 7.19243], [8.2347, 7.17578]]]}, "properties": {"name": "Township 1", "lga": "Oturkpo", "state": "be"}}, {"type": "Feature", "geometry": {"type": "Polygon", "coordinates": [[[8.42974, 6.81363], [8.42364, 6.7913], [8.42215, 6.7851], [8.41912, 6.78511], [8.40594, 6.81511], [8.40493, 6.81863], [8.39895, 6.82582], [8.39398, 6.82488], [8.39019, 6.82531], [8.38641, 6.82262], [8.37713, 6.82675], [8.38579, 6.83884], [8.38711, 6.84434], [8.39239, 6.85024], [8.40395, 6.85474], [8.40473, 6.85388], [8.40564, 6.84855], [8.40643, 6.84216], [8.41168, 6.83759], [8.41899, 6.83857], [8.42166, 6.8377], [8.42507, 6.83646], [8.42713, 6.83332], [8.42849, 6.83032], [8.42687, 6.82157], [8.42974, 6.81363]]]}, "properties": {"name": "Oju", "lga": "Oju", "state": "be"}}, {"type": "Feature", "geometry": {"type": "Polygon", "coordinates": [[[8.42014, 7.39833], [8.45702, 7.39833], [8.46713, 7.39774], [8.50996, 7.39774], [8.50685, 7.39002], [8.4999, 7.37808], [8.49203, 7.37088], [8.48201, 7.36632], [8.47471, 7.35749], [8.47568, 7.35111], [8.48197, 7.34726], [8.49422, 7.34453], [8.50672, 7.34254], [8.52776, 7.3364], [8.54947, 7.32416], [8.53332, 7.31365], [8.51349, 7.3069], [8.50574, 7.29459], [8.50154, 7.28273], [8.49916, 7.27645], [8.4922, 7.26288], [8.48342, 7.24913], [8.48319, 7.24888], [8.47907, 7.25355], [8.46519, 7.27823], [8.46255, 7.28554], [8.45535, 7.3121], [8.45413, 7.32108], [8.45306, 7.34437], [8.43998, 7.35791], [8.4333, 7.37331], [8.42945, 7.37797], [8.42014, 7.39833]]]}, "properties": {"name": "Mbalav", "lga": "Gwer East", "state": "be"}}, {"type": "Feature", "geometry": {"type": "MultiPolygon", "coordinates": [[[[9.63136, 6.69605], [9.55098, 6.76733], [9.53876, 6.77838], [9.5134, 6.79033], [9.50764, 6.79137], [9.49752, 6.82024], [9.49665, 6.8226], [9.49363, 6.82425], [9.48513, 6.83282], [9.48547, 6.83494], [9.48568, 6.83744], [9.4864, 6.83892], [9.49349, 6.85279], [9.5091, 6.85057], [9.50925, 6.85682], [9.52222, 6.85681], [9.54439, 6.85457], [9.55844, 6.85502], [9.5799, 6.83779], [9.62956, 6.81555], [9.64747, 6.80926], [9.64867, 6.79924], [9.64603, 6.73859], [9.63614, 6.71289], [9.63136, 6.69605]]], [[[9.33293, 6.9143], [9.33713, 6.93951], [9.34486, 6.94846], [9.36059, 6.95026], [9.3718, 6.94431], [9.39221, 6.93624], [9.4106, 6.92341], [9.41949, 6.91163], [9.42762, 6.90448], [9.43276, 6.89989], [9.43156, 6.87285], [9.43788, 6.8655], [9.44039, 6.86015], [9.43341, 6.84154], [9.4173, 6.83538], [9.41572, 6.83014], [9.40931, 6.82174], [9.4085, 6.80966], [9.39366, 6.80236], [9.38442, 6.79669], [9.37764, 6.79305], [9.3689, 6.78942], [9.36045, 6.78777], [9.3511, 6.78254], [9.34506, 6.77698], [9.32597, 6.77125], [9.31541, 6.76328], [9.31036, 6.76337], [9.30364, 6.76669], [9.30461, 6.78123], [9.33787, 6.80952], [9.34565, 6.82007], [9.34807, 6.82607], [9.35451, 6.83163], [9.35795, 6.83619], [9.35769, 6.84219], [9.35392, 6.84485], [9.33864, 6.8437], [9.33273, 6.85216], [9.3332, 6.85704], [9.3425, 6.86154], [9.34792, 6.87364], [9.34764, 6.8857], [9.34211, 6.90219], [9.3404, 6.9104], [9.33293, 6.9143]]]]}, "properties": {"name": "Mbaikyor", "lga": "Kwande", "state": "be"}}, {"type": "Feature", "geometry": {"type": "Polygon", "coordinates": [[[9.22713, 7.24349], [9.23858, 7.24527], [9.24635, 7.24328], [9.24728, 7.24139], [9.25125, 7.23791], [9.24031, 7.22226], [9.24031, 7.22018], [9.23912, 7.2178], [9.23764, 7.21096], [9.23169, 7.19906], [9.2299, 7.18984], [9.22871, 7.17914], [9.2308, 7.17467], [9.23139, 7.17081], [9.25078, 7.14477], [9.26256, 7.13621], [9.2672, 7.12978], [9.27077, 7.12728], [9.27434, 7.12407], [9.27862, 7.11765], [9.28184, 7.11158], [9.28656, 7.1059], [9.29279, 7.11793], [9.29644, 7.10906], [9.30151, 7.10547], [9.31027, 7.10345], [9.31342, 7.09806], [9.31174, 7.09744], [9.30887, 7.09544], [9.30884, 7.09354], [9.30958, 7.09131], [9.30807, 7.08952], [9.30699, 7.08916], [9.30524, 7.08925], [9.30392, 7.08762], [9.30764, 7.07719], [9.30526, 7.07318], [9.3029, 7.06793], [9.29671, 7.06296], [9.29163, 7.05825], [9.28442, 7.0605], [9.2808, 7.05273], [9.27449, 7.04967], [9.27242, 7.05143], [9.26049, 7.05746], [9.2533, 7.08968], [9.25382, 7.09227], [9.24341, 7.09111], [9.2398, 7.08904], [9.2333, 7.08513], [9.22422, 7.07995], [9.22286, 7.08038], [9.22159, 7.08057], [9.2145, 7.09005], [9.21848, 7.09174], [9.22134, 7.09578], [9.22396, 7.09864], [9.228, 7.10578], [9.23014, 7.10816], [9.23014, 7.11149], [9.22752, 7.11401], [9.22681, 7.1171], [9.223, 7.12448], [9.20587, 7.1528], [9.20546, 7.15605], [9.20087, 7.16469], [9.19754, 7.16898], [9.19326, 7.17231], [9.18707, 7.18111], [9.18469, 7.18563], [9.18241, 7.19165], [9.18859, 7.20467], [9.19509, 7.21233], [9.19908, 7.22209], [9.1996, 7.2327], [9.21483, 7.2388], [9.22227, 7.23892], [9.22713, 7.24349]]]}, "properties": {"name": "Mbaakura", "lga": "Buruku", "state": "be"}}, {"type": "Feature", "geometry": {"type": "Polygon", "coordinates": [[[8.42974, 6.81363], [8.42687, 6.82157], [8.42849, 6.83032], [8.42713, 6.83332], [8.42507, 6.83646], [8.42166, 6.8377], [8.41899, 6.83857], [8.41168, 6.83759], [8.40643, 6.84216], [8.40564, 6.84855], [8.40473, 6.85388], [8.40395, 6.85474], [8.40388, 6.86711], [8.39675, 6.87116], [8.39308, 6.87474], [8.3778, 6.87954], [8.37165, 6.88715], [8.34199, 6.88902], [8.3682, 6.91208], [8.37719, 6.92552], [8.38707, 6.93718], [8.38918, 6.9396], [8.39687, 6.94454], [8.40175, 6.94654], [8.40266, 6.93427], [8.40636, 6.92728], [8.40656, 6.92241], [8.40957, 6.91344], [8.41059, 6.90237], [8.41531, 6.884], [8.4234, 6.8732], [8.42358, 6.86957], [8.42084, 6.8672], [8.42193, 6.86439], [8.42695, 6.86094], [8.43021, 6.86056], [8.43218, 6.85969], [8.43487, 6.85873], [8.43733, 6.85599], [8.43889, 6.85368], [8.44306, 6.84837], [8.44643, 6.8391], [8.44978, 6.83608], [8.44996, 6.83337], [8.44856, 6.82967], [8.44466, 6.82549], [8.43486, 6.81947], [8.42974, 6.81363]]]}, "properties": {"name": "Ibilla", "lga": "Oju", "state": "be"}}, {"type": "Feature", "geometry": {"type": "Polygon", "coordinates": [[[9.26731, 7.45884], [9.29439, 7.46601], [9.3023, 7.46299], [9.32731, 7.47573], [9.33685, 7.47572], [9.35424, 7.47899], [9.35973, 7.4801], [9.36501, 7.47975], [9.3775, 7.48391], [9.38347, 7.48089], [9.39049, 7.47972], [9.39971, 7.47606], [9.40617, 7.47191], [9.41505, 7.47232], [9.43031, 7.47309], [9.43814, 7.47254], [9.43492, 7.45711], [9.40853, 7.4506], [9.40275, 7.44595], [9.389, 7.43145], [9.38784, 7.42493], [9.38894, 7.41798], [9.39011, 7.4117], [9.37287, 7.39615], [9.36964, 7.39972], [9.36096, 7.40269], [9.35299, 7.40149], [9.34733, 7.39476], [9.34918, 7.38292], [9.357, 7.37673], [9.36873, 7.36368], [9.37141, 7.35702], [9.34903, 7.34966], [9.34867, 7.33956], [9.34182, 7.337], [9.33662, 7.33622], [9.32456, 7.33728], [9.31823, 7.33275], [9.31755, 7.32099], [9.31393, 7.31866], [9.31136, 7.31799], [9.29107, 7.34683], [9.28246, 7.35002], [9.28162, 7.3625], [9.28508, 7.38057], [9.29294, 7.39843], [9.28837, 7.39898], [9.27587, 7.39755], [9.25624, 7.39755], [9.25963, 7.40816], [9.26035, 7.43213], [9.26022, 7.44199], [9.26731, 7.45884]]]}, "properties": {"name": "Mbaatikyaa", "lga": "Buruku", "state": "be"}}, {"type": "Feature", "geometry": {"type": "Polygon", "coordinates": [[[9.43254, 6.5573], [9.41676, 6.58266], [9.40544, 6.59537], [9.40206, 6.60113], [9.39639, 6.60576], [9.39185, 6.60924], [9.38618, 6.61272], [9.38166, 6.6185], [9.37712, 6.62197], [9.37258, 6.62545], [9.36804, 6.62892], [9.36125, 6.63586], [9.36019, 6.63802], [9.35788, 6.64277], [9.35221, 6.64855], [9.3477, 6.65547], [9.35256, 6.65804], [9.35895, 6.66077], [9.36843, 6.66469], [9.3802, 6.67148], [9.38646, 6.67738], [9.39299, 6.67835], [9.40706, 6.70157], [9.41863, 6.70024], [9.42862, 6.71052], [9.43414, 6.71975], [9.44358, 6.72651], [9.449, 6.7287], [9.46492, 6.7316], [9.4778, 6.72473], [9.4874, 6.7215], [9.49792, 6.71444], [9.53013, 6.70471], [9.54738, 6.70084], [9.59063, 6.68851], [9.60626, 6.68264], [9.62739, 6.68206], [9.6223, 6.66411], [9.60912, 6.58723], [9.54714, 6.5766], [9.53622, 6.57043], [9.51488, 6.56778], [9.50209, 6.57342], [9.48978, 6.57506], [9.47924, 6.57049], [9.47224, 6.57107], [9.46688, 6.56977], [9.46292, 6.57352], [9.43254, 6.5573]]]}, "properties": {"name": "Liev Ll", "lga": "Kwande", "state": "be"}}, {"type": "Feature", "geometry": {"type": "Polygon", "coordinates": [[[9.01447, 6.81312], [9.01608, 6.812], [9.02398, 6.80986], [9.02845, 6.81016], [9.02965, 6.81044], [9.04124, 6.80866], [9.04421, 6.80148], [9.04282, 6.7988], [9.04296, 6.79373], [9.04542, 6.78903], [9.04634, 6.78445], [9.04911, 6.78168], [9.05263, 6.77649], [9.05592, 6.77628], [9.05973, 6.77566], [9.06312, 6.77387], [9.06321, 6.77104], [9.06109, 6.76777], [9.05457, 6.76407], [9.04928, 6.75984], [9.0473, 6.75329], [9.04896, 6.74462], [9.04041, 6.74187], [9.03357, 6.73488], [9.02321, 6.73154], [9.01136, 6.72706], [9.00674, 6.726], [8.99568, 6.73656], [9.00035, 6.74511], [9.0096, 6.75403], [9.01386, 6.76409], [9.00613, 6.77591], [9.003, 6.78035], [8.99862, 6.7841], [9.00533, 6.80691], [9.01447, 6.81312]]]}, "properties": {"name": "Mbakaange", "lga": "Vandeikya", "state": "be"}}, {"type": "Feature", "geometry": {"type": "Polygon", "coordinates": [[[8.09014, 7.50551], [8.08895, 7.51433], [8.08664, 7.53138], [8.10054, 7.53932], [8.10679, 7.54216], [8.1132, 7.54403], [8.12245, 7.55144], [8.14075, 7.54461], [8.14252, 7.53859], [8.14406, 7.53118], [8.14698, 7.52248], [8.15133, 7.51857], [8.16278, 7.5119], [8.17017, 7.51238], [8.18758, 7.50395], [8.19821, 7.50371], [8.19853, 7.48163], [8.17961, 7.48025], [8.16748, 7.473], [8.15572, 7.45813], [8.13995, 7.45015], [8.12621, 7.44497], [8.10613, 7.43888], [8.10378, 7.46472], [8.09853, 7.48233], [8.09014, 7.50551]]]}, "properties": {"name": "Tijime", "lga": "Gwer West", "state": "be"}}, {"type": "Feature", "geometry": {"type": "Polygon", "coordinates": [[[8.32562, 6.73693], [8.32336, 6.73964], [8.32112, 6.74415], [8.31862, 6.75164], [8.31683, 6.75533], [8.31491, 6.7619], [8.31312, 6.76409], [8.30087, 6.76036], [8.29798, 6.76281], [8.29375, 6.76531], [8.27947, 6.76977], [8.27679, 6.76977], [8.25835, 6.77869], [8.27597, 6.78374], [8.29038, 6.78896], [8.30342, 6.79631], [8.30687, 6.79857], [8.31231, 6.80205], [8.31774, 6.81015], [8.33729, 6.81788], [8.34889, 6.79475], [8.35173, 6.79278], [8.35786, 6.7902], [8.37017, 6.78546], [8.38323, 6.78184], [8.38956, 6.77619], [8.37625, 6.75141], [8.37511, 6.74689], [8.37157, 6.73797], [8.37186, 6.73096], [8.37998, 6.72995], [8.38449, 6.73364], [8.38849, 6.73353], [8.38183, 6.71838], [8.37953, 6.7161], [8.37721, 6.71152], [8.3749, 6.70694], [8.3726, 6.70466], [8.37029, 6.70123], [8.36684, 6.69781], [8.36111, 6.69326], [8.35768, 6.69214], [8.35424, 6.68987], [8.33557, 6.71567], [8.32758, 6.73195], [8.32562, 6.73693]]]}, "properties": {"name": "Okudu", "lga": "Oju", "state": "be"}}, {"type": "Feature", "geometry": {"type": "Polygon", "coordinates": [[[9.25727, 6.82578], [9.25301, 6.82138], [9.25033, 6.82201], [9.2473, 6.82302], [9.24541, 6.82631], [9.24257, 6.82752], [9.23108, 6.82973], [9.22922, 6.83802], [9.2284, 6.83557], [9.22347, 6.8251], [9.21479, 6.83048], [9.21399, 6.83036], [9.21348, 6.82681], [9.21167, 6.82617], [9.19882, 6.83447], [9.19844, 6.83776], [9.19582, 6.84014], [9.19751, 6.84286], [9.20118, 6.84578], [9.20612, 6.84842], [9.20907, 6.85038], [9.2238, 6.8564], [9.22478, 6.85784], [9.22613, 6.85916], [9.22844, 6.86111], [9.22851, 6.86296], [9.22888, 6.86683], [9.23005, 6.87619], [9.23449, 6.88907], [9.236, 6.88874], [9.23763, 6.88864], [9.24088, 6.88837], [9.24095, 6.8869], [9.24087, 6.88045], [9.24013, 6.87997], [9.23923, 6.87944], [9.23909, 6.87871], [9.2387, 6.87582], [9.23863, 6.87341], [9.24425, 6.86081], [9.24338, 6.84786], [9.24793, 6.8399], [9.24967, 6.83905], [9.2513, 6.83811], [9.25647, 6.83028], [9.25681, 6.82833], [9.25669, 6.82703], [9.25727, 6.82578]]]}, "properties": {"name": "Mbayoo", "lga": "Kwande", "state": "be"}}, {"type": "Feature", "geometry": {"type": "Polygon", "coordinates": [[[8.99368, 7.37183], [8.99819, 7.3736], [9.00514, 7.37473], [9.01945, 7.38461], [9.02201, 7.38451], [9.02049, 7.37742], [9.02978, 7.37228], [9.04579, 7.36443], [9.04641, 7.36374], [9.03515, 7.35389], [9.02414, 7.35396], [9.02214, 7.3536], [9.01496, 7.35089], [9.01288, 7.34996], [9.00897, 7.34732], [8.99641, 7.33842], [8.99805, 7.33488], [8.99832, 7.33459], [8.99722, 7.3302], [8.99734, 7.32432], [8.99816, 7.31901], [8.99788, 7.31754], [8.99152, 7.30972], [8.98609, 7.29878], [8.97523, 7.2939], [8.97166, 7.29123], [8.96871, 7.28951], [8.96644, 7.29567], [8.96623, 7.30364], [8.96606, 7.30731], [8.96326, 7.32019], [8.96519, 7.32646], [8.96334, 7.34053], [8.96332, 7.34516], [8.96485, 7.35521], [8.96832, 7.36058], [8.97191, 7.35734], [8.97567, 7.35308], [8.97723, 7.34989], [8.97952, 7.34668], [8.98161, 7.34564], [8.98286, 7.35008], [8.98399, 7.35176], [8.99197, 7.35565], [8.99271, 7.36044], [8.99146, 7.36143], [8.99118, 7.36503], [8.9923, 7.37039], [8.99368, 7.37183]]]}, "properties": {"name": "Gboko North / West", "lga": "Gboko", "state": "be"}}, {"type": "Feature", "geometry": {"type": "Polygon", "coordinates": [[[7.76531, 6.96363], [7.76148, 6.96221], [7.76106, 6.96193], [7.76026, 6.96383], [7.75906, 6.96531], [7.74283, 6.96447], [7.74085, 6.96497], [7.73676, 6.96594], [7.73511, 6.97047], [7.73819, 6.98605], [7.74419, 6.99549], [7.74595, 6.99872], [7.74784, 7.0012], [7.74979, 7.00366], [7.75176, 7.00525], [7.76066, 7.00729], [7.7633, 7.0092], [7.76237, 7.02374], [7.7737, 7.02918], [7.77175, 7.03057], [7.77085, 7.03331], [7.77092, 7.03711], [7.76748, 7.04084], [7.76608, 7.04255], [7.76632, 7.04534], [7.77228, 7.04122], [7.77537, 7.03819], [7.78651, 7.0344], [7.78839, 7.03179], [7.79124, 7.02894], [7.7937, 7.02626], [7.7873, 7.01843], [7.78795, 7.00764], [7.78575, 7.00058], [7.78337, 6.99696], [7.77915, 6.99308], [7.77282, 6.98167], [7.76531, 6.96363]]]}, "properties": {"name": "Okpoga West", "lga": "Okpokwu", "state": "be"}}, {"type": "Feature", "geometry": {"type": "Polygon", "coordinates": [[[8.23825, 7.05873], [8.24134, 7.06595], [8.24134, 7.07335], [8.24284, 7.08213], [8.24605, 7.10569], [8.24894, 7.10944], [8.28113, 7.07992], [8.27688, 7.06817], [8.28452, 7.06114], [8.28857, 7.05847], [8.29418, 7.05962], [8.31426, 7.05509], [8.30815, 7.04344], [8.31026, 7.03617], [8.31685, 7.02876], [8.32067, 7.02513], [8.32135, 7.02043], [8.31818, 7.01812], [8.31441, 7.01788], [8.30945, 7.01904], [8.30385, 7.01819], [8.30047, 7.01464], [8.29853, 7.01086], [8.29659, 7.01001], [8.28243, 7.00103], [8.27875, 7.00103], [8.27444, 7.00467], [8.27329, 7.00968], [8.27695, 7.02241], [8.27793, 7.02974], [8.27638, 7.03395], [8.27135, 7.03686], [8.26089, 7.03758], [8.24051, 7.04784], [8.23825, 7.05873]]]}, "properties": {"name": "Irabi", "lga": "Obi", "state": "be"}}, {"type": "Feature", "geometry": {"type": "Polygon", "coordinates": [[[8.54947, 7.32416], [8.56168, 7.32763], [8.56448, 7.3272], [8.56908, 7.3008], [8.565, 7.26824], [8.56877, 7.25105], [8.56849, 7.24125], [8.56565, 7.23182], [8.56484, 7.22311], [8.56522, 7.21594], [8.56656, 7.19536], [8.57157, 7.1842], [8.57206, 7.17374], [8.57231, 7.16642], [8.55849, 7.1492], [8.55451, 7.13905], [8.52742, 7.12713], [8.52343, 7.13894], [8.52273, 7.15273], [8.52361, 7.1594], [8.52376, 7.16996], [8.52384, 7.18053], [8.51917, 7.20269], [8.51242, 7.20422], [8.51035, 7.20462], [8.50778, 7.20686], [8.50593, 7.2078], [8.50346, 7.2086], [8.4925, 7.21112], [8.48782, 7.22798], [8.48162, 7.23688], [8.48319, 7.24888], [8.48342, 7.24913], [8.4922, 7.26288], [8.49916, 7.27645], [8.50154, 7.28273], [8.50574, 7.29459], [8.51349, 7.3069], [8.53332, 7.31365], [8.54947, 7.32416]]]}, "properties": {"name": "Iwarnyam", "lga": "Konshisha", "state": "be"}}, {"type": "Feature", "geometry": {"type": "Polygon", "coordinates": [[[9.82105, 7.49059], [9.78661, 7.4703], [9.75045, 7.5093], [9.73299, 7.52268], [9.71878, 7.53538], [9.71135, 7.5375], [9.70086, 7.53867], [9.69194, 7.53569], [9.68195, 7.53652], [9.67361, 7.54113], [9.66602, 7.54684], [9.6582, 7.55287], [9.65898, 7.55678], [9.65962, 7.55852], [9.66158, 7.5611], [9.66322, 7.56279], [9.66902, 7.56553], [9.67431, 7.57013], [9.67748, 7.57323], [9.68603, 7.58009], [9.68773, 7.5913], [9.70039, 7.59152], [9.71127, 7.59437], [9.71904, 7.59945], [9.72642, 7.60137], [9.72925, 7.60116], [9.73253, 7.59806], [9.73944, 7.59317], [9.74482, 7.58753], [9.75178, 7.5807], [9.75353, 7.57361], [9.75396, 7.56655], [9.7562, 7.56117], [9.76067, 7.55632], [9.76628, 7.55049], [9.7763, 7.54547], [9.78051, 7.53925], [9.7939, 7.52867], [9.80865, 7.51487], [9.8196, 7.50773], [9.82483, 7.50249], [9.83387, 7.49678], [9.82105, 7.49059]]]}, "properties": {"name": "Mbatian", "lga": "Ukum", "state": "be"}}, {"type": "Feature", "geometry": {"type": "Polygon", "coordinates": [[[7.78651, 7.0344], [7.77537, 7.03819], [7.74702, 7.05786], [7.74096, 7.06466], [7.74472, 7.06838], [7.75039, 7.07082], [7.76249, 7.07047], [7.767, 7.075], [7.76856, 7.08317], [7.77272, 7.09068], [7.77293, 7.09828], [7.77239, 7.10007], [7.7861, 7.10602], [7.79355, 7.10716], [7.80078, 7.1053], [7.80642, 7.10171], [7.81441, 7.10023], [7.81903, 7.10023], [7.82711, 7.09613], [7.83105, 7.09648], [7.83139, 7.09302], [7.83259, 7.0919], [7.82973, 7.09111], [7.8274, 7.0902], [7.8264, 7.08755], [7.82227, 7.08723], [7.8177, 7.0854], [7.8146, 7.05612], [7.80903, 7.05505], [7.80134, 7.04818], [7.79653, 7.04861], [7.79223, 7.04815], [7.7895, 7.0396], [7.78651, 7.0344]]]}, "properties": {"name": "Okpoga North", "lga": "Okpokwu", "state": "be"}}, {"type": "Feature", "geometry": {"type": "Polygon", "coordinates": [[[8.33204, 7.06153], [8.34126, 7.05064], [8.34024, 7.02919], [8.33945, 7.02404], [8.33666, 7.02387], [8.33101, 7.01403], [8.3237, 7.01034], [8.32155, 7.00859], [8.31484, 7.00079], [8.29853, 7.01086], [8.30047, 7.01464], [8.30385, 7.01819], [8.30945, 7.01904], [8.31441, 7.01788], [8.31818, 7.01812], [8.32135, 7.02043], [8.32067, 7.02513], [8.31685, 7.02876], [8.31026, 7.03617], [8.30815, 7.04344], [8.31426, 7.05509], [8.31609, 7.05623], [8.32118, 7.05685], [8.33204, 7.06153]]]}, "properties": {"name": "Obarike", "lga": "Obi", "state": "be"}}, {"type": "Feature", "geometry": {"type": "Polygon", "coordinates": [[[8.06446, 6.83987], [8.06148, 6.83299], [8.06116, 6.82571], [8.06355, 6.82215], [8.0607, 6.81648], [8.05442, 6.81226], [8.04388, 6.81894], [8.03066, 6.80053], [8.02104, 6.79364], [8.02033, 6.80235], [8.01608, 6.80329], [8.0121, 6.80096], [8.00564, 6.80165], [8.00099, 6.80228], [7.99855, 6.80496], [7.9961, 6.80994], [7.99362, 6.81418], [7.9834, 6.81134], [7.97467, 6.80902], [7.97244, 6.80787], [7.9708, 6.80615], [7.96274, 6.80755], [7.95483, 6.81312], [7.95877, 6.83142], [7.96654, 6.84415], [7.97329, 6.8537], [7.98729, 6.86104], [8.01021, 6.85376], [8.02722, 6.84275], [8.04106, 6.84257], [8.04683, 6.84405], [8.05548, 6.84561], [8.06446, 6.83987]]]}, "properties": {"name": "Etenyi", "lga": "Ado", "state": "be"}}, {"type": "Feature", "geometry": {"type": "Polygon", "coordinates": [[[9.03523, 7.16626], [9.03381, 7.16843], [9.03276, 7.17118], [9.03158, 7.17251], [9.02896, 7.17469], [9.02532, 7.17663], [9.0238, 7.17824], [9.02292, 7.18006], [9.02365, 7.193], [9.00923, 7.21689], [9.00713, 7.24008], [9.00528, 7.24251], [9.02188, 7.24506], [9.02777, 7.24732], [9.03626, 7.24729], [9.04641, 7.23947], [9.05251, 7.23638], [9.05833, 7.22998], [9.06104, 7.22737], [9.06246, 7.22466], [9.1039, 7.20939], [9.10524, 7.20619], [9.11366, 7.19779], [9.11831, 7.19095], [9.12368, 7.18382], [9.1286, 7.17337], [9.12911, 7.16501], [9.12264, 7.16082], [9.10646, 7.1553], [9.10189, 7.15797], [9.09637, 7.15949], [9.09276, 7.16178], [9.09047, 7.16463], [9.08552, 7.16844], [9.08248, 7.16996], [9.07791, 7.17148], [9.07419, 7.17352], [9.05621, 7.17652], [9.03523, 7.16626]]]}, "properties": {"name": "Mbaagir", "lga": "Ushongo", "state": "be"}}, {"type": "Feature", "geometry": {"type": "Polygon", "coordinates": [[[8.5141, 7.06441], [8.51991, 7.07216], [8.52027, 7.07282], [8.58427, 7.10368], [8.58948, 7.09955], [8.60081, 7.10015], [8.61697, 7.09652], [8.62597, 7.0854], [8.63264, 7.08539], [8.64528, 7.08826], [8.65839, 7.10232], [8.66735, 7.10772], [8.674, 7.11278], [8.69054, 7.10945], [8.70725, 7.10651], [8.73881, 7.14294], [8.73964, 7.12753], [8.73781, 7.11115], [8.7363, 7.09292], [8.73824, 7.08013], [8.72724, 7.06693], [8.72125, 7.06658], [8.71512, 7.06607], [8.70529, 7.06883], [8.69889, 7.05451], [8.69783, 7.05043], [8.7001, 7.04098], [8.71815, 7.02391], [8.72186, 7.01898], [8.7258, 7.01461], [8.72669, 7.00927], [8.73575, 6.9986], [8.73775, 6.9956], [8.73133, 6.98822], [8.72847, 6.9837], [8.72586, 6.98156], [8.72524, 6.97806], [8.71811, 6.97364], [8.71538, 6.97423], [8.71045, 6.9743], [8.70333, 6.97697], [8.69777, 6.97522], [8.69259, 6.97219], [8.68277, 6.9528], [8.67046, 6.94754], [8.67013, 6.94752], [8.65516, 6.98204], [8.65408, 6.99064], [8.65212, 7.00375], [8.65352, 7.00787], [8.66127, 7.02141], [8.66224, 7.02616], [8.65831, 7.03413], [8.65118, 7.03887], [8.62443, 7.04084], [8.60985, 7.04352], [8.59924, 7.04161], [8.57495, 7.03427], [8.56075, 7.02835], [8.52554, 7.03335], [8.52094, 7.03857], [8.5141, 7.06441]]]}, "properties": {"name": "Mbatem", "lga": "Konshisha", "state": "be"}}, {"type": "Feature", "geometry": {"type": "Polygon", "coordinates": [[[9.16123, 7.39345], [9.16897, 7.38445], [9.1767, 7.36734], [9.18215, 7.36968], [9.18428, 7.368], [9.184, 7.35801], [9.18123, 7.35054], [9.19152, 7.34997], [9.19163, 7.33159], [9.18176, 7.3151], [9.1831, 7.30697], [9.18546, 7.29967], [9.18726, 7.29854], [9.18719, 7.28117], [9.1795, 7.27482], [9.16939, 7.27353], [9.15176, 7.27961], [9.1462, 7.27017], [9.14322, 7.2675], [9.13878, 7.26338], [9.12943, 7.2517], [9.1257, 7.24614], [9.10676, 7.2394], [9.10507, 7.25016], [9.10793, 7.25796], [9.11016, 7.26329], [9.11271, 7.2701], [9.11983, 7.28141], [9.12151, 7.29133], [9.11836, 7.29868], [9.11663, 7.30749], [9.11356, 7.31146], [9.11126, 7.31514], [9.10155, 7.3241], [9.09904, 7.33204], [9.10299, 7.3369], [9.10986, 7.34077], [9.1206, 7.34087], [9.12995, 7.34544], [9.13398, 7.34829], [9.13964, 7.35395], [9.14156, 7.3596], [9.13958, 7.36505], [9.13656, 7.37373], [9.12618, 7.38228], [9.12457, 7.38814], [9.1338, 7.39555], [9.13155, 7.40611], [9.13961, 7.4133], [9.14397, 7.40861], [9.14852, 7.39616], [9.15925, 7.39254], [9.16123, 7.39345]]]}, "properties": {"name": "Igyorov", "lga": "Gboko", "state": "be"}}, {"type": "Feature", "geometry": {"type": "Polygon", "coordinates": [[[9.52361, 6.98955], [9.59918, 7.00073], [9.60128, 6.99148], [9.60365, 6.98234], [9.60142, 6.97388], [9.60067, 6.96708], [9.6045, 6.95951], [9.6047, 6.95055], [9.59914, 6.9407], [9.59794, 6.93003], [9.59619, 6.92317], [9.58832, 6.90704], [9.5789, 6.90023], [9.57768, 6.89772], [9.57809, 6.89159], [9.58013, 6.88499], [9.58318, 6.88615], [9.58873, 6.88947], [9.59521, 6.89392], [9.6266, 6.8883], [9.63441, 6.89268], [9.6457, 6.89482], [9.64141, 6.86648], [9.64339, 6.8434], [9.64747, 6.80926], [9.62956, 6.81555], [9.5799, 6.83779], [9.55844, 6.85502], [9.54439, 6.85457], [9.52222, 6.85681], [9.50925, 6.85682], [9.49623, 6.85854], [9.50053, 6.8668], [9.50237, 6.8707], [9.50248, 6.87276], [9.49686, 6.89078], [9.49677, 6.89533], [9.49738, 6.89719], [9.49814, 6.8988], [9.49077, 6.90704], [9.48906, 6.90959], [9.48647, 6.92658], [9.48368, 6.93043], [9.49527, 6.93579], [9.50386, 6.93479], [9.51388, 6.93759], [9.52106, 6.93765], [9.52444, 6.94271], [9.53306, 6.94905], [9.53745, 6.95378], [9.5379, 6.95854], [9.53425, 6.96143], [9.52699, 6.96271], [9.52441, 6.96608], [9.52511, 6.96938], [9.52919, 6.97081], [9.53573, 6.97281], [9.54201, 6.97522], [9.54446, 6.97837], [9.54342, 6.98186], [9.53883, 6.98445], [9.53141, 6.98686], [9.52361, 6.98955]]]}, "properties": {"name": "Yaav", "lga": "Kwande", "state": "be"}}, {"type": "Feature", "geometry": {"type": "Polygon", "coordinates": [[[8.03066, 6.80053], [8.04388, 6.81894], [8.05442, 6.81226], [8.0607, 6.81648], [8.06355, 6.82215], [8.06116, 6.82571], [8.06148, 6.83299], [8.06446, 6.83987], [8.0741, 6.84297], [8.07763, 6.84801], [8.08463, 6.86177], [8.0853, 6.86219], [8.0941, 6.85599], [8.09656, 6.85086], [8.08768, 6.8428], [8.08806, 6.82643], [8.0907, 6.81556], [8.09118, 6.81199], [8.09593, 6.8039], [8.09665, 6.80033], [8.10046, 6.79509], [8.10141, 6.79271], [8.10664, 6.78439], [8.11045, 6.77963], [8.11358, 6.77821], [8.11568, 6.77296], [8.11592, 6.76892], [8.11783, 6.76535], [8.12258, 6.75821], [8.12449, 6.75369], [8.12877, 6.74893], [8.1321, 6.74608], [8.13472, 6.74155], [8.13767, 6.73812], [8.14532, 6.73474], [8.14441, 6.7252], [8.13624, 6.71612], [8.12761, 6.71158], [8.11217, 6.70931], [8.104, 6.71203], [8.09855, 6.70704], [8.09537, 6.70794], [8.08901, 6.71158], [8.08525, 6.71221], [8.08531, 6.73524], [8.08307, 6.7397], [8.07732, 6.74346], [8.07546, 6.74781], [8.07343, 6.75695], [8.0767, 6.76197], [8.0772, 6.76535], [8.07561, 6.76654], [8.0711, 6.76961], [8.05894, 6.76704], [8.05318, 6.77366], [8.04929, 6.77864], [8.03605, 6.7984], [8.03066, 6.80053]]]}, "properties": {"name": "Ijigbam", "lga": "Ado", "state": "be"}}, {"type": "Feature", "geometry": {"type": "MultiPolygon", "coordinates": [[[[9.78661, 7.4703], [9.82105, 7.49059], [9.83387, 7.49678], [9.84197, 7.49583], [9.84514, 7.49625], [9.84577, 7.48631], [9.84292, 7.47822], [9.84054, 7.4687], [9.83578, 7.45966], [9.8196, 7.4154], [9.81484, 7.40494], [9.80671, 7.38185], [9.80195, 7.37352], [9.79719, 7.36162], [9.79172, 7.3575], [9.78506, 7.34655], [9.76507, 7.32038], [9.75201, 7.32672], [9.73037, 7.34551], [9.74827, 7.4146], [9.72868, 7.44396], [9.70067, 7.46847], [9.68467, 7.48072], [9.68079, 7.49713], [9.68086, 7.50226], [9.68153, 7.50596], [9.68149, 7.51186], [9.6897, 7.51318], [9.69788, 7.51403], [9.70416, 7.51315], [9.7166, 7.50869], [9.72629, 7.49845], [9.74052, 7.48399], [9.76573, 7.46867], [9.78503, 7.46855], [9.78661, 7.4703]]], [[[9.6066, 7.53669], [9.60691, 7.53117], [9.60831, 7.52641], [9.61233, 7.5256], [9.61755, 7.52515], [9.62108, 7.52361], [9.62455, 7.52426], [9.6271, 7.52634], [9.63003, 7.52606], [9.6322, 7.52293], [9.634, 7.51735], [9.63734, 7.51566], [9.64255, 7.51553], [9.63743, 7.50661], [9.62888, 7.5043], [9.62297, 7.50672], [9.61957, 7.50694], [9.61776, 7.50596], [9.61694, 7.50293], [9.61805, 7.49888], [9.6225, 7.49634], [9.6246, 7.49257], [9.62625, 7.48852], [9.62486, 7.48525], [9.61816, 7.48502], [9.6105, 7.48071], [9.60572, 7.47291], [9.6023, 7.46828], [9.5992, 7.46157], [9.59793, 7.45494], [9.58271, 7.44851], [9.57184, 7.44214], [9.56342, 7.4614], [9.55815, 7.48418], [9.55006, 7.48851], [9.54827, 7.50671], [9.54459, 7.50872], [9.54058, 7.51219], [9.53864, 7.51469], [9.53647, 7.51749], [9.53481, 7.52584], [9.53126, 7.53218], [9.53157, 7.53384], [9.55034, 7.53961], [9.5558, 7.53794], [9.56281, 7.53969], [9.5689, 7.54077], [9.57892, 7.53623], [9.58805, 7.54415], [9.59371, 7.54231], [9.59765, 7.53646], [9.6066, 7.53669]]]]}, "properties": {"name": "Uyam", "lga": "Ukum", "state": "be"}}, {"type": "Feature", "geometry": {"type": "Polygon", "coordinates": [[[8.37797, 6.9818], [8.3744, 6.97681], [8.36274, 6.96729], [8.35058, 6.95868], [8.34454, 6.96466], [8.33248, 6.9722], [8.34285, 6.97907], [8.35332, 6.99035], [8.36542, 7.0022], [8.38963, 6.99227], [8.37797, 6.9818]]]}, "properties": {"name": "Adum East", "lga": "Obi", "state": "be"}}, {"type": "Feature", "geometry": {"type": "Polygon", "coordinates": [[[8.96072, 7.27765], [8.97793, 7.28159], [8.98437, 7.28422], [8.98465, 7.28237], [8.98754, 7.27498], [8.98855, 7.27214], [8.98986, 7.26973], [8.99409, 7.26518], [8.99719, 7.26151], [9.00205, 7.24615], [9.00298, 7.24499], [9.00528, 7.24251], [9.00713, 7.24008], [9.0075, 7.2364], [9.00736, 7.23192], [9.00758, 7.22952], [9.00568, 7.22809], [8.99883, 7.22382], [8.99536, 7.22182], [8.97941, 7.2171], [8.97034, 7.20999], [8.96999, 7.20942], [8.96767, 7.20391], [8.96656, 7.20204], [8.95891, 7.19511], [8.93338, 7.18509], [8.93053, 7.18237], [8.92876, 7.18092], [8.91731, 7.17716], [8.89969, 7.17521], [8.87297, 7.16581], [8.86563, 7.17314], [8.85699, 7.17771], [8.85003, 7.18087], [8.84158, 7.18714], [8.85355, 7.21372], [8.86635, 7.22285], [8.87323, 7.23409], [8.86959, 7.25625], [8.89474, 7.26982], [8.89923, 7.27071], [8.90367, 7.27628], [8.92618, 7.27456], [8.92737, 7.27416], [8.92976, 7.27521], [8.93995, 7.28381], [8.94215, 7.28696], [8.94555, 7.28465], [8.95826, 7.2763], [8.96072, 7.27765]]]}, "properties": {"name": "Mbaawe", "lga": "Ushongo", "state": "be"}}, {"type": "Feature", "geometry": {"type": "Polygon", "coordinates": [[[9.67713, 7.09198], [9.667, 7.06498], [9.6413, 7.0507], [9.6256, 7.04142], [9.6156, 7.03357], [9.60846, 7.02358], [9.60561, 7.01858], [9.60418, 7.01215], [9.59918, 7.00073], [9.52361, 6.98955], [9.52143, 6.99674], [9.52157, 7.00227], [9.53272, 7.00773], [9.5343, 7.01343], [9.52998, 7.02642], [9.52633, 7.03362], [9.52013, 7.03767], [9.51239, 7.03905], [9.50771, 7.04016], [9.50027, 7.04131], [9.49414, 7.03877], [9.49059, 7.03151], [9.48638, 7.02891], [9.48296, 7.02928], [9.47835, 7.03581], [9.47871, 7.04073], [9.47753, 7.05065], [9.47468, 7.05265], [9.47239, 7.05899], [9.47323, 7.0685], [9.47238, 7.07999], [9.4678, 7.08251], [9.46424, 7.08194], [9.45759, 7.07623], [9.45054, 7.06737], [9.44646, 7.0672], [9.44133, 7.069], [9.43293, 7.06474], [9.4279, 7.06484], [9.42354, 7.06936], [9.41965, 7.06944], [9.4155, 7.06711], [9.41019, 7.05901], [9.4, 7.04899], [9.39477, 7.04963], [9.39079, 7.06565], [9.38562, 7.07404], [9.35436, 7.08355], [9.34503, 7.08859], [9.33343, 7.09201], [9.36936, 7.13028], [9.37078, 7.14469], [9.36672, 7.1572], [9.35914, 7.16169], [9.35073, 7.16294], [9.34219, 7.17221], [9.33583, 7.18516], [9.34459, 7.18777], [9.35007, 7.19101], [9.35863, 7.19143], [9.36807, 7.19046], [9.38154, 7.18986], [9.39386, 7.19726], [9.40523, 7.20246], [9.41657, 7.20766], [9.43046, 7.21649], [9.43856, 7.22926], [9.45441, 7.23776], [9.46229, 7.24507], [9.47266, 7.24868], [9.48008, 7.25871], [9.48606, 7.25386], [9.50577, 7.23517], [9.50739, 7.22221], [9.52504, 7.20684], [9.53215, 7.19255], [9.54886, 7.16502], [9.57115, 7.15235], [9.58039, 7.14358], [9.67713, 7.09198]]]}, "properties": {"name": "Michihe", "lga": "Katsina-Ala", "state": "be"}}, {"type": "Feature", "geometry": {"type": "Polygon", "coordinates": [[[9.10676, 7.2394], [9.105, 7.23316], [9.1039, 7.20939], [9.06246, 7.22466], [9.06104, 7.22737], [9.05833, 7.22998], [9.05251, 7.23638], [9.04641, 7.23947], [9.03626, 7.24729], [9.02777, 7.24732], [9.02188, 7.24506], [9.00528, 7.24251], [9.00298, 7.24499], [9.00205, 7.24615], [8.99798, 7.26006], [9.01775, 7.26867], [9.01956, 7.27588], [9.02365, 7.28054], [9.03031, 7.28457], [9.03248, 7.29306], [9.03697, 7.30037], [9.03294, 7.30507], [9.0314, 7.30614], [9.02998, 7.30747], [9.03028, 7.3093], [9.02832, 7.31432], [9.02831, 7.31624], [9.02898, 7.3183], [9.03095, 7.31988], [9.03305, 7.32064], [9.03369, 7.32229], [9.03514, 7.32409], [9.0352, 7.32621], [9.03832, 7.32714], [9.04062, 7.32772], [9.04309, 7.32799], [9.03954, 7.34362], [9.04739, 7.34032], [9.04836, 7.34019], [9.05048, 7.34026], [9.05149, 7.34045], [9.05198, 7.33976], [9.05207, 7.33885], [9.05233, 7.33846], [9.05713, 7.339], [9.05997, 7.34168], [9.06098, 7.34267], [9.06571, 7.3417], [9.07539, 7.33997], [9.08274, 7.33843], [9.08822, 7.34311], [9.09828, 7.35333], [9.09706, 7.35563], [9.09501, 7.35986], [9.08044, 7.3665], [9.06666, 7.36879], [9.07205, 7.37404], [9.0818, 7.38346], [9.09006, 7.38767], [9.0972, 7.39336], [9.10368, 7.39481], [9.10387, 7.40437], [9.11206, 7.41672], [9.13155, 7.40611], [9.1338, 7.39555], [9.12457, 7.38814], [9.12618, 7.38228], [9.13656, 7.37373], [9.13958, 7.36505], [9.14156, 7.3596], [9.13964, 7.35395], [9.13398, 7.34829], [9.12995, 7.34544], [9.1206, 7.34087], [9.10986, 7.34077], [9.10299, 7.3369], [9.09904, 7.33204], [9.10155, 7.3241], [9.11126, 7.31514], [9.11356, 7.31146], [9.11663, 7.30749], [9.11836, 7.29868], [9.12151, 7.29133], [9.11983, 7.28141], [9.11271, 7.2701], [9.11016, 7.26329], [9.10793, 7.25796], [9.10507, 7.25016], [9.10676, 7.2394]]]}, "properties": {"name": "Mbakpegh", "lga": "Gboko", "state": "be"}}, {"type": "Feature", "geometry": {"type": "Polygon", "coordinates": [[[9.17271, 6.72551], [9.1849, 6.74505], [9.1841, 6.75233], [9.18259, 6.75813], [9.18511, 6.75909], [9.19382, 6.75773], [9.20163, 6.76343], [9.20683, 6.7674], [9.21217, 6.77013], [9.21925, 6.7591], [9.22339, 6.75789], [9.23368, 6.74961], [9.24139, 6.74308], [9.24204, 6.72941], [9.23764, 6.71443], [9.23725, 6.71204], [9.22831, 6.7091], [9.21573, 6.70575], [9.19283, 6.69442], [9.18483, 6.69333], [9.17643, 6.7106], [9.17433, 6.71813], [9.17435, 6.72167], [9.17271, 6.72551]]]}, "properties": {"name": "Tondov L", "lga": "Kwande", "state": "be"}}, {"type": "Feature", "geometry": {"type": "Polygon", "coordinates": [[[8.81229, 7.34892], [8.81236, 7.34908], [8.8182, 7.36485], [8.82807, 7.37316], [8.83299, 7.37085], [8.8469, 7.37468], [8.85334, 7.37511], [8.86226, 7.38115], [8.86976, 7.3806], [8.87497, 7.37903], [8.8784, 7.37428], [8.88407, 7.36791], [8.88429, 7.36106], [8.8892, 7.35557], [8.90567, 7.35191], [8.90834, 7.34441], [8.91026, 7.33974], [8.91052, 7.33507], [8.91842, 7.33058], [8.92186, 7.30347], [8.92091, 7.29834], [8.92367, 7.28866], [8.92618, 7.27456], [8.90367, 7.27628], [8.89923, 7.27071], [8.89474, 7.26982], [8.88105, 7.2892], [8.86932, 7.29647], [8.85251, 7.29848], [8.84098, 7.30142], [8.83343, 7.30091], [8.82208, 7.3071], [8.81675, 7.31468], [8.82186, 7.3291], [8.82177, 7.34031], [8.81229, 7.34892]]]}, "properties": {"name": "Mbatan", "lga": "Gboko", "state": "be"}}, {"type": "Feature", "geometry": {"type": "Polygon", "coordinates": [[[8.36542, 7.0022], [8.36079, 7.01421], [8.35673, 7.01631], [8.35508, 7.01769], [8.33945, 7.02404], [8.34024, 7.02919], [8.34126, 7.05064], [8.35401, 7.04173], [8.35982, 7.04152], [8.37043, 7.04507], [8.37511, 7.04644], [8.38754, 7.0472], [8.39346, 7.04567], [8.40098, 7.04595], [8.40865, 7.04528], [8.41528, 7.04591], [8.41539, 7.04523], [8.42403, 7.02262], [8.42371, 7.01542], [8.43246, 7.00613], [8.40634, 6.9877], [8.40996, 6.99801], [8.41102, 7.00732], [8.40326, 7.01149], [8.40129, 7.00964], [8.39819, 7.00417], [8.38963, 6.99227], [8.36542, 7.0022]]]}, "properties": {"name": "Okwutungbe", "lga": "Obi", "state": "be"}}, {"type": "Feature", "geometry": {"type": "Polygon", "coordinates": [[[8.98708, 6.7362], [8.98939, 6.73393], [8.99568, 6.73656], [9.00674, 6.726], [9.01136, 6.72706], [9.02321, 6.73154], [9.03357, 6.73488], [9.04041, 6.74187], [9.04896, 6.74462], [9.05673, 6.74533], [9.06371, 6.74864], [9.06935, 6.75331], [9.0796, 6.75665], [9.09577, 6.75513], [9.10245, 6.7566], [9.11002, 6.75236], [9.11231, 6.74619], [9.11136, 6.7374], [9.116, 6.72953], [9.10564, 6.71844], [9.10628, 6.70725], [9.10633, 6.70397], [9.11047, 6.68448], [9.10841, 6.67855], [9.10684, 6.6788], [9.10422, 6.678], [9.09641, 6.67806], [9.09243, 6.67635], [9.0905, 6.66829], [9.08609, 6.66378], [9.08013, 6.6618], [9.0765, 6.66022], [9.05821, 6.65391], [9.05668, 6.65155], [9.05997, 6.64252], [9.05896, 6.64253], [9.04756, 6.64376], [9.03504, 6.64729], [9.03383, 6.64782], [9.02708, 6.65079], [9.02255, 6.65541], [9.01803, 6.66233], [8.99765, 6.68314], [8.9925, 6.69156], [8.99202, 6.69236], [8.98518, 6.69356], [8.98061, 6.69244], [8.97833, 6.69246], [8.97604, 6.69132], [8.97261, 6.69135], [8.97033, 6.69136], [8.96921, 6.69367], [8.96809, 6.69712], [8.96926, 6.70055], [8.97043, 6.70399], [8.97729, 6.71422], [8.97736, 6.71657], [8.98708, 6.7362]]]}, "properties": {"name": "Mbayongo", "lga": "Vandeikya", "state": "be"}}, {"type": "Feature", "geometry": {"type": "Polygon", "coordinates": [[[9.31563, 7.23886], [9.31257, 7.24056], [9.3095, 7.23848], [9.30474, 7.23677], [9.29713, 7.23677], [9.29427, 7.2362], [9.27124, 7.23601], [9.25125, 7.23791], [9.24728, 7.24139], [9.24635, 7.24328], [9.25368, 7.25311], [9.25706, 7.27335], [9.27353, 7.27873], [9.27812, 7.28503], [9.28854, 7.3043], [9.29243, 7.30974], [9.31136, 7.31799], [9.31393, 7.31866], [9.31755, 7.32099], [9.33232, 7.31951], [9.34588, 7.31807], [9.35459, 7.31603], [9.36063, 7.31039], [9.3626, 7.30285], [9.36277, 7.28792], [9.35164, 7.27352], [9.34313, 7.25468], [9.33871, 7.24733], [9.333, 7.23775], [9.32922, 7.23088], [9.32561, 7.21533], [9.32101, 7.2028], [9.31744, 7.19709], [9.29687, 7.1956], [9.29379, 7.19697], [9.31011, 7.20988], [9.3167, 7.2191], [9.31563, 7.23886]]]}, "properties": {"name": "Ikurav-Tiev 2", "lga": "Katsina-Ala", "state": "be"}}, {"type": "Feature", "geometry": {"type": "Polygon", "coordinates": [[[8.40284, 7.20561], [8.35792, 7.23414], [8.36475, 7.24648], [8.36734, 7.25782], [8.3637, 7.2667], [8.35722, 7.2757], [8.35454, 7.29153], [8.36161, 7.30091], [8.3662, 7.30699], [8.37777, 7.31272], [8.39291, 7.31794], [8.40455, 7.31342], [8.40459, 7.3101], [8.40829, 7.29906], [8.40282, 7.29102], [8.4277, 7.24598], [8.4263, 7.2446], [8.42428, 7.24076], [8.42086, 7.23526], [8.41585, 7.22286], [8.41088, 7.2146], [8.40931, 7.21015], [8.40284, 7.20561]]]}, "properties": {"name": "Mbayom", "lga": "Gwer East", "state": "be"}}, {"type": "Feature", "geometry": {"type": "Polygon", "coordinates": [[[8.24894, 7.10944], [8.25612, 7.12604], [8.25749, 7.12597], [8.30561, 7.12502], [8.32008, 7.13014], [8.33839, 7.11555], [8.33853, 7.11481], [8.34168, 7.09042], [8.34148, 7.0838], [8.33961, 7.07602], [8.33743, 7.06912], [8.33204, 7.06153], [8.32118, 7.05685], [8.31609, 7.05623], [8.31426, 7.05509], [8.29418, 7.05962], [8.28857, 7.05847], [8.28452, 7.06114], [8.27688, 7.06817], [8.28113, 7.07992], [8.24894, 7.10944]]]}, "properties": {"name": "Odiapa", "lga": "Obi", "state": "be"}}, {"type": "Feature", "geometry": {"type": "Polygon", "coordinates": [[[9.18259, 6.75813], [9.1841, 6.75233], [9.1849, 6.74505], [9.17271, 6.72551], [9.16631, 6.73196], [9.15276, 6.73216], [9.14368, 6.72619], [9.13042, 6.72381], [9.11832, 6.72913], [9.116, 6.72953], [9.11136, 6.7374], [9.11231, 6.74619], [9.11002, 6.75236], [9.10245, 6.7566], [9.09577, 6.75513], [9.0796, 6.75665], [9.06935, 6.75331], [9.06914, 6.7596], [9.07635, 6.77131], [9.07906, 6.77256], [9.08367, 6.77577], [9.09007, 6.77821], [9.09136, 6.78078], [9.08854, 6.78729], [9.08471, 6.78853], [9.07992, 6.78834], [9.07424, 6.79006], [9.07211, 6.79117], [9.07053, 6.79382], [9.0674, 6.79631], [9.06746, 6.79841], [9.07015, 6.80203], [9.06978, 6.80483], [9.06291, 6.80591], [9.06014, 6.80906], [9.05942, 6.81643], [9.05757, 6.81727], [9.05442, 6.83221], [9.04654, 6.83999], [9.03768, 6.84508], [9.03514, 6.84761], [9.03437, 6.8522], [9.03032, 6.86226], [9.03816, 6.87953], [9.04577, 6.87581], [9.05043, 6.87068], [9.05902, 6.86694], [9.06754, 6.85984], [9.07244, 6.85944], [9.08062, 6.86289], [9.08944, 6.8666], [9.09638, 6.86595], [9.10432, 6.84904], [9.10762, 6.85037], [9.11001, 6.85147], [9.12284, 6.83227], [9.12453, 6.8312], [9.12748, 6.82896], [9.1306, 6.82637], [9.12706, 6.82309], [9.12135, 6.82047], [9.11683, 6.81268], [9.12171, 6.80665], [9.12267, 6.80021], [9.12338, 6.7951], [9.12061, 6.78853], [9.12064, 6.78429], [9.12201, 6.77143], [9.12743, 6.7689], [9.13364, 6.76929], [9.14415, 6.76801], [9.14945, 6.76726], [9.15409, 6.76629], [9.16935, 6.76561], [9.17581, 6.76035], [9.18259, 6.75813]]]}, "properties": {"name": "Mbagbera", "lga": "Vandeikya", "state": "be"}}, {"type": "Feature", "geometry": {"type": "Polygon", "coordinates": [[[8.13031, 7.2166], [8.12064, 7.21048], [8.12806, 7.20328], [8.12692, 7.20275], [8.12621, 7.2024], [8.1255, 7.19773], [8.12224, 7.19647], [8.12172, 7.19336], [8.11494, 7.19503], [8.10651, 7.19436], [8.086, 7.1717], [8.07799, 7.16621], [8.07641, 7.16615], [8.07446, 7.16696], [8.07397, 7.18286], [8.07457, 7.18894], [8.07457, 7.19136], [8.06851, 7.19651], [8.07276, 7.19793], [8.07554, 7.19902], [8.077, 7.19988], [8.08308, 7.20504], [8.08459, 7.20654], [8.08821, 7.21175], [8.0892, 7.21272], [8.09689, 7.21597], [8.10198, 7.21794], [8.10458, 7.22469], [8.10012, 7.22673], [8.09782, 7.22744], [8.08334, 7.24607], [8.09208, 7.24972], [8.09511, 7.24233], [8.09564, 7.24163], [8.09731, 7.24128], [8.09839, 7.24034], [8.10044, 7.23437], [8.10156, 7.23455], [8.10274, 7.23408], [8.10357, 7.23303], [8.10418, 7.23206], [8.10504, 7.23172], [8.10653, 7.23178], [8.10814, 7.23263], [8.10933, 7.23452], [8.10988, 7.23585], [8.11123, 7.23655], [8.11285, 7.23682], [8.11385, 7.23809], [8.11827, 7.23844], [8.11914, 7.23991], [8.12657, 7.23803], [8.1271, 7.23546], [8.136, 7.22421], [8.13031, 7.2166]]]}, "properties": {"name": "Township 3", "lga": "Oturkpo", "state": "be"}}, {"type": "Feature", "geometry": {"type": "Polygon", "coordinates": [[[8.08677, 6.96915], [8.08816, 6.96982], [8.09858, 6.97218], [8.10509, 6.97506], [8.12589, 6.97771], [8.14948, 6.98145], [8.16457, 6.98617], [8.1667, 6.98178], [8.17102, 6.97443], [8.18232, 6.95873], [8.18558, 6.95109], [8.19192, 6.93945], [8.19748, 6.90893], [8.19267, 6.90107], [8.16728, 6.89694], [8.12348, 6.89606], [8.09837, 6.90978], [8.09465, 6.91867], [8.07838, 6.92764], [8.07466, 6.93752], [8.07509, 6.94004], [8.07204, 6.94701], [8.07342, 6.95955], [8.07828, 6.97183], [8.08677, 6.96915]]]}, "properties": {"name": "Royongo", "lga": "Ado", "state": "be"}}, {"type": "Feature", "geometry": {"type": "Polygon", "coordinates": [[[9.5343, 7.01343], [9.53272, 7.00773], [9.52157, 7.00227], [9.52143, 6.99674], [9.52361, 6.98955], [9.53141, 6.98686], [9.53883, 6.98445], [9.54342, 6.98186], [9.54446, 6.97837], [9.54201, 6.97522], [9.53573, 6.97281], [9.52919, 6.97081], [9.52511, 6.96938], [9.52441, 6.96608], [9.52699, 6.96271], [9.53425, 6.96143], [9.5379, 6.95854], [9.53745, 6.95378], [9.53306, 6.94905], [9.52444, 6.94271], [9.52106, 6.93765], [9.51388, 6.93759], [9.50386, 6.93479], [9.49527, 6.93579], [9.48368, 6.93043], [9.48647, 6.92658], [9.48713, 6.92326], [9.48749, 6.91503], [9.48788, 6.91255], [9.46202, 6.90316], [9.43276, 6.89989], [9.42762, 6.90448], [9.41949, 6.91163], [9.4106, 6.92341], [9.39221, 6.93624], [9.3718, 6.94431], [9.36059, 6.95026], [9.34486, 6.94846], [9.34836, 6.95974], [9.34742, 6.96303], [9.34629, 6.96644], [9.34305, 6.96944], [9.34265, 6.97058], [9.34244, 6.97271], [9.32901, 6.98346], [9.31969, 6.98613], [9.31922, 6.98747], [9.31884, 6.98819], [9.31684, 6.99054], [9.32116, 6.99648], [9.32267, 6.99723], [9.32371, 6.99835], [9.32455, 6.9987], [9.32419, 6.9997], [9.32337, 7.00015], [9.32137, 6.99978], [9.32083, 7.00019], [9.32041, 7.0008], [9.32086, 7.00164], [9.32045, 7.00256], [9.31914, 7.0031], [9.31831, 7.0036], [9.32541, 7.00912], [9.32541, 7.01061], [9.32557, 7.012], [9.32502, 7.01309], [9.32369, 7.01474], [9.32342, 7.01577], [9.32414, 7.01743], [9.32487, 7.01797], [9.32482, 7.01895], [9.32419, 7.02123], [9.32432, 7.02304], [9.32325, 7.02632], [9.32227, 7.03007], [9.32643, 7.03161], [9.32795, 7.03202], [9.33203, 7.03681], [9.33186, 7.04041], [9.3336, 7.04257], [9.33669, 7.04545], [9.34017, 7.04939], [9.34344, 7.05066], [9.34668, 7.05339], [9.34868, 7.05473], [9.35058, 7.05518], [9.35223, 7.05515], [9.3529, 7.0571], [9.35514, 7.06085], [9.35465, 7.06286], [9.35459, 7.06466], [9.35539, 7.06636], [9.35655, 7.06686], [9.35688, 7.06814], [9.35558, 7.07144], [9.35302, 7.07278], [9.35167, 7.07403], [9.35317, 7.07992], [9.35436, 7.08355], [9.38562, 7.07404], [9.39079, 7.06565], [9.39477, 7.04963], [9.4, 7.04899], [9.41019, 7.05901], [9.4155, 7.06711], [9.41965, 7.06944], [9.42354, 7.06936], [9.4279, 7.06484], [9.43293, 7.06474], [9.44133, 7.069], [9.44646, 7.0672], [9.45054, 7.06737], [9.45759, 7.07623], [9.46424, 7.08194], [9.4678, 7.08251], [9.47238, 7.07999], [9.47323, 7.0685], [9.47239, 7.05899], [9.47468, 7.05265], [9.47753, 7.05065], [9.47871, 7.04073], [9.47835, 7.03581], [9.48296, 7.02928], [9.48638, 7.02891], [9.49059, 7.03151], [9.49414, 7.03877], [9.50027, 7.04131], [9.50771, 7.04016], [9.51239, 7.03905], [9.52013, 7.03767], [9.52633, 7.03362], [9.52998, 7.02642], [9.5343, 7.01343]]]}, "properties": {"name": "Kumakwagh", "lga": "Kwande", "state": "be"}}, {"type": "Feature", "geometry": {"type": "Polygon", "coordinates": [[[9.19582, 6.84014], [9.18937, 6.83565], [9.18454, 6.82181], [9.17768, 6.81311], [9.15769, 6.82769], [9.1638, 6.8301], [9.1717, 6.84029], [9.17227, 6.84537], [9.17636, 6.85101], [9.18142, 6.85963], [9.18507, 6.86864], [9.1873, 6.87012], [9.18367, 6.90947], [9.18956, 6.90805], [9.19093, 6.90006], [9.19557, 6.89712], [9.19692, 6.89434], [9.19881, 6.89483], [9.20047, 6.89463], [9.20166, 6.89414], [9.20645, 6.89165], [9.20811, 6.89096], [9.21026, 6.89079], [9.21437, 6.89146], [9.22015, 6.89258], [9.23415, 6.8971], [9.23891, 6.90679], [9.24328, 6.91093], [9.2448, 6.91247], [9.25333, 6.9004], [9.25503, 6.89793], [9.25636, 6.89927], [9.25756, 6.90025], [9.26132, 6.90227], [9.26168, 6.89775], [9.26253, 6.89274], [9.2614, 6.8902], [9.26055, 6.88788], [9.2588, 6.88221], [9.25733, 6.88331], [9.25154, 6.88457], [9.24936, 6.88452], [9.24723, 6.8834], [9.24522, 6.88208], [9.24447, 6.88038], [9.24362, 6.87962], [9.24111, 6.87918], [9.23963, 6.87814], [9.23909, 6.87871], [9.23923, 6.87944], [9.24013, 6.87997], [9.24087, 6.88045], [9.24095, 6.8869], [9.24088, 6.88837], [9.23763, 6.88864], [9.236, 6.88874], [9.23449, 6.88907], [9.23005, 6.87619], [9.22888, 6.86683], [9.22851, 6.86296], [9.22844, 6.86111], [9.22613, 6.85916], [9.22478, 6.85784], [9.2238, 6.8564], [9.20907, 6.85038], [9.20612, 6.84842], [9.20118, 6.84578], [9.19751, 6.84286], [9.19582, 6.84014]]]}, "properties": {"name": "Township", "lga": "Kwande", "state": "be"}}, {"type": "Feature", "geometry": {"type": "Polygon", "coordinates": [[[7.9757, 6.71241], [7.96566, 6.7211], [7.95992, 6.73275], [7.9609, 6.73624], [7.96338, 6.73788], [7.96763, 6.73995], [7.97419, 6.74524], [7.98529, 6.74702], [7.99513, 6.7534], [7.99045, 6.76057], [7.9903, 6.76277], [7.98863, 6.76639], [7.9864, 6.76821], [7.98411, 6.76993], [7.9841, 6.77171], [7.98397, 6.77325], [7.98425, 6.77487], [7.9855, 6.7764], [7.98864, 6.77774], [7.99094, 6.77868], [7.99256, 6.77825], [7.99591, 6.77958], [7.99909, 6.77855], [8.00261, 6.78006], [8.00756, 6.78126], [8.01209, 6.78162], [8.01939, 6.77983], [8.01833, 6.78355], [8.01843, 6.78623], [8.02104, 6.79364], [8.03066, 6.80053], [8.03605, 6.7984], [8.04929, 6.77864], [8.05318, 6.77366], [8.05894, 6.76704], [8.0711, 6.76961], [8.07561, 6.76654], [8.0772, 6.76535], [8.0767, 6.76197], [8.07343, 6.75695], [8.07546, 6.74781], [8.07732, 6.74346], [8.08307, 6.7397], [8.08531, 6.73524], [8.08525, 6.71221], [8.07957, 6.71315], [8.07539, 6.71385], [8.06245, 6.72016], [8.04627, 6.72727], [8.03199, 6.73246], [8.02, 6.7333], [8.00933, 6.72502], [7.98726, 6.7217], [7.98443, 6.72046], [7.9757, 6.71241]]]}, "properties": {"name": "Ulayi", "lga": "Ado", "state": "be"}}, {"type": "Feature", "geometry": {"type": "Polygon", "coordinates": [[[7.86798, 7.59483], [7.86263, 7.58176], [7.86085, 7.57106], [7.85605, 7.55971], [7.85875, 7.55903], [7.86161, 7.5576], [7.86366, 7.55159], [7.86358, 7.53732], [7.85919, 7.52033], [7.84693, 7.50503], [7.83729, 7.50931], [7.81552, 7.51538], [7.80374, 7.51966], [7.78589, 7.52537], [7.75578, 7.53039], [7.73741, 7.53908], [7.73777, 7.5672], [7.73668, 7.57819], [7.77337, 7.58094], [7.82382, 7.59146], [7.84434, 7.59659], [7.85288, 7.59287], [7.86156, 7.59188], [7.86798, 7.59483]]]}, "properties": {"name": "Oba", "lga": "Apa", "state": "be"}}]}