{"type": "FeatureCollection", "features": [{"type": "Feature", "geometry": {"type": "Polygon", "coordinates": [[[5.49662, 5.17836], [5.49792, 5.17736], [5.51989, 5.18297], [5.58, 5.20432], [5.58073, 5.20025], [5.58358, 5.19204], [5.5843, 5.1874], [5.58501, 5.17634], [5.58608, 5.17313], [5.58608, 5.15956], [5.59072, 5.12851], [5.59036, 5.11495], [5.58929, 5.10745], [5.58644, 5.09389], [5.58572, 5.08104], [5.58465, 5.0714], [5.58257, 5.06803], [5.58224, 5.06108], [5.5846, 5.05525], [5.5693, 5.05629], [5.55086, 5.0556], [5.5446, 5.05803], [5.53313, 5.0629], [5.52409, 5.06881], [5.51761, 5.0793], [5.51678, 5.08064], [5.51157, 5.08829], [5.50287, 5.09246], [5.49383, 5.09176], [5.48685, 5.09065], [5.47611, 5.09089], [5.46793, 5.09324], [5.46465, 5.09757], [5.46659, 5.10804], [5.46923, 5.11683], [5.46603, 5.12158], [5.46159, 5.12475], [5.45465, 5.12668], [5.44839, 5.13369], [5.44767, 5.13869], [5.44386, 5.14674], [5.45079, 5.14779], [5.45784, 5.1503], [5.46283, 5.15432], [5.46547, 5.1613], [5.46795, 5.16709], [5.47057, 5.16974], [5.47116, 5.17073], [5.47143, 5.17284], [5.47152, 5.17435], [5.47188, 5.17576], [5.47322, 5.1759], [5.4762, 5.17388], [5.47798, 5.17272], [5.48017, 5.17419], [5.47989, 5.17629], [5.4796, 5.17908], [5.4798, 5.18291], [5.48161, 5.185], [5.48403, 5.18403], [5.48481, 5.18135], [5.48568, 5.18022], [5.4899, 5.1836], [5.49662, 5.17836]]]}, "properties": {"name": "Ojobo", "lga": "Burutu", "state": "de"}}, {"type": "Feature", "geometry": {"type": "Polygon", "coordinates": [[[6.20031, 6.23309], [6.19633, 6.2434], [6.2012, 6.24349], [6.20923, 6.24371], [6.212, 6.24384], [6.21239, 6.24252], [6.2132, 6.23891], [6.22375, 6.24081], [6.22187, 6.23421], [6.20031, 6.23309]]]}, "properties": {"name": "Owa-Alero / Owa 2", "lga": "Ika North East", "state": "de"}}, {"type": "Feature", "geometry": {"type": "Polygon", "coordinates": [[[6.1993, 6.25048], [6.20727, 6.24772], [6.21143, 6.24625], [6.212, 6.24384], [6.20923, 6.24371], [6.2012, 6.24349], [6.19633, 6.2434], [6.18664, 6.247], [6.1868, 6.24809], [6.1877, 6.24915], [6.18835, 6.25104], [6.1881, 6.25237], [6.18811, 6.25416], [6.18834, 6.2556], [6.19159, 6.25457], [6.19125, 6.25334], [6.19413, 6.25253], [6.1993, 6.25048]]]}, "properties": {"name": "Owanta / Owa  5", "lga": "Ika North East", "state": "de"}}, {"type": "Feature", "geometry": {"type": "Polygon", "coordinates": [[[6.21268, 6.25547], [6.2153, 6.24969], [6.21143, 6.24625], [6.19125, 6.25334], [6.19159, 6.25457], [6.19507, 6.25349], [6.19976, 6.25349], [6.20481, 6.25369], [6.20823, 6.25383], [6.21268, 6.25547]]]}, "properties": {"name": "Boji-Boji Owa 2 / Owa 4", "lga": "Ika North East", "state": "de"}}, {"type": "Feature", "geometry": {"type": "Polygon", "coordinates": [[[5.68876, 5.88597], [5.68546, 5.88738], [5.6881, 5.89351], [5.68816, 5.89606], [5.69043, 5.896], [5.69151, 5.89697], [5.6929, 5.89869], [5.69527, 5.8946], [5.69571, 5.89183], [5.69881, 5.89075], [5.69859, 5.88975], [5.70036, 5.88757], [5.69764, 5.88292], [5.69712, 5.88231], [5.69657, 5.88211], [5.69698, 5.88075], [5.69746, 5.87962], [5.6964, 5.87891], [5.69549, 5.87812], [5.69519, 5.87759], [5.69492, 5.87597], [5.6941, 5.87439], [5.68815, 5.87806], [5.68602, 5.87957], [5.68876, 5.88597]]]}, "properties": {"name": "Ayomanor", "lga": "Sapele", "state": "de"}}, {"type": "Feature", "geometry": {"type": "Polygon", "coordinates": [[[5.66886, 5.89639], [5.6692, 5.89723], [5.67116, 5.90173], [5.67282, 5.90567], [5.67423, 5.90651], [5.67725, 5.90426], [5.67816, 5.90442], [5.68056, 5.90471], [5.68065, 5.90625], [5.68183, 5.90378], [5.69194, 5.90218], [5.6929, 5.89869], [5.69151, 5.89697], [5.69043, 5.896], [5.68816, 5.89606], [5.6881, 5.89351], [5.68546, 5.88738], [5.66825, 5.89493], [5.66886, 5.89639]]]}, "properties": {"name": "Etamua", "lga": "Sapele", "state": "de"}}, {"type": "Feature", "geometry": {"type": "Polygon", "coordinates": [[[6.72488, 6.18847], [6.72636, 6.18954], [6.73033, 6.19308], [6.73156, 6.19435], [6.73203, 6.1975], [6.73277, 6.19893], [6.73353, 6.19982], [6.73465, 6.20086], [6.73711, 6.19938], [6.7379, 6.19823], [6.74464, 6.20242], [6.74617, 6.20413], [6.7512, 6.19652], [6.74902, 6.19514], [6.74791, 6.19396], [6.74798, 6.19344], [6.74651, 6.19103], [6.74413, 6.18732], [6.7451, 6.18533], [6.74594, 6.18352], [6.74687, 6.18132], [6.74822, 6.17594], [6.74825, 6.17271], [6.74686, 6.17485], [6.74328, 6.17729], [6.72488, 6.18847]]]}, "properties": {"name": "Umuezei", "lga": "Oshimili South", "state": "de"}}, {"type": "Feature", "geometry": {"type": "Polygon", "coordinates": [[[6.60765, 6.17058], [6.6082, 6.17496], [6.61016, 6.19301], [6.61261, 6.1961], [6.61474, 6.19879], [6.62075, 6.19284], [6.62462, 6.18615], [6.62622, 6.18622], [6.6301, 6.18583], [6.63667, 6.18526], [6.6382, 6.18462], [6.63992, 6.18357], [6.64101, 6.18332], [6.64186, 6.18336], [6.6449, 6.1838], [6.63744, 6.17167], [6.63726, 6.1706], [6.63738, 6.16985], [6.63577, 6.16984], [6.63475, 6.16991], [6.63402, 6.17008], [6.63318, 6.17043], [6.6311, 6.17169], [6.63035, 6.17218], [6.62804, 6.17768], [6.60765, 6.17058]]]}, "properties": {"name": "Ogbowele", "lga": "Oshimili North", "state": "de"}}, {"type": "Feature", "geometry": {"type": "Polygon", "coordinates": [[[6.74825, 6.17271], [6.7499, 6.17255], [6.76002, 6.17598], [6.76866, 6.16582], [6.73589, 6.15846], [6.72886, 6.15802], [6.72343, 6.16036], [6.71777, 6.17454], [6.73354, 6.17743], [6.73581, 6.1818], [6.73841, 6.18023], [6.74328, 6.17729], [6.74686, 6.17485], [6.74825, 6.17271]]]}, "properties": {"name": "Okwe", "lga": "Oshimili South", "state": "de"}}, {"type": "Feature", "geometry": {"type": "Polygon", "coordinates": [[[5.80334, 5.57838], [5.80005, 5.5734], [5.80477, 5.57235], [5.80886, 5.57067], [5.81133, 5.5693], [5.8144, 5.56714], [5.81677, 5.56518], [5.81957, 5.56196], [5.81554, 5.55719], [5.81325, 5.55477], [5.81182, 5.55098], [5.81048, 5.54836], [5.80797, 5.54828], [5.80535, 5.55006], [5.80321, 5.55091], [5.80098, 5.55033], [5.79856, 5.54845], [5.79537, 5.54845], [5.79348, 5.55006], [5.7913, 5.55256], [5.79328, 5.55343], [5.79325, 5.5548], [5.79308, 5.55636], [5.79321, 5.55781], [5.79162, 5.55756], [5.78919, 5.55654], [5.78659, 5.55532], [5.78475, 5.5563], [5.78613, 5.55918], [5.784, 5.57263], [5.78391, 5.57447], [5.7881, 5.5758], [5.78995, 5.57989], [5.79219, 5.5783], [5.79493, 5.57783], [5.80334, 5.57838]]]}, "properties": {"name": "Alaka", "lga": "Uvwie", "state": "de"}}, {"type": "Feature", "geometry": {"type": "Polygon", "coordinates": [[[5.78475, 5.5563], [5.78331, 5.55357], [5.78149, 5.55125], [5.77992, 5.54738], [5.77543, 5.54712], [5.77371, 5.54652], [5.77297, 5.54604], [5.77245, 5.54681], [5.77063, 5.54748], [5.77049, 5.54809], [5.76987, 5.54886], [5.76997, 5.55015], [5.76736, 5.55174], [5.76284, 5.55249], [5.76067, 5.55387], [5.76591, 5.55808], [5.76622, 5.55851], [5.76727, 5.56077], [5.76715, 5.5627], [5.77034, 5.56203], [5.77344, 5.56131], [5.77456, 5.56084], [5.78163, 5.55587], [5.7825, 5.55587], [5.7836, 5.55646], [5.78475, 5.5563]]]}, "properties": {"name": "Ugborikoko", "lga": "Uvwie", "state": "de"}}, {"type": "Feature", "geometry": {"type": "Polygon", "coordinates": [[[5.77344, 5.52778], [5.77736, 5.5336], [5.77773, 5.53549], [5.77803, 5.53744], [5.77838, 5.53842], [5.77829, 5.53942], [5.77741, 5.54124], [5.78264, 5.54238], [5.78596, 5.53615], [5.78639, 5.5356], [5.78773, 5.53521], [5.78757, 5.5344], [5.78689, 5.53277], [5.77816, 5.5273], [5.77344, 5.52778]]]}, "properties": {"name": "Enerhen 3", "lga": "Uvwie", "state": "de"}}, {"type": "Feature", "geometry": {"type": "Polygon", "coordinates": [[[5.75602, 5.5196], [5.75782, 5.51601], [5.75749, 5.51201], [5.75748, 5.51186], [5.75737, 5.51026], [5.75482, 5.51045], [5.754, 5.50974], [5.75206, 5.51174], [5.75032, 5.51081], [5.74912, 5.51016], [5.74843, 5.51096], [5.74755, 5.5124], [5.74753, 5.51397], [5.74968, 5.51422], [5.74818, 5.51746], [5.74978, 5.51827], [5.75196, 5.51758], [5.75602, 5.5196]]]}, "properties": {"name": "Bowen", "lga": "Warri South", "state": "de"}}, {"type": "Feature", "geometry": {"type": "Polygon", "coordinates": [[[5.73191, 5.5593], [5.73152, 5.56128], [5.73072, 5.56406], [5.73049, 5.5669], [5.73161, 5.56963], [5.73339, 5.57148], [5.73541, 5.57247], [5.75514, 5.57278], [5.784, 5.57263], [5.78613, 5.55918], [5.78475, 5.5563], [5.7836, 5.55646], [5.7825, 5.55587], [5.78163, 5.55587], [5.77456, 5.56084], [5.76049, 5.56553], [5.75032, 5.56305], [5.7461, 5.56235], [5.7437, 5.56243], [5.74305, 5.5529], [5.74104, 5.5534], [5.73834, 5.55541], [5.73482, 5.55728], [5.7317, 5.55697], [5.73191, 5.5593]]]}, "properties": {"name": "Ekpan 10", "lga": "Uvwie", "state": "de"}}, {"type": "Feature", "geometry": {"type": "Polygon", "coordinates": [[[5.75958, 5.52641], [5.75492, 5.52451], [5.7565, 5.51991], [5.75602, 5.5196], [5.75196, 5.51758], [5.74978, 5.51827], [5.74818, 5.51746], [5.74968, 5.51422], [5.74753, 5.51397], [5.74755, 5.5124], [5.74843, 5.51096], [5.74912, 5.51016], [5.74626, 5.50859], [5.74472, 5.50896], [5.74074, 5.51006], [5.73167, 5.51335], [5.73199, 5.51346], [5.73208, 5.51755], [5.73391, 5.52109], [5.73745, 5.52424], [5.74059, 5.52438], [5.74031, 5.526], [5.74133, 5.52905], [5.73989, 5.52939], [5.73759, 5.52872], [5.73618, 5.52895], [5.73579, 5.52918], [5.73516, 5.53036], [5.73993, 5.53167], [5.74144, 5.5304], [5.74395, 5.52957], [5.74663, 5.52924], [5.74665, 5.52925], [5.75958, 5.52641]]]}, "properties": {"name": "Okere", "lga": "Warri South", "state": "de"}}, {"type": "Feature", "geometry": {"type": "Polygon", "coordinates": [[[5.10636, 5.81493], [5.08924, 5.80105], [5.06784, 5.76669], [5.04083, 5.78273], [5.02604, 5.8179], [5.00924, 5.84468], [5, 5.8575], [4.97678, 5.88774], [4.98278, 5.89574], [4.98448, 5.89661], [4.98549, 5.89596], [4.98558, 5.89777], [4.98438, 5.89928], [4.99736, 5.91888], [5.01044, 5.91382], [5.01332, 5.91589], [5.01509, 5.91366], [5.02292, 5.91391], [5.03927, 5.91412], [5.05423, 5.9142], [5.09374, 5.86241], [5.098, 5.84936], [5.10273, 5.83483], [5.10635, 5.82182], [5.10636, 5.81493]]]}, "properties": {"name": "Ogheye", "lga": "Warri North", "state": "de"}}, {"type": "Feature", "geometry": {"type": "Polygon", "coordinates": [[[5.10636, 5.81493], [5.12548, 5.81488], [5.1433, 5.80248], [5.15069, 5.77736], [5.15597, 5.76931], [5.15375, 5.75431], [5.14258, 5.75395], [5.13425, 5.75574], [5.1286, 5.75811], [5.12057, 5.76079], [5.11343, 5.76139], [5.10927, 5.76287], [5.09886, 5.76377], [5.09275, 5.76019], [5.08924, 5.75844], [5.08636, 5.75569], [5.08288, 5.75079], [5.0798, 5.74678], [5.06784, 5.76669], [5.08924, 5.80105], [5.10636, 5.81493]]]}, "properties": {"name": "Ogbinbiri", "lga": "Warri North", "state": "de"}}, {"type": "Feature", "geometry": {"type": "Polygon", "coordinates": [[[5.22489, 5.87991], [5.18377, 5.85787], [5.10636, 5.81493], [5.10635, 5.82182], [5.10273, 5.83483], [5.098, 5.84936], [5.09374, 5.86241], [5.05423, 5.9142], [5.03927, 5.91412], [5.02292, 5.91391], [5.01509, 5.91366], [5.01332, 5.91589], [5.01044, 5.91382], [4.99736, 5.91888], [5.01439, 5.94411], [5.01811, 5.95052], [5.02017, 5.95507], [5.03423, 5.98874], [5.03969, 6.00018], [5.04692, 6.01446], [5.06033, 5.99379], [5.06725, 5.98449], [5.07475, 5.97771], [5.07867, 5.97307], [5.08082, 5.96879], [5.10937, 5.93631], [5.16024, 5.94421], [5.16503, 5.94081], [5.16957, 5.93662], [5.17333, 5.93674], [5.17539, 5.94324], [5.18082, 5.94452], [5.18223, 5.93733], [5.18752, 5.93244], [5.19614, 5.92726], [5.20461, 5.92274], [5.2094, 5.91064], [5.2122, 5.88808], [5.22489, 5.87991]]]}, "properties": {"name": "Gbokoda", "lga": "Warri North", "state": "de"}}, {"type": "Feature", "geometry": {"type": "Polygon", "coordinates": [[[5.24625, 5.70653], [5.24864, 5.70681], [5.24972, 5.69342], [5.24695, 5.68182], [5.24378, 5.67406], [5.2468, 5.6492], [5.2472, 5.62202], [5.22816, 5.61934], [5.20526, 5.60596], [5.19128, 5.59585], [5.18099, 5.59204], [5.17014, 5.59384], [5.14965, 5.60918], [5.12146, 5.64324], [5.10395, 5.67816], [5.09133, 5.70036], [5.08447, 5.71303], [5.08984, 5.7137], [5.10203, 5.7137], [5.12226, 5.71489], [5.15319, 5.72024], [5.15706, 5.72054], [5.17193, 5.725], [5.17597, 5.72653], [5.18871, 5.72222], [5.19532, 5.71881], [5.20477, 5.71782], [5.21938, 5.70905], [5.22581, 5.70345], [5.22735, 5.69693], [5.22961, 5.69339], [5.23214, 5.69212], [5.23569, 5.69227], [5.23707, 5.69339], [5.23735, 5.69909], [5.23999, 5.70282], [5.24142, 5.70326], [5.24401, 5.70533], [5.24625, 5.70653]]]}, "properties": {"name": "Opuama", "lga": "Warri North", "state": "de"}}, {"type": "Feature", "geometry": {"type": "Polygon", "coordinates": [[[5.13425, 5.75574], [5.14258, 5.75395], [5.15375, 5.75431], [5.15708, 5.74875], [5.1607, 5.7468], [5.16597, 5.7468], [5.17431, 5.74931], [5.17708, 5.74764], [5.17597, 5.72653], [5.17193, 5.725], [5.15706, 5.72054], [5.15319, 5.72024], [5.12226, 5.71489], [5.10203, 5.7137], [5.08984, 5.7137], [5.08447, 5.71303], [5.08425, 5.7159], [5.08411, 5.71758], [5.08057, 5.72439], [5.08112, 5.73645], [5.0798, 5.74678], [5.08288, 5.75079], [5.08636, 5.75569], [5.08924, 5.75844], [5.09275, 5.76019], [5.09886, 5.76377], [5.10927, 5.76287], [5.11343, 5.76139], [5.12057, 5.76079], [5.1286, 5.75811], [5.13425, 5.75574]]]}, "properties": {"name": "Tsekelewu", "lga": "Warri North", "state": "de"}}, {"type": "Feature", "geometry": {"type": "Polygon", "coordinates": [[[5.3077, 5.87094], [5.30873, 5.86938], [5.31001, 5.8665], [5.30988, 5.86475], [5.30858, 5.86306], [5.30729, 5.86043], [5.30801, 5.85838], [5.31574, 5.85251], [5.31926, 5.8491], [5.32462, 5.84867], [5.33439, 5.84571], [5.33539, 5.84341], [5.33311, 5.84106], [5.33208, 5.83859], [5.33339, 5.83203], [5.33391, 5.82605], [5.33236, 5.8229], [5.32874, 5.82086], [5.32429, 5.82019], [5.32243, 5.8192], [5.32211, 5.81517], [5.32424, 5.81222], [5.32706, 5.81057], [5.32958, 5.80931], [5.34889, 5.81227], [5.35209, 5.81072], [5.35354, 5.80727], [5.35389, 5.8047], [5.34647, 5.80116], [5.33395, 5.7911], [5.33173, 5.78689], [5.33208, 5.78413], [5.33423, 5.77579], [5.33331, 5.76641], [5.33266, 5.7601], [5.34101, 5.74526], [5.33955, 5.7417], [5.33397, 5.73645], [5.32443, 5.72941], [5.32122, 5.72436], [5.32071, 5.72126], [5.32138, 5.70962], [5.30969, 5.66974], [5.30018, 5.63753], [5.30321, 5.62686], [5.30125, 5.61399], [5.2472, 5.62202], [5.2468, 5.6492], [5.24378, 5.67406], [5.24695, 5.68182], [5.24972, 5.69342], [5.24864, 5.70681], [5.23999, 5.70282], [5.23735, 5.69909], [5.23707, 5.69339], [5.23569, 5.69227], [5.23214, 5.69212], [5.22961, 5.69339], [5.22735, 5.69693], [5.22581, 5.70345], [5.21938, 5.70905], [5.20477, 5.71782], [5.19532, 5.71881], [5.18871, 5.72222], [5.17597, 5.72653], [5.17708, 5.74764], [5.17431, 5.74931], [5.16597, 5.7468], [5.1607, 5.7468], [5.15708, 5.74875], [5.15375, 5.75431], [5.15597, 5.76931], [5.15069, 5.77736], [5.1433, 5.80248], [5.12548, 5.81488], [5.10636, 5.81493], [5.18377, 5.85787], [5.22489, 5.87991], [5.23296, 5.87607], [5.23871, 5.87918], [5.26928, 5.90207], [5.27255, 5.91288], [5.27598, 5.90682], [5.29208, 5.90986], [5.29394, 5.90162], [5.29121, 5.89521], [5.29176, 5.8884], [5.29359, 5.88426], [5.29712, 5.8802], [5.30065, 5.88107], [5.30441, 5.88644], [5.30763, 5.88603], [5.31304, 5.88068], [5.31236, 5.8768], [5.30965, 5.87461], [5.3077, 5.87094]]]}, "properties": {"name": "Okbudugbudu", "lga": "Warri North", "state": "de"}}, {"type": "Feature", "geometry": {"type": "Polygon", "coordinates": [[[5.20095, 5.58494], [5.21385, 5.57912], [5.22847, 5.5755], [5.24144, 5.5746], [5.27215, 5.57489], [5.30962, 5.56751], [5.31914, 5.56694], [5.32359, 5.54394], [5.32525, 5.528], [5.32525, 5.52443], [5.32644, 5.51777], [5.32764, 5.51569], [5.32764, 5.51514], [5.33181, 5.51292], [5.33125, 5.50931], [5.33264, 5.50792], [5.33597, 5.50903], [5.33653, 5.51292], [5.33819, 5.51292], [5.33819, 5.51264], [5.33958, 5.51264], [5.33958, 5.50292], [5.34236, 5.50069], [5.34042, 5.49403], [5.34097, 5.49236], [5.34458, 5.48764], [5.35236, 5.48569], [5.35708, 5.47736], [5.35958, 5.47736], [5.35958, 5.47764], [5.35986, 5.47764], [5.36181, 5.48347], [5.37181, 5.48514], [5.37319, 5.48208], [5.37292, 5.47597], [5.37514, 5.4732], [5.38569, 5.47708], [5.39042, 5.47375], [5.39847, 5.47097], [5.40764, 5.45403], [5.41431, 5.41931], [5.41708, 5.41458], [5.43125, 5.4006], [5.41395, 5.40841], [5.37769, 5.42009], [5.36812, 5.42762], [5.34983, 5.43715], [5.30025, 5.46702], [5.26786, 5.46112], [5.25658, 5.46246], [5.24338, 5.45969], [5.23225, 5.45483], [5.22873, 5.45267], [5.22712, 5.45122], [5.20834, 5.4675], [5.17663, 5.51025], [5.15712, 5.53714], [5.15974, 5.54713], [5.16367, 5.55474], [5.17045, 5.55712], [5.17961, 5.5705], [5.19579, 5.58049], [5.19909, 5.58568], [5.20095, 5.58494]]]}, "properties": {"name": "Ogidigben", "lga": "Warri South-West", "state": "de"}}, {"type": "Feature", "geometry": {"type": "Polygon", "coordinates": [[[5.42163, 5.15251], [5.41244, 5.14953], [5.39721, 5.14214], [5.38801, 5.13898], [5.37264, 5.14561], [5.36038, 5.15855], [5.35265, 5.16792], [5.34574, 5.23136], [5.33042, 5.30014], [5.32003, 5.35481], [5.32057, 5.36443], [5.32471, 5.36651], [5.33688, 5.36122], [5.34773, 5.36346], [5.35173, 5.3633], [5.37048, 5.35665], [5.38546, 5.36079], [5.41583, 5.36492], [5.43182, 5.36607], [5.43263, 5.36274], [5.435, 5.36157], [5.43986, 5.35965], [5.45042, 5.3531], [5.45375, 5.3393], [5.45708, 5.33181], [5.46014, 5.32903], [5.46764, 5.32819], [5.47042, 5.32625], [5.47125, 5.32347], [5.47042, 5.31819], [5.4582, 5.31208], [5.45125, 5.30319], [5.45044, 5.29779], [5.44869, 5.29515], [5.41575, 5.26787], [5.40403, 5.25625], [5.40403, 5.25431], [5.40736, 5.24931], [5.40625, 5.24125], [5.40375, 5.23736], [5.40681, 5.23014], [5.40153, 5.22486], [5.40153, 5.22347], [5.40292, 5.21986], [5.41208, 5.21764], [5.40903, 5.20958], [5.41014, 5.20264], [5.41625, 5.19847], [5.42014, 5.19847], [5.42597, 5.19542], [5.43042, 5.19625], [5.43347, 5.2007], [5.43514, 5.2007], [5.44097, 5.19653], [5.44208, 5.19653], [5.45458, 5.19819], [5.4518, 5.18486], [5.45264, 5.17958], [5.45486, 5.17708], [5.46181, 5.17514], [5.46228, 5.16953], [5.46456, 5.16814], [5.46658, 5.16778], [5.46795, 5.16709], [5.46547, 5.1613], [5.46283, 5.15432], [5.45784, 5.1503], [5.45079, 5.14779], [5.44386, 5.14674], [5.4316, 5.15169], [5.42163, 5.15251]]]}, "properties": {"name": "Ogulagha", "lga": "Burutu", "state": "de"}}, {"type": "Feature", "geometry": {"type": "Polygon", "coordinates": [[[5.58218, 5.51445], [5.56647, 5.5167], [5.55556, 5.51874], [5.54069, 5.51874], [5.52433, 5.51339], [5.50976, 5.5009], [5.49944, 5.50023], [5.47958, 5.53208], [5.47819, 5.53847], [5.48069, 5.54153], [5.48764, 5.54181], [5.48958, 5.54181], [5.49208, 5.54264], [5.49208, 5.54375], [5.48875, 5.54986], [5.49097, 5.55903], [5.49347, 5.56708], [5.49681, 5.57153], [5.50236, 5.57153], [5.50398, 5.57461], [5.50153, 5.57903], [5.50318, 5.58192], [5.50957, 5.58782], [5.51629, 5.59162], [5.5241, 5.5855], [5.53434, 5.57726], [5.54254, 5.56901], [5.54531, 5.55794], [5.5501, 5.54965], [5.55898, 5.54071], [5.56785, 5.53524], [5.58218, 5.51445]]]}, "properties": {"name": "Okerenkoko", "lga": "Warri South-West", "state": "de"}}, {"type": "Feature", "geometry": {"type": "Polygon", "coordinates": [[[5.58904, 5.77941], [5.5983, 5.7811], [5.60417, 5.77317], [5.60129, 5.7663], [5.60045, 5.75733], [5.60003, 5.74559], [5.60154, 5.73911], [5.60173, 5.7368], [5.60143, 5.73243], [5.63308, 5.70655], [5.63941, 5.69798], [5.65062, 5.70068], [5.65896, 5.69203], [5.66716, 5.68378], [5.67604, 5.67484], [5.68559, 5.66798], [5.69242, 5.6618], [5.69649, 5.64701], [5.68022, 5.65129], [5.6559, 5.61434], [5.64865, 5.61451], [5.64151, 5.61042], [5.63942, 5.6029], [5.63672, 5.58922], [5.63627, 5.5755], [5.64577, 5.56691], [5.65451, 5.56797], [5.65888, 5.56616], [5.65622, 5.55458], [5.66009, 5.54599], [5.66257, 5.54194], [5.6578, 5.54044], [5.65379, 5.53448], [5.64741, 5.52838], [5.6385, 5.53269], [5.63756, 5.53749], [5.62998, 5.54373], [5.62037, 5.54521], [5.60981, 5.54394], [5.60352, 5.53617], [5.59996, 5.51672], [5.59582, 5.51906], [5.58218, 5.51445], [5.56785, 5.53524], [5.55898, 5.54071], [5.5501, 5.54965], [5.54531, 5.55794], [5.54254, 5.56901], [5.53434, 5.57726], [5.51056, 5.59611], [5.5075, 5.60667], [5.50361, 5.61639], [5.50111, 5.62055], [5.49778, 5.62417], [5.48573, 5.6312], [5.49324, 5.63756], [5.507, 5.64735], [5.51283, 5.65473], [5.51717, 5.66102], [5.51724, 5.67061], [5.52227, 5.68351], [5.52656, 5.69469], [5.52496, 5.70215], [5.52263, 5.70882], [5.51994, 5.71648], [5.51514, 5.72785], [5.50429, 5.73904], [5.50154, 5.75209], [5.50637, 5.76266], [5.51937, 5.75542], [5.52854, 5.75203], [5.54037, 5.75207], [5.54919, 5.7563], [5.54439, 5.76459], [5.5415, 5.77079], [5.54904, 5.77318], [5.55618, 5.77283], [5.56175, 5.77481], [5.56915, 5.77561], [5.57075, 5.77825], [5.57336, 5.77936], [5.57661, 5.78101], [5.58353, 5.78089], [5.58904, 5.77941]]]}, "properties": {"name": "Obodo", "lga": "Warri South", "state": "de"}}, {"type": "Feature", "geometry": {"type": "Polygon", "coordinates": [[[5.70135, 5.53405], [5.69316, 5.53476], [5.68403, 5.53229], [5.67108, 5.53838], [5.66257, 5.54194], [5.66009, 5.54599], [5.65622, 5.55458], [5.65888, 5.56616], [5.65451, 5.56797], [5.64577, 5.56691], [5.63627, 5.5755], [5.63672, 5.58922], [5.63942, 5.6029], [5.64151, 5.61042], [5.64865, 5.61451], [5.6559, 5.61434], [5.66477, 5.60886], [5.675, 5.60271], [5.6825, 5.59722], [5.69206, 5.58967], [5.7016, 5.58351], [5.70593, 5.58185], [5.71046, 5.58011], [5.72069, 5.57327], [5.73049, 5.5669], [5.73157, 5.55601], [5.72428, 5.55543], [5.72128, 5.55407], [5.71986, 5.55143], [5.7155, 5.5535], [5.712, 5.5535], [5.70922, 5.55736], [5.70037, 5.55736], [5.70123, 5.5545], [5.70408, 5.55015], [5.70394, 5.54586], [5.70515, 5.54001], [5.70135, 5.53405]]]}, "properties": {"name": "Ubeji", "lga": "Warri South", "state": "de"}}, {"type": "Feature", "geometry": {"type": "Polygon", "coordinates": [[[6.15802, 5.82012], [6.14444, 5.81784], [6.14815, 5.83421], [6.16371, 5.85134], [6.16861, 5.8512], [6.17093, 5.85089], [6.17258, 5.85052], [6.17723, 5.8487], [6.18487, 5.84278], [6.19037, 5.83774], [6.18796, 5.83643], [6.18682, 5.83536], [6.1759, 5.8288], [6.17262, 5.82751], [6.1714, 5.82651], [6.15802, 5.82012]]]}, "properties": {"name": "Okuzu / Obiaruku  2", "lga": "Ukwuani", "state": "de"}}, {"type": "Feature", "geometry": {"type": "Polygon", "coordinates": [[[6.09212, 5.71691], [6.08031, 5.71947], [6.07419, 5.71901], [6.06968, 5.7159], [6.0677, 5.70869], [6.06506, 5.69803], [6.06012, 5.6889], [6.05049, 5.68616], [6.04621, 5.68584], [6.04117, 5.6855], [6.04013, 5.69704], [6.03971, 5.70056], [6.03598, 5.70471], [6.03228, 5.70631], [6.02609, 5.71312], [6.02061, 5.72139], [6.01446, 5.72897], [6.00762, 5.73862], [6.00146, 5.7455], [5.9919, 5.75444], [6.00446, 5.76064], [6.00782, 5.76175], [6.01566, 5.76435], [6.03978, 5.76461], [6.04436, 5.76687], [6.04896, 5.76878], [6.06186, 5.77513], [6.07363, 5.78647], [6.07594, 5.78609], [6.08068, 5.78824], [6.08031, 5.78739], [6.08075, 5.78689], [6.08107, 5.78536], [6.08376, 5.78551], [6.07874, 5.77445], [6.08521, 5.77123], [6.08657, 5.77129], [6.08963, 5.77174], [6.09149, 5.77196], [6.10072, 5.77022], [6.1021, 5.76941], [6.10307, 5.76878], [6.10364, 5.76862], [6.10679, 5.76382], [6.10852, 5.76252], [6.11015, 5.76108], [6.11095, 5.76042], [6.1224, 5.75782], [6.1236, 5.75688], [6.1243, 5.75641], [6.12632, 5.75592], [6.12807, 5.75332], [6.12879, 5.75238], [6.11344, 5.75163], [6.10632, 5.74332], [6.1016, 5.7317], [6.09742, 5.72235], [6.09212, 5.71691]]]}, "properties": {"name": "Oria / Abraka  3", "lga": "Ethiope East", "state": "de"}}, {"type": "Feature", "geometry": {"type": "Polygon", "coordinates": [[[6.04123, 5.62822], [6.04727, 5.62997], [6.059, 5.63076], [6.05845, 5.62184], [6.05034, 5.61207], [6.04086, 5.60297], [6.03595, 5.59987], [6.02865, 5.59524], [6.01624, 5.59176], [6.01346, 5.58454], [6.01142, 5.57851], [6.00935, 5.57984], [6.00491, 5.58734], [6.00163, 5.59234], [6.00022, 5.59318], [5.99866, 5.59353], [5.99571, 5.5937], [5.99269, 5.59496], [5.99027, 5.59664], [5.98269, 5.6036], [5.97264, 5.61336], [5.97158, 5.61563], [5.97123, 5.6189], [5.9929, 5.62035], [6.00028, 5.62547], [6.00418, 5.62348], [6.0078, 5.62526], [6.01204, 5.63101], [6.01391, 5.62913], [6.01486, 5.62271], [6.01472, 5.6183], [6.01408, 5.61212], [6.01318, 5.60655], [6.01379, 5.60414], [6.01842, 5.60198], [6.02313, 5.6038], [6.02772, 5.60972], [6.02994, 5.61558], [6.03569, 5.62359], [6.04123, 5.62822]]]}, "properties": {"name": "Isiokolo / Agbon  8", "lga": "Ethiope East", "state": "de"}}, {"type": "Feature", "geometry": {"type": "Polygon", "coordinates": [[[6.1311, 6.21489], [6.1406, 6.22247], [6.15112, 6.23134], [6.18029, 6.23157], [6.1769, 6.2109], [6.1722, 6.20117], [6.16708, 6.19001], [6.16434, 6.18286], [6.16424, 6.13538], [6.15509, 6.13455], [6.14124, 6.12392], [6.13439, 6.13565], [6.11574, 6.19999], [6.12211, 6.20808], [6.1311, 6.21489]]]}, "properties": {"name": "Udomi-Azuowa / Abavo 2", "lga": "Ika South", "state": "de"}}, {"type": "Feature", "geometry": {"type": "Polygon", "coordinates": [[[6.0951, 6.2553], [6.08486, 6.26354], [6.09027, 6.26712], [6.10417, 6.27146], [6.12234, 6.26672], [6.12982, 6.26508], [6.1325, 6.26451], [6.13934, 6.26303], [6.14499, 6.26265], [6.14565, 6.24035], [6.16002, 6.23842], [6.16324, 6.24099], [6.1648, 6.24252], [6.16559, 6.24349], [6.17163, 6.2512], [6.17805, 6.25882], [6.18172, 6.25762], [6.18834, 6.2556], [6.18811, 6.25416], [6.1881, 6.25237], [6.18835, 6.25104], [6.18029, 6.23157], [6.15112, 6.23134], [6.1406, 6.22247], [6.1311, 6.21489], [6.12211, 6.20808], [6.11574, 6.19999], [6.11502, 6.209], [6.1143, 6.21801], [6.11216, 6.24088], [6.10349, 6.24821], [6.0951, 6.2553]]]}, "properties": {"name": "Alihagwu / Ihiuiyase 1", "lga": "Ika South", "state": "de"}}, {"type": "Feature", "geometry": {"type": "Polygon", "coordinates": [[[6.18737, 6.10261], [6.18073, 6.10387], [6.17652, 6.10488], [6.17509, 6.10322], [6.17455, 6.10214], [6.17664, 6.08372], [6.1693, 6.08255], [6.16381, 6.09429], [6.15697, 6.10394], [6.14808, 6.11427], [6.14124, 6.12392], [6.15509, 6.13455], [6.16424, 6.13538], [6.16362, 6.17079], [6.17194, 6.16888], [6.17427, 6.16717], [6.17625, 6.16408], [6.17804, 6.15885], [6.18023, 6.15704], [6.18396, 6.15678], [6.19043, 6.15877], [6.19586, 6.16035], [6.20404, 6.16155], [6.22435, 6.15709], [6.21762, 6.12859], [6.21599, 6.12215], [6.21703, 6.11095], [6.22042, 6.10721], [6.23126, 6.09228], [6.2189, 6.09592], [6.20578, 6.0988], [6.18737, 6.10261]]]}, "properties": {"name": "Oyoko / Abavo 1", "lga": "Ika South", "state": "de"}}, {"type": "Feature", "geometry": {"type": "Polygon", "coordinates": [[[6.15533, 6.28989], [6.15615, 6.2843], [6.1503, 6.27892], [6.14992, 6.27844], [6.14914, 6.27448], [6.14801, 6.27402], [6.14807, 6.27353], [6.14875, 6.27081], [6.14982, 6.26747], [6.15433, 6.26609], [6.15844, 6.26484], [6.16668, 6.26226], [6.17434, 6.26408], [6.17839, 6.26506], [6.17848, 6.2641], [6.17929, 6.2637], [6.18228, 6.26287], [6.18414, 6.26246], [6.18286, 6.25961], [6.18172, 6.25762], [6.17805, 6.25882], [6.17163, 6.2512], [6.16559, 6.24349], [6.1648, 6.24252], [6.16324, 6.24099], [6.16002, 6.23842], [6.14565, 6.24035], [6.14499, 6.26265], [6.13934, 6.26303], [6.1325, 6.26451], [6.12982, 6.26508], [6.12234, 6.26672], [6.10417, 6.27146], [6.12747, 6.27842], [6.15533, 6.28989]]]}, "properties": {"name": "Agbor-Obi 1 / Agbor Town 2", "lga": "Ika South", "state": "de"}}, {"type": "Feature", "geometry": {"type": "Polygon", "coordinates": [[[6.2048, 6.25777], [6.20481, 6.25369], [6.19976, 6.25349], [6.19507, 6.25349], [6.19159, 6.25457], [6.18834, 6.2556], [6.18172, 6.25762], [6.18286, 6.25961], [6.18414, 6.26246], [6.18753, 6.26152], [6.18946, 6.26116], [6.18993, 6.26168], [6.19301, 6.26701], [6.19251, 6.26714], [6.18781, 6.267], [6.18582, 6.26678], [6.18756, 6.27108], [6.18867, 6.27312], [6.1976, 6.28275], [6.21264, 6.27916], [6.20998, 6.27286], [6.20521, 6.27032], [6.2048, 6.25777]]]}, "properties": {"name": "Boji-Boji 2 /  Agbor 8", "lga": "Ika South", "state": "de"}}, {"type": "Feature", "geometry": {"type": "Polygon", "coordinates": [[[6.18414, 6.26246], [6.18228, 6.26287], [6.17929, 6.2637], [6.17848, 6.2641], [6.17876, 6.27234], [6.17943, 6.27245], [6.17985, 6.27256], [6.17977, 6.27304], [6.17971, 6.27406], [6.18274, 6.27359], [6.19351, 6.29842], [6.1976, 6.28275], [6.18867, 6.27312], [6.18756, 6.27108], [6.18582, 6.26678], [6.18781, 6.267], [6.19251, 6.26714], [6.19301, 6.26701], [6.18993, 6.26168], [6.18946, 6.26116], [6.18753, 6.26152], [6.18414, 6.26246]]]}, "properties": {"name": "Boji-Boji 1 /  Agbor 7", "lga": "Ika South", "state": "de"}}, {"type": "Feature", "geometry": {"type": "Polygon", "coordinates": [[[5.85578, 5.43601], [5.84857, 5.43619], [5.84836, 5.44418], [5.84194, 5.4475], [5.8368, 5.456], [5.87369, 5.4591], [5.87875, 5.46015], [5.88248, 5.46099], [5.88348, 5.46136], [5.88568, 5.46122], [5.89006, 5.46096], [5.88876, 5.45078], [5.88948, 5.44428], [5.88768, 5.43631], [5.88561, 5.43121], [5.884, 5.43126], [5.88321, 5.43243], [5.88186, 5.43448], [5.87711, 5.43582], [5.86919, 5.4359], [5.85578, 5.43601]]]}, "properties": {"name": "Otor Udu / Udu 1", "lga": "Udu", "state": "de"}}, {"type": "Feature", "geometry": {"type": "Polygon", "coordinates": [[[5.83008, 5.48261], [5.84511, 5.46099], [5.84023, 5.45799], [5.8368, 5.456], [5.83487, 5.45766], [5.83108, 5.4535], [5.82873, 5.45271], [5.82621, 5.45193], [5.82298, 5.45183], [5.81676, 5.45295], [5.80972, 5.45492], [5.80745, 5.45836], [5.80271, 5.46224], [5.80143, 5.4666], [5.81322, 5.46869], [5.82026, 5.47029], [5.82396, 5.47304], [5.83008, 5.48261]]]}, "properties": {"name": "Egini / Ovwian 2", "lga": "Udu", "state": "de"}}, {"type": "Feature", "geometry": {"type": "Polygon", "coordinates": [[[5.69679, 5.9717], [5.69501, 5.94945], [5.69459, 5.94915], [5.69375, 5.94777], [5.69251, 5.94614], [5.69112, 5.94531], [5.68783, 5.94425], [5.68698, 5.95362], [5.68746, 5.9585], [5.68927, 5.96559], [5.69024, 5.97177], [5.68433, 5.9705], [5.67125, 5.96705], [5.6532, 5.96282], [5.65312, 5.96685], [5.65442, 5.96994], [5.65379, 5.97186], [5.65163, 5.9741], [5.65265, 5.97707], [5.65816, 5.98009], [5.65921, 5.9836], [5.66108, 5.9849], [5.66199, 5.98822], [5.66359, 5.989], [5.66781, 5.99019], [5.67035, 5.99127], [5.67189, 5.99389], [5.68286, 6.01393], [5.69693, 6.02226], [5.69893, 6.03356], [5.74529, 6.00898], [5.72787, 5.99369], [5.72587, 5.9914], [5.71559, 5.97641], [5.71074, 5.97013], [5.69679, 5.9717]]]}, "properties": {"name": "Ogharefe 5 / Oghara 5", "lga": "Ethiope West", "state": "de"}}, {"type": "Feature", "geometry": {"type": "Polygon", "coordinates": [[[5.66928, 5.92452], [5.66604, 5.9259], [5.66436, 5.92409], [5.65419, 5.93404], [5.64666, 5.9415], [5.64998, 5.94255], [5.65232, 5.94082], [5.65774, 5.94829], [5.67089, 5.94264], [5.67122, 5.94591], [5.67842, 5.95439], [5.68007, 5.95682], [5.6813, 5.96317], [5.68236, 5.96721], [5.68433, 5.9705], [5.69024, 5.97177], [5.68927, 5.96559], [5.68746, 5.9585], [5.68698, 5.95362], [5.68783, 5.94425], [5.68168, 5.93686], [5.67918, 5.93583], [5.67743, 5.93536], [5.67122, 5.93038], [5.67222, 5.92876], [5.67159, 5.9274], [5.66995, 5.9254], [5.66928, 5.92452]]]}, "properties": {"name": "Ogharefe 2 / Oghara 2", "lga": "Ethiope West", "state": "de"}}, {"type": "Feature", "geometry": {"type": "Polygon", "coordinates": [[[5.65621, 5.94684], [5.65232, 5.94082], [5.64998, 5.94255], [5.64666, 5.9415], [5.64066, 5.94577], [5.63409, 5.9442], [5.62604, 5.93978], [5.61765, 5.94168], [5.61939, 5.9539], [5.68433, 5.9705], [5.68236, 5.96721], [5.6813, 5.96317], [5.68007, 5.95682], [5.67842, 5.95439], [5.67122, 5.94591], [5.67089, 5.94264], [5.65774, 5.94829], [5.65621, 5.94684]]]}, "properties": {"name": "Ogharefe 3 / Oghara 3", "lga": "Ethiope West", "state": "de"}}, {"type": "Feature", "geometry": {"type": "Polygon", "coordinates": [[[6.07116, 5.20794], [6.06381, 5.20624], [6.06265, 5.20597], [6.04913, 5.19948], [6.02966, 5.19299], [6.02047, 5.19137], [6.01182, 5.19002], [6.00208, 5.1892], [5.9937, 5.18677], [5.98992, 5.18596], [5.98839, 5.18413], [5.96927, 5.18144], [5.96516, 5.18972], [5.95428, 5.18963], [5.94551, 5.18727], [5.94059, 5.18797], [5.9252, 5.19224], [5.90321, 5.1914], [5.88967, 5.19525], [5.88369, 5.19861], [5.88688, 5.20907], [5.85657, 5.21827], [5.85868, 5.22034], [5.85971, 5.22289], [5.8602, 5.22552], [5.85588, 5.22488], [5.85223, 5.22782], [5.8486, 5.22978], [5.84833, 5.23612], [5.8387, 5.24287], [5.83907, 5.24812], [5.84349, 5.25189], [5.84582, 5.25522], [5.84676, 5.25976], [5.84949, 5.26794], [5.86207, 5.27159], [5.86719, 5.27342], [5.8681, 5.27666], [5.86922, 5.27799], [5.8717, 5.27575], [5.8742, 5.27483], [5.87474, 5.26869], [5.88346, 5.25736], [5.89959, 5.26202], [5.9084, 5.26294], [5.91397, 5.25742], [5.91505, 5.24863], [5.91391, 5.24148], [5.92365, 5.2256], [5.94546, 5.21686], [5.95491, 5.21964], [5.96464, 5.22253], [5.96927, 5.22807], [5.97048, 5.23357], [5.97332, 5.23798], [5.97906, 5.23764], [5.98292, 5.23282], [5.98561, 5.23081], [5.99186, 5.23248], [5.99489, 5.23685], [5.99928, 5.24216], [5.99991, 5.24705], [6.00053, 5.25423], [6.00538, 5.25978], [6.00684, 5.24595], [6.01302, 5.23394], [6.02831, 5.2212], [6.04322, 5.21211], [6.05232, 5.2092], [6.05459, 5.2095], [6.07116, 5.20794]]]}, "properties": {"name": "Jeremi 4", "lga": "Ughelli South", "state": "de"}}, {"type": "Feature", "geometry": {"type": "Polygon", "coordinates": [[[5.72929, 5.93195], [5.73181, 5.93191], [5.73397, 5.93373], [5.73411, 5.93633], [5.73232, 5.93876], [5.7284, 5.94023], [5.72552, 5.94048], [5.72423, 5.94269], [5.72452, 5.94477], [5.72728, 5.94606], [5.73049, 5.94552], [5.73484, 5.94357], [5.73644, 5.94489], [5.73825, 5.94847], [5.74081, 5.94932], [5.74308, 5.94758], [5.74592, 5.94535], [5.74857, 5.94652], [5.74971, 5.95091], [5.74835, 5.9537], [5.74769, 5.95538], [5.74889, 5.95633], [5.75242, 5.95675], [5.75457, 5.95971], [5.75367, 5.96205], [5.75089, 5.96428], [5.75086, 5.96697], [5.75282, 5.96777], [5.75561, 5.96736], [5.75775, 5.96833], [5.76028, 5.97063], [5.76429, 5.97332], [5.7657, 5.9767], [5.76596, 5.98041], [5.76829, 5.98175], [5.7719, 5.97906], [5.7761, 5.97899], [5.77853, 5.98201], [5.785, 5.98551], [5.79506, 5.97957], [5.81204, 5.98387], [5.823, 5.96663], [5.83051, 5.95975], [5.8353, 5.95147], [5.83331, 5.94105], [5.82904, 5.9351], [5.82731, 5.93291], [5.8089, 5.92309], [5.79209, 5.9079], [5.78909, 5.90985], [5.78433, 5.91113], [5.77852, 5.91759], [5.77752, 5.9206], [5.77247, 5.92176], [5.75831, 5.9071], [5.73636, 5.90507], [5.72897, 5.90195], [5.72764, 5.9031], [5.72565, 5.89871], [5.72118, 5.89483], [5.71615, 5.89296], [5.70818, 5.89212], [5.69881, 5.89075], [5.69571, 5.89183], [5.69527, 5.8946], [5.6929, 5.89869], [5.69194, 5.90218], [5.69905, 5.90396], [5.70093, 5.90556], [5.70072, 5.91008], [5.69786, 5.91322], [5.69685, 5.91851], [5.69935, 5.92071], [5.7009, 5.9242], [5.70577, 5.92774], [5.70905, 5.93099], [5.71332, 5.93463], [5.71823, 5.93191], [5.7182, 5.93037], [5.71841, 5.92473], [5.72182, 5.92292], [5.72404, 5.92366], [5.72513, 5.92556], [5.7262, 5.93005], [5.72929, 5.93195]]]}, "properties": {"name": "Mosogar 2", "lga": "Ethiope West", "state": "de"}}, {"type": "Feature", "geometry": {"type": "Polygon", "coordinates": [[[5.86451, 5.78339], [5.86339, 5.78539], [5.86277, 5.78875], [5.85966, 5.78941], [5.8571, 5.7896], [5.85248, 5.78722], [5.84961, 5.78858], [5.85711, 5.80869], [5.8574, 5.80971], [5.85653, 5.81096], [5.84959, 5.81439], [5.84846, 5.81633], [5.84725, 5.81846], [5.84686, 5.81875], [5.84531, 5.81928], [5.84415, 5.81944], [5.84021, 5.82024], [5.82966, 5.82795], [5.82659, 5.82809], [5.8261, 5.83208], [5.8251, 5.83594], [5.83231, 5.84267], [5.83269, 5.84343], [5.8326, 5.84405], [5.8331, 5.8464], [5.86052, 5.82606], [5.86718, 5.82094], [5.87422, 5.81653], [5.87676, 5.80637], [5.87532, 5.79186], [5.87439, 5.79139], [5.87199, 5.78846], [5.87086, 5.78172], [5.86957, 5.7813], [5.86742, 5.7814], [5.86451, 5.78339]]]}, "properties": {"name": "Jesse 4", "lga": "Ethiope West", "state": "de"}}, {"type": "Feature", "geometry": {"type": "Polygon", "coordinates": [[[5.78348, 5.85667], [5.77887, 5.85459], [5.7742, 5.85041], [5.77235, 5.85281], [5.76851, 5.85399], [5.76529, 5.85401], [5.7608, 5.85245], [5.75773, 5.85253], [5.75311, 5.85522], [5.75168, 5.86094], [5.75004, 5.86238], [5.75295, 5.86862], [5.76106, 5.87188], [5.77076, 5.88066], [5.77117, 5.88151], [5.77207, 5.886], [5.77275, 5.89072], [5.776, 5.89441], [5.7796, 5.89707], [5.7866, 5.9014], [5.79209, 5.9079], [5.79442, 5.91], [5.79646, 5.90694], [5.79837, 5.90392], [5.79902, 5.90332], [5.80578, 5.89996], [5.80685, 5.89921], [5.80871, 5.89768], [5.80988, 5.89634], [5.81096, 5.89215], [5.81154, 5.88982], [5.81114, 5.88725], [5.80922, 5.8796], [5.80257, 5.87501], [5.79691, 5.86504], [5.78643, 5.85713], [5.78348, 5.85667]]]}, "properties": {"name": "Jesse 1", "lga": "Ethiope West", "state": "de"}}, {"type": "Feature", "geometry": {"type": "Polygon", "coordinates": [[[5.58939, 5.91913], [5.57927, 5.92553], [5.57514, 5.93201], [5.57905, 5.94697], [5.57422, 5.95664], [5.56724, 5.95979], [5.56933, 5.96798], [5.57201, 5.97771], [5.57127, 5.99088], [5.57802, 6.00342], [5.58343, 6.0111], [5.5936, 6.01812], [5.60513, 6.02307], [5.61601, 6.02454], [5.62619, 6.02879], [5.63707, 6.02957], [5.65745, 6.03321], [5.66761, 6.04986], [5.66893, 6.05203], [5.67398, 6.04892], [5.69893, 6.03356], [5.69693, 6.02226], [5.68286, 6.01393], [5.67189, 5.99389], [5.67035, 5.99127], [5.66781, 5.99019], [5.66359, 5.989], [5.66199, 5.98822], [5.66108, 5.9849], [5.65921, 5.9836], [5.65816, 5.98009], [5.65265, 5.97707], [5.65163, 5.9741], [5.65379, 5.97186], [5.65442, 5.96994], [5.65312, 5.96685], [5.6532, 5.96282], [5.64403, 5.96027], [5.61939, 5.9539], [5.61765, 5.94168], [5.62604, 5.93978], [5.62036, 5.92949], [5.61692, 5.91726], [5.61034, 5.91399], [5.60152, 5.91538], [5.58939, 5.91913]]]}, "properties": {"name": "Ogharefe 4 / Oghara 4", "lga": "Ethiope West", "state": "de"}}, {"type": "Feature", "geometry": {"type": "Polygon", "coordinates": [[[5.85453, 5.81238], [5.85653, 5.81096], [5.8574, 5.80971], [5.85711, 5.80869], [5.84961, 5.78858], [5.84714, 5.78988], [5.84344, 5.79252], [5.84178, 5.79136], [5.83919, 5.78736], [5.83934, 5.78347], [5.83783, 5.78168], [5.83449, 5.78176], [5.83042, 5.78443], [5.82823, 5.78331], [5.82579, 5.78066], [5.82615, 5.77685], [5.828, 5.7753], [5.82735, 5.77248], [5.82558, 5.77103], [5.82219, 5.77214], [5.81972, 5.77387], [5.81887, 5.77653], [5.81602, 5.77796], [5.81263, 5.78001], [5.81123, 5.78341], [5.81145, 5.78602], [5.81254, 5.78891], [5.80835, 5.79179], [5.80465, 5.7906], [5.80253, 5.78686], [5.80011, 5.78802], [5.79852, 5.79083], [5.79559, 5.79177], [5.79422, 5.79592], [5.79534, 5.79841], [5.79629, 5.80043], [5.79533, 5.80331], [5.79487, 5.80649], [5.79229, 5.80878], [5.78791, 5.80805], [5.78234, 5.81045], [5.77806, 5.81186], [5.77702, 5.8149], [5.77754, 5.81859], [5.77489, 5.82201], [5.7716, 5.82394], [5.77056, 5.82777], [5.77162, 5.83172], [5.77372, 5.83391], [5.77659, 5.83386], [5.77846, 5.83636], [5.77927, 5.83895], [5.77606, 5.84537], [5.7742, 5.85041], [5.77887, 5.85459], [5.78348, 5.85667], [5.78643, 5.85713], [5.79691, 5.86504], [5.81424, 5.86223], [5.82529, 5.8576], [5.82579, 5.85615], [5.82981, 5.85292], [5.83457, 5.85015], [5.83231, 5.84267], [5.8251, 5.83594], [5.8261, 5.83208], [5.82659, 5.82809], [5.82966, 5.82795], [5.84021, 5.82024], [5.84415, 5.81944], [5.84531, 5.81928], [5.84686, 5.81875], [5.84725, 5.81846], [5.84846, 5.81633], [5.84959, 5.81439], [5.85036, 5.814], [5.85227, 5.81365], [5.85453, 5.81238]]]}, "properties": {"name": "Jesse 3", "lga": "Ethiope West", "state": "de"}}, {"type": "Feature", "geometry": {"type": "Polygon", "coordinates": [[[5.84849, 5.34335], [5.84914, 5.34178], [5.85176, 5.33556], [5.8619, 5.33493], [5.87495, 5.3347], [5.8826, 5.28051], [5.87637, 5.27718], [5.8742, 5.27483], [5.8717, 5.27575], [5.86922, 5.27799], [5.8681, 5.27666], [5.86719, 5.27342], [5.86207, 5.27159], [5.84949, 5.26794], [5.84676, 5.25976], [5.84337, 5.26597], [5.84483, 5.27773], [5.84639, 5.28462], [5.84464, 5.28807], [5.83899, 5.28977], [5.83596, 5.29261], [5.8344, 5.30207], [5.83141, 5.30748], [5.82523, 5.30999], [5.81558, 5.3063], [5.80976, 5.30343], [5.79978, 5.30598], [5.79469, 5.31477], [5.7968, 5.32148], [5.80478, 5.32748], [5.81127, 5.33163], [5.81631, 5.33694], [5.81817, 5.34213], [5.819, 5.34599], [5.83309, 5.35065], [5.83723, 5.35219], [5.8424, 5.34973], [5.84849, 5.34335]]]}, "properties": {"name": "Ewu 3", "lga": "Ughelli South", "state": "de"}}, {"type": "Feature", "geometry": {"type": "Polygon", "coordinates": [[[5.98375, 5.31635], [5.95996, 5.31135], [5.9245, 5.29469], [5.92141, 5.29398], [5.91546, 5.29374], [5.90693, 5.29234], [5.88125, 5.29237], [5.87495, 5.3347], [5.88442, 5.33715], [5.88624, 5.33887], [5.88939, 5.33803], [5.89098, 5.33714], [5.89822, 5.34085], [5.89933, 5.34573], [5.90209, 5.34962], [5.90561, 5.35355], [5.90935, 5.35744], [5.9126, 5.35933], [5.93003, 5.37061], [5.94185, 5.37328], [5.94597, 5.37416], [5.95539, 5.37858], [5.96106, 5.38019], [5.96372, 5.38014], [5.96758, 5.38179], [5.97348, 5.38192], [5.96645, 5.37417], [5.96585, 5.37284], [5.96532, 5.36975], [5.96282, 5.36588], [5.98721, 5.35745], [5.9957, 5.36379], [5.99908, 5.36924], [5.9986, 5.38111], [6.00232, 5.38739], [6.00568, 5.38111], [6.01158, 5.37571], [6.01378, 5.36876], [6.01467, 5.3669], [6.01701, 5.36141], [6.01817, 5.35499], [6.02191, 5.35208], [6.02295, 5.34693], [6.02572, 5.33586], [6.02848, 5.32687], [6.02618, 5.31672], [6.01838, 5.31633], [5.98375, 5.31635]]]}, "properties": {"name": "Ewu 1", "lga": "Ughelli South", "state": "de"}}, {"type": "Feature", "geometry": {"type": "Polygon", "coordinates": [[[6.09374, 5.79412], [6.09393, 5.79212], [6.095, 5.78979], [6.09606, 5.78946], [6.09771, 5.78899], [6.09962, 5.78927], [6.10151, 5.78993], [6.10426, 5.79124], [6.12109, 5.77841], [6.12181, 5.77735], [6.12293, 5.77557], [6.12355, 5.77255], [6.1258, 5.75956], [6.12632, 5.75592], [6.12088, 5.75843], [6.11687, 5.75828], [6.11095, 5.76042], [6.11015, 5.76108], [6.10852, 5.76252], [6.10679, 5.76382], [6.10364, 5.76862], [6.10307, 5.76878], [6.1021, 5.76941], [6.10072, 5.77022], [6.09149, 5.77196], [6.08963, 5.77174], [6.08657, 5.77129], [6.08521, 5.77123], [6.07874, 5.77445], [6.08376, 5.78551], [6.08107, 5.78536], [6.08075, 5.78689], [6.08031, 5.78739], [6.08068, 5.78824], [6.09374, 5.79412]]]}, "properties": {"name": "Urhuovie / Abraka  2", "lga": "Ethiope East", "state": "de"}}, {"type": "Feature", "geometry": {"type": "Polygon", "coordinates": [[[5.98073, 5.73893], [5.98292, 5.73701], [5.97502, 5.72454], [5.95391, 5.69722], [5.94604, 5.70401], [5.94583, 5.70622], [5.94497, 5.71058], [5.94279, 5.71394], [5.94094, 5.71657], [5.93885, 5.72304], [5.92773, 5.72939], [5.92287, 5.73753], [5.92289, 5.73863], [5.9231, 5.74014], [5.92609, 5.74293], [5.92581, 5.74355], [5.92582, 5.74461], [5.92616, 5.74574], [5.9256, 5.74664], [5.92461, 5.74833], [5.94094, 5.74639], [5.9586, 5.7507], [5.96962, 5.74881], [5.97315, 5.74734], [5.97665, 5.74127], [5.9784, 5.7408], [5.98073, 5.73893]]]}, "properties": {"name": "Igun / Agbon  5", "lga": "Ethiope East", "state": "de"}}, {"type": "Feature", "geometry": {"type": "Polygon", "coordinates": [[[5.99065, 5.71952], [5.99224, 5.71624], [5.99429, 5.71274], [5.98864, 5.70738], [5.9847, 5.70163], [5.97387, 5.68543], [5.98, 5.68068], [5.98436, 5.67542], [5.98747, 5.67233], [5.99804, 5.67009], [6.00028, 5.62547], [5.9929, 5.62035], [5.97123, 5.6189], [5.96644, 5.63044], [5.96562, 5.63151], [5.96418, 5.63228], [5.96183, 5.63253], [5.9607, 5.63354], [5.96002, 5.63525], [5.95761, 5.63528], [5.95618, 5.63449], [5.94607, 5.62301], [5.91833, 5.629], [5.91044, 5.64071], [5.91436, 5.64678], [5.92393, 5.64999], [5.92366, 5.65555], [5.92543, 5.65807], [5.93591, 5.67198], [5.93955, 5.67682], [5.94161, 5.68063], [5.94472, 5.68639], [5.946, 5.68758], [5.95004, 5.69087], [5.95085, 5.6923], [5.95126, 5.69317], [5.95161, 5.69442], [5.96601, 5.71168], [5.98292, 5.73701], [5.98559, 5.73449], [5.98765, 5.72577], [5.98949, 5.7227], [5.99031, 5.721], [5.99065, 5.71952]]]}, "properties": {"name": "Okpara / Agbon  1", "lga": "Ethiope East", "state": "de"}}, {"type": "Feature", "geometry": {"type": "Polygon", "coordinates": [[[6.059, 5.63076], [6.04727, 5.62997], [6.04123, 5.62822], [6.03569, 5.62359], [6.02994, 5.61558], [6.02772, 5.60972], [6.02313, 5.6038], [6.01842, 5.60198], [6.01379, 5.60414], [6.01486, 5.62271], [6.01391, 5.62913], [6.01204, 5.63101], [6.0078, 5.62526], [6.00418, 5.62348], [6.00028, 5.62547], [5.99842, 5.64771], [5.99842, 5.65313], [5.99908, 5.65808], [5.99872, 5.66715], [6.01483, 5.67339], [6.02638, 5.67936], [6.04117, 5.6855], [6.04461, 5.67582], [6.05421, 5.65926], [6.05766, 5.6468], [6.05909, 5.63225], [6.059, 5.63076]]]}, "properties": {"name": "Kokori / Agbon  3", "lga": "Ethiope East", "state": "de"}}, {"type": "Feature", "geometry": {"type": "Polygon", "coordinates": [[[5.99429, 5.71274], [5.98765, 5.72577], [5.98522, 5.73505], [5.97665, 5.74127], [5.97315, 5.74734], [5.96962, 5.74881], [5.98173, 5.74811], [5.9919, 5.75444], [6.00146, 5.7455], [6.00762, 5.73862], [6.01446, 5.72897], [6.00086, 5.71644], [5.99429, 5.71274]]]}, "properties": {"name": "Eku / Agbon  6", "lga": "Ethiope East", "state": "de"}}, {"type": "Feature", "geometry": {"type": "Polygon", "coordinates": [[[6.01483, 5.67339], [5.99872, 5.66715], [5.99804, 5.67009], [5.98747, 5.67233], [5.98436, 5.67542], [5.98, 5.68068], [5.97387, 5.68543], [5.9847, 5.70163], [5.98864, 5.70738], [5.99429, 5.71274], [6.00086, 5.71644], [6.01446, 5.72897], [6.02061, 5.72139], [6.02609, 5.71312], [6.03228, 5.70631], [6.03598, 5.70471], [6.03971, 5.70056], [6.04013, 5.69704], [6.04117, 5.6855], [6.02638, 5.67936], [6.01483, 5.67339]]]}, "properties": {"name": "Egbo / Agbon  7", "lga": "Ethiope East", "state": "de"}}, {"type": "Feature", "geometry": {"type": "Polygon", "coordinates": [[[5.91833, 5.629], [5.94607, 5.62301], [5.95618, 5.63449], [5.95761, 5.63528], [5.96002, 5.63525], [5.9607, 5.63354], [5.96183, 5.63253], [5.96418, 5.63228], [5.96562, 5.63151], [5.96644, 5.63044], [5.96676, 5.62883], [5.9672, 5.62673], [5.97076, 5.6214], [5.97123, 5.6189], [5.97158, 5.61563], [5.97264, 5.61336], [5.98269, 5.6036], [5.99027, 5.59664], [5.99269, 5.59496], [5.99571, 5.5937], [5.99866, 5.59353], [6.00022, 5.59318], [6.00163, 5.59234], [6.00491, 5.58734], [6.00935, 5.57984], [6.01142, 5.57851], [6.00728, 5.57315], [5.99772, 5.56943], [5.98999, 5.5574], [5.97848, 5.55474], [5.96904, 5.54937], [5.95493, 5.54983], [5.95465, 5.56641], [5.94856, 5.56431], [5.94149, 5.5621], [5.93405, 5.56367], [5.92264, 5.56299], [5.91978, 5.56557], [5.92095, 5.5689], [5.92074, 5.57202], [5.92136, 5.57401], [5.921, 5.57572], [5.9204, 5.57724], [5.91953, 5.57933], [5.91854, 5.57991], [5.91744, 5.58059], [5.91764, 5.58234], [5.9179, 5.58867], [5.91625, 5.59041], [5.91579, 5.59122], [5.91643, 5.5931], [5.91597, 5.59636], [5.91424, 5.59934], [5.91128, 5.60106], [5.90903, 5.6015], [5.90853, 5.60024], [5.90137, 5.59906], [5.9009, 5.60187], [5.91833, 5.629]]]}, "properties": {"name": "Orhaorpo / Agbon  4", "lga": "Ethiope East", "state": "de"}}, {"type": "Feature", "geometry": {"type": "Polygon", "coordinates": [[[5.87369, 5.4591], [5.8368, 5.456], [5.84023, 5.45799], [5.84511, 5.46099], [5.83008, 5.48261], [5.84829, 5.48572], [5.85162, 5.48802], [5.85487, 5.49302], [5.86178, 5.50093], [5.86725, 5.49335], [5.87472, 5.48919], [5.87952, 5.48652], [5.89042, 5.48314], [5.89114, 5.47343], [5.8905, 5.46442], [5.89006, 5.46096], [5.88568, 5.46122], [5.88348, 5.46136], [5.88248, 5.46099], [5.87875, 5.46015], [5.87369, 5.4591]]]}, "properties": {"name": "Owhrode / Udu 2", "lga": "Udu", "state": "de"}}, {"type": "Feature", "geometry": {"type": "Polygon", "coordinates": [[[6.19716, 6.22082], [6.19082, 6.21508], [6.1769, 6.2109], [6.18029, 6.23157], [6.18497, 6.24397], [6.18664, 6.247], [6.19614, 6.24364], [6.1993, 6.2368], [6.20049, 6.22873], [6.19716, 6.22082]]]}, "properties": {"name": "Owa-Alizomor / Owa  6", "lga": "Ika North East", "state": "de"}}, {"type": "Feature", "geometry": {"type": "Polygon", "coordinates": [[[6.23389, 6.25089], [6.23078, 6.24617], [6.22375, 6.24081], [6.2132, 6.23891], [6.21239, 6.24252], [6.212, 6.24384], [6.21143, 6.24625], [6.2153, 6.24969], [6.21268, 6.25547], [6.22395, 6.25954], [6.2352, 6.26353], [6.23389, 6.25089]]]}, "properties": {"name": "Boji-Boji Owa 1 / Owa 3", "lga": "Ika North East", "state": "de"}}, {"type": "Feature", "geometry": {"type": "Polygon", "coordinates": [[[5.77302, 5.30581], [5.7735, 5.30497], [5.77481, 5.30434], [5.7765, 5.30461], [5.77741, 5.30521], [5.77823, 5.30519], [5.77856, 5.30408], [5.77808, 5.30329], [5.77823, 5.30251], [5.78133, 5.30321], [5.78158, 5.30224], [5.78298, 5.30472], [5.78497, 5.304], [5.78546, 5.30385], [5.78706, 5.30468], [5.78781, 5.30559], [5.78776, 5.30687], [5.79294, 5.30822], [5.7925, 5.3095], [5.79185, 5.31457], [5.79469, 5.31477], [5.79978, 5.30598], [5.79927, 5.30279], [5.79668, 5.30113], [5.78662, 5.29192], [5.8016, 5.27189], [5.7874, 5.26837], [5.78403, 5.26532], [5.78127, 5.2618], [5.77211, 5.25972], [5.76669, 5.25891], [5.76485, 5.25939], [5.76152, 5.26036], [5.75982, 5.26341], [5.75852, 5.26682], [5.75695, 5.26785], [5.75447, 5.26753], [5.7527, 5.26625], [5.74974, 5.26402], [5.74811, 5.26031], [5.74605, 5.25935], [5.74271, 5.25918], [5.74008, 5.26013], [5.7389, 5.26149], [5.73809, 5.26297], [5.73697, 5.26665], [5.73691, 5.26936], [5.73787, 5.27133], [5.74111, 5.2727], [5.74486, 5.27289], [5.74733, 5.27378], [5.74833, 5.27585], [5.7481, 5.27915], [5.74587, 5.28744], [5.74328, 5.29032], [5.7439, 5.29576], [5.74486, 5.30059], [5.74623, 5.30126], [5.74765, 5.30058], [5.749, 5.29712], [5.75038, 5.29705], [5.75513, 5.30504], [5.75676, 5.30671], [5.758, 5.3073], [5.75946, 5.30723], [5.76153, 5.30603], [5.76819, 5.30861], [5.7733, 5.30757], [5.77341, 5.30676], [5.77302, 5.30581]]]}, "properties": {"name": "Akugbene 3", "lga": "Bomadi", "state": "de"}}, {"type": "Feature", "geometry": {"type": "Polygon", "coordinates": [[[5.828, 5.19053], [5.82815, 5.18682], [5.81861, 5.18938], [5.81313, 5.18845], [5.80721, 5.18751], [5.80039, 5.18721], [5.78849, 5.182], [5.7786, 5.17643], [5.77341, 5.18343], [5.76886, 5.18719], [5.76504, 5.19348], [5.76097, 5.19907], [5.75838, 5.20972], [5.76281, 5.21264], [5.77241, 5.20844], [5.77612, 5.20758], [5.7806, 5.20577], [5.78616, 5.20595], [5.79131, 5.20223], [5.79694, 5.19763], [5.80999, 5.19635], [5.81914, 5.19519], [5.828, 5.19053]]]}, "properties": {"name": "Kolafiogbene / Ekametagbene", "lga": "Bomadi", "state": "de"}}, {"type": "Feature", "geometry": {"type": "Polygon", "coordinates": [[[6.18274, 6.27359], [6.17971, 6.27406], [6.17977, 6.27304], [6.17985, 6.27256], [6.17943, 6.27245], [6.17876, 6.27234], [6.17839, 6.26506], [6.17434, 6.26408], [6.16668, 6.26226], [6.15844, 6.26484], [6.15433, 6.26609], [6.14982, 6.26747], [6.14875, 6.27081], [6.14807, 6.27353], [6.14801, 6.27402], [6.14914, 6.27448], [6.14992, 6.27844], [6.1503, 6.27892], [6.15615, 6.2843], [6.15533, 6.28989], [6.15887, 6.29355], [6.16945, 6.29671], [6.17729, 6.29978], [6.1887, 6.30948], [6.19351, 6.29842], [6.18274, 6.27359]]]}, "properties": {"name": "Agbor-Nta / Agbor Town 1", "lga": "Ika South", "state": "de"}}, {"type": "Feature", "geometry": {"type": "Polygon", "coordinates": [[[6.08579, 5.1508], [6.09087, 5.1541], [6.09085, 5.15994], [6.08943, 5.16222], [6.0904, 5.16712], [6.08722, 5.16481], [6.08418, 5.16523], [6.08192, 5.16378], [6.08342, 5.16742], [6.07927, 5.16697], [6.08106, 5.1756], [6.10534, 5.17561], [6.10866, 5.18294], [6.11259, 5.18839], [6.11726, 5.19488], [6.12424, 5.18815], [6.12319, 5.17694], [6.12665, 5.16924], [6.12704, 5.15967], [6.12858, 5.12981], [6.12068, 5.13368], [6.10905, 5.14219], [6.09785, 5.14994], [6.08579, 5.1508]]]}, "properties": {"name": "Toruangiama", "lga": "Patani", "state": "de"}}, {"type": "Feature", "geometry": {"type": "Polygon", "coordinates": [[[6.14815, 5.83421], [6.14444, 5.81784], [6.13788, 5.81455], [6.12353, 5.8235], [6.12088, 5.83973], [6.15194, 5.85771], [6.16074, 5.86542], [6.16698, 5.85776], [6.16851, 5.85523], [6.14815, 5.83421]]]}, "properties": {"name": "Ogbeobiaruku", "lga": "Ukwuani", "state": "de"}}, {"type": "Feature", "geometry": {"type": "Polygon", "coordinates": [[[5.91436, 5.64678], [5.91044, 5.64071], [5.90679, 5.65724], [5.89945, 5.66187], [5.88929, 5.6721], [5.87829, 5.68042], [5.87465, 5.68833], [5.85958, 5.69023], [5.85665, 5.69814], [5.85286, 5.70307], [5.85474, 5.70753], [5.85811, 5.71588], [5.8601, 5.72768], [5.86413, 5.73881], [5.86505, 5.74089], [5.86817, 5.74786], [5.87835, 5.75141], [5.8879, 5.753], [5.89054, 5.76331], [5.90615, 5.77037], [5.91708, 5.75867], [5.92461, 5.74833], [5.9256, 5.74664], [5.92616, 5.74574], [5.92582, 5.74461], [5.92581, 5.74355], [5.92609, 5.74293], [5.92289, 5.73863], [5.92506, 5.73275], [5.92773, 5.72939], [5.92882, 5.72842], [5.93222, 5.72674], [5.9375, 5.72415], [5.93885, 5.72304], [5.94094, 5.71657], [5.94279, 5.71394], [5.94497, 5.71058], [5.94583, 5.70622], [5.94604, 5.70401], [5.95391, 5.69722], [5.95004, 5.69087], [5.946, 5.68758], [5.94472, 5.68639], [5.94161, 5.68063], [5.93955, 5.67682], [5.93591, 5.67198], [5.92543, 5.65807], [5.92366, 5.65555], [5.92393, 5.64999], [5.91436, 5.64678]]]}, "properties": {"name": "Ovu / Agbon  2", "lga": "Ethiope East", "state": "de"}}, {"type": "Feature", "geometry": {"type": "Polygon", "coordinates": [[[5.78384, 5.47797], [5.80534, 5.48828], [5.83568, 5.49196], [5.83008, 5.48261], [5.82396, 5.47304], [5.82026, 5.47029], [5.81322, 5.46869], [5.80143, 5.4666], [5.80271, 5.46224], [5.80745, 5.45836], [5.80972, 5.45492], [5.81676, 5.45295], [5.82298, 5.45183], [5.82621, 5.45193], [5.82873, 5.45271], [5.83108, 5.4535], [5.83487, 5.45766], [5.8368, 5.456], [5.83726, 5.45522], [5.83853, 5.45415], [5.8411, 5.44956], [5.84164, 5.44803], [5.84194, 5.4475], [5.84836, 5.44418], [5.84857, 5.43619], [5.83542, 5.43679], [5.83533, 5.44243], [5.82902, 5.44204], [5.82365, 5.4379], [5.81553, 5.42531], [5.80976, 5.42352], [5.80292, 5.43109], [5.79625, 5.43628], [5.78849, 5.44231], [5.78642, 5.45415], [5.78437, 5.45794], [5.7822, 5.46418], [5.77901, 5.4658], [5.77544, 5.47055], [5.77495, 5.47586], [5.77796, 5.47595], [5.78142, 5.47714], [5.78384, 5.47797]]]}, "properties": {"name": "Emadadja", "lga": "Udu", "state": "de"}}, {"type": "Feature", "geometry": {"type": "Polygon", "coordinates": [[[5.45486, 5.1993], [5.45486, 5.19819], [5.45458, 5.19819], [5.44208, 5.19653], [5.44097, 5.19653], [5.43514, 5.2007], [5.43347, 5.2007], [5.43042, 5.19625], [5.42708, 5.19542], [5.42014, 5.19847], [5.41625, 5.19847], [5.41097, 5.20181], [5.40931, 5.20431], [5.40931, 5.2068], [5.40903, 5.2068], [5.40903, 5.20958], [5.41181, 5.21819], [5.40292, 5.21986], [5.40153, 5.22347], [5.40153, 5.22486], [5.40681, 5.23014], [5.40375, 5.23736], [5.40625, 5.24125], [5.40736, 5.24931], [5.40403, 5.25431], [5.40403, 5.25625], [5.41575, 5.26787], [5.44869, 5.29515], [5.45044, 5.29779], [5.45125, 5.30319], [5.4582, 5.31208], [5.47042, 5.31819], [5.47125, 5.32097], [5.46931, 5.32764], [5.46014, 5.32903], [5.4557, 5.33375], [5.45042, 5.3531], [5.43986, 5.35965], [5.435, 5.36157], [5.43263, 5.36274], [5.43182, 5.36607], [5.46705, 5.37168], [5.51275, 5.39874], [5.51937, 5.40536], [5.52688, 5.40712], [5.53989, 5.39908], [5.54807, 5.3943], [5.55795, 5.38988], [5.57254, 5.38637], [5.5813, 5.38106], [5.5867, 5.37967], [5.5948, 5.37761], [5.60613, 5.37764], [5.61347, 5.38014], [5.63984, 5.38293], [5.65979, 5.38973], [5.66872, 5.39995], [5.67319, 5.40564], [5.68231, 5.41308], [5.69203, 5.41476], [5.69458, 5.41458], [5.6968, 5.41441], [5.70424, 5.41387], [5.7025, 5.41022], [5.69847, 5.40091], [5.70293, 5.39499], [5.70802, 5.39259], [5.71259, 5.39059], [5.71835, 5.38612], [5.71831, 5.38353], [5.71587, 5.37823], [5.71487, 5.37409], [5.70727, 5.36817], [5.67518, 5.37103], [5.64124, 5.36682], [5.6117, 5.35237], [5.59302, 5.33384], [5.60264, 5.32042], [5.60125, 5.31819], [5.60208, 5.31542], [5.59958, 5.31319], [5.59542, 5.31403], [5.59403, 5.3118], [5.58708, 5.30736], [5.58347, 5.30736], [5.57285, 5.30388], [5.56923, 5.30331], [5.55903, 5.30069], [5.55542, 5.30097], [5.54819, 5.29597], [5.54708, 5.29069], [5.54458, 5.28764], [5.54097, 5.28819], [5.53931, 5.29319], [5.53708, 5.29514], [5.5343, 5.29514], [5.53347, 5.29431], [5.53403, 5.28542], [5.52986, 5.28347], [5.52847, 5.27653], [5.52458, 5.27597], [5.52097, 5.27153], [5.51153, 5.27069], [5.5068, 5.27653], [5.50208, 5.27847], [5.48736, 5.2768], [5.48736, 5.27403], [5.49181, 5.26792], [5.49347, 5.25792], [5.48958, 5.25375], [5.48097, 5.25264], [5.47069, 5.23958], [5.46403, 5.24069], [5.45764, 5.23625], [5.45708, 5.23264], [5.4607, 5.22792], [5.4607, 5.22764], [5.46125, 5.22264], [5.46125, 5.22209], [5.45486, 5.1993]]]}, "properties": {"name": "Kiagbodo", "lga": "Burutu", "state": "de"}}, {"type": "Feature", "geometry": {"type": "Polygon", "coordinates": [[[5.76418, 5.99781], [5.785, 5.98551], [5.77853, 5.98201], [5.7761, 5.97899], [5.7719, 5.97906], [5.76829, 5.98175], [5.76596, 5.98041], [5.7657, 5.9767], [5.76429, 5.97332], [5.76028, 5.97063], [5.75775, 5.96833], [5.75561, 5.96736], [5.75282, 5.96777], [5.75086, 5.96697], [5.75089, 5.96428], [5.75367, 5.96205], [5.75457, 5.95971], [5.75242, 5.95675], [5.74889, 5.95633], [5.74769, 5.95538], [5.74835, 5.9537], [5.74971, 5.95091], [5.74857, 5.94652], [5.74592, 5.94535], [5.74308, 5.94758], [5.74081, 5.94932], [5.73825, 5.94847], [5.73644, 5.94489], [5.73484, 5.94357], [5.73049, 5.94552], [5.72728, 5.94606], [5.72452, 5.94477], [5.72423, 5.94269], [5.72552, 5.94048], [5.7284, 5.94023], [5.73232, 5.93876], [5.73411, 5.93633], [5.73397, 5.93373], [5.73181, 5.93191], [5.72929, 5.93195], [5.7262, 5.93005], [5.72513, 5.92556], [5.72404, 5.92366], [5.72182, 5.92292], [5.71841, 5.92473], [5.7182, 5.93037], [5.71823, 5.93191], [5.71332, 5.93463], [5.70905, 5.93099], [5.70577, 5.92774], [5.7009, 5.9242], [5.69935, 5.92071], [5.69685, 5.91851], [5.69786, 5.91322], [5.70072, 5.91008], [5.70093, 5.90556], [5.69905, 5.90396], [5.69194, 5.90218], [5.68183, 5.90378], [5.66436, 5.92409], [5.66604, 5.9259], [5.66928, 5.92452], [5.66995, 5.9254], [5.67159, 5.9274], [5.67222, 5.92876], [5.67122, 5.93038], [5.67743, 5.93536], [5.67918, 5.93583], [5.68168, 5.93686], [5.68783, 5.94425], [5.69112, 5.94531], [5.69251, 5.94614], [5.69375, 5.94777], [5.69459, 5.94915], [5.69501, 5.94945], [5.69679, 5.9717], [5.71074, 5.97013], [5.71559, 5.97641], [5.72587, 5.9914], [5.72787, 5.99369], [5.74529, 6.00898], [5.75693, 6.00209], [5.76418, 5.99781]]]}, "properties": {"name": "Ogharefe 1 / Oghara 1", "lga": "Ethiope West", "state": "de"}}, {"type": "Feature", "geometry": {"type": "Polygon", "coordinates": [[[6.21703, 6.11095], [6.21599, 6.12215], [6.21762, 6.12859], [6.22435, 6.15709], [6.20404, 6.16155], [6.19586, 6.16035], [6.19043, 6.15877], [6.18396, 6.15678], [6.18023, 6.15704], [6.17804, 6.15885], [6.17625, 6.16408], [6.17427, 6.16717], [6.17194, 6.16888], [6.16362, 6.17079], [6.16434, 6.18286], [6.16708, 6.19001], [6.1722, 6.20117], [6.1769, 6.2109], [6.19082, 6.21508], [6.19716, 6.22082], [6.20019, 6.22722], [6.20049, 6.22873], [6.2007, 6.2315], [6.20031, 6.23309], [6.22187, 6.23421], [6.22375, 6.24081], [6.23078, 6.24617], [6.23389, 6.25089], [6.24199, 6.25444], [6.24611, 6.24615], [6.2482, 6.23369], [6.25097, 6.22261], [6.24687, 6.21865], [6.24643, 6.21499], [6.24471, 6.21094], [6.24369, 6.21009], [6.24049, 6.20615], [6.2376, 6.20007], [6.23435, 6.20171], [6.23387, 6.19938], [6.23172, 6.18987], [6.22799, 6.17337], [6.23986, 6.16807], [6.24112, 6.1659], [6.24355, 6.16457], [6.2568, 6.14707], [6.26846, 6.13], [6.26634, 6.12513], [6.26404, 6.12144], [6.25541, 6.11263], [6.26148, 6.10204], [6.26597, 6.09631], [6.26264, 6.09266], [6.25405, 6.08902], [6.24591, 6.08534], [6.24247, 6.08679], [6.2365, 6.0885], [6.23126, 6.09228], [6.22042, 6.10721], [6.21703, 6.11095]]]}, "properties": {"name": "Owa-Oyibu", "lga": "Ika North East", "state": "de"}}, {"type": "Feature", "geometry": {"type": "Polygon", "coordinates": [[[5.43244, 5.66327], [5.4332, 5.65802], [5.43504, 5.65227], [5.41279, 5.64701], [5.39924, 5.63728], [5.38781, 5.60804], [5.37353, 5.59852], [5.35122, 5.59614], [5.30125, 5.61399], [5.30321, 5.62686], [5.30018, 5.63753], [5.30969, 5.66974], [5.32138, 5.70962], [5.32071, 5.72126], [5.32122, 5.72436], [5.32443, 5.72941], [5.33818, 5.7231], [5.38604, 5.72081], [5.43402, 5.70889], [5.45677, 5.68531], [5.45163, 5.67838], [5.442, 5.67386], [5.4336, 5.66875], [5.43244, 5.66327]]]}, "properties": {"name": "Abigborodo", "lga": "Warri North", "state": "de"}}, {"type": "Feature", "geometry": {"type": "Polygon", "coordinates": [[[6.20263, 6.05375], [6.19552, 6.05446], [6.19322, 6.05639], [6.1857, 6.06604], [6.17682, 6.07498], [6.1693, 6.08255], [6.17664, 6.08372], [6.17455, 6.10214], [6.17509, 6.10322], [6.17652, 6.10488], [6.2189, 6.09592], [6.23126, 6.09228], [6.2365, 6.0885], [6.24247, 6.08679], [6.24591, 6.08534], [6.24556, 6.07407], [6.24405, 6.05959], [6.24436, 6.05403], [6.24093, 6.05582], [6.23389, 6.0555], [6.22779, 6.05413], [6.22048, 6.05314], [6.21096, 6.05294], [6.20263, 6.05375]]]}, "properties": {"name": "Abavo Central", "lga": "Ika South", "state": "de"}}, {"type": "Feature", "geometry": {"type": "Polygon", "coordinates": [[[6.10417, 6.27146], [6.09027, 6.26712], [6.08486, 6.26354], [6.07663, 6.27872], [6.08611, 6.28921], [6.08604, 6.30377], [6.08802, 6.31835], [6.11304, 6.34907], [6.11777, 6.35152], [6.12246, 6.35396], [6.12661, 6.35612], [6.14093, 6.34861], [6.15048, 6.34244], [6.15866, 6.33697], [6.16752, 6.33149], [6.18, 6.32159], [6.18049, 6.3212], [6.1887, 6.30948], [6.17729, 6.29978], [6.16945, 6.29671], [6.15887, 6.29355], [6.15533, 6.28989], [6.12747, 6.27842], [6.10417, 6.27146]]]}, "properties": {"name": "Ozanogogo / Ihuozomor (Ozanogogo Alisimie)", "lga": "Ika South", "state": "de"}}, {"type": "Feature", "geometry": {"type": "Polygon", "coordinates": [[[6.71225, 6.35495], [6.70594, 6.35362], [6.70172, 6.35441], [6.69775, 6.35229], [6.6956, 6.35627], [6.69303, 6.35418], [6.68907, 6.35284], [6.68774, 6.35056], [6.68662, 6.3483], [6.68453, 6.34675], [6.68225, 6.34849], [6.68001, 6.34537], [6.68139, 6.34297], [6.67698, 6.34116], [6.67009, 6.36501], [6.66064, 6.37625], [6.64846, 6.36474], [6.65184, 6.3718], [6.65593, 6.3758], [6.64759, 6.37779], [6.63889, 6.38667], [6.63833, 6.39755], [6.63338, 6.39635], [6.62887, 6.40224], [6.62201, 6.40091], [6.62061, 6.4063], [6.62321, 6.41549], [6.62968, 6.41993], [6.62956, 6.42406], [6.62889, 6.43171], [6.63386, 6.43757], [6.63696, 6.44309], [6.64672, 6.45073], [6.67162, 6.48177], [6.67386, 6.46833], [6.67544, 6.46583], [6.68177, 6.45574], [6.68522, 6.4426], [6.68867, 6.43222], [6.69977, 6.38169], [6.70731, 6.36858], [6.71225, 6.35495]]]}, "properties": {"name": "Illah", "lga": "Oshimili North", "state": "de"}}, {"type": "Feature", "geometry": {"type": "Polygon", "coordinates": [[[6.64846, 6.36474], [6.66064, 6.37625], [6.67009, 6.36501], [6.67698, 6.34116], [6.68081, 6.33363], [6.68163, 6.3318], [6.68567, 6.3184], [6.69059, 6.31107], [6.68862, 6.30518], [6.68522, 6.30155], [6.68369, 6.29524], [6.68055, 6.29184], [6.67214, 6.28883], [6.65474, 6.28798], [6.63587, 6.29489], [6.63153, 6.28804], [6.62966, 6.28485], [6.62633, 6.28274], [6.62372, 6.28068], [6.62034, 6.2761], [6.60348, 6.27023], [6.60165, 6.27269], [6.59412, 6.28303], [6.58153, 6.29117], [6.5736, 6.3106], [6.56677, 6.31817], [6.56604, 6.32787], [6.57273, 6.35289], [6.57266, 6.36954], [6.57283, 6.37071], [6.57757, 6.36583], [6.58051, 6.36468], [6.58752, 6.37445], [6.59586, 6.38401], [6.59906, 6.38413], [6.6054, 6.38494], [6.61089, 6.38066], [6.61256, 6.3792], [6.61417, 6.37233], [6.6171, 6.37243], [6.62149, 6.37014], [6.62796, 6.36473], [6.63402, 6.36459], [6.63975, 6.36557], [6.64846, 6.36474]]]}, "properties": {"name": "Atuma Akwukwu-Igbo", "lga": "Oshimili North", "state": "de"}}, {"type": "Feature", "geometry": {"type": "Polygon", "coordinates": [[[6.2622, 6.2983], [6.25468, 6.30656], [6.24664, 6.31265], [6.25394, 6.31903], [6.26137, 6.33227], [6.27084, 6.34345], [6.28166, 6.35741], [6.29032, 6.36187], [6.31278, 6.36732], [6.31613, 6.35789], [6.31708, 6.35409], [6.32888, 6.33296], [6.30007, 6.3146], [6.29102, 6.30555], [6.27851, 6.29696], [6.27379, 6.29077], [6.2622, 6.2983]]]}, "properties": {"name": "Mbiri", "lga": "Ika North East", "state": "de"}}, {"type": "Feature", "geometry": {"type": "Polygon", "coordinates": [[[6.67162, 6.48177], [6.64672, 6.45073], [6.63696, 6.44309], [6.62824, 6.44897], [6.62128, 6.44547], [6.61216, 6.44601], [6.6059, 6.45527], [6.5989, 6.45915], [6.59299, 6.46452], [6.58733, 6.47081], [6.58618, 6.47796], [6.57324, 6.48871], [6.57427, 6.4916], [6.5755, 6.49508], [6.5765, 6.49536], [6.57836, 6.49588], [6.58569, 6.49794], [6.59432, 6.49853], [6.59725, 6.49873], [6.60881, 6.49952], [6.6189, 6.49652], [6.62127, 6.49581], [6.62243, 6.49547], [6.63265, 6.48932], [6.64626, 6.48873], [6.64935, 6.49098], [6.65637, 6.49606], [6.65981, 6.49856], [6.66892, 6.50123], [6.67162, 6.48177]]]}, "properties": {"name": "Ebu", "lga": "Oshimili North", "state": "de"}}, {"type": "Feature", "geometry": {"type": "Polygon", "coordinates": [[[6.71225, 6.35495], [6.71702, 6.32497], [6.72313, 6.26558], [6.70581, 6.2618], [6.69925, 6.23576], [6.69484, 6.21824], [6.69084, 6.20237], [6.65032, 6.21665], [6.6472, 6.21854], [6.64322, 6.22265], [6.63705, 6.23025], [6.63326, 6.23304], [6.63445, 6.23621], [6.62625, 6.24654], [6.61532, 6.25685], [6.60781, 6.26442], [6.60729, 6.26511], [6.60348, 6.27023], [6.62034, 6.2761], [6.62372, 6.28068], [6.62633, 6.28274], [6.62966, 6.28485], [6.63153, 6.28804], [6.63587, 6.29489], [6.65474, 6.28798], [6.67214, 6.28883], [6.68055, 6.29184], [6.68369, 6.29524], [6.68486, 6.30081], [6.68522, 6.30155], [6.68862, 6.30518], [6.69059, 6.31107], [6.68567, 6.3184], [6.68163, 6.3318], [6.68081, 6.33363], [6.67698, 6.34116], [6.68139, 6.34297], [6.68001, 6.34537], [6.68225, 6.34849], [6.68453, 6.34675], [6.68662, 6.3483], [6.68774, 6.35056], [6.68907, 6.35284], [6.69303, 6.35418], [6.6956, 6.35627], [6.69775, 6.35229], [6.70172, 6.35441], [6.70594, 6.35362], [6.71225, 6.35495]]]}, "properties": {"name": "Okpanam / Ugbolu", "lga": "Oshimili North", "state": "de"}}, {"type": "Feature", "geometry": {"type": "Polygon", "coordinates": [[[6.63696, 6.44309], [6.63386, 6.43757], [6.62889, 6.43171], [6.62956, 6.42406], [6.62968, 6.41993], [6.62321, 6.41549], [6.62061, 6.4063], [6.62201, 6.40091], [6.62887, 6.40224], [6.63338, 6.39635], [6.63833, 6.39755], [6.63889, 6.38667], [6.64759, 6.37779], [6.65593, 6.3758], [6.65184, 6.3718], [6.64846, 6.36474], [6.63975, 6.36557], [6.63402, 6.36459], [6.62796, 6.36473], [6.62149, 6.37014], [6.6171, 6.37243], [6.61417, 6.37233], [6.61256, 6.3792], [6.61089, 6.38066], [6.6054, 6.38494], [6.59906, 6.38413], [6.59586, 6.38401], [6.58752, 6.37445], [6.58051, 6.36468], [6.57757, 6.36583], [6.57283, 6.37071], [6.57464, 6.38342], [6.57461, 6.38906], [6.57459, 6.39382], [6.5755, 6.39823], [6.57659, 6.40355], [6.57926, 6.41467], [6.57786, 6.42506], [6.57441, 6.43543], [6.57093, 6.45274], [6.5708, 6.48186], [6.57324, 6.48871], [6.58618, 6.47796], [6.58733, 6.47081], [6.59299, 6.46452], [6.5989, 6.45915], [6.6059, 6.45527], [6.61216, 6.44601], [6.62128, 6.44547], [6.62824, 6.44897], [6.63696, 6.44309]]]}, "properties": {"name": "Ukalla / Anwalo", "lga": "Oshimili North", "state": "de"}}, {"type": "Feature", "geometry": {"type": "Polygon", "coordinates": [[[6.69084, 6.20237], [6.68819, 6.19187], [6.68744, 6.18888], [6.68485, 6.18825], [6.67685, 6.18686], [6.66136, 6.18384], [6.65478, 6.18436], [6.65151, 6.18464], [6.64101, 6.18332], [6.63992, 6.18357], [6.6382, 6.18462], [6.63667, 6.18526], [6.6301, 6.18583], [6.62622, 6.18622], [6.62462, 6.18615], [6.62075, 6.19284], [6.61474, 6.19879], [6.61625, 6.20069], [6.62504, 6.21186], [6.62853, 6.22062], [6.62975, 6.22369], [6.63326, 6.23304], [6.65032, 6.21665], [6.69084, 6.20237]]]}, "properties": {"name": "Umuodafe", "lga": "Oshimili North", "state": "de"}}, {"type": "Feature", "geometry": {"type": "Polygon", "coordinates": [[[5.74637, 5.76419], [5.74164, 5.75652], [5.73287, 5.7405], [5.72543, 5.73142], [5.72596, 5.71992], [5.71566, 5.71396], [5.70757, 5.71434], [5.68515, 5.70894], [5.67892, 5.70813], [5.66914, 5.70671], [5.66321, 5.70488], [5.65062, 5.70068], [5.63941, 5.69798], [5.63308, 5.70655], [5.61813, 5.71854], [5.62979, 5.72556], [5.63827, 5.73017], [5.64421, 5.73626], [5.66013, 5.74861], [5.66578, 5.7559], [5.66846, 5.75842], [5.6695, 5.76095], [5.67202, 5.76482], [5.67411, 5.76898], [5.67461, 5.77054], [5.67461, 5.77401], [5.6743, 5.77552], [5.74637, 5.76419]]]}, "properties": {"name": "Elume", "lga": "Sapele", "state": "de"}}, {"type": "Feature", "geometry": {"type": "Polygon", "coordinates": [[[5.811, 5.4891], [5.80534, 5.48828], [5.80291, 5.48728], [5.78439, 5.50827], [5.784, 5.51596], [5.78695, 5.51666], [5.79502, 5.51634], [5.80049, 5.51826], [5.80554, 5.51469], [5.80619, 5.51288], [5.8072, 5.5126], [5.8093, 5.51255], [5.81, 5.51333], [5.80969, 5.51436], [5.80838, 5.51483], [5.80773, 5.51576], [5.80762, 5.51675], [5.80842, 5.51802], [5.80987, 5.51797], [5.81046, 5.517], [5.811, 5.51434], [5.81181, 5.51404], [5.81305, 5.51423], [5.8143, 5.51575], [5.81548, 5.51633], [5.81623, 5.51574], [5.81492, 5.51329], [5.81046, 5.50543], [5.81401, 5.50663], [5.81376, 5.49047], [5.81317, 5.4896], [5.811, 5.4891]]]}, "properties": {"name": "Ekete", "lga": "Udu", "state": "de"}}, {"type": "Feature", "geometry": {"type": "Polygon", "coordinates": [[[5.83008, 5.48261], [5.83568, 5.49196], [5.82292, 5.49074], [5.81443, 5.48957], [5.81317, 5.4896], [5.81376, 5.49047], [5.81401, 5.50663], [5.81046, 5.50543], [5.82373, 5.52912], [5.83279, 5.5277], [5.83188, 5.52252], [5.8318, 5.51932], [5.83208, 5.51741], [5.83532, 5.51754], [5.83824, 5.51832], [5.83934, 5.51966], [5.84056, 5.51983], [5.84083, 5.5187], [5.84349, 5.51833], [5.84535, 5.5207], [5.85096, 5.52213], [5.85833, 5.51269], [5.86178, 5.50093], [5.85487, 5.49302], [5.85162, 5.48802], [5.84829, 5.48572], [5.83008, 5.48261]]]}, "properties": {"name": "Orhuwhorun", "lga": "Udu", "state": "de"}}, {"type": "Feature", "geometry": {"type": "Polygon", "coordinates": [[[5.77901, 5.4658], [5.7822, 5.46418], [5.78437, 5.45794], [5.78642, 5.45415], [5.78849, 5.44231], [5.77698, 5.44384], [5.76731, 5.44816], [5.7629, 5.45747], [5.75907, 5.46616], [5.75285, 5.46719], [5.74896, 5.46864], [5.75054, 5.47428], [5.74586, 5.47821], [5.74372, 5.48292], [5.75585, 5.49582], [5.76075, 5.49227], [5.76692, 5.488], [5.7716, 5.48796], [5.77437, 5.48626], [5.77495, 5.47586], [5.77544, 5.47055], [5.77901, 5.4658]]]}, "properties": {"name": "Aladja", "lga": "Udu", "state": "de"}}, {"type": "Feature", "geometry": {"type": "Polygon", "coordinates": [[[5.86553, 5.42121], [5.85468, 5.41349], [5.8411, 5.40852], [5.8275, 5.41049], [5.81455, 5.41524], [5.80976, 5.42352], [5.81553, 5.42531], [5.82365, 5.4379], [5.82902, 5.44204], [5.83533, 5.44243], [5.83542, 5.43679], [5.87711, 5.43582], [5.88186, 5.43448], [5.88321, 5.43243], [5.884, 5.43126], [5.88561, 5.43121], [5.86553, 5.42121]]]}, "properties": {"name": "Ogbe Udu", "lga": "Udu", "state": "de"}}, {"type": "Feature", "geometry": {"type": "Polygon", "coordinates": [[[6.72975, 6.20353], [6.72742, 6.19997], [6.72662, 6.19913], [6.72567, 6.19719], [6.72401, 6.19638], [6.72323, 6.19562], [6.72192, 6.19497], [6.71891, 6.1944], [6.71505, 6.19368], [6.71729, 6.19287], [6.71949, 6.19174], [6.71842, 6.19024], [6.71841, 6.18874], [6.71814, 6.18809], [6.71766, 6.18751], [6.7172, 6.18722], [6.71611, 6.18695], [6.71626, 6.18671], [6.71853, 6.18525], [6.71819, 6.18332], [6.70081, 6.16994], [6.69897, 6.17187], [6.69645, 6.1745], [6.69349, 6.17759], [6.69193, 6.1802], [6.69011, 6.18325], [6.68744, 6.18888], [6.68819, 6.19187], [6.69084, 6.20237], [6.69657, 6.2003], [6.69994, 6.20988], [6.70239, 6.21484], [6.7114, 6.21113], [6.71351, 6.20916], [6.71483, 6.20787], [6.71595, 6.20701], [6.72975, 6.20353]]]}, "properties": {"name": "Umuagu", "lga": "Oshimili South", "state": "de"}}, {"type": "Feature", "geometry": {"type": "Polygon", "coordinates": [[[6.72975, 6.20353], [6.73052, 6.20584], [6.73102, 6.20951], [6.73592, 6.21091], [6.73769, 6.2156], [6.73746, 6.21498], [6.73885, 6.21865], [6.7427, 6.20937], [6.74617, 6.20413], [6.74464, 6.20242], [6.7379, 6.19823], [6.73711, 6.19938], [6.73465, 6.20086], [6.73353, 6.19982], [6.73277, 6.19893], [6.73203, 6.1975], [6.73156, 6.19435], [6.73033, 6.19308], [6.72636, 6.18954], [6.71853, 6.18525], [6.71626, 6.18671], [6.71814, 6.18809], [6.71841, 6.18874], [6.71842, 6.19024], [6.71949, 6.19174], [6.71729, 6.19287], [6.71505, 6.19368], [6.71891, 6.1944], [6.72192, 6.19497], [6.72323, 6.19562], [6.72401, 6.19638], [6.72567, 6.19719], [6.72662, 6.19913], [6.72742, 6.19997], [6.72975, 6.20353]]]}, "properties": {"name": "Umuonaje", "lga": "Oshimili South", "state": "de"}}, {"type": "Feature", "geometry": {"type": "Polygon", "coordinates": [[[6.73885, 6.21865], [6.73746, 6.21498], [6.73769, 6.2156], [6.73592, 6.21091], [6.73102, 6.20951], [6.73052, 6.20584], [6.72975, 6.20353], [6.71595, 6.20701], [6.71483, 6.20787], [6.71351, 6.20916], [6.7114, 6.21113], [6.70239, 6.21484], [6.70392, 6.21884], [6.70405, 6.22131], [6.70363, 6.22493], [6.7163, 6.22666], [6.72458, 6.23357], [6.73211, 6.23399], [6.73265, 6.23461], [6.73582, 6.22596], [6.73885, 6.21865]]]}, "properties": {"name": "Ugbomanta", "lga": "Oshimili South", "state": "de"}}, {"type": "Feature", "geometry": {"type": "Polygon", "coordinates": [[[6.76259, 6.18563], [6.76289, 6.18539], [6.7673, 6.18184], [6.7694, 6.16798], [6.76866, 6.16582], [6.76002, 6.17598], [6.7499, 6.17255], [6.74825, 6.17271], [6.74822, 6.17594], [6.74687, 6.18132], [6.74594, 6.18352], [6.7451, 6.18533], [6.74413, 6.18732], [6.74651, 6.19103], [6.74798, 6.19344], [6.74791, 6.19396], [6.74902, 6.19514], [6.7512, 6.19652], [6.75365, 6.19282], [6.76259, 6.18563]]]}, "properties": {"name": "Akuebolu", "lga": "Oshimili South", "state": "de"}}, {"type": "Feature", "geometry": {"type": "Polygon", "coordinates": [[[6.30827, 6.24543], [6.30821, 6.2429], [6.30036, 6.24481], [6.28727, 6.25004], [6.2773, 6.25316], [6.28141, 6.25824], [6.28407, 6.27282], [6.28062, 6.28458], [6.27379, 6.29077], [6.27851, 6.29696], [6.29102, 6.30555], [6.30007, 6.3146], [6.32888, 6.33296], [6.32983, 6.33048], [6.33231, 6.32572], [6.33345, 6.32211], [6.33764, 6.31563], [6.34316, 6.30612], [6.34506, 6.30174], [6.35512, 6.28849], [6.31055, 6.26557], [6.30827, 6.24543]]]}, "properties": {"name": "Umunede", "lga": "Ika North East", "state": "de"}}, {"type": "Feature", "geometry": {"type": "Polygon", "coordinates": [[[6.21803, 5.52192], [6.20847, 5.53017], [6.20468, 5.53399], [6.21544, 5.54234], [6.21954, 5.54549], [6.22136, 5.54705], [6.22251, 5.54781], [6.22443, 5.54865], [6.22739, 5.54953], [6.2271, 5.54169], [6.22824, 5.53869], [6.22898, 5.53691], [6.22984, 5.53524], [6.24753, 5.52277], [6.25851, 5.52009], [6.25317, 5.51642], [6.24601, 5.50895], [6.23644, 5.5089], [6.22621, 5.51645], [6.21803, 5.52192]]]}, "properties": {"name": "Ozoro 2", "lga": "Isoko North", "state": "de"}}, {"type": "Feature", "geometry": {"type": "Polygon", "coordinates": [[[6.15183, 5.48478], [6.14304, 5.4743], [6.13765, 5.46247], [6.13293, 5.45341], [6.12618, 5.44226], [6.11595, 5.43294], [6.11588, 5.43288], [6.108, 5.44351], [6.10722, 5.4443], [6.10672, 5.44466], [6.1043, 5.44628], [6.10446, 5.44754], [6.10444, 5.44823], [6.10464, 5.44889], [6.10798, 5.45631], [6.11628, 5.46339], [6.11723, 5.46467], [6.11776, 5.46554], [6.11888, 5.46745], [6.12192, 5.47444], [6.12583, 5.49083], [6.11199, 5.49617], [6.11098, 5.49692], [6.10805, 5.4997], [6.11516, 5.50491], [6.11672, 5.50652], [6.11939, 5.5088], [6.12234, 5.51063], [6.13672, 5.5178], [6.16455, 5.51884], [6.16612, 5.51821], [6.16867, 5.51648], [6.17592, 5.50908], [6.17187, 5.50282], [6.16171, 5.49233], [6.15183, 5.48478]]]}, "properties": {"name": "Owhe 2", "lga": "Isoko North", "state": "de"}}, {"type": "Feature", "geometry": {"type": "Polygon", "coordinates": [[[6.10788, 5.49944], [6.09718, 5.49116], [6.07469, 5.48123], [6.07305, 5.48025], [6.08022, 5.47161], [6.0769, 5.47057], [6.07532, 5.46953], [6.07457, 5.46847], [6.07427, 5.46589], [6.07483, 5.46262], [6.07749, 5.45619], [6.0741, 5.45531], [6.07352, 5.45463], [6.07276, 5.45299], [6.07169, 5.44982], [6.0699, 5.44635], [6.06866, 5.44549], [6.06754, 5.44404], [6.06725, 5.44347], [6.06478, 5.43512], [6.06268, 5.43788], [6.06198, 5.4388], [6.05648, 5.45331], [6.05573, 5.46856], [6.05651, 5.47375], [6.05771, 5.48176], [6.06244, 5.49012], [6.06917, 5.50474], [6.07254, 5.51309], [6.07659, 5.51884], [6.0801, 5.51633], [6.09274, 5.51055], [6.10788, 5.49944]]]}, "properties": {"name": "Iyede 2", "lga": "Isoko North", "state": "de"}}, {"type": "Feature", "geometry": {"type": "Polygon", "coordinates": [[[6.28125, 5.5434], [6.27577, 5.53419], [6.26494, 5.5244], [6.25859, 5.52014], [6.25851, 5.52009], [6.24753, 5.52277], [6.22984, 5.53524], [6.22898, 5.53691], [6.22824, 5.53869], [6.2271, 5.54169], [6.22739, 5.54953], [6.22443, 5.54865], [6.22251, 5.54781], [6.22136, 5.54705], [6.21937, 5.55048], [6.21465, 5.55038], [6.20851, 5.55566], [6.20889, 5.55778], [6.20668, 5.55987], [6.20768, 5.56075], [6.20479, 5.56387], [6.20915, 5.56741], [6.20994, 5.57468], [6.20593, 5.58022], [6.21774, 5.57627], [6.22002, 5.57177], [6.22234, 5.56708], [6.22404, 5.56428], [6.22386, 5.56043], [6.24036, 5.5631], [6.24274, 5.55456], [6.24888, 5.55654], [6.25276, 5.5577], [6.25415, 5.55905], [6.25796, 5.56337], [6.26417, 5.57022], [6.26825, 5.56601], [6.26977, 5.5676], [6.2724, 5.56939], [6.2742, 5.56924], [6.27527, 5.56963], [6.27639, 5.57041], [6.27835, 5.57469], [6.28744, 5.57138], [6.29211, 5.57193], [6.29254, 5.56561], [6.2976, 5.56334], [6.29304, 5.55676], [6.28847, 5.55775], [6.28736, 5.55675], [6.28352, 5.55387], [6.28597, 5.55107], [6.28125, 5.5434]]]}, "properties": {"name": "Ozoro 3", "lga": "Isoko North", "state": "de"}}, {"type": "Feature", "geometry": {"type": "Polygon", "coordinates": [[[6.16817, 5.59619], [6.17004, 5.58925], [6.17755, 5.57049], [6.17084, 5.56531], [6.1689, 5.56298], [6.16615, 5.56082], [6.1648, 5.56032], [6.16091, 5.55869], [6.14212, 5.54212], [6.13362, 5.5414], [6.1288, 5.53803], [6.12341, 5.53276], [6.12124, 5.51559], [6.12072, 5.51451], [6.11844, 5.51277], [6.11764, 5.51168], [6.11693, 5.50954], [6.11672, 5.50652], [6.11516, 5.50491], [6.10805, 5.4997], [6.10788, 5.49944], [6.09274, 5.51055], [6.0801, 5.51633], [6.07659, 5.51884], [6.07794, 5.52076], [6.08675, 5.52707], [6.10238, 5.53136], [6.11119, 5.53768], [6.11658, 5.54813], [6.11585, 5.55991], [6.11238, 5.57514], [6.11506, 5.58487], [6.12387, 5.59257], [6.13307, 5.59473], [6.1361, 5.59545], [6.14698, 5.59484], [6.1633, 5.59429], [6.16817, 5.59619]]]}, "properties": {"name": "Emevor", "lga": "Isoko North", "state": "de"}}, {"type": "Feature", "geometry": {"type": "Polygon", "coordinates": [[[6.20468, 5.53399], [6.20095, 5.53773], [6.19538, 5.54284], [6.18091, 5.56394], [6.18483, 5.56702], [6.18857, 5.57422], [6.19008, 5.58018], [6.1902, 5.58158], [6.19012, 5.58277], [6.20032, 5.59185], [6.20133, 5.58733], [6.20323, 5.584], [6.20593, 5.58022], [6.20994, 5.57468], [6.20915, 5.56741], [6.20479, 5.56387], [6.20768, 5.56075], [6.20668, 5.55987], [6.20889, 5.55778], [6.20851, 5.55566], [6.21465, 5.55038], [6.21937, 5.55048], [6.22136, 5.54705], [6.21954, 5.54549], [6.21544, 5.54234], [6.20468, 5.53399]]]}, "properties": {"name": "Ozoro 1", "lga": "Isoko North", "state": "de"}}, {"type": "Feature", "geometry": {"type": "Polygon", "coordinates": [[[6.45619, 5.44607], [6.45347, 5.4394], [6.44619, 5.43273], [6.43275, 5.42996], [6.42255, 5.42987], [6.41099, 5.43116], [6.39328, 5.43795], [6.39103, 5.4393], [6.38717, 5.43921], [6.38227, 5.44215], [6.38272, 5.44676], [6.38014, 5.44981], [6.3759, 5.45051], [6.37305, 5.45169], [6.37164, 5.45371], [6.37175, 5.45668], [6.37446, 5.46015], [6.37645, 5.46299], [6.37833, 5.46548], [6.38232, 5.46629], [6.38498, 5.46748], [6.38676, 5.46453], [6.38955, 5.46374], [6.43103, 5.46517], [6.44589, 5.46305], [6.45013, 5.45971], [6.45468, 5.45638], [6.4565, 5.45335], [6.45619, 5.44607]]]}, "properties": {"name": "Oyede", "lga": "Isoko North", "state": "de"}}, {"type": "Feature", "geometry": {"type": "Polygon", "coordinates": [[[6.23664, 5.61917], [6.24819, 5.61996], [6.26519, 5.62149], [6.27742, 5.62297], [6.29032, 5.62724], [6.30323, 5.63012], [6.31206, 5.63228], [6.30516, 5.6192], [6.30114, 5.61176], [6.25276, 5.5577], [6.24888, 5.55654], [6.24274, 5.55456], [6.24036, 5.5631], [6.22386, 5.56043], [6.22404, 5.56428], [6.22234, 5.56708], [6.22002, 5.57177], [6.21774, 5.57627], [6.20593, 5.58022], [6.20323, 5.584], [6.20133, 5.58733], [6.20032, 5.59185], [6.19012, 5.58277], [6.1902, 5.58158], [6.19008, 5.58018], [6.18857, 5.57422], [6.18483, 5.56702], [6.18091, 5.56394], [6.17755, 5.57049], [6.17004, 5.58925], [6.16817, 5.59619], [6.17416, 5.59854], [6.18162, 5.60415], [6.19449, 5.61466], [6.21146, 5.62173], [6.22099, 5.61973], [6.23664, 5.61917]]]}, "properties": {"name": "Owhe 1", "lga": "Isoko North", "state": "de"}}, {"type": "Feature", "geometry": {"type": "Polygon", "coordinates": [[[5.74303, 5.60743], [5.74144, 5.60861], [5.74221, 5.61198], [5.72931, 5.61256], [5.7141, 5.61487], [5.70918, 5.62778], [5.69717, 5.62177], [5.69573, 5.61815], [5.68769, 5.62065], [5.68333, 5.62538], [5.68457, 5.63087], [5.68097, 5.64404], [5.67715, 5.64631], [5.68022, 5.65129], [5.69649, 5.64701], [5.69242, 5.6618], [5.68559, 5.66798], [5.67604, 5.67484], [5.66716, 5.68378], [5.65896, 5.69203], [5.65062, 5.70068], [5.66321, 5.70488], [5.66914, 5.70671], [5.67892, 5.70813], [5.68515, 5.70894], [5.68819, 5.68929], [5.70045, 5.68331], [5.71635, 5.68535], [5.72591, 5.68673], [5.73057, 5.68607], [5.74924, 5.68441], [5.75292, 5.68399], [5.75484, 5.67881], [5.75569, 5.67621], [5.7522, 5.63446], [5.75039, 5.63034], [5.7478, 5.62445], [5.76077, 5.6185], [5.75833, 5.61797], [5.74303, 5.60743]]]}, "properties": {"name": "Mereje", "lga": "Okpe", "state": "de"}}, {"type": "Feature", "geometry": {"type": "Polygon", "coordinates": [[[6.11588, 5.43288], [6.11438, 5.4316], [6.10626, 5.42113], [6.09543, 5.40995], [6.08798, 5.40434], [6.08044, 5.41676], [6.07088, 5.42708], [6.06478, 5.43512], [6.06725, 5.44347], [6.06754, 5.44404], [6.06866, 5.44549], [6.0699, 5.44635], [6.07169, 5.44982], [6.07276, 5.45299], [6.07352, 5.45463], [6.0741, 5.45531], [6.07749, 5.45619], [6.07483, 5.46262], [6.07427, 5.46589], [6.07457, 5.46847], [6.07532, 5.46953], [6.0769, 5.47057], [6.08022, 5.47161], [6.07305, 5.48025], [6.07469, 5.48123], [6.09718, 5.49116], [6.10788, 5.49944], [6.10805, 5.4997], [6.11098, 5.49692], [6.11199, 5.49617], [6.12583, 5.49083], [6.12192, 5.47444], [6.11888, 5.46745], [6.11776, 5.46554], [6.11723, 5.46467], [6.11628, 5.46339], [6.10798, 5.45631], [6.10464, 5.44889], [6.10444, 5.44823], [6.10446, 5.44754], [6.1043, 5.44628], [6.10672, 5.44466], [6.10722, 5.4443], [6.108, 5.44351], [6.11588, 5.43288]]]}, "properties": {"name": "Iyede 1", "lga": "Isoko North", "state": "de"}}, {"type": "Feature", "geometry": {"type": "Polygon", "coordinates": [[[6.16455, 5.51884], [6.13672, 5.5178], [6.12234, 5.51063], [6.11939, 5.5088], [6.11672, 5.50652], [6.11693, 5.50954], [6.11764, 5.51168], [6.11844, 5.51277], [6.12072, 5.51451], [6.12124, 5.51559], [6.12341, 5.53276], [6.1288, 5.53803], [6.13362, 5.5414], [6.14212, 5.54212], [6.16091, 5.55869], [6.1648, 5.56032], [6.16615, 5.56082], [6.1689, 5.56298], [6.17084, 5.56531], [6.17755, 5.57049], [6.18091, 5.56394], [6.19538, 5.54284], [6.17592, 5.50908], [6.16867, 5.51648], [6.16612, 5.51821], [6.16455, 5.51884]]]}, "properties": {"name": "Owhe 3", "lga": "Isoko North", "state": "de"}}, {"type": "Feature", "geometry": {"type": "Polygon", "coordinates": [[[6.37534, 6.2396], [6.38894, 6.2411], [6.39913, 6.24257], [6.41951, 6.2476], [6.45457, 6.26321], [6.45353, 6.25833], [6.45257, 6.25153], [6.452, 6.23929], [6.44971, 6.2377], [6.44751, 6.23515], [6.44584, 6.23618], [6.44109, 6.23021], [6.4379, 6.22804], [6.43732, 6.22761], [6.43693, 6.22715], [6.43491, 6.22235], [6.43153, 6.21797], [6.4246, 6.2193], [6.41559, 6.21497], [6.40677, 6.20443], [6.40866, 6.19575], [6.41118, 6.18905], [6.40024, 6.17338], [6.39548, 6.17379], [6.37929, 6.17853], [6.38579, 6.18421], [6.38982, 6.19534], [6.37534, 6.2396]]]}, "properties": {"name": "Ubulu-Uku 2", "lga": "Aniocha South", "state": "de"}}, {"type": "Feature", "geometry": {"type": "Polygon", "coordinates": [[[6.54829, 6.2987], [6.5473, 6.28921], [6.54468, 6.28055], [6.53983, 6.27541], [6.5314, 6.26104], [6.50614, 6.2711], [6.48309, 6.28125], [6.48464, 6.28212], [6.49821, 6.28986], [6.50267, 6.29447], [6.50701, 6.29895], [6.51404, 6.30236], [6.51719, 6.30389], [6.52023, 6.30416], [6.53418, 6.30542], [6.54829, 6.2987]]]}, "properties": {"name": "Ubulu-Okiti", "lga": "Aniocha South", "state": "de"}}, {"type": "Feature", "geometry": {"type": "Polygon", "coordinates": [[[5.85286, 5.70307], [5.85159, 5.70275], [5.84754, 5.70019], [5.84317, 5.69734], [5.84219, 5.6852], [5.84198, 5.67936], [5.84231, 5.65574], [5.84062, 5.65468], [5.83237, 5.65694], [5.81791, 5.6671], [5.81962, 5.67317], [5.8184, 5.67476], [5.81114, 5.68372], [5.82036, 5.70503], [5.81759, 5.7085], [5.81699, 5.70926], [5.80932, 5.71609], [5.81162, 5.7208], [5.81358, 5.72735], [5.8144, 5.74619], [5.83005, 5.74565], [5.83551, 5.74097], [5.86032, 5.74479], [5.86505, 5.74089], [5.86413, 5.73881], [5.8601, 5.72768], [5.85811, 5.71588], [5.85474, 5.70753], [5.85286, 5.70307]]]}, "properties": {"name": "Oviri-Okpe", "lga": "Okpe", "state": "de"}}, {"type": "Feature", "geometry": {"type": "Polygon", "coordinates": [[[5.98721, 5.35745], [5.96282, 5.36588], [5.96532, 5.36975], [5.96585, 5.37284], [5.96645, 5.37417], [5.97348, 5.38192], [5.96758, 5.38179], [5.96372, 5.38014], [5.96106, 5.38019], [5.95539, 5.37858], [5.94597, 5.37416], [5.94185, 5.37328], [5.93003, 5.37061], [5.9126, 5.35933], [5.90935, 5.35744], [5.90561, 5.35355], [5.90209, 5.34962], [5.89933, 5.34573], [5.89822, 5.34085], [5.89098, 5.33714], [5.88939, 5.33803], [5.88624, 5.33887], [5.88442, 5.33715], [5.87495, 5.3347], [5.8619, 5.33493], [5.85176, 5.33556], [5.84914, 5.34178], [5.85213, 5.34334], [5.85541, 5.34424], [5.87024, 5.35752], [5.87495, 5.35984], [5.87966, 5.35984], [5.8836, 5.36111], [5.88756, 5.36582], [5.89399, 5.36839], [5.89645, 5.37407], [5.91085, 5.38262], [5.9238, 5.38325], [5.92843, 5.38311], [5.93609, 5.38505], [5.94097, 5.38588], [5.96953, 5.39373], [5.98095, 5.39921], [5.98684, 5.40055], [5.99416, 5.39732], [5.99719, 5.3957], [6.00232, 5.38739], [5.9986, 5.38111], [5.99908, 5.36924], [5.9957, 5.36379], [5.98721, 5.35745]]]}, "properties": {"name": "Ewu 2", "lga": "Ughelli South", "state": "de"}}, {"type": "Feature", "geometry": {"type": "Polygon", "coordinates": [[[5.74303, 5.60743], [5.73708, 5.60332], [5.70593, 5.58185], [5.7016, 5.58351], [5.69206, 5.58967], [5.6825, 5.59722], [5.675, 5.60271], [5.66477, 5.60886], [5.6559, 5.61434], [5.66266, 5.6241], [5.67077, 5.63596], [5.67715, 5.64631], [5.68097, 5.64404], [5.68457, 5.63087], [5.68333, 5.62538], [5.68769, 5.62065], [5.69573, 5.61815], [5.69717, 5.62177], [5.70918, 5.62778], [5.7141, 5.61487], [5.72931, 5.61256], [5.74221, 5.61198], [5.74144, 5.60861], [5.74303, 5.60743]]]}, "properties": {"name": "Ughoton", "lga": "Okpe", "state": "de"}}, {"type": "Feature", "geometry": {"type": "Polygon", "coordinates": [[[5.89781, 5.65105], [5.90679, 5.65724], [5.91044, 5.64071], [5.91833, 5.629], [5.9009, 5.60187], [5.89551, 5.60897], [5.89237, 5.60903], [5.88693, 5.60582], [5.88239, 5.60884], [5.87908, 5.60927], [5.87687, 5.61303], [5.87281, 5.62243], [5.8724, 5.62905], [5.87128, 5.64063], [5.88554, 5.64318], [5.8906, 5.64734], [5.89781, 5.65105]]]}, "properties": {"name": "Orerokpe", "lga": "Okpe", "state": "de"}}, {"type": "Feature", "geometry": {"type": "Polygon", "coordinates": [[[5.75328, 5.77278], [5.77445, 5.7729], [5.78242, 5.76992], [5.78637, 5.77224], [5.78677, 5.77428], [5.78691, 5.77577], [5.79567, 5.78666], [5.80069, 5.783], [5.81241, 5.77241], [5.81712, 5.76997], [5.81664, 5.76675], [5.81461, 5.76365], [5.81147, 5.75994], [5.81156, 5.75594], [5.81426, 5.7509], [5.81419, 5.74833], [5.8144, 5.74619], [5.81358, 5.72735], [5.81162, 5.7208], [5.80932, 5.71609], [5.7971, 5.71794], [5.78495, 5.72162], [5.77882, 5.7199], [5.77791, 5.71409], [5.76225, 5.71379], [5.74511, 5.71201], [5.73465, 5.71308], [5.72596, 5.71992], [5.72543, 5.73142], [5.73287, 5.7405], [5.74164, 5.75652], [5.74637, 5.76419], [5.75246, 5.77117], [5.75328, 5.77278]]]}, "properties": {"name": "Okwabude", "lga": "Okpe", "state": "de"}}, {"type": "Feature", "geometry": {"type": "Polygon", "coordinates": [[[6.27697, 5.27637], [6.28026, 5.27348], [6.28354, 5.2706], [6.28383, 5.2665], [6.28527, 5.26274], [6.28716, 5.25927], [6.29075, 5.25105], [6.29228, 5.2454], [6.29301, 5.23882], [6.29045, 5.23408], [6.28471, 5.23166], [6.279, 5.22889], [6.27256, 5.22824], [6.25942, 5.22787], [6.26198, 5.24656], [6.26903, 5.26167], [6.271, 5.26947], [6.2732, 5.27471], [6.27697, 5.27637]]]}, "properties": {"name": "Abari", "lga": "Patani", "state": "de"}}, {"type": "Feature", "geometry": {"type": "Polygon", "coordinates": [[[6.30552, 5.77573], [6.30906, 5.75488], [6.31111, 5.75419], [6.3128, 5.75402], [6.31683, 5.75308], [6.32014, 5.75601], [6.32093, 5.75659], [6.32145, 5.75651], [6.3323, 5.75051], [6.33052, 5.74849], [6.32857, 5.7441], [6.32748, 5.74032], [6.32773, 5.73591], [6.32652, 5.73059], [6.32257, 5.72325], [6.31963, 5.7152], [6.31814, 5.70769], [6.30294, 5.70548], [6.29498, 5.69652], [6.27907, 5.69798], [6.28987, 5.70611], [6.28697, 5.71217], [6.27735, 5.70936], [6.25782, 5.712], [6.24924, 5.71533], [6.2447, 5.71831], [6.243, 5.72406], [6.23772, 5.72445], [6.23822, 5.73124], [6.23886, 5.73724], [6.24381, 5.7427], [6.24373, 5.7487], [6.24715, 5.75273], [6.24541, 5.75526], [6.25295, 5.77079], [6.25385, 5.77543], [6.26151, 5.77621], [6.26563, 5.77724], [6.27471, 5.77625], [6.28721, 5.77169], [6.29413, 5.76801], [6.29691, 5.76722], [6.29978, 5.7706], [6.30478, 5.77529], [6.30552, 5.77573]]]}, "properties": {"name": "Kwale", "lga": "Ndokwa West", "state": "de"}}, {"type": "Feature", "geometry": {"type": "Polygon", "coordinates": [[[6.20529, 5.62939], [6.20257, 5.63275], [6.19096, 5.64445], [6.1848, 5.6548], [6.17999, 5.66516], [6.17722, 5.67693], [6.17442, 5.69493], [6.17369, 5.70672], [6.16818, 5.72193], [6.16683, 5.72648], [6.16869, 5.72763], [6.17258, 5.73286], [6.17758, 5.73561], [6.18692, 5.73679], [6.19136, 5.74017], [6.19397, 5.74296], [6.19746, 5.7469], [6.19821, 5.74724], [6.20049, 5.74816], [6.20363, 5.74991], [6.21833, 5.74121], [6.22276, 5.73461], [6.22598, 5.73021], [6.22955, 5.7214], [6.23006, 5.71914], [6.2295, 5.71728], [6.22906, 5.7089], [6.22528, 5.70826], [6.22069, 5.70451], [6.21809, 5.69669], [6.21516, 5.69181], [6.20164, 5.68806], [6.19651, 5.6848], [6.19611, 5.68006], [6.20395, 5.67584], [6.20742, 5.67569], [6.20901, 5.67432], [6.20989, 5.6732], [6.212, 5.66798], [6.21526, 5.66429], [6.21605, 5.66079], [6.21672, 5.6566], [6.21522, 5.65747], [6.21348, 5.64995], [6.21292, 5.64752], [6.20921, 5.64086], [6.2065, 5.63414], [6.20529, 5.62939]]]}, "properties": {"name": "Abbi 8", "lga": "Ndokwa West", "state": "de"}}, {"type": "Feature", "geometry": {"type": "Polygon", "coordinates": [[[6.09217, 5.37802], [6.08802, 5.39463], [6.08798, 5.40434], [6.09543, 5.40995], [6.11595, 5.43294], [6.12899, 5.41779], [6.13131, 5.41546], [6.13378, 5.4141], [6.1382, 5.41327], [6.13248, 5.40812], [6.13152, 5.40541], [6.1311, 5.402], [6.13082, 5.39811], [6.13102, 5.39679], [6.13282, 5.39391], [6.13462, 5.39183], [6.13738, 5.38942], [6.14171, 5.38773], [6.14233, 5.387], [6.14288, 5.38563], [6.14219, 5.37655], [6.14262, 5.37449], [6.14378, 5.37237], [6.14473, 5.37044], [6.14363, 5.36901], [6.14352, 5.36671], [6.14317, 5.36556], [6.1356, 5.36397], [6.13431, 5.36448], [6.12714, 5.36989], [6.12645, 5.37057], [6.1188, 5.3719], [6.11797, 5.37254], [6.11678, 5.37355], [6.11542, 5.37419], [6.09879, 5.37593], [6.09536, 5.37671], [6.09217, 5.37802]]]}, "properties": {"name": "Enwhe", "lga": "Isoko South", "state": "de"}}, {"type": "Feature", "geometry": {"type": "Polygon", "coordinates": [[[6.17166, 5.42039], [6.19396, 5.44078], [6.19447, 5.44157], [6.19593, 5.44047], [6.19988, 5.4304], [6.21429, 5.44258], [6.21784, 5.44095], [6.21838, 5.43974], [6.21888, 5.43595], [6.21888, 5.43475], [6.22111, 5.43253], [6.23406, 5.42455], [6.24113, 5.41902], [6.24218, 5.41747], [6.24323, 5.41536], [6.24788, 5.41252], [6.25215, 5.41001], [6.24923, 5.40565], [6.25121, 5.40074], [6.25324, 5.39634], [6.25182, 5.38966], [6.24945, 5.38486], [6.23525, 5.3911], [6.22056, 5.38638], [6.22495, 5.38033], [6.21983, 5.36873], [6.2113, 5.36481], [6.20759, 5.36329], [6.20295, 5.36203], [6.20384, 5.35662], [6.19912, 5.35226], [6.19738, 5.34263], [6.19145, 5.34078], [6.18833, 5.34081], [6.1869, 5.34062], [6.18435, 5.34229], [6.1817, 5.34555], [6.1825, 5.34739], [6.17683, 5.35093], [6.1761, 5.35417], [6.16843, 5.36029], [6.1653, 5.36139], [6.17579, 5.36836], [6.18003, 5.3899], [6.17957, 5.39253], [6.17818, 5.39517], [6.1777, 5.39607], [6.17767, 5.39659], [6.1778, 5.39719], [6.17831, 5.39936], [6.17681, 5.40076], [6.17515, 5.40224], [6.17467, 5.41905], [6.17425, 5.42013], [6.17281, 5.42042], [6.17166, 5.42039]]]}, "properties": {"name": "Emede", "lga": "Isoko South", "state": "de"}}, {"type": "Feature", "geometry": {"type": "Polygon", "coordinates": [[[6.25942, 5.22787], [6.24446, 5.23366], [6.23856, 5.23521], [6.23353, 5.23817], [6.22001, 5.23868], [6.21967, 5.24133], [6.21852, 5.25031], [6.21738, 5.25049], [6.21294, 5.25118], [6.20736, 5.25205], [6.20315, 5.25149], [6.201, 5.24948], [6.20026, 5.24743], [6.19698, 5.24661], [6.19324, 5.24032], [6.18735, 5.23041], [6.18141, 5.2325], [6.17596, 5.23442], [6.17006, 5.23498], [6.16149, 5.23574], [6.15127, 5.23982], [6.11776, 5.28115], [6.10871, 5.29455], [6.11529, 5.29389], [6.12975, 5.28331], [6.13675, 5.28128], [6.13835, 5.28293], [6.14048, 5.28311], [6.14287, 5.28395], [6.14305, 5.28567], [6.14514, 5.28704], [6.14795, 5.2916], [6.1512, 5.29135], [6.15312, 5.28977], [6.15523, 5.28909], [6.15653, 5.2877], [6.15907, 5.28474], [6.15959, 5.28242], [6.15976, 5.2791], [6.16713, 5.28023], [6.17433, 5.27957], [6.17764, 5.28139], [6.18801, 5.28923], [6.18972, 5.28994], [6.19748, 5.2889], [6.20312, 5.29191], [6.20411, 5.29382], [6.21343, 5.28654], [6.23572, 5.294], [6.24838, 5.29722], [6.24677, 5.2873], [6.24495, 5.27705], [6.25222, 5.27494], [6.25501, 5.27871], [6.2532, 5.28183], [6.2563, 5.28529], [6.25976, 5.28806], [6.26307, 5.28968], [6.26404, 5.29122], [6.26215, 5.29322], [6.26384, 5.29431], [6.26383, 5.29661], [6.26746, 5.30017], [6.26997, 5.2999], [6.27697, 5.27637], [6.2732, 5.27471], [6.271, 5.26947], [6.26903, 5.26167], [6.26198, 5.24656], [6.25942, 5.22787]]]}, "properties": {"name": "Umeh / Erowha", "lga": "Isoko South", "state": "de"}}, {"type": "Feature", "geometry": {"type": "Polygon", "coordinates": [[[6.08579, 5.1508], [6.06957, 5.14134], [6.06675, 5.13335], [6.06335, 5.12318], [6.06373, 5.11177], [6.06358, 5.11086], [6.06227, 5.10301], [6.05497, 5.09717], [6.05091, 5.09659], [6.03413, 5.12281], [6.03244, 5.12955], [6.03435, 5.13639], [6.0359, 5.15569], [6.03581, 5.16494], [6.04806, 5.1672], [6.0516, 5.16629], [6.05497, 5.16857], [6.05732, 5.16653], [6.06135, 5.16491], [6.06225, 5.16857], [6.06473, 5.17262], [6.069, 5.18509], [6.08106, 5.1756], [6.07927, 5.16697], [6.08342, 5.16742], [6.08192, 5.16378], [6.08418, 5.16523], [6.08722, 5.16481], [6.0904, 5.16712], [6.08943, 5.16222], [6.09085, 5.15994], [6.09087, 5.1541], [6.08579, 5.1508]]]}, "properties": {"name": "Uduophori", "lga": "Patani", "state": "de"}}, {"type": "Feature", "geometry": {"type": "Polygon", "coordinates": [[[6.1982, 5.2261], [6.19597, 5.22302], [6.19434, 5.21666], [6.19218, 5.21749], [6.19074, 5.21725], [6.18363, 5.2159], [6.17099, 5.21371], [6.17006, 5.23498], [6.17596, 5.23442], [6.18141, 5.2325], [6.18143, 5.23069], [6.18341, 5.22477], [6.18622, 5.22617], [6.18828, 5.22642], [6.18998, 5.22624], [6.19279, 5.2254], [6.1982, 5.2261]]]}, "properties": {"name": "Patani 4", "lga": "Patani", "state": "de"}}, {"type": "Feature", "geometry": {"type": "Polygon", "coordinates": [[[6.30643, 5.30298], [6.30289, 5.30102], [6.30005, 5.29903], [6.29719, 5.29634], [6.28852, 5.28494], [6.28676, 5.28231], [6.28501, 5.27909], [6.28354, 5.27499], [6.28354, 5.2706], [6.28026, 5.27348], [6.27697, 5.27637], [6.26997, 5.2999], [6.26746, 5.30017], [6.26383, 5.29661], [6.26384, 5.29431], [6.26215, 5.29322], [6.26404, 5.29122], [6.26307, 5.28968], [6.25976, 5.28806], [6.2563, 5.28529], [6.2532, 5.28183], [6.25501, 5.27871], [6.25222, 5.27494], [6.24495, 5.27705], [6.24677, 5.2873], [6.24838, 5.29722], [6.23572, 5.294], [6.21343, 5.28654], [6.20411, 5.29382], [6.20312, 5.29191], [6.19748, 5.2889], [6.18972, 5.28994], [6.18801, 5.28923], [6.17764, 5.28139], [6.17433, 5.27957], [6.16713, 5.28023], [6.15976, 5.2791], [6.15959, 5.28242], [6.15907, 5.28474], [6.15653, 5.2877], [6.15849, 5.28921], [6.15907, 5.29152], [6.1608, 5.29201], [6.16071, 5.29481], [6.15826, 5.29733], [6.15754, 5.30147], [6.1593, 5.3036], [6.15903, 5.30705], [6.1582, 5.30901], [6.15925, 5.31335], [6.1647, 5.31252], [6.16648, 5.31373], [6.16767, 5.31672], [6.16619, 5.31954], [6.16711, 5.32387], [6.16709, 5.32769], [6.16818, 5.32792], [6.17023, 5.32611], [6.17202, 5.32542], [6.17599, 5.32712], [6.17889, 5.33055], [6.18406, 5.33298], [6.18639, 5.33517], [6.18642, 5.33801], [6.1869, 5.34062], [6.18833, 5.34081], [6.19145, 5.34078], [6.19738, 5.34263], [6.19912, 5.35226], [6.20384, 5.35662], [6.20295, 5.36203], [6.20759, 5.36329], [6.2113, 5.36481], [6.21983, 5.36873], [6.22495, 5.38033], [6.22909, 5.36497], [6.24144, 5.35953], [6.24285, 5.35499], [6.24916, 5.34858], [6.25933, 5.34139], [6.26669, 5.33653], [6.26979, 5.32917], [6.27072, 5.32614], [6.2756, 5.31707], [6.27718, 5.31722], [6.28377, 5.31625], [6.28794, 5.31936], [6.2922, 5.31991], [6.29465, 5.32204], [6.29745, 5.3222], [6.30201, 5.31554], [6.30624, 5.31233], [6.30464, 5.31019], [6.3047, 5.30731], [6.30643, 5.30298]]]}, "properties": {"name": "Uzere", "lga": "Isoko South", "state": "de"}}, {"type": "Feature", "geometry": {"type": "Polygon", "coordinates": [[[6.15649, 5.4709], [6.16291, 5.47217], [6.16345, 5.47314], [6.16448, 5.47696], [6.1676, 5.47989], [6.16973, 5.48374], [6.17258, 5.48589], [6.17435, 5.48866], [6.17799, 5.49766], [6.18242, 5.50254], [6.20772, 5.47705], [6.20934, 5.47496], [6.21047, 5.47223], [6.21104, 5.46556], [6.21084, 5.46375], [6.20781, 5.45402], [6.21547, 5.45097], [6.2124, 5.44674], [6.21199, 5.44601], [6.21326, 5.44246], [6.19988, 5.4304], [6.19593, 5.44047], [6.19447, 5.44157], [6.19735, 5.44631], [6.19835, 5.44896], [6.1994, 5.44965], [6.19707, 5.44969], [6.19209, 5.452], [6.18831, 5.45346], [6.18696, 5.45369], [6.18406, 5.45417], [6.17997, 5.45432], [6.17878, 5.45722], [6.17366, 5.45743], [6.17161, 5.46076], [6.17105, 5.4618], [6.17051, 5.46223], [6.15649, 5.4709]]]}, "properties": {"name": "Oleh 2", "lga": "Isoko South", "state": "de"}}, {"type": "Feature", "geometry": {"type": "Polygon", "coordinates": [[[6.17006, 5.23498], [6.17099, 5.21371], [6.18363, 5.2159], [6.19074, 5.21725], [6.19218, 5.21749], [6.19434, 5.21666], [6.19589, 5.21108], [6.19808, 5.20377], [6.20176, 5.18293], [6.19429, 5.19116], [6.19287, 5.18748], [6.18285, 5.18727], [6.1763, 5.18669], [6.16581, 5.18939], [6.15443, 5.18916], [6.15443, 5.19505], [6.1366, 5.22279], [6.14522, 5.22451], [6.15473, 5.22598], [6.16149, 5.23574], [6.17006, 5.23498]]]}, "properties": {"name": "Patani 5", "lga": "Patani", "state": "de"}}, {"type": "Feature", "geometry": {"type": "Polygon", "coordinates": [[[6.12973, 5.12927], [6.12858, 5.12981], [6.12704, 5.15967], [6.12665, 5.16924], [6.12319, 5.17694], [6.12424, 5.18815], [6.11726, 5.19488], [6.11259, 5.18839], [6.10866, 5.18294], [6.10534, 5.17561], [6.08106, 5.1756], [6.069, 5.18509], [6.06603, 5.19661], [6.06381, 5.20624], [6.07116, 5.20794], [6.07999, 5.21079], [6.0895, 5.21295], [6.10174, 5.21444], [6.11194, 5.21522], [6.12416, 5.21879], [6.13435, 5.22234], [6.1366, 5.22279], [6.15443, 5.19505], [6.15443, 5.18916], [6.1547, 5.18582], [6.15377, 5.18124], [6.15321, 5.17772], [6.15149, 5.16853], [6.15791, 5.15839], [6.15982, 5.15599], [6.15471, 5.15166], [6.15027, 5.14117], [6.14614, 5.13712], [6.14374, 5.13478], [6.12973, 5.12927]]]}, "properties": {"name": "Buluangiama", "lga": "Patani", "state": "de"}}, {"type": "Feature", "geometry": {"type": "Polygon", "coordinates": [[[6.10666, 5.29785], [6.09928, 5.31012], [6.09501, 5.31856], [6.09426, 5.33312], [6.0949, 5.34353], [6.09486, 5.35254], [6.09631, 5.36418], [6.09448, 5.3703], [6.09217, 5.37802], [6.09536, 5.37671], [6.09879, 5.37593], [6.11542, 5.37419], [6.11678, 5.37355], [6.11797, 5.37254], [6.1188, 5.3719], [6.12645, 5.37057], [6.12714, 5.36989], [6.13431, 5.36448], [6.1356, 5.36397], [6.14317, 5.36556], [6.14352, 5.36671], [6.14363, 5.36901], [6.14473, 5.37044], [6.14378, 5.37237], [6.14262, 5.37449], [6.14219, 5.37655], [6.14288, 5.38563], [6.14233, 5.387], [6.14171, 5.38773], [6.13738, 5.38942], [6.13462, 5.39183], [6.13282, 5.39391], [6.13102, 5.39679], [6.13248, 5.40812], [6.1382, 5.41327], [6.15748, 5.4102], [6.15964, 5.41097], [6.16153, 5.41211], [6.17166, 5.42039], [6.17281, 5.42042], [6.17425, 5.42013], [6.17515, 5.40224], [6.17681, 5.40076], [6.17831, 5.39936], [6.1778, 5.39719], [6.17767, 5.39659], [6.1777, 5.39607], [6.17818, 5.39517], [6.17957, 5.39253], [6.18003, 5.3899], [6.17579, 5.36836], [6.1653, 5.36139], [6.16843, 5.36029], [6.1761, 5.35417], [6.17683, 5.35093], [6.1825, 5.34739], [6.1817, 5.34555], [6.18435, 5.34229], [6.1869, 5.34062], [6.18642, 5.33801], [6.18639, 5.33517], [6.18406, 5.33298], [6.17889, 5.33055], [6.17599, 5.32712], [6.17202, 5.32542], [6.17023, 5.32611], [6.16818, 5.32792], [6.16709, 5.32769], [6.16711, 5.32387], [6.16619, 5.31954], [6.16767, 5.31672], [6.16648, 5.31373], [6.1647, 5.31252], [6.15925, 5.31335], [6.1582, 5.30901], [6.15903, 5.30705], [6.1593, 5.3036], [6.15754, 5.30147], [6.15826, 5.29733], [6.16071, 5.29481], [6.1608, 5.29201], [6.15907, 5.29152], [6.15849, 5.28921], [6.15653, 5.2877], [6.15523, 5.28909], [6.15312, 5.28977], [6.1512, 5.29135], [6.14795, 5.2916], [6.14514, 5.28704], [6.14305, 5.28567], [6.14287, 5.28395], [6.14048, 5.28311], [6.13835, 5.28293], [6.13675, 5.28128], [6.12975, 5.28331], [6.11529, 5.29389], [6.10871, 5.29455], [6.10666, 5.29785]]]}, "properties": {"name": "Igbide", "lga": "Isoko South", "state": "de"}}, {"type": "Feature", "geometry": {"type": "Polygon", "coordinates": [[[6.16171, 5.49233], [6.17187, 5.50282], [6.17592, 5.50908], [6.1821, 5.50285], [6.18242, 5.50254], [6.17799, 5.49766], [6.17435, 5.48866], [6.17258, 5.48589], [6.16973, 5.48374], [6.1676, 5.47989], [6.16448, 5.47696], [6.16345, 5.47314], [6.16291, 5.47217], [6.15649, 5.4709], [6.17051, 5.46223], [6.17105, 5.4618], [6.17161, 5.46076], [6.17366, 5.45743], [6.17878, 5.45722], [6.17997, 5.45432], [6.18406, 5.45417], [6.18696, 5.45369], [6.18831, 5.45346], [6.19209, 5.452], [6.19707, 5.44969], [6.1994, 5.44965], [6.19396, 5.44078], [6.17166, 5.42039], [6.16153, 5.41211], [6.15964, 5.41097], [6.15748, 5.4102], [6.15494, 5.4101], [6.13378, 5.4141], [6.13131, 5.41546], [6.12899, 5.41779], [6.11595, 5.43294], [6.12618, 5.44226], [6.13293, 5.45341], [6.13765, 5.46247], [6.14304, 5.4743], [6.15183, 5.48478], [6.16171, 5.49233]]]}, "properties": {"name": "Olomoro", "lga": "Isoko South", "state": "de"}}, {"type": "Feature", "geometry": {"type": "Polygon", "coordinates": [[[6.23644, 5.5089], [6.24601, 5.50895], [6.25317, 5.51642], [6.25851, 5.52009], [6.25859, 5.52014], [6.27262, 5.51534], [6.27344, 5.51452], [6.27428, 5.51312], [6.27536, 5.51186], [6.27696, 5.51059], [6.2788, 5.50968], [6.28071, 5.5083], [6.27994, 5.50814], [6.27833, 5.50821], [6.27684, 5.50769], [6.26908, 5.50145], [6.26764, 5.501], [6.26096, 5.50015], [6.2601, 5.49957], [6.25949, 5.49613], [6.25887, 5.49269], [6.25814, 5.49164], [6.25659, 5.49022], [6.25578, 5.4883], [6.25635, 5.48645], [6.25621, 5.48567], [6.25112, 5.48115], [6.24857, 5.48178], [6.24596, 5.48305], [6.24363, 5.4854], [6.23405, 5.48286], [6.23185, 5.4761], [6.23058, 5.47521], [6.22919, 5.47291], [6.22576, 5.46032], [6.22432, 5.45895], [6.22161, 5.45772], [6.21953, 5.45631], [6.21547, 5.45097], [6.20781, 5.45402], [6.21084, 5.46375], [6.21104, 5.46556], [6.21047, 5.47223], [6.20934, 5.47496], [6.17592, 5.50908], [6.19538, 5.54284], [6.21803, 5.52192], [6.22621, 5.51645], [6.23644, 5.5089]]]}, "properties": {"name": "Oleh 1", "lga": "Isoko South", "state": "de"}}, {"type": "Feature", "geometry": {"type": "Polygon", "coordinates": [[[6.20176, 5.18293], [6.20229, 5.17928], [6.20073, 5.16955], [6.19091, 5.15857], [6.18407, 5.16002], [6.17883, 5.16114], [6.16591, 5.16114], [6.15982, 5.15599], [6.15791, 5.15839], [6.15149, 5.16853], [6.15443, 5.18916], [6.16581, 5.18939], [6.1763, 5.18669], [6.18285, 5.18727], [6.19287, 5.18748], [6.19429, 5.19116], [6.20176, 5.18293]]]}, "properties": {"name": "Agoloma", "lga": "Patani", "state": "de"}}, {"type": "Feature", "geometry": {"type": "Polygon", "coordinates": [[[6.1982, 5.2261], [6.19279, 5.2254], [6.18998, 5.22624], [6.18828, 5.22642], [6.18622, 5.22617], [6.18341, 5.22477], [6.18143, 5.23069], [6.18141, 5.2325], [6.18735, 5.23041], [6.19324, 5.24032], [6.20235, 5.23194], [6.20209, 5.23178], [6.1982, 5.2261]]]}, "properties": {"name": "Patani 3", "lga": "Patani", "state": "de"}}, {"type": "Feature", "geometry": {"type": "Polygon", "coordinates": [[[6.069, 5.18509], [6.06473, 5.17262], [6.06225, 5.16857], [6.06135, 5.16491], [6.05732, 5.16653], [6.05497, 5.16857], [6.0516, 5.16629], [6.04806, 5.1672], [6.03581, 5.16494], [6.0359, 5.15569], [6.03435, 5.13639], [6.03244, 5.12955], [6.03413, 5.12281], [6.05091, 5.09659], [6.04444, 5.09567], [6.02721, 5.09567], [6.00452, 5.10369], [6.0002, 5.10739], [5.98089, 5.13056], [5.983, 5.13577], [5.98446, 5.1385], [5.98668, 5.14398], [5.98675, 5.14744], [5.98683, 5.15091], [5.9869, 5.15437], [5.98434, 5.15945], [5.98565, 5.16978], [5.98839, 5.18413], [5.98992, 5.18596], [5.9937, 5.18677], [6.00208, 5.1892], [6.01182, 5.19002], [6.02047, 5.19137], [6.02966, 5.19299], [6.04913, 5.19948], [6.06265, 5.20597], [6.06381, 5.20624], [6.06603, 5.19661], [6.069, 5.18509]]]}, "properties": {"name": "Odorubu", "lga": "Patani", "state": "de"}}, {"type": "Feature", "geometry": {"type": "Polygon", "coordinates": [[[6.21738, 5.25049], [6.21852, 5.25031], [6.21967, 5.24133], [6.22001, 5.23868], [6.21329, 5.23867], [6.20235, 5.23194], [6.19324, 5.24032], [6.19698, 5.24661], [6.20026, 5.24743], [6.201, 5.24948], [6.20315, 5.25149], [6.20736, 5.25205], [6.21294, 5.25118], [6.21738, 5.25049]]]}, "properties": {"name": "Patani 2", "lga": "Patani", "state": "de"}}, {"type": "Feature", "geometry": {"type": "Polygon", "coordinates": [[[6.57461, 6.38906], [6.57464, 6.38342], [6.57283, 6.37071], [6.57266, 6.36954], [6.57273, 6.35289], [6.57037, 6.34506], [6.55943, 6.34302], [6.55082, 6.33736], [6.54928, 6.33773], [6.54789, 6.33935], [6.54602, 6.34016], [6.54339, 6.33998], [6.54089, 6.33943], [6.53883, 6.34067], [6.53752, 6.34285], [6.53575, 6.34344], [6.5365, 6.34568], [6.53838, 6.34856], [6.53554, 6.35219], [6.53092, 6.35123], [6.52887, 6.35352], [6.52513, 6.35482], [6.5224, 6.35589], [6.51793, 6.35753], [6.51642, 6.36192], [6.52074, 6.36387], [6.51923, 6.37179], [6.52426, 6.3845], [6.52591, 6.40205], [6.54314, 6.41848], [6.54476, 6.41853], [6.55105, 6.41596], [6.55477, 6.41633], [6.55707, 6.41611], [6.57116, 6.40852], [6.57224, 6.40735], [6.57457, 6.40448], [6.57522, 6.40328], [6.57461, 6.38906]]]}, "properties": {"name": "Onicha-Olona", "lga": "Aniocha North", "state": "de"}}, {"type": "Feature", "geometry": {"type": "Polygon", "coordinates": [[[6.54024, 6.4272], [6.54518, 6.4221], [6.54314, 6.41848], [6.52591, 6.40205], [6.52426, 6.3845], [6.51923, 6.37179], [6.52074, 6.36387], [6.51642, 6.36192], [6.51793, 6.35753], [6.5155, 6.35089], [6.51289, 6.34749], [6.50596, 6.33846], [6.48647, 6.34814], [6.48087, 6.35047], [6.50519, 6.36889], [6.50903, 6.38076], [6.50931, 6.3837], [6.50927, 6.38567], [6.5086, 6.38833], [6.51016, 6.39354], [6.51023, 6.39481], [6.5101, 6.40157], [6.50803, 6.40481], [6.50556, 6.40665], [6.50317, 6.40934], [6.50044, 6.40947], [6.49314, 6.41408], [6.48958, 6.42324], [6.48657, 6.42302], [6.48176, 6.41894], [6.47607, 6.41592], [6.46255, 6.42629], [6.46477, 6.4313], [6.4684, 6.43521], [6.47041, 6.43792], [6.47383, 6.44015], [6.47507, 6.44291], [6.47722, 6.44624], [6.5022, 6.46396], [6.50963, 6.47581], [6.51012, 6.47615], [6.50875, 6.46488], [6.50507, 6.45914], [6.50862, 6.45338], [6.50899, 6.44957], [6.51087, 6.44922], [6.51534, 6.4469], [6.52049, 6.44391], [6.53133, 6.43236], [6.53567, 6.42955], [6.53714, 6.42893], [6.54024, 6.4272]]]}, "properties": {"name": "Obomkpa", "lga": "Aniocha North", "state": "de"}}, {"type": "Feature", "geometry": {"type": "Polygon", "coordinates": [[[6.43816, 6.25587], [6.43173, 6.25325], [6.41951, 6.2476], [6.39913, 6.24257], [6.38894, 6.2411], [6.37534, 6.2396], [6.3712, 6.25413], [6.37319, 6.26455], [6.37791, 6.2743], [6.38399, 6.28267], [6.38938, 6.2945], [6.38999, 6.2992], [6.39333, 6.29859], [6.39939, 6.29215], [6.40816, 6.29172], [6.4181, 6.28658], [6.42148, 6.27675], [6.42662, 6.27282], [6.43221, 6.26265], [6.43816, 6.25587]]]}, "properties": {"name": "Obior / Onicha-Uku", "lga": "Aniocha North", "state": "de"}}, {"type": "Feature", "geometry": {"type": "Polygon", "coordinates": [[[6.47198, 6.41866], [6.47607, 6.41592], [6.48176, 6.41894], [6.48657, 6.42302], [6.48958, 6.42324], [6.49314, 6.41408], [6.50044, 6.40947], [6.50317, 6.40934], [6.50556, 6.40665], [6.50803, 6.40481], [6.5101, 6.40157], [6.51023, 6.39481], [6.51016, 6.39354], [6.5086, 6.38833], [6.50927, 6.38567], [6.50931, 6.3837], [6.50903, 6.38076], [6.50519, 6.36889], [6.48087, 6.35047], [6.48108, 6.36457], [6.4758, 6.36627], [6.47447, 6.36663], [6.47388, 6.36645], [6.47253, 6.36599], [6.46715, 6.36891], [6.46509, 6.3686], [6.46358, 6.36824], [6.46259, 6.37098], [6.46158, 6.37348], [6.46065, 6.37585], [6.45704, 6.38062], [6.45507, 6.38312], [6.45382, 6.38442], [6.44033, 6.40798], [6.43863, 6.40866], [6.43704, 6.41074], [6.43688, 6.41357], [6.4373, 6.41486], [6.4366, 6.41606], [6.44538, 6.42524], [6.46618, 6.44091], [6.47334, 6.44437], [6.47722, 6.44624], [6.47507, 6.44291], [6.47383, 6.44015], [6.47041, 6.43792], [6.4684, 6.43521], [6.46477, 6.4313], [6.46255, 6.42629], [6.46489, 6.42457], [6.46818, 6.4228], [6.47198, 6.41866]]]}, "properties": {"name": "Ugbodu", "lga": "Aniocha North", "state": "de"}}, {"type": "Feature", "geometry": {"type": "Polygon", "coordinates": [[[6.51404, 6.30236], [6.50701, 6.29895], [6.50267, 6.29447], [6.49821, 6.28986], [6.48464, 6.28212], [6.48309, 6.28125], [6.47582, 6.27719], [6.46294, 6.26737], [6.45457, 6.26321], [6.45451, 6.26318], [6.45768, 6.27696], [6.45821, 6.27817], [6.46772, 6.30172], [6.45402, 6.30379], [6.4509, 6.31245], [6.4508, 6.31376], [6.45284, 6.31692], [6.45369, 6.31966], [6.47804, 6.31708], [6.486, 6.31377], [6.49674, 6.30921], [6.51404, 6.30236]]]}, "properties": {"name": "Issele-Uku 1", "lga": "Aniocha North", "state": "de"}}, {"type": "Feature", "geometry": {"type": "Polygon", "coordinates": [[[6.52023, 6.30416], [6.51579, 6.31325], [6.50596, 6.33846], [6.51289, 6.34749], [6.5155, 6.35089], [6.51793, 6.35753], [6.5224, 6.35589], [6.52513, 6.35482], [6.52887, 6.35352], [6.53092, 6.35123], [6.53554, 6.35219], [6.53838, 6.34856], [6.5365, 6.34568], [6.53575, 6.34344], [6.53752, 6.34285], [6.53883, 6.34067], [6.54089, 6.33943], [6.54339, 6.33998], [6.54602, 6.34016], [6.54789, 6.33935], [6.54928, 6.33773], [6.55082, 6.33736], [6.55943, 6.34302], [6.57037, 6.34506], [6.56938, 6.34177], [6.56845, 6.33788], [6.56604, 6.32787], [6.56677, 6.31817], [6.5736, 6.3106], [6.58153, 6.29117], [6.56689, 6.29043], [6.55668, 6.29312], [6.54849, 6.2986], [6.54829, 6.2987], [6.53418, 6.30542], [6.52023, 6.30416]]]}, "properties": {"name": "Issele-Mkpitime", "lga": "Aniocha North", "state": "de"}}, {"type": "Feature", "geometry": {"type": "Polygon", "coordinates": [[[6.45704, 6.38062], [6.45276, 6.36976], [6.44909, 6.36365], [6.44379, 6.35844], [6.42958, 6.35221], [6.42755, 6.35185], [6.41731, 6.35199], [6.41518, 6.34224], [6.40533, 6.34089], [6.39264, 6.33524], [6.3829, 6.33316], [6.37827, 6.34711], [6.37415, 6.35679], [6.36852, 6.36682], [6.36386, 6.37612], [6.36229, 6.38444], [6.36561, 6.38454], [6.37015, 6.3833], [6.37992, 6.38548], [6.41274, 6.39604], [6.43126, 6.40682], [6.43365, 6.41144], [6.4366, 6.41606], [6.4373, 6.41486], [6.43688, 6.41357], [6.43704, 6.41074], [6.43863, 6.40866], [6.44033, 6.40798], [6.44499, 6.39864], [6.45704, 6.38062]]]}, "properties": {"name": "Idumuje-Unor", "lga": "Aniocha North", "state": "de"}}, {"type": "Feature", "geometry": {"type": "Polygon", "coordinates": [[[5.23142, 5.60209], [5.23309, 5.60162], [5.24623, 5.60214], [5.28734, 5.59994], [5.32111, 5.58971], [5.31914, 5.56694], [5.30962, 5.56751], [5.27215, 5.57489], [5.24144, 5.5746], [5.22847, 5.5755], [5.21385, 5.57912], [5.19909, 5.58568], [5.20745, 5.59881], [5.21022, 5.59925], [5.21406, 5.60124], [5.21649, 5.60079], [5.21914, 5.60067], [5.21986, 5.60121], [5.22548, 5.60174], [5.23142, 5.60209]]]}, "properties": {"name": "Madangho", "lga": "Warri South-West", "state": "de"}}, {"type": "Feature", "geometry": {"type": "Polygon", "coordinates": [[[5.32111, 5.58971], [5.3266, 5.58804], [5.34861, 5.58507], [5.37657, 5.58656], [5.37662, 5.5845], [5.37375, 5.58208], [5.37347, 5.58208], [5.37264, 5.57875], [5.35986, 5.56931], [5.35403, 5.56125], [5.35347, 5.55347], [5.35458, 5.55014], [5.36246, 5.53902], [5.35958, 5.53764], [5.35931, 5.53292], [5.3543, 5.52903], [5.35542, 5.52514], [5.36153, 5.51736], [5.35986, 5.51319], [5.35653, 5.51153], [5.35653, 5.51069], [5.35625, 5.51069], [5.35625, 5.51014], [5.36014, 5.50069], [5.36653, 5.49764], [5.36764, 5.49014], [5.37042, 5.48736], [5.37042, 5.48514], [5.37042, 5.48486], [5.36903, 5.48403], [5.36181, 5.48347], [5.35958, 5.47736], [5.35597, 5.47847], [5.35236, 5.48569], [5.34458, 5.48764], [5.34097, 5.49236], [5.34042, 5.49403], [5.34236, 5.50069], [5.33958, 5.50292], [5.33958, 5.51264], [5.33819, 5.51264], [5.33819, 5.51292], [5.33653, 5.51292], [5.33597, 5.50903], [5.33264, 5.50792], [5.33125, 5.50931], [5.33181, 5.51292], [5.32764, 5.51514], [5.32764, 5.51569], [5.32644, 5.51777], [5.32525, 5.52443], [5.32525, 5.528], [5.32359, 5.54394], [5.31914, 5.56694], [5.32111, 5.58971]]]}, "properties": {"name": "Ajudaibo", "lga": "Warri South-West", "state": "de"}}, {"type": "Feature", "geometry": {"type": "Polygon", "coordinates": [[[5.79115, 5.61445], [5.78313, 5.62199], [5.78446, 5.63956], [5.78007, 5.64722], [5.77567, 5.65591], [5.77293, 5.66559], [5.77485, 5.66921], [5.78511, 5.67218], [5.79236, 5.67747], [5.8025, 5.67825], [5.81114, 5.68372], [5.8184, 5.67476], [5.81962, 5.67317], [5.81791, 5.6671], [5.83237, 5.65694], [5.84062, 5.65468], [5.83812, 5.64186], [5.82758, 5.63897], [5.82275, 5.63875], [5.82045, 5.63935], [5.81951, 5.64011], [5.82008, 5.63844], [5.82065, 5.63788], [5.82076, 5.63734], [5.82004, 5.63399], [5.82066, 5.63092], [5.82006, 5.63093], [5.81708, 5.62798], [5.81409, 5.62647], [5.81248, 5.62503], [5.80978, 5.6213], [5.8087, 5.62058], [5.80435, 5.62015], [5.7984, 5.6134], [5.79699, 5.61347], [5.79255, 5.61596], [5.79115, 5.61445]]]}, "properties": {"name": "Evwriyen", "lga": "Okpe", "state": "de"}}, {"type": "Feature", "geometry": {"type": "Polygon", "coordinates": [[[5.73708, 5.60332], [5.74303, 5.60743], [5.75833, 5.61797], [5.76077, 5.6185], [5.76396, 5.61918], [5.77034, 5.62314], [5.77736, 5.6243], [5.78313, 5.62199], [5.79115, 5.61445], [5.79753, 5.60591], [5.81926, 5.58939], [5.81767, 5.58842], [5.81396, 5.58674], [5.808, 5.58421], [5.80215, 5.57761], [5.79965, 5.57863], [5.79768, 5.57845], [5.79493, 5.57783], [5.79219, 5.5783], [5.78995, 5.57989], [5.7881, 5.5758], [5.78391, 5.57447], [5.784, 5.57263], [5.75514, 5.57278], [5.75175, 5.57267], [5.75332, 5.58247], [5.7515, 5.58884], [5.73708, 5.60332]]]}, "properties": {"name": "Ohorhe", "lga": "Uvwie", "state": "de"}}, {"type": "Feature", "geometry": {"type": "Polygon", "coordinates": [[[5.81957, 5.56196], [5.81677, 5.56518], [5.8144, 5.56714], [5.81133, 5.5693], [5.80886, 5.57067], [5.80477, 5.57235], [5.80005, 5.5734], [5.808, 5.58421], [5.81396, 5.58674], [5.81767, 5.58842], [5.81926, 5.58939], [5.82345, 5.58746], [5.82835, 5.58731], [5.83392, 5.58643], [5.83672, 5.58635], [5.84023, 5.58693], [5.84607, 5.58722], [5.84812, 5.56149], [5.8504, 5.55638], [5.84597, 5.55703], [5.84207, 5.55767], [5.84027, 5.55898], [5.84113, 5.56141], [5.84049, 5.56382], [5.8376, 5.56425], [5.83492, 5.56195], [5.83412, 5.55955], [5.83428, 5.55483], [5.83131, 5.55308], [5.82958, 5.55536], [5.82782, 5.56043], [5.8237, 5.56191], [5.81957, 5.56196]]]}, "properties": {"name": "Ugbomro", "lga": "Uvwie", "state": "de"}}, {"type": "Feature", "geometry": {"type": "Polygon", "coordinates": [[[5.7913, 5.55256], [5.78821, 5.5527], [5.78542, 5.55142], [5.78425, 5.54889], [5.78584, 5.54723], [5.78681, 5.54391], [5.78945, 5.54153], [5.79333, 5.53969], [5.79787, 5.54055], [5.79925, 5.53962], [5.79835, 5.5367], [5.79604, 5.53468], [5.78639, 5.5356], [5.78264, 5.54238], [5.77741, 5.54124], [5.78475, 5.5563], [5.78659, 5.55532], [5.78919, 5.55654], [5.79162, 5.55756], [5.79321, 5.55781], [5.79308, 5.55636], [5.79325, 5.5548], [5.79328, 5.55343], [5.7913, 5.55256]]]}, "properties": {"name": "Urhumarhu", "lga": "Uvwie", "state": "de"}}, {"type": "Feature", "geometry": {"type": "Polygon", "coordinates": [[[5.75958, 5.52641], [5.74665, 5.52925], [5.75328, 5.53395], [5.75051, 5.53823], [5.75082, 5.53934], [5.75121, 5.54076], [5.75822, 5.54239], [5.76269, 5.5413], [5.76368, 5.54101], [5.76448, 5.54057], [5.77371, 5.54652], [5.77543, 5.54712], [5.77992, 5.54738], [5.77739, 5.54187], [5.77741, 5.54124], [5.77829, 5.53942], [5.77838, 5.53842], [5.77803, 5.53744], [5.77773, 5.53549], [5.77736, 5.5336], [5.77344, 5.52778], [5.7681, 5.53393], [5.76339, 5.53066], [5.76146, 5.52609], [5.75979, 5.52632], [5.75958, 5.52641]]]}, "properties": {"name": "Esisi", "lga": "Warri South", "state": "de"}}, {"type": "Feature", "geometry": {"type": "Polygon", "coordinates": [[[6.25564, 5.45277], [6.2438, 5.44573], [6.24271, 5.44563], [6.23728, 5.44565], [6.23111, 5.44421], [6.22273, 5.44536], [6.21326, 5.44246], [6.21199, 5.44601], [6.2124, 5.44674], [6.21547, 5.45097], [6.21953, 5.45631], [6.22161, 5.45772], [6.22432, 5.45895], [6.22576, 5.46032], [6.22919, 5.47291], [6.23058, 5.47521], [6.23185, 5.4761], [6.23405, 5.48286], [6.24363, 5.4854], [6.24596, 5.48305], [6.24857, 5.48178], [6.25112, 5.48115], [6.25621, 5.48567], [6.25635, 5.48645], [6.25578, 5.4883], [6.25659, 5.49022], [6.25814, 5.49164], [6.25887, 5.49269], [6.25949, 5.49613], [6.2601, 5.49957], [6.26096, 5.50015], [6.26764, 5.501], [6.26908, 5.50145], [6.27684, 5.50769], [6.28391, 5.5095], [6.28893, 5.50572], [6.28883, 5.50367], [6.28904, 5.49701], [6.28644, 5.48284], [6.28051, 5.47702], [6.27783, 5.47287], [6.27634, 5.47063], [6.27542, 5.46904], [6.27429, 5.46458], [6.26293, 5.45937], [6.25564, 5.45277]]]}, "properties": {"name": "Irri 10", "lga": "Isoko South", "state": "de"}}, {"type": "Feature", "geometry": {"type": "Polygon", "coordinates": [[[5.73049, 5.5669], [5.72069, 5.57327], [5.71046, 5.58011], [5.70593, 5.58185], [5.73708, 5.60332], [5.7515, 5.58884], [5.75332, 5.58247], [5.75175, 5.57267], [5.74442, 5.57279], [5.74022, 5.57273], [5.73541, 5.57247], [5.73339, 5.57148], [5.73161, 5.56963], [5.73049, 5.5669]]]}, "properties": {"name": "Ekpan 9", "lga": "Uvwie", "state": "de"}}, {"type": "Feature", "geometry": {"type": "Polygon", "coordinates": [[[5.78973, 5.5327], [5.79244, 5.5309], [5.79685, 5.52659], [5.79828, 5.52377], [5.80101, 5.52091], [5.80049, 5.51826], [5.79502, 5.51634], [5.78695, 5.51666], [5.784, 5.51596], [5.78403, 5.5213], [5.78403, 5.52504], [5.7826, 5.52482], [5.7819, 5.52489], [5.77816, 5.5273], [5.78689, 5.53277], [5.78757, 5.5344], [5.78773, 5.53521], [5.78985, 5.53516], [5.78973, 5.5327]]]}, "properties": {"name": "Enerhen 4", "lga": "Uvwie", "state": "de"}}, {"type": "Feature", "geometry": {"type": "Polygon", "coordinates": [[[5.75954, 5.55509], [5.75726, 5.55623], [5.75534, 5.55594], [5.75336, 5.55507], [5.75307, 5.55391], [5.75389, 5.55236], [5.7538, 5.55139], [5.75113, 5.55017], [5.74993, 5.55081], [5.74881, 5.55386], [5.74868, 5.55598], [5.74815, 5.55637], [5.74633, 5.55598], [5.74408, 5.55478], [5.74305, 5.5529], [5.7437, 5.56243], [5.7461, 5.56235], [5.75032, 5.56305], [5.76049, 5.56553], [5.76715, 5.5627], [5.76727, 5.56077], [5.76622, 5.55851], [5.76201, 5.55416], [5.76067, 5.55387], [5.75954, 5.55509]]]}, "properties": {"name": "Ugboroke", "lga": "Uvwie", "state": "de"}}, {"type": "Feature", "geometry": {"type": "Polygon", "coordinates": [[[5.78313, 5.62199], [5.77736, 5.6243], [5.77034, 5.62314], [5.76396, 5.61918], [5.76077, 5.6185], [5.7478, 5.62445], [5.75039, 5.63034], [5.7522, 5.63446], [5.75569, 5.67621], [5.75484, 5.67881], [5.75292, 5.68399], [5.74924, 5.68441], [5.73057, 5.68607], [5.72591, 5.68673], [5.71635, 5.68535], [5.70045, 5.68331], [5.68819, 5.68929], [5.68515, 5.70894], [5.70757, 5.71434], [5.71566, 5.71396], [5.72596, 5.71992], [5.73465, 5.71308], [5.74511, 5.71201], [5.76225, 5.71379], [5.77791, 5.71409], [5.77882, 5.7199], [5.78495, 5.72162], [5.7971, 5.71794], [5.80932, 5.71609], [5.81699, 5.70926], [5.81759, 5.7085], [5.82036, 5.70503], [5.81114, 5.68372], [5.8025, 5.67825], [5.79236, 5.67747], [5.78511, 5.67218], [5.77485, 5.66921], [5.77293, 5.66559], [5.77567, 5.65591], [5.78007, 5.64722], [5.78446, 5.63956], [5.78313, 5.62199]]]}, "properties": {"name": "Adeje", "lga": "Okpe", "state": "de"}}, {"type": "Feature", "geometry": {"type": "Polygon", "coordinates": [[[5.80999, 5.19635], [5.79694, 5.19763], [5.79131, 5.20223], [5.78616, 5.20595], [5.7806, 5.20577], [5.77612, 5.20758], [5.77241, 5.20844], [5.76281, 5.21264], [5.76328, 5.21309], [5.76472, 5.21698], [5.76753, 5.21924], [5.77105, 5.2231], [5.78202, 5.23098], [5.79644, 5.23857], [5.80103, 5.23982], [5.81205, 5.24733], [5.81173, 5.24467], [5.81372, 5.22554], [5.82449, 5.20947], [5.82731, 5.19776], [5.83226, 5.18605], [5.83272, 5.18024], [5.82815, 5.18682], [5.828, 5.19053], [5.81914, 5.19519], [5.80999, 5.19635]]]}, "properties": {"name": "Akugbene 1", "lga": "Bomadi", "state": "de"}}, {"type": "Feature", "geometry": {"type": "Polygon", "coordinates": [[[5.82551, 5.28249], [5.83899, 5.28977], [5.84464, 5.28807], [5.84639, 5.28462], [5.84483, 5.27773], [5.84337, 5.26597], [5.84676, 5.25976], [5.84582, 5.25522], [5.84349, 5.25189], [5.83907, 5.24812], [5.8387, 5.24287], [5.84833, 5.23612], [5.8486, 5.22978], [5.85223, 5.22782], [5.85588, 5.22488], [5.8602, 5.22552], [5.85971, 5.22289], [5.85868, 5.22034], [5.85657, 5.21827], [5.88688, 5.20907], [5.88369, 5.19861], [5.87437, 5.19319], [5.86379, 5.18479], [5.85528, 5.18204], [5.84459, 5.17738], [5.83873, 5.17616], [5.83272, 5.18024], [5.83226, 5.18605], [5.82731, 5.19776], [5.82449, 5.20947], [5.81372, 5.22554], [5.81173, 5.24467], [5.81205, 5.24733], [5.80834, 5.26494], [5.8016, 5.27189], [5.80791, 5.27643], [5.81947, 5.28036], [5.82551, 5.28249]]]}, "properties": {"name": "Ogbeinma / Okoloba", "lga": "Bomadi", "state": "de"}}, {"type": "Feature", "geometry": {"type": "Polygon", "coordinates": [[[5.64514, 5.30403], [5.63875, 5.30209], [5.63431, 5.30209], [5.63431, 5.30181], [5.63236, 5.30181], [5.63097, 5.30236], [5.63014, 5.30764], [5.62264, 5.31153], [5.61819, 5.30819], [5.6157, 5.30819], [5.61042, 5.32014], [5.60903, 5.32014], [5.60903, 5.31958], [5.60875, 5.31958], [5.60958, 5.31597], [5.60875, 5.31347], [5.60569, 5.31236], [5.60319, 5.31597], [5.60264, 5.31597], [5.60264, 5.31569], [5.60208, 5.31569], [5.60125, 5.31819], [5.60264, 5.32042], [5.59302, 5.33384], [5.6117, 5.35237], [5.64124, 5.36682], [5.67518, 5.37103], [5.70727, 5.36817], [5.71487, 5.37409], [5.71917, 5.37335], [5.72308, 5.3685], [5.7232, 5.35753], [5.71946, 5.34289], [5.72202, 5.33488], [5.72835, 5.32825], [5.7268, 5.32322], [5.72535, 5.32131], [5.72578, 5.31797], [5.72529, 5.31537], [5.72963, 5.31203], [5.73372, 5.31123], [5.73576, 5.30905], [5.73662, 5.30636], [5.73658, 5.3032], [5.7381, 5.30341], [5.73902, 5.30527], [5.73975, 5.30559], [5.74012, 5.30461], [5.74004, 5.30354], [5.74069, 5.30295], [5.74376, 5.30376], [5.74454, 5.30352], [5.74328, 5.29032], [5.74587, 5.28744], [5.7254, 5.28259], [5.71261, 5.28408], [5.68406, 5.29092], [5.67216, 5.29657], [5.66086, 5.30074], [5.65818, 5.30103], [5.64514, 5.30403]]]}, "properties": {"name": "Ngbilebiri", "lga": "Burutu", "state": "de"}}, {"type": "Feature", "geometry": {"type": "Polygon", "coordinates": [[[5.62378, 5.03838], [5.62602, 5.04215], [5.63164, 5.05622], [5.63831, 5.0705], [5.64756, 5.09476], [5.67209, 5.09096], [5.68256, 5.09048], [5.69256, 5.09096], [5.71254, 5.09096], [5.76442, 5.08477], [5.7706, 5.08097], [5.77218, 5.07172], [5.77851, 5.07046], [5.78418, 5.06933], [5.78044, 5.06496], [5.77902, 5.05801], [5.77564, 5.05748], [5.7735, 5.06122], [5.76923, 5.06336], [5.76424, 5.06425], [5.75836, 5.06104], [5.75487, 5.05719], [5.75195, 5.05374], [5.74857, 5.05321], [5.74305, 5.0557], [5.73646, 5.05659], [5.73059, 5.05445], [5.71937, 5.03095], [5.71029, 5.02383], [5.7021, 5.02294], [5.69123, 5.02418], [5.68215, 5.02792], [5.67557, 5.02988], [5.66666, 5.02828], [5.66369, 5.02431], [5.66346, 5.024], [5.66346, 5.01884], [5.66364, 5.0151], [5.66181, 5.01288], [5.65667, 5.01178], [5.64789, 5.01178], [5.64233, 5.0156], [5.63765, 5.01699], [5.63294, 5.01838], [5.62529, 5.02604], [5.61972, 5.03473], [5.62378, 5.03838]]]}, "properties": {"name": "Tuomo", "lga": "Burutu", "state": "de"}}, {"type": "Feature", "geometry": {"type": "Polygon", "coordinates": [[[5.79753, 5.60591], [5.79115, 5.61445], [5.79255, 5.61596], [5.79699, 5.61347], [5.7984, 5.6134], [5.80435, 5.62015], [5.8087, 5.62058], [5.80978, 5.6213], [5.81248, 5.62503], [5.81409, 5.62647], [5.81708, 5.62798], [5.82006, 5.63093], [5.82066, 5.63092], [5.82004, 5.63399], [5.82076, 5.63734], [5.82065, 5.63788], [5.82008, 5.63844], [5.81951, 5.64011], [5.82045, 5.63935], [5.82275, 5.63875], [5.82758, 5.63897], [5.83812, 5.64186], [5.84062, 5.65468], [5.84231, 5.65574], [5.84198, 5.67936], [5.84219, 5.6852], [5.84317, 5.69734], [5.84754, 5.70019], [5.85159, 5.70275], [5.85286, 5.70307], [5.85665, 5.69814], [5.85958, 5.69023], [5.87465, 5.68833], [5.87829, 5.68042], [5.88929, 5.6721], [5.89945, 5.66187], [5.90679, 5.65724], [5.89781, 5.65105], [5.8906, 5.64734], [5.88554, 5.64318], [5.87128, 5.64063], [5.8724, 5.62905], [5.87281, 5.62243], [5.87687, 5.61303], [5.87908, 5.60927], [5.8787, 5.60932], [5.87275, 5.61467], [5.86674, 5.6189], [5.86121, 5.62092], [5.85806, 5.61521], [5.85302, 5.59553], [5.84607, 5.58722], [5.84023, 5.58693], [5.83672, 5.58635], [5.83392, 5.58643], [5.82835, 5.58731], [5.82345, 5.58746], [5.81515, 5.59189], [5.81103, 5.59549], [5.80277, 5.60199], [5.79753, 5.60591]]]}, "properties": {"name": "Oha", "lga": "Okpe", "state": "de"}}, {"type": "Feature", "geometry": {"type": "Polygon", "coordinates": [[[6.20851, 5.76243], [6.21649, 5.76336], [6.24305, 5.77317], [6.24876, 5.77361], [6.25385, 5.77543], [6.25295, 5.77079], [6.24541, 5.75526], [6.24715, 5.75273], [6.24373, 5.7487], [6.24381, 5.7427], [6.23886, 5.73724], [6.23822, 5.73124], [6.23772, 5.72445], [6.243, 5.72406], [6.2447, 5.71831], [6.24924, 5.71533], [6.25782, 5.712], [6.27735, 5.70936], [6.28697, 5.71217], [6.28987, 5.70611], [6.27907, 5.69798], [6.29498, 5.69652], [6.29813, 5.67859], [6.28477, 5.66879], [6.26943, 5.65353], [6.25643, 5.65246], [6.24772, 5.65293], [6.23969, 5.64726], [6.23483, 5.64523], [6.22437, 5.6517], [6.21672, 5.6566], [6.21605, 5.66079], [6.21526, 5.66429], [6.212, 5.66798], [6.20901, 5.67432], [6.19611, 5.68006], [6.19651, 5.6848], [6.20164, 5.68806], [6.21516, 5.69181], [6.21809, 5.69669], [6.22069, 5.70451], [6.22528, 5.70826], [6.22906, 5.7089], [6.2295, 5.71728], [6.23006, 5.71914], [6.22955, 5.7214], [6.22598, 5.73021], [6.22276, 5.73461], [6.21833, 5.74121], [6.20363, 5.74991], [6.20406, 5.75044], [6.20543, 5.75172], [6.20851, 5.76243]]]}, "properties": {"name": "Abbi 9", "lga": "Ndokwa West", "state": "de"}}, {"type": "Feature", "geometry": {"type": "Polygon", "coordinates": [[[6.45369, 6.31966], [6.45284, 6.31692], [6.4508, 6.31376], [6.4509, 6.31245], [6.45402, 6.30379], [6.46772, 6.30172], [6.45821, 6.27817], [6.45768, 6.27696], [6.45451, 6.26318], [6.44734, 6.25962], [6.44045, 6.2568], [6.43816, 6.25587], [6.43221, 6.26265], [6.42662, 6.27282], [6.42148, 6.27675], [6.4181, 6.28658], [6.40816, 6.29172], [6.39939, 6.29215], [6.39333, 6.29859], [6.38999, 6.2992], [6.39135, 6.30977], [6.3879, 6.32084], [6.38309, 6.33259], [6.3829, 6.33316], [6.39264, 6.33524], [6.40533, 6.34089], [6.41518, 6.34224], [6.41731, 6.35199], [6.42755, 6.35185], [6.42958, 6.35221], [6.44379, 6.35844], [6.44943, 6.36362], [6.45729, 6.34881], [6.46166, 6.34346], [6.46309, 6.34058], [6.46396, 6.33695], [6.46407, 6.33017], [6.46418, 6.32872], [6.46452, 6.32748], [6.4556, 6.32615], [6.4539, 6.32185], [6.45369, 6.31966]]]}, "properties": {"name": "Onicha-Ugbo", "lga": "Aniocha North", "state": "de"}}, {"type": "Feature", "geometry": {"type": "MultiPolygon", "coordinates": [[[[5.48625, 5.60292], [5.48764, 5.60208], [5.48792, 5.60208], [5.48764, 5.59847], [5.48958, 5.59542], [5.49514, 5.59014], [5.49097, 5.5843], [5.48847, 5.5843], [5.48708, 5.58681], [5.47958, 5.5843], [5.47958, 5.58569], [5.4818, 5.58653], [5.4818, 5.58736], [5.48153, 5.58736], [5.48153, 5.58792], [5.47792, 5.58903], [5.47181, 5.58792], [5.46625, 5.59125], [5.46375, 5.58486], [5.46097, 5.58292], [5.45792, 5.58292], [5.45514, 5.58708], [5.45069, 5.57903], [5.44431, 5.58153], [5.43958, 5.5818], [5.43931, 5.58597], [5.44069, 5.58847], [5.43653, 5.58847], [5.43431, 5.58597], [5.42986, 5.58486], [5.42375, 5.58569], [5.42042, 5.58347], [5.41042, 5.57097], [5.40514, 5.55736], [5.40097, 5.55542], [5.39903, 5.55292], [5.39792, 5.54736], [5.39931, 5.53958], [5.39879, 5.52958], [5.39597, 5.53069], [5.3807, 5.52903], [5.37986, 5.53042], [5.36246, 5.53902], [5.35458, 5.55014], [5.35347, 5.55347], [5.3543, 5.56208], [5.35986, 5.56931], [5.37264, 5.57875], [5.37347, 5.58208], [5.37375, 5.58208], [5.37662, 5.5845], [5.37657, 5.58656], [5.38727, 5.58565], [5.39358, 5.58828], [5.39595, 5.59467], [5.39656, 5.59631], [5.40286, 5.61327], [5.40215, 5.62992], [5.40786, 5.63682], [5.41785, 5.63992], [5.4357, 5.63516], [5.46687, 5.63111], [5.48043, 5.62183], [5.49447, 5.60779], [5.48653, 5.60569], [5.48653, 5.60375], [5.48625, 5.60375], [5.48625, 5.60292]]], [[[5.51283, 5.65473], [5.507, 5.64735], [5.49324, 5.63756], [5.48573, 5.6312], [5.445, 5.65444], [5.43504, 5.65227], [5.4332, 5.65802], [5.43244, 5.66327], [5.4336, 5.66875], [5.442, 5.67386], [5.45163, 5.67838], [5.45677, 5.68531], [5.46538, 5.68541], [5.47373, 5.68269], [5.47623, 5.68061], [5.47515, 5.67819], [5.47179, 5.67745], [5.46852, 5.67675], [5.46697, 5.67231], [5.46674, 5.66632], [5.47028, 5.66371], [5.48105, 5.66142], [5.49101, 5.66207], [5.49489, 5.66297], [5.49786, 5.66279], [5.51283, 5.65473]]]]}, "properties": {"name": "Akpakpa", "lga": "Warri South-West", "state": "de"}}, {"type": "Feature", "geometry": {"type": "Polygon", "coordinates": [[[5.47958, 5.53208], [5.49944, 5.50023], [5.50976, 5.5009], [5.50022, 5.48067], [5.49548, 5.45717], [5.49102, 5.43278], [5.4723, 5.39944], [5.43105, 5.38554], [5.43403, 5.39542], [5.43042, 5.40208], [5.42347, 5.40792], [5.41514, 5.41764], [5.41264, 5.42458], [5.41125, 5.43792], [5.42819, 5.44736], [5.42903, 5.45153], [5.42736, 5.4532], [5.42653, 5.45819], [5.42875, 5.46569], [5.43084, 5.46683], [5.43403, 5.46514], [5.44153, 5.46486], [5.44236, 5.46819], [5.44097, 5.47458], [5.44292, 5.47903], [5.44653, 5.48014], [5.45486, 5.47903], [5.45764, 5.48153], [5.46264, 5.49597], [5.46986, 5.50597], [5.46681, 5.50931], [5.46597, 5.51292], [5.46597, 5.51431], [5.46792, 5.51569], [5.46903, 5.51569], [5.47208, 5.51486], [5.47208, 5.51569], [5.47069, 5.51708], [5.46958, 5.52431], [5.46958, 5.52625], [5.47097, 5.52847], [5.47431, 5.52847], [5.47486, 5.53042], [5.47958, 5.53208]]]}, "properties": {"name": "Oporozo", "lga": "Warri South-West", "state": "de"}}, {"type": "Feature", "geometry": {"type": "Polygon", "coordinates": [[[5.43012, 5.46668], [5.4296, 5.46637], [5.42932, 5.466], [5.42875, 5.46569], [5.42653, 5.45819], [5.42736, 5.4532], [5.42903, 5.45153], [5.42819, 5.44736], [5.41097, 5.43792], [5.40764, 5.45403], [5.39847, 5.47097], [5.39042, 5.47375], [5.38569, 5.47708], [5.37597, 5.4732], [5.37347, 5.47486], [5.37264, 5.48458], [5.37042, 5.48514], [5.37042, 5.48736], [5.36764, 5.49014], [5.36708, 5.49653], [5.36569, 5.49847], [5.36014, 5.50069], [5.35625, 5.51014], [5.35625, 5.51069], [5.35653, 5.51069], [5.35653, 5.51153], [5.35986, 5.51319], [5.36153, 5.51736], [5.35542, 5.52514], [5.3543, 5.52903], [5.35931, 5.53292], [5.35958, 5.53764], [5.36246, 5.53902], [5.37986, 5.53042], [5.3807, 5.52903], [5.39597, 5.53069], [5.39879, 5.52958], [5.39931, 5.53958], [5.39792, 5.54736], [5.39903, 5.55292], [5.40097, 5.55542], [5.40514, 5.55736], [5.41042, 5.57097], [5.42042, 5.58347], [5.42375, 5.58569], [5.42986, 5.58486], [5.43431, 5.58597], [5.43653, 5.58847], [5.44069, 5.58847], [5.43931, 5.58597], [5.43958, 5.5818], [5.44431, 5.58153], [5.45069, 5.57903], [5.45514, 5.58708], [5.45792, 5.58292], [5.46097, 5.58292], [5.46375, 5.58486], [5.46625, 5.59125], [5.47181, 5.58792], [5.47542, 5.58792], [5.47597, 5.58903], [5.48153, 5.58792], [5.48153, 5.58736], [5.4818, 5.58736], [5.4818, 5.58653], [5.47958, 5.58569], [5.47958, 5.5843], [5.48097, 5.5843], [5.48097, 5.58458], [5.48208, 5.58458], [5.48458, 5.58681], [5.48708, 5.58681], [5.48847, 5.5843], [5.49097, 5.5843], [5.49514, 5.59014], [5.48792, 5.59792], [5.48819, 5.60097], [5.48625, 5.60292], [5.48625, 5.60375], [5.48653, 5.60375], [5.48653, 5.60569], [5.49447, 5.60779], [5.51056, 5.59611], [5.51542, 5.5923], [5.51629, 5.59162], [5.50957, 5.58782], [5.50318, 5.58192], [5.50153, 5.57903], [5.50398, 5.57461], [5.50236, 5.57153], [5.49681, 5.57153], [5.49347, 5.56708], [5.49097, 5.55903], [5.48875, 5.54986], [5.49208, 5.54375], [5.49208, 5.54264], [5.48958, 5.54181], [5.48764, 5.54181], [5.48069, 5.54153], [5.47819, 5.53847], [5.47958, 5.53208], [5.47486, 5.53042], [5.47431, 5.52847], [5.47097, 5.52847], [5.46958, 5.52625], [5.46958, 5.52431], [5.47069, 5.51708], [5.47208, 5.51569], [5.47208, 5.51486], [5.46903, 5.51569], [5.46792, 5.51569], [5.46597, 5.51431], [5.46597, 5.51292], [5.46681, 5.50931], [5.46986, 5.50597], [5.46264, 5.49597], [5.45764, 5.48153], [5.45486, 5.47903], [5.44653, 5.48014], [5.44236, 5.47847], [5.44097, 5.47458], [5.44236, 5.46819], [5.44153, 5.46486], [5.44069, 5.46486], [5.44069, 5.46458], [5.43736, 5.46458], [5.43012, 5.46668]]]}, "properties": {"name": "Orere", "lga": "Warri South-West", "state": "de"}}, {"type": "Feature", "geometry": {"type": "Polygon", "coordinates": [[[5.63164, 5.05622], [5.62602, 5.04215], [5.62378, 5.03838], [5.61972, 5.03473], [5.61103, 5.0389], [5.5992, 5.04238], [5.59086, 5.04342], [5.58564, 5.04795], [5.5846, 5.05525], [5.58224, 5.06108], [5.58257, 5.06803], [5.58465, 5.0714], [5.58572, 5.08104], [5.58644, 5.09389], [5.58929, 5.10745], [5.59036, 5.11495], [5.59072, 5.12851], [5.58608, 5.15956], [5.58608, 5.17313], [5.58501, 5.17634], [5.5843, 5.1874], [5.58358, 5.19204], [5.58073, 5.20025], [5.58, 5.20432], [5.58398, 5.20558], [5.59778, 5.21129], [5.60635, 5.21415], [5.61634, 5.21605], [5.62348, 5.21843], [5.65013, 5.22557], [5.6587, 5.22604], [5.65829, 5.21945], [5.65924, 5.19328], [5.65877, 5.18804], [5.65734, 5.18185], [5.65687, 5.1771], [5.65687, 5.13522], [5.65591, 5.12713], [5.65401, 5.11856], [5.64973, 5.10095], [5.64756, 5.09476], [5.63831, 5.0705], [5.63164, 5.05622]]]}, "properties": {"name": "Eseinbiri", "lga": "Burutu", "state": "de"}}, {"type": "Feature", "geometry": {"type": "Polygon", "coordinates": [[[6.48087, 6.35047], [6.48647, 6.34814], [6.50596, 6.33846], [6.51579, 6.31325], [6.52023, 6.30416], [6.51719, 6.30389], [6.51404, 6.30236], [6.49674, 6.30921], [6.486, 6.31377], [6.47804, 6.31708], [6.45369, 6.31966], [6.4539, 6.32185], [6.4556, 6.32615], [6.46452, 6.32748], [6.46309, 6.34058], [6.44909, 6.36365], [6.45704, 6.38062], [6.46065, 6.37585], [6.46158, 6.37348], [6.46259, 6.37098], [6.46358, 6.36824], [6.46509, 6.3686], [6.46715, 6.36891], [6.47253, 6.36599], [6.47388, 6.36645], [6.47447, 6.36663], [6.4758, 6.36627], [6.48108, 6.36457], [6.48087, 6.35047]]]}, "properties": {"name": "Issele-Uku 2", "lga": "Aniocha North", "state": "de"}}, {"type": "Feature", "geometry": {"type": "Polygon", "coordinates": [[[6.73265, 6.23461], [6.73211, 6.23399], [6.72458, 6.23357], [6.7163, 6.22666], [6.70363, 6.22493], [6.70405, 6.22131], [6.70392, 6.21884], [6.70239, 6.21484], [6.69994, 6.20988], [6.69657, 6.2003], [6.69084, 6.20237], [6.69484, 6.21824], [6.69925, 6.23576], [6.70581, 6.2618], [6.72313, 6.26558], [6.72615, 6.25986], [6.73101, 6.23909], [6.73265, 6.23461]]]}, "properties": {"name": "West End", "lga": "Oshimili South", "state": "de"}}, {"type": "Feature", "geometry": {"type": "Polygon", "coordinates": [[[6.57324, 6.48871], [6.5708, 6.48186], [6.57093, 6.45274], [6.57441, 6.43543], [6.57786, 6.42506], [6.57926, 6.41467], [6.57659, 6.40355], [6.5755, 6.39823], [6.57515, 6.40195], [6.57522, 6.40328], [6.56986, 6.4094], [6.56395, 6.41215], [6.56175, 6.41315], [6.55707, 6.41611], [6.55477, 6.41633], [6.55105, 6.41596], [6.54476, 6.41853], [6.54314, 6.41848], [6.54518, 6.4221], [6.54024, 6.4272], [6.53714, 6.42893], [6.53567, 6.42955], [6.53133, 6.43236], [6.52049, 6.44391], [6.51534, 6.4469], [6.51087, 6.44922], [6.50899, 6.44957], [6.50862, 6.45338], [6.50507, 6.45914], [6.50875, 6.46488], [6.51012, 6.47615], [6.52003, 6.48304], [6.52332, 6.48754], [6.54016, 6.49201], [6.55171, 6.49349], [6.56531, 6.4943], [6.5755, 6.49508], [6.57427, 6.4916], [6.57324, 6.48871]]]}, "properties": {"name": "Ezi", "lga": "Aniocha North", "state": "de"}}, {"type": "Feature", "geometry": {"type": "Polygon", "coordinates": [[[6.3829, 6.33316], [6.38309, 6.33259], [6.3879, 6.32084], [6.39135, 6.30977], [6.38999, 6.2992], [6.38938, 6.2945], [6.38399, 6.28267], [6.37791, 6.2743], [6.37319, 6.26455], [6.3712, 6.25413], [6.36888, 6.25423], [6.35382, 6.28099], [6.35512, 6.28849], [6.34506, 6.30174], [6.34316, 6.30612], [6.33764, 6.31563], [6.33345, 6.32211], [6.32679, 6.33733], [6.31708, 6.35409], [6.31613, 6.35789], [6.31278, 6.36732], [6.31939, 6.37126], [6.32238, 6.37304], [6.32466, 6.37385], [6.33166, 6.37645], [6.33629, 6.37817], [6.34159, 6.37841], [6.34957, 6.37878], [6.35756, 6.38429], [6.36229, 6.38444], [6.36386, 6.37612], [6.36852, 6.36682], [6.37415, 6.35679], [6.37827, 6.34711], [6.3829, 6.33316]]]}, "properties": {"name": "Igbodo", "lga": "Ika North East", "state": "de"}}, {"type": "Feature", "geometry": {"type": "Polygon", "coordinates": [[[6.30969, 6.20123], [6.30742, 6.19401], [6.26489, 6.21731], [6.25445, 6.21888], [6.24687, 6.21865], [6.25097, 6.22261], [6.2591, 6.22892], [6.26722, 6.2387], [6.27465, 6.24986], [6.2773, 6.25316], [6.28727, 6.25004], [6.30036, 6.24481], [6.30821, 6.2429], [6.30662, 6.23805], [6.31435, 6.23856], [6.32, 6.23693], [6.32337, 6.23496], [6.31873, 6.23264], [6.30969, 6.20123]]]}, "properties": {"name": "Otolokpo", "lga": "Ika North East", "state": "de"}}, {"type": "Feature", "geometry": {"type": "Polygon", "coordinates": [[[6.36296, 6.16536], [6.3621, 6.16656], [6.35735, 6.16526], [6.3557, 6.16218], [6.33894, 6.17083], [6.33334, 6.1736], [6.32439, 6.17742], [6.3121, 6.18232], [6.30607, 6.18468], [6.30907, 6.19318], [6.30742, 6.19401], [6.31873, 6.23264], [6.32337, 6.23496], [6.33523, 6.231], [6.35747, 6.23939], [6.36329, 6.24179], [6.36489, 6.24196], [6.36692, 6.2423], [6.36782, 6.24254], [6.36847, 6.24371], [6.37017, 6.24195], [6.3729, 6.23912], [6.37534, 6.2396], [6.38982, 6.19534], [6.38579, 6.18421], [6.36296, 6.16536]]]}, "properties": {"name": "Ute-Ogbeje", "lga": "Ika North East", "state": "de"}}, {"type": "Feature", "geometry": {"type": "Polygon", "coordinates": [[[6.18692, 5.73679], [6.17758, 5.73561], [6.17258, 5.73286], [6.16869, 5.72763], [6.16683, 5.72648], [6.16265, 5.7406], [6.14966, 5.75569], [6.15575, 5.76885], [6.15605, 5.77297], [6.15465, 5.77455], [6.15358, 5.77913], [6.1537, 5.7857], [6.15132, 5.78986], [6.15114, 5.79139], [6.15304, 5.79894], [6.15182, 5.80493], [6.14931, 5.80969], [6.14444, 5.81784], [6.15802, 5.82012], [6.1714, 5.82651], [6.18222, 5.8188], [6.18331, 5.81758], [6.18089, 5.78681], [6.20543, 5.75172], [6.19746, 5.7469], [6.19397, 5.74296], [6.19136, 5.74017], [6.18692, 5.73679]]]}, "properties": {"name": "Umuebu", "lga": "Ukwuani", "state": "de"}}, {"type": "Feature", "geometry": {"type": "Polygon", "coordinates": [[[6.25862, 5.78266], [6.25973, 5.77891], [6.26151, 5.77621], [6.25385, 5.77543], [6.24876, 5.77361], [6.24305, 5.77317], [6.21649, 5.76336], [6.20851, 5.76243], [6.20543, 5.75172], [6.19141, 5.77285], [6.18629, 5.77967], [6.19039, 5.78598], [6.19669, 5.78868], [6.20594, 5.79536], [6.21181, 5.79983], [6.21912, 5.78403], [6.22779, 5.78648], [6.24183, 5.78823], [6.26278, 5.79084], [6.25862, 5.78266]]]}, "properties": {"name": "Ezionum", "lga": "Ukwuani", "state": "de"}}, {"type": "Feature", "geometry": {"type": "Polygon", "coordinates": [[[6.19039, 5.78598], [6.18629, 5.77967], [6.18303, 5.78359], [6.18089, 5.78681], [6.18331, 5.81758], [6.18222, 5.8188], [6.1714, 5.82651], [6.19037, 5.83774], [6.20677, 5.83011], [6.21157, 5.82646], [6.21489, 5.82419], [6.22259, 5.81462], [6.22427, 5.81345], [6.22622, 5.80815], [6.22915, 5.80576], [6.23148, 5.80719], [6.23485, 5.8096], [6.23777, 5.81028], [6.23993, 5.81034], [6.25015, 5.80453], [6.24513, 5.80317], [6.2432, 5.80257], [6.24186, 5.80237], [6.24119, 5.8018], [6.24095, 5.80103], [6.24042, 5.80036], [6.23817, 5.79979], [6.23209, 5.79867], [6.22792, 5.79777], [6.22365, 5.79776], [6.21649, 5.79825], [6.21567, 5.79842], [6.21181, 5.79983], [6.20594, 5.79536], [6.19669, 5.78868], [6.19039, 5.78598]]]}, "properties": {"name": "Eziokpor", "lga": "Ukwuani", "state": "de"}}, {"type": "Feature", "geometry": {"type": "Polygon", "coordinates": [[[5.91638, 5.13152], [5.88872, 5.12053], [5.88135, 5.10951], [5.88027, 5.13871], [5.88901, 5.14082], [5.89876, 5.14665], [5.90852, 5.15283], [5.91066, 5.15462], [5.91863, 5.16009], [5.92434, 5.1658], [5.92783, 5.16072], [5.92759, 5.15488], [5.92689, 5.13993], [5.92175, 5.13502], [5.91755, 5.13409], [5.91638, 5.13152]]]}, "properties": {"name": "Kpakiama", "lga": "Bomadi", "state": "de"}}, {"type": "Feature", "geometry": {"type": "Polygon", "coordinates": [[[5.98565, 5.16978], [5.98434, 5.15945], [5.9869, 5.15437], [5.98683, 5.15091], [5.98675, 5.14744], [5.98668, 5.14398], [5.98446, 5.1385], [5.983, 5.13577], [5.98089, 5.13056], [5.96424, 5.14911], [5.96054, 5.15722], [5.94605, 5.16423], [5.9332, 5.1647], [5.92783, 5.16072], [5.92434, 5.1658], [5.91136, 5.17698], [5.90321, 5.1914], [5.9252, 5.19224], [5.94059, 5.18797], [5.94551, 5.18727], [5.95428, 5.18963], [5.96516, 5.18972], [5.96927, 5.18144], [5.98839, 5.18413], [5.98565, 5.16978]]]}, "properties": {"name": "Bomadi", "lga": "Bomadi", "state": "de"}}, {"type": "Feature", "geometry": {"type": "Polygon", "coordinates": [[[5.88901, 5.14082], [5.88027, 5.13871], [5.87906, 5.17621], [5.88492, 5.17725], [5.89454, 5.17792], [5.9051, 5.1803], [5.91136, 5.17698], [5.92434, 5.1658], [5.91863, 5.16009], [5.91066, 5.15462], [5.90852, 5.15283], [5.88901, 5.14082]]]}, "properties": {"name": "Esanma", "lga": "Bomadi", "state": "de"}}, {"type": "Feature", "geometry": {"type": "Polygon", "coordinates": [[[5.88967, 5.19525], [5.90321, 5.1914], [5.91136, 5.17698], [5.9051, 5.1803], [5.89454, 5.17792], [5.88492, 5.17725], [5.87906, 5.17621], [5.86379, 5.18479], [5.87437, 5.19319], [5.88369, 5.19861], [5.88967, 5.19525]]]}, "properties": {"name": "Ogriagbene", "lga": "Bomadi", "state": "de"}}, {"type": "Feature", "geometry": {"type": "Polygon", "coordinates": [[[5.76244, 5.09296], [5.76157, 5.08525], [5.71254, 5.09096], [5.69256, 5.09096], [5.68256, 5.09048], [5.67209, 5.09096], [5.64756, 5.09476], [5.64973, 5.10095], [5.65401, 5.11856], [5.65591, 5.12713], [5.65687, 5.13522], [5.65687, 5.1771], [5.65734, 5.18185], [5.65877, 5.18804], [5.65924, 5.19328], [5.65829, 5.21945], [5.6587, 5.22604], [5.66821, 5.23033], [5.68773, 5.23699], [5.70343, 5.23984], [5.71723, 5.24365], [5.73008, 5.24889], [5.74605, 5.25935], [5.74811, 5.26031], [5.74974, 5.26402], [5.7527, 5.26625], [5.75447, 5.26753], [5.75695, 5.26785], [5.75852, 5.26682], [5.75982, 5.26341], [5.76152, 5.26036], [5.76485, 5.25939], [5.76669, 5.25891], [5.77211, 5.25972], [5.78127, 5.2618], [5.78403, 5.26532], [5.7874, 5.26837], [5.8016, 5.27189], [5.80834, 5.26494], [5.81205, 5.24733], [5.80103, 5.23982], [5.79644, 5.23857], [5.78202, 5.23098], [5.77105, 5.2231], [5.76753, 5.21924], [5.76472, 5.21698], [5.76328, 5.21309], [5.76281, 5.21264], [5.75838, 5.20972], [5.76097, 5.19907], [5.76504, 5.19348], [5.76886, 5.18719], [5.77341, 5.18343], [5.7786, 5.17643], [5.77743, 5.17112], [5.77743, 5.16541], [5.77565, 5.16077], [5.77244, 5.14792], [5.77101, 5.13971], [5.76887, 5.12187], [5.76637, 5.11366], [5.7653, 5.10581], [5.76244, 5.09296]]]}, "properties": {"name": "Tamigbe", "lga": "Burutu", "state": "de"}}, {"type": "Feature", "geometry": {"type": "Polygon", "coordinates": [[[5.34983, 5.43715], [5.36812, 5.42762], [5.37769, 5.42009], [5.41395, 5.40841], [5.43125, 5.4006], [5.43403, 5.39486], [5.43105, 5.38554], [5.37944, 5.39], [5.35491, 5.38983], [5.31803, 5.40386], [5.26015, 5.42847], [5.2398, 5.44023], [5.22712, 5.45122], [5.22873, 5.45267], [5.23225, 5.45483], [5.24338, 5.45969], [5.25658, 5.46246], [5.26786, 5.46112], [5.30025, 5.46702], [5.34983, 5.43715]]]}, "properties": {"name": "Obetebe", "lga": "Burutu", "state": "de"}}, {"type": "Feature", "geometry": {"type": "Polygon", "coordinates": [[[5.80902, 5.08642], [5.80551, 5.08365], [5.80361, 5.08189], [5.79747, 5.08306], [5.79134, 5.08584], [5.78914, 5.08438], [5.78988, 5.07868], [5.78812, 5.07254], [5.78418, 5.06933], [5.77851, 5.07046], [5.77218, 5.07172], [5.7706, 5.08097], [5.76442, 5.08477], [5.76157, 5.08525], [5.76244, 5.09296], [5.7653, 5.10581], [5.76637, 5.11366], [5.76887, 5.12187], [5.77101, 5.13971], [5.77244, 5.14792], [5.77565, 5.16077], [5.77743, 5.16541], [5.77743, 5.17112], [5.7786, 5.17643], [5.78849, 5.182], [5.80039, 5.18721], [5.80721, 5.18751], [5.81313, 5.18845], [5.81861, 5.18938], [5.82815, 5.18682], [5.83272, 5.18024], [5.83873, 5.17616], [5.84459, 5.17738], [5.85528, 5.18204], [5.86379, 5.18479], [5.87906, 5.17621], [5.88027, 5.13871], [5.88135, 5.10951], [5.88077, 5.10951], [5.87765, 5.10526], [5.87789, 5.10031], [5.87839, 5.09709], [5.87765, 5.09139], [5.87443, 5.08619], [5.8717, 5.08124], [5.86774, 5.06811], [5.86506, 5.06953], [5.86374, 5.0728], [5.86308, 5.07444], [5.8623, 5.07484], [5.85738, 5.07736], [5.85315, 5.07546], [5.85198, 5.0702], [5.84832, 5.06655], [5.84087, 5.06757], [5.83999, 5.07079], [5.83951, 5.07454], [5.84058, 5.08058], [5.84014, 5.08306], [5.83532, 5.08248], [5.82027, 5.07517], [5.81735, 5.07736], [5.8153, 5.08189], [5.81413, 5.08452], [5.81368, 5.08469], [5.80902, 5.08642]]]}, "properties": {"name": "Torugbene", "lga": "Burutu", "state": "de"}}, {"type": "Feature", "geometry": {"type": "Polygon", "coordinates": [[[5.49203, 5.18247], [5.48939, 5.18348], [5.48568, 5.18022], [5.48481, 5.18135], [5.48403, 5.18403], [5.48161, 5.185], [5.4798, 5.18291], [5.4796, 5.17908], [5.47989, 5.17629], [5.48017, 5.17419], [5.47798, 5.17272], [5.4762, 5.17388], [5.47322, 5.1759], [5.47188, 5.17576], [5.47152, 5.17435], [5.47143, 5.17284], [5.47116, 5.17073], [5.47057, 5.16974], [5.46795, 5.16709], [5.46658, 5.16778], [5.46456, 5.16814], [5.46228, 5.16953], [5.46208, 5.17458], [5.46208, 5.17486], [5.45486, 5.17708], [5.45264, 5.17958], [5.4518, 5.18347], [5.4543, 5.19708], [5.46125, 5.22209], [5.46125, 5.22264], [5.4607, 5.22764], [5.4607, 5.22792], [5.45708, 5.23264], [5.45708, 5.2343], [5.45736, 5.2343], [5.45736, 5.23569], [5.46403, 5.24069], [5.47069, 5.23958], [5.48097, 5.25264], [5.48958, 5.25375], [5.49264, 5.25625], [5.49347, 5.26153], [5.49208, 5.26708], [5.48736, 5.27403], [5.48736, 5.2768], [5.50208, 5.27847], [5.5068, 5.27653], [5.51153, 5.27069], [5.52097, 5.27153], [5.52458, 5.27597], [5.52847, 5.27653], [5.52986, 5.28347], [5.53403, 5.28542], [5.53347, 5.29431], [5.5343, 5.29514], [5.53708, 5.29514], [5.53931, 5.29319], [5.54097, 5.28819], [5.54458, 5.28764], [5.54708, 5.29069], [5.54819, 5.29597], [5.55542, 5.30097], [5.55903, 5.30069], [5.56923, 5.30331], [5.57285, 5.30388], [5.58347, 5.30736], [5.58708, 5.30736], [5.59403, 5.3118], [5.59542, 5.31403], [5.59958, 5.31319], [5.60264, 5.31597], [5.60569, 5.31236], [5.60736, 5.31236], [5.60958, 5.31486], [5.60903, 5.32014], [5.61097, 5.31931], [5.6157, 5.30819], [5.61875, 5.30847], [5.62125, 5.31125], [5.62375, 5.31125], [5.63014, 5.30764], [5.63097, 5.30236], [5.63236, 5.30181], [5.64014, 5.30236], [5.64458, 5.30431], [5.66086, 5.30074], [5.67216, 5.29657], [5.68406, 5.29092], [5.71261, 5.28408], [5.7254, 5.28259], [5.74587, 5.28744], [5.7481, 5.27915], [5.74833, 5.27585], [5.74733, 5.27378], [5.74486, 5.27289], [5.74111, 5.2727], [5.73787, 5.27133], [5.73691, 5.26936], [5.73697, 5.26665], [5.73809, 5.26297], [5.7389, 5.26149], [5.74008, 5.26013], [5.74271, 5.25918], [5.74605, 5.25935], [5.73008, 5.24889], [5.71723, 5.24365], [5.70343, 5.23984], [5.68773, 5.23699], [5.66821, 5.23033], [5.6587, 5.22604], [5.65013, 5.22557], [5.62348, 5.21843], [5.61634, 5.21605], [5.60635, 5.21415], [5.51989, 5.18297], [5.49792, 5.17736], [5.49203, 5.18247]]]}, "properties": {"name": "Bolou-Ndoro", "lga": "Burutu", "state": "de"}}, {"type": "Feature", "geometry": {"type": "Polygon", "coordinates": [[[6.25556, 5.80554], [6.25546, 5.80378], [6.25551, 5.80147], [6.25623, 5.80159], [6.25942, 5.79829], [6.26278, 5.79084], [6.24183, 5.78823], [6.22779, 5.78648], [6.21912, 5.78403], [6.21181, 5.79983], [6.21567, 5.79842], [6.21649, 5.79825], [6.22365, 5.79776], [6.22792, 5.79777], [6.23209, 5.79867], [6.23817, 5.79979], [6.24042, 5.80036], [6.24095, 5.80103], [6.24119, 5.8018], [6.24186, 5.80237], [6.25556, 5.80554]]]}, "properties": {"name": "Amai", "lga": "Ukwuani", "state": "de"}}, {"type": "Feature", "geometry": {"type": "Polygon", "coordinates": [[[6.05651, 5.47375], [6.03802, 5.47747], [6.04371, 5.48675], [6.04806, 5.49767], [6.04906, 5.50381], [6.03899, 5.51451], [6.04134, 5.51693], [6.04452, 5.52034], [6.04147, 5.52795], [6.03748, 5.53347], [6.03814, 5.53833], [6.0483, 5.55965], [6.04767, 5.57283], [6.04786, 5.57939], [6.04282, 5.58539], [6.04234, 5.59024], [6.03595, 5.59987], [6.04086, 5.60297], [6.05034, 5.61207], [6.05845, 5.62184], [6.059, 5.63076], [6.06803, 5.63299], [6.0728, 5.63648], [6.07898, 5.63057], [6.08369, 5.62421], [6.09411, 5.63014], [6.10061, 5.63092], [6.11046, 5.62914], [6.11593, 5.61], [6.12217, 5.60962], [6.12788, 5.6077], [6.13307, 5.59473], [6.12387, 5.59257], [6.11506, 5.58487], [6.11238, 5.57514], [6.11585, 5.55991], [6.11658, 5.54813], [6.11119, 5.53768], [6.10238, 5.53136], [6.08675, 5.52707], [6.07794, 5.52076], [6.07659, 5.51884], [6.07254, 5.51309], [6.06917, 5.50474], [6.06244, 5.49012], [6.05771, 5.48176], [6.05651, 5.47375]]]}, "properties": {"name": "Agbarha-Otor", "lga": "Ughelli North", "state": "de"}}, {"type": "Feature", "geometry": {"type": "Polygon", "coordinates": [[[5.9009, 5.60187], [5.90137, 5.59906], [5.90853, 5.60024], [5.90903, 5.6015], [5.91128, 5.60106], [5.91424, 5.59934], [5.91597, 5.59636], [5.91643, 5.5931], [5.91579, 5.59122], [5.91625, 5.59041], [5.9179, 5.58867], [5.91764, 5.58234], [5.91744, 5.58059], [5.91854, 5.57991], [5.91953, 5.57933], [5.9204, 5.57724], [5.921, 5.57572], [5.92136, 5.57401], [5.92074, 5.57202], [5.92095, 5.5689], [5.91978, 5.56557], [5.92264, 5.56299], [5.93405, 5.56367], [5.91734, 5.54647], [5.90713, 5.54846], [5.89352, 5.55113], [5.88399, 5.55382], [5.87379, 5.55304], [5.86427, 5.55296], [5.85337, 5.55564], [5.8504, 5.55638], [5.84812, 5.56149], [5.84741, 5.57089], [5.84689, 5.57442], [5.84967, 5.57482], [5.85328, 5.57541], [5.86353, 5.57584], [5.87231, 5.56627], [5.87531, 5.57113], [5.9009, 5.60187]]]}, "properties": {"name": "Agbarho 2", "lga": "Ughelli North", "state": "de"}}, {"type": "Feature", "geometry": {"type": "Polygon", "coordinates": [[[6.17722, 5.67693], [6.17999, 5.66516], [6.1848, 5.6548], [6.19096, 5.64445], [6.20257, 5.63275], [6.20529, 5.62939], [6.21146, 5.62173], [6.19449, 5.61466], [6.18162, 5.60415], [6.17416, 5.59854], [6.16817, 5.59619], [6.1633, 5.59429], [6.14698, 5.59484], [6.1361, 5.59545], [6.13307, 5.59473], [6.12788, 5.6077], [6.12217, 5.60962], [6.11593, 5.61], [6.11046, 5.62914], [6.10061, 5.63092], [6.09411, 5.63014], [6.08369, 5.62421], [6.07898, 5.63057], [6.0728, 5.63648], [6.07866, 5.64076], [6.08185, 5.65097], [6.08536, 5.65373], [6.09249, 5.65278], [6.10525, 5.65916], [6.11589, 5.65916], [6.11993, 5.6616], [6.12259, 5.67596], [6.12918, 5.67968], [6.13652, 5.67532], [6.14205, 5.67788], [6.14673, 5.68064], [6.15343, 5.67256], [6.15864, 5.66926], [6.16683, 5.67586], [6.17722, 5.67693]]]}, "properties": {"name": "Orogun 1", "lga": "Ughelli North", "state": "de"}}, {"type": "Feature", "geometry": {"type": "Polygon", "coordinates": [[[6.04371, 5.48675], [6.03802, 5.47747], [6.05651, 5.47375], [6.05573, 5.46856], [6.05648, 5.45331], [6.06198, 5.4388], [6.06268, 5.43788], [6.05621, 5.43212], [6.04251, 5.43022], [6.02043, 5.42717], [6.00958, 5.41984], [6.00349, 5.41737], [6.00168, 5.41109], [5.99806, 5.40147], [5.99719, 5.3957], [5.99416, 5.39732], [5.98935, 5.40837], [5.98454, 5.42081], [5.98109, 5.43119], [5.98717, 5.44025], [5.9912, 5.45208], [5.99524, 5.46182], [6.00524, 5.46378], [6.00988, 5.46068], [6.01267, 5.45979], [6.01416, 5.46003], [6.01678, 5.46217], [6.02148, 5.46229], [6.0191, 5.47979], [6.01962, 5.47976], [6.023, 5.4861], [6.03091, 5.48908], [6.04371, 5.48675]]]}, "properties": {"name": "Otor-Ogor", "lga": "Ughelli North", "state": "de"}}, {"type": "Feature", "geometry": {"type": "Polygon", "coordinates": [[[5.75602, 5.5196], [5.75492, 5.52451], [5.76146, 5.52609], [5.76339, 5.53066], [5.7681, 5.53393], [5.77344, 5.52778], [5.78403, 5.52504], [5.78403, 5.5213], [5.784, 5.51596], [5.77908, 5.51796], [5.77154, 5.52366], [5.76928, 5.52296], [5.76899, 5.5194], [5.77103, 5.51429], [5.7744, 5.50662], [5.77902, 5.50177], [5.78027, 5.49407], [5.77904, 5.49065], [5.76909, 5.50079], [5.76802, 5.5059], [5.76831, 5.50809], [5.76766, 5.50952], [5.76676, 5.50951], [5.76305, 5.50946], [5.75749, 5.51201], [5.75782, 5.51601], [5.75602, 5.5196]]]}, "properties": {"name": "Igbudu", "lga": "Warri South", "state": "de"}}, {"type": "Feature", "geometry": {"type": "Polygon", "coordinates": [[[5.42809, 6.00705], [5.43333, 6.00999], [5.43366, 6.01425], [5.43333, 6.01916], [5.4294, 6.02473], [5.42973, 6.03193], [5.43565, 6.03622], [5.43922, 6.0388], [5.44278, 6.04135], [5.44463, 6.03923], [5.45209, 6.0343], [5.45306, 6.02754], [5.4534, 6.02513], [5.45619, 6.0224], [5.45846, 6.02305], [5.46552, 6.02775], [5.47368, 6.02735], [5.47356, 6.00151], [5.47155, 5.97844], [5.47496, 5.94777], [5.46957, 5.93146], [5.46062, 5.92955], [5.44996, 5.92955], [5.43911, 5.92765], [5.43607, 5.9267], [5.43217, 5.92627], [5.42408, 5.9177], [5.41551, 5.91199], [5.39314, 5.90485], [5.3841, 5.90295], [5.37411, 5.89819], [5.3584, 5.89201], [5.34698, 5.88534], [5.33556, 5.88344], [5.31304, 5.88068], [5.30763, 5.88603], [5.30441, 5.88644], [5.30065, 5.88107], [5.29712, 5.8802], [5.29359, 5.88426], [5.29176, 5.8884], [5.29121, 5.89521], [5.29394, 5.90162], [5.29208, 5.90986], [5.30512, 5.91725], [5.31594, 5.93229], [5.32608, 5.9418], [5.33478, 5.9492], [5.3413, 5.95616], [5.35, 5.96094], [5.3587, 5.96964], [5.34522, 5.97529], [5.34, 5.98269], [5.33652, 5.98443], [5.32695, 5.98269], [5.32608, 5.99008], [5.32695, 5.99443], [5.32304, 6.0053], [5.32739, 6.01835], [5.33434, 6.02139], [5.34044, 6.02002], [5.34436, 6.01741], [5.35871, 6.01871], [5.36785, 6.02089], [5.38002, 6.02045], [5.39041, 6.01903], [5.39434, 6.02042], [5.4019, 6.02309], [5.41336, 6.02145], [5.41803, 6.01158], [5.41756, 6.00937], [5.42809, 6.00705]]]}, "properties": {"name": "Koko", "lga": "Warri North", "state": "de"}}, {"type": "Feature", "geometry": {"type": "Polygon", "coordinates": [[[5.51659, 6.03037], [5.51888, 6.02742], [5.51528, 6.02186], [5.51921, 6.01629], [5.52347, 6.01269], [5.52838, 6.01203], [5.53263, 6.01171], [5.5346, 6.00974], [5.53231, 6.00418], [5.5366, 5.9899], [5.54633, 5.98536], [5.56108, 5.98941], [5.57127, 5.99088], [5.57201, 5.97771], [5.56933, 5.96798], [5.56724, 5.95979], [5.57422, 5.95664], [5.57905, 5.94697], [5.57514, 5.93201], [5.57927, 5.92553], [5.58939, 5.91913], [5.60152, 5.91538], [5.61034, 5.91399], [5.61281, 5.90352], [5.61792, 5.89437], [5.62534, 5.89362], [5.64439, 5.89113], [5.649, 5.88836], [5.64948, 5.88969], [5.6526, 5.88841], [5.65293, 5.8895], [5.65333, 5.89051], [5.65781, 5.88952], [5.65751, 5.88644], [5.65387, 5.88386], [5.65114, 5.88066], [5.65643, 5.87426], [5.6612, 5.8703], [5.67019, 5.86805], [5.67696, 5.86989], [5.67708, 5.86162], [5.677, 5.86135], [5.67591, 5.85963], [5.67154, 5.86215], [5.66163, 5.85844], [5.63885, 5.85429], [5.59009, 5.87696], [5.56565, 5.8778], [5.5539, 5.87189], [5.54705, 5.87161], [5.54747, 5.87597], [5.54913, 5.87871], [5.55011, 5.88238], [5.5481, 5.88656], [5.52605, 5.8927], [5.5124, 5.90445], [5.50859, 5.9112], [5.50042, 5.9194], [5.49804, 5.92889], [5.50015, 5.93138], [5.46957, 5.93146], [5.47496, 5.94777], [5.47155, 5.97844], [5.47356, 6.00151], [5.47368, 6.02735], [5.47894, 6.0271], [5.48418, 6.02775], [5.48975, 6.03004], [5.49027, 6.0336], [5.49138, 6.03855], [5.49433, 6.04183], [5.49728, 6.04248], [5.50088, 6.03659], [5.50579, 6.03593], [5.51299, 6.03528], [5.51659, 6.03037]]]}, "properties": {"name": "Gana", "lga": "Sapele", "state": "de"}}, {"type": "Feature", "geometry": {"type": "Polygon", "coordinates": [[[5.6612, 5.8703], [5.66193, 5.87763], [5.67508, 5.88552], [5.67735, 5.89096], [5.68876, 5.88597], [5.68602, 5.87957], [5.67696, 5.86989], [5.67019, 5.86805], [5.6612, 5.8703]]]}, "properties": {"name": "Agbawan", "lga": "Sapele", "state": "de"}}, {"type": "Feature", "geometry": {"type": "Polygon", "coordinates": [[[5.43402, 5.70889], [5.38604, 5.72081], [5.33818, 5.7231], [5.32443, 5.72941], [5.33397, 5.73645], [5.33955, 5.7417], [5.34101, 5.74526], [5.33266, 5.7601], [5.33331, 5.76641], [5.33423, 5.77579], [5.33208, 5.78413], [5.33173, 5.78689], [5.33395, 5.7911], [5.34647, 5.80116], [5.35389, 5.8047], [5.36442, 5.80187], [5.36631, 5.80501], [5.36681, 5.81142], [5.37044, 5.81428], [5.37465, 5.81647], [5.37832, 5.82088], [5.38115, 5.82336], [5.38672, 5.82416], [5.40023, 5.82312], [5.40797, 5.81967], [5.41074, 5.82016], [5.41372, 5.8281], [5.41638, 5.82991], [5.42269, 5.82464], [5.42476, 5.82394], [5.42725, 5.82391], [5.43123, 5.82619], [5.43335, 5.82599], [5.43873, 5.82278], [5.44285, 5.8222], [5.44706, 5.82249], [5.45081, 5.82498], [5.45475, 5.82497], [5.45768, 5.81895], [5.46075, 5.81503], [5.46375, 5.80542], [5.46696, 5.80453], [5.47219, 5.80029], [5.4784, 5.7988], [5.48482, 5.79639], [5.49543, 5.79621], [5.5025, 5.79125], [5.50521, 5.78775], [5.50847, 5.78651], [5.52343, 5.78767], [5.52772, 5.78138], [5.53294, 5.77622], [5.5415, 5.77079], [5.54439, 5.76459], [5.54919, 5.7563], [5.54037, 5.75207], [5.52854, 5.75203], [5.51937, 5.75542], [5.50637, 5.76266], [5.50154, 5.75209], [5.50429, 5.73904], [5.51514, 5.72785], [5.51994, 5.71648], [5.52263, 5.70882], [5.52496, 5.70215], [5.52656, 5.69469], [5.52227, 5.68351], [5.51724, 5.67061], [5.51717, 5.66102], [5.51283, 5.65473], [5.49786, 5.66279], [5.49489, 5.66297], [5.49101, 5.66207], [5.48105, 5.66142], [5.47028, 5.66371], [5.46674, 5.66632], [5.46697, 5.67231], [5.46852, 5.67675], [5.47179, 5.67745], [5.47515, 5.67819], [5.47623, 5.68061], [5.47373, 5.68269], [5.46538, 5.68541], [5.45677, 5.68531], [5.43402, 5.70889]]]}, "properties": {"name": "Ugborodo", "lga": "Warri South-West", "state": "de"}}, {"type": "Feature", "geometry": {"type": "Polygon", "coordinates": [[[5.54705, 5.87161], [5.54691, 5.86976], [5.542, 5.86616], [5.53825, 5.86253], [5.54945, 5.85566], [5.54916, 5.85198], [5.54678, 5.84764], [5.54603, 5.84397], [5.54344, 5.84056], [5.54563, 5.83338], [5.5493, 5.83216], [5.55249, 5.8298], [5.55565, 5.82537], [5.56675, 5.79869], [5.56844, 5.78875], [5.56998, 5.78435], [5.57075, 5.77825], [5.56915, 5.77561], [5.56175, 5.77481], [5.55618, 5.77283], [5.54904, 5.77318], [5.5415, 5.77079], [5.53294, 5.77622], [5.52772, 5.78138], [5.52343, 5.78767], [5.50847, 5.78651], [5.50521, 5.78775], [5.5025, 5.79125], [5.49543, 5.79621], [5.48482, 5.79639], [5.4784, 5.7988], [5.47219, 5.80029], [5.46696, 5.80453], [5.46375, 5.80542], [5.46075, 5.81503], [5.45768, 5.81895], [5.45475, 5.82497], [5.45081, 5.82498], [5.44706, 5.82249], [5.44285, 5.8222], [5.43873, 5.82278], [5.43335, 5.82599], [5.43123, 5.82619], [5.42725, 5.82391], [5.42476, 5.82394], [5.42269, 5.82464], [5.41638, 5.82991], [5.41372, 5.8281], [5.41074, 5.82016], [5.40797, 5.81967], [5.40023, 5.82312], [5.38672, 5.82416], [5.38115, 5.82336], [5.37832, 5.82088], [5.37465, 5.81647], [5.37044, 5.81428], [5.36681, 5.81142], [5.36631, 5.80501], [5.36442, 5.80187], [5.35389, 5.8047], [5.35354, 5.80727], [5.35209, 5.81072], [5.34889, 5.81227], [5.32958, 5.80931], [5.32706, 5.81057], [5.32424, 5.81222], [5.32211, 5.81517], [5.32243, 5.8192], [5.32429, 5.82019], [5.32874, 5.82086], [5.33236, 5.8229], [5.33391, 5.82605], [5.33339, 5.83203], [5.33208, 5.83859], [5.33311, 5.84106], [5.33539, 5.84341], [5.33439, 5.84571], [5.32462, 5.84867], [5.31926, 5.8491], [5.31574, 5.85251], [5.30801, 5.85838], [5.30729, 5.86043], [5.30858, 5.86306], [5.30988, 5.86475], [5.31001, 5.8665], [5.30873, 5.86938], [5.3077, 5.87094], [5.30965, 5.87461], [5.31236, 5.8768], [5.31304, 5.88068], [5.33556, 5.88344], [5.34698, 5.88534], [5.3584, 5.89201], [5.37411, 5.89819], [5.3841, 5.90295], [5.39314, 5.90485], [5.41551, 5.91199], [5.42408, 5.9177], [5.43217, 5.92627], [5.43607, 5.9267], [5.43911, 5.92765], [5.44996, 5.92955], [5.46062, 5.92955], [5.46957, 5.93146], [5.50015, 5.93138], [5.49804, 5.92889], [5.50042, 5.9194], [5.50859, 5.9112], [5.5124, 5.90445], [5.52605, 5.8927], [5.5481, 5.88656], [5.55011, 5.88238], [5.54913, 5.87871], [5.54747, 5.87597], [5.54705, 5.87161]]]}, "properties": {"name": "Eghoro", "lga": "Warri North", "state": "de"}}, {"type": "Feature", "geometry": {"type": "Polygon", "coordinates": [[[5.62979, 5.72556], [5.61813, 5.71854], [5.61304, 5.72233], [5.60737, 5.72841], [5.60143, 5.73243], [5.60173, 5.7368], [5.60154, 5.73911], [5.60003, 5.74559], [5.60045, 5.75733], [5.60129, 5.7663], [5.60417, 5.77317], [5.5983, 5.7811], [5.58904, 5.77941], [5.58353, 5.78089], [5.57661, 5.78101], [5.57336, 5.77936], [5.57075, 5.77825], [5.56998, 5.78435], [5.56844, 5.78875], [5.56675, 5.79869], [5.55565, 5.82537], [5.55249, 5.8298], [5.5493, 5.83216], [5.54563, 5.83338], [5.54344, 5.84056], [5.54603, 5.84397], [5.54678, 5.84764], [5.54916, 5.85198], [5.54945, 5.85566], [5.53825, 5.86253], [5.542, 5.86616], [5.54691, 5.86976], [5.54705, 5.87161], [5.5539, 5.87189], [5.56565, 5.8778], [5.59009, 5.87696], [5.63885, 5.85429], [5.6501, 5.82526], [5.6743, 5.77552], [5.67461, 5.77401], [5.67461, 5.77054], [5.66846, 5.75842], [5.66578, 5.7559], [5.66013, 5.74861], [5.64421, 5.73626], [5.63827, 5.73017], [5.62979, 5.72556]]]}, "properties": {"name": "Ugborhen / Okokporo", "lga": "Sapele", "state": "de"}}, {"type": "Feature", "geometry": {"type": "Polygon", "coordinates": [[[5.62604, 5.93978], [5.63409, 5.9442], [5.64066, 5.94577], [5.64666, 5.9415], [5.65419, 5.93404], [5.66436, 5.92409], [5.67189, 5.91622], [5.66263, 5.91129], [5.661, 5.90626], [5.65834, 5.90079], [5.65902, 5.89974], [5.66014, 5.8979], [5.66156, 5.88921], [5.65333, 5.89051], [5.65293, 5.8895], [5.6526, 5.88841], [5.64948, 5.88969], [5.649, 5.88836], [5.64439, 5.89113], [5.62534, 5.89362], [5.61792, 5.89437], [5.61281, 5.90352], [5.61034, 5.91399], [5.61692, 5.91726], [5.62036, 5.92949], [5.62604, 5.93978]]]}, "properties": {"name": "Amuogodo", "lga": "Sapele", "state": "de"}}, {"type": "Feature", "geometry": {"type": "Polygon", "coordinates": [[[5.68602, 5.87957], [5.68815, 5.87806], [5.6941, 5.87439], [5.69492, 5.87597], [5.69519, 5.87759], [5.69549, 5.87812], [5.6964, 5.87891], [5.69746, 5.87962], [5.69698, 5.88075], [5.69657, 5.88211], [5.69712, 5.88231], [5.69764, 5.88292], [5.70036, 5.88757], [5.69859, 5.88975], [5.69881, 5.89075], [5.70818, 5.89212], [5.71615, 5.89296], [5.72118, 5.89483], [5.72565, 5.89871], [5.72802, 5.89849], [5.72887, 5.89663], [5.72605, 5.8923], [5.72531, 5.88531], [5.72264, 5.87921], [5.72098, 5.87328], [5.71964, 5.86783], [5.70729, 5.85626], [5.70714, 5.85406], [5.70557, 5.85227], [5.69733, 5.85], [5.68645, 5.85291], [5.677, 5.86135], [5.67708, 5.86162], [5.67696, 5.86989], [5.68602, 5.87957]]]}, "properties": {"name": "Okpe", "lga": "Sapele", "state": "de"}}, {"type": "Feature", "geometry": {"type": "Polygon", "coordinates": [[[5.66111, 5.89397], [5.66137, 5.8934], [5.66493, 5.89814], [5.66614, 5.89758], [5.66886, 5.89639], [5.66825, 5.89493], [5.67735, 5.89096], [5.67508, 5.88552], [5.66193, 5.87763], [5.6612, 5.8703], [5.65643, 5.87426], [5.65114, 5.88066], [5.65387, 5.88386], [5.65751, 5.88644], [5.65781, 5.88952], [5.66156, 5.88921], [5.66077, 5.89276], [5.66083, 5.8933], [5.66111, 5.89397]]]}, "properties": {"name": "Abeke", "lga": "Sapele", "state": "de"}}, {"type": "Feature", "geometry": {"type": "Polygon", "coordinates": [[[5.6501, 5.82526], [5.63885, 5.85429], [5.66163, 5.85844], [5.67154, 5.86215], [5.67591, 5.85963], [5.677, 5.86135], [5.68645, 5.85291], [5.69733, 5.85], [5.70557, 5.85227], [5.70714, 5.85406], [5.70729, 5.85626], [5.71964, 5.86783], [5.72106, 5.86308], [5.72509, 5.85966], [5.7316, 5.86105], [5.73637, 5.865], [5.7412, 5.86577], [5.74615, 5.86501], [5.75004, 5.86238], [5.75168, 5.86094], [5.75311, 5.85522], [5.75773, 5.85253], [5.7608, 5.85245], [5.76529, 5.85401], [5.76851, 5.85399], [5.77235, 5.85281], [5.7742, 5.85041], [5.77606, 5.84537], [5.77927, 5.83895], [5.77846, 5.83636], [5.77659, 5.83386], [5.77372, 5.83391], [5.77162, 5.83172], [5.77056, 5.82777], [5.7716, 5.82394], [5.77489, 5.82201], [5.77754, 5.81859], [5.77702, 5.8149], [5.75246, 5.77117], [5.74637, 5.76419], [5.6743, 5.77552], [5.6501, 5.82526]]]}, "properties": {"name": "Amukpe", "lga": "Sapele", "state": "de"}}, {"type": "Feature", "geometry": {"type": "Polygon", "coordinates": [[[5.78909, 5.90985], [5.79209, 5.9079], [5.7866, 5.9014], [5.7796, 5.89707], [5.776, 5.89441], [5.77275, 5.89072], [5.77207, 5.886], [5.77117, 5.88151], [5.77076, 5.88066], [5.76106, 5.87188], [5.75295, 5.86862], [5.75004, 5.86238], [5.74615, 5.86501], [5.7412, 5.86577], [5.73637, 5.865], [5.7316, 5.86105], [5.72509, 5.85966], [5.72106, 5.86308], [5.71964, 5.86783], [5.72098, 5.87328], [5.72264, 5.87921], [5.72531, 5.88531], [5.72605, 5.8923], [5.72887, 5.89663], [5.72802, 5.89849], [5.72565, 5.89871], [5.72764, 5.9031], [5.72897, 5.90195], [5.73636, 5.90507], [5.75831, 5.9071], [5.77247, 5.92176], [5.77392, 5.92199], [5.77752, 5.9206], [5.77852, 5.91759], [5.78433, 5.91113], [5.78909, 5.90985]]]}, "properties": {"name": "Mosogar 1", "lga": "Ethiope West", "state": "de"}}, {"type": "Feature", "geometry": {"type": "Polygon", "coordinates": [[[5.82904, 5.9351], [5.83331, 5.94105], [5.92132, 5.87729], [5.91055, 5.85224], [5.9065, 5.84388], [5.9064, 5.82598], [5.9024, 5.81106], [5.89767, 5.80378], [5.89419, 5.79859], [5.89053, 5.79667], [5.88934, 5.79531], [5.88991, 5.79283], [5.89004, 5.79075], [5.88726, 5.78922], [5.88358, 5.78941], [5.8793, 5.79004], [5.87532, 5.79186], [5.87676, 5.80637], [5.87422, 5.81653], [5.86718, 5.82094], [5.86052, 5.82606], [5.8331, 5.8464], [5.83457, 5.85015], [5.82981, 5.85292], [5.82579, 5.85615], [5.82529, 5.8576], [5.81424, 5.86223], [5.79691, 5.86504], [5.80257, 5.87501], [5.80922, 5.8796], [5.81154, 5.88982], [5.81096, 5.89215], [5.80988, 5.89634], [5.80871, 5.89768], [5.80685, 5.89921], [5.80578, 5.89996], [5.79902, 5.90332], [5.79837, 5.90392], [5.79646, 5.90694], [5.79442, 5.91], [5.8089, 5.92309], [5.81437, 5.9267], [5.81814, 5.92876], [5.82164, 5.92909], [5.82422, 5.93141], [5.82731, 5.93291], [5.82904, 5.9351]]]}, "properties": {"name": "Jesse 2", "lga": "Ethiope West", "state": "de"}}, {"type": "Feature", "geometry": {"type": "Polygon", "coordinates": [[[6.09448, 5.3703], [6.09631, 5.36418], [6.09486, 5.35254], [6.0949, 5.34353], [6.09426, 5.33312], [6.09501, 5.31856], [6.09928, 5.31012], [6.10666, 5.29785], [6.10871, 5.29455], [6.11776, 5.28115], [6.12665, 5.27082], [6.13623, 5.25842], [6.14443, 5.24739], [6.15127, 5.23982], [6.16149, 5.23574], [6.15473, 5.22598], [6.14522, 5.22451], [6.1366, 5.22279], [6.13435, 5.22234], [6.12416, 5.21879], [6.11194, 5.21522], [6.10174, 5.21444], [6.0895, 5.21295], [6.07999, 5.21079], [6.07116, 5.20794], [6.05459, 5.2095], [6.05232, 5.2092], [6.04322, 5.21211], [6.02831, 5.2212], [6.01302, 5.23394], [6.00684, 5.24595], [6.00538, 5.25978], [6.00465, 5.26705], [6.01011, 5.28707], [6.01812, 5.2998], [6.02618, 5.31672], [6.02848, 5.32687], [6.02572, 5.33586], [6.02295, 5.34693], [6.02191, 5.35208], [6.01817, 5.35499], [6.02539, 5.36558], [6.03241, 5.36998], [6.04085, 5.37093], [6.04478, 5.37022], [6.0525, 5.36446], [6.05928, 5.35692], [6.06757, 5.35647], [6.07511, 5.36717], [6.08295, 5.36717], [6.08778, 5.36521], [6.09448, 5.3703]]]}, "properties": {"name": "Uwheru", "lga": "Ughelli North", "state": "de"}}, {"type": "Feature", "geometry": {"type": "Polygon", "coordinates": [[[5.84178, 5.79136], [5.84344, 5.79252], [5.84714, 5.78988], [5.84961, 5.78858], [5.85248, 5.78722], [5.8571, 5.7896], [5.85966, 5.78941], [5.86277, 5.78875], [5.86339, 5.78539], [5.86451, 5.78339], [5.86354, 5.78134], [5.86262, 5.77561], [5.86337, 5.77387], [5.86353, 5.76985], [5.86118, 5.77015], [5.85693, 5.77067], [5.8553, 5.77064], [5.84121, 5.76501], [5.84225, 5.76463], [5.84128, 5.76152], [5.8402, 5.7554], [5.83551, 5.74097], [5.83005, 5.74565], [5.8144, 5.74619], [5.81419, 5.74833], [5.81426, 5.7509], [5.81156, 5.75594], [5.81147, 5.75994], [5.81461, 5.76365], [5.81664, 5.76675], [5.81712, 5.76997], [5.81241, 5.77241], [5.80069, 5.783], [5.79567, 5.78666], [5.78691, 5.77577], [5.78677, 5.77428], [5.78637, 5.77224], [5.78242, 5.76992], [5.77445, 5.7729], [5.75328, 5.77278], [5.75852, 5.78301], [5.7646, 5.79349], [5.77702, 5.8149], [5.77806, 5.81186], [5.78234, 5.81045], [5.78791, 5.80805], [5.79229, 5.80878], [5.79487, 5.80649], [5.79533, 5.80331], [5.79629, 5.80043], [5.79534, 5.79841], [5.79422, 5.79592], [5.79559, 5.79177], [5.79852, 5.79083], [5.80011, 5.78802], [5.80253, 5.78686], [5.80465, 5.7906], [5.80835, 5.79179], [5.81254, 5.78891], [5.81145, 5.78602], [5.81123, 5.78341], [5.81263, 5.78001], [5.81602, 5.77796], [5.81887, 5.77653], [5.81972, 5.77387], [5.82219, 5.77214], [5.82558, 5.77103], [5.82735, 5.77248], [5.828, 5.7753], [5.82615, 5.77685], [5.82579, 5.78066], [5.82823, 5.78331], [5.83042, 5.78443], [5.83449, 5.78176], [5.83783, 5.78168], [5.83934, 5.78347], [5.83919, 5.78736], [5.84178, 5.79136]]]}, "properties": {"name": "Adagbarassa", "lga": "Okpe", "state": "de"}}, {"type": "Feature", "geometry": {"type": "Polygon", "coordinates": [[[5.86451, 5.78339], [5.86742, 5.7814], [5.86957, 5.7813], [5.87086, 5.78172], [5.87199, 5.78846], [5.87439, 5.79139], [5.87532, 5.79186], [5.8793, 5.79004], [5.88358, 5.78941], [5.88726, 5.78922], [5.89004, 5.79075], [5.88991, 5.79283], [5.88934, 5.79531], [5.89053, 5.79667], [5.89419, 5.79859], [5.90264, 5.79461], [5.90678, 5.78147], [5.90615, 5.77037], [5.89054, 5.76331], [5.8879, 5.753], [5.87835, 5.75141], [5.86817, 5.74786], [5.86505, 5.74089], [5.86032, 5.74479], [5.83551, 5.74097], [5.8402, 5.7554], [5.84128, 5.76152], [5.84225, 5.76463], [5.84121, 5.76501], [5.8553, 5.77064], [5.85693, 5.77067], [5.86118, 5.77015], [5.86353, 5.76985], [5.86337, 5.77387], [5.86262, 5.77561], [5.86354, 5.78134], [5.86451, 5.78339]]]}, "properties": {"name": "Aghalokpe", "lga": "Okpe", "state": "de"}}, {"type": "Feature", "geometry": {"type": "Polygon", "coordinates": [[[6.14931, 5.80969], [6.15182, 5.80493], [6.15304, 5.79894], [6.15114, 5.79139], [6.15132, 5.78986], [6.1537, 5.7857], [6.15358, 5.77913], [6.15465, 5.77455], [6.15605, 5.77297], [6.15575, 5.76885], [6.14966, 5.75569], [6.14384, 5.75137], [6.12879, 5.75238], [6.12807, 5.75332], [6.12632, 5.75592], [6.1258, 5.75956], [6.12355, 5.77255], [6.12293, 5.77557], [6.12181, 5.77735], [6.12109, 5.77841], [6.10426, 5.79124], [6.10151, 5.78993], [6.09962, 5.78927], [6.09771, 5.78899], [6.09606, 5.78946], [6.095, 5.78979], [6.09393, 5.79212], [6.09374, 5.79412], [6.1005, 5.80169], [6.10185, 5.80321], [6.10793, 5.81366], [6.11197, 5.8234], [6.12088, 5.83973], [6.12353, 5.8235], [6.13788, 5.81455], [6.14444, 5.81784], [6.14931, 5.80969]]]}, "properties": {"name": "Abraka 1", "lga": "Ethiope East", "state": "de"}}, {"type": "Feature", "geometry": {"type": "Polygon", "coordinates": [[[5.68065, 5.90625], [5.68056, 5.90471], [5.67816, 5.90442], [5.67725, 5.90426], [5.67423, 5.90651], [5.67282, 5.90567], [5.67116, 5.90173], [5.6692, 5.89723], [5.66886, 5.89639], [5.66614, 5.89758], [5.66493, 5.89814], [5.66137, 5.8934], [5.65834, 5.90079], [5.661, 5.90626], [5.66263, 5.91129], [5.67189, 5.91622], [5.67366, 5.91427], [5.68065, 5.90625]]]}, "properties": {"name": "Hausa", "lga": "Sapele", "state": "de"}}, {"type": "Feature", "geometry": {"type": "Polygon", "coordinates": [[[6.25556, 5.80554], [6.25015, 5.80453], [6.23993, 5.81034], [6.23777, 5.81028], [6.23485, 5.8096], [6.23148, 5.80719], [6.22915, 5.80576], [6.22622, 5.80815], [6.22427, 5.81345], [6.22259, 5.81462], [6.21489, 5.82419], [6.21157, 5.82646], [6.20677, 5.83011], [6.20001, 5.83238], [6.1958, 5.83435], [6.1939, 5.8353], [6.19037, 5.83774], [6.18487, 5.84278], [6.17723, 5.8487], [6.17258, 5.85052], [6.17093, 5.85089], [6.16861, 5.8512], [6.16371, 5.85134], [6.16851, 5.85523], [6.16698, 5.85776], [6.16074, 5.86542], [6.16887, 5.87311], [6.17971, 5.88222], [6.19192, 5.88995], [6.19668, 5.88703], [6.2012, 5.88689], [6.20222, 5.88363], [6.2024, 5.88203], [6.20355, 5.87972], [6.20576, 5.87712], [6.20672, 5.87163], [6.22398, 5.85614], [6.2346, 5.85579], [6.23439, 5.8507], [6.2353, 5.84873], [6.23816, 5.84409], [6.23937, 5.83853], [6.2417, 5.83384], [6.25809, 5.82434], [6.26666, 5.81535], [6.26492, 5.81482], [6.25787, 5.81546], [6.25656, 5.81021], [6.25556, 5.80554]]]}, "properties": {"name": "Umukwata", "lga": "Ukwuani", "state": "de"}}, {"type": "Feature", "geometry": {"type": "Polygon", "coordinates": [[[6.0728, 5.63648], [6.06803, 5.63299], [6.059, 5.63076], [6.05909, 5.63225], [6.05766, 5.6468], [6.05421, 5.65926], [6.04461, 5.67582], [6.04117, 5.6855], [6.04621, 5.68584], [6.05049, 5.68616], [6.06012, 5.6889], [6.06506, 5.69803], [6.0677, 5.70869], [6.06968, 5.7159], [6.07419, 5.71901], [6.08031, 5.71947], [6.09212, 5.71691], [6.09742, 5.72235], [6.1016, 5.7317], [6.10632, 5.74332], [6.11344, 5.75163], [6.12879, 5.75238], [6.14384, 5.75137], [6.14966, 5.75569], [6.16265, 5.7406], [6.16683, 5.72648], [6.16818, 5.72193], [6.17369, 5.70672], [6.17442, 5.69493], [6.17722, 5.67693], [6.16683, 5.67586], [6.15864, 5.66926], [6.15343, 5.67256], [6.14673, 5.68064], [6.14205, 5.67788], [6.13652, 5.67532], [6.12918, 5.67968], [6.12259, 5.67596], [6.11993, 5.6616], [6.11589, 5.65916], [6.10525, 5.65916], [6.09249, 5.65278], [6.08536, 5.65373], [6.08185, 5.65097], [6.07866, 5.64076], [6.0728, 5.63648]]]}, "properties": {"name": "Orogun 2-Erhobaro", "lga": "Ughelli North", "state": "de"}}, {"type": "Feature", "geometry": {"type": "Polygon", "coordinates": [[[6.28721, 5.77169], [6.27471, 5.77625], [6.26563, 5.77724], [6.26151, 5.77621], [6.25973, 5.77891], [6.25862, 5.78266], [6.26278, 5.79084], [6.25942, 5.79829], [6.25623, 5.80159], [6.25551, 5.80147], [6.25546, 5.80378], [6.25556, 5.80554], [6.25656, 5.81021], [6.25787, 5.81546], [6.26492, 5.81482], [6.26666, 5.81535], [6.25809, 5.82434], [6.2417, 5.83384], [6.23937, 5.83853], [6.23816, 5.84409], [6.2353, 5.84873], [6.23439, 5.8507], [6.2346, 5.85579], [6.22398, 5.85614], [6.20672, 5.87163], [6.20576, 5.87712], [6.20355, 5.87972], [6.2024, 5.88203], [6.20222, 5.88363], [6.2012, 5.88689], [6.19668, 5.88703], [6.19192, 5.88995], [6.19894, 5.89513], [6.20141, 5.89696], [6.20383, 5.90057], [6.20749, 5.90603], [6.20967, 5.90829], [6.22284, 5.90456], [6.24578, 5.894], [6.25092, 5.892], [6.26243, 5.88857], [6.26362, 5.8876], [6.26362, 5.88606], [6.26493, 5.8788], [6.26807, 5.86692], [6.2837, 5.82585], [6.30512, 5.78599], [6.31258, 5.7799], [6.30552, 5.77573], [6.30478, 5.77529], [6.29978, 5.7706], [6.29691, 5.76722], [6.29413, 5.76801], [6.28721, 5.77169]]]}, "properties": {"name": "Ebedei", "lga": "Ukwuani", "state": "de"}}, {"type": "Feature", "geometry": {"type": "Polygon", "coordinates": [[[6.26338, 5.89177], [6.26362, 5.8876], [6.26243, 5.88857], [6.25092, 5.892], [6.24578, 5.894], [6.22284, 5.90456], [6.20967, 5.90829], [6.21764, 5.91651], [6.22371, 5.92697], [6.2267, 5.93183], [6.23105, 5.92954], [6.24112, 5.92647], [6.24885, 5.92509], [6.25507, 5.92188], [6.25696, 5.91945], [6.2585, 5.91663], [6.26029, 5.9114], [6.26076, 5.90878], [6.26148, 5.90771], [6.26338, 5.89177]]]}, "properties": {"name": "Umutu", "lga": "Ukwuani", "state": "de"}}, {"type": "Feature", "geometry": {"type": "Polygon", "coordinates": [[[5.88948, 5.44428], [5.88876, 5.45078], [5.89006, 5.46096], [5.8905, 5.46442], [5.89114, 5.47343], [5.89042, 5.48314], [5.87952, 5.48652], [5.87472, 5.48919], [5.87827, 5.49213], [5.88157, 5.49529], [5.88884, 5.49996], [5.89543, 5.49987], [5.90087, 5.50077], [5.90505, 5.50408], [5.90836, 5.50571], [5.90869, 5.50409], [5.9189, 5.5014], [5.93353, 5.5044], [5.92967, 5.49671], [5.92195, 5.48375], [5.91986, 5.47614], [5.91298, 5.4676], [5.90949, 5.46594], [5.90551, 5.46494], [5.90053, 5.46207], [5.89667, 5.45874], [5.89438, 5.4563], [5.89299, 5.45189], [5.89361, 5.44755], [5.88948, 5.44428]]]}, "properties": {"name": "Jeremi 1", "lga": "Ughelli South", "state": "de"}}, {"type": "Feature", "geometry": {"type": "Polygon", "coordinates": [[[6.53086, 6.22498], [6.5324, 6.22574], [6.53819, 6.22862], [6.55924, 6.22389], [6.56849, 6.20549], [6.56515, 6.19586], [6.55133, 6.17913], [6.53203, 6.16245], [6.52865, 6.16174], [6.52723, 6.16149], [6.52489, 6.16218], [6.52518, 6.15515], [6.51822, 6.15247], [6.51394, 6.15572], [6.51665, 6.16121], [6.51433, 6.16655], [6.50975, 6.16883], [6.50749, 6.16802], [6.50188, 6.17056], [6.49999, 6.17858], [6.49582, 6.17883], [6.49246, 6.17857], [6.48547, 6.17568], [6.48224, 6.17316], [6.47964, 6.16872], [6.47492, 6.16912], [6.46854, 6.16965], [6.46003, 6.16979], [6.4185, 6.1518], [6.43769, 6.19512], [6.43708, 6.19773], [6.46351, 6.21263], [6.46925, 6.21418], [6.47095, 6.21488], [6.47288, 6.21567], [6.48414, 6.2147], [6.49265, 6.22431], [6.53086, 6.22498]]]}, "properties": {"name": "Agiadiasi", "lga": "Aniocha South", "state": "de"}}, {"type": "Feature", "geometry": {"type": "Polygon", "coordinates": [[[6.39109, 5.30726], [6.38035, 5.30905], [6.36253, 5.31404], [6.34755, 5.32046], [6.33876, 5.31978], [6.33352, 5.3176], [6.33009, 5.31363], [6.32745, 5.31041], [6.3254, 5.30654], [6.32188, 5.30526], [6.31557, 5.30477], [6.31064, 5.30354], [6.31778, 5.32208], [6.32502, 5.33197], [6.33334, 5.3398], [6.33945, 5.34646], [6.34199, 5.35307], [6.34337, 5.35696], [6.34451, 5.36806], [6.34993, 5.37109], [6.35366, 5.36727], [6.36015, 5.36574], [6.36388, 5.36016], [6.3674, 5.35476], [6.37593, 5.35305], [6.38785, 5.3592], [6.38636, 5.35395], [6.38859, 5.342], [6.38666, 5.33894], [6.38043, 5.33244], [6.3837, 5.32076], [6.39109, 5.30726]]]}, "properties": {"name": "Ase", "lga": "Ndokwa East", "state": "de"}}, {"type": "Feature", "geometry": {"type": "Polygon", "coordinates": [[[6.39109, 5.30726], [6.3837, 5.32076], [6.38043, 5.33244], [6.38666, 5.33894], [6.38859, 5.342], [6.38636, 5.35395], [6.38785, 5.3592], [6.3938, 5.35331], [6.40308, 5.3644], [6.40582, 5.37073], [6.39857, 5.37979], [6.40305, 5.38767], [6.40579, 5.39218], [6.40879, 5.39456], [6.4104, 5.39917], [6.41529, 5.40338], [6.42124, 5.40703], [6.43209, 5.41145], [6.44998, 5.42146], [6.46323, 5.43546], [6.46731, 5.45852], [6.47194, 5.45334], [6.47405, 5.44849], [6.47794, 5.44664], [6.47934, 5.4453], [6.48728, 5.44508], [6.48834, 5.4435], [6.48781, 5.44087], [6.48927, 5.44043], [6.4905, 5.43855], [6.49096, 5.43605], [6.48948, 5.43334], [6.48839, 5.43054], [6.50083, 5.43644], [6.50972, 5.44489], [6.52153, 5.4526], [6.53198, 5.45346], [6.52453, 5.43866], [6.51756, 5.43442], [6.5124, 5.42866], [6.50882, 5.42567], [6.50594, 5.42583], [6.49972, 5.42652], [6.49419, 5.42514], [6.48935, 5.42272], [6.48313, 5.42064], [6.47656, 5.40405], [6.48548, 5.37921], [6.49587, 5.36966], [6.50054, 5.35199], [6.50259, 5.33894], [6.49302, 5.3283], [6.49353, 5.32604], [6.49017, 5.32402], [6.47305, 5.32188], [6.46463, 5.32399], [6.45023, 5.32759], [6.43455, 5.32331], [6.42599, 5.31119], [6.41399, 5.30669], [6.40888, 5.30477], [6.39319, 5.30691], [6.39109, 5.30726]]]}, "properties": {"name": "Umuolu / Onya", "lga": "Ndokwa East", "state": "de"}}, {"type": "Feature", "geometry": {"type": "Polygon", "coordinates": [[[6.39103, 5.4393], [6.39228, 5.43038], [6.3966, 5.42295], [6.40045, 5.4163], [6.39538, 5.41394], [6.39801, 5.40154], [6.4104, 5.39917], [6.40879, 5.39456], [6.40579, 5.39218], [6.40305, 5.38767], [6.39857, 5.37979], [6.40582, 5.37073], [6.40308, 5.3644], [6.3938, 5.35331], [6.38785, 5.3592], [6.37593, 5.35305], [6.3674, 5.35476], [6.36388, 5.36016], [6.36015, 5.36574], [6.35366, 5.36727], [6.34993, 5.37109], [6.34451, 5.36806], [6.34284, 5.37211], [6.34252, 5.37764], [6.34172, 5.38987], [6.34198, 5.39424], [6.34378, 5.39873], [6.34532, 5.42454], [6.34674, 5.42842], [6.35016, 5.4321], [6.35678, 5.43441], [6.36356, 5.43249], [6.36581, 5.43307], [6.36714, 5.43552], [6.36469, 5.43941], [6.36327, 5.44283], [6.36483, 5.4451], [6.36788, 5.44541], [6.37163, 5.44399], [6.37642, 5.43942], [6.37991, 5.44045], [6.38227, 5.44215], [6.38717, 5.43921], [6.39103, 5.4393]]]}, "properties": {"name": "Ibedeni / Azagba", "lga": "Ndokwa East", "state": "de"}}, {"type": "Feature", "geometry": {"type": "Polygon", "coordinates": [[[6.33053, 6.07071], [6.32719, 6.05751], [6.32521, 6.04223], [6.32322, 6.03182], [6.3192, 6.01861], [6.30971, 6.0102], [6.29951, 6.01081], [6.29335, 6.01908], [6.28315, 6.01969], [6.27024, 6.01612], [6.25664, 6.0167], [6.24096, 6.02628], [6.23276, 6.03384], [6.24327, 6.05302], [6.24485, 6.05368], [6.24436, 6.05403], [6.24405, 6.05959], [6.24556, 6.07407], [6.24591, 6.08534], [6.25405, 6.08902], [6.26264, 6.09266], [6.26597, 6.09631], [6.26804, 6.09856], [6.27037, 6.10014], [6.28706, 6.10539], [6.29329, 6.10528], [6.30161, 6.10583], [6.30995, 6.10799], [6.31456, 6.10838], [6.34765, 6.12074], [6.34801, 6.11524], [6.34466, 6.10412], [6.33587, 6.09295], [6.33252, 6.08044], [6.33053, 6.07071]]]}, "properties": {"name": "Ekuku Agbor", "lga": "Ika South", "state": "de"}}, {"type": "Feature", "geometry": {"type": "Polygon", "coordinates": [[[6.61724, 6.13035], [6.61702, 6.12849], [6.61041, 6.13753], [6.61037, 6.14655], [6.60897, 6.15555], [6.60689, 6.16455], [6.60765, 6.17058], [6.62804, 6.17768], [6.6282, 6.17698], [6.62837, 6.17605], [6.62908, 6.17346], [6.62967, 6.17322], [6.6306, 6.17312], [6.62565, 6.16158], [6.62293, 6.15215], [6.61976, 6.14033], [6.61724, 6.13035]]]}, "properties": {"name": "Umuezeagwu / Okponta", "lga": "Oshimili North", "state": "de"}}, {"type": "Feature", "geometry": {"type": "Polygon", "coordinates": [[[6.67446, 6.17138], [6.67982, 6.16723], [6.67986, 6.16439], [6.68189, 6.16333], [6.68579, 6.16349], [6.68959, 6.16072], [6.68996, 6.15605], [6.69006, 6.15188], [6.68899, 6.14851], [6.68497, 6.14499], [6.67641, 6.14245], [6.6657, 6.13866], [6.65885, 6.13703], [6.65447, 6.13068], [6.65918, 6.12028], [6.65634, 6.10666], [6.64517, 6.10123], [6.64113, 6.10936], [6.63157, 6.11829], [6.61999, 6.12444], [6.61702, 6.12849], [6.62868, 6.16952], [6.62953, 6.17035], [6.63035, 6.17218], [6.6311, 6.17169], [6.63318, 6.17043], [6.63402, 6.17008], [6.63475, 6.16991], [6.63577, 6.16984], [6.63738, 6.16985], [6.63726, 6.1706], [6.63744, 6.17167], [6.6449, 6.1838], [6.64677, 6.18415], [6.64893, 6.1844], [6.65151, 6.18464], [6.65478, 6.18436], [6.66005, 6.182], [6.66386, 6.17865], [6.66912, 6.17694], [6.6743, 6.17551], [6.67446, 6.17138]]]}, "properties": {"name": "Umueze", "lga": "Oshimili North", "state": "de"}}, {"type": "Feature", "geometry": {"type": "Polygon", "coordinates": [[[6.72488, 6.18847], [6.73091, 6.18471], [6.73218, 6.18398], [6.73581, 6.1818], [6.73354, 6.17743], [6.71777, 6.17454], [6.72343, 6.16036], [6.72886, 6.15802], [6.73589, 6.15846], [6.71526, 6.14411], [6.70944, 6.1431], [6.71324, 6.15269], [6.71402, 6.15613], [6.70926, 6.16253], [6.70651, 6.16469], [6.70307, 6.16758], [6.70081, 6.16994], [6.70718, 6.17561], [6.71394, 6.17919], [6.71819, 6.18332], [6.71853, 6.18525], [6.71911, 6.18605], [6.72488, 6.18847]]]}, "properties": {"name": "Umuaji", "lga": "Oshimili South", "state": "de"}}, {"type": "Feature", "geometry": {"type": "Polygon", "coordinates": [[[6.70315, 6.05115], [6.72023, 6.04573], [6.72551, 6.04075], [6.72649, 6.02893], [6.72453, 6.01227], [6.71968, 5.99616], [6.70623, 5.99686], [6.69941, 6.00305], [6.68308, 6.00499], [6.67152, 6.00351], [6.6586, 6.00409], [6.64362, 6.00744], [6.63272, 6.01359], [6.62459, 6.0052], [6.61715, 5.99681], [6.60764, 5.99396], [6.59677, 5.99318], [6.58316, 5.99376], [6.56683, 5.9964], [6.56951, 6.00613], [6.57149, 6.01862], [6.57281, 6.02835], [6.57208, 6.03805], [6.56797, 6.04703], [6.56451, 6.05948], [6.56719, 6.06852], [6.5726, 6.07619], [6.57878, 6.07819], [6.58142, 6.07904], [6.59366, 6.07984], [6.60523, 6.07785], [6.61612, 6.07655], [6.62905, 6.07458], [6.63784, 6.08575], [6.64662, 6.09831], [6.64517, 6.10123], [6.65345, 6.10605], [6.68849, 6.1084], [6.68231, 6.09913], [6.67497, 6.09374], [6.66814, 6.08551], [6.66207, 6.0782], [6.66051, 6.07343], [6.66432, 6.06651], [6.66956, 6.06558], [6.67426, 6.07173], [6.67962, 6.07736], [6.68545, 6.07662], [6.69259, 6.06984], [6.69207, 6.05729], [6.70315, 6.05115]]]}, "properties": {"name": "Oko Ogbele", "lga": "Oshimili South", "state": "de"}}, {"type": "Feature", "geometry": {"type": "Polygon", "coordinates": [[[6.32439, 6.17742], [6.33334, 6.1736], [6.33894, 6.17083], [6.3557, 6.16218], [6.35735, 6.16526], [6.3621, 6.16656], [6.36296, 6.16536], [6.35656, 6.15985], [6.35394, 6.15759], [6.34375, 6.15543], [6.34379, 6.14641], [6.3452, 6.13602], [6.34728, 6.12633], [6.34765, 6.12074], [6.31456, 6.10838], [6.30995, 6.10799], [6.30161, 6.10583], [6.29329, 6.10528], [6.28706, 6.10539], [6.27037, 6.10014], [6.26804, 6.09856], [6.26597, 6.09631], [6.26148, 6.10204], [6.25541, 6.11263], [6.26404, 6.12144], [6.26634, 6.12513], [6.27416, 6.14643], [6.27028, 6.15942], [6.26936, 6.16284], [6.2695, 6.17229], [6.26988, 6.18013], [6.26943, 6.18318], [6.26848, 6.18629], [6.26837, 6.18724], [6.26904, 6.18847], [6.26946, 6.18993], [6.26902, 6.19178], [6.26068, 6.19338], [6.25897, 6.19364], [6.25213, 6.19289], [6.25078, 6.19295], [6.2376, 6.20007], [6.24049, 6.20615], [6.24369, 6.21009], [6.24471, 6.21094], [6.24643, 6.21499], [6.24687, 6.21865], [6.25445, 6.21888], [6.26489, 6.21731], [6.30907, 6.19318], [6.30607, 6.18468], [6.3121, 6.18232], [6.32439, 6.17742]]]}, "properties": {"name": "Ute-Okpu", "lga": "Ika North East", "state": "de"}}, {"type": "Feature", "geometry": {"type": "Polygon", "coordinates": [[[6.32225, 5.50776], [6.32365, 5.51215], [6.32614, 5.51147], [6.32535, 5.50936], [6.3259, 5.50706], [6.32721, 5.50204], [6.32739, 5.50081], [6.32647, 5.49137], [6.33176, 5.48657], [6.33447, 5.48442], [6.34575, 5.48294], [6.34745, 5.48503], [6.35835, 5.49086], [6.35894, 5.49037], [6.35914, 5.49009], [6.35951, 5.48802], [6.36005, 5.48765], [6.36539, 5.48408], [6.36671, 5.48466], [6.37016, 5.48664], [6.37162, 5.48651], [6.3725, 5.48545], [6.3739, 5.48019], [6.37672, 5.47592], [6.38188, 5.47287], [6.38464, 5.47148], [6.38572, 5.46903], [6.38498, 5.46748], [6.38232, 5.46629], [6.37833, 5.46548], [6.37645, 5.46299], [6.37446, 5.46015], [6.37175, 5.45668], [6.37164, 5.45371], [6.37305, 5.45169], [6.3759, 5.45051], [6.38014, 5.44981], [6.38272, 5.44676], [6.38227, 5.44215], [6.37991, 5.44045], [6.37642, 5.43942], [6.37163, 5.44399], [6.36788, 5.44541], [6.36483, 5.4451], [6.36327, 5.44283], [6.36469, 5.43941], [6.36714, 5.43552], [6.36581, 5.43307], [6.36356, 5.43249], [6.35678, 5.43441], [6.35016, 5.4321], [6.3441, 5.45026], [6.34051, 5.45734], [6.33516, 5.46733], [6.32176, 5.48291], [6.31859, 5.49339], [6.31908, 5.4968], [6.32225, 5.50776]]]}, "properties": {"name": "Okpe-Isoko", "lga": "Isoko North", "state": "de"}}, {"type": "Feature", "geometry": {"type": "Polygon", "coordinates": [[[6.35599, 5.58772], [6.35833, 5.58307], [6.35261, 5.57386], [6.35214, 5.57291], [6.34953, 5.56599], [6.34785, 5.56241], [6.3455, 5.55923], [6.34282, 5.5554], [6.34282, 5.55448], [6.34377, 5.55334], [6.34547, 5.55179], [6.34496, 5.55082], [6.34477, 5.54842], [6.33309, 5.52048], [6.33144, 5.51828], [6.32952, 5.51437], [6.32853, 5.51277], [6.32733, 5.51183], [6.32614, 5.51147], [6.32365, 5.51215], [6.32599, 5.51815], [6.33053, 5.52627], [6.33019, 5.53118], [6.32207, 5.53581], [6.29953, 5.5448], [6.28597, 5.55107], [6.28352, 5.55387], [6.28736, 5.55675], [6.28847, 5.55775], [6.29304, 5.55676], [6.2976, 5.56334], [6.29254, 5.56561], [6.29211, 5.57193], [6.28744, 5.57138], [6.27835, 5.57469], [6.27639, 5.57041], [6.27527, 5.56963], [6.2742, 5.56924], [6.2724, 5.56939], [6.26977, 5.5676], [6.26825, 5.56601], [6.26417, 5.57022], [6.28525, 5.59348], [6.30114, 5.61176], [6.30516, 5.6192], [6.31206, 5.63228], [6.32564, 5.63794], [6.32773, 5.62686], [6.33523, 5.62138], [6.34963, 5.59514], [6.35599, 5.58772]]]}, "properties": {"name": "Ellu", "lga": "Isoko North", "state": "de"}}, {"type": "Feature", "geometry": {"type": "Polygon", "coordinates": [[[6.32614, 5.51147], [6.32733, 5.51183], [6.32853, 5.51277], [6.32952, 5.51437], [6.33144, 5.51828], [6.33309, 5.52048], [6.34477, 5.54842], [6.34496, 5.55082], [6.34547, 5.55179], [6.34377, 5.55334], [6.34282, 5.55448], [6.34282, 5.5554], [6.3455, 5.55923], [6.34785, 5.56241], [6.34953, 5.56599], [6.35214, 5.57291], [6.35261, 5.57386], [6.35833, 5.58307], [6.36481, 5.56947], [6.3841, 5.51485], [6.38552, 5.50099], [6.38518, 5.49621], [6.38228, 5.49156], [6.37608, 5.48951], [6.37339, 5.4879], [6.3725, 5.48545], [6.37162, 5.48651], [6.37016, 5.48664], [6.36671, 5.48466], [6.36539, 5.48408], [6.36005, 5.48765], [6.35951, 5.48802], [6.35914, 5.49009], [6.35894, 5.49037], [6.35835, 5.49086], [6.34745, 5.48503], [6.34575, 5.48294], [6.33447, 5.48442], [6.33176, 5.48657], [6.32647, 5.49137], [6.32739, 5.50081], [6.32721, 5.50204], [6.3259, 5.50706], [6.32535, 5.50936], [6.32614, 5.51147]]]}, "properties": {"name": "Ofagbe", "lga": "Isoko North", "state": "de"}}, {"type": "Feature", "geometry": {"type": "Polygon", "coordinates": [[[6.49839, 5.99097], [6.48865, 5.99089], [6.48614, 5.98941], [6.46756, 6.00012], [6.47069, 6.0217], [6.45886, 6.03054], [6.47373, 6.03767], [6.48108, 6.0438], [6.48756, 6.04507], [6.49102, 6.04907], [6.48897, 6.05479], [6.49229, 6.06673], [6.49838, 6.07347], [6.49745, 6.07796], [6.49482, 6.07963], [6.48528, 6.09033], [6.48463, 6.09484], [6.47839, 6.0939], [6.47207, 6.09689], [6.46991, 6.10119], [6.46421, 6.10345], [6.45712, 6.0994], [6.45569, 6.1114], [6.46069, 6.12237], [6.46265, 6.12388], [6.463, 6.12618], [6.4634, 6.12968], [6.46117, 6.13421], [6.46162, 6.13866], [6.48202, 6.15455], [6.49054, 6.153], [6.49672, 6.15047], [6.49964, 6.14589], [6.50539, 6.14058], [6.51183, 6.13963], [6.51318, 6.14067], [6.5205, 6.14113], [6.53315, 6.14264], [6.53992, 6.14569], [6.54116, 6.14102], [6.53195, 6.13094], [6.5126, 6.0614], [6.50487, 6.03117], [6.49937, 6.02693], [6.49185, 6.01972], [6.49347, 6.00843], [6.49987, 5.99937], [6.49839, 5.99097]]]}, "properties": {"name": "Adonte", "lga": "Aniocha South", "state": "de"}}, {"type": "Feature", "geometry": {"type": "Polygon", "coordinates": [[[6.55668, 6.29312], [6.56689, 6.29043], [6.58153, 6.29117], [6.59412, 6.28303], [6.60781, 6.26442], [6.61532, 6.25685], [6.62625, 6.24654], [6.63445, 6.23621], [6.62504, 6.21186], [6.61016, 6.19301], [6.6082, 6.17496], [6.60765, 6.17058], [6.60689, 6.16455], [6.60897, 6.15555], [6.61037, 6.14655], [6.61041, 6.13753], [6.61702, 6.12849], [6.61999, 6.12444], [6.63157, 6.11829], [6.64113, 6.10936], [6.64517, 6.10123], [6.64662, 6.09831], [6.63784, 6.08575], [6.62905, 6.07458], [6.61612, 6.07655], [6.60523, 6.07785], [6.59366, 6.07984], [6.58142, 6.07904], [6.57878, 6.07819], [6.58972, 6.09944], [6.59116, 6.11475], [6.58216, 6.13145], [6.56556, 6.15025], [6.55397, 6.15366], [6.53992, 6.14569], [6.53346, 6.15948], [6.53203, 6.16245], [6.55133, 6.17913], [6.56515, 6.19586], [6.56849, 6.20549], [6.55924, 6.22389], [6.53819, 6.22862], [6.5314, 6.26104], [6.53983, 6.27541], [6.54468, 6.28055], [6.5473, 6.28921], [6.54829, 6.2987], [6.54849, 6.2986], [6.55668, 6.29312]]]}, "properties": {"name": "Otulu", "lga": "Aniocha South", "state": "de"}}, {"type": "Feature", "geometry": {"type": "Polygon", "coordinates": [[[6.39264, 6.13055], [6.39355, 6.1268], [6.39164, 6.12765], [6.38646, 6.12772], [6.37951, 6.10854], [6.37007, 6.09488], [6.36722, 6.08271], [6.37546, 6.07265], [6.36983, 6.06308], [6.37483, 6.05691], [6.3875, 6.04333], [6.38786, 6.02783], [6.38307, 6.03023], [6.37428, 6.01906], [6.36621, 5.99889], [6.36081, 5.98913], [6.35331, 5.99046], [6.34584, 5.99178], [6.33765, 5.99865], [6.32808, 6.00967], [6.3192, 6.01861], [6.32322, 6.03182], [6.32521, 6.04223], [6.32719, 6.05751], [6.33053, 6.07071], [6.33252, 6.08044], [6.33587, 6.09295], [6.34466, 6.10412], [6.34801, 6.11524], [6.34379, 6.14641], [6.34375, 6.15543], [6.35394, 6.15759], [6.35656, 6.15985], [6.3728, 6.15401], [6.38607, 6.13843], [6.38779, 6.13361], [6.39016, 6.13136], [6.39264, 6.13055]]]}, "properties": {"name": "Ejeme / Egbudu", "lga": "Aniocha South", "state": "de"}}, {"type": "Feature", "geometry": {"type": "Polygon", "coordinates": [[[6.4185, 6.1518], [6.46003, 6.16979], [6.46854, 6.16965], [6.47492, 6.16912], [6.47964, 6.16872], [6.48224, 6.17316], [6.48547, 6.17568], [6.49246, 6.17857], [6.49582, 6.17883], [6.49999, 6.17858], [6.50188, 6.17056], [6.50749, 6.16802], [6.50975, 6.16883], [6.51433, 6.16655], [6.51665, 6.16121], [6.51394, 6.15572], [6.51822, 6.15247], [6.52518, 6.15515], [6.52489, 6.16218], [6.52723, 6.16149], [6.52865, 6.16174], [6.53203, 6.16245], [6.53346, 6.15948], [6.53992, 6.14569], [6.53315, 6.14264], [6.5205, 6.14113], [6.51318, 6.14067], [6.51183, 6.13963], [6.50539, 6.14058], [6.49964, 6.14589], [6.49672, 6.15047], [6.49054, 6.153], [6.48202, 6.15455], [6.46162, 6.13866], [6.44758, 6.14225], [6.44129, 6.15023], [6.4185, 6.1518]]]}, "properties": {"name": "Umudei", "lga": "Aniocha South", "state": "de"}}, {"type": "Feature", "geometry": {"type": "Polygon", "coordinates": [[[6.5314, 6.26104], [6.53819, 6.22862], [6.5324, 6.22574], [6.53086, 6.22498], [6.49265, 6.22431], [6.48414, 6.2147], [6.47288, 6.21567], [6.47095, 6.21488], [6.46925, 6.21418], [6.46351, 6.21263], [6.43708, 6.19773], [6.43769, 6.19512], [6.4185, 6.1518], [6.40255, 6.13796], [6.40093, 6.12696], [6.39814, 6.12608], [6.39355, 6.1268], [6.39264, 6.13055], [6.39016, 6.13136], [6.38779, 6.13361], [6.38607, 6.13843], [6.3728, 6.15401], [6.35656, 6.15985], [6.37929, 6.17853], [6.39548, 6.17379], [6.40024, 6.17338], [6.41118, 6.18905], [6.40866, 6.19575], [6.40677, 6.20443], [6.41559, 6.21497], [6.4246, 6.2193], [6.43153, 6.21797], [6.43491, 6.22235], [6.43693, 6.22715], [6.43732, 6.22761], [6.4379, 6.22804], [6.44109, 6.23021], [6.44584, 6.23618], [6.44751, 6.23515], [6.44971, 6.2377], [6.452, 6.23929], [6.45257, 6.25153], [6.45353, 6.25833], [6.45457, 6.26321], [6.46294, 6.26737], [6.47582, 6.27719], [6.48309, 6.28125], [6.50614, 6.2711], [6.5314, 6.26104]]]}, "properties": {"name": "Ubulu-Uku 1", "lga": "Aniocha South", "state": "de"}}, {"type": "Feature", "geometry": {"type": "Polygon", "coordinates": [[[6.57878, 6.07819], [6.5726, 6.07619], [6.56719, 6.06852], [6.56451, 6.05948], [6.56797, 6.04703], [6.57208, 6.03805], [6.57281, 6.02835], [6.57149, 6.01862], [6.56951, 6.00613], [6.56683, 5.9964], [6.52739, 5.99607], [6.51652, 5.99251], [6.50429, 5.99102], [6.49839, 5.99097], [6.49987, 5.99937], [6.49347, 6.00843], [6.49185, 6.01972], [6.49937, 6.02693], [6.50487, 6.03117], [6.5126, 6.0614], [6.53195, 6.13094], [6.54116, 6.14102], [6.53992, 6.14569], [6.55397, 6.15366], [6.56556, 6.15025], [6.58216, 6.13145], [6.59116, 6.11475], [6.58972, 6.09944], [6.57878, 6.07819]]]}, "properties": {"name": "Ewulu / Isheagu", "lga": "Aniocha South", "state": "de"}}, {"type": "Feature", "geometry": {"type": "Polygon", "coordinates": [[[6.20529, 5.62939], [6.2065, 5.63414], [6.20921, 5.64086], [6.21292, 5.64752], [6.21348, 5.64995], [6.21522, 5.65747], [6.21672, 5.6566], [6.22437, 5.6517], [6.23483, 5.64523], [6.23969, 5.64726], [6.24772, 5.65293], [6.25643, 5.65246], [6.26943, 5.65353], [6.28477, 5.66879], [6.29813, 5.67859], [6.29498, 5.69652], [6.30294, 5.70548], [6.31814, 5.70769], [6.3258, 5.69983], [6.33049, 5.69067], [6.34469, 5.68398], [6.37058, 5.67856], [6.37159, 5.67842], [6.37374, 5.6721], [6.38234, 5.66039], [6.3752, 5.65638], [6.36436, 5.64728], [6.3535, 5.64233], [6.34058, 5.64153], [6.32564, 5.63794], [6.31206, 5.63228], [6.30323, 5.63012], [6.29032, 5.62724], [6.27742, 5.62297], [6.26519, 5.62149], [6.24819, 5.61996], [6.23664, 5.61917], [6.22099, 5.61973], [6.21146, 5.62173], [6.20529, 5.62939]]]}, "properties": {"name": "Emu", "lga": "Ndokwa West", "state": "de"}}, {"type": "Feature", "geometry": {"type": "Polygon", "coordinates": [[[6.34557, 5.88583], [6.34432, 5.88846], [6.33818, 5.89559], [6.33687, 5.89979], [6.33353, 5.90683], [6.32878, 5.91392], [6.32127, 5.92248], [6.31166, 5.93111], [6.30272, 5.93833], [6.29791, 5.94264], [6.28618, 5.94995], [6.271, 5.96014], [6.24377, 5.96738], [6.24596, 5.97153], [6.24794, 5.98403], [6.25063, 5.99307], [6.25664, 6.0167], [6.27024, 6.01612], [6.28315, 6.01969], [6.29335, 6.01908], [6.29951, 6.01081], [6.30971, 6.0102], [6.3192, 6.01861], [6.32808, 6.00967], [6.33765, 5.99865], [6.34584, 5.99178], [6.35331, 5.99046], [6.34428, 5.98709], [6.34395, 5.97508], [6.35209, 5.96526], [6.35614, 5.95752], [6.36548, 5.93656], [6.37119, 5.9287], [6.37532, 5.92628], [6.36978, 5.90598], [6.35495, 5.89336], [6.35014, 5.88934], [6.34557, 5.88583]]]}, "properties": {"name": "Ndemili", "lga": "Ndokwa West", "state": "de"}}, {"type": "Feature", "geometry": {"type": "Polygon", "coordinates": [[[6.38786, 6.02783], [6.39397, 6.02478], [6.40084, 6.00888], [6.40361, 5.9985], [6.41182, 5.98748], [6.43019, 5.98486], [6.44448, 5.98428], [6.45603, 5.98646], [6.47915, 5.98526], [6.47513, 5.97205], [6.45695, 5.92957], [6.45038, 5.92823], [6.44098, 5.91792], [6.43331, 5.90384], [6.41477, 5.89454], [6.40205, 5.90391], [6.38758, 5.90841], [6.381, 5.9218], [6.37532, 5.92628], [6.37119, 5.9287], [6.36548, 5.93656], [6.35614, 5.95752], [6.35209, 5.96526], [6.34395, 5.97508], [6.34428, 5.98709], [6.35331, 5.99046], [6.36081, 5.98913], [6.36621, 5.99889], [6.37428, 6.01906], [6.38307, 6.03023], [6.38786, 6.02783]]]}, "properties": {"name": "Etua", "lga": "Ndokwa West", "state": "de"}}, {"type": "Feature", "geometry": {"type": "Polygon", "coordinates": [[[6.27288, 5.46349], [6.28051, 5.47702], [6.28644, 5.48284], [6.28904, 5.49701], [6.28883, 5.50367], [6.28893, 5.50572], [6.28391, 5.5095], [6.2828, 5.50896], [6.2813, 5.50842], [6.28071, 5.5083], [6.2788, 5.50968], [6.27696, 5.51059], [6.27536, 5.51186], [6.27428, 5.51312], [6.27344, 5.51452], [6.27262, 5.51534], [6.25859, 5.52014], [6.26494, 5.5244], [6.27577, 5.53419], [6.28125, 5.5434], [6.28597, 5.55107], [6.29953, 5.5448], [6.32207, 5.53581], [6.33019, 5.53118], [6.33053, 5.52627], [6.32599, 5.51815], [6.32365, 5.51215], [6.32225, 5.50776], [6.31908, 5.4968], [6.31859, 5.49339], [6.32176, 5.48291], [6.33516, 5.46733], [6.34051, 5.45734], [6.3441, 5.45026], [6.35016, 5.4321], [6.34674, 5.42842], [6.34532, 5.42454], [6.34378, 5.39873], [6.33287, 5.40129], [6.33079, 5.39809], [6.32538, 5.39443], [6.32596, 5.3979], [6.32544, 5.39952], [6.32415, 5.40153], [6.31463, 5.40961], [6.30916, 5.41802], [6.30905, 5.4203], [6.31083, 5.42382], [6.31133, 5.4257], [6.30992, 5.4308], [6.30913, 5.43257], [6.30939, 5.43941], [6.29974, 5.43786], [6.28977, 5.43332], [6.26992, 5.44787], [6.26456, 5.4475], [6.26276, 5.44818], [6.26069, 5.44886], [6.25987, 5.44916], [6.25879, 5.45008], [6.25741, 5.45139], [6.25564, 5.45277], [6.26293, 5.45937], [6.27288, 5.46349]]]}, "properties": {"name": "Irri 11", "lga": "Isoko South", "state": "de"}}, {"type": "Feature", "geometry": {"type": "Polygon", "coordinates": [[[6.28176, 5.43864], [6.2834, 5.43781], [6.28499, 5.43704], [6.28977, 5.43332], [6.29974, 5.43786], [6.30939, 5.43941], [6.30913, 5.43257], [6.30992, 5.4308], [6.31133, 5.4257], [6.31083, 5.42382], [6.30905, 5.4203], [6.30916, 5.41802], [6.31463, 5.40961], [6.32415, 5.40153], [6.32544, 5.39952], [6.32596, 5.3979], [6.32538, 5.39443], [6.33079, 5.39809], [6.33287, 5.40129], [6.34378, 5.39873], [6.34198, 5.39424], [6.34172, 5.38987], [6.34252, 5.37764], [6.34284, 5.37211], [6.34451, 5.36806], [6.34337, 5.35696], [6.34199, 5.35307], [6.33945, 5.34646], [6.33334, 5.3398], [6.32502, 5.33197], [6.31778, 5.32208], [6.31064, 5.30354], [6.30643, 5.30298], [6.3047, 5.30731], [6.30464, 5.31019], [6.30624, 5.31233], [6.30201, 5.31554], [6.29745, 5.3222], [6.29465, 5.32204], [6.2922, 5.31991], [6.28794, 5.31936], [6.28377, 5.31625], [6.27718, 5.31722], [6.2756, 5.31707], [6.27072, 5.32614], [6.26979, 5.32917], [6.26669, 5.33653], [6.25933, 5.34139], [6.24916, 5.34858], [6.24285, 5.35499], [6.24144, 5.35953], [6.22909, 5.36497], [6.22495, 5.38033], [6.22056, 5.38638], [6.23525, 5.3911], [6.24945, 5.38486], [6.25182, 5.38966], [6.25324, 5.39634], [6.25121, 5.40074], [6.24923, 5.40565], [6.25215, 5.41001], [6.24788, 5.41252], [6.24323, 5.41536], [6.24218, 5.41747], [6.24113, 5.41902], [6.23406, 5.42455], [6.22111, 5.43253], [6.21888, 5.43475], [6.21888, 5.43595], [6.21838, 5.43974], [6.21784, 5.44095], [6.21429, 5.44258], [6.22273, 5.44536], [6.23111, 5.44421], [6.23728, 5.44565], [6.24271, 5.44563], [6.2438, 5.44573], [6.25564, 5.45277], [6.25741, 5.45139], [6.25879, 5.45008], [6.25987, 5.44916], [6.26069, 5.44886], [6.26276, 5.44818], [6.26456, 5.4475], [6.26992, 5.44787], [6.28176, 5.43864]]]}, "properties": {"name": "Avsiara", "lga": "Isoko South", "state": "de"}}, {"type": "Feature", "geometry": {"type": "Polygon", "coordinates": [[[6.48614, 5.98941], [6.47915, 5.98526], [6.45603, 5.98646], [6.44448, 5.98428], [6.43019, 5.98486], [6.41182, 5.98748], [6.40361, 5.9985], [6.40084, 6.00888], [6.39397, 6.02478], [6.38786, 6.02783], [6.3875, 6.04333], [6.37483, 6.05691], [6.36983, 6.06308], [6.37546, 6.07265], [6.36722, 6.08271], [6.37007, 6.09488], [6.37951, 6.10854], [6.38646, 6.12772], [6.39164, 6.12765], [6.39355, 6.1268], [6.39814, 6.12608], [6.40093, 6.12696], [6.40773, 6.11936], [6.40928, 6.11238], [6.42224, 6.10487], [6.42297, 6.09524], [6.41981, 6.07409], [6.42672, 6.05962], [6.44155, 6.04714], [6.44747, 6.03806], [6.45886, 6.03054], [6.47069, 6.0217], [6.46756, 6.00012], [6.48614, 5.98941]]]}, "properties": {"name": "Nsukwa", "lga": "Aniocha South", "state": "de"}}, {"type": "Feature", "geometry": {"type": "Polygon", "coordinates": [[[6.69645, 6.1745], [6.70926, 6.16253], [6.71402, 6.15613], [6.71324, 6.15269], [6.70944, 6.1431], [6.69992, 6.11913], [6.69492, 6.11444], [6.69206, 6.11176], [6.68849, 6.1084], [6.65634, 6.10666], [6.65918, 6.12028], [6.65447, 6.13068], [6.65885, 6.13703], [6.6657, 6.13866], [6.67641, 6.14245], [6.68497, 6.14499], [6.68899, 6.14851], [6.69006, 6.15188], [6.68996, 6.15605], [6.68959, 6.16072], [6.68579, 6.16349], [6.68189, 6.16333], [6.67986, 6.16439], [6.67982, 6.16723], [6.67446, 6.17138], [6.6743, 6.17551], [6.66912, 6.17694], [6.66386, 6.17865], [6.66005, 6.182], [6.65478, 6.18436], [6.66136, 6.18384], [6.67685, 6.18686], [6.68485, 6.18825], [6.68744, 6.18888], [6.69011, 6.18325], [6.69193, 6.1802], [6.69349, 6.17759], [6.69645, 6.1745]]]}, "properties": {"name": "Ezukwu / Ogboli / Achalla", "lga": "Oshimili North", "state": "de"}}, {"type": "Feature", "geometry": {"type": "Polygon", "coordinates": [[[6.41981, 6.07409], [6.42297, 6.09524], [6.42224, 6.10487], [6.40928, 6.11238], [6.40773, 6.11936], [6.40093, 6.12696], [6.40255, 6.13796], [6.4185, 6.1518], [6.44129, 6.15023], [6.44758, 6.14225], [6.46162, 6.13866], [6.46117, 6.13421], [6.4634, 6.12968], [6.463, 6.12618], [6.46265, 6.12388], [6.46069, 6.12237], [6.45569, 6.1114], [6.45712, 6.0994], [6.46421, 6.10345], [6.46991, 6.10119], [6.47207, 6.09689], [6.47839, 6.0939], [6.48463, 6.09484], [6.48528, 6.09033], [6.49482, 6.07963], [6.49745, 6.07796], [6.49838, 6.07347], [6.49229, 6.06673], [6.48897, 6.05479], [6.49102, 6.04907], [6.48756, 6.04507], [6.48108, 6.0438], [6.47373, 6.03767], [6.45886, 6.03054], [6.44747, 6.03806], [6.44155, 6.04714], [6.42672, 6.05962], [6.41981, 6.07409]]]}, "properties": {"name": "Ubulu-Unor", "lga": "Aniocha South", "state": "de"}}, {"type": "Feature", "geometry": {"type": "Polygon", "coordinates": [[[6.3688, 5.8437], [6.3679, 5.8461], [6.36524, 5.85242], [6.36189, 5.85946], [6.34767, 5.88141], [6.34557, 5.88583], [6.35014, 5.88934], [6.35495, 5.89336], [6.36978, 5.90598], [6.37532, 5.92628], [6.381, 5.9218], [6.38758, 5.90841], [6.40205, 5.90391], [6.41477, 5.89454], [6.43331, 5.90384], [6.43625, 5.90004], [6.43641, 5.8845], [6.42871, 5.87114], [6.41581, 5.85859], [6.40301, 5.85945], [6.39655, 5.86598], [6.38669, 5.86163], [6.38317, 5.85654], [6.3688, 5.8437]]]}, "properties": {"name": "Utagba Uno", "lga": "Ndokwa West", "state": "de"}}, {"type": "Feature", "geometry": {"type": "Polygon", "coordinates": [[[6.76751, 6.1625], [6.76605, 6.15825], [6.76478, 6.1558], [6.76065, 6.1478], [6.75533, 6.12071], [6.75334, 6.11843], [6.74924, 6.11372], [6.74167, 6.10865], [6.74969, 6.12166], [6.74786, 6.12213], [6.74704, 6.12153], [6.73896, 6.12506], [6.73926, 6.12677], [6.73533, 6.12859], [6.73186, 6.13657], [6.72655, 6.14151], [6.71526, 6.14411], [6.73589, 6.15846], [6.76865, 6.1658], [6.76751, 6.1625]]]}, "properties": {"name": "Cable Point", "lga": "Oshimili South", "state": "de"}}, {"type": "Feature", "geometry": {"type": "Polygon", "coordinates": [[[6.74167, 6.10865], [6.73771, 6.106], [6.72211, 6.09755], [6.71332, 6.08707], [6.70454, 6.0811], [6.6991, 6.061], [6.70315, 6.05115], [6.69207, 6.05729], [6.69259, 6.06984], [6.68545, 6.07662], [6.67962, 6.07736], [6.67426, 6.07173], [6.66956, 6.06558], [6.66432, 6.06651], [6.66051, 6.07343], [6.66207, 6.0782], [6.66814, 6.08551], [6.67497, 6.09374], [6.68231, 6.09913], [6.68849, 6.1084], [6.69206, 6.11176], [6.69492, 6.11444], [6.69992, 6.11913], [6.70944, 6.1431], [6.71526, 6.14411], [6.72655, 6.14151], [6.73186, 6.13657], [6.73533, 6.12859], [6.73926, 6.12677], [6.73896, 6.12506], [6.74704, 6.12153], [6.74786, 6.12213], [6.74969, 6.12166], [6.74167, 6.10865]]]}, "properties": {"name": "Oko Anala / Amakom", "lga": "Oshimili South", "state": "de"}}, {"type": "Feature", "geometry": {"type": "Polygon", "coordinates": [[[6.37438, 5.80144], [6.37463, 5.8015], [6.38382, 5.80568], [6.39704, 5.81798], [6.40114, 5.81468], [6.39135, 5.79556], [6.39181, 5.7789], [6.39984, 5.78075], [6.38931, 5.77171], [6.37606, 5.75886], [6.36732, 5.74751], [6.3727, 5.72494], [6.37568, 5.7067], [6.37876, 5.70185], [6.37159, 5.67842], [6.37058, 5.67856], [6.34469, 5.68398], [6.33049, 5.69067], [6.3258, 5.69983], [6.31814, 5.70769], [6.31963, 5.7152], [6.32257, 5.72325], [6.32652, 5.73059], [6.32773, 5.73591], [6.32748, 5.74032], [6.32857, 5.7441], [6.33052, 5.74849], [6.3323, 5.75051], [6.32145, 5.75651], [6.32093, 5.75659], [6.32014, 5.75601], [6.31683, 5.75308], [6.3128, 5.75402], [6.31111, 5.75419], [6.30906, 5.75488], [6.30552, 5.77573], [6.31258, 5.7799], [6.32743, 5.78705], [6.34859, 5.7947], [6.35702, 5.79651], [6.36689, 5.79966], [6.37438, 5.80144]]]}, "properties": {"name": "Ogume 6", "lga": "Ndokwa West", "state": "de"}}, {"type": "Feature", "geometry": {"type": "Polygon", "coordinates": [[[6.45695, 5.92957], [6.45494, 5.92542], [6.44751, 5.91218], [6.44281, 5.90036], [6.44966, 5.88793], [6.46193, 5.88179], [6.46222, 5.88164], [6.47147, 5.87702], [6.47762, 5.86944], [6.47698, 5.86042], [6.47295, 5.85068], [6.46688, 5.83953], [6.46147, 5.83116], [6.45336, 5.82069], [6.44319, 5.81229], [6.43847, 5.80393], [6.43752, 5.7979], [6.39984, 5.78075], [6.39181, 5.7789], [6.39135, 5.79556], [6.40114, 5.81468], [6.39704, 5.81798], [6.38382, 5.80568], [6.37463, 5.8015], [6.37473, 5.80635], [6.37549, 5.8091], [6.37703, 5.81529], [6.37646, 5.82155], [6.37386, 5.83065], [6.37054, 5.83908], [6.3688, 5.8437], [6.38317, 5.85654], [6.38669, 5.86163], [6.39655, 5.86598], [6.40301, 5.85945], [6.41581, 5.85859], [6.42871, 5.87114], [6.43641, 5.8845], [6.43625, 5.90004], [6.43331, 5.90384], [6.44098, 5.91792], [6.45038, 5.92823], [6.45695, 5.92957]]]}, "properties": {"name": "Onitcha Ukwuani", "lga": "Ndokwa West", "state": "de"}}, {"type": "Feature", "geometry": {"type": "Polygon", "coordinates": [[[6.55796, 5.99591], [6.55694, 5.97024], [6.56077, 5.95729], [6.55937, 5.93665], [6.56771, 5.90437], [6.56639, 5.90241], [6.52707, 5.87977], [6.52167, 5.86296], [6.50421, 5.86131], [6.50729, 5.87236], [6.49531, 5.88342], [6.48368, 5.87395], [6.46794, 5.88195], [6.46222, 5.88164], [6.46193, 5.88179], [6.44966, 5.88793], [6.44281, 5.90036], [6.44751, 5.91218], [6.45494, 5.92542], [6.45695, 5.92957], [6.45898, 5.93378], [6.46301, 5.9456], [6.46974, 5.96022], [6.47513, 5.97205], [6.47915, 5.98526], [6.48614, 5.98941], [6.48865, 5.99089], [6.49839, 5.99097], [6.50429, 5.99102], [6.51652, 5.99251], [6.52739, 5.99607], [6.53691, 5.99545], [6.55187, 5.99558], [6.55796, 5.99591]]]}, "properties": {"name": "Ossissa", "lga": "Ndokwa East", "state": "de"}}, {"type": "Feature", "geometry": {"type": "Polygon", "coordinates": [[[6.44629, 5.73213], [6.44421, 5.73532], [6.43874, 5.7429], [6.43665, 5.75467], [6.43795, 5.76717], [6.43655, 5.77686], [6.43649, 5.79143], [6.43752, 5.7979], [6.43847, 5.80393], [6.44319, 5.81229], [6.45336, 5.82069], [6.46147, 5.83116], [6.46688, 5.83953], [6.47295, 5.85068], [6.47698, 5.86042], [6.47762, 5.86944], [6.47147, 5.87702], [6.46222, 5.88164], [6.46794, 5.88195], [6.48368, 5.87395], [6.49531, 5.88342], [6.50729, 5.87236], [6.50421, 5.86131], [6.52167, 5.86296], [6.52707, 5.87977], [6.52946, 5.86563], [6.5293, 5.82331], [6.52759, 5.81323], [6.54233, 5.79033], [6.54335, 5.78384], [6.5355, 5.77949], [6.53174, 5.7739], [6.53224, 5.76725], [6.5237, 5.74988], [6.52185, 5.74103], [6.50416, 5.7346], [6.49904, 5.7255], [6.48848, 5.72334], [6.47543, 5.72674], [6.44629, 5.73213]]]}, "properties": {"name": "Afor / Obikwele", "lga": "Ndokwa East", "state": "de"}}, {"type": "Feature", "geometry": {"type": "Polygon", "coordinates": [[[5.73157, 5.55601], [5.7317, 5.55697], [5.73482, 5.55728], [5.73834, 5.55541], [5.74104, 5.5534], [5.74305, 5.5529], [5.74408, 5.55478], [5.74633, 5.55598], [5.74815, 5.55637], [5.74868, 5.55598], [5.74881, 5.55386], [5.74993, 5.55081], [5.75113, 5.55017], [5.7538, 5.55139], [5.75389, 5.55236], [5.75307, 5.55391], [5.75336, 5.55507], [5.75534, 5.55594], [5.75726, 5.55623], [5.75954, 5.55509], [5.76067, 5.55387], [5.76284, 5.55249], [5.76736, 5.55174], [5.76997, 5.55015], [5.76987, 5.54886], [5.77049, 5.54809], [5.77063, 5.54748], [5.77245, 5.54681], [5.77297, 5.54604], [5.76448, 5.54057], [5.76368, 5.54101], [5.76269, 5.5413], [5.75822, 5.54239], [5.75121, 5.54076], [5.75082, 5.53934], [5.75051, 5.53823], [5.75328, 5.53395], [5.74665, 5.52925], [5.74663, 5.52924], [5.74395, 5.52957], [5.74144, 5.5304], [5.73993, 5.53167], [5.74019, 5.53188], [5.74286, 5.53407], [5.74265, 5.5359], [5.74127, 5.53911], [5.74053, 5.53933], [5.73372, 5.53924], [5.73104, 5.53942], [5.72955, 5.53781], [5.72652, 5.53746], [5.72444, 5.53888], [5.72867, 5.54793], [5.73148, 5.55511], [5.73157, 5.55601]]]}, "properties": {"name": "Avenue", "lga": "Warri South", "state": "de"}}, {"type": "Feature", "geometry": {"type": "Polygon", "coordinates": [[[5.73157, 5.55601], [5.73148, 5.55511], [5.72867, 5.54793], [5.72444, 5.53888], [5.72652, 5.53746], [5.72955, 5.53781], [5.73104, 5.53942], [5.73372, 5.53924], [5.74053, 5.53933], [5.74127, 5.53911], [5.74265, 5.5359], [5.74286, 5.53407], [5.74019, 5.53188], [5.73993, 5.53167], [5.73516, 5.53036], [5.73579, 5.52918], [5.73618, 5.52895], [5.73759, 5.52872], [5.73989, 5.52939], [5.74133, 5.52905], [5.74031, 5.526], [5.74059, 5.52438], [5.73745, 5.52424], [5.73391, 5.52109], [5.73208, 5.51755], [5.73199, 5.51346], [5.73167, 5.51335], [5.7255, 5.51131], [5.71707, 5.51189], [5.71172, 5.51845], [5.70135, 5.53405], [5.70515, 5.54001], [5.70394, 5.54586], [5.70408, 5.55015], [5.70123, 5.5545], [5.70037, 5.55736], [5.70922, 5.55736], [5.712, 5.5535], [5.7155, 5.5535], [5.71986, 5.55143], [5.72128, 5.55407], [5.72428, 5.55543], [5.73157, 5.55601]]]}, "properties": {"name": "Ekurede", "lga": "Warri South", "state": "de"}}, {"type": "Feature", "geometry": {"type": "Polygon", "coordinates": [[[5.92754, 5.53424], [5.91734, 5.54647], [5.93405, 5.56367], [5.94149, 5.5621], [5.94856, 5.56431], [5.95465, 5.56641], [5.95493, 5.54983], [5.96904, 5.54937], [5.97848, 5.55474], [5.98999, 5.5574], [5.99772, 5.56943], [6.00728, 5.57315], [6.01142, 5.57851], [6.01346, 5.58454], [6.01624, 5.59176], [6.02865, 5.59524], [6.03595, 5.59987], [6.04234, 5.59024], [6.04282, 5.58539], [6.04786, 5.57939], [6.04767, 5.57283], [6.0483, 5.55965], [6.03814, 5.53833], [6.03748, 5.53347], [6.04147, 5.52795], [6.04452, 5.52034], [6.04134, 5.51693], [6.03899, 5.51451], [6.03506, 5.51048], [6.02889, 5.50813], [6.02501, 5.50459], [6.02335, 5.50174], [6.0199, 5.49543], [6.01826, 5.4951], [6.01434, 5.49537], [5.9917, 5.50908], [5.97875, 5.51886], [5.95918, 5.52167], [5.92754, 5.53424]]]}, "properties": {"name": "Afiesere / Ereumukohwaren", "lga": "Ughelli North", "state": "de"}}, {"type": "Feature", "geometry": {"type": "Polygon", "coordinates": [[[5.75749, 5.51201], [5.76305, 5.50946], [5.76676, 5.50951], [5.76766, 5.50952], [5.76831, 5.50809], [5.76802, 5.5059], [5.76909, 5.50079], [5.77904, 5.49065], [5.7716, 5.48796], [5.76692, 5.488], [5.76075, 5.49227], [5.75585, 5.49582], [5.75019, 5.50146], [5.74626, 5.50859], [5.74912, 5.51016], [5.75032, 5.51081], [5.75206, 5.51174], [5.754, 5.50974], [5.75482, 5.51045], [5.75737, 5.51026], [5.75748, 5.51186], [5.75749, 5.51201]]]}, "properties": {"name": "Pessu", "lga": "Warri South", "state": "de"}}, {"type": "Feature", "geometry": {"type": "Polygon", "coordinates": [[[5.84689, 5.57442], [5.84608, 5.57993], [5.84607, 5.58722], [5.85302, 5.59553], [5.85806, 5.61521], [5.86121, 5.62092], [5.86674, 5.6189], [5.87275, 5.61467], [5.8787, 5.60932], [5.87908, 5.60927], [5.88239, 5.60884], [5.88693, 5.60582], [5.89237, 5.60903], [5.89551, 5.60897], [5.9009, 5.60187], [5.87531, 5.57113], [5.87231, 5.56627], [5.86353, 5.57584], [5.85328, 5.57541], [5.84967, 5.57482], [5.84689, 5.57442]]]}, "properties": {"name": "Agbarho 1", "lga": "Ughelli North", "state": "de"}}, {"type": "Feature", "geometry": {"type": "Polygon", "coordinates": [[[6.06268, 5.43788], [6.06478, 5.43512], [6.07088, 5.42708], [6.08044, 5.41676], [6.08798, 5.40434], [6.08802, 5.39463], [6.09217, 5.37802], [6.09448, 5.3703], [6.08778, 5.36521], [6.08295, 5.36717], [6.07511, 5.36717], [6.06757, 5.35647], [6.05928, 5.35692], [6.0525, 5.36446], [6.04478, 5.37022], [6.04085, 5.37093], [6.03241, 5.36998], [6.02539, 5.36558], [6.01817, 5.35499], [6.01701, 5.36141], [6.01467, 5.3669], [6.01378, 5.36876], [6.01158, 5.37571], [6.00568, 5.38111], [6.00232, 5.38739], [5.99719, 5.3957], [5.99806, 5.40147], [6.00168, 5.41109], [6.00349, 5.41737], [6.00958, 5.41984], [6.02043, 5.42717], [6.04251, 5.43022], [6.05621, 5.43212], [6.06268, 5.43788]]]}, "properties": {"name": "Evwreni", "lga": "Ughelli North", "state": "de"}}, {"type": "Feature", "geometry": {"type": "Polygon", "coordinates": [[[6.01259, 5.49645], [6.00131, 5.49116], [6.00801, 5.48751], [6.00211, 5.48066], [5.9878, 5.47454], [5.96871, 5.4822], [5.95935, 5.4918], [5.96563, 5.49351], [5.96849, 5.49522], [5.96513, 5.50456], [5.95152, 5.50653], [5.93656, 5.50502], [5.93353, 5.5044], [5.9189, 5.5014], [5.90869, 5.50409], [5.90836, 5.50571], [5.9066, 5.51448], [5.91676, 5.52427], [5.91867, 5.52594], [5.92754, 5.53424], [5.95918, 5.52167], [5.98136, 5.51771], [5.98293, 5.51669], [5.98929, 5.51095], [5.9917, 5.50908], [6.0012, 5.50342], [6.00513, 5.50107], [6.01259, 5.49645]]]}, "properties": {"name": "Ughelli Urban 1", "lga": "Ughelli North", "state": "de"}}, {"type": "Feature", "geometry": {"type": "Polygon", "coordinates": [[[5.99524, 5.46182], [5.9932, 5.47125], [5.99285, 5.47288], [5.99394, 5.47539], [5.99292, 5.47627], [5.9927, 5.47646], [6.00211, 5.48066], [6.00801, 5.48751], [6.00131, 5.49116], [6.01259, 5.49645], [6.01434, 5.49537], [6.01826, 5.4951], [6.0199, 5.49543], [6.02335, 5.50174], [6.02501, 5.50459], [6.02889, 5.50813], [6.03506, 5.51048], [6.03899, 5.51451], [6.04906, 5.50381], [6.04806, 5.49767], [6.04371, 5.48675], [6.03091, 5.48908], [6.023, 5.4861], [6.01962, 5.47976], [6.0191, 5.47979], [6.02148, 5.46229], [6.01678, 5.46217], [6.01416, 5.46003], [6.01267, 5.45979], [6.00988, 5.46068], [6.00524, 5.46378], [5.99524, 5.46182]]]}, "properties": {"name": "Ughelli Urban 2", "lga": "Ughelli North", "state": "de"}}, {"type": "Feature", "geometry": {"type": "Polygon", "coordinates": [[[5.87472, 5.48919], [5.86725, 5.49335], [5.86178, 5.50093], [5.85833, 5.51269], [5.85096, 5.52213], [5.8501, 5.52649], [5.84259, 5.53336], [5.83799, 5.53688], [5.83382, 5.53939], [5.82912, 5.54183], [5.82637, 5.54212], [5.82533, 5.55118], [5.82337, 5.55598], [5.81957, 5.56196], [5.8237, 5.56191], [5.82782, 5.56043], [5.82958, 5.55536], [5.83131, 5.55308], [5.83428, 5.55483], [5.83412, 5.55955], [5.83492, 5.56195], [5.8376, 5.56425], [5.84049, 5.56382], [5.84113, 5.56141], [5.84027, 5.55898], [5.84207, 5.55767], [5.86427, 5.55296], [5.87379, 5.55304], [5.88399, 5.55382], [5.89352, 5.55113], [5.90713, 5.54846], [5.91734, 5.54647], [5.92754, 5.53424], [5.91867, 5.52594], [5.91676, 5.52427], [5.9066, 5.51448], [5.90836, 5.50571], [5.90505, 5.50408], [5.90087, 5.50077], [5.89543, 5.49987], [5.88884, 5.49996], [5.88157, 5.49529], [5.87827, 5.49213], [5.87472, 5.48919]]]}, "properties": {"name": "Ekakpamre", "lga": "Ughelli South", "state": "de"}}, {"type": "Feature", "geometry": {"type": "Polygon", "coordinates": [[[5.94942, 5.38862], [5.94097, 5.38588], [5.93609, 5.38505], [5.92843, 5.38311], [5.9238, 5.38325], [5.91085, 5.38262], [5.89437, 5.40576], [5.89396, 5.41012], [5.89171, 5.41437], [5.89131, 5.42369], [5.89417, 5.4272], [5.89717, 5.42963], [5.90173, 5.43815], [5.90786, 5.43514], [5.91713, 5.43509], [5.92298, 5.43548], [5.92579, 5.44111], [5.92863, 5.45223], [5.93351, 5.46053], [5.94256, 5.46337], [5.95899, 5.46191], [5.96409, 5.46152], [5.9932, 5.47125], [5.99524, 5.46182], [5.9912, 5.45208], [5.98717, 5.44025], [5.98109, 5.43119], [5.98454, 5.42081], [5.98935, 5.40837], [5.99416, 5.39732], [5.98684, 5.40055], [5.98095, 5.39921], [5.96953, 5.39373], [5.94942, 5.38862]]]}, "properties": {"name": "Olomu 1", "lga": "Ughelli South", "state": "de"}}, {"type": "Feature", "geometry": {"type": "Polygon", "coordinates": [[[5.93353, 5.5044], [5.93656, 5.50502], [5.95152, 5.50653], [5.96513, 5.50456], [5.96849, 5.49522], [5.96563, 5.49351], [5.95935, 5.4918], [5.96871, 5.4822], [5.9878, 5.47454], [5.99268, 5.47645], [5.9927, 5.47646], [5.99292, 5.47627], [5.99394, 5.47539], [5.99285, 5.47288], [5.9932, 5.47125], [5.96409, 5.46152], [5.95899, 5.46191], [5.94256, 5.46337], [5.93351, 5.46053], [5.92863, 5.45223], [5.92579, 5.44111], [5.92298, 5.43548], [5.91713, 5.43509], [5.90786, 5.43514], [5.90173, 5.43815], [5.89361, 5.44755], [5.89299, 5.45189], [5.89438, 5.4563], [5.89667, 5.45874], [5.90053, 5.46207], [5.90551, 5.46494], [5.90949, 5.46594], [5.91298, 5.4676], [5.91986, 5.47614], [5.92195, 5.48375], [5.92967, 5.49671], [5.93353, 5.5044]]]}, "properties": {"name": "Olomu 3-Effurun-Otor", "lga": "Ughelli South", "state": "de"}}, {"type": "Feature", "geometry": {"type": "Polygon", "coordinates": [[[5.81817, 5.34213], [5.81293, 5.35073], [5.81965, 5.35461], [5.83541, 5.37028], [5.83498, 5.37314], [5.83427, 5.37474], [5.83397, 5.3765], [5.83433, 5.38415], [5.83311, 5.38453], [5.83142, 5.38496], [5.83025, 5.38565], [5.82907, 5.3846], [5.82671, 5.38379], [5.82074, 5.38403], [5.81683, 5.38344], [5.81102, 5.38234], [5.81592, 5.40577], [5.81347, 5.41062], [5.81455, 5.41524], [5.8275, 5.41049], [5.8411, 5.40852], [5.85468, 5.41349], [5.86553, 5.42121], [5.88561, 5.43121], [5.88768, 5.43631], [5.88948, 5.44428], [5.89361, 5.44755], [5.90173, 5.43815], [5.89717, 5.42963], [5.89417, 5.4272], [5.89131, 5.42369], [5.89171, 5.41437], [5.89396, 5.41012], [5.89437, 5.40576], [5.91085, 5.38262], [5.89645, 5.37407], [5.89399, 5.36839], [5.88756, 5.36582], [5.8836, 5.36111], [5.87966, 5.35984], [5.87495, 5.35984], [5.87024, 5.35752], [5.86758, 5.35596], [5.85541, 5.34424], [5.85213, 5.34334], [5.84914, 5.34178], [5.84849, 5.34335], [5.8424, 5.34973], [5.83723, 5.35219], [5.83309, 5.35065], [5.819, 5.34599], [5.81817, 5.34213]]]}, "properties": {"name": "Jeremi 2", "lga": "Ughelli South", "state": "de"}}, {"type": "Feature", "geometry": {"type": "Polygon", "coordinates": [[[5.83541, 5.37028], [5.81965, 5.35461], [5.81293, 5.35073], [5.80498, 5.35877], [5.79917, 5.35781], [5.79317, 5.35511], [5.78753, 5.35454], [5.78099, 5.34547], [5.77827, 5.3413], [5.77291, 5.34048], [5.76695, 5.34289], [5.76102, 5.34698], [5.75621, 5.34564], [5.75343, 5.34077], [5.7509, 5.33435], [5.72835, 5.32825], [5.72202, 5.33488], [5.71946, 5.34289], [5.7232, 5.35753], [5.72308, 5.3685], [5.71917, 5.37335], [5.71487, 5.37409], [5.71587, 5.37823], [5.71831, 5.38353], [5.71835, 5.38612], [5.71259, 5.39059], [5.70802, 5.39259], [5.70293, 5.39499], [5.69847, 5.40091], [5.7025, 5.41022], [5.72889, 5.41454], [5.75234, 5.42088], [5.76816, 5.4296], [5.77957, 5.43632], [5.78849, 5.44231], [5.79625, 5.43628], [5.80292, 5.43109], [5.80976, 5.42352], [5.81455, 5.41524], [5.81347, 5.41062], [5.81592, 5.40577], [5.81102, 5.38234], [5.81683, 5.38344], [5.82074, 5.38403], [5.82671, 5.38379], [5.82907, 5.3846], [5.83025, 5.38565], [5.83142, 5.38496], [5.83311, 5.38453], [5.83433, 5.38415], [5.83397, 5.3765], [5.83427, 5.37474], [5.83498, 5.37314], [5.83541, 5.37028]]]}, "properties": {"name": "Jeremi 3", "lga": "Ughelli South", "state": "de"}}, {"type": "Feature", "geometry": {"type": "Polygon", "coordinates": [[[5.87474, 5.26869], [5.8742, 5.27483], [5.87637, 5.27718], [5.8826, 5.28051], [5.88231, 5.28229], [5.88231, 5.28646], [5.88125, 5.29237], [5.90693, 5.29234], [5.91546, 5.29374], [5.92141, 5.29398], [5.9245, 5.29469], [5.95996, 5.31135], [5.9659, 5.31278], [5.97661, 5.31468], [5.98113, 5.31611], [5.98375, 5.31635], [6.01838, 5.31633], [6.02618, 5.31672], [6.01812, 5.2998], [6.01011, 5.28707], [6.00465, 5.26705], [6.00538, 5.25978], [6.00053, 5.25423], [5.99991, 5.24705], [5.99928, 5.24216], [5.99489, 5.23685], [5.99186, 5.23248], [5.98561, 5.23081], [5.98292, 5.23282], [5.97906, 5.23764], [5.97332, 5.23798], [5.97048, 5.23357], [5.96927, 5.22807], [5.96464, 5.22253], [5.95491, 5.21964], [5.94546, 5.21686], [5.92365, 5.2256], [5.91391, 5.24148], [5.91505, 5.24863], [5.91397, 5.25742], [5.9084, 5.26294], [5.89959, 5.26202], [5.88346, 5.25736], [5.87474, 5.26869]]]}, "properties": {"name": "Olomu 2", "lga": "Ughelli South", "state": "de"}}, {"type": "Feature", "geometry": {"type": "Polygon", "coordinates": [[[6.20998, 6.27286], [6.21264, 6.27916], [6.22347, 6.28965], [6.23633, 6.30363], [6.24664, 6.31265], [6.25468, 6.30656], [6.2622, 6.2983], [6.27379, 6.29077], [6.28062, 6.28458], [6.28407, 6.27282], [6.28141, 6.25824], [6.2591, 6.22892], [6.25097, 6.22261], [6.2482, 6.23369], [6.24611, 6.24615], [6.24199, 6.25444], [6.23389, 6.25089], [6.2352, 6.26353], [6.22395, 6.25954], [6.21268, 6.25547], [6.20823, 6.25383], [6.20481, 6.25369], [6.20521, 6.27032], [6.20998, 6.27286]]]}, "properties": {"name": "Emuhu", "lga": "Ika South", "state": "de"}}, {"type": "Feature", "geometry": {"type": "MultiPolygon", "coordinates": [[[[5.91638, 5.13152], [5.91591, 5.1175], [5.91451, 5.10815], [5.90937, 5.10488], [5.89652, 5.10441], [5.8853, 5.09997], [5.88273, 5.10184], [5.88135, 5.10951], [5.88872, 5.12053], [5.91638, 5.13152]]], [[[5.79978, 5.30598], [5.80976, 5.30343], [5.81558, 5.3063], [5.82523, 5.30999], [5.83141, 5.30748], [5.8344, 5.30207], [5.83596, 5.29261], [5.83899, 5.28977], [5.82551, 5.28249], [5.81947, 5.28036], [5.80791, 5.27643], [5.8016, 5.27189], [5.78662, 5.29192], [5.79668, 5.30113], [5.79927, 5.30279], [5.79978, 5.30598]]]]}, "properties": {"name": "Akugbene 2", "lga": "Bomadi", "state": "de"}}, {"type": "Feature", "geometry": {"type": "Polygon", "coordinates": [[[6.43752, 5.7979], [6.43649, 5.79143], [6.43655, 5.77686], [6.43795, 5.76717], [6.43665, 5.75467], [6.43874, 5.7429], [6.44421, 5.73532], [6.44629, 5.73213], [6.44953, 5.72717], [6.46033, 5.7211], [6.47316, 5.71435], [6.47518, 5.70287], [6.47046, 5.69139], [6.46007, 5.68691], [6.44953, 5.68666], [6.43467, 5.68396], [6.43099, 5.6787], [6.42995, 5.67721], [6.42657, 5.67046], [6.418, 5.66645], [6.40507, 5.66773], [6.39148, 5.66553], [6.38234, 5.66039], [6.37374, 5.6721], [6.37159, 5.67842], [6.37876, 5.70185], [6.37568, 5.7067], [6.3727, 5.72494], [6.36732, 5.74751], [6.37606, 5.75886], [6.38931, 5.77171], [6.39984, 5.78075], [6.43752, 5.7979]]]}, "properties": {"name": "Ogume 7", "lga": "Ndokwa West", "state": "de"}}, {"type": "Feature", "geometry": {"type": "Polygon", "coordinates": [[[6.35702, 5.79651], [6.34859, 5.7947], [6.32743, 5.78705], [6.31258, 5.7799], [6.30512, 5.78599], [6.2837, 5.82585], [6.26807, 5.86692], [6.26493, 5.8788], [6.26362, 5.88606], [6.26148, 5.90771], [6.26076, 5.90878], [6.26029, 5.9114], [6.2585, 5.91663], [6.25696, 5.91945], [6.25507, 5.92188], [6.24885, 5.92509], [6.24112, 5.92647], [6.23105, 5.92954], [6.2267, 5.93183], [6.22912, 5.93603], [6.23382, 5.94855], [6.24377, 5.96738], [6.271, 5.96014], [6.28618, 5.94995], [6.29791, 5.94264], [6.30272, 5.93833], [6.31166, 5.93111], [6.32127, 5.92248], [6.32878, 5.91392], [6.33353, 5.90683], [6.33687, 5.89979], [6.33818, 5.89559], [6.34432, 5.88846], [6.34557, 5.88583], [6.34767, 5.88141], [6.36189, 5.85946], [6.37386, 5.83065], [6.37646, 5.82155], [6.37703, 5.81529], [6.37549, 5.8091], [6.37473, 5.80635], [6.37463, 5.8015], [6.37438, 5.80144], [6.36689, 5.79966], [6.35702, 5.79651]]]}, "properties": {"name": "Akoku", "lga": "Ukwuani", "state": "de"}}, {"type": "Feature", "geometry": {"type": "Polygon", "coordinates": [[[6.53198, 5.45346], [6.52153, 5.4526], [6.50972, 5.44489], [6.50083, 5.43644], [6.48839, 5.43054], [6.48948, 5.43334], [6.49096, 5.43605], [6.4905, 5.43855], [6.48927, 5.44043], [6.48781, 5.44087], [6.48834, 5.4435], [6.48728, 5.44508], [6.47934, 5.4453], [6.47794, 5.44664], [6.47405, 5.44849], [6.47194, 5.45334], [6.46731, 5.45852], [6.461, 5.45914], [6.45674, 5.46017], [6.45517, 5.46179], [6.45545, 5.46472], [6.45424, 5.46739], [6.45169, 5.46863], [6.45349, 5.47034], [6.45462, 5.47541], [6.46049, 5.48172], [6.4662, 5.49043], [6.48588, 5.49534], [6.48405, 5.49924], [6.48993, 5.50347], [6.50041, 5.50867], [6.49229, 5.51776], [6.43983, 5.52597], [6.41626, 5.54476], [6.4347, 5.56523], [6.42697, 5.58785], [6.43518, 5.60503], [6.45385, 5.60867], [6.46138, 5.61887], [6.47685, 5.62345], [6.48163, 5.63289], [6.48736, 5.63428], [6.49705, 5.66067], [6.50949, 5.65952], [6.53803, 5.64967], [6.56572, 5.66259], [6.58034, 5.67267], [6.60689, 5.66946], [6.62135, 5.64256], [6.6176, 5.63152], [6.61311, 5.62668], [6.60814, 5.62125], [6.60377, 5.61493], [6.60205, 5.60767], [6.60101, 5.59695], [6.59757, 5.59032], [6.59617, 5.58762], [6.5934, 5.58001], [6.59167, 5.57448], [6.58787, 5.56791], [6.58476, 5.56169], [6.57923, 5.55927], [6.56886, 5.55339], [6.56633, 5.5532], [6.55538, 5.55235], [6.54258, 5.54924], [6.53083, 5.53196], [6.53104, 5.53001], [6.53325, 5.50983], [6.53694, 5.49194], [6.5377, 5.47843], [6.53816, 5.4758], [6.53666, 5.46958], [6.53484, 5.45897], [6.53198, 5.45346]]]}, "properties": {"name": "Aboh / Akarai", "lga": "Ndokwa East", "state": "de"}}, {"type": "Feature", "geometry": {"type": "Polygon", "coordinates": [[[6.35599, 5.58772], [6.34963, 5.59514], [6.33523, 5.62138], [6.32773, 5.62686], [6.32564, 5.63794], [6.34058, 5.64153], [6.3535, 5.64233], [6.36436, 5.64728], [6.3752, 5.65638], [6.38234, 5.66039], [6.39148, 5.66553], [6.40507, 5.66773], [6.418, 5.66645], [6.42657, 5.67046], [6.42995, 5.67721], [6.43099, 5.6787], [6.459, 5.6367], [6.45904, 5.63644], [6.46034, 5.63619], [6.40825, 5.6249], [6.40025, 5.61817], [6.38356, 5.59864], [6.36126, 5.59201], [6.35599, 5.58772]]]}, "properties": {"name": "Ashaka / Ushie", "lga": "Ndokwa East", "state": "de"}}, {"type": "Feature", "geometry": {"type": "Polygon", "coordinates": [[[6.55796, 5.99591], [6.56683, 5.9964], [6.58316, 5.99376], [6.59677, 5.99318], [6.60764, 5.99396], [6.61715, 5.99681], [6.62459, 6.0052], [6.63272, 6.01359], [6.64362, 6.00744], [6.6586, 6.00409], [6.67152, 6.00351], [6.68308, 6.00499], [6.69941, 6.00305], [6.70623, 5.99686], [6.71968, 5.99616], [6.71651, 5.981], [6.71629, 5.97727], [6.71588, 5.9699], [6.70944, 5.95933], [6.70299, 5.94062], [6.70014, 5.92934], [6.6965, 5.92376], [6.66502, 5.93624], [6.64555, 5.9288], [6.6251, 5.9357], [6.61092, 5.92616], [6.61119, 5.90438], [6.60665, 5.89312], [6.61133, 5.87535], [6.61282, 5.8589], [6.61169, 5.85142], [6.60293, 5.83892], [6.59014, 5.81961], [6.58163, 5.79411], [6.57018, 5.76463], [6.54822, 5.75814], [6.5453, 5.75185], [6.54845, 5.73619], [6.52863, 5.74186], [6.52185, 5.74103], [6.5237, 5.74988], [6.53224, 5.76725], [6.53174, 5.7739], [6.5355, 5.77949], [6.54335, 5.78384], [6.54233, 5.79033], [6.52759, 5.81323], [6.5293, 5.82331], [6.52946, 5.86563], [6.52707, 5.87977], [6.56639, 5.90241], [6.56771, 5.90437], [6.55937, 5.93665], [6.56077, 5.95729], [6.55694, 5.97024], [6.55796, 5.99591]]]}, "properties": {"name": "Aballa / Inyi / Onuaboh", "lga": "Ndokwa East", "state": "de"}}, {"type": "Feature", "geometry": {"type": "Polygon", "coordinates": [[[6.38676, 5.46453], [6.38498, 5.46748], [6.38572, 5.46903], [6.38464, 5.47148], [6.38188, 5.47287], [6.37672, 5.47592], [6.3739, 5.48019], [6.3725, 5.48545], [6.37339, 5.4879], [6.37608, 5.48951], [6.38228, 5.49156], [6.38518, 5.49621], [6.38552, 5.50099], [6.3841, 5.51485], [6.36481, 5.56947], [6.35833, 5.58307], [6.35599, 5.58772], [6.36126, 5.59201], [6.38356, 5.59864], [6.40025, 5.61817], [6.40825, 5.6249], [6.46034, 5.63619], [6.46138, 5.61887], [6.45385, 5.60867], [6.43518, 5.60503], [6.42697, 5.58785], [6.4347, 5.56523], [6.41626, 5.54476], [6.43983, 5.52597], [6.49229, 5.51776], [6.50041, 5.50867], [6.48993, 5.50347], [6.48405, 5.49924], [6.48588, 5.49534], [6.4662, 5.49043], [6.46049, 5.48172], [6.45462, 5.47541], [6.45349, 5.47034], [6.45169, 5.46863], [6.45424, 5.46739], [6.45545, 5.46472], [6.45517, 5.46179], [6.45674, 5.46017], [6.461, 5.45914], [6.46731, 5.45852], [6.46323, 5.43546], [6.44998, 5.42146], [6.43209, 5.41145], [6.42124, 5.40703], [6.41529, 5.40338], [6.4104, 5.39917], [6.39801, 5.40154], [6.39538, 5.41394], [6.40045, 5.4163], [6.3966, 5.42295], [6.39228, 5.43038], [6.39103, 5.4393], [6.39328, 5.43795], [6.41099, 5.43116], [6.42255, 5.42987], [6.43275, 5.42996], [6.44619, 5.43273], [6.45347, 5.4394], [6.45619, 5.44607], [6.4565, 5.45335], [6.45468, 5.45638], [6.45013, 5.45971], [6.44589, 5.46305], [6.43103, 5.46517], [6.40083, 5.46374], [6.38955, 5.46374], [6.38676, 5.46453]]]}, "properties": {"name": "Ibrede / Onu / Iyede-Ame", "lga": "Ndokwa East", "state": "de"}}, {"type": "Feature", "geometry": {"type": "Polygon", "coordinates": [[[6.44629, 5.73213], [6.47543, 5.72674], [6.48848, 5.72334], [6.49904, 5.7255], [6.50416, 5.7346], [6.52185, 5.74103], [6.52863, 5.74186], [6.54845, 5.73619], [6.5453, 5.75185], [6.54822, 5.75814], [6.57018, 5.76463], [6.58163, 5.79411], [6.59014, 5.81961], [6.60293, 5.83892], [6.61169, 5.85142], [6.61282, 5.8589], [6.61133, 5.87535], [6.60665, 5.89312], [6.61119, 5.90438], [6.61092, 5.92616], [6.6251, 5.9357], [6.64555, 5.9288], [6.66502, 5.93624], [6.6965, 5.92376], [6.6937, 5.91816], [6.68881, 5.91103], [6.68603, 5.9048], [6.68112, 5.8979], [6.67355, 5.88915], [6.66738, 5.87297], [6.66092, 5.85653], [6.65793, 5.8404], [6.65605, 5.83429], [6.65076, 5.81711], [6.65046, 5.80798], [6.64863, 5.79705], [6.64725, 5.78531], [6.64828, 5.77168], [6.64363, 5.74733], [6.63908, 5.73946], [6.60063, 5.70662], [6.60187, 5.68746], [6.5997, 5.67885], [6.60645, 5.67023], [6.60689, 5.66946], [6.58034, 5.67267], [6.56572, 5.66259], [6.53803, 5.64967], [6.50949, 5.65952], [6.49705, 5.66067], [6.48736, 5.63428], [6.48163, 5.63289], [6.47685, 5.62345], [6.46138, 5.61887], [6.46034, 5.63619], [6.45904, 5.63644], [6.459, 5.6367], [6.43099, 5.6787], [6.43467, 5.68396], [6.44953, 5.68666], [6.46007, 5.68691], [6.47046, 5.69139], [6.47518, 5.70287], [6.47316, 5.71435], [6.46033, 5.7211], [6.44953, 5.72717], [6.44629, 5.73213]]]}, "properties": {"name": "Okpi / Utchi / Beneku", "lga": "Ndokwa East", "state": "de"}}, {"type": "Feature", "geometry": {"type": "Polygon", "coordinates": [[[6.27139, 6.13888], [6.26846, 6.13], [6.2568, 6.14707], [6.24355, 6.16457], [6.24112, 6.1659], [6.23986, 6.16807], [6.22799, 6.17337], [6.23172, 6.18987], [6.23387, 6.19938], [6.23435, 6.20171], [6.2376, 6.20007], [6.25078, 6.19295], [6.25213, 6.19289], [6.25897, 6.19364], [6.26068, 6.19338], [6.26902, 6.19178], [6.26936, 6.16284], [6.27028, 6.15942], [6.27416, 6.14643], [6.27256, 6.14142], [6.27139, 6.13888]]]}, "properties": {"name": "Idumuesah", "lga": "Ika North East", "state": "de"}}, {"type": "Feature", "geometry": {"type": "Polygon", "coordinates": [[[5.82337, 5.55598], [5.82533, 5.55118], [5.82637, 5.54212], [5.82912, 5.54183], [5.83382, 5.53939], [5.83799, 5.53688], [5.84259, 5.53336], [5.8501, 5.52649], [5.85096, 5.52213], [5.84535, 5.5207], [5.84349, 5.51833], [5.84083, 5.5187], [5.84056, 5.51983], [5.83934, 5.51966], [5.83824, 5.51832], [5.83532, 5.51754], [5.83208, 5.51741], [5.8318, 5.51932], [5.83188, 5.52252], [5.83279, 5.5277], [5.82373, 5.52912], [5.82304, 5.52759], [5.81623, 5.51574], [5.81548, 5.51633], [5.8143, 5.51575], [5.81305, 5.51423], [5.81181, 5.51404], [5.811, 5.51434], [5.81046, 5.517], [5.80987, 5.51797], [5.80842, 5.51802], [5.80762, 5.51675], [5.80773, 5.51576], [5.80838, 5.51483], [5.80969, 5.51436], [5.81, 5.51333], [5.8093, 5.51255], [5.8072, 5.5126], [5.80619, 5.51288], [5.80554, 5.51469], [5.80049, 5.51826], [5.80101, 5.52091], [5.79828, 5.52377], [5.79685, 5.52659], [5.79244, 5.5309], [5.78973, 5.5327], [5.78985, 5.53516], [5.79152, 5.53552], [5.79604, 5.53468], [5.79835, 5.5367], [5.79925, 5.53962], [5.79787, 5.54055], [5.79333, 5.53969], [5.78945, 5.54153], [5.78681, 5.54391], [5.78584, 5.54723], [5.78425, 5.54889], [5.78542, 5.55142], [5.78821, 5.5527], [5.7913, 5.55256], [5.79348, 5.55006], [5.79537, 5.54845], [5.79856, 5.54845], [5.80098, 5.55033], [5.80321, 5.55091], [5.80535, 5.55006], [5.80797, 5.54828], [5.81048, 5.54836], [5.81182, 5.55098], [5.81325, 5.55477], [5.81554, 5.55719], [5.81957, 5.56196], [5.82337, 5.55598]]]}, "properties": {"name": "Opete", "lga": "Udu", "state": "de"}}, {"type": "Feature", "geometry": {"type": "Polygon", "coordinates": [[[5.80291, 5.48728], [5.79707, 5.48453], [5.79144, 5.48165], [5.78384, 5.47797], [5.78142, 5.47714], [5.77796, 5.47595], [5.77495, 5.47586], [5.77437, 5.48626], [5.7716, 5.48796], [5.77904, 5.49065], [5.78027, 5.49407], [5.77902, 5.50177], [5.7744, 5.50662], [5.77103, 5.51429], [5.76899, 5.5194], [5.76928, 5.52296], [5.77154, 5.52366], [5.77908, 5.51796], [5.784, 5.51596], [5.78439, 5.50827], [5.80291, 5.48728]]]}, "properties": {"name": "Ovwian", "lga": "Udu", "state": "de"}}, {"type": "Feature", "geometry": {"type": "Polygon", "coordinates": [[[5.749, 5.29712], [5.74765, 5.30058], [5.74623, 5.30126], [5.74486, 5.30059], [5.74451, 5.30101], [5.74476, 5.30172], [5.74492, 5.30283], [5.74454, 5.30352], [5.74376, 5.30376], [5.74069, 5.30295], [5.74004, 5.30354], [5.74012, 5.30461], [5.73975, 5.30559], [5.73902, 5.30527], [5.7381, 5.30341], [5.73658, 5.3032], [5.73662, 5.30636], [5.73576, 5.30905], [5.73372, 5.31123], [5.72963, 5.31203], [5.72529, 5.31537], [5.72578, 5.31797], [5.72535, 5.32131], [5.7268, 5.32322], [5.72835, 5.32825], [5.7509, 5.33435], [5.75343, 5.34077], [5.75621, 5.34564], [5.76102, 5.34698], [5.76695, 5.34289], [5.77291, 5.34048], [5.77827, 5.3413], [5.78099, 5.34547], [5.78753, 5.35454], [5.79317, 5.35511], [5.79917, 5.35781], [5.80498, 5.35877], [5.81293, 5.35073], [5.81817, 5.34213], [5.81631, 5.33694], [5.81127, 5.33163], [5.80478, 5.32748], [5.7968, 5.32148], [5.79469, 5.31477], [5.79185, 5.31457], [5.7925, 5.3095], [5.79294, 5.30822], [5.78776, 5.30687], [5.78781, 5.30559], [5.78706, 5.30468], [5.78546, 5.30385], [5.78497, 5.304], [5.78298, 5.30472], [5.78158, 5.30224], [5.78133, 5.30321], [5.78097, 5.30281], [5.78, 5.30229], [5.77898, 5.30206], [5.77823, 5.30519], [5.77741, 5.30521], [5.7765, 5.30461], [5.77481, 5.30434], [5.77234, 5.30789], [5.77093, 5.3076], [5.7698, 5.30832], [5.76819, 5.30861], [5.76707, 5.30733], [5.76617, 5.3074], [5.76536, 5.30826], [5.76448, 5.3078], [5.76291, 5.3064], [5.76153, 5.30603], [5.75946, 5.30723], [5.758, 5.3073], [5.75676, 5.30671], [5.75513, 5.30504], [5.75341, 5.30266], [5.75241, 5.30095], [5.75155, 5.29796], [5.75038, 5.29705], [5.749, 5.29712]]]}, "properties": {"name": "Ogo / Eze", "lga": "Bomadi", "state": "de"}}, {"type": "Feature", "geometry": {"type": "Polygon", "coordinates": [[[6.33523, 6.231], [6.32337, 6.23496], [6.32, 6.23693], [6.31435, 6.23856], [6.30662, 6.23805], [6.30821, 6.2429], [6.31055, 6.26557], [6.35512, 6.28849], [6.35382, 6.28099], [6.3667, 6.25683], [6.36888, 6.25423], [6.3712, 6.25413], [6.37534, 6.2396], [6.3729, 6.23912], [6.37017, 6.24195], [6.36847, 6.24371], [6.36782, 6.24254], [6.36692, 6.2423], [6.36489, 6.24196], [6.36329, 6.24179], [6.35747, 6.23939], [6.33523, 6.231]]]}, "properties": {"name": "Akumazi", "lga": "Ika North East", "state": "de"}}, {"type": "Feature", "geometry": {"type": "Polygon", "coordinates": [[[5.6432, 5.48912], [5.64344, 5.48813], [5.64505, 5.48744], [5.6458, 5.48574], [5.64597, 5.48374], [5.64586, 5.48141], [5.6483, 5.47714], [5.64821, 5.47456], [5.64847, 5.47264], [5.65014, 5.46958], [5.64959, 5.4681], [5.6486, 5.46632], [5.64942, 5.46447], [5.65176, 5.46106], [5.64897, 5.45628], [5.64988, 5.45464], [5.65506, 5.45288], [5.65673, 5.4526], [5.65869, 5.45407], [5.66025, 5.45615], [5.662, 5.45675], [5.66321, 5.45621], [5.66378, 5.45403], [5.66483, 5.45026], [5.66453, 5.44851], [5.66124, 5.44101], [5.65787, 5.43585], [5.65542, 5.43236], [5.65575, 5.42943], [5.65169, 5.425], [5.64999, 5.42099], [5.64712, 5.41617], [5.6407, 5.40986], [5.63296, 5.40089], [5.62629, 5.39584], [5.6157, 5.38889], [5.61122, 5.38603], [5.60246, 5.38369], [5.59358, 5.38251], [5.58916, 5.3809], [5.5867, 5.37967], [5.5813, 5.38106], [5.57254, 5.38637], [5.55795, 5.38988], [5.54807, 5.3943], [5.53989, 5.39908], [5.52688, 5.40712], [5.52502, 5.41711], [5.51446, 5.42648], [5.50732, 5.44373], [5.50851, 5.46812], [5.51951, 5.50113], [5.53111, 5.5053], [5.55283, 5.50649], [5.56889, 5.50381], [5.58495, 5.50589], [5.59358, 5.50946], [5.59977, 5.51317], [5.60872, 5.51177], [5.61337, 5.51251], [5.61868, 5.51464], [5.62007, 5.51447], [5.62105, 5.51359], [5.62068, 5.51156], [5.61796, 5.50882], [5.61728, 5.50716], [5.61839, 5.50499], [5.62001, 5.50442], [5.62377, 5.50549], [5.62472, 5.50547], [5.62562, 5.50454], [5.62637, 5.50168], [5.62781, 5.50095], [5.62997, 5.50288], [5.63125, 5.50328], [5.63393, 5.50175], [5.63522, 5.50142], [5.63635, 5.50236], [5.63867, 5.50294], [5.6404, 5.50128], [5.64155, 5.49827], [5.64359, 5.49501], [5.64648, 5.49264], [5.64622, 5.49195], [5.64447, 5.49125], [5.6432, 5.48912]]]}, "properties": {"name": "Isaba", "lga": "Warri South-West", "state": "de"}}, {"type": "Feature", "geometry": {"type": "Polygon", "coordinates": [[[5.70792, 5.47787], [5.70847, 5.4781], [5.72848, 5.48604], [5.7343, 5.48985], [5.75026, 5.49103], [5.74835, 5.48842], [5.74596, 5.48644], [5.74372, 5.48292], [5.74586, 5.47821], [5.75054, 5.47428], [5.74896, 5.46864], [5.75285, 5.46719], [5.75907, 5.46616], [5.7629, 5.45747], [5.76731, 5.44816], [5.77698, 5.44384], [5.78849, 5.44231], [5.77957, 5.43632], [5.76816, 5.4296], [5.75234, 5.42088], [5.72889, 5.41454], [5.7025, 5.41022], [5.70424, 5.41387], [5.6968, 5.41441], [5.69458, 5.41458], [5.69203, 5.41476], [5.68231, 5.41308], [5.67319, 5.40564], [5.66872, 5.39995], [5.65979, 5.38973], [5.63984, 5.38293], [5.61347, 5.38014], [5.60613, 5.37764], [5.5948, 5.37761], [5.5867, 5.37967], [5.58916, 5.3809], [5.59358, 5.38251], [5.60246, 5.38369], [5.61122, 5.38603], [5.6157, 5.38889], [5.62629, 5.39584], [5.63296, 5.40089], [5.6407, 5.40986], [5.64712, 5.41617], [5.64999, 5.42099], [5.65169, 5.425], [5.65575, 5.42943], [5.65542, 5.43236], [5.65787, 5.43585], [5.66124, 5.44101], [5.66453, 5.44851], [5.66483, 5.45026], [5.66378, 5.45403], [5.66321, 5.45621], [5.662, 5.45675], [5.66025, 5.45615], [5.65869, 5.45407], [5.65673, 5.4526], [5.65506, 5.45288], [5.64988, 5.45464], [5.64897, 5.45628], [5.64926, 5.45772], [5.65114, 5.45873], [5.65158, 5.45968], [5.65176, 5.46106], [5.64942, 5.46447], [5.6486, 5.46632], [5.64959, 5.4681], [5.65014, 5.46958], [5.64597, 5.48374], [5.64789, 5.48118], [5.65429, 5.47738], [5.65883, 5.47339], [5.66617, 5.47027], [5.67303, 5.4667], [5.69955, 5.46648], [5.7001, 5.47177], [5.70792, 5.47787]]]}, "properties": {"name": "Ogbe-Ijoh", "lga": "Warri South-West", "state": "de"}}, {"type": "Feature", "geometry": {"type": "Polygon", "coordinates": [[[5.61337, 5.51251], [5.60872, 5.51177], [5.59977, 5.51317], [5.59996, 5.51672], [5.60352, 5.53617], [5.60981, 5.54394], [5.62037, 5.54521], [5.62998, 5.54373], [5.63756, 5.53749], [5.6385, 5.53269], [5.64741, 5.52838], [5.65379, 5.53448], [5.6578, 5.54044], [5.66257, 5.54194], [5.67108, 5.53838], [5.68403, 5.53229], [5.69316, 5.53476], [5.70135, 5.53405], [5.71172, 5.51845], [5.71707, 5.51189], [5.7255, 5.51131], [5.73167, 5.51335], [5.74074, 5.51006], [5.74472, 5.50896], [5.74626, 5.50859], [5.75019, 5.50146], [5.75585, 5.49582], [5.75234, 5.49231], [5.75026, 5.49103], [5.7343, 5.48985], [5.72848, 5.48604], [5.70847, 5.4781], [5.70792, 5.47787], [5.7001, 5.47177], [5.69955, 5.46648], [5.67303, 5.4667], [5.66617, 5.47027], [5.65883, 5.47339], [5.65429, 5.47738], [5.64789, 5.48118], [5.6432, 5.48912], [5.64447, 5.49125], [5.64622, 5.49195], [5.64648, 5.49264], [5.64359, 5.49501], [5.64155, 5.49827], [5.6404, 5.50128], [5.63867, 5.50294], [5.63635, 5.50236], [5.63522, 5.50142], [5.63393, 5.50175], [5.63125, 5.50328], [5.62997, 5.50288], [5.62781, 5.50095], [5.62637, 5.50168], [5.62562, 5.50454], [5.62472, 5.50547], [5.62377, 5.50549], [5.62001, 5.50442], [5.61839, 5.50499], [5.61728, 5.50716], [5.61796, 5.50882], [5.62068, 5.51156], [5.62105, 5.51359], [5.62007, 5.51447], [5.61868, 5.51464], [5.61337, 5.51251]]]}, "properties": {"name": "Ode-Itsekiri", "lga": "Warri South", "state": "de"}}, {"type": "Feature", "geometry": {"type": "Polygon", "coordinates": [[[5.06269, 6.04898], [5.07593, 6.07805], [5.08332, 6.09244], [5.09216, 6.10893], [5.10112, 6.12488], [5.11904, 6.14999], [5.12696, 6.16395], [5.13444, 6.16937], [5.1331, 6.16468], [5.13869, 6.15902], [5.14178, 6.15496], [5.14349, 6.15124], [5.14296, 6.14331], [5.14554, 6.14164], [5.15459, 6.14419], [5.15786, 6.14671], [5.16146, 6.14271], [5.16398, 6.14597], [5.16291, 6.14793], [5.16465, 6.15509], [5.16425, 6.15909], [5.16869, 6.16357], [5.18191, 6.15688], [5.18244, 6.15441], [5.18065, 6.14936], [5.18403, 6.14736], [5.18967, 6.15194], [5.19372, 6.15177], [5.19584, 6.15089], [5.19883, 6.14701], [5.20259, 6.14544], [5.20597, 6.14782], [5.2062, 6.15163], [5.2104, 6.15306], [5.21759, 6.14914], [5.22238, 6.14795], [5.22278, 6.14395], [5.21839, 6.14076], [5.21719, 6.13557], [5.22158, 6.13077], [5.22518, 6.12518], [5.23054, 6.11875], [5.23374, 6.11236], [5.23244, 6.1003], [5.23484, 6.07274], [5.23408, 6.07063], [5.23404, 6.06476], [5.24003, 6.06156], [5.24631, 6.06288], [5.24989, 6.06335], [5.2576, 6.06436], [5.27017, 6.0543], [5.26827, 6.05254], [5.26581, 6.04145], [5.26314, 6.03102], [5.25977, 6.02267], [5.25575, 6.01085], [5.2524, 5.99764], [5.24858, 5.98423], [5.24989, 5.96771], [5.25424, 5.95466], [5.25685, 5.9477], [5.26424, 5.94074], [5.26903, 5.93683], [5.27049, 5.91654], [5.27255, 5.91288], [5.26928, 5.90207], [5.23871, 5.87918], [5.23296, 5.87607], [5.22489, 5.87991], [5.2122, 5.88808], [5.2094, 5.91064], [5.20461, 5.92274], [5.19614, 5.92726], [5.18752, 5.93244], [5.18223, 5.93733], [5.18082, 5.94452], [5.17539, 5.94324], [5.17333, 5.93674], [5.16957, 5.93662], [5.16503, 5.94081], [5.16024, 5.94421], [5.10937, 5.93631], [5.08082, 5.96879], [5.07867, 5.97307], [5.07475, 5.97771], [5.06725, 5.98449], [5.06033, 5.99379], [5.04692, 6.01446], [5.053, 6.02767], [5.06269, 6.04898]]]}, "properties": {"name": "Ebrohimi", "lga": "Warri North", "state": "de"}}]}