{"type": "FeatureCollection", "features": [{"type": "Feature", "geometry": {"type": "Polygon", "coordinates": [[[7.51752, 6.47484], [7.51821, 6.47334], [7.51057, 6.47674], [7.50884, 6.47669], [7.49837, 6.47227], [7.49913, 6.47342], [7.49671, 6.48265], [7.49543, 6.48686], [7.49524, 6.49022], [7.49765, 6.49046], [7.50019, 6.49123], [7.50354, 6.49064], [7.50306, 6.48959], [7.5055, 6.48672], [7.50665, 6.48742], [7.50817, 6.48824], [7.51433, 6.4855], [7.51591, 6.48555], [7.51615, 6.48557], [7.51907, 6.48571], [7.51926, 6.48267], [7.51819, 6.48256], [7.51679, 6.48241], [7.51684, 6.47919], [7.51727, 6.4764], [7.51752, 6.47484]]]}, "properties": {"name": "Abakpa 2 / Ugwogo / Federal Housing", "lga": "Enugu East", "state": "en"}}, {"type": "Feature", "geometry": {"type": "Polygon", "coordinates": [[[7.48819, 6.4191], [7.4929, 6.41718], [7.49407, 6.41473], [7.49522, 6.4131], [7.49566, 6.40681], [7.49446, 6.40325], [7.49416, 6.40155], [7.49433, 6.3946], [7.4902, 6.3939], [7.48782, 6.39316], [7.48582, 6.39239], [7.4847, 6.39333], [7.48328, 6.39526], [7.48202, 6.39652], [7.48244, 6.39902], [7.48084, 6.3991], [7.48156, 6.40325], [7.47689, 6.40592], [7.48485, 6.4154], [7.48625, 6.41489], [7.48693, 6.41481], [7.4871, 6.41567], [7.48783, 6.41709], [7.48819, 6.4191]]]}, "properties": {"name": "Achara 1", "lga": "Enugu South", "state": "en"}}, {"type": "Feature", "geometry": {"type": "Polygon", "coordinates": [[[7.4929, 6.41718], [7.49457, 6.41833], [7.49283, 6.42017], [7.49194, 6.42127], [7.49679, 6.42645], [7.49779, 6.42477], [7.50424, 6.41502], [7.50316, 6.41491], [7.50217, 6.41448], [7.50068, 6.41388], [7.49983, 6.41515], [7.49956, 6.41563], [7.49923, 6.41603], [7.49769, 6.41466], [7.49796, 6.41366], [7.49522, 6.4131], [7.49407, 6.41473], [7.4929, 6.41718]]]}, "properties": {"name": "Uwani West", "lga": "Enugu South", "state": "en"}}, {"type": "Feature", "geometry": {"type": "Polygon", "coordinates": [[[7.52561, 6.45132], [7.52399, 6.44297], [7.52072, 6.44347], [7.51868, 6.4448], [7.5154, 6.44781], [7.51441, 6.44933], [7.51358, 6.45085], [7.50673, 6.44546], [7.50609, 6.44587], [7.50443, 6.44716], [7.50114, 6.44922], [7.50228, 6.45066], [7.50351, 6.45245], [7.51144, 6.45761], [7.51278, 6.45514], [7.52556, 6.45297], [7.52561, 6.45132]]]}, "properties": {"name": "China Town", "lga": "Enugu North", "state": "en"}}, {"type": "Feature", "geometry": {"type": "Polygon", "coordinates": [[[7.51945, 6.42652], [7.51774, 6.42749], [7.51839, 6.4293], [7.51979, 6.43166], [7.52414, 6.42714], [7.52691, 6.42617], [7.52796, 6.42603], [7.52826, 6.42644], [7.53569, 6.42029], [7.53088, 6.41505], [7.51705, 6.41835], [7.51819, 6.42202], [7.51911, 6.42524], [7.51945, 6.42652]]]}, "properties": {"name": "Ogui New Layout", "lga": "Enugu North", "state": "en"}}, {"type": "Feature", "geometry": {"type": "Polygon", "coordinates": [[[7.49084, 6.44533], [7.49557, 6.45738], [7.49906, 6.46068], [7.51021, 6.46165], [7.51002, 6.46084], [7.50961, 6.45729], [7.50892, 6.45632], [7.50114, 6.44922], [7.50443, 6.44716], [7.50609, 6.44587], [7.50673, 6.44546], [7.50575, 6.44553], [7.50265, 6.44468], [7.50185, 6.44202], [7.50163, 6.44198], [7.5013, 6.44179], [7.5012, 6.44215], [7.50053, 6.44255], [7.49771, 6.4446], [7.49557, 6.44327], [7.49516, 6.44385], [7.49084, 6.44533]]]}, "properties": {"name": "Asata", "lga": "Enugu North", "state": "en"}}, {"type": "Feature", "geometry": {"type": "Polygon", "coordinates": [[[7.40586, 6.84331], [7.39531, 6.83773], [7.39566, 6.83871], [7.38255, 6.84371], [7.37982, 6.84564], [7.37692, 6.84779], [7.38238, 6.85416], [7.38415, 6.85676], [7.38542, 6.85957], [7.3868, 6.86271], [7.38836, 6.86423], [7.39139, 6.86641], [7.39313, 6.8677], [7.39577, 6.86462], [7.39627, 6.86347], [7.39715, 6.86146], [7.39753, 6.85936], [7.39693, 6.85811], [7.39868, 6.85718], [7.39938, 6.85666], [7.39961, 6.8558], [7.3977, 6.8494], [7.40586, 6.84331]]]}, "properties": {"name": "Owerre Umuoyo", "lga": "Nsukka", "state": "en"}}, {"type": "Feature", "geometry": {"type": "Polygon", "coordinates": [[[7.50961, 6.45729], [7.51002, 6.46084], [7.51021, 6.46165], [7.51845, 6.46452], [7.52168, 6.46503], [7.52413, 6.46433], [7.52955, 6.46163], [7.53106, 6.46124], [7.538, 6.46108], [7.5404, 6.45838], [7.53994, 6.45454], [7.53914, 6.44847], [7.53874, 6.4475], [7.53812, 6.44696], [7.53721, 6.44768], [7.53719, 6.44845], [7.53502, 6.44668], [7.53372, 6.44529], [7.532, 6.44331], [7.52399, 6.44297], [7.52556, 6.45297], [7.51278, 6.45514], [7.51144, 6.45761], [7.50961, 6.45729]]]}, "properties": {"name": "New Haven East / West", "lga": "Enugu North", "state": "en"}}, {"type": "Feature", "geometry": {"type": "Polygon", "coordinates": [[[7.49084, 6.44533], [7.49516, 6.44385], [7.49557, 6.44327], [7.49771, 6.4446], [7.50053, 6.44255], [7.50052, 6.44198], [7.50048, 6.44134], [7.5002, 6.44038], [7.49947, 6.43979], [7.49736, 6.43776], [7.49644, 6.43809], [7.49622, 6.43754], [7.49444, 6.43696], [7.49463, 6.4353], [7.49423, 6.43293], [7.49128, 6.43355], [7.49081, 6.43385], [7.48799, 6.43219], [7.48774, 6.43239], [7.48652, 6.43832], [7.4854, 6.44518], [7.48576, 6.44589], [7.48683, 6.44638], [7.48792, 6.44631], [7.48922, 6.44592], [7.49084, 6.44533]]]}, "properties": {"name": "Ogui Township", "lga": "Enugu North", "state": "en"}}, {"type": "Feature", "geometry": {"type": "Polygon", "coordinates": [[[7.48397, 6.4457], [7.48195, 6.44749], [7.48185, 6.45017], [7.4816, 6.45553], [7.47979, 6.45789], [7.4746, 6.46193], [7.46998, 6.46822], [7.47816, 6.46994], [7.48284, 6.47042], [7.49837, 6.47227], [7.50884, 6.47669], [7.51057, 6.47674], [7.51821, 6.47334], [7.51921, 6.47096], [7.52069, 6.46935], [7.52168, 6.46503], [7.51845, 6.46452], [7.51021, 6.46165], [7.49906, 6.46068], [7.49557, 6.45738], [7.49084, 6.44533], [7.48922, 6.44592], [7.48792, 6.44631], [7.48683, 6.44638], [7.48576, 6.44589], [7.4854, 6.44518], [7.48492, 6.44528], [7.48397, 6.4457]]]}, "properties": {"name": "Gra East / West /  G.R.A", "lga": "Enugu North", "state": "en"}}, {"type": "Feature", "geometry": {"type": "Polygon", "coordinates": [[[7.49679, 6.42645], [7.50528, 6.43801], [7.50254, 6.43914], [7.50254, 6.44106], [7.51203, 6.44095], [7.51496, 6.44001], [7.51696, 6.4392], [7.51901, 6.43759], [7.51992, 6.43635], [7.51917, 6.43486], [7.51786, 6.43299], [7.51979, 6.43166], [7.51839, 6.4293], [7.51774, 6.42749], [7.51945, 6.42652], [7.51911, 6.42524], [7.51819, 6.42202], [7.51705, 6.41835], [7.51102, 6.41801], [7.5088, 6.41722], [7.50424, 6.41502], [7.49779, 6.42477], [7.49679, 6.42645]]]}, "properties": {"name": "Umunevo / Afia Nine", "lga": "Enugu North", "state": "en"}}, {"type": "Feature", "geometry": {"type": "Polygon", "coordinates": [[[7.50053, 6.44255], [7.50263, 6.44108], [7.50254, 6.43914], [7.50528, 6.43801], [7.49679, 6.42645], [7.49654, 6.42785], [7.49736, 6.43044], [7.49769, 6.43143], [7.49723, 6.4325], [7.49666, 6.43279], [7.49423, 6.43293], [7.49463, 6.4353], [7.49444, 6.43696], [7.49622, 6.43754], [7.49644, 6.43809], [7.49736, 6.43776], [7.49947, 6.43979], [7.5002, 6.44038], [7.50048, 6.44134], [7.50052, 6.44198], [7.50053, 6.44255]]]}, "properties": {"name": "Onu Asata", "lga": "Enugu North", "state": "en"}}, {"type": "Feature", "geometry": {"type": "Polygon", "coordinates": [[[7.40604, 6.8431], [7.3977, 6.8494], [7.39961, 6.8558], [7.39938, 6.85666], [7.39868, 6.85718], [7.39693, 6.85811], [7.39753, 6.85936], [7.39715, 6.86146], [7.39627, 6.86347], [7.39577, 6.86462], [7.39313, 6.8677], [7.39139, 6.86641], [7.38836, 6.86423], [7.3868, 6.86271], [7.38542, 6.85957], [7.38789, 6.88136], [7.38981, 6.88455], [7.40395, 6.8796], [7.40792, 6.8744], [7.40903, 6.87376], [7.42266, 6.86354], [7.42026, 6.8633], [7.42861, 6.85783], [7.42894, 6.85705], [7.42776, 6.85294], [7.4281, 6.84961], [7.42674, 6.84839], [7.42246, 6.84735], [7.41601, 6.84488], [7.40977, 6.84508], [7.4084, 6.84449], [7.40634, 6.84343], [7.40604, 6.8431]]]}, "properties": {"name": "Ihe", "lga": "Nsukka", "state": "en"}}, {"type": "Feature", "geometry": {"type": "Polygon", "coordinates": [[[7.52399, 6.44297], [7.532, 6.44331], [7.53372, 6.44529], [7.53502, 6.44668], [7.53719, 6.44845], [7.53721, 6.44768], [7.53812, 6.44696], [7.53874, 6.4475], [7.53914, 6.44847], [7.53936, 6.43728], [7.53744, 6.423], [7.53569, 6.42029], [7.52826, 6.42644], [7.52796, 6.42603], [7.52691, 6.42617], [7.52414, 6.42714], [7.51979, 6.43166], [7.52178, 6.43441], [7.52286, 6.43595], [7.52314, 6.43732], [7.52346, 6.43884], [7.52408, 6.43977], [7.52246, 6.44092], [7.52297, 6.44185], [7.52399, 6.44297]]]}, "properties": {"name": "Independence Layout", "lga": "Enugu North", "state": "en"}}, {"type": "Feature", "geometry": {"type": "Polygon", "coordinates": [[[7.3916, 6.91842], [7.40282, 6.91978], [7.40381, 6.92185], [7.40012, 6.92296], [7.41363, 6.92301], [7.41703, 6.91549], [7.41556, 6.91289], [7.41588, 6.9097], [7.41539, 6.90868], [7.41442, 6.90754], [7.41283, 6.90615], [7.40886, 6.9041], [7.39824, 6.90161], [7.39903, 6.90456], [7.39931, 6.90677], [7.39775, 6.90796], [7.39405, 6.91207], [7.39354, 6.91226], [7.3921, 6.91678], [7.3916, 6.91842]]]}, "properties": {"name": "Ezema", "lga": "Igbo-Eze-South", "state": "en"}}, {"type": "Feature", "geometry": {"type": "Polygon", "coordinates": [[[7.48454, 6.91998], [7.48296, 6.91799], [7.48174, 6.91659], [7.48092, 6.91509], [7.47924, 6.91374], [7.47564, 6.911], [7.47365, 6.91371], [7.47305, 6.91542], [7.47783, 6.92123], [7.48454, 6.91998]]]}, "properties": {"name": "Ovoko Umuelo / Ovoko Agu", "lga": "Igbo-Eze-South", "state": "en"}}, {"type": "Feature", "geometry": {"type": "Polygon", "coordinates": [[[7.42105, 6.8835], [7.42048, 6.88406], [7.42419, 6.89233], [7.42576, 6.89129], [7.42929, 6.90205], [7.44026, 6.89982], [7.44707, 6.88471], [7.42105, 6.8835]]]}, "properties": {"name": "Ovoko Umulolo", "lga": "Igbo-Eze-South", "state": "en"}}, {"type": "Feature", "geometry": {"type": "Polygon", "coordinates": [[[7.19702, 6.40906], [7.19495, 6.40702], [7.19376, 6.40452], [7.19338, 6.39938], [7.19294, 6.39669], [7.19209, 6.39486], [7.18856, 6.3925], [7.18436, 6.39158], [7.18249, 6.39255], [7.18081, 6.39213], [7.17649, 6.38936], [7.17467, 6.38986], [7.17402, 6.3922], [7.17095, 6.41237], [7.15923, 6.45376], [7.15725, 6.453], [7.15301, 6.46682], [7.15111, 6.48871], [7.14825, 6.50655], [7.14769, 6.51625], [7.18788, 6.50283], [7.18296, 6.47737], [7.17253, 6.46176], [7.18045, 6.4527], [7.19702, 6.40906]]]}, "properties": {"name": "Olo 1", "lga": "Ezeagu", "state": "en"}}, {"type": "Feature", "geometry": {"type": "Polygon", "coordinates": [[[7.30886, 6.15425], [7.3179, 6.15586], [7.32084, 6.15975], [7.32248, 6.16028], [7.32596, 6.16702], [7.33639, 6.16586], [7.34077, 6.17121], [7.34348, 6.17295], [7.36656, 6.213], [7.37427, 6.20508], [7.37567, 6.19976], [7.36306, 6.17042], [7.36015, 6.16488], [7.34521, 6.14886], [7.34205, 6.14267], [7.34083, 6.13716], [7.33932, 6.12992], [7.33902, 6.12807], [7.33828, 6.12698], [7.33213, 6.11207], [7.31961, 6.11752], [7.31138, 6.12365], [7.31063, 6.12493], [7.30681, 6.13363], [7.30491, 6.13663], [7.30331, 6.13915], [7.30701, 6.15155], [7.30886, 6.15425]]]}, "properties": {"name": "Achi-Agu 3", "lga": "Oji-River", "state": "en"}}, {"type": "Feature", "geometry": {"type": "Polygon", "coordinates": [[[7.36015, 6.16488], [7.36704, 6.14875], [7.36527, 6.14797], [7.36563, 6.14492], [7.36466, 6.14446], [7.36769, 6.13929], [7.36105, 6.13493], [7.35638, 6.13517], [7.34867, 6.12976], [7.33902, 6.12807], [7.33932, 6.12992], [7.34083, 6.13716], [7.34205, 6.14267], [7.34521, 6.14886], [7.36015, 6.16488]]]}, "properties": {"name": "Achi-Uno 3", "lga": "Oji-River", "state": "en"}}, {"type": "Feature", "geometry": {"type": "Polygon", "coordinates": [[[7.27833, 6.18181], [7.28169, 6.14704], [7.28962, 6.13773], [7.28836, 6.13609], [7.27576, 6.12807], [7.26858, 6.12485], [7.2607, 6.12279], [7.25712, 6.12952], [7.25691, 6.13218], [7.2548, 6.14165], [7.24084, 6.16463], [7.26895, 6.19681], [7.27465, 6.18995], [7.27833, 6.18181]]]}, "properties": {"name": "Inyi 3", "lga": "Oji-River", "state": "en"}}, {"type": "Feature", "geometry": {"type": "Polygon", "coordinates": [[[7.63948, 6.09057], [7.61928, 6.08254], [7.6017, 6.08741], [7.60229, 6.09744], [7.60229, 6.09746], [7.61885, 6.09799], [7.63377, 6.10085], [7.63792, 6.09329], [7.63801, 6.09314], [7.63948, 6.09057]]]}, "properties": {"name": "Oduma 3 / Ezinesi", "lga": "Aninri", "state": "en"}}, {"type": "Feature", "geometry": {"type": "Polygon", "coordinates": [[[7.534, 6.3315], [7.53855, 6.3429], [7.5534, 6.34313], [7.55517, 6.34039], [7.56113, 6.33143], [7.55801, 6.32802], [7.55399, 6.32363], [7.54942, 6.32423], [7.54496, 6.31713], [7.54531, 6.30779], [7.54551, 6.30234], [7.53644, 6.31297], [7.53395, 6.31962], [7.5337, 6.32647], [7.534, 6.3315]]]}, "properties": {"name": "Akpugo 3", "lga": "Nkanu West", "state": "en"}}, {"type": "Feature", "geometry": {"type": "Polygon", "coordinates": [[[7.30974, 6.09173], [7.30948, 6.07896], [7.2849, 6.07774], [7.27082, 6.07898], [7.26275, 6.07935], [7.28694, 6.10237], [7.28569, 6.10321], [7.29096, 6.11249], [7.2898, 6.11819], [7.29095, 6.12184], [7.29328, 6.1231], [7.29373, 6.12325], [7.31063, 6.12493], [7.31138, 6.12365], [7.31961, 6.11752], [7.33213, 6.11207], [7.33429, 6.10678], [7.33433, 6.10659], [7.33645, 6.09795], [7.30974, 6.09173]]]}, "properties": {"name": "Inyi 1", "lga": "Oji-River", "state": "en"}}, {"type": "Feature", "geometry": {"type": "Polygon", "coordinates": [[[7.55157, 6.69324], [7.54687, 6.69955], [7.53044, 6.71602], [7.50639, 6.72648], [7.50989, 6.7299], [7.51322, 6.72873], [7.51541, 6.72838], [7.51803, 6.73054], [7.52794, 6.73225], [7.53758, 6.72657], [7.5472, 6.72533], [7.54959, 6.7243], [7.55343, 6.7223], [7.5574, 6.72084], [7.55885, 6.73826], [7.56834, 6.73663], [7.57635, 6.73787], [7.58409, 6.73302], [7.58901, 6.73708], [7.59504, 6.74321], [7.59582, 6.74036], [7.59662, 6.73696], [7.59608, 6.72277], [7.59822, 6.71768], [7.59907, 6.71616], [7.60172, 6.70933], [7.6018, 6.70417], [7.60282, 6.69744], [7.6042, 6.69514], [7.60449, 6.69275], [7.60857, 6.69089], [7.61269, 6.69049], [7.616, 6.68913], [7.61142, 6.68293], [7.60855, 6.67968], [7.60789, 6.67583], [7.60898, 6.67262], [7.6028, 6.66159], [7.59808, 6.6559], [7.57575, 6.67369], [7.56613, 6.67399], [7.55539, 6.68196], [7.55157, 6.69324]]]}, "properties": {"name": "Eha-Ndiagu", "lga": "Nsukka", "state": "en"}}, {"type": "Feature", "geometry": {"type": "Polygon", "coordinates": [[[7.57664, 6.7967], [7.57861, 6.7942], [7.58292, 6.7918], [7.58626, 6.79062], [7.58991, 6.78974], [7.59445, 6.78467], [7.60127, 6.78195], [7.60439, 6.78098], [7.59841, 6.76929], [7.60177, 6.75716], [7.60063, 6.7503], [7.59899, 6.74779], [7.59504, 6.74321], [7.58901, 6.73708], [7.58409, 6.73302], [7.57635, 6.73787], [7.56834, 6.73663], [7.55885, 6.73826], [7.5574, 6.72084], [7.55343, 6.7223], [7.54959, 6.7243], [7.5472, 6.72533], [7.53758, 6.72657], [7.52794, 6.73225], [7.51803, 6.73054], [7.51541, 6.72838], [7.51322, 6.72873], [7.50989, 6.7299], [7.50639, 6.72648], [7.49034, 6.73921], [7.49336, 6.74341], [7.48578, 6.76169], [7.48411, 6.76319], [7.48165, 6.76693], [7.48196, 6.76885], [7.48515, 6.77129], [7.48534, 6.77527], [7.48395, 6.7781], [7.48547, 6.78114], [7.48989, 6.77838], [7.49297, 6.77744], [7.50329, 6.77686], [7.50517, 6.77549], [7.50722, 6.7738], [7.5078, 6.77258], [7.50928, 6.77178], [7.51233, 6.77106], [7.52041, 6.77454], [7.52984, 6.77149], [7.53159, 6.77013], [7.53195, 6.76885], [7.53132, 6.76649], [7.53205, 6.76454], [7.53307, 6.76375], [7.53426, 6.76172], [7.53743, 6.75985], [7.53971, 6.75857], [7.54405, 6.75707], [7.54652, 6.75342], [7.54801, 6.75066], [7.55405, 6.75002], [7.55981, 6.75076], [7.56742, 6.76472], [7.56274, 6.78961], [7.5656, 6.80469], [7.56757, 6.80422], [7.56958, 6.80401], [7.57292, 6.8015], [7.57455, 6.79942], [7.57664, 6.7967]]]}, "properties": {"name": "Eha-Uno", "lga": "Nsukka", "state": "en"}}, {"type": "Feature", "geometry": {"type": "Polygon", "coordinates": [[[6.93268, 6.75426], [6.92769, 6.75631], [6.89789, 6.76668], [6.88482, 6.77278], [6.88848, 6.77876], [6.8968, 6.79239], [6.91206, 6.80067], [6.92339, 6.80198], [6.92543, 6.79254], [6.92854, 6.78714], [6.92993, 6.78649], [6.94796, 6.76945], [6.97849, 6.76125], [6.98075, 6.76249], [6.99359, 6.74532], [6.9935, 6.73373], [6.97976, 6.73217], [6.97626, 6.72696], [6.96472, 6.72529], [6.95635, 6.72549], [6.95113, 6.72958], [6.9458, 6.72944], [6.94125, 6.74264], [6.94056, 6.75021], [6.93651, 6.75207], [6.93268, 6.75426]]]}, "properties": {"name": "Ojjor", "lga": "Uzo-Uwani", "state": "en"}}, {"type": "Feature", "geometry": {"type": "Polygon", "coordinates": [[[7.24909, 6.23315], [7.24716, 6.23528], [7.24291, 6.23888], [7.23224, 6.24785], [7.23362, 6.25706], [7.22487, 6.26329], [7.22124, 6.26347], [7.22046, 6.26843], [7.2439, 6.26291], [7.24829, 6.26313], [7.25042, 6.26274], [7.25049, 6.26273], [7.25338, 6.26293], [7.2558, 6.26331], [7.25773, 6.26466], [7.26146, 6.26881], [7.26353, 6.27034], [7.26364, 6.27038], [7.26572, 6.27104], [7.26705, 6.26603], [7.2688, 6.26341], [7.26847, 6.26009], [7.26906, 6.25825], [7.26884, 6.25452], [7.26273, 6.24877], [7.24909, 6.23315]]]}, "properties": {"name": "Oji River 3 / Okwe Central", "lga": "Oji-River", "state": "en"}}, {"type": "Feature", "geometry": {"type": "Polygon", "coordinates": [[[7.38792, 6.6453], [7.3859, 6.64492], [7.38241, 6.64314], [7.37988, 6.64302], [7.37965, 6.64447], [7.37814, 6.64947], [7.37782, 6.66179], [7.37807, 6.66773], [7.37723, 6.67243], [7.38253, 6.67343], [7.38622, 6.67266], [7.39054, 6.67015], [7.39892, 6.66827], [7.40837, 6.66215], [7.40841, 6.65876], [7.40886, 6.65368], [7.41137, 6.65109], [7.40591, 6.65294], [7.39948, 6.65711], [7.39639, 6.65917], [7.39182, 6.66121], [7.38812, 6.64955], [7.38769, 6.64866], [7.38763, 6.64664], [7.38792, 6.6453]]]}, "properties": {"name": "Ukehe 3", "lga": "Igbo-Etiti", "state": "en"}}, {"type": "Feature", "geometry": {"type": "Polygon", "coordinates": [[[7.32243, 6.70382], [7.32468, 6.70319], [7.32568, 6.70518], [7.32912, 6.71596], [7.32979, 6.72188], [7.33041, 6.72638], [7.33694, 6.72744], [7.34952, 6.72282], [7.34972, 6.72232], [7.3448, 6.71044], [7.34259, 6.7095], [7.33939, 6.70615], [7.33035, 6.70042], [7.32794, 6.70093], [7.32552, 6.69836], [7.32486, 6.69907], [7.32408, 6.6998], [7.32219, 6.70085], [7.32243, 6.70382]]]}, "properties": {"name": "Aku 3", "lga": "Igbo-Etiti", "state": "en"}}, {"type": "Feature", "geometry": {"type": "Polygon", "coordinates": [[[7.24716, 6.23528], [7.24909, 6.23315], [7.24858, 6.2328], [7.20393, 6.21275], [7.20348, 6.21822], [7.20295, 6.22044], [7.19954, 6.23477], [7.1893, 6.23949], [7.18624, 6.23847], [7.19014, 6.24661], [7.19104, 6.24815], [7.19508, 6.25288], [7.19713, 6.26672], [7.20664, 6.27169], [7.22046, 6.26843], [7.22124, 6.26347], [7.22487, 6.26329], [7.23362, 6.25706], [7.23224, 6.24785], [7.24291, 6.23888], [7.24716, 6.23528]]]}, "properties": {"name": "Ugwuoba 3", "lga": "Oji-River", "state": "en"}}, {"type": "Feature", "geometry": {"type": "Polygon", "coordinates": [[[7.49809, 6.35125], [7.49422, 6.36699], [7.50708, 6.36482], [7.51, 6.36531], [7.51149, 6.36708], [7.51262, 6.36763], [7.51528, 6.36736], [7.51667, 6.36821], [7.51793, 6.36797], [7.52275, 6.36573], [7.5237, 6.36577], [7.52619, 6.3663], [7.52887, 6.36494], [7.53119, 6.36479], [7.51907, 6.34597], [7.49809, 6.35125]]]}, "properties": {"name": "Obeagu 3", "lga": "Enugu South", "state": "en"}}, {"type": "Feature", "geometry": {"type": "Polygon", "coordinates": [[[7.5288, 6.12009], [7.52625, 6.13275], [7.52513, 6.136], [7.52361, 6.13939], [7.52134, 6.14292], [7.51737, 6.14711], [7.51353, 6.14961], [7.50469, 6.15286], [7.50766, 6.15864], [7.51222, 6.17117], [7.51256, 6.17614], [7.5127, 6.18085], [7.52325, 6.18027], [7.5303, 6.17961], [7.53258, 6.17675], [7.533, 6.17622], [7.53467, 6.17412], [7.53923, 6.15043], [7.55514, 6.12885], [7.56813, 6.1353], [7.56264, 6.10458], [7.5635, 6.09677], [7.55433, 6.07826], [7.55208, 6.08202], [7.55125, 6.08564], [7.55214, 6.0922], [7.5516, 6.09688], [7.5405, 6.10942], [7.54085, 6.11214], [7.54233, 6.11379], [7.54367, 6.11548], [7.54532, 6.11731], [7.54527, 6.12177], [7.54433, 6.12298], [7.53809, 6.12347], [7.53321, 6.1222], [7.53147, 6.12142], [7.5288, 6.12009]]]}, "properties": {"name": "Nnenwe 3 / Emudo / Uhueze", "lga": "Aninri", "state": "en"}}, {"type": "Feature", "geometry": {"type": "Polygon", "coordinates": [[[7.50751, 6.39103], [7.50322, 6.38919], [7.49925, 6.38541], [7.49604, 6.3848], [7.4943, 6.38424], [7.4933, 6.3838], [7.49328, 6.38506], [7.48997, 6.3854], [7.48525, 6.3855], [7.48571, 6.39097], [7.48582, 6.39239], [7.48782, 6.39316], [7.4902, 6.3939], [7.49433, 6.3946], [7.49416, 6.40155], [7.49446, 6.40325], [7.49566, 6.40681], [7.50158, 6.39983], [7.50946, 6.39211], [7.50751, 6.39103]]]}, "properties": {"name": "Achara 3", "lga": "Enugu South", "state": "en"}}, {"type": "Feature", "geometry": {"type": "Polygon", "coordinates": [[[7.31247, 6.44798], [7.31149, 6.43704], [7.31179, 6.43341], [7.31256, 6.42893], [7.31614, 6.41914], [7.32069, 6.40766], [7.31616, 6.40392], [7.30904, 6.39945], [7.29855, 6.41207], [7.29801, 6.41296], [7.29328, 6.42081], [7.29952, 6.43488], [7.30012, 6.43624], [7.29842, 6.44423], [7.30549, 6.44738], [7.30581, 6.44752], [7.31247, 6.44798]]]}, "properties": {"name": "Oghe 3", "lga": "Ezeagu", "state": "en"}}, {"type": "Feature", "geometry": {"type": "Polygon", "coordinates": [[[7.47362, 6.95514], [7.47534, 6.95865], [7.47628, 6.96274], [7.47709, 6.96424], [7.48456, 6.96991], [7.49093, 6.97889], [7.5022, 6.97743], [7.51817, 6.97227], [7.52215, 6.94765], [7.51947, 6.94042], [7.51956, 6.93855], [7.51772, 6.93771], [7.51305, 6.93428], [7.50981, 6.93331], [7.50338, 6.93033], [7.49937, 6.93828], [7.5001, 6.93998], [7.50288, 6.94455], [7.50395, 6.9485], [7.50404, 6.95317], [7.50301, 6.95524], [7.50107, 6.95833], [7.49855, 6.95981], [7.49759, 6.96095], [7.49129, 6.95918], [7.48872, 6.9585], [7.47362, 6.95514]]]}, "properties": {"name": "Umuozzi 3", "lga": "Igbo-Eze North", "state": "en"}}, {"type": "Feature", "geometry": {"type": "Polygon", "coordinates": [[[7.4538, 7.00127], [7.45421, 7.00596], [7.45451, 7.01077], [7.45471, 7.01392], [7.45979, 7.01681], [7.45979, 7.01907], [7.46123, 7.02231], [7.46278, 7.02567], [7.46719, 7.02683], [7.46805, 7.02577], [7.46963, 7.02433], [7.47035, 7.02289], [7.47084, 7.01804], [7.46957, 7.0151], [7.46892, 7.01313], [7.4684, 7.01102], [7.46505, 7.00602], [7.46488, 7.00556], [7.4644, 7.00509], [7.4609, 7.00207], [7.45554, 6.99111], [7.4538, 7.00127]]]}, "properties": {"name": "Essodo 3", "lga": "Igbo-Eze North", "state": "en"}}, {"type": "Feature", "geometry": {"type": "Polygon", "coordinates": [[[7.43033, 6.9421], [7.4319, 6.93907], [7.43429, 6.93838], [7.44667, 6.9397], [7.44889, 6.93872], [7.45311, 6.93991], [7.46721, 6.95066], [7.46775, 6.9511], [7.46865, 6.94671], [7.46965, 6.94236], [7.46986, 6.93914], [7.469, 6.93607], [7.46936, 6.93217], [7.46013, 6.92918], [7.45813, 6.92966], [7.45258, 6.92349], [7.45017, 6.91943], [7.44721, 6.91698], [7.44339, 6.91589], [7.44028, 6.93377], [7.42805, 6.93441], [7.42797, 6.9358], [7.42853, 6.93755], [7.43033, 6.9421]]]}, "properties": {"name": "Umuitodo 3", "lga": "Igbo-Eze North", "state": "en"}}, {"type": "Feature", "geometry": {"type": "Polygon", "coordinates": [[[7.4711, 7.04976], [7.4739, 7.05317], [7.47473, 7.05706], [7.47576, 7.05973], [7.47668, 7.06179], [7.47929, 7.06432], [7.48025, 7.06617], [7.48575, 7.06428], [7.49101, 7.069], [7.50105, 7.06586], [7.49863, 7.06073], [7.49524, 7.05633], [7.4798, 7.04152], [7.47832, 7.01942], [7.47758, 7.01546], [7.47644, 7.01313], [7.4748, 7.01104], [7.47284, 7.00891], [7.47188, 7.00732], [7.46784, 7.00595], [7.46669, 7.00637], [7.46505, 7.00602], [7.4684, 7.01102], [7.46892, 7.01313], [7.46957, 7.0151], [7.47084, 7.01804], [7.47035, 7.02289], [7.46963, 7.02433], [7.46805, 7.02577], [7.46719, 7.02683], [7.46278, 7.02567], [7.46485, 7.0298], [7.46563, 7.03366], [7.4661, 7.03731], [7.46807, 7.04376], [7.4711, 7.04976]]]}, "properties": {"name": "Umuozzi 8", "lga": "Igbo-Eze North", "state": "en"}}, {"type": "Feature", "geometry": {"type": "Polygon", "coordinates": [[[7.86361, 6.87994], [7.87464, 6.86891], [7.87622, 6.86339], [7.8826, 6.85829], [7.88803, 6.85394], [7.8904, 6.8437], [7.88646, 6.8051], [7.88646, 6.79407], [7.88764, 6.78935], [7.89, 6.78541], [7.90024, 6.78619], [7.9034, 6.78147], [7.89473, 6.77438], [7.88843, 6.7665], [7.87819, 6.7602], [7.87487, 6.74104], [7.86849, 6.72492], [7.86267, 6.71414], [7.85595, 6.7001], [7.8405, 6.67767], [7.83082, 6.66194], [7.82149, 6.65456], [7.81398, 6.65015], [7.81102, 6.64572], [7.80287, 6.66229], [7.79344, 6.66357], [7.7839, 6.66355], [7.77763, 6.66711], [7.77216, 6.66547], [7.76978, 6.6649], [7.76864, 6.66407], [7.76544, 6.65697], [7.7608, 6.66993], [7.75602, 6.6767], [7.75596, 6.68591], [7.75451, 6.69135], [7.75246, 6.7029], [7.7496, 6.70926], [7.74798, 6.71575], [7.78219, 6.72388], [7.80239, 6.71557], [7.81545, 6.72466], [7.81402, 6.74786], [7.81862, 6.7825], [7.81767, 6.79511], [7.81656, 6.80087], [7.81892, 6.8276], [7.82476, 6.83863], [7.81457, 6.85253], [7.81665, 6.86655], [7.83956, 6.88073], [7.85495, 6.88073], [7.86361, 6.87994]]]}, "properties": {"name": "Eha Amufu 3", "lga": "Isi-Uzo", "state": "en"}}, {"type": "Feature", "geometry": {"type": "Polygon", "coordinates": [[[6.97976, 6.73217], [6.9935, 6.73373], [6.99713, 6.71145], [6.99093, 6.71308], [6.98266, 6.71308], [6.96871, 6.71133], [6.95651, 6.71003], [6.94387, 6.7061], [6.93932, 6.70334], [6.9376, 6.69883], [6.93565, 6.69563], [6.93258, 6.69522], [6.93058, 6.69574], [6.92894, 6.69744], [6.92688, 6.69849], [6.92292, 6.69906], [6.91873, 6.69864], [6.9131, 6.69544], [6.90982, 6.69642], [6.86097, 6.75343], [6.86826, 6.75535], [6.87828, 6.76058], [6.88308, 6.76842], [6.88482, 6.77278], [6.89789, 6.76668], [6.92769, 6.75631], [6.93268, 6.75426], [6.93651, 6.75207], [6.94056, 6.75021], [6.94125, 6.74264], [6.9458, 6.72944], [6.95113, 6.72958], [6.95635, 6.72549], [6.96472, 6.72529], [6.97626, 6.72696], [6.97976, 6.73217]]]}, "properties": {"name": "Igga / Asaba", "lga": "Uzo-Uwani", "state": "en"}}, {"type": "Feature", "geometry": {"type": "Polygon", "coordinates": [[[7.33954, 6.35428], [7.33361, 6.36142], [7.32702, 6.36534], [7.32073, 6.36812], [7.31972, 6.3685], [7.30121, 6.37565], [7.30054, 6.38349], [7.30904, 6.39945], [7.31616, 6.40392], [7.33514, 6.38602], [7.33662, 6.38471], [7.34221, 6.38012], [7.34413, 6.37888], [7.34911, 6.37711], [7.35207, 6.37287], [7.35835, 6.36673], [7.36176, 6.36909], [7.36621, 6.37153], [7.36667, 6.37408], [7.3864, 6.38159], [7.38726, 6.38069], [7.38645, 6.37261], [7.3861, 6.36905], [7.37506, 6.36283], [7.36584, 6.36159], [7.36102, 6.36067], [7.35988, 6.36045], [7.3531, 6.35388], [7.35035, 6.35186], [7.33954, 6.35428]]]}, "properties": {"name": "Imezi Owa 1 / Ozom 2", "lga": "Ezeagu", "state": "en"}}, {"type": "Feature", "geometry": {"type": "Polygon", "coordinates": [[[7.44707, 6.88471], [7.4393, 6.90134], [7.43621, 6.91138], [7.44142, 6.91177], [7.44339, 6.91589], [7.44721, 6.91698], [7.45017, 6.91943], [7.45258, 6.92349], [7.45813, 6.92966], [7.46013, 6.92918], [7.46642, 6.91655], [7.47305, 6.91542], [7.47365, 6.91371], [7.46695, 6.90226], [7.46495, 6.90077], [7.46177, 6.88894], [7.45929, 6.88656], [7.45746, 6.88584], [7.45617, 6.88524], [7.45259, 6.88507], [7.44707, 6.88471]]]}, "properties": {"name": "Iheaka 2", "lga": "Igbo-Eze-South", "state": "en"}}, {"type": "Feature", "geometry": {"type": "Polygon", "coordinates": [[[7.5465, 6.9983], [7.55522, 6.98056], [7.54897, 6.96888], [7.54872, 6.96467], [7.54675, 6.96306], [7.54347, 6.96066], [7.53996, 6.96015], [7.53471, 6.9589], [7.53123, 6.96186], [7.51993, 6.96487], [7.51875, 6.96981], [7.51817, 6.97227], [7.52552, 6.97816], [7.52798, 6.98012], [7.53134, 6.97988], [7.53347, 6.98356], [7.53311, 6.98948], [7.5465, 6.9983]]]}, "properties": {"name": "Umuozzi 4", "lga": "Igbo-Eze North", "state": "en"}}, {"type": "Feature", "geometry": {"type": "Polygon", "coordinates": [[[7.32555, 6.69812], [7.3256, 6.69801], [7.32854, 6.69652], [7.32947, 6.69631], [7.33815, 6.69943], [7.3399, 6.69862], [7.34191, 6.69628], [7.34422, 6.69204], [7.34634, 6.69026], [7.34771, 6.689], [7.34949, 6.68862], [7.35069, 6.68825], [7.35042, 6.68357], [7.34823, 6.67089], [7.34067, 6.62715], [7.32946, 6.64437], [7.32632, 6.64954], [7.31988, 6.65977], [7.31453, 6.66587], [7.31156, 6.66881], [7.31116, 6.66921], [7.30723, 6.67181], [7.30285, 6.67536], [7.31737, 6.69473], [7.32037, 6.69652], [7.32555, 6.69812]]]}, "properties": {"name": "Aku 4", "lga": "Igbo-Etiti", "state": "en"}}, {"type": "Feature", "geometry": {"type": "Polygon", "coordinates": [[[7.4109, 6.60898], [7.41062, 6.61114], [7.40876, 6.61566], [7.40674, 6.62103], [7.40354, 6.62501], [7.40267, 6.62592], [7.38792, 6.6453], [7.38763, 6.64664], [7.38769, 6.64866], [7.38812, 6.64955], [7.39182, 6.66121], [7.39639, 6.65917], [7.39948, 6.65711], [7.40591, 6.65294], [7.41137, 6.65109], [7.41114, 6.64719], [7.4123, 6.64361], [7.42637, 6.61272], [7.42327, 6.61025], [7.41215, 6.60881], [7.4109, 6.60898]]]}, "properties": {"name": "Ukehe 4", "lga": "Igbo-Etiti", "state": "en"}}, {"type": "Feature", "geometry": {"type": "Polygon", "coordinates": [[[7.28962, 6.13773], [7.28169, 6.14704], [7.27833, 6.18181], [7.29243, 6.17177], [7.29903, 6.16719], [7.30415, 6.16505], [7.30886, 6.15425], [7.30701, 6.15155], [7.30331, 6.13915], [7.28962, 6.13773]]]}, "properties": {"name": "Inyi 4", "lga": "Oji-River", "state": "en"}}, {"type": "Feature", "geometry": {"type": "Polygon", "coordinates": [[[7.37545, 6.1338], [7.37649, 6.13464], [7.38014, 6.14563], [7.37987, 6.14858], [7.39793, 6.15976], [7.40534, 6.14228], [7.41061, 6.14063], [7.41295, 6.13411], [7.40952, 6.13238], [7.41654, 6.1027], [7.41639, 6.10053], [7.40228, 6.07792], [7.37671, 6.1195], [7.37698, 6.12293], [7.37545, 6.1338]]]}, "properties": {"name": "Achi-Uno 4", "lga": "Oji-River", "state": "en"}}, {"type": "Feature", "geometry": {"type": "Polygon", "coordinates": [[[7.37573, 6.98029], [7.3814, 6.98893], [7.37293, 6.99926], [7.37522, 7.01288], [7.38441, 7.00986], [7.38881, 7.00924], [7.3926, 7.01002], [7.39538, 7.01317], [7.40454, 7.01635], [7.4049, 7.008], [7.40799, 7.00404], [7.41215, 7.00108], [7.41341, 6.99854], [7.41361, 6.99545], [7.41608, 6.99834], [7.42016, 7.00077], [7.4231, 7.00339], [7.42503, 7.00106], [7.42758, 6.99636], [7.43128, 6.98963], [7.43768, 6.99084], [7.44011, 6.99137], [7.44251, 6.98892], [7.4401, 6.98756], [7.43941, 6.98326], [7.42872, 6.98585], [7.42815, 6.98423], [7.42776, 6.98294], [7.43149, 6.97435], [7.43062, 6.97424], [7.42825, 6.97363], [7.42719, 6.97378], [7.42533, 6.97099], [7.4229, 6.96977], [7.40753, 6.96362], [7.40646, 6.96356], [7.40113, 6.96378], [7.38556, 6.96241], [7.37573, 6.98029]]]}, "properties": {"name": "Umuozzi 7", "lga": "Igbo-Eze North", "state": "en"}}, {"type": "Feature", "geometry": {"type": "Polygon", "coordinates": [[[7.25178, 6.78385], [7.25977, 6.80114], [7.25479, 6.80308], [7.25117, 6.80346], [7.2444, 6.80381], [7.24661, 6.81131], [7.24608, 6.82446], [7.24623, 6.82451], [7.25774, 6.82488], [7.26065, 6.82673], [7.27154, 6.8237], [7.27359, 6.82251], [7.27843, 6.82181], [7.29325, 6.81142], [7.29524, 6.80677], [7.27605, 6.77069], [7.26568, 6.77725], [7.26496, 6.77791], [7.25178, 6.78385]]]}, "properties": {"name": "Ugbene 2", "lga": "Uzo-Uwani", "state": "en"}}, {"type": "Feature", "geometry": {"type": "Polygon", "coordinates": [[[7.49558, 6.40724], [7.49571, 6.4084], [7.49581, 6.41018], [7.49522, 6.4131], [7.49796, 6.41366], [7.49769, 6.41466], [7.49923, 6.41603], [7.49956, 6.41563], [7.49983, 6.41515], [7.50068, 6.41388], [7.50217, 6.41448], [7.50316, 6.41491], [7.50592, 6.40957], [7.50586, 6.40872], [7.5066, 6.40852], [7.50741, 6.41009], [7.50875, 6.40935], [7.50975, 6.4092], [7.51148, 6.41005], [7.51322, 6.41072], [7.51395, 6.41091], [7.52602, 6.40809], [7.52255, 6.40247], [7.51799, 6.39669], [7.51374, 6.3936], [7.50946, 6.39211], [7.50158, 6.39983], [7.49566, 6.40681], [7.49558, 6.40724]]]}, "properties": {"name": "Achara 2", "lga": "Enugu South", "state": "en"}}, {"type": "Feature", "geometry": {"type": "Polygon", "coordinates": [[[7.50622, 6.62841], [7.50963, 6.61567], [7.52079, 6.60813], [7.52868, 6.60799], [7.54033, 6.60352], [7.55115, 6.59592], [7.55375, 6.59363], [7.55781, 6.59244], [7.56319, 6.58684], [7.56701, 6.5817], [7.58919, 6.56231], [7.57281, 6.55578], [7.56895, 6.54953], [7.56114, 6.54854], [7.55346, 6.55047], [7.54865, 6.55228], [7.54445, 6.5524], [7.54186, 6.55118], [7.53702, 6.55109], [7.53421, 6.5528], [7.52944, 6.55295], [7.52602, 6.55284], [7.51959, 6.55155], [7.51777, 6.55318], [7.51488, 6.55489], [7.51208, 6.55348], [7.5081, 6.5536], [7.50084, 6.55383], [7.49966, 6.55824], [7.49644, 6.56161], [7.49256, 6.56255], [7.48942, 6.56398], [7.48582, 6.56562], [7.48325, 6.57034], [7.48071, 6.57004], [7.47861, 6.57232], [7.47753, 6.57567], [7.47805, 6.58471], [7.47258, 6.58367], [7.46881, 6.58236], [7.46453, 6.58151], [7.46002, 6.57924], [7.4448, 6.57893], [7.42352, 6.57521], [7.42147, 6.57432], [7.4138, 6.57012], [7.41502, 6.5782], [7.41874, 6.59016], [7.42155, 6.60513], [7.42637, 6.61272], [7.45444, 6.62365], [7.4674, 6.62693], [7.47263, 6.62802], [7.47918, 6.63861], [7.49536, 6.63961], [7.50622, 6.62841]]]}, "properties": {"name": "Mbuluiyiukwu 2 / Emene", "lga": "Enugu East", "state": "en"}}, {"type": "Feature", "geometry": {"type": "Polygon", "coordinates": [[[7.50469, 6.15286], [7.51353, 6.14961], [7.51737, 6.14711], [7.52134, 6.14292], [7.52361, 6.13939], [7.52513, 6.136], [7.52625, 6.13275], [7.5288, 6.12009], [7.52857, 6.11997], [7.52778, 6.1194], [7.5266, 6.11887], [7.52458, 6.11986], [7.52286, 6.11996], [7.52233, 6.11971], [7.5217, 6.11844], [7.5095, 6.13321], [7.49981, 6.13727], [7.50122, 6.14545], [7.50469, 6.15286]]]}, "properties": {"name": "Nnenwe 2", "lga": "Aninri", "state": "en"}}, {"type": "Feature", "geometry": {"type": "Polygon", "coordinates": [[[7.23498, 6.36537], [7.22592, 6.38335], [7.23616, 6.39041], [7.24867, 6.38195], [7.25161, 6.38225], [7.25412, 6.38141], [7.25717, 6.3807], [7.25825, 6.38003], [7.25935, 6.37865], [7.26178, 6.37457], [7.26, 6.37144], [7.27319, 6.35571], [7.26836, 6.35092], [7.26735, 6.35085], [7.26617, 6.35076], [7.25685, 6.35626], [7.24885, 6.36062], [7.24616, 6.36267], [7.23498, 6.36537]]]}, "properties": {"name": "Aguobu Owa 2", "lga": "Ezeagu", "state": "en"}}, {"type": "Feature", "geometry": {"type": "Polygon", "coordinates": [[[7.48948, 6.32498], [7.48567, 6.32275], [7.48345, 6.31963], [7.47913, 6.31797], [7.46786, 6.31395], [7.46057, 6.30846], [7.4576, 6.30759], [7.44522, 6.30904], [7.43275, 6.31051], [7.43215, 6.31153], [7.42537, 6.32573], [7.46641, 6.32521], [7.4768, 6.32879], [7.48912, 6.33568], [7.49465, 6.34102], [7.49367, 6.3331], [7.48969, 6.32547], [7.48948, 6.32498]]]}, "properties": {"name": "Akegbe Ugwu 2", "lga": "Nkanu West", "state": "en"}}, {"type": "Feature", "geometry": {"type": "Polygon", "coordinates": [[[7.29439, 6.47062], [7.32309, 6.49215], [7.32673, 6.47013], [7.32825, 6.46095], [7.33916, 6.44977], [7.33991, 6.4478], [7.34815, 6.41827], [7.34614, 6.41658], [7.32524, 6.40977], [7.32069, 6.40766], [7.31614, 6.41914], [7.31256, 6.42893], [7.31179, 6.43341], [7.31149, 6.43704], [7.31247, 6.44798], [7.30581, 6.44752], [7.3019, 6.45546], [7.30101, 6.45726], [7.29439, 6.47062]]]}, "properties": {"name": "Oghe 2", "lga": "Ezeagu", "state": "en"}}, {"type": "Feature", "geometry": {"type": "Polygon", "coordinates": [[[7.34815, 6.41827], [7.35482, 6.41874], [7.37251, 6.42175], [7.37615, 6.41927], [7.3864, 6.38159], [7.36667, 6.37408], [7.36621, 6.37153], [7.36176, 6.36909], [7.35835, 6.36673], [7.35207, 6.37287], [7.34911, 6.37711], [7.34413, 6.37888], [7.34221, 6.38012], [7.33662, 6.38471], [7.33514, 6.38602], [7.31616, 6.40392], [7.32069, 6.40766], [7.32524, 6.40977], [7.34614, 6.41658], [7.34815, 6.41827]]]}, "properties": {"name": "Imezi Owa 2", "lga": "Ezeagu", "state": "en"}}, {"type": "Feature", "geometry": {"type": "Polygon", "coordinates": [[[7.4197, 6.91674], [7.42503, 6.91788], [7.42969, 6.91936], [7.43391, 6.91935], [7.44026, 6.89982], [7.42929, 6.90205], [7.42576, 6.89129], [7.42419, 6.89233], [7.42048, 6.88406], [7.41831, 6.88451], [7.41495, 6.88607], [7.40368, 6.89205], [7.3971, 6.89715], [7.39824, 6.90161], [7.40886, 6.9041], [7.41283, 6.90615], [7.41442, 6.90754], [7.41539, 6.90868], [7.41588, 6.9097], [7.41556, 6.91289], [7.41703, 6.91549], [7.4197, 6.91674]]]}, "properties": {"name": "Iheakpu-Awka 2 / Ajuona", "lga": "Igbo-Eze-South", "state": "en"}}, {"type": "Feature", "geometry": {"type": "Polygon", "coordinates": [[[7.46293, 6.82977], [7.46317, 6.83666], [7.46376, 6.84751], [7.46463, 6.85101], [7.46641, 6.84991], [7.4684, 6.84953], [7.47149, 6.84811], [7.49042, 6.84372], [7.49296, 6.84094], [7.49748, 6.83875], [7.50131, 6.83789], [7.50326, 6.83778], [7.50764, 6.836], [7.51003, 6.83619], [7.51784, 6.83612], [7.52029, 6.83583], [7.5271, 6.83115], [7.53246, 6.82795], [7.54731, 6.8237], [7.55123, 6.82513], [7.55792, 6.82811], [7.56245, 6.82855], [7.57367, 6.83227], [7.57395, 6.83018], [7.57615, 6.82648], [7.57704, 6.82231], [7.57996, 6.82242], [7.57682, 6.81953], [7.57589, 6.81774], [7.57434, 6.81623], [7.57601, 6.81543], [7.58059, 6.81453], [7.57311, 6.80921], [7.5656, 6.80469], [7.56144, 6.80598], [7.55887, 6.80763], [7.55422, 6.80905], [7.55039, 6.8093], [7.54706, 6.8098], [7.54534, 6.81026], [7.54163, 6.81017], [7.53742, 6.81009], [7.53615, 6.80942], [7.53487, 6.80893], [7.52818, 6.81016], [7.51494, 6.81001], [7.50706, 6.80983], [7.49919, 6.81253], [7.49248, 6.81552], [7.48575, 6.82017], [7.46173, 6.82473], [7.46293, 6.82977]]]}, "properties": {"name": "Orba 2", "lga": "Udenu", "state": "en"}}, {"type": "Feature", "geometry": {"type": "Polygon", "coordinates": [[[7.5465, 6.9983], [7.53311, 6.98948], [7.53347, 6.98356], [7.53134, 6.97988], [7.52798, 6.98012], [7.52552, 6.97816], [7.51817, 6.97227], [7.50758, 6.97595], [7.50482, 6.97694], [7.48942, 6.97928], [7.48802, 6.98063], [7.48751, 6.98156], [7.48827, 6.98352], [7.48855, 6.9849], [7.48706, 6.99184], [7.48648, 6.99285], [7.48679, 6.99391], [7.48736, 6.9957], [7.4875, 6.99673], [7.4885, 6.99697], [7.49743, 6.99934], [7.49967, 6.99993], [7.50301, 7.00192], [7.51155, 6.99371], [7.51259, 6.99454], [7.51718, 7.00006], [7.52104, 7.00498], [7.52405, 7.00715], [7.52566, 7.00797], [7.52571, 7.00798], [7.52891, 7.01239], [7.53105, 7.01524], [7.53173, 7.0162], [7.53229, 7.01788], [7.53267, 7.02019], [7.53472, 7.02328], [7.53662, 7.02274], [7.53827, 7.02016], [7.54221, 7.00834], [7.54536, 7.00125], [7.5465, 6.9983]]]}, "properties": {"name": "Umuitodo 2", "lga": "Igbo-Eze North", "state": "en"}}, {"type": "Feature", "geometry": {"type": "Polygon", "coordinates": [[[7.2976, 6.67865], [7.29821, 6.68688], [7.29715, 6.69778], [7.29574, 6.71003], [7.29695, 6.72305], [7.31486, 6.7063], [7.31353, 6.70536], [7.31829, 6.70303], [7.31995, 6.70392], [7.32193, 6.70438], [7.32243, 6.70382], [7.32219, 6.70085], [7.32555, 6.69812], [7.32037, 6.69652], [7.31737, 6.69473], [7.30285, 6.67536], [7.2976, 6.67865]]]}, "properties": {"name": "Aku 2", "lga": "Igbo-Etiti", "state": "en"}}, {"type": "Feature", "geometry": {"type": "Polygon", "coordinates": [[[7.41012, 6.67961], [7.41689, 6.67954], [7.41788, 6.67201], [7.41791, 6.6705], [7.41551, 6.66126], [7.41669, 6.661], [7.42037, 6.66215], [7.42302, 6.66203], [7.42842, 6.66051], [7.42824, 6.65927], [7.42552, 6.65655], [7.42317, 6.6568], [7.42087, 6.65466], [7.41936, 6.65266], [7.41942, 6.6507], [7.41896, 6.64948], [7.41801, 6.6474], [7.41664, 6.64496], [7.41496, 6.6419], [7.41386, 6.64488], [7.41258, 6.64587], [7.41114, 6.64719], [7.41137, 6.65109], [7.40886, 6.65368], [7.40841, 6.65876], [7.40837, 6.66215], [7.39892, 6.66827], [7.39054, 6.67015], [7.38622, 6.67266], [7.38253, 6.67343], [7.40756, 6.67919], [7.41012, 6.67961]]]}, "properties": {"name": "Ukehe 2", "lga": "Igbo-Etiti", "state": "en"}}, {"type": "Feature", "geometry": {"type": "Polygon", "coordinates": [[[7.42864, 6.73356], [7.4253, 6.71776], [7.42078, 6.71893], [7.41667, 6.71934], [7.41438, 6.71858], [7.41185, 6.72012], [7.40816, 6.72231], [7.40511, 6.72164], [7.39406, 6.70001], [7.38648, 6.69439], [7.38199, 6.69174], [7.37655, 6.68701], [7.37429, 6.69119], [7.37278, 6.69287], [7.37167, 6.69333], [7.37237, 6.69648], [7.37665, 6.70424], [7.37658, 6.70602], [7.37343, 6.70538], [7.37054, 6.70533], [7.368, 6.70567], [7.37251, 6.72003], [7.3772, 6.7225], [7.37848, 6.72548], [7.37958, 6.72657], [7.38151, 6.72771], [7.38408, 6.72991], [7.40215, 6.73279], [7.40341, 6.73603], [7.40526, 6.73851], [7.41281, 6.74663], [7.42243, 6.73729], [7.42541, 6.73566], [7.42864, 6.73356]]]}, "properties": {"name": "Ozalla 2", "lga": "Igbo-Etiti", "state": "en"}}, {"type": "Feature", "geometry": {"type": "Polygon", "coordinates": [[[7.42589, 6.76313], [7.42031, 6.75464], [7.41912, 6.75538], [7.4099, 6.74908], [7.39928, 6.74467], [7.39677, 6.74268], [7.39271, 6.73953], [7.38977, 6.73739], [7.38272, 6.75408], [7.38383, 6.7734], [7.39617, 6.76969], [7.40756, 6.76988], [7.40892, 6.7689], [7.41448, 6.76901], [7.41698, 6.76813], [7.42589, 6.76313]]]}, "properties": {"name": "Ohodo 2", "lga": "Igbo-Etiti", "state": "en"}}, {"type": "Feature", "geometry": {"type": "Polygon", "coordinates": [[[7.4825, 6.68806], [7.45587, 6.7112], [7.4536, 6.71299], [7.45169, 6.71397], [7.4352, 6.71013], [7.42928, 6.71447], [7.42845, 6.71396], [7.42616, 6.71237], [7.42558, 6.71112], [7.42427, 6.71181], [7.42423, 6.71184], [7.42385, 6.71204], [7.42484, 6.71479], [7.4253, 6.71776], [7.42864, 6.73356], [7.43258, 6.73476], [7.43464, 6.74262], [7.43594, 6.74299], [7.43764, 6.74181], [7.44104, 6.74071], [7.44522, 6.74206], [7.45104, 6.74672], [7.46178, 6.73916], [7.49034, 6.73921], [7.50639, 6.72648], [7.53044, 6.71602], [7.54687, 6.69955], [7.55157, 6.69324], [7.55539, 6.68196], [7.55241, 6.68114], [7.54399, 6.66961], [7.52759, 6.67134], [7.51263, 6.67798], [7.50481, 6.68532], [7.49864, 6.68745], [7.48808, 6.68459], [7.48475, 6.68524], [7.4825, 6.68806]]]}, "properties": {"name": "Ekwegbe 2", "lga": "Igbo-Etiti", "state": "en"}}, {"type": "Feature", "geometry": {"type": "Polygon", "coordinates": [[[7.32269, 6.25061], [7.31427, 6.24441], [7.30664, 6.23944], [7.29727, 6.23608], [7.28833, 6.2322], [7.26884, 6.25452], [7.26906, 6.25825], [7.26847, 6.26009], [7.2688, 6.26341], [7.26705, 6.26603], [7.26572, 6.27104], [7.26947, 6.27217], [7.27008, 6.27231], [7.27183, 6.26835], [7.27457, 6.26194], [7.27584, 6.25814], [7.27745, 6.25675], [7.28172, 6.25505], [7.28608, 6.25601], [7.29267, 6.25915], [7.29426, 6.26055], [7.29433, 6.2605], [7.3052, 6.2594], [7.31276, 6.26185], [7.32269, 6.25061]]]}, "properties": {"name": "Oji River 2", "lga": "Oji-River", "state": "en"}}, {"type": "Feature", "geometry": {"type": "Polygon", "coordinates": [[[7.4229, 6.96977], [7.42506, 6.96563], [7.42857, 6.96549], [7.43231, 6.96527], [7.43257, 6.96624], [7.43611, 6.96625], [7.43842, 6.96626], [7.44138, 6.97094], [7.44721, 6.96627], [7.44667, 6.9397], [7.44473, 6.93908], [7.44065, 6.9383], [7.4375, 6.9386], [7.43429, 6.93838], [7.4319, 6.93907], [7.43033, 6.9421], [7.42426, 6.95088], [7.42395, 6.95213], [7.40981, 6.96138], [7.40646, 6.96356], [7.40753, 6.96362], [7.4229, 6.96977]]]}, "properties": {"name": "Umuozzi 6", "lga": "Igbo-Eze North", "state": "en"}}, {"type": "Feature", "geometry": {"type": "Polygon", "coordinates": [[[7.18624, 6.23847], [7.15061, 6.22864], [7.15074, 6.22996], [7.14344, 6.23556], [7.14415, 6.23623], [7.14528, 6.23633], [7.14535, 6.23805], [7.14546, 6.24036], [7.14378, 6.24176], [7.14328, 6.24311], [7.14234, 6.24386], [7.14382, 6.24563], [7.14484, 6.24603], [7.14525, 6.24727], [7.14612, 6.24858], [7.14614, 6.24867], [7.14502, 6.24923], [7.14548, 6.25], [7.14637, 6.25066], [7.14845, 6.25102], [7.14888, 6.25257], [7.14726, 6.25257], [7.14778, 6.25391], [7.14778, 6.25401], [7.14702, 6.25583], [7.15689, 6.26126], [7.16377, 6.26338], [7.16966, 6.26374], [7.17168, 6.25611], [7.17639, 6.25208], [7.19014, 6.24661], [7.18624, 6.23847]]]}, "properties": {"name": "Ugwuoba 2", "lga": "Oji-River", "state": "en"}}, {"type": "Feature", "geometry": {"type": "Polygon", "coordinates": [[[7.36769, 6.13929], [7.36466, 6.14446], [7.36563, 6.14492], [7.36527, 6.14797], [7.36704, 6.14875], [7.36015, 6.16488], [7.36306, 6.17042], [7.37567, 6.19976], [7.38771, 6.18052], [7.38917, 6.17849], [7.398, 6.16289], [7.39793, 6.15976], [7.37987, 6.14858], [7.38014, 6.14563], [7.37649, 6.13464], [7.37545, 6.1338], [7.37152, 6.13529], [7.3707, 6.13658], [7.37022, 6.13689], [7.36769, 6.13929]]]}, "properties": {"name": "Achi-Uno 2", "lga": "Oji-River", "state": "en"}}, {"type": "Feature", "geometry": {"type": "Polygon", "coordinates": [[[7.27465, 6.18995], [7.30364, 6.18402], [7.30563, 6.18638], [7.31532, 6.18439], [7.3221, 6.19289], [7.33161, 6.19362], [7.32632, 6.17842], [7.32551, 6.17096], [7.32596, 6.16702], [7.32248, 6.16028], [7.32084, 6.15975], [7.3179, 6.15586], [7.30886, 6.15425], [7.30415, 6.16505], [7.29903, 6.16719], [7.29243, 6.17177], [7.27833, 6.18181], [7.27465, 6.18995]]]}, "properties": {"name": "Achi-Agu 2", "lga": "Oji-River", "state": "en"}}, {"type": "Feature", "geometry": {"type": "Polygon", "coordinates": [[[7.63875, 6.78667], [7.64262, 6.80093], [7.6535, 6.81697], [7.66187, 6.81786], [7.6697, 6.81633], [7.67367, 6.81446], [7.68043, 6.80628], [7.68315, 6.80361], [7.68855, 6.79544], [7.69102, 6.78763], [7.68861, 6.77632], [7.68957, 6.77409], [7.68992, 6.77251], [7.68966, 6.75997], [7.67703, 6.76333], [7.6735, 6.76299], [7.66932, 6.76124], [7.6602, 6.76223], [7.65816, 6.76338], [7.65379, 6.763], [7.64864, 6.76357], [7.6409, 6.76898], [7.63432, 6.77156], [7.63239, 6.77274], [7.63875, 6.78667]]]}, "properties": {"name": "Neke 2", "lga": "Isi-Uzo", "state": "en"}}, {"type": "Feature", "geometry": {"type": "Polygon", "coordinates": [[[7.59504, 6.74321], [7.59899, 6.74779], [7.60063, 6.7503], [7.60177, 6.75716], [7.59841, 6.76929], [7.60439, 6.78098], [7.60987, 6.77789], [7.61998, 6.77771], [7.6409, 6.76898], [7.64864, 6.76357], [7.65379, 6.763], [7.64987, 6.75888], [7.64756, 6.75743], [7.64527, 6.75526], [7.64053, 6.74837], [7.63508, 6.73716], [7.63085, 6.73187], [7.61823, 6.7219], [7.60397, 6.71718], [7.59608, 6.72277], [7.59662, 6.73696], [7.59582, 6.74036], [7.59504, 6.74321]]]}, "properties": {"name": "Mbu 2", "lga": "Isi-Uzo", "state": "en"}}, {"type": "Feature", "geometry": {"type": "Polygon", "coordinates": [[[7.81457, 6.85253], [7.82476, 6.83863], [7.81892, 6.8276], [7.78438, 6.815], [7.78277, 6.80348], [7.77503, 6.80077], [7.76599, 6.7956], [7.76681, 6.7839], [7.76366, 6.77909], [7.75849, 6.77741], [7.75346, 6.77272], [7.75111, 6.76757], [7.74867, 6.76525], [7.74304, 6.76279], [7.74277, 6.75872], [7.7404, 6.75644], [7.73699, 6.75375], [7.73638, 6.75262], [7.7342, 6.74931], [7.73903, 6.74347], [7.74162, 6.73762], [7.74472, 6.73302], [7.7363, 6.72661], [7.72285, 6.72231], [7.70315, 6.71789], [7.69804, 6.72144], [7.69154, 6.73033], [7.67102, 6.73093], [7.66935, 6.73665], [7.66721, 6.73993], [7.66506, 6.74333], [7.66521, 6.74946], [7.6652, 6.75178], [7.66526, 6.75457], [7.66446, 6.75668], [7.66297, 6.75889], [7.66265, 6.76], [7.6602, 6.76223], [7.66932, 6.76124], [7.6735, 6.76299], [7.67703, 6.76333], [7.68966, 6.75997], [7.69164, 6.76055], [7.69359, 6.76227], [7.69552, 6.76456], [7.69767, 6.76536], [7.7007, 6.76649], [7.70175, 6.76708], [7.71539, 6.78007], [7.72589, 6.79211], [7.72987, 6.79733], [7.74649, 6.82041], [7.75546, 6.8342], [7.76025, 6.84059], [7.76616, 6.84679], [7.7629, 6.84881], [7.75803, 6.84874], [7.75198, 6.8475], [7.74563, 6.84586], [7.74138, 6.84584], [7.73654, 6.84679], [7.73408, 6.84995], [7.72878, 6.85123], [7.7253, 6.85103], [7.71943, 6.85353], [7.71193, 6.86092], [7.71376, 6.87103], [7.71909, 6.87247], [7.73762, 6.87036], [7.75018, 6.87836], [7.7574, 6.87927], [7.76278, 6.87994], [7.77603, 6.87582], [7.78563, 6.87285], [7.79178, 6.88934], [7.80362, 6.89123], [7.81862, 6.89195], [7.83351, 6.8864], [7.83956, 6.88073], [7.81665, 6.86655], [7.81457, 6.85253]]]}, "properties": {"name": "Ikem 2", "lga": "Isi-Uzo", "state": "en"}}, {"type": "Feature", "geometry": {"type": "Polygon", "coordinates": [[[7.64514, 6.27241], [7.64971, 6.26105], [7.63491, 6.26113], [7.63293, 6.26115], [7.622, 6.26021], [7.61453, 6.25957], [7.6092, 6.25494], [7.60539, 6.25041], [7.59945, 6.25631], [7.59732, 6.25992], [7.59862, 6.26497], [7.59833, 6.26738], [7.59475, 6.2716], [7.59417, 6.2739], [7.59328, 6.27743], [7.60407, 6.29191], [7.62263, 6.29033], [7.62909, 6.28776], [7.63383, 6.28567], [7.63955, 6.27953], [7.64127, 6.27735], [7.64514, 6.27241]]]}, "properties": {"name": "Ugbawka 2 / Amafor Ugboka", "lga": "Nkanu East", "state": "en"}}, {"type": "Feature", "geometry": {"type": "Polygon", "coordinates": [[[7.54607, 6.49563], [7.54893, 6.50642], [7.54936, 6.50764], [7.5515, 6.51089], [7.55945, 6.52183], [7.58064, 6.49811], [7.58178, 6.49745], [7.59104, 6.49049], [7.59352, 6.48649], [7.6013, 6.47655], [7.6026, 6.47341], [7.60278, 6.46872], [7.60137, 6.46799], [7.60101, 6.46542], [7.60059, 6.46443], [7.60062, 6.46342], [7.6014, 6.4626], [7.60124, 6.46157], [7.6016, 6.4603], [7.60408, 6.45906], [7.59592, 6.42589], [7.59481, 6.42896], [7.59371, 6.42911], [7.59264, 6.43155], [7.59331, 6.43318], [7.59367, 6.43547], [7.59368, 6.43759], [7.59135, 6.43897], [7.58824, 6.43954], [7.5874, 6.43968], [7.58715, 6.44298], [7.58589, 6.44305], [7.58518, 6.44388], [7.58442, 6.44388], [7.58402, 6.44539], [7.58386, 6.44597], [7.58325, 6.44575], [7.58052, 6.4452], [7.57916, 6.44409], [7.57839, 6.44298], [7.57868, 6.44152], [7.57739, 6.44031], [7.57614, 6.4403], [7.57293, 6.44143], [7.56968, 6.44086], [7.56887, 6.44399], [7.56783, 6.44488], [7.56534, 6.44324], [7.56204, 6.44482], [7.55845, 6.44759], [7.55703, 6.45158], [7.55296, 6.45244], [7.54331, 6.45537], [7.53994, 6.45454], [7.55182, 6.47521], [7.55697, 6.47499], [7.55992, 6.47796], [7.56124, 6.48021], [7.5591, 6.47989], [7.55509, 6.4812], [7.55313, 6.48221], [7.55324, 6.48391], [7.55378, 6.48814], [7.5556, 6.48795], [7.55667, 6.49197], [7.54607, 6.49563]]]}, "properties": {"name": "Mbulujodo 2 (West) / Emene", "lga": "Enugu East", "state": "en"}}, {"type": "Feature", "geometry": {"type": "Polygon", "coordinates": [[[7.1823, 6.89904], [7.18714, 6.87492], [7.19131, 6.82435], [7.1938, 6.8178], [7.19102, 6.80512], [7.19036, 6.79564], [7.16769, 6.81018], [7.16572, 6.8094], [7.15875, 6.81362], [7.15336, 6.81532], [7.15182, 6.82648], [7.15156, 6.83095], [7.17014, 6.88386], [7.172, 6.88765], [7.17316, 6.89064], [7.1759, 6.89648], [7.1823, 6.89904]]]}, "properties": {"name": "Nimbo 2", "lga": "Uzo-Uwani", "state": "en"}}, {"type": "Feature", "geometry": {"type": "Polygon", "coordinates": [[[7.19376, 6.40452], [7.19495, 6.40702], [7.19702, 6.40906], [7.19982, 6.40169], [7.21546, 6.38284], [7.20151, 6.37316], [7.17649, 6.38936], [7.18081, 6.39213], [7.18249, 6.39255], [7.18436, 6.39158], [7.18856, 6.3925], [7.19209, 6.39486], [7.19294, 6.39669], [7.19338, 6.39938], [7.19376, 6.40452]]]}, "properties": {"name": "Mgbagbu Owa 2", "lga": "Ezeagu", "state": "en"}}, {"type": "Feature", "geometry": {"type": "Polygon", "coordinates": [[[7.58756, 6.30897], [7.58111, 6.3081], [7.57015, 6.30713], [7.55199, 6.30667], [7.54531, 6.30779], [7.54496, 6.31713], [7.54942, 6.32423], [7.55399, 6.32363], [7.55801, 6.32802], [7.56113, 6.33143], [7.57104, 6.33168], [7.57633, 6.32908], [7.57864, 6.32775], [7.58105, 6.32636], [7.57754, 6.31798], [7.58034, 6.31517], [7.58211, 6.312], [7.58756, 6.30897]]]}, "properties": {"name": "Akpugo 2", "lga": "Nkanu West", "state": "en"}}, {"type": "Feature", "geometry": {"type": "Polygon", "coordinates": [[[7.44317, 7.0802], [7.44537, 7.06681], [7.44624, 7.0621], [7.44094, 7.06267], [7.439, 7.06163], [7.43751, 7.06013], [7.43556, 7.0595], [7.43188, 7.06002], [7.43024, 7.06021], [7.42749, 7.05951], [7.42586, 7.059], [7.42324, 7.05674], [7.42177, 7.05447], [7.42067, 7.04952], [7.42001, 7.04516], [7.42473, 7.03342], [7.43663, 7.02302], [7.43797, 7.01831], [7.43889, 7.01656], [7.4441, 7.0103], [7.44499, 7.00821], [7.4472, 7.00431], [7.44813, 7.00156], [7.44798, 6.9922], [7.44685, 6.99177], [7.44251, 6.98892], [7.44011, 6.99137], [7.43768, 6.99084], [7.43128, 6.98963], [7.42758, 6.99636], [7.42503, 7.00106], [7.4112, 7.01897], [7.41162, 7.02514], [7.40439, 7.03138], [7.39885, 7.03664], [7.39879, 7.04123], [7.39425, 7.04675], [7.39824, 7.05999], [7.39919, 7.06617], [7.40185, 7.06639], [7.40188, 7.07323], [7.40541, 7.07452], [7.40809, 7.07687], [7.40994, 7.0763], [7.41183, 7.07557], [7.42256, 7.07783], [7.43739, 7.07908], [7.44317, 7.0802]]]}, "properties": {"name": "Ette 2", "lga": "Igbo-Eze North", "state": "en"}}, {"type": "Feature", "geometry": {"type": "Polygon", "coordinates": [[[7.60678, 6.13241], [7.60692, 6.13362], [7.60709, 6.13358], [7.60848, 6.13887], [7.6115, 6.14251], [7.61471, 6.1438], [7.61951, 6.14289], [7.62521, 6.14085], [7.62512, 6.13574], [7.62401, 6.13062], [7.62734, 6.12298], [7.63252, 6.11838], [7.63511, 6.11141], [7.6343, 6.10903], [7.63371, 6.10117], [7.63377, 6.10085], [7.61885, 6.09799], [7.60229, 6.09746], [7.60549, 6.12127], [7.60678, 6.13241]]]}, "properties": {"name": "Oduma 2", "lga": "Aninri", "state": "en"}}, {"type": "Feature", "geometry": {"type": "Polygon", "coordinates": [[[7.51749, 6.03575], [7.51282, 6.0211], [7.51054, 6.02145], [7.49389, 6.01669], [7.4758, 6.0124], [7.46153, 6.01478], [7.46189, 6.02644], [7.45673, 6.03684], [7.45321, 6.04829], [7.46267, 6.05683], [7.46631, 6.05982], [7.46835, 6.06287], [7.47451, 6.06203], [7.47595, 6.06174], [7.4815, 6.05986], [7.48422, 6.05748], [7.48986, 6.05213], [7.49846, 6.05406], [7.51749, 6.03575]]]}, "properties": {"name": "Awgu 2", "lga": "Awgu", "state": "en"}}, {"type": "Feature", "geometry": {"type": "Polygon", "coordinates": [[[7.81102, 6.64572], [7.81302, 6.6421], [7.81772, 6.63751], [7.80225, 6.63211], [7.79926, 6.63227], [7.77599, 6.63368], [7.73799, 6.64469], [7.75727, 6.64504], [7.76028, 6.64729], [7.76353, 6.65253], [7.76426, 6.65405], [7.76387, 6.65587], [7.76476, 6.65746], [7.76544, 6.65697], [7.76864, 6.66407], [7.76978, 6.6649], [7.77216, 6.66547], [7.77763, 6.66711], [7.7839, 6.66355], [7.79344, 6.66357], [7.80287, 6.66229], [7.81102, 6.64572]]]}, "properties": {"name": "Eha Amufu 2", "lga": "Isi-Uzo", "state": "en"}}, {"type": "Feature", "geometry": {"type": "Polygon", "coordinates": [[[7.69415, 6.18181], [7.68385, 6.18382], [7.66613, 6.18074], [7.66273, 6.18068], [7.65878, 6.17454], [7.65584, 6.16997], [7.65267, 6.17244], [7.64807, 6.17488], [7.63991, 6.17982], [7.64835, 6.19309], [7.62971, 6.1999], [7.64212, 6.21278], [7.64592, 6.21257], [7.64748, 6.21249], [7.65185, 6.21259], [7.6567, 6.21456], [7.65967, 6.21106], [7.66448, 6.21362], [7.66633, 6.21706], [7.66964, 6.22706], [7.67232, 6.2385], [7.67261, 6.24137], [7.68002, 6.25668], [7.68311, 6.25715], [7.71625, 6.26132], [7.7163, 6.26134], [7.733, 6.22661], [7.72873, 6.19986], [7.72756, 6.17047], [7.72748, 6.16761], [7.71986, 6.16859], [7.69415, 6.18181]]]}, "properties": {"name": "Nara 2", "lga": "Nkanu East", "state": "en"}}, {"type": "Feature", "geometry": {"type": "Polygon", "coordinates": [[[7.68212, 6.06942], [7.66943, 6.06359], [7.66189, 6.06101], [7.65799, 6.07583], [7.65553, 6.07891], [7.65167, 6.08288], [7.6493, 6.08395], [7.64596, 6.08536], [7.63948, 6.09057], [7.63801, 6.09314], [7.63792, 6.09329], [7.63377, 6.10085], [7.63371, 6.10117], [7.6343, 6.10903], [7.63511, 6.11141], [7.63516, 6.11143], [7.67564, 6.12792], [7.68991, 6.13018], [7.698, 6.13249], [7.70616, 6.13555], [7.72022, 6.14591], [7.72713, 6.14904], [7.72672, 6.13406], [7.7262, 6.1149], [7.71383, 6.08391], [7.70587, 6.07881], [7.69808, 6.07396], [7.68623, 6.07131], [7.68212, 6.06942]]]}, "properties": {"name": "Nkerefi 2", "lga": "Nkanu East", "state": "en"}}, {"type": "Feature", "geometry": {"type": "Polygon", "coordinates": [[[7.50314, 7.06744], [7.51543, 7.05009], [7.52045, 7.04314], [7.52236, 7.03582], [7.52126, 7.03059], [7.51949, 7.02582], [7.51942, 7.02493], [7.51873, 7.02421], [7.51764, 7.02309], [7.51353, 7.02119], [7.50301, 7.00192], [7.45543, 6.98376], [7.45535, 6.98656], [7.45554, 6.99111], [7.4609, 7.00207], [7.4644, 7.00509], [7.46488, 7.00556], [7.46505, 7.00602], [7.46669, 7.00637], [7.46784, 7.00595], [7.47188, 7.00732], [7.47758, 7.01546], [7.4798, 7.04152], [7.49524, 7.05633], [7.49863, 7.06073], [7.50105, 7.06586], [7.50314, 7.06744]]]}, "properties": {"name": "Umuozzi 2", "lga": "Igbo-Eze North", "state": "en"}}, {"type": "Feature", "geometry": {"type": "Polygon", "coordinates": [[[7.17095, 6.41237], [7.15206, 6.40233], [7.14474, 6.40039], [7.13772, 6.39701], [7.13709, 6.39514], [7.13069, 6.39937], [7.11535, 6.40149], [7.11387, 6.40315], [7.09998, 6.41865], [7.08944, 6.42626], [7.07063, 6.42878], [7.06354, 6.42792], [7.06389, 6.4312], [7.06367, 6.43475], [7.0648, 6.43722], [7.04418, 6.43961], [7.03865, 6.44024], [7.03501, 6.4419], [7.03224, 6.44244], [7.03307, 6.46373], [7.05677, 6.46452], [7.07831, 6.4752], [7.10716, 6.4933], [7.11274, 6.49808], [7.11516, 6.49974], [7.13059, 6.50278], [7.13334, 6.50585], [7.13548, 6.50861], [7.13687, 6.51289], [7.1388, 6.51975], [7.1413, 6.51918], [7.14437, 6.51784], [7.14769, 6.51625], [7.14825, 6.50655], [7.15111, 6.48871], [7.15301, 6.46682], [7.15725, 6.453], [7.15923, 6.45376], [7.17095, 6.41237]]]}, "properties": {"name": "Olo 2", "lga": "Ezeagu", "state": "en"}}, {"type": "Feature", "geometry": {"type": "Polygon", "coordinates": [[[7.63566, 6.3208], [7.61811, 6.32334], [7.61395, 6.32445], [7.61062, 6.32575], [7.60776, 6.32707], [7.6059, 6.32702], [7.59975, 6.32417], [7.59565, 6.3236], [7.59255, 6.32349], [7.58981, 6.32573], [7.58909, 6.32612], [7.59103, 6.33492], [7.59276, 6.33752], [7.59505, 6.33909], [7.60114, 6.33647], [7.60483, 6.33733], [7.60957, 6.34266], [7.6146, 6.34757], [7.61901, 6.35047], [7.62406, 6.35005], [7.63027, 6.34441], [7.63226, 6.34147], [7.63919, 6.33263], [7.63909, 6.32767], [7.63678, 6.32305], [7.63657, 6.32263], [7.63566, 6.3208]]]}, "properties": {"name": "Ndiuno Uwani / Akpugo 4", "lga": "Nkanu West", "state": "en"}}, {"type": "Feature", "geometry": {"type": "Polygon", "coordinates": [[[7.73799, 6.64469], [7.7362, 6.64475], [7.72003, 6.64686], [7.70092, 6.64123], [7.69492, 6.64547], [7.69244, 6.65538], [7.69547, 6.66676], [7.69767, 6.67456], [7.69405, 6.67962], [7.68876, 6.68476], [7.68243, 6.69176], [7.68022, 6.69663], [7.68075, 6.70287], [7.67251, 6.71891], [7.67084, 6.72477], [7.67046, 6.72901], [7.67102, 6.73093], [7.69154, 6.73033], [7.69804, 6.72144], [7.70315, 6.71789], [7.72285, 6.72231], [7.7363, 6.72661], [7.74472, 6.73302], [7.74595, 6.72666], [7.74682, 6.71771], [7.74798, 6.71575], [7.7496, 6.70926], [7.75246, 6.7029], [7.75451, 6.69135], [7.75596, 6.68591], [7.75602, 6.6767], [7.7608, 6.66993], [7.76425, 6.66], [7.76468, 6.65849], [7.76476, 6.65746], [7.76387, 6.65587], [7.76426, 6.65405], [7.76353, 6.65253], [7.76028, 6.64729], [7.75727, 6.64504], [7.73799, 6.64469]]]}, "properties": {"name": "Eha Amufu 4", "lga": "Isi-Uzo", "state": "en"}}, {"type": "Feature", "geometry": {"type": "Polygon", "coordinates": [[[7.2707, 6.20676], [7.26895, 6.19681], [7.24084, 6.16463], [7.22328, 6.16894], [7.22409, 6.17442], [7.22475, 6.17884], [7.22396, 6.19144], [7.21844, 6.19617], [7.20899, 6.20247], [7.20426, 6.20877], [7.20393, 6.21275], [7.24858, 6.2328], [7.24909, 6.23315], [7.26273, 6.24877], [7.26884, 6.25452], [7.28833, 6.2322], [7.28331, 6.2293], [7.28101, 6.22824], [7.28138, 6.22648], [7.28485, 6.20986], [7.28289, 6.20474], [7.2707, 6.20676]]]}, "properties": {"name": "Oji River 4", "lga": "Oji-River", "state": "en"}}, {"type": "Feature", "geometry": {"type": "Polygon", "coordinates": [[[7.65167, 6.08288], [7.65553, 6.07891], [7.65799, 6.07583], [7.66189, 6.06101], [7.66943, 6.06359], [7.66369, 6.04723], [7.64834, 6.0344], [7.6205, 6.01912], [7.61601, 6.0275], [7.60395, 6.03896], [7.5984, 6.06649], [7.59707, 6.08926], [7.6017, 6.08741], [7.61928, 6.08254], [7.63948, 6.09057], [7.64596, 6.08536], [7.6493, 6.08395], [7.65167, 6.08288]]]}, "properties": {"name": "Oduma 3 /", "lga": "Aninri", "state": "en"}}, {"type": "Feature", "geometry": {"type": "Polygon", "coordinates": [[[7.45592, 6.98386], [7.45524, 6.98238], [7.45125, 6.97577], [7.44884, 6.97286], [7.44788, 6.96899], [7.44737, 6.96811], [7.44721, 6.96627], [7.44138, 6.97094], [7.43842, 6.96626], [7.43611, 6.96625], [7.43257, 6.96624], [7.43231, 6.96527], [7.42857, 6.96549], [7.42506, 6.96563], [7.4229, 6.96977], [7.42533, 6.97099], [7.42719, 6.97378], [7.42825, 6.97363], [7.43062, 6.97424], [7.43149, 6.97435], [7.42776, 6.98294], [7.42815, 6.98423], [7.42872, 6.98585], [7.43941, 6.98326], [7.4401, 6.98756], [7.44251, 6.98892], [7.44685, 6.99177], [7.44798, 6.9922], [7.44813, 7.00156], [7.4538, 7.00127], [7.45592, 6.98386]]]}, "properties": {"name": "Umuozzi 5", "lga": "Igbo-Eze North", "state": "en"}}, {"type": "Feature", "geometry": {"type": "Polygon", "coordinates": [[[7.4123, 6.64361], [7.41114, 6.64719], [7.41258, 6.64587], [7.41386, 6.64488], [7.41496, 6.6419], [7.41664, 6.64496], [7.41801, 6.6474], [7.41896, 6.64948], [7.41942, 6.6507], [7.41936, 6.65266], [7.42087, 6.65466], [7.42317, 6.6568], [7.42552, 6.65655], [7.42824, 6.65927], [7.44608, 6.66011], [7.45473, 6.659], [7.45908, 6.65576], [7.46534, 6.65418], [7.46762, 6.6511], [7.48107, 6.65225], [7.48387, 6.65619], [7.48888, 6.64572], [7.49536, 6.63961], [7.47918, 6.63861], [7.47263, 6.62802], [7.4674, 6.62693], [7.45444, 6.62365], [7.42637, 6.61272], [7.4123, 6.64361]]]}, "properties": {"name": "Ukehe 5", "lga": "Igbo-Etiti", "state": "en"}}, {"type": "Feature", "geometry": {"type": "Polygon", "coordinates": [[[7.35069, 6.68825], [7.34949, 6.68862], [7.34771, 6.689], [7.34634, 6.69026], [7.34422, 6.69204], [7.34191, 6.69628], [7.3399, 6.69862], [7.33815, 6.69943], [7.32947, 6.69631], [7.32552, 6.69836], [7.32794, 6.70093], [7.33035, 6.70042], [7.3448, 6.71044], [7.34972, 6.72232], [7.35774, 6.71411], [7.35841, 6.70879], [7.35834, 6.7023], [7.35655, 6.68886], [7.35069, 6.68825]]]}, "properties": {"name": "Aku 5", "lga": "Igbo-Etiti", "state": "en"}}, {"type": "Feature", "geometry": {"type": "Polygon", "coordinates": [[[7.57908, 6.39385], [7.58235, 6.39211], [7.5809, 6.38514], [7.5804, 6.38341], [7.57917, 6.3738], [7.58055, 6.36435], [7.57588, 6.36074], [7.56996, 6.3593], [7.56796, 6.35574], [7.56653, 6.34946], [7.56577, 6.3408], [7.55807, 6.34035], [7.55517, 6.34039], [7.5534, 6.34313], [7.55088, 6.35889], [7.55258, 6.35993], [7.55628, 6.36106], [7.55793, 6.3666], [7.55926, 6.36598], [7.5605, 6.36596], [7.56142, 6.36714], [7.56359, 6.37163], [7.56375, 6.37349], [7.56613, 6.37536], [7.56668, 6.37829], [7.56727, 6.38186], [7.56822, 6.38177], [7.57043, 6.3827], [7.57275, 6.38357], [7.57431, 6.3853], [7.57411, 6.38721], [7.57466, 6.38901], [7.57694, 6.39181], [7.57908, 6.39385]]]}, "properties": {"name": "Akpugo 5", "lga": "Nkanu West", "state": "en"}}, {"type": "Feature", "geometry": {"type": "Polygon", "coordinates": [[[7.1388, 6.51975], [7.13687, 6.51289], [7.13548, 6.50861], [7.13334, 6.50585], [7.13059, 6.50278], [7.11516, 6.49974], [7.11274, 6.49808], [7.10716, 6.4933], [7.07831, 6.4752], [7.05677, 6.46452], [7.03307, 6.46373], [7.03321, 6.46686], [7.03626, 6.47383], [7.04541, 6.47122], [7.04966, 6.47436], [7.04899, 6.48037], [7.04846, 6.48517], [7.04628, 6.50085], [7.04628, 6.51218], [7.04846, 6.52743], [7.05543, 6.5453], [7.06328, 6.55489], [7.07809, 6.5575], [7.08291, 6.56129], [7.09248, 6.55226], [7.10154, 6.54909], [7.1388, 6.51975]]]}, "properties": {"name": "Umulokpa", "lga": "Uzo-Uwani", "state": "en"}}, {"type": "Feature", "geometry": {"type": "Polygon", "coordinates": [[[7.40336, 6.93053], [7.40453, 6.93312], [7.40403, 6.94479], [7.40358, 6.94836], [7.40262, 6.95128], [7.40194, 6.95299], [7.40245, 6.95536], [7.40383, 6.95858], [7.40981, 6.96138], [7.42395, 6.95213], [7.42426, 6.95088], [7.43033, 6.9421], [7.42853, 6.93755], [7.42797, 6.9358], [7.42805, 6.93441], [7.42249, 6.93397], [7.4191, 6.93315], [7.41807, 6.93019], [7.4197, 6.91674], [7.41703, 6.91549], [7.41363, 6.92301], [7.40012, 6.92296], [7.40131, 6.92625], [7.40262, 6.92879], [7.40336, 6.93053]]]}, "properties": {"name": "Iheakpu-Awka 1", "lga": "Igbo-Eze-South", "state": "en"}}, {"type": "Feature", "geometry": {"type": "Polygon", "coordinates": [[[7.46381, 6.87897], [7.46313, 6.88825], [7.46177, 6.88894], [7.46207, 6.89248], [7.46281, 6.89511], [7.46495, 6.90077], [7.46695, 6.90226], [7.47365, 6.91371], [7.48018, 6.9031], [7.48245, 6.88722], [7.48117, 6.88489], [7.47125, 6.88076], [7.46381, 6.87897]]]}, "properties": {"name": "Iheaka 1", "lga": "Igbo-Eze-South", "state": "en"}}, {"type": "Feature", "geometry": {"type": "Polygon", "coordinates": [[[7.11267, 6.66897], [7.10162, 6.6756], [7.09029, 6.67734], [7.07025, 6.68562], [7.06066, 6.68432], [7.05064, 6.68257], [7.04628, 6.68737], [7.0448, 6.68831], [7.0319, 6.69652], [7.01665, 6.7061], [7.00749, 6.70872], [6.99713, 6.71145], [6.9935, 6.73373], [6.99359, 6.74532], [6.98075, 6.76249], [6.98149, 6.7634], [6.998, 6.78285], [6.99998, 6.78541], [7.00496, 6.78541], [7.02072, 6.78935], [7.03017, 6.78541], [7.04199, 6.78304], [7.04378, 6.78347], [7.06627, 6.75622], [7.11465, 6.7399], [7.13353, 6.70503], [7.11292, 6.66956], [7.11267, 6.66897]]]}, "properties": {"name": "Adani", "lga": "Uzo-Uwani", "state": "en"}}, {"type": "Feature", "geometry": {"type": "Polygon", "coordinates": [[[7.29426, 6.26055], [7.29267, 6.25915], [7.28608, 6.25601], [7.28172, 6.25505], [7.27745, 6.25675], [7.27584, 6.25814], [7.27457, 6.26194], [7.27183, 6.26835], [7.27008, 6.27231], [7.27616, 6.27379], [7.28397, 6.27639], [7.29004, 6.27829], [7.29511, 6.27375], [7.29663, 6.27279], [7.29829, 6.2717], [7.29629, 6.2663], [7.29524, 6.26364], [7.29426, 6.26055]]]}, "properties": {"name": "Oji River 1 / Agbalaenyi", "lga": "Oji-River", "state": "en"}}, {"type": "Feature", "geometry": {"type": "Polygon", "coordinates": [[[7.28101, 6.22824], [7.30664, 6.23944], [7.31427, 6.24441], [7.32269, 6.25061], [7.3471, 6.22298], [7.35608, 6.21544], [7.36459, 6.21371], [7.36656, 6.213], [7.34348, 6.17295], [7.34077, 6.17121], [7.33639, 6.16586], [7.32596, 6.16702], [7.32551, 6.17096], [7.32632, 6.17842], [7.33161, 6.19362], [7.3221, 6.19289], [7.31532, 6.18439], [7.30563, 6.18638], [7.30364, 6.18402], [7.27465, 6.18995], [7.26895, 6.19681], [7.2707, 6.20676], [7.28289, 6.20474], [7.28485, 6.20986], [7.28138, 6.22648], [7.28101, 6.22824]]]}, "properties": {"name": "Achi-Agu 1", "lga": "Oji-River", "state": "en"}}, {"type": "Feature", "geometry": {"type": "Polygon", "coordinates": [[[7.42266, 6.86354], [7.42323, 6.86384], [7.42654, 6.86675], [7.43292, 6.87152], [7.4335, 6.871], [7.434, 6.87005], [7.43476, 6.86945], [7.43883, 6.87218], [7.43888, 6.87294], [7.43857, 6.87346], [7.43729, 6.87461], [7.44166, 6.87732], [7.44138, 6.88016], [7.4494, 6.88117], [7.45467, 6.87786], [7.45811, 6.87646], [7.47166, 6.8743], [7.46376, 6.84751], [7.46317, 6.83666], [7.46293, 6.82977], [7.46173, 6.82473], [7.45829, 6.82417], [7.44279, 6.83921], [7.43265, 6.84741], [7.43075, 6.84828], [7.4281, 6.84961], [7.42776, 6.85294], [7.42894, 6.85705], [7.42861, 6.85783], [7.42026, 6.8633], [7.42266, 6.86354]]]}, "properties": {"name": "Orba 1", "lga": "Udenu", "state": "en"}}, {"type": "Feature", "geometry": {"type": "Polygon", "coordinates": [[[7.4441, 7.0103], [7.43889, 7.01656], [7.43797, 7.01831], [7.43663, 7.02302], [7.42473, 7.03342], [7.42001, 7.04516], [7.42067, 7.04952], [7.42177, 7.05447], [7.42324, 7.05674], [7.42586, 7.059], [7.42749, 7.05951], [7.43024, 7.06021], [7.43188, 7.06002], [7.43556, 7.0595], [7.43751, 7.06013], [7.439, 7.06163], [7.44094, 7.06267], [7.44624, 7.0621], [7.44537, 7.06681], [7.44808, 7.06655], [7.45633, 7.06058], [7.46144, 7.05752], [7.46401, 7.05721], [7.46537, 7.05679], [7.4679, 7.05402], [7.4711, 7.04976], [7.46807, 7.04376], [7.4661, 7.03731], [7.46563, 7.03366], [7.46485, 7.0298], [7.46278, 7.02567], [7.46123, 7.02231], [7.45979, 7.01907], [7.45979, 7.01681], [7.45471, 7.01392], [7.45451, 7.01077], [7.45421, 7.00596], [7.4538, 7.00127], [7.44813, 7.00156], [7.4472, 7.00431], [7.44499, 7.00821], [7.4441, 7.0103]]]}, "properties": {"name": "Essodo 1", "lga": "Igbo-Eze North", "state": "en"}}, {"type": "Feature", "geometry": {"type": "Polygon", "coordinates": [[[7.60692, 6.13362], [7.6017, 6.08741], [7.59707, 6.08926], [7.59204, 6.08656], [7.59211, 6.09116], [7.58696, 6.09273], [7.58254, 6.09234], [7.58031, 6.09265], [7.57869, 6.09682], [7.57674, 6.09737], [7.57251, 6.09625], [7.5705, 6.09666], [7.56746, 6.0962], [7.5635, 6.09677], [7.56264, 6.10458], [7.56813, 6.1353], [7.59145, 6.13749], [7.60692, 6.13362]]]}, "properties": {"name": "Oduma 1", "lga": "Aninri", "state": "en"}}, {"type": "Feature", "geometry": {"type": "Polygon", "coordinates": [[[7.5217, 6.11844], [7.52233, 6.11971], [7.52286, 6.11996], [7.52458, 6.11986], [7.5266, 6.11887], [7.53809, 6.12347], [7.54433, 6.12298], [7.54527, 6.12177], [7.54532, 6.11731], [7.54367, 6.11548], [7.54233, 6.11379], [7.54085, 6.11214], [7.5405, 6.10942], [7.5516, 6.09688], [7.55214, 6.0922], [7.55125, 6.08564], [7.55208, 6.08202], [7.54881, 6.08302], [7.54905, 6.08575], [7.54914, 6.09016], [7.54767, 6.09498], [7.54281, 6.09824], [7.53777, 6.1051], [7.53545, 6.10765], [7.53197, 6.11197], [7.5292, 6.11447], [7.52322, 6.11715], [7.5217, 6.11844]]]}, "properties": {"name": "Nnenwe 1", "lga": "Aninri", "state": "en"}}, {"type": "Feature", "geometry": {"type": "Polygon", "coordinates": [[[7.13709, 6.39514], [7.13772, 6.39701], [7.14474, 6.40039], [7.15206, 6.40233], [7.17095, 6.41237], [7.17402, 6.3922], [7.17467, 6.38986], [7.17649, 6.38936], [7.20151, 6.37316], [7.21546, 6.38284], [7.22042, 6.38383], [7.22259, 6.38428], [7.22592, 6.38335], [7.23498, 6.36537], [7.23388, 6.36223], [7.22895, 6.35726], [7.21887, 6.35611], [7.21331, 6.35534], [7.20358, 6.35504], [7.19711, 6.36544], [7.18495, 6.36553], [7.1783, 6.3651], [7.16098, 6.3601], [7.1462, 6.35274], [7.14455, 6.35171], [7.14193, 6.35965], [7.14226, 6.37143], [7.14181, 6.37989], [7.14387, 6.38825], [7.13709, 6.39514]]]}, "properties": {"name": "Mgbagbu Owa 1", "lga": "Ezeagu", "state": "en"}}, {"type": "Feature", "geometry": {"type": "Polygon", "coordinates": [[[7.29842, 6.44423], [7.2926, 6.4457], [7.28953, 6.44894], [7.28315, 6.45917], [7.27257, 6.45884], [7.26528, 6.45566], [7.24692, 6.45856], [7.25792, 6.46962], [7.24464, 6.48239], [7.2431, 6.49592], [7.24311, 6.49603], [7.26826, 6.5258], [7.27469, 6.48084], [7.27858, 6.48111], [7.28357, 6.47841], [7.2889, 6.47397], [7.28869, 6.47042], [7.28975, 6.4684], [7.29439, 6.47062], [7.30101, 6.45726], [7.3019, 6.45546], [7.30581, 6.44752], [7.30549, 6.44738], [7.29842, 6.44423]]]}, "properties": {"name": "Oghe 1", "lga": "Ezeagu", "state": "en"}}, {"type": "Feature", "geometry": {"type": "Polygon", "coordinates": [[[7.30054, 6.38349], [7.30121, 6.37565], [7.29655, 6.36554], [7.27319, 6.35571], [7.26, 6.37144], [7.26178, 6.37457], [7.25935, 6.37865], [7.25825, 6.38003], [7.25717, 6.3807], [7.25412, 6.38141], [7.25161, 6.38225], [7.24867, 6.38195], [7.23616, 6.39041], [7.23956, 6.39422], [7.24333, 6.39557], [7.24757, 6.39635], [7.26154, 6.40172], [7.27182, 6.39523], [7.28506, 6.3887], [7.30054, 6.38349]]]}, "properties": {"name": "Aguobu Owa 1", "lga": "Ezeagu", "state": "en"}}, {"type": "Feature", "geometry": {"type": "Polygon", "coordinates": [[[7.54881, 6.08302], [7.55208, 6.08202], [7.55433, 6.07826], [7.53718, 6.06132], [7.531, 6.05206], [7.51952, 6.03778], [7.51749, 6.03575], [7.49846, 6.05406], [7.48986, 6.05213], [7.48422, 6.05748], [7.4815, 6.05986], [7.47595, 6.06174], [7.47451, 6.06203], [7.46835, 6.06287], [7.46568, 6.07359], [7.46734, 6.07341], [7.46878, 6.07514], [7.47246, 6.07729], [7.47549, 6.07937], [7.477, 6.08242], [7.47555, 6.08536], [7.46856, 6.08918], [7.46562, 6.09539], [7.46267, 6.09972], [7.46938, 6.10413], [7.4902, 6.08923], [7.49417, 6.08911], [7.49883, 6.092], [7.50124, 6.09293], [7.50832, 6.09349], [7.51555, 6.09086], [7.52127, 6.09143], [7.54881, 6.08302]]]}, "properties": {"name": "Awgu 1", "lga": "Awgu", "state": "en"}}, {"type": "Feature", "geometry": {"type": "Polygon", "coordinates": [[[7.04378, 6.78347], [7.05538, 6.78619], [7.0601, 6.79486], [7.07428, 6.7988], [7.08137, 6.80037], [7.09319, 6.81928], [7.10107, 6.82873], [7.11288, 6.8374], [7.11997, 6.84843], [7.13415, 6.85473], [7.14676, 6.86418], [7.15227, 6.876], [7.15621, 6.88309], [7.17014, 6.88386], [7.15156, 6.83095], [7.15182, 6.82648], [7.15336, 6.81532], [7.15875, 6.81362], [7.16572, 6.8094], [7.16769, 6.81018], [7.19036, 6.79564], [7.19115, 6.78947], [7.16242, 6.78451], [7.1502, 6.77359], [7.11951, 6.75158], [7.11465, 6.7399], [7.06627, 6.75622], [7.04378, 6.78347]]]}, "properties": {"name": "Nimbo 1", "lga": "Uzo-Uwani", "state": "en"}}, {"type": "Feature", "geometry": {"type": "Polygon", "coordinates": [[[7.44667, 6.9397], [7.44693, 6.94718], [7.44626, 6.95072], [7.44616, 6.95338], [7.44737, 6.96811], [7.44788, 6.96899], [7.44884, 6.97286], [7.45125, 6.97577], [7.45524, 6.98238], [7.45592, 6.98386], [7.4875, 6.99673], [7.48736, 6.9957], [7.48679, 6.99391], [7.48648, 6.99285], [7.48706, 6.99184], [7.48855, 6.9849], [7.48827, 6.98352], [7.48751, 6.98156], [7.49087, 6.97818], [7.48989, 6.97661], [7.48532, 6.97162], [7.48456, 6.96991], [7.47709, 6.96424], [7.47628, 6.96274], [7.47534, 6.95865], [7.47362, 6.95514], [7.47218, 6.95478], [7.48531, 6.94269], [7.47766, 6.94087], [7.47607, 6.94042], [7.47251, 6.93719], [7.46986, 6.93914], [7.46965, 6.94236], [7.46865, 6.94671], [7.46775, 6.9511], [7.46721, 6.95066], [7.45311, 6.93991], [7.44889, 6.93872], [7.44667, 6.9397]]]}, "properties": {"name": "Umuitodi 1", "lga": "Igbo-Eze North", "state": "en"}}, {"type": "Feature", "geometry": {"type": "Polygon", "coordinates": [[[7.40188, 7.07323], [7.40185, 7.06639], [7.39919, 7.06617], [7.39824, 7.05999], [7.39425, 7.04675], [7.39879, 7.04123], [7.39885, 7.03664], [7.40439, 7.03138], [7.41162, 7.02514], [7.4112, 7.01897], [7.41778, 7.01028], [7.42146, 7.00547], [7.4231, 7.00339], [7.42016, 7.00077], [7.41608, 6.99834], [7.41361, 6.99545], [7.41341, 6.99854], [7.41215, 7.00108], [7.40799, 7.00404], [7.4049, 7.008], [7.40454, 7.01635], [7.40594, 7.01967], [7.39833, 7.0268], [7.39512, 7.03057], [7.38927, 7.03359], [7.38562, 7.03192], [7.37866, 7.0267], [7.37167, 7.02213], [7.36225, 7.0276], [7.35201, 7.03246], [7.35137, 7.03336], [7.37048, 7.04143], [7.37918, 7.04733], [7.38466, 7.05167], [7.3859, 7.05519], [7.38939, 7.06506], [7.38892, 7.07041], [7.38847, 7.07561], [7.40188, 7.07323]]]}, "properties": {"name": "Umuozzi 1", "lga": "Igbo-Eze North", "state": "en"}}, {"type": "Feature", "geometry": {"type": "Polygon", "coordinates": [[[7.32243, 6.70382], [7.32193, 6.70438], [7.31995, 6.70392], [7.31829, 6.70303], [7.31353, 6.70536], [7.31486, 6.7063], [7.29695, 6.72305], [7.29677, 6.72899], [7.30166, 6.73675], [7.31235, 6.73197], [7.33041, 6.72638], [7.32979, 6.72188], [7.32912, 6.71596], [7.32568, 6.70518], [7.32468, 6.70319], [7.32243, 6.70382]]]}, "properties": {"name": "Aku 1", "lga": "Igbo-Etiti", "state": "en"}}, {"type": "Feature", "geometry": {"type": "Polygon", "coordinates": [[[7.38977, 6.73739], [7.39271, 6.73953], [7.39677, 6.74268], [7.39928, 6.74467], [7.4099, 6.74908], [7.41912, 6.75538], [7.42031, 6.75464], [7.42589, 6.76313], [7.42813, 6.7605], [7.43122, 6.75408], [7.4332, 6.75119], [7.43652, 6.74908], [7.45104, 6.74672], [7.44522, 6.74206], [7.44104, 6.74071], [7.43764, 6.74181], [7.43594, 6.74299], [7.43464, 6.74262], [7.43258, 6.73476], [7.42864, 6.73356], [7.42541, 6.73566], [7.42243, 6.73729], [7.41281, 6.74663], [7.40526, 6.73851], [7.40341, 6.73603], [7.40215, 6.73279], [7.39856, 6.73397], [7.39673, 6.73478], [7.39489, 6.73843], [7.39266, 6.73732], [7.38977, 6.73739]]]}, "properties": {"name": "Ohodo 1", "lga": "Igbo-Etiti", "state": "en"}}, {"type": "Feature", "geometry": {"type": "Polygon", "coordinates": [[[7.34952, 6.72282], [7.35248, 6.72581], [7.36161, 6.72826], [7.36381, 6.73179], [7.36747, 6.73418], [7.37115, 6.73664], [7.37431, 6.73845], [7.37724, 6.742], [7.37811, 6.74306], [7.38074, 6.74661], [7.38272, 6.75408], [7.38977, 6.73739], [7.39266, 6.73732], [7.39489, 6.73843], [7.39673, 6.73478], [7.39856, 6.73397], [7.40215, 6.73279], [7.38408, 6.72991], [7.38151, 6.72771], [7.37958, 6.72657], [7.37848, 6.72548], [7.3772, 6.7225], [7.37251, 6.72003], [7.368, 6.70567], [7.35774, 6.71411], [7.34972, 6.72232], [7.34952, 6.72282]]]}, "properties": {"name": "Ozalla 1", "lga": "Igbo-Etiti", "state": "en"}}, {"type": "Feature", "geometry": {"type": "Polygon", "coordinates": [[[7.50622, 6.62841], [7.49536, 6.63961], [7.48888, 6.64572], [7.48387, 6.65619], [7.48808, 6.68459], [7.49864, 6.68745], [7.50481, 6.68532], [7.51263, 6.67798], [7.52759, 6.67134], [7.54399, 6.66961], [7.55241, 6.68114], [7.55654, 6.64896], [7.51632, 6.63396], [7.50622, 6.62841]]]}, "properties": {"name": "Ukehe 1", "lga": "Igbo-Etiti", "state": "en"}}, {"type": "Feature", "geometry": {"type": "Polygon", "coordinates": [[[7.42108, 6.6923], [7.41971, 6.69337], [7.41613, 6.69326], [7.42012, 6.69941], [7.42086, 6.70067], [7.42239, 6.70327], [7.42239, 6.70327], [7.42427, 6.71181], [7.42558, 6.71112], [7.42616, 6.71237], [7.42845, 6.71396], [7.42928, 6.71447], [7.4352, 6.71013], [7.44397, 6.71158], [7.45001, 6.71422], [7.45169, 6.71397], [7.4536, 6.71299], [7.45587, 6.7112], [7.4825, 6.68806], [7.48043, 6.68618], [7.47702, 6.68593], [7.46909, 6.68159], [7.44888, 6.67997], [7.44462, 6.67891], [7.44309, 6.6784], [7.44178, 6.6779], [7.44065, 6.67656], [7.43976, 6.67618], [7.4366, 6.6772], [7.43127, 6.67691], [7.42426, 6.6794], [7.42768, 6.68124], [7.42746, 6.68262], [7.42809, 6.68393], [7.42731, 6.68832], [7.42487, 6.68993], [7.42369, 6.69002], [7.42108, 6.6923]]]}, "properties": {"name": "Ekwegbe 1", "lga": "Igbo-Etiti", "state": "en"}}, {"type": "Feature", "geometry": {"type": "Polygon", "coordinates": [[[7.33902, 6.12807], [7.34867, 6.12976], [7.35638, 6.13517], [7.36105, 6.13493], [7.36769, 6.13929], [7.37022, 6.13689], [7.3707, 6.13658], [7.37152, 6.13529], [7.37545, 6.1338], [7.37698, 6.12293], [7.37671, 6.1195], [7.40228, 6.07792], [7.39837, 6.06901], [7.38752, 6.07366], [7.35958, 6.08573], [7.34067, 6.0923], [7.33645, 6.09795], [7.33433, 6.10659], [7.33429, 6.10678], [7.33213, 6.11207], [7.33828, 6.12698], [7.33902, 6.12807]]]}, "properties": {"name": "Achi-Uno 1", "lga": "Oji-River", "state": "en"}}, {"type": "Feature", "geometry": {"type": "Polygon", "coordinates": [[[7.15043, 6.2969], [7.16024, 6.30337], [7.19628, 6.27989], [7.20664, 6.27169], [7.19713, 6.26672], [7.19508, 6.25288], [7.19104, 6.24815], [7.19014, 6.24661], [7.17639, 6.25208], [7.17168, 6.25611], [7.16966, 6.26374], [7.16377, 6.26338], [7.15689, 6.26126], [7.14702, 6.25583], [7.14913, 6.26247], [7.1452, 6.27468], [7.14259, 6.28906], [7.14543, 6.2919], [7.15043, 6.2969]]]}, "properties": {"name": "Ugwuoba 1", "lga": "Oji-River", "state": "en"}}, {"type": "Feature", "geometry": {"type": "Polygon", "coordinates": [[[7.75111, 6.76757], [7.75346, 6.77272], [7.75849, 6.77741], [7.76366, 6.77909], [7.76681, 6.7839], [7.76599, 6.7956], [7.77503, 6.80077], [7.78277, 6.80348], [7.78438, 6.815], [7.81892, 6.8276], [7.81656, 6.80087], [7.81767, 6.79511], [7.81862, 6.7825], [7.81402, 6.74786], [7.81545, 6.72466], [7.80239, 6.71557], [7.78219, 6.72388], [7.74798, 6.71575], [7.74682, 6.71771], [7.74595, 6.72666], [7.74472, 6.73302], [7.74162, 6.73762], [7.73903, 6.74347], [7.7342, 6.74931], [7.73638, 6.75262], [7.73699, 6.75375], [7.7404, 6.75644], [7.74277, 6.75872], [7.74304, 6.76279], [7.74867, 6.76525], [7.75111, 6.76757]]]}, "properties": {"name": "Eha Amufu 1", "lga": "Isi-Uzo", "state": "en"}}, {"type": "Feature", "geometry": {"type": "Polygon", "coordinates": [[[7.49465, 6.34102], [7.48912, 6.33568], [7.4768, 6.32879], [7.46641, 6.32521], [7.45378, 6.32492], [7.4445, 6.32628], [7.42951, 6.32614], [7.42537, 6.32573], [7.42537, 6.32574], [7.42417, 6.32881], [7.42133, 6.34199], [7.42345, 6.35574], [7.43287, 6.36182], [7.43732, 6.36275], [7.44526, 6.37127], [7.44762, 6.37087], [7.45576, 6.37406], [7.461, 6.37931], [7.46319, 6.37844], [7.46923, 6.37548], [7.48386, 6.37398], [7.48604, 6.3724], [7.48662, 6.37068], [7.48801, 6.36923], [7.4898, 6.36883], [7.492, 6.36693], [7.49422, 6.36699], [7.49809, 6.35125], [7.49465, 6.34102]]]}, "properties": {"name": "Akegbe Ugwu 1", "lga": "Nkanu West", "state": "en"}}, {"type": "Feature", "geometry": {"type": "Polygon", "coordinates": [[[7.59608, 6.72277], [7.60397, 6.71718], [7.61823, 6.7219], [7.63085, 6.73187], [7.63508, 6.73716], [7.64053, 6.74837], [7.64527, 6.75526], [7.64756, 6.75743], [7.64987, 6.75888], [7.65379, 6.763], [7.65816, 6.76338], [7.6602, 6.76223], [7.66265, 6.76], [7.66297, 6.75889], [7.66446, 6.75668], [7.66506, 6.74333], [7.66721, 6.73993], [7.66935, 6.73665], [7.67251, 6.71891], [7.64955, 6.7091], [7.64196, 6.69965], [7.63842, 6.69117], [7.62666, 6.67608], [7.62796, 6.65997], [7.60304, 6.64006], [7.60222, 6.64058], [7.59552, 6.64394], [7.59808, 6.6559], [7.6028, 6.66159], [7.60898, 6.67262], [7.60789, 6.67583], [7.60855, 6.67968], [7.61142, 6.68293], [7.616, 6.68913], [7.61269, 6.69049], [7.60857, 6.69089], [7.60449, 6.69275], [7.6042, 6.69514], [7.60282, 6.69744], [7.6018, 6.70417], [7.60172, 6.70933], [7.59907, 6.71616], [7.59822, 6.71768], [7.59608, 6.72277]]]}, "properties": {"name": "Neke 1", "lga": "Isi-Uzo", "state": "en"}}, {"type": "Feature", "geometry": {"type": "Polygon", "coordinates": [[[7.63239, 6.77274], [7.63183, 6.77313], [7.61998, 6.77771], [7.60987, 6.77789], [7.60439, 6.78098], [7.60379, 6.78239], [7.61246, 6.80304], [7.61489, 6.80674], [7.61794, 6.81197], [7.61849, 6.81339], [7.62043, 6.8312], [7.6197, 6.83414], [7.61816, 6.83922], [7.61649, 6.84234], [7.61881, 6.84259], [7.62114, 6.84176], [7.63088, 6.83449], [7.63199, 6.83245], [7.63382, 6.8304], [7.63688, 6.82944], [7.63865, 6.82813], [7.65292, 6.81755], [7.6535, 6.81697], [7.64262, 6.80093], [7.63875, 6.78667], [7.63239, 6.77274]]]}, "properties": {"name": "Mbu 1", "lga": "Isi-Uzo", "state": "en"}}, {"type": "Feature", "geometry": {"type": "Polygon", "coordinates": [[[7.71193, 6.86092], [7.71943, 6.85353], [7.7253, 6.85103], [7.72878, 6.85123], [7.73408, 6.84995], [7.73654, 6.84679], [7.74138, 6.84584], [7.74563, 6.84586], [7.75198, 6.8475], [7.75803, 6.84874], [7.7629, 6.84881], [7.76616, 6.84679], [7.76025, 6.84059], [7.75546, 6.8342], [7.74649, 6.82041], [7.72987, 6.79733], [7.72589, 6.79211], [7.71539, 6.78007], [7.70175, 6.76708], [7.7007, 6.76649], [7.69767, 6.76536], [7.69552, 6.76456], [7.69359, 6.76227], [7.69164, 6.76055], [7.68966, 6.75997], [7.68992, 6.77251], [7.68957, 6.77409], [7.68861, 6.77632], [7.69102, 6.78763], [7.68855, 6.79544], [7.68315, 6.80361], [7.68043, 6.80628], [7.67367, 6.81446], [7.6697, 6.81633], [7.68813, 6.85269], [7.69175, 6.85158], [7.71193, 6.86092]]]}, "properties": {"name": "Ikem 1", "lga": "Isi-Uzo", "state": "en"}}, {"type": "Feature", "geometry": {"type": "Polygon", "coordinates": [[[7.64971, 6.26105], [7.66666, 6.26096], [7.66668, 6.26096], [7.68002, 6.25668], [7.67261, 6.24137], [7.67232, 6.2385], [7.66964, 6.22706], [7.66633, 6.21706], [7.66448, 6.21362], [7.65967, 6.21106], [7.6567, 6.21456], [7.65185, 6.21259], [7.64748, 6.21249], [7.64592, 6.21257], [7.64212, 6.21278], [7.62971, 6.1999], [7.61928, 6.19928], [7.59789, 6.21558], [7.5975, 6.21602], [7.60346, 6.22935], [7.60616, 6.23539], [7.60626, 6.24398], [7.60539, 6.25041], [7.6092, 6.25494], [7.61453, 6.25957], [7.622, 6.26021], [7.63293, 6.26115], [7.63491, 6.26113], [7.64971, 6.26105]]]}, "properties": {"name": "Nara 1", "lga": "Nkanu East", "state": "en"}}, {"type": "Feature", "geometry": {"type": "Polygon", "coordinates": [[[7.62202, 6.48333], [7.61244, 6.48198], [7.61057, 6.48074], [7.60565, 6.47775], [7.60505, 6.47639], [7.60278, 6.46872], [7.6026, 6.47341], [7.6013, 6.47655], [7.59352, 6.48649], [7.59104, 6.49049], [7.58178, 6.49745], [7.58064, 6.49811], [7.55945, 6.52183], [7.56036, 6.52909], [7.56026, 6.53144], [7.56604, 6.54369], [7.56895, 6.54953], [7.57281, 6.55578], [7.58919, 6.56231], [7.59557, 6.56463], [7.60756, 6.57061], [7.62066, 6.57318], [7.6341, 6.57937], [7.64633, 6.5699], [7.63376, 6.56748], [7.64646, 6.56047], [7.65016, 6.55354], [7.65261, 6.54908], [7.64898, 6.53799], [7.6506, 6.52727], [7.65599, 6.5267], [7.65807, 6.52493], [7.65086, 6.51766], [7.64817, 6.50906], [7.63725, 6.49674], [7.62993, 6.48812], [7.62612, 6.48584], [7.62388, 6.48447], [7.62202, 6.48333]]]}, "properties": {"name": "Mbulujodo 1(East)", "lga": "Enugu East", "state": "en"}}, {"type": "Feature", "geometry": {"type": "Polygon", "coordinates": [[[7.59552, 6.64394], [7.58437, 6.63332], [7.57446, 6.61588], [7.56595, 6.59913], [7.56225, 6.59982], [7.5589, 6.59996], [7.5559, 6.60066], [7.55375, 6.59363], [7.55115, 6.59592], [7.54033, 6.60352], [7.52868, 6.60799], [7.52079, 6.60813], [7.50963, 6.61567], [7.50622, 6.62841], [7.51632, 6.63396], [7.55654, 6.64896], [7.55241, 6.68114], [7.55539, 6.68196], [7.56613, 6.67399], [7.57575, 6.67369], [7.59808, 6.6559], [7.59552, 6.64394]]]}, "properties": {"name": "Mbuluiyiukwu 1", "lga": "Enugu East", "state": "en"}}, {"type": "Feature", "geometry": {"type": "Polygon", "coordinates": [[[7.538, 6.46108], [7.53106, 6.46124], [7.52955, 6.46163], [7.52413, 6.46433], [7.52168, 6.46503], [7.51752, 6.47484], [7.51727, 6.4764], [7.51684, 6.47919], [7.51679, 6.48241], [7.53088, 6.48307], [7.53196, 6.48204], [7.53311, 6.48189], [7.53434, 6.48145], [7.53554, 6.48159], [7.53638, 6.48212], [7.53766, 6.4817], [7.53829, 6.48627], [7.5399, 6.48869], [7.54607, 6.49563], [7.55667, 6.49197], [7.5556, 6.48795], [7.55378, 6.48814], [7.55324, 6.48391], [7.55313, 6.48221], [7.55509, 6.4812], [7.5591, 6.47989], [7.56124, 6.48021], [7.55992, 6.47796], [7.55697, 6.47499], [7.55182, 6.47521], [7.53994, 6.45454], [7.5404, 6.45838], [7.538, 6.46108]]]}, "properties": {"name": "Abakpa 1", "lga": "Enugu East", "state": "en"}}, {"type": "Feature", "geometry": {"type": "Polygon", "coordinates": [[[7.48057, 6.50139], [7.47242, 6.50258], [7.46807, 6.50421], [7.46556, 6.50497], [7.45051, 6.5001], [7.43715, 6.50405], [7.43263, 6.50312], [7.43112, 6.50439], [7.42286, 6.50441], [7.41999, 6.50526], [7.41537, 6.50872], [7.415, 6.52455], [7.41344, 6.52841], [7.41435, 6.53893], [7.41436, 6.54405], [7.41293, 6.55667], [7.4138, 6.57012], [7.42147, 6.57432], [7.42352, 6.57521], [7.4448, 6.57893], [7.46002, 6.57924], [7.46453, 6.58151], [7.46881, 6.58236], [7.47258, 6.58367], [7.47805, 6.58471], [7.47753, 6.57567], [7.47861, 6.57232], [7.48071, 6.57004], [7.48325, 6.57034], [7.48582, 6.56562], [7.48942, 6.56398], [7.49256, 6.56255], [7.49644, 6.56161], [7.49966, 6.55824], [7.50084, 6.55383], [7.49852, 6.55075], [7.49188, 6.54743], [7.47829, 6.54446], [7.47035, 6.53952], [7.4661, 6.53237], [7.48557, 6.52339], [7.48882, 6.52494], [7.49107, 6.52747], [7.49596, 6.52751], [7.50004, 6.52679], [7.50458, 6.52366], [7.50542, 6.52222], [7.50542, 6.5199], [7.50701, 6.5176], [7.50738, 6.51578], [7.50846, 6.51489], [7.50817, 6.51233], [7.50929, 6.50929], [7.5125, 6.50522], [7.50486, 6.50024], [7.50378, 6.5014], [7.50321, 6.50163], [7.49488, 6.50184], [7.4843, 6.50675], [7.48291, 6.50557], [7.48011, 6.50348], [7.48057, 6.50139]]]}, "properties": {"name": "Mbuluowehe 1&2", "lga": "Enugu East", "state": "en"}}, {"type": "Feature", "geometry": {"type": "Polygon", "coordinates": [[[7.22307, 6.78751], [7.21834, 6.79223], [7.20421, 6.78783], [7.19957, 6.78426], [7.19696, 6.78447], [7.19115, 6.78947], [7.19036, 6.79564], [7.19102, 6.80512], [7.1938, 6.8178], [7.21489, 6.82058], [7.21798, 6.82234], [7.22995, 6.82089], [7.23241, 6.82326], [7.24608, 6.82446], [7.24661, 6.81131], [7.2444, 6.80381], [7.25117, 6.80346], [7.25479, 6.80308], [7.25977, 6.80114], [7.25178, 6.78385], [7.23657, 6.78142], [7.22307, 6.78751]]]}, "properties": {"name": "Ugbene 1", "lga": "Uzo-Uwani", "state": "en"}}, {"type": "Feature", "geometry": {"type": "Polygon", "coordinates": [[[7.72713, 6.14904], [7.72022, 6.14591], [7.70616, 6.13555], [7.698, 6.13249], [7.68991, 6.13018], [7.67564, 6.12792], [7.63516, 6.11143], [7.63511, 6.11141], [7.64711, 6.15399], [7.64893, 6.15924], [7.65584, 6.16997], [7.65878, 6.17454], [7.66273, 6.18068], [7.66613, 6.18074], [7.68385, 6.18382], [7.69415, 6.18181], [7.71986, 6.16859], [7.72748, 6.16761], [7.72713, 6.14904]]]}, "properties": {"name": "Nkerefi 1", "lga": "Nkanu East", "state": "en"}}, {"type": "Feature", "geometry": {"type": "Polygon", "coordinates": [[[7.58909, 6.32612], [7.58981, 6.32573], [7.59255, 6.32349], [7.59565, 6.3236], [7.59975, 6.32417], [7.6059, 6.32702], [7.60776, 6.32707], [7.61062, 6.32575], [7.61395, 6.32445], [7.61811, 6.32334], [7.63566, 6.3208], [7.62938, 6.30302], [7.62263, 6.29033], [7.60407, 6.29191], [7.59328, 6.3054], [7.58854, 6.30842], [7.58756, 6.30897], [7.58211, 6.312], [7.58034, 6.31517], [7.57754, 6.31798], [7.58105, 6.32636], [7.58212, 6.32669], [7.58763, 6.32623], [7.58909, 6.32612]]]}, "properties": {"name": "Obinagu Uwani / Akpugo 1", "lga": "Nkanu West", "state": "en"}}, {"type": "Feature", "geometry": {"type": "Polygon", "coordinates": [[[7.43185, 7.10155], [7.43553, 7.09782], [7.43587, 7.09775], [7.43857, 7.0975], [7.4424, 7.09592], [7.4502, 7.09678], [7.45742, 7.09591], [7.46041, 7.09315], [7.46103, 7.09266], [7.46472, 7.08923], [7.47039, 7.09391], [7.47017, 7.08685], [7.4765, 7.08508], [7.48252, 7.08194], [7.48058, 7.08051], [7.47847, 7.07885], [7.47636, 7.07674], [7.47379, 7.07568], [7.47084, 7.07502], [7.47072, 7.07484], [7.46858, 7.07574], [7.468, 7.07746], [7.4661, 7.08051], [7.4636, 7.08211], [7.45809, 7.07589], [7.45599, 7.07662], [7.44222, 7.08714], [7.42913, 7.08831], [7.42451, 7.1003], [7.43185, 7.10155]]]}, "properties": {"name": "Ette 3", "lga": "Igbo-Eze North", "state": "en"}}, {"type": "Feature", "geometry": {"type": "Polygon", "coordinates": [[[7.42256, 7.07783], [7.41183, 7.07557], [7.40994, 7.0763], [7.40809, 7.07687], [7.40541, 7.07452], [7.40188, 7.07323], [7.38847, 7.07561], [7.38847, 7.07562], [7.38795, 7.08163], [7.38676, 7.08612], [7.39441, 7.0929], [7.41667, 7.09743], [7.42451, 7.1003], [7.42913, 7.08831], [7.44222, 7.08714], [7.44317, 7.0802], [7.43739, 7.07908], [7.42256, 7.07783]]]}, "properties": {"name": "Ette 1", "lga": "Igbo-Eze North", "state": "en"}}, {"type": "Feature", "geometry": {"type": "Polygon", "coordinates": [[[7.37723, 6.67243], [7.37554, 6.67788], [7.37475, 6.68337], [7.37655, 6.68701], [7.38199, 6.69174], [7.38648, 6.69439], [7.39406, 6.70001], [7.40511, 6.72164], [7.40816, 6.72231], [7.41185, 6.72012], [7.41438, 6.71858], [7.41667, 6.71934], [7.42078, 6.71893], [7.4253, 6.71776], [7.42239, 6.70327], [7.40756, 6.67919], [7.38253, 6.67343], [7.37723, 6.67243]]]}, "properties": {"name": "Umuna", "lga": "Igbo-Etiti", "state": "en"}}, {"type": "Feature", "geometry": {"type": "Polygon", "coordinates": [[[7.59707, 6.08926], [7.5984, 6.06649], [7.60395, 6.03896], [7.61601, 6.0275], [7.6205, 6.01912], [7.60741, 6.01175], [7.59658, 6.00378], [7.58346, 5.99293], [7.56963, 5.97324], [7.56864, 5.97438], [7.56353, 5.98032], [7.55908, 5.98548], [7.54933, 5.9924], [7.5333, 6.00377], [7.53017, 6.00599], [7.53338, 6.01098], [7.52006, 6.02002], [7.51282, 6.0211], [7.51749, 6.03575], [7.51952, 6.03778], [7.531, 6.05206], [7.53718, 6.06132], [7.55433, 6.07826], [7.5635, 6.09677], [7.57869, 6.09682], [7.58031, 6.09265], [7.58254, 6.09234], [7.58696, 6.09273], [7.59211, 6.09116], [7.59204, 6.08656], [7.59707, 6.08926]]]}, "properties": {"name": "Ndeaboh", "lga": "Aninri", "state": "en"}}, {"type": "Feature", "geometry": {"type": "Polygon", "coordinates": [[[7.53662, 7.02274], [7.53472, 7.02328], [7.53267, 7.02019], [7.53229, 7.01788], [7.53173, 7.0162], [7.53105, 7.01524], [7.52891, 7.01239], [7.52571, 7.00798], [7.52566, 7.00797], [7.52405, 7.00715], [7.52104, 7.00498], [7.51718, 7.00006], [7.51259, 6.99454], [7.51155, 6.99371], [7.50301, 7.00192], [7.51353, 7.02119], [7.51764, 7.02309], [7.51873, 7.02421], [7.51942, 7.02493], [7.51949, 7.02582], [7.52126, 7.03059], [7.52236, 7.03582], [7.52045, 7.04314], [7.52567, 7.03591], [7.53051, 7.03228], [7.53662, 7.02274]]]}, "properties": {"name": "Umuozzi 10", "lga": "Igbo-Eze North", "state": "en"}}, {"type": "Feature", "geometry": {"type": "Polygon", "coordinates": [[[7.45202, 7.08056], [7.45384, 7.07815], [7.45599, 7.07662], [7.45809, 7.07589], [7.4636, 7.08211], [7.4661, 7.08051], [7.468, 7.07746], [7.46858, 7.07574], [7.47072, 7.07484], [7.47084, 7.07502], [7.47379, 7.07568], [7.47636, 7.07674], [7.47847, 7.07885], [7.48058, 7.08051], [7.48252, 7.08194], [7.49101, 7.07373], [7.50203, 7.069], [7.50314, 7.06744], [7.50105, 7.06586], [7.49101, 7.069], [7.48575, 7.06428], [7.48025, 7.06617], [7.47929, 7.06432], [7.47668, 7.06179], [7.47576, 7.05973], [7.47473, 7.05706], [7.4739, 7.05317], [7.4711, 7.04976], [7.4679, 7.05402], [7.46537, 7.05679], [7.46401, 7.05721], [7.46144, 7.05752], [7.45633, 7.06058], [7.44808, 7.06655], [7.44537, 7.06681], [7.44317, 7.0802], [7.44222, 7.08714], [7.44552, 7.08438], [7.44991, 7.08129], [7.45202, 7.08056]]]}, "properties": {"name": "Umuozzi 9", "lga": "Igbo-Eze North", "state": "en"}}, {"type": "Feature", "geometry": {"type": "Polygon", "coordinates": [[[7.08291, 6.56129], [7.09204, 6.5758], [7.10947, 6.59324], [7.11557, 6.60326], [7.11775, 6.61546], [7.1243, 6.62529], [7.16438, 6.59876], [7.18153, 6.58822], [7.21604, 6.57013], [7.22344, 6.56683], [7.21301, 6.5506], [7.18788, 6.50283], [7.1388, 6.51975], [7.10154, 6.54909], [7.09248, 6.55226], [7.08291, 6.56129]]]}, "properties": {"name": "Adaba / Nkume", "lga": "Uzo-Uwani", "state": "en"}}, {"type": "Feature", "geometry": {"type": "Polygon", "coordinates": [[[6.98609, 6.78859], [6.99078, 6.78541], [6.99998, 6.78541], [6.998, 6.78285], [6.98149, 6.7634], [6.98075, 6.76249], [6.97849, 6.76125], [6.94796, 6.76945], [6.92993, 6.78649], [6.94477, 6.79865], [6.9524, 6.80809], [6.95218, 6.82795], [6.96082, 6.8409], [6.96321, 6.84449], [6.97818, 6.85], [6.98684, 6.84449], [6.98999, 6.83346], [6.98999, 6.82322], [6.98773, 6.81296], [6.987, 6.80668], [6.98534, 6.7988], [6.98609, 6.78859]]]}, "properties": {"name": "Ogurugu", "lga": "Uzo-Uwani", "state": "en"}}, {"type": "Feature", "geometry": {"type": "Polygon", "coordinates": [[[7.23576, 6.57334], [7.22344, 6.56683], [7.21604, 6.57013], [7.18153, 6.58822], [7.16438, 6.59876], [7.1243, 6.62529], [7.12472, 6.62592], [7.12864, 6.63551], [7.13169, 6.64335], [7.13257, 6.65207], [7.12908, 6.65948], [7.11688, 6.66645], [7.11267, 6.66897], [7.11292, 6.66956], [7.13353, 6.70503], [7.14951, 6.70466], [7.16681, 6.69886], [7.18664, 6.69042], [7.19972, 6.68516], [7.22151, 6.67661], [7.23576, 6.57334]]]}, "properties": {"name": "Ukpata", "lga": "Uzo-Uwani", "state": "en"}}, {"type": "Feature", "geometry": {"type": "Polygon", "coordinates": [[[7.22307, 6.78751], [7.23657, 6.78142], [7.25178, 6.78385], [7.26496, 6.77791], [7.26568, 6.77725], [7.27605, 6.77069], [7.27599, 6.76092], [7.30012, 6.74869], [7.30166, 6.73675], [7.29677, 6.72899], [7.24137, 6.71329], [7.24115, 6.72611], [7.24, 6.73381], [7.23508, 6.74236], [7.23175, 6.74719], [7.22578, 6.75602], [7.21541, 6.76302], [7.20719, 6.7684], [7.19413, 6.76566], [7.16939, 6.76071], [7.16242, 6.78451], [7.19115, 6.78947], [7.19696, 6.78447], [7.19957, 6.78426], [7.20421, 6.78783], [7.21834, 6.79223], [7.22307, 6.78751]]]}, "properties": {"name": "Nkpologo", "lga": "Uzo-Uwani", "state": "en"}}, {"type": "Feature", "geometry": {"type": "Polygon", "coordinates": [[[7.26557, 6.86414], [7.27958, 6.86333], [7.29281, 6.86222], [7.30365, 6.85107], [7.30566, 6.84742], [7.29325, 6.81142], [7.27843, 6.82181], [7.27359, 6.82251], [7.27154, 6.8237], [7.26065, 6.82673], [7.25425, 6.84554], [7.26489, 6.86251], [7.26557, 6.86414]]]}, "properties": {"name": "Nrobo", "lga": "Uzo-Uwani", "state": "en"}}, {"type": "Feature", "geometry": {"type": "Polygon", "coordinates": [[[7.20282, 6.90231], [7.22851, 6.89996], [7.26557, 6.86414], [7.26489, 6.86251], [7.25425, 6.84554], [7.26065, 6.82673], [7.25774, 6.82488], [7.24623, 6.82451], [7.24608, 6.82446], [7.23241, 6.82326], [7.22995, 6.82089], [7.21798, 6.82234], [7.21489, 6.82058], [7.1938, 6.8178], [7.19131, 6.82435], [7.18714, 6.87492], [7.1823, 6.89904], [7.18772, 6.90121], [7.20282, 6.90231]]]}, "properties": {"name": "Abbi", "lga": "Uzo-Uwani", "state": "en"}}, {"type": "Feature", "geometry": {"type": "Polygon", "coordinates": [[[7.14951, 6.70466], [7.13353, 6.70503], [7.11465, 6.7399], [7.11951, 6.75158], [7.1502, 6.77359], [7.16242, 6.78451], [7.16939, 6.76071], [7.19413, 6.76566], [7.20719, 6.7684], [7.21541, 6.76302], [7.22578, 6.75602], [7.23175, 6.74719], [7.23508, 6.74236], [7.24, 6.73381], [7.24115, 6.72611], [7.24137, 6.71329], [7.23355, 6.69328], [7.2284, 6.68228], [7.22151, 6.67661], [7.19972, 6.68516], [7.18664, 6.69042], [7.16681, 6.69886], [7.14951, 6.70466]]]}, "properties": {"name": "Uvuru", "lga": "Uzo-Uwani", "state": "en"}}, {"type": "Feature", "geometry": {"type": "Polygon", "coordinates": [[[7.52255, 6.40247], [7.52602, 6.40809], [7.51395, 6.41091], [7.51322, 6.41072], [7.51148, 6.41005], [7.50975, 6.4092], [7.50875, 6.40935], [7.50741, 6.41009], [7.5066, 6.40852], [7.50586, 6.40872], [7.50592, 6.40957], [7.50316, 6.41491], [7.50424, 6.41502], [7.5088, 6.41722], [7.51102, 6.41801], [7.52003, 6.41824], [7.5297, 6.41601], [7.53458, 6.41283], [7.54167, 6.41187], [7.5434, 6.41092], [7.54527, 6.40945], [7.54686, 6.40921], [7.55069, 6.40526], [7.54775, 6.40029], [7.54791, 6.39965], [7.54869, 6.39895], [7.54726, 6.39716], [7.54609, 6.39558], [7.54333, 6.39343], [7.54101, 6.38862], [7.53482, 6.3908], [7.53165, 6.39235], [7.52961, 6.39439], [7.52255, 6.40247]]]}, "properties": {"name": "Maryland", "lga": "Enugu South", "state": "en"}}, {"type": "Feature", "geometry": {"type": "Polygon", "coordinates": [[[7.48092, 6.42266], [7.48429, 6.43064], [7.48695, 6.4329], [7.48742, 6.43269], [7.48774, 6.43239], [7.48799, 6.43219], [7.49081, 6.43385], [7.49723, 6.4325], [7.4968, 6.42564], [7.49605, 6.42496], [7.49194, 6.42127], [7.49283, 6.42017], [7.49457, 6.41833], [7.4929, 6.41718], [7.48223, 6.42014], [7.4818, 6.42082], [7.4815, 6.42183], [7.48092, 6.42266]]]}, "properties": {"name": "Uwani East", "lga": "Enugu South", "state": "en"}}, {"type": "Feature", "geometry": {"type": "Polygon", "coordinates": [[[7.53119, 6.36479], [7.52887, 6.36494], [7.52619, 6.3663], [7.5237, 6.36577], [7.52275, 6.36573], [7.51793, 6.36797], [7.51667, 6.36821], [7.51747, 6.37156], [7.5206, 6.37614], [7.5242, 6.37144], [7.52727, 6.36968], [7.5296, 6.36794], [7.5305, 6.36756], [7.5329, 6.36863], [7.53287, 6.37021], [7.53662, 6.37157], [7.53813, 6.3725], [7.54207, 6.37464], [7.54397, 6.37732], [7.54492, 6.37986], [7.54257, 6.38189], [7.5414, 6.38238], [7.54039, 6.38295], [7.53979, 6.38454], [7.53985, 6.38653], [7.54101, 6.38862], [7.54333, 6.39343], [7.54609, 6.39558], [7.54726, 6.39716], [7.54869, 6.39895], [7.54791, 6.39965], [7.54775, 6.40029], [7.55069, 6.40526], [7.55258, 6.40445], [7.5559, 6.40288], [7.55804, 6.40196], [7.55966, 6.40183], [7.56133, 6.40213], [7.56355, 6.40166], [7.56472, 6.39944], [7.57712, 6.40003], [7.57908, 6.39385], [7.57694, 6.39181], [7.57466, 6.38901], [7.57411, 6.38721], [7.57431, 6.3853], [7.57275, 6.38357], [7.57043, 6.3827], [7.56822, 6.38177], [7.56727, 6.38186], [7.56668, 6.37829], [7.56613, 6.37536], [7.56375, 6.37349], [7.56359, 6.37163], [7.56142, 6.36714], [7.5605, 6.36596], [7.55926, 6.36598], [7.55793, 6.3666], [7.55734, 6.36603], [7.55723, 6.36474], [7.557, 6.36208], [7.55628, 6.36106], [7.55258, 6.35993], [7.55088, 6.35889], [7.54926, 6.35859], [7.54662, 6.35856], [7.54354, 6.35986], [7.53956, 6.35973], [7.53789, 6.35942], [7.5369, 6.36171], [7.53533, 6.36379], [7.53313, 6.36394], [7.53119, 6.36479]]]}, "properties": {"name": "Obeagu", "lga": "Enugu South", "state": "en"}}, {"type": "Feature", "geometry": {"type": "Polygon", "coordinates": [[[7.53914, 6.44847], [7.53994, 6.45454], [7.54331, 6.45537], [7.55296, 6.45244], [7.55703, 6.45158], [7.55845, 6.44759], [7.56204, 6.44482], [7.56534, 6.44324], [7.56783, 6.44488], [7.56887, 6.44399], [7.56968, 6.44086], [7.57293, 6.44143], [7.57614, 6.4403], [7.57739, 6.44031], [7.57868, 6.44152], [7.57839, 6.44298], [7.57916, 6.44409], [7.58052, 6.4452], [7.58325, 6.44575], [7.58386, 6.44597], [7.58402, 6.44539], [7.58442, 6.44388], [7.58518, 6.44388], [7.58589, 6.44305], [7.58715, 6.44298], [7.5874, 6.43968], [7.58824, 6.43954], [7.59135, 6.43897], [7.59368, 6.43759], [7.59367, 6.43547], [7.59331, 6.43318], [7.59264, 6.43155], [7.58753, 6.42444], [7.58477, 6.42538], [7.58448, 6.42609], [7.58359, 6.42588], [7.58209, 6.42471], [7.57649, 6.4196], [7.5733, 6.41542], [7.57247, 6.41344], [7.57482, 6.41163], [7.57712, 6.40003], [7.56472, 6.39944], [7.56355, 6.40166], [7.56133, 6.40213], [7.55966, 6.40183], [7.55804, 6.40196], [7.54887, 6.40619], [7.54797, 6.40703], [7.54739, 6.4085], [7.54686, 6.40921], [7.54527, 6.40945], [7.5434, 6.41092], [7.54167, 6.41187], [7.53458, 6.41283], [7.53344, 6.41383], [7.53211, 6.41418], [7.53088, 6.41505], [7.53569, 6.42029], [7.53744, 6.423], [7.53936, 6.43728], [7.53914, 6.44847]]]}, "properties": {"name": "Ugwuaji", "lga": "Enugu South", "state": "en"}}, {"type": "Feature", "geometry": {"type": "Polygon", "coordinates": [[[7.5206, 6.37614], [7.50946, 6.39211], [7.51374, 6.3936], [7.51799, 6.39669], [7.52255, 6.40247], [7.52961, 6.39439], [7.53165, 6.39235], [7.53482, 6.3908], [7.54101, 6.38862], [7.53985, 6.38653], [7.53979, 6.38454], [7.54039, 6.38295], [7.5414, 6.38238], [7.54257, 6.38189], [7.54492, 6.37986], [7.54397, 6.37732], [7.54207, 6.37464], [7.53813, 6.3725], [7.53662, 6.37157], [7.53287, 6.37021], [7.5329, 6.36863], [7.5305, 6.36756], [7.5296, 6.36794], [7.52727, 6.36968], [7.5242, 6.37144], [7.5206, 6.37614]]]}, "properties": {"name": "Amechi West / Amechi 2", "lga": "Enugu South", "state": "en"}}, {"type": "Feature", "geometry": {"type": "Polygon", "coordinates": [[[7.45938, 6.38624], [7.4568, 6.3899], [7.45521, 6.39525], [7.45175, 6.40015], [7.45965, 6.41328], [7.48156, 6.40325], [7.48084, 6.3991], [7.48244, 6.39902], [7.48202, 6.39652], [7.48328, 6.39526], [7.4847, 6.39333], [7.48582, 6.39239], [7.48571, 6.39097], [7.48525, 6.3855], [7.48997, 6.3854], [7.49328, 6.38506], [7.4933, 6.3838], [7.4943, 6.38424], [7.49604, 6.3848], [7.49925, 6.38541], [7.49857, 6.38407], [7.49803, 6.38303], [7.49703, 6.38036], [7.49629, 6.37656], [7.49422, 6.36699], [7.492, 6.36693], [7.4898, 6.36883], [7.48801, 6.36923], [7.48662, 6.37068], [7.48604, 6.3724], [7.48386, 6.37398], [7.46923, 6.37548], [7.46319, 6.37844], [7.461, 6.37931], [7.45938, 6.38624]]]}, "properties": {"name": "Akwuke Central", "lga": "Enugu South", "state": "en"}}, {"type": "Feature", "geometry": {"type": "Polygon", "coordinates": [[[7.44566, 6.7961], [7.43652, 6.74908], [7.4332, 6.75119], [7.43122, 6.75408], [7.42813, 6.7605], [7.42589, 6.76313], [7.41698, 6.76813], [7.41448, 6.76901], [7.40892, 6.7689], [7.40756, 6.76988], [7.40967, 6.78604], [7.41307, 6.7857], [7.41754, 6.79007], [7.43015, 6.79224], [7.43064, 6.79321], [7.43165, 6.79481], [7.43408, 6.79405], [7.43593, 6.794], [7.44038, 6.79418], [7.44322, 6.79771], [7.44566, 6.7961]]]}, "properties": {"name": "Idi / Ogbozara", "lga": "Nsukka", "state": "en"}}, {"type": "Feature", "geometry": {"type": "Polygon", "coordinates": [[[7.5534, 6.34313], [7.53855, 6.3429], [7.534, 6.3315], [7.52957, 6.33383], [7.52746, 6.33468], [7.52605, 6.33459], [7.52371, 6.3343], [7.51957, 6.33501], [7.52088, 6.3404], [7.52117, 6.34251], [7.52041, 6.34432], [7.52026, 6.34518], [7.51907, 6.34597], [7.53119, 6.36479], [7.53313, 6.36394], [7.53533, 6.36379], [7.5369, 6.36171], [7.53789, 6.35942], [7.55088, 6.35889], [7.5534, 6.34313]]]}, "properties": {"name": "Amodu", "lga": "Nkanu West", "state": "en"}}, {"type": "Feature", "geometry": {"type": "Polygon", "coordinates": [[[7.2563, 6.34573], [7.25622, 6.34049], [7.25621, 6.33933], [7.25562, 6.33521], [7.25621, 6.33148], [7.25692, 6.32442], [7.25873, 6.3127], [7.2475, 6.31563], [7.23902, 6.30858], [7.23331, 6.30716], [7.22605, 6.30693], [7.22569, 6.30706], [7.20906, 6.31273], [7.19628, 6.27989], [7.16024, 6.30337], [7.16022, 6.30368], [7.16105, 6.31197], [7.16176, 6.31559], [7.15894, 6.32299], [7.15232, 6.32894], [7.18629, 6.33803], [7.18968, 6.33867], [7.19981, 6.33981], [7.209, 6.32989], [7.23017, 6.33966], [7.23809, 6.33773], [7.24649, 6.34132], [7.24851, 6.34177], [7.2563, 6.34573]]]}, "properties": {"name": "Aguobu Umumba / Umumba Ndiagu", "lga": "Ezeagu", "state": "en"}}, {"type": "Feature", "geometry": {"type": "Polygon", "coordinates": [[[7.57996, 6.82242], [7.58198, 6.82146], [7.58427, 6.82162], [7.58517, 6.82197], [7.58879, 6.82372], [7.59185, 6.82627], [7.59276, 6.82724], [7.60301, 6.83356], [7.60899, 6.83644], [7.61318, 6.83993], [7.61354, 6.84283], [7.61649, 6.84234], [7.61816, 6.83922], [7.6197, 6.83414], [7.62043, 6.8312], [7.61849, 6.81339], [7.61794, 6.81197], [7.61489, 6.80674], [7.61246, 6.80304], [7.60379, 6.78239], [7.60439, 6.78098], [7.60127, 6.78195], [7.59445, 6.78467], [7.58991, 6.78974], [7.58626, 6.79062], [7.58292, 6.7918], [7.57861, 6.7942], [7.57664, 6.7967], [7.57455, 6.79942], [7.57292, 6.8015], [7.56958, 6.80401], [7.56757, 6.80422], [7.5656, 6.80469], [7.57311, 6.80921], [7.58059, 6.81453], [7.57601, 6.81543], [7.57434, 6.81623], [7.57589, 6.81774], [7.57682, 6.81953], [7.57996, 6.82242]]]}, "properties": {"name": "Ogbodu Aba", "lga": "Udenu", "state": "en"}}, {"type": "Feature", "geometry": {"type": "Polygon", "coordinates": [[[7.34823, 6.67089], [7.37807, 6.66773], [7.37782, 6.66179], [7.37814, 6.64947], [7.37965, 6.64447], [7.37988, 6.64302], [7.37041, 6.64257], [7.35573, 6.63471], [7.34489, 6.62891], [7.34125, 6.62608], [7.34067, 6.62715], [7.34823, 6.67089]]]}, "properties": {"name": "Ochima / Onyoho / Idoha", "lga": "Igbo-Etiti", "state": "en"}}, {"type": "Feature", "geometry": {"type": "Polygon", "coordinates": [[[7.55868, 6.20785], [7.5569, 6.20869], [7.55687, 6.20871], [7.53871, 6.21723], [7.55201, 6.22574], [7.55634, 6.23327], [7.55899, 6.24542], [7.55969, 6.2577], [7.55972, 6.26691], [7.59417, 6.2739], [7.59475, 6.2716], [7.59833, 6.26738], [7.59862, 6.26497], [7.59732, 6.25992], [7.59945, 6.25631], [7.60539, 6.25041], [7.60626, 6.24398], [7.60616, 6.23539], [7.60346, 6.22935], [7.5975, 6.21602], [7.55868, 6.20785]]]}, "properties": {"name": "Obinagu / Ugbawka", "lga": "Nkanu East", "state": "en"}}, {"type": "Feature", "geometry": {"type": "Polygon", "coordinates": [[[7.37692, 6.84779], [7.37982, 6.84564], [7.38255, 6.84371], [7.39566, 6.83871], [7.39531, 6.83773], [7.40586, 6.84331], [7.40604, 6.8431], [7.40657, 6.84241], [7.40683, 6.84119], [7.40707, 6.8284], [7.40441, 6.82755], [7.39546, 6.83001], [7.39155, 6.82406], [7.39309, 6.81329], [7.38735, 6.79032], [7.38284, 6.78759], [7.38057, 6.78531], [7.37877, 6.78523], [7.37621, 6.78446], [7.37521, 6.7846], [7.37244, 6.78668], [7.37056, 6.78652], [7.35474, 6.78105], [7.34881, 6.78628], [7.34671, 6.78855], [7.34299, 6.79097], [7.33157, 6.79326], [7.33223, 6.79453], [7.33512, 6.79905], [7.34054, 6.80297], [7.34252, 6.80665], [7.34198, 6.81073], [7.34199, 6.81478], [7.3438, 6.81568], [7.34424, 6.81691], [7.34948, 6.8179], [7.35396, 6.81971], [7.35815, 6.82152], [7.37692, 6.84779]]]}, "properties": {"name": "Nkpunano", "lga": "Nsukka", "state": "en"}}, {"type": "Feature", "geometry": {"type": "Polygon", "coordinates": [[[7.39404, 6.54341], [7.40931, 6.53936], [7.41222, 6.53805], [7.41337, 6.53779], [7.41435, 6.53893], [7.41344, 6.52841], [7.415, 6.52455], [7.41537, 6.50872], [7.39765, 6.50658], [7.39756, 6.5145], [7.39016, 6.51922], [7.39387, 6.53709], [7.39382, 6.53883], [7.39404, 6.54341]]]}, "properties": {"name": "Ukanu / Awhum", "lga": "Udi", "state": "en"}}, {"type": "Feature", "geometry": {"type": "Polygon", "coordinates": [[[7.34218, 6.76138], [7.34838, 6.76169], [7.35326, 6.76143], [7.3578, 6.76287], [7.36347, 6.76538], [7.36775, 6.75829], [7.37124, 6.75691], [7.37646, 6.75431], [7.38074, 6.74661], [7.37811, 6.74306], [7.37724, 6.742], [7.37431, 6.73845], [7.37115, 6.73664], [7.36747, 6.73418], [7.36381, 6.73179], [7.36161, 6.72826], [7.35248, 6.72581], [7.34952, 6.72282], [7.33694, 6.72744], [7.33041, 6.72638], [7.31235, 6.73197], [7.30166, 6.73675], [7.30012, 6.74869], [7.31063, 6.7605], [7.31704, 6.76571], [7.32785, 6.76642], [7.3388, 6.76184], [7.34066, 6.7595], [7.34218, 6.76138]]]}, "properties": {"name": "Ejuona Uwani", "lga": "Nsukka", "state": "en"}}, {"type": "Feature", "geometry": {"type": "Polygon", "coordinates": [[[7.36293, 6.61784], [7.36345, 6.60823], [7.36024, 6.60267], [7.35619, 6.59221], [7.33468, 6.5739], [7.33455, 6.5737], [7.30323, 6.55004], [7.29277, 6.54375], [7.28382, 6.54514], [7.27513, 6.55095], [7.26295, 6.54854], [7.24653, 6.55574], [7.23576, 6.57334], [7.22984, 6.61229], [7.2811, 6.61515], [7.30743, 6.61272], [7.32501, 6.61913], [7.34125, 6.62608], [7.34489, 6.62891], [7.35573, 6.63471], [7.35711, 6.63118], [7.36077, 6.6249], [7.36293, 6.61784]]]}, "properties": {"name": "Affa / Oghu", "lga": "Udi", "state": "en"}}, {"type": "Feature", "geometry": {"type": "Polygon", "coordinates": [[[7.25077, 6.68057], [7.2884, 6.6777], [7.289, 6.67776], [7.2976, 6.67865], [7.30285, 6.67536], [7.30723, 6.67181], [7.31116, 6.66921], [7.31156, 6.66881], [7.31453, 6.66587], [7.31988, 6.65977], [7.34125, 6.62608], [7.32501, 6.61913], [7.30743, 6.61272], [7.2811, 6.61515], [7.22984, 6.61229], [7.22868, 6.61988], [7.22594, 6.64149], [7.22151, 6.67661], [7.2284, 6.68228], [7.25077, 6.68057]]]}, "properties": {"name": "Akpakwume / Nze", "lga": "Udi", "state": "en"}}, {"type": "Feature", "geometry": {"type": "Polygon", "coordinates": [[[7.5095, 6.13321], [7.51457, 6.12723], [7.51752, 6.12366], [7.52006, 6.11982], [7.5217, 6.11844], [7.52322, 6.11715], [7.5292, 6.11447], [7.54281, 6.09824], [7.54767, 6.09498], [7.54914, 6.09016], [7.54905, 6.08575], [7.54881, 6.08302], [7.52127, 6.09143], [7.51555, 6.09086], [7.50832, 6.09349], [7.50124, 6.09293], [7.49883, 6.092], [7.49417, 6.08911], [7.4902, 6.08923], [7.46938, 6.10413], [7.47091, 6.10873], [7.47255, 6.11065], [7.47372, 6.11318], [7.48048, 6.12018], [7.48452, 6.12635], [7.49808, 6.12942], [7.5095, 6.13321]]]}, "properties": {"name": "Mgbowo", "lga": "Awgu", "state": "en"}}, {"type": "Feature", "geometry": {"type": "Polygon", "coordinates": [[[7.48652, 6.43832], [7.48774, 6.43239], [7.48742, 6.43269], [7.48695, 6.4329], [7.48429, 6.43064], [7.48092, 6.42266], [7.47515, 6.41738], [7.46802, 6.41714], [7.46923, 6.42164], [7.46653, 6.4225], [7.46495, 6.42326], [7.464, 6.42442], [7.46136, 6.42687], [7.46018, 6.42739], [7.46742, 6.4351], [7.473, 6.43815], [7.47882, 6.44268], [7.48195, 6.44749], [7.48397, 6.4457], [7.48492, 6.44528], [7.4854, 6.44518], [7.48652, 6.43832]]]}, "properties": {"name": "Ogbete East", "lga": "Enugu North", "state": "en"}}, {"type": "Feature", "geometry": {"type": "Polygon", "coordinates": [[[7.51957, 6.33501], [7.52371, 6.3343], [7.52605, 6.33459], [7.52746, 6.33468], [7.52957, 6.33383], [7.53028, 6.33241], [7.5297, 6.33094], [7.5292, 6.32938], [7.52384, 6.32798], [7.51889, 6.31715], [7.51644, 6.31541], [7.51575, 6.31437], [7.51377, 6.31359], [7.50906, 6.31619], [7.50752, 6.31646], [7.50433, 6.3166], [7.50265, 6.31477], [7.4972, 6.31387], [7.48948, 6.32498], [7.48969, 6.32547], [7.49367, 6.3331], [7.49465, 6.34102], [7.49809, 6.35125], [7.52026, 6.34518], [7.52041, 6.34432], [7.52117, 6.34251], [7.52088, 6.3404], [7.51957, 6.33501]]]}, "properties": {"name": "Obuoffia", "lga": "Nkanu West", "state": "en"}}, {"type": "Feature", "geometry": {"type": "Polygon", "coordinates": [[[7.54559, 6.30014], [7.54775, 6.30094], [7.54883, 6.30134], [7.55215, 6.30092], [7.55617, 6.29898], [7.55781, 6.29647], [7.55703, 6.28706], [7.56031, 6.28127], [7.55972, 6.26691], [7.55969, 6.2577], [7.55899, 6.24542], [7.55634, 6.23327], [7.55201, 6.22574], [7.53871, 6.21723], [7.52889, 6.22184], [7.52211, 6.22436], [7.50497, 6.23718], [7.5053, 6.24856], [7.50555, 6.24996], [7.50619, 6.25586], [7.50584, 6.26417], [7.50367, 6.27203], [7.50379, 6.27315], [7.51974, 6.28293], [7.53125, 6.30216], [7.53683, 6.30114], [7.54052, 6.30037], [7.54559, 6.30014]]]}, "properties": {"name": "Amurri", "lga": "Nkanu West", "state": "en"}}, {"type": "Feature", "geometry": {"type": "Polygon", "coordinates": [[[7.534, 6.3315], [7.5337, 6.32647], [7.53395, 6.31962], [7.53644, 6.31297], [7.54551, 6.30234], [7.54559, 6.30014], [7.54052, 6.30037], [7.53683, 6.30114], [7.53125, 6.30216], [7.52929, 6.30391], [7.52413, 6.3082], [7.52111, 6.31118], [7.51889, 6.31715], [7.52384, 6.32798], [7.5292, 6.32938], [7.5297, 6.33094], [7.53028, 6.33241], [7.52957, 6.33383], [7.534, 6.3315]]]}, "properties": {"name": "Umueze", "lga": "Nkanu West", "state": "en"}}, {"type": "Feature", "geometry": {"type": "Polygon", "coordinates": [[[7.4972, 6.31387], [7.49495, 6.31077], [7.49507, 6.3041], [7.49439, 6.30009], [7.49693, 6.29398], [7.49834, 6.29057], [7.49967, 6.28724], [7.50068, 6.27998], [7.50379, 6.27315], [7.50367, 6.27203], [7.48302, 6.26973], [7.47053, 6.27396], [7.47024, 6.27673], [7.47018, 6.28014], [7.46926, 6.28583], [7.4674, 6.29165], [7.46373, 6.29461], [7.45759, 6.29398], [7.44155, 6.28877], [7.43275, 6.31051], [7.44522, 6.30904], [7.4576, 6.30759], [7.46057, 6.30846], [7.46786, 6.31395], [7.47913, 6.31797], [7.48345, 6.31963], [7.48567, 6.32275], [7.48948, 6.32498], [7.4972, 6.31387]]]}, "properties": {"name": "Ozalla", "lga": "Nkanu West", "state": "en"}}, {"type": "Feature", "geometry": {"type": "Polygon", "coordinates": [[[7.50379, 6.27315], [7.49439, 6.30009], [7.49507, 6.3041], [7.49495, 6.31077], [7.4972, 6.31387], [7.50265, 6.31477], [7.50433, 6.3166], [7.50752, 6.31646], [7.50906, 6.31619], [7.51377, 6.31359], [7.51575, 6.31437], [7.51644, 6.31541], [7.51889, 6.31715], [7.52111, 6.31118], [7.52413, 6.3082], [7.52929, 6.30391], [7.53125, 6.30216], [7.53083, 6.30028], [7.51974, 6.28293], [7.50379, 6.27315]]]}, "properties": {"name": "Obe", "lga": "Nkanu West", "state": "en"}}, {"type": "Feature", "geometry": {"type": "Polygon", "coordinates": [[[7.36102, 6.36067], [7.36094, 6.35559], [7.35669, 6.34597], [7.35321, 6.33838], [7.34903, 6.32828], [7.34617, 6.31247], [7.34379, 6.30545], [7.34084, 6.30696], [7.33523, 6.30937], [7.33136, 6.30975], [7.32784, 6.30997], [7.32543, 6.31087], [7.32218, 6.31229], [7.31617, 6.32048], [7.31046, 6.3229], [7.32424, 6.32937], [7.32846, 6.33424], [7.34104, 6.33267], [7.34486, 6.33396], [7.34705, 6.33576], [7.35061, 6.34906], [7.35035, 6.35186], [7.3531, 6.35388], [7.35988, 6.36045], [7.36102, 6.36067]]]}, "properties": {"name": "Obeleagu", "lga": "Ezeagu", "state": "en"}}, {"type": "Feature", "geometry": {"type": "Polygon", "coordinates": [[[7.29328, 6.42081], [7.29801, 6.41296], [7.29855, 6.41207], [7.30904, 6.39945], [7.30054, 6.38349], [7.28506, 6.3887], [7.27182, 6.39523], [7.26154, 6.40172], [7.24757, 6.39635], [7.24333, 6.39557], [7.23956, 6.39422], [7.23616, 6.39041], [7.22592, 6.38335], [7.22259, 6.38428], [7.22042, 6.38383], [7.21546, 6.38284], [7.19982, 6.40169], [7.19702, 6.40906], [7.18045, 6.4527], [7.21608, 6.42298], [7.22838, 6.4225], [7.23478, 6.41796], [7.2507, 6.42385], [7.25324, 6.42588], [7.25498, 6.42769], [7.25613, 6.42824], [7.26161, 6.42918], [7.26449, 6.42957], [7.26958, 6.4272], [7.26887, 6.42493], [7.27879, 6.42654], [7.28456, 6.42763], [7.29328, 6.42081]]]}, "properties": {"name": "Awha Ndiagu / Awha-Imezi", "lga": "Ezeagu", "state": "en"}}, {"type": "Feature", "geometry": {"type": "Polygon", "coordinates": [[[7.19628, 6.27989], [7.20906, 6.31273], [7.22569, 6.30706], [7.22605, 6.30693], [7.23331, 6.30716], [7.23902, 6.30858], [7.2475, 6.31563], [7.25873, 6.3127], [7.26749, 6.31333], [7.2721, 6.31382], [7.28233, 6.31767], [7.28621, 6.31921], [7.304, 6.32201], [7.31046, 6.3229], [7.31617, 6.32048], [7.32218, 6.31229], [7.29598, 6.28167], [7.29004, 6.27829], [7.26353, 6.27034], [7.26146, 6.26881], [7.25773, 6.26466], [7.2558, 6.26331], [7.2439, 6.26291], [7.22046, 6.26843], [7.20664, 6.27169], [7.19628, 6.27989]]]}, "properties": {"name": "Obinofia-Ndiuno", "lga": "Ezeagu", "state": "en"}}, {"type": "Feature", "geometry": {"type": "Polygon", "coordinates": [[[7.16098, 6.3601], [7.1783, 6.3651], [7.18495, 6.36553], [7.19711, 6.36544], [7.20358, 6.35504], [7.19981, 6.33981], [7.18968, 6.33867], [7.18629, 6.33803], [7.15232, 6.32894], [7.15087, 6.33438], [7.14738, 6.34309], [7.14455, 6.35171], [7.1462, 6.35274], [7.16098, 6.3601]]]}, "properties": {"name": "Agba Umana", "lga": "Ezeagu", "state": "en"}}, {"type": "Feature", "geometry": {"type": "Polygon", "coordinates": [[[7.48092, 6.42266], [7.4815, 6.42183], [7.4818, 6.42082], [7.48223, 6.42014], [7.48309, 6.41981], [7.48486, 6.41958], [7.48819, 6.4191], [7.48783, 6.41709], [7.4871, 6.41567], [7.48693, 6.41481], [7.48625, 6.41489], [7.48485, 6.4154], [7.47689, 6.40592], [7.46364, 6.41144], [7.46645, 6.41292], [7.46934, 6.41679], [7.47676, 6.41814], [7.47704, 6.41855], [7.47803, 6.4199], [7.48092, 6.42266]]]}, "properties": {"name": "Ogbete West", "lga": "Enugu North", "state": "en"}}, {"type": "Feature", "geometry": {"type": "Polygon", "coordinates": [[[7.39294, 6.45688], [7.39213, 6.46052], [7.39197, 6.46449], [7.39269, 6.47007], [7.39594, 6.47417], [7.39886, 6.47953], [7.40016, 6.48599], [7.39889, 6.49604], [7.39765, 6.50658], [7.41537, 6.50872], [7.41999, 6.50526], [7.42286, 6.50441], [7.43112, 6.50439], [7.43263, 6.50312], [7.43715, 6.50405], [7.45051, 6.5001], [7.45151, 6.49817], [7.45025, 6.49642], [7.44998, 6.49507], [7.45136, 6.4938], [7.45186, 6.49269], [7.4446, 6.48849], [7.43923, 6.48142], [7.44173, 6.47854], [7.44175, 6.47624], [7.44093, 6.47419], [7.43469, 6.46733], [7.42384, 6.46227], [7.41904, 6.45814], [7.41334, 6.45526], [7.41075, 6.45358], [7.40648, 6.4511], [7.40318, 6.45089], [7.39493, 6.45105], [7.39393, 6.45366], [7.39294, 6.45688]]]}, "properties": {"name": "Abor", "lga": "Udi", "state": "en"}}, {"type": "Feature", "geometry": {"type": "Polygon", "coordinates": [[[7.36975, 6.28309], [7.3644, 6.28654], [7.35206, 6.29049], [7.35194, 6.3021], [7.36267, 6.30473], [7.36658, 6.30566], [7.37197, 6.30807], [7.37396, 6.31076], [7.37989, 6.31293], [7.38587, 6.30473], [7.38588, 6.30428], [7.38584, 6.2989], [7.38579, 6.29128], [7.3871, 6.28732], [7.39257, 6.27463], [7.39539, 6.27101], [7.39676, 6.26875], [7.404, 6.26125], [7.403, 6.25566], [7.39938, 6.25131], [7.37076, 6.22188], [7.36748, 6.25659], [7.37067, 6.26284], [7.37079, 6.26778], [7.37163, 6.27104], [7.37185, 6.27285], [7.37216, 6.27879], [7.36975, 6.28309]]]}, "properties": {"name": "Umuabi", "lga": "Udi", "state": "en"}}, {"type": "Feature", "geometry": {"type": "Polygon", "coordinates": [[[7.2507, 6.42385], [7.23478, 6.41796], [7.22838, 6.4225], [7.21608, 6.42298], [7.18045, 6.4527], [7.17253, 6.46176], [7.18296, 6.47737], [7.24525, 6.45833], [7.24692, 6.45856], [7.26528, 6.45566], [7.27257, 6.45884], [7.28315, 6.45917], [7.28953, 6.44894], [7.2926, 6.4457], [7.29842, 6.44423], [7.30012, 6.43624], [7.29952, 6.43488], [7.29328, 6.42081], [7.28456, 6.42763], [7.27879, 6.42654], [7.26887, 6.42493], [7.26958, 6.4272], [7.26449, 6.42957], [7.26161, 6.42918], [7.25613, 6.42824], [7.25498, 6.42769], [7.25324, 6.42588], [7.2507, 6.42385]]]}, "properties": {"name": "Iwollo", "lga": "Ezeagu", "state": "en"}}, {"type": "Feature", "geometry": {"type": "Polygon", "coordinates": [[[7.50751, 6.39103], [7.50946, 6.39211], [7.51016, 6.39124], [7.51156, 6.38992], [7.5206, 6.37614], [7.51747, 6.37156], [7.51667, 6.36821], [7.51528, 6.36736], [7.51262, 6.36763], [7.51149, 6.36708], [7.51, 6.36531], [7.50708, 6.36482], [7.49422, 6.36699], [7.49629, 6.37656], [7.49703, 6.38036], [7.49803, 6.38303], [7.49857, 6.38407], [7.49925, 6.38541], [7.50322, 6.38919], [7.50751, 6.39103]]]}, "properties": {"name": "Amechi East / Amechi 1", "lga": "Enugu South", "state": "en"}}, {"type": "Feature", "geometry": {"type": "Polygon", "coordinates": [[[7.37167, 7.02213], [7.37866, 7.0267], [7.38562, 7.03192], [7.38927, 7.03359], [7.39512, 7.03057], [7.39833, 7.0268], [7.40594, 7.01967], [7.40454, 7.01635], [7.39538, 7.01317], [7.3926, 7.01002], [7.38881, 7.00924], [7.38441, 7.00986], [7.37522, 7.01288], [7.37311, 7.01581], [7.37167, 7.02213]]]}, "properties": {"name": "Alor-Agu", "lga": "Igbo-Eze-South", "state": "en"}}, {"type": "Feature", "geometry": {"type": "Polygon", "coordinates": [[[7.43621, 6.91138], [7.43518, 6.91434], [7.43528, 6.91716], [7.43391, 6.91935], [7.42969, 6.91936], [7.42503, 6.91788], [7.4197, 6.91674], [7.41807, 6.93019], [7.4191, 6.93315], [7.42249, 6.93397], [7.42805, 6.93441], [7.44028, 6.93377], [7.44339, 6.91589], [7.44142, 6.91177], [7.43621, 6.91138]]]}, "properties": {"name": "Uhunowere", "lga": "Igbo-Eze-South", "state": "en"}}, {"type": "Feature", "geometry": {"type": "Polygon", "coordinates": [[[7.48138, 6.21332], [7.48167, 6.21154], [7.48412, 6.2057], [7.48394, 6.2029], [7.48382, 6.19941], [7.48118, 6.19333], [7.48292, 6.18657], [7.48465, 6.18456], [7.49632, 6.17903], [7.50141, 6.18148], [7.5127, 6.18085], [7.51256, 6.17614], [7.51222, 6.17117], [7.50766, 6.15864], [7.49425, 6.15305], [7.49075, 6.15294], [7.48096, 6.15436], [7.47542, 6.15509], [7.46108, 6.15467], [7.45533, 6.1486], [7.42843, 6.16489], [7.42664, 6.16512], [7.398, 6.16289], [7.38917, 6.17849], [7.38771, 6.18052], [7.37567, 6.19976], [7.37427, 6.20508], [7.41461, 6.208], [7.41655, 6.20879], [7.42756, 6.21179], [7.42772, 6.21172], [7.43678, 6.21122], [7.44171, 6.21118], [7.45859, 6.21719], [7.46295, 6.21644], [7.46881, 6.21718], [7.48107, 6.21344], [7.48138, 6.21332]]]}, "properties": {"name": "Owelli / Amoli / Ugbo / Ogugu", "lga": "Awgu", "state": "en"}}, {"type": "Feature", "geometry": {"type": "Polygon", "coordinates": [[[7.43275, 6.31051], [7.44155, 6.28877], [7.45759, 6.29398], [7.46373, 6.29461], [7.4674, 6.29165], [7.46926, 6.28583], [7.47018, 6.28014], [7.47024, 6.27673], [7.47053, 6.27396], [7.46569, 6.2688], [7.46146, 6.26615], [7.45244, 6.26209], [7.44728, 6.24917], [7.4466, 6.24697], [7.44367, 6.24354], [7.44072, 6.23995], [7.4386, 6.23735], [7.43463, 6.22957], [7.43119, 6.22355], [7.42756, 6.21179], [7.41655, 6.20879], [7.41461, 6.208], [7.37427, 6.20508], [7.36656, 6.213], [7.36459, 6.21371], [7.36445, 6.2153], [7.403, 6.25566], [7.404, 6.26125], [7.4087, 6.26579], [7.42361, 6.28549], [7.43044, 6.31105], [7.43215, 6.31153], [7.43275, 6.31051]]]}, "properties": {"name": "Isu-Awaa / Agbudu / Ituku", "lga": "Awgu", "state": "en"}}, {"type": "Feature", "geometry": {"type": "Polygon", "coordinates": [[[7.5569, 6.20185], [7.54999, 6.17329], [7.53467, 6.17412], [7.533, 6.17622], [7.53258, 6.17675], [7.5303, 6.17961], [7.52325, 6.18027], [7.5127, 6.18085], [7.50141, 6.18148], [7.49632, 6.17903], [7.48465, 6.18456], [7.48292, 6.18657], [7.48118, 6.19333], [7.48382, 6.19941], [7.48394, 6.2029], [7.48412, 6.2057], [7.48167, 6.21154], [7.48138, 6.21332], [7.48857, 6.22448], [7.49153, 6.23087], [7.50424, 6.23676], [7.50497, 6.23718], [7.52211, 6.22436], [7.55868, 6.20785], [7.5569, 6.20185]]]}, "properties": {"name": "Ogbaku", "lga": "Awgu", "state": "en"}}, {"type": "Feature", "geometry": {"type": "Polygon", "coordinates": [[[7.36263, 6.93908], [7.36198, 6.93706], [7.36287, 6.92909], [7.36874, 6.92666], [7.37092, 6.92117], [7.37851, 6.91507], [7.38021, 6.91323], [7.37804, 6.91049], [7.36858, 6.90977], [7.36427, 6.9115], [7.35753, 6.91493], [7.35086, 6.92073], [7.33864, 6.92316], [7.33429, 6.92446], [7.33375, 6.9249], [7.33805, 6.92988], [7.33881, 6.93322], [7.34495, 6.93414], [7.34956, 6.93582], [7.35356, 6.9359], [7.35579, 6.93714], [7.36263, 6.93908]]]}, "properties": {"name": "Amebo / Hausa / Yoruba", "lga": "Igbo-Eze-South", "state": "en"}}, {"type": "Feature", "geometry": {"type": "Polygon", "coordinates": [[[7.41654, 6.1027], [7.40952, 6.13238], [7.41295, 6.13411], [7.41061, 6.14063], [7.40534, 6.14228], [7.39793, 6.15976], [7.398, 6.16289], [7.42664, 6.16512], [7.42843, 6.16489], [7.45533, 6.1486], [7.45654, 6.1423], [7.45451, 6.1406], [7.44933, 6.1342], [7.44446, 6.13143], [7.43578, 6.12581], [7.4308, 6.12127], [7.42637, 6.11665], [7.41654, 6.1027]]]}, "properties": {"name": "Obeagu", "lga": "Awgu", "state": "en"}}, {"type": "Feature", "geometry": {"type": "Polygon", "coordinates": [[[7.35137, 7.03336], [7.35201, 7.03246], [7.36225, 7.0276], [7.37167, 7.02213], [7.37311, 7.01581], [7.37522, 7.01288], [7.37293, 6.99926], [7.3814, 6.98893], [7.37573, 6.98029], [7.36748, 6.98495], [7.36627, 6.98707], [7.36617, 6.99309], [7.36521, 6.99916], [7.36532, 7.00356], [7.3582, 7.01053], [7.32701, 7.00427], [7.32345, 7.00554], [7.31769, 7.0094], [7.31639, 7.0105], [7.32715, 7.0241], [7.35137, 7.03336]]]}, "properties": {"name": "Unadu", "lga": "Igbo-Eze-South", "state": "en"}}, {"type": "Feature", "geometry": {"type": "Polygon", "coordinates": [[[7.46267, 6.05683], [7.44699, 6.06858], [7.41451, 6.09745], [7.41639, 6.10053], [7.41654, 6.1027], [7.42637, 6.11665], [7.4308, 6.12127], [7.43578, 6.12581], [7.44446, 6.13143], [7.44933, 6.1342], [7.45451, 6.1406], [7.45654, 6.1423], [7.45533, 6.1486], [7.46108, 6.15467], [7.47542, 6.15509], [7.48096, 6.15436], [7.49075, 6.15294], [7.49425, 6.15305], [7.50766, 6.15864], [7.50469, 6.15286], [7.50122, 6.14545], [7.49981, 6.13727], [7.5095, 6.13321], [7.49808, 6.12942], [7.48452, 6.12635], [7.48048, 6.12018], [7.47372, 6.11318], [7.47255, 6.11065], [7.47091, 6.10873], [7.46938, 6.10413], [7.46267, 6.09972], [7.46562, 6.09539], [7.46856, 6.08918], [7.47555, 6.08536], [7.477, 6.08242], [7.47549, 6.07937], [7.47246, 6.07729], [7.46878, 6.07514], [7.46734, 6.07341], [7.46568, 6.07359], [7.46835, 6.06287], [7.46631, 6.05982], [7.46267, 6.05683]]]}, "properties": {"name": "Mgbidi / Mmaku", "lga": "Awgu", "state": "en"}}, {"type": "Feature", "geometry": {"type": "Polygon", "coordinates": [[[7.32951, 6.98487], [7.33743, 6.982], [7.33926, 6.97909], [7.3386, 6.97554], [7.34064, 6.97322], [7.34174, 6.97139], [7.34316, 6.97036], [7.34581, 6.97241], [7.34891, 6.97439], [7.35287, 6.97443], [7.35864, 6.97362], [7.35922, 6.97044], [7.35313, 6.96013], [7.35335, 6.95716], [7.35327, 6.95487], [7.35216, 6.95325], [7.35052, 6.95215], [7.34608, 6.94752], [7.34511, 6.94743], [7.34415, 6.94791], [7.34341, 6.94918], [7.34248, 6.95034], [7.34254, 6.95247], [7.34079, 6.95383], [7.33997, 6.95538], [7.32412, 6.96484], [7.32988, 6.97465], [7.32988, 6.97481], [7.32951, 6.98487]]]}, "properties": {"name": "Itchi-Uwenu", "lga": "Igbo-Eze-South", "state": "en"}}, {"type": "Feature", "geometry": {"type": "Polygon", "coordinates": [[[7.30032, 6.94122], [7.30011, 6.94586], [7.30855, 6.9517], [7.32412, 6.96484], [7.33997, 6.95538], [7.34079, 6.95383], [7.34254, 6.95247], [7.34248, 6.95034], [7.34341, 6.94918], [7.34415, 6.94791], [7.354, 6.94624], [7.36263, 6.93908], [7.35579, 6.93714], [7.35356, 6.9359], [7.34956, 6.93582], [7.34495, 6.93414], [7.33881, 6.93322], [7.33805, 6.92988], [7.33375, 6.9249], [7.32564, 6.92819], [7.31581, 6.92922], [7.30695, 6.93513], [7.30032, 6.94122]]]}, "properties": {"name": "Nkalagu-Obukpa", "lga": "Igbo-Eze-South", "state": "en"}}, {"type": "Feature", "geometry": {"type": "Polygon", "coordinates": [[[7.34608, 6.94752], [7.35052, 6.95215], [7.35216, 6.95325], [7.35327, 6.95487], [7.35335, 6.95716], [7.35313, 6.96013], [7.35922, 6.97044], [7.35864, 6.97362], [7.35287, 6.97443], [7.34891, 6.97439], [7.34581, 6.97241], [7.34316, 6.97036], [7.34174, 6.97139], [7.34064, 6.97322], [7.3386, 6.97554], [7.33926, 6.97909], [7.33743, 6.982], [7.32951, 6.98487], [7.31769, 7.0094], [7.32345, 7.00554], [7.32701, 7.00427], [7.3582, 7.01053], [7.36532, 7.00356], [7.36521, 6.99916], [7.36617, 6.99309], [7.36627, 6.98707], [7.36748, 6.98495], [7.37573, 6.98029], [7.38556, 6.96241], [7.38315, 6.95929], [7.38163, 6.95662], [7.38046, 6.95305], [7.38003, 6.95016], [7.37916, 6.94499], [7.37681, 6.94288], [7.37424, 6.94671], [7.37245, 6.94814], [7.36829, 6.95247], [7.36488, 6.95502], [7.36471, 6.95588], [7.36393, 6.95758], [7.36089, 6.95616], [7.35807, 6.9545], [7.354, 6.94624], [7.34936, 6.94643], [7.34859, 6.94689], [7.34608, 6.94752]]]}, "properties": {"name": "Itchi-Uwani", "lga": "Igbo-Eze-South", "state": "en"}}, {"type": "Feature", "geometry": {"type": "Polygon", "coordinates": [[[7.57996, 6.82242], [7.57704, 6.82231], [7.57615, 6.82648], [7.57395, 6.83018], [7.57367, 6.83227], [7.56245, 6.82855], [7.55792, 6.82811], [7.55123, 6.82513], [7.54731, 6.8237], [7.53246, 6.82795], [7.5271, 6.83115], [7.52029, 6.83583], [7.51784, 6.83612], [7.51003, 6.83619], [7.50764, 6.836], [7.50326, 6.83778], [7.50131, 6.83789], [7.49748, 6.83875], [7.49296, 6.84094], [7.49042, 6.84372], [7.46641, 6.84991], [7.46463, 6.85101], [7.47166, 6.8743], [7.45811, 6.87646], [7.48117, 6.88489], [7.48245, 6.88722], [7.49737, 6.87835], [7.50143, 6.87791], [7.50677, 6.88058], [7.51063, 6.88168], [7.5135, 6.8819], [7.51598, 6.8815], [7.51842, 6.88162], [7.53146, 6.8699], [7.53565, 6.86859], [7.53825, 6.86815], [7.5417, 6.869], [7.54327, 6.87009], [7.54436, 6.87355], [7.54564, 6.87369], [7.54679, 6.87267], [7.54796, 6.87082], [7.54947, 6.87012], [7.55097, 6.87011], [7.5556, 6.87023], [7.55855, 6.87057], [7.56067, 6.87177], [7.56321, 6.8724], [7.56861, 6.87075], [7.57119, 6.86925], [7.57494, 6.87255], [7.5754, 6.87347], [7.57452, 6.8749], [7.57453, 6.87662], [7.57482, 6.8783], [7.57859, 6.87746], [7.58839, 6.87136], [7.59265, 6.87029], [7.59662, 6.87031], [7.59879, 6.87207], [7.60251, 6.87011], [7.60389, 6.86893], [7.60589, 6.86657], [7.61034, 6.86225], [7.61184, 6.85991], [7.61187, 6.84826], [7.6128, 6.84708], [7.61468, 6.84511], [7.61649, 6.84234], [7.61354, 6.84283], [7.61318, 6.83993], [7.60899, 6.83644], [7.60301, 6.83356], [7.59276, 6.82724], [7.59185, 6.82627], [7.58879, 6.82372], [7.58517, 6.82197], [7.58427, 6.82162], [7.58198, 6.82146], [7.57996, 6.82242]]]}, "properties": {"name": "Imilike", "lga": "Udenu", "state": "en"}}, {"type": "Feature", "geometry": {"type": "Polygon", "coordinates": [[[7.50143, 6.87791], [7.50483, 6.88063], [7.50645, 6.88219], [7.50709, 6.89366], [7.51486, 6.90162], [7.51589, 6.90172], [7.51748, 6.90094], [7.51855, 6.90117], [7.51986, 6.90183], [7.52245, 6.90357], [7.51983, 6.91489], [7.52479, 6.91282], [7.53455, 6.90609], [7.53955, 6.90441], [7.54375, 6.90318], [7.54919, 6.90144], [7.55914, 6.8962], [7.55894, 6.89383], [7.55264, 6.8865], [7.55982, 6.88414], [7.56103, 6.88182], [7.56512, 6.88346], [7.56769, 6.88385], [7.57005, 6.88289], [7.57194, 6.88127], [7.57388, 6.88068], [7.5754, 6.87347], [7.57494, 6.87255], [7.57119, 6.86925], [7.56861, 6.87075], [7.56321, 6.8724], [7.56067, 6.87177], [7.55855, 6.87057], [7.5556, 6.87023], [7.55097, 6.87011], [7.54947, 6.87012], [7.54796, 6.87082], [7.54679, 6.87267], [7.54564, 6.87369], [7.54436, 6.87355], [7.54327, 6.87009], [7.5417, 6.869], [7.53825, 6.86815], [7.53565, 6.86859], [7.53146, 6.8699], [7.51842, 6.88162], [7.51598, 6.8815], [7.5135, 6.8819], [7.51063, 6.88168], [7.50677, 6.88058], [7.50143, 6.87791]]]}, "properties": {"name": "Ezimo", "lga": "Udenu", "state": "en"}}, {"type": "Feature", "geometry": {"type": "Polygon", "coordinates": [[[7.59622, 6.92609], [7.59617, 6.926], [7.58663, 6.92192], [7.57857, 6.91941], [7.57701, 6.91827], [7.57871, 6.91582], [7.57491, 6.91384], [7.57176, 6.91257], [7.56686, 6.91318], [7.54904, 6.92274], [7.54903, 6.92558], [7.54805, 6.92896], [7.54591, 6.9343], [7.54273, 6.93792], [7.53984, 6.94056], [7.52871, 6.94507], [7.5267, 6.94019], [7.5242, 6.93617], [7.51956, 6.93855], [7.51947, 6.94042], [7.52215, 6.94765], [7.52033, 6.95433], [7.52052, 6.9584], [7.51944, 6.96352], [7.51993, 6.96487], [7.53123, 6.96186], [7.53471, 6.9589], [7.53996, 6.96015], [7.54347, 6.96066], [7.54675, 6.96306], [7.54872, 6.96467], [7.54897, 6.96888], [7.55522, 6.98056], [7.55718, 6.97762], [7.55861, 6.97252], [7.56427, 6.95241], [7.57136, 6.93981], [7.57766, 6.93272], [7.59622, 6.92609]]]}, "properties": {"name": "Amalla", "lga": "Udenu", "state": "en"}}, {"type": "Feature", "geometry": {"type": "Polygon", "coordinates": [[[7.68813, 6.85269], [7.6697, 6.81633], [7.66187, 6.81786], [7.6535, 6.81697], [7.65292, 6.81755], [7.63865, 6.82813], [7.63688, 6.82944], [7.63382, 6.8304], [7.63199, 6.83245], [7.63088, 6.83449], [7.62114, 6.84176], [7.61881, 6.84259], [7.61649, 6.84234], [7.61967, 6.84629], [7.62168, 6.84871], [7.62567, 6.84963], [7.6297, 6.84948], [7.63172, 6.8497], [7.63318, 6.85144], [7.62801, 6.85637], [7.62509, 6.85918], [7.62198, 6.86116], [7.61982, 6.86653], [7.62289, 6.86981], [7.6253, 6.8723], [7.62682, 6.87578], [7.62471, 6.87645], [7.62708, 6.88091], [7.6306, 6.88475], [7.63142, 6.88549], [7.63083, 6.89022], [7.63851, 6.89904], [7.64619, 6.88545], [7.65801, 6.86812], [7.66168, 6.86533], [7.67455, 6.85552], [7.68813, 6.85269]]]}, "properties": {"name": "Obollo-Eke", "lga": "Udenu", "state": "en"}}, {"type": "Feature", "geometry": {"type": "Polygon", "coordinates": [[[7.47564, 6.911], [7.47924, 6.91374], [7.48092, 6.91509], [7.48174, 6.91659], [7.48296, 6.91799], [7.48454, 6.91998], [7.48757, 6.91941], [7.49248, 6.92508], [7.49499, 6.92565], [7.50052, 6.92655], [7.50206, 6.92616], [7.50338, 6.93033], [7.50981, 6.93331], [7.51305, 6.93428], [7.51772, 6.93771], [7.51956, 6.93855], [7.5242, 6.93617], [7.5267, 6.94019], [7.52871, 6.94507], [7.53984, 6.94056], [7.54273, 6.93792], [7.54591, 6.9343], [7.54805, 6.92896], [7.54903, 6.92558], [7.54904, 6.92274], [7.56438, 6.91462], [7.56418, 6.91105], [7.56471, 6.9071], [7.56463, 6.9028], [7.55914, 6.8962], [7.54919, 6.90144], [7.54375, 6.90318], [7.53955, 6.90441], [7.53455, 6.90609], [7.52479, 6.91282], [7.51983, 6.91489], [7.51783, 6.91561], [7.51433, 6.91468], [7.51023, 6.91327], [7.50263, 6.91055], [7.49976, 6.90876], [7.49462, 6.9048], [7.48748, 6.9023], [7.48121, 6.89625], [7.48018, 6.9031], [7.47564, 6.911]]]}, "properties": {"name": "Obollo Afor", "lga": "Udenu", "state": "en"}}, {"type": "Feature", "geometry": {"type": "Polygon", "coordinates": [[[7.48121, 6.89625], [7.48748, 6.9023], [7.49462, 6.9048], [7.49976, 6.90876], [7.50263, 6.91055], [7.51023, 6.91327], [7.51433, 6.91468], [7.51783, 6.91561], [7.51983, 6.91489], [7.52245, 6.90357], [7.51986, 6.90183], [7.51855, 6.90117], [7.51748, 6.90094], [7.51589, 6.90172], [7.51486, 6.90162], [7.50709, 6.89366], [7.50645, 6.88219], [7.50483, 6.88063], [7.50143, 6.87791], [7.49737, 6.87835], [7.49533, 6.87884], [7.48245, 6.88722], [7.48121, 6.89625]]]}, "properties": {"name": "Udunedem", "lga": "Udenu", "state": "en"}}, {"type": "Feature", "geometry": {"type": "Polygon", "coordinates": [[[7.63851, 6.89904], [7.63083, 6.89022], [7.63142, 6.88549], [7.6306, 6.88475], [7.62708, 6.88091], [7.62471, 6.87645], [7.62682, 6.87578], [7.6253, 6.8723], [7.62289, 6.86981], [7.61982, 6.86653], [7.62198, 6.86116], [7.62509, 6.85918], [7.62801, 6.85637], [7.63318, 6.85144], [7.63172, 6.8497], [7.6297, 6.84948], [7.62567, 6.84963], [7.62168, 6.84871], [7.61967, 6.84629], [7.61649, 6.84234], [7.61468, 6.84511], [7.6128, 6.84708], [7.61187, 6.84826], [7.61184, 6.85991], [7.60251, 6.87011], [7.59879, 6.87207], [7.59662, 6.87031], [7.59265, 6.87029], [7.58839, 6.87136], [7.57859, 6.87746], [7.57482, 6.8783], [7.57388, 6.88068], [7.57194, 6.88127], [7.57005, 6.88289], [7.56769, 6.88385], [7.56512, 6.88346], [7.56103, 6.88182], [7.55982, 6.88414], [7.55264, 6.8865], [7.56463, 6.9028], [7.56471, 6.9071], [7.56418, 6.91105], [7.56438, 6.91462], [7.56686, 6.91318], [7.57176, 6.91257], [7.57491, 6.91384], [7.57871, 6.91582], [7.57701, 6.91827], [7.57857, 6.91941], [7.58663, 6.92192], [7.59617, 6.926], [7.59622, 6.92609], [7.59972, 6.92484], [7.6202, 6.91933], [7.63595, 6.90357], [7.63851, 6.89904]]]}, "properties": {"name": "Obollo Etiti", "lga": "Udenu", "state": "en"}}, {"type": "Feature", "geometry": {"type": "Polygon", "coordinates": [[[7.51667, 6.51593], [7.51708, 6.51553], [7.51775, 6.51408], [7.51937, 6.51582], [7.52101, 6.51689], [7.5218, 6.51828], [7.52271, 6.51796], [7.52359, 6.5183], [7.52415, 6.51861], [7.52637, 6.53041], [7.53563, 6.5328], [7.56026, 6.53144], [7.56036, 6.52909], [7.55945, 6.52183], [7.5515, 6.51089], [7.54936, 6.50764], [7.5245, 6.50927], [7.52356, 6.51039], [7.52324, 6.51091], [7.5227, 6.51131], [7.51588, 6.51093], [7.51667, 6.51593]]]}, "properties": {"name": "Amorji / Amoji", "lga": "Enugu East", "state": "en"}}, {"type": "Feature", "geometry": {"type": "Polygon", "coordinates": [[[7.42809, 6.68393], [7.42746, 6.68262], [7.42768, 6.68124], [7.42426, 6.6794], [7.42514, 6.67873], [7.43976, 6.67618], [7.44065, 6.67656], [7.44178, 6.6779], [7.44309, 6.6784], [7.44462, 6.67891], [7.44888, 6.67997], [7.46909, 6.68159], [7.47702, 6.68593], [7.48043, 6.68618], [7.4825, 6.68806], [7.48475, 6.68524], [7.48808, 6.68459], [7.48387, 6.65619], [7.48107, 6.65225], [7.46762, 6.6511], [7.46534, 6.65418], [7.45908, 6.65576], [7.45473, 6.659], [7.44608, 6.66011], [7.42824, 6.65927], [7.42842, 6.66051], [7.42302, 6.66203], [7.42037, 6.66215], [7.41669, 6.661], [7.41551, 6.66126], [7.41791, 6.6705], [7.41788, 6.67201], [7.41689, 6.67954], [7.41012, 6.67961], [7.40756, 6.67919], [7.41016, 6.68302], [7.41613, 6.69326], [7.41971, 6.69337], [7.42731, 6.68832], [7.42809, 6.68393]]]}, "properties": {"name": "Diogbe / Umunko", "lga": "Igbo-Etiti", "state": "en"}}, {"type": "Feature", "geometry": {"type": "Polygon", "coordinates": [[[7.24084, 6.16463], [7.2548, 6.14165], [7.25691, 6.13218], [7.25712, 6.12952], [7.2607, 6.12279], [7.25952, 6.08798], [7.2548, 6.10472], [7.24972, 6.10649], [7.24838, 6.10873], [7.23971, 6.11424], [7.23654, 6.11839], [7.22947, 6.12763], [7.22396, 6.1426], [7.22159, 6.15757], [7.22328, 6.16894], [7.24084, 6.16463]]]}, "properties": {"name": "Akpugoeze", "lga": "Oji-River", "state": "en"}}, {"type": "Feature", "geometry": {"type": "Polygon", "coordinates": [[[7.69529, 6.57732], [7.65548, 6.56619], [7.64633, 6.5699], [7.6341, 6.57937], [7.62066, 6.57318], [7.60756, 6.57061], [7.59557, 6.56463], [7.58919, 6.56231], [7.56701, 6.5817], [7.56319, 6.58684], [7.55781, 6.59244], [7.55375, 6.59363], [7.5559, 6.60066], [7.5589, 6.59996], [7.56225, 6.59982], [7.56595, 6.59913], [7.57446, 6.61588], [7.58437, 6.63332], [7.59552, 6.64394], [7.60222, 6.64058], [7.60304, 6.64006], [7.62796, 6.65997], [7.62666, 6.67608], [7.63842, 6.69117], [7.64196, 6.69965], [7.64955, 6.7091], [7.67251, 6.71891], [7.68075, 6.70287], [7.68022, 6.69663], [7.68243, 6.69176], [7.68876, 6.68476], [7.69405, 6.67962], [7.69767, 6.67456], [7.69547, 6.66676], [7.69244, 6.65538], [7.69492, 6.64547], [7.70092, 6.64123], [7.69122, 6.63837], [7.68821, 6.62926], [7.70167, 6.61077], [7.70392, 6.60706], [7.70438, 6.57815], [7.70455, 6.57801], [7.70455, 6.57801], [7.69529, 6.57732]]]}, "properties": {"name": "Umualor", "lga": "Isi-Uzo", "state": "en"}}, {"type": "Feature", "geometry": {"type": "Polygon", "coordinates": [[[7.51203, 6.44095], [7.50445, 6.44042], [7.50185, 6.44202], [7.50265, 6.44468], [7.50575, 6.44553], [7.50673, 6.44546], [7.51358, 6.45085], [7.51441, 6.44933], [7.5154, 6.44781], [7.51868, 6.4448], [7.52072, 6.44347], [7.52399, 6.44297], [7.52297, 6.44185], [7.52246, 6.44092], [7.52408, 6.43977], [7.52346, 6.43884], [7.52314, 6.43732], [7.52286, 6.43595], [7.52178, 6.43441], [7.51979, 6.43166], [7.51786, 6.43299], [7.51917, 6.43486], [7.51992, 6.43635], [7.51901, 6.43759], [7.51696, 6.4392], [7.51496, 6.44001], [7.51203, 6.44095]]]}, "properties": {"name": "Ihewuzu / Onuator", "lga": "Enugu North", "state": "en"}}, {"type": "Feature", "geometry": {"type": "Polygon", "coordinates": [[[7.47783, 6.92123], [7.47305, 6.91542], [7.46642, 6.91655], [7.46013, 6.92918], [7.46936, 6.93217], [7.469, 6.93607], [7.46986, 6.93914], [7.47251, 6.93719], [7.47607, 6.94042], [7.47766, 6.94087], [7.48531, 6.94269], [7.47218, 6.95478], [7.49759, 6.96095], [7.49855, 6.95981], [7.50107, 6.95833], [7.50301, 6.95524], [7.50404, 6.95317], [7.50395, 6.9485], [7.50288, 6.94455], [7.5001, 6.93998], [7.49937, 6.93828], [7.50338, 6.93033], [7.50206, 6.92616], [7.50052, 6.92655], [7.49499, 6.92565], [7.49248, 6.92508], [7.48757, 6.91941], [7.48454, 6.91998], [7.47783, 6.92123]]]}, "properties": {"name": "Ezzeodo", "lga": "Igbo-Eze North", "state": "en"}}, {"type": "Feature", "geometry": {"type": "Polygon", "coordinates": [[[7.35686, 6.6693], [7.34823, 6.67089], [7.35042, 6.68357], [7.35069, 6.68825], [7.35655, 6.68886], [7.35834, 6.7023], [7.35841, 6.70879], [7.35774, 6.71411], [7.368, 6.70567], [7.37054, 6.70533], [7.37343, 6.70538], [7.37658, 6.70602], [7.37665, 6.70424], [7.37237, 6.69648], [7.37167, 6.69333], [7.37278, 6.69287], [7.37429, 6.69119], [7.37655, 6.68701], [7.37475, 6.68337], [7.37554, 6.67788], [7.37723, 6.67243], [7.37807, 6.66773], [7.35686, 6.6693]]]}, "properties": {"name": "Ikolo / Ohebedum", "lga": "Igbo-Etiti", "state": "en"}}, {"type": "Feature", "geometry": {"type": "Polygon", "coordinates": [[[7.63544, 6.19781], [7.63922, 6.19642], [7.64529, 6.1942], [7.64835, 6.19309], [7.63991, 6.17982], [7.64807, 6.17488], [7.65267, 6.17244], [7.65584, 6.16997], [7.64893, 6.15924], [7.64711, 6.15399], [7.63511, 6.11141], [7.63252, 6.11838], [7.62734, 6.12298], [7.62401, 6.13062], [7.62512, 6.13574], [7.62521, 6.14085], [7.6257, 6.14629], [7.61902, 6.17554], [7.6194, 6.19732], [7.61928, 6.19928], [7.62971, 6.1999], [7.63544, 6.19781]]]}, "properties": {"name": "Mburubu", "lga": "Nkanu East", "state": "en"}}, {"type": "Feature", "geometry": {"type": "Polygon", "coordinates": [[[7.44093, 6.47419], [7.44175, 6.47624], [7.46168, 6.46553], [7.46412, 6.46636], [7.46717, 6.46758], [7.46998, 6.46822], [7.4746, 6.46193], [7.47979, 6.45789], [7.4816, 6.45553], [7.48185, 6.45017], [7.48195, 6.44749], [7.47882, 6.44268], [7.473, 6.43815], [7.46742, 6.4351], [7.46018, 6.42739], [7.45509, 6.42899], [7.45461, 6.42811], [7.45466, 6.42751], [7.45388, 6.42734], [7.45313, 6.43377], [7.45031, 6.43495], [7.44479, 6.43506], [7.43329, 6.44153], [7.42675, 6.44231], [7.42918, 6.45578], [7.43237, 6.46403], [7.43469, 6.46733], [7.44093, 6.47419]]]}, "properties": {"name": "Udi Siding / Iva Valley", "lga": "Enugu North", "state": "en"}}, {"type": "Feature", "geometry": {"type": "Polygon", "coordinates": [[[7.51615, 6.48557], [7.51393, 6.49629], [7.51588, 6.51093], [7.5227, 6.51131], [7.52324, 6.51091], [7.52356, 6.51039], [7.5245, 6.50927], [7.54936, 6.50764], [7.54893, 6.50642], [7.54607, 6.49563], [7.5399, 6.48869], [7.53829, 6.48627], [7.53766, 6.4817], [7.53638, 6.48212], [7.53554, 6.48159], [7.53434, 6.48145], [7.53311, 6.48189], [7.53196, 6.48204], [7.53088, 6.48307], [7.51926, 6.48267], [7.51907, 6.48571], [7.51615, 6.48557]]]}, "properties": {"name": "Umuchigbo", "lga": "Enugu East", "state": "en"}}, {"type": "Feature", "geometry": {"type": "Polygon", "coordinates": [[[7.48057, 6.50139], [7.48011, 6.50348], [7.48291, 6.50557], [7.4843, 6.50675], [7.49488, 6.50184], [7.50321, 6.50163], [7.50378, 6.5014], [7.50486, 6.50024], [7.51151, 6.50375], [7.5125, 6.50522], [7.51304, 6.50579], [7.51501, 6.5051], [7.51462, 6.50189], [7.51428, 6.50063], [7.51393, 6.49629], [7.51615, 6.48557], [7.50817, 6.48824], [7.50665, 6.48742], [7.5055, 6.48672], [7.50306, 6.48959], [7.50354, 6.49064], [7.50551, 6.49383], [7.50381, 6.49423], [7.49304, 6.49524], [7.48419, 6.49331], [7.4825, 6.49299], [7.48168, 6.49731], [7.4812, 6.49751], [7.48057, 6.50139]]]}, "properties": {"name": "Umuenwene / Obinagu-Iji", "lga": "Enugu East", "state": "en"}}, {"type": "Feature", "geometry": {"type": "Polygon", "coordinates": [[[7.31639, 7.0105], [7.31769, 7.0094], [7.32951, 6.98487], [7.32988, 6.97481], [7.32988, 6.97465], [7.32412, 6.96484], [7.30855, 6.9517], [7.30011, 6.94586], [7.30032, 6.94122], [7.29938, 6.94076], [7.27341, 6.93754], [7.26421, 6.94995], [7.24382, 6.97281], [7.25604, 6.97979], [7.25783, 6.98077], [7.29328, 6.99416], [7.31014, 7.004], [7.31219, 7.00519], [7.31639, 7.0105]]]}, "properties": {"name": "Ibeagwa-Ani / Ibeagwa-Agu / Okpaligbo", "lga": "Nsukka", "state": "en"}}, {"type": "Feature", "geometry": {"type": "Polygon", "coordinates": [[[7.50929, 6.50929], [7.50817, 6.51233], [7.50846, 6.51489], [7.50458, 6.52366], [7.50004, 6.52679], [7.49596, 6.52751], [7.49107, 6.52747], [7.48882, 6.52494], [7.48557, 6.52339], [7.4661, 6.53237], [7.47035, 6.53952], [7.47829, 6.54446], [7.49188, 6.54743], [7.49852, 6.55075], [7.50084, 6.55383], [7.5081, 6.5536], [7.51208, 6.55348], [7.51488, 6.55489], [7.51777, 6.55318], [7.51959, 6.55155], [7.52602, 6.55284], [7.52944, 6.55295], [7.53421, 6.5528], [7.53702, 6.55109], [7.54186, 6.55118], [7.54445, 6.5524], [7.54865, 6.55228], [7.55346, 6.55047], [7.56114, 6.54854], [7.56895, 6.54953], [7.56604, 6.54369], [7.56026, 6.53144], [7.53563, 6.5328], [7.52637, 6.53041], [7.52415, 6.51861], [7.52359, 6.5183], [7.52271, 6.51796], [7.5218, 6.51828], [7.52101, 6.51689], [7.51937, 6.51582], [7.51775, 6.51408], [7.51708, 6.51553], [7.51667, 6.51593], [7.51588, 6.51093], [7.51501, 6.5051], [7.51304, 6.50579], [7.5125, 6.50522], [7.50929, 6.50929]]]}, "properties": {"name": "Ibagwa-Nike / Edem", "lga": "Enugu East", "state": "en"}}, {"type": "Feature", "geometry": {"type": "Polygon", "coordinates": [[[7.43652, 6.74908], [7.4381, 6.75592], [7.44041, 6.76788], [7.44182, 6.77249], [7.44669, 6.80269], [7.4624, 6.79998], [7.46479, 6.79758], [7.46678, 6.79611], [7.4689, 6.79456], [7.47364, 6.79232], [7.47487, 6.79015], [7.48025, 6.78824], [7.48547, 6.78114], [7.48395, 6.7781], [7.48534, 6.77527], [7.48515, 6.77129], [7.48196, 6.76885], [7.48165, 6.76693], [7.48411, 6.76319], [7.48578, 6.76169], [7.49336, 6.74341], [7.49034, 6.73921], [7.46178, 6.73916], [7.45104, 6.74672], [7.43652, 6.74908]]]}, "properties": {"name": "Ibeku", "lga": "Nsukka", "state": "en"}}, {"type": "Feature", "geometry": {"type": "Polygon", "coordinates": [[[7.38735, 6.79032], [7.39309, 6.81329], [7.39333, 6.81598], [7.39606, 6.81483], [7.39788, 6.813], [7.39979, 6.81573], [7.40218, 6.81585], [7.40636, 6.8163], [7.4099, 6.81729], [7.41412, 6.80315], [7.41798, 6.79866], [7.43071, 6.79616], [7.43165, 6.79481], [7.43064, 6.79321], [7.43015, 6.79224], [7.41754, 6.79007], [7.41307, 6.7857], [7.40967, 6.78604], [7.40756, 6.76988], [7.39617, 6.76969], [7.38383, 6.7734], [7.38735, 6.79032]]]}, "properties": {"name": "Ede Ukwu", "lga": "Nsukka", "state": "en"}}, {"type": "Feature", "geometry": {"type": "Polygon", "coordinates": [[[7.24382, 6.97281], [7.26421, 6.94995], [7.27341, 6.93754], [7.29938, 6.94076], [7.30032, 6.94122], [7.30695, 6.93513], [7.31581, 6.92922], [7.31467, 6.92099], [7.31294, 6.90109], [7.31241, 6.89387], [7.31065, 6.88714], [7.30784, 6.88342], [7.30586, 6.88086], [7.2999, 6.87761], [7.29758, 6.87803], [7.29255, 6.87892], [7.2751, 6.89505], [7.24859, 6.9091], [7.22851, 6.89996], [7.20282, 6.90231], [7.21012, 6.9035], [7.21542, 6.91546], [7.21778, 6.92534], [7.22816, 6.92901], [7.23292, 6.92973], [7.23517, 6.93335], [7.23892, 6.94138], [7.23814, 6.95793], [7.24129, 6.97132], [7.24382, 6.97281]]]}, "properties": {"name": "Okpuje / Okutu / Anuka", "lga": "Nsukka", "state": "en"}}, {"type": "Feature", "geometry": {"type": "Polygon", "coordinates": [[[7.45829, 6.82417], [7.46358, 6.80901], [7.4624, 6.79998], [7.44669, 6.80269], [7.44743, 6.80413], [7.43719, 6.80762], [7.43485, 6.81528], [7.43543, 6.8165], [7.43618, 6.81711], [7.43688, 6.81922], [7.43842, 6.81961], [7.43529, 6.82165], [7.43234, 6.82319], [7.43095, 6.8239], [7.4295, 6.82502], [7.42765, 6.82755], [7.42626, 6.82874], [7.42683, 6.83208], [7.4351, 6.83508], [7.43541, 6.84135], [7.43419, 6.84611], [7.45829, 6.82417]]]}, "properties": {"name": "Agbamere / Umuabor", "lga": "Nsukka", "state": "en"}}, {"type": "Feature", "geometry": {"type": "Polygon", "coordinates": [[[7.34133, 6.83168], [7.34527, 6.84926], [7.34203, 6.85177], [7.33781, 6.85459], [7.33443, 6.85889], [7.33573, 6.85989], [7.33873, 6.86093], [7.33925, 6.86268], [7.33688, 6.86546], [7.33314, 6.86583], [7.32941, 6.86705], [7.32763, 6.86861], [7.32653, 6.87305], [7.32665, 6.87639], [7.32466, 6.88004], [7.32307, 6.8852], [7.31065, 6.88714], [7.31241, 6.89387], [7.31294, 6.90109], [7.31467, 6.92099], [7.31581, 6.92922], [7.32564, 6.92819], [7.33375, 6.9249], [7.33429, 6.92446], [7.33864, 6.92316], [7.35086, 6.92073], [7.35753, 6.91493], [7.36427, 6.9115], [7.36858, 6.90977], [7.36157, 6.89481], [7.36249, 6.88901], [7.36322, 6.88644], [7.36171, 6.88444], [7.36075, 6.88166], [7.35914, 6.87916], [7.37671, 6.86449], [7.37894, 6.86017], [7.37854, 6.85855], [7.38238, 6.85416], [7.37692, 6.84779], [7.36909, 6.83736], [7.36458, 6.83806], [7.34133, 6.83168]]]}, "properties": {"name": "Edem Ani", "lga": "Nsukka", "state": "en"}}, {"type": "Feature", "geometry": {"type": "Polygon", "coordinates": [[[7.43688, 6.81922], [7.43618, 6.81711], [7.43543, 6.8165], [7.43485, 6.81528], [7.43719, 6.80762], [7.44743, 6.80413], [7.44669, 6.80269], [7.44566, 6.7961], [7.44322, 6.79771], [7.44038, 6.79418], [7.43593, 6.794], [7.43408, 6.79405], [7.43165, 6.79481], [7.43071, 6.79616], [7.41798, 6.79866], [7.41412, 6.80315], [7.4099, 6.81729], [7.40972, 6.81838], [7.41669, 6.82433], [7.42242, 6.82004], [7.42754, 6.8213], [7.43688, 6.81922]]]}, "properties": {"name": "Ede Enu", "lga": "Nsukka", "state": "en"}}, {"type": "Feature", "geometry": {"type": "Polygon", "coordinates": [[[7.38789, 6.88136], [7.38542, 6.85957], [7.38415, 6.85676], [7.38238, 6.85416], [7.37854, 6.85855], [7.37894, 6.86017], [7.37671, 6.86449], [7.35914, 6.87916], [7.36075, 6.88166], [7.36171, 6.88444], [7.36322, 6.88644], [7.36249, 6.88901], [7.38019, 6.89653], [7.3832, 6.88908], [7.38981, 6.88455], [7.38789, 6.88136]]]}, "properties": {"name": "Alor-Uno", "lga": "Nsukka", "state": "en"}}, {"type": "Feature", "geometry": {"type": "Polygon", "coordinates": [[[7.22851, 6.89996], [7.24859, 6.9091], [7.2751, 6.89505], [7.29255, 6.87892], [7.29758, 6.87803], [7.2999, 6.87761], [7.30586, 6.88086], [7.30784, 6.88342], [7.31065, 6.88714], [7.32307, 6.8852], [7.32466, 6.88004], [7.32665, 6.87639], [7.32653, 6.87305], [7.32763, 6.86861], [7.32941, 6.86705], [7.33314, 6.86583], [7.33688, 6.86546], [7.33925, 6.86268], [7.33873, 6.86093], [7.33573, 6.85989], [7.33443, 6.85889], [7.33781, 6.85459], [7.34203, 6.85177], [7.34527, 6.84926], [7.34133, 6.83168], [7.33883, 6.83163], [7.332, 6.82912], [7.31788, 6.83527], [7.30566, 6.84742], [7.30365, 6.85107], [7.29281, 6.86222], [7.27958, 6.86333], [7.26557, 6.86414], [7.22851, 6.89996]]]}, "properties": {"name": "Akpa / Ozzi", "lga": "Nsukka", "state": "en"}}, {"type": "Feature", "geometry": {"type": "Polygon", "coordinates": [[[7.29325, 6.81142], [7.30566, 6.84742], [7.31788, 6.83527], [7.332, 6.82912], [7.36458, 6.83806], [7.36909, 6.83736], [7.35815, 6.82152], [7.35396, 6.81971], [7.34948, 6.8179], [7.34424, 6.81691], [7.3438, 6.81568], [7.34199, 6.81478], [7.34198, 6.81073], [7.34252, 6.80665], [7.34054, 6.80297], [7.33512, 6.79905], [7.33223, 6.79453], [7.33157, 6.79326], [7.34299, 6.79097], [7.34671, 6.78855], [7.34881, 6.78628], [7.35474, 6.78105], [7.35069, 6.78014], [7.34715, 6.77643], [7.34218, 6.76138], [7.34066, 6.7595], [7.3388, 6.76184], [7.32785, 6.76642], [7.31704, 6.76571], [7.31063, 6.7605], [7.30012, 6.74869], [7.27599, 6.76092], [7.27605, 6.77069], [7.29524, 6.80677], [7.29325, 6.81142]]]}, "properties": {"name": "Obimo Ikwoka", "lga": "Nsukka", "state": "en"}}, {"type": "Feature", "geometry": {"type": "Polygon", "coordinates": [[[7.3864, 6.38159], [7.37615, 6.41927], [7.38988, 6.41878], [7.39169, 6.41788], [7.39442, 6.41727], [7.39726, 6.41797], [7.40068, 6.42188], [7.40522, 6.42352], [7.40505, 6.42248], [7.41044, 6.42], [7.41546, 6.41069], [7.41681, 6.40453], [7.41881, 6.40106], [7.42229, 6.39955], [7.42606, 6.39737], [7.42884, 6.39491], [7.43162, 6.39667], [7.43203, 6.39864], [7.43312, 6.39993], [7.43468, 6.40178], [7.43942, 6.40091], [7.44255, 6.40269], [7.44525, 6.40269], [7.44915, 6.40265], [7.45175, 6.40015], [7.45521, 6.39525], [7.4568, 6.3899], [7.45938, 6.38624], [7.461, 6.37931], [7.45576, 6.37406], [7.44762, 6.37087], [7.44526, 6.37127], [7.44071, 6.37307], [7.43838, 6.37566], [7.43565, 6.37838], [7.43089, 6.38097], [7.4125, 6.38048], [7.40935, 6.37942], [7.4086, 6.37529], [7.40106, 6.37421], [7.40135, 6.38189], [7.38726, 6.38069], [7.3864, 6.38159]]]}, "properties": {"name": "Nsude", "lga": "Udi", "state": "en"}}, {"type": "Feature", "geometry": {"type": "Polygon", "coordinates": [[[7.39333, 6.81598], [7.3931, 6.81756], [7.39227, 6.81984], [7.39155, 6.82406], [7.39546, 6.83001], [7.40441, 6.82755], [7.40707, 6.8284], [7.40634, 6.84343], [7.4084, 6.84449], [7.40977, 6.84508], [7.41601, 6.84488], [7.42246, 6.84735], [7.42674, 6.84839], [7.4281, 6.84961], [7.43075, 6.84828], [7.43265, 6.84741], [7.43419, 6.84611], [7.43541, 6.84135], [7.4351, 6.83508], [7.42683, 6.83208], [7.42626, 6.82874], [7.42765, 6.82755], [7.4295, 6.82502], [7.43095, 6.8239], [7.43234, 6.82319], [7.43529, 6.82165], [7.43842, 6.81961], [7.42754, 6.8213], [7.42242, 6.82004], [7.41669, 6.82433], [7.40972, 6.81838], [7.4099, 6.81729], [7.40636, 6.8163], [7.40218, 6.81585], [7.39979, 6.81573], [7.39788, 6.813], [7.39606, 6.81483], [7.39333, 6.81598]]]}, "properties": {"name": "Nru", "lga": "Nsukka", "state": "en"}}, {"type": "Feature", "geometry": {"type": "Polygon", "coordinates": [[[7.34815, 6.41827], [7.33991, 6.4478], [7.33916, 6.44977], [7.32825, 6.46095], [7.32673, 6.47013], [7.32309, 6.49215], [7.29439, 6.47062], [7.28975, 6.4684], [7.28869, 6.47042], [7.2889, 6.47397], [7.28357, 6.47841], [7.27858, 6.48111], [7.27469, 6.48084], [7.26826, 6.5258], [7.26295, 6.54854], [7.27513, 6.55095], [7.28382, 6.54514], [7.29277, 6.54375], [7.32775, 6.50829], [7.34157, 6.50178], [7.36384, 6.47513], [7.36636, 6.47347], [7.37066, 6.46883], [7.37345, 6.46683], [7.37714, 6.46391], [7.39294, 6.45688], [7.39393, 6.45366], [7.3778, 6.43982], [7.37251, 6.42175], [7.35482, 6.41874], [7.34815, 6.41827]]]}, "properties": {"name": "Eke", "lga": "Udi", "state": "en"}}, {"type": "Feature", "geometry": {"type": "Polygon", "coordinates": [[[7.39017, 6.58358], [7.37556, 6.59364], [7.38214, 6.59643], [7.38539, 6.60731], [7.39006, 6.60982], [7.3937, 6.61086], [7.40054, 6.61038], [7.4054, 6.61125], [7.40859, 6.60814], [7.4109, 6.60898], [7.41215, 6.60881], [7.42327, 6.61025], [7.42637, 6.61272], [7.42155, 6.60513], [7.41874, 6.59016], [7.41502, 6.5782], [7.40534, 6.5849], [7.39017, 6.58358]]]}, "properties": {"name": "Umulumgbe", "lga": "Udi", "state": "en"}}, {"type": "Feature", "geometry": {"type": "Polygon", "coordinates": [[[7.39228, 6.34542], [7.38831, 6.36469], [7.3861, 6.36905], [7.38645, 6.37261], [7.38726, 6.38069], [7.40135, 6.38189], [7.40106, 6.37421], [7.4086, 6.37529], [7.40935, 6.37942], [7.4125, 6.38048], [7.43089, 6.38097], [7.43565, 6.37838], [7.43838, 6.37566], [7.44071, 6.37307], [7.44526, 6.37127], [7.43732, 6.36275], [7.43287, 6.36182], [7.42345, 6.35574], [7.41755, 6.35956], [7.41617, 6.35946], [7.41502, 6.35904], [7.41354, 6.35894], [7.41216, 6.35805], [7.41127, 6.3572], [7.40825, 6.35614], [7.40733, 6.35381], [7.40593, 6.35083], [7.40263, 6.34961], [7.39228, 6.34542]]]}, "properties": {"name": "Obioma", "lga": "Udi", "state": "en"}}, {"type": "Feature", "geometry": {"type": "Polygon", "coordinates": [[[7.41436, 6.54405], [7.41435, 6.53893], [7.41337, 6.53779], [7.41222, 6.53805], [7.40931, 6.53936], [7.39404, 6.54341], [7.39716, 6.56992], [7.39017, 6.58358], [7.40534, 6.5849], [7.41502, 6.5782], [7.4138, 6.57012], [7.41293, 6.55667], [7.41436, 6.54405]]]}, "properties": {"name": "Okpatu", "lga": "Udi", "state": "en"}}, {"type": "Feature", "geometry": {"type": "Polygon", "coordinates": [[[7.38587, 6.30473], [7.39415, 6.30584], [7.39886, 6.30181], [7.40922, 6.29402], [7.41199, 6.29115], [7.42359, 6.28595], [7.42361, 6.28549], [7.4087, 6.26579], [7.404, 6.26125], [7.39676, 6.26875], [7.39539, 6.27101], [7.39257, 6.27463], [7.3871, 6.28732], [7.38579, 6.29128], [7.38584, 6.2989], [7.38588, 6.30428], [7.38587, 6.30473]]]}, "properties": {"name": "Obinagu", "lga": "Udi", "state": "en"}}, {"type": "Feature", "geometry": {"type": "Polygon", "coordinates": [[[7.37562, 6.50796], [7.37647, 6.50369], [7.3661, 6.50415], [7.35174, 6.5033], [7.34157, 6.50178], [7.32775, 6.50829], [7.29277, 6.54375], [7.30323, 6.55004], [7.33455, 6.5737], [7.33468, 6.5739], [7.35619, 6.59221], [7.36024, 6.60267], [7.36345, 6.60823], [7.36293, 6.61784], [7.36077, 6.6249], [7.35711, 6.63118], [7.35573, 6.63471], [7.37041, 6.64257], [7.37988, 6.64302], [7.38241, 6.64314], [7.3859, 6.64492], [7.38792, 6.6453], [7.40267, 6.62592], [7.40354, 6.62501], [7.40674, 6.62103], [7.40876, 6.61566], [7.41062, 6.61114], [7.4109, 6.60898], [7.40859, 6.60814], [7.4054, 6.61125], [7.40054, 6.61038], [7.3937, 6.61086], [7.39006, 6.60982], [7.38539, 6.60731], [7.38214, 6.59643], [7.37556, 6.59364], [7.39017, 6.58358], [7.39716, 6.56992], [7.39387, 6.53709], [7.39016, 6.51922], [7.37979, 6.51816], [7.37666, 6.51345], [7.37562, 6.50796]]]}, "properties": {"name": "Egede / Umoka", "lga": "Udi", "state": "en"}}, {"type": "Feature", "geometry": {"type": "Polygon", "coordinates": [[[7.39393, 6.45366], [7.39493, 6.45105], [7.40318, 6.45089], [7.40648, 6.4511], [7.41075, 6.45358], [7.41334, 6.45526], [7.41904, 6.45814], [7.42384, 6.46227], [7.43469, 6.46733], [7.43237, 6.46403], [7.42918, 6.45578], [7.42675, 6.44231], [7.42427, 6.43783], [7.42056, 6.43258], [7.41894, 6.43068], [7.41569, 6.42789], [7.41293, 6.42568], [7.40958, 6.42455], [7.40522, 6.42352], [7.40068, 6.42188], [7.39726, 6.41797], [7.39442, 6.41727], [7.39169, 6.41788], [7.38988, 6.41878], [7.37615, 6.41927], [7.37251, 6.42175], [7.3778, 6.43982], [7.39393, 6.45366]]]}, "properties": {"name": "Ngwo Uno", "lga": "Udi", "state": "en"}}, {"type": "Feature", "geometry": {"type": "Polygon", "coordinates": [[[7.39294, 6.45688], [7.37714, 6.46391], [7.37345, 6.46683], [7.37066, 6.46883], [7.36636, 6.47347], [7.36384, 6.47513], [7.34157, 6.50178], [7.35174, 6.5033], [7.3661, 6.50415], [7.37647, 6.50369], [7.37562, 6.50796], [7.37666, 6.51345], [7.37979, 6.51816], [7.39016, 6.51922], [7.39756, 6.5145], [7.39765, 6.50658], [7.39889, 6.49604], [7.40016, 6.48599], [7.39886, 6.47953], [7.39594, 6.47417], [7.39269, 6.47007], [7.39197, 6.46449], [7.39213, 6.46052], [7.39294, 6.45688]]]}, "properties": {"name": "Ebe", "lga": "Udi", "state": "en"}}, {"type": "Feature", "geometry": {"type": "Polygon", "coordinates": [[[7.42359, 6.28595], [7.41199, 6.29115], [7.40922, 6.29402], [7.39886, 6.30181], [7.39415, 6.30584], [7.38587, 6.30473], [7.37989, 6.31293], [7.38189, 6.32002], [7.38274, 6.32894], [7.38569, 6.33654], [7.40146, 6.32595], [7.40298, 6.32682], [7.4113, 6.3258], [7.41234, 6.3244], [7.42537, 6.32574], [7.42537, 6.32573], [7.43215, 6.31153], [7.43044, 6.31105], [7.42782, 6.30047], [7.42551, 6.29076], [7.42359, 6.28595]]]}, "properties": {"name": "Udi / Agbudu", "lga": "Udi", "state": "en"}}, {"type": "Feature", "geometry": {"type": "Polygon", "coordinates": [[[7.40522, 6.42352], [7.40958, 6.42455], [7.41293, 6.42568], [7.41569, 6.42789], [7.41894, 6.43068], [7.42056, 6.43258], [7.42427, 6.43783], [7.42675, 6.44231], [7.43329, 6.44153], [7.44479, 6.43506], [7.45031, 6.43495], [7.45313, 6.43377], [7.45388, 6.42734], [7.45466, 6.42751], [7.45461, 6.42811], [7.45509, 6.42899], [7.46018, 6.42739], [7.46136, 6.42687], [7.464, 6.42442], [7.46495, 6.42326], [7.46653, 6.4225], [7.46923, 6.42164], [7.46802, 6.41714], [7.46831, 6.41708], [7.4688, 6.41682], [7.46934, 6.41679], [7.46645, 6.41292], [7.46364, 6.41144], [7.45965, 6.41328], [7.45175, 6.40015], [7.44915, 6.40265], [7.44525, 6.40269], [7.44255, 6.40269], [7.43942, 6.40091], [7.43468, 6.40178], [7.43312, 6.39993], [7.43203, 6.39864], [7.43162, 6.39667], [7.42884, 6.39491], [7.42606, 6.39737], [7.42229, 6.39955], [7.41881, 6.40106], [7.41681, 6.40453], [7.41546, 6.41069], [7.41044, 6.42], [7.40505, 6.42248], [7.40522, 6.42352]]]}, "properties": {"name": "Ngwo Asaa", "lga": "Udi", "state": "en"}}, {"type": "Feature", "geometry": {"type": "Polygon", "coordinates": [[[7.31276, 6.26185], [7.32912, 6.27322], [7.33592, 6.27493], [7.34548, 6.28242], [7.35003, 6.28598], [7.35206, 6.29049], [7.3644, 6.28654], [7.36975, 6.28309], [7.37216, 6.27879], [7.37185, 6.27285], [7.37163, 6.27104], [7.37079, 6.26778], [7.37067, 6.26284], [7.36748, 6.25659], [7.37076, 6.22188], [7.36763, 6.21881], [7.36718, 6.21837], [7.36445, 6.2153], [7.36459, 6.21371], [7.35608, 6.21544], [7.3471, 6.22298], [7.32269, 6.25061], [7.31276, 6.26185]]]}, "properties": {"name": "Umuaga", "lga": "Udi", "state": "en"}}, {"type": "Feature", "geometry": {"type": "Polygon", "coordinates": [[[7.38569, 6.33654], [7.39075, 6.34257], [7.39228, 6.34542], [7.40263, 6.34961], [7.40593, 6.35083], [7.40733, 6.35381], [7.40825, 6.35614], [7.41127, 6.3572], [7.41216, 6.35805], [7.41354, 6.35894], [7.41502, 6.35904], [7.41617, 6.35946], [7.41755, 6.35956], [7.42345, 6.35574], [7.42133, 6.34199], [7.42417, 6.32881], [7.42537, 6.32574], [7.41234, 6.3244], [7.4113, 6.3258], [7.40298, 6.32682], [7.40146, 6.32595], [7.38569, 6.33654]]]}, "properties": {"name": "Abia", "lga": "Udi", "state": "en"}}, {"type": "Feature", "geometry": {"type": "Polygon", "coordinates": [[[7.46429, 6.23803], [7.4718, 6.23442], [7.48423, 6.23424], [7.49153, 6.23087], [7.48857, 6.22448], [7.48138, 6.21332], [7.48107, 6.21344], [7.46881, 6.21718], [7.46295, 6.21644], [7.45859, 6.21719], [7.44171, 6.21118], [7.43678, 6.21122], [7.42772, 6.21172], [7.42756, 6.21179], [7.43119, 6.22355], [7.43463, 6.22957], [7.4386, 6.23735], [7.44072, 6.23995], [7.44367, 6.24354], [7.4466, 6.24697], [7.45875, 6.24369], [7.4631, 6.2388], [7.46429, 6.23803]]]}, "properties": {"name": "Ihe", "lga": "Awgu", "state": "en"}}, {"type": "Feature", "geometry": {"type": "Polygon", "coordinates": [[[7.47053, 6.27396], [7.48302, 6.26973], [7.50367, 6.27203], [7.50584, 6.26417], [7.50619, 6.25586], [7.50555, 6.24996], [7.5053, 6.24856], [7.50497, 6.23718], [7.50424, 6.23676], [7.49153, 6.23087], [7.48423, 6.23424], [7.4718, 6.23442], [7.4631, 6.2388], [7.45875, 6.24369], [7.4466, 6.24697], [7.44728, 6.24917], [7.45244, 6.26209], [7.46146, 6.26615], [7.46569, 6.2688], [7.47053, 6.27396]]]}, "properties": {"name": "Agbogugu", "lga": "Awgu", "state": "en"}}, {"type": "Feature", "geometry": {"type": "Polygon", "coordinates": [[[7.2284, 6.68228], [7.23355, 6.69328], [7.24137, 6.71329], [7.29677, 6.72899], [7.29695, 6.72305], [7.29574, 6.71003], [7.29715, 6.69778], [7.29821, 6.68688], [7.2976, 6.67865], [7.289, 6.67776], [7.2884, 6.6777], [7.25077, 6.68057], [7.2284, 6.68228]]]}, "properties": {"name": "Akpugo", "lga": "Uzo-Uwani", "state": "en"}}, {"type": "Feature", "geometry": {"type": "Polygon", "coordinates": [[[7.75095, 6.39765], [7.75139, 6.38554], [7.74521, 6.37009], [7.73991, 6.36998], [7.70328, 6.37994], [7.69175, 6.3813], [7.68306, 6.38419], [7.67204, 6.38595], [7.67014, 6.37295], [7.66978, 6.36739], [7.66942, 6.3637], [7.67049, 6.35561], [7.67154, 6.35044], [7.67316, 6.34469], [7.67421, 6.34047], [7.67933, 6.33131], [7.67895, 6.33096], [7.67612, 6.32838], [7.67333, 6.32657], [7.67263, 6.3221], [7.67082, 6.31959], [7.67008, 6.31535], [7.66257, 6.32001], [7.66122, 6.31968], [7.66078, 6.31957], [7.63909, 6.32767], [7.63919, 6.33263], [7.63226, 6.34147], [7.63027, 6.34441], [7.62406, 6.35005], [7.61901, 6.35047], [7.6146, 6.34757], [7.60957, 6.34266], [7.60483, 6.33733], [7.60114, 6.33647], [7.59505, 6.33909], [7.59276, 6.33752], [7.59103, 6.33492], [7.58909, 6.32612], [7.58763, 6.32623], [7.58212, 6.32669], [7.58105, 6.32636], [7.57864, 6.32775], [7.57633, 6.32908], [7.57104, 6.33168], [7.56113, 6.33143], [7.55517, 6.34039], [7.55807, 6.34035], [7.56577, 6.3408], [7.56653, 6.34946], [7.56796, 6.35574], [7.56996, 6.3593], [7.57588, 6.36074], [7.58055, 6.36435], [7.57917, 6.3738], [7.5804, 6.38341], [7.5809, 6.38514], [7.58235, 6.39211], [7.57908, 6.39385], [7.57712, 6.40003], [7.57686, 6.40544], [7.57514, 6.40618], [7.57503, 6.40735], [7.57482, 6.41163], [7.57247, 6.41344], [7.5733, 6.41542], [7.57649, 6.4196], [7.58209, 6.42471], [7.58359, 6.42588], [7.58448, 6.42609], [7.58477, 6.42538], [7.58753, 6.42444], [7.59264, 6.43155], [7.59371, 6.42911], [7.59481, 6.42896], [7.59592, 6.42589], [7.59933, 6.43976], [7.62825, 6.43213], [7.64467, 6.42602], [7.66718, 6.40697], [7.71664, 6.39904], [7.75095, 6.39765]]]}, "properties": {"name": "Akpawfu / Isienu", "lga": "Nkanu East", "state": "en"}}, {"type": "Feature", "geometry": {"type": "Polygon", "coordinates": [[[7.54531, 6.30779], [7.55199, 6.30667], [7.57015, 6.30713], [7.58111, 6.3081], [7.58756, 6.30897], [7.58854, 6.30842], [7.59328, 6.3054], [7.60407, 6.29191], [7.59328, 6.27743], [7.59417, 6.2739], [7.55972, 6.26691], [7.56031, 6.28127], [7.55703, 6.28706], [7.55781, 6.29647], [7.55617, 6.29898], [7.55215, 6.30092], [7.54883, 6.30134], [7.54775, 6.30094], [7.54559, 6.30014], [7.54551, 6.30234], [7.54531, 6.30779]]]}, "properties": {"name": "Agbani", "lga": "Nkanu West", "state": "en"}}, {"type": "Feature", "geometry": {"type": "Polygon", "coordinates": [[[7.48547, 6.78114], [7.48977, 6.78297], [7.50346, 6.77871], [7.50772, 6.78017], [7.51102, 6.78257], [7.512, 6.78527], [7.51634, 6.79035], [7.52957, 6.80672], [7.53487, 6.80893], [7.53615, 6.80942], [7.53742, 6.81009], [7.55422, 6.80905], [7.55887, 6.80763], [7.56144, 6.80598], [7.5656, 6.80469], [7.56274, 6.78961], [7.56709, 6.76254], [7.55981, 6.75076], [7.55405, 6.75002], [7.54801, 6.75066], [7.54652, 6.75342], [7.54405, 6.75707], [7.53971, 6.75857], [7.53743, 6.75985], [7.53426, 6.76172], [7.53307, 6.76375], [7.53205, 6.76454], [7.53132, 6.76649], [7.53195, 6.76885], [7.53159, 6.77013], [7.52984, 6.77149], [7.52041, 6.77454], [7.51233, 6.77106], [7.50928, 6.77178], [7.5078, 6.77258], [7.50722, 6.7738], [7.50517, 6.77549], [7.50329, 6.77686], [7.49297, 6.77744], [7.48989, 6.77838], [7.48547, 6.78114]]]}, "properties": {"name": "Eha Ndiagu", "lga": "Nsukka", "state": "en"}}, {"type": "Feature", "geometry": {"type": "Polygon", "coordinates": [[[7.53487, 6.80893], [7.52957, 6.80672], [7.51634, 6.79035], [7.512, 6.78527], [7.51102, 6.78257], [7.50772, 6.78017], [7.50346, 6.77871], [7.48977, 6.78297], [7.48547, 6.78114], [7.48025, 6.78824], [7.47487, 6.79015], [7.47364, 6.79232], [7.4689, 6.79456], [7.46678, 6.79611], [7.46479, 6.79758], [7.4624, 6.79998], [7.46358, 6.80901], [7.45829, 6.82417], [7.46173, 6.82473], [7.46342, 6.825], [7.46535, 6.8246], [7.47272, 6.82259], [7.48575, 6.82017], [7.49248, 6.81552], [7.49919, 6.81253], [7.50706, 6.80983], [7.51494, 6.81001], [7.52818, 6.81016], [7.53487, 6.80893]]]}, "properties": {"name": "Eha Uno", "lga": "Nsukka", "state": "en"}}, {"type": "Feature", "geometry": {"type": "Polygon", "coordinates": [[[7.38735, 6.79032], [7.38637, 6.78559], [7.38572, 6.78047], [7.38358, 6.77552], [7.38383, 6.7734], [7.38272, 6.75408], [7.38074, 6.74661], [7.37646, 6.75431], [7.37124, 6.75691], [7.36775, 6.75829], [7.36347, 6.76538], [7.3578, 6.76287], [7.35326, 6.76143], [7.34838, 6.76169], [7.34218, 6.76138], [7.34715, 6.77643], [7.35069, 6.78014], [7.35474, 6.78105], [7.37056, 6.78652], [7.37244, 6.78668], [7.37521, 6.7846], [7.37621, 6.78446], [7.37877, 6.78523], [7.38057, 6.78531], [7.38284, 6.78759], [7.38735, 6.79032]]]}, "properties": {"name": "Akaibute", "lga": "Nsukka", "state": "en"}}, {"type": "Feature", "geometry": {"type": "Polygon", "coordinates": [[[7.31063, 6.12493], [7.29373, 6.12325], [7.29328, 6.1231], [7.29095, 6.12184], [7.2898, 6.11819], [7.29096, 6.11249], [7.28569, 6.10321], [7.28694, 6.10237], [7.26275, 6.07935], [7.2613, 6.07942], [7.2596, 6.08772], [7.25952, 6.08798], [7.2607, 6.12279], [7.26858, 6.12485], [7.27576, 6.12807], [7.28836, 6.13609], [7.28962, 6.13773], [7.30331, 6.13915], [7.30491, 6.13663], [7.30681, 6.13363], [7.31063, 6.12493]]]}, "properties": {"name": "Inyi 2", "lga": "Oji-River", "state": "en"}}, {"type": "Feature", "geometry": {"type": "Polygon", "coordinates": [[[7.34379, 6.30545], [7.34617, 6.31247], [7.34903, 6.32828], [7.35321, 6.33838], [7.35669, 6.34597], [7.36094, 6.35559], [7.36102, 6.36067], [7.36584, 6.36159], [7.37506, 6.36283], [7.3861, 6.36905], [7.38831, 6.36469], [7.39228, 6.34542], [7.39075, 6.34257], [7.38569, 6.33654], [7.38274, 6.32894], [7.38189, 6.32002], [7.37989, 6.31293], [7.37396, 6.31076], [7.37197, 6.30807], [7.36658, 6.30566], [7.36267, 6.30473], [7.35194, 6.3021], [7.34379, 6.30545]]]}, "properties": {"name": "Amokwe", "lga": "Udi", "state": "en"}}, {"type": "Feature", "geometry": {"type": "Polygon", "coordinates": [[[7.66668, 6.26096], [7.66666, 6.26096], [7.64971, 6.26105], [7.64514, 6.27241], [7.64127, 6.27735], [7.63955, 6.27953], [7.63383, 6.28567], [7.62909, 6.28776], [7.62263, 6.29033], [7.62283, 6.29068], [7.62811, 6.30008], [7.63909, 6.32767], [7.66078, 6.31957], [7.66122, 6.31968], [7.66257, 6.32001], [7.66342, 6.31959], [7.66751, 6.3176], [7.66777, 6.31737], [7.67008, 6.31535], [7.674, 6.31192], [7.67505, 6.31146], [7.68865, 6.30544], [7.69031, 6.30468], [7.69672, 6.30444], [7.69763, 6.3043], [7.70422, 6.30397], [7.70446, 6.30389], [7.7096, 6.30219], [7.70803, 6.29835], [7.70807, 6.2974], [7.70893, 6.27792], [7.70907, 6.27762], [7.7163, 6.26134], [7.71625, 6.26132], [7.68311, 6.25715], [7.68002, 6.25668], [7.66668, 6.26096]]]}, "properties": {"name": "Ihuokpora", "lga": "Nkanu East", "state": "en"}}, {"type": "Feature", "geometry": {"type": "Polygon", "coordinates": [[[7.61928, 6.19928], [7.6194, 6.19732], [7.61902, 6.17554], [7.6257, 6.14629], [7.62521, 6.14085], [7.61951, 6.14289], [7.61471, 6.1438], [7.6115, 6.14251], [7.60848, 6.13887], [7.60709, 6.13358], [7.60692, 6.13362], [7.59145, 6.13749], [7.56813, 6.1353], [7.55514, 6.12885], [7.53923, 6.15043], [7.53467, 6.17412], [7.54999, 6.17329], [7.5569, 6.20185], [7.55868, 6.20785], [7.5975, 6.21602], [7.59789, 6.21558], [7.61928, 6.19928]]]}, "properties": {"name": "Nomeh", "lga": "Nkanu East", "state": "en"}}, {"type": "Feature", "geometry": {"type": "Polygon", "coordinates": [[[7.42327, 6.88372], [7.45617, 6.88524], [7.45746, 6.88584], [7.45929, 6.88656], [7.46177, 6.88894], [7.46313, 6.88825], [7.46381, 6.87897], [7.46373, 6.87895], [7.46115, 6.87683], [7.45811, 6.87646], [7.45467, 6.87786], [7.4494, 6.88117], [7.44138, 6.88016], [7.44166, 6.87732], [7.43729, 6.87461], [7.43857, 6.87346], [7.43888, 6.87294], [7.43883, 6.87218], [7.43476, 6.86945], [7.434, 6.87005], [7.4335, 6.871], [7.43292, 6.87152], [7.42641, 6.87187], [7.42448, 6.87344], [7.42187, 6.87324], [7.4211, 6.87507], [7.4207, 6.87681], [7.41942, 6.87918], [7.42105, 6.8835], [7.42327, 6.88372]]]}, "properties": {"name": "Ovoko Ajuona", "lga": "Igbo-Eze-South", "state": "en"}}, {"type": "Feature", "geometry": {"type": "Polygon", "coordinates": [[[7.40336, 6.93053], [7.40262, 6.92879], [7.40131, 6.92625], [7.40012, 6.92296], [7.40381, 6.92185], [7.40282, 6.91978], [7.3916, 6.91842], [7.3921, 6.91678], [7.39354, 6.91226], [7.38264, 6.91632], [7.38021, 6.91323], [7.37851, 6.91507], [7.37092, 6.92117], [7.36874, 6.92666], [7.36287, 6.92909], [7.36198, 6.93706], [7.36263, 6.93908], [7.354, 6.94624], [7.35807, 6.9545], [7.36089, 6.95616], [7.36393, 6.95758], [7.36471, 6.95588], [7.36488, 6.95502], [7.36829, 6.95247], [7.37245, 6.94814], [7.37424, 6.94671], [7.37681, 6.94288], [7.37916, 6.94499], [7.38003, 6.95016], [7.38046, 6.95305], [7.38163, 6.95662], [7.38315, 6.95929], [7.38556, 6.96241], [7.40113, 6.96378], [7.40646, 6.96356], [7.40981, 6.96138], [7.40383, 6.95858], [7.40245, 6.95536], [7.40194, 6.95299], [7.40262, 6.95128], [7.40358, 6.94836], [7.40403, 6.94479], [7.40453, 6.93312], [7.40336, 6.93053]]]}, "properties": {"name": "Echara", "lga": "Igbo-Eze-South", "state": "en"}}, {"type": "Feature", "geometry": {"type": "Polygon", "coordinates": [[[7.42048, 6.88406], [7.42105, 6.8835], [7.42115, 6.88239], [7.42092, 6.88116], [7.42037, 6.8803], [7.41942, 6.87918], [7.4207, 6.87681], [7.4211, 6.87507], [7.42187, 6.87324], [7.42448, 6.87344], [7.42641, 6.87187], [7.43292, 6.87152], [7.42654, 6.86675], [7.42323, 6.86384], [7.42266, 6.86354], [7.40903, 6.87376], [7.40792, 6.8744], [7.40395, 6.8796], [7.38981, 6.88455], [7.3832, 6.88908], [7.38019, 6.89653], [7.36249, 6.88901], [7.36157, 6.89481], [7.36858, 6.90977], [7.37804, 6.91049], [7.38021, 6.91323], [7.38264, 6.91632], [7.39354, 6.91226], [7.39405, 6.91207], [7.39775, 6.90796], [7.39931, 6.90677], [7.39903, 6.90456], [7.39824, 6.90161], [7.3971, 6.89715], [7.40368, 6.89205], [7.41495, 6.88607], [7.41831, 6.88451], [7.42048, 6.88406]]]}, "properties": {"name": "Obukpa", "lga": "Igbo-Eze-South", "state": "en"}}, {"type": "Feature", "geometry": {"type": "Polygon", "coordinates": [[[7.30089, 6.34794], [7.27359, 6.34059], [7.26526, 6.34059], [7.25622, 6.34049], [7.2563, 6.34573], [7.24851, 6.34177], [7.24649, 6.34132], [7.23809, 6.33773], [7.23017, 6.33966], [7.209, 6.32989], [7.19981, 6.33981], [7.20358, 6.35504], [7.21331, 6.35534], [7.21887, 6.35611], [7.22895, 6.35726], [7.23388, 6.36223], [7.23498, 6.36537], [7.24616, 6.36267], [7.24885, 6.36062], [7.25685, 6.35626], [7.26617, 6.35076], [7.26735, 6.35085], [7.26836, 6.35092], [7.27319, 6.35571], [7.29655, 6.36554], [7.30045, 6.35156], [7.30089, 6.34794]]]}, "properties": {"name": "Umana Ndiuno", "lga": "Ezeagu", "state": "en"}}, {"type": "Feature", "geometry": {"type": "Polygon", "coordinates": [[[7.30121, 6.37565], [7.31972, 6.3685], [7.32073, 6.36812], [7.32702, 6.36534], [7.33361, 6.36142], [7.33954, 6.35428], [7.35035, 6.35186], [7.35061, 6.34906], [7.34705, 6.33576], [7.34486, 6.33396], [7.34104, 6.33267], [7.32846, 6.33424], [7.32424, 6.32937], [7.31046, 6.3229], [7.304, 6.32201], [7.28621, 6.31921], [7.28233, 6.31767], [7.2721, 6.31382], [7.26749, 6.31333], [7.25873, 6.3127], [7.25692, 6.32442], [7.25621, 6.33148], [7.25562, 6.33521], [7.25621, 6.33933], [7.25622, 6.34049], [7.26526, 6.34059], [7.27359, 6.34059], [7.30089, 6.34794], [7.30045, 6.35156], [7.29655, 6.36554], [7.30121, 6.37565]]]}, "properties": {"name": "Umumba-Ndiuno", "lga": "Ezeagu", "state": "en"}}, {"type": "Feature", "geometry": {"type": "Polygon", "coordinates": [[[7.24692, 6.45856], [7.24525, 6.45833], [7.18296, 6.47737], [7.18788, 6.50283], [7.21301, 6.5506], [7.22344, 6.56683], [7.23576, 6.57334], [7.24653, 6.55574], [7.26295, 6.54854], [7.26826, 6.5258], [7.24311, 6.49603], [7.2431, 6.49592], [7.24464, 6.48239], [7.25792, 6.46962], [7.24692, 6.45856]]]}, "properties": {"name": "Okpogho", "lga": "Ezeagu", "state": "en"}}, {"type": "Feature", "geometry": {"type": "Polygon", "coordinates": [[[7.29426, 6.26055], [7.29524, 6.26364], [7.29629, 6.2663], [7.29829, 6.2717], [7.29663, 6.27279], [7.29511, 6.27375], [7.29004, 6.27829], [7.29598, 6.28167], [7.32218, 6.31229], [7.32543, 6.31087], [7.32784, 6.30997], [7.33136, 6.30975], [7.33523, 6.30937], [7.34084, 6.30696], [7.34379, 6.30545], [7.35194, 6.3021], [7.35206, 6.29049], [7.35003, 6.28598], [7.34548, 6.28242], [7.33592, 6.27493], [7.32912, 6.27322], [7.31276, 6.26185], [7.3052, 6.2594], [7.29433, 6.2605], [7.29426, 6.26055]]]}, "properties": {"name": "Nachi", "lga": "Udi", "state": "en"}}, {"type": "Feature", "geometry": {"type": "Polygon", "coordinates": [[[7.48284, 6.47042], [7.46168, 6.46553], [7.44332, 6.47469], [7.44175, 6.47624], [7.44173, 6.47854], [7.43923, 6.48142], [7.4446, 6.48849], [7.45186, 6.49269], [7.45136, 6.4938], [7.44998, 6.49507], [7.45025, 6.49642], [7.45151, 6.49817], [7.45051, 6.5001], [7.46556, 6.50497], [7.46807, 6.50421], [7.47242, 6.50258], [7.48057, 6.50139], [7.4812, 6.49751], [7.48168, 6.49731], [7.4825, 6.49299], [7.48419, 6.49331], [7.49304, 6.49524], [7.50381, 6.49423], [7.50551, 6.49383], [7.50354, 6.49064], [7.50019, 6.49123], [7.49765, 6.49046], [7.49524, 6.49022], [7.49543, 6.48686], [7.49671, 6.48265], [7.49913, 6.47342], [7.49837, 6.47227], [7.48284, 6.47042]]]}, "properties": {"name": "Trans Ekulu", "lga": "Enugu East", "state": "en"}}, {"type": "Feature", "geometry": {"type": "Polygon", "coordinates": [[[7.46153, 6.01478], [7.45153, 6.01383], [7.43059, 6.00622], [7.41584, 6.00622], [7.40442, 6.0124], [7.40281, 6.01472], [7.40217, 6.03982], [7.39837, 6.06901], [7.40228, 6.07792], [7.40338, 6.07937], [7.40703, 6.0852], [7.41451, 6.09745], [7.44699, 6.06858], [7.46267, 6.05683], [7.45321, 6.04829], [7.45673, 6.03684], [7.46189, 6.02644], [7.46153, 6.01478]]]}, "properties": {"name": "Anikenano / Ugwueme / Nkwe / Awgunta / Ezerre / Nenwenta", "lga": "Awgu", "state": "en"}}, {"type": "Feature", "geometry": {"type": "Polygon", "coordinates": [[[7.39837, 6.06901], [7.40217, 6.03982], [7.40281, 6.01472], [7.39585, 6.02478], [7.39263, 6.02902], [7.38681, 6.03667], [7.38479, 6.03732], [7.37634, 6.04001], [7.32845, 6.0424], [7.31015, 6.04502], [7.30381, 6.04502], [7.30176, 6.04652], [7.29954, 6.04815], [7.29783, 6.05083], [7.29721, 6.05259], [7.30057, 6.06555], [7.30244, 6.06728], [7.30392, 6.07101], [7.30585, 6.07271], [7.30729, 6.0748], [7.30964, 6.07646], [7.30974, 6.09173], [7.33645, 6.09795], [7.34067, 6.0923], [7.35958, 6.08573], [7.38752, 6.07366], [7.39837, 6.06901]]]}, "properties": {"name": "Awlaw", "lga": "Oji-River", "state": "en"}}, {"type": "Feature", "geometry": {"type": "Polygon", "coordinates": [[[7.67895, 6.33096], [7.67421, 6.34047], [7.66942, 6.3637], [7.66978, 6.36739], [7.67014, 6.37295], [7.67204, 6.38595], [7.68306, 6.38419], [7.69175, 6.3813], [7.70328, 6.37994], [7.73991, 6.36998], [7.74521, 6.37009], [7.74067, 6.35873], [7.73868, 6.35375], [7.72097, 6.33105], [7.7096, 6.30219], [7.70446, 6.30389], [7.70422, 6.30397], [7.69763, 6.3043], [7.69672, 6.30444], [7.69031, 6.30468], [7.68865, 6.30544], [7.67505, 6.31146], [7.674, 6.31192], [7.67008, 6.31535], [7.67082, 6.31959], [7.67263, 6.3221], [7.67333, 6.32657], [7.67612, 6.32838], [7.67895, 6.33096]]]}, "properties": {"name": "Amagunze", "lga": "Nkanu East", "state": "en"}}, {"type": "Feature", "geometry": {"type": "Polygon", "coordinates": [[[7.66369, 6.04723], [7.66537, 6.03909], [7.66716, 6.03044], [7.67579, 6.01], [7.68445, 6.00134], [7.6812, 6.00029], [7.66728, 5.99005], [7.66225, 5.98104], [7.65484, 5.97093], [7.65141, 5.96535], [7.64331, 5.95814], [7.629, 5.94575], [7.58905, 5.96142], [7.57316, 5.96914], [7.57126, 5.97134], [7.56963, 5.97324], [7.58346, 5.99293], [7.59658, 6.00378], [7.60741, 6.01175], [7.6205, 6.01912], [7.64834, 6.0344], [7.66369, 6.04723]]]}, "properties": {"name": "Mpu", "lga": "Aninri", "state": "en"}}, {"type": "Feature", "geometry": {"type": "Polygon", "coordinates": [[[7.629, 5.94575], [7.64331, 5.95814], [7.65141, 5.96535], [7.65484, 5.97093], [7.66225, 5.98104], [7.66728, 5.99005], [7.6812, 6.00029], [7.68445, 6.00134], [7.69713, 5.98867], [7.71121, 5.97095], [7.71484, 5.94598], [7.70736, 5.9334], [7.70485, 5.92918], [7.69189, 5.92464], [7.67896, 5.92872], [7.66443, 5.93008], [7.63537, 5.94325], [7.629, 5.94575]]]}, "properties": {"name": "Okpanku / Agbada", "lga": "Aninri", "state": "en"}}, {"type": "Feature", "geometry": {"type": "Polygon", "coordinates": [[[7.60278, 6.46872], [7.61414, 6.4721], [7.61932, 6.47248], [7.6245, 6.47133], [7.65793, 6.46332], [7.68056, 6.45826], [7.70805, 6.46008], [7.71657, 6.4591], [7.73025, 6.46412], [7.74637, 6.46166], [7.74912, 6.4473], [7.75095, 6.39765], [7.71664, 6.39904], [7.66718, 6.40697], [7.64467, 6.42602], [7.62825, 6.43213], [7.59933, 6.43976], [7.60246, 6.45256], [7.60385, 6.45795], [7.60408, 6.45906], [7.6016, 6.4603], [7.60124, 6.46157], [7.6014, 6.4626], [7.60062, 6.46342], [7.60059, 6.46443], [7.60101, 6.46542], [7.60137, 6.46799], [7.60278, 6.46872]]]}, "properties": {"name": "Amechi Idodo / Orukwu", "lga": "Nkanu East", "state": "en"}}, {"type": "Feature", "geometry": {"type": "Polygon", "coordinates": [[[7.71584, 6.56854], [7.72612, 6.56006], [7.73377, 6.52817], [7.7141, 6.5239], [7.69303, 6.52037], [7.68397, 6.51732], [7.67492, 6.51685], [7.66462, 6.5158], [7.64817, 6.50906], [7.65086, 6.51766], [7.65807, 6.52493], [7.65599, 6.5267], [7.6506, 6.52727], [7.64898, 6.53799], [7.65261, 6.54908], [7.65016, 6.55354], [7.64646, 6.56047], [7.63376, 6.56748], [7.64633, 6.5699], [7.65548, 6.56619], [7.69529, 6.57732], [7.70455, 6.57801], [7.71584, 6.56854]]]}, "properties": {"name": "Ogbahu / Amankanu / Ubahu", "lga": "Nkanu East", "state": "en"}}, {"type": "Feature", "geometry": {"type": "Polygon", "coordinates": [[[7.73025, 6.46412], [7.71657, 6.4591], [7.70805, 6.46008], [7.68056, 6.45826], [7.65793, 6.46332], [7.6245, 6.47133], [7.61932, 6.47248], [7.61414, 6.4721], [7.60278, 6.46872], [7.60505, 6.47639], [7.60565, 6.47775], [7.61057, 6.48074], [7.61244, 6.48198], [7.62202, 6.48333], [7.62388, 6.48447], [7.62612, 6.48584], [7.62993, 6.48812], [7.63725, 6.49674], [7.64817, 6.50906], [7.66462, 6.5158], [7.67492, 6.51685], [7.68397, 6.51732], [7.69303, 6.52037], [7.7141, 6.5239], [7.73377, 6.52817], [7.74004, 6.50161], [7.74183, 6.49402], [7.74637, 6.46166], [7.73025, 6.46412]]]}, "properties": {"name": "Owo", "lga": "Nkanu East", "state": "en"}}]}