{"type": "FeatureCollection", "features": [{"type": "Feature", "geometry": {"type": "Polygon", "coordinates": [[[10.04467, 12.44927], [10.04513, 12.44711], [10.04136, 12.44661], [10.04051, 12.44884], [10.04467, 12.44927]]]}, "properties": {"name": "Kasuwar Kofa", "lga": "Hadejia", "state": "ji"}}, {"type": "Feature", "geometry": {"type": "Polygon", "coordinates": [[[9.40306, 12.62872], [9.40145, 12.62706], [9.39992, 12.62559], [9.39826, 12.62443], [9.39216, 12.62333], [9.39078, 12.62844], [9.40025, 12.63091], [9.40126, 12.63019], [9.40199, 12.62947], [9.40306, 12.62872]]]}, "properties": {"name": "Zango", "lga": "Gumel", "state": "ji"}}, {"type": "Feature", "geometry": {"type": "Polygon", "coordinates": [[[10.04885, 12.44637], [10.04595, 12.44542], [10.04467, 12.44927], [10.04774, 12.45028], [10.04846, 12.44833], [10.04802, 12.44814], [10.0475, 12.44793], [10.04885, 12.44637]]]}, "properties": {"name": "Atafi", "lga": "Hadejia", "state": "ji"}}, {"type": "Feature", "geometry": {"type": "Polygon", "coordinates": [[[9.39125, 12.62875], [9.38469, 12.6267], [9.38523, 12.63118], [9.38687, 12.63155], [9.3864, 12.6335], [9.38514, 12.63333], [9.38572, 12.63497], [9.38644, 12.63664], [9.38701, 12.63789], [9.38843, 12.63726], [9.38903, 12.62954], [9.39119, 12.6297], [9.3912, 12.62927], [9.39125, 12.62875]]]}, "properties": {"name": "Kofar Yamma", "lga": "Gumel", "state": "ji"}}, {"type": "Feature", "geometry": {"type": "Polygon", "coordinates": [[[10.03984, 12.45113], [10.03753, 12.45031], [10.03997, 12.4558], [10.04479, 12.45679], [10.04639, 12.45357], [10.03984, 12.45113]]]}, "properties": {"name": "Gagulmari", "lga": "Hadejia", "state": "ji"}}, {"type": "Feature", "geometry": {"type": "Polygon", "coordinates": [[[10.04774, 12.45028], [10.0446, 12.44926], [10.04426, 12.45134], [10.05051, 12.45263], [10.05098, 12.45134], [10.04774, 12.45028]]]}, "properties": {"name": "Rumfa", "lga": "Hadejia", "state": "ji"}}, {"type": "Feature", "geometry": {"type": "Polygon", "coordinates": [[[10.04046, 12.44873], [10.03773, 12.4485], [10.03779, 12.45028], [10.04354, 12.45285], [10.04558, 12.45182], [10.04426, 12.45134], [10.0446, 12.44926], [10.04046, 12.44873]]]}, "properties": {"name": "Majema", "lga": "Hadejia", "state": "ji"}}, {"type": "Feature", "geometry": {"type": "Polygon", "coordinates": [[[8.69192, 12.57221], [8.68958, 12.56932], [8.68317, 12.56193], [8.66082, 12.55886], [8.64574, 12.55983], [8.64867, 12.58351], [8.64075, 12.593], [8.64437, 12.61248], [8.64779, 12.61847], [8.64832, 12.63295], [8.64853, 12.63675], [8.6527, 12.64144], [8.65446, 12.64519], [8.65572, 12.64513], [8.65685, 12.6451], [8.65721, 12.64726], [8.65771, 12.65941], [8.67314, 12.66149], [8.68324, 12.66316], [8.68874, 12.6686], [8.69811, 12.67519], [8.70048, 12.6682], [8.70065, 12.6554], [8.70869, 12.65601], [8.70427, 12.6739], [8.70709, 12.67419], [8.71028, 12.67407], [8.71259, 12.67458], [8.71516, 12.66121], [8.7248, 12.6608], [8.72815, 12.66356], [8.7356, 12.66477], [8.73626, 12.66253], [8.73947, 12.65564], [8.72865, 12.65366], [8.72509, 12.64134], [8.7327, 12.63571], [8.73359, 12.63394], [8.71577, 12.61571], [8.71538, 12.61527], [8.70834, 12.59812], [8.70635, 12.59235], [8.70338, 12.58499], [8.70144, 12.5823], [8.70012, 12.58122], [8.69858, 12.58053], [8.69691, 12.57964], [8.69192, 12.57221]]]}, "properties": {"name": "Kuzunzumi", "lga": "Babura", "state": "ji"}}, {"type": "Feature", "geometry": {"type": "Polygon", "coordinates": [[[9.30123, 11.9333], [9.32695, 11.90132], [9.33486, 11.8975], [9.33551, 11.89566], [9.34103, 11.89159], [9.34491, 11.8762], [9.34551, 11.87534], [9.35115, 11.86522], [9.36114, 11.86363], [9.36161, 11.84967], [9.35348, 11.84657], [9.34499, 11.84543], [9.33304, 11.85016], [9.32747, 11.85179], [9.32427, 11.85065], [9.31502, 11.8466], [9.30634, 11.84331], [9.30628, 11.84541], [9.30476, 11.84544], [9.30247, 11.84515], [9.297, 11.84482], [9.29138, 11.83433], [9.28954, 11.83146], [9.28534, 11.82406], [9.28099, 11.82204], [9.27317, 11.82524], [9.26722, 11.8273], [9.25995, 11.82853], [9.24964, 11.83166], [9.23903, 11.83857], [9.2369, 11.8388], [9.23202, 11.83879], [9.22882, 11.85068], [9.22962, 11.85169], [9.23011, 11.85287], [9.23025, 11.85319], [9.23018, 11.85993], [9.21559, 11.87556], [9.21239, 11.87899], [9.2202, 11.88796], [9.22217, 11.89099], [9.22603, 11.89331], [9.23, 11.89466], [9.2292, 11.90105], [9.22655, 11.90882], [9.20611, 11.90519], [9.20472, 11.90502], [9.20203, 11.90468], [9.2027, 11.91077], [9.20454, 11.91629], [9.20703, 11.92424], [9.20753, 11.93883], [9.20746, 11.9463], [9.20701, 11.9565], [9.20105, 11.96195], [9.20321, 11.96448], [9.20439, 11.96582], [9.20517, 11.96797], [9.22302, 11.98961], [9.23736, 11.96637], [9.24749, 11.95898], [9.25752, 11.96214], [9.27333, 11.96569], [9.2865, 11.93925], [9.28652, 11.93924], [9.28652, 11.93922], [9.29506, 11.93201], [9.29825, 11.93207], [9.30123, 11.9333]]]}, "properties": {"name": "Duru", "lga": "Dutse", "state": "ji"}}, {"type": "Feature", "geometry": {"type": "Polygon", "coordinates": [[[9.5399, 11.86317], [9.53279, 11.86106], [9.52325, 11.85869], [9.52506, 11.85167], [9.52242, 11.83913], [9.47591, 11.83114], [9.47233, 11.83184], [9.44084, 11.84239], [9.4395, 11.84614], [9.43774, 11.86213], [9.43786, 11.86955], [9.43519, 11.8801], [9.43718, 11.88104], [9.44527, 11.88394], [9.45391, 11.88467], [9.4632, 11.88397], [9.46687, 11.88464], [9.4724, 11.88976], [9.47529, 11.89154], [9.48085, 11.89068], [9.4827, 11.88833], [9.48841, 11.88362], [9.49928, 11.87881], [9.51057, 11.87442], [9.51865, 11.87442], [9.53441, 11.87647], [9.5399, 11.86317]]]}, "properties": {"name": "Garko", "lga": "Kiyawa", "state": "ji"}}, {"type": "Feature", "geometry": {"type": "Polygon", "coordinates": [[[10.01715, 12.37384], [10.01529, 12.37081], [10.01529, 12.36982], [10.01648, 12.36697], [10.01597, 12.36545], [9.99297, 12.35315], [9.99112, 12.33894], [9.98587, 12.33777], [9.98316, 12.33458], [9.97996, 12.32993], [9.97784, 12.33365], [9.97146, 12.34664], [9.9694, 12.3566], [9.97039, 12.38371], [9.97041, 12.38388], [9.97038, 12.3839], [9.97131, 12.38422], [9.97736, 12.38607], [9.99482, 12.39646], [9.99979, 12.4152], [9.99605, 12.42099], [9.99994, 12.42699], [10.00268, 12.42563], [10.00434, 12.42575], [10.0066, 12.42644], [10.00736, 12.4227], [10.00447, 12.41567], [10.00474, 12.41245], [10.01128, 12.40545], [10.0163, 12.39226], [10.01704, 12.39086], [10.0203, 12.3893], [10.02075, 12.38515], [10.02137, 12.38077], [10.0196, 12.37757], [10.01715, 12.37384]]]}, "properties": {"name": "Auyakayi", "lga": "Auyo", "state": "ji"}}, {"type": "Feature", "geometry": {"type": "Polygon", "coordinates": [[[9.58249, 11.38416], [9.58893, 11.38414], [9.59375, 11.38158], [9.5947, 11.37717], [9.5876, 11.36914], [9.59616, 11.36103], [9.60723, 11.35901], [9.61268, 11.36066], [9.61547, 11.35486], [9.60873, 11.3479], [9.6061, 11.34143], [9.60823, 11.32905], [9.60735, 11.32807], [9.60616, 11.32376], [9.60927, 11.3188], [9.6094, 11.31547], [9.59256, 11.3159], [9.59089, 11.31588], [9.5591, 11.31547], [9.55903, 11.31693], [9.55913, 11.31702], [9.56795, 11.32525], [9.56791, 11.33103], [9.56639, 11.33427], [9.56514, 11.33662], [9.56407, 11.33772], [9.56433, 11.33868], [9.56447, 11.33997], [9.55913, 11.34528], [9.55827, 11.35483], [9.55621, 11.35822], [9.55392, 11.35976], [9.55064, 11.35879], [9.5444, 11.35773], [9.53493, 11.35779], [9.53026, 11.359], [9.52093, 11.36121], [9.5017, 11.36607], [9.50192, 11.37161], [9.5159, 11.3706], [9.5132, 11.3741], [9.5123, 11.37785], [9.4976, 11.37876], [9.49788, 11.38695], [9.50685, 11.39279], [9.51937, 11.39452], [9.51971, 11.39838], [9.521, 11.40098], [9.52288, 11.40476], [9.52331, 11.40719], [9.52185, 11.4113], [9.52048, 11.41491], [9.51937, 11.41668], [9.52176, 11.42034], [9.5298, 11.41534], [9.54231, 11.41416], [9.54613, 11.39711], [9.55182, 11.3796], [9.55028, 11.37165], [9.55993, 11.37305], [9.56733, 11.37451], [9.58111, 11.38318], [9.58249, 11.38416]]]}, "properties": {"name": "Kiyako", "lga": "Birnin Kudu", "state": "ji"}}, {"type": "Feature", "geometry": {"type": "Polygon", "coordinates": [[[9.24202, 12.47175], [9.2346, 12.46643], [9.22486, 12.46412], [9.21576, 12.49151], [9.2027, 12.48898], [9.19328, 12.4952], [9.19115, 12.51992], [9.17706, 12.52893], [9.18789, 12.53295], [9.20269, 12.53906], [9.21767, 12.54488], [9.22098, 12.54961], [9.22392, 12.55565], [9.22586, 12.56225], [9.22618, 12.56544], [9.22743, 12.57461], [9.23071, 12.58129], [9.23338, 12.58421], [9.23761, 12.58917], [9.2387, 12.59539], [9.23861, 12.6024], [9.23679, 12.61128], [9.24896, 12.61179], [9.26614, 12.61339], [9.28713, 12.61548], [9.29133, 12.61652], [9.29426, 12.6175], [9.29989, 12.62112], [9.30756, 12.62378], [9.31514, 12.62104], [9.32155, 12.6144], [9.32161, 12.59503], [9.31688, 12.59289], [9.31768, 12.59085], [9.3238, 12.58308], [9.33317, 12.57915], [9.32259, 12.57741], [9.31511, 12.57579], [9.30631, 12.57649], [9.29336, 12.57301], [9.28694, 12.57138], [9.27553, 12.56338], [9.26005, 12.55257], [9.26971, 12.53239], [9.26434, 12.51931], [9.25104, 12.5106], [9.26635, 12.49138], [9.25585, 12.47919], [9.24202, 12.47175]]]}, "properties": {"name": "Danladi", "lga": "Sule Tankarkar", "state": "ji"}}, {"type": "Feature", "geometry": {"type": "Polygon", "coordinates": [[[8.72948, 12.4255], [8.75773, 12.43144], [8.78657, 12.43305], [8.79642, 12.43612], [8.7987, 12.43904], [8.7987, 12.4419], [8.79344, 12.4568], [8.79386, 12.45976], [8.79507, 12.46192], [8.79591, 12.46238], [8.79655, 12.46266], [8.80891, 12.45584], [8.82915, 12.45714], [8.83275, 12.4609], [8.83218, 12.46297], [8.83086, 12.46558], [8.83112, 12.47812], [8.83908, 12.48215], [8.84459, 12.48514], [8.84259, 12.49246], [8.84601, 12.49803], [8.84949, 12.5008], [8.8706, 12.51611], [8.87505, 12.52592], [8.88064, 12.53098], [8.89101, 12.54141], [8.89502, 12.54168], [8.89975, 12.54096], [8.90251, 12.5408], [8.9042, 12.5393], [8.90901, 12.53264], [8.9135, 12.52506], [8.91827, 12.52067], [8.91519, 12.51754], [8.90993, 12.51441], [8.90896, 12.51324], [8.89837, 12.50057], [8.89139, 12.49724], [8.88164, 12.48493], [8.87786, 12.4808], [8.8768, 12.47862], [8.86433, 12.46236], [8.86228, 12.45814], [8.8777, 12.42777], [8.86322, 12.42322], [8.85155, 12.41962], [8.84559, 12.41516], [8.83062, 12.40118], [8.82345, 12.40015], [8.82108, 12.39994], [8.82048, 12.40238], [8.81362, 12.40009], [8.80419, 12.39293], [8.79803, 12.38673], [8.7951, 12.3823], [8.78501, 12.39261], [8.78044, 12.38713], [8.77404, 12.40334], [8.76413, 12.41951], [8.76384, 12.41993], [8.75742, 12.42127], [8.7387, 12.41724], [8.73338, 12.42341], [8.72948, 12.4255]]]}, "properties": {"name": "Kanya", "lga": "Babura", "state": "ji"}}, {"type": "Feature", "geometry": {"type": "Polygon", "coordinates": [[[8.74272, 12.55341], [8.73926, 12.55186], [8.73758, 12.55097], [8.73545, 12.55335], [8.72998, 12.55911], [8.71912, 12.56659], [8.71354, 12.56777], [8.69192, 12.57221], [8.69691, 12.57964], [8.69858, 12.58053], [8.70012, 12.58122], [8.70144, 12.5823], [8.70338, 12.58499], [8.70635, 12.59235], [8.70834, 12.59812], [8.71538, 12.61527], [8.71577, 12.61571], [8.73359, 12.63394], [8.7327, 12.63571], [8.72509, 12.64134], [8.72865, 12.65366], [8.73947, 12.65564], [8.73626, 12.66253], [8.7356, 12.66477], [8.72815, 12.66356], [8.7248, 12.6608], [8.71516, 12.66121], [8.71259, 12.67458], [8.71028, 12.67407], [8.70709, 12.67419], [8.70427, 12.6739], [8.70869, 12.65601], [8.70065, 12.6554], [8.70048, 12.6682], [8.69811, 12.67519], [8.69928, 12.68337], [8.70111, 12.68701], [8.7012, 12.687], [8.71241, 12.68056], [8.72279, 12.68272], [8.72295, 12.66994], [8.72604, 12.66999], [8.73074, 12.66967], [8.73578, 12.66884], [8.74229, 12.66693], [8.74481, 12.66665], [8.75237, 12.67268], [8.75925, 12.6739], [8.79404, 12.67295], [8.80469, 12.67313], [8.81679, 12.67417], [8.82098, 12.66656], [8.8331, 12.6528], [8.83207, 12.65165], [8.82032, 12.62623], [8.79862, 12.61612], [8.77452, 12.60801], [8.76333, 12.60356], [8.74006, 12.61278], [8.72888, 12.59705], [8.73119, 12.58072], [8.73186, 12.57925], [8.7388, 12.57212], [8.73973, 12.56914], [8.73901, 12.56636], [8.73899, 12.56571], [8.73919, 12.56502], [8.74004, 12.56218], [8.74272, 12.55341]]]}, "properties": {"name": "Batali", "lga": "Babura", "state": "ji"}}, {"type": "Feature", "geometry": {"type": "Polygon", "coordinates": [[[9.14636, 12.69799], [9.14633, 12.6949], [9.14194, 12.67787], [9.15151, 12.67022], [9.1592, 12.66619], [9.17632, 12.66222], [9.18294, 12.65292], [9.19666, 12.64585], [9.20748, 12.63784], [9.20763, 12.63773], [9.21183, 12.62792], [9.2119, 12.61227], [9.20967, 12.61054], [9.19844, 12.60329], [9.1938, 12.60225], [9.18448, 12.60115], [9.17455, 12.59343], [9.16504, 12.587], [9.15711, 12.58518], [9.1534, 12.58433], [9.15132, 12.58434], [9.14956, 12.58507], [9.12762, 12.60927], [9.12379, 12.60981], [9.09834, 12.60771], [9.07896, 12.60781], [9.07226, 12.60616], [9.05897, 12.60664], [9.03914, 12.60936], [9.02289, 12.61589], [9.039, 12.6285], [9.03295, 12.6486], [9.03609, 12.65449], [9.03868, 12.65663], [9.04276, 12.6621], [9.04191, 12.66356], [9.04696, 12.66887], [9.05484, 12.67244], [9.0649, 12.6783], [9.07738, 12.68696], [9.08751, 12.69027], [9.09964, 12.68609], [9.09967, 12.68603], [9.10714, 12.68572], [9.1185, 12.68411], [9.12686, 12.69368], [9.12734, 12.69902], [9.12983, 12.70678], [9.14227, 12.70016], [9.15069, 12.70095], [9.15127, 12.69986], [9.1494, 12.6991], [9.14717, 12.69914], [9.14559, 12.6984], [9.14636, 12.69799]]]}, "properties": {"name": "Amanga", "lga": "Sule Tankarkar", "state": "ji"}}, {"type": "Feature", "geometry": {"type": "Polygon", "coordinates": [[[8.70111, 12.68701], [8.69928, 12.68337], [8.69811, 12.67519], [8.68874, 12.6686], [8.68324, 12.66316], [8.67314, 12.66149], [8.65771, 12.65941], [8.65721, 12.64726], [8.65685, 12.6451], [8.65572, 12.64513], [8.65446, 12.64519], [8.6527, 12.64144], [8.64853, 12.63675], [8.64832, 12.63295], [8.64779, 12.61847], [8.64437, 12.61248], [8.64075, 12.593], [8.63233, 12.59372], [8.62452, 12.59443], [8.62348, 12.59703], [8.61879, 12.61204], [8.62256, 12.61837], [8.62551, 12.62805], [8.62478, 12.62922], [8.62597, 12.63607], [8.62627, 12.63881], [8.62868, 12.64231], [8.62988, 12.64496], [8.63118, 12.65286], [8.61583, 12.65205], [8.61876, 12.6661], [8.62127, 12.68307], [8.62338, 12.68506], [8.62504, 12.68861], [8.62855, 12.70135], [8.64538, 12.69804], [8.65747, 12.71247], [8.65912, 12.71666], [8.66863, 12.71947], [8.67673, 12.7159], [8.67742, 12.71358], [8.67808, 12.71256], [8.68025, 12.71044], [8.68212, 12.7092], [8.68358, 12.70805], [8.68388, 12.70514], [8.68421, 12.70324], [8.68456, 12.70088], [8.68554, 12.69957], [8.68673, 12.69684], [8.68745, 12.6947], [8.68802, 12.68821], [8.70111, 12.68701]]]}, "properties": {"name": "Dandi", "lga": "Kazaure", "state": "ji"}}, {"type": "Feature", "geometry": {"type": "Polygon", "coordinates": [[[10.20202, 12.33738], [10.1989, 12.3306], [10.195, 12.32813], [10.19517, 12.33144], [10.19169, 12.3309], [10.19074, 12.33769], [10.19173, 12.34053], [10.17969, 12.34373], [10.17021, 12.34512], [10.16224, 12.34477], [10.15036, 12.34779], [10.14418, 12.34977], [10.13871, 12.35116], [10.1264, 12.358], [10.12039, 12.36455], [10.11428, 12.37354], [10.10619, 12.38271], [10.10435, 12.38426], [10.10164, 12.38653], [10.09771, 12.39675], [10.10952, 12.39675], [10.11087, 12.40276], [10.10738, 12.41521], [10.10691, 12.41688], [10.12025, 12.42031], [10.14361, 12.42228], [10.1812, 12.43017], [10.19756, 12.43352], [10.225, 12.43385], [10.25406, 12.39103], [10.2429, 12.37992], [10.23616, 12.37546], [10.22656, 12.36863], [10.22582, 12.36399], [10.22318, 12.35999], [10.22054, 12.3563], [10.21631, 12.3553], [10.20962, 12.35568], [10.20843, 12.35518], [10.20768, 12.35425], [10.20117, 12.34192], [10.20202, 12.33738]]]}, "properties": {"name": "Unik", "lga": "Auyo", "state": "ji"}}, {"type": "Feature", "geometry": {"type": "Polygon", "coordinates": [[[10.47043, 12.67074], [10.47039, 12.67097], [10.46095, 12.69821], [10.45553, 12.71055], [10.44677, 12.72146], [10.45101, 12.72416], [10.45945, 12.73023], [10.4647, 12.7339], [10.47046, 12.73829], [10.47839, 12.74553], [10.48238, 12.74734], [10.49498, 12.75271], [10.50248, 12.76072], [10.50672, 12.76335], [10.5138, 12.76612], [10.53691, 12.76701], [10.53804, 12.75445], [10.54645, 12.75257], [10.55153, 12.75262], [10.56016, 12.75218], [10.57301, 12.76151], [10.5764, 12.74534], [10.58068, 12.7361], [10.58412, 12.71143], [10.59862, 12.7061], [10.59862, 12.70308], [10.59754, 12.70233], [10.59645, 12.70155], [10.59479, 12.70103], [10.59332, 12.70103], [10.5912, 12.70095], [10.58905, 12.70067], [10.58787, 12.69954], [10.58604, 12.69665], [10.5849, 12.69325], [10.57656, 12.68904], [10.57582, 12.68787], [10.57593, 12.6867], [10.57684, 12.68581], [10.57827, 12.68587], [10.57998, 12.68615], [10.5809, 12.68475], [10.58072, 12.68331], [10.57981, 12.68242], [10.5753, 12.68297], [10.57366, 12.68257], [10.56465, 12.67956], [10.56083, 12.68396], [10.55575, 12.68429], [10.55455, 12.68207], [10.55299, 12.67774], [10.54378, 12.67629], [10.53442, 12.66803], [10.5287, 12.66426], [10.52154, 12.66593], [10.51833, 12.66496], [10.51698, 12.66336], [10.51698, 12.66169], [10.51819, 12.66009], [10.51955, 12.65842], [10.52054, 12.65626], [10.52047, 12.65396], [10.5194, 12.65125], [10.51769, 12.64888], [10.51512, 12.64909], [10.51371, 12.65112], [10.51313, 12.65341], [10.51197, 12.65523], [10.50921, 12.65598], [10.50692, 12.65549], [10.5055, 12.65403], [10.50407, 12.65188], [10.5025, 12.65014], [10.50233, 12.64803], [10.50379, 12.64645], [10.50229, 12.64492], [10.50022, 12.64408], [10.49823, 12.64464], [10.49678, 12.64548], [10.49516, 12.64756], [10.48995, 12.6477], [10.4876, 12.6468], [10.48462, 12.64928], [10.48361, 12.65374], [10.48433, 12.66123], [10.48433, 12.66456], [10.48308, 12.66736], [10.47814, 12.66908], [10.47469, 12.6695], [10.47043, 12.67074]]]}, "properties": {"name": "Garbagal", "lga": "Guri", "state": "ji"}}, {"type": "Feature", "geometry": {"type": "Polygon", "coordinates": [[[10.15098, 12.54198], [10.13529, 12.56359], [10.14019, 12.5652], [10.1489, 12.56629], [10.15903, 12.569], [10.17707, 12.57569], [10.17607, 12.57847], [10.17488, 12.58053], [10.17268, 12.58477], [10.1869, 12.59344], [10.18792, 12.5946], [10.1894, 12.59621], [10.19067, 12.59853], [10.20946, 12.60137], [10.2194, 12.60526], [10.22321, 12.60675], [10.22694, 12.6082], [10.23109, 12.60098], [10.224, 12.59715], [10.22472, 12.59583], [10.24016, 12.57617], [10.23699, 12.57146], [10.23376, 12.56552], [10.22201, 12.55233], [10.20951, 12.55196], [10.20301, 12.55066], [10.18882, 12.55579], [10.1851, 12.55536], [10.17305, 12.55178], [10.17182, 12.55085], [10.17019, 12.5494], [10.16102, 12.546], [10.15098, 12.54198]]]}, "properties": {"name": "Madachi", "lga": "Kiri Kasama", "state": "ji"}}, {"type": "Feature", "geometry": {"type": "Polygon", "coordinates": [[[10.45914, 12.67001], [10.45774, 12.66129], [10.46062, 12.64337], [10.45689, 12.64042], [10.4509, 12.6368], [10.4427, 12.63083], [10.43366, 12.62028], [10.42233, 12.59401], [10.41734, 12.5903], [10.41676, 12.59086], [10.41534, 12.591], [10.41413, 12.58975], [10.41213, 12.58877], [10.40971, 12.58857], [10.40657, 12.58884], [10.40343, 12.58919], [10.40083, 12.58857], [10.39965, 12.58745], [10.39808, 12.58752], [10.39644, 12.58919], [10.39566, 12.59024], [10.39523, 12.59128], [10.39309, 12.59121], [10.39152, 12.58954], [10.39117, 12.58794], [10.38839, 12.58655], [10.37177, 12.58168], [10.36828, 12.5791], [10.35794, 12.57332], [10.3409, 12.56463], [10.32364, 12.56007], [10.32032, 12.58823], [10.32304, 12.59343], [10.32566, 12.60732], [10.33371, 12.60697], [10.34049, 12.60888], [10.34847, 12.61123], [10.35178, 12.62152], [10.35284, 12.62563], [10.35374, 12.63254], [10.35224, 12.63812], [10.35258, 12.64191], [10.35529, 12.64108], [10.35721, 12.64094], [10.35942, 12.6415], [10.36135, 12.64254], [10.36249, 12.6449], [10.36392, 12.6479], [10.36442, 12.65012], [10.36449, 12.6527], [10.36449, 12.65416], [10.36584, 12.65437], [10.36834, 12.65277], [10.37033, 12.65151], [10.37197, 12.65179], [10.37376, 12.65249], [10.37554, 12.65367], [10.37575, 12.65555], [10.37404, 12.65854], [10.37254, 12.65952], [10.37041, 12.6591], [10.36827, 12.65868], [10.36513, 12.65972], [10.36213, 12.66084], [10.35957, 12.6623], [10.35778, 12.66404], [10.35827, 12.66606], [10.3595, 12.66772], [10.36106, 12.66884], [10.36356, 12.66905], [10.37875, 12.66654], [10.3791, 12.66529], [10.37896, 12.66418], [10.37818, 12.66272], [10.3791, 12.66209], [10.38089, 12.66223], [10.38238, 12.66278], [10.39101, 12.67725], [10.39593, 12.6815], [10.39821, 12.68428], [10.39971, 12.68539], [10.40263, 12.68672], [10.41511, 12.69033], [10.41775, 12.69159], [10.42158, 12.6954], [10.4316, 12.69291], [10.45914, 12.67001]]]}, "properties": {"name": "Dawa", "lga": "Guri", "state": "ji"}}, {"type": "Feature", "geometry": {"type": "Polygon", "coordinates": [[[10.15155, 12.6396], [10.15346, 12.6465], [10.15931, 12.65364], [10.16295, 12.65635], [10.17188, 12.65689], [10.18888, 12.64419], [10.19709, 12.6342], [10.20373, 12.62906], [10.21144, 12.6277], [10.22045, 12.63005], [10.2215, 12.64264], [10.23213, 12.64434], [10.2407, 12.63977], [10.24764, 12.63332], [10.24381, 12.63003], [10.23789, 12.62572], [10.2451, 12.61039], [10.25921, 12.60162], [10.25011, 12.58687], [10.24016, 12.57617], [10.22472, 12.59583], [10.224, 12.59715], [10.23109, 12.60098], [10.22694, 12.6082], [10.22321, 12.60675], [10.2194, 12.60526], [10.20946, 12.60137], [10.19067, 12.59853], [10.1894, 12.59621], [10.18792, 12.5946], [10.1869, 12.59344], [10.17268, 12.58477], [10.17454, 12.59047], [10.18009, 12.60569], [10.17075, 12.62262], [10.16561, 12.62902], [10.15678, 12.63436], [10.15155, 12.6396]]]}, "properties": {"name": "Bulunchai", "lga": "Kiri Kasama", "state": "ji"}}, {"type": "Feature", "geometry": {"type": "Polygon", "coordinates": [[[9.33476, 12.82303], [9.36671, 12.82085], [9.38037, 12.82232], [9.38003, 12.82047], [9.37967, 12.82002], [9.37352, 12.81238], [9.37144, 12.80653], [9.3635, 12.80179], [9.36551, 12.80011], [9.36917, 12.77967], [9.37002, 12.77364], [9.35969, 12.76321], [9.35739, 12.75516], [9.36454, 12.74696], [9.36528, 12.74518], [9.36979, 12.74512], [9.37413, 12.74223], [9.37829, 12.73642], [9.38475, 12.72322], [9.39266, 12.69511], [9.36659, 12.68964], [9.34959, 12.68214], [9.34835, 12.68771], [9.35538, 12.69666], [9.35524, 12.69976], [9.35519, 12.7025], [9.35567, 12.70427], [9.34169, 12.70658], [9.3415, 12.70862], [9.34087, 12.71144], [9.33932, 12.71256], [9.33837, 12.71451], [9.33732, 12.71516], [9.33585, 12.71534], [9.33475, 12.71627], [9.33385, 12.71785], [9.33323, 12.71919], [9.32984, 12.74465], [9.3243, 12.74233], [9.32458, 12.74724], [9.3223, 12.75145], [9.32052, 12.75342], [9.32019, 12.75495], [9.32002, 12.75704], [9.32102, 12.75868], [9.32314, 12.7593], [9.32828, 12.75894], [9.33054, 12.7593], [9.35114, 12.78246], [9.33213, 12.80989], [9.33476, 12.82303]]]}, "properties": {"name": "Dankumbo", "lga": "Maigatari", "state": "ji"}}, {"type": "Feature", "geometry": {"type": "Polygon", "coordinates": [[[10.44677, 12.72146], [10.45553, 12.71055], [10.46095, 12.69821], [10.47039, 12.67097], [10.47043, 12.67074], [10.45914, 12.67001], [10.4316, 12.69291], [10.42158, 12.6954], [10.41775, 12.69159], [10.41511, 12.69033], [10.40263, 12.68672], [10.39971, 12.68539], [10.39821, 12.68428], [10.39593, 12.6815], [10.39101, 12.67725], [10.38238, 12.66278], [10.38089, 12.66223], [10.3791, 12.66209], [10.37818, 12.66272], [10.37896, 12.66418], [10.3791, 12.66529], [10.37875, 12.66654], [10.36356, 12.66905], [10.36413, 12.67371], [10.36377, 12.67531], [10.36361, 12.67708], [10.35978, 12.69531], [10.35657, 12.70861], [10.35894, 12.71377], [10.36084, 12.71649], [10.36637, 12.722], [10.3726, 12.72807], [10.3757, 12.72347], [10.38295, 12.72023], [10.39092, 12.72521], [10.39567, 12.73333], [10.39922, 12.73899], [10.40457, 12.74942], [10.40635, 12.75753], [10.40802, 12.76101], [10.41194, 12.7646], [10.42073, 12.76321], [10.42667, 12.75186], [10.43666, 12.73389], [10.44677, 12.72146]]]}, "properties": {"name": "Guri", "lga": "Guri", "state": "ji"}}, {"type": "Feature", "geometry": {"type": "Polygon", "coordinates": [[[9.72204, 11.6245], [9.69719, 11.61738], [9.70532, 11.6317], [9.66415, 11.64324], [9.66778, 11.64786], [9.67099, 11.65315], [9.6726, 11.65583], [9.67892, 11.65474], [9.67958, 11.65462], [9.68387, 11.65538], [9.69477, 11.65731], [9.69712, 11.68145], [9.71586, 11.68287], [9.7258, 11.6833], [9.74446, 11.68291], [9.76394, 11.69158], [9.77264, 11.69284], [9.78773, 11.69559], [9.79598, 11.69593], [9.78909, 11.67716], [9.77019, 11.66791], [9.76234, 11.65779], [9.75114, 11.65703], [9.75251, 11.64835], [9.74154, 11.64614], [9.74462, 11.64116], [9.76432, 11.64409], [9.76656, 11.63837], [9.74805, 11.63438], [9.742, 11.62498], [9.7328, 11.62571], [9.72204, 11.6245]]]}, "properties": {"name": "Gantsa", "lga": "Buji", "state": "ji"}}, {"type": "Feature", "geometry": {"type": "Polygon", "coordinates": [[[9.88595, 12.23486], [9.85973, 12.22304], [9.85762, 12.22876], [9.85006, 12.24255], [9.85796, 12.24696], [9.85308, 12.25315], [9.84256, 12.24892], [9.83623, 12.25835], [9.83224, 12.26856], [9.82875, 12.26986], [9.83621, 12.27392], [9.8449, 12.30156], [9.85103, 12.3078], [9.86004, 12.30816], [9.86662, 12.30579], [9.87245, 12.30358], [9.88567, 12.28986], [9.89441, 12.28309], [9.90168, 12.28842], [9.90633, 12.27468], [9.91789, 12.2775], [9.92376, 12.26864], [9.92435, 12.26713], [9.92033, 12.26141], [9.89151, 12.25372], [9.88961, 12.24702], [9.88567, 12.24492], [9.88531, 12.24487], [9.88301, 12.24501], [9.88227, 12.24495], [9.88595, 12.23486]]]}, "properties": {"name": "Ayama", "lga": "Auyo", "state": "ji"}}, {"type": "Feature", "geometry": {"type": "Polygon", "coordinates": [[[9.20748, 12.63784], [9.22054, 12.63967], [9.23753, 12.63863], [9.23785, 12.62837], [9.23637, 12.61362], [9.23679, 12.61128], [9.23861, 12.6024], [9.2387, 12.59539], [9.23761, 12.58917], [9.23338, 12.58421], [9.23071, 12.58129], [9.22743, 12.57461], [9.22618, 12.56544], [9.22586, 12.56225], [9.22392, 12.55565], [9.22098, 12.54961], [9.21767, 12.54488], [9.20269, 12.53906], [9.18789, 12.53295], [9.17706, 12.52893], [9.16739, 12.53512], [9.15815, 12.53544], [9.14288, 12.53874], [9.1238, 12.54336], [9.15358, 12.56438], [9.15554, 12.56986], [9.15711, 12.58518], [9.16504, 12.587], [9.17455, 12.59343], [9.18448, 12.60115], [9.1938, 12.60225], [9.19844, 12.60329], [9.20967, 12.61054], [9.2119, 12.61227], [9.21183, 12.62792], [9.20763, 12.63773], [9.20748, 12.63784]]]}, "properties": {"name": "Shabaru", "lga": "Sule Tankarkar", "state": "ji"}}, {"type": "Feature", "geometry": {"type": "Polygon", "coordinates": [[[9.90168, 12.28842], [9.90976, 12.29946], [9.91398, 12.30707], [9.91885, 12.31653], [9.92455, 12.3283], [9.92456, 12.32829], [9.93156, 12.32549], [9.93812, 12.32085], [9.94096, 12.30097], [9.94666, 12.29993], [9.9508, 12.29985], [9.95493, 12.30008], [9.95456, 12.28753], [9.95649, 12.27921], [9.95245, 12.27654], [9.94948, 12.277], [9.9471, 12.27514], [9.9452, 12.27305], [9.94152, 12.27282], [9.93878, 12.27189], [9.93462, 12.27212], [9.93248, 12.27073], [9.93011, 12.26876], [9.92666, 12.2669], [9.92435, 12.26713], [9.92376, 12.26864], [9.91789, 12.2775], [9.90633, 12.27468], [9.90168, 12.28842]]]}, "properties": {"name": "Gamafoi", "lga": "Auyo", "state": "ji"}}, {"type": "Feature", "geometry": {"type": "Polygon", "coordinates": [[[10.05797, 12.74952], [10.05789, 12.74953], [10.04554, 12.74085], [10.03395, 12.75348], [10.01541, 12.77137], [10.01609, 12.77865], [10.0151, 12.78004], [10.01296, 12.79321], [10.00876, 12.79789], [10.01501, 12.81952], [10.02686, 12.82349], [10.03091, 12.82342], [10.04433, 12.82199], [10.05318, 12.82313], [10.05585, 12.82703], [10.05937, 12.82951], [10.0646, 12.83113], [10.07037, 12.83317], [10.07283, 12.84049], [10.07276, 12.85613], [10.06586, 12.88658], [10.0675, 12.89458], [10.09047, 12.89999], [10.09542, 12.89789], [10.0998, 12.8957], [10.10132, 12.89104], [10.09846, 12.886], [10.09275, 12.87591], [10.09199, 12.87248], [10.09399, 12.86801], [10.09827, 12.86506], [10.10465, 12.86534], [10.10817, 12.86886], [10.11141, 12.87039], [10.11607, 12.86972], [10.12226, 12.8661], [10.13006, 12.85973], [10.13435, 12.85839], [10.13776, 12.85535], [10.16654, 12.838], [10.18034, 12.82849], [10.19869, 12.81798], [10.18491, 12.80785], [10.17336, 12.78748], [10.16813, 12.76565], [10.16568, 12.76043], [10.15729, 12.75441], [10.15539, 12.7549], [10.15366, 12.75608], [10.14734, 12.76224], [10.13471, 12.77413], [10.12789, 12.78019], [10.1146, 12.7842], [10.11037, 12.78425], [10.10734, 12.77117], [10.10566, 12.76887], [10.1031, 12.76688], [10.09524, 12.7652], [10.07567, 12.76748], [10.07156, 12.76769], [10.06671, 12.76712], [10.06514, 12.76541], [10.05797, 12.74952]]]}, "properties": {"name": "Batu", "lga": "Biriniwa", "state": "ji"}}, {"type": "Feature", "geometry": {"type": "Polygon", "coordinates": [[[8.77449, 12.5598], [8.79403, 12.56191], [8.82375, 12.56216], [8.82473, 12.55798], [8.82933, 12.55105], [8.83739, 12.5462], [8.84034, 12.54669], [8.84339, 12.54605], [8.85359, 12.54743], [8.87751, 12.54632], [8.89101, 12.54141], [8.88064, 12.53098], [8.87505, 12.52592], [8.8706, 12.51611], [8.84949, 12.5008], [8.84601, 12.49803], [8.84259, 12.49246], [8.84459, 12.48514], [8.83908, 12.48215], [8.83112, 12.47812], [8.83126, 12.48233], [8.83037, 12.49192], [8.82957, 12.49257], [8.82867, 12.49278], [8.82734, 12.49255], [8.81215, 12.483], [8.81135, 12.4829], [8.81079, 12.48306], [8.79888, 12.49963], [8.79749, 12.50139], [8.80114, 12.51071], [8.80171, 12.51907], [8.80442, 12.5229], [8.80548, 12.53429], [8.79621, 12.53395], [8.79342, 12.5338], [8.79341, 12.53483], [8.79298, 12.53883], [8.77561, 12.53905], [8.77528, 12.55151], [8.77519, 12.5536], [8.77449, 12.5598]]]}, "properties": {"name": "Dorawa", "lga": "Babura", "state": "ji"}}, {"type": "Feature", "geometry": {"type": "Polygon", "coordinates": [[[10.18838, 12.69539], [10.18534, 12.67198], [10.18258, 12.6698], [10.17619, 12.66168], [10.17188, 12.65689], [10.16295, 12.65635], [10.15931, 12.65364], [10.15346, 12.6465], [10.15155, 12.6396], [10.14186, 12.63813], [10.14997, 12.61773], [10.14857, 12.61649], [10.14351, 12.61343], [10.14201, 12.61197], [10.13966, 12.6112], [10.13773, 12.61095], [10.1396, 12.63082], [10.13447, 12.63592], [10.12301, 12.63475], [10.1118, 12.6312], [10.10435, 12.61176], [10.08695, 12.6203], [10.0859, 12.61807], [10.08449, 12.6165], [10.08077, 12.61686], [10.0762, 12.61742], [10.07352, 12.6172], [10.07269, 12.61556], [10.07326, 12.61426], [10.07326, 12.61268], [10.07076, 12.61298], [10.06888, 12.61167], [10.06917, 12.60833], [10.0685, 12.60415], [10.06784, 12.60165], [10.06632, 12.60109], [10.06318, 12.60248], [10.06223, 12.60443], [10.06014, 12.6061], [10.05833, 12.60554], [10.05748, 12.60332], [10.05595, 12.60072], [10.05605, 12.59858], [10.05691, 12.5972], [10.0589, 12.59636], [10.05919, 12.59478], [10.05748, 12.59348], [10.05424, 12.5932], [10.05211, 12.59137], [10.0504, 12.58908], [10.04385, 12.59261], [10.0391, 12.60059], [10.03557, 12.6069], [10.03425, 12.61441], [10.0325, 12.6412], [10.03136, 12.64533], [10.05085, 12.65264], [10.05364, 12.65649], [10.05648, 12.67151], [10.07781, 12.68192], [10.08492, 12.68703], [10.09931, 12.67645], [10.10454, 12.67417], [10.13086, 12.68708], [10.14954, 12.6909], [10.17164, 12.69058], [10.18838, 12.69539]]]}, "properties": {"name": "Garun Gabas", "lga": "Malam Madori", "state": "ji"}}, {"type": "Feature", "geometry": {"type": "Polygon", "coordinates": [[[9.14821, 11.76555], [9.14271, 11.77277], [9.14156, 11.78667], [9.14036, 11.78885], [9.13891, 11.7937], [9.1423, 11.81851], [9.14393, 11.82656], [9.1523, 11.82948], [9.17404, 11.82925], [9.18707, 11.83458], [9.19019, 11.83762], [9.19572, 11.84843], [9.19659, 11.8513], [9.19829, 11.86118], [9.20602, 11.8634], [9.21233, 11.8686], [9.21559, 11.87556], [9.23018, 11.85993], [9.23025, 11.85319], [9.23011, 11.85287], [9.22962, 11.85169], [9.22882, 11.85068], [9.23202, 11.83879], [9.2369, 11.8388], [9.23903, 11.83857], [9.24043, 11.83805], [9.24964, 11.83166], [9.24558, 11.82572], [9.24441, 11.82354], [9.24482, 11.82212], [9.24376, 11.82097], [9.24298, 11.82264], [9.24191, 11.82206], [9.24001, 11.80833], [9.23864, 11.80763], [9.23633, 11.80723], [9.23472, 11.80595], [9.23431, 11.80467], [9.23364, 11.80247], [9.23496, 11.79932], [9.23288, 11.79717], [9.23116, 11.79338], [9.22284, 11.77989], [9.21053, 11.77731], [9.20493, 11.77378], [9.18322, 11.76901], [9.17095, 11.76632], [9.15796, 11.76594], [9.14821, 11.76555]]]}, "properties": {"name": "Dundubus", "lga": "Dutse", "state": "ji"}}, {"type": "Feature", "geometry": {"type": "Polygon", "coordinates": [[[9.42042, 11.55791], [9.4361, 11.58227], [9.46443, 11.5936], [9.46519, 11.59132], [9.46987, 11.57731], [9.46441, 11.54734], [9.46833, 11.53244], [9.50228, 11.54147], [9.51828, 11.54553], [9.51842, 11.5455], [9.5374, 11.54732], [9.56364, 11.54155], [9.54678, 11.52517], [9.53184, 11.50887], [9.52804, 11.49786], [9.5223, 11.48129], [9.51192, 11.4792], [9.49907, 11.47501], [9.49587, 11.47362], [9.49223, 11.46752], [9.48767, 11.46062], [9.48298, 11.46044], [9.48289, 11.46026], [9.48063, 11.461], [9.47752, 11.45959], [9.45872, 11.4634], [9.45597, 11.46579], [9.45091, 11.4791], [9.45164, 11.48924], [9.45007, 11.49313], [9.44635, 11.49559], [9.44471, 11.4987], [9.44503, 11.50119], [9.44587, 11.50794], [9.41483, 11.50698], [9.41506, 11.50316], [9.4114, 11.50229], [9.41083, 11.50597], [9.4056, 11.51343], [9.39938, 11.52965], [9.40123, 11.5315], [9.40192, 11.53937], [9.41991, 11.55712], [9.42042, 11.55791]]]}, "properties": {"name": "Kangire", "lga": "Birnin Kudu", "state": "ji"}}, {"type": "Feature", "geometry": {"type": "Polygon", "coordinates": [[[9.34103, 11.89159], [9.33551, 11.89566], [9.33486, 11.8975], [9.32695, 11.90132], [9.30123, 11.9333], [9.29827, 11.94294], [9.29623, 11.94874], [9.30096, 11.95032], [9.30579, 11.95152], [9.30826, 11.943], [9.31277, 11.94578], [9.32011, 11.93852], [9.32611, 11.93833], [9.32743, 11.94209], [9.32812, 11.9654], [9.33168, 11.96857], [9.33606, 11.96955], [9.34105, 11.97067], [9.34059, 11.97374], [9.33939, 11.97636], [9.33956, 11.97865], [9.34053, 11.98004], [9.33958, 11.9809], [9.33768, 11.98011], [9.33619, 11.97999], [9.33619, 11.98102], [9.33649, 11.9827], [9.33785, 11.98373], [9.34309, 11.98465], [9.34327, 11.98746], [9.34238, 11.98869], [9.34178, 11.99531], [9.33532, 12.00428], [9.33501, 12.00854], [9.3367, 12.0264], [9.3506, 12.02986], [9.3529, 12.02962], [9.35614, 12.02972], [9.35971, 12.02663], [9.36702, 12.0254], [9.37164, 12.02328], [9.3776, 12.02024], [9.37932, 12.01736], [9.38041, 12.01572], [9.38148, 11.99614], [9.38749, 11.97482], [9.38999, 11.97357], [9.39403, 11.97488], [9.39799, 11.9754], [9.40753, 11.94519], [9.39005, 11.91885], [9.39204, 11.90765], [9.40487, 11.90893], [9.4203, 11.90935], [9.4278, 11.9105], [9.44043, 11.91036], [9.44424, 11.91002], [9.45374, 11.91294], [9.45433, 11.91071], [9.45323, 11.91043], [9.45355, 11.90875], [9.45216, 11.9084], [9.45177, 11.90136], [9.45041, 11.9007], [9.44949, 11.90041], [9.44948, 11.8978], [9.44713, 11.8933], [9.43625, 11.89195], [9.42494, 11.88907], [9.42577, 11.88465], [9.40231, 11.87763], [9.40074, 11.87772], [9.39611, 11.8863], [9.38592, 11.90335], [9.38507, 11.90333], [9.37876, 11.90156], [9.3763, 11.90267], [9.36516, 11.9015], [9.35991, 11.89356], [9.35113, 11.89402], [9.34103, 11.89159]]]}, "properties": {"name": "Abaya", "lga": "Dutse", "state": "ji"}}, {"type": "Feature", "geometry": {"type": "Polygon", "coordinates": [[[9.97062, 12.62963], [9.96458, 12.63377], [9.95313, 12.63087], [9.94386, 12.62948], [9.93719, 12.62767], [9.92884, 12.62779], [9.92216, 12.62827], [9.92853, 12.65844], [9.91481, 12.65959], [9.90614, 12.66151], [9.89743, 12.66438], [9.87101, 12.68536], [9.87936, 12.70228], [9.89216, 12.70539], [9.88755, 12.74343], [9.88241, 12.74698], [9.8846, 12.7604], [9.88663, 12.77014], [9.89938, 12.77103], [9.91751, 12.77685], [9.93448, 12.72563], [9.92546, 12.71499], [9.92952, 12.70789], [9.94767, 12.69299], [9.95587, 12.69572], [9.9574, 12.68162], [9.96039, 12.67996], [9.96264, 12.67615], [9.96729, 12.66385], [9.96782, 12.66339], [9.96778, 12.6577], [9.98254, 12.63269], [9.98254, 12.63268], [9.97062, 12.62963]]]}, "properties": {"name": "Dangwaleri", "lga": "Biriniwa", "state": "ji"}}, {"type": "Feature", "geometry": {"type": "Polygon", "coordinates": [[[9.07988, 12.74335], [9.06329, 12.74781], [9.05363, 12.72899], [9.05302, 12.72729], [9.05129, 12.72585], [9.03015, 12.72167], [9.02668, 12.73924], [9.02312, 12.74893], [9.01638, 12.75447], [9.00713, 12.76179], [8.99916, 12.78133], [9.02887, 12.79035], [9.04119, 12.80025], [9.04333, 12.80173], [9.04788, 12.80165], [9.04981, 12.80164], [9.05509, 12.80017], [9.05824, 12.7993], [9.06905, 12.79906], [9.06951, 12.78832], [9.08651, 12.77418], [9.0818, 12.75814], [9.07988, 12.74335]]]}, "properties": {"name": "Babura", "lga": "Babura", "state": "ji"}}, {"type": "Feature", "geometry": {"type": "Polygon", "coordinates": [[[9.92857, 12.37109], [9.93489, 12.37096], [9.93843, 12.37314], [9.9402, 12.37837], [9.93493, 12.38212], [9.93942, 12.38327], [9.94387, 12.38738], [9.95155, 12.38967], [9.95458, 12.38853], [9.95869, 12.38453], [9.9647, 12.3899], [9.96761, 12.38708], [9.97038, 12.3839], [9.97041, 12.38388], [9.97039, 12.38371], [9.9694, 12.3566], [9.97146, 12.34664], [9.97784, 12.33365], [9.97996, 12.32993], [9.97644, 12.32482], [9.96925, 12.3219], [9.96343, 12.32582], [9.96339, 12.32584], [9.96123, 12.32693], [9.9591, 12.32958], [9.95585, 12.33276], [9.9539, 12.33836], [9.95172, 12.34358], [9.94663, 12.34867], [9.93986, 12.35605], [9.93478, 12.36008], [9.92857, 12.37109]]]}, "properties": {"name": "Tsidir", "lga": "Auyo", "state": "ji"}}, {"type": "Feature", "geometry": {"type": "Polygon", "coordinates": [[[8.99995, 12.58723], [8.99617, 12.58055], [8.99018, 12.57956], [8.98528, 12.57944], [8.98184, 12.57914], [8.96965, 12.57064], [8.95989, 12.57148], [8.95757, 12.57311], [8.9562, 12.57469], [8.95277, 12.57899], [8.94728, 12.57928], [8.93632, 12.56804], [8.91968, 12.57755], [8.90701, 12.58713], [8.89882, 12.59618], [8.90469, 12.60248], [8.91077, 12.62602], [8.91546, 12.63054], [8.91412, 12.63406], [8.92036, 12.64092], [8.93794, 12.64031], [8.93923, 12.64467], [8.95229, 12.68948], [8.95543, 12.69853], [8.96133, 12.70921], [8.96305, 12.71315], [8.97238, 12.72184], [8.98373, 12.72712], [8.99311, 12.73186], [9.00236, 12.72953], [9.00433, 12.72319], [9.00967, 12.70402], [9.01266, 12.69009], [9.01648, 12.68587], [9.02125, 12.67918], [9.03239, 12.67273], [9.04191, 12.66356], [9.04276, 12.6621], [9.03868, 12.65663], [9.03609, 12.65449], [9.03295, 12.6486], [9.039, 12.6285], [9.02289, 12.61589], [9.00483, 12.59754], [9.00424, 12.59725], [9.004, 12.59659], [9.00439, 12.5957], [9.00444, 12.59518], [8.99995, 12.58723]]]}, "properties": {"name": "Jigawa", "lga": "Babura", "state": "ji"}}, {"type": "Feature", "geometry": {"type": "Polygon", "coordinates": [[[9.17351, 12.77241], [9.17107, 12.7782], [9.17101, 12.78301], [9.17339, 12.78974], [9.17785, 12.79999], [9.18291, 12.80879], [9.17773, 12.81493], [9.1706, 12.81881], [9.1684, 12.82131], [9.16692, 12.82409], [9.16561, 12.82623], [9.16109, 12.83402], [9.16727, 12.83451], [9.18188, 12.83429], [9.18548, 12.83437], [9.18757, 12.83372], [9.19328, 12.8328], [9.33476, 12.82303], [9.33213, 12.80989], [9.35114, 12.78246], [9.33054, 12.7593], [9.32828, 12.75894], [9.32314, 12.7593], [9.32102, 12.75868], [9.32002, 12.75704], [9.32019, 12.75495], [9.32052, 12.75342], [9.3223, 12.75145], [9.32458, 12.74724], [9.3243, 12.74233], [9.32984, 12.74465], [9.33323, 12.71919], [9.33385, 12.71785], [9.33475, 12.71627], [9.33585, 12.71534], [9.33732, 12.71516], [9.33837, 12.71451], [9.33932, 12.71256], [9.34087, 12.71144], [9.3415, 12.70862], [9.34169, 12.70658], [9.35567, 12.70427], [9.35519, 12.7025], [9.35524, 12.69976], [9.35538, 12.69666], [9.34835, 12.68771], [9.35115, 12.67811], [9.35096, 12.67667], [9.35054, 12.67551], [9.3503, 12.67389], [9.3555, 12.66411], [9.35315, 12.66305], [9.3369, 12.66203], [9.33083, 12.66172], [9.32063, 12.66143], [9.31752, 12.66294], [9.31866, 12.66531], [9.31688, 12.67178], [9.31718, 12.6757], [9.31359, 12.67998], [9.30929, 12.68201], [9.30748, 12.68423], [9.29824, 12.69859], [9.29813, 12.69886], [9.293, 12.70069], [9.29256, 12.70118], [9.28856, 12.71657], [9.26596, 12.71873], [9.24812, 12.72567], [9.24071, 12.73457], [9.23838, 12.73948], [9.23708, 12.744], [9.2328, 12.74968], [9.22567, 12.75455], [9.2099, 12.75843], [9.19921, 12.75766], [9.19365, 12.75815], [9.18659, 12.76009], [9.17718, 12.76556], [9.17351, 12.77241]]]}, "properties": {"name": "Dangwanki", "lga": "Sule Tankarkar", "state": "ji"}}, {"type": "Feature", "geometry": {"type": "Polygon", "coordinates": [[[9.18261, 11.70734], [9.17776, 11.70469], [9.17428, 11.70278], [9.17278, 11.7027], [9.17122, 11.70262], [9.16572, 11.70657], [9.15736, 11.71922], [9.15716, 11.74154], [9.1529, 11.74942], [9.1415, 11.75936], [9.14821, 11.76555], [9.15796, 11.76594], [9.17095, 11.76632], [9.18322, 11.76901], [9.20493, 11.77378], [9.21053, 11.77731], [9.22284, 11.77989], [9.23116, 11.79338], [9.23288, 11.79717], [9.23496, 11.79932], [9.23364, 11.80247], [9.24881, 11.79038], [9.25359, 11.78437], [9.25587, 11.77438], [9.25812, 11.77046], [9.2746, 11.7635], [9.279, 11.7557], [9.28003, 11.74794], [9.27952, 11.72835], [9.28136, 11.72745], [9.29612, 11.72219], [9.29489, 11.69158], [9.28759, 11.69037], [9.28578, 11.69708], [9.28481, 11.69684], [9.28191, 11.69538], [9.27901, 11.69358], [9.27892, 11.69252], [9.27991, 11.69134], [9.27454, 11.68472], [9.27414, 11.68315], [9.27402, 11.68192], [9.27431, 11.67974], [9.26438, 11.67846], [9.25801, 11.67352], [9.25694, 11.66914], [9.25337, 11.66904], [9.24846, 11.66943], [9.24252, 11.67121], [9.24296, 11.67863], [9.24457, 11.67845], [9.24482, 11.67932], [9.24365, 11.68272], [9.24351, 11.68375], [9.2437, 11.68971], [9.24859, 11.6902], [9.24888, 11.69668], [9.24643, 11.70238], [9.23631, 11.71879], [9.22575, 11.73574], [9.20886, 11.73182], [9.20253, 11.73049], [9.19297, 11.72057], [9.19213, 11.71718], [9.18867, 11.71282], [9.18178, 11.71002], [9.18214, 11.70901], [9.18261, 11.70734]]]}, "properties": {"name": "Sakwaya", "lga": "Dutse", "state": "ji"}}, {"type": "Feature", "geometry": {"type": "Polygon", "coordinates": [[[10.01933, 12.96381], [10.02069, 12.96381], [10.02908, 12.96508], [10.03209, 12.96518], [10.03901, 12.96172], [10.05117, 12.95284], [10.06088, 12.96569], [10.05688, 12.97397], [10.06375, 12.97775], [10.08102, 12.98135], [10.08103, 12.9813], [10.08301, 12.97538], [10.12299, 12.9431], [10.11579, 12.92734], [10.11983, 12.91892], [10.14691, 12.90549], [10.14634, 12.89397], [10.16309, 12.88819], [10.17962, 12.88897], [10.18083, 12.9131], [10.19034, 12.91191], [10.20026, 12.88579], [10.19143, 12.87663], [10.1914, 12.87465], [10.19167, 12.87428], [10.20589, 12.85972], [10.2176, 12.85435], [10.23072, 12.84808], [10.24438, 12.84413], [10.21565, 12.83044], [10.19869, 12.81798], [10.18034, 12.82849], [10.16654, 12.838], [10.13776, 12.85535], [10.13435, 12.85839], [10.13006, 12.85973], [10.12226, 12.8661], [10.11607, 12.86972], [10.11141, 12.87039], [10.10817, 12.86886], [10.10465, 12.86534], [10.09827, 12.86506], [10.09399, 12.86801], [10.09199, 12.87248], [10.09275, 12.87591], [10.09846, 12.886], [10.10132, 12.89104], [10.0998, 12.8957], [10.09542, 12.89789], [10.09047, 12.89999], [10.0675, 12.89458], [10.06044, 12.91249], [10.05395, 12.9193], [10.04547, 12.9275], [10.04109, 12.93474], [10.02385, 12.95175], [10.02114, 12.95443], [10.01937, 12.96361], [10.01933, 12.96381]]]}, "properties": {"name": "Nguwa", "lga": "Biriniwa", "state": "ji"}}, {"type": "Feature", "geometry": {"type": "Polygon", "coordinates": [[[10.23087, 12.72476], [10.21709, 12.72708], [10.21406, 12.73916], [10.22052, 12.74271], [10.22971, 12.74779], [10.23261, 12.75259], [10.2383, 12.75231], [10.24134, 12.75421], [10.25779, 12.76283], [10.26589, 12.76749], [10.26689, 12.7733], [10.26822, 12.78576], [10.2672, 12.79257], [10.26787, 12.79447], [10.26876, 12.79569], [10.27634, 12.80166], [10.28015, 12.81787], [10.277, 12.82885], [10.27821, 12.83568], [10.27467, 12.84851], [10.25756, 12.85059], [10.25771, 12.84969], [10.25082, 12.84663], [10.25041, 12.85147], [10.24361, 12.85229], [10.24228, 12.86631], [10.24503, 12.87628], [10.23999, 12.88528], [10.23993, 12.88934], [10.239, 12.8931], [10.22199, 12.91173], [10.22873, 12.92179], [10.23254, 12.93766], [10.22666, 12.94958], [10.22331, 12.95338], [10.2228, 12.99392], [10.22077, 13.01413], [10.22433, 13.01482], [10.22558, 13.0102], [10.22647, 13.0069], [10.2347, 13.0088], [10.26032, 12.99753], [10.26246, 12.9905], [10.26365, 12.98526], [10.26541, 12.98355], [10.27917, 12.98092], [10.28148, 12.98002], [10.28201, 12.97937], [10.2825, 12.97652], [10.28461, 12.96426], [10.2834, 12.9621], [10.2793, 12.9602], [10.2773, 12.9584], [10.2741, 12.9573], [10.2676, 12.9553], [10.26398, 12.95485], [10.27042, 12.9448], [10.27093, 12.94149], [10.27072, 12.93891], [10.27193, 12.93679], [10.2741, 12.93445], [10.27187, 12.91759], [10.27234, 12.91697], [10.28897, 12.90563], [10.29012, 12.87548], [10.30466, 12.86106], [10.30383, 12.85539], [10.29552, 12.83553], [10.29052, 12.81545], [10.2982, 12.81709], [10.3149, 12.81455], [10.32525, 12.81146], [10.33814, 12.80756], [10.3396, 12.80734], [10.34874, 12.8072], [10.36282, 12.80591], [10.36387, 12.78741], [10.35143, 12.77425], [10.32878, 12.78252], [10.30707, 12.77648], [10.30072, 12.77239], [10.28836, 12.75788], [10.26895, 12.7461], [10.26066, 12.74228], [10.25142, 12.73793], [10.25142, 12.7379], [10.25094, 12.73267], [10.24707, 12.72954], [10.2371, 12.73018], [10.23087, 12.72476]]]}, "properties": {"name": "Matamu", "lga": "Biriniwa", "state": "ji"}}, {"type": "Feature", "geometry": {"type": "Polygon", "coordinates": [[[10.24361, 12.85229], [10.24438, 12.84413], [10.23072, 12.84808], [10.2176, 12.85435], [10.20589, 12.85972], [10.19167, 12.87428], [10.1914, 12.87465], [10.19143, 12.87663], [10.20026, 12.88579], [10.19034, 12.91191], [10.18083, 12.9131], [10.17962, 12.88897], [10.16309, 12.88819], [10.14634, 12.89397], [10.14691, 12.90549], [10.11983, 12.91892], [10.11579, 12.92734], [10.12299, 12.9431], [10.08301, 12.97538], [10.08103, 12.9813], [10.08102, 12.98135], [10.08248, 12.98177], [10.08875, 12.98357], [10.09726, 12.96642], [10.10366, 12.9663], [10.09862, 12.98551], [10.11785, 12.98463], [10.13641, 12.98941], [10.13989, 12.98919], [10.14219, 12.98817], [10.14382, 12.98668], [10.149, 12.98765], [10.15463, 12.99333], [10.17445, 13.00224], [10.20285, 13.00818], [10.20833, 13.00979], [10.22077, 13.01413], [10.2228, 12.99392], [10.22331, 12.95338], [10.22666, 12.94958], [10.23254, 12.93766], [10.22873, 12.92179], [10.22199, 12.91173], [10.239, 12.8931], [10.23993, 12.88934], [10.23999, 12.88528], [10.24503, 12.87628], [10.24228, 12.86631], [10.24361, 12.85229]]]}, "properties": {"name": "Machinamari", "lga": "Biriniwa", "state": "ji"}}, {"type": "Feature", "geometry": {"type": "Polygon", "coordinates": [[[10.45914, 12.67001], [10.47043, 12.67074], [10.47469, 12.6695], [10.47814, 12.66908], [10.48308, 12.66736], [10.48433, 12.66456], [10.48433, 12.66123], [10.48361, 12.65374], [10.48462, 12.64928], [10.4876, 12.6468], [10.48995, 12.6477], [10.49516, 12.64756], [10.49678, 12.64548], [10.49823, 12.64464], [10.50022, 12.64408], [10.50229, 12.64492], [10.50379, 12.64645], [10.50233, 12.64803], [10.5025, 12.65014], [10.50407, 12.65188], [10.5055, 12.65403], [10.50692, 12.65549], [10.50921, 12.65598], [10.51197, 12.65523], [10.51313, 12.65341], [10.51371, 12.65112], [10.51512, 12.64909], [10.51769, 12.64888], [10.5194, 12.65125], [10.52047, 12.65396], [10.52054, 12.65626], [10.51955, 12.65842], [10.51819, 12.66009], [10.51698, 12.66169], [10.51698, 12.66336], [10.51833, 12.66496], [10.52154, 12.66593], [10.5287, 12.66426], [10.53442, 12.66803], [10.54378, 12.67629], [10.55299, 12.67774], [10.55455, 12.68207], [10.55575, 12.68429], [10.56083, 12.68396], [10.56465, 12.67956], [10.57366, 12.68257], [10.5753, 12.68297], [10.57981, 12.68242], [10.58072, 12.68331], [10.5809, 12.68475], [10.57998, 12.68615], [10.57827, 12.68587], [10.57684, 12.68581], [10.57593, 12.6867], [10.57582, 12.68787], [10.57656, 12.68904], [10.5849, 12.69325], [10.58604, 12.69665], [10.58787, 12.69954], [10.58905, 12.70067], [10.5912, 12.70095], [10.59332, 12.70103], [10.59339, 12.7003], [10.59381, 12.69863], [10.59628, 12.69733], [10.60015, 12.69516], [10.59631, 12.6633], [10.58681, 12.66358], [10.58367, 12.66154], [10.58234, 12.65969], [10.58243, 12.65644], [10.58272, 12.65394], [10.58167, 12.65069], [10.58101, 12.64781], [10.58281, 12.64568], [10.58547, 12.64345], [10.58879, 12.64216], [10.5965, 12.61687], [10.59648, 12.59076], [10.59446, 12.59058], [10.59291, 12.59001], [10.59209, 12.58879], [10.59268, 12.58098], [10.58766, 12.57477], [10.57916, 12.57455], [10.57354, 12.58174], [10.5709, 12.58269], [10.56745, 12.57925], [10.56058, 12.57631], [10.56042, 12.57274], [10.55863, 12.5725], [10.52788, 12.56873], [10.51319, 12.55274], [10.51041, 12.55087], [10.50848, 12.54947], [10.50613, 12.54871], [10.50513, 12.55017], [10.50363, 12.55094], [10.50185, 12.55135], [10.50135, 12.55226], [10.50107, 12.554], [10.50007, 12.55483], [10.4981, 12.55524], [10.49503, 12.55701], [10.49243, 12.55788], [10.48837, 12.55868], [10.48687, 12.5583], [10.48541, 12.55795], [10.4842, 12.5567], [10.4837, 12.55482], [10.48273, 12.55346], [10.47118, 12.54815], [10.4672, 12.54467], [10.46563, 12.54314], [10.46541, 12.54154], [10.46456, 12.54029], [10.46249, 12.53924], [10.46014, 12.53896], [10.45864, 12.53834], [10.45871, 12.53618], [10.46213, 12.53054], [10.46135, 12.52992], [10.46078, 12.53082], [10.45964, 12.532], [10.45857, 12.53235], [10.45764, 12.53124], [10.45771, 12.52978], [10.45928, 12.52831], [10.46106, 12.52783], [10.46178, 12.52637], [10.46128, 12.52449], [10.45986, 12.52298], [10.45786, 12.52149], [10.45622, 12.52073], [10.45468, 12.52124], [10.45379, 12.5217], [10.4503, 12.51606], [10.44916, 12.51585], [10.44837, 12.51739], [10.44784, 12.51894], [10.44646, 12.51957], [10.44466, 12.51906], [10.444, 12.51765], [10.44218, 12.52015], [10.44295, 12.52532], [10.44416, 12.52553], [10.44531, 12.52574], [10.44595, 12.52664], [10.44495, 12.5272], [10.44288, 12.52671], [10.44103, 12.5272], [10.43989, 12.52929], [10.42812, 12.53193], [10.41202, 12.53936], [10.39965, 12.58745], [10.40083, 12.58857], [10.40343, 12.58919], [10.40657, 12.58884], [10.40971, 12.58857], [10.41213, 12.58877], [10.41413, 12.58975], [10.41534, 12.591], [10.41676, 12.59086], [10.41734, 12.5903], [10.42233, 12.59401], [10.43366, 12.62028], [10.4427, 12.63083], [10.4509, 12.6368], [10.45689, 12.64042], [10.46062, 12.64337], [10.45774, 12.66129], [10.45914, 12.67001]]]}, "properties": {"name": "Kadira", "lga": "Guri", "state": "ji"}}, {"type": "Feature", "geometry": {"type": "Polygon", "coordinates": [[[10.24438, 12.84413], [10.24361, 12.85229], [10.25041, 12.85147], [10.25082, 12.84663], [10.25771, 12.84969], [10.25756, 12.85059], [10.27467, 12.84851], [10.27821, 12.83568], [10.277, 12.82885], [10.28015, 12.81787], [10.27634, 12.80166], [10.26876, 12.79569], [10.26787, 12.79447], [10.2672, 12.79257], [10.26822, 12.78576], [10.26689, 12.7733], [10.26589, 12.76749], [10.25779, 12.76283], [10.24134, 12.75421], [10.23814, 12.76057], [10.23351, 12.76662], [10.22431, 12.77184], [10.21333, 12.77671], [10.17336, 12.78748], [10.18491, 12.80785], [10.19869, 12.81798], [10.21565, 12.83044], [10.24438, 12.84413]]]}, "properties": {"name": "Birniwa", "lga": "Biriniwa", "state": "ji"}}, {"type": "Feature", "geometry": {"type": "Polygon", "coordinates": [[[9.65975, 12.66641], [9.65634, 12.66963], [9.65477, 12.67431], [9.65174, 12.67758], [9.64614, 12.6985], [9.66127, 12.7078], [9.67833, 12.69779], [9.69746, 12.68958], [9.70389, 12.70206], [9.71695, 12.70105], [9.71695, 12.69153], [9.72774, 12.69249], [9.73443, 12.70605], [9.7491, 12.71472], [9.76473, 12.71668], [9.77022, 12.70825], [9.77719, 12.69794], [9.78797, 12.67504], [9.79129, 12.66663], [9.79357, 12.66616], [9.79609, 12.66324], [9.79852, 12.65911], [9.79942, 12.6548], [9.79766, 12.65053], [9.79548, 12.64716], [9.79584, 12.63845], [9.78753, 12.63151], [9.7805, 12.6281], [9.7805, 12.61958], [9.76544, 12.60918], [9.74082, 12.599], [9.73567, 12.60866], [9.70797, 12.61901], [9.6934, 12.6227], [9.69438, 12.62402], [9.69541, 12.62778], [9.66679, 12.65979], [9.65975, 12.66641]]]}, "properties": {"name": "Jajeri", "lga": "Maigatari", "state": "ji"}}, {"type": "Feature", "geometry": {"type": "Polygon", "coordinates": [[[10.04475, 12.56008], [10.0448, 12.5603], [10.0525, 12.57609], [10.0504, 12.58908], [10.05211, 12.59137], [10.05424, 12.5932], [10.05748, 12.59348], [10.05919, 12.59478], [10.0589, 12.59636], [10.05691, 12.5972], [10.05605, 12.59858], [10.05595, 12.60072], [10.05748, 12.60332], [10.05833, 12.60554], [10.06014, 12.6061], [10.06223, 12.60443], [10.06318, 12.60248], [10.06632, 12.60109], [10.06784, 12.60165], [10.0685, 12.60415], [10.06917, 12.60833], [10.06888, 12.61167], [10.07076, 12.61298], [10.07326, 12.61268], [10.07326, 12.61426], [10.07269, 12.61556], [10.07352, 12.6172], [10.0762, 12.61742], [10.08077, 12.61686], [10.08449, 12.6165], [10.0859, 12.61807], [10.08695, 12.6203], [10.10435, 12.61176], [10.1118, 12.6312], [10.12301, 12.63475], [10.13447, 12.63592], [10.1396, 12.63082], [10.13773, 12.61095], [10.13966, 12.6112], [10.14997, 12.61773], [10.14186, 12.63813], [10.15155, 12.6396], [10.15678, 12.63436], [10.16561, 12.62902], [10.17075, 12.62262], [10.18009, 12.60569], [10.17454, 12.59047], [10.17268, 12.58477], [10.17488, 12.58053], [10.17607, 12.57847], [10.17707, 12.57569], [10.1489, 12.56629], [10.14019, 12.5652], [10.13529, 12.56359], [10.1334, 12.56618], [10.12851, 12.56258], [10.12616, 12.5598], [10.12245, 12.55384], [10.11125, 12.55849], [10.10822, 12.57229], [10.10295, 12.58106], [10.09888, 12.57941], [10.09132, 12.57513], [10.08948, 12.56277], [10.08749, 12.55791], [10.07832, 12.55833], [10.06274, 12.55709], [10.04475, 12.56008]]]}, "properties": {"name": "Tagoro", "lga": "Malam Madori", "state": "ji"}}, {"type": "Feature", "geometry": {"type": "Polygon", "coordinates": [[[9.44498, 11.79114], [9.45892, 11.81469], [9.46999, 11.82541], [9.4731, 11.82236], [9.47471, 11.82108], [9.4797, 11.82009], [9.48813, 11.81974], [9.49342, 11.81678], [9.49901, 11.81585], [9.50483, 11.81434], [9.51071, 11.81352], [9.51672, 11.81405], [9.52331, 11.8155], [9.52793, 11.8186], [9.54195, 11.80657], [9.54559, 11.79213], [9.50669, 11.78947], [9.50527, 11.77953], [9.51396, 11.77891], [9.51489, 11.76917], [9.51427, 11.73806], [9.51252, 11.72667], [9.50696, 11.71304], [9.5055, 11.70845], [9.49857, 11.70758], [9.48886, 11.71425], [9.48064, 11.71946], [9.46771, 11.7303], [9.4582, 11.72775], [9.45309, 11.73403], [9.45011, 11.74251], [9.44776, 11.74734], [9.44867, 11.7485], [9.45018, 11.74933], [9.44916, 11.75036], [9.44821, 11.75296], [9.44404, 11.75182], [9.44188, 11.75113], [9.44012, 11.74984], [9.43846, 11.75038], [9.43995, 11.76922], [9.44198, 11.77854], [9.44498, 11.79114]]]}, "properties": {"name": "Andaza", "lga": "Kiyawa", "state": "ji"}}, {"type": "Feature", "geometry": {"type": "Polygon", "coordinates": [[[10.47205, 12.77101], [10.47176, 12.76906], [10.4717, 12.76701], [10.47648, 12.76352], [10.47747, 12.75888], [10.4818, 12.74876], [10.48238, 12.74734], [10.47839, 12.74553], [10.47046, 12.73829], [10.4647, 12.7339], [10.45945, 12.73023], [10.45101, 12.72416], [10.44677, 12.72146], [10.43666, 12.73389], [10.42667, 12.75186], [10.42073, 12.76321], [10.41194, 12.7646], [10.40802, 12.76101], [10.40635, 12.75753], [10.40457, 12.74942], [10.39922, 12.73899], [10.39567, 12.73333], [10.39092, 12.72521], [10.38295, 12.72023], [10.3757, 12.72347], [10.3726, 12.72807], [10.36017, 12.74446], [10.35661, 12.75137], [10.35376, 12.76074], [10.35143, 12.77425], [10.36387, 12.78741], [10.36525, 12.78729], [10.37519, 12.78473], [10.38609, 12.78259], [10.40077, 12.78077], [10.40987, 12.78042], [10.41277, 12.77979], [10.44212, 12.76913], [10.44533, 12.76878], [10.44969, 12.76856], [10.45545, 12.77185], [10.46058, 12.76728], [10.47205, 12.77101]]]}, "properties": {"name": "Matara Babba", "lga": "Guri", "state": "ji"}}, {"type": "Feature", "geometry": {"type": "Polygon", "coordinates": [[[10.36387, 12.78741], [10.36282, 12.80591], [10.36638, 12.81684], [10.36709, 12.81767], [10.37671, 12.81814], [10.38268, 12.81595], [10.38847, 12.81568], [10.41072, 12.80934], [10.41888, 12.82241], [10.41937, 12.8246], [10.43321, 12.81986], [10.45018, 12.80702], [10.46496, 12.79905], [10.46959, 12.79516], [10.47195, 12.79356], [10.47522, 12.79004], [10.47347, 12.78954], [10.47199, 12.78859], [10.47051, 12.7872], [10.46925, 12.78553], [10.46834, 12.78358], [10.46794, 12.78125], [10.46777, 12.77936], [10.46783, 12.77802], [10.46834, 12.77646], [10.47205, 12.77101], [10.46058, 12.76728], [10.45545, 12.77185], [10.44969, 12.76856], [10.44533, 12.76878], [10.44212, 12.76913], [10.41277, 12.77979], [10.40987, 12.78042], [10.40077, 12.78077], [10.38609, 12.78259], [10.37519, 12.78473], [10.36525, 12.78729], [10.36387, 12.78741]]]}, "properties": {"name": "Adiyani", "lga": "Guri", "state": "ji"}}, {"type": "Feature", "geometry": {"type": "Polygon", "coordinates": [[[10.30163, 12.62615], [10.29101, 12.62033], [10.28694, 12.61898], [10.27977, 12.61585], [10.27196, 12.60971], [10.26398, 12.60664], [10.26001, 12.60249], [10.25921, 12.60162], [10.2451, 12.61039], [10.23789, 12.62572], [10.24381, 12.63003], [10.24764, 12.63332], [10.2407, 12.63977], [10.23213, 12.64434], [10.2215, 12.64264], [10.21976, 12.65119], [10.2268, 12.65576], [10.25022, 12.65766], [10.27487, 12.65567], [10.28976, 12.66647], [10.3017, 12.65777], [10.30163, 12.62615]]]}, "properties": {"name": "Saleri", "lga": "Kiri Kasama", "state": "ji"}}, {"type": "Feature", "geometry": {"type": "Polygon", "coordinates": [[[10.30163, 12.62615], [10.32566, 12.60732], [10.32304, 12.59343], [10.32032, 12.58823], [10.32364, 12.56007], [10.31472, 12.53625], [10.31059, 12.52843], [10.32241, 12.5183], [10.32921, 12.51584], [10.33931, 12.51394], [10.34066, 12.51444], [10.34148, 12.51504], [10.34333, 12.50777], [10.34721, 12.50121], [10.34872, 12.4987], [10.34433, 12.49409], [10.34841, 12.49351], [10.35206, 12.48889], [10.35371, 12.48822], [10.35508, 12.48767], [10.35611, 12.48533], [10.35622, 12.48377], [10.35468, 12.48349], [10.3532, 12.4841], [10.3451, 12.48845], [10.34344, 12.48839], [10.34247, 12.48761], [10.34247, 12.48655], [10.34156, 12.48601], [10.34036, 12.48616], [10.33917, 12.4865], [10.33825, 12.48594], [10.33705, 12.48483], [10.33614, 12.4836], [10.33605, 12.48196], [10.33638, 12.48025], [10.33751, 12.48104], [10.3382, 12.48182], [10.33911, 12.4821], [10.33973, 12.48184], [10.34002, 12.48045], [10.33557, 12.47591], [10.33671, 12.47486], [10.33768, 12.47513], [10.3388, 12.47665], [10.34002, 12.47716], [10.34136, 12.47614], [10.34156, 12.4743], [10.34527, 12.47207], [10.34595, 12.46929], [10.34778, 12.46906], [10.3496, 12.4675], [10.35, 12.467], [10.35183, 12.46416], [10.35377, 12.46115], [10.35702, 12.45765], [10.36317, 12.45208], [10.36215, 12.45092], [10.35776, 12.44592], [10.3522, 12.44522], [10.34977, 12.44337], [10.34773, 12.4449], [10.34426, 12.44466], [10.33921, 12.44132], [10.33415, 12.44187], [10.32571, 12.4428], [10.30271, 12.44856], [10.28805, 12.45546], [10.28704, 12.45508], [10.25807, 12.45962], [10.25241, 12.46073], [10.23891, 12.49303], [10.23464, 12.49193], [10.23236, 12.49434], [10.23171, 12.49627], [10.21879, 12.49457], [10.19367, 12.52706], [10.19427, 12.52857], [10.1931, 12.53001], [10.19225, 12.53084], [10.19225, 12.53207], [10.1919, 12.53374], [10.19253, 12.53474], [10.19373, 12.53519], [10.19476, 12.53547], [10.1963, 12.53563], [10.19853, 12.53995], [10.19858, 12.54083], [10.19809, 12.54105], [10.19752, 12.54164], [10.19759, 12.54262], [10.19849, 12.54318], [10.19846, 12.54404], [10.197, 12.54438], [10.1964, 12.54513], [10.19673, 12.54612], [10.20301, 12.55066], [10.20951, 12.55196], [10.22201, 12.55233], [10.23376, 12.56552], [10.23699, 12.57146], [10.24016, 12.57617], [10.25011, 12.58687], [10.25921, 12.60162], [10.26001, 12.60249], [10.26398, 12.60664], [10.27196, 12.60971], [10.27977, 12.61585], [10.28694, 12.61898], [10.29101, 12.62033], [10.30163, 12.62615]]]}, "properties": {"name": "Baturiya", "lga": "Kiri Kasama", "state": "ji"}}, {"type": "Feature", "geometry": {"type": "Polygon", "coordinates": [[[10.32566, 12.60732], [10.30163, 12.62615], [10.3017, 12.65777], [10.28976, 12.66647], [10.28726, 12.67323], [10.29499, 12.69838], [10.31102, 12.71426], [10.32129, 12.7137], [10.32746, 12.71715], [10.336, 12.73989], [10.35661, 12.75137], [10.36017, 12.74446], [10.3726, 12.72807], [10.36637, 12.722], [10.36084, 12.71649], [10.35894, 12.71377], [10.35657, 12.70861], [10.36413, 12.67371], [10.36356, 12.66905], [10.36106, 12.66884], [10.3595, 12.66772], [10.35827, 12.66606], [10.35778, 12.66404], [10.35957, 12.6623], [10.36213, 12.66084], [10.36513, 12.65972], [10.36827, 12.65868], [10.37041, 12.6591], [10.37254, 12.65952], [10.37404, 12.65854], [10.37575, 12.65555], [10.37554, 12.65367], [10.37376, 12.65249], [10.37197, 12.65179], [10.37033, 12.65151], [10.36834, 12.65277], [10.36584, 12.65437], [10.36449, 12.65416], [10.36449, 12.6527], [10.36442, 12.65012], [10.36392, 12.6479], [10.36249, 12.6449], [10.36135, 12.64254], [10.35942, 12.6415], [10.35721, 12.64094], [10.35529, 12.64108], [10.35258, 12.64191], [10.35224, 12.63812], [10.35374, 12.63254], [10.35284, 12.62563], [10.35178, 12.62152], [10.34847, 12.61123], [10.34049, 12.60888], [10.33371, 12.60697], [10.32566, 12.60732]]]}, "properties": {"name": "Marma", "lga": "Kiri Kasama", "state": "ji"}}, {"type": "Feature", "geometry": {"type": "Polygon", "coordinates": [[[10.40249, 12.83362], [10.41937, 12.8246], [10.41888, 12.82241], [10.41072, 12.80934], [10.38847, 12.81568], [10.38268, 12.81595], [10.37671, 12.81814], [10.36709, 12.81767], [10.36638, 12.81684], [10.36282, 12.80591], [10.34874, 12.8072], [10.3396, 12.80734], [10.33814, 12.80756], [10.32525, 12.81146], [10.33101, 12.84726], [10.3854, 12.84113], [10.40249, 12.83362]]]}, "properties": {"name": "Margadu", "lga": "Guri", "state": "ji"}}, {"type": "Feature", "geometry": {"type": "Polygon", "coordinates": [[[10.33352, 11.20569], [10.33857, 11.20674], [10.34208, 11.20678], [10.34675, 11.20799], [10.35261, 11.20806], [10.35635, 11.2081], [10.35846, 11.20813], [10.36063, 11.20763], [10.36316, 11.20704], [10.36551, 11.20592], [10.36591, 11.20478], [10.36595, 11.20467], [10.36672, 11.20248], [10.36336, 11.18747], [10.36462, 11.17942], [10.34644, 11.16285], [10.34609, 11.15963], [10.34379, 11.15614], [10.34031, 11.15265], [10.33916, 11.15033], [10.33802, 11.14801], [10.33572, 11.14338], [10.33576, 11.13993], [10.33646, 11.13752], [10.33848, 11.13063], [10.33824, 11.12769], [10.33734, 11.12494], [10.33553, 11.12046], [10.33401, 11.11808], [10.33235, 11.11743], [10.33116, 11.11873], [10.33187, 11.12177], [10.33106, 11.12443], [10.32986, 11.12575], [10.32584, 11.12483], [10.3235, 11.12596], [10.32022, 11.12816], [10.31671, 11.13044], [10.31352, 11.13054], [10.30683, 11.122], [10.30597, 11.12161], [10.30573, 11.1215], [10.3024, 11.11999], [10.29432, 11.12265], [10.29166, 11.12233], [10.29013, 11.12074], [10.28804, 11.11067], [10.28524, 11.10413], [10.27911, 11.10731], [10.27735, 11.10712], [10.27568, 11.10521], [10.27443, 11.10152], [10.2705, 11.09816], [10.27083, 11.09644], [10.27121, 11.09544], [10.27174, 11.09401], [10.27145, 11.09285], [10.2705, 11.08963], [10.26955, 11.08799], [10.26665, 11.08702], [10.26375, 11.08655], [10.25805, 11.0831], [10.25386, 11.0823], [10.25068, 11.08174], [10.24807, 11.07932], [10.24583, 11.07992], [10.24345, 11.08142], [10.24013, 11.08356], [10.23775, 11.08563], [10.23713, 11.08618], [10.23523, 11.08823], [10.2335, 11.08899], [10.2322, 11.08932], [10.23138, 11.08953], [10.23005, 11.09149], [10.22796, 11.09317], [10.22629, 11.09434], [10.22287, 11.09504], [10.2185, 11.09467], [10.21384, 11.09313], [10.20985, 11.09229], [10.20067, 11.08702], [10.19658, 11.08641], [10.1934, 11.08478], [10.18922, 11.0817], [10.18746, 11.07983], [10.18486, 11.07648], [10.18349, 11.07675], [10.15512, 11.08247], [10.15547, 11.08337], [10.16081, 11.09699], [10.19579, 11.13545], [10.20874, 11.13713], [10.2229, 11.1409], [10.22934, 11.14259], [10.25065, 11.16356], [10.24959, 11.17168], [10.26364, 11.2105], [10.27945, 11.20317], [10.29881, 11.20575], [10.3222, 11.2042], [10.33039, 11.20549], [10.33273, 11.20552], [10.33352, 11.20569]]]}, "properties": {"name": "Basirka", "lga": "Gwaram", "state": "ji"}}, {"type": "Feature", "geometry": {"type": "Polygon", "coordinates": [[[10.47205, 12.77101], [10.46783, 12.77802], [10.46777, 12.77936], [10.46794, 12.78125], [10.46834, 12.78358], [10.46925, 12.78553], [10.47051, 12.7872], [10.47199, 12.78859], [10.47347, 12.78954], [10.48066, 12.79137], [10.48271, 12.79894], [10.49971, 12.80383], [10.50161, 12.80552], [10.50296, 12.80705], [10.50289, 12.80858], [10.50197, 12.80927], [10.49926, 12.80969], [10.49605, 12.81032], [10.49462, 12.8108], [10.49444, 12.81538], [10.50386, 12.81413], [10.5128, 12.81958], [10.52483, 12.81764], [10.52656, 12.81969], [10.52739, 12.81703], [10.52804, 12.81683], [10.52882, 12.81662], [10.53012, 12.81659], [10.5377, 12.82361], [10.54346, 12.81958], [10.5467, 12.82059], [10.54667, 12.8201], [10.54628, 12.81964], [10.54628, 12.81926], [10.55012, 12.81375], [10.55306, 12.81112], [10.55808, 12.80947], [10.56088, 12.79803], [10.56417, 12.79692], [10.56432, 12.79614], [10.5653, 12.79507], [10.56574, 12.7944], [10.56901, 12.794], [10.56866, 12.78569], [10.57214, 12.77006], [10.57301, 12.76151], [10.56016, 12.75218], [10.55153, 12.75262], [10.54645, 12.75257], [10.53804, 12.75445], [10.53691, 12.76701], [10.5138, 12.76612], [10.50672, 12.76335], [10.50248, 12.76072], [10.49498, 12.75271], [10.48238, 12.74734], [10.4818, 12.74876], [10.47747, 12.75888], [10.47648, 12.76352], [10.4717, 12.76701], [10.47176, 12.76906], [10.47205, 12.77101]]]}, "properties": {"name": "Lafiya", "lga": "Guri", "state": "ji"}}, {"type": "Feature", "geometry": {"type": "Polygon", "coordinates": [[[10.21709, 12.72708], [10.23087, 12.72476], [10.23103, 12.71773], [10.23415, 12.71535], [10.24316, 12.7122], [10.25067, 12.71336], [10.25969, 12.70678], [10.2782, 12.70883], [10.29499, 12.69838], [10.28726, 12.67323], [10.28976, 12.66647], [10.27487, 12.65567], [10.25022, 12.65766], [10.2268, 12.65576], [10.21976, 12.65119], [10.2215, 12.64264], [10.22045, 12.63005], [10.21144, 12.6277], [10.20373, 12.62906], [10.19709, 12.6342], [10.18888, 12.64419], [10.17188, 12.65689], [10.17619, 12.66168], [10.18258, 12.6698], [10.18534, 12.67198], [10.18838, 12.69539], [10.18657, 12.70876], [10.19648, 12.71935], [10.21709, 12.72708]]]}, "properties": {"name": "Kiri Kasama", "lga": "Kiri Kasama", "state": "ji"}}, {"type": "Feature", "geometry": {"type": "Polygon", "coordinates": [[[10.39965, 12.58745], [10.41202, 12.53936], [10.42812, 12.53193], [10.43989, 12.52929], [10.44103, 12.5272], [10.44288, 12.52671], [10.44495, 12.5272], [10.44595, 12.52664], [10.44531, 12.52574], [10.44416, 12.52553], [10.44295, 12.52532], [10.44218, 12.52015], [10.444, 12.51765], [10.44466, 12.51906], [10.44646, 12.51957], [10.44784, 12.51894], [10.44837, 12.51739], [10.44916, 12.51585], [10.45379, 12.5217], [10.45468, 12.52124], [10.45622, 12.52073], [10.45786, 12.52149], [10.45986, 12.52298], [10.46128, 12.52449], [10.46178, 12.52637], [10.48681, 12.49196], [10.48302, 12.4891], [10.46977, 12.47909], [10.46908, 12.47883], [10.46458, 12.46929], [10.46423, 12.46555], [10.46562, 12.46517], [10.46752, 12.46509], [10.47251, 12.46656], [10.47479, 12.47044], [10.47987, 12.46783], [10.47953, 12.46155], [10.48057, 12.4586], [10.48194, 12.45723], [10.48257, 12.45565], [10.48373, 12.45477], [10.48672, 12.45489], [10.46232, 12.44185], [10.45887, 12.44069], [10.45198, 12.43929], [10.44734, 12.43929], [10.44259, 12.43999], [10.43784, 12.44092], [10.43327, 12.44335], [10.42962, 12.45597], [10.42595, 12.45786], [10.41098, 12.45948], [10.40777, 12.46041], [10.39981, 12.46355], [10.39387, 12.46517], [10.38887, 12.46482], [10.38115, 12.46373], [10.37214, 12.45854], [10.36317, 12.45208], [10.35702, 12.45765], [10.35377, 12.46115], [10.35183, 12.46416], [10.35, 12.467], [10.3496, 12.4675], [10.34778, 12.46906], [10.34595, 12.46929], [10.34527, 12.47207], [10.34156, 12.4743], [10.34136, 12.47614], [10.34002, 12.47716], [10.3388, 12.47665], [10.33768, 12.47513], [10.33671, 12.47486], [10.33557, 12.47591], [10.34002, 12.48045], [10.33973, 12.48184], [10.33911, 12.4821], [10.3382, 12.48182], [10.33751, 12.48104], [10.33638, 12.48025], [10.33605, 12.48196], [10.33614, 12.4836], [10.33705, 12.48483], [10.33825, 12.48594], [10.33917, 12.4865], [10.34036, 12.48616], [10.34156, 12.48601], [10.34247, 12.48655], [10.34247, 12.48761], [10.34344, 12.48839], [10.3451, 12.48845], [10.35468, 12.48349], [10.35622, 12.48377], [10.35611, 12.48533], [10.35508, 12.48767], [10.35371, 12.48822], [10.35206, 12.48889], [10.34841, 12.49351], [10.34433, 12.49409], [10.34872, 12.4987], [10.34721, 12.50121], [10.34333, 12.50777], [10.34148, 12.51504], [10.34066, 12.51444], [10.33931, 12.51394], [10.32921, 12.51584], [10.32241, 12.5183], [10.31059, 12.52843], [10.31472, 12.53625], [10.32364, 12.56007], [10.3409, 12.56463], [10.35794, 12.57332], [10.36828, 12.5791], [10.37177, 12.58168], [10.38839, 12.58655], [10.39117, 12.58794], [10.39152, 12.58954], [10.39309, 12.59121], [10.39523, 12.59128], [10.39566, 12.59024], [10.39644, 12.58919], [10.39808, 12.58752], [10.39965, 12.58745]]]}, "properties": {"name": "Musari", "lga": "Guri", "state": "ji"}}, {"type": "Feature", "geometry": {"type": "Polygon", "coordinates": [[[9.47074, 12.68103], [9.47527, 12.66429], [9.44115, 12.67369], [9.41708, 12.6754], [9.39533, 12.67192], [9.39412, 12.69415], [9.40231, 12.69814], [9.40929, 12.70155], [9.41158, 12.70541], [9.43891, 12.7058], [9.44351, 12.68362], [9.45255, 12.68251], [9.46039, 12.68156], [9.47074, 12.68103]]]}, "properties": {"name": "Garin Gambo", "lga": "Gumel", "state": "ji"}}, {"type": "Feature", "geometry": {"type": "Polygon", "coordinates": [[[8.95106, 12.4293], [8.95851, 12.41183], [8.95889, 12.40195], [8.9636, 12.38903], [8.96974, 12.37907], [8.97372, 12.36947], [8.97716, 12.36071], [8.97918, 12.35514], [8.97574, 12.35347], [8.97571, 12.34927], [8.97711, 12.3457], [8.97112, 12.34461], [8.97114, 12.32767], [8.96133, 12.32537], [8.96067, 12.33148], [8.95384, 12.33155], [8.95307, 12.32321], [8.95295, 12.32014], [8.95349, 12.31945], [8.95463, 12.31917], [8.95566, 12.3186], [8.9581, 12.31382], [8.95508, 12.30689], [8.95354, 12.30729], [8.95103, 12.30706], [8.94966, 12.30638], [8.9468, 12.30501], [8.94509, 12.30455], [8.94463, 12.30261], [8.93071, 12.30022], [8.9302, 12.29775], [8.92722, 12.29907], [8.92553, 12.30228], [8.9099, 12.30099], [8.90922, 12.3178], [8.90173, 12.3334], [8.8972, 12.33714], [8.89582, 12.3392], [8.89468, 12.34755], [8.89812, 12.35652], [8.90564, 12.35528], [8.90397, 12.34336], [8.91237, 12.34456], [8.92603, 12.34006], [8.95238, 12.3409], [8.95432, 12.3502], [8.94776, 12.35004], [8.94714, 12.34564], [8.92723, 12.34575], [8.92088, 12.34908], [8.92462, 12.35107], [8.93198, 12.35467], [8.93095, 12.36533], [8.90751, 12.36198], [8.89337, 12.38775], [8.89352, 12.38977], [8.89479, 12.40248], [8.89479, 12.40725], [8.8901, 12.41445], [8.90595, 12.42368], [8.92639, 12.42832], [8.95106, 12.4293]]]}, "properties": {"name": "Kanya", "lga": "Garki", "state": "ji"}}, {"type": "Feature", "geometry": {"type": "Polygon", "coordinates": [[[8.95889, 12.40195], [8.95851, 12.41183], [8.95106, 12.4293], [8.94555, 12.44668], [8.94828, 12.45661], [8.95237, 12.46599], [8.95978, 12.47063], [8.96948, 12.47277], [8.98402, 12.48632], [9.00019, 12.49468], [9.00518, 12.50431], [9.00812, 12.50819], [9.00969, 12.51026], [9.02835, 12.50848], [9.03511, 12.50571], [9.05081, 12.49445], [9.05889, 12.49108], [9.06637, 12.48513], [9.07517, 12.47576], [9.10203, 12.45597], [9.10185, 12.44541], [9.10955, 12.44466], [9.10799, 12.43223], [9.11001, 12.42881], [9.10652, 12.4238], [9.09528, 12.41788], [9.09053, 12.41117], [9.06786, 12.41968], [9.06911, 12.42513], [9.07043, 12.42901], [9.06905, 12.43066], [9.03056, 12.43351], [9.01267, 12.43459], [9.00863, 12.42622], [9.00745, 12.41749], [9.0032, 12.40941], [8.99654, 12.40514], [8.98637, 12.403], [8.97053, 12.40229], [8.95889, 12.40195]]]}, "properties": {"name": "Rafin Marke", "lga": "Garki", "state": "ji"}}, {"type": "Feature", "geometry": {"type": "Polygon", "coordinates": [[[9.29079, 11.50633], [9.29319, 11.50398], [9.29859, 11.49869], [9.3176, 11.48768], [9.32188, 11.4834], [9.33102, 11.48219], [9.33893, 11.48127], [9.33786, 11.47706], [9.338, 11.47414], [9.33859, 11.47262], [9.34008, 11.4727], [9.34037, 11.47272], [9.34158, 11.47145], [9.34321, 11.47077], [9.344, 11.47019], [9.34388, 11.46633], [9.34384, 11.46531], [9.3437, 11.46177], [9.34907, 11.46225], [9.35119, 11.46245], [9.35319, 11.45633], [9.3572, 11.45196], [9.37331, 11.44452], [9.37944, 11.44074], [9.38034, 11.42541], [9.3879, 11.42327], [9.39029, 11.42058], [9.38528, 11.41309], [9.38338, 11.40799], [9.38773, 11.39734], [9.39236, 11.39133], [9.39094, 11.39042], [9.39001, 11.3893], [9.3898, 11.38266], [9.3883, 11.3821], [9.38666, 11.38091], [9.3848, 11.38112], [9.38331, 11.38147], [9.38181, 11.38064], [9.37696, 11.38525], [9.37546, 11.38518], [9.37447, 11.38399], [9.37404, 11.38217], [9.3729, 11.38036], [9.37104, 11.37917], [9.36905, 11.37812], [9.36791, 11.37644], [9.36698, 11.37469], [9.36826, 11.37323], [9.36734, 11.37064], [9.36767, 11.36788], [9.36605, 11.36547], [9.36427, 11.36435], [9.35493, 11.36559], [9.35322, 11.36407], [9.34502, 11.38308], [9.34429, 11.38941], [9.34243, 11.39402], [9.34108, 11.39549], [9.33987, 11.39731], [9.32997, 11.40471], [9.32899, 11.40657], [9.32863, 11.40863], [9.32754, 11.41072], [9.32559, 11.41184], [9.32449, 11.41268], [9.32302, 11.41515], [9.32214, 11.41746], [9.32117, 11.42042], [9.32036, 11.42247], [9.31642, 11.42265], [9.31171, 11.42358], [9.31161, 11.42553], [9.31165, 11.43253], [9.2981, 11.4394], [9.294, 11.43896], [9.28876, 11.43255], [9.24877, 11.4335], [9.22996, 11.44568], [9.23152, 11.44953], [9.23489, 11.45244], [9.23744, 11.45355], [9.24167, 11.45485], [9.24773, 11.45725], [9.25011, 11.46401], [9.25252, 11.47217], [9.26047, 11.47608], [9.26609, 11.48209], [9.271, 11.48759], [9.27623, 11.49213], [9.28424, 11.50255], [9.29079, 11.50633]]]}, "properties": {"name": "Yalwan Damai", "lga": "Birnin Kudu", "state": "ji"}}, {"type": "Feature", "geometry": {"type": "Polygon", "coordinates": [[[9.92967, 12.91854], [9.94306, 12.91121], [9.95368, 12.93602], [9.96044, 12.94171], [9.988, 12.95642], [9.99306, 12.95569], [9.99703, 12.95557], [10.00617, 12.95707], [10.01933, 12.96381], [10.01937, 12.96361], [10.02114, 12.95443], [10.02385, 12.95175], [10.04109, 12.93474], [10.04547, 12.9275], [10.05395, 12.9193], [10.06044, 12.91249], [10.0675, 12.89458], [10.06586, 12.88658], [10.07276, 12.85613], [10.07283, 12.84049], [10.07037, 12.83317], [10.0646, 12.83113], [10.05937, 12.82951], [10.05585, 12.82703], [10.05318, 12.82313], [10.04433, 12.82199], [10.03091, 12.82342], [10.02686, 12.82349], [10.01501, 12.81952], [10.00876, 12.79789], [10.01296, 12.79321], [10.0151, 12.78004], [10.01609, 12.77865], [10.01541, 12.77137], [10.00852, 12.76095], [9.99216, 12.7569], [9.98392, 12.75948], [9.97451, 12.76192], [9.96424, 12.76521], [9.94437, 12.76851], [9.94126, 12.768], [9.93825, 12.76673], [9.92368, 12.75794], [9.91555, 12.78308], [9.91876, 12.78959], [9.92601, 12.80202], [9.92933, 12.803], [9.95079, 12.83429], [9.95061, 12.84198], [9.94671, 12.84399], [9.93466, 12.85644], [9.933, 12.86057], [9.91771, 12.8723], [9.91096, 12.87748], [9.92967, 12.91854]]]}, "properties": {"name": "Diginsa", "lga": "Biriniwa", "state": "ji"}}, {"type": "Feature", "geometry": {"type": "Polygon", "coordinates": [[[9.11001, 12.42881], [9.11464, 12.42466], [9.1257, 12.41475], [9.14158, 12.40492], [9.1408, 12.40051], [9.14194, 12.398], [9.14776, 12.39928], [9.15218, 12.39464], [9.15793, 12.39545], [9.16841, 12.39505], [9.16852, 12.39237], [9.16858, 12.3907], [9.16721, 12.38652], [9.16641, 12.38362], [9.16544, 12.37961], [9.1793, 12.36942], [9.18335, 12.3663], [9.18647, 12.36], [9.18804, 12.35669], [9.19015, 12.35223], [9.1903, 12.3516], [9.1913, 12.34732], [9.1867, 12.3464], [9.1661, 12.34037], [9.16552, 12.3402], [9.15842, 12.33356], [9.14561, 12.32563], [9.13853, 12.34223], [9.12663, 12.33966], [9.12355, 12.33836], [9.11786, 12.33485], [9.11506, 12.33324], [9.10642, 12.3249], [9.0938, 12.32224], [9.08356, 12.32586], [9.07222, 12.3262], [9.06352, 12.32558], [9.05703, 12.32489], [9.04921, 12.32266], [9.04889, 12.33015], [9.04105, 12.33026], [9.04124, 12.32946], [9.04041, 12.32861], [9.03869, 12.32765], [9.03898, 12.32615], [9.03762, 12.32562], [9.0358, 12.32583], [9.03458, 12.32579], [9.03334, 12.32415], [9.03216, 12.32362], [9.02988, 12.32472], [9.02714, 12.32488], [9.02385, 12.32539], [9.02075, 12.32492], [9.01766, 12.3248], [9.02059, 12.33924], [9.02721, 12.33956], [9.02864, 12.33563], [9.03437, 12.33624], [9.03168, 12.34259], [9.03543, 12.34452], [9.03498, 12.34594], [9.03482, 12.34692], [9.03516, 12.34803], [9.03292, 12.34849], [9.03135, 12.34743], [9.02995, 12.3467], [9.02909, 12.34873], [9.01106, 12.34973], [9.00855, 12.34931], [9.00425, 12.34912], [8.99498, 12.3504], [8.98845, 12.34953], [8.98351, 12.35206], [8.97918, 12.35514], [8.97716, 12.36071], [8.97372, 12.36947], [8.96974, 12.37907], [8.9636, 12.38903], [8.95889, 12.40195], [8.97053, 12.40229], [8.98637, 12.403], [8.99654, 12.40514], [9.0032, 12.40941], [9.00745, 12.41749], [9.00863, 12.42622], [9.01267, 12.43459], [9.03056, 12.43351], [9.06905, 12.43066], [9.07043, 12.42901], [9.06911, 12.42513], [9.06786, 12.41968], [9.09053, 12.41117], [9.09528, 12.41788], [9.10652, 12.4238], [9.11001, 12.42881]]]}, "properties": {"name": "Doko", "lga": "Garki", "state": "ji"}}, {"type": "Feature", "geometry": {"type": "Polygon", "coordinates": [[[9.33317, 12.57915], [9.34772, 12.57012], [9.35239, 12.5633], [9.35652, 12.55805], [9.3443, 12.53974], [9.34404, 12.53626], [9.3443, 12.50367], [9.34173, 12.50218], [9.32642, 12.48245], [9.31394, 12.48275], [9.30872, 12.48108], [9.31117, 12.44724], [9.30868, 12.4347], [9.30173, 12.43215], [9.28781, 12.4309], [9.27926, 12.43332], [9.27655, 12.43255], [9.27689, 12.42994], [9.25997, 12.42978], [9.25976, 12.43329], [9.2585, 12.43471], [9.25646, 12.437], [9.25482, 12.4402], [9.25201, 12.44875], [9.25007, 12.45452], [9.24681, 12.46213], [9.24202, 12.47175], [9.25585, 12.47919], [9.26635, 12.49138], [9.25104, 12.5106], [9.26434, 12.51931], [9.26971, 12.53239], [9.26005, 12.55257], [9.27553, 12.56338], [9.28694, 12.57138], [9.29336, 12.57301], [9.30631, 12.57649], [9.31511, 12.57579], [9.32259, 12.57741], [9.33317, 12.57915]]]}, "properties": {"name": "Takatsaba", "lga": "Sule Tankarkar", "state": "ji"}}, {"type": "Feature", "geometry": {"type": "Polygon", "coordinates": [[[9.07409, 12.07353], [9.08081, 12.07328], [9.08684, 12.07554], [9.09813, 12.07692], [9.1069, 12.07539], [9.11289, 12.07302], [9.12423, 12.07734], [9.12872, 12.08041], [9.13158, 12.08717], [9.13906, 12.09868], [9.14327, 12.10223], [9.15846, 12.1053], [9.16473, 12.10467], [9.16638, 12.10312], [9.16757, 12.09906], [9.17109, 12.09536], [9.17672, 12.09476], [9.19223, 12.09964], [9.19472, 12.10272], [9.19669, 12.10557], [9.19633, 12.10766], [9.19556, 12.11004], [9.19568, 12.11225], [9.19645, 12.11562], [9.19693, 12.11887], [9.19895, 12.12317], [9.20144, 12.1259], [9.20895, 12.12867], [9.2157, 12.12758], [9.21737, 12.12985], [9.21494, 12.13208], [9.21304, 12.13394], [9.21269, 12.13614], [9.21447, 12.13765], [9.2178, 12.13765], [9.22148, 12.13765], [9.22457, 12.13789], [9.22562, 12.13672], [9.2254, 12.13463], [9.22536, 12.13265], [9.22612, 12.1301], [9.22921, 12.13103], [9.23044, 12.13246], [9.23206, 12.13243], [9.23253, 12.13463], [9.23574, 12.13859], [9.24778, 12.11751], [9.2475, 12.11214], [9.2623, 12.10607], [9.2632, 12.10274], [9.26349, 12.09276], [9.24862, 12.09417], [9.24717, 12.09187], [9.2463, 12.0907], [9.2456, 12.0905], [9.24747, 12.08678], [9.24078, 12.06616], [9.23523, 12.04907], [9.21397, 12.05411], [9.20042, 12.0683], [9.19871, 12.08279], [9.19378, 12.0846], [9.18784, 12.08541], [9.18187, 12.08544], [9.17229, 12.07981], [9.1563, 12.06753], [9.15283, 12.05484], [9.1492, 12.0506], [9.14753, 12.04823], [9.14772, 12.04554], [9.1454, 12.04159], [9.14546, 12.03938], [9.14671, 12.03729], [9.15016, 12.03113], [9.15194, 12.02764], [9.14894, 12.01937], [9.14427, 12.02619], [9.13334, 12.03531], [9.13098, 12.03456], [9.1118, 12.02824], [9.0983, 12.02294], [9.09531, 12.02391], [9.08469, 12.02743], [9.08314, 12.03149], [9.08281, 12.03279], [9.08266, 12.03451], [9.08247, 12.03656], [9.083, 12.03767], [9.08372, 12.03856], [9.08313, 12.04057], [9.08152, 12.0462], [9.07957, 12.04614], [9.07801, 12.04623], [9.07715, 12.05962], [9.07647, 12.06044], [9.07409, 12.07353]]]}, "properties": {"name": "Sintilmawa", "lga": "Ringim", "state": "ji"}}, {"type": "Feature", "geometry": {"type": "Polygon", "coordinates": [[[8.26169, 12.64252], [8.26224, 12.63508], [8.26754, 12.62446], [8.26448, 12.62361], [8.26203, 12.61383], [8.2788, 12.6046], [8.25629, 12.59621], [8.2462, 12.59442], [8.24017, 12.60488], [8.23701, 12.60895], [8.23049, 12.61251], [8.20354, 12.62163], [8.19677, 12.62288], [8.1904, 12.62401], [8.19098, 12.62555], [8.19119, 12.62629], [8.19124, 12.62719], [8.1904, 12.62872], [8.18527, 12.62994], [8.18346, 12.63525], [8.18213, 12.65178], [8.2072, 12.65169], [8.20981, 12.65163], [8.23769, 12.64981], [8.24503, 12.6508], [8.25283, 12.64901], [8.26169, 12.64252]]]}, "properties": {"name": "Baragumi", "lga": "Roni", "state": "ji"}}, {"type": "Feature", "geometry": {"type": "Polygon", "coordinates": [[[8.66389, 12.72577], [8.66863, 12.71947], [8.65912, 12.71666], [8.65747, 12.71247], [8.64538, 12.69804], [8.62855, 12.70135], [8.62504, 12.68861], [8.62338, 12.68506], [8.60467, 12.69544], [8.59477, 12.69555], [8.59037, 12.70245], [8.56811, 12.70568], [8.54641, 12.71344], [8.53935, 12.72516], [8.54318, 12.73714], [8.57064, 12.7405], [8.58002, 12.74166], [8.59024, 12.74398], [8.60084, 12.74818], [8.60383, 12.73727], [8.63627, 12.73732], [8.65185, 12.73312], [8.65103, 12.7276], [8.66389, 12.72577]]]}, "properties": {"name": "Gurjiya", "lga": "Yankwashi", "state": "ji"}}, {"type": "Feature", "geometry": {"type": "Polygon", "coordinates": [[[9.31717, 11.72854], [9.31491, 11.74189], [9.3166, 11.74719], [9.31871, 11.74675], [9.31975, 11.74625], [9.33594, 11.74702], [9.34477, 11.73487], [9.34897, 11.73208], [9.35264, 11.73], [9.35783, 11.72893], [9.36029, 11.73184], [9.36003, 11.73485], [9.36043, 11.73526], [9.36091, 11.73585], [9.36258, 11.73684], [9.36362, 11.73985], [9.36568, 11.74321], [9.37093, 11.74268], [9.37536, 11.74177], [9.38776, 11.73077], [9.37346, 11.72473], [9.37509, 11.71377], [9.37539, 11.7094], [9.37282, 11.70509], [9.36966, 11.69957], [9.36997, 11.69847], [9.36619, 11.68231], [9.36299, 11.67963], [9.35988, 11.6812], [9.34628, 11.67394], [9.34564, 11.67607], [9.34329, 11.67724], [9.34046, 11.67888], [9.33829, 11.6921], [9.33863, 11.69421], [9.33997, 11.69638], [9.33873, 11.70419], [9.33606, 11.7042], [9.3353, 11.7251], [9.32266, 11.7267], [9.31717, 11.72854]]]}, "properties": {"name": "Kachi", "lga": "Dutse", "state": "ji"}}, {"type": "Feature", "geometry": {"type": "Polygon", "coordinates": [[[8.25283, 12.64901], [8.24503, 12.6508], [8.23769, 12.64981], [8.23046, 12.65023], [8.22196, 12.6511], [8.21428, 12.65144], [8.21952, 12.66277], [8.22025, 12.66371], [8.22196, 12.66458], [8.22323, 12.67176], [8.22455, 12.67218], [8.22556, 12.67206], [8.22644, 12.67192], [8.23416, 12.69272], [8.23961, 12.69131], [8.24097, 12.69173], [8.24256, 12.69247], [8.24413, 12.69331], [8.25232, 12.69365], [8.25349, 12.68705], [8.25446, 12.68567], [8.25831, 12.68114], [8.26152, 12.673], [8.26115, 12.66879], [8.2604, 12.6624], [8.2635, 12.6612], [8.2627, 12.6584], [8.26442, 12.65514], [8.26022, 12.65445], [8.25283, 12.64901]]]}, "properties": {"name": "Sankau", "lga": "Roni", "state": "ji"}}, {"type": "Feature", "geometry": {"type": "Polygon", "coordinates": [[[10.01541, 12.77137], [10.03395, 12.75348], [10.04554, 12.74085], [10.05789, 12.74953], [10.05797, 12.74952], [10.07375, 12.74768], [10.0825, 12.72424], [10.07861, 12.71698], [10.07975, 12.71394], [10.08188, 12.70962], [10.08284, 12.70854], [10.08053, 12.69568], [10.08492, 12.68703], [10.07781, 12.68192], [10.05648, 12.67151], [10.05364, 12.65649], [10.05085, 12.65264], [10.03136, 12.64533], [10.02345, 12.64762], [10.02119, 12.64923], [10.01654, 12.65047], [9.9987, 12.64611], [9.9919, 12.64336], [9.99164, 12.64318], [9.99023, 12.64041], [9.98254, 12.63269], [9.96778, 12.6577], [9.96782, 12.66339], [9.96729, 12.66385], [9.96264, 12.67615], [9.96039, 12.67996], [9.9574, 12.68162], [9.95587, 12.69572], [9.94767, 12.69299], [9.92952, 12.70789], [9.92546, 12.71499], [9.93448, 12.72563], [9.93336, 12.72808], [9.92368, 12.75794], [9.93825, 12.76673], [9.94126, 12.768], [9.94437, 12.76851], [9.96424, 12.76521], [9.97451, 12.76192], [9.98392, 12.75948], [9.99216, 12.7569], [10.00852, 12.76095], [10.01541, 12.77137]]]}, "properties": {"name": "Kazura", "lga": "Biriniwa", "state": "ji"}}, {"type": "Feature", "geometry": {"type": "Polygon", "coordinates": [[[9.78452, 11.49288], [9.78649, 11.48216], [9.7847, 11.46823], [9.788, 11.46333], [9.78583, 11.46201], [9.77455, 11.45373], [9.76567, 11.44731], [9.7551, 11.44426], [9.72805, 11.43569], [9.716, 11.43607], [9.70943, 11.44347], [9.70555, 11.46639], [9.69313, 11.46397], [9.69174, 11.4641], [9.69081, 11.46352], [9.68976, 11.46332], [9.68796, 11.46064], [9.68188, 11.45943], [9.67627, 11.45938], [9.66829, 11.46038], [9.66726, 11.46512], [9.66729, 11.46555], [9.66737, 11.46676], [9.70303, 11.47878], [9.70345, 11.48074], [9.70315, 11.48342], [9.70252, 11.49229], [9.71313, 11.48856], [9.73134, 11.4943], [9.73639, 11.49663], [9.74486, 11.50013], [9.74804, 11.50133], [9.75918, 11.49756], [9.76534, 11.49289], [9.77409, 11.48848], [9.78277, 11.4925], [9.78452, 11.49288]]]}, "properties": {"name": "Lelen Kudu", "lga": "Buji", "state": "ji"}}, {"type": "Feature", "geometry": {"type": "Polygon", "coordinates": [[[9.85307, 12.62529], [9.82567, 12.60798], [9.81491, 12.61052], [9.81332, 12.61241], [9.81133, 12.63932], [9.81089, 12.64016], [9.79584, 12.63845], [9.79548, 12.64716], [9.79766, 12.65053], [9.79942, 12.6548], [9.79852, 12.65911], [9.79609, 12.66324], [9.79357, 12.66616], [9.79129, 12.66663], [9.78797, 12.67504], [9.77719, 12.69794], [9.77022, 12.70825], [9.76473, 12.71668], [9.7491, 12.71472], [9.74947, 12.71672], [9.74977, 12.72526], [9.74624, 12.74573], [9.7437, 12.75406], [9.72873, 12.78401], [9.72065, 12.78986], [9.70056, 12.80261], [9.69191, 12.80497], [9.68073, 12.82085], [9.70483, 12.82261], [9.71123, 12.814], [9.71399, 12.81392], [9.71427, 12.81022], [9.71672, 12.80936], [9.74833, 12.7982], [9.76518, 12.79622], [9.76775, 12.78041], [9.77086, 12.7692], [9.77561, 12.76387], [9.78464, 12.75807], [9.79634, 12.74711], [9.8058, 12.73837], [9.81282, 12.72893], [9.81476, 12.71938], [9.81939, 12.71263], [9.82795, 12.70866], [9.82369, 12.70476], [9.82437, 12.70265], [9.8493, 12.68696], [9.8515, 12.67583], [9.86216, 12.66503], [9.86202, 12.64713], [9.86206, 12.64207], [9.8586, 12.63561], [9.85307, 12.62529]]]}, "properties": {"name": "Girbobo", "lga": "Kaugama", "state": "ji"}}, {"type": "Feature", "geometry": {"type": "Polygon", "coordinates": [[[8.26169, 12.64252], [8.25283, 12.64901], [8.26022, 12.65445], [8.26442, 12.65514], [8.2627, 12.6584], [8.2635, 12.6612], [8.2604, 12.6624], [8.26115, 12.66879], [8.26152, 12.673], [8.26304, 12.67257], [8.26903, 12.67279], [8.28373, 12.67261], [8.28369, 12.6619], [8.28296, 12.65496], [8.28286, 12.65099], [8.28093, 12.64883], [8.26823, 12.64557], [8.26318, 12.64281], [8.26169, 12.64252]]]}, "properties": {"name": "Roni", "lga": "Roni", "state": "ji"}}, {"type": "Feature", "geometry": {"type": "MultiPolygon", "coordinates": [[[[9.04921, 12.32266], [9.01516, 12.32024], [9.01016, 12.31866], [8.99753, 12.31618], [8.99065, 12.31367], [8.98583, 12.31367], [8.98185, 12.31486], [8.97251, 12.31516], [8.9581, 12.31382], [8.95566, 12.3186], [8.95463, 12.31917], [8.95349, 12.31945], [8.95295, 12.32014], [8.95307, 12.32321], [8.95384, 12.33155], [8.96067, 12.33148], [8.96133, 12.32537], [8.97114, 12.32767], [8.97112, 12.34461], [8.97711, 12.3457], [8.97571, 12.34927], [8.97574, 12.35347], [8.97918, 12.35514], [8.98351, 12.35206], [8.98845, 12.34953], [8.99498, 12.3504], [9.00425, 12.34912], [9.00855, 12.34931], [9.01106, 12.34973], [9.02909, 12.34873], [9.02995, 12.3467], [9.03135, 12.34743], [9.03292, 12.34849], [9.03516, 12.34803], [9.03482, 12.34692], [9.03498, 12.34594], [9.03543, 12.34452], [9.03168, 12.34259], [9.03437, 12.33624], [9.02864, 12.33563], [9.02721, 12.33956], [9.02059, 12.33924], [9.01766, 12.3248], [9.02075, 12.32492], [9.02385, 12.32539], [9.02714, 12.32488], [9.02988, 12.32472], [9.03216, 12.32362], [9.03334, 12.32415], [9.03458, 12.32579], [9.0358, 12.32583], [9.03762, 12.32562], [9.03898, 12.32615], [9.03869, 12.32765], [9.04041, 12.32861], [9.04124, 12.32946], [9.04105, 12.33026], [9.04889, 12.33015], [9.04921, 12.32266]]], [[[8.89352, 12.38977], [8.89337, 12.38775], [8.90751, 12.36198], [8.93095, 12.36533], [8.93198, 12.35467], [8.92462, 12.35107], [8.92088, 12.34908], [8.92723, 12.34575], [8.94714, 12.34564], [8.94776, 12.35004], [8.95432, 12.3502], [8.95238, 12.3409], [8.92603, 12.34006], [8.91237, 12.34456], [8.90397, 12.34336], [8.90564, 12.35528], [8.89812, 12.35652], [8.89468, 12.34755], [8.89582, 12.3392], [8.8972, 12.33714], [8.90173, 12.3334], [8.90922, 12.3178], [8.9099, 12.30099], [8.90542, 12.3023], [8.87225, 12.304], [8.83962, 12.3082], [8.84029, 12.32251], [8.84754, 12.32217], [8.85168, 12.32243], [8.85482, 12.33355], [8.85501, 12.3386], [8.85889, 12.34429], [8.85886, 12.3507], [8.85968, 12.35113], [8.86026, 12.35215], [8.86738, 12.35243], [8.8717, 12.35293], [8.87105, 12.36076], [8.86943, 12.36701], [8.86832, 12.38217], [8.88169, 12.39448], [8.88598, 12.39462], [8.88938, 12.39195], [8.89352, 12.38977]]]]}, "properties": {"name": "Jirima", "lga": "Garki", "state": "ji"}}, {"type": "Feature", "geometry": {"type": "Polygon", "coordinates": [[[9.63974, 11.73298], [9.66443, 11.72681], [9.6644, 11.72084], [9.66575, 11.71674], [9.66582, 11.70983], [9.66352, 11.70635], [9.66121, 11.70287], [9.66009, 11.69825], [9.6613, 11.69481], [9.6625, 11.69137], [9.66139, 11.6856], [9.66144, 11.681], [9.66598, 11.67607], [9.67276, 11.67672], [9.68025, 11.67744], [9.69253, 11.6811], [9.69638, 11.6814], [9.69712, 11.68145], [9.69477, 11.65731], [9.68387, 11.65538], [9.67958, 11.65462], [9.67892, 11.65474], [9.6726, 11.65583], [9.67099, 11.65315], [9.66778, 11.64786], [9.66415, 11.64324], [9.6642, 11.64188], [9.66306, 11.63841], [9.6596, 11.63377], [9.65729, 11.63028], [9.655, 11.62565], [9.65268, 11.62332], [9.65052, 11.62241], [9.62719, 11.61046], [9.6241, 11.60627], [9.61454, 11.59396], [9.61, 11.59254], [9.61075, 11.58825], [9.61261, 11.58276], [9.61378, 11.57882], [9.61577, 11.57625], [9.61292, 11.5748], [9.59975, 11.55842], [9.59667, 11.56119], [9.59048, 11.56283], [9.58346, 11.56188], [9.57598, 11.55722], [9.57953, 11.54583], [9.56501, 11.54163], [9.56364, 11.54155], [9.5374, 11.54732], [9.51842, 11.5455], [9.51828, 11.54553], [9.50228, 11.54147], [9.46833, 11.53244], [9.46441, 11.54734], [9.46987, 11.57731], [9.46519, 11.59132], [9.46443, 11.5936], [9.48096, 11.61361], [9.50435, 11.6369], [9.52421, 11.64859], [9.52466, 11.65405], [9.52344, 11.65733], [9.52401, 11.66159], [9.52644, 11.66718], [9.53669, 11.68339], [9.5529, 11.6913], [9.59907, 11.71406], [9.63974, 11.73298]]]}, "properties": {"name": "Sundimina", "lga": "Birnin Kudu", "state": "ji"}}, {"type": "Feature", "geometry": {"type": "Polygon", "coordinates": [[[9.5947, 11.37717], [9.59375, 11.38158], [9.58893, 11.38414], [9.58249, 11.38416], [9.5811, 11.39306], [9.58654, 11.39768], [9.58703, 11.39809], [9.59025, 11.4022], [9.59176, 11.40634], [9.59829, 11.4157], [9.60307, 11.41258], [9.60703, 11.40999], [9.6012, 11.4034], [9.59603, 11.38505], [9.59897, 11.38309], [9.632, 11.38303], [9.63245, 11.38331], [9.64111, 11.38866], [9.64112, 11.38866], [9.64483, 11.39997], [9.64126, 11.4224], [9.64738, 11.44533], [9.6489, 11.46107], [9.66737, 11.46676], [9.66729, 11.46555], [9.66726, 11.46512], [9.66829, 11.46038], [9.67627, 11.45938], [9.68188, 11.45943], [9.68796, 11.46064], [9.68976, 11.46332], [9.69081, 11.46352], [9.69174, 11.4641], [9.69313, 11.46397], [9.70555, 11.46639], [9.70943, 11.44347], [9.716, 11.43607], [9.70956, 11.42935], [9.71203, 11.4186], [9.71059, 11.41778], [9.7063, 11.4202], [9.70586, 11.41932], [9.70574, 11.41757], [9.70597, 11.41582], [9.70408, 11.41394], [9.70117, 11.41172], [9.688, 11.40808], [9.68445, 11.40333], [9.68464, 11.40155], [9.6856, 11.39247], [9.68533, 11.39058], [9.68935, 11.38456], [9.68746, 11.38309], [9.68546, 11.38082], [9.68418, 11.38001], [9.68403, 11.37836], [9.68318, 11.37333], [9.68119, 11.37076], [9.67933, 11.36867], [9.67533, 11.36713], [9.67148, 11.36461], [9.66568, 11.36512], [9.6615, 11.36396], [9.65941, 11.3607], [9.64585, 11.3562], [9.64417, 11.36645], [9.64112, 11.37155], [9.63689, 11.37338], [9.63343, 11.37348], [9.63338, 11.37348], [9.63307, 11.37344], [9.62814, 11.37113], [9.6264, 11.36986], [9.62642, 11.36891], [9.62563, 11.36832], [9.62417, 11.36823], [9.62232, 11.36688], [9.61667, 11.36526], [9.60399, 11.36475], [9.59962, 11.36886], [9.5947, 11.37717]]]}, "properties": {"name": "Kukuma", "lga": "Buji", "state": "ji"}}, {"type": "Feature", "geometry": {"type": "Polygon", "coordinates": [[[9.54312, 12.44821], [9.5221, 12.45302], [9.50563, 12.46034], [9.49351, 12.46195], [9.47958, 12.47366], [9.47987, 12.48449], [9.48528, 12.48931], [9.48651, 12.49422], [9.49021, 12.49281], [9.49464, 12.49387], [9.49678, 12.49522], [9.49949, 12.49677], [9.50017, 12.49678], [9.50238, 12.49666], [9.50328, 12.4969], [9.50399, 12.49557], [9.50533, 12.49595], [9.50586, 12.49628], [9.50665, 12.49669], [9.51112, 12.4886], [9.52138, 12.49175], [9.53707, 12.49949], [9.56437, 12.49846], [9.56403, 12.49685], [9.56293, 12.49095], [9.55459, 12.47559], [9.54663, 12.47264], [9.54539, 12.46695], [9.54312, 12.44821]]]}, "properties": {"name": "Yalawa", "lga": "Gagarawa", "state": "ji"}}, {"type": "Feature", "geometry": {"type": "Polygon", "coordinates": [[[9.63075, 11.57243], [9.62962, 11.56384], [9.62895, 11.55659], [9.62844, 11.55189], [9.62938, 11.53999], [9.62979, 11.53797], [9.62477, 11.53283], [9.62528, 11.53136], [9.6242, 11.53076], [9.62306, 11.52898], [9.62243, 11.52713], [9.62225, 11.52513], [9.62238, 11.52355], [9.62094, 11.52282], [9.61913, 11.52294], [9.61793, 11.52238], [9.61753, 11.52098], [9.6181, 11.51936], [9.61861, 11.51785], [9.61142, 11.51238], [9.61125, 11.51109], [9.61154, 11.50986], [9.61245, 11.50884], [9.61445, 11.50874], [9.61519, 11.50774], [9.61451, 11.50623], [9.61133, 11.50695], [9.61011, 11.50712], [9.6084, 11.50623], [9.60692, 11.50528], [9.60657, 11.50362], [9.60755, 11.50181], [9.60812, 11.49985], [9.6076, 11.49807], [9.6072, 11.49645], [9.60561, 11.49466], [9.60762, 11.4897], [9.6121, 11.46478], [9.61512, 11.44633], [9.60425, 11.44331], [9.59855, 11.44265], [9.59483, 11.44979], [9.58513, 11.45871], [9.56734, 11.46186], [9.56556, 11.46128], [9.56385, 11.45994], [9.56094, 11.45888], [9.559, 11.45966], [9.55798, 11.46128], [9.55752, 11.4619], [9.55461, 11.46139], [9.5537, 11.46257], [9.55279, 11.46429], [9.55181, 11.46397], [9.55142, 11.4648], [9.55017, 11.4655], [9.54737, 11.46486], [9.54343, 11.46151], [9.54303, 11.4624], [9.54153, 11.46265], [9.54035, 11.46234], [9.53784, 11.46111], [9.52786, 11.45849], [9.52595, 11.47044], [9.5223, 11.48129], [9.52804, 11.49786], [9.53184, 11.50887], [9.54678, 11.52517], [9.56364, 11.54155], [9.56501, 11.54163], [9.57953, 11.54583], [9.57598, 11.55722], [9.58346, 11.56188], [9.59048, 11.56283], [9.59667, 11.56119], [9.59975, 11.55842], [9.61292, 11.5748], [9.61577, 11.57625], [9.61818, 11.57648], [9.62245, 11.57783], [9.62448, 11.57595], [9.63075, 11.57243]]]}, "properties": {"name": "Kwangwara", "lga": "Birnin Kudu", "state": "ji"}}, {"type": "Feature", "geometry": {"type": "MultiPolygon", "coordinates": [[[[9.62592, 11.23673], [9.62506, 11.23708], [9.61821, 11.23986], [9.60336, 11.2434], [9.59562, 11.24757], [9.59458, 11.2511], [9.59354, 11.25716], [9.59482, 11.26206], [9.59698, 11.26886], [9.59843, 11.29295], [9.60164, 11.29826], [9.60727, 11.3026], [9.60964, 11.30913], [9.6094, 11.31547], [9.60927, 11.3188], [9.60616, 11.32376], [9.60735, 11.32807], [9.60823, 11.32905], [9.6061, 11.34143], [9.60873, 11.3479], [9.61547, 11.35486], [9.61268, 11.36066], [9.60723, 11.35901], [9.59616, 11.36103], [9.5876, 11.36914], [9.5947, 11.37717], [9.59962, 11.36886], [9.60399, 11.36475], [9.61667, 11.36526], [9.62232, 11.36688], [9.63307, 11.37344], [9.63338, 11.37348], [9.63343, 11.37348], [9.63689, 11.37338], [9.64112, 11.37155], [9.64417, 11.36645], [9.64585, 11.3562], [9.64609, 11.34986], [9.64483, 11.34917], [9.64213, 11.3477], [9.64106, 11.34371], [9.64199, 11.3427], [9.64183, 11.34145], [9.64074, 11.33815], [9.64163, 11.33553], [9.64196, 11.33221], [9.65486, 11.31623], [9.65835, 11.31084], [9.66071, 11.30567], [9.66176, 11.30087], [9.66197, 11.29003], [9.6615, 11.2849], [9.63404, 11.25022], [9.63353, 11.2439], [9.63073, 11.24119], [9.6283, 11.23893], [9.62592, 11.23673]]], [[[9.5811, 11.39306], [9.58249, 11.38416], [9.58111, 11.38318], [9.56733, 11.37451], [9.55993, 11.37305], [9.55028, 11.37165], [9.55182, 11.3796], [9.54613, 11.39711], [9.54231, 11.41416], [9.5298, 11.41534], [9.52176, 11.42034], [9.52457, 11.42454], [9.52596, 11.42916], [9.52767, 11.43302], [9.52793, 11.43688], [9.52827, 11.43923], [9.53118, 11.43981], [9.53683, 11.43981], [9.54136, 11.43881], [9.5445, 11.43684], [9.5456, 11.43568], [9.54708, 11.43534], [9.55798, 11.43842], [9.55866, 11.44076], [9.55877, 11.44294], [9.55775, 11.4435], [9.55586, 11.44311], [9.55404, 11.44328], [9.55278, 11.44462], [9.55221, 11.44619], [9.55261, 11.44775], [9.55368, 11.44848], [9.55507, 11.44842], [9.55644, 11.44946], [9.55604, 11.45105], [9.55558, 11.45228], [9.55581, 11.45351], [9.55689, 11.45463], [9.56278, 11.45465], [9.56488, 11.45642], [9.56973, 11.45955], [9.56898, 11.46056], [9.56779, 11.46106], [9.56734, 11.46186], [9.58513, 11.45871], [9.59483, 11.44979], [9.59855, 11.44265], [9.60425, 11.44331], [9.61512, 11.44633], [9.6121, 11.46478], [9.60762, 11.4897], [9.60561, 11.49466], [9.6072, 11.49645], [9.6076, 11.49807], [9.60812, 11.49985], [9.60755, 11.50181], [9.60657, 11.50362], [9.60692, 11.50528], [9.6084, 11.50623], [9.61011, 11.50712], [9.61133, 11.50695], [9.61451, 11.50623], [9.61519, 11.50774], [9.61445, 11.50874], [9.61245, 11.50884], [9.61154, 11.50986], [9.61125, 11.51109], [9.61142, 11.51238], [9.61861, 11.51785], [9.6181, 11.51936], [9.61753, 11.52098], [9.61793, 11.52238], [9.61913, 11.52294], [9.62094, 11.52282], [9.62238, 11.52355], [9.62225, 11.52513], [9.62243, 11.52713], [9.62306, 11.52898], [9.6242, 11.53076], [9.62528, 11.53136], [9.62477, 11.53283], [9.62546, 11.53395], [9.62716, 11.53531], [9.62877, 11.53596], [9.62979, 11.53797], [9.62938, 11.53999], [9.63443, 11.54016], [9.6374, 11.53993], [9.6404, 11.53848], [9.6481, 11.51897], [9.6383, 11.5076], [9.63835, 11.50444], [9.64537, 11.49527], [9.64662, 11.49165], [9.64822, 11.48862], [9.64629, 11.48025], [9.64665, 11.47545], [9.64884, 11.47392], [9.6496, 11.4718], [9.65107, 11.47042], [9.6548, 11.4694], [9.65869, 11.46988], [9.65896, 11.47048], [9.66426, 11.48246], [9.67093, 11.48169], [9.67137, 11.48163], [9.68257, 11.48619], [9.6855, 11.48907], [9.69654, 11.49174], [9.70252, 11.49229], [9.70315, 11.48342], [9.70345, 11.48074], [9.70303, 11.47878], [9.6489, 11.46107], [9.64738, 11.44533], [9.64126, 11.4224], [9.64483, 11.39997], [9.64112, 11.38866], [9.64111, 11.38866], [9.63245, 11.38331], [9.632, 11.38303], [9.59897, 11.38309], [9.59603, 11.38505], [9.6012, 11.4034], [9.60703, 11.40999], [9.60307, 11.41258], [9.59829, 11.4157], [9.59176, 11.40634], [9.59025, 11.4022], [9.58703, 11.39809], [9.58654, 11.39768], [9.5811, 11.39306]]]]}, "properties": {"name": "Wurno", "lga": "Birnin Kudu", "state": "ji"}}, {"type": "Feature", "geometry": {"type": "Polygon", "coordinates": [[[9.33656, 11.64978], [9.32821, 11.65534], [9.32787, 11.66764], [9.33014, 11.67402], [9.32991, 11.67491], [9.33934, 11.68326], [9.33953, 11.6841], [9.34046, 11.67888], [9.34329, 11.67724], [9.34564, 11.67607], [9.34628, 11.67394], [9.35988, 11.6812], [9.36299, 11.67963], [9.36619, 11.68231], [9.36997, 11.69847], [9.36966, 11.69957], [9.37282, 11.70509], [9.37539, 11.7094], [9.37509, 11.71377], [9.37346, 11.72473], [9.38776, 11.73077], [9.39116, 11.72866], [9.39405, 11.73001], [9.39637, 11.73007], [9.39814, 11.73053], [9.39942, 11.73253], [9.40401, 11.73468], [9.40677, 11.72883], [9.40489, 11.72464], [9.41495, 11.71799], [9.41674, 11.70857], [9.41709, 11.70449], [9.4277, 11.70266], [9.42519, 11.69043], [9.42111, 11.67538], [9.43313, 11.67598], [9.4425, 11.67686], [9.44725, 11.67681], [9.44939, 11.67095], [9.45037, 11.6657], [9.45127, 11.66079], [9.45535, 11.65717], [9.45568, 11.65515], [9.45616, 11.64853], [9.45832, 11.62525], [9.48096, 11.61361], [9.46443, 11.5936], [9.4361, 11.58227], [9.42042, 11.55791], [9.37773, 11.56132], [9.37062, 11.56116], [9.37534, 11.57699], [9.37952, 11.5865], [9.37915, 11.58738], [9.38335, 11.58947], [9.38415, 11.59095], [9.38611, 11.59327], [9.3877, 11.59648], [9.38822, 11.60265], [9.38527, 11.60417], [9.38332, 11.60462], [9.37765, 11.60517], [9.37456, 11.60512], [9.37275, 11.60431], [9.36829, 11.60402], [9.35003, 11.60883], [9.35129, 11.61628], [9.35622, 11.62666], [9.3566, 11.62851], [9.36122, 11.62918], [9.36721, 11.62823], [9.37365, 11.62823], [9.38149, 11.63326], [9.38558, 11.63801], [9.38088, 11.65122], [9.36158, 11.65624], [9.3522, 11.65085], [9.35185, 11.65096], [9.33656, 11.64978]]]}, "properties": {"name": "Madobi", "lga": "Dutse", "state": "ji"}}, {"type": "Feature", "geometry": {"type": "Polygon", "coordinates": [[[9.23351, 11.66306], [9.23524, 11.67263], [9.23334, 11.67312], [9.23397, 11.67558], [9.233, 11.67664], [9.23394, 11.67965], [9.23683, 11.67933], [9.24296, 11.67863], [9.24252, 11.67121], [9.24846, 11.66943], [9.25337, 11.66904], [9.25694, 11.66914], [9.25801, 11.67352], [9.26438, 11.67846], [9.27431, 11.67974], [9.27402, 11.68192], [9.27414, 11.68315], [9.27454, 11.68472], [9.27991, 11.69134], [9.27892, 11.69252], [9.27901, 11.69358], [9.28191, 11.69538], [9.28481, 11.69684], [9.28578, 11.69708], [9.28759, 11.69037], [9.29489, 11.69158], [9.29612, 11.72219], [9.30139, 11.72297], [9.31717, 11.72854], [9.32266, 11.7267], [9.3353, 11.7251], [9.33606, 11.7042], [9.33873, 11.70419], [9.33997, 11.69638], [9.33863, 11.69421], [9.33829, 11.6921], [9.33953, 11.6841], [9.33934, 11.68326], [9.32991, 11.67491], [9.33014, 11.67402], [9.32787, 11.66764], [9.32821, 11.65534], [9.33656, 11.64978], [9.33397, 11.64339], [9.32133, 11.64043], [9.32019, 11.64046], [9.317, 11.64171], [9.31494, 11.64025], [9.31164, 11.63802], [9.30574, 11.63715], [9.29939, 11.63932], [9.28722, 11.64336], [9.27775, 11.63874], [9.27399, 11.64411], [9.25447, 11.6427], [9.2414, 11.64536], [9.24117, 11.65714], [9.23757, 11.6619], [9.23351, 11.66306]]]}, "properties": {"name": "Jigawar Tsada", "lga": "Dutse", "state": "ji"}}, {"type": "Feature", "geometry": {"type": "Polygon", "coordinates": [[[9.25812, 11.77046], [9.25587, 11.77438], [9.25359, 11.78437], [9.24881, 11.79038], [9.23364, 11.80247], [9.23431, 11.80467], [9.23472, 11.80595], [9.23633, 11.80723], [9.23864, 11.80763], [9.24001, 11.80833], [9.24191, 11.82206], [9.24298, 11.82264], [9.24376, 11.82097], [9.24482, 11.82212], [9.24441, 11.82354], [9.24558, 11.82572], [9.24964, 11.83166], [9.25995, 11.82853], [9.26722, 11.8273], [9.27317, 11.82524], [9.28099, 11.82204], [9.28534, 11.82406], [9.28954, 11.83146], [9.29138, 11.83433], [9.297, 11.84482], [9.30247, 11.84515], [9.30476, 11.84544], [9.30628, 11.84541], [9.30634, 11.84331], [9.31502, 11.8466], [9.32427, 11.85065], [9.32747, 11.85179], [9.33304, 11.85016], [9.34499, 11.84543], [9.35348, 11.84657], [9.36161, 11.84967], [9.36114, 11.86363], [9.35115, 11.86522], [9.34551, 11.87534], [9.34491, 11.8762], [9.34103, 11.89159], [9.35113, 11.89402], [9.35991, 11.89356], [9.36516, 11.9015], [9.3763, 11.90267], [9.37876, 11.90156], [9.38507, 11.90333], [9.38592, 11.90335], [9.39611, 11.8863], [9.40074, 11.87772], [9.3995, 11.87712], [9.39716, 11.87641], [9.39771, 11.87059], [9.39532, 11.86998], [9.39637, 11.86626], [9.40034, 11.86631], [9.40971, 11.84896], [9.40462, 11.84831], [9.39931, 11.8471], [9.39952, 11.84609], [9.3966, 11.84527], [9.39841, 11.83397], [9.39783, 11.83357], [9.38946, 11.8339], [9.37961, 11.8241], [9.37533, 11.81514], [9.37125, 11.80414], [9.36552, 11.79712], [9.36448, 11.79584], [9.36288, 11.78606], [9.36778, 11.77805], [9.36672, 11.77234], [9.36312, 11.77415], [9.35461, 11.77689], [9.35064, 11.77873], [9.34268, 11.78055], [9.33712, 11.78038], [9.32683, 11.77756], [9.32526, 11.77007], [9.32342, 11.76732], [9.30832, 11.76428], [9.30267, 11.76322], [9.29771, 11.76233], [9.29766, 11.76885], [9.30308, 11.77235], [9.3046, 11.77841], [9.30422, 11.78096], [9.30222, 11.78214], [9.29809, 11.78008], [9.29499, 11.77856], [9.29402, 11.7764], [9.27357, 11.77812], [9.2689, 11.77739], [9.26319, 11.77516], [9.25812, 11.77046]]]}, "properties": {"name": "Karnaya", "lga": "Dutse", "state": "ji"}}, {"type": "Feature", "geometry": {"type": "Polygon", "coordinates": [[[8.15324, 12.6554], [8.15845, 12.66317], [8.15923, 12.66561], [8.16043, 12.66706], [8.16002, 12.68397], [8.1727, 12.68483], [8.18005, 12.68198], [8.18528, 12.67958], [8.18942, 12.67851], [8.205, 12.67849], [8.20715, 12.67862], [8.2083, 12.6787], [8.21955, 12.68195], [8.22245, 12.68932], [8.22568, 12.69145], [8.23416, 12.69272], [8.22644, 12.67192], [8.22556, 12.67206], [8.22455, 12.67218], [8.22323, 12.67176], [8.22196, 12.66458], [8.22025, 12.66371], [8.21952, 12.66277], [8.21428, 12.65144], [8.20981, 12.65163], [8.2072, 12.65169], [8.18213, 12.65178], [8.15324, 12.6554]]]}, "properties": {"name": "Tunas", "lga": "Roni", "state": "ji"}}, {"type": "Feature", "geometry": {"type": "Polygon", "coordinates": [[[9.76982, 12.12593], [9.77515, 12.12567], [9.78247, 12.12481], [9.78917, 12.09411], [9.79425, 12.07796], [9.79567, 12.07123], [9.79545, 12.06566], [9.79645, 12.05891], [9.7966, 12.04961], [9.7843, 12.04752], [9.77226, 12.04528], [9.76548, 12.04232], [9.76475, 12.04237], [9.76406, 12.04258], [9.76333, 12.04252], [9.76152, 12.04707], [9.75765, 12.04692], [9.74593, 12.04166], [9.74028, 12.04285], [9.73235, 12.0471], [9.71848, 12.03207], [9.71587, 12.03145], [9.70869, 12.03475], [9.70164, 12.04444], [9.69969, 12.04635], [9.69476, 12.05274], [9.69219, 12.05486], [9.68211, 12.06146], [9.67592, 12.06355], [9.66942, 12.06414], [9.65767, 12.06149], [9.64915, 12.0592], [9.64564, 12.0755], [9.64524, 12.08243], [9.64521, 12.08951], [9.64649, 12.10518], [9.64925, 12.12061], [9.65191, 12.12759], [9.65333, 12.13028], [9.65345, 12.13099], [9.67204, 12.13942], [9.69019, 12.14283], [9.69036, 12.14393], [9.6895, 12.1456], [9.69, 12.14737], [9.6919, 12.14656], [9.69405, 12.14502], [9.69198, 12.14327], [9.69149, 12.1428], [9.69062, 12.14197], [9.69127, 12.14078], [9.69656, 12.14058], [9.70475, 12.14159], [9.70608, 12.14193], [9.71363, 12.14548], [9.71639, 12.14583], [9.72235, 12.14633], [9.72483, 12.14627], [9.72683, 12.14145], [9.73084, 12.13638], [9.73392, 12.12378], [9.76982, 12.12593]]]}, "properties": {"name": "Gauza", "lga": "Jahun", "state": "ji"}}, {"type": "Feature", "geometry": {"type": "Polygon", "coordinates": [[[9.38776, 11.73077], [9.37536, 11.74177], [9.37093, 11.74268], [9.36568, 11.74321], [9.36362, 11.73985], [9.36258, 11.73684], [9.36091, 11.73585], [9.36043, 11.73526], [9.36003, 11.73485], [9.36029, 11.73184], [9.35783, 11.72893], [9.35264, 11.73], [9.34897, 11.73208], [9.34477, 11.73487], [9.33594, 11.74702], [9.31975, 11.74625], [9.31871, 11.74675], [9.3166, 11.74719], [9.31491, 11.74189], [9.31717, 11.72854], [9.30139, 11.72297], [9.29612, 11.72219], [9.28136, 11.72745], [9.27952, 11.72835], [9.28003, 11.74794], [9.279, 11.7557], [9.2746, 11.7635], [9.25812, 11.77046], [9.26319, 11.77516], [9.2689, 11.77739], [9.27357, 11.77812], [9.29402, 11.7764], [9.29499, 11.77856], [9.29809, 11.78008], [9.30222, 11.78214], [9.30422, 11.78096], [9.3046, 11.77841], [9.30308, 11.77235], [9.29766, 11.76885], [9.29771, 11.76233], [9.30267, 11.76322], [9.30832, 11.76428], [9.32342, 11.76732], [9.32526, 11.77007], [9.32683, 11.77756], [9.33712, 11.78038], [9.34268, 11.78055], [9.35064, 11.77873], [9.35461, 11.77689], [9.36312, 11.77415], [9.36672, 11.77234], [9.37329, 11.77169], [9.37917, 11.76844], [9.38382, 11.76497], [9.3852, 11.76387], [9.38881, 11.76417], [9.39169, 11.76164], [9.39094, 11.75927], [9.39244, 11.75806], [9.39658, 11.75244], [9.39637, 11.7472], [9.39632, 11.74621], [9.39798, 11.74405], [9.40401, 11.73468], [9.39942, 11.73253], [9.39814, 11.73053], [9.39637, 11.73007], [9.39405, 11.73001], [9.39116, 11.72866], [9.38776, 11.73077]]]}, "properties": {"name": "Limawa", "lga": "Dutse", "state": "ji"}}, {"type": "Feature", "geometry": {"type": "Polygon", "coordinates": [[[10.04558, 12.45182], [10.04359, 12.45284], [10.04644, 12.45363], [10.04479, 12.45679], [10.04122, 12.45682], [10.04239, 12.45862], [10.04284, 12.45931], [10.0432, 12.45987], [10.04208, 12.46103], [10.04239, 12.4614], [10.04311, 12.46212], [10.04171, 12.47221], [10.04701, 12.47765], [10.05166, 12.47296], [10.0523, 12.47232], [10.06082, 12.48285], [10.06971, 12.46863], [10.0593, 12.4622], [10.05599, 12.45626], [10.05596, 12.45193], [10.04558, 12.45182]]]}, "properties": {"name": "Sabon Garu", "lga": "Hadejia", "state": "ji"}}, {"type": "Feature", "geometry": {"type": "Polygon", "coordinates": [[[9.82706, 11.38144], [9.81997, 11.37445], [9.81697, 11.36892], [9.80429, 11.35781], [9.79946, 11.35596], [9.78456, 11.35346], [9.78029, 11.35518], [9.78139, 11.35738], [9.78246, 11.36053], [9.78234, 11.36234], [9.7809, 11.36448], [9.78237, 11.37571], [9.76924, 11.38029], [9.76436, 11.37925], [9.75795, 11.37686], [9.75492, 11.37062], [9.75103, 11.36659], [9.74783, 11.36364], [9.74379, 11.36426], [9.73941, 11.36414], [9.71835, 11.37153], [9.71806, 11.38867], [9.71479, 11.3885], [9.70647, 11.38969], [9.70186, 11.38701], [9.70104, 11.38533], [9.70055, 11.3786], [9.69962, 11.37929], [9.69753, 11.37878], [9.68788, 11.37347], [9.68318, 11.37333], [9.68403, 11.37836], [9.68418, 11.38001], [9.68546, 11.38082], [9.68746, 11.38309], [9.68935, 11.38456], [9.68533, 11.39058], [9.6856, 11.39247], [9.68464, 11.40155], [9.68445, 11.40333], [9.688, 11.40808], [9.70117, 11.41172], [9.70408, 11.41394], [9.70597, 11.41582], [9.70574, 11.41757], [9.70586, 11.41932], [9.7063, 11.4202], [9.71059, 11.41778], [9.71203, 11.4186], [9.70956, 11.42935], [9.716, 11.43607], [9.72805, 11.43569], [9.7551, 11.44426], [9.76567, 11.44731], [9.77455, 11.45373], [9.78583, 11.46201], [9.788, 11.46333], [9.80144, 11.44336], [9.81941, 11.45085], [9.82079, 11.44961], [9.82561, 11.43697], [9.8259, 11.42747], [9.8234, 11.41422], [9.82466, 11.38574], [9.82706, 11.38144]]]}, "properties": {"name": "Tsangarwa", "lga": "Gwaram", "state": "ji"}}, {"type": "Feature", "geometry": {"type": "Polygon", "coordinates": [[[9.76518, 12.79622], [9.77765, 12.79928], [9.77735, 12.80418], [9.7809, 12.80038], [9.7856, 12.79911], [9.78622, 12.8011], [9.78636, 12.80156], [9.78677, 12.80423], [9.78535, 12.81273], [9.78617, 12.81376], [9.78696, 12.81441], [9.79294, 12.81452], [9.79742, 12.80968], [9.80029, 12.80976], [9.80446, 12.80916], [9.81619, 12.80747], [9.85819, 12.82021], [9.8964, 12.85272], [9.89968, 12.85509], [9.90533, 12.85654], [9.91023, 12.85854], [9.91537, 12.86338], [9.91651, 12.86861], [9.91771, 12.8723], [9.933, 12.86057], [9.93466, 12.85644], [9.94671, 12.84399], [9.95061, 12.84198], [9.95079, 12.83429], [9.92933, 12.803], [9.92601, 12.80202], [9.91876, 12.78959], [9.91555, 12.78308], [9.91733, 12.77743], [9.91751, 12.77685], [9.89938, 12.77103], [9.88663, 12.77014], [9.8846, 12.7604], [9.88241, 12.74698], [9.85946, 12.749], [9.85918, 12.74918], [9.85202, 12.74786], [9.8387, 12.73811], [9.83315, 12.72291], [9.81476, 12.71938], [9.81282, 12.72893], [9.8058, 12.73837], [9.79634, 12.74711], [9.78464, 12.75807], [9.77561, 12.76387], [9.77086, 12.7692], [9.76775, 12.78041], [9.76518, 12.79622]]]}, "properties": {"name": "Karanga", "lga": "Biriniwa", "state": "ji"}}, {"type": "Feature", "geometry": {"type": "Polygon", "coordinates": [[[9.44498, 11.79114], [9.44198, 11.77854], [9.43995, 11.76922], [9.43846, 11.75038], [9.43818, 11.74683], [9.43608, 11.73792], [9.42597, 11.72408], [9.42088, 11.71819], [9.41495, 11.71799], [9.40489, 11.72464], [9.40677, 11.72883], [9.40401, 11.73468], [9.39798, 11.74405], [9.39632, 11.74621], [9.39637, 11.7472], [9.39658, 11.75244], [9.39244, 11.75806], [9.39094, 11.75927], [9.39169, 11.76164], [9.38881, 11.76417], [9.3852, 11.76387], [9.38382, 11.76497], [9.37917, 11.76844], [9.37329, 11.77169], [9.36672, 11.77234], [9.36778, 11.77805], [9.36288, 11.78606], [9.36448, 11.79584], [9.36552, 11.79712], [9.37125, 11.80414], [9.37533, 11.81514], [9.37961, 11.8241], [9.38946, 11.8339], [9.39783, 11.83357], [9.39841, 11.83397], [9.41203, 11.83247], [9.42312, 11.82805], [9.42529, 11.82774], [9.42743, 11.82595], [9.42936, 11.82352], [9.43615, 11.80627], [9.43986, 11.79901], [9.44138, 11.79566], [9.44498, 11.79114]]]}, "properties": {"name": "Shuwarin", "lga": "Kiyawa", "state": "ji"}}, {"type": "Feature", "geometry": {"type": "Polygon", "coordinates": [[[9.69268, 11.56067], [9.68551, 11.5615], [9.66032, 11.56682], [9.63075, 11.57243], [9.62448, 11.57595], [9.62245, 11.57783], [9.61818, 11.57648], [9.61577, 11.57625], [9.61378, 11.57882], [9.61261, 11.58276], [9.61075, 11.58825], [9.61, 11.59254], [9.61454, 11.59396], [9.6241, 11.60627], [9.62719, 11.61046], [9.65052, 11.62241], [9.65268, 11.62332], [9.66306, 11.63841], [9.6642, 11.64188], [9.66415, 11.64324], [9.70532, 11.6317], [9.69719, 11.61738], [9.69691, 11.61505], [9.69461, 11.60483], [9.68826, 11.59044], [9.69262, 11.56412], [9.69268, 11.56067]]]}, "properties": {"name": "Chirbin", "lga": "Buji", "state": "ji"}}, {"type": "Feature", "geometry": {"type": "Polygon", "coordinates": [[[9.81856, 12.21113], [9.81957, 12.20616], [9.81996, 12.20202], [9.81806, 12.19485], [9.80401, 12.16344], [9.78907, 12.15001], [9.77643, 12.15034], [9.77626, 12.16495], [9.77662, 12.17587], [9.77622, 12.18031], [9.77233, 12.19162], [9.77719, 12.19305], [9.78461, 12.19956], [9.78239, 12.22058], [9.78704, 12.22007], [9.79065, 12.22046], [9.79023, 12.22318], [9.78895, 12.22523], [9.79175, 12.22625], [9.79413, 12.22327], [9.79718, 12.22182], [9.80015, 12.21938], [9.803, 12.21729], [9.80392, 12.21517], [9.8068, 12.20788], [9.81856, 12.21113]]]}, "properties": {"name": "Zareku", "lga": "Miga", "state": "ji"}}, {"type": "Feature", "geometry": {"type": "Polygon", "coordinates": [[[8.55078, 12.77306], [8.52771, 12.77472], [8.52526, 12.77871], [8.52587, 12.78613], [8.52974, 12.7955], [8.53153, 12.79727], [8.5343, 12.80223], [8.54648, 12.80546], [8.54972, 12.80617], [8.57403, 12.82047], [8.584, 12.81359], [8.58535, 12.81258], [8.58906, 12.80862], [8.5871, 12.80272], [8.5882, 12.79444], [8.59305, 12.77734], [8.59269, 12.77729], [8.56636, 12.7738], [8.55078, 12.77306]]]}, "properties": {"name": "Dawan Gawo", "lga": "Yankwashi", "state": "ji"}}, {"type": "Feature", "geometry": {"type": "Polygon", "coordinates": [[[10.02468, 12.44291], [10.03715, 12.45041], [10.03773, 12.4485], [10.04037, 12.44885], [10.04136, 12.44661], [10.04373, 12.44558], [10.04189, 12.44602], [10.04063, 12.44393], [10.03704, 12.44394], [10.03855, 12.44044], [10.03791, 12.43848], [10.03763, 12.4386], [10.03435, 12.43991], [10.03295, 12.4405], [10.03181, 12.44054], [10.03087, 12.44048], [10.02766, 12.44056], [10.02468, 12.44291]]]}, "properties": {"name": "Dubantu", "lga": "Hadejia", "state": "ji"}}, {"type": "Feature", "geometry": {"type": "Polygon", "coordinates": [[[9.64721, 12.66651], [9.65975, 12.66641], [9.66679, 12.65979], [9.69541, 12.62778], [9.69438, 12.62402], [9.6934, 12.6227], [9.70797, 12.61901], [9.73567, 12.60866], [9.74082, 12.599], [9.72263, 12.5905], [9.70907, 12.58416], [9.70253, 12.57989], [9.70364, 12.57712], [9.69831, 12.56449], [9.69106, 12.56295], [9.68815, 12.56908], [9.66406, 12.56266], [9.61157, 12.56271], [9.61832, 12.57642], [9.65158, 12.61264], [9.64721, 12.66651]]]}, "properties": {"name": "Madana", "lga": "Maigatari", "state": "ji"}}, {"type": "Feature", "geometry": {"type": "Polygon", "coordinates": [[[9.09586, 12.11745], [9.11039, 12.10092], [9.11006, 12.08779], [9.10998, 12.08775], [9.11289, 12.07302], [9.1069, 12.07539], [9.09813, 12.07692], [9.08684, 12.07554], [9.08081, 12.07328], [9.07409, 12.07353], [9.05359, 12.07391], [9.04664, 12.07403], [9.04379, 12.07572], [9.01606, 12.06951], [9.01449, 12.06992], [9.01365, 12.06963], [9.01193, 12.06858], [9.01115, 12.06623], [9.00979, 12.06411], [9.00739, 12.06274], [9.00373, 12.06291], [8.99596, 12.06444], [8.98847, 12.06842], [8.98686, 12.07067], [8.98594, 12.07446], [8.98507, 12.07979], [8.98198, 12.08177], [8.97799, 12.08383], [8.9725, 12.08436], [8.96651, 12.08264], [8.96287, 12.08116], [8.95738, 12.07853], [8.94882, 12.07546], [8.9457, 12.07231], [8.92391, 12.07483], [8.915, 12.0762], [8.92266, 12.09127], [8.92522, 12.09632], [8.9269, 12.1009], [8.92783, 12.11036], [8.93405, 12.11284], [8.93645, 12.11326], [8.93844, 12.11378], [8.94101, 12.11418], [8.94171, 12.11131], [8.94308, 12.10647], [8.9566, 12.1112], [8.95896, 12.10798], [8.96306, 12.11014], [8.96902, 12.11335], [8.97231, 12.11273], [8.98021, 12.11305], [8.98304, 12.11293], [8.9899, 12.11212], [9.00722, 12.10442], [9.01233, 12.10428], [9.01931, 12.10481], [9.02586, 12.10484], [9.03131, 12.10655], [9.03806, 12.10757], [9.04234, 12.10748], [9.04537, 12.11346], [9.05276, 12.11441], [9.05913, 12.11774], [9.05972, 12.11826], [9.0672, 12.12005], [9.07469, 12.10901], [9.08258, 12.11024], [9.08283, 12.1104], [9.0867, 12.1148], [9.0885, 12.1153], [9.08908, 12.1154], [9.09243, 12.11554], [9.09477, 12.11691], [9.09586, 12.11745]]]}, "properties": {"name": "Dabi", "lga": "Ringim", "state": "ji"}}, {"type": "Feature", "geometry": {"type": "Polygon", "coordinates": [[[9.74799, 12.19353], [9.75833, 12.20009], [9.76367, 12.21091], [9.76761, 12.21283], [9.76699, 12.21765], [9.75914, 12.229], [9.74275, 12.23822], [9.76841, 12.26415], [9.77217, 12.26978], [9.77845, 12.28522], [9.78992, 12.28191], [9.80057, 12.27735], [9.80963, 12.2355], [9.82173, 12.2237], [9.82485, 12.21901], [9.81856, 12.21113], [9.8068, 12.20788], [9.80392, 12.21517], [9.803, 12.21729], [9.80015, 12.21938], [9.79718, 12.22182], [9.79413, 12.22327], [9.79175, 12.22625], [9.78895, 12.22523], [9.79023, 12.22318], [9.79065, 12.22046], [9.78704, 12.22007], [9.78239, 12.22058], [9.78461, 12.19956], [9.77719, 12.19305], [9.77233, 12.19162], [9.76364, 12.18905], [9.74799, 12.19353]]]}, "properties": {"name": "San Sani", "lga": "Miga", "state": "ji"}}, {"type": "Feature", "geometry": {"type": "Polygon", "coordinates": [[[8.28861, 12.59986], [8.29778, 12.59786], [8.30061, 12.60035], [8.30066, 12.60054], [8.3089, 12.59944], [8.32305, 12.60114], [8.33105, 12.61237], [8.33461, 12.61119], [8.33613, 12.60811], [8.3406, 12.59034], [8.33829, 12.58466], [8.33721, 12.57455], [8.33644, 12.57391], [8.33756, 12.57008], [8.34311, 12.55889], [8.33004, 12.55169], [8.32835, 12.54981], [8.32441, 12.54746], [8.30125, 12.53608], [8.29463, 12.57665], [8.29006, 12.5888], [8.28861, 12.59986]]]}, "properties": {"name": "Kwaita", "lga": "Roni", "state": "ji"}}, {"type": "Feature", "geometry": {"type": "Polygon", "coordinates": [[[8.38004, 12.68515], [8.38638, 12.66877], [8.39141, 12.66641], [8.39783, 12.666], [8.39926, 12.65801], [8.39497, 12.65264], [8.39132, 12.64342], [8.39755, 12.63181], [8.40004, 12.62488], [8.40206, 12.617], [8.38646, 12.61], [8.3803, 12.60657], [8.37082, 12.60207], [8.36038, 12.60856], [8.35626, 12.61492], [8.35534, 12.61862], [8.35313, 12.62145], [8.3589, 12.62304], [8.35553, 12.6344], [8.35228, 12.64364], [8.34414, 12.65291], [8.34586, 12.66671], [8.34677, 12.67171], [8.35957, 12.67274], [8.37552, 12.67546], [8.38004, 12.68515]]]}, "properties": {"name": "Maradawa", "lga": "Kazaure", "state": "ji"}}, {"type": "Feature", "geometry": {"type": "Polygon", "coordinates": [[[8.46953, 12.73909], [8.45953, 12.74516], [8.45237, 12.74556], [8.44723, 12.75021], [8.43934, 12.75228], [8.43585, 12.75272], [8.43445, 12.75394], [8.43634, 12.75936], [8.43675, 12.7626], [8.43681, 12.76556], [8.43645, 12.76823], [8.43604, 12.76915], [8.43574, 12.77141], [8.43414, 12.77176], [8.43027, 12.77954], [8.43263, 12.78421], [8.4519, 12.78337], [8.46869, 12.79368], [8.48146, 12.79555], [8.49406, 12.7963], [8.497, 12.79644], [8.4997, 12.78228], [8.50108, 12.77378], [8.48525, 12.77216], [8.4815, 12.7686], [8.4826, 12.7625], [8.48194, 12.76118], [8.4804, 12.758], [8.48288, 12.7568], [8.48348, 12.75232], [8.48615, 12.75231], [8.48729, 12.75039], [8.48882, 12.748], [8.48291, 12.74498], [8.46953, 12.73909]]]}, "properties": {"name": "Kuda", "lga": "Yankwashi", "state": "ji"}}, {"type": "Feature", "geometry": {"type": "Polygon", "coordinates": [[[8.94377, 12.20181], [8.94045, 12.20694], [8.9344, 12.2146], [8.93521, 12.23104], [8.92052, 12.26666], [8.91746, 12.26627], [8.91342, 12.27849], [8.91154, 12.28487], [8.9099, 12.30099], [8.92553, 12.30228], [8.92722, 12.29907], [8.9302, 12.29775], [8.93071, 12.30022], [8.94463, 12.30261], [8.94509, 12.30455], [8.9468, 12.30501], [8.94966, 12.30638], [8.95103, 12.30706], [8.95354, 12.30729], [8.95508, 12.30689], [8.9581, 12.31382], [8.97251, 12.31516], [8.98185, 12.31486], [8.98583, 12.31367], [8.99065, 12.31367], [8.99753, 12.31618], [9.00231, 12.29989], [9.0007, 12.29863], [8.98566, 12.30017], [8.97185, 12.30041], [8.96084, 12.2949], [8.95917, 12.29222], [8.95959, 12.28131], [8.95935, 12.27603], [8.95839, 12.27028], [8.95901, 12.26991], [8.96998, 12.26326], [8.97912, 12.26124], [8.98542, 12.25872], [8.98855, 12.2511], [8.99324, 12.25165], [8.99688, 12.25194], [9.01019, 12.26035], [9.01803, 12.26249], [9.01761, 12.26145], [9.01773, 12.25959], [9.01809, 12.25797], [9.01631, 12.25686], [9.01494, 12.25599], [9.01037, 12.24484], [9.00995, 12.24246], [9.00951, 12.24004], [9.00893, 12.2364], [9.00536, 12.23736], [8.9987, 12.22651], [9.00054, 12.22389], [8.98699, 12.22017], [8.97666, 12.22328], [8.9623, 12.22778], [8.95827, 12.22407], [8.95575, 12.2188], [8.95506, 12.20953], [8.94377, 12.20181]]]}, "properties": {"name": "Karshi", "lga": "Ringim", "state": "ji"}}, {"type": "Feature", "geometry": {"type": "Polygon", "coordinates": [[[8.30066, 12.60054], [8.30061, 12.60035], [8.29778, 12.59786], [8.28861, 12.59986], [8.2788, 12.6046], [8.26203, 12.61383], [8.26448, 12.62361], [8.26754, 12.62446], [8.26224, 12.63508], [8.26169, 12.64252], [8.26318, 12.64281], [8.26823, 12.64557], [8.28093, 12.64883], [8.28286, 12.65099], [8.2964, 12.6488], [8.30508, 12.64678], [8.30556, 12.63952], [8.30653, 12.63222], [8.29715, 12.61634], [8.29363, 12.61471], [8.299, 12.6039], [8.30066, 12.60054]]]}, "properties": {"name": "Fara Barije", "lga": "Roni", "state": "ji"}}, {"type": "Feature", "geometry": {"type": "Polygon", "coordinates": [[[9.75174, 12.42587], [9.76045, 12.42964], [9.79001, 12.40288], [9.78851, 12.39737], [9.78718, 12.38994], [9.78927, 12.38316], [9.79013, 12.37778], [9.78953, 12.36932], [9.77767, 12.36375], [9.76921, 12.35809], [9.76149, 12.35417], [9.75052, 12.36193], [9.73768, 12.36499], [9.71582, 12.3641], [9.70285, 12.36341], [9.69399, 12.37468], [9.68789, 12.37639], [9.68373, 12.37755], [9.6892, 12.38112], [9.69634, 12.38658], [9.69504, 12.39365], [9.70725, 12.40258], [9.70983, 12.41047], [9.70744, 12.41799], [9.70668, 12.42359], [9.72304, 12.42145], [9.73321, 12.42024], [9.74578, 12.42386], [9.75174, 12.42587]]]}, "properties": {"name": "Dabuwaran", "lga": "Kaugama", "state": "ji"}}, {"type": "Feature", "geometry": {"type": "Polygon", "coordinates": [[[8.39835, 12.7708], [8.39364, 12.79249], [8.39838, 12.82594], [8.4229, 12.82093], [8.43535, 12.81519], [8.44407, 12.81609], [8.46198, 12.82324], [8.4675, 12.80685], [8.46904, 12.80221], [8.46869, 12.79368], [8.4519, 12.78337], [8.43263, 12.78421], [8.43027, 12.77954], [8.41289, 12.77547], [8.40699, 12.77306], [8.39835, 12.7708]]]}, "properties": {"name": "Achilafiya", "lga": "Yankwashi", "state": "ji"}}, {"type": "Feature", "geometry": {"type": "Polygon", "coordinates": [[[9.81941, 11.45085], [9.85571, 11.46597], [9.86346, 11.46053], [9.86456, 11.45841], [9.86887, 11.45827], [9.87485, 11.4527], [9.878, 11.4485], [9.87717, 11.44743], [9.87689, 11.44589], [9.88007, 11.43552], [9.87608, 11.42344], [9.8761, 11.42114], [9.87613, 11.41883], [9.87616, 11.41538], [9.88556, 11.40642], [9.88561, 11.40173], [9.88486, 11.39872], [9.88514, 11.39634], [9.88415, 11.3946], [9.87998, 11.38888], [9.88445, 11.3813], [9.88605, 11.38164], [9.88736, 11.38164], [9.88839, 11.38102], [9.88947, 11.3714], [9.88736, 11.37056], [9.88565, 11.37034], [9.88468, 11.3695], [9.88457, 11.36844], [9.88348, 11.3676], [9.88411, 11.36598], [9.88405, 11.36458], [9.88314, 11.36335], [9.88274, 11.36251], [9.88217, 11.36122], [9.88263, 11.35897], [9.88503, 11.35668], [9.87756, 11.35215], [9.87177, 11.34837], [9.8646, 11.34644], [9.8627, 11.35297], [9.853, 11.36167], [9.85143, 11.36402], [9.83726, 11.37818], [9.83216, 11.38035], [9.82706, 11.38144], [9.82466, 11.38574], [9.8234, 11.41422], [9.8259, 11.42747], [9.82561, 11.43697], [9.82079, 11.44961], [9.81941, 11.45085]]]}, "properties": {"name": "Maruta", "lga": "Gwaram", "state": "ji"}}, {"type": "Feature", "geometry": {"type": "Polygon", "coordinates": [[[9.11039, 12.10092], [9.09586, 12.11745], [9.09446, 12.12077], [9.09219, 12.1249], [9.09424, 12.12853], [9.09471, 12.12951], [9.10608, 12.13894], [9.09875, 12.14859], [9.10324, 12.16092], [9.10215, 12.1638], [9.10262, 12.1683], [9.108, 12.1687], [9.1147, 12.1663], [9.1206, 12.1665], [9.1295, 12.1642], [9.12949, 12.16515], [9.13103, 12.16671], [9.13663, 12.1777], [9.14567, 12.17902], [9.14857, 12.17741], [9.1553, 12.18423], [9.14911, 12.20554], [9.16642, 12.20489], [9.17293, 12.2101], [9.17847, 12.2125], [9.18189, 12.21398], [9.18466, 12.21498], [9.18635, 12.21062], [9.18268, 12.20662], [9.17755, 12.20362], [9.18033, 12.19874], [9.18224, 12.18555], [9.19283, 12.17005], [9.19415, 12.16224], [9.1938, 12.1576], [9.19316, 12.14932], [9.19794, 12.13821], [9.19794, 12.13182], [9.19195, 12.12336], [9.18616, 12.12252], [9.18183, 12.12194], [9.18074, 12.12386], [9.16773, 12.13641], [9.16612, 12.13664], [9.16524, 12.13721], [9.16569, 12.1395], [9.16312, 12.14028], [9.15993, 12.14025], [9.15833, 12.1401], [9.15487, 12.13573], [9.1574, 12.13449], [9.16082, 12.1344], [9.16358, 12.13085], [9.15598, 12.12625], [9.15258, 12.12648], [9.14533, 12.12555], [9.13725, 12.12456], [9.13172, 12.11817], [9.13115, 12.11711], [9.1307, 12.1163], [9.13202, 12.10851], [9.1284, 12.1085], [9.11807, 12.10826], [9.11333, 12.10551], [9.11039, 12.10092]]]}, "properties": {"name": "Ringim", "lga": "Ringim", "state": "ji"}}, {"type": "Feature", "geometry": {"type": "Polygon", "coordinates": [[[10.04513, 12.44711], [10.04616, 12.44532], [10.04993, 12.44685], [10.05139, 12.43734], [10.04857, 12.43717], [10.04422, 12.43929], [10.04432, 12.44175], [10.04538, 12.44189], [10.04439, 12.44415], [10.0455, 12.44436], [10.0434, 12.44657], [10.04513, 12.44711]]]}, "properties": {"name": "Kasuwar Kuda", "lga": "Hadejia", "state": "ji"}}, {"type": "Feature", "geometry": {"type": "Polygon", "coordinates": [[[9.33597, 12.16571], [9.3344, 12.16476], [9.33218, 12.16861], [9.33143, 12.16788], [9.33075, 12.16688], [9.33109, 12.16192], [9.3345, 12.15958], [9.33446, 12.15863], [9.33377, 12.15785], [9.33257, 12.15757], [9.33183, 12.15695], [9.33075, 12.15673], [9.32972, 12.15734], [9.32824, 12.15835], [9.32681, 12.15969], [9.32236, 12.16647], [9.32014, 12.16069], [9.31797, 12.16353], [9.3166, 12.16326], [9.31558, 12.16292], [9.3168, 12.16198], [9.31597, 12.16116], [9.31501, 12.16119], [9.31423, 12.16236], [9.31278, 12.16257], [9.30765, 12.15578], [9.30588, 12.15528], [9.30417, 12.155], [9.3044, 12.1564], [9.304, 12.15773], [9.30303, 12.15891], [9.30229, 12.15935], [9.29809, 12.18567], [9.30051, 12.20637], [9.29979, 12.21398], [9.29938, 12.22357], [9.29906, 12.22676], [9.30354, 12.23781], [9.32003, 12.24729], [9.32221, 12.24144], [9.3321, 12.24432], [9.33971, 12.24636], [9.35126, 12.24667], [9.35869, 12.23834], [9.35617, 12.23355], [9.34347, 12.22647], [9.35807, 12.202], [9.37931, 12.19024], [9.3772, 12.18903], [9.37688, 12.18749], [9.37808, 12.18116], [9.37399, 12.17833], [9.36701, 12.1832], [9.35748, 12.18313], [9.35611, 12.18418], [9.35474, 12.18517], [9.35344, 12.18488], [9.35272, 12.18418], [9.35302, 12.18267], [9.35274, 12.18175], [9.35177, 12.1811], [9.3507, 12.18081], [9.34904, 12.18128], [9.34755, 12.18203], [9.34648, 12.18273], [9.34482, 12.18261], [9.34345, 12.18273], [9.34173, 12.1829], [9.34143, 12.17477], [9.34048, 12.17442], [9.34001, 12.17349], [9.33894, 12.1739], [9.34096, 12.17698], [9.34072, 12.17779], [9.33989, 12.17808], [9.33876, 12.17814], [9.33294, 12.17338], [9.33597, 12.16571]]]}, "properties": {"name": "Sabongarin Yaya", "lga": "Taura", "state": "ji"}}, {"type": "Feature", "geometry": {"type": "Polygon", "coordinates": [[[8.16002, 12.68397], [8.15828, 12.68632], [8.15609, 12.68796], [8.15389, 12.6906], [8.15273, 12.69283], [8.14333, 12.71533], [8.14454, 12.72126], [8.16679, 12.72895], [8.19018, 12.73334], [8.19367, 12.73601], [8.20444, 12.74255], [8.20658, 12.74366], [8.21332, 12.74374], [8.22133, 12.74973], [8.22446, 12.75173], [8.22641, 12.75161], [8.23349, 12.73964], [8.23429, 12.72413], [8.23258, 12.71702], [8.23151, 12.71285], [8.23416, 12.69272], [8.22568, 12.69145], [8.22245, 12.68932], [8.21955, 12.68195], [8.2083, 12.6787], [8.20715, 12.67862], [8.205, 12.67849], [8.18942, 12.67851], [8.18528, 12.67958], [8.18005, 12.68198], [8.1727, 12.68483], [8.16002, 12.68397]]]}, "properties": {"name": "Dabi", "lga": "Gwiwa", "state": "ji"}}, {"type": "Feature", "geometry": {"type": "Polygon", "coordinates": [[[9.74997, 11.53956], [9.75137, 11.53013], [9.75126, 11.52605], [9.75017, 11.50815], [9.74804, 11.50133], [9.74486, 11.50013], [9.73639, 11.49663], [9.73134, 11.4943], [9.71313, 11.48856], [9.70252, 11.49229], [9.69975, 11.50307], [9.69367, 11.52132], [9.6894, 11.527], [9.6898, 11.53636], [9.69303, 11.54046], [9.69272, 11.55806], [9.69268, 11.56067], [9.69262, 11.56412], [9.68826, 11.59044], [9.69461, 11.60483], [9.69691, 11.61505], [9.69719, 11.61738], [9.72204, 11.6245], [9.72266, 11.6196], [9.72619, 11.61243], [9.72625, 11.61158], [9.72619, 11.60016], [9.70307, 11.60201], [9.70178, 11.59307], [9.72445, 11.59128], [9.72292, 11.58346], [9.71556, 11.56648], [9.71047, 11.56608], [9.7095, 11.56079], [9.71822, 11.55471], [9.72507, 11.5467], [9.73009, 11.54064], [9.73931, 11.53992], [9.74472, 11.5393], [9.74997, 11.53956]]]}, "properties": {"name": "Falgeri", "lga": "Buji", "state": "ji"}}, {"type": "Feature", "geometry": {"type": "Polygon", "coordinates": [[[9.38469, 12.6267], [9.38523, 12.62304], [9.37949, 12.62229], [9.38266, 12.61626], [9.38336, 12.61116], [9.37172, 12.61277], [9.36801, 12.61479], [9.367, 12.61962], [9.36695, 12.63699], [9.36902, 12.63723], [9.3739, 12.63844], [9.37595, 12.63945], [9.38027, 12.64244], [9.38413, 12.63938], [9.38701, 12.63789], [9.38644, 12.63664], [9.38572, 12.63497], [9.38514, 12.63333], [9.3864, 12.6335], [9.38687, 12.63155], [9.38523, 12.63118], [9.38469, 12.6267]]]}, "properties": {"name": "Dantanoma", "lga": "Gumel", "state": "ji"}}, {"type": "Feature", "geometry": {"type": "Polygon", "coordinates": [[[9.36801, 12.61479], [9.37172, 12.61277], [9.38336, 12.61116], [9.3927, 12.59607], [9.40232, 12.57206], [9.41101, 12.56126], [9.40037, 12.56006], [9.37162, 12.54491], [9.36672, 12.54197], [9.36372, 12.5412], [9.3443, 12.53974], [9.35652, 12.55805], [9.35239, 12.5633], [9.34772, 12.57012], [9.33317, 12.57915], [9.3238, 12.58308], [9.31768, 12.59085], [9.31688, 12.59289], [9.32161, 12.59503], [9.33249, 12.60019], [9.3349, 12.5977], [9.3566, 12.6132], [9.3585, 12.614], [9.36316, 12.61442], [9.36801, 12.61479]]]}, "properties": {"name": "Alhaji Barka", "lga": "Gumel", "state": "ji"}}, {"type": "Feature", "geometry": {"type": "Polygon", "coordinates": [[[9.34959, 12.68214], [9.36659, 12.68964], [9.39266, 12.69511], [9.39412, 12.69415], [9.39533, 12.67192], [9.41708, 12.6754], [9.44115, 12.67369], [9.47527, 12.66429], [9.47842, 12.65263], [9.48041, 12.63963], [9.48153, 12.63228], [9.43821, 12.62798], [9.42396, 12.63073], [9.42016, 12.6315], [9.41725, 12.63471], [9.40827, 12.64626], [9.4079, 12.64644], [9.41378, 12.65476], [9.41982, 12.65675], [9.39306, 12.66125], [9.39177, 12.65568], [9.38355, 12.65594], [9.38597, 12.66511], [9.37243, 12.66641], [9.36532, 12.66567], [9.35755, 12.66503], [9.3555, 12.66411], [9.3503, 12.67389], [9.35054, 12.67551], [9.35096, 12.67667], [9.35115, 12.67811], [9.35065, 12.67985], [9.34959, 12.68214]]]}, "properties": {"name": "Bekarya", "lga": "Gumel", "state": "ji"}}, {"type": "Feature", "geometry": {"type": "Polygon", "coordinates": [[[9.54222, 12.08802], [9.5333, 12.08858], [9.52605, 12.08676], [9.51994, 12.08405], [9.51388, 12.08093], [9.48732, 12.06871], [9.47303, 12.07221], [9.46415, 12.07472], [9.45875, 12.07771], [9.43241, 12.09123], [9.44257, 12.09835], [9.44466, 12.10114], [9.44734, 12.10096], [9.44969, 12.09776], [9.46132, 12.10003], [9.46387, 12.10736], [9.46739, 12.1119], [9.46655, 12.11773], [9.4669, 12.12646], [9.46712, 12.13181], [9.47051, 12.14173], [9.47093, 12.14244], [9.47322, 12.14635], [9.48356, 12.14299], [9.51083, 12.14461], [9.52302, 12.14642], [9.53314, 12.15245], [9.54355, 12.15558], [9.5465, 12.15343], [9.55043, 12.1464], [9.54838, 12.14205], [9.53806, 12.12778], [9.53435, 12.12599], [9.53922, 12.11703], [9.53984, 12.10803], [9.54042, 12.10621], [9.54145, 12.10496], [9.54138, 12.10364], [9.53931, 12.10292], [9.53734, 12.10138], [9.54222, 12.08802]]]}, "properties": {"name": "Harbo Sabuwa", "lga": "Jahun", "state": "ji"}}, {"type": "Feature", "geometry": {"type": "Polygon", "coordinates": [[[8.3948, 12.7869], [8.39832, 12.77344], [8.39818, 12.76699], [8.40124, 12.74534], [8.4002, 12.7402], [8.401, 12.735], [8.40207, 12.72978], [8.40288, 12.7258], [8.38993, 12.71807], [8.38541, 12.71654], [8.38066, 12.71594], [8.37074, 12.71319], [8.36767, 12.71983], [8.3671, 12.73585], [8.38533, 12.74454], [8.3857, 12.74783], [8.38554, 12.75444], [8.38417, 12.76087], [8.38244, 12.76872], [8.38244, 12.77496], [8.38334, 12.78523], [8.39026, 12.78604], [8.39194, 12.78636], [8.3948, 12.7869]]]}, "properties": {"name": "Firji", "lga": "Gwiwa", "state": "ji"}}, {"type": "Feature", "geometry": {"type": "Polygon", "coordinates": [[[9.5349, 12.3672], [9.51645, 12.35701], [9.50707, 12.35187], [9.50519, 12.35066], [9.48194, 12.34728], [9.46958, 12.34517], [9.4669, 12.34354], [9.44542, 12.33444], [9.44011, 12.33065], [9.43213, 12.32705], [9.41679, 12.31509], [9.40775, 12.33003], [9.40121, 12.337], [9.38997, 12.33632], [9.38287, 12.3389], [9.37556, 12.34736], [9.36105, 12.35849], [9.35314, 12.36163], [9.34187, 12.36629], [9.33552, 12.36716], [9.32882, 12.37089], [9.32229, 12.37382], [9.32083, 12.38549], [9.32223, 12.39998], [9.33138, 12.41491], [9.34294, 12.42048], [9.34736, 12.42257], [9.35326, 12.42571], [9.37116, 12.4171], [9.39874, 12.40889], [9.40177, 12.39762], [9.40413, 12.3965], [9.42087, 12.38421], [9.44112, 12.38403], [9.45035, 12.38455], [9.46555, 12.37762], [9.47665, 12.38142], [9.5349, 12.3672]]]}, "properties": {"name": "Kore", "lga": "Garki", "state": "ji"}}, {"type": "Feature", "geometry": {"type": "Polygon", "coordinates": [[[10.0034, 11.99331], [10.00374, 11.97874], [10.00397, 11.97663], [9.99658, 11.97513], [9.99272, 11.97273], [9.98896, 11.97221], [9.98626, 11.97111], [9.98396, 11.97016], [9.97631, 11.96274], [9.97465, 11.96301], [9.97414, 11.96407], [9.97334, 11.96413], [9.97277, 11.96335], [9.97123, 11.96257], [9.97043, 11.96173], [9.9698, 11.95989], [9.96963, 11.95755], [9.96912, 11.95565], [9.96781, 11.95436], [9.96495, 11.95412], [9.96266, 11.95392], [9.96054, 11.95514], [9.95947, 11.95607], [9.95953, 11.95764], [9.96054, 11.95857], [9.96048, 11.95956], [9.95971, 11.96037], [9.95151, 11.95776], [9.95169, 11.95596], [9.95032, 11.9552], [9.94889, 11.95537], [9.94669, 11.95473], [9.94503, 11.95468], [9.94509, 11.9534], [9.94294, 11.95375], [9.94141, 11.95363], [9.94075, 11.95142], [9.93968, 11.95084], [9.93855, 11.95188], [9.93635, 11.952], [9.93451, 11.952], [9.93433, 11.95037], [9.93368, 11.94956], [9.93268, 11.94993], [9.93267, 11.95136], [9.93148, 11.95183], [9.93065, 11.95148], [9.93035, 11.95008], [9.92797, 11.95016], [9.92667, 11.94968], [9.92631, 11.94793], [9.92358, 11.94665], [9.92364, 11.94491], [9.9234, 11.94381], [9.90872, 11.94317], [9.90217, 11.9401], [9.90216, 11.93998], [9.90207, 11.93886], [9.90052, 11.93811], [9.89874, 11.93805], [9.89672, 11.94113], [9.89478, 11.95002], [9.89132, 11.95586], [9.88791, 11.95991], [9.87825, 11.96348], [9.86251, 11.96475], [9.85134, 11.96126], [9.834, 11.96289], [9.82365, 11.96114], [9.81994, 11.96042], [9.81, 11.96446], [9.80956, 11.9665], [9.80716, 11.9737], [9.8075, 11.9956], [9.8084, 12.0068], [9.8144, 12.012], [9.8225, 12.0238], [9.82193, 12.02516], [9.82042, 12.02752], [9.81985, 12.02993], [9.81849, 12.03115], [9.81685, 12.03162], [9.81581, 12.03135], [9.81436, 12.03051], [9.81341, 12.02947], [9.80253, 12.02749], [9.8008, 12.0329], [9.798, 12.04609], [9.7966, 12.04961], [9.79645, 12.05891], [9.79545, 12.06566], [9.79567, 12.07123], [9.79425, 12.07796], [9.78917, 12.09411], [9.78247, 12.12481], [9.8319, 12.13902], [9.8468, 12.13828], [9.84739, 12.12875], [9.84501, 12.11953], [9.84455, 12.11287], [9.84309, 12.10144], [9.8401, 12.09265], [9.8355, 12.08551], [9.83171, 12.07537], [9.82574, 12.05725], [9.8331, 12.05095], [9.84007, 12.04802], [9.84813, 12.03171], [9.85049, 12.02969], [9.86225, 12.02955], [9.88429, 12.02948], [9.90214, 12.02956], [9.91536, 12.02734], [9.91421, 12.01953], [9.91236, 12.00461], [9.91093, 11.99094], [9.91322, 11.98117], [9.92518, 11.98269], [9.93349, 11.98463], [9.94158, 11.98739], [9.95032, 11.99111], [9.95451, 11.99316], [9.96496, 11.99595], [9.97789, 12.00078], [10.0034, 11.99331]]]}, "properties": {"name": "Ruba", "lga": "Kafin Hausa", "state": "ji"}}, {"type": "Feature", "geometry": {"type": "Polygon", "coordinates": [[[8.33613, 12.60811], [8.33461, 12.61119], [8.33105, 12.61237], [8.32305, 12.60114], [8.3089, 12.59944], [8.30066, 12.60054], [8.299, 12.6039], [8.29363, 12.61471], [8.29715, 12.61634], [8.30653, 12.63222], [8.30556, 12.63952], [8.30508, 12.64678], [8.3086, 12.6459], [8.3107, 12.6457], [8.31456, 12.64861], [8.31851, 12.64926], [8.32326, 12.64932], [8.32445, 12.64944], [8.32972, 12.644], [8.34414, 12.65291], [8.35228, 12.64364], [8.35553, 12.6344], [8.3589, 12.62304], [8.34504, 12.61762], [8.34113, 12.61392], [8.33912, 12.61132], [8.33613, 12.60811]]]}, "properties": {"name": "Dansure", "lga": "Roni", "state": "ji"}}, {"type": "Feature", "geometry": {"type": "Polygon", "coordinates": [[[8.44097, 12.64728], [8.43649, 12.64594], [8.43152, 12.64519], [8.4233, 12.64203], [8.42418, 12.64545], [8.42247, 12.64721], [8.42081, 12.64877], [8.42018, 12.64911], [8.41747, 12.64922], [8.41583, 12.64931], [8.4155, 12.6511], [8.4167, 12.6523], [8.41401, 12.65551], [8.41589, 12.65778], [8.41706, 12.65951], [8.42362, 12.67465], [8.42658, 12.67608], [8.42775, 12.67444], [8.44277, 12.65653], [8.44103, 12.64737], [8.44097, 12.64728]]]}, "properties": {"name": "Unguwar Gabas", "lga": "Kazaure", "state": "ji"}}, {"type": "Feature", "geometry": {"type": "Polygon", "coordinates": [[[8.18228, 12.81247], [8.18216, 12.8096], [8.18166, 12.79855], [8.17599, 12.78457], [8.17473, 12.77606], [8.16149, 12.76979], [8.15494, 12.78576], [8.15247, 12.79456], [8.15237, 12.7959], [8.1523, 12.79683], [8.12792, 12.79683], [8.12784, 12.80111], [8.14163, 12.81102], [8.15206, 12.81863], [8.16825, 12.81439], [8.17888, 12.81129], [8.18096, 12.81201], [8.18228, 12.81247]]]}, "properties": {"name": "Rorau", "lga": "Gwiwa", "state": "ji"}}, {"type": "Feature", "geometry": {"type": "Polygon", "coordinates": [[[9.51219, 12.29586], [9.50891, 12.29223], [9.49551, 12.29477], [9.47828, 12.29753], [9.45848, 12.29346], [9.45169, 12.28984], [9.44069, 12.28312], [9.4479, 12.26529], [9.44043, 12.26485], [9.43235, 12.26513], [9.42549, 12.26511], [9.41709, 12.26883], [9.41091, 12.27158], [9.3906, 12.28552], [9.39913, 12.2923], [9.40683, 12.30362], [9.41035, 12.31136], [9.41679, 12.31509], [9.43213, 12.32705], [9.44011, 12.33065], [9.44542, 12.33444], [9.4669, 12.34354], [9.46958, 12.34517], [9.48194, 12.34728], [9.50519, 12.35066], [9.50998, 12.33695], [9.50893, 12.32102], [9.50945, 12.31236], [9.51106, 12.30616], [9.51219, 12.29586]]]}, "properties": {"name": "Majia", "lga": "Taura", "state": "ji"}}, {"type": "Feature", "geometry": {"type": "Polygon", "coordinates": [[[8.34312, 12.79648], [8.33873, 12.79478], [8.32709, 12.79121], [8.31698, 12.78968], [8.31109, 12.78841], [8.29641, 12.78672], [8.28751, 12.78737], [8.26825, 12.78708], [8.25966, 12.78777], [8.2354, 12.78685], [8.22707, 12.78829], [8.22085, 12.78927], [8.20436, 12.78875], [8.19738, 12.78172], [8.19431, 12.7772], [8.18989, 12.77679], [8.18518, 12.77602], [8.18133, 12.77512], [8.17473, 12.77606], [8.17599, 12.78457], [8.18166, 12.79855], [8.18216, 12.8096], [8.18228, 12.81247], [8.18789, 12.81442], [8.19247, 12.8157], [8.20075, 12.81643], [8.21096, 12.81752], [8.23012, 12.82616], [8.24212, 12.82614], [8.24502, 12.8279], [8.25381, 12.82927], [8.26059, 12.8301], [8.27691, 12.82913], [8.28861, 12.82906], [8.29233, 12.82915], [8.29296, 12.82197], [8.29464, 12.81414], [8.32558, 12.815], [8.32627, 12.82113], [8.32784, 12.82157], [8.32955, 12.82159], [8.331, 12.82122], [8.33411, 12.82166], [8.33846, 12.81588], [8.34149, 12.81577], [8.34747, 12.81734], [8.35553, 12.81701], [8.35637, 12.815], [8.35696, 12.81375], [8.35644, 12.80038], [8.34312, 12.79648]]]}, "properties": {"name": "Shafe", "lga": "Gwiwa", "state": "ji"}}, {"type": "Feature", "geometry": {"type": "Polygon", "coordinates": [[[9.38701, 12.63789], [9.38413, 12.63938], [9.38027, 12.64244], [9.38355, 12.65594], [9.39177, 12.65568], [9.39306, 12.66125], [9.41982, 12.65675], [9.41378, 12.65476], [9.4079, 12.64644], [9.39949, 12.64159], [9.39125, 12.63979], [9.39113, 12.63589], [9.39096, 12.63512], [9.39111, 12.63347], [9.39231, 12.63094], [9.39119, 12.6297], [9.38903, 12.62954], [9.38843, 12.63726], [9.38701, 12.63789]]]}, "properties": {"name": "Kofar Arewa", "lga": "Gumel", "state": "ji"}}, {"type": "Feature", "geometry": {"type": "Polygon", "coordinates": [[[9.98808, 12.16773], [9.99169, 12.16489], [9.99494, 12.15931], [9.99781, 12.15605], [9.99832, 12.15179], [9.9982, 12.15137], [10.00099, 12.14741], [10.01542, 12.13563], [10.02885, 12.13057], [10.02879, 12.12648], [10.02826, 12.11693], [10.02657, 12.11114], [10.0265, 12.0931], [10.03352, 12.09147], [10.02555, 12.07277], [10.01173, 12.05913], [10.00515, 12.03783], [10.00554, 12.03058], [10.01017, 12.01884], [10.011, 12.00628], [10.00302, 12.00489], [10.0034, 11.99331], [9.97789, 12.00078], [9.96496, 11.99595], [9.95451, 11.99316], [9.95032, 11.99111], [9.94158, 11.98739], [9.93349, 11.98463], [9.92518, 11.98269], [9.91322, 11.98117], [9.91093, 11.99094], [9.91236, 12.00461], [9.91421, 12.01953], [9.91536, 12.02734], [9.90549, 12.06437], [9.90484, 12.07564], [9.91594, 12.08154], [9.92454, 12.10437], [9.92758, 12.11244], [9.9343, 12.13579], [9.94292, 12.13611], [9.95062, 12.13708], [9.95304, 12.1375], [9.95488, 12.14696], [9.94946, 12.14705], [9.94485, 12.14852], [9.9432, 12.15075], [9.95839, 12.15904], [9.96295, 12.15549], [9.98078, 12.16218], [9.98808, 12.16773]]]}, "properties": {"name": "Gafaya", "lga": "Kafin Hausa", "state": "ji"}}, {"type": "Feature", "geometry": {"type": "Polygon", "coordinates": [[[9.58042, 12.16057], [9.5991, 12.1581], [9.6018, 12.1576], [9.603, 12.157], [9.60686, 12.15569], [9.60825, 12.14895], [9.60749, 12.14635], [9.60944, 12.13922], [9.60957, 12.13874], [9.58636, 12.13524], [9.58135, 12.11818], [9.56057, 12.10184], [9.5582, 12.10113], [9.55608, 12.10195], [9.55448, 12.10345], [9.54758, 12.12002], [9.5378, 12.11885], [9.5368, 12.12075], [9.5356, 12.12214], [9.53475, 12.12404], [9.53435, 12.12599], [9.53806, 12.12778], [9.54838, 12.14205], [9.55043, 12.1464], [9.5465, 12.15343], [9.54355, 12.15558], [9.53314, 12.15245], [9.52302, 12.14642], [9.51083, 12.14461], [9.48356, 12.14299], [9.47322, 12.14635], [9.47091, 12.148], [9.46969, 12.1496], [9.46927, 12.15142], [9.46986, 12.15274], [9.47041, 12.15428], [9.46909, 12.15461], [9.46808, 12.15474], [9.46748, 12.15574], [9.46791, 12.15747], [9.46599, 12.15867], [9.46141, 12.18211], [9.46622, 12.18616], [9.47478, 12.1949], [9.48838, 12.20298], [9.49411, 12.20418], [9.49931, 12.20698], [9.52517, 12.208], [9.53168, 12.20832], [9.54635, 12.19514], [9.55073, 12.19157], [9.58042, 12.16057]]]}, "properties": {"name": "Harbo Tsohuwa", "lga": "Jahun", "state": "ji"}}, {"type": "Feature", "geometry": {"type": "Polygon", "coordinates": [[[9.76249, 11.24575], [9.75038, 11.24532], [9.74745, 11.24522], [9.74553, 11.24494], [9.74553, 11.2462], [9.7446, 11.24725], [9.74553, 11.2476], [9.74482, 11.24844], [9.74389, 11.24858], [9.74282, 11.24928], [9.74147, 11.24865], [9.73962, 11.24822], [9.73215, 11.24981], [9.73113, 11.25088], [9.7317, 11.252], [9.73077, 11.2534], [9.72927, 11.2541], [9.73184, 11.25676], [9.73227, 11.25774], [9.73163, 11.25865], [9.73212, 11.25998], [9.73412, 11.26508], [9.73633, 11.27012], [9.7348, 11.272], [9.728, 11.2722], [9.7208, 11.2654], [9.72, 11.2648], [9.7177, 11.2635], [9.7165, 11.2632], [9.70489, 11.27083], [9.70243, 11.27461], [9.70141, 11.27695], [9.7, 11.27761], [9.6944, 11.2889], [9.6937, 11.2916], [9.6933, 11.2931], [9.6931, 11.2946], [9.69579, 11.29585], [9.70988, 11.30547], [9.7138, 11.3108], [9.74476, 11.32806], [9.74783, 11.36364], [9.75103, 11.36659], [9.75492, 11.37062], [9.75795, 11.37686], [9.76436, 11.37925], [9.76924, 11.38029], [9.78237, 11.37571], [9.7809, 11.36448], [9.78234, 11.36234], [9.78246, 11.36053], [9.78139, 11.35738], [9.78029, 11.35518], [9.78456, 11.35346], [9.79946, 11.35596], [9.80429, 11.35781], [9.81618, 11.34553], [9.83992, 11.35243], [9.84241, 11.34919], [9.84522, 11.34574], [9.85064, 11.33727], [9.83974, 11.33041], [9.83029, 11.31768], [9.82769, 11.31281], [9.81555, 11.3031], [9.80521, 11.29604], [9.80992, 11.28948], [9.81227, 11.28697], [9.81316, 11.28444], [9.81667, 11.28448], [9.81901, 11.28451], [9.82254, 11.2834], [9.82489, 11.28228], [9.82492, 11.27956], [9.82268, 11.27844], [9.81989, 11.27764], [9.81769, 11.27781], [9.81626, 11.27858], [9.81466, 11.27798], [9.8137, 11.27704], [9.81184, 11.27746], [9.81084, 11.2783], [9.80219, 11.27385], [9.80072, 11.27445], [9.79815, 11.27326], [9.79637, 11.27228], [9.79409, 11.27033], [9.79387, 11.26886], [9.7943, 11.26662], [9.79316, 11.26536], [9.79202, 11.2634], [9.79, 11.26341], [9.78888, 11.26067], [9.78731, 11.2606], [9.78489, 11.26102], [9.78282, 11.26249], [9.78118, 11.26193], [9.77911, 11.26158], [9.77854, 11.2606], [9.7769, 11.25837], [9.77648, 11.25704], [9.77548, 11.25648], [9.77298, 11.25592], [9.77134, 11.25578], [9.76877, 11.25438], [9.76756, 11.25333], [9.7677, 11.25228], [9.76713, 11.25039], [9.76528, 11.25025], [9.76421, 11.24823], [9.76249, 11.24575]]]}, "properties": {"name": "Kila", "lga": "Gwaram", "state": "ji"}}, {"type": "Feature", "geometry": {"type": "Polygon", "coordinates": [[[9.96088, 11.21749], [9.9606, 11.20501], [9.96061, 11.20499], [9.96061, 11.20498], [9.96992, 11.18367], [9.96817, 11.15553], [9.96716, 11.15483], [9.96757, 11.15384], [9.96632, 11.15378], [9.96549, 11.15308], [9.96442, 11.15384], [9.96383, 11.15326], [9.96412, 11.1525], [9.96531, 11.15116], [9.96395, 11.15104], [9.96288, 11.15081], [9.96258, 11.14941], [9.96157, 11.14824], [9.96002, 11.1476], [9.95854, 11.14702], [9.95753, 11.1469], [9.9539, 11.14218], [9.95204, 11.1411], [9.95117, 11.14195], [9.94969, 11.14125], [9.94933, 11.13973], [9.94891, 11.13909], [9.9482, 11.13874], [9.94737, 11.13244], [9.94671, 11.1321], [9.94612, 11.1314], [9.94089, 11.13], [9.94012, 11.13056], [9.93875, 11.13093], [9.93715, 11.13], [9.93578, 11.12819], [9.9337, 11.12743], [9.93281, 11.12842], [9.93162, 11.12836], [9.93061, 11.12755], [9.93161, 11.12686], [9.93013, 11.12617], [9.92977, 11.12712], [9.92925, 11.1272], [9.92794, 11.12457], [9.92229, 11.12533], [9.92203, 11.12454], [9.92235, 11.12393], [9.9217, 11.12312], [9.91855, 11.12347], [9.91772, 11.12475], [9.91637, 11.12399], [9.91558, 11.12317], [9.91463, 11.12392], [9.91249, 11.12393], [9.91242, 11.12265], [9.91217, 11.12206], [9.91083, 11.12172], [9.91007, 11.12089], [9.90851, 11.11886], [9.90758, 11.11932], [9.90631, 11.11997], [9.90488, 11.11875], [9.90364, 11.11909], [9.90042, 11.11781], [9.90174, 11.11283], [9.89609, 11.10908], [9.89473, 11.10985], [9.8931, 11.11014], [9.89159, 11.10915], [9.89069, 11.10789], [9.89035, 11.10657], [9.87806, 11.13253], [9.88335, 11.14733], [9.88335, 11.14856], [9.88363, 11.15159], [9.88392, 11.15416], [9.88266, 11.16384], [9.8817, 11.16524], [9.88141, 11.16608], [9.88027, 11.16776], [9.87747, 11.17896], [9.87378, 11.18677], [9.8783, 11.18927], [9.87871, 11.19399], [9.87925, 11.19452], [9.88026, 11.19499], [9.88096, 11.19614], [9.87377, 11.19655], [9.87311, 11.19754], [9.87256, 11.19814], [9.87335, 11.20069], [9.87696, 11.21454], [9.88094, 11.22168], [9.88675, 11.2287], [9.89779, 11.22959], [9.91896, 11.23625], [9.92387, 11.23652], [9.95078, 11.22136], [9.96088, 11.21749]]]}, "properties": {"name": "Farin Dutse", "lga": "Gwaram", "state": "ji"}}, {"type": "Feature", "geometry": {"type": "Polygon", "coordinates": [[[9.47527, 12.66429], [9.47074, 12.68103], [9.47983, 12.6931], [9.49005, 12.70349], [9.51144, 12.72256], [9.5235, 12.73392], [9.51466, 12.75947], [9.53695, 12.77139], [9.54635, 12.76944], [9.5501, 12.76709], [9.57288, 12.73793], [9.59141, 12.72702], [9.59333, 12.70697], [9.62192, 12.69798], [9.63139, 12.69712], [9.64614, 12.6985], [9.65174, 12.67758], [9.65477, 12.67431], [9.65634, 12.66963], [9.65975, 12.66641], [9.64721, 12.66651], [9.62695, 12.66707], [9.61033, 12.64197], [9.59733, 12.64179], [9.58788, 12.63814], [9.5695, 12.64048], [9.54106, 12.63733], [9.53744, 12.64943], [9.51301, 12.64867], [9.51156, 12.65082], [9.50273, 12.646], [9.49523, 12.6419], [9.48827, 12.63911], [9.48153, 12.63228], [9.48041, 12.63963], [9.47842, 12.65263], [9.47527, 12.66429]]]}, "properties": {"name": "Kukayasku", "lga": "Maigatari", "state": "ji"}}, {"type": "Feature", "geometry": {"type": "Polygon", "coordinates": [[[8.39876, 12.58685], [8.39322, 12.59795], [8.41098, 12.60326], [8.41444, 12.6052], [8.42278, 12.60975], [8.4363, 12.61787], [8.43709, 12.61672], [8.4408, 12.61124], [8.45292, 12.62025], [8.46456, 12.62369], [8.47449, 12.60441], [8.48183, 12.59699], [8.45843, 12.58691], [8.45668, 12.58813], [8.4539, 12.59085], [8.44891, 12.59848], [8.43744, 12.59699], [8.43197, 12.59718], [8.42241, 12.59533], [8.41321, 12.59247], [8.40456, 12.58917], [8.39876, 12.58685]]]}, "properties": {"name": "Gada", "lga": "Kazaure", "state": "ji"}}, {"type": "Feature", "geometry": {"type": "Polygon", "coordinates": [[[9.91536, 12.02734], [9.90214, 12.02956], [9.88429, 12.02948], [9.86225, 12.02955], [9.85049, 12.02969], [9.84813, 12.03171], [9.84007, 12.04802], [9.8331, 12.05095], [9.82574, 12.05725], [9.83171, 12.07537], [9.8355, 12.08551], [9.8401, 12.09265], [9.84309, 12.10144], [9.84455, 12.11287], [9.8616, 12.119], [9.87391, 12.12343], [9.89686, 12.13629], [9.90997, 12.1359], [9.92117, 12.13771], [9.9343, 12.13579], [9.92758, 12.11244], [9.92454, 12.10437], [9.91594, 12.08154], [9.90484, 12.07564], [9.90549, 12.06437], [9.91536, 12.02734]]]}, "properties": {"name": "Dumadumi Toka", "lga": "Kafin Hausa", "state": "ji"}}, {"type": "Feature", "geometry": {"type": "Polygon", "coordinates": [[[9.80788, 11.6069], [9.80441, 11.59492], [9.80192, 11.58937], [9.79241, 11.58475], [9.78884, 11.5799], [9.78245, 11.56951], [9.77694, 11.55786], [9.75138, 11.54639], [9.75091, 11.54626], [9.74976, 11.54632], [9.74785, 11.54641], [9.74997, 11.53956], [9.74472, 11.5393], [9.73931, 11.53992], [9.73009, 11.54064], [9.72507, 11.5467], [9.71822, 11.55471], [9.7095, 11.56079], [9.71047, 11.56608], [9.71556, 11.56648], [9.72292, 11.58346], [9.72445, 11.59128], [9.70178, 11.59307], [9.70307, 11.60201], [9.72619, 11.60016], [9.72625, 11.61158], [9.74148, 11.61262], [9.74091, 11.6052], [9.74918, 11.60157], [9.75397, 11.60349], [9.76362, 11.60601], [9.77078, 11.61695], [9.77201, 11.62102], [9.77576, 11.62889], [9.78154, 11.63274], [9.78248, 11.63311], [9.79207, 11.62751], [9.79059, 11.6155], [9.79127, 11.61311], [9.80788, 11.6069]]]}, "properties": {"name": "Kawaya", "lga": "Buji", "state": "ji"}}, {"type": "Feature", "geometry": {"type": "Polygon", "coordinates": [[[9.61936, 11.74791], [9.59218, 11.75299], [9.57825, 11.75464], [9.57768, 11.7684], [9.57439, 11.78653], [9.57343, 11.79622], [9.57334, 11.80277], [9.59533, 11.8024], [9.59449, 11.82023], [9.58456, 11.81998], [9.5844, 11.8346], [9.59704, 11.83673], [9.60312, 11.8457], [9.617, 11.84607], [9.61814, 11.84123], [9.61859, 11.82394], [9.6197, 11.81817], [9.62596, 11.812], [9.64052, 11.80961], [9.64042, 11.81129], [9.63919, 11.81222], [9.63995, 11.81361], [9.64261, 11.81566], [9.64578, 11.81662], [9.64798, 11.81792], [9.6505, 11.81724], [9.6524, 11.81687], [9.66302, 11.831], [9.67346, 11.84707], [9.67509, 11.84573], [9.67582, 11.84513], [9.67779, 11.84325], [9.67608, 11.8131], [9.67545, 11.8087], [9.67337, 11.79412], [9.67309, 11.79216], [9.66952, 11.78434], [9.66226, 11.78347], [9.66116, 11.78087], [9.65834, 11.78107], [9.65595, 11.77971], [9.65594, 11.77906], [9.65574, 11.77847], [9.65554, 11.77809], [9.65149, 11.77903], [9.64758, 11.77749], [9.64496, 11.77974], [9.64135, 11.77874], [9.64074, 11.77821], [9.6407, 11.77787], [9.64316, 11.77653], [9.64342, 11.77604], [9.64336, 11.7755], [9.64308, 11.77501], [9.63993, 11.77421], [9.64006, 11.77252], [9.63632, 11.77013], [9.63445, 11.77018], [9.63512, 11.76734], [9.63202, 11.76397], [9.63038, 11.76383], [9.62876, 11.75927], [9.62578, 11.76138], [9.6255, 11.76082], [9.6254, 11.75989], [9.62557, 11.7593], [9.62812, 11.7584], [9.62789, 11.75762], [9.6274, 11.75656], [9.62692, 11.75578], [9.62656, 11.75577], [9.62597, 11.75741], [9.62574, 11.75736], [9.62547, 11.75713], [9.62515, 11.75695], [9.62305, 11.75292], [9.62089, 11.75445], [9.6206, 11.75427], [9.62034, 11.75394], [9.62005, 11.75368], [9.61936, 11.74791]]]}, "properties": {"name": "Kiyawa", "lga": "Kiyawa", "state": "ji"}}, {"type": "Feature", "geometry": {"type": "Polygon", "coordinates": [[[8.40757, 12.65252], [8.406, 12.6533], [8.4049, 12.6536], [8.39625, 12.65183], [8.39497, 12.65264], [8.39926, 12.65801], [8.39783, 12.666], [8.40886, 12.67081], [8.4146, 12.67207], [8.42362, 12.67465], [8.41706, 12.65951], [8.41589, 12.65778], [8.41401, 12.65551], [8.41491, 12.65376], [8.40757, 12.65252]]]}, "properties": {"name": "Unguwar Arewa", "lga": "Kazaure", "state": "ji"}}, {"type": "Feature", "geometry": {"type": "Polygon", "coordinates": [[[9.66127, 12.7078], [9.64614, 12.6985], [9.63139, 12.69712], [9.62192, 12.69798], [9.59333, 12.70697], [9.59141, 12.72702], [9.57288, 12.73793], [9.5501, 12.76709], [9.54635, 12.76944], [9.53695, 12.77139], [9.54181, 12.79097], [9.54489, 12.79989], [9.53347, 12.80242], [9.53638, 12.81113], [9.55658, 12.81312], [9.63493, 12.80243], [9.63968, 12.80794], [9.64443, 12.81342], [9.65364, 12.7976], [9.64576, 12.79252], [9.64577, 12.78449], [9.65976, 12.77959], [9.65801, 12.76465], [9.65686, 12.76277], [9.65628, 12.76105], [9.65558, 12.73825], [9.65133, 12.73049], [9.65386, 12.71544], [9.66127, 12.7078]]]}, "properties": {"name": "Galadi", "lga": "Maigatari", "state": "ji"}}, {"type": "Feature", "geometry": {"type": "Polygon", "coordinates": [[[8.39876, 12.58685], [8.40456, 12.58917], [8.41321, 12.59247], [8.42241, 12.59533], [8.43197, 12.59718], [8.43744, 12.59699], [8.44891, 12.59848], [8.4539, 12.59085], [8.45668, 12.58813], [8.45843, 12.58691], [8.41025, 12.5047], [8.40946, 12.49937], [8.40797, 12.49589], [8.40025, 12.48527], [8.39431, 12.48539], [8.38918, 12.4863], [8.38799, 12.49403], [8.38949, 12.50105], [8.39112, 12.50935], [8.39114, 12.52308], [8.39236, 12.53124], [8.3926, 12.53602], [8.40237, 12.5791], [8.40215, 12.58175], [8.39876, 12.58685]]]}, "properties": {"name": "Yanzaki", "lga": "Roni", "state": "ji"}}, {"type": "Feature", "geometry": {"type": "Polygon", "coordinates": [[[9.00493, 12.21069], [9.02176, 12.19646], [9.02316, 12.19616], [9.02393, 12.19623], [9.03229, 12.2073], [9.04496, 12.20602], [9.047, 12.20349], [9.04798, 12.19984], [9.04809, 12.19935], [9.05882, 12.18665], [9.05936, 12.18671], [9.06911, 12.18955], [9.0711, 12.19011], [9.07364, 12.18916], [9.08124, 12.18834], [9.08786, 12.18998], [9.09635, 12.18935], [9.10805, 12.20105], [9.11848, 12.19692], [9.12935, 12.19645], [9.13277, 12.1975], [9.13317, 12.19768], [9.14367, 12.20842], [9.14911, 12.20554], [9.1553, 12.18423], [9.14857, 12.17741], [9.14567, 12.17902], [9.13663, 12.1777], [9.13103, 12.16671], [9.12949, 12.16515], [9.1295, 12.1642], [9.1206, 12.1665], [9.1147, 12.1663], [9.108, 12.1687], [9.10262, 12.1683], [9.10215, 12.1638], [9.10324, 12.16092], [9.09875, 12.14859], [9.10608, 12.13894], [9.09471, 12.12951], [9.09424, 12.12853], [9.09219, 12.1249], [9.09446, 12.12077], [9.09586, 12.11745], [9.09477, 12.11691], [9.09243, 12.11554], [9.08908, 12.1154], [9.0885, 12.1153], [9.0867, 12.1148], [9.08283, 12.1104], [9.08258, 12.11024], [9.07469, 12.10901], [9.0672, 12.12005], [9.05972, 12.11826], [9.0464, 12.13184], [9.03995, 12.13552], [8.9949, 12.1278], [8.99329, 12.12961], [8.99112, 12.13179], [8.98918, 12.13524], [8.98667, 12.14322], [8.98608, 12.14647], [8.97984, 12.14508], [8.97462, 12.14819], [8.97133, 12.15231], [8.97036, 12.15928], [8.97543, 12.16346], [8.98205, 12.16826], [8.99345, 12.1745], [8.99378, 12.19634], [8.9959, 12.19903], [8.99677, 12.20388], [9.00493, 12.21069]]]}, "properties": {"name": "Tofa", "lga": "Ringim", "state": "ji"}}, {"type": "Feature", "geometry": {"type": "Polygon", "coordinates": [[[9.96925, 12.3219], [9.9693, 12.31848], [9.96622, 12.31728], [9.95793, 12.3162], [9.95493, 12.30008], [9.9508, 12.29985], [9.94666, 12.29993], [9.94096, 12.30097], [9.93812, 12.32085], [9.93156, 12.32549], [9.92456, 12.32829], [9.92455, 12.3283], [9.9174, 12.33902], [9.91737, 12.33907], [9.91105, 12.3533], [9.90922, 12.36093], [9.91179, 12.36065], [9.91281, 12.36116], [9.91065, 12.36338], [9.91008, 12.36344], [9.90996, 12.36233], [9.90894, 12.36244], [9.90899, 12.36383], [9.91983, 12.36511], [9.91983, 12.36701], [9.91903, 12.36801], [9.91812, 12.36896], [9.91743, 12.36968], [9.91287, 12.3723], [9.91567, 12.38199], [9.91721, 12.38294], [9.91863, 12.384], [9.9212, 12.38355], [9.92154, 12.38305], [9.92109, 12.38199], [9.92069, 12.3811], [9.92166, 12.38071], [9.92348, 12.38116], [9.92479, 12.37988], [9.92611, 12.37726], [9.92633, 12.37486], [9.9273, 12.37219], [9.92857, 12.37109], [9.93478, 12.36008], [9.93986, 12.35605], [9.94663, 12.34867], [9.95172, 12.34358], [9.9539, 12.33836], [9.95585, 12.33276], [9.9591, 12.32958], [9.96123, 12.32693], [9.96339, 12.32584], [9.96343, 12.32582], [9.96925, 12.3219]]]}, "properties": {"name": "Auyo", "lga": "Auyo", "state": "ji"}}, {"type": "Feature", "geometry": {"type": "Polygon", "coordinates": [[[8.4233, 12.64203], [8.43152, 12.64519], [8.43649, 12.64594], [8.44097, 12.64728], [8.44265, 12.62743], [8.4363, 12.61787], [8.42278, 12.60975], [8.41444, 12.6052], [8.41098, 12.60326], [8.39322, 12.59795], [8.38646, 12.61], [8.40206, 12.617], [8.40004, 12.62488], [8.39755, 12.63181], [8.39132, 12.64342], [8.39497, 12.65264], [8.39625, 12.65183], [8.406, 12.6533], [8.40757, 12.65252], [8.40675, 12.6508], [8.4233, 12.64203]]]}, "properties": {"name": "Kanti", "lga": "Kazaure", "state": "ji"}}, {"type": "Feature", "geometry": {"type": "Polygon", "coordinates": [[[8.29233, 12.82915], [8.3003, 12.83101], [8.32561, 12.83421], [8.33748, 12.83601], [8.35239, 12.82547], [8.36083, 12.82405], [8.37063, 12.82549], [8.39838, 12.82594], [8.39409, 12.7964], [8.38169, 12.7971], [8.36273, 12.79936], [8.35644, 12.80038], [8.35696, 12.81375], [8.35637, 12.815], [8.35553, 12.81701], [8.34747, 12.81734], [8.34149, 12.81577], [8.33846, 12.81588], [8.33411, 12.82166], [8.32627, 12.82113], [8.32558, 12.815], [8.29464, 12.81414], [8.29296, 12.82197], [8.29233, 12.82915]]]}, "properties": {"name": "Yola", "lga": "Gwiwa", "state": "ji"}}, {"type": "Feature", "geometry": {"type": "Polygon", "coordinates": [[[9.46141, 12.18211], [9.46061, 12.18358], [9.46061, 12.18544], [9.4596, 12.18631], [9.45472, 12.18381], [9.44979, 12.18521], [9.44951, 12.18496], [9.44878, 12.18433], [9.44697, 12.1837], [9.4459, 12.18453], [9.44465, 12.18571], [9.43847, 12.18632], [9.43758, 12.18556], [9.4367, 12.18549], [9.43562, 12.1851], [9.43491, 12.18359], [9.434, 12.18211], [9.43271, 12.18132], [9.43057, 12.18086], [9.42903, 12.18103], [9.42819, 12.1819], [9.42653, 12.18307], [9.4251, 12.18341], [9.42451, 12.18272], [9.42267, 12.19439], [9.42872, 12.20978], [9.42306, 12.21779], [9.41996, 12.22228], [9.41296, 12.23307], [9.40314, 12.24114], [9.39787, 12.24367], [9.38116, 12.2538], [9.37008, 12.2563], [9.36357, 12.27279], [9.37893, 12.27976], [9.3863, 12.28301], [9.3906, 12.28552], [9.41091, 12.27158], [9.41709, 12.26883], [9.42549, 12.26511], [9.43235, 12.26513], [9.44043, 12.26485], [9.4479, 12.26529], [9.46447, 12.2685], [9.48043, 12.26683], [9.49189, 12.25989], [9.50214, 12.24774], [9.51765, 12.2289], [9.52785, 12.21819], [9.53168, 12.20832], [9.52517, 12.208], [9.49931, 12.20698], [9.49411, 12.20418], [9.48838, 12.20298], [9.47478, 12.1949], [9.46622, 12.18616], [9.46141, 12.18211]]]}, "properties": {"name": "Kwalam", "lga": "Taura", "state": "ji"}}, {"type": "Feature", "geometry": {"type": "Polygon", "coordinates": [[[9.56266, 12.57888], [9.58942, 12.5765], [9.61157, 12.56271], [9.66406, 12.56266], [9.66523, 12.53586], [9.65222, 12.51598], [9.64807, 12.51186], [9.6461, 12.50943], [9.64803, 12.4983], [9.64911, 12.49236], [9.64403, 12.48046], [9.60573, 12.4976], [9.59261, 12.49853], [9.58636, 12.51818], [9.58272, 12.53781], [9.58223, 12.55145], [9.54812, 12.56481], [9.5418, 12.56717], [9.53561, 12.56983], [9.53267, 12.5726], [9.53197, 12.5735], [9.53139, 12.57501], [9.53121, 12.57755], [9.53164, 12.57939], [9.53292, 12.58026], [9.53502, 12.5805], [9.53959, 12.58026], [9.54596, 12.58094], [9.56266, 12.57888]]]}, "properties": {"name": "Maikilili", "lga": "Gagarawa", "state": "ji"}}, {"type": "Feature", "geometry": {"type": "Polygon", "coordinates": [[[9.39715, 12.77929], [9.41219, 12.77411], [9.42517, 12.77104], [9.45159, 12.77033], [9.45358, 12.7537], [9.47616, 12.75411], [9.48169, 12.77346], [9.4747, 12.78148], [9.48313, 12.79032], [9.48457, 12.7958], [9.49049, 12.79921], [9.49635, 12.8033], [9.4952, 12.81246], [9.52875, 12.81127], [9.53638, 12.81113], [9.53347, 12.80242], [9.54489, 12.79989], [9.54181, 12.79097], [9.53695, 12.77139], [9.51466, 12.75947], [9.5235, 12.73392], [9.51144, 12.72256], [9.49005, 12.70349], [9.47983, 12.6931], [9.47074, 12.68103], [9.46039, 12.68156], [9.45255, 12.68251], [9.44351, 12.68362], [9.43891, 12.7058], [9.41158, 12.70541], [9.40929, 12.70155], [9.40231, 12.69814], [9.40161, 12.71588], [9.39911, 12.73606], [9.3998, 12.73953], [9.40058, 12.74865], [9.40025, 12.76081], [9.39116, 12.76134], [9.39088, 12.76475], [9.39715, 12.77929]]]}, "properties": {"name": "Matoya", "lga": "Maigatari", "state": "ji"}}, {"type": "Feature", "geometry": {"type": "Polygon", "coordinates": [[[10.04373, 12.44558], [10.0455, 12.44436], [10.04439, 12.44415], [10.04538, 12.44189], [10.04432, 12.44175], [10.04422, 12.43929], [10.04857, 12.43717], [10.05139, 12.43734], [10.05181, 12.43439], [10.05207, 12.43186], [10.03791, 12.43848], [10.03855, 12.44044], [10.03704, 12.44394], [10.04063, 12.44393], [10.04189, 12.44602], [10.04373, 12.44558]]]}, "properties": {"name": "Yayari", "lga": "Hadejia", "state": "ji"}}, {"type": "Feature", "geometry": {"type": "Polygon", "coordinates": [[[9.67366, 12.44347], [9.67188, 12.45216], [9.67181, 12.45682], [9.67666, 12.461], [9.67423, 12.46964], [9.67202, 12.4688], [9.67074, 12.46859], [9.66967, 12.46984], [9.66867, 12.47054], [9.6671, 12.47096], [9.66568, 12.4704], [9.66575, 12.46929], [9.66532, 12.4679], [9.66589, 12.46643], [9.64333, 12.47013], [9.64313, 12.4763], [9.64403, 12.48046], [9.64911, 12.49236], [9.64803, 12.4983], [9.6461, 12.50943], [9.64807, 12.51186], [9.65222, 12.51598], [9.66523, 12.53586], [9.66406, 12.56266], [9.68815, 12.56908], [9.69106, 12.56295], [9.69831, 12.56449], [9.70364, 12.57712], [9.70253, 12.57989], [9.70907, 12.58416], [9.72263, 12.5905], [9.72886, 12.58286], [9.731, 12.57259], [9.73321, 12.56595], [9.73948, 12.55871], [9.74534, 12.5546], [9.7638, 12.55384], [9.77535, 12.55307], [9.77984, 12.55349], [9.78519, 12.53348], [9.79717, 12.51996], [9.78376, 12.51217], [9.78868, 12.50639], [9.67366, 12.44347]]]}, "properties": {"name": "Jae", "lga": "Kaugama", "state": "ji"}}, {"type": "Feature", "geometry": {"type": "Polygon", "coordinates": [[[8.497, 12.79644], [8.52587, 12.78613], [8.52526, 12.77871], [8.52771, 12.77472], [8.55078, 12.77306], [8.55072, 12.76919], [8.54628, 12.76542], [8.53549, 12.76452], [8.52565, 12.76241], [8.51464, 12.74402], [8.51353, 12.74163], [8.49753, 12.74904], [8.49166, 12.74975], [8.48882, 12.748], [8.48729, 12.75039], [8.48615, 12.75231], [8.48348, 12.75232], [8.48288, 12.7568], [8.4804, 12.758], [8.48194, 12.76118], [8.4826, 12.7625], [8.4815, 12.7686], [8.48525, 12.77216], [8.50108, 12.77378], [8.4997, 12.78228], [8.497, 12.79644]]]}, "properties": {"name": "Karkarna", "lga": "Yankwashi", "state": "ji"}}, {"type": "Feature", "geometry": {"type": "Polygon", "coordinates": [[[9.22302, 11.98961], [9.22797, 12.01437], [9.22396, 12.02623], [9.22033, 12.03209], [9.21397, 12.05411], [9.23523, 12.04907], [9.24078, 12.06616], [9.24747, 12.08678], [9.2456, 12.0905], [9.2463, 12.0907], [9.24717, 12.09187], [9.24862, 12.09417], [9.26349, 12.09276], [9.2632, 12.10274], [9.2623, 12.10607], [9.2475, 12.11214], [9.24778, 12.11751], [9.23574, 12.13859], [9.23646, 12.14189], [9.23783, 12.14253], [9.24793, 12.1359], [9.24935, 12.13526], [9.25054, 12.13561], [9.25161, 12.13614], [9.25203, 12.13707], [9.24822, 12.14375], [9.24852, 12.14502], [9.24989, 12.14607], [9.25165, 12.14649], [9.25293, 12.1468], [9.255, 12.14247], [9.25637, 12.14305], [9.25896, 12.14522], [9.25957, 12.14607], [9.26088, 12.14648], [9.26213, 12.14636], [9.26332, 12.14624], [9.26373, 12.15199], [9.26521, 12.15218], [9.26569, 12.1502], [9.26688, 12.14776], [9.26866, 12.14846], [9.26842, 12.15078], [9.2702, 12.15113], [9.27067, 12.15468], [9.27294, 12.15508], [9.27413, 12.15706], [9.27496, 12.15926], [9.27615, 12.15984], [9.27651, 12.15803], [9.27695, 12.15586], [9.27983, 12.15287], [9.27967, 12.15106], [9.28133, 12.15133], [9.28275, 12.15192], [9.28447, 12.15333], [9.28599, 12.15357], [9.2868, 12.15468], [9.28594, 12.15868], [9.2887, 12.1617], [9.28836, 12.16239], [9.28741, 12.16221], [9.28722, 12.16286], [9.28798, 12.16323], [9.29331, 12.16291], [9.29364, 12.16188], [9.2944, 12.161], [9.29511, 12.16035], [9.29635, 12.16054], [9.29716, 12.16137], [9.29749, 12.1623], [9.2973, 12.16309], [9.29706, 12.16383], [9.29797, 12.16397], [9.2992, 12.16365], [9.304, 12.15773], [9.3044, 12.1564], [9.30417, 12.155], [9.30588, 12.15528], [9.30765, 12.15578], [9.30896, 12.15645], [9.31278, 12.16257], [9.31423, 12.16236], [9.31501, 12.16119], [9.31597, 12.16116], [9.3168, 12.16198], [9.31558, 12.16292], [9.3166, 12.16326], [9.31797, 12.16353], [9.32014, 12.16069], [9.32236, 12.16647], [9.32681, 12.15969], [9.33183, 12.15695], [9.3345, 12.15958], [9.33109, 12.16192], [9.33075, 12.16688], [9.33143, 12.16788], [9.33218, 12.16861], [9.33309, 12.16705], [9.3336, 12.16627], [9.33377, 12.16532], [9.3344, 12.16476], [9.33597, 12.16571], [9.33989, 12.16034], [9.3488, 12.13895], [9.34749, 12.13533], [9.34695, 12.13192], [9.3476, 12.1293], [9.34735, 12.12587], [9.34895, 12.11852], [9.34193, 12.11404], [9.33509, 12.11012], [9.31982, 12.10023], [9.32048, 12.08963], [9.32288, 12.07144], [9.31929, 12.05689], [9.31926, 12.05689], [9.30683, 12.0464], [9.30129, 12.04245], [9.29244, 12.03681], [9.28329, 12.03202], [9.2777, 12.02519], [9.27909, 12.02373], [9.27814, 12.02221], [9.27642, 12.02178], [9.27458, 12.02156], [9.26643, 12.01374], [9.26529, 12.01136], [9.26437, 12.00858], [9.26253, 12.00527], [9.26024, 12.00562], [9.25859, 12.00484], [9.25859, 12.00389], [9.25739, 12.00345], [9.25511, 12.00372], [9.25271, 12.00389], [9.25186, 11.99742], [9.251, 11.99658], [9.24975, 11.99681], [9.24923, 11.99642], [9.2502, 11.99558], [9.24995, 11.99407], [9.23474, 11.9908], [9.22769, 11.99042], [9.22302, 11.98961]]]}, "properties": {"name": "Chaichai", "lga": "Ringim", "state": "ji"}}, {"type": "Feature", "geometry": {"type": "Polygon", "coordinates": [[[9.89661, 12.34996], [9.8941, 12.34895], [9.88977, 12.34661], [9.8876, 12.34539], [9.88646, 12.34388], [9.88532, 12.3421], [9.88427, 12.34169], [9.88258, 12.34104], [9.87608, 12.34047], [9.87352, 12.3465], [9.86781, 12.3442], [9.862, 12.34427], [9.85808, 12.34065], [9.85576, 12.34497], [9.85027, 12.35054], [9.83594, 12.35822], [9.83692, 12.35851], [9.84541, 12.36046], [9.8538, 12.36625], [9.8589, 12.36879], [9.86652, 12.36752], [9.87239, 12.36641], [9.87932, 12.36659], [9.89015, 12.36739], [9.89515, 12.35248], [9.89661, 12.34996]]]}, "properties": {"name": "Dakaiyyawa", "lga": "Kaugama", "state": "ji"}}, {"type": "Feature", "geometry": {"type": "Polygon", "coordinates": [[[9.40306, 12.62872], [9.40571, 12.63128], [9.40649, 12.63206], [9.40755, 12.63277], [9.4085, 12.63312], [9.40936, 12.63327], [9.41017, 12.63334], [9.43821, 12.62798], [9.48153, 12.63228], [9.49368, 12.62824], [9.4953, 12.6273], [9.49678, 12.62557], [9.49878, 12.62268], [9.49841, 12.60137], [9.49603, 12.59897], [9.48204, 12.59305], [9.47577, 12.59252], [9.46309, 12.59145], [9.45284, 12.5881], [9.43163, 12.55541], [9.42654, 12.55736], [9.41923, 12.56044], [9.41101, 12.56126], [9.40232, 12.57206], [9.3927, 12.59607], [9.38336, 12.61116], [9.39015, 12.61175], [9.39358, 12.61183], [9.39682, 12.61276], [9.4037, 12.61615], [9.40968, 12.61891], [9.40306, 12.62872]]]}, "properties": {"name": "Hammado", "lga": "Gumel", "state": "ji"}}, {"type": "Feature", "geometry": {"type": "Polygon", "coordinates": [[[9.67059, 11.22451], [9.67088, 11.22584], [9.67052, 11.22731], [9.6676, 11.23144], [9.66201, 11.22844], [9.65248, 11.23186], [9.64755, 11.23409], [9.62592, 11.23673], [9.6283, 11.23893], [9.63073, 11.24119], [9.63353, 11.2439], [9.63404, 11.25022], [9.6615, 11.2849], [9.66197, 11.29003], [9.66176, 11.30087], [9.66071, 11.30567], [9.65835, 11.31084], [9.65486, 11.31623], [9.64196, 11.33221], [9.64163, 11.33553], [9.64074, 11.33815], [9.64213, 11.3477], [9.64483, 11.34917], [9.64609, 11.34986], [9.64585, 11.3562], [9.65941, 11.3607], [9.6615, 11.36396], [9.66568, 11.36512], [9.67148, 11.36461], [9.67533, 11.36713], [9.67933, 11.36867], [9.68119, 11.37076], [9.68318, 11.37333], [9.68788, 11.37347], [9.69753, 11.37878], [9.69962, 11.37929], [9.70055, 11.3786], [9.70104, 11.38533], [9.70186, 11.38701], [9.70647, 11.38969], [9.71479, 11.3885], [9.71806, 11.38867], [9.71835, 11.37153], [9.73941, 11.36414], [9.74379, 11.36426], [9.74783, 11.36364], [9.74476, 11.32806], [9.7138, 11.3108], [9.70988, 11.30547], [9.69579, 11.29585], [9.6931, 11.2946], [9.6933, 11.2931], [9.6937, 11.2916], [9.6944, 11.2889], [9.7, 11.27761], [9.70141, 11.27695], [9.70243, 11.27461], [9.70489, 11.27083], [9.7165, 11.2632], [9.7177, 11.2635], [9.72, 11.2648], [9.7208, 11.2654], [9.728, 11.2722], [9.7348, 11.272], [9.73633, 11.27012], [9.73412, 11.26508], [9.73212, 11.25998], [9.73163, 11.25865], [9.73227, 11.25774], [9.73184, 11.25676], [9.72927, 11.2541], [9.73077, 11.2534], [9.7317, 11.252], [9.73113, 11.25088], [9.73215, 11.24981], [9.73134, 11.24906], [9.7273, 11.25123], [9.72478, 11.24759], [9.72557, 11.24682], [9.72564, 11.24598], [9.72086, 11.24752], [9.71611, 11.24554], [9.71571, 11.24141], [9.7138, 11.23801], [9.7138, 11.23668], [9.7143, 11.23598], [9.71316, 11.23563], [9.71223, 11.23514], [9.71295, 11.23413], [9.71249, 11.23302], [9.7118, 11.23235], [9.71245, 11.23151], [9.71394, 11.23172], [9.71373, 11.23053], [9.71316, 11.2299], [9.70747, 11.23127], [9.70054, 11.23102], [9.70118, 11.23046], [9.70105, 11.22944], [9.69968, 11.22892], [9.69835, 11.22926], [9.69662, 11.22871], [9.69598, 11.22766], [9.69593, 11.2267], [9.69491, 11.22626], [9.69391, 11.22717], [9.69262, 11.2269], [9.69109, 11.22637], [9.68956, 11.22584], [9.68927, 11.22465], [9.68795, 11.22385], [9.68649, 11.22325], [9.68521, 11.22437], [9.68464, 11.22409], [9.68485, 11.22297], [9.68407, 11.22192], [9.68264, 11.22185], [9.67956, 11.22198], [9.67765, 11.2213], [9.67059, 11.22451]]]}, "properties": {"name": "Sara", "lga": "Gwaram", "state": "ji"}}, {"type": "Feature", "geometry": {"type": "Polygon", "coordinates": [[[9.00054, 12.22389], [9.00714, 12.21711], [9.00493, 12.21069], [8.99677, 12.20388], [8.9959, 12.19903], [8.99378, 12.19634], [8.99345, 12.1745], [8.98205, 12.16826], [8.97543, 12.16346], [8.97036, 12.15928], [8.97133, 12.15231], [8.97462, 12.14819], [8.97984, 12.14508], [8.98608, 12.14647], [8.98667, 12.14322], [8.98918, 12.13524], [8.99112, 12.13179], [8.99329, 12.12961], [8.9949, 12.1278], [9.03995, 12.13552], [9.0464, 12.13184], [9.05972, 12.11826], [9.05913, 12.11774], [9.05276, 12.11441], [9.04537, 12.11346], [9.04234, 12.10748], [9.03806, 12.10757], [9.03131, 12.10655], [9.02586, 12.10484], [9.01931, 12.10481], [9.01233, 12.10428], [9.00722, 12.10442], [8.9899, 12.11212], [8.96902, 12.11335], [8.96306, 12.11014], [8.95896, 12.10798], [8.9566, 12.1112], [8.94308, 12.10647], [8.94171, 12.11131], [8.94101, 12.11418], [8.93844, 12.11378], [8.93829, 12.11603], [8.93658, 12.11913], [8.93904, 12.12265], [8.93857, 12.13015], [8.93879, 12.13088], [8.93918, 12.13154], [8.93971, 12.13234], [8.93948, 12.13287], [8.93579, 12.14205], [8.93054, 12.1479], [8.93122, 12.15521], [8.94201, 12.15345], [8.94318, 12.15463], [8.94664, 12.16276], [8.95063, 12.16856], [8.9522, 12.18252], [8.95224, 12.18533], [8.94454, 12.19611], [8.94377, 12.20181], [8.95506, 12.20953], [8.95575, 12.2188], [8.95827, 12.22407], [8.9623, 12.22778], [8.97666, 12.22328], [8.98699, 12.22017], [9.00054, 12.22389]]]}, "properties": {"name": "Kyarama", "lga": "Ringim", "state": "ji"}}, {"type": "Feature", "geometry": {"type": "Polygon", "coordinates": [[[9.38355, 12.65594], [9.38027, 12.64244], [9.37595, 12.63945], [9.3739, 12.63844], [9.36902, 12.63723], [9.36695, 12.63699], [9.367, 12.61962], [9.36801, 12.61479], [9.36316, 12.61442], [9.3585, 12.614], [9.3566, 12.6132], [9.3349, 12.5977], [9.33249, 12.60019], [9.32161, 12.59503], [9.32155, 12.6144], [9.31514, 12.62104], [9.31679, 12.63343], [9.317, 12.63907], [9.31643, 12.64596], [9.31705, 12.65427], [9.31645, 12.65707], [9.31676, 12.65793], [9.317, 12.65893], [9.31737, 12.65973], [9.31719, 12.66013], [9.31667, 12.66114], [9.31633, 12.6622], [9.31707, 12.66255], [9.31752, 12.66294], [9.32063, 12.66143], [9.33083, 12.66172], [9.3369, 12.66203], [9.35315, 12.66305], [9.3555, 12.66411], [9.35755, 12.66503], [9.36532, 12.66567], [9.37243, 12.66641], [9.38597, 12.66511], [9.38355, 12.65594]]]}, "properties": {"name": "Dan Ama", "lga": "Gumel", "state": "ji"}}, {"type": "Feature", "geometry": {"type": "Polygon", "coordinates": [[[10.00397, 11.97663], [10.00302, 12.00489], [10.011, 12.00628], [10.01017, 12.01884], [10.00554, 12.03058], [10.00515, 12.03783], [10.01173, 12.05913], [10.02555, 12.07277], [10.03352, 12.09147], [10.0265, 12.0931], [10.02657, 12.11114], [10.02826, 12.11693], [10.02879, 12.12648], [10.02885, 12.13057], [10.03644, 12.1278], [10.04684, 12.12149], [10.05255, 12.11971], [10.06125, 12.11832], [10.07487, 12.11403], [10.0806, 12.11052], [10.0904, 12.10772], [10.09234, 12.09838], [10.09319, 12.09099], [10.09419, 12.0815], [10.08007, 12.07997], [10.05911, 12.07844], [10.05455, 12.07676], [10.05693, 12.06397], [10.0574, 12.06231], [10.05964, 12.0478], [10.04998, 12.03046], [10.03695, 12.01262], [10.05034, 12.00767], [10.04307, 11.98883], [10.04388, 11.98087], [10.04264, 11.97953], [10.04103, 11.97715], [10.04127, 11.97634], [10.04056, 11.97604], [10.03786, 11.97618], [10.03721, 11.9746], [10.03123, 11.97872], [10.02897, 11.97872], [10.02499, 11.98017], [10.02368, 11.98046], [10.02285, 11.98133], [10.02154, 11.98325], [10.02008, 11.98355], [10.01666, 11.98266], [10.01543, 11.98086], [10.01389, 11.97998], [10.01221, 11.97901], [10.01049, 11.97843], [10.00397, 11.97663]]]}, "properties": {"name": "Zago Kura", "lga": "Kafin Hausa", "state": "ji"}}, {"type": "Feature", "geometry": {"type": "Polygon", "coordinates": [[[8.45237, 12.74556], [8.45953, 12.74516], [8.46953, 12.73909], [8.46639, 12.72657], [8.46808, 12.72115], [8.46495, 12.71905], [8.457, 12.71693], [8.45488, 12.71664], [8.44566, 12.71483], [8.42267, 12.70628], [8.40958, 12.70556], [8.40271, 12.70593], [8.40288, 12.7258], [8.40302, 12.72585], [8.41186, 12.73131], [8.41946, 12.7367], [8.42327, 12.74649], [8.42469, 12.75049], [8.42879, 12.75113], [8.42975, 12.74775], [8.42956, 12.74545], [8.43016, 12.73372], [8.4361, 12.73305], [8.4519, 12.74454], [8.45237, 12.74556]]]}, "properties": {"name": "Belas", "lga": "Yankwashi", "state": "ji"}}, {"type": "Feature", "geometry": {"type": "Polygon", "coordinates": [[[9.34895, 12.11852], [9.34735, 12.12587], [9.3476, 12.1293], [9.34695, 12.13192], [9.34749, 12.13533], [9.3488, 12.13895], [9.33989, 12.16034], [9.33282, 12.17233], [9.33876, 12.17814], [9.33989, 12.17808], [9.34072, 12.17779], [9.34096, 12.17698], [9.33894, 12.1739], [9.34001, 12.17349], [9.34048, 12.17442], [9.34143, 12.17477], [9.34173, 12.1829], [9.34345, 12.18273], [9.34482, 12.18261], [9.34648, 12.18273], [9.34755, 12.18203], [9.34904, 12.18128], [9.3507, 12.18081], [9.35177, 12.1811], [9.35274, 12.18175], [9.35302, 12.18267], [9.35272, 12.18418], [9.35344, 12.18488], [9.35474, 12.18517], [9.35611, 12.18418], [9.35748, 12.18313], [9.36701, 12.1832], [9.37399, 12.17833], [9.37808, 12.18116], [9.3772, 12.18903], [9.37931, 12.19024], [9.38201, 12.19132], [9.38387, 12.19369], [9.38476, 12.19457], [9.38581, 12.19437], [9.3873, 12.19409], [9.38826, 12.19323], [9.38601, 12.19021], [9.38731, 12.1894], [9.38838, 12.18882], [9.39492, 12.19004], [9.39552, 12.1908], [9.39545, 12.19172], [9.3926, 12.1973], [9.39712, 12.19915], [9.40249, 12.19372], [9.40354, 12.19369], [9.40383, 12.19439], [9.40312, 12.19532], [9.40247, 12.19619], [9.40282, 12.19712], [9.40333, 12.19783], [9.40456, 12.19752], [9.40645, 12.19468], [9.40597, 12.1894], [9.41179, 12.18643], [9.41845, 12.17674], [9.42041, 12.1765], [9.42202, 12.17644], [9.42332, 12.17714], [9.42421, 12.17795], [9.4251, 12.18341], [9.42653, 12.18307], [9.42819, 12.1819], [9.42903, 12.18103], [9.43057, 12.18086], [9.43271, 12.18132], [9.434, 12.18211], [9.43491, 12.18359], [9.43562, 12.1851], [9.4367, 12.18549], [9.43758, 12.18556], [9.43847, 12.18632], [9.44465, 12.18571], [9.4459, 12.18453], [9.44697, 12.1837], [9.44878, 12.18433], [9.44951, 12.18496], [9.44979, 12.18521], [9.45472, 12.18381], [9.45853, 12.18631], [9.4596, 12.18631], [9.46061, 12.18544], [9.46599, 12.15867], [9.46791, 12.15747], [9.46748, 12.15574], [9.46808, 12.15474], [9.46909, 12.15461], [9.47041, 12.15428], [9.46986, 12.15274], [9.46927, 12.15142], [9.46969, 12.1496], [9.47091, 12.148], [9.47322, 12.14635], [9.47093, 12.14244], [9.47051, 12.14173], [9.46712, 12.13181], [9.4669, 12.12646], [9.46655, 12.11773], [9.46739, 12.1119], [9.46387, 12.10736], [9.46132, 12.10003], [9.44969, 12.09776], [9.44734, 12.10096], [9.44466, 12.10114], [9.44257, 12.09835], [9.43152, 12.09067], [9.42221, 12.08864], [9.41223, 12.08307], [9.40527, 12.10377], [9.40211, 12.10627], [9.40339, 12.10987], [9.40468, 12.12097], [9.40081, 12.12452], [9.39713, 12.12452], [9.37754, 12.12438], [9.34895, 12.11852]]]}, "properties": {"name": "Gunka", "lga": "Jahun", "state": "ji"}}, {"type": "Feature", "geometry": {"type": "Polygon", "coordinates": [[[8.38646, 12.61], [8.39322, 12.59795], [8.39876, 12.58685], [8.40215, 12.58175], [8.40237, 12.5791], [8.3926, 12.53602], [8.39236, 12.53124], [8.39114, 12.52308], [8.3892, 12.52342], [8.38257, 12.52392], [8.37943, 12.52392], [8.3725, 12.52533], [8.36918, 12.52588], [8.36439, 12.52689], [8.35405, 12.54424], [8.35272, 12.54998], [8.35292, 12.5535], [8.34987, 12.55731], [8.34527, 12.55817], [8.34311, 12.55889], [8.33756, 12.57008], [8.33644, 12.57391], [8.33721, 12.57455], [8.33829, 12.58466], [8.3406, 12.59034], [8.33613, 12.60811], [8.33912, 12.61132], [8.34113, 12.61392], [8.34504, 12.61762], [8.34824, 12.61875], [8.35137, 12.62013], [8.35313, 12.62145], [8.35534, 12.61862], [8.35626, 12.61492], [8.36038, 12.60856], [8.37082, 12.60207], [8.3803, 12.60657], [8.38646, 12.61]]]}, "properties": {"name": "Amaryawa", "lga": "Roni", "state": "ji"}}, {"type": "Feature", "geometry": {"type": "Polygon", "coordinates": [[[8.34312, 12.79648], [8.35644, 12.80038], [8.36273, 12.79936], [8.38169, 12.7971], [8.39409, 12.7964], [8.3948, 12.7869], [8.39194, 12.78636], [8.39026, 12.78604], [8.38334, 12.78523], [8.38244, 12.77496], [8.38244, 12.76872], [8.38417, 12.76087], [8.38554, 12.75444], [8.3857, 12.74783], [8.38533, 12.74454], [8.3671, 12.73585], [8.35247, 12.73191], [8.34596, 12.73555], [8.34468, 12.73851], [8.33203, 12.73893], [8.33162, 12.74152], [8.33894, 12.75546], [8.34163, 12.76412], [8.344, 12.77988], [8.34312, 12.79648]]]}, "properties": {"name": "Guntai", "lga": "Gwiwa", "state": "ji"}}, {"type": "Feature", "geometry": {"type": "Polygon", "coordinates": [[[8.22641, 12.75161], [8.22446, 12.75173], [8.22133, 12.74973], [8.21332, 12.74374], [8.20658, 12.74366], [8.20444, 12.74255], [8.19367, 12.73601], [8.19018, 12.73334], [8.18783, 12.73296], [8.18513, 12.73247], [8.1849, 12.73507], [8.18051, 12.74331], [8.17918, 12.74849], [8.18007, 12.75], [8.18196, 12.75033], [8.18088, 12.75365], [8.18017, 12.75611], [8.17211, 12.75115], [8.16714, 12.75669], [8.16287, 12.76392], [8.16149, 12.76979], [8.17473, 12.77606], [8.18133, 12.77512], [8.18518, 12.77602], [8.18989, 12.77679], [8.19431, 12.7772], [8.19738, 12.78172], [8.20436, 12.78875], [8.22085, 12.78927], [8.22707, 12.78829], [8.2354, 12.78685], [8.23539, 12.78093], [8.23646, 12.77497], [8.2361, 12.7712], [8.2428, 12.7724], [8.24545, 12.76669], [8.24632, 12.75826], [8.24623, 12.7545], [8.23244, 12.75595], [8.22641, 12.75161]]]}, "properties": {"name": "Korayel", "lga": "Gwiwa", "state": "ji"}}, {"type": "Feature", "geometry": {"type": "Polygon", "coordinates": [[[9.85782, 11.02319], [9.85687, 11.0259], [9.85563, 11.0328], [9.85441, 11.03739], [9.85437, 11.04084], [9.85432, 11.04545], [9.85918, 11.05555], [9.85293, 11.06616], [9.85404, 11.07193], [9.85424, 11.07276], [9.85516, 11.07654], [9.88899, 11.09395], [9.89035, 11.10657], [9.89069, 11.10789], [9.89159, 11.10915], [9.8931, 11.11014], [9.89473, 11.10985], [9.89609, 11.10908], [9.90174, 11.11283], [9.90042, 11.11781], [9.90364, 11.11909], [9.90488, 11.11875], [9.90631, 11.11997], [9.90758, 11.11932], [9.90851, 11.11886], [9.91007, 11.12089], [9.91083, 11.12172], [9.91217, 11.12206], [9.91242, 11.12265], [9.91249, 11.12393], [9.91463, 11.12392], [9.91558, 11.12317], [9.91637, 11.12399], [9.91772, 11.12475], [9.91855, 11.12347], [9.9217, 11.12312], [9.92235, 11.12393], [9.92203, 11.12454], [9.92229, 11.12533], [9.92794, 11.12457], [9.92925, 11.1272], [9.92977, 11.12712], [9.93013, 11.12617], [9.93161, 11.12686], [9.93061, 11.12755], [9.93162, 11.12836], [9.93281, 11.12842], [9.9337, 11.12743], [9.93578, 11.12819], [9.93715, 11.13], [9.93875, 11.13093], [9.94012, 11.13056], [9.94089, 11.13], [9.94612, 11.1314], [9.94671, 11.1321], [9.94737, 11.13244], [9.9482, 11.13874], [9.94891, 11.13909], [9.94933, 11.13973], [9.94969, 11.14125], [9.95117, 11.14195], [9.95204, 11.1411], [9.9539, 11.14218], [9.95753, 11.1469], [9.95854, 11.14702], [9.96002, 11.1476], [9.96157, 11.14824], [9.96258, 11.14941], [9.96288, 11.15081], [9.96395, 11.15104], [9.96531, 11.15116], [9.96412, 11.1525], [9.96383, 11.15326], [9.96442, 11.15384], [9.96549, 11.15308], [9.96632, 11.15378], [9.96757, 11.15384], [9.96716, 11.15483], [9.96817, 11.15553], [9.97648, 11.15028], [9.97737, 11.14426], [9.9791, 11.14265], [9.98041, 11.14113], [9.98148, 11.13897], [9.98148, 11.13758], [9.98207, 11.13635], [9.98956, 11.13309], [9.99098, 11.13402], [9.99229, 11.13425], [9.99853, 11.13361], [10.00881, 11.12504], [10.0097, 11.12352], [10.01065, 11.1216], [10.01101, 11.12026], [10.01124, 11.11822], [10.01517, 11.09694], [10.01303, 11.09243], [10.02379, 11.09624], [10.0263, 11.0978], [10.03445, 11.09679], [10.04558, 11.10786], [10.07113, 11.09466], [10.07148, 11.09448], [10.06557, 11.06911], [10.06718, 11.06556], [10.07043, 11.05979], [10.08914, 11.08], [10.09068, 11.0776], [10.09328, 11.07455], [10.10783, 11.06303], [10.10771, 11.0622], [10.10802, 11.06196], [10.10511, 11.04234], [10.10568, 11.02629], [10.10126, 10.99123], [10.08801, 10.99004], [10.06028, 10.97001], [10.04621, 10.96591], [10.02536, 10.97293], [10.01033, 10.97008], [10.00631, 10.95566], [9.98553, 10.95822], [9.96711, 10.97084], [9.92915, 10.99157], [9.89039, 10.99102], [9.8815, 10.98927], [9.87403, 10.99735], [9.86999, 10.99909], [9.86886, 10.99957], [9.86293, 11.0064], [9.86092, 11.01089], [9.85933, 11.01442], [9.85808, 11.02165], [9.85782, 11.02319]]]}, "properties": {"name": "Fagam", "lga": "Gwaram", "state": "ji"}}, {"type": "Feature", "geometry": {"type": "Polygon", "coordinates": [[[9.35614, 12.02972], [9.3529, 12.02962], [9.3506, 12.02986], [9.3367, 12.0264], [9.33444, 12.0329], [9.33173, 12.03827], [9.32899, 12.0432], [9.31928, 12.05686], [9.31929, 12.05689], [9.32288, 12.07144], [9.32048, 12.08963], [9.31982, 12.10023], [9.33509, 12.11012], [9.34193, 12.11404], [9.34895, 12.11852], [9.37754, 12.12438], [9.39713, 12.12452], [9.40081, 12.12452], [9.40468, 12.12097], [9.40339, 12.10987], [9.40211, 12.10627], [9.40527, 12.10377], [9.41223, 12.08307], [9.40744, 12.08218], [9.40732, 12.08067], [9.40658, 12.07978], [9.40567, 12.08023], [9.40458, 12.08134], [9.40281, 12.08138], [9.40225, 12.07995], [9.40065, 12.08039], [9.39894, 12.08118], [9.39757, 12.08101], [9.38969, 12.07477], [9.38702, 12.07348], [9.38627, 12.0742], [9.38511, 12.07492], [9.38405, 12.07387], [9.38302, 12.07264], [9.37623, 12.06941], [9.37526, 12.07052], [9.37355, 12.06991], [9.37236, 12.06996], [9.37178, 12.06941], [9.37013, 12.06946], [9.36956, 12.07019], [9.36825, 12.06996], [9.36751, 12.0689], [9.36671, 12.06768], [9.36551, 12.06667], [9.37193, 12.05207], [9.37621, 12.04838], [9.37668, 12.04729], [9.37678, 12.04524], [9.37696, 12.04283], [9.37403, 12.03997], [9.36776, 12.03712], [9.35846, 12.0326], [9.35614, 12.02972]]]}, "properties": {"name": "Kale", "lga": "Jahun", "state": "ji"}}, {"type": "Feature", "geometry": {"type": "Polygon", "coordinates": [[[8.4233, 12.64203], [8.40675, 12.6508], [8.40757, 12.65252], [8.41534, 12.65432], [8.41572, 12.65263], [8.41639, 12.65267], [8.4167, 12.6523], [8.4155, 12.6511], [8.41583, 12.64931], [8.41747, 12.64922], [8.42018, 12.64911], [8.42081, 12.64877], [8.42247, 12.64721], [8.42418, 12.64545], [8.4233, 12.64203]]]}, "properties": {"name": "Unguwar Yamma", "lga": "Kazaure", "state": "ji"}}, {"type": "Feature", "geometry": {"type": "Polygon", "coordinates": [[[9.62956, 12.19661], [9.6065, 12.1921], [9.59465, 12.18162], [9.58042, 12.16057], [9.55073, 12.19157], [9.54635, 12.19514], [9.53168, 12.20832], [9.52785, 12.21819], [9.55494, 12.25112], [9.56298, 12.26142], [9.56626, 12.26579], [9.57141, 12.26577], [9.58097, 12.26769], [9.58602, 12.26902], [9.59214, 12.27024], [9.59713, 12.26908], [9.62971, 12.26872], [9.63532, 12.25538], [9.63313, 12.2467], [9.63078, 12.24618], [9.62907, 12.24423], [9.62763, 12.24309], [9.62765, 12.24151], [9.62701, 12.23886], [9.62551, 12.22987], [9.62594, 12.20367], [9.62956, 12.19661]]]}, "properties": {"name": "Hantsu", "lga": "Miga", "state": "ji"}}, {"type": "Feature", "geometry": {"type": "Polygon", "coordinates": [[[9.67217, 12.33361], [9.67558, 12.33876], [9.67982, 12.34416], [9.68595, 12.34972], [9.69242, 12.35327], [9.69812, 12.35745], [9.70285, 12.36341], [9.71582, 12.3641], [9.73768, 12.36499], [9.75052, 12.36193], [9.76149, 12.35417], [9.76297, 12.34191], [9.76708, 12.33924], [9.76851, 12.3369], [9.76816, 12.33238], [9.76736, 12.32831], [9.76497, 12.32313], [9.76269, 12.31919], [9.74212, 12.30457], [9.73389, 12.30095], [9.72785, 12.29764], [9.71789, 12.29353], [9.70465, 12.28933], [9.69012, 12.2864], [9.68403, 12.2871], [9.68431, 12.29002], [9.68426, 12.29316], [9.68602, 12.30654], [9.68545, 12.31623], [9.67912, 12.3205], [9.67217, 12.33361]]]}, "properties": {"name": "Marke", "lga": "Kaugama", "state": "ji"}}, {"type": "Feature", "geometry": {"type": "Polygon", "coordinates": [[[9.38336, 12.61116], [9.38266, 12.61626], [9.37949, 12.62229], [9.38523, 12.62304], [9.38469, 12.6267], [9.39078, 12.62844], [9.39216, 12.62333], [9.39379, 12.6234], [9.39501, 12.62353], [9.39564, 12.62368], [9.39826, 12.62443], [9.39992, 12.62559], [9.40145, 12.62706], [9.40306, 12.62872], [9.40968, 12.61891], [9.4037, 12.61615], [9.39682, 12.61276], [9.39358, 12.61183], [9.39015, 12.61175], [9.38336, 12.61116]]]}, "properties": {"name": "Gusau", "lga": "Gumel", "state": "ji"}}, {"type": "Feature", "geometry": {"type": "Polygon", "coordinates": [[[10.01209, 12.36332], [10.01468, 12.36446], [10.01597, 12.36545], [10.01648, 12.36697], [10.01529, 12.36982], [10.01529, 12.37081], [10.01715, 12.37384], [10.03512, 12.37579], [10.04643, 12.3743], [10.05421, 12.3738], [10.06619, 12.37375], [10.07759, 12.35601], [10.08094, 12.34545], [10.08366, 12.33823], [10.0969, 12.31689], [10.10087, 12.31097], [10.10698, 12.30179], [10.12478, 12.29427], [10.13213, 12.288], [10.12381, 12.28419], [10.11501, 12.28019], [10.10593, 12.27217], [10.10437, 12.26204], [10.10401, 12.256], [10.09697, 12.25714], [10.06075, 12.2639], [10.05137, 12.26941], [10.03839, 12.27525], [10.02718, 12.27779], [10.02391, 12.28316], [10.02174, 12.29098], [10.02983, 12.29581], [10.02306, 12.31529], [10.01165, 12.33312], [10.01345, 12.34592], [10.01494, 12.35324], [10.01209, 12.36332]]]}, "properties": {"name": "Jabbo", "lga": "Kafin Hausa", "state": "ji"}}, {"type": "Feature", "geometry": {"type": "Polygon", "coordinates": [[[9.89768, 12.47125], [9.90092, 12.46879], [9.8977, 12.46464], [9.89711, 12.46245], [9.89734, 12.46023], [9.89749, 12.45876], [9.89989, 12.45425], [9.89944, 12.45214], [9.89225, 12.43914], [9.87997, 12.43709], [9.83414, 12.42548], [9.81924, 12.41783], [9.81316, 12.41581], [9.80436, 12.41153], [9.80062, 12.40859], [9.79541, 12.40588], [9.79001, 12.40288], [9.76045, 12.42964], [9.77888, 12.43692], [9.77968, 12.4378], [9.77776, 12.43923], [9.77469, 12.44285], [9.77523, 12.44372], [9.77794, 12.44809], [9.7877, 12.45375], [9.82028, 12.46892], [9.84331, 12.47456], [9.8488, 12.47582], [9.85201, 12.47937], [9.85985, 12.47811], [9.86427, 12.47645], [9.87404, 12.47533], [9.8864, 12.4794], [9.88891, 12.48199], [9.89768, 12.47125]]]}, "properties": {"name": "Shaiya", "lga": "Malam Madori", "state": "ji"}}, {"type": "Feature", "geometry": {"type": "Polygon", "coordinates": [[[10.07148, 11.09448], [10.08014, 11.10513], [10.09662, 11.13913], [10.10316, 11.15605], [10.10317, 11.15608], [10.10378, 11.17362], [10.10372, 11.17361], [10.09253, 11.17195], [10.08394, 11.16889], [10.08212, 11.16824], [10.08207, 11.16822], [10.08195, 11.16822], [10.08184, 11.16818], [10.07569, 11.16799], [10.07795, 11.17592], [10.0865, 11.1758], [10.08661, 11.17585], [10.09152, 11.17836], [10.09165, 11.17838], [10.10392, 11.17986], [10.10415, 11.17997], [10.10486, 11.18032], [10.10922, 11.18246], [10.11268, 11.18962], [10.11292, 11.18984], [10.13761, 11.21174], [10.13927, 11.21085], [10.13948, 11.21074], [10.14406, 11.19159], [10.13822, 11.17682], [10.13816, 11.17668], [10.13982, 11.17311], [10.14289, 11.17241], [10.14408, 11.17062], [10.15543, 11.16708], [10.15551, 11.16713], [10.15587, 11.16737], [10.16447, 11.17301], [10.16495, 11.17303], [10.17869, 11.17345], [10.17924, 11.17373], [10.19283, 11.18009], [10.20163, 11.17104], [10.21349, 11.15885], [10.22213, 11.14237], [10.22247, 11.14172], [10.2229, 11.1409], [10.20874, 11.13713], [10.19579, 11.13545], [10.16081, 11.09699], [10.15547, 11.08337], [10.15512, 11.08247], [10.18349, 11.07675], [10.18486, 11.07648], [10.18303, 11.07407], [10.18065, 11.07191], [10.17881, 11.07016], [10.1772, 11.06695], [10.17613, 11.06439], [10.17483, 11.06281], [10.17162, 11.06147], [10.16984, 11.05972], [10.16883, 11.05815], [10.16782, 11.05301], [10.16657, 11.04794], [10.15878, 11.03272], [10.16177, 11.02965], [10.15778, 11.02107], [10.1536, 11.01361], [10.15359, 11.0136], [10.15563, 11.00561], [10.16132, 10.99777], [10.1691, 10.9888], [10.17042, 10.98856], [10.17723, 10.98731], [10.18451, 10.98597], [10.19534, 10.98185], [10.20427, 10.97549], [10.20646, 10.97272], [10.22151, 10.95372], [10.22142, 10.95336], [10.22182, 10.95286], [10.2203, 10.94677], [10.20817, 10.94659], [10.19141, 10.9482], [10.19111, 10.94805], [10.18908, 10.94702], [10.18676, 10.94469], [10.18209, 10.94348], [10.17858, 10.94344], [10.17508, 10.94224], [10.16335, 10.9444], [10.1567, 10.94432], [10.15632, 10.94432], [10.15416, 10.9462], [10.154, 10.94626], [10.15109, 10.94725], [10.14812, 10.94537], [10.14576, 10.9465], [10.14342, 10.94647], [10.13404, 10.9475], [10.12698, 10.95087], [10.12463, 10.952], [10.11992, 10.95424], [10.11755, 10.95652], [10.114, 10.95993], [10.11124, 10.96259], [10.11126, 10.96328], [10.11193, 10.99218], [10.11161, 10.99215], [10.10126, 10.99123], [10.10568, 11.02629], [10.10511, 11.04234], [10.10802, 11.06196], [10.10771, 11.0622], [10.10783, 11.06303], [10.09328, 11.07455], [10.09068, 11.0776], [10.08914, 11.08], [10.07043, 11.05979], [10.06718, 11.06556], [10.06557, 11.06911], [10.07148, 11.09448]]]}, "properties": {"name": "Kwondiko", "lga": "Gwaram", "state": "ji"}}, {"type": "Feature", "geometry": {"type": "Polygon", "coordinates": [[[9.50947, 12.57693], [9.47577, 12.59252], [9.48204, 12.59305], [9.49603, 12.59897], [9.49841, 12.60137], [9.49878, 12.62268], [9.49678, 12.62557], [9.4953, 12.6273], [9.49368, 12.62824], [9.48153, 12.63228], [9.48827, 12.63911], [9.49523, 12.6419], [9.50273, 12.646], [9.51156, 12.65082], [9.51301, 12.64867], [9.53744, 12.64943], [9.54106, 12.63733], [9.5695, 12.64048], [9.58788, 12.63814], [9.59733, 12.64179], [9.61033, 12.64197], [9.62695, 12.66707], [9.64721, 12.66651], [9.65158, 12.61264], [9.61832, 12.57642], [9.61157, 12.56271], [9.58942, 12.5765], [9.56266, 12.57888], [9.56615, 12.59106], [9.5661, 12.59797], [9.5663, 12.602], [9.55516, 12.60255], [9.55178, 12.59435], [9.50947, 12.57693]]]}, "properties": {"name": "Balarabe", "lga": "Maigatari", "state": "ji"}}, {"type": "Feature", "geometry": {"type": "Polygon", "coordinates": [[[9.71587, 12.03145], [9.72333, 12.01137], [9.72354, 12.00683], [9.71841, 12.0062], [9.70466, 12.00933], [9.70194, 12.00691], [9.69703, 11.99571], [9.68815, 11.98645], [9.68042, 11.98057], [9.67855, 11.97929], [9.63446, 11.96638], [9.62312, 11.96897], [9.60934, 11.96999], [9.60212, 11.97273], [9.59505, 11.97772], [9.59784, 11.99146], [9.59214, 12.00726], [9.59208, 12.01949], [9.59223, 12.02728], [9.58177, 12.03523], [9.58629, 12.03697], [9.58756, 12.03464], [9.59383, 12.03331], [9.59679, 12.03704], [9.58885, 12.06058], [9.61116, 12.05346], [9.62698, 12.04524], [9.63071, 12.04896], [9.63168, 12.04944], [9.64141, 12.05334], [9.64818, 12.05851], [9.64915, 12.0592], [9.65767, 12.06149], [9.66942, 12.06414], [9.67592, 12.06355], [9.68211, 12.06146], [9.69219, 12.05486], [9.70869, 12.03475], [9.71587, 12.03145]]]}, "properties": {"name": "Idanduna", "lga": "Jahun", "state": "ji"}}, {"type": "Feature", "geometry": {"type": "Polygon", "coordinates": [[[8.99995, 12.58723], [9.00444, 12.59518], [9.00439, 12.5957], [9.004, 12.59659], [9.00424, 12.59725], [9.00483, 12.59754], [9.02289, 12.61589], [9.03914, 12.60936], [9.05897, 12.60664], [9.07226, 12.60616], [9.07896, 12.60781], [9.09834, 12.60771], [9.12379, 12.60981], [9.12762, 12.60927], [9.14956, 12.58507], [9.15132, 12.58434], [9.1534, 12.58433], [9.15711, 12.58518], [9.15554, 12.56986], [9.15358, 12.56438], [9.1238, 12.54336], [9.1183, 12.53853], [9.10875, 12.52915], [9.10494, 12.52598], [9.09964, 12.52319], [9.096, 12.52464], [9.09238, 12.53033], [9.09157, 12.53458], [9.08786, 12.53868], [9.07759, 12.55035], [9.06383, 12.55942], [9.05057, 12.56416], [9.0316, 12.56867], [9.01798, 12.57291], [9.01695, 12.58261], [9.01206, 12.58236], [9.00889, 12.58668], [8.99995, 12.58723]]]}, "properties": {"name": "Albasu", "lga": "Sule Tankarkar", "state": "ji"}}, {"type": "Feature", "geometry": {"type": "Polygon", "coordinates": [[[9.97284, 11.22601], [9.96558, 11.22111], [9.96088, 11.21749], [9.95078, 11.22136], [9.92387, 11.23652], [9.91896, 11.23625], [9.89779, 11.22959], [9.88675, 11.2287], [9.88094, 11.22168], [9.87696, 11.21454], [9.87335, 11.20069], [9.87256, 11.19814], [9.86147, 11.19821], [9.86088, 11.20097], [9.86022, 11.20284], [9.85967, 11.20441], [9.84859, 11.22772], [9.84186, 11.22957], [9.83698, 11.24673], [9.82616, 11.27309], [9.82492, 11.27956], [9.82602, 11.28021], [9.82772, 11.27958], [9.83001, 11.28122], [9.83112, 11.28202], [9.83281, 11.28116], [9.83356, 11.28189], [9.83459, 11.28312], [9.83406, 11.28412], [9.83402, 11.28501], [9.843, 11.28312], [9.84942, 11.28382], [9.85605, 11.28914], [9.85683, 11.29004], [9.85748, 11.29144], [9.85818, 11.29244], [9.85587, 11.29578], [9.85468, 11.29718], [9.85183, 11.29951], [9.88225, 11.3213], [9.90813, 11.31756], [9.91536, 11.30934], [9.92536, 11.30585], [9.93037, 11.30176], [9.93156, 11.29839], [9.93442, 11.29314], [9.93332, 11.29077], [9.93757, 11.2837], [9.93672, 11.27128], [9.93627, 11.26438], [9.93705, 11.25536], [9.964, 11.23788], [9.96992, 11.22836], [9.97284, 11.22601]]]}, "properties": {"name": "Gwaram", "lga": "Gwaram", "state": "ji"}}, {"type": "Feature", "geometry": {"type": "Polygon", "coordinates": [[[9.81222, 11.88459], [9.80866, 11.88202], [9.804, 11.88241], [9.8002, 11.88014], [9.79026, 11.87846], [9.78946, 11.87632], [9.78736, 11.87627], [9.78706, 11.87449], [9.7823, 11.87462], [9.78053, 11.87221], [9.77781, 11.87255], [9.76295, 11.86779], [9.75361, 11.86246], [9.74987, 11.86398], [9.7481, 11.86307], [9.7476, 11.86112], [9.73165, 11.85793], [9.70793, 11.84987], [9.70653, 11.85169], [9.70386, 11.85114], [9.70175, 11.85498], [9.70313, 11.85872], [9.69921, 11.86025], [9.69807, 11.8592], [9.69671, 11.86004], [9.69529, 11.85892], [9.69058, 11.86402], [9.68894, 11.8636], [9.6878, 11.86422], [9.68816, 11.86569], [9.6873, 11.86716], [9.68616, 11.86793], [9.68255, 11.86675], [9.68385, 11.87254], [9.68842, 11.8826], [9.70486, 11.88603], [9.70191, 11.89229], [9.68754, 11.89959], [9.6798, 11.89036], [9.67745, 11.88588], [9.67511, 11.87714], [9.66108, 11.86637], [9.64923, 11.87296], [9.64583, 11.87473], [9.64082, 11.87344], [9.64182, 11.88077], [9.64404, 11.88757], [9.654, 11.89743], [9.65709, 11.9049], [9.65872, 11.91883], [9.66008, 11.92109], [9.67331, 11.91858], [9.67686, 11.92248], [9.67669, 11.93011], [9.67729, 11.93181], [9.69843, 11.9387], [9.71687, 11.94524], [9.72641, 11.94877], [9.73789, 11.95576], [9.75436, 11.94752], [9.75056, 11.9374], [9.74605, 11.92895], [9.74189, 11.92226], [9.73727, 11.91945], [9.72407, 11.9054], [9.71803, 11.89478], [9.74353, 11.8787], [9.77556, 11.90018], [9.79961, 11.90374], [9.81038, 11.88682], [9.81222, 11.88459]]]}, "properties": {"name": "Balago", "lga": "Kiyawa", "state": "ji"}}, {"type": "Feature", "geometry": {"type": "Polygon", "coordinates": [[[9.75174, 12.42587], [9.74578, 12.42386], [9.73321, 12.42024], [9.72304, 12.42145], [9.70668, 12.42359], [9.69228, 12.42408], [9.68486, 12.42159], [9.67659, 12.43461], [9.67366, 12.44347], [9.78868, 12.50639], [9.79845, 12.49456], [9.80173, 12.49191], [9.80021, 12.49003], [9.79772, 12.48826], [9.79471, 12.48753], [9.79151, 12.48613], [9.77631, 12.47804], [9.76854, 12.47211], [9.76176, 12.4648], [9.75656, 12.45533], [9.74909, 12.44837], [9.74218, 12.44271], [9.74902, 12.4288], [9.75174, 12.42587]]]}, "properties": {"name": "Kaugama", "lga": "Kaugama", "state": "ji"}}, {"type": "Feature", "geometry": {"type": "Polygon", "coordinates": [[[9.17847, 12.2125], [9.17602, 12.23175], [9.17999, 12.23206], [9.18541, 12.2375], [9.19061, 12.24345], [9.20168, 12.25014], [9.20345, 12.24674], [9.20465, 12.24444], [9.22216, 12.22583], [9.22523, 12.21805], [9.23203, 12.21024], [9.23346, 12.20894], [9.23013, 12.20443], [9.2356, 12.20141], [9.25337, 12.19668], [9.25642, 12.19602], [9.25984, 12.19644], [9.26169, 12.1976], [9.26356, 12.19793], [9.26525, 12.19681], [9.27295, 12.19151], [9.27067, 12.15468], [9.2702, 12.15113], [9.26842, 12.15078], [9.26866, 12.14846], [9.26688, 12.14776], [9.26569, 12.1502], [9.26521, 12.15218], [9.26373, 12.15199], [9.26332, 12.14624], [9.26213, 12.14636], [9.26088, 12.14648], [9.25957, 12.14607], [9.25896, 12.14522], [9.25637, 12.14305], [9.255, 12.14247], [9.25293, 12.1468], [9.25165, 12.14649], [9.24989, 12.14607], [9.24852, 12.14502], [9.24822, 12.14375], [9.24842, 12.14266], [9.25203, 12.13707], [9.25161, 12.13614], [9.25054, 12.13561], [9.24935, 12.13526], [9.23783, 12.14253], [9.23646, 12.14189], [9.23574, 12.13859], [9.23253, 12.13463], [9.23206, 12.13243], [9.23044, 12.13246], [9.22921, 12.13103], [9.22612, 12.1301], [9.22536, 12.13265], [9.2254, 12.13463], [9.22562, 12.13672], [9.22457, 12.13789], [9.22148, 12.13765], [9.2178, 12.13765], [9.21447, 12.13765], [9.21269, 12.13614], [9.21304, 12.13394], [9.21494, 12.13208], [9.21737, 12.12985], [9.2157, 12.12758], [9.20895, 12.12867], [9.20144, 12.1259], [9.19895, 12.12317], [9.19693, 12.11887], [9.19645, 12.11562], [9.19568, 12.11225], [9.19556, 12.11004], [9.19633, 12.10766], [9.19669, 12.10557], [9.19472, 12.10272], [9.19223, 12.09964], [9.17672, 12.09476], [9.17109, 12.09536], [9.16757, 12.09906], [9.16638, 12.10312], [9.16473, 12.10467], [9.15846, 12.1053], [9.14327, 12.10223], [9.13906, 12.09868], [9.13158, 12.08717], [9.12872, 12.08041], [9.12423, 12.07734], [9.11289, 12.07302], [9.10998, 12.08775], [9.11006, 12.08779], [9.11039, 12.10092], [9.11333, 12.10551], [9.11807, 12.10826], [9.1284, 12.1085], [9.13202, 12.10851], [9.1307, 12.1163], [9.13115, 12.11711], [9.13172, 12.11817], [9.13725, 12.12456], [9.14533, 12.12555], [9.15258, 12.12648], [9.15598, 12.12625], [9.16358, 12.13085], [9.16082, 12.1344], [9.1574, 12.13449], [9.15487, 12.13573], [9.15833, 12.1401], [9.15993, 12.14025], [9.16312, 12.14028], [9.16569, 12.1395], [9.16524, 12.13721], [9.16612, 12.13664], [9.16773, 12.13641], [9.18074, 12.12386], [9.18183, 12.12194], [9.18616, 12.12252], [9.19195, 12.12336], [9.19794, 12.13182], [9.19794, 12.13821], [9.19316, 12.14932], [9.1938, 12.1576], [9.19415, 12.16224], [9.19283, 12.17005], [9.18224, 12.18555], [9.18033, 12.19874], [9.17755, 12.20362], [9.18268, 12.20662], [9.18635, 12.21062], [9.18466, 12.21498], [9.18189, 12.21398], [9.17847, 12.2125]]]}, "properties": {"name": "Yandutse", "lga": "Ringim", "state": "ji"}}, {"type": "Feature", "geometry": {"type": "Polygon", "coordinates": [[[9.60781, 12.32799], [9.61108, 12.32449], [9.62857, 12.32723], [9.63535, 12.3298], [9.64198, 12.33127], [9.64989, 12.33343], [9.67217, 12.33361], [9.67912, 12.3205], [9.68545, 12.31623], [9.68602, 12.30654], [9.68426, 12.29316], [9.68431, 12.29002], [9.68403, 12.2871], [9.67742, 12.28549], [9.66923, 12.28426], [9.6621, 12.28422], [9.65378, 12.28416], [9.64832, 12.28362], [9.62971, 12.26872], [9.59713, 12.26908], [9.59214, 12.27024], [9.58602, 12.26902], [9.58097, 12.26769], [9.57141, 12.26577], [9.56626, 12.26579], [9.56208, 12.27128], [9.55455, 12.28335], [9.5544, 12.29409], [9.55923, 12.29858], [9.56471, 12.30087], [9.57042, 12.30258], [9.58175, 12.30651], [9.5899, 12.31085], [9.5972, 12.31853], [9.60781, 12.32799]]]}, "properties": {"name": "Sabon Gari", "lga": "Miga", "state": "ji"}}, {"type": "Feature", "geometry": {"type": "Polygon", "coordinates": [[[9.68255, 11.86675], [9.67915, 11.8649], [9.67377, 11.85931], [9.67368, 11.8527], [9.67346, 11.84707], [9.66302, 11.831], [9.6524, 11.81687], [9.6505, 11.81724], [9.64798, 11.81792], [9.64578, 11.81662], [9.64261, 11.81566], [9.63995, 11.81361], [9.63919, 11.81222], [9.64042, 11.81129], [9.64052, 11.80961], [9.62596, 11.812], [9.6197, 11.81817], [9.61859, 11.82394], [9.61814, 11.84123], [9.617, 11.84607], [9.60312, 11.8457], [9.59704, 11.83673], [9.5844, 11.8346], [9.58456, 11.81998], [9.59449, 11.82023], [9.59533, 11.8024], [9.57334, 11.80277], [9.57343, 11.79622], [9.57439, 11.78653], [9.57768, 11.7684], [9.57825, 11.75464], [9.57674, 11.7465], [9.56576, 11.74891], [9.55649, 11.75219], [9.5593, 11.76648], [9.53564, 11.7644], [9.52252, 11.76673], [9.52256, 11.76974], [9.51489, 11.76917], [9.51396, 11.77891], [9.50527, 11.77953], [9.50669, 11.78947], [9.54559, 11.79213], [9.54195, 11.80657], [9.52793, 11.8186], [9.52346, 11.83016], [9.52908, 11.82916], [9.54372, 11.82834], [9.55483, 11.82969], [9.5613, 11.85186], [9.56681, 11.85965], [9.57011, 11.86687], [9.57623, 11.86857], [9.59279, 11.86888], [9.60383, 11.87155], [9.61793, 11.8735], [9.63228, 11.87373], [9.64082, 11.87344], [9.64583, 11.87473], [9.64923, 11.87296], [9.66108, 11.86637], [9.67511, 11.87714], [9.67745, 11.88588], [9.6798, 11.89036], [9.68754, 11.89959], [9.70191, 11.89229], [9.70486, 11.88603], [9.68842, 11.8826], [9.68385, 11.87254], [9.68255, 11.86675]]]}, "properties": {"name": "Katuka", "lga": "Kiyawa", "state": "ji"}}, {"type": "Feature", "geometry": {"type": "Polygon", "coordinates": [[[9.04191, 12.66356], [9.03239, 12.67273], [9.02125, 12.67918], [9.01648, 12.68587], [9.01266, 12.69009], [9.03998, 12.69875], [9.045, 12.7011], [9.05962, 12.71001], [9.06211, 12.71717], [9.06754, 12.72739], [9.07393, 12.7315], [9.08005, 12.73543], [9.08612, 12.73514], [9.09682, 12.7366], [9.10452, 12.73882], [9.10937, 12.74258], [9.11464, 12.7462], [9.12555, 12.75044], [9.1383, 12.75731], [9.15132, 12.76389], [9.15978, 12.76992], [9.17351, 12.77241], [9.17718, 12.76556], [9.18659, 12.76009], [9.19365, 12.75815], [9.19921, 12.75766], [9.2099, 12.75843], [9.22567, 12.75455], [9.2328, 12.74968], [9.23708, 12.744], [9.23838, 12.73948], [9.24071, 12.73457], [9.2328, 12.73229], [9.2271, 12.73032], [9.21783, 12.72372], [9.20404, 12.72163], [9.18566, 12.72401], [9.16302, 12.72078], [9.1575, 12.69764], [9.15619, 12.69272], [9.14636, 12.69799], [9.14559, 12.6984], [9.14717, 12.69914], [9.1494, 12.6991], [9.15127, 12.69986], [9.15069, 12.70095], [9.14227, 12.70016], [9.12983, 12.70678], [9.12734, 12.69902], [9.12686, 12.69368], [9.1185, 12.68411], [9.10714, 12.68572], [9.09967, 12.68603], [9.09964, 12.68609], [9.08751, 12.69027], [9.07738, 12.68696], [9.0649, 12.6783], [9.05484, 12.67244], [9.04696, 12.66887], [9.04191, 12.66356]]]}, "properties": {"name": "Yandamo", "lga": "Sule Tankarkar", "state": "ji"}}, {"type": "Feature", "geometry": {"type": "Polygon", "coordinates": [[[9.57915, 12.39126], [9.5776, 12.394], [9.5755, 12.3976], [9.5735, 12.3996], [9.5705, 12.40126], [9.57154, 12.4047], [9.57155, 12.40541], [9.57372, 12.42545], [9.57274, 12.4454], [9.589, 12.4447], [9.5901, 12.4393], [9.5948, 12.4354], [9.60391, 12.43201], [9.62568, 12.42412], [9.63045, 12.41997], [9.57915, 12.39126]]]}, "properties": {"name": "Gagarawa Tasha", "lga": "Gagarawa", "state": "ji"}}, {"type": "Feature", "geometry": {"type": "Polygon", "coordinates": [[[9.74275, 12.23822], [9.69253, 12.21811], [9.67988, 12.21254], [9.64369, 12.20113], [9.62956, 12.19661], [9.62594, 12.20367], [9.62551, 12.22987], [9.62701, 12.23886], [9.62765, 12.24151], [9.62763, 12.24309], [9.62907, 12.24423], [9.63078, 12.24618], [9.63313, 12.2467], [9.63532, 12.25538], [9.62971, 12.26872], [9.64832, 12.28362], [9.65378, 12.28416], [9.6621, 12.28422], [9.66923, 12.28426], [9.67742, 12.28549], [9.68403, 12.2871], [9.69012, 12.2864], [9.70465, 12.28933], [9.71789, 12.29353], [9.72785, 12.29764], [9.73389, 12.30095], [9.74212, 12.30457], [9.75307, 12.2987], [9.76276, 12.29222], [9.77299, 12.28654], [9.77575, 12.28618], [9.77845, 12.28522], [9.77217, 12.26978], [9.76841, 12.26415], [9.74275, 12.23822]]]}, "properties": {"name": "Miga", "lga": "Miga", "state": "ji"}}, {"type": "Feature", "geometry": {"type": "Polygon", "coordinates": [[[8.30125, 12.53608], [8.32441, 12.54746], [8.32835, 12.54981], [8.33004, 12.55169], [8.34311, 12.55889], [8.34527, 12.55817], [8.34987, 12.55731], [8.35292, 12.5535], [8.35272, 12.54998], [8.35405, 12.54424], [8.36439, 12.52689], [8.36264, 12.51935], [8.35946, 12.50814], [8.35328, 12.49876], [8.34491, 12.48912], [8.33542, 12.49916], [8.32871, 12.5016], [8.32041, 12.5046], [8.31114, 12.50768], [8.30764, 12.51682], [8.30541, 12.52289], [8.30287, 12.52818], [8.30004, 12.52719], [8.29904, 12.52953], [8.29709, 12.53361], [8.29833, 12.53431], [8.30041, 12.53548], [8.30125, 12.53608]]]}, "properties": {"name": "Zugai", "lga": "Roni", "state": "ji"}}, {"type": "Feature", "geometry": {"type": "Polygon", "coordinates": [[[9.5147, 11.94698], [9.49797, 11.96685], [9.48249, 11.96484], [9.47921, 11.99065], [9.47553, 12.00131], [9.47684, 12.01568], [9.48046, 12.03235], [9.48832, 12.03285], [9.50822, 12.03518], [9.52566, 12.03843], [9.54108, 12.04722], [9.55249, 12.05015], [9.5553, 12.0412], [9.56719, 12.05], [9.57503, 12.06215], [9.57709, 12.06169], [9.58297, 12.06082], [9.58885, 12.06058], [9.59679, 12.03704], [9.59383, 12.03331], [9.58756, 12.03464], [9.58629, 12.03697], [9.58177, 12.03523], [9.59223, 12.02728], [9.59208, 12.01949], [9.59214, 12.00726], [9.59784, 11.99146], [9.59505, 11.97772], [9.58862, 11.97957], [9.58187, 11.97991], [9.55811, 11.97572], [9.54777, 11.97422], [9.54072, 11.97364], [9.54273, 11.96587], [9.53361, 11.96073], [9.5147, 11.94698]]]}, "properties": {"name": "Jabarna", "lga": "Jahun", "state": "ji"}}, {"type": "Feature", "geometry": {"type": "Polygon", "coordinates": [[[9.41223, 12.08307], [9.42221, 12.08864], [9.43152, 12.09067], [9.4324, 12.09122], [9.43241, 12.09123], [9.45875, 12.07771], [9.46415, 12.07472], [9.47303, 12.07221], [9.48732, 12.06871], [9.51388, 12.08093], [9.51994, 12.08405], [9.52605, 12.08676], [9.5333, 12.08858], [9.54222, 12.08802], [9.55628, 12.08503], [9.56682, 12.0728], [9.57021, 12.06679], [9.57503, 12.06215], [9.56719, 12.05], [9.5553, 12.0412], [9.55249, 12.05015], [9.54108, 12.04722], [9.52566, 12.03843], [9.50822, 12.03518], [9.48832, 12.03285], [9.48046, 12.03235], [9.47684, 12.01568], [9.47553, 12.00131], [9.47921, 11.99065], [9.48249, 11.96484], [9.46982, 11.97412], [9.46174, 11.98063], [9.45228, 11.98607], [9.45718, 11.99207], [9.46017, 11.99423], [9.45196, 11.997], [9.44646, 11.99841], [9.43458, 11.99606], [9.4306, 11.99474], [9.4247, 11.9904], [9.4139, 11.98761], [9.40862, 11.99568], [9.40126, 11.99838], [9.38101, 12.00077], [9.38155, 12.00415], [9.38134, 12.00924], [9.38106, 12.01293], [9.38041, 12.01572], [9.37932, 12.01736], [9.3776, 12.02024], [9.37164, 12.02328], [9.36702, 12.0254], [9.35971, 12.02663], [9.35614, 12.02972], [9.35846, 12.0326], [9.36776, 12.03712], [9.37403, 12.03997], [9.37696, 12.04283], [9.37678, 12.04524], [9.37668, 12.04729], [9.37621, 12.04838], [9.37193, 12.05207], [9.36551, 12.06667], [9.36671, 12.06768], [9.36751, 12.0689], [9.36825, 12.06996], [9.36956, 12.07019], [9.37013, 12.06946], [9.37178, 12.06941], [9.37236, 12.06996], [9.37355, 12.06991], [9.37526, 12.07052], [9.37623, 12.06941], [9.38302, 12.07264], [9.38405, 12.07387], [9.38511, 12.07492], [9.38627, 12.0742], [9.38702, 12.07348], [9.38969, 12.07477], [9.39757, 12.08101], [9.39894, 12.08118], [9.40065, 12.08039], [9.40225, 12.07995], [9.40281, 12.08138], [9.40458, 12.08134], [9.40567, 12.08023], [9.40658, 12.07978], [9.40732, 12.08067], [9.40744, 12.08218], [9.41223, 12.08307]]]}, "properties": {"name": "Aujara", "lga": "Jahun", "state": "ji"}}, {"type": "Feature", "geometry": {"type": "Polygon", "coordinates": [[[9.47544, 12.81369], [9.4952, 12.81246], [9.49635, 12.8033], [9.49049, 12.79921], [9.48457, 12.7958], [9.48313, 12.79032], [9.4747, 12.78148], [9.48169, 12.77346], [9.47616, 12.75411], [9.45358, 12.7537], [9.45159, 12.77033], [9.42517, 12.77104], [9.41219, 12.77411], [9.41514, 12.7809], [9.41881, 12.79338], [9.42296, 12.7999], [9.42427, 12.80228], [9.43704, 12.80029], [9.44149, 12.79972], [9.44435, 12.80012], [9.44507, 12.80615], [9.47544, 12.81369]]]}, "properties": {"name": "Maigatari Kudu", "lga": "Maigatari", "state": "ji"}}, {"type": "Feature", "geometry": {"type": "Polygon", "coordinates": [[[9.49189, 12.25989], [9.48043, 12.26683], [9.46447, 12.2685], [9.4479, 12.26529], [9.44069, 12.28312], [9.45169, 12.28984], [9.45848, 12.29346], [9.47828, 12.29753], [9.49551, 12.29477], [9.50891, 12.29223], [9.50621, 12.28055], [9.50263, 12.27304], [9.49189, 12.25989]]]}, "properties": {"name": "Kiri", "lga": "Taura", "state": "ji"}}, {"type": "Feature", "geometry": {"type": "Polygon", "coordinates": [[[8.39835, 12.7708], [8.40699, 12.77306], [8.41289, 12.77547], [8.43027, 12.77954], [8.43414, 12.77176], [8.43574, 12.77141], [8.43604, 12.76915], [8.43645, 12.76823], [8.43681, 12.76556], [8.43675, 12.7626], [8.43634, 12.75936], [8.43445, 12.75394], [8.43585, 12.75272], [8.43934, 12.75228], [8.44723, 12.75021], [8.45237, 12.74556], [8.4519, 12.74454], [8.4361, 12.73305], [8.43016, 12.73372], [8.42956, 12.74545], [8.42975, 12.74775], [8.42879, 12.75113], [8.42469, 12.75049], [8.42327, 12.74649], [8.41946, 12.7367], [8.41186, 12.73131], [8.40302, 12.72585], [8.40288, 12.7258], [8.40207, 12.72978], [8.401, 12.735], [8.4002, 12.7402], [8.40124, 12.74534], [8.39835, 12.7708]]]}, "properties": {"name": "Zungumba", "lga": "Yankwashi", "state": "ji"}}, {"type": "Feature", "geometry": {"type": "Polygon", "coordinates": [[[9.74804, 11.50133], [9.75017, 11.50815], [9.75126, 11.52605], [9.75137, 11.53013], [9.74997, 11.53956], [9.7496, 11.54289], [9.74785, 11.54641], [9.74976, 11.54632], [9.75091, 11.54626], [9.75138, 11.54639], [9.77694, 11.55786], [9.78245, 11.56951], [9.78884, 11.5799], [9.79241, 11.58475], [9.80192, 11.58937], [9.80441, 11.59492], [9.80788, 11.6069], [9.8172, 11.60414], [9.83491, 11.59888], [9.82947, 11.58806], [9.81957, 11.57988], [9.83078, 11.54034], [9.8297, 11.53785], [9.81999, 11.53203], [9.81588, 11.52956], [9.81538, 11.52925], [9.80558, 11.52141], [9.79862, 11.5137], [9.79779, 11.51278], [9.79214, 11.50652], [9.78787, 11.50472], [9.78515, 11.49827], [9.78518, 11.49481], [9.78452, 11.49288], [9.78277, 11.4925], [9.77409, 11.48848], [9.76534, 11.49289], [9.75918, 11.49756], [9.74804, 11.50133]]]}, "properties": {"name": "Yayarin Tukur", "lga": "Buji", "state": "ji"}}, {"type": "Feature", "geometry": {"type": "Polygon", "coordinates": [[[9.88891, 12.48199], [9.8864, 12.4794], [9.87404, 12.47533], [9.86427, 12.47645], [9.86842, 12.48852], [9.87356, 12.50546], [9.86854, 12.52138], [9.85956, 12.54108], [9.85399, 12.54838], [9.86318, 12.55044], [9.86824, 12.55133], [9.87223, 12.55335], [9.88187, 12.55651], [9.88468, 12.55741], [9.88175, 12.56067], [9.87876, 12.56413], [9.88029, 12.56479], [9.88184, 12.5658], [9.88715, 12.57021], [9.89057, 12.57207], [9.89521, 12.57407], [9.90504, 12.58277], [9.91188, 12.58454], [9.91051, 12.57791], [9.90854, 12.56842], [9.90602, 12.55626], [9.93056, 12.54482], [9.91612, 12.52516], [9.9069, 12.51647], [9.90372, 12.51003], [9.90048, 12.50549], [9.89459, 12.49665], [9.88891, 12.48199]]]}, "properties": {"name": "Malam Madori", "lga": "Malam Madori", "state": "ji"}}, {"type": "Feature", "geometry": {"type": "Polygon", "coordinates": [[[8.46953, 12.73909], [8.48291, 12.74498], [8.48882, 12.748], [8.49166, 12.74975], [8.49753, 12.74904], [8.51353, 12.74163], [8.51928, 12.73906], [8.53642, 12.72558], [8.53935, 12.72516], [8.54641, 12.71344], [8.5406, 12.69048], [8.55205, 12.68552], [8.55281, 12.68338], [8.55396, 12.67644], [8.5464, 12.67519], [8.54289, 12.67845], [8.53706, 12.67975], [8.52414, 12.67545], [8.52512, 12.66672], [8.52441, 12.66299], [8.52251, 12.65655], [8.51012, 12.64971], [8.49917, 12.64251], [8.4866, 12.6442], [8.47341, 12.64981], [8.48623, 12.66737], [8.48311, 12.67267], [8.47762, 12.68337], [8.46842, 12.68847], [8.46092, 12.69101], [8.46018, 12.69456], [8.45789, 12.695], [8.45782, 12.69541], [8.45628, 12.70943], [8.457, 12.71693], [8.46495, 12.71905], [8.46808, 12.72115], [8.46639, 12.72657], [8.46953, 12.73909]]]}, "properties": {"name": "Baauzini", "lga": "Kazaure", "state": "ji"}}, {"type": "Feature", "geometry": {"type": "Polygon", "coordinates": [[[9.57274, 12.4454], [9.565, 12.44675], [9.54312, 12.44821], [9.54539, 12.46695], [9.54663, 12.47264], [9.55459, 12.47559], [9.56293, 12.49095], [9.56403, 12.49685], [9.56437, 12.49846], [9.59261, 12.49853], [9.60573, 12.4976], [9.64403, 12.48046], [9.64313, 12.4763], [9.64333, 12.47013], [9.66589, 12.46643], [9.66004, 12.45996], [9.65256, 12.45515], [9.64307, 12.4438], [9.64229, 12.44213], [9.64172, 12.44067], [9.64158, 12.43977], [9.64818, 12.42942], [9.63045, 12.41997], [9.62568, 12.42412], [9.60391, 12.43201], [9.5948, 12.4354], [9.5901, 12.4393], [9.589, 12.4447], [9.57274, 12.4454]]]}, "properties": {"name": "Mai Aduwa", "lga": "Gagarawa", "state": "ji"}}, {"type": "Feature", "geometry": {"type": "Polygon", "coordinates": [[[9.74799, 12.19353], [9.76364, 12.18905], [9.77233, 12.19162], [9.77622, 12.18031], [9.77662, 12.17587], [9.77626, 12.16495], [9.77643, 12.15034], [9.76709, 12.14979], [9.76413, 12.1462], [9.76462, 12.14045], [9.7687, 12.13706], [9.7688, 12.12891], [9.76982, 12.12593], [9.73392, 12.12378], [9.73084, 12.13638], [9.72683, 12.14145], [9.72483, 12.14627], [9.7317, 12.17071], [9.73074, 12.17336], [9.72695, 12.17236], [9.72455, 12.17172], [9.72383, 12.17408], [9.73018, 12.18146], [9.73475, 12.18342], [9.74664, 12.19268], [9.74799, 12.19353]]]}, "properties": {"name": "Garbo", "lga": "Miga", "state": "ji"}}, {"type": "Feature", "geometry": {"type": "Polygon", "coordinates": [[[9.58885, 12.06058], [9.58297, 12.06082], [9.57709, 12.06169], [9.57503, 12.06215], [9.57021, 12.06679], [9.56682, 12.0728], [9.55628, 12.08503], [9.54222, 12.08802], [9.53734, 12.10138], [9.53931, 12.10292], [9.54138, 12.10364], [9.54145, 12.10496], [9.54042, 12.10621], [9.53984, 12.10803], [9.53922, 12.11703], [9.5383, 12.11795], [9.5378, 12.11885], [9.54758, 12.12002], [9.55448, 12.10345], [9.55608, 12.10195], [9.5582, 12.10113], [9.56057, 12.10184], [9.58135, 12.11818], [9.58636, 12.13524], [9.60957, 12.13874], [9.61132, 12.13794], [9.61968, 12.13772], [9.63806, 12.13627], [9.64601, 12.14134], [9.64839, 12.13967], [9.65029, 12.13865], [9.65248, 12.13632], [9.65381, 12.13307], [9.64925, 12.12061], [9.64649, 12.10518], [9.64521, 12.08951], [9.64524, 12.08243], [9.64564, 12.0755], [9.64915, 12.0592], [9.64818, 12.05851], [9.64141, 12.05334], [9.63168, 12.04944], [9.63071, 12.04896], [9.62698, 12.04524], [9.61116, 12.05346], [9.58885, 12.06058]]]}, "properties": {"name": "Jahun", "lga": "Jahun", "state": "ji"}}, {"type": "Feature", "geometry": {"type": "Polygon", "coordinates": [[[8.59305, 12.77734], [8.59368, 12.77189], [8.59441, 12.76622], [8.60084, 12.74818], [8.59024, 12.74398], [8.58002, 12.74166], [8.57064, 12.7405], [8.54318, 12.73714], [8.53935, 12.72516], [8.53642, 12.72558], [8.51928, 12.73906], [8.51353, 12.74163], [8.51464, 12.74402], [8.52565, 12.76241], [8.53549, 12.76452], [8.54628, 12.76542], [8.55072, 12.76919], [8.55078, 12.77306], [8.56636, 12.7738], [8.59269, 12.77729], [8.59305, 12.77734]]]}, "properties": {"name": "Yankwashi", "lga": "Yankwashi", "state": "ji"}}, {"type": "Feature", "geometry": {"type": "Polygon", "coordinates": [[[9.39119, 12.6297], [9.39231, 12.63094], [9.39111, 12.63347], [9.39096, 12.63512], [9.39113, 12.63589], [9.39125, 12.63979], [9.39949, 12.64159], [9.4079, 12.64644], [9.40827, 12.64626], [9.41725, 12.63471], [9.42016, 12.6315], [9.41395, 12.63269], [9.41181, 12.63315], [9.41017, 12.63334], [9.40936, 12.63327], [9.4085, 12.63312], [9.40755, 12.63277], [9.40649, 12.63206], [9.40571, 12.63128], [9.40306, 12.62872], [9.40199, 12.62947], [9.40126, 12.63019], [9.40025, 12.63091], [9.39125, 12.62875], [9.3912, 12.62927], [9.39119, 12.6297]]]}, "properties": {"name": "Galagamma", "lga": "Gumel", "state": "ji"}}, {"type": "Feature", "geometry": {"type": "Polygon", "coordinates": [[[9.81222, 11.88459], [9.81038, 11.88682], [9.79961, 11.90374], [9.77556, 11.90018], [9.74353, 11.8787], [9.71803, 11.89478], [9.72407, 11.9054], [9.73727, 11.91945], [9.74189, 11.92226], [9.74605, 11.92895], [9.75056, 11.9374], [9.75436, 11.94752], [9.77455, 11.94983], [9.78322, 11.9538], [9.78913, 11.9598], [9.79115, 11.96195], [9.79424, 11.96387], [9.81, 11.96446], [9.81994, 11.96042], [9.82365, 11.96114], [9.834, 11.96289], [9.85134, 11.96126], [9.86251, 11.96475], [9.87825, 11.96348], [9.88791, 11.95991], [9.89132, 11.95586], [9.89478, 11.95002], [9.89672, 11.94113], [9.89874, 11.93805], [9.89155, 11.93543], [9.89094, 11.9357], [9.88876, 11.93663], [9.88272, 11.93321], [9.88019, 11.93058], [9.87301, 11.92311], [9.83351, 11.89039], [9.8281, 11.88925], [9.82055, 11.88766], [9.81619, 11.88674], [9.81416, 11.88564], [9.81222, 11.88459]]]}, "properties": {"name": "Kwanda", "lga": "Kiyawa", "state": "ji"}}, {"type": "Feature", "geometry": {"type": "Polygon", "coordinates": [[[9.79001, 12.40288], [9.79541, 12.40588], [9.80062, 12.40859], [9.80436, 12.41153], [9.81316, 12.41581], [9.81924, 12.41783], [9.83414, 12.42548], [9.87997, 12.43709], [9.89225, 12.43914], [9.89926, 12.43405], [9.90979, 12.42695], [9.92239, 12.42138], [9.92823, 12.41709], [9.92964, 12.41606], [9.93188, 12.41585], [9.9353, 12.41643], [9.9368, 12.41595], [9.93856, 12.41418], [9.93405, 12.41134], [9.92009, 12.40618], [9.91599, 12.40386], [9.91403, 12.40177], [9.90999, 12.398], [9.90399, 12.39099], [9.90095, 12.38467], [9.89109, 12.38324], [9.88756, 12.37512], [9.89015, 12.36739], [9.87932, 12.36659], [9.87239, 12.36641], [9.86652, 12.36752], [9.8589, 12.36879], [9.8538, 12.36625], [9.84541, 12.36046], [9.82822, 12.35674], [9.8126, 12.3593], [9.80614, 12.36312], [9.7932, 12.36716], [9.78953, 12.36932], [9.79013, 12.37778], [9.78927, 12.38316], [9.78718, 12.38994], [9.78851, 12.39737], [9.79001, 12.40288]]]}, "properties": {"name": "Askandu", "lga": "Kaugama", "state": "ji"}}, {"type": "Feature", "geometry": {"type": "Polygon", "coordinates": [[[8.62452, 12.59443], [8.61122, 12.59459], [8.59982, 12.59715], [8.55602, 12.60258], [8.55592, 12.62141], [8.54468, 12.62728], [8.53763, 12.63152], [8.54264, 12.64349], [8.54295, 12.64503], [8.54904, 12.65989], [8.56761, 12.66801], [8.58529, 12.66732], [8.58828, 12.67908], [8.59477, 12.69555], [8.60467, 12.69544], [8.62338, 12.68506], [8.62127, 12.68307], [8.61876, 12.6661], [8.61583, 12.65205], [8.63118, 12.65286], [8.62988, 12.64496], [8.62868, 12.64231], [8.62627, 12.63881], [8.62597, 12.63607], [8.62478, 12.62922], [8.62551, 12.62805], [8.62256, 12.61837], [8.61879, 12.61204], [8.62348, 12.59703], [8.62452, 12.59443]]]}, "properties": {"name": "Dabaza", "lga": "Kazaure", "state": "ji"}}, {"type": "Feature", "geometry": {"type": "Polygon", "coordinates": [[[9.39874, 12.40889], [9.40945, 12.43219], [9.40834, 12.43657], [9.40667, 12.45268], [9.43584, 12.46035], [9.44553, 12.46269], [9.45074, 12.45159], [9.4675, 12.4624], [9.47643, 12.45232], [9.48181, 12.44638], [9.47204, 12.43133], [9.46688, 12.41894], [9.45035, 12.38455], [9.44112, 12.38403], [9.42087, 12.38421], [9.40413, 12.3965], [9.40177, 12.39762], [9.39874, 12.40889]]]}, "properties": {"name": "Kore Balatu", "lga": "Gagarawa", "state": "ji"}}, {"type": "Feature", "geometry": {"type": "Polygon", "coordinates": [[[9.9647, 12.3899], [9.96574, 12.39183], [9.96639, 12.39358], [9.96496, 12.39842], [9.95861, 12.40295], [9.95984, 12.40466], [9.96338, 12.40453], [9.96378, 12.40509], [9.96442, 12.40574], [9.96465, 12.41431], [9.98262, 12.41654], [9.98264, 12.41272], [9.98604, 12.40964], [9.98854, 12.40445], [9.9895, 12.40487], [9.99082, 12.40532], [9.99185, 12.40616], [9.9926, 12.40734], [9.99335, 12.40881], [9.99605, 12.42099], [9.99979, 12.4152], [9.99482, 12.39646], [9.97736, 12.38607], [9.97131, 12.38422], [9.97038, 12.3839], [9.96761, 12.38708], [9.9647, 12.3899]]]}, "properties": {"name": "Gatafa", "lga": "Auyo", "state": "ji"}}, {"type": "Feature", "geometry": {"type": "Polygon", "coordinates": [[[9.40037, 12.56006], [9.40572, 12.54964], [9.40993, 12.53706], [9.40033, 12.53214], [9.40056, 12.52318], [9.39818, 12.4908], [9.38398, 12.47192], [9.39445, 12.45717], [9.40667, 12.45268], [9.40834, 12.43657], [9.40945, 12.43219], [9.39874, 12.40889], [9.37116, 12.4171], [9.35326, 12.42571], [9.34576, 12.4282], [9.3249, 12.42722], [9.31736, 12.42902], [9.31403, 12.43122], [9.30868, 12.4347], [9.31117, 12.44724], [9.30872, 12.48108], [9.31394, 12.48275], [9.32642, 12.48245], [9.34173, 12.50218], [9.3443, 12.50367], [9.34404, 12.53626], [9.3443, 12.53974], [9.36372, 12.5412], [9.36672, 12.54197], [9.37162, 12.54491], [9.40037, 12.56006]]]}, "properties": {"name": "Danzomo", "lga": "Sule Tankarkar", "state": "ji"}}, {"type": "Feature", "geometry": {"type": "Polygon", "coordinates": [[[9.22486, 12.46412], [9.2346, 12.46643], [9.24202, 12.47175], [9.24681, 12.46213], [9.25007, 12.45452], [9.25201, 12.44875], [9.25482, 12.4402], [9.25646, 12.437], [9.2585, 12.43471], [9.25976, 12.43329], [9.25997, 12.42978], [9.26052, 12.42094], [9.25924, 12.41683], [9.25517, 12.40936], [9.24729, 12.40714], [9.24016, 12.40344], [9.23444, 12.39991], [9.22764, 12.39455], [9.22065, 12.39425], [9.22067, 12.39397], [9.2227, 12.3908], [9.22302, 12.39002], [9.22169, 12.38859], [9.21535, 12.38181], [9.20653, 12.3622], [9.18804, 12.35669], [9.18647, 12.36], [9.18335, 12.3663], [9.1793, 12.36942], [9.16544, 12.37961], [9.16641, 12.38362], [9.16721, 12.38652], [9.16858, 12.3907], [9.16852, 12.39237], [9.16841, 12.39505], [9.15793, 12.39545], [9.15218, 12.39464], [9.14776, 12.39928], [9.14194, 12.398], [9.1408, 12.40051], [9.14158, 12.40492], [9.14926, 12.41117], [9.16213, 12.41886], [9.16063, 12.42422], [9.15771, 12.42743], [9.14837, 12.4275], [9.13832, 12.423], [9.13193, 12.42561], [9.12066, 12.4291], [9.11807, 12.43422], [9.12283, 12.44339], [9.14106, 12.45522], [9.14402, 12.45721], [9.15986, 12.44803], [9.16515, 12.44554], [9.17155, 12.44315], [9.17567, 12.44165], [9.17692, 12.445], [9.18035, 12.45151], [9.18177, 12.45569], [9.1817, 12.46573], [9.16503, 12.46706], [9.16456, 12.47205], [9.17234, 12.47315], [9.20223, 12.4749], [9.20319, 12.463], [9.2095, 12.46336], [9.22486, 12.46412]]]}, "properties": {"name": "Garki", "lga": "Garki", "state": "ji"}}, {"type": "Feature", "geometry": {"type": "Polygon", "coordinates": [[[9.64443, 12.81342], [9.65948, 12.83089], [9.66199, 12.83381], [9.68073, 12.82085], [9.69191, 12.80497], [9.70056, 12.80261], [9.72065, 12.78986], [9.72873, 12.78401], [9.7437, 12.75406], [9.74624, 12.74573], [9.74977, 12.72526], [9.74947, 12.71672], [9.7491, 12.71472], [9.73443, 12.70605], [9.72774, 12.69249], [9.71695, 12.69153], [9.71695, 12.70105], [9.70389, 12.70206], [9.69746, 12.68958], [9.67833, 12.69779], [9.66127, 12.7078], [9.65386, 12.71544], [9.65133, 12.73049], [9.65558, 12.73825], [9.65628, 12.76105], [9.65686, 12.76277], [9.65801, 12.76465], [9.65976, 12.77959], [9.64577, 12.78449], [9.64576, 12.79252], [9.65364, 12.7976], [9.64443, 12.81342]]]}, "properties": {"name": "Turbus", "lga": "Maigatari", "state": "ji"}}, {"type": "Feature", "geometry": {"type": "Polygon", "coordinates": [[[8.52587, 12.78613], [8.497, 12.79644], [8.49406, 12.7963], [8.48146, 12.79555], [8.46869, 12.79368], [8.46904, 12.80221], [8.4675, 12.80685], [8.46198, 12.82324], [8.46707, 12.82684], [8.46983, 12.82811], [8.4788, 12.83066], [8.48525, 12.83202], [8.49886, 12.83362], [8.50211, 12.83382], [8.52787, 12.83193], [8.55215, 12.83182], [8.56319, 12.83414], [8.56394, 12.82527], [8.57403, 12.82047], [8.54972, 12.80617], [8.54648, 12.80546], [8.5343, 12.80223], [8.53153, 12.79727], [8.52974, 12.7955], [8.52587, 12.78613]]]}, "properties": {"name": "Gwarta", "lga": "Yankwashi", "state": "ji"}}, {"type": "Feature", "geometry": {"type": "Polygon", "coordinates": [[[8.47341, 12.64981], [8.46815, 12.63436], [8.46456, 12.62369], [8.45292, 12.62025], [8.4408, 12.61124], [8.43709, 12.61672], [8.4363, 12.61787], [8.44265, 12.62743], [8.44097, 12.64728], [8.44103, 12.64737], [8.44277, 12.65653], [8.42775, 12.67444], [8.42658, 12.67608], [8.42362, 12.67465], [8.4146, 12.67207], [8.40886, 12.67081], [8.39783, 12.666], [8.39141, 12.66641], [8.38638, 12.66877], [8.38004, 12.68515], [8.38566, 12.69333], [8.40271, 12.70593], [8.40958, 12.70556], [8.42267, 12.70628], [8.44566, 12.71483], [8.45488, 12.71664], [8.457, 12.71693], [8.45628, 12.70943], [8.45782, 12.69541], [8.45789, 12.695], [8.46018, 12.69456], [8.46092, 12.69101], [8.46842, 12.68847], [8.47762, 12.68337], [8.48311, 12.67267], [8.48623, 12.66737], [8.47341, 12.64981]]]}, "properties": {"name": "Sabaru", "lga": "Kazaure", "state": "ji"}}, {"type": "Feature", "geometry": {"type": "Polygon", "coordinates": [[[8.54295, 12.64503], [8.54297, 12.64514], [8.53787, 12.64651], [8.53727, 12.64735], [8.53688, 12.64886], [8.53696, 12.65012], [8.5382, 12.65274], [8.53906, 12.65495], [8.53954, 12.65866], [8.53899, 12.66193], [8.53559, 12.66278], [8.52441, 12.66299], [8.52512, 12.66672], [8.52414, 12.67545], [8.53706, 12.67975], [8.54289, 12.67845], [8.5464, 12.67519], [8.55396, 12.67644], [8.55281, 12.68338], [8.55205, 12.68552], [8.5406, 12.69048], [8.54641, 12.71344], [8.56811, 12.70568], [8.59037, 12.70245], [8.59477, 12.69555], [8.58828, 12.67908], [8.58529, 12.66732], [8.56761, 12.66801], [8.54904, 12.65989], [8.54295, 12.64503]]]}, "properties": {"name": "Ringim", "lga": "Yankwashi", "state": "ji"}}, {"type": "Feature", "geometry": {"type": "Polygon", "coordinates": [[[8.46456, 12.62369], [8.46815, 12.63436], [8.47341, 12.64981], [8.4866, 12.6442], [8.49917, 12.64251], [8.51012, 12.64971], [8.52251, 12.65655], [8.52441, 12.66299], [8.53559, 12.66278], [8.53899, 12.66193], [8.53954, 12.65866], [8.53906, 12.65495], [8.5382, 12.65274], [8.53696, 12.65012], [8.53688, 12.64886], [8.53727, 12.64735], [8.53787, 12.64651], [8.54297, 12.64514], [8.54295, 12.64503], [8.54264, 12.64349], [8.53763, 12.63152], [8.54468, 12.62728], [8.55592, 12.62141], [8.55602, 12.60258], [8.54303, 12.60157], [8.53197, 12.60074], [8.50772, 12.59527], [8.49597, 12.59438], [8.49437, 12.5971], [8.49329, 12.60106], [8.49243, 12.60189], [8.48867, 12.6005], [8.48183, 12.59699], [8.47449, 12.60441], [8.46456, 12.62369]]]}, "properties": {"name": "Daba", "lga": "Kazaure", "state": "ji"}}, {"type": "Feature", "geometry": {"type": "Polygon", "coordinates": [[[9.57915, 12.39126], [9.57005, 12.38705], [9.56127, 12.38287], [9.55436, 12.37823], [9.5399, 12.37962], [9.53135, 12.37993], [9.51939, 12.38417], [9.51527, 12.38601], [9.51359, 12.39123], [9.51063, 12.39541], [9.50595, 12.40132], [9.50424, 12.40912], [9.51775, 12.42024], [9.52153, 12.42138], [9.52352, 12.42424], [9.52823, 12.42543], [9.52818, 12.42611], [9.52863, 12.4281], [9.54312, 12.44821], [9.565, 12.44675], [9.57274, 12.4454], [9.57372, 12.42545], [9.57155, 12.40541], [9.57154, 12.4047], [9.5705, 12.40126], [9.5735, 12.3996], [9.5755, 12.3976], [9.5776, 12.394], [9.57915, 12.39126]]]}, "properties": {"name": "Gagarawa Gari", "lga": "Gagarawa", "state": "ji"}}, {"type": "Feature", "geometry": {"type": "Polygon", "coordinates": [[[9.92216, 12.62827], [9.91986, 12.62991], [9.91547, 12.63257], [9.90629, 12.63859], [9.90461, 12.64186], [9.90418, 12.64272], [9.90284, 12.64212], [9.90097, 12.64119], [9.89751, 12.64044], [9.89534, 12.64124], [9.89296, 12.6404], [9.89276, 12.63183], [9.89228, 12.62486], [9.89179, 12.62206], [9.89024, 12.62006], [9.88819, 12.62006], [9.8851, 12.62137], [9.87941, 12.62117], [9.87691, 12.62083], [9.87392, 12.62041], [9.85307, 12.62529], [9.8586, 12.63561], [9.86206, 12.64207], [9.86202, 12.64713], [9.86216, 12.66503], [9.8515, 12.67583], [9.8493, 12.68696], [9.82437, 12.70265], [9.82369, 12.70476], [9.82795, 12.70866], [9.81939, 12.71263], [9.81476, 12.71938], [9.83315, 12.72291], [9.8387, 12.73811], [9.85202, 12.74786], [9.85918, 12.74918], [9.85946, 12.749], [9.88241, 12.74698], [9.88755, 12.74343], [9.89216, 12.70539], [9.87936, 12.70228], [9.87101, 12.68536], [9.89743, 12.66438], [9.90614, 12.66151], [9.91481, 12.65959], [9.92853, 12.65844], [9.92216, 12.62827]]]}, "properties": {"name": "Kachallari", "lga": "Biriniwa", "state": "ji"}}, {"type": "Feature", "geometry": {"type": "Polygon", "coordinates": [[[10.02885, 12.13057], [10.01542, 12.13563], [10.00099, 12.14741], [9.9982, 12.15137], [9.99832, 12.15179], [9.99781, 12.15605], [10.00902, 12.16424], [10.01992, 12.18417], [10.00554, 12.20792], [10.01795, 12.2199], [10.03668, 12.19869], [10.04087, 12.19065], [10.04941, 12.18421], [10.05354, 12.18166], [10.06244, 12.19917], [10.05932, 12.20166], [10.05155, 12.20385], [10.04691, 12.2117], [10.05984, 12.22038], [10.06555, 12.22494], [10.06982, 12.22973], [10.06486, 12.23517], [10.064, 12.23656], [10.06257, 12.23816], [10.05827, 12.23858], [10.05742, 12.23842], [10.05674, 12.23986], [10.06848, 12.24471], [10.07885, 12.23495], [10.08431, 12.23067], [10.08727, 12.22819], [10.09106, 12.22239], [10.10761, 12.21185], [10.1103, 12.21066], [10.11725, 12.20991], [10.12253, 12.21315], [10.12935, 12.23505], [10.13462, 12.24949], [10.13471, 12.24952], [10.15216, 12.24415], [10.14754, 12.23822], [10.14905, 12.22451], [10.15151, 12.20227], [10.16222, 12.18324], [10.17039, 12.16498], [10.16993, 12.16376], [10.16078, 12.16218], [10.14909, 12.15864], [10.14168, 12.15297], [10.13764, 12.14995], [10.13542, 12.15214], [10.13521, 12.15214], [10.13381, 12.15195], [10.13205, 12.15094], [10.13309, 12.14796], [10.11815, 12.1428], [10.09115, 12.13857], [10.0904, 12.10772], [10.0806, 12.11052], [10.07487, 12.11403], [10.06125, 12.11832], [10.05255, 12.11971], [10.04684, 12.12149], [10.03644, 12.1278], [10.02885, 12.13057]]]}, "properties": {"name": "Majawa", "lga": "Kafin Hausa", "state": "ji"}}, {"type": "Feature", "geometry": {"type": "Polygon", "coordinates": [[[9.72263, 12.5905], [9.74082, 12.599], [9.76544, 12.60918], [9.7805, 12.61958], [9.7805, 12.6281], [9.78753, 12.63151], [9.79584, 12.63845], [9.81089, 12.64016], [9.81133, 12.63932], [9.81332, 12.61241], [9.81491, 12.61052], [9.82567, 12.60798], [9.84564, 12.62064], [9.84612, 12.62073], [9.85305, 12.62525], [9.85765, 12.61126], [9.85412, 12.6039], [9.851, 12.60153], [9.85627, 12.58956], [9.85612, 12.58918], [9.84815, 12.58047], [9.84366, 12.58197], [9.84244, 12.57939], [9.8353, 12.58103], [9.82782, 12.57955], [9.82244, 12.57682], [9.82369, 12.57346], [9.82433, 12.56934], [9.83153, 12.56611], [9.83073, 12.56101], [9.82759, 12.55276], [9.82082, 12.54455], [9.819, 12.54023], [9.82384, 12.5395], [9.82679, 12.53169], [9.82653, 12.52736], [9.81699, 12.52208], [9.8085, 12.51742], [9.80251, 12.51395], [9.79717, 12.51996], [9.78519, 12.53348], [9.77984, 12.55349], [9.77535, 12.55307], [9.7638, 12.55384], [9.74534, 12.5546], [9.73948, 12.55871], [9.73321, 12.56595], [9.731, 12.57259], [9.72886, 12.58286], [9.72263, 12.5905]]]}, "properties": {"name": "Arbus", "lga": "Kaugama", "state": "ji"}}, {"type": "Feature", "geometry": {"type": "Polygon", "coordinates": [[[8.29641, 12.78672], [8.31109, 12.78841], [8.31698, 12.78968], [8.32709, 12.79121], [8.33873, 12.79478], [8.34312, 12.79648], [8.344, 12.77988], [8.34163, 12.76412], [8.33894, 12.75546], [8.33162, 12.74152], [8.33275, 12.72834], [8.32744, 12.72305], [8.31043, 12.71994], [8.30917, 12.72235], [8.3081, 12.72374], [8.3059, 12.72596], [8.30373, 12.72574], [8.301, 12.7287], [8.30662, 12.73825], [8.31142, 12.738], [8.31197, 12.74209], [8.31304, 12.74635], [8.31201, 12.75027], [8.31312, 12.75244], [8.31487, 12.75641], [8.31376, 12.75896], [8.30994, 12.76293], [8.30971, 12.7671], [8.3062, 12.77178], [8.29926, 12.77831], [8.29661, 12.78421], [8.29641, 12.78672]]]}, "properties": {"name": "Gwiwa", "lga": "Gwiwa", "state": "ji"}}, {"type": "Feature", "geometry": {"type": "Polygon", "coordinates": [[[10.02357, 12.45595], [10.02384, 12.45482], [10.02416, 12.45432], [10.01923, 12.44856], [10.02029, 12.44529], [10.02232, 12.4409], [10.02318, 12.44163], [10.02396, 12.44235], [10.02468, 12.44291], [10.02766, 12.44056], [10.02731, 12.44054], [10.02549, 12.44009], [10.02382, 12.43985], [10.02092, 12.43712], [10.02116, 12.42334], [10.01495, 12.42572], [9.99917, 12.42656], [9.994, 12.41521], [9.99335, 12.40881], [9.9926, 12.40734], [9.99185, 12.40616], [9.99082, 12.40532], [9.9895, 12.40487], [9.98854, 12.40445], [9.98604, 12.40964], [9.98264, 12.41272], [9.98262, 12.41654], [9.96543, 12.41455], [9.96465, 12.41431], [9.96439, 12.41346], [9.95791, 12.41984], [9.95359, 12.42156], [9.95153, 12.42552], [9.95102, 12.43131], [9.94899, 12.43465], [9.94699, 12.43659], [9.94277, 12.44177], [9.94106, 12.4468], [9.95338, 12.45123], [9.96147, 12.45022], [9.97323, 12.44395], [9.99253, 12.44492], [9.99965, 12.46107], [10.01216, 12.46246], [10.01439, 12.46123], [10.01663, 12.45561], [10.0212, 12.45477], [10.02287, 12.45519], [10.02357, 12.45595]]]}, "properties": {"name": "Tashena", "lga": "Malam Madori", "state": "ji"}}, {"type": "Feature", "geometry": {"type": "Polygon", "coordinates": [[[8.81679, 12.67417], [8.82393, 12.67443], [8.82863, 12.67594], [8.82917, 12.67265], [8.8297, 12.6705], [8.83103, 12.67042], [8.84016, 12.67216], [8.8403, 12.67286], [8.84072, 12.67368], [8.84793, 12.67535], [8.85049, 12.67879], [8.86464, 12.66904], [8.86243, 12.6465], [8.87255, 12.63599], [8.90653, 12.62844], [8.91077, 12.62602], [8.90469, 12.60248], [8.89882, 12.59618], [8.90701, 12.58713], [8.91968, 12.57755], [8.93632, 12.56804], [8.93466, 12.56099], [8.92297, 12.54161], [8.92963, 12.53529], [8.92012, 12.52171], [8.91827, 12.52067], [8.9135, 12.52506], [8.90901, 12.53264], [8.9042, 12.5393], [8.90251, 12.5408], [8.89975, 12.54096], [8.89502, 12.54168], [8.89101, 12.54141], [8.87751, 12.54632], [8.85359, 12.54743], [8.84339, 12.54605], [8.84034, 12.54669], [8.83739, 12.5462], [8.82933, 12.55105], [8.82473, 12.55798], [8.82375, 12.56216], [8.84181, 12.56552], [8.84818, 12.56528], [8.8524, 12.56585], [8.86558, 12.56625], [8.85822, 12.58998], [8.85429, 12.60394], [8.83654, 12.60455], [8.8396, 12.6209], [8.84492, 12.62697], [8.84808, 12.63375], [8.84449, 12.64233], [8.84083, 12.64986], [8.83725, 12.65255], [8.8331, 12.6528], [8.82098, 12.66656], [8.81679, 12.67417]]]}, "properties": {"name": "Takwasa", "lga": "Babura", "state": "ji"}}, {"type": "Feature", "geometry": {"type": "MultiPolygon", "coordinates": [[[[8.72948, 12.4255], [8.728, 12.4279], [8.7254, 12.4314], [8.72425, 12.4333], [8.74448, 12.44603], [8.73574, 12.46634], [8.74091, 12.47096], [8.74488, 12.4739], [8.75306, 12.48058], [8.75796, 12.47658], [8.76168, 12.47376], [8.7629, 12.47246], [8.76598, 12.46618], [8.77202, 12.46366], [8.77335, 12.46449], [8.78701, 12.47303], [8.78415, 12.48123], [8.77612, 12.48959], [8.77006, 12.49472], [8.76374, 12.4981], [8.7605, 12.49936], [8.75108, 12.50385], [8.7535, 12.51119], [8.75821, 12.51712], [8.75984, 12.52039], [8.76676, 12.52023], [8.76893, 12.52765], [8.77193, 12.53329], [8.79342, 12.5338], [8.79621, 12.53395], [8.80548, 12.53429], [8.80442, 12.5229], [8.80171, 12.51907], [8.80114, 12.51071], [8.79749, 12.50139], [8.79888, 12.49963], [8.81079, 12.48306], [8.81135, 12.4829], [8.81215, 12.483], [8.82734, 12.49255], [8.82867, 12.49278], [8.82957, 12.49257], [8.83037, 12.49192], [8.83126, 12.48233], [8.83047, 12.47043], [8.83086, 12.46558], [8.83218, 12.46297], [8.83275, 12.4609], [8.82915, 12.45714], [8.80891, 12.45584], [8.79655, 12.46266], [8.79591, 12.46238], [8.79507, 12.46192], [8.79386, 12.45976], [8.79344, 12.4568], [8.7987, 12.4419], [8.7987, 12.43904], [8.79642, 12.43612], [8.78657, 12.43305], [8.75773, 12.43144], [8.72948, 12.4255]]], [[[8.73758, 12.55097], [8.75117, 12.5565], [8.77449, 12.5598], [8.77519, 12.5536], [8.77528, 12.55151], [8.76808, 12.5507], [8.75315, 12.54902], [8.74379, 12.54016], [8.74729, 12.5252], [8.74578, 12.51391], [8.74391, 12.50509], [8.73409, 12.50301], [8.7284, 12.49679], [8.71407, 12.49107], [8.71577, 12.48316], [8.71816, 12.47019], [8.72171, 12.46102], [8.71872, 12.45708], [8.71124, 12.45481], [8.69885, 12.45458], [8.68856, 12.46847], [8.68749, 12.48275], [8.69321, 12.49458], [8.69709, 12.4951], [8.69789, 12.49609], [8.7001, 12.4986], [8.70498, 12.50246], [8.7104, 12.514], [8.71448, 12.5235], [8.71811, 12.53797], [8.72185, 12.54003], [8.72815, 12.546], [8.73758, 12.55097]]]]}, "properties": {"name": "Gasakoli", "lga": "Babura", "state": "ji"}}, {"type": "Feature", "geometry": {"type": "Polygon", "coordinates": [[[10.164, 12.13895], [10.16249, 12.13725], [10.1573, 12.12938], [10.15685, 12.11973], [10.15536, 12.11282], [10.15384, 12.10808], [10.1528, 12.10239], [10.15274, 12.09748], [10.15249, 12.08987], [10.16178, 12.06757], [10.16259, 12.06571], [10.16831, 12.05793], [10.16819, 12.057], [10.1673, 12.05503], [10.1657, 12.05398], [10.16575, 12.05241], [10.16629, 12.05026], [10.16778, 12.05102], [10.1689, 12.05154], [10.16956, 12.05093], [10.17075, 12.04846], [10.17312, 12.04741], [10.17491, 12.04619], [10.17592, 12.0412], [10.17449, 12.03945], [10.17188, 12.03934], [10.16457, 12.04242], [10.16243, 12.04166], [10.16194, 12.0405], [10.16211, 12.03974], [10.16358, 12.03876], [10.16475, 12.03789], [10.16493, 12.03688], [10.16411, 12.03671], [10.16229, 12.03674], [10.16174, 12.03619], [10.1591, 12.03103], [10.15678, 12.03021], [10.15631, 12.02946], [10.15797, 12.02905], [10.15767, 12.02747], [10.1572, 12.02597], [10.15541, 12.02496], [10.155, 12.0233], [10.14531, 12.02516], [10.14549, 12.0269], [10.14466, 12.02754], [10.14377, 12.02696], [10.14276, 12.02458], [10.14062, 12.02394], [10.13913, 12.0233], [10.13717, 12.02551], [10.13587, 12.02539], [10.13515, 12.02615], [10.13546, 12.02724], [10.13438, 12.0283], [10.13196, 12.02825], [10.13033, 12.02718], [10.13004, 12.02591], [10.12945, 12.0244], [10.13105, 12.02324], [10.13212, 12.02138], [10.13135, 12.01987], [10.13034, 12.01859], [10.12915, 12.01906], [10.12731, 12.01888], [10.12535, 12.01836], [10.12493, 12.01714], [10.12719, 12.01615], [10.12654, 12.01493], [10.12464, 12.01441], [10.12268, 12.01452], [10.12101, 12.01522], [10.11994, 12.01423], [10.11816, 12.0133], [10.1156, 12.01319], [10.11335, 12.01348], [10.11269, 12.01481], [10.11192, 12.01487], [10.11109, 12.01388], [10.10984, 12.01388], [10.10865, 12.01551], [10.10711, 12.01487], [10.1055, 12.01551], [10.10473, 12.01714], [10.10253, 12.01702], [10.10039, 12.01638], [10.09879, 12.01685], [10.09806, 12.0185], [10.09659, 12.01871], [10.09583, 12.01785], [10.09587, 12.0144], [10.09706, 12.01211], [10.09201, 12.00598], [10.09201, 12.00272], [10.0935, 12.00069], [10.09481, 12.00063], [10.0954, 11.9997], [10.09273, 11.99418], [10.09148, 11.9954], [10.09041, 11.99534], [10.0897, 11.99395], [10.0891, 11.9922], [10.08797, 11.99203], [10.08661, 11.99174], [10.08477, 11.99694], [10.08304, 11.99761], [10.08215, 11.99753], [10.08132, 11.99656], [10.08035, 11.9955], [10.07971, 11.99528], [10.07934, 11.99557], [10.07953, 11.99617], [10.08019, 11.99732], [10.07983, 11.99848], [10.07894, 11.99842], [10.07728, 11.99215], [10.07591, 11.99215], [10.07544, 11.99325], [10.07478, 11.99377], [10.06949, 11.99191], [10.06975, 11.99018], [10.07015, 11.9886], [10.06819, 11.98779], [10.06825, 11.98901], [10.06712, 11.9899], [10.06563, 11.98982], [10.06456, 11.9893], [10.06528, 11.98837], [10.06363, 11.98628], [10.06534, 11.98517], [10.067, 11.985], [10.0664, 11.9836], [10.06522, 11.98401], [10.06421, 11.98343], [10.06337, 11.9836], [10.06129, 11.98633], [10.06052, 11.98633], [10.05987, 11.98558], [10.0591, 11.98587], [10.05767, 11.98534], [10.05737, 11.98441], [10.05607, 11.98401], [10.05571, 11.98325], [10.05618, 11.98232], [10.05416, 11.98174], [10.05405, 11.97808], [10.05292, 11.9779], [10.0522, 11.97867], [10.05101, 11.97901], [10.0487, 11.9786], [10.04852, 11.97744], [10.04763, 11.9775], [10.04745, 11.97965], [10.0481, 11.98116], [10.04614, 11.98128], [10.04579, 11.98011], [10.04507, 11.98023], [10.0446, 11.9811], [10.04388, 11.98087], [10.04307, 11.98883], [10.05034, 12.00767], [10.03695, 12.01262], [10.04998, 12.03046], [10.05964, 12.0478], [10.0574, 12.06231], [10.05693, 12.06397], [10.05455, 12.07676], [10.05911, 12.07844], [10.08007, 12.07997], [10.09419, 12.0815], [10.09319, 12.09099], [10.09234, 12.09838], [10.0904, 12.10772], [10.09115, 12.13857], [10.11815, 12.1428], [10.13309, 12.14796], [10.13205, 12.15094], [10.13381, 12.15195], [10.13521, 12.15214], [10.13542, 12.15214], [10.13764, 12.14995], [10.14168, 12.15297], [10.14909, 12.15864], [10.16078, 12.16218], [10.16993, 12.16376], [10.16585, 12.15111], [10.164, 12.13895]]]}, "properties": {"name": "Bulangu", "lga": "Kafin Hausa", "state": "ji"}}, {"type": "Feature", "geometry": {"type": "Polygon", "coordinates": [[[8.8901, 12.41445], [8.89479, 12.40725], [8.89479, 12.40248], [8.89352, 12.38977], [8.88938, 12.39195], [8.88598, 12.39462], [8.88169, 12.39448], [8.86832, 12.38217], [8.86943, 12.36701], [8.87105, 12.36076], [8.8717, 12.35293], [8.86738, 12.35243], [8.86026, 12.35215], [8.85968, 12.35113], [8.85886, 12.3507], [8.85889, 12.34429], [8.85501, 12.3386], [8.85482, 12.33355], [8.85168, 12.32243], [8.84754, 12.32217], [8.84029, 12.32251], [8.83962, 12.3082], [8.82515, 12.30239], [8.81601, 12.302], [8.78793, 12.27726], [8.77461, 12.27535], [8.77033, 12.27925], [8.76111, 12.28767], [8.75834, 12.29342], [8.72354, 12.2948], [8.72505, 12.30549], [8.73404, 12.30586], [8.74023, 12.3158], [8.75181, 12.3286], [8.74686, 12.33198], [8.75563, 12.34399], [8.78003, 12.3412], [8.78296, 12.3662], [8.79803, 12.38673], [8.80419, 12.39293], [8.81362, 12.40009], [8.82048, 12.40238], [8.82108, 12.39994], [8.82345, 12.40015], [8.83062, 12.40118], [8.84559, 12.41516], [8.85155, 12.41962], [8.86322, 12.42322], [8.8777, 12.42777], [8.88225, 12.42917], [8.8901, 12.41445]]]}, "properties": {"name": "Gwarzo", "lga": "Garki", "state": "ji"}}, {"type": "Feature", "geometry": {"type": "Polygon", "coordinates": [[[9.37144, 12.80653], [9.37352, 12.81238], [9.37967, 12.82002], [9.38003, 12.82047], [9.38037, 12.82232], [9.41383, 12.82246], [9.43075, 12.82312], [9.45286, 12.81918], [9.47544, 12.81369], [9.44507, 12.80615], [9.44435, 12.80012], [9.44149, 12.79972], [9.43704, 12.80029], [9.42427, 12.80228], [9.42296, 12.7999], [9.41881, 12.79338], [9.41514, 12.7809], [9.41219, 12.77411], [9.39715, 12.77929], [9.39844, 12.78448], [9.39674, 12.78604], [9.38948, 12.78772], [9.38645, 12.79104], [9.3774, 12.80064], [9.37495, 12.80471], [9.37144, 12.80653]]]}, "properties": {"name": "Maigatari Arewa", "lga": "Maigatari", "state": "ji"}}, {"type": "Feature", "geometry": {"type": "Polygon", "coordinates": [[[9.59505, 11.97772], [9.60212, 11.97273], [9.60934, 11.96999], [9.62312, 11.96897], [9.63446, 11.96638], [9.67855, 11.97929], [9.68042, 11.98057], [9.68815, 11.98645], [9.69703, 11.99571], [9.70194, 12.00691], [9.70466, 12.00933], [9.71841, 12.0062], [9.72354, 12.00683], [9.72333, 12.01137], [9.71587, 12.03145], [9.71848, 12.03207], [9.73235, 12.0471], [9.74028, 12.04285], [9.74593, 12.04166], [9.75765, 12.04692], [9.76152, 12.04707], [9.76333, 12.04252], [9.76406, 12.04258], [9.76475, 12.04237], [9.76548, 12.04232], [9.77226, 12.04528], [9.7843, 12.04752], [9.7966, 12.04961], [9.798, 12.04609], [9.8008, 12.0329], [9.80253, 12.02749], [9.81341, 12.02947], [9.81436, 12.03051], [9.81581, 12.03135], [9.81685, 12.03162], [9.81849, 12.03115], [9.81985, 12.02993], [9.82042, 12.02752], [9.82193, 12.02516], [9.8225, 12.0238], [9.8144, 12.012], [9.8084, 12.0068], [9.8075, 11.9956], [9.80716, 11.9737], [9.80956, 11.9665], [9.81, 11.96446], [9.79424, 11.96387], [9.79115, 11.96195], [9.78913, 11.9598], [9.78322, 11.9538], [9.77455, 11.94983], [9.75436, 11.94752], [9.73789, 11.95576], [9.72641, 11.94877], [9.71687, 11.94524], [9.69843, 11.9387], [9.67729, 11.93181], [9.67297, 11.93671], [9.66425, 11.93641], [9.6574, 11.934], [9.65171, 11.93081], [9.64675, 11.93184], [9.64065, 11.93372], [9.63618, 11.93509], [9.63372, 11.93738], [9.62615, 11.93307], [9.62521, 11.93255], [9.61482, 11.92988], [9.60054, 11.93085], [9.59502, 11.93356], [9.58629, 11.94278], [9.58491, 11.94549], [9.58072, 11.96305], [9.57961, 11.97315], [9.58187, 11.97991], [9.58862, 11.97957], [9.59505, 11.97772]]]}, "properties": {"name": "Gangawa", "lga": "Jahun", "state": "ji"}}, {"type": "Feature", "geometry": {"type": "Polygon", "coordinates": [[[9.5055, 11.70845], [9.51186, 11.70242], [9.51934, 11.69554], [9.53669, 11.68339], [9.52644, 11.66718], [9.52401, 11.66159], [9.52344, 11.65733], [9.52466, 11.65405], [9.52421, 11.64859], [9.50435, 11.6369], [9.48096, 11.61361], [9.45832, 11.62525], [9.45616, 11.64853], [9.45568, 11.65515], [9.45535, 11.65717], [9.45127, 11.66079], [9.45037, 11.6657], [9.44939, 11.67095], [9.44725, 11.67681], [9.4425, 11.67686], [9.43313, 11.67598], [9.42111, 11.67538], [9.42519, 11.69043], [9.4277, 11.70266], [9.41709, 11.70449], [9.41674, 11.70857], [9.41495, 11.71799], [9.42088, 11.71819], [9.42597, 11.72408], [9.43608, 11.73792], [9.43818, 11.74683], [9.43846, 11.75038], [9.44012, 11.74984], [9.44188, 11.75113], [9.44404, 11.75182], [9.44821, 11.75296], [9.44916, 11.75036], [9.45018, 11.74933], [9.44867, 11.7485], [9.44776, 11.74734], [9.45011, 11.74251], [9.45309, 11.73403], [9.4582, 11.72775], [9.46771, 11.7303], [9.48064, 11.71946], [9.48886, 11.71425], [9.49857, 11.70758], [9.5055, 11.70845]]]}, "properties": {"name": "Katanga", "lga": "Kiyawa", "state": "ji"}}, {"type": "Feature", "geometry": {"type": "Polygon", "coordinates": [[[9.50519, 12.35066], [9.56127, 12.38287], [9.57005, 12.38705], [9.57915, 12.39126], [9.60695, 12.35019], [9.60494, 12.34857], [9.60174, 12.3465], [9.60111, 12.34566], [9.6016, 12.34315], [9.6022, 12.33934], [9.60138, 12.33961], [9.59002, 12.3429], [9.5856, 12.34736], [9.58275, 12.35266], [9.58, 12.3601], [9.5776, 12.3604], [9.5692, 12.3544], [9.5625, 12.3508], [9.5325, 12.3392], [9.53189, 12.33356], [9.53263, 12.32844], [9.53428, 12.3209], [9.53456, 12.31219], [9.53561, 12.30764], [9.53701, 12.30381], [9.5328, 12.30203], [9.52701, 12.29927], [9.52062, 12.29709], [9.51219, 12.29586], [9.51106, 12.30616], [9.50945, 12.31236], [9.50893, 12.32102], [9.50998, 12.33695], [9.50519, 12.35066]]]}, "properties": {"name": "Gujungu", "lga": "Taura", "state": "ji"}}, {"type": "Feature", "geometry": {"type": "Polygon", "coordinates": [[[9.75914, 12.229], [9.76699, 12.21765], [9.76761, 12.21283], [9.76367, 12.21091], [9.75833, 12.20009], [9.74799, 12.19353], [9.74664, 12.19268], [9.73475, 12.18342], [9.73018, 12.18146], [9.72383, 12.17408], [9.72455, 12.17172], [9.72695, 12.17236], [9.73074, 12.17336], [9.7317, 12.17071], [9.72483, 12.14627], [9.72235, 12.14633], [9.71639, 12.14583], [9.71363, 12.14548], [9.70475, 12.14159], [9.69656, 12.14058], [9.69127, 12.14078], [9.69062, 12.14197], [9.69149, 12.1428], [9.69198, 12.14327], [9.69405, 12.14502], [9.6919, 12.14656], [9.69, 12.14737], [9.68969, 12.1475], [9.6818, 12.15088], [9.67165, 12.15266], [9.67758, 12.16571], [9.69949, 12.1713], [9.69729, 12.17502], [9.69821, 12.1802], [9.69791, 12.18088], [9.69603, 12.18396], [9.69373, 12.18489], [9.69358, 12.18625], [9.69392, 12.18725], [9.69431, 12.18875], [9.69169, 12.19939], [9.69281, 12.19961], [9.69447, 12.20016], [9.69961, 12.20229], [9.70784, 12.19498], [9.71392, 12.19741], [9.72263, 12.19951], [9.73053, 12.20386], [9.7377, 12.20823], [9.74397, 12.21129], [9.74933, 12.21755], [9.74692, 12.22232], [9.75914, 12.229]]]}, "properties": {"name": "Dangyatin", "lga": "Miga", "state": "ji"}}, {"type": "Feature", "geometry": {"type": "Polygon", "coordinates": [[[10.03264, 12.46012], [10.02964, 12.45717], [10.0281, 12.45839], [10.0212, 12.45477], [10.01663, 12.45561], [10.01439, 12.46123], [10.01216, 12.46246], [9.99965, 12.46107], [9.99253, 12.44492], [9.97323, 12.44395], [9.96147, 12.45022], [9.95338, 12.45123], [9.94106, 12.4468], [9.94099, 12.44701], [9.93859, 12.4518], [9.93518, 12.4514], [9.9246, 12.45408], [9.92176, 12.45388], [9.92083, 12.45598], [9.91977, 12.45777], [9.91857, 12.45922], [9.91726, 12.46574], [9.90439, 12.47223], [9.89958, 12.47153], [9.89768, 12.47125], [9.89739, 12.47138], [9.88891, 12.48199], [9.89459, 12.49665], [9.90048, 12.50549], [9.90372, 12.51003], [9.9069, 12.51647], [9.91612, 12.52516], [9.93056, 12.54482], [9.93749, 12.54587], [9.94358, 12.54486], [9.94951, 12.54351], [9.95209, 12.54161], [9.951, 12.52582], [9.95143, 12.5151], [9.95749, 12.51225], [9.96212, 12.50919], [9.98102, 12.5199], [9.98751, 12.51531], [10.00227, 12.50987], [10.00765, 12.50797], [10.01482, 12.50348], [10.01724, 12.50177], [10.01631, 12.49758], [10.01013, 12.4824], [10.01869, 12.47997], [10.01801, 12.47927], [10.01273, 12.47488], [10.02279, 12.46406], [10.02912, 12.4651], [10.03264, 12.46012]]]}, "properties": {"name": "Fateka", "lga": "Malam Madori", "state": "ji"}}, {"type": "Feature", "geometry": {"type": "Polygon", "coordinates": [[[9.26754, 11.63099], [9.2688, 11.63171], [9.27775, 11.63874], [9.28226, 11.64061], [9.28358, 11.64086], [9.2844, 11.64229], [9.28561, 11.64329], [9.28722, 11.64336], [9.29939, 11.63932], [9.30574, 11.63715], [9.31164, 11.63802], [9.31494, 11.64025], [9.317, 11.64171], [9.32019, 11.64046], [9.32133, 11.64043], [9.33397, 11.64339], [9.33656, 11.64978], [9.35185, 11.65096], [9.3522, 11.65085], [9.36158, 11.65624], [9.38088, 11.65122], [9.38558, 11.63801], [9.38149, 11.63326], [9.37365, 11.62823], [9.36721, 11.62823], [9.36122, 11.62918], [9.3566, 11.62851], [9.35622, 11.62666], [9.35129, 11.61628], [9.35003, 11.60883], [9.36829, 11.60402], [9.37275, 11.60431], [9.37456, 11.60512], [9.37765, 11.60517], [9.38332, 11.60462], [9.38527, 11.60417], [9.38822, 11.60265], [9.3877, 11.59648], [9.38611, 11.59327], [9.38415, 11.59095], [9.38335, 11.58947], [9.37915, 11.58738], [9.37059, 11.56106], [9.36739, 11.56098], [9.36031, 11.56082], [9.35479, 11.5694], [9.35369, 11.57248], [9.32736, 11.57711], [9.31897, 11.58063], [9.3117, 11.58882], [9.28191, 11.61309], [9.2796, 11.61606], [9.26914, 11.62714], [9.26754, 11.63099]]]}, "properties": {"name": "Kudai", "lga": "Dutse", "state": "ji"}}, {"type": "Feature", "geometry": {"type": "Polygon", "coordinates": [[[9.74275, 12.23822], [9.75914, 12.229], [9.74692, 12.22232], [9.74933, 12.21755], [9.74397, 12.21129], [9.7377, 12.20823], [9.73053, 12.20386], [9.72263, 12.19951], [9.71392, 12.19741], [9.70784, 12.19498], [9.69961, 12.20229], [9.69447, 12.20016], [9.69281, 12.19961], [9.69169, 12.19939], [9.69431, 12.18875], [9.69121, 12.18806], [9.68141, 12.18695], [9.6671, 12.18787], [9.64891, 12.17866], [9.63812, 12.18762], [9.63472, 12.19044], [9.62956, 12.19661], [9.64369, 12.20113], [9.67988, 12.21254], [9.69253, 12.21811], [9.74275, 12.23822]]]}, "properties": {"name": "Gwari", "lga": "Miga", "state": "ji"}}, {"type": "Feature", "geometry": {"type": "Polygon", "coordinates": [[[9.40037, 12.56006], [9.41101, 12.56126], [9.41923, 12.56044], [9.42654, 12.55736], [9.43163, 12.55541], [9.45284, 12.5881], [9.46309, 12.59145], [9.47577, 12.59252], [9.50947, 12.57693], [9.52009, 12.55866], [9.53877, 12.55225], [9.5388, 12.54141], [9.53193, 12.54228], [9.52605, 12.54323], [9.52317, 12.54434], [9.5194, 12.54513], [9.5158, 12.5462], [9.5058, 12.53321], [9.48933, 12.50238], [9.48651, 12.49422], [9.48528, 12.48931], [9.47987, 12.48449], [9.47005, 12.49461], [9.46505, 12.51107], [9.44259, 12.51567], [9.43966, 12.51874], [9.4331, 12.52398], [9.43111, 12.52716], [9.42854, 12.53168], [9.41131, 12.52641], [9.40993, 12.53706], [9.40572, 12.54964], [9.40037, 12.56006]]]}, "properties": {"name": "Zarada", "lga": "Gagarawa", "state": "ji"}}, {"type": "Feature", "geometry": {"type": "Polygon", "coordinates": [[[9.94106, 12.4468], [9.94277, 12.44177], [9.94699, 12.43659], [9.94899, 12.43465], [9.95102, 12.43131], [9.95153, 12.42552], [9.95359, 12.42156], [9.95791, 12.41984], [9.96439, 12.41346], [9.96442, 12.40574], [9.96378, 12.40509], [9.96338, 12.40453], [9.95984, 12.40466], [9.95861, 12.40295], [9.96437, 12.3995], [9.96629, 12.39514], [9.96631, 12.39424], [9.96639, 12.39358], [9.96574, 12.39183], [9.96143, 12.38613], [9.95869, 12.38453], [9.95458, 12.38853], [9.9498, 12.38966], [9.94387, 12.38738], [9.93942, 12.38327], [9.93508, 12.38248], [9.93493, 12.38212], [9.93485, 12.3816], [9.93509, 12.38117], [9.94034, 12.3777], [9.93843, 12.37314], [9.93489, 12.37096], [9.92857, 12.37109], [9.92479, 12.37988], [9.92348, 12.38116], [9.92166, 12.38071], [9.92069, 12.3811], [9.92109, 12.38199], [9.92154, 12.38305], [9.9212, 12.38355], [9.91863, 12.384], [9.91721, 12.38294], [9.91567, 12.38199], [9.9147, 12.38038], [9.91259, 12.37364], [9.91287, 12.3723], [9.91384, 12.37113], [9.91903, 12.36801], [9.91983, 12.36701], [9.91983, 12.36511], [9.90899, 12.36383], [9.90894, 12.36244], [9.90996, 12.36233], [9.91008, 12.36344], [9.91259, 12.3621], [9.91281, 12.36116], [9.91179, 12.36065], [9.90922, 12.36093], [9.90717, 12.36121], [9.905, 12.36194], [9.9038, 12.36182], [9.90277, 12.36116], [9.90129, 12.36088], [9.89878, 12.35179], [9.89776, 12.35062], [9.89661, 12.34996], [9.89515, 12.35248], [9.89015, 12.36739], [9.88756, 12.37512], [9.89109, 12.38324], [9.90095, 12.38467], [9.90399, 12.39099], [9.90999, 12.398], [9.91403, 12.40177], [9.91599, 12.40386], [9.92009, 12.40618], [9.93405, 12.41134], [9.93856, 12.41418], [9.9368, 12.41595], [9.9353, 12.41643], [9.93188, 12.41585], [9.92964, 12.41606], [9.92823, 12.41709], [9.92239, 12.42138], [9.90979, 12.42695], [9.89926, 12.43405], [9.89225, 12.43914], [9.89944, 12.45214], [9.89989, 12.45425], [9.89749, 12.45876], [9.89734, 12.46023], [9.89711, 12.46245], [9.8977, 12.46464], [9.90092, 12.46879], [9.89768, 12.47125], [9.89958, 12.47153], [9.90439, 12.47223], [9.91544, 12.46719], [9.91726, 12.46574], [9.91857, 12.45922], [9.91977, 12.45777], [9.92083, 12.45598], [9.92176, 12.45388], [9.9246, 12.45408], [9.93518, 12.4514], [9.93859, 12.4518], [9.94099, 12.44701], [9.94106, 12.4468]]]}, "properties": {"name": "Arki", "lga": "Malam Madori", "state": "ji"}}, {"type": "Feature", "geometry": {"type": "Polygon", "coordinates": [[[9.99854, 11.26463], [9.99718, 11.25962], [9.99473, 11.25054], [9.9936, 11.2458], [9.98139, 11.23178], [9.97284, 11.22601], [9.96992, 11.22836], [9.964, 11.23788], [9.93705, 11.25536], [9.93627, 11.26438], [9.93672, 11.27128], [9.93757, 11.2837], [9.93332, 11.29077], [9.93442, 11.29314], [9.93156, 11.29839], [9.93037, 11.30176], [9.92536, 11.30585], [9.91536, 11.30934], [9.90813, 11.31756], [9.88225, 11.3213], [9.85183, 11.29951], [9.85468, 11.29718], [9.85587, 11.29578], [9.85818, 11.29244], [9.85748, 11.29144], [9.85683, 11.29004], [9.85605, 11.28914], [9.84792, 11.28298], [9.83402, 11.28501], [9.83406, 11.28412], [9.83459, 11.28312], [9.83356, 11.28189], [9.83281, 11.28116], [9.83112, 11.28202], [9.83001, 11.28122], [9.82772, 11.27958], [9.82602, 11.28021], [9.82492, 11.27956], [9.82489, 11.28228], [9.82254, 11.2834], [9.81901, 11.28451], [9.81667, 11.28448], [9.81316, 11.28444], [9.81227, 11.28697], [9.80992, 11.28948], [9.80521, 11.29604], [9.81555, 11.3031], [9.82769, 11.31281], [9.83029, 11.31768], [9.83974, 11.33041], [9.85064, 11.33727], [9.84522, 11.34574], [9.84241, 11.34919], [9.83992, 11.35243], [9.81618, 11.34553], [9.80429, 11.35781], [9.81697, 11.36892], [9.81997, 11.37445], [9.82706, 11.38144], [9.83216, 11.38035], [9.83726, 11.37818], [9.85143, 11.36402], [9.853, 11.36167], [9.8627, 11.35297], [9.8646, 11.34644], [9.87177, 11.34837], [9.87756, 11.35215], [9.88503, 11.35668], [9.89476, 11.35162], [9.899, 11.34991], [9.90352, 11.34746], [9.91828, 11.34737], [9.9137, 11.31994], [9.91192, 11.31831], [9.91214, 11.31707], [9.9136, 11.3161], [9.91398, 11.31646], [9.94147, 11.31394], [9.94841, 11.2963], [9.95766, 11.28629], [9.96461, 11.28185], [9.96827, 11.283], [9.96842, 11.28146], [9.96889, 11.28039], [9.96945, 11.27884], [9.97717, 11.27721], [9.98035, 11.27565], [9.98209, 11.2748], [9.99155, 11.27015], [9.99471, 11.26765], [9.99854, 11.26463]]]}, "properties": {"name": "Zandam Nagogo", "lga": "Gwaram", "state": "ji"}}, {"type": "Feature", "geometry": {"type": "MultiPolygon", "coordinates": [[[[9.57623, 11.86857], [9.57315, 11.87415], [9.59868, 11.883], [9.60441, 11.88338], [9.63027, 11.89147], [9.63103, 11.90217], [9.62723, 11.90329], [9.61967, 11.91185], [9.62493, 11.91385], [9.63011, 11.9219], [9.6317, 11.92333], [9.63775, 11.92827], [9.64065, 11.93372], [9.64675, 11.93184], [9.65171, 11.93081], [9.6574, 11.934], [9.66425, 11.93641], [9.67297, 11.93671], [9.67729, 11.93181], [9.67669, 11.93011], [9.67686, 11.92248], [9.67331, 11.91858], [9.66008, 11.92109], [9.65872, 11.91883], [9.65709, 11.9049], [9.654, 11.89743], [9.64404, 11.88757], [9.64182, 11.88077], [9.64082, 11.87344], [9.63228, 11.87373], [9.61793, 11.8735], [9.60383, 11.87155], [9.59279, 11.86888], [9.57623, 11.86857]]], [[[9.58187, 11.97991], [9.57961, 11.97315], [9.58072, 11.96305], [9.58491, 11.94549], [9.58629, 11.94278], [9.59502, 11.93356], [9.60054, 11.93085], [9.60204, 11.92536], [9.6096, 11.90167], [9.5868, 11.89959], [9.57929, 11.90275], [9.57302, 11.90657], [9.56999, 11.90888], [9.56686, 11.89026], [9.561, 11.88353], [9.54705, 11.89103], [9.55307, 11.90515], [9.55799, 11.9176], [9.54837, 11.9206], [9.54177, 11.92252], [9.52505, 11.92621], [9.52464, 11.9282], [9.52471, 11.93518], [9.52272, 11.94461], [9.51619, 11.94601], [9.5147, 11.94698], [9.53361, 11.96073], [9.54273, 11.96587], [9.54072, 11.97364], [9.54777, 11.97422], [9.55811, 11.97572], [9.58187, 11.97991]]]]}, "properties": {"name": "Maje", "lga": "Kiyawa", "state": "ji"}}, {"type": "Feature", "geometry": {"type": "Polygon", "coordinates": [[[9.76045, 12.42964], [9.75174, 12.42587], [9.74902, 12.4288], [9.74218, 12.44271], [9.74909, 12.44837], [9.75656, 12.45533], [9.76176, 12.4648], [9.76854, 12.47211], [9.77631, 12.47804], [9.79151, 12.48613], [9.79471, 12.48753], [9.79772, 12.48826], [9.80021, 12.49003], [9.80173, 12.49191], [9.79845, 12.49456], [9.78868, 12.50639], [9.78376, 12.51217], [9.79717, 12.51996], [9.80251, 12.51395], [9.8085, 12.51742], [9.81699, 12.52208], [9.82653, 12.52736], [9.82679, 12.53169], [9.82384, 12.5395], [9.819, 12.54023], [9.82082, 12.54455], [9.82759, 12.55276], [9.83073, 12.56101], [9.84355, 12.55183], [9.85399, 12.54838], [9.85956, 12.54108], [9.86854, 12.52138], [9.87356, 12.50546], [9.86842, 12.48852], [9.86427, 12.47645], [9.85985, 12.47811], [9.85201, 12.47937], [9.8488, 12.47582], [9.84331, 12.47456], [9.82028, 12.46892], [9.77794, 12.44809], [9.77523, 12.44372], [9.77469, 12.44285], [9.77776, 12.43923], [9.77968, 12.4378], [9.77888, 12.43692], [9.76045, 12.42964]]]}, "properties": {"name": "Makaddari", "lga": "Malam Madori", "state": "ji"}}, {"type": "Feature", "geometry": {"type": "Polygon", "coordinates": [[[9.82875, 12.26986], [9.82032, 12.3054], [9.82186, 12.30495], [9.82277, 12.30456], [9.82391, 12.30417], [9.82557, 12.30456], [9.82739, 12.30501], [9.82893, 12.30523], [9.82773, 12.31426], [9.82517, 12.31634], [9.82603, 12.31724], [9.82656, 12.31797], [9.83929, 12.3239], [9.83975, 12.32463], [9.83975, 12.32529], [9.83975, 12.32616], [9.8384, 12.32762], [9.84236, 12.32926], [9.84068, 12.33264], [9.84307, 12.33549], [9.84642, 12.33647], [9.86193, 12.33072], [9.86065, 12.33246], [9.86043, 12.33675], [9.86243, 12.3403], [9.862, 12.34086], [9.86147, 12.3411], [9.86015, 12.3387], [9.85961, 12.3388], [9.85904, 12.33908], [9.85854, 12.33967], [9.85808, 12.34065], [9.85958, 12.34305], [9.86043, 12.34337], [9.86129, 12.34378], [9.862, 12.34427], [9.86781, 12.3442], [9.87352, 12.3465], [9.87608, 12.34047], [9.88258, 12.34104], [9.88427, 12.34169], [9.88532, 12.3421], [9.88646, 12.34388], [9.8876, 12.34539], [9.89776, 12.35062], [9.90129, 12.36088], [9.90277, 12.36116], [9.9038, 12.36182], [9.905, 12.36194], [9.90717, 12.36121], [9.90922, 12.36093], [9.91105, 12.3533], [9.91737, 12.33907], [9.9174, 12.33902], [9.92455, 12.3283], [9.91885, 12.31653], [9.91398, 12.30707], [9.90976, 12.29946], [9.90168, 12.28842], [9.89441, 12.28309], [9.88567, 12.28986], [9.87245, 12.30358], [9.86662, 12.30579], [9.86004, 12.30816], [9.85103, 12.3078], [9.8449, 12.30156], [9.83621, 12.27392], [9.82875, 12.26986]]]}, "properties": {"name": "Gamsarka", "lga": "Auyo", "state": "ji"}}, {"type": "Feature", "geometry": {"type": "Polygon", "coordinates": [[[9.6022, 12.33934], [9.6016, 12.34315], [9.60111, 12.34566], [9.60174, 12.3465], [9.60494, 12.34857], [9.60695, 12.35019], [9.60217, 12.35816], [9.60219, 12.35828], [9.6109, 12.3648], [9.61942, 12.37118], [9.62861, 12.37215], [9.63752, 12.37245], [9.64111, 12.36431], [9.64523, 12.36376], [9.64641, 12.36128], [9.67314, 12.3708], [9.68076, 12.37413], [9.68373, 12.37755], [9.68789, 12.37639], [9.69399, 12.37468], [9.70285, 12.36341], [9.69812, 12.35745], [9.69242, 12.35327], [9.68595, 12.34972], [9.67982, 12.34416], [9.67558, 12.33876], [9.67217, 12.33361], [9.64989, 12.33343], [9.64198, 12.33127], [9.63535, 12.3298], [9.62857, 12.32723], [9.61108, 12.32449], [9.60781, 12.32799], [9.60989, 12.33062], [9.602, 12.33127], [9.60104, 12.33637], [9.6022, 12.33934]]]}, "properties": {"name": "Yalo", "lga": "Kaugama", "state": "ji"}}, {"type": "Feature", "geometry": {"type": "Polygon", "coordinates": [[[9.99781, 12.15605], [9.99494, 12.15931], [9.99169, 12.16489], [9.98808, 12.16773], [9.98327, 12.17354], [9.97799, 12.18653], [9.9703, 12.1923], [9.96441, 12.20595], [9.9646, 12.2091], [9.9647, 12.21], [9.9646, 12.2105], [9.97036, 12.21252], [9.97819, 12.21627], [9.98496, 12.21905], [9.98111, 12.23195], [9.9789, 12.24135], [9.96305, 12.24239], [9.96077, 12.24692], [9.95732, 12.26086], [9.96148, 12.2705], [9.95649, 12.27921], [9.95456, 12.28753], [9.95493, 12.30008], [9.95793, 12.3162], [9.96622, 12.31728], [9.9693, 12.31848], [9.96925, 12.3219], [9.97644, 12.32482], [9.97996, 12.32993], [9.98316, 12.33458], [9.98587, 12.33777], [9.99112, 12.33894], [9.99297, 12.35315], [10.01209, 12.36332], [10.01494, 12.35324], [10.01345, 12.34592], [10.01165, 12.33312], [10.02306, 12.31529], [10.02983, 12.29581], [10.02174, 12.29098], [10.02391, 12.28316], [10.02718, 12.27779], [10.01958, 12.2752], [10.02443, 12.26342], [10.02364, 12.26283], [10.02311, 12.26217], [10.02279, 12.26175], [10.02022, 12.25342], [10.0203, 12.252], [10.01884, 12.2361], [10.01501, 12.23654], [10.01676, 12.23167], [10.01829, 12.23092], [10.02289, 12.22798], [10.02108, 12.22287], [10.01795, 12.2199], [10.00554, 12.20792], [10.01992, 12.18417], [10.00902, 12.16424], [9.99781, 12.15605]]]}, "properties": {"name": "Tsarawa", "lga": "Kafin Hausa", "state": "ji"}}, {"type": "Feature", "geometry": {"type": "Polygon", "coordinates": [[[10.0066, 12.42644], [10.01495, 12.42572], [10.02116, 12.42334], [10.02092, 12.43712], [10.02382, 12.43985], [10.02549, 12.44009], [10.02731, 12.44054], [10.03295, 12.4405], [10.04545, 12.43576], [10.05207, 12.43186], [10.05254, 12.42114], [10.05515, 12.41335], [10.0556, 12.40798], [10.04707, 12.39786], [10.05331, 12.39351], [10.06254, 12.38178], [10.06619, 12.37375], [10.05421, 12.3738], [10.04643, 12.3743], [10.03512, 12.37579], [10.01715, 12.37384], [10.0196, 12.37757], [10.02137, 12.38077], [10.02075, 12.38515], [10.0203, 12.3893], [10.01704, 12.39086], [10.0163, 12.39226], [10.01128, 12.40545], [10.00474, 12.41245], [10.00447, 12.41567], [10.00736, 12.4227], [10.0066, 12.42644]]]}, "properties": {"name": "Kafur", "lga": "Auyo", "state": "ji"}}, {"type": "Feature", "geometry": {"type": "Polygon", "coordinates": [[[9.55436, 12.37823], [9.5441, 12.3723], [9.5349, 12.3672], [9.47665, 12.38142], [9.46555, 12.37762], [9.45035, 12.38455], [9.46688, 12.41894], [9.47204, 12.43133], [9.48181, 12.44638], [9.48744, 12.45262], [9.49351, 12.46195], [9.50563, 12.46034], [9.5221, 12.45302], [9.54312, 12.44821], [9.52863, 12.4281], [9.52818, 12.42611], [9.52823, 12.42543], [9.52352, 12.42424], [9.52153, 12.42138], [9.51775, 12.42024], [9.50424, 12.40912], [9.50595, 12.40132], [9.51063, 12.39541], [9.51359, 12.39123], [9.51527, 12.38601], [9.51939, 12.38417], [9.53135, 12.37993], [9.5399, 12.37962], [9.55436, 12.37823]]]}, "properties": {"name": "Garin Chiroma", "lga": "Gagarawa", "state": "ji"}}, {"type": "Feature", "geometry": {"type": "Polygon", "coordinates": [[[9.8468, 12.13828], [9.86234, 12.14089], [9.87154, 12.16162], [9.87751, 12.17023], [9.88178, 12.19336], [9.88281, 12.20496], [9.89049, 12.22208], [9.89154, 12.23678], [9.88595, 12.23486], [9.88227, 12.24495], [9.88301, 12.24501], [9.88531, 12.24487], [9.88567, 12.24492], [9.88961, 12.24702], [9.89151, 12.25372], [9.92033, 12.26141], [9.92435, 12.26713], [9.92666, 12.2669], [9.93011, 12.26876], [9.93248, 12.27073], [9.93462, 12.27212], [9.93878, 12.27189], [9.94152, 12.27282], [9.9452, 12.27305], [9.9471, 12.27514], [9.94948, 12.277], [9.95245, 12.27654], [9.95649, 12.27921], [9.96148, 12.2705], [9.95732, 12.26086], [9.96077, 12.24692], [9.96305, 12.24239], [9.9789, 12.24135], [9.98111, 12.23195], [9.98496, 12.21905], [9.97819, 12.21627], [9.97036, 12.21252], [9.9646, 12.2105], [9.9647, 12.21], [9.9646, 12.2091], [9.96441, 12.20595], [9.9703, 12.1923], [9.97799, 12.18653], [9.98327, 12.17354], [9.98808, 12.16773], [9.98078, 12.16218], [9.96295, 12.15549], [9.95839, 12.15904], [9.9432, 12.15075], [9.94485, 12.14852], [9.94946, 12.14705], [9.95488, 12.14696], [9.95304, 12.1375], [9.95062, 12.13708], [9.94292, 12.13611], [9.9343, 12.13579], [9.92117, 12.13771], [9.90997, 12.1359], [9.89686, 12.13629], [9.87391, 12.12343], [9.8616, 12.119], [9.84455, 12.11287], [9.84501, 12.11953], [9.84739, 12.12875], [9.8468, 12.13828]]]}, "properties": {"name": "Kafin Hausa", "lga": "Kafin Hausa", "state": "ji"}}, {"type": "Feature", "geometry": {"type": "Polygon", "coordinates": [[[9.58042, 12.16057], [9.59465, 12.18162], [9.6065, 12.1921], [9.62956, 12.19661], [9.63472, 12.19044], [9.63812, 12.18762], [9.63718, 12.18125], [9.63721, 12.18044], [9.64257, 12.17201], [9.64203, 12.16958], [9.64464, 12.16267], [9.64221, 12.14999], [9.64601, 12.14134], [9.63806, 12.13627], [9.61968, 12.13772], [9.61132, 12.13794], [9.60957, 12.13874], [9.60944, 12.13922], [9.60749, 12.14635], [9.60825, 12.14895], [9.60686, 12.15569], [9.603, 12.157], [9.6018, 12.1576], [9.5991, 12.1581], [9.58042, 12.16057]]]}, "properties": {"name": "Tsakuwawa", "lga": "Miga", "state": "ji"}}, {"type": "Feature", "geometry": {"type": "Polygon", "coordinates": [[[8.99753, 12.31618], [9.01016, 12.31866], [9.01516, 12.32024], [9.04921, 12.32266], [9.03651, 12.30197], [9.03165, 12.30086], [9.02126, 12.29643], [9.03179, 12.2825], [9.03164, 12.27835], [9.03003, 12.26935], [9.02932, 12.26296], [9.0295, 12.2557], [9.03039, 12.24316], [9.03577, 12.24318], [9.0493, 12.2451], [9.04982, 12.24058], [9.04895, 12.228], [9.05036, 12.2216], [9.05014, 12.2214], [9.04714, 12.21874], [9.04496, 12.20602], [9.03229, 12.2073], [9.02393, 12.19623], [9.02316, 12.19616], [9.02176, 12.19646], [9.00493, 12.21069], [9.00714, 12.21711], [9.00054, 12.22389], [8.9987, 12.22651], [9.00536, 12.23736], [9.00893, 12.2364], [9.00951, 12.24004], [9.00995, 12.24246], [9.01037, 12.24484], [9.01494, 12.25599], [9.01631, 12.25686], [9.01809, 12.25797], [9.01773, 12.25959], [9.01761, 12.26145], [9.01803, 12.26249], [9.01019, 12.26035], [8.99688, 12.25194], [8.99324, 12.25165], [8.98855, 12.2511], [8.98542, 12.25872], [8.97912, 12.26124], [8.96998, 12.26326], [8.95901, 12.26991], [8.95839, 12.27028], [8.95935, 12.27603], [8.95959, 12.28131], [8.95917, 12.29222], [8.96084, 12.2949], [8.97185, 12.30041], [8.98566, 12.30017], [9.0007, 12.29863], [9.00231, 12.29989], [8.99753, 12.31618]]]}, "properties": {"name": "Kafin Babushe", "lga": "Ringim", "state": "ji"}}, {"type": "Feature", "geometry": {"type": "Polygon", "coordinates": [[[9.64601, 12.14134], [9.64221, 12.14999], [9.64464, 12.16267], [9.64203, 12.16958], [9.64257, 12.17201], [9.63721, 12.18044], [9.63718, 12.18125], [9.63812, 12.18762], [9.64891, 12.17866], [9.6671, 12.18787], [9.68141, 12.18695], [9.69121, 12.18806], [9.69431, 12.18875], [9.69392, 12.18725], [9.69358, 12.18625], [9.69373, 12.18489], [9.69603, 12.18396], [9.69791, 12.18088], [9.69821, 12.1802], [9.69729, 12.17502], [9.69949, 12.1713], [9.67758, 12.16571], [9.67165, 12.15266], [9.6818, 12.15088], [9.68969, 12.1475], [9.69, 12.14737], [9.6895, 12.1456], [9.69036, 12.14393], [9.69019, 12.14283], [9.67204, 12.13942], [9.65345, 12.13099], [9.65381, 12.13307], [9.65248, 12.13632], [9.65029, 12.13865], [9.64839, 12.13967], [9.64601, 12.14134]]]}, "properties": {"name": "Yanduna", "lga": "Miga", "state": "ji"}}, {"type": "Feature", "geometry": {"type": "Polygon", "coordinates": [[[8.36561, 12.43171], [8.35824, 12.43791], [8.35468, 12.47967], [8.3453, 12.48876], [8.34503, 12.48901], [8.34491, 12.48912], [8.35328, 12.49876], [8.35946, 12.50814], [8.36264, 12.51935], [8.36439, 12.52689], [8.36918, 12.52588], [8.3725, 12.52533], [8.37943, 12.52392], [8.38257, 12.52392], [8.3892, 12.52342], [8.39114, 12.52308], [8.39112, 12.50935], [8.38949, 12.50105], [8.38799, 12.49403], [8.38918, 12.4863], [8.39431, 12.48539], [8.40025, 12.48527], [8.39894, 12.48423], [8.39787, 12.48324], [8.39728, 12.48156], [8.39721, 12.47779], [8.3973, 12.47482], [8.39616, 12.47259], [8.38741, 12.4703], [8.38468, 12.45719], [8.38486, 12.45034], [8.38385, 12.44796], [8.38129, 12.44495], [8.37951, 12.44239], [8.37688, 12.43562], [8.3726, 12.43593], [8.37156, 12.43496], [8.36717, 12.43566], [8.36561, 12.43171]]]}, "properties": {"name": "Gora", "lga": "Roni", "state": "ji"}}, {"type": "Feature", "geometry": {"type": "Polygon", "coordinates": [[[8.30524, 12.73527], [8.301, 12.7287], [8.30373, 12.72574], [8.3059, 12.72596], [8.3081, 12.72374], [8.30917, 12.72235], [8.31043, 12.71994], [8.31001, 12.71986], [8.30949, 12.70967], [8.30245, 12.69926], [8.30538, 12.69025], [8.28373, 12.67261], [8.26903, 12.67279], [8.26304, 12.67257], [8.26152, 12.673], [8.25831, 12.68114], [8.25446, 12.68567], [8.25349, 12.68705], [8.25232, 12.69365], [8.24413, 12.69331], [8.24256, 12.69247], [8.24097, 12.69173], [8.23961, 12.69131], [8.23416, 12.69272], [8.23151, 12.71285], [8.23258, 12.71702], [8.23429, 12.72413], [8.23349, 12.73964], [8.22641, 12.75161], [8.23244, 12.75595], [8.24623, 12.7545], [8.24632, 12.75826], [8.24545, 12.76669], [8.2428, 12.7724], [8.2361, 12.7712], [8.23646, 12.77497], [8.23539, 12.78093], [8.2354, 12.78685], [8.23807, 12.78684], [8.24722, 12.78696], [8.25419, 12.78727], [8.25274, 12.77884], [8.25165, 12.77342], [8.25136, 12.76985], [8.25591, 12.76895], [8.25863, 12.76251], [8.2641, 12.7498], [8.28091, 12.74683], [8.28853, 12.74366], [8.30524, 12.73527]]]}, "properties": {"name": "Buntusu", "lga": "Gwiwa", "state": "ji"}}, {"type": "Feature", "geometry": {"type": "Polygon", "coordinates": [[[9.17847, 12.2125], [9.17293, 12.2101], [9.16642, 12.20489], [9.14911, 12.20554], [9.14367, 12.20842], [9.13317, 12.19768], [9.13277, 12.1975], [9.12935, 12.19645], [9.11848, 12.19692], [9.10805, 12.20105], [9.09635, 12.18935], [9.08786, 12.18998], [9.08124, 12.18834], [9.07364, 12.18916], [9.0711, 12.19011], [9.06911, 12.18955], [9.05936, 12.18671], [9.05882, 12.18665], [9.04809, 12.19935], [9.04798, 12.19984], [9.047, 12.20349], [9.04496, 12.20602], [9.04714, 12.21874], [9.05014, 12.2214], [9.05036, 12.2216], [9.04895, 12.228], [9.04982, 12.24058], [9.0493, 12.2451], [9.03577, 12.24318], [9.03039, 12.24316], [9.0295, 12.2557], [9.02932, 12.26296], [9.03003, 12.26935], [9.03164, 12.27835], [9.03179, 12.2825], [9.02126, 12.29643], [9.03165, 12.30086], [9.03651, 12.30197], [9.04921, 12.32266], [9.05703, 12.32489], [9.06352, 12.32558], [9.07222, 12.3262], [9.08356, 12.32586], [9.0938, 12.32224], [9.10642, 12.3249], [9.11506, 12.33324], [9.11786, 12.33485], [9.12355, 12.33836], [9.12663, 12.33966], [9.13853, 12.34223], [9.14561, 12.32563], [9.12929, 12.31115], [9.12516, 12.30817], [9.11869, 12.29653], [9.11355, 12.28318], [9.1288, 12.27086], [9.14597, 12.28043], [9.14626, 12.2806], [9.15143, 12.28359], [9.16005, 12.2773], [9.16411, 12.27369], [9.15702, 12.25938], [9.14645, 12.25156], [9.14617, 12.23918], [9.15124, 12.23104], [9.15935, 12.23089], [9.17029, 12.23526], [9.17551, 12.23571], [9.17602, 12.23175], [9.17847, 12.2125]]]}, "properties": {"name": "Sankara", "lga": "Ringim", "state": "ji"}}, {"type": "Feature", "geometry": {"type": "Polygon", "coordinates": [[[8.30524, 12.73527], [8.28853, 12.74366], [8.28091, 12.74683], [8.2641, 12.7498], [8.25863, 12.76251], [8.25591, 12.76895], [8.25136, 12.76985], [8.25165, 12.77342], [8.25274, 12.77884], [8.25419, 12.78727], [8.29641, 12.78672], [8.29661, 12.78421], [8.29926, 12.77831], [8.3062, 12.77178], [8.30971, 12.7671], [8.30994, 12.76293], [8.31376, 12.75896], [8.31487, 12.75641], [8.31312, 12.75244], [8.31201, 12.75027], [8.31304, 12.74635], [8.31197, 12.74209], [8.31142, 12.738], [8.30662, 12.73825], [8.30524, 12.73527]]]}, "properties": {"name": "Darina", "lga": "Gwiwa", "state": "ji"}}, {"type": "Feature", "geometry": {"type": "Polygon", "coordinates": [[[9.50891, 12.29223], [9.51219, 12.29586], [9.52062, 12.29709], [9.52701, 12.29927], [9.5328, 12.30203], [9.53701, 12.30381], [9.53561, 12.30764], [9.53456, 12.31219], [9.53428, 12.3209], [9.53263, 12.32844], [9.53189, 12.33356], [9.5325, 12.3392], [9.5625, 12.3508], [9.5692, 12.3544], [9.5776, 12.3604], [9.58, 12.3601], [9.58275, 12.35266], [9.5856, 12.34736], [9.59002, 12.3429], [9.60138, 12.33961], [9.6022, 12.33934], [9.60104, 12.33637], [9.602, 12.33127], [9.60989, 12.33062], [9.60781, 12.32799], [9.5972, 12.31853], [9.5899, 12.31085], [9.58175, 12.30651], [9.57042, 12.30258], [9.56471, 12.30087], [9.55923, 12.29858], [9.5544, 12.29409], [9.55455, 12.28335], [9.56208, 12.27128], [9.56626, 12.26579], [9.56298, 12.26142], [9.55494, 12.25112], [9.52785, 12.21819], [9.51765, 12.2289], [9.50214, 12.24774], [9.49189, 12.25989], [9.50263, 12.27304], [9.50621, 12.28055], [9.50891, 12.29223]]]}, "properties": {"name": "Ajaura", "lga": "Taura", "state": "ji"}}, {"type": "Feature", "geometry": {"type": "Polygon", "coordinates": [[[9.40231, 12.69814], [9.39412, 12.69415], [9.39266, 12.69511], [9.38475, 12.72322], [9.37829, 12.73642], [9.37413, 12.74223], [9.36979, 12.74512], [9.36528, 12.74518], [9.36454, 12.74696], [9.35739, 12.75516], [9.35969, 12.76321], [9.37002, 12.77364], [9.36917, 12.77967], [9.36551, 12.80011], [9.3635, 12.80179], [9.37144, 12.80653], [9.37495, 12.80471], [9.3774, 12.80064], [9.38645, 12.79104], [9.38948, 12.78772], [9.39674, 12.78604], [9.39844, 12.78448], [9.39715, 12.77929], [9.39088, 12.76475], [9.39116, 12.76134], [9.40025, 12.76081], [9.40058, 12.74865], [9.3998, 12.73953], [9.39911, 12.73606], [9.40161, 12.71588], [9.40231, 12.69814]]]}, "properties": {"name": "Fulata", "lga": "Maigatari", "state": "ji"}}, {"type": "Feature", "geometry": {"type": "Polygon", "coordinates": [[[10.06619, 12.37375], [10.10164, 12.38653], [10.10435, 12.38426], [10.10619, 12.38271], [10.11428, 12.37354], [10.12039, 12.36455], [10.1264, 12.358], [10.13871, 12.35116], [10.14418, 12.34977], [10.15036, 12.34779], [10.16224, 12.34477], [10.17021, 12.34512], [10.17969, 12.34373], [10.19173, 12.34053], [10.19074, 12.33769], [10.19169, 12.3309], [10.19477, 12.33164], [10.19517, 12.33144], [10.19551, 12.33082], [10.19526, 12.32991], [10.1945, 12.32897], [10.19751, 12.32473], [10.19638, 12.32131], [10.20451, 12.32426], [10.20199, 12.31718], [10.20268, 12.31678], [10.20356, 12.31683], [10.20615, 12.31929], [10.20553, 12.31423], [10.20591, 12.31363], [10.20653, 12.31321], [10.20691, 12.31256], [10.20427, 12.31123], [10.19938, 12.31349], [10.19624, 12.31102], [10.17985, 12.28796], [10.17502, 12.27344], [10.15216, 12.24415], [10.13471, 12.24952], [10.13462, 12.24949], [10.12935, 12.23505], [10.12253, 12.21315], [10.11725, 12.20991], [10.1103, 12.21066], [10.10761, 12.21185], [10.09106, 12.22239], [10.08727, 12.22819], [10.08431, 12.23067], [10.07885, 12.23495], [10.06848, 12.24471], [10.05674, 12.23986], [10.05742, 12.23842], [10.05827, 12.23858], [10.06257, 12.23816], [10.064, 12.23656], [10.06486, 12.23517], [10.06982, 12.22973], [10.06555, 12.22494], [10.05984, 12.22038], [10.04691, 12.2117], [10.05155, 12.20385], [10.05932, 12.20166], [10.06244, 12.19917], [10.05354, 12.18166], [10.04941, 12.18421], [10.04087, 12.19065], [10.03668, 12.19869], [10.01795, 12.2199], [10.02108, 12.22287], [10.02289, 12.22798], [10.01829, 12.23092], [10.01676, 12.23167], [10.01501, 12.23654], [10.01884, 12.2361], [10.0203, 12.252], [10.02022, 12.25342], [10.02279, 12.26175], [10.02311, 12.26217], [10.02364, 12.26283], [10.02443, 12.26342], [10.01958, 12.2752], [10.02718, 12.27779], [10.03839, 12.27525], [10.05137, 12.26941], [10.06075, 12.2639], [10.09697, 12.25714], [10.10401, 12.256], [10.10437, 12.26204], [10.10593, 12.27217], [10.11501, 12.28019], [10.12381, 12.28419], [10.13213, 12.288], [10.12478, 12.29427], [10.10698, 12.30179], [10.10087, 12.31097], [10.0969, 12.31689], [10.08366, 12.33823], [10.08094, 12.34545], [10.07759, 12.35601], [10.06619, 12.37375]]]}, "properties": {"name": "Mezan", "lga": "Kafin Hausa", "state": "ji"}}, {"type": "Feature", "geometry": {"type": "Polygon", "coordinates": [[[10.04475, 12.56008], [10.06274, 12.55709], [10.06215, 12.55236], [10.06091, 12.5425], [10.06039, 12.54225], [10.05895, 12.54217], [10.05665, 12.54279], [10.05343, 12.53413], [10.05765, 12.5287], [10.05316, 12.51627], [10.05676, 12.49663], [10.06205, 12.48469], [10.0523, 12.47232], [10.05166, 12.47296], [10.04701, 12.47765], [10.04171, 12.47221], [10.04311, 12.46212], [10.04239, 12.4614], [10.04208, 12.46103], [10.0432, 12.45987], [10.0383, 12.45451], [10.02912, 12.4651], [10.02279, 12.46406], [10.01273, 12.47488], [10.01801, 12.47927], [10.01869, 12.47997], [10.01013, 12.4824], [10.01631, 12.49758], [10.01724, 12.50177], [10.01482, 12.50348], [10.00765, 12.50797], [10.00227, 12.50987], [9.98751, 12.51531], [9.98102, 12.5199], [9.98245, 12.52306], [9.97816, 12.55244], [9.99883, 12.55722], [10.00792, 12.55973], [10.01196, 12.56381], [10.01767, 12.56556], [10.02811, 12.56517], [10.03786, 12.55672], [10.04377, 12.55962], [10.04475, 12.56008]]]}, "properties": {"name": "Toni Kutara", "lga": "Malam Madori", "state": "ji"}}, {"type": "Feature", "geometry": {"type": "Polygon", "coordinates": [[[9.78247, 12.12481], [9.77515, 12.12567], [9.76982, 12.12593], [9.7688, 12.12891], [9.7687, 12.13706], [9.76462, 12.14045], [9.76413, 12.1462], [9.76709, 12.14979], [9.77643, 12.15034], [9.78907, 12.15001], [9.80401, 12.16344], [9.81806, 12.19485], [9.81996, 12.20202], [9.82556, 12.20327], [9.83175, 12.20671], [9.83608, 12.2132], [9.89154, 12.23678], [9.89049, 12.22208], [9.88281, 12.20496], [9.88178, 12.19336], [9.87751, 12.17023], [9.87154, 12.16162], [9.86234, 12.14089], [9.8468, 12.13828], [9.8319, 12.13902], [9.78247, 12.12481]]]}, "properties": {"name": "Kwazailewa", "lga": "Kafin Hausa", "state": "ji"}}, {"type": "Feature", "geometry": {"type": "Polygon", "coordinates": [[[9.1913, 12.34732], [9.1903, 12.3516], [9.19015, 12.35223], [9.18804, 12.35669], [9.20653, 12.3622], [9.21535, 12.38181], [9.22169, 12.38859], [9.22302, 12.39002], [9.2227, 12.3908], [9.22067, 12.39397], [9.22065, 12.39425], [9.22764, 12.39455], [9.23444, 12.39991], [9.24016, 12.40344], [9.24729, 12.40714], [9.25517, 12.40936], [9.25924, 12.41683], [9.26052, 12.42094], [9.25997, 12.42978], [9.27689, 12.42994], [9.27655, 12.43255], [9.27926, 12.43332], [9.28781, 12.4309], [9.30173, 12.43215], [9.30868, 12.4347], [9.31403, 12.43122], [9.31736, 12.42902], [9.3249, 12.42722], [9.34576, 12.4282], [9.35326, 12.42571], [9.34736, 12.42257], [9.34294, 12.42048], [9.33138, 12.41491], [9.32223, 12.39998], [9.32083, 12.38549], [9.32229, 12.37382], [9.31394, 12.36808], [9.26042, 12.35454], [9.25604, 12.3564], [9.25082, 12.36187], [9.22372, 12.36048], [9.22543, 12.34767], [9.21723, 12.34809], [9.20918, 12.34632], [9.20475, 12.34873], [9.20234, 12.34789], [9.20045, 12.34837], [9.19979, 12.34871], [9.1978, 12.34898], [9.19599, 12.34881], [9.19283, 12.34704], [9.1913, 12.34732]]]}, "properties": {"name": "Buduru", "lga": "Garki", "state": "ji"}}, {"type": "Feature", "geometry": {"type": "Polygon", "coordinates": [[[9.59261, 12.49853], [9.56437, 12.49846], [9.53707, 12.49949], [9.52138, 12.49175], [9.51112, 12.4886], [9.50665, 12.49669], [9.50586, 12.49628], [9.50533, 12.49595], [9.50399, 12.49557], [9.50328, 12.4969], [9.50238, 12.49666], [9.50017, 12.49678], [9.49949, 12.49677], [9.49678, 12.49522], [9.49464, 12.49387], [9.49021, 12.49281], [9.48651, 12.49422], [9.48933, 12.50238], [9.5058, 12.53321], [9.5158, 12.5462], [9.5194, 12.54513], [9.52317, 12.54434], [9.52605, 12.54323], [9.53193, 12.54228], [9.5388, 12.54141], [9.53877, 12.55225], [9.52009, 12.55866], [9.50947, 12.57693], [9.55178, 12.59435], [9.55516, 12.60255], [9.5663, 12.602], [9.5661, 12.59797], [9.56615, 12.59106], [9.56266, 12.57888], [9.54596, 12.58094], [9.53959, 12.58026], [9.53502, 12.5805], [9.53292, 12.58026], [9.53164, 12.57939], [9.53121, 12.57755], [9.53139, 12.57501], [9.53197, 12.5735], [9.53267, 12.5726], [9.53561, 12.56983], [9.5418, 12.56717], [9.54812, 12.56481], [9.58223, 12.55145], [9.58272, 12.53781], [9.58636, 12.51818], [9.59261, 12.49853]]]}, "properties": {"name": "Madaka", "lga": "Gagarawa", "state": "ji"}}, {"type": "Feature", "geometry": {"type": "Polygon", "coordinates": [[[9.33558, 12.28548], [9.33135, 12.28782], [9.31341, 12.29836], [9.29063, 12.3072], [9.28315, 12.31702], [9.27045, 12.31228], [9.24946, 12.30587], [9.23811, 12.32053], [9.22217, 12.32929], [9.22121, 12.32982], [9.2165, 12.33539], [9.18042, 12.33727], [9.16614, 12.34036], [9.1661, 12.34037], [9.1867, 12.3464], [9.1913, 12.34732], [9.19283, 12.34704], [9.19599, 12.34881], [9.20234, 12.34789], [9.20475, 12.34873], [9.20918, 12.34632], [9.21723, 12.34809], [9.22543, 12.34767], [9.22372, 12.36048], [9.25082, 12.36187], [9.25604, 12.3564], [9.26042, 12.35454], [9.31394, 12.36808], [9.32229, 12.37382], [9.32882, 12.37089], [9.33552, 12.36716], [9.34187, 12.36629], [9.35314, 12.36163], [9.36105, 12.35849], [9.37556, 12.34736], [9.38287, 12.3389], [9.36724, 12.33627], [9.35736, 12.32574], [9.34819, 12.309], [9.34113, 12.29288], [9.33558, 12.28548]]]}, "properties": {"name": "Sayori", "lga": "Garki", "state": "ji"}}, {"type": "Feature", "geometry": {"type": "Polygon", "coordinates": [[[9.85399, 12.54838], [9.84355, 12.55183], [9.83073, 12.56101], [9.83153, 12.56611], [9.82433, 12.56934], [9.82369, 12.57346], [9.82244, 12.57682], [9.82782, 12.57955], [9.8353, 12.58103], [9.84244, 12.57939], [9.84366, 12.58197], [9.84815, 12.58047], [9.85612, 12.58918], [9.851, 12.60153], [9.85412, 12.6039], [9.85765, 12.61126], [9.85305, 12.62525], [9.85307, 12.62529], [9.87392, 12.62041], [9.87691, 12.62083], [9.87941, 12.62117], [9.8851, 12.62137], [9.88819, 12.62006], [9.89024, 12.62006], [9.89179, 12.62206], [9.89228, 12.62486], [9.89276, 12.63183], [9.89296, 12.6404], [9.89534, 12.64124], [9.89751, 12.64044], [9.90097, 12.64119], [9.90284, 12.64212], [9.90418, 12.64272], [9.90461, 12.64186], [9.90629, 12.63859], [9.91547, 12.63257], [9.91986, 12.62991], [9.92216, 12.62827], [9.92884, 12.62779], [9.93719, 12.62767], [9.94386, 12.62948], [9.95313, 12.63087], [9.96458, 12.63377], [9.97062, 12.62963], [9.96512, 12.61291], [9.94565, 12.60936], [9.94428, 12.60609], [9.93541, 12.59213], [9.927, 12.58844], [9.91188, 12.58454], [9.90504, 12.58277], [9.89521, 12.57407], [9.89057, 12.57207], [9.88715, 12.57021], [9.88184, 12.5658], [9.88029, 12.56479], [9.87876, 12.56413], [9.88175, 12.56067], [9.88468, 12.55741], [9.88187, 12.55651], [9.87223, 12.55335], [9.86824, 12.55133], [9.86318, 12.55044], [9.85399, 12.54838]]]}, "properties": {"name": "Dunari", "lga": "Malam Madori", "state": "ji"}}, {"type": "Feature", "geometry": {"type": "Polygon", "coordinates": [[[9.36357, 12.27279], [9.37008, 12.2563], [9.38116, 12.2538], [9.39787, 12.24367], [9.40314, 12.24114], [9.41296, 12.23307], [9.41996, 12.22228], [9.42306, 12.21779], [9.42872, 12.20978], [9.42267, 12.19439], [9.42463, 12.18161], [9.42332, 12.17714], [9.42202, 12.17644], [9.42041, 12.1765], [9.41845, 12.17674], [9.41179, 12.18643], [9.40597, 12.1894], [9.40645, 12.19468], [9.40456, 12.19752], [9.40333, 12.19783], [9.40282, 12.19712], [9.40247, 12.19619], [9.40312, 12.19532], [9.40383, 12.19439], [9.40354, 12.19369], [9.40249, 12.19372], [9.39712, 12.19915], [9.39314, 12.19799], [9.3926, 12.1973], [9.39266, 12.19642], [9.3929, 12.19532], [9.39552, 12.1908], [9.38838, 12.18882], [9.38731, 12.1894], [9.38601, 12.19021], [9.38628, 12.1912], [9.38684, 12.19172], [9.38803, 12.19218], [9.38826, 12.19323], [9.3873, 12.19409], [9.38581, 12.19437], [9.38476, 12.19457], [9.38387, 12.19369], [9.38201, 12.19132], [9.37931, 12.19024], [9.35807, 12.202], [9.34347, 12.22647], [9.35617, 12.23355], [9.35869, 12.23834], [9.35126, 12.24667], [9.34831, 12.25774], [9.34509, 12.26731], [9.34526, 12.27026], [9.35249, 12.27152], [9.35275, 12.27416], [9.35415, 12.27489], [9.35434, 12.27563], [9.3537, 12.2773], [9.35478, 12.27756], [9.3617, 12.27453], [9.36357, 12.27279]]]}, "properties": {"name": "Maje", "lga": "Taura", "state": "ji"}}, {"type": "Feature", "geometry": {"type": "Polygon", "coordinates": [[[9.8172, 11.60414], [9.80788, 11.6069], [9.79127, 11.61311], [9.79059, 11.6155], [9.79207, 11.62751], [9.78248, 11.63311], [9.78154, 11.63274], [9.77576, 11.62889], [9.77201, 11.62102], [9.77078, 11.61695], [9.76362, 11.60601], [9.75397, 11.60349], [9.74918, 11.60157], [9.74091, 11.6052], [9.74148, 11.61262], [9.72625, 11.61158], [9.72619, 11.61243], [9.72266, 11.6196], [9.72204, 11.6245], [9.7328, 11.62571], [9.742, 11.62498], [9.74805, 11.63438], [9.76656, 11.63837], [9.76432, 11.64409], [9.74462, 11.64116], [9.74154, 11.64614], [9.75251, 11.64835], [9.75114, 11.65703], [9.76234, 11.65779], [9.77019, 11.66791], [9.78909, 11.67716], [9.79598, 11.69593], [9.79828, 11.69824], [9.80198, 11.69147], [9.82778, 11.69228], [9.83065, 11.6846], [9.82782, 11.68243], [9.82079, 11.67158], [9.82211, 11.65761], [9.8233, 11.65532], [9.82452, 11.65073], [9.82572, 11.64844], [9.82696, 11.64155], [9.82701, 11.63694], [9.82821, 11.63465], [9.82707, 11.63118], [9.82592, 11.62676], [9.81255, 11.62761], [9.81097, 11.62627], [9.81068, 11.62481], [9.81085, 11.62246], [9.81151, 11.62083], [9.8136, 11.61921], [9.81865, 11.61963], [9.81966, 11.6159], [9.82149, 11.61574], [9.82282, 11.61343], [9.8172, 11.60414]]]}, "properties": {"name": "Ahoto", "lga": "Buji", "state": "ji"}}, {"type": "Feature", "geometry": {"type": "Polygon", "coordinates": [[[9.67366, 12.44347], [9.67659, 12.43461], [9.68486, 12.42159], [9.69228, 12.42408], [9.70668, 12.42359], [9.70744, 12.41799], [9.70983, 12.41047], [9.70725, 12.40258], [9.69504, 12.39365], [9.69634, 12.38658], [9.6892, 12.38112], [9.68373, 12.37755], [9.68076, 12.37413], [9.64992, 12.3621], [9.64641, 12.36128], [9.64523, 12.36376], [9.64111, 12.36431], [9.63752, 12.37245], [9.62861, 12.37215], [9.61942, 12.37118], [9.6109, 12.3648], [9.60219, 12.35828], [9.57915, 12.39126], [9.64818, 12.42942], [9.64158, 12.43977], [9.64172, 12.44067], [9.64229, 12.44213], [9.65256, 12.45515], [9.66454, 12.46434], [9.66539, 12.46546], [9.66589, 12.46643], [9.66532, 12.4679], [9.66575, 12.46929], [9.66568, 12.4704], [9.6671, 12.47096], [9.66867, 12.47054], [9.66967, 12.46984], [9.67074, 12.46859], [9.67202, 12.4688], [9.67423, 12.46964], [9.67659, 12.46246], [9.67666, 12.461], [9.6758, 12.45982], [9.67488, 12.45933], [9.67324, 12.4585], [9.67181, 12.45682], [9.67188, 12.45216], [9.67366, 12.44347]]]}, "properties": {"name": "Unguwar Jibrin", "lga": "Kaugama", "state": "ji"}}, {"type": "Feature", "geometry": {"type": "Polygon", "coordinates": [[[9.41679, 12.31509], [9.41035, 12.31136], [9.40683, 12.30362], [9.39913, 12.2923], [9.3906, 12.28552], [9.3863, 12.28301], [9.37893, 12.27976], [9.36357, 12.27279], [9.3617, 12.27453], [9.35478, 12.27756], [9.3537, 12.2773], [9.35434, 12.27563], [9.35415, 12.27489], [9.35275, 12.27416], [9.35249, 12.27152], [9.34526, 12.27026], [9.34509, 12.26731], [9.34831, 12.25774], [9.35126, 12.24667], [9.33971, 12.24636], [9.3321, 12.24432], [9.32221, 12.24144], [9.32003, 12.24729], [9.30354, 12.23781], [9.30129, 12.23826], [9.29205, 12.24012], [9.27828, 12.24238], [9.26641, 12.25257], [9.28552, 12.25863], [9.29579, 12.26384], [9.30253, 12.26438], [9.31289, 12.26737], [9.31746, 12.26968], [9.32572, 12.2721], [9.33558, 12.28548], [9.34113, 12.29288], [9.34819, 12.309], [9.35736, 12.32574], [9.36724, 12.33627], [9.38287, 12.3389], [9.38997, 12.33632], [9.40121, 12.337], [9.40775, 12.33003], [9.41679, 12.31509]]]}, "properties": {"name": "Chukwaikwaiwa", "lga": "Taura", "state": "ji"}}, {"type": "Feature", "geometry": {"type": "Polygon", "coordinates": [[[9.82032, 12.3054], [9.8125, 12.30902], [9.79533, 12.31258], [9.7882, 12.2967], [9.77845, 12.28522], [9.77575, 12.28618], [9.77299, 12.28654], [9.76276, 12.29222], [9.75307, 12.2987], [9.74212, 12.30457], [9.76269, 12.31919], [9.76497, 12.32313], [9.76736, 12.32831], [9.76816, 12.33238], [9.76851, 12.3369], [9.76708, 12.33924], [9.76297, 12.34191], [9.76149, 12.35417], [9.76921, 12.35809], [9.77767, 12.36375], [9.78953, 12.36932], [9.7932, 12.36716], [9.80614, 12.36312], [9.8126, 12.3593], [9.82822, 12.35674], [9.83066, 12.35712], [9.83515, 12.35799], [9.83594, 12.35822], [9.85027, 12.35054], [9.85576, 12.34497], [9.85904, 12.33908], [9.85961, 12.3388], [9.86015, 12.3387], [9.86147, 12.3411], [9.862, 12.34086], [9.86243, 12.3403], [9.86043, 12.33675], [9.86065, 12.33246], [9.86193, 12.33072], [9.84642, 12.33647], [9.84307, 12.33549], [9.84068, 12.33264], [9.84236, 12.32926], [9.8384, 12.32762], [9.83975, 12.32616], [9.83975, 12.32529], [9.83975, 12.32463], [9.83929, 12.3239], [9.82745, 12.31871], [9.82656, 12.31797], [9.82603, 12.31724], [9.82517, 12.31634], [9.82773, 12.31426], [9.82893, 12.30523], [9.82739, 12.30501], [9.82557, 12.30456], [9.82391, 12.30417], [9.82277, 12.30456], [9.82186, 12.30495], [9.82032, 12.3054]]]}, "properties": {"name": "Hadin", "lga": "Kaugama", "state": "ji"}}, {"type": "Feature", "geometry": {"type": "Polygon", "coordinates": [[[10.03997, 12.4558], [10.03753, 12.45031], [10.02232, 12.4409], [10.02029, 12.44529], [10.01923, 12.44856], [10.02416, 12.45432], [10.02384, 12.45482], [10.02357, 12.45595], [10.02455, 12.45695], [10.0281, 12.45839], [10.02964, 12.45717], [10.03264, 12.46012], [10.0383, 12.45451], [10.03997, 12.4558]]]}, "properties": {"name": "Matsaro", "lga": "Hadejia", "state": "ji"}}, {"type": "Feature", "geometry": {"type": "Polygon", "coordinates": [[[8.30508, 12.64678], [8.2964, 12.6488], [8.28286, 12.65099], [8.28296, 12.65496], [8.28369, 12.6619], [8.28373, 12.67261], [8.30538, 12.69025], [8.30245, 12.69926], [8.30949, 12.70967], [8.31001, 12.71986], [8.31043, 12.71994], [8.32744, 12.72305], [8.33275, 12.72834], [8.33203, 12.73893], [8.34468, 12.73851], [8.34596, 12.73555], [8.35247, 12.73191], [8.3671, 12.73585], [8.36767, 12.71983], [8.37074, 12.71319], [8.38066, 12.71594], [8.38541, 12.71654], [8.38993, 12.71807], [8.40288, 12.7258], [8.40271, 12.70593], [8.38566, 12.69333], [8.38004, 12.68515], [8.37552, 12.67546], [8.35957, 12.67274], [8.34677, 12.67171], [8.34586, 12.66671], [8.34414, 12.65291], [8.32972, 12.644], [8.32445, 12.64944], [8.32326, 12.64932], [8.31851, 12.64926], [8.31456, 12.64861], [8.3107, 12.6457], [8.3086, 12.6459], [8.30508, 12.64678]]]}, "properties": {"name": "Zauma", "lga": "Gwiwa", "state": "ji"}}, {"type": "Feature", "geometry": {"type": "Polygon", "coordinates": [[[9.31173, 11.34472], [9.31022, 11.34542], [9.30826, 11.3474], [9.30833, 11.35075], [9.30978, 11.3538], [9.31375, 11.35585], [9.31667, 11.35711], [9.3182, 11.35998], [9.31606, 11.36767], [9.31675, 11.36834], [9.31846, 11.36944], [9.32091, 11.36939], [9.33468, 11.3663], [9.33732, 11.36624], [9.34024, 11.36756], [9.34174, 11.36812], [9.34452, 11.36714], [9.34694, 11.36728], [9.34979, 11.36644], [9.35129, 11.3654], [9.35322, 11.36407], [9.35493, 11.36559], [9.36427, 11.36435], [9.36605, 11.36547], [9.36767, 11.36788], [9.36734, 11.37064], [9.36826, 11.37323], [9.36698, 11.37469], [9.36791, 11.37644], [9.36905, 11.37812], [9.37104, 11.37917], [9.3729, 11.38036], [9.37404, 11.38217], [9.37447, 11.38399], [9.37546, 11.38518], [9.37696, 11.38525], [9.38181, 11.38064], [9.38331, 11.38147], [9.3848, 11.38112], [9.38666, 11.38091], [9.3883, 11.3821], [9.3898, 11.38266], [9.39001, 11.3893], [9.39094, 11.39042], [9.39236, 11.39133], [9.39238, 11.393], [9.39279, 11.39413], [9.40199, 11.39853], [9.40242, 11.40007], [9.40249, 11.40223], [9.40876, 11.40524], [9.4124, 11.40706], [9.41542, 11.40772], [9.41739, 11.4088], [9.41874, 11.41043], [9.42046, 11.41146], [9.42338, 11.41132], [9.42459, 11.41265], [9.42359, 11.41426], [9.42416, 11.41516], [9.4273, 11.41447], [9.42908, 11.41459], [9.4293, 11.41593], [9.43151, 11.41621], [9.43422, 11.41384], [9.43679, 11.41216], [9.43821, 11.41097], [9.43921, 11.40887], [9.43994, 11.40734], [9.44179, 11.40685], [9.44348, 11.40784], [9.44364, 11.40985], [9.44464, 11.41076], [9.44572, 11.40987], [9.44714, 11.40929], [9.44883, 11.4104], [9.44917, 11.41171], [9.44871, 11.41391], [9.44807, 11.41516], [9.44707, 11.41677], [9.44721, 11.41747], [9.44764, 11.41838], [9.44834, 11.41825], [9.44978, 11.41677], [9.45177, 11.41628], [9.45277, 11.41733], [9.45398, 11.41831], [9.45591, 11.41817], [9.45719, 11.41852], [9.46054, 11.41223], [9.4624, 11.41384], [9.46261, 11.41565], [9.46303, 11.41681], [9.46406, 11.41729], [9.46561, 11.41635], [9.46738, 11.41626], [9.47007, 11.42285], [9.47684, 11.42879], [9.4767, 11.42977], [9.47606, 11.43103], [9.4777, 11.43194], [9.47784, 11.43278], [9.47913, 11.4325], [9.48134, 11.43047], [9.48212, 11.429], [9.48248, 11.42782], [9.4854, 11.42712], [9.49675, 11.43445], [9.49927, 11.43455], [9.50165, 11.43288], [9.50248, 11.42777], [9.50316, 11.42729], [9.50459, 11.42756], [9.50634, 11.42842], [9.50759, 11.42946], [9.50816, 11.43053], [9.50855, 11.43122], [9.51467, 11.42976], [9.51812, 11.40913], [9.51648, 11.40749], [9.50806, 11.40464], [9.50599, 11.40299], [9.50523, 11.40086], [9.50685, 11.39279], [9.49788, 11.38695], [9.4976, 11.37876], [9.5123, 11.37785], [9.5132, 11.3741], [9.5159, 11.3706], [9.50192, 11.37161], [9.5017, 11.36607], [9.52093, 11.36121], [9.52089, 11.3591], [9.51956, 11.35695], [9.51652, 11.35574], [9.51334, 11.35549], [9.51029, 11.35321], [9.49928, 11.35437], [9.47008, 11.36269], [9.46856, 11.36246], [9.4663, 11.36264], [9.46395, 11.36228], [9.46136, 11.36157], [9.45958, 11.36127], [9.45898, 11.35964], [9.45744, 11.36021], [9.45505, 11.35832], [9.45209, 11.35614], [9.45005, 11.35407], [9.44598, 11.35518], [9.43902, 11.35196], [9.4155, 11.3472], [9.41372, 11.32114], [9.41076, 11.31023], [9.41164, 11.3], [9.39797, 11.31661], [9.39199, 11.32091], [9.38499, 11.32595], [9.38371, 11.32687], [9.37957, 11.33127], [9.36382, 11.33856], [9.35136, 11.3432], [9.34614, 11.34675], [9.34419, 11.34165], [9.34262, 11.34074], [9.33777, 11.34485], [9.33747, 11.34445], [9.3369, 11.34285], [9.33705, 11.34138], [9.33548, 11.34047], [9.33012, 11.34484], [9.32985, 11.34472], [9.33089, 11.34296], [9.33108, 11.34123], [9.33046, 11.33988], [9.32913, 11.33965], [9.32476, 11.34375], [9.32343, 11.34352], [9.32316, 11.34369], [9.32375, 11.34269], [9.32394, 11.34096], [9.32332, 11.33961], [9.32199, 11.33938], [9.32085, 11.34022], [9.32001, 11.34163], [9.31928, 11.34269], [9.31501, 11.34411], [9.31488, 11.34542], [9.31483, 11.34588], [9.31439, 11.34635], [9.31173, 11.34472]]]}, "properties": {"name": "Lafia", "lga": "Birnin Kudu", "state": "ji"}}, {"type": "Feature", "geometry": {"type": "Polygon", "coordinates": [[[9.14158, 12.40492], [9.1257, 12.41475], [9.11464, 12.42466], [9.11001, 12.42881], [9.10799, 12.43223], [9.10955, 12.44466], [9.10185, 12.44541], [9.10203, 12.45597], [9.07517, 12.47576], [9.06637, 12.48513], [9.05889, 12.49108], [9.05081, 12.49445], [9.03511, 12.50571], [9.02835, 12.50848], [9.00969, 12.51026], [9.00542, 12.51992], [8.99886, 12.53022], [8.98941, 12.54524], [8.991, 12.55894], [8.98957, 12.55859], [8.9863, 12.55905], [8.98256, 12.55879], [8.98181, 12.55975], [8.98161, 12.56166], [8.98202, 12.56326], [8.98131, 12.56445], [8.98045, 12.56537], [8.98978, 12.56848], [8.98726, 12.57272], [8.98184, 12.57914], [8.98528, 12.57944], [8.99018, 12.57956], [8.99617, 12.58055], [8.99995, 12.58723], [9.00889, 12.58668], [9.01206, 12.58236], [9.01695, 12.58261], [9.01798, 12.57291], [9.0316, 12.56867], [9.05057, 12.56416], [9.06383, 12.55942], [9.07759, 12.55035], [9.08786, 12.53868], [9.09157, 12.53458], [9.09238, 12.53033], [9.096, 12.52464], [9.09964, 12.52319], [9.10494, 12.52598], [9.10875, 12.52915], [9.1183, 12.53853], [9.1238, 12.54336], [9.14288, 12.53874], [9.15815, 12.53544], [9.16739, 12.53512], [9.17706, 12.52893], [9.19115, 12.51992], [9.19328, 12.4952], [9.2027, 12.48898], [9.21576, 12.49151], [9.22486, 12.46412], [9.2095, 12.46336], [9.20319, 12.463], [9.20223, 12.4749], [9.17234, 12.47315], [9.16456, 12.47205], [9.16503, 12.46706], [9.1817, 12.46573], [9.18177, 12.45569], [9.18035, 12.45151], [9.17692, 12.445], [9.17567, 12.44165], [9.17155, 12.44315], [9.16515, 12.44554], [9.15986, 12.44803], [9.14402, 12.45721], [9.14106, 12.45522], [9.12283, 12.44339], [9.11807, 12.43422], [9.12066, 12.4291], [9.13193, 12.42561], [9.13832, 12.423], [9.14837, 12.4275], [9.15771, 12.42743], [9.16063, 12.42422], [9.16213, 12.41886], [9.14926, 12.41117], [9.14158, 12.40492]]]}, "properties": {"name": "Kargo", "lga": "Garki", "state": "ji"}}, {"type": "Feature", "geometry": {"type": "Polygon", "coordinates": [[[9.79828, 11.69824], [9.79598, 11.69593], [9.78773, 11.69559], [9.77264, 11.69284], [9.76394, 11.69158], [9.74446, 11.68291], [9.7258, 11.6833], [9.69253, 11.6811], [9.68025, 11.67744], [9.67276, 11.67672], [9.66598, 11.67607], [9.66144, 11.681], [9.66139, 11.6856], [9.6625, 11.69137], [9.6613, 11.69481], [9.66009, 11.69825], [9.66121, 11.70287], [9.66352, 11.70635], [9.66582, 11.70983], [9.66575, 11.71674], [9.6644, 11.72084], [9.66443, 11.72681], [9.67156, 11.7262], [9.68085, 11.7256], [9.6849, 11.72534], [9.69239, 11.72216], [9.70373, 11.72073], [9.71256, 11.72087], [9.73487, 11.7269], [9.77957, 11.73651], [9.78482, 11.72724], [9.78425, 11.7239], [9.79828, 11.69824]]]}, "properties": {"name": "Madabe", "lga": "Buji", "state": "ji"}}, {"type": "Feature", "geometry": {"type": "Polygon", "coordinates": [[[9.49351, 12.46195], [9.48744, 12.45262], [9.48181, 12.44638], [9.47643, 12.45232], [9.4675, 12.4624], [9.45074, 12.45159], [9.44553, 12.46269], [9.43584, 12.46035], [9.40667, 12.45268], [9.39445, 12.45717], [9.38398, 12.47192], [9.39818, 12.4908], [9.40056, 12.52318], [9.40033, 12.53214], [9.40993, 12.53706], [9.41131, 12.52641], [9.42854, 12.53168], [9.43111, 12.52716], [9.4331, 12.52398], [9.43966, 12.51874], [9.44259, 12.51567], [9.46505, 12.51107], [9.47005, 12.49461], [9.47987, 12.48449], [9.47958, 12.47366], [9.49351, 12.46195]]]}, "properties": {"name": "Medu", "lga": "Gagarawa", "state": "ji"}}, {"type": "Feature", "geometry": {"type": "Polygon", "coordinates": [[[10.13529, 12.56359], [10.15098, 12.54198], [10.13374, 12.52717], [10.12694, 12.52068], [10.12598, 12.51674], [10.12736, 12.51122], [10.13321, 12.50742], [10.13425, 12.50637], [10.13478, 12.5047], [10.12519, 12.50108], [10.11977, 12.50178], [10.11152, 12.50079], [10.09567, 12.50669], [10.09096, 12.51044], [10.09022, 12.51081], [10.08749, 12.51113], [10.08686, 12.50978], [10.08806, 12.50732], [10.08902, 12.50537], [10.08505, 12.49666], [10.08356, 12.49701], [10.08225, 12.49706], [10.08097, 12.49743], [10.0747, 12.49188], [10.07308, 12.49648], [10.06678, 12.50016], [10.06567, 12.49238], [10.06795, 12.48822], [10.06205, 12.48469], [10.05676, 12.49663], [10.05316, 12.51627], [10.05765, 12.5287], [10.05343, 12.53413], [10.05665, 12.54279], [10.05895, 12.54217], [10.06039, 12.54225], [10.06091, 12.5425], [10.06215, 12.55236], [10.06274, 12.55709], [10.07832, 12.55833], [10.08749, 12.55791], [10.08948, 12.56277], [10.09132, 12.57513], [10.09888, 12.57941], [10.10295, 12.58106], [10.10822, 12.57229], [10.11125, 12.55849], [10.12245, 12.55384], [10.12616, 12.5598], [10.12851, 12.56258], [10.1334, 12.56618], [10.13529, 12.56359]]]}, "properties": {"name": "Tasheguwa", "lga": "Kiri Kasama", "state": "ji"}}, {"type": "Feature", "geometry": {"type": "Polygon", "coordinates": [[[10.35143, 12.77425], [10.35376, 12.76074], [10.35661, 12.75137], [10.336, 12.73989], [10.32746, 12.71715], [10.32129, 12.7137], [10.31102, 12.71426], [10.29499, 12.69838], [10.2782, 12.70883], [10.25969, 12.70678], [10.25067, 12.71336], [10.24316, 12.7122], [10.23415, 12.71535], [10.23103, 12.71773], [10.23087, 12.72476], [10.2371, 12.73018], [10.24707, 12.72954], [10.25094, 12.73267], [10.25142, 12.7379], [10.25142, 12.73793], [10.26066, 12.74228], [10.26895, 12.7461], [10.28836, 12.75788], [10.30072, 12.77239], [10.30707, 12.77648], [10.32878, 12.78252], [10.35143, 12.77425]]]}, "properties": {"name": "Gayin", "lga": "Kiri Kasama", "state": "ji"}}, {"type": "Feature", "geometry": {"type": "Polygon", "coordinates": [[[10.24134, 12.75421], [10.2383, 12.75231], [10.23261, 12.75259], [10.22971, 12.74779], [10.22052, 12.74271], [10.21406, 12.73916], [10.21709, 12.72708], [10.19648, 12.71935], [10.18657, 12.70876], [10.18838, 12.69539], [10.17164, 12.69058], [10.14954, 12.6909], [10.13086, 12.68708], [10.10454, 12.67417], [10.09931, 12.67645], [10.08492, 12.68703], [10.08053, 12.69568], [10.08284, 12.70854], [10.08188, 12.70962], [10.07975, 12.71394], [10.07861, 12.71698], [10.0825, 12.72424], [10.07375, 12.74768], [10.05797, 12.74952], [10.06514, 12.76541], [10.06671, 12.76712], [10.07156, 12.76769], [10.07567, 12.76748], [10.09524, 12.7652], [10.1031, 12.76688], [10.10566, 12.76887], [10.10734, 12.77117], [10.11037, 12.78425], [10.1146, 12.7842], [10.12789, 12.78019], [10.13471, 12.77413], [10.14734, 12.76224], [10.15366, 12.75608], [10.15539, 12.7549], [10.15729, 12.75441], [10.16568, 12.76043], [10.16813, 12.76565], [10.17336, 12.78748], [10.21333, 12.77671], [10.22431, 12.77184], [10.23351, 12.76662], [10.23814, 12.76057], [10.24134, 12.75421]]]}, "properties": {"name": "Fagi", "lga": "Biriniwa", "state": "ji"}}, {"type": "Feature", "geometry": {"type": "Polygon", "coordinates": [[[10.58267, 12.48085], [10.58213, 12.48011], [10.58178, 12.47844], [10.58121, 12.47691], [10.57985, 12.4758], [10.57864, 12.47524], [10.57714, 12.47475], [10.57579, 12.47482], [10.57265, 12.47712], [10.57008, 12.46995], [10.56259, 12.47098], [10.55771, 12.46714], [10.55474, 12.47246], [10.55457, 12.48082], [10.539, 12.47785], [10.53679, 12.47701], [10.53356, 12.47609], [10.53394, 12.47479], [10.51958, 12.47042], [10.51569, 12.46819], [10.51255, 12.46841], [10.49082, 12.45697], [10.48672, 12.45489], [10.48373, 12.45477], [10.47953, 12.46155], [10.47911, 12.46372], [10.47926, 12.46477], [10.48006, 12.46732], [10.47987, 12.46783], [10.47905, 12.46829], [10.47479, 12.47044], [10.47251, 12.46656], [10.46752, 12.46509], [10.46562, 12.46517], [10.46423, 12.46555], [10.46458, 12.46929], [10.46908, 12.47883], [10.46977, 12.47909], [10.48302, 12.4891], [10.48681, 12.49196], [10.46178, 12.52637], [10.46106, 12.52783], [10.45928, 12.52831], [10.45771, 12.52978], [10.45764, 12.53124], [10.45857, 12.53235], [10.45964, 12.532], [10.46078, 12.53082], [10.46135, 12.52992], [10.46213, 12.53054], [10.45871, 12.53618], [10.45864, 12.53834], [10.46014, 12.53896], [10.46249, 12.53924], [10.46456, 12.54029], [10.46541, 12.54154], [10.46563, 12.54314], [10.4672, 12.54467], [10.47118, 12.54815], [10.48273, 12.55346], [10.4837, 12.55482], [10.4842, 12.5567], [10.48541, 12.55795], [10.48687, 12.5583], [10.48837, 12.55868], [10.49243, 12.55788], [10.49503, 12.55701], [10.4981, 12.55524], [10.50007, 12.55483], [10.50107, 12.554], [10.50135, 12.55226], [10.50185, 12.55135], [10.50363, 12.55094], [10.50513, 12.55017], [10.50613, 12.54871], [10.50848, 12.54947], [10.51041, 12.55087], [10.51319, 12.55274], [10.52788, 12.56873], [10.55863, 12.5725], [10.56042, 12.57274], [10.56058, 12.57631], [10.56745, 12.57925], [10.5709, 12.58269], [10.57354, 12.58174], [10.57916, 12.57455], [10.58766, 12.57477], [10.58686, 12.57324], [10.58595, 12.57157], [10.58544, 12.5699], [10.58572, 12.56801], [10.58646, 12.56656], [10.58783, 12.56584], [10.5896, 12.56523], [10.60195, 12.56468], [10.60255, 12.56261], [10.5993, 12.55832], [10.59804, 12.55799], [10.59645, 12.5586], [10.59463, 12.55871], [10.59542, 12.5522], [10.587, 12.5425], [10.58635, 12.54073], [10.58601, 12.53861], [10.58646, 12.53755], [10.58766, 12.53727], [10.58909, 12.53711], [10.59029, 12.53822], [10.5916, 12.53917], [10.5928, 12.53995], [10.59434, 12.54017], [10.59565, 12.53995], [10.5969, 12.53878], [10.5981, 12.53761], [10.5989, 12.53577], [10.59816, 12.53416], [10.59622, 12.53349], [10.59399, 12.53332], [10.59242, 12.53267], [10.59063, 12.53087], [10.59042, 12.52906], [10.58909, 12.52792], [10.58914, 12.52675], [10.58972, 12.52569], [10.59097, 12.52592], [10.59262, 12.52592], [10.59405, 12.52547], [10.59593, 12.52463], [10.5977, 12.52385], [10.59821, 12.522], [10.59705, 12.52015], [10.59522, 12.52103], [10.59394, 12.52068], [10.59251, 12.51985], [10.5912, 12.5184], [10.59116, 12.51756], [10.59451, 12.51472], [10.60563, 12.51456], [10.60529, 12.51294], [10.60523, 12.51171], [10.60466, 12.51066], [10.59491, 12.51133], [10.59285, 12.5101], [10.59051, 12.50495], [10.60559, 12.48895], [10.60331, 12.48868], [10.60251, 12.48834], [10.60323, 12.48707], [10.60246, 12.48595], [10.60168, 12.48511], [10.59495, 12.48563], [10.59076, 12.48227], [10.58267, 12.48085]]]}, "properties": {"name": "Abunabo", "lga": "Guri", "state": "ji"}}, {"type": "Feature", "geometry": {"type": "Polygon", "coordinates": [[[9.49752, 11.27809], [9.48982, 11.28196], [9.48372, 11.28419], [9.47877, 11.2865], [9.4785, 11.28651], [9.47532, 11.28614], [9.47534, 11.28457], [9.47391, 11.28394], [9.4727, 11.28233], [9.4712, 11.28177], [9.46673, 11.28361], [9.46556, 11.28206], [9.46406, 11.2815], [9.45288, 11.28612], [9.44909, 11.28737], [9.44774, 11.28849], [9.44645, 11.29003], [9.44524, 11.29129], [9.44389, 11.2915], [9.44096, 11.29325], [9.43618, 11.29465], [9.43248, 11.29486], [9.42624, 11.29504], [9.42118, 11.29884], [9.41164, 11.3], [9.41076, 11.31023], [9.41372, 11.32114], [9.4155, 11.3472], [9.43902, 11.35196], [9.44598, 11.35518], [9.45005, 11.35407], [9.45209, 11.35614], [9.45505, 11.35832], [9.45744, 11.36021], [9.45898, 11.35964], [9.45958, 11.36127], [9.46136, 11.36157], [9.46395, 11.36228], [9.4663, 11.36264], [9.46856, 11.36246], [9.47008, 11.36269], [9.49928, 11.35437], [9.51029, 11.35321], [9.51334, 11.35549], [9.51652, 11.35574], [9.51956, 11.35695], [9.52089, 11.3591], [9.52093, 11.36121], [9.53026, 11.359], [9.53493, 11.35779], [9.5444, 11.35773], [9.55064, 11.35879], [9.55392, 11.35976], [9.55479, 11.35959], [9.55827, 11.35483], [9.55913, 11.34528], [9.56447, 11.33997], [9.56433, 11.33868], [9.56407, 11.33772], [9.56514, 11.33662], [9.56639, 11.33427], [9.56791, 11.33103], [9.56795, 11.32525], [9.55913, 11.31702], [9.55903, 11.31693], [9.52556, 11.31648], [9.51179, 11.31313], [9.51142, 11.3079], [9.51014, 11.30604], [9.50832, 11.30507], [9.50772, 11.29765], [9.50682, 11.29737], [9.50597, 11.29713], [9.50522, 11.29538], [9.50575, 11.28986], [9.49752, 11.27809]]]}, "properties": {"name": "Surko", "lga": "Birnin Kudu", "state": "ji"}}, {"type": "Feature", "geometry": {"type": "Polygon", "coordinates": [[[9.48249, 11.96484], [9.49797, 11.96685], [9.5147, 11.94698], [9.4816, 11.93694], [9.47325, 11.93549], [9.4657, 11.9213], [9.45866, 11.91814], [9.45914, 11.91479], [9.45374, 11.91294], [9.44424, 11.91002], [9.44043, 11.91036], [9.4278, 11.9105], [9.4203, 11.90935], [9.40487, 11.90893], [9.39204, 11.90765], [9.39005, 11.91885], [9.40753, 11.94519], [9.39799, 11.9754], [9.39403, 11.97488], [9.38999, 11.97357], [9.38749, 11.97482], [9.38596, 11.98024], [9.3844, 11.9831], [9.38101, 12.00077], [9.40126, 11.99838], [9.40862, 11.99568], [9.4139, 11.98761], [9.4247, 11.9904], [9.4306, 11.99474], [9.43458, 11.99606], [9.44646, 11.99841], [9.45196, 11.997], [9.46017, 11.99423], [9.45718, 11.99207], [9.45228, 11.98607], [9.46174, 11.98063], [9.46982, 11.97412], [9.48249, 11.96484]]]}, "properties": {"name": "Kanwa", "lga": "Jahun", "state": "ji"}}, {"type": "Feature", "geometry": {"type": "Polygon", "coordinates": [[[9.96817, 11.15553], [9.96992, 11.18367], [9.96061, 11.20498], [9.96061, 11.20499], [9.9606, 11.20501], [9.96088, 11.21749], [9.96558, 11.22111], [9.97284, 11.22601], [9.98139, 11.23178], [9.9936, 11.2458], [9.99473, 11.25054], [9.99718, 11.25962], [9.99854, 11.26463], [10.01186, 11.26137], [10.02772, 11.26523], [10.06282, 11.26614], [10.06967, 11.2671], [10.07478, 11.26768], [10.08417, 11.26966], [10.09047, 11.2671], [10.10818, 11.25358], [10.11567, 11.25003], [10.12205, 11.24701], [10.11993, 11.23738], [10.12981, 11.23786], [10.13078, 11.23762], [10.13319, 11.23685], [10.13651, 11.23622], [10.13967, 11.23703], [10.14149, 11.23838], [10.14567, 11.24097], [10.15179, 11.23912], [10.15916, 11.23106], [10.16505, 11.22767], [10.16974, 11.22658], [10.17327, 11.22547], [10.17562, 11.22435], [10.18383, 11.22329], [10.18734, 11.22334], [10.18969, 11.22221], [10.19452, 11.22418], [10.19552, 11.22459], [10.20003, 11.2261], [10.2023, 11.22568], [10.20838, 11.22705], [10.22948, 11.225], [10.25061, 11.2195], [10.25328, 11.21531], [10.26364, 11.2105], [10.24959, 11.17168], [10.25065, 11.16356], [10.22934, 11.14259], [10.2229, 11.1409], [10.22247, 11.14172], [10.22213, 11.14237], [10.21349, 11.15885], [10.20163, 11.17104], [10.19283, 11.18009], [10.17924, 11.17373], [10.17869, 11.17345], [10.16495, 11.17303], [10.16447, 11.17301], [10.15587, 11.16737], [10.15551, 11.16713], [10.15543, 11.16708], [10.14408, 11.17062], [10.14289, 11.17241], [10.13982, 11.17311], [10.13816, 11.17668], [10.13822, 11.17682], [10.14406, 11.19159], [10.13948, 11.21074], [10.13927, 11.21085], [10.13761, 11.21174], [10.11292, 11.18984], [10.11268, 11.18962], [10.10922, 11.18246], [10.10486, 11.18032], [10.10415, 11.17997], [10.10392, 11.17986], [10.09165, 11.17838], [10.09152, 11.17836], [10.08661, 11.17585], [10.0865, 11.1758], [10.07795, 11.17592], [10.07569, 11.16799], [10.08184, 11.16818], [10.08195, 11.16822], [10.08207, 11.16822], [10.08212, 11.16824], [10.08394, 11.16889], [10.09253, 11.17195], [10.10372, 11.17361], [10.10378, 11.17362], [10.10317, 11.15608], [10.10316, 11.15605], [10.09662, 11.13913], [10.08014, 11.10513], [10.07148, 11.09448], [10.07113, 11.09466], [10.04558, 11.10786], [10.03445, 11.09679], [10.0263, 11.0978], [10.02379, 11.09624], [10.01303, 11.09243], [10.01517, 11.09694], [10.01124, 11.11822], [10.01101, 11.12026], [10.01065, 11.1216], [10.0097, 11.12352], [10.00881, 11.12504], [9.99853, 11.13361], [9.99229, 11.13425], [9.99098, 11.13402], [9.98956, 11.13309], [9.98207, 11.13635], [9.98148, 11.13758], [9.98148, 11.13897], [9.98041, 11.14113], [9.9791, 11.14265], [9.97737, 11.14426], [9.97648, 11.15028], [9.96817, 11.15553]]]}, "properties": {"name": "Dingaya", "lga": "Gwaram", "state": "ji"}}, {"type": "Feature", "geometry": {"type": "MultiPolygon", "coordinates": [[[[9.57825, 11.75464], [9.59218, 11.75299], [9.61936, 11.74791], [9.61915, 11.74548], [9.62335, 11.74397], [9.62339, 11.74118], [9.627, 11.74114], [9.62913, 11.73904], [9.63116, 11.74077], [9.63002, 11.74209], [9.63424, 11.74151], [9.6323, 11.74077], [9.63208, 11.74047], [9.63211, 11.73972], [9.63201, 11.73851], [9.63712, 11.73485], [9.63974, 11.73298], [9.59907, 11.71406], [9.5529, 11.6913], [9.53669, 11.68339], [9.51934, 11.69554], [9.51186, 11.70242], [9.5055, 11.70845], [9.50696, 11.71304], [9.51252, 11.72667], [9.51427, 11.73806], [9.51489, 11.76917], [9.52256, 11.76974], [9.52252, 11.76673], [9.53564, 11.7644], [9.5593, 11.76648], [9.55649, 11.75219], [9.56576, 11.74891], [9.57674, 11.7465], [9.57825, 11.75464]]], [[[9.57315, 11.87415], [9.57623, 11.86857], [9.57011, 11.86687], [9.56681, 11.85965], [9.5613, 11.85186], [9.55483, 11.82969], [9.54372, 11.82834], [9.52908, 11.82916], [9.52346, 11.83016], [9.52793, 11.8186], [9.52331, 11.8155], [9.51672, 11.81405], [9.51071, 11.81352], [9.50483, 11.81434], [9.49901, 11.81585], [9.49342, 11.81678], [9.48813, 11.81974], [9.4797, 11.82009], [9.47471, 11.82108], [9.4731, 11.82236], [9.46999, 11.82541], [9.47591, 11.83114], [9.52242, 11.83913], [9.52506, 11.85167], [9.52325, 11.85869], [9.57315, 11.87415]]]]}, "properties": {"name": "Fake", "lga": "Kiyawa", "state": "ji"}}, {"type": "Feature", "geometry": {"type": "Polygon", "coordinates": [[[9.16109, 12.83402], [9.16561, 12.82623], [9.16692, 12.82409], [9.1684, 12.82131], [9.1706, 12.81881], [9.17773, 12.81493], [9.18291, 12.80879], [9.17785, 12.79999], [9.17339, 12.78974], [9.17101, 12.78301], [9.17107, 12.7782], [9.17351, 12.77241], [9.15978, 12.76992], [9.15132, 12.76389], [9.1383, 12.75731], [9.12555, 12.75044], [9.11464, 12.7462], [9.10937, 12.74258], [9.10452, 12.73882], [9.09682, 12.7366], [9.08612, 12.73514], [9.08005, 12.73543], [9.07921, 12.73822], [9.07961, 12.74132], [9.07988, 12.74335], [9.0818, 12.75814], [9.08651, 12.77418], [9.06951, 12.78832], [9.06905, 12.79906], [9.05824, 12.7993], [9.05509, 12.80017], [9.05391, 12.80614], [9.04734, 12.81616], [9.04493, 12.82732], [9.0409, 12.84614], [9.05752, 12.84521], [9.0817, 12.83423], [9.08912, 12.83516], [9.12886, 12.83312], [9.16109, 12.83402]]]}, "properties": {"name": "Jeke", "lga": "Sule Tankarkar", "state": "ji"}}, {"type": "Feature", "geometry": {"type": "Polygon", "coordinates": [[[10.05254, 12.42114], [10.05207, 12.43186], [10.07384, 12.43917], [10.07943, 12.43856], [10.08313, 12.44585], [10.08854, 12.45256], [10.08779, 12.4585], [10.08961, 12.45799], [10.09111, 12.45722], [10.09139, 12.45618], [10.09096, 12.45458], [10.09153, 12.45325], [10.09225, 12.45207], [10.09339, 12.45151], [10.10301, 12.46112], [10.10436, 12.46163], [10.10558, 12.46098], [10.10672, 12.46001], [10.10736, 12.45861], [10.10829, 12.45813], [10.10893, 12.4591], [10.10658, 12.46662], [10.11022, 12.48423], [10.1215, 12.48248], [10.12449, 12.48137], [10.12748, 12.47983], [10.12984, 12.47761], [10.13105, 12.4767], [10.13233, 12.47594], [10.13426, 12.47587], [10.13526, 12.47712], [10.13504, 12.47816], [10.13504, 12.47935], [10.13626, 12.48018], [10.13775, 12.48102], [10.13996, 12.48165], [10.14082, 12.48339], [10.14132, 12.48513], [10.14253, 12.48728], [10.14303, 12.48923], [10.14337, 12.49816], [10.14477, 12.49902], [10.14603, 12.50046], [10.1475, 12.5006], [10.14816, 12.49924], [10.14919, 12.49787], [10.15063, 12.49711], [10.15295, 12.496], [10.15605, 12.49499], [10.15862, 12.4942], [10.16113, 12.49377], [10.16201, 12.49413], [10.16187, 12.496], [10.16165, 12.49837], [10.16201, 12.50039], [10.1629, 12.50219], [10.16452, 12.50398], [10.16474, 12.50521], [10.16231, 12.5106], [10.16346, 12.51108], [10.1654, 12.51024], [10.17384, 12.50185], [10.17471, 12.50171], [10.17566, 12.50182], [10.17998, 12.50561], [10.18127, 12.50588], [10.18312, 12.50581], [10.18512, 12.50644], [10.18669, 12.50755], [10.18776, 12.50839], [10.18811, 12.50971], [10.18747, 12.51152], [10.1874, 12.51431], [10.1911, 12.52054], [10.19173, 12.52555], [10.19236, 12.52656], [10.19367, 12.52706], [10.21879, 12.49457], [10.23171, 12.49627], [10.23236, 12.49434], [10.23464, 12.49193], [10.23891, 12.49303], [10.25241, 12.46073], [10.25807, 12.45962], [10.24047, 12.43404], [10.225, 12.43385], [10.19756, 12.43352], [10.1812, 12.43017], [10.14361, 12.42228], [10.12025, 12.42031], [10.10691, 12.41688], [10.08962, 12.43178], [10.08713, 12.42781], [10.08437, 12.42733], [10.08027, 12.42626], [10.07052, 12.42247], [10.0608, 12.42247], [10.05254, 12.42114]]]}, "properties": {"name": "Fandum", "lga": "Kiri Kasama", "state": "ji"}}, {"type": "Feature", "geometry": {"type": "Polygon", "coordinates": [[[9.23679, 12.61128], [9.23637, 12.61362], [9.23785, 12.62837], [9.23753, 12.63863], [9.22054, 12.63967], [9.20748, 12.63784], [9.19666, 12.64585], [9.18294, 12.65292], [9.17632, 12.66222], [9.1592, 12.66619], [9.15151, 12.67022], [9.14194, 12.67787], [9.14633, 12.6949], [9.14636, 12.69799], [9.15619, 12.69272], [9.1575, 12.69764], [9.16302, 12.72078], [9.18566, 12.72401], [9.20404, 12.72163], [9.21783, 12.72372], [9.2271, 12.73032], [9.2328, 12.73229], [9.24071, 12.73457], [9.24812, 12.72567], [9.26596, 12.71873], [9.28856, 12.71657], [9.29256, 12.70118], [9.293, 12.70069], [9.29813, 12.69886], [9.29824, 12.69859], [9.30748, 12.68423], [9.30929, 12.68201], [9.31359, 12.67998], [9.31718, 12.6757], [9.31688, 12.67178], [9.31866, 12.66531], [9.31862, 12.66436], [9.31839, 12.66356], [9.31814, 12.66313], [9.31752, 12.66294], [9.31707, 12.66255], [9.31633, 12.6622], [9.31667, 12.66114], [9.31719, 12.66013], [9.31737, 12.65973], [9.317, 12.65893], [9.31676, 12.65793], [9.31645, 12.65707], [9.31705, 12.65427], [9.31643, 12.64596], [9.317, 12.63907], [9.31679, 12.63343], [9.31514, 12.62104], [9.30756, 12.62378], [9.29989, 12.62112], [9.29426, 12.6175], [9.29133, 12.61652], [9.28713, 12.61548], [9.26614, 12.61339], [9.24896, 12.61179], [9.23679, 12.61128]]]}, "properties": {"name": "Sule Tankarkar", "lga": "Sule Tankarkar", "state": "ji"}}, {"type": "Feature", "geometry": {"type": "Polygon", "coordinates": [[[10.0504, 12.58908], [10.0525, 12.57609], [10.0448, 12.5603], [10.04475, 12.56008], [10.04377, 12.55962], [10.03786, 12.55672], [10.02811, 12.56517], [10.01767, 12.56556], [10.01196, 12.56381], [10.00792, 12.55973], [9.99883, 12.55722], [9.97816, 12.55244], [9.98245, 12.52306], [9.98102, 12.5199], [9.96212, 12.50919], [9.95749, 12.51225], [9.95143, 12.5151], [9.951, 12.52582], [9.95209, 12.54161], [9.94951, 12.54351], [9.94358, 12.54486], [9.93749, 12.54587], [9.93056, 12.54482], [9.90602, 12.55626], [9.90854, 12.56842], [9.91051, 12.57791], [9.91188, 12.58454], [9.927, 12.58844], [9.93541, 12.59213], [9.94428, 12.60609], [9.94565, 12.60936], [9.96512, 12.61291], [9.97062, 12.62963], [9.98254, 12.63268], [9.9919, 12.64336], [9.9987, 12.64611], [10.01654, 12.65047], [10.02119, 12.64923], [10.02345, 12.64762], [10.03136, 12.64533], [10.0325, 12.6412], [10.03425, 12.61441], [10.03557, 12.6069], [10.0391, 12.60059], [10.04385, 12.59261], [10.0504, 12.58908]]]}, "properties": {"name": "Mairakumi", "lga": "Malam Madori", "state": "ji"}}, {"type": "Feature", "geometry": {"type": "Polygon", "coordinates": [[[10.10164, 12.38653], [10.06619, 12.37375], [10.06254, 12.38178], [10.05331, 12.39351], [10.04707, 12.39786], [10.0556, 12.40798], [10.05515, 12.41335], [10.05254, 12.42114], [10.0608, 12.42247], [10.07052, 12.42247], [10.08027, 12.42626], [10.08437, 12.42733], [10.08713, 12.42781], [10.08962, 12.43178], [10.09103, 12.43127], [10.10691, 12.41688], [10.10738, 12.41521], [10.11087, 12.40276], [10.10952, 12.39675], [10.09771, 12.39675], [10.10164, 12.38653]]]}, "properties": {"name": "Ayan", "lga": "Auyo", "state": "ji"}}, {"type": "Feature", "geometry": {"type": "Polygon", "coordinates": [[[9.46999, 11.82541], [9.45892, 11.81469], [9.44498, 11.79114], [9.44138, 11.79566], [9.42743, 11.82595], [9.42529, 11.82774], [9.42312, 11.82805], [9.41203, 11.83247], [9.39841, 11.83397], [9.3966, 11.84527], [9.39952, 11.84609], [9.39931, 11.8471], [9.40462, 11.84831], [9.40971, 11.84896], [9.40249, 11.86345], [9.39961, 11.86702], [9.39836, 11.86707], [9.39764, 11.86664], [9.39637, 11.86626], [9.39532, 11.86998], [9.39771, 11.87059], [9.39716, 11.87641], [9.41064, 11.87941], [9.42577, 11.88465], [9.42494, 11.88907], [9.43625, 11.89195], [9.44713, 11.8933], [9.44948, 11.8978], [9.44949, 11.90041], [9.45041, 11.9007], [9.45177, 11.90136], [9.4512, 11.90272], [9.45123, 11.90408], [9.45216, 11.9084], [9.45355, 11.90875], [9.45323, 11.91043], [9.45433, 11.91071], [9.45374, 11.91294], [9.45914, 11.91479], [9.45866, 11.91814], [9.4657, 11.9213], [9.47325, 11.93549], [9.4816, 11.93694], [9.5147, 11.94698], [9.51619, 11.94601], [9.52272, 11.94461], [9.52471, 11.93518], [9.52464, 11.9282], [9.52505, 11.92621], [9.54177, 11.92252], [9.54837, 11.9206], [9.55799, 11.9176], [9.55307, 11.90515], [9.54705, 11.89103], [9.561, 11.88353], [9.56686, 11.89026], [9.56999, 11.90888], [9.57302, 11.90657], [9.57929, 11.90275], [9.5868, 11.89959], [9.6096, 11.90167], [9.60204, 11.92536], [9.60054, 11.93085], [9.61482, 11.92988], [9.62521, 11.93255], [9.62615, 11.93307], [9.63372, 11.93738], [9.63618, 11.93509], [9.64065, 11.93372], [9.63775, 11.92827], [9.6317, 11.92333], [9.63011, 11.9219], [9.62493, 11.91385], [9.61967, 11.91185], [9.62723, 11.90329], [9.63103, 11.90217], [9.63027, 11.89147], [9.60441, 11.88338], [9.59868, 11.883], [9.5399, 11.86317], [9.53441, 11.87647], [9.51865, 11.87442], [9.51057, 11.87442], [9.49928, 11.87881], [9.48841, 11.88362], [9.4827, 11.88833], [9.48085, 11.89068], [9.47529, 11.89154], [9.4724, 11.88976], [9.46687, 11.88464], [9.4632, 11.88397], [9.45391, 11.88467], [9.44527, 11.88394], [9.43718, 11.88104], [9.43519, 11.8801], [9.43786, 11.86955], [9.43774, 11.86213], [9.4395, 11.84614], [9.44084, 11.84239], [9.47233, 11.83184], [9.47591, 11.83114], [9.46999, 11.82541]]]}, "properties": {"name": "Tsirma", "lga": "Kiyawa", "state": "ji"}}, {"type": "Feature", "geometry": {"type": "Polygon", "coordinates": [[[9.30123, 11.9333], [9.29825, 11.93207], [9.29506, 11.93201], [9.28652, 11.93922], [9.28652, 11.93924], [9.2865, 11.93925], [9.27333, 11.96569], [9.25752, 11.96214], [9.24749, 11.95898], [9.23736, 11.96637], [9.22302, 11.98961], [9.22769, 11.99042], [9.23474, 11.9908], [9.24995, 11.99407], [9.2502, 11.99558], [9.24923, 11.99642], [9.24975, 11.99681], [9.251, 11.99658], [9.25186, 11.99742], [9.25271, 12.00389], [9.25511, 12.00372], [9.25739, 12.00345], [9.25859, 12.00389], [9.25859, 12.00484], [9.26024, 12.00562], [9.26253, 12.00527], [9.26437, 12.00858], [9.26529, 12.01136], [9.26643, 12.01374], [9.27458, 12.02156], [9.27642, 12.02178], [9.27814, 12.02221], [9.27909, 12.02373], [9.2777, 12.02519], [9.28329, 12.03202], [9.29244, 12.03681], [9.30129, 12.04245], [9.30683, 12.0464], [9.31926, 12.05689], [9.31929, 12.05689], [9.31928, 12.05686], [9.32899, 12.0432], [9.33173, 12.03827], [9.33444, 12.0329], [9.3367, 12.0264], [9.33501, 12.00854], [9.33532, 12.00428], [9.34178, 11.99531], [9.34238, 11.98869], [9.34327, 11.98746], [9.34309, 11.98465], [9.33785, 11.98373], [9.33649, 11.9827], [9.33619, 11.98102], [9.33619, 11.97999], [9.33768, 11.98011], [9.33958, 11.9809], [9.34053, 11.98004], [9.33956, 11.97865], [9.33939, 11.97636], [9.34059, 11.97374], [9.34105, 11.97067], [9.33606, 11.96955], [9.33168, 11.96857], [9.32812, 11.9654], [9.32743, 11.94209], [9.32611, 11.93833], [9.32011, 11.93852], [9.31277, 11.94578], [9.30826, 11.943], [9.30579, 11.95152], [9.30096, 11.95032], [9.29623, 11.94874], [9.29827, 11.94294], [9.30123, 11.9333]]]}, "properties": {"name": "Chamo", "lga": "Dutse", "state": "ji"}}, {"type": "Feature", "geometry": {"type": "Polygon", "coordinates": [[[9.62938, 11.53999], [9.62844, 11.55189], [9.62895, 11.55659], [9.62962, 11.56384], [9.63075, 11.57243], [9.66032, 11.56682], [9.68551, 11.5615], [9.69268, 11.56067], [9.69272, 11.55806], [9.69303, 11.54046], [9.6898, 11.53636], [9.6894, 11.527], [9.69367, 11.52132], [9.69975, 11.50307], [9.70252, 11.49229], [9.69654, 11.49174], [9.6855, 11.48907], [9.68257, 11.48619], [9.67137, 11.48163], [9.67093, 11.48169], [9.66426, 11.48246], [9.65896, 11.47048], [9.65869, 11.46988], [9.6548, 11.4694], [9.65107, 11.47042], [9.6496, 11.4718], [9.64884, 11.47392], [9.64665, 11.47545], [9.64629, 11.48025], [9.64822, 11.48862], [9.64662, 11.49165], [9.64537, 11.49527], [9.63835, 11.50444], [9.6383, 11.5076], [9.6481, 11.51897], [9.6404, 11.53848], [9.6374, 11.53993], [9.63443, 11.54016], [9.62938, 11.53999]]]}, "properties": {"name": "Buji", "lga": "Buji", "state": "ji"}}, {"type": "Feature", "geometry": {"type": "Polygon", "coordinates": [[[9.36031, 11.56082], [9.37773, 11.56132], [9.42042, 11.55791], [9.41991, 11.55712], [9.40192, 11.53937], [9.40123, 11.5315], [9.39938, 11.52965], [9.4056, 11.51343], [9.41083, 11.50597], [9.4114, 11.50229], [9.41506, 11.50316], [9.41483, 11.50698], [9.44587, 11.50794], [9.44503, 11.50119], [9.42739, 11.49934], [9.42747, 11.48605], [9.41725, 11.48513], [9.41776, 11.47357], [9.4195, 11.47113], [9.4254, 11.463], [9.43963, 11.46488], [9.44847, 11.46563], [9.45262, 11.46724], [9.45392, 11.46461], [9.45288, 11.46207], [9.45089, 11.45859], [9.44112, 11.4568], [9.42836, 11.45596], [9.42487, 11.45296], [9.40037, 11.43595], [9.40084, 11.43408], [9.40515, 11.4211], [9.40354, 11.41622], [9.40452, 11.41521], [9.4029, 11.41362], [9.40071, 11.41642], [9.3927, 11.41229], [9.38996, 11.40838], [9.38338, 11.40799], [9.38528, 11.41309], [9.39029, 11.42058], [9.3879, 11.42327], [9.38034, 11.42541], [9.37944, 11.44074], [9.37331, 11.44452], [9.3572, 11.45196], [9.35319, 11.45633], [9.35119, 11.46245], [9.34907, 11.46225], [9.3437, 11.46177], [9.34384, 11.46531], [9.34388, 11.46633], [9.344, 11.47019], [9.34321, 11.47077], [9.34158, 11.47145], [9.34037, 11.47272], [9.34008, 11.4727], [9.33859, 11.47262], [9.338, 11.47414], [9.33786, 11.47706], [9.33893, 11.48127], [9.33102, 11.48219], [9.32188, 11.4834], [9.3176, 11.48768], [9.29859, 11.49869], [9.3033, 11.50134], [9.33051, 11.51664], [9.3432, 11.53174], [9.35284, 11.54812], [9.36031, 11.56082]]]}, "properties": {"name": "Kantoga", "lga": "Birnin Kudu", "state": "ji"}}, {"type": "Feature", "geometry": {"type": "Polygon", "coordinates": [[[9.14561, 12.32563], [9.15842, 12.33356], [9.16552, 12.3402], [9.1661, 12.34037], [9.16614, 12.34036], [9.18042, 12.33727], [9.2165, 12.33539], [9.22121, 12.32982], [9.22217, 12.32929], [9.23811, 12.32053], [9.24946, 12.30587], [9.27045, 12.31228], [9.28315, 12.31702], [9.29063, 12.3072], [9.31341, 12.29836], [9.33135, 12.28782], [9.33558, 12.28548], [9.32572, 12.2721], [9.31746, 12.26968], [9.31289, 12.26737], [9.30253, 12.26438], [9.29579, 12.26384], [9.28552, 12.25863], [9.26641, 12.25257], [9.26207, 12.25427], [9.25932, 12.26198], [9.25675, 12.26223], [9.25244, 12.26148], [9.24804, 12.25837], [9.24575, 12.25381], [9.24445, 12.2472], [9.24111, 12.23826], [9.23251, 12.22801], [9.23036, 12.22388], [9.22523, 12.21805], [9.22216, 12.22583], [9.20465, 12.24444], [9.20345, 12.24674], [9.20168, 12.25014], [9.19061, 12.24345], [9.18541, 12.2375], [9.17999, 12.23206], [9.17602, 12.23175], [9.17551, 12.23571], [9.17029, 12.23526], [9.15935, 12.23089], [9.15124, 12.23104], [9.14617, 12.23918], [9.14645, 12.25156], [9.15702, 12.25938], [9.16411, 12.27369], [9.16005, 12.2773], [9.15143, 12.28359], [9.14626, 12.2806], [9.14597, 12.28043], [9.1288, 12.27086], [9.11355, 12.28318], [9.11869, 12.29653], [9.12516, 12.30817], [9.12929, 12.31115], [9.14561, 12.32563]]]}, "properties": {"name": "Chukuto", "lga": "Taura", "state": "ji"}}, {"type": "Feature", "geometry": {"type": "Polygon", "coordinates": [[[8.86464, 12.66904], [8.87246, 12.68002], [8.88353, 12.69609], [8.89686, 12.69899], [8.90836, 12.70195], [8.92319, 12.70705], [8.95133, 12.73812], [8.9545, 12.74433], [8.96996, 12.77564], [8.97125, 12.7851], [8.98287, 12.80677], [9.01499, 12.80915], [9.01819, 12.80969], [9.03578, 12.81419], [9.04734, 12.81616], [9.05391, 12.80614], [9.05509, 12.80017], [9.04981, 12.80164], [9.04788, 12.80165], [9.04333, 12.80173], [9.04119, 12.80025], [9.02887, 12.79035], [8.99916, 12.78133], [9.00713, 12.76179], [9.01638, 12.75447], [9.02312, 12.74893], [9.02668, 12.73924], [9.03015, 12.72167], [9.05129, 12.72585], [9.05302, 12.72729], [9.05363, 12.72899], [9.06329, 12.74781], [9.07988, 12.74335], [9.07961, 12.74132], [9.07921, 12.73822], [9.08005, 12.73543], [9.07393, 12.7315], [9.06754, 12.72739], [9.06211, 12.71717], [9.05962, 12.71001], [9.045, 12.7011], [9.03998, 12.69875], [9.01266, 12.69009], [9.00967, 12.70402], [9.00433, 12.72319], [9.00236, 12.72953], [8.99311, 12.73186], [8.98373, 12.72712], [8.97238, 12.72184], [8.96305, 12.71315], [8.96133, 12.70921], [8.95543, 12.69853], [8.95229, 12.68948], [8.93923, 12.64467], [8.93794, 12.64031], [8.92036, 12.64092], [8.91412, 12.63406], [8.91546, 12.63054], [8.91077, 12.62602], [8.90653, 12.62844], [8.87255, 12.63599], [8.86243, 12.6465], [8.86464, 12.66904]]]}, "properties": {"name": "Insharuwa", "lga": "Babura", "state": "ji"}}, {"type": "Feature", "geometry": {"type": "Polygon", "coordinates": [[[9.39236, 11.39133], [9.38773, 11.39734], [9.38338, 11.40799], [9.38996, 11.40838], [9.3927, 11.41229], [9.40071, 11.41642], [9.4029, 11.41362], [9.40452, 11.41521], [9.40354, 11.41622], [9.40515, 11.4211], [9.40084, 11.43408], [9.40037, 11.43595], [9.42487, 11.45296], [9.42836, 11.45596], [9.44112, 11.4568], [9.45089, 11.45859], [9.45288, 11.46207], [9.45392, 11.46461], [9.45262, 11.46724], [9.44847, 11.46563], [9.43963, 11.46488], [9.4254, 11.463], [9.4195, 11.47113], [9.41776, 11.47357], [9.41725, 11.48513], [9.42747, 11.48605], [9.42739, 11.49934], [9.44503, 11.50119], [9.44471, 11.4987], [9.44635, 11.49559], [9.45007, 11.49313], [9.45164, 11.48924], [9.45091, 11.4791], [9.45597, 11.46579], [9.45872, 11.4634], [9.47752, 11.45959], [9.48063, 11.461], [9.48289, 11.46026], [9.48298, 11.46044], [9.48767, 11.46062], [9.49223, 11.46752], [9.49587, 11.47362], [9.49907, 11.47501], [9.51192, 11.4792], [9.5223, 11.48129], [9.52595, 11.47044], [9.52786, 11.45849], [9.53784, 11.46111], [9.54035, 11.46234], [9.54153, 11.46265], [9.54303, 11.4624], [9.54343, 11.46151], [9.54737, 11.46486], [9.55017, 11.4655], [9.55142, 11.4648], [9.55181, 11.46397], [9.55279, 11.46429], [9.5537, 11.46257], [9.55461, 11.46139], [9.55752, 11.4619], [9.55798, 11.46128], [9.559, 11.45966], [9.56094, 11.45888], [9.56385, 11.45994], [9.56556, 11.46128], [9.56734, 11.46186], [9.56779, 11.46106], [9.56898, 11.46056], [9.56973, 11.45955], [9.56488, 11.45642], [9.56278, 11.45465], [9.56094, 11.45491], [9.5598, 11.45513], [9.5582, 11.4553], [9.55689, 11.45463], [9.55581, 11.45351], [9.55558, 11.45228], [9.55604, 11.45105], [9.55644, 11.44946], [9.55507, 11.44842], [9.55368, 11.44848], [9.55261, 11.44775], [9.55221, 11.44619], [9.55278, 11.44462], [9.55404, 11.44328], [9.55586, 11.44311], [9.55775, 11.4435], [9.55877, 11.44294], [9.55866, 11.44076], [9.55798, 11.43842], [9.55609, 11.43741], [9.54708, 11.43534], [9.5456, 11.43568], [9.5445, 11.43684], [9.54136, 11.43881], [9.53683, 11.43981], [9.53118, 11.43981], [9.52827, 11.43923], [9.52793, 11.43688], [9.52767, 11.43302], [9.52596, 11.42916], [9.52457, 11.42454], [9.52176, 11.42034], [9.51937, 11.41668], [9.52048, 11.41491], [9.52185, 11.4113], [9.52331, 11.40719], [9.52288, 11.40476], [9.521, 11.40098], [9.51971, 11.39838], [9.51937, 11.39452], [9.50685, 11.39279], [9.50523, 11.40086], [9.50599, 11.40299], [9.50806, 11.40464], [9.51648, 11.40749], [9.51812, 11.40913], [9.51467, 11.42976], [9.50855, 11.43122], [9.50816, 11.43053], [9.50759, 11.42946], [9.50634, 11.42842], [9.50459, 11.42756], [9.50316, 11.42729], [9.50248, 11.42777], [9.50165, 11.43288], [9.49927, 11.43455], [9.49675, 11.43445], [9.4854, 11.42712], [9.48248, 11.42782], [9.48212, 11.429], [9.48134, 11.43047], [9.47913, 11.4325], [9.47784, 11.43278], [9.4777, 11.43194], [9.47606, 11.43103], [9.4767, 11.42977], [9.47684, 11.42879], [9.47007, 11.42285], [9.46738, 11.41626], [9.46561, 11.41635], [9.46406, 11.41729], [9.46303, 11.41681], [9.46261, 11.41565], [9.4624, 11.41384], [9.46054, 11.41223], [9.45719, 11.41852], [9.45591, 11.41817], [9.45398, 11.41831], [9.45277, 11.41733], [9.45177, 11.41628], [9.44978, 11.41677], [9.44834, 11.41825], [9.44764, 11.41838], [9.44721, 11.41747], [9.44707, 11.41677], [9.44807, 11.41516], [9.44871, 11.41391], [9.44917, 11.41171], [9.44883, 11.4104], [9.44714, 11.40929], [9.44572, 11.40987], [9.44464, 11.41076], [9.44364, 11.40985], [9.44348, 11.40784], [9.44179, 11.40685], [9.43994, 11.40734], [9.43921, 11.40887], [9.43821, 11.41097], [9.43679, 11.41216], [9.43422, 11.41384], [9.43151, 11.41621], [9.4293, 11.41593], [9.42908, 11.41459], [9.4273, 11.41447], [9.42416, 11.41516], [9.42359, 11.41426], [9.42459, 11.41265], [9.42338, 11.41132], [9.42046, 11.41146], [9.41874, 11.41043], [9.41739, 11.4088], [9.41542, 11.40772], [9.4124, 11.40706], [9.40876, 11.40524], [9.40249, 11.40223], [9.40242, 11.40007], [9.40199, 11.39853], [9.39279, 11.39413], [9.39238, 11.393], [9.39236, 11.39133]]]}, "properties": {"name": "Birnin Kudu", "lga": "Birnin Kudu", "state": "ji"}}, {"type": "Feature", "geometry": {"type": "Polygon", "coordinates": [[[9.81996, 12.20202], [9.81957, 12.20616], [9.81856, 12.21113], [9.82485, 12.21901], [9.82173, 12.2237], [9.80963, 12.2355], [9.80057, 12.27735], [9.78992, 12.28191], [9.77845, 12.28522], [9.7882, 12.2967], [9.79533, 12.31258], [9.8125, 12.30902], [9.82032, 12.3054], [9.82875, 12.26986], [9.83224, 12.26856], [9.83623, 12.25835], [9.84256, 12.24892], [9.85308, 12.25315], [9.85796, 12.24696], [9.85006, 12.24255], [9.85762, 12.22876], [9.85973, 12.22304], [9.83608, 12.2132], [9.83175, 12.20671], [9.82556, 12.20327], [9.81996, 12.20202]]]}, "properties": {"name": "Koya", "lga": "Miga", "state": "ji"}}, {"type": "Feature", "geometry": {"type": "Polygon", "coordinates": [[[8.82375, 12.56216], [8.79403, 12.56191], [8.77449, 12.5598], [8.75117, 12.5565], [8.74272, 12.55341], [8.74004, 12.56218], [8.73919, 12.56502], [8.73899, 12.56571], [8.73901, 12.56636], [8.73973, 12.56914], [8.7388, 12.57212], [8.73186, 12.57925], [8.73119, 12.58072], [8.72888, 12.59705], [8.74006, 12.61278], [8.76333, 12.60356], [8.77452, 12.60801], [8.79862, 12.61612], [8.82032, 12.62623], [8.83207, 12.65165], [8.8331, 12.6528], [8.83725, 12.65255], [8.84083, 12.64986], [8.84449, 12.64233], [8.84808, 12.63375], [8.84492, 12.62697], [8.8396, 12.6209], [8.83654, 12.60455], [8.85429, 12.60394], [8.85822, 12.58998], [8.86558, 12.56625], [8.8524, 12.56585], [8.84818, 12.56528], [8.84181, 12.56552], [8.82375, 12.56216]]]}, "properties": {"name": "Garu", "lga": "Babura", "state": "ji"}}, {"type": "Feature", "geometry": {"type": "Polygon", "coordinates": [[[8.95106, 12.4293], [8.92639, 12.42832], [8.90595, 12.42368], [8.8901, 12.41445], [8.88225, 12.42917], [8.8777, 12.42777], [8.86228, 12.45814], [8.86433, 12.46236], [8.8768, 12.47862], [8.87786, 12.4808], [8.88164, 12.48493], [8.89139, 12.49724], [8.89837, 12.50057], [8.90896, 12.51324], [8.90993, 12.51441], [8.91519, 12.51754], [8.91827, 12.52067], [8.92012, 12.52171], [8.92963, 12.53529], [8.92297, 12.54161], [8.93466, 12.56099], [8.93632, 12.56804], [8.94728, 12.57928], [8.95277, 12.57899], [8.9562, 12.57469], [8.95757, 12.57311], [8.95989, 12.57148], [8.96965, 12.57064], [8.98184, 12.57914], [8.98726, 12.57272], [8.98978, 12.56848], [8.98045, 12.56537], [8.98131, 12.56445], [8.98202, 12.56326], [8.98161, 12.56166], [8.98181, 12.55975], [8.98256, 12.55879], [8.9863, 12.55905], [8.98957, 12.55859], [8.991, 12.55894], [8.98941, 12.54524], [8.99886, 12.53022], [9.00542, 12.51992], [9.00969, 12.51026], [9.00812, 12.50819], [9.00518, 12.50431], [9.00019, 12.49468], [8.98402, 12.48632], [8.96948, 12.47277], [8.95978, 12.47063], [8.95237, 12.46599], [8.94828, 12.45661], [8.94555, 12.44668], [8.95106, 12.4293]]]}, "properties": {"name": "Muku", "lga": "Garki", "state": "ji"}}, {"type": "Feature", "geometry": {"type": "Polygon", "coordinates": [[[9.22523, 12.21805], [9.23036, 12.22388], [9.23251, 12.22801], [9.24111, 12.23826], [9.24445, 12.2472], [9.24575, 12.25381], [9.24804, 12.25837], [9.25244, 12.26148], [9.25675, 12.26223], [9.25932, 12.26198], [9.26207, 12.25427], [9.26641, 12.25257], [9.27828, 12.24238], [9.29205, 12.24012], [9.30129, 12.23826], [9.30354, 12.23781], [9.29906, 12.22676], [9.29938, 12.22357], [9.29979, 12.21398], [9.30051, 12.20637], [9.29809, 12.18567], [9.30229, 12.15935], [9.30082, 12.16109], [9.3002, 12.16277], [9.2992, 12.16365], [9.29797, 12.16397], [9.29706, 12.16383], [9.2973, 12.16309], [9.29749, 12.1623], [9.29716, 12.16137], [9.29635, 12.16054], [9.29511, 12.16035], [9.2944, 12.161], [9.29364, 12.16188], [9.29331, 12.16291], [9.28798, 12.16323], [9.28722, 12.16286], [9.28741, 12.16221], [9.28836, 12.16239], [9.2887, 12.1617], [9.28594, 12.15868], [9.2868, 12.15468], [9.28599, 12.15357], [9.28447, 12.15333], [9.28275, 12.15192], [9.28133, 12.15133], [9.27967, 12.15106], [9.27983, 12.15287], [9.27695, 12.15586], [9.27651, 12.15803], [9.27615, 12.15984], [9.27496, 12.15926], [9.27413, 12.15706], [9.27294, 12.15508], [9.27067, 12.15468], [9.27295, 12.19151], [9.26525, 12.19681], [9.26356, 12.19793], [9.26169, 12.1976], [9.25984, 12.19644], [9.25642, 12.19602], [9.25337, 12.19668], [9.2356, 12.20141], [9.23013, 12.20443], [9.23346, 12.20894], [9.23203, 12.21024], [9.22523, 12.21805]]]}, "properties": {"name": "Taura", "lga": "Taura", "state": "ji"}}, {"type": "Feature", "geometry": {"type": "Polygon", "coordinates": [[[9.35322, 11.36407], [9.35129, 11.3654], [9.34979, 11.36644], [9.34694, 11.36728], [9.34452, 11.36714], [9.34174, 11.36812], [9.34024, 11.36756], [9.33732, 11.36624], [9.33468, 11.3663], [9.32091, 11.36939], [9.31846, 11.36944], [9.31675, 11.36834], [9.31606, 11.36767], [9.3182, 11.35998], [9.31667, 11.35711], [9.31375, 11.35585], [9.30978, 11.3538], [9.30833, 11.35075], [9.30826, 11.3474], [9.31022, 11.34542], [9.31173, 11.34472], [9.30852, 11.34217], [9.30462, 11.33855], [9.30376, 11.33775], [9.2977, 11.33821], [9.29433, 11.33941], [9.29325, 11.34192], [9.29256, 11.34574], [9.29102, 11.3482], [9.29024, 11.3485], [9.28937, 11.34883], [9.28712, 11.34939], [9.26654, 11.34341], [9.23029, 11.33516], [9.21141, 11.32882], [9.20242, 11.32763], [9.19497, 11.32665], [9.1996, 11.33743], [9.20842, 11.35796], [9.21616, 11.36652], [9.22214, 11.37372], [9.22224, 11.37376], [9.22457, 11.38472], [9.22443, 11.38731], [9.22486, 11.39241], [9.22671, 11.39395], [9.22906, 11.3966], [9.22978, 11.39912], [9.2312, 11.40205], [9.23249, 11.40569], [9.23227, 11.40949], [9.23206, 11.4125], [9.23341, 11.41341], [9.23384, 11.41592], [9.23384, 11.4197], [9.2322, 11.42116], [9.23127, 11.42354], [9.22789, 11.42568], [9.22764, 11.42616], [9.2297, 11.43304], [9.22942, 11.43696], [9.22999, 11.44129], [9.22996, 11.44568], [9.24877, 11.4335], [9.28876, 11.43255], [9.294, 11.43896], [9.2981, 11.4394], [9.31165, 11.43253], [9.31161, 11.42553], [9.31171, 11.42358], [9.31642, 11.42265], [9.32036, 11.42247], [9.32117, 11.42042], [9.32214, 11.41746], [9.32302, 11.41515], [9.32449, 11.41268], [9.32559, 11.41184], [9.32754, 11.41072], [9.32863, 11.40863], [9.32899, 11.40657], [9.32997, 11.40471], [9.33987, 11.39731], [9.34108, 11.39549], [9.34243, 11.39402], [9.34429, 11.38941], [9.34502, 11.38308], [9.35322, 11.36407]]]}, "properties": {"name": "Unguwar Ya", "lga": "Birnin Kudu", "state": "ji"}}, {"type": "Feature", "geometry": {"type": "Polygon", "coordinates": [[[8.72948, 12.4255], [8.71319, 12.41797], [8.70989, 12.41594], [8.70575, 12.42509], [8.7049, 12.42731], [8.70347, 12.42973], [8.70182, 12.43132], [8.69557, 12.44282], [8.69885, 12.45458], [8.71124, 12.45481], [8.71872, 12.45708], [8.72171, 12.46102], [8.71816, 12.47019], [8.71577, 12.48316], [8.71407, 12.49107], [8.7284, 12.49679], [8.73409, 12.50301], [8.74391, 12.50509], [8.74578, 12.51391], [8.74729, 12.5252], [8.74379, 12.54016], [8.75315, 12.54902], [8.76808, 12.5507], [8.77528, 12.55151], [8.77561, 12.53905], [8.79298, 12.53883], [8.79341, 12.53483], [8.79342, 12.5338], [8.77193, 12.53329], [8.76893, 12.52765], [8.76676, 12.52023], [8.75984, 12.52039], [8.75821, 12.51712], [8.7535, 12.51119], [8.75108, 12.50385], [8.7605, 12.49936], [8.76374, 12.4981], [8.77006, 12.49472], [8.77612, 12.48959], [8.78415, 12.48123], [8.78701, 12.47303], [8.77335, 12.46449], [8.77202, 12.46366], [8.76598, 12.46618], [8.7629, 12.47246], [8.76168, 12.47376], [8.75796, 12.47658], [8.75306, 12.48058], [8.74488, 12.4739], [8.74091, 12.47096], [8.73574, 12.46634], [8.74448, 12.44603], [8.72425, 12.4333], [8.7254, 12.4314], [8.728, 12.4279], [8.72948, 12.4255]]]}, "properties": {"name": "Kyambo", "lga": "Babura", "state": "ji"}}, {"type": "Feature", "geometry": {"type": "Polygon", "coordinates": [[[10.15098, 12.54198], [10.16102, 12.546], [10.17019, 12.5494], [10.17182, 12.55085], [10.17305, 12.55178], [10.1851, 12.55536], [10.18882, 12.55579], [10.20301, 12.55066], [10.19673, 12.54612], [10.1964, 12.54513], [10.197, 12.54438], [10.19846, 12.54404], [10.19849, 12.54318], [10.19759, 12.54262], [10.19752, 12.54164], [10.19809, 12.54105], [10.19858, 12.54083], [10.19853, 12.53995], [10.1963, 12.53563], [10.1919, 12.53374], [10.19225, 12.53207], [10.19225, 12.53084], [10.1931, 12.53001], [10.19427, 12.52857], [10.19367, 12.52706], [10.19236, 12.52656], [10.19173, 12.52555], [10.1911, 12.52054], [10.1874, 12.51431], [10.18747, 12.51152], [10.18811, 12.50971], [10.18776, 12.50839], [10.18669, 12.50755], [10.18512, 12.50644], [10.18312, 12.50581], [10.18127, 12.50588], [10.17998, 12.50561], [10.17566, 12.50182], [10.17471, 12.50171], [10.17384, 12.50185], [10.1654, 12.51024], [10.16346, 12.51108], [10.16231, 12.5106], [10.16474, 12.50521], [10.16452, 12.50398], [10.1629, 12.50219], [10.16201, 12.50039], [10.16165, 12.49837], [10.16187, 12.496], [10.16201, 12.49413], [10.15295, 12.496], [10.15063, 12.49711], [10.14919, 12.49787], [10.14816, 12.49924], [10.1475, 12.5006], [10.14603, 12.50046], [10.14477, 12.49902], [10.14337, 12.49816], [10.14303, 12.48923], [10.14253, 12.48728], [10.14132, 12.48513], [10.14082, 12.48339], [10.13996, 12.48165], [10.13775, 12.48102], [10.13626, 12.48018], [10.13504, 12.47935], [10.13504, 12.47816], [10.13526, 12.47712], [10.13426, 12.47587], [10.13233, 12.47594], [10.13105, 12.4767], [10.12984, 12.47761], [10.12748, 12.47983], [10.12449, 12.48137], [10.1215, 12.48248], [10.11022, 12.48423], [10.10658, 12.46662], [10.10893, 12.4591], [10.10829, 12.45813], [10.10736, 12.45861], [10.10672, 12.46001], [10.10558, 12.46098], [10.10436, 12.46163], [10.10301, 12.46112], [10.09339, 12.45151], [10.09225, 12.45207], [10.09153, 12.45325], [10.09096, 12.45458], [10.09139, 12.45618], [10.09111, 12.45722], [10.08961, 12.45799], [10.08779, 12.4585], [10.08464, 12.46751], [10.08414, 12.46896], [10.0811, 12.46718], [10.07259, 12.46833], [10.07181, 12.47096], [10.07145, 12.4717], [10.07117, 12.47301], [10.07217, 12.47425], [10.07557, 12.47847], [10.07929, 12.48282], [10.0772, 12.48881], [10.0747, 12.49188], [10.08097, 12.49743], [10.08225, 12.49706], [10.08356, 12.49701], [10.08505, 12.49666], [10.08902, 12.50537], [10.08806, 12.50732], [10.08686, 12.50978], [10.08749, 12.51113], [10.09022, 12.51081], [10.09096, 12.51044], [10.09567, 12.50669], [10.11152, 12.50079], [10.11977, 12.50178], [10.12519, 12.50108], [10.13332, 12.50369], [10.13478, 12.5047], [10.13425, 12.50637], [10.12851, 12.50961], [10.12779, 12.51051], [10.12736, 12.51122], [10.12687, 12.51232], [10.12594, 12.51775], [10.12619, 12.51894], [10.12658, 12.51984], [10.12694, 12.52068], [10.13374, 12.52717], [10.15098, 12.54198]]]}, "properties": {"name": "Turabu", "lga": "Kiri Kasama", "state": "ji"}}, {"type": "Feature", "geometry": {"type": "Polygon", "coordinates": [[[10.0747, 12.49188], [10.0772, 12.48881], [10.07929, 12.48282], [10.07557, 12.47847], [10.07217, 12.47425], [10.07117, 12.47301], [10.07145, 12.4717], [10.07181, 12.47096], [10.07259, 12.46833], [10.0811, 12.46718], [10.08414, 12.46896], [10.08875, 12.45569], [10.08882, 12.45416], [10.08854, 12.45256], [10.08313, 12.44585], [10.07943, 12.43856], [10.07384, 12.43917], [10.05207, 12.43186], [10.05095, 12.44386], [10.04993, 12.44685], [10.04885, 12.44637], [10.0475, 12.44793], [10.04802, 12.44814], [10.04846, 12.44833], [10.04774, 12.45028], [10.05596, 12.45193], [10.05599, 12.45626], [10.0593, 12.4622], [10.06971, 12.46863], [10.06082, 12.48285], [10.06205, 12.48469], [10.06795, 12.48822], [10.06567, 12.49238], [10.06678, 12.50016], [10.07308, 12.49648], [10.0747, 12.49188]]]}, "properties": {"name": "Yankoli", "lga": "Hadejia", "state": "ji"}}]}