{"type": "FeatureCollection", "features": [{"type": "Feature", "geometry": {"type": "Polygon", "coordinates": [[[7.73038, 11.12762], [7.7325, 11.12764], [7.73274, 11.12763], [7.73365, 11.12741], [7.73722, 11.124], [7.74033, 11.1236], [7.74214, 11.11589], [7.73724, 11.11361], [7.73014, 11.11298], [7.73056, 11.11394], [7.73156, 11.11619], [7.73245, 11.11835], [7.73083, 11.11899], [7.72983, 11.11931], [7.72912, 11.11961], [7.72808, 11.12259], [7.73038, 11.12762]]]}, "properties": {"name": "Muchiya", "lga": "Sabon Gari", "state": "kd"}}, {"type": "Feature", "geometry": {"type": "Polygon", "coordinates": [[[7.71871, 11.09555], [7.71037, 11.10231], [7.71401, 11.10418], [7.71445, 11.10433], [7.71494, 11.10437], [7.72037, 11.10325], [7.72024, 11.11581], [7.71595, 11.12304], [7.71383, 11.12452], [7.7113, 11.12616], [7.71067, 11.12655], [7.71186, 11.12804], [7.72286, 11.1307], [7.73038, 11.12762], [7.72808, 11.12259], [7.72912, 11.11961], [7.72983, 11.11931], [7.73083, 11.11899], [7.73245, 11.11835], [7.72887, 11.11121], [7.73373, 11.10581], [7.73168, 11.10391], [7.73195, 11.10281], [7.73203, 11.10203], [7.73013, 11.10074], [7.72956, 11.1005], [7.72717, 11.10477], [7.72697, 11.10492], [7.72482, 11.1056], [7.72431, 11.10578], [7.7218, 11.10296], [7.71871, 11.09555]]]}, "properties": {"name": "Chikaji", "lga": "Sabon Gari", "state": "kd"}}, {"type": "Feature", "geometry": {"type": "Polygon", "coordinates": [[[7.39344, 10.51173], [7.39489, 10.51104], [7.39736, 10.50535], [7.39343, 10.48158], [7.39101, 10.48088], [7.39048, 10.48101], [7.38766, 10.48172], [7.38648, 10.48477], [7.38426, 10.48656], [7.37802, 10.49014], [7.38289, 10.4996], [7.38284, 10.49972], [7.38289, 10.50097], [7.38362, 10.50343], [7.39344, 10.51173]]]}, "properties": {"name": "Sabon Gari West", "lga": "Kaduna South", "state": "kd"}}, {"type": "Feature", "geometry": {"type": "Polygon", "coordinates": [[[7.43992, 10.52012], [7.43935, 10.52322], [7.438, 10.52293], [7.43682, 10.52269], [7.43651, 10.52482], [7.4342, 10.52465], [7.43461, 10.52962], [7.43821, 10.52982], [7.43839, 10.52839], [7.43879, 10.52661], [7.43898, 10.52548], [7.44741, 10.52853], [7.44566, 10.53233], [7.45155, 10.53442], [7.4514, 10.5351], [7.45208, 10.53751], [7.45464, 10.53839], [7.4544, 10.53919], [7.45236, 10.53852], [7.45284, 10.54157], [7.45661, 10.54129], [7.45757, 10.54122], [7.45777, 10.54396], [7.464, 10.54347], [7.46423, 10.54745], [7.46524, 10.54739], [7.46685, 10.54733], [7.46768, 10.54713], [7.47045, 10.54326], [7.47258, 10.5448], [7.47366, 10.54318], [7.477, 10.54526], [7.47812, 10.54413], [7.47693, 10.54357], [7.47619, 10.54283], [7.47552, 10.54213], [7.47347, 10.53223], [7.46881, 10.52219], [7.46576, 10.51829], [7.46491, 10.51697], [7.46046, 10.52028], [7.45384, 10.52157], [7.45261, 10.52382], [7.45139, 10.52302], [7.44976, 10.52198], [7.43992, 10.52012]]]}, "properties": {"name": "Unguwar Rimi", "lga": "Kaduna North", "state": "kd"}}, {"type": "Feature", "geometry": {"type": "Polygon", "coordinates": [[[7.43404, 10.52614], [7.4342, 10.52465], [7.43651, 10.52482], [7.43682, 10.52269], [7.438, 10.52293], [7.43935, 10.52322], [7.43992, 10.52012], [7.43416, 10.51879], [7.43658, 10.51306], [7.43064, 10.51255], [7.42945, 10.53039], [7.43273, 10.52995], [7.43276, 10.52775], [7.43203, 10.52786], [7.43186, 10.52639], [7.43274, 10.52633], [7.43327, 10.52611], [7.43404, 10.52614]]]}, "properties": {"name": "Shaba", "lga": "Kaduna North", "state": "kd"}}, {"type": "Feature", "geometry": {"type": "Polygon", "coordinates": [[[7.42915, 10.53331], [7.42354, 10.53489], [7.42234, 10.54083], [7.4198, 10.54155], [7.41815, 10.54725], [7.43473, 10.55025], [7.43626, 10.55102], [7.43696, 10.55125], [7.43671, 10.55292], [7.43746, 10.55315], [7.4377, 10.55215], [7.44191, 10.5519], [7.44524, 10.55303], [7.44429, 10.54936], [7.43729, 10.54363], [7.43288, 10.54234], [7.42975, 10.53894], [7.42915, 10.53331]]]}, "properties": {"name": "Unguwar Shanu", "lga": "Kaduna North", "state": "kd"}}, {"type": "Feature", "geometry": {"type": "Polygon", "coordinates": [[[7.42438, 10.53465], [7.42915, 10.53331], [7.43064, 10.51255], [7.42158, 10.51148], [7.42614, 10.523], [7.42343, 10.52971], [7.42438, 10.53465]]]}, "properties": {"name": "Maiburiji", "lga": "Kaduna North", "state": "kd"}}, {"type": "Feature", "geometry": {"type": "Polygon", "coordinates": [[[7.42945, 10.53039], [7.42917, 10.53822], [7.43288, 10.54234], [7.43729, 10.54363], [7.44429, 10.54936], [7.44506, 10.5539], [7.45081, 10.55362], [7.46003, 10.55058], [7.46605, 10.55032], [7.46669, 10.5508], [7.4678, 10.55141], [7.46851, 10.54948], [7.46938, 10.54976], [7.46867, 10.55203], [7.47023, 10.55263], [7.47201, 10.55321], [7.47203, 10.55322], [7.47453, 10.5474], [7.4752, 10.54668], [7.47696, 10.5453], [7.477, 10.54526], [7.47366, 10.54318], [7.47258, 10.5448], [7.47045, 10.54326], [7.46768, 10.54713], [7.46685, 10.54733], [7.46524, 10.54739], [7.46423, 10.54745], [7.464, 10.54347], [7.45777, 10.54396], [7.45757, 10.54122], [7.45661, 10.54129], [7.45284, 10.54157], [7.45236, 10.53852], [7.4544, 10.53919], [7.45464, 10.53839], [7.45208, 10.53751], [7.4514, 10.5351], [7.45155, 10.53442], [7.44566, 10.53233], [7.44741, 10.52853], [7.43898, 10.52548], [7.43879, 10.52661], [7.43839, 10.52839], [7.43821, 10.52982], [7.43461, 10.52962], [7.43488, 10.52745], [7.43398, 10.52756], [7.43404, 10.52614], [7.43327, 10.52611], [7.43274, 10.52633], [7.43186, 10.52639], [7.43203, 10.52786], [7.43276, 10.52775], [7.43273, 10.52995], [7.42945, 10.53039]]]}, "properties": {"name": "Unguwar Sarki", "lga": "Kaduna North", "state": "kd"}}, {"type": "Feature", "geometry": {"type": "Polygon", "coordinates": [[[7.44339, 10.57513], [7.451, 10.5749], [7.45501, 10.57666], [7.46863, 10.57139], [7.46807, 10.57084], [7.46814, 10.57014], [7.46782, 10.56998], [7.46406, 10.57008], [7.45736, 10.56558], [7.45399, 10.56511], [7.45193, 10.56319], [7.45232, 10.5622], [7.44589, 10.56137], [7.44531, 10.56261], [7.44423, 10.56187], [7.44364, 10.56146], [7.44308, 10.56491], [7.44246, 10.56865], [7.44243, 10.56977], [7.44317, 10.57422], [7.44339, 10.57513]]]}, "properties": {"name": "Unguwan Dosa", "lga": "Kaduna North", "state": "kd"}}, {"type": "Feature", "geometry": {"type": "Polygon", "coordinates": [[[7.73373, 11.10581], [7.72887, 11.11121], [7.72952, 11.11176], [7.72982, 11.11218], [7.73014, 11.11298], [7.73724, 11.11361], [7.74214, 11.11589], [7.74242, 11.11548], [7.74294, 11.11525], [7.74341, 11.11516], [7.74321, 11.11159], [7.73963, 11.11106], [7.73373, 11.10581]]]}, "properties": {"name": "Unguwar Gabas", "lga": "Sabon Gari", "state": "kd"}}, {"type": "Feature", "geometry": {"type": "Polygon", "coordinates": [[[7.44077, 10.488], [7.44194, 10.48888], [7.44267, 10.48946], [7.444, 10.48985], [7.44446, 10.48942], [7.44556, 10.48936], [7.44708, 10.48748], [7.44775, 10.48732], [7.44804, 10.48479], [7.45121, 10.48415], [7.45335, 10.48084], [7.45952, 10.47601], [7.46233, 10.47595], [7.4633, 10.47739], [7.46921, 10.47909], [7.46966, 10.4768], [7.4702, 10.47439], [7.47097, 10.47145], [7.46208, 10.46832], [7.4571, 10.46364], [7.45482, 10.46324], [7.45427, 10.4582], [7.44934, 10.45722], [7.44798, 10.45005], [7.43474, 10.45278], [7.43506, 10.45467], [7.43613, 10.45957], [7.44044, 10.46698], [7.44166, 10.48088], [7.44077, 10.488]]]}, "properties": {"name": "Narayi", "lga": "Chikun", "state": "kd"}}, {"type": "Feature", "geometry": {"type": "Polygon", "coordinates": [[[7.40935, 10.51266], [7.40882, 10.51486], [7.40881, 10.51495], [7.4136, 10.51634], [7.41923, 10.51005], [7.41883, 10.50699], [7.41651, 10.50791], [7.41716, 10.50988], [7.40935, 10.51266]]]}, "properties": {"name": "Tudun Wada North", "lga": "Kaduna South", "state": "kd"}}, {"type": "Feature", "geometry": {"type": "Polygon", "coordinates": [[[7.39912, 10.52334], [7.39629, 10.52413], [7.39798, 10.53288], [7.40025, 10.53446], [7.41028, 10.53222], [7.41005, 10.53407], [7.41016, 10.53412], [7.41109, 10.53399], [7.41555, 10.53104], [7.41797, 10.53097], [7.42, 10.53126], [7.42052, 10.53176], [7.42143, 10.5316], [7.42192, 10.53108], [7.42219, 10.53054], [7.41907, 10.52267], [7.41157, 10.5198], [7.40961, 10.52362], [7.4087, 10.52328], [7.40729, 10.52275], [7.40728, 10.52368], [7.40723, 10.52497], [7.39912, 10.52334]]]}, "properties": {"name": "Unguwan Sanusi", "lga": "Kaduna South", "state": "kd"}}, {"type": "Feature", "geometry": {"type": "MultiPolygon", "coordinates": [[[[7.40356, 10.44321], [7.41917, 10.44453], [7.41577, 10.43844], [7.41124, 10.43566], [7.4048, 10.43527], [7.40522, 10.43645], [7.40546, 10.43826], [7.40457, 10.44109], [7.40356, 10.44321]]], [[[7.42376, 10.45703], [7.42433, 10.45612], [7.42512, 10.45499], [7.43474, 10.45278], [7.43233, 10.44445], [7.42366, 10.44452], [7.42376, 10.45703]]]]}, "properties": {"name": "Television", "lga": "Kaduna South", "state": "kd"}}, {"type": "Feature", "geometry": {"type": "Polygon", "coordinates": [[[7.70565, 11.07977], [7.70778, 11.0839], [7.71423, 11.09034], [7.71714, 11.09719], [7.71962, 11.09423], [7.72696, 11.09543], [7.72733, 11.09483], [7.7282, 11.09339], [7.72828, 11.09315], [7.72511, 11.0921], [7.72513, 11.08813], [7.72274, 11.08624], [7.72099, 11.07888], [7.72404, 11.07768], [7.72461, 11.07737], [7.72767, 11.07621], [7.72948, 11.07314], [7.72358, 11.07328], [7.7166, 11.07675], [7.70565, 11.07977]]]}, "properties": {"name": "Tudun Wada", "lga": "Zaria", "state": "kd"}}, {"type": "Feature", "geometry": {"type": "Polygon", "coordinates": [[[7.40297, 10.46397], [7.40689, 10.46741], [7.41614, 10.46872], [7.41598, 10.47962], [7.41892, 10.48023], [7.41905, 10.48139], [7.42144, 10.48035], [7.4227, 10.47968], [7.42349, 10.47909], [7.42394, 10.47844], [7.42435, 10.4773], [7.42444, 10.47626], [7.42194, 10.46725], [7.42453, 10.459], [7.42158, 10.46228], [7.41678, 10.46083], [7.41451, 10.46262], [7.4098, 10.46235], [7.40899, 10.46344], [7.40822, 10.46432], [7.40798, 10.46446], [7.40682, 10.46425], [7.40553, 10.46197], [7.40297, 10.46397]]]}, "properties": {"name": "Kakuri Hausa", "lga": "Kaduna South", "state": "kd"}}, {"type": "Feature", "geometry": {"type": "Polygon", "coordinates": [[[7.39727, 10.50445], [7.39489, 10.51104], [7.39344, 10.51173], [7.394, 10.51201], [7.39443, 10.51266], [7.39543, 10.51458], [7.39435, 10.5204], [7.39629, 10.52413], [7.39912, 10.52334], [7.39908, 10.52318], [7.39875, 10.52044], [7.40033, 10.5205], [7.40038, 10.51963], [7.40171, 10.51967], [7.40173, 10.51954], [7.40196, 10.51628], [7.40217, 10.51435], [7.40881, 10.51495], [7.40882, 10.51486], [7.40935, 10.51266], [7.4092, 10.51269], [7.40844, 10.51255], [7.40928, 10.50741], [7.40507, 10.50449], [7.39727, 10.50445]]]}, "properties": {"name": "Sabon Gari North", "lga": "Kaduna South", "state": "kd"}}, {"type": "Feature", "geometry": {"type": "Polygon", "coordinates": [[[7.43658, 10.51306], [7.43416, 10.51879], [7.43481, 10.5192], [7.43526, 10.51966], [7.44845, 10.52165], [7.44976, 10.52198], [7.45139, 10.52302], [7.45261, 10.52382], [7.45384, 10.52157], [7.46046, 10.52028], [7.46491, 10.51697], [7.4643, 10.51446], [7.46325, 10.51104], [7.46216, 10.5087], [7.45797, 10.50666], [7.45392, 10.50492], [7.45147, 10.50066], [7.44918, 10.49948], [7.44713, 10.4973], [7.4452, 10.49472], [7.44474, 10.49382], [7.44704, 10.4911], [7.44655, 10.49058], [7.446, 10.48991], [7.44556, 10.48936], [7.44446, 10.48942], [7.444, 10.48985], [7.44267, 10.48946], [7.44194, 10.48888], [7.44077, 10.488], [7.43449, 10.49483], [7.43399, 10.49707], [7.43658, 10.51306]]]}, "properties": {"name": "Kabala", "lga": "Kaduna North", "state": "kd"}}, {"type": "Feature", "geometry": {"type": "Polygon", "coordinates": [[[7.43449, 10.49483], [7.44077, 10.488], [7.44166, 10.48088], [7.44044, 10.46698], [7.43613, 10.45957], [7.43506, 10.45467], [7.43474, 10.45278], [7.42512, 10.45499], [7.42433, 10.45612], [7.42376, 10.45703], [7.42449, 10.46062], [7.42194, 10.46725], [7.42435, 10.4773], [7.42394, 10.47844], [7.42349, 10.47909], [7.4227, 10.47968], [7.42144, 10.48035], [7.41905, 10.48139], [7.41911, 10.48219], [7.41886, 10.48392], [7.41875, 10.48514], [7.41973, 10.49779], [7.42091, 10.49843], [7.42179, 10.49892], [7.42507, 10.4942], [7.43449, 10.49483]]]}, "properties": {"name": "Barnawa", "lga": "Kaduna South", "state": "kd"}}, {"type": "Feature", "geometry": {"type": "Polygon", "coordinates": [[[7.39842, 10.48424], [7.39627, 10.48285], [7.39343, 10.48158], [7.39727, 10.50445], [7.40507, 10.50449], [7.40928, 10.50741], [7.40844, 10.51255], [7.41716, 10.50988], [7.41651, 10.50791], [7.41883, 10.50699], [7.41852, 10.50219], [7.4177, 10.50249], [7.4152, 10.5033], [7.41232, 10.50272], [7.41117, 10.49206], [7.40976, 10.48919], [7.4085, 10.48841], [7.40698, 10.48706], [7.40508, 10.4862], [7.40309, 10.48561], [7.4001, 10.4847], [7.39842, 10.48424]]]}, "properties": {"name": "Tudun Wada South", "lga": "Kaduna South", "state": "kd"}}, {"type": "Feature", "geometry": {"type": "Polygon", "coordinates": [[[7.42438, 10.53465], [7.42343, 10.52971], [7.42614, 10.523], [7.42158, 10.51148], [7.41878, 10.50996], [7.41281, 10.51657], [7.41258, 10.51716], [7.41203, 10.51847], [7.41157, 10.5198], [7.41921, 10.52282], [7.42204, 10.52957], [7.42219, 10.53054], [7.42192, 10.53108], [7.42143, 10.5316], [7.42354, 10.53489], [7.42438, 10.53465]]]}, "properties": {"name": "Tudun Nupawa", "lga": "Kaduna South", "state": "kd"}}, {"type": "Feature", "geometry": {"type": "Polygon", "coordinates": [[[7.47233, 10.56943], [7.47294, 10.56847], [7.47542, 10.56769], [7.47738, 10.56759], [7.48034, 10.56748], [7.48301, 10.56678], [7.48544, 10.56489], [7.48705, 10.56254], [7.48715, 10.5624], [7.48722, 10.56103], [7.4874, 10.55775], [7.4873, 10.55692], [7.47812, 10.54413], [7.47453, 10.5474], [7.47203, 10.55322], [7.47201, 10.55321], [7.47023, 10.55263], [7.46867, 10.55203], [7.46938, 10.54976], [7.46851, 10.54948], [7.4678, 10.55141], [7.46669, 10.5508], [7.46605, 10.55032], [7.46003, 10.55058], [7.45081, 10.55362], [7.44506, 10.5539], [7.44364, 10.56146], [7.44423, 10.56187], [7.44531, 10.56261], [7.44589, 10.56137], [7.45232, 10.5622], [7.45193, 10.56319], [7.45399, 10.56511], [7.45736, 10.56558], [7.46406, 10.57008], [7.46782, 10.56998], [7.46814, 10.57014], [7.46807, 10.57084], [7.46863, 10.57139], [7.47233, 10.56943]]]}, "properties": {"name": "Badarawa", "lga": "Kaduna North", "state": "kd"}}, {"type": "Feature", "geometry": {"type": "Polygon", "coordinates": [[[7.39836, 10.46331], [7.39913, 10.46878], [7.40091, 10.47043], [7.40188, 10.47136], [7.4046, 10.47258], [7.39842, 10.48424], [7.4001, 10.4847], [7.40309, 10.48561], [7.40508, 10.4862], [7.40698, 10.48706], [7.4085, 10.48841], [7.40976, 10.48919], [7.41117, 10.49206], [7.41232, 10.50272], [7.4152, 10.5033], [7.4177, 10.50249], [7.41852, 10.50219], [7.42179, 10.49892], [7.41883, 10.49618], [7.41905, 10.48139], [7.41892, 10.48023], [7.41598, 10.47962], [7.41614, 10.46872], [7.40689, 10.46741], [7.40297, 10.46397], [7.40275, 10.46393], [7.4012, 10.46358], [7.39836, 10.46331]]]}, "properties": {"name": "Makera", "lga": "Kaduna South", "state": "kd"}}, {"type": "Feature", "geometry": {"type": "Polygon", "coordinates": [[[7.41157, 10.5198], [7.41307, 10.51642], [7.40217, 10.51435], [7.40196, 10.51628], [7.40173, 10.51954], [7.40171, 10.51967], [7.40038, 10.51963], [7.40033, 10.5205], [7.39875, 10.52044], [7.39908, 10.52318], [7.39912, 10.52334], [7.39927, 10.52397], [7.40723, 10.52497], [7.40728, 10.52368], [7.40729, 10.52275], [7.4087, 10.52328], [7.40961, 10.52362], [7.41157, 10.5198]]]}, "properties": {"name": "Sabon Gari South", "lga": "Kaduna South", "state": "kd"}}, {"type": "Feature", "geometry": {"type": "Polygon", "coordinates": [[[7.46863, 10.57139], [7.45501, 10.57666], [7.451, 10.5749], [7.44339, 10.57513], [7.45135, 10.59778], [7.45297, 10.59931], [7.45502, 10.60112], [7.45754, 10.59849], [7.45859, 10.59855], [7.45913, 10.59873], [7.46146, 10.59754], [7.46396, 10.5932], [7.46401, 10.59223], [7.46407, 10.59101], [7.46342, 10.5906], [7.46278, 10.59022], [7.46223, 10.58987], [7.46172, 10.59058], [7.46123, 10.59046], [7.46076, 10.59046], [7.4606, 10.58879], [7.46018, 10.58543], [7.46003, 10.58458], [7.46522, 10.58347], [7.46673, 10.58423], [7.47144, 10.58081], [7.47038, 10.57693], [7.47233, 10.56943], [7.46863, 10.57139]]]}, "properties": {"name": "Kawo", "lga": "Kaduna North", "state": "kd"}}, {"type": "Feature", "geometry": {"type": "Polygon", "coordinates": [[[7.42354, 10.53489], [7.42143, 10.5316], [7.42052, 10.53176], [7.42, 10.53126], [7.41797, 10.53097], [7.41555, 10.53104], [7.41109, 10.53399], [7.41016, 10.53412], [7.41005, 10.53407], [7.41028, 10.53222], [7.40992, 10.53232], [7.4055, 10.53373], [7.40783, 10.53723], [7.40681, 10.53753], [7.40618, 10.53812], [7.40916, 10.54726], [7.40667, 10.55327], [7.40703, 10.55501], [7.40805, 10.5561], [7.4073, 10.55663], [7.40752, 10.55725], [7.40833, 10.55704], [7.40864, 10.55798], [7.41005, 10.55735], [7.41184, 10.56046], [7.42045, 10.55554], [7.42157, 10.55314], [7.42214, 10.5496], [7.427, 10.54997], [7.41815, 10.54725], [7.4198, 10.54155], [7.42234, 10.54083], [7.42354, 10.53489]]]}, "properties": {"name": "Badiko", "lga": "Kaduna South", "state": "kd"}}, {"type": "Feature", "geometry": {"type": "Polygon", "coordinates": [[[7.42376, 10.45703], [7.42366, 10.44452], [7.40356, 10.44321], [7.40166, 10.44331], [7.4008, 10.44358], [7.39956, 10.44437], [7.39883, 10.44492], [7.39826, 10.44562], [7.39836, 10.46331], [7.4012, 10.46358], [7.40275, 10.46393], [7.40297, 10.46397], [7.40553, 10.46197], [7.40682, 10.46425], [7.40798, 10.46446], [7.40822, 10.46432], [7.40899, 10.46344], [7.4098, 10.46235], [7.41451, 10.46262], [7.41678, 10.46083], [7.42158, 10.46228], [7.42361, 10.46016], [7.42391, 10.45907], [7.4239, 10.45808], [7.42376, 10.45703]]]}, "properties": {"name": "Kakuri Gwari", "lga": "Kaduna South", "state": "kd"}}, {"type": "Feature", "geometry": {"type": "Polygon", "coordinates": [[[7.6904, 11.04689], [7.6882, 11.04907], [7.68677, 11.05396], [7.68801, 11.05525], [7.69012, 11.05345], [7.69328, 11.05458], [7.69216, 11.06175], [7.69713, 11.06531], [7.69913, 11.0584], [7.69569, 11.05692], [7.69635, 11.05537], [7.69759, 11.05594], [7.69719, 11.05467], [7.69894, 11.05433], [7.69867, 11.0509], [7.69851, 11.05063], [7.69788, 11.05048], [7.6958, 11.05328], [7.69104, 11.04971], [7.69577, 11.04909], [7.69628, 11.04763], [7.6904, 11.04689]]]}, "properties": {"name": "Unguwar Juma", "lga": "Zaria", "state": "kd"}}, {"type": "Feature", "geometry": {"type": "Polygon", "coordinates": [[[7.71714, 11.09719], [7.71423, 11.09034], [7.70778, 11.0839], [7.70565, 11.07977], [7.69514, 11.07874], [7.69432, 11.07675], [7.69205, 11.07782], [7.68914, 11.07695], [7.68982, 11.07457], [7.6887, 11.07226], [7.68514, 11.07358], [7.68762, 11.08094], [7.68947, 11.09706], [7.6901, 11.09874], [7.69141, 11.09992], [7.693, 11.10182], [7.69386, 11.10451], [7.69445, 11.10718], [7.69538, 11.11133], [7.69807, 11.111], [7.70111, 11.10822], [7.70296, 11.10625], [7.70404, 11.10617], [7.70626, 11.10767], [7.71091, 11.10094], [7.71714, 11.09719]]]}, "properties": {"name": "Tukur Tukur", "lga": "Zaria", "state": "kd"}}, {"type": "Feature", "geometry": {"type": "Polygon", "coordinates": [[[7.70565, 11.07977], [7.71583, 11.07699], [7.71241, 11.07299], [7.71408, 11.07129], [7.70995, 11.06905], [7.70867, 11.06734], [7.70952, 11.0659], [7.70891, 11.06576], [7.70818, 11.06538], [7.70847, 11.06521], [7.70878, 11.06478], [7.7089, 11.06451], [7.70652, 11.06323], [7.70758, 11.06116], [7.70806, 11.06145], [7.70865, 11.06179], [7.70871, 11.06182], [7.71076, 11.06021], [7.71166, 11.05797], [7.7146, 11.05694], [7.71534, 11.05504], [7.71135, 11.05513], [7.71034, 11.05367], [7.71063, 11.05332], [7.71128, 11.05333], [7.71133, 11.05297], [7.70975, 11.05223], [7.70882, 11.05189], [7.70785, 11.05112], [7.70211, 11.05917], [7.69913, 11.0584], [7.69713, 11.06531], [7.70158, 11.07446], [7.70281, 11.0749], [7.7054, 11.07844], [7.70565, 11.07977]]]}, "properties": {"name": "Kwarbai B", "lga": "Zaria", "state": "kd"}}, {"type": "Feature", "geometry": {"type": "Polygon", "coordinates": [[[7.69913, 11.0584], [7.70211, 11.05917], [7.70501, 11.05522], [7.70181, 11.05287], [7.70261, 11.0505], [7.69901, 11.0495], [7.70067, 11.0413], [7.69305, 11.04451], [7.6904, 11.04689], [7.69628, 11.04763], [7.69577, 11.04909], [7.69104, 11.04971], [7.69611, 11.05338], [7.69851, 11.05063], [7.69894, 11.05433], [7.69719, 11.05467], [7.69759, 11.05594], [7.69635, 11.05537], [7.69569, 11.05692], [7.69913, 11.0584]]]}, "properties": {"name": "Limancin Kona", "lga": "Zaria", "state": "kd"}}, {"type": "Feature", "geometry": {"type": "Polygon", "coordinates": [[[7.72507, 11.07303], [7.73406, 11.06161], [7.73301, 11.05989], [7.72902, 11.05737], [7.72168, 11.04268], [7.71653, 11.04517], [7.71376, 11.04818], [7.71034, 11.05367], [7.71135, 11.05513], [7.71526, 11.05561], [7.71166, 11.05797], [7.71024, 11.06073], [7.70871, 11.06182], [7.70865, 11.06179], [7.70806, 11.06145], [7.70758, 11.06116], [7.70652, 11.06323], [7.7089, 11.06451], [7.70878, 11.06478], [7.70847, 11.06521], [7.70818, 11.06538], [7.70891, 11.06576], [7.70952, 11.0659], [7.70867, 11.06734], [7.70995, 11.06905], [7.71408, 11.07129], [7.71241, 11.07299], [7.71583, 11.07699], [7.72507, 11.07303]]]}, "properties": {"name": "Kwarbai A", "lga": "Zaria", "state": "kd"}}, {"type": "Feature", "geometry": {"type": "Polygon", "coordinates": [[[7.71133, 11.05297], [7.71653, 11.04517], [7.72196, 11.04267], [7.72183, 11.04241], [7.72054, 11.0407], [7.70831, 11.03895], [7.70067, 11.0413], [7.69901, 11.0495], [7.70261, 11.0505], [7.70181, 11.05287], [7.70501, 11.05522], [7.70785, 11.05112], [7.70882, 11.05189], [7.70975, 11.05223], [7.71133, 11.05297]]]}, "properties": {"name": "Kaura", "lga": "Zaria", "state": "kd"}}, {"type": "Feature", "geometry": {"type": "Polygon", "coordinates": [[[7.28983, 9.51416], [7.28998, 9.51413], [7.30016, 9.52723], [7.30021, 9.52739], [7.30419, 9.5473], [7.3044, 9.54747], [7.30344, 9.55996], [7.30533, 9.56649], [7.30873, 9.57286], [7.31763, 9.57297], [7.33204, 9.57995], [7.34349, 9.58253], [7.35185, 9.58103], [7.36193, 9.57972], [7.3724, 9.57927], [7.375, 9.5793], [7.38104, 9.58229], [7.40319, 9.58797], [7.42075, 9.59105], [7.43146, 9.59117], [7.43373, 9.59327], [7.43621, 9.60206], [7.43853, 9.60844], [7.44094, 9.60925], [7.44798, 9.6162], [7.46799, 9.60475], [7.47566, 9.60347], [7.47149, 9.59019], [7.45295, 9.58872], [7.45014, 9.59281], [7.441, 9.59306], [7.4346, 9.58484], [7.43559, 9.58378], [7.43544, 9.56701], [7.43345, 9.56393], [7.43073, 9.56384], [7.42867, 9.56376], [7.42602, 9.56366], [7.42369, 9.56491], [7.41765, 9.53269], [7.41625, 9.52975], [7.41061, 9.51937], [7.40191, 9.50338], [7.40063, 9.50169], [7.3935, 9.49517], [7.38575, 9.48852], [7.37981, 9.48195], [7.37656, 9.47824], [7.37148, 9.47306], [7.34529, 9.49401], [7.34503, 9.49387], [7.33968, 9.49237], [7.33552, 9.48665], [7.3341, 9.47793], [7.33814, 9.46962], [7.33742, 9.46371], [7.33144, 9.4583], [7.33141, 9.45829], [7.32372, 9.45535], [7.32074, 9.45606], [7.31501, 9.46356], [7.3022, 9.46222], [7.29478, 9.46734], [7.3095, 9.47112], [7.31385, 9.47493], [7.29997, 9.48363], [7.29201, 9.47392], [7.28623, 9.47852], [7.28396, 9.4785], [7.27965, 9.47165], [7.27488, 9.47786], [7.27301, 9.47941], [7.28983, 9.51416]]]}, "properties": {"name": "Jere South", "lga": "Kagarko", "state": "kd"}}, {"type": "Feature", "geometry": {"type": "Polygon", "coordinates": [[[6.61811, 10.58419], [6.61755, 10.70234], [6.61216, 10.70275], [6.60195, 10.70013], [6.60109, 10.69946], [6.59966, 10.69806], [6.59845, 10.69677], [6.56214, 10.70871], [6.55997, 10.71375], [6.56206, 10.71408], [6.56341, 10.71418], [6.58248, 10.72416], [6.5926, 10.7354], [6.60273, 10.75223], [6.60258, 10.75239], [6.60208, 10.75404], [6.60185, 10.7555], [6.60627, 10.76636], [6.60647, 10.76942], [6.60555, 10.77283], [6.6062, 10.77593], [6.60894, 10.77858], [6.6161, 10.77812], [6.61759, 10.78104], [6.61833, 10.78288], [6.62609, 10.78716], [6.63466, 10.79771], [6.64365, 10.80311], [6.64697, 10.80346], [6.64896, 10.80374], [6.66612, 10.81659], [6.66703, 10.81944], [6.6689, 10.82116], [6.67022, 10.82214], [6.66991, 10.82507], [6.67757, 10.82755], [6.67434, 10.84726], [6.67408, 10.84861], [6.68186, 10.84677], [6.68219, 10.84178], [6.68435, 10.84033], [6.68658, 10.84197], [6.68695, 10.84233], [6.68728, 10.84251], [6.69783, 10.84397], [6.70606, 10.8391], [6.70729, 10.84006], [6.70749, 10.84039], [6.70808, 10.84095], [6.70817, 10.8419], [6.70775, 10.84276], [6.70714, 10.84568], [6.71148, 10.8527], [6.7123, 10.85801], [6.71532, 10.85669], [6.71581, 10.85789], [6.71565, 10.85995], [6.71573, 10.86071], [6.71645, 10.86133], [6.71727, 10.86175], [6.71798, 10.86238], [6.71757, 10.86448], [6.71764, 10.86489], [6.72433, 10.87094], [6.72992, 10.87068], [6.73075, 10.87003], [6.73108, 10.86863], [6.73214, 10.86864], [6.73446, 10.86849], [6.73946, 10.86842], [6.74857, 10.87393], [6.77582, 10.83264], [6.77928, 10.82926], [6.85734, 10.87711], [6.87317, 10.88325], [6.93265, 10.8921], [6.95267, 10.89429], [6.99601, 10.79613], [7.01853, 10.7856], [7.03006, 10.77803], [7.1292, 10.71437], [7.12856, 10.70897], [7.12356, 10.66686], [7.11034, 10.60846], [7.1106, 10.58929], [7.10932, 10.5849], [7.10442, 10.55658], [7.01921, 10.56025], [7.0176, 10.56344], [7.01745, 10.57097], [7.01527, 10.57456], [7.01546, 10.57545], [7.01717, 10.57774], [7.0175, 10.58008], [7.01489, 10.58741], [7.01541, 10.58947], [7.01779, 10.59078], [7.0175, 10.59447], [7.00966, 10.60868], [7.01111, 10.63041], [7.01042, 10.63327], [7.00608, 10.65733], [7.00758, 10.66319], [6.94228, 10.6976], [6.93305, 10.71628], [6.93283, 10.71623], [6.92793, 10.71896], [6.92706, 10.72407], [6.9213, 10.73673], [6.92117, 10.7419], [6.91864, 10.74519], [6.91835, 10.74856], [6.9169, 10.75075], [6.90155, 10.76135], [6.89112, 10.76407], [6.87941, 10.77701], [6.86113, 10.78346], [6.85897, 10.78697], [6.85807, 10.78989], [6.85863, 10.79406], [6.85413, 10.81171], [6.84623, 10.81211], [6.84293, 10.80744], [6.84287, 10.80697], [6.84042, 10.79692], [6.83859, 10.79531], [6.83648, 10.79318], [6.82988, 10.79028], [6.81682, 10.79106], [6.80931, 10.79151], [6.80703, 10.7873], [6.80854, 10.78134], [6.80511, 10.7772], [6.80291, 10.77106], [6.8033, 10.76745], [6.79812, 10.76044], [6.7966, 10.7547], [6.7953, 10.75359], [6.7922, 10.75093], [6.78846, 10.74794], [6.78368, 10.74671], [6.78187, 10.74232], [6.77788, 10.73504], [6.76685, 10.73093], [6.74879, 10.70001], [6.74926, 10.69596], [6.7436, 10.68402], [6.74051, 10.67749], [6.73784, 10.67083], [6.72954, 10.65909], [6.72327, 10.65203], [6.71978, 10.6435], [6.71657, 10.6415], [6.71504, 10.63679], [6.71416, 10.63412], [6.71944, 10.62477], [6.72426, 10.61768], [6.73133, 10.5964], [6.72587, 10.58939], [6.70985, 10.58754], [6.70049, 10.58902], [6.69612, 10.59099], [6.69599, 10.59105], [6.68618, 10.58994], [6.68399, 10.58971], [6.68089, 10.58939], [6.64707, 10.59343], [6.61811, 10.58419]]]}, "properties": {"name": "Gayam", "lga": "Birnin Gwari", "state": "kd"}}, {"type": "Feature", "geometry": {"type": "Polygon", "coordinates": [[[6.71978, 10.6435], [6.72327, 10.65203], [6.72954, 10.65909], [6.73784, 10.67083], [6.74051, 10.67749], [6.7436, 10.68402], [6.74926, 10.69596], [6.74879, 10.70001], [6.76685, 10.73093], [6.77788, 10.73504], [6.78187, 10.74232], [6.78368, 10.74671], [6.78846, 10.74794], [6.7922, 10.75093], [6.7953, 10.75359], [6.7966, 10.7547], [6.79812, 10.76044], [6.8033, 10.76745], [6.80291, 10.77106], [6.80511, 10.7772], [6.80854, 10.78134], [6.80703, 10.7873], [6.80931, 10.79151], [6.81682, 10.79106], [6.82988, 10.79028], [6.83648, 10.79318], [6.83859, 10.79531], [6.84042, 10.79692], [6.84287, 10.80697], [6.84293, 10.80744], [6.84623, 10.81211], [6.85413, 10.81171], [6.85863, 10.79406], [6.85807, 10.78989], [6.85897, 10.78697], [6.86113, 10.78346], [6.87941, 10.77701], [6.89112, 10.76407], [6.90155, 10.76135], [6.9169, 10.75075], [6.91835, 10.74856], [6.91864, 10.74519], [6.92117, 10.7419], [6.9213, 10.73673], [6.92706, 10.72407], [6.92793, 10.71896], [6.93283, 10.71623], [6.92367, 10.71413], [6.9163, 10.71367], [6.90965, 10.71089], [6.91947, 10.68375], [6.91309, 10.66391], [6.91619, 10.65073], [6.92012, 10.64885], [6.92145, 10.64493], [6.92135, 10.63561], [6.91006, 10.6383], [6.91003, 10.63877], [6.90861, 10.64392], [6.89945, 10.64219], [6.87765, 10.63331], [6.86932, 10.60218], [6.86947, 10.57818], [6.84463, 10.52849], [6.84434, 10.52834], [6.83952, 10.53156], [6.8355, 10.53798], [6.83952, 10.54923], [6.84113, 10.55726], [6.84165, 10.56727], [6.84193, 10.57252], [6.8351, 10.59581], [6.82948, 10.59983], [6.82948, 10.62473], [6.8235, 10.63108], [6.8191, 10.63575], [6.81663, 10.63838], [6.81444, 10.63915], [6.8111, 10.64033], [6.80297, 10.6432], [6.7853, 10.63918], [6.78228, 10.63965], [6.77486, 10.64079], [6.76536, 10.64364], [6.7599, 10.64528], [6.75106, 10.64214], [6.74181, 10.64388], [6.74094, 10.64351], [6.73172, 10.64214], [6.72961, 10.64186], [6.71978, 10.6435]]]}, "properties": {"name": "Kuriga", "lga": "Chikun", "state": "kd"}}, {"type": "Feature", "geometry": {"type": "Polygon", "coordinates": [[[7.52107, 9.36755], [7.52001, 9.36655], [7.5091, 9.35503], [7.49693, 9.3524], [7.47373, 9.35034], [7.43376, 9.34347], [7.38969, 9.33589], [7.37865, 9.33647], [7.35358, 9.33777], [7.33398, 9.34077], [7.28977, 9.33285], [7.2737, 9.32933], [7.23226, 9.31772], [7.22788, 9.32576], [7.22236, 9.33233], [7.22148, 9.37212], [7.22141, 9.37529], [7.21939, 9.38383], [7.20506, 9.44414], [7.2009, 9.45982], [7.21898, 9.49268], [7.22952, 9.4998], [7.25137, 9.52103], [7.27485, 9.52107], [7.27529, 9.52082], [7.28614, 9.51498], [7.28983, 9.51416], [7.27301, 9.47941], [7.27488, 9.47786], [7.27965, 9.47165], [7.28396, 9.4785], [7.28623, 9.47852], [7.29201, 9.47392], [7.29997, 9.48363], [7.31385, 9.47493], [7.3095, 9.47112], [7.29478, 9.46734], [7.3022, 9.46222], [7.31501, 9.46356], [7.32074, 9.45606], [7.32372, 9.45535], [7.33141, 9.45829], [7.33144, 9.4583], [7.33742, 9.46371], [7.34327, 9.46203], [7.38661, 9.43492], [7.40723, 9.43538], [7.45153, 9.44733], [7.47549, 9.45121], [7.50653, 9.44175], [7.50669, 9.44139], [7.51696, 9.39676], [7.51912, 9.37751], [7.52107, 9.36755]]]}, "properties": {"name": "Iddah", "lga": "Kagarko", "state": "kd"}}, {"type": "Feature", "geometry": {"type": "Polygon", "coordinates": [[[7.75882, 11.26175], [7.76383, 11.25227], [7.76775, 11.2555], [7.77144, 11.24954], [7.76514, 11.24601], [7.7682, 11.23788], [7.76573, 11.23365], [7.7665, 11.23185], [7.76754, 11.23019], [7.76717, 11.22932], [7.76646, 11.22863], [7.76567, 11.22835], [7.76192, 11.2299], [7.7503, 11.23034], [7.74717, 11.24306], [7.74606, 11.24478], [7.74159, 11.24467], [7.74135, 11.24546], [7.74109, 11.24595], [7.74096, 11.24602], [7.73843, 11.24482], [7.73717, 11.24597], [7.73312, 11.24377], [7.7331, 11.24051], [7.73148, 11.23916], [7.73018, 11.23959], [7.72891, 11.24362], [7.72816, 11.24303], [7.72757, 11.24282], [7.72681, 11.24256], [7.72533, 11.24622], [7.71404, 11.23598], [7.70885, 11.24098], [7.70952, 11.24365], [7.7079, 11.24236], [7.70684, 11.2443], [7.70445, 11.24347], [7.70227, 11.24778], [7.69996, 11.2477], [7.69874, 11.24914], [7.69923, 11.25129], [7.69561, 11.25053], [7.69369, 11.25182], [7.69432, 11.25297], [7.69324, 11.25281], [7.69322, 11.25393], [7.69102, 11.25376], [7.68895, 11.25572], [7.68782, 11.25431], [7.68686, 11.25566], [7.68822, 11.25629], [7.68694, 11.25725], [7.68781, 11.2582], [7.68599, 11.25855], [7.68383, 11.26218], [7.6893, 11.26865], [7.69695, 11.27178], [7.69778, 11.27434], [7.70134, 11.27653], [7.70414, 11.26836], [7.71211, 11.27475], [7.72246, 11.27062], [7.72348, 11.2669], [7.72059, 11.25737], [7.72438, 11.25601], [7.72405, 11.25488], [7.72395, 11.25438], [7.72657, 11.25051], [7.72982, 11.25094], [7.74185, 11.25857], [7.74446, 11.25185], [7.74508, 11.25241], [7.74552, 11.25305], [7.74451, 11.25574], [7.74628, 11.25512], [7.74791, 11.25865], [7.75068, 11.26034], [7.75192, 11.25955], [7.7521, 11.26138], [7.75293, 11.2605], [7.75363, 11.26198], [7.75433, 11.2605], [7.756, 11.26109], [7.75686, 11.26], [7.75882, 11.26175]]]}, "properties": {"name": "Garu", "lga": "Kudan", "state": "kd"}}, {"type": "Feature", "geometry": {"type": "Polygon", "coordinates": [[[7.36571, 11.11957], [7.36707, 11.1135], [7.3701, 11.09996], [7.36956, 11.09028], [7.36896, 11.08348], [7.3676, 11.07728], [7.35779, 11.0603], [7.35148, 11.05788], [7.34784, 11.06019], [7.34523, 11.06064], [7.34224, 11.05713], [7.34018, 11.05354], [7.33983, 11.04903], [7.33595, 11.04788], [7.33197, 11.03235], [7.3279, 11.02835], [7.32429, 11.01845], [7.32022, 11.01283], [7.32097, 11.00648], [7.32448, 10.99873], [7.29903, 10.97603], [7.2862, 10.9758], [7.27205, 10.98093], [7.27277, 10.98402], [7.27854, 10.98928], [7.2753, 11.00776], [7.27532, 11.00782], [7.27605, 11.00962], [7.27445, 11.01257], [7.26218, 11.02013], [7.26059, 11.02135], [7.25992, 11.02269], [7.26042, 11.0233], [7.2636, 11.03497], [7.26975, 11.05127], [7.27381, 11.05086], [7.2756, 11.05175], [7.2822, 11.0539], [7.28871, 11.05987], [7.2872, 11.07054], [7.28535, 11.07262], [7.28404, 11.07446], [7.28159, 11.07599], [7.2787, 11.07548], [7.27535, 11.07707], [7.27305, 11.08141], [7.26567, 11.08547], [7.26566, 11.08547], [7.26117, 11.08485], [7.26116, 11.08484], [7.26385, 11.09834], [7.264, 11.10121], [7.25812, 11.10998], [7.26002, 11.11528], [7.26302, 11.11913], [7.27165, 11.12142], [7.26995, 11.12289], [7.26783, 11.12811], [7.26732, 11.13202], [7.27515, 11.13716], [7.2856, 11.14495], [7.28698, 11.14869], [7.28885, 11.15047], [7.29375, 11.15704], [7.30186, 11.16344], [7.31067, 11.16112], [7.31368, 11.16162], [7.31411, 11.16178], [7.32372, 11.14761], [7.32284, 11.14342], [7.32695, 11.1338], [7.32857, 11.13207], [7.33176, 11.12889], [7.3449, 11.12979], [7.36027, 11.12623], [7.36571, 11.11957]]]}, "properties": {"name": "Galadimawa", "lga": "Giwa", "state": "kd"}}, {"type": "Feature", "geometry": {"type": "Polygon", "coordinates": [[[6.83986, 11.31886], [6.9719, 11.25474], [6.9689, 11.24979], [6.96773, 11.24517], [6.97009, 11.24288], [6.9757, 11.23904], [6.98395, 11.23432], [6.99907, 11.22676], [7.0139, 11.21711], [7.02545, 11.20956], [6.97079, 11.15893], [6.90368, 11.10335], [6.89827, 11.10906], [6.88498, 11.11783], [6.78662, 11.15815], [6.76794, 11.16436], [6.75439, 11.16687], [6.7421, 11.16921], [6.74077, 11.16925], [6.73962, 11.16823], [6.7382, 11.1651], [6.73701, 11.1652], [6.73558, 11.16552], [6.73435, 11.16492], [6.68605, 11.17943], [6.68908, 11.20362], [6.69279, 11.21632], [6.69764, 11.22803], [6.70335, 11.23902], [6.71121, 11.24916], [6.73048, 11.25815], [6.7537, 11.26223], [6.75555, 11.26302], [6.7584, 11.26344], [6.75954, 11.26405], [6.76016, 11.26661], [6.76064, 11.26708], [6.7643, 11.26726], [6.76677, 11.27216], [6.76654, 11.29691], [6.76789, 11.30821], [6.77064, 11.32012], [6.774, 11.3224], [6.77726, 11.32223], [6.78713, 11.31983], [6.81533, 11.30813], [6.81955, 11.30841], [6.82078, 11.30992], [6.82105, 11.31045], [6.8225, 11.31065], [6.82387, 11.31016], [6.82461, 11.30966], [6.82515, 11.30803], [6.82758, 11.30756], [6.8284, 11.3075], [6.82949, 11.30718], [6.83568, 11.31002], [6.83644, 11.31091], [6.83684, 11.31347], [6.8362, 11.31613], [6.83697, 11.31697], [6.83894, 11.31811], [6.83986, 11.31886]]]}, "properties": {"name": "Kuyello", "lga": "Birnin Gwari", "state": "kd"}}, {"type": "Feature", "geometry": {"type": "Polygon", "coordinates": [[[7.41397, 11.26713], [7.4107, 11.27379], [7.40995, 11.27497], [7.4089, 11.27887], [7.40843, 11.28249], [7.40931, 11.28271], [7.4149, 11.28515], [7.40949, 11.29663], [7.4109, 11.29704], [7.41189, 11.29913], [7.41085, 11.30146], [7.41235, 11.30385], [7.41377, 11.30724], [7.40991, 11.30616], [7.39844, 11.31868], [7.39582, 11.32385], [7.39624, 11.32744], [7.39939, 11.328], [7.40058, 11.32863], [7.40626, 11.33151], [7.40937, 11.33586], [7.41234, 11.33774], [7.41821, 11.33919], [7.42252, 11.33852], [7.4251, 11.33867], [7.43053, 11.33921], [7.42966, 11.34272], [7.42642, 11.34753], [7.43068, 11.35319], [7.43275, 11.35393], [7.43638, 11.35592], [7.44366, 11.35619], [7.44517, 11.35434], [7.44983, 11.35304], [7.45632, 11.35059], [7.46062, 11.34922], [7.4595, 11.34043], [7.45561, 11.33962], [7.45342, 11.32474], [7.45395, 11.32188], [7.45922, 11.32332], [7.46141, 11.32227], [7.46104, 11.31897], [7.46166, 11.30861], [7.46141, 11.30565], [7.46389, 11.3067], [7.46245, 11.3002], [7.46389, 11.29434], [7.46274, 11.2904], [7.46308, 11.28464], [7.4635, 11.27888], [7.46695, 11.28241], [7.46783, 11.2853], [7.47028, 11.2884], [7.47449, 11.29093], [7.47734, 11.29119], [7.48158, 11.29011], [7.48807, 11.28767], [7.4943, 11.2901], [7.5035, 11.29488], [7.50556, 11.24794], [7.50311, 11.24698], [7.49894, 11.2439], [7.49455, 11.24217], [7.49307, 11.23993], [7.49187, 11.23791], [7.4898, 11.23444], [7.48243, 11.24181], [7.48296, 11.2458], [7.48023, 11.25031], [7.47482, 11.25197], [7.47214, 11.25108], [7.47077, 11.25189], [7.46676, 11.24909], [7.46375, 11.24894], [7.46286, 11.25043], [7.46106, 11.25036], [7.46225, 11.25353], [7.46071, 11.2546], [7.46133, 11.25627], [7.45704, 11.26145], [7.44867, 11.26174], [7.43758, 11.26581], [7.43411, 11.26307], [7.43204, 11.2616], [7.42627, 11.26091], [7.41397, 11.26713]]]}, "properties": {"name": "Giwa", "lga": "Giwa", "state": "kd"}}, {"type": "Feature", "geometry": {"type": "Polygon", "coordinates": [[[8.18486, 9.77103], [8.18309, 9.77388], [8.18009, 9.78574], [8.1785, 9.79367], [8.17829, 9.79567], [8.18718, 9.8039], [8.19702, 9.80831], [8.19739, 9.80837], [8.2013, 9.80811], [8.20382, 9.82796], [8.20998, 9.82834], [8.21843, 9.82442], [8.223, 9.81969], [8.22726, 9.81901], [8.23851, 9.82365], [8.23937, 9.8343], [8.24611, 9.84577], [8.27524, 9.82765], [8.27547, 9.82811], [8.27955, 9.83406], [8.30549, 9.83336], [8.31182, 9.82857], [8.3183, 9.82649], [8.32092, 9.82278], [8.32299, 9.82226], [8.32676, 9.82297], [8.34273, 9.81283], [8.34787, 9.80476], [8.34122, 9.783], [8.3437, 9.78096], [8.35098, 9.78081], [8.36318, 9.76792], [8.36441, 9.76714], [8.36515, 9.76615], [8.36227, 9.75096], [8.35938, 9.74666], [8.35555, 9.74824], [8.347, 9.74821], [8.33916, 9.7416], [8.33831, 9.74166], [8.33539, 9.74276], [8.32963, 9.75225], [8.32473, 9.751], [8.32125, 9.75131], [8.31209, 9.74682], [8.31199, 9.74636], [8.30814, 9.73779], [8.29326, 9.73504], [8.29078, 9.7314], [8.26656, 9.72425], [8.23795, 9.72364], [8.22853, 9.72046], [8.22827, 9.74926], [8.22872, 9.75315], [8.22594, 9.75821], [8.22555, 9.75847], [8.21248, 9.76899], [8.20479, 9.77252], [8.20448, 9.77235], [8.19979, 9.77009], [8.18486, 9.77103]]]}, "properties": {"name": "Zonkwa", "lga": "Zangon Kataf", "state": "kd"}}, {"type": "Feature", "geometry": {"type": "Polygon", "coordinates": [[[8.57683, 10.93607], [8.57358, 10.92897], [8.57149, 10.92191], [8.57049, 10.91722], [8.56849, 10.90747], [8.54213, 10.90762], [8.55581, 10.94667], [8.55714, 10.95265], [8.55391, 10.95395], [8.53191, 10.9426], [8.52032, 10.93923], [8.51985, 10.93634], [8.50719, 10.93397], [8.4971, 10.93362], [8.48241, 10.93314], [8.47559, 10.93187], [8.46532, 10.93515], [8.45147, 10.93648], [8.44214, 10.93538], [8.43199, 10.93145], [8.42423, 10.93804], [8.41839, 10.94237], [8.40841, 10.94401], [8.40765, 10.94527], [8.40787, 10.94689], [8.41119, 10.96189], [8.41407, 10.97129], [8.41188, 10.97737], [8.41192, 10.97741], [8.42716, 10.99064], [8.4269, 10.99353], [8.42664, 11.00414], [8.42485, 11.00552], [8.42334, 11.0068], [8.41684, 11.02188], [8.4172, 11.02349], [8.41251, 11.0372], [8.42062, 11.04606], [8.42271, 11.04886], [8.42986, 11.05362], [8.43338, 11.05614], [8.43338, 11.05743], [8.44056, 11.07874], [8.45053, 11.07733], [8.47283, 11.06628], [8.4737, 11.0661], [8.47763, 11.06755], [8.47814, 11.06792], [8.48543, 11.07126], [8.48897, 11.07584], [8.49148, 11.08096], [8.49711, 11.09205], [8.50054, 11.0997], [8.50488, 11.11403], [8.51327, 11.12216], [8.51963, 11.11491], [8.53395, 11.10733], [8.54166, 11.1046], [8.54648, 11.10249], [8.55542, 11.10107], [8.55924, 11.09977], [8.58963, 11.08488], [8.58995, 11.08213], [8.59464, 11.08252], [8.59547, 11.08187], [8.60155, 11.0769], [8.60731, 11.07124], [8.60987, 11.04033], [8.61105, 11.03188], [8.61476, 11.01774], [8.60991, 11.01396], [8.60751, 11.01142], [8.599, 11.00206], [8.59816, 10.99271], [8.59711, 10.98918], [8.59491, 10.98561], [8.59391, 10.98092], [8.59182, 10.97386], [8.58853, 10.96792], [8.58657, 10.95737], [8.58336, 10.94911], [8.58128, 10.94205], [8.57683, 10.93607]]]}, "properties": {"name": "Haskiya", "lga": "Kubau", "state": "kd"}}, {"type": "Feature", "geometry": {"type": "Polygon", "coordinates": [[[7.49477, 11.15131], [7.49279, 11.14759], [7.49193, 11.14408], [7.48928, 11.13417], [7.48373, 11.12625], [7.46867, 11.13299], [7.45702, 11.12972], [7.44177, 11.12145], [7.43419, 11.14086], [7.42445, 11.1389], [7.42276, 11.15369], [7.41751, 11.18191], [7.41744, 11.18208], [7.42501, 11.19358], [7.43268, 11.19856], [7.43405, 11.20195], [7.43229, 11.2124], [7.42543, 11.21778], [7.41848, 11.21788], [7.41235, 11.21577], [7.40977, 11.21474], [7.40652, 11.21355], [7.40018, 11.20698], [7.3958, 11.20405], [7.39204, 11.20759], [7.38603, 11.2196], [7.38127, 11.22256], [7.37352, 11.2227], [7.3708, 11.22641], [7.36607, 11.22717], [7.36311, 11.23675], [7.36988, 11.24026], [7.3703, 11.24247], [7.37086, 11.24301], [7.37349, 11.24909], [7.37869, 11.2508], [7.38197, 11.24938], [7.38991, 11.25418], [7.39111, 11.25623], [7.3932, 11.2563], [7.39879, 11.256], [7.4027, 11.26311], [7.41397, 11.26713], [7.42627, 11.26091], [7.43204, 11.2616], [7.43411, 11.26307], [7.43758, 11.26581], [7.44867, 11.26174], [7.45704, 11.26145], [7.46133, 11.25627], [7.46071, 11.2546], [7.46225, 11.25353], [7.46106, 11.25036], [7.46286, 11.25043], [7.46375, 11.24894], [7.46676, 11.24909], [7.47077, 11.25189], [7.47214, 11.25108], [7.47482, 11.25197], [7.48023, 11.25031], [7.48296, 11.2458], [7.48243, 11.24181], [7.4898, 11.23444], [7.49683, 11.23025], [7.50094, 11.22885], [7.50236, 11.22331], [7.50328, 11.21939], [7.50978, 11.20882], [7.50853, 11.20608], [7.50721, 11.20406], [7.50864, 11.20104], [7.50047, 11.19975], [7.50724, 11.18186], [7.50049, 11.17897], [7.49421, 11.17328], [7.48577, 11.1682], [7.49176, 11.15679], [7.49477, 11.15131]]]}, "properties": {"name": "Kakangi", "lga": "Giwa", "state": "kd"}}, {"type": "Feature", "geometry": {"type": "Polygon", "coordinates": [[[7.62144, 10.91521], [7.62004, 10.91668], [7.61855, 10.91729], [7.617, 10.91792], [7.60484, 10.91386], [7.6025, 10.90795], [7.59159, 10.89869], [7.58785, 10.89324], [7.58338, 10.89636], [7.58213, 10.89828], [7.57295, 10.90204], [7.56595, 10.90055], [7.56565, 10.90095], [7.5595, 10.90752], [7.55385, 10.91881], [7.55175, 10.92105], [7.55023, 10.9232], [7.54214, 10.92193], [7.53564, 10.91825], [7.52747, 10.90949], [7.51909, 10.91357], [7.51167, 10.91913], [7.5059, 10.92246], [7.48994, 10.9208], [7.48309, 10.90993], [7.46786, 10.91475], [7.45758, 10.92311], [7.44679, 10.93095], [7.43637, 10.92419], [7.40325, 10.90394], [7.39579, 10.90298], [7.39395, 10.90284], [7.39048, 10.90752], [7.37172, 10.92112], [7.35621, 10.92295], [7.33744, 10.93062], [7.30971, 10.94196], [7.3155, 10.96225], [7.32545, 10.97752], [7.33237, 10.98816], [7.3391, 10.99236], [7.34324, 11.0002], [7.35322, 11.01097], [7.3669, 11.00552], [7.3766, 11.01392], [7.40857, 11.00029], [7.42598, 11.01461], [7.43009, 11.00059], [7.43234, 10.99021], [7.43912, 10.98134], [7.45174, 10.97203], [7.46227, 10.96874], [7.47369, 10.9654], [7.47928, 10.96433], [7.48337, 10.96354], [7.49198, 10.96293], [7.50613, 10.96528], [7.50712, 10.96571], [7.51679, 10.96998], [7.52311, 10.9706], [7.53514, 10.97884], [7.54465, 10.985], [7.55083, 10.9892], [7.56851, 10.99552], [7.57184, 11.00271], [7.57597, 11.00397], [7.5821, 11.00593], [7.5895, 11.0065], [7.59689, 11.00667], [7.60243, 11.00506], [7.6066, 10.99969], [7.61215, 11.00043], [7.61958, 10.99839], [7.62552, 10.99664], [7.63057, 10.99095], [7.63057, 10.97685], [7.63287, 10.97278], [7.63412, 10.97056], [7.62002, 10.94732], [7.61736, 10.94004], [7.61564, 10.93575], [7.61473, 10.93035], [7.62064, 10.92275], [7.6215, 10.92058], [7.62144, 10.91521]]]}, "properties": {"name": "Kerawa", "lga": "Igabi", "state": "kd"}}, {"type": "Feature", "geometry": {"type": "Polygon", "coordinates": [[[6.95267, 10.89429], [6.91177, 10.98854], [6.92066, 11.0638], [6.92323, 11.06513], [6.92686, 11.06554], [6.92948, 11.06286], [6.93139, 11.06163], [6.93448, 11.06145], [6.93936, 11.06034], [6.9662, 11.08131], [6.98772, 11.10363], [7.00451, 11.11076], [7.01127, 11.11519], [7.01792, 11.12121], [7.0223, 11.12798], [7.03157, 11.13609], [7.03358, 11.13105], [7.03596, 11.12503], [7.04147, 11.11937], [7.06052, 11.09318], [7.0644, 11.08384], [7.06129, 11.04533], [7.06388, 11.02609], [7.07377, 11.01413], [7.07912, 11.01369], [7.09056, 11.01034], [7.10125, 11.00028], [7.10972, 10.99999], [7.11539, 10.99963], [7.13052, 10.98555], [7.13308, 10.97787], [7.13272, 10.97682], [7.1298, 10.9745], [7.12913, 10.97016], [7.1312, 10.96355], [7.13389, 10.95684], [7.13602, 10.95205], [7.13126, 10.94154], [7.12935, 10.93124], [7.1238, 10.92359], [7.11371, 10.90397], [7.0966, 10.886], [7.07235, 10.91261], [7.06713, 10.93011], [7.04977, 10.93104], [7.04146, 10.93944], [6.99749, 10.93384], [6.99749, 10.92754], [6.9856, 10.91261], [6.97586, 10.91284], [6.96564, 10.90024], [6.95267, 10.89429]]]}, "properties": {"name": "Damari", "lga": "Birnin Gwari", "state": "kd"}}, {"type": "Feature", "geometry": {"type": "MultiPolygon", "coordinates": [[[[7.64565, 11.13076], [7.64943, 11.14001], [7.64627, 11.14169], [7.64573, 11.15343], [7.64559, 11.15434], [7.64516, 11.15629], [7.64649, 11.15827], [7.64885, 11.15737], [7.64967, 11.15834], [7.65013, 11.15889], [7.66122, 11.15391], [7.66217, 11.15289], [7.66369, 11.15123], [7.68033, 11.14133], [7.67778, 11.13756], [7.68144, 11.1352], [7.67989, 11.12995], [7.67808, 11.12581], [7.67734, 11.1237], [7.67622, 11.12316], [7.67573, 11.12452], [7.67537, 11.12555], [7.67447, 11.12687], [7.67181, 11.12653], [7.66685, 11.12314], [7.6619, 11.12038], [7.65843, 11.12222], [7.65454, 11.12539], [7.65125, 11.12828], [7.64565, 11.13076]]], [[[7.6762, 11.16175], [7.67188, 11.15847], [7.67058, 11.15771], [7.66725, 11.15479], [7.65928, 11.15872], [7.66101, 11.16037], [7.67098, 11.16348], [7.6762, 11.16175]]]]}, "properties": {"name": "Jama A", "lga": "Sabon Gari", "state": "kd"}}, {"type": "Feature", "geometry": {"type": "Polygon", "coordinates": [[[8.48123, 10.71586], [8.44689, 10.73213], [8.44651, 10.73962], [8.44669, 10.75645], [8.44486, 10.76053], [8.43508, 10.76913], [8.43375, 10.77512], [8.42895, 10.77945], [8.41731, 10.78053], [8.41391, 10.78604], [8.41371, 10.79143], [8.40283, 10.80709], [8.40116, 10.80876], [8.3983, 10.81366], [8.3855, 10.8215], [8.38294, 10.82119], [8.37024, 10.82621], [8.36999, 10.82633], [8.36048, 10.83881], [8.35758, 10.85294], [8.34631, 10.86478], [8.34376, 10.87066], [8.34108, 10.87485], [8.34624, 10.88579], [8.34983, 10.89315], [8.35624, 10.90979], [8.35572, 10.91317], [8.35914, 10.92454], [8.36447, 10.92868], [8.36924, 10.93115], [8.37703, 10.93277], [8.3774, 10.93221], [8.38845, 10.93029], [8.40458, 10.92954], [8.40581, 10.92082], [8.40876, 10.91965], [8.42153, 10.9252], [8.43199, 10.93145], [8.44214, 10.93538], [8.45147, 10.93648], [8.46532, 10.93515], [8.47559, 10.93187], [8.48241, 10.93314], [8.4971, 10.93362], [8.50719, 10.93397], [8.51985, 10.93634], [8.52032, 10.93923], [8.53191, 10.9426], [8.55391, 10.95395], [8.55714, 10.95265], [8.55581, 10.94667], [8.54213, 10.90762], [8.56849, 10.90747], [8.578, 10.90741], [8.58077, 10.90169], [8.58077, 10.8979], [8.58374, 10.88798], [8.58504, 10.86149], [8.58148, 10.85892], [8.5739, 10.84208], [8.57319, 10.83963], [8.575, 10.82713], [8.57249, 10.82764], [8.57047, 10.82809], [8.57, 10.82821], [8.56697, 10.82718], [8.56753, 10.82094], [8.56809, 10.81998], [8.56835, 10.81908], [8.56915, 10.81737], [8.56305, 10.81645], [8.56253, 10.79645], [8.55867, 10.78916], [8.55926, 10.78463], [8.56284, 10.77831], [8.56648, 10.77615], [8.57295, 10.77365], [8.57164, 10.74827], [8.53938, 10.73344], [8.5206, 10.7314], [8.50143, 10.72578], [8.48755, 10.71962], [8.48123, 10.71586]]]}, "properties": {"name": "Damau", "lga": "Kubau", "state": "kd"}}, {"type": "Feature", "geometry": {"type": "Polygon", "coordinates": [[[7.86601, 11.34908], [7.86573, 11.33558], [7.86662, 11.33463], [7.86711, 11.33276], [7.87429, 11.33072], [7.87814, 11.33342], [7.87493, 11.33532], [7.87483, 11.33538], [7.87962, 11.33544], [7.88985, 11.3534], [7.89125, 11.35235], [7.89435, 11.35531], [7.90583, 11.34563], [7.91301, 11.34296], [7.90723, 11.33551], [7.90695, 11.32783], [7.90814, 11.32834], [7.9089, 11.32876], [7.90982, 11.32951], [7.91027, 11.32816], [7.91088, 11.32686], [7.91066, 11.32509], [7.91249, 11.32507], [7.91371, 11.32496], [7.91548, 11.3251], [7.9186, 11.31684], [7.8946, 11.28806], [7.89242, 11.29045], [7.89176, 11.29051], [7.89114, 11.29124], [7.88955, 11.2913], [7.88258, 11.29008], [7.88073, 11.28772], [7.8775, 11.28695], [7.87656, 11.28695], [7.87483, 11.2956], [7.87125, 11.29853], [7.86721, 11.29706], [7.8642, 11.30464], [7.85816, 11.31128], [7.85723, 11.31738], [7.85424, 11.32062], [7.85313, 11.32121], [7.84377, 11.31623], [7.83688, 11.32781], [7.83224, 11.33292], [7.82884, 11.34117], [7.82468, 11.34032], [7.81891, 11.34788], [7.81701, 11.35574], [7.81679, 11.35567], [7.81637, 11.3553], [7.81538, 11.3548], [7.81552, 11.35545], [7.81567, 11.3564], [7.81566, 11.35704], [7.81184, 11.36013], [7.80917, 11.36524], [7.80609, 11.36389], [7.80486, 11.36958], [7.80616, 11.3775], [7.81126, 11.37918], [7.81174, 11.37901], [7.81204, 11.37892], [7.8135, 11.37847], [7.81949, 11.37224], [7.82136, 11.37349], [7.8268, 11.3696], [7.83286, 11.37189], [7.83594, 11.37738], [7.85434, 11.37812], [7.85549, 11.37307], [7.85613, 11.3731], [7.85711, 11.37321], [7.85734, 11.37217], [7.85647, 11.37209], [7.85839, 11.36855], [7.85562, 11.36619], [7.85536, 11.35973], [7.86073, 11.35804], [7.8633, 11.36375], [7.86946, 11.36337], [7.86364, 11.35041], [7.86601, 11.34908]]]}, "properties": {"name": "Danguziri", "lga": "Makarfi", "state": "kd"}}, {"type": "Feature", "geometry": {"type": "Polygon", "coordinates": [[[8.3118, 9.61237], [8.3092, 9.61197], [8.30354, 9.6081], [8.29891, 9.60967], [8.29817, 9.61244], [8.29227, 9.62234], [8.29403, 9.63642], [8.29284, 9.64627], [8.29039, 9.65064], [8.27407, 9.63172], [8.26885, 9.63036], [8.27682, 9.64852], [8.25752, 9.64674], [8.2549, 9.65341], [8.25381, 9.65507], [8.25516, 9.66295], [8.25306, 9.6683], [8.25262, 9.67148], [8.252, 9.67215], [8.24348, 9.67501], [8.21754, 9.69138], [8.21703, 9.69655], [8.22006, 9.70167], [8.22133, 9.70484], [8.22236, 9.71528], [8.22853, 9.72046], [8.23795, 9.72364], [8.26656, 9.72425], [8.29078, 9.7314], [8.29326, 9.73504], [8.30814, 9.73779], [8.31199, 9.74636], [8.31209, 9.74682], [8.32125, 9.75131], [8.32473, 9.751], [8.32963, 9.75225], [8.33539, 9.74276], [8.33831, 9.74166], [8.33916, 9.7416], [8.347, 9.74821], [8.35555, 9.74824], [8.35938, 9.74666], [8.36648, 9.73259], [8.37181, 9.73225], [8.37529, 9.73], [8.37869, 9.72653], [8.36506, 9.70778], [8.35886, 9.70629], [8.35203, 9.70697], [8.35775, 9.69908], [8.35794, 9.69883], [8.35984, 9.69189], [8.36802, 9.67923], [8.36746, 9.67887], [8.3644, 9.67791], [8.35841, 9.66539], [8.35442, 9.66528], [8.349, 9.66091], [8.34265, 9.66091], [8.34186, 9.65857], [8.35055, 9.65101], [8.34797, 9.64859], [8.33888, 9.65467], [8.33096, 9.65081], [8.32988, 9.64897], [8.32817, 9.64483], [8.33596, 9.6396], [8.33627, 9.63911], [8.3385, 9.62524], [8.33642, 9.62397], [8.32824, 9.62257], [8.31754, 9.62838], [8.31485, 9.61686], [8.31298, 9.61342], [8.3118, 9.61237]]]}, "properties": {"name": "Madakiya", "lga": "Zangon Kataf", "state": "kd"}}, {"type": "Feature", "geometry": {"type": "Polygon", "coordinates": [[[6.92066, 11.0638], [6.91788, 11.08209], [6.90807, 11.09871], [6.90368, 11.10335], [6.97079, 11.15893], [7.02545, 11.20956], [7.03046, 11.20804], [7.03672, 11.20575], [7.04025, 11.20484], [7.04337, 11.20521], [7.04338, 11.20521], [7.0469, 11.20484], [7.05842, 11.20026], [7.06136, 11.20775], [7.06896, 11.20329], [7.07374, 11.19889], [7.07666, 11.19531], [7.08456, 11.18102], [7.08989, 11.17485], [7.09575, 11.16952], [7.10142, 11.16646], [7.10926, 11.16249], [7.11868, 11.15609], [7.12131, 11.14929], [7.12335, 11.14504], [7.12929, 11.13816], [7.13381, 11.13537], [7.14427, 11.13012], [7.09674, 11.12609], [7.07956, 11.11189], [7.06052, 11.09318], [7.04147, 11.11937], [7.03596, 11.12503], [7.03358, 11.13105], [7.03157, 11.13609], [7.0223, 11.12798], [7.01792, 11.12121], [7.01127, 11.11519], [7.00451, 11.11076], [6.98772, 11.10363], [6.9662, 11.08131], [6.93936, 11.06034], [6.93448, 11.06145], [6.93139, 11.06163], [6.92948, 11.06286], [6.92686, 11.06554], [6.92323, 11.06513], [6.92066, 11.0638]]]}, "properties": {"name": "Kutemeshi", "lga": "Birnin Gwari", "state": "kd"}}, {"type": "Feature", "geometry": {"type": "Polygon", "coordinates": [[[6.9719, 11.25474], [6.83986, 11.31886], [6.83532, 11.32883], [6.83336, 11.33739], [6.83229, 11.34727], [6.83288, 11.35197], [6.83461, 11.35363], [6.83758, 11.35625], [6.84454, 11.36036], [6.87789, 11.3662], [6.88944, 11.38364], [6.89775, 11.3813], [6.89799, 11.38407], [6.91102, 11.38504], [6.91929, 11.38491], [6.92397, 11.38252], [6.92862, 11.37898], [6.93446, 11.37541], [6.94035, 11.37416], [6.94616, 11.36943], [6.94964, 11.3659], [6.95432, 11.36351], [6.959, 11.36112], [6.96131, 11.35876], [6.96838, 11.3575], [6.97547, 11.35738], [6.98143, 11.35962], [6.98854, 11.36068], [6.99563, 11.36057], [7.00267, 11.36177], [7.00619, 11.36179], [7.01363, 11.34923], [7.01342, 11.34601], [7.01225, 11.34643], [7.0099, 11.3474], [7.00819, 11.34075], [7.00962, 11.33091], [7.00872, 11.31462], [7.00757, 11.31099], [7.00773, 11.30865], [7.00875, 11.30444], [7.0087, 11.29384], [6.99699, 11.28109], [6.98411, 11.27063], [6.9719, 11.25474]]]}, "properties": {"name": "Tabanni", "lga": "Birnin Gwari", "state": "kd"}}, {"type": "Feature", "geometry": {"type": "Polygon", "coordinates": [[[7.2605, 11.27853], [7.26056, 11.2785], [7.2627, 11.27754], [7.26565, 11.27812], [7.26779, 11.27728], [7.2702, 11.27541], [7.27328, 11.27441], [7.28399, 11.27545], [7.28379, 11.27235], [7.28323, 11.26361], [7.28288, 11.26282], [7.27991, 11.25882], [7.27911, 11.25508], [7.27525, 11.25372], [7.27156, 11.25111], [7.27008, 11.24507], [7.27168, 11.23537], [7.26693, 11.23275], [7.2755, 11.23264], [7.27695, 11.23338], [7.27871, 11.23136], [7.28868, 11.22683], [7.29262, 11.22808], [7.29493, 11.22773], [7.29531, 11.2251], [7.29524, 11.22486], [7.29845, 11.2246], [7.30165, 11.22205], [7.30169, 11.22016], [7.3038, 11.21816], [7.30521, 11.21723], [7.30708, 11.21516], [7.31217, 11.21321], [7.31776, 11.21271], [7.31508, 11.20873], [7.31537, 11.20224], [7.31571, 11.19901], [7.31189, 11.19816], [7.30992, 11.19659], [7.31623, 11.194], [7.31677, 11.18825], [7.31232, 11.18568], [7.3063, 11.18818], [7.30074, 11.18242], [7.29794, 11.17138], [7.29785, 11.16967], [7.29855, 11.1671], [7.29963, 11.16811], [7.3003, 11.16945], [7.30474, 11.1747], [7.30496, 11.17203], [7.3058, 11.16927], [7.3062, 11.1687], [7.30878, 11.1688], [7.31033, 11.16948], [7.31147, 11.16937], [7.3159, 11.16243], [7.31411, 11.16178], [7.31368, 11.16162], [7.31067, 11.16112], [7.30186, 11.16344], [7.29375, 11.15704], [7.28885, 11.15047], [7.28698, 11.14869], [7.2856, 11.14495], [7.27515, 11.13716], [7.26732, 11.13202], [7.26783, 11.12811], [7.26995, 11.12289], [7.27165, 11.12142], [7.26302, 11.11913], [7.25569, 11.12146], [7.2474, 11.11889], [7.24861, 11.12209], [7.25033, 11.12476], [7.25172, 11.13324], [7.24539, 11.13528], [7.24476, 11.13531], [7.24455, 11.13898], [7.24197, 11.14146], [7.23923, 11.14118], [7.23109, 11.14575], [7.22243, 11.1461], [7.21723, 11.14235], [7.20678, 11.14217], [7.20971, 11.13104], [7.20914, 11.12821], [7.20089, 11.12681], [7.19788, 11.12846], [7.19624, 11.12786], [7.20151, 11.12149], [7.20371, 11.12097], [7.20725, 11.11414], [7.20509, 11.1091], [7.20123, 11.10506], [7.19992, 11.10067], [7.19874, 11.09892], [7.19835, 11.09817], [7.19117, 11.10015], [7.18484, 11.1036], [7.18217, 11.10342], [7.18008, 11.10258], [7.17653, 11.09976], [7.17637, 11.09849], [7.17573, 11.09581], [7.17785, 11.09283], [7.17762, 11.09161], [7.18009, 11.09191], [7.18169, 11.08883], [7.18342, 11.08724], [7.18328, 11.08204], [7.17495, 11.07416], [7.16771, 11.05767], [7.15183, 11.05316], [7.15262, 11.05745], [7.15309, 11.06795], [7.16281, 11.09207], [7.16155, 11.13087], [7.17303, 11.1349], [7.20028, 11.15173], [7.20102, 11.15339], [7.20007, 11.17316], [7.20647, 11.18557], [7.21971, 11.19419], [7.2185, 11.19985], [7.21622, 11.20006], [7.21137, 11.20244], [7.20873, 11.2079], [7.20657, 11.2155], [7.20274, 11.22216], [7.20058, 11.2285], [7.19975, 11.23457], [7.19975, 11.23876], [7.19903, 11.24342], [7.19652, 11.2494], [7.19533, 11.25224], [7.19479, 11.25756], [7.20996, 11.26111], [7.21513, 11.26997], [7.22212, 11.27612], [7.2274, 11.27863], [7.24392, 11.27398], [7.24956, 11.27294], [7.2523, 11.27289], [7.25271, 11.27288], [7.25705, 11.27515], [7.25846, 11.2765], [7.2605, 11.27853]]]}, "properties": {"name": "Idasu", "lga": "Giwa", "state": "kd"}}, {"type": "Feature", "geometry": {"type": "Polygon", "coordinates": [[[8.38105, 11.02282], [8.39974, 11.02118], [8.40095, 11.02394], [8.40129, 11.02614], [8.40191, 11.02852], [8.407, 11.03714], [8.41251, 11.0372], [8.4172, 11.02349], [8.41684, 11.02188], [8.42334, 11.0068], [8.42485, 11.00552], [8.42664, 11.00414], [8.4269, 10.99353], [8.42716, 10.99064], [8.41192, 10.97741], [8.41188, 10.97737], [8.41407, 10.97129], [8.41119, 10.96189], [8.40787, 10.94689], [8.40765, 10.94527], [8.40841, 10.94401], [8.41839, 10.94237], [8.42423, 10.93804], [8.43199, 10.93145], [8.42153, 10.9252], [8.40876, 10.91965], [8.40581, 10.92082], [8.40458, 10.92954], [8.38845, 10.93029], [8.3774, 10.93221], [8.37703, 10.93277], [8.36924, 10.93115], [8.36447, 10.92868], [8.35914, 10.92454], [8.35572, 10.91317], [8.35624, 10.90979], [8.34983, 10.89315], [8.34624, 10.88579], [8.34108, 10.87485], [8.34376, 10.87066], [8.34631, 10.86478], [8.35758, 10.85294], [8.36048, 10.83881], [8.34779, 10.83502], [8.33705, 10.83348], [8.33292, 10.83543], [8.32682, 10.8367], [8.3184, 10.84229], [8.31656, 10.84237], [8.3156, 10.84026], [8.31083, 10.81949], [8.31645, 10.80981], [8.31801, 10.80864], [8.31878, 10.80481], [8.31874, 10.80466], [8.29893, 10.79488], [8.28682, 10.79051], [8.28661, 10.79364], [8.28708, 10.80385], [8.28565, 10.80678], [8.28201, 10.80956], [8.27772, 10.82447], [8.26828, 10.82145], [8.26588, 10.82113], [8.2604, 10.81873], [8.25222, 10.81951], [8.24529, 10.8268], [8.24302, 10.83405], [8.24305, 10.83459], [8.2641, 10.85155], [8.2636, 10.85611], [8.26506, 10.86013], [8.25354, 10.87613], [8.25387, 10.87941], [8.25359, 10.88081], [8.25934, 10.89892], [8.26194, 10.90156], [8.26468, 10.90847], [8.28452, 10.90704], [8.29003, 10.90979], [8.29736, 10.9141], [8.30733, 10.92913], [8.30672, 10.93477], [8.31544, 10.94272], [8.31754, 10.94929], [8.31571, 10.97343], [8.32386, 10.97353], [8.32692, 10.97287], [8.33077, 10.97739], [8.33187, 10.97841], [8.34959, 10.97679], [8.3509, 10.97857], [8.349, 10.98602], [8.34907, 10.9861], [8.35665, 10.99355], [8.35659, 10.9948], [8.36668, 11.00184], [8.3717, 10.99781], [8.37182, 10.98801], [8.37365, 10.98305], [8.38301, 10.98141], [8.3835, 10.98137], [8.39702, 10.9859], [8.39691, 10.98908], [8.3949, 10.99131], [8.38876, 10.99766], [8.38354, 11.00088], [8.37662, 11.00247], [8.37748, 11.00732], [8.38236, 11.01924], [8.38105, 11.02282]]]}, "properties": {"name": "Anchau", "lga": "Kubau", "state": "kd"}}, {"type": "Feature", "geometry": {"type": "Polygon", "coordinates": [[[7.14427, 11.13012], [7.15211, 11.12884], [7.16155, 11.13087], [7.16281, 11.09207], [7.15309, 11.06795], [7.15262, 11.05745], [7.15183, 11.05316], [7.15024, 11.04439], [7.14418, 11.03781], [7.14358, 11.03716], [7.14192, 11.03179], [7.1443, 11.0157], [7.14644, 11.00356], [7.14382, 10.9961], [7.13458, 10.98217], [7.13308, 10.97787], [7.13052, 10.98555], [7.11539, 10.99963], [7.10972, 10.99999], [7.10125, 11.00028], [7.09056, 11.01034], [7.07912, 11.01369], [7.07377, 11.01413], [7.06388, 11.02609], [7.06129, 11.04533], [7.0644, 11.08384], [7.06052, 11.09318], [7.07956, 11.11189], [7.09674, 11.12609], [7.14427, 11.13012]]]}, "properties": {"name": "Dogondawa", "lga": "Birnin Gwari", "state": "kd"}}, {"type": "Feature", "geometry": {"type": "Polygon", "coordinates": [[[7.42598, 11.01461], [7.40857, 11.00029], [7.3766, 11.01392], [7.3669, 11.00552], [7.35322, 11.01097], [7.34324, 11.0002], [7.3391, 10.99236], [7.33237, 10.98816], [7.32545, 10.97752], [7.3155, 10.96225], [7.30971, 10.94196], [7.2764, 10.92917], [7.26702, 10.91901], [7.26188, 10.91816], [7.25802, 10.91603], [7.2429, 10.88821], [7.2255, 10.86656], [7.22345, 10.86546], [7.21738, 10.85445], [7.21565, 10.8521], [7.21017, 10.83819], [7.20812, 10.83476], [7.20804, 10.83185], [7.20764, 10.82577], [7.20658, 10.80967], [7.20799, 10.78905], [7.2056, 10.75034], [7.20559, 10.75033], [7.19512, 10.73703], [7.18818, 10.72618], [7.15593, 10.72041], [7.15004, 10.71908], [7.1292, 10.71437], [7.03006, 10.77803], [7.01853, 10.7856], [6.99601, 10.79613], [6.95267, 10.89429], [6.96564, 10.90024], [6.97586, 10.91284], [6.9856, 10.91261], [6.99749, 10.92754], [6.99749, 10.93384], [7.04146, 10.93944], [7.04977, 10.93104], [7.06713, 10.93011], [7.07235, 10.91261], [7.0966, 10.886], [7.11371, 10.90397], [7.1238, 10.92359], [7.12935, 10.93124], [7.13126, 10.94154], [7.13602, 10.95205], [7.13389, 10.95684], [7.1312, 10.96355], [7.12913, 10.97016], [7.1298, 10.9745], [7.13272, 10.97682], [7.13308, 10.97787], [7.13458, 10.98217], [7.14382, 10.9961], [7.14644, 11.00356], [7.1443, 11.0157], [7.14192, 11.03179], [7.14358, 11.03716], [7.14418, 11.03781], [7.15024, 11.04439], [7.15183, 11.05316], [7.16771, 11.05767], [7.17495, 11.07416], [7.18328, 11.08204], [7.18342, 11.08724], [7.18169, 11.08883], [7.18009, 11.09191], [7.17762, 11.09161], [7.17785, 11.09283], [7.17573, 11.09581], [7.17637, 11.09849], [7.17653, 11.09976], [7.18008, 11.10258], [7.18217, 11.10342], [7.18484, 11.1036], [7.19117, 11.10015], [7.19835, 11.09817], [7.19874, 11.09892], [7.19992, 11.10067], [7.20123, 11.10506], [7.20509, 11.1091], [7.20725, 11.11414], [7.20371, 11.12097], [7.20151, 11.12149], [7.19624, 11.12786], [7.19788, 11.12846], [7.20089, 11.12681], [7.20914, 11.12821], [7.20971, 11.13104], [7.20678, 11.14217], [7.21723, 11.14235], [7.22243, 11.1461], [7.23109, 11.14575], [7.23923, 11.14118], [7.24197, 11.14146], [7.24455, 11.13898], [7.24476, 11.13531], [7.24539, 11.13528], [7.25172, 11.13324], [7.25033, 11.12476], [7.24861, 11.12209], [7.2474, 11.11889], [7.25569, 11.12146], [7.26302, 11.11913], [7.26002, 11.11528], [7.25812, 11.10998], [7.264, 11.10121], [7.26385, 11.09834], [7.26116, 11.08484], [7.26117, 11.08485], [7.26566, 11.08547], [7.26567, 11.08547], [7.27305, 11.08141], [7.27535, 11.07707], [7.2787, 11.07548], [7.28159, 11.07599], [7.28404, 11.07446], [7.28535, 11.07262], [7.2872, 11.07054], [7.28871, 11.05987], [7.2822, 11.0539], [7.2756, 11.05175], [7.27381, 11.05086], [7.26975, 11.05127], [7.2636, 11.03497], [7.26042, 11.0233], [7.25992, 11.02269], [7.26059, 11.02135], [7.26218, 11.02013], [7.27445, 11.01257], [7.27605, 11.00962], [7.27532, 11.00782], [7.2753, 11.00776], [7.27854, 10.98928], [7.27277, 10.98402], [7.27205, 10.98093], [7.2862, 10.9758], [7.29903, 10.97603], [7.32448, 10.99873], [7.32097, 11.00648], [7.32022, 11.01283], [7.32429, 11.01845], [7.3279, 11.02835], [7.33197, 11.03235], [7.33595, 11.04788], [7.33983, 11.04903], [7.34018, 11.05354], [7.34224, 11.05713], [7.34523, 11.06064], [7.34784, 11.06019], [7.35148, 11.05788], [7.35779, 11.0603], [7.3676, 11.07728], [7.36896, 11.08348], [7.36956, 11.09028], [7.3701, 11.09996], [7.36707, 11.1135], [7.36571, 11.11957], [7.38523, 11.11987], [7.39942, 11.12106], [7.42784, 11.12336], [7.44177, 11.12145], [7.44514, 11.11246], [7.44371, 11.10877], [7.44975, 11.09138], [7.44915, 11.09036], [7.44904, 11.07969], [7.43743, 11.05928], [7.43763, 11.05541], [7.42497, 11.04246], [7.42441, 11.0377], [7.43373, 11.03227], [7.43433, 11.03082], [7.43295, 11.01805], [7.42933, 11.01725], [7.42914, 11.01721], [7.42599, 11.01462], [7.42598, 11.01461]]]}, "properties": {"name": "Kidandan", "lga": "Giwa", "state": "kd"}}, {"type": "Feature", "geometry": {"type": "Polygon", "coordinates": [[[7.51055, 10.19468], [7.51656, 10.23122], [7.5382, 10.27502], [7.54722, 10.27961], [7.55102, 10.28182], [7.55492, 10.28446], [7.55786, 10.28991], [7.56253, 10.2894], [7.56542, 10.28709], [7.57443, 10.28391], [7.57661, 10.28369], [7.57703, 10.28334], [7.57725, 10.28233], [7.57783, 10.28135], [7.59324, 10.28123], [7.59973, 10.27961], [7.60374, 10.27698], [7.6051, 10.28191], [7.60944, 10.28469], [7.61375, 10.28753], [7.61617, 10.29178], [7.61859, 10.29587], [7.64468, 10.28996], [7.65493, 10.28472], [7.66176, 10.2774], [7.66956, 10.27148], [7.66447, 10.25605], [7.66374, 10.25309], [7.66928, 10.24988], [7.67582, 10.24348], [7.68135, 10.22242], [7.68297, 10.2222], [7.69453, 10.22732], [7.70901, 10.21521], [7.7095, 10.21205], [7.71666, 10.20675], [7.72681, 10.20687], [7.73165, 10.18959], [7.73213, 10.1856], [7.74095, 10.17533], [7.7303, 10.16898], [7.71338, 10.16954], [7.67564, 10.15095], [7.65819, 10.12815], [7.64899, 10.11849], [7.63365, 10.10238], [7.6269, 10.09562], [7.61869, 10.09497], [7.61668, 10.09481], [7.59834, 10.10021], [7.56225, 10.16178], [7.55601, 10.17241], [7.54315, 10.18221], [7.52299, 10.19047], [7.51055, 10.19468]]]}, "properties": {"name": "Tantattu", "lga": "Kajuru", "state": "kd"}}, {"type": "Feature", "geometry": {"type": "MultiPolygon", "coordinates": [[[[7.70267, 11.14363], [7.70103, 11.14628], [7.70054, 11.15065], [7.70698, 11.15407], [7.70847, 11.15235], [7.71067, 11.15257], [7.71375, 11.15173], [7.71507, 11.15063], [7.71697, 11.14872], [7.71963, 11.14724], [7.72731, 11.15069], [7.72821, 11.14664], [7.72945, 11.14492], [7.73077, 11.13145], [7.73167, 11.13096], [7.73221, 11.13074], [7.73157, 11.12969], [7.7307, 11.12823], [7.73038, 11.12762], [7.72286, 11.1307], [7.71186, 11.12804], [7.71067, 11.12655], [7.71035, 11.1268], [7.70922, 11.1275], [7.7103, 11.12893], [7.71132, 11.13017], [7.71833, 11.13524], [7.71621, 11.14455], [7.70661, 11.14291], [7.70267, 11.14363]]], [[[7.77418, 11.19136], [7.77413, 11.19123], [7.7729, 11.1878], [7.77033, 11.18008], [7.77008, 11.17998], [7.76774, 11.17638], [7.76091, 11.17739], [7.74892, 11.18093], [7.73853, 11.18019], [7.72859, 11.17779], [7.72582, 11.17722], [7.72483, 11.17557], [7.71972, 11.17506], [7.71581, 11.17517], [7.71156, 11.17689], [7.69453, 11.17691], [7.69519, 11.18097], [7.69684, 11.18473], [7.6963, 11.18922], [7.69755, 11.19283], [7.69855, 11.19462], [7.70653, 11.1944], [7.70655, 11.19516], [7.70668, 11.19549], [7.70601, 11.20052], [7.71664, 11.20238], [7.72055, 11.19841], [7.72558, 11.19899], [7.72532, 11.20063], [7.72409, 11.20074], [7.72454, 11.20203], [7.72435, 11.20198], [7.72403, 11.20147], [7.72371, 11.20148], [7.72139, 11.2051], [7.72227, 11.20793], [7.7208, 11.20747], [7.71994, 11.21001], [7.72165, 11.21069], [7.71989, 11.21171], [7.72097, 11.21272], [7.719, 11.21437], [7.72099, 11.21437], [7.7223, 11.21769], [7.7234, 11.217], [7.72376, 11.22004], [7.72277, 11.22011], [7.72299, 11.22182], [7.71956, 11.22257], [7.72093, 11.2269], [7.71954, 11.22616], [7.71818, 11.22751], [7.71866, 11.2287], [7.71707, 11.22777], [7.71901, 11.23173], [7.7201, 11.23185], [7.71655, 11.23404], [7.71773, 11.23463], [7.71754, 11.23607], [7.71424, 11.2364], [7.72533, 11.24622], [7.72681, 11.24256], [7.72757, 11.24282], [7.72816, 11.24303], [7.72891, 11.24362], [7.73018, 11.23959], [7.73148, 11.23916], [7.7331, 11.24051], [7.73312, 11.24377], [7.73717, 11.24597], [7.73843, 11.24482], [7.74096, 11.24602], [7.74109, 11.24595], [7.74135, 11.24546], [7.74159, 11.24467], [7.74606, 11.24478], [7.74796, 11.24145], [7.74809, 11.23669], [7.7503, 11.23034], [7.76255, 11.22951], [7.76063, 11.22681], [7.75452, 11.22378], [7.75662, 11.21954], [7.75479, 11.21835], [7.75269, 11.21258], [7.75311, 11.20605], [7.75619, 11.19868], [7.77418, 11.19136]]]]}, "properties": {"name": "Dogarawa", "lga": "Sabon Gari", "state": "kd"}}, {"type": "Feature", "geometry": {"type": "Polygon", "coordinates": [[[7.77033, 11.18008], [7.7749, 11.1792], [7.77606, 11.179], [7.77722, 11.17877], [7.77833, 11.17823], [7.77832, 11.17798], [7.78041, 11.17642], [7.7919, 11.17227], [7.78976, 11.16149], [7.79368, 11.16116], [7.79823, 11.16075], [7.79927, 11.161], [7.8001, 11.15836], [7.80623, 11.16011], [7.809, 11.15796], [7.81049, 11.1559], [7.8126, 11.15347], [7.81066, 11.15089], [7.80809, 11.14843], [7.80432, 11.14327], [7.80335, 11.14033], [7.79987, 11.13793], [7.79785, 11.14201], [7.7953, 11.14718], [7.7929, 11.14741], [7.79241, 11.14276], [7.7921, 11.13975], [7.78862, 11.13998], [7.78725, 11.14346], [7.78593, 11.14684], [7.78399, 11.14786], [7.77879, 11.14164], [7.77268, 11.13696], [7.76092, 11.1341], [7.75549, 11.13256], [7.74875, 11.13269], [7.74775, 11.13034], [7.74956, 11.12645], [7.74727, 11.12331], [7.74636, 11.12114], [7.7443, 11.11977], [7.74156, 11.12045], [7.74033, 11.1236], [7.73943, 11.12428], [7.7382, 11.12403], [7.73753, 11.12383], [7.73486, 11.12682], [7.73038, 11.12762], [7.7307, 11.12823], [7.73157, 11.12969], [7.73221, 11.13074], [7.73167, 11.13096], [7.73077, 11.13145], [7.72945, 11.14492], [7.72821, 11.14664], [7.72731, 11.15069], [7.71963, 11.14724], [7.71697, 11.14872], [7.71507, 11.15063], [7.71375, 11.15173], [7.71067, 11.15257], [7.70847, 11.15235], [7.70698, 11.15407], [7.70054, 11.15065], [7.70052, 11.15088], [7.69595, 11.15389], [7.69584, 11.15398], [7.68805, 11.16496], [7.689, 11.17037], [7.69453, 11.17691], [7.71156, 11.17689], [7.71581, 11.17517], [7.71972, 11.17506], [7.72483, 11.17557], [7.72582, 11.17722], [7.72859, 11.17779], [7.73853, 11.18019], [7.74892, 11.18093], [7.76091, 11.17739], [7.76774, 11.17638], [7.77008, 11.17998], [7.77033, 11.18008]]]}, "properties": {"name": "Zabi", "lga": "Sabon Gari", "state": "kd"}}, {"type": "Feature", "geometry": {"type": "Polygon", "coordinates": [[[7.41184, 10.56046], [7.41435, 10.56223], [7.41274, 10.57961], [7.41622, 10.58736], [7.41506, 10.58801], [7.41899, 10.59555], [7.42157, 10.59767], [7.42382, 10.60403], [7.42454, 10.60472], [7.42784, 10.6038], [7.43069, 10.60849], [7.43289, 10.60848], [7.43265, 10.60969], [7.4345, 10.60984], [7.43424, 10.61103], [7.43512, 10.61148], [7.443, 10.61515], [7.45132, 10.61861], [7.45308, 10.61683], [7.45546, 10.61338], [7.46045, 10.61165], [7.46125, 10.61043], [7.46271, 10.61201], [7.46505, 10.61029], [7.45135, 10.59778], [7.44405, 10.57728], [7.44243, 10.56977], [7.44469, 10.55217], [7.4377, 10.55215], [7.43746, 10.55315], [7.43671, 10.55292], [7.43696, 10.55125], [7.43626, 10.55102], [7.43473, 10.55025], [7.42214, 10.5496], [7.42157, 10.55314], [7.42045, 10.55554], [7.41184, 10.56046]]]}, "properties": {"name": "Hayin Banki", "lga": "Kaduna North", "state": "kd"}}, {"type": "Feature", "geometry": {"type": "Polygon", "coordinates": [[[8.5862, 9.11488], [8.58931, 9.09809], [8.59363, 9.09057], [8.57073, 9.06329], [8.56683, 9.06083], [8.56402, 9.05225], [8.56647, 9.05072], [8.56772, 9.04947], [8.56961, 9.04399], [8.57583, 9.04199], [8.57635, 9.03439], [8.57156, 9.03422], [8.56818, 9.03411], [8.56401, 9.03268], [8.56224, 9.03017], [8.56207, 9.02668], [8.5576, 9.02593], [8.55413, 9.02036], [8.54757, 9.01422], [8.54109, 9.01052], [8.53702, 9.00732], [8.53326, 9.00438], [8.52172, 9.0019], [8.5175, 9.00121], [8.51404, 9.00065], [8.50894, 9.00064], [8.50435, 9.00143], [8.5009, 9.00733], [8.49859, 9.01131], [8.49418, 9.02364], [8.49375, 9.02537], [8.49066, 9.03773], [8.48662, 9.04279], [8.4816, 9.04905], [8.50853, 9.06441], [8.50849, 9.06547], [8.50651, 9.07197], [8.51536, 9.08226], [8.51119, 9.09104], [8.50869, 9.09267], [8.50716, 9.09864], [8.50469, 9.10536], [8.50621, 9.10646], [8.50815, 9.10977], [8.51416, 9.11616], [8.51094, 9.12343], [8.51383, 9.12873], [8.51577, 9.1302], [8.517, 9.13258], [8.51728, 9.13345], [8.52316, 9.13661], [8.52986, 9.13157], [8.53971, 9.12115], [8.54407, 9.11693], [8.54775, 9.11829], [8.55006, 9.1193], [8.55045, 9.11946], [8.55486, 9.11801], [8.56341, 9.12003], [8.56696, 9.11958], [8.58408, 9.11566], [8.5862, 9.11488]]]}, "properties": {"name": "Ninzo South", "lga": "Sanga", "state": "kd"}}, {"type": "Feature", "geometry": {"type": "Polygon", "coordinates": [[[7.77033, 11.18008], [7.78309, 11.21598], [7.79341, 11.2059], [7.7976, 11.20662], [7.79879, 11.20502], [7.7989, 11.20487], [7.79997, 11.20553], [7.80074, 11.20573], [7.80262, 11.20587], [7.81104, 11.21136], [7.81271, 11.20313], [7.81812, 11.20125], [7.82914, 11.19908], [7.83247, 11.20264], [7.83955, 11.20229], [7.84127, 11.19934], [7.83783, 11.19698], [7.83927, 11.18657], [7.83726, 11.18463], [7.83724, 11.18222], [7.84122, 11.17869], [7.84441, 11.1691], [7.84181, 11.16879], [7.83852, 11.16493], [7.83605, 11.16092], [7.83557, 11.15916], [7.83531, 11.1579], [7.83548, 11.15629], [7.82192, 11.15798], [7.81696, 11.15716], [7.8126, 11.15347], [7.81049, 11.1559], [7.809, 11.15796], [7.80623, 11.16011], [7.8001, 11.15836], [7.79927, 11.161], [7.79823, 11.16075], [7.79368, 11.16116], [7.78976, 11.16149], [7.7919, 11.17227], [7.78041, 11.17642], [7.77832, 11.17798], [7.77833, 11.17823], [7.77722, 11.17877], [7.77606, 11.179], [7.7749, 11.1792], [7.77033, 11.18008]]]}, "properties": {"name": "Likoro", "lga": "Kudan", "state": "kd"}}, {"type": "Feature", "geometry": {"type": "Polygon", "coordinates": [[[7.97438, 11.14571], [7.99445, 11.13987], [7.99574, 11.13915], [7.99726, 11.1383], [7.99849, 11.1376], [7.99955, 11.13646], [7.99963, 11.1352], [8.00946, 11.13281], [8.0128, 11.11935], [8.01894, 11.11684], [8.01971, 11.11603], [8.02113, 11.11245], [8.02286, 11.10977], [8.02235, 11.09809], [8.01497, 11.09133], [8.01238, 11.08307], [8.01453, 11.08152], [8.02881, 11.0803], [8.02711, 11.07396], [8.03034, 11.06854], [8.02633, 11.06115], [8.02215, 11.0601], [8.02214, 11.06009], [8.01894, 11.05823], [8.01764, 11.04991], [8.02443, 11.03457], [8.02161, 11.03365], [8.01622, 11.02996], [8.01244, 11.02799], [8.01124, 11.0248], [8.00133, 11.01282], [7.99934, 11.01329], [7.99532, 11.01827], [7.99333, 11.02981], [7.99365, 11.03182], [7.98977, 11.03461], [7.97721, 11.03216], [7.96321, 11.04406], [7.9618, 11.04603], [7.9565, 11.04511], [7.95495, 11.04669], [7.94567, 11.05545], [7.93796, 11.06028], [7.93714, 11.06], [7.93641, 11.05998], [7.92645, 11.05635], [7.91541, 11.0569], [7.91293, 11.05804], [7.91035, 11.05662], [7.90547, 11.04467], [7.90584, 11.04253], [7.90573, 11.04229], [7.89965, 11.03553], [7.88519, 11.03828], [7.87519, 11.04539], [7.87524, 11.04771], [7.87667, 11.04878], [7.88804, 11.05916], [7.88778, 11.05996], [7.88673, 11.06285], [7.88248, 11.06623], [7.88162, 11.06642], [7.87188, 11.06559], [7.86535, 11.06359], [7.8565, 11.06949], [7.85143, 11.06743], [7.84501, 11.07587], [7.84061, 11.07914], [7.83479, 11.07806], [7.83234, 11.06484], [7.83254, 11.06444], [7.82997, 11.05996], [7.81498, 11.05687], [7.81219, 11.06102], [7.81624, 11.06593], [7.81504, 11.07007], [7.81459, 11.07209], [7.81156, 11.07796], [7.8031, 11.08854], [7.79965, 11.09799], [7.79936, 11.09886], [7.79961, 11.09954], [7.79989, 11.10377], [7.79953, 11.10449], [7.80477, 11.10319], [7.81113, 11.10179], [7.81696, 11.10915], [7.8165, 11.11003], [7.82048, 11.12019], [7.8221, 11.1215], [7.82625, 11.12452], [7.82676, 11.12485], [7.83001, 11.12401], [7.83571, 11.11754], [7.83952, 11.11754], [7.84588, 11.11753], [7.84658, 11.11726], [7.8609, 11.11352], [7.86289, 11.11995], [7.87608, 11.12543], [7.88048, 11.12515], [7.88348, 11.12288], [7.88408, 11.1168], [7.8845, 11.11595], [7.889, 11.11104], [7.89324, 11.10888], [7.89707, 11.10817], [7.90347, 11.10224], [7.91733, 11.11413], [7.92567, 11.11197], [7.92642, 11.1117], [7.92682, 11.11183], [7.93724, 11.11429], [7.93849, 11.11518], [7.94276, 11.11954], [7.94672, 11.11786], [7.96007, 11.12777], [7.95742, 11.13343], [7.9715, 11.13923], [7.97438, 11.14571]]]}, "properties": {"name": "Gimba", "lga": "Soba", "state": "kd"}}, {"type": "Feature", "geometry": {"type": "MultiPolygon", "coordinates": [[[[7.91733, 11.11413], [7.90347, 11.10224], [7.89707, 11.10817], [7.89324, 11.10888], [7.889, 11.11104], [7.8845, 11.11595], [7.88408, 11.1168], [7.88348, 11.12288], [7.88048, 11.12515], [7.87608, 11.12543], [7.86289, 11.11995], [7.8609, 11.11352], [7.84658, 11.11726], [7.84588, 11.11753], [7.83952, 11.11754], [7.83467, 11.13681], [7.83124, 11.14367], [7.83137, 11.15189], [7.83967, 11.1538], [7.84038, 11.15424], [7.84382, 11.15442], [7.84833, 11.15942], [7.856, 11.16097], [7.86017, 11.16644], [7.86498, 11.16635], [7.86616, 11.16712], [7.86639, 11.16766], [7.8765, 11.17297], [7.87661, 11.17372], [7.87501, 11.18192], [7.8843, 11.18738], [7.88462, 11.18865], [7.89304, 11.18948], [7.89739, 11.19312], [7.89989, 11.19626], [7.90422, 11.19673], [7.90547, 11.18933], [7.9073, 11.18664], [7.91139, 11.18484], [7.91214, 11.18092], [7.92795, 11.15946], [7.92216, 11.15284], [7.91984, 11.15246], [7.91835, 11.15238], [7.90936, 11.1557], [7.90846, 11.15696], [7.89597, 11.16256], [7.89342, 11.16878], [7.88547, 11.15947], [7.89354, 11.15174], [7.89123, 11.1453], [7.89755, 11.14219], [7.90399, 11.14231], [7.90293, 11.13465], [7.90522, 11.13162], [7.90841, 11.13209], [7.91196, 11.13058], [7.91848, 11.13087], [7.91754, 11.12433], [7.91574, 11.11705], [7.91733, 11.11413]]], [[[8.02286, 11.10977], [8.02113, 11.11245], [8.01971, 11.11603], [8.01894, 11.11684], [8.0128, 11.11935], [8.00946, 11.13281], [7.99963, 11.1352], [7.99955, 11.13646], [7.99849, 11.1376], [7.99726, 11.1383], [7.99574, 11.13915], [7.99445, 11.13987], [7.97438, 11.14571], [7.97242, 11.15376], [7.97166, 11.1546], [7.97184, 11.17622], [7.9684, 11.18201], [7.96652, 11.20108], [7.97394, 11.2096], [7.97048, 11.21316], [7.9688, 11.2164], [7.97226, 11.22026], [7.9733, 11.2202], [7.97482, 11.22032], [7.97571, 11.22067], [7.97722, 11.22571], [7.97827, 11.22785], [7.98049, 11.22854], [7.98236, 11.22868], [7.98415, 11.22816], [7.98543, 11.22742], [7.98616, 11.22775], [7.98901, 11.23068], [7.98971, 11.23357], [7.9904, 11.23352], [7.99053, 11.23184], [7.99378, 11.23284], [7.99455, 11.23193], [7.99502, 11.231], [7.99646, 11.22928], [7.99649, 11.22753], [7.9966, 11.22519], [8.002, 11.22261], [8.00222, 11.21805], [8.00283, 11.21671], [8.00349, 11.2161], [8.01241, 11.21584], [8.01442, 11.21257], [8.01398, 11.21107], [8.01772, 11.21155], [8.0182, 11.21125], [8.01879, 11.21078], [8.01949, 11.2105], [8.02079, 11.20513], [8.02747, 11.20469], [8.03199, 11.2017], [8.03473, 11.20201], [8.0352, 11.20167], [8.03598, 11.20104], [8.03628, 11.20041], [8.0439, 11.19867], [8.0561, 11.18782], [8.05764, 11.18829], [8.06344, 11.18598], [8.0679, 11.17302], [8.0706, 11.17088], [8.08301, 11.17393], [8.08984, 11.17256], [8.08962, 11.16302], [8.08921, 11.15845], [8.0666, 11.1457], [8.06988, 11.13802], [8.06994, 11.13483], [8.07001, 11.13149], [8.06701, 11.12627], [8.0634, 11.10406], [8.05512, 11.10992], [8.04343, 11.11999], [8.0393, 11.11558], [8.03165, 11.11028], [8.02286, 11.10977]]]]}, "properties": {"name": "Kwasallo", "lga": "Soba", "state": "kd"}}, {"type": "Feature", "geometry": {"type": "Polygon", "coordinates": [[[7.70054, 11.15065], [7.70103, 11.14628], [7.70267, 11.14363], [7.69963, 11.14219], [7.6986, 11.14227], [7.69805, 11.14184], [7.69904, 11.13556], [7.69606, 11.12796], [7.68867, 11.1267], [7.6862, 11.1232], [7.68042, 11.12263], [7.67923, 11.12274], [7.67734, 11.1237], [7.67808, 11.12581], [7.67989, 11.12995], [7.68144, 11.1352], [7.67778, 11.13756], [7.68033, 11.14133], [7.68178, 11.14004], [7.6822, 11.13922], [7.68444, 11.13886], [7.68637, 11.13855], [7.68102, 11.16286], [7.6762, 11.16175], [7.67098, 11.16348], [7.6695, 11.16708], [7.664, 11.17299], [7.66208, 11.17639], [7.65842, 11.18027], [7.65215, 11.18267], [7.64834, 11.18903], [7.64965, 11.19498], [7.65548, 11.202], [7.65733, 11.20435], [7.65928, 11.20591], [7.66669, 11.20926], [7.67379, 11.20844], [7.67396, 11.20849], [7.67665, 11.20965], [7.68249, 11.20996], [7.68409, 11.21175], [7.69621, 11.21275], [7.69426, 11.20551], [7.68672, 11.19457], [7.6893, 11.19391], [7.69264, 11.19436], [7.69577, 11.19553], [7.69855, 11.19462], [7.69755, 11.19283], [7.6963, 11.18922], [7.69684, 11.18473], [7.69519, 11.18097], [7.69453, 11.17691], [7.689, 11.17037], [7.68805, 11.16496], [7.69584, 11.15398], [7.69595, 11.15389], [7.70052, 11.15088], [7.70054, 11.15065]]]}, "properties": {"name": "Basawa", "lga": "Sabon Gari", "state": "kd"}}, {"type": "Feature", "geometry": {"type": "Polygon", "coordinates": [[[8.08991, 9.88645], [8.0872, 9.88764], [8.08077, 9.90412], [8.08099, 9.90503], [8.07765, 9.92033], [8.07387, 9.9215], [8.07235, 9.92167], [8.06856, 9.91085], [8.05981, 9.91585], [8.06107, 9.92428], [8.06029, 9.93358], [8.05484, 9.93902], [8.04227, 9.94918], [8.01084, 9.9494], [8.01705, 9.97386], [8.02102, 9.97996], [8.02763, 10.01313], [8.02903, 10.03671], [8.02802, 10.04001], [8.01452, 10.05217], [8.00924, 10.05735], [8.00053, 10.06225], [7.99431, 10.06968], [7.98429, 10.07691], [7.98261, 10.07961], [7.97974, 10.08902], [7.98032, 10.0972], [7.98794, 10.09542], [7.99712, 10.09351], [7.99748, 10.09987], [7.99851, 10.11808], [7.97376, 10.11787], [7.95187, 10.13124], [7.96692, 10.147], [7.9704, 10.14966], [7.97601, 10.1525], [7.99561, 10.14965], [8.00541, 10.17077], [8.004, 10.17116], [7.99031, 10.17853], [7.99227, 10.195], [7.99937, 10.20073], [8.02311, 10.23191], [8.02306, 10.23335], [8.01729, 10.24402], [8.02754, 10.26564], [8.03903, 10.28287], [8.07096, 10.28605], [8.07127, 10.28568], [8.08187, 10.26806], [8.08289, 10.26106], [8.06482, 10.23887], [8.07779, 10.23104], [8.08836, 10.22801], [8.09252, 10.2224], [8.10947, 10.23578], [8.10995, 10.23667], [8.11882, 10.23837], [8.12218, 10.24327], [8.12761, 10.24904], [8.11415, 10.26711], [8.11227, 10.27747], [8.11392, 10.28279], [8.11709, 10.28848], [8.13043, 10.28228], [8.14123, 10.28209], [8.14446, 10.28204], [8.14697, 10.27642], [8.15041, 10.26869], [8.14456, 10.25027], [8.14561, 10.24943], [8.16146, 10.2439], [8.16428, 10.23053], [8.17571, 10.22589], [8.19388, 10.21852], [8.1936, 10.21556], [8.19336, 10.2135], [8.17184, 10.1999], [8.16939, 10.18996], [8.18404, 10.18449], [8.20623, 10.16783], [8.2028, 10.15635], [8.20345, 10.15405], [8.2032, 10.15042], [8.20296, 10.147], [8.2265, 10.1297], [8.23399, 10.12419], [8.24006, 10.11946], [8.23399, 10.11452], [8.22111, 10.10404], [8.23843, 10.09029], [8.2384, 10.07809], [8.24591, 10.07181], [8.24626, 10.06302], [8.27097, 10.05549], [8.27163, 10.05475], [8.26595, 10.03137], [8.26682, 10.02859], [8.2721, 10.02227], [8.28448, 10.0263], [8.30334, 10.02586], [8.30427, 10.02525], [8.31987, 10.02882], [8.33491, 10.01673], [8.33222, 10.00333], [8.32576, 10.0009], [8.30915, 10.00272], [8.28836, 9.97269], [8.28667, 9.97291], [8.26108, 9.94649], [8.22698, 9.955], [8.21839, 9.94228], [8.21635, 9.93116], [8.2196, 9.92345], [8.21627, 9.89706], [8.23606, 9.88233], [8.23451, 9.87272], [8.24518, 9.84909], [8.24604, 9.84783], [8.24615, 9.84764], [8.24611, 9.84577], [8.23937, 9.8343], [8.23851, 9.82365], [8.22726, 9.81901], [8.223, 9.81969], [8.21843, 9.82442], [8.20998, 9.82834], [8.20382, 9.82796], [8.2013, 9.80811], [8.19739, 9.80837], [8.19702, 9.80831], [8.18718, 9.8039], [8.17961, 9.81273], [8.17963, 9.81508], [8.181, 9.81978], [8.18027, 9.82073], [8.17871, 9.82222], [8.17785, 9.82384], [8.18217, 9.83964], [8.17905, 9.83979], [8.16511, 9.85036], [8.16576, 9.85207], [8.16401, 9.86779], [8.16358, 9.86894], [8.15726, 9.87118], [8.15616, 9.87099], [8.14338, 9.87034], [8.13394, 9.85116], [8.13152, 9.85034], [8.11549, 9.86007], [8.11119, 9.86967], [8.10043, 9.88559], [8.09643, 9.88701], [8.08991, 9.88645]]]}, "properties": {"name": "Ikulu", "lga": "Zangon Kataf", "state": "kd"}}, {"type": "Feature", "geometry": {"type": "Polygon", "coordinates": [[[7.97438, 11.14571], [7.9715, 11.13923], [7.95742, 11.13343], [7.96007, 11.12777], [7.94672, 11.11786], [7.94276, 11.11954], [7.93849, 11.11518], [7.93724, 11.11429], [7.92682, 11.11183], [7.92642, 11.1117], [7.92567, 11.11197], [7.91733, 11.11413], [7.91574, 11.11705], [7.91754, 11.12433], [7.91848, 11.13087], [7.91196, 11.13058], [7.90841, 11.13209], [7.90522, 11.13162], [7.90293, 11.13465], [7.90399, 11.14231], [7.89755, 11.14219], [7.89123, 11.1453], [7.89354, 11.15174], [7.88547, 11.15947], [7.89342, 11.16878], [7.89597, 11.16256], [7.90846, 11.15696], [7.90936, 11.1557], [7.91835, 11.15238], [7.91984, 11.15246], [7.92216, 11.15284], [7.92795, 11.15946], [7.91214, 11.18092], [7.91139, 11.18484], [7.9073, 11.18664], [7.90547, 11.18933], [7.90422, 11.19673], [7.89989, 11.19626], [7.89739, 11.19312], [7.89304, 11.18948], [7.88462, 11.18865], [7.8843, 11.18738], [7.87501, 11.18192], [7.87661, 11.17372], [7.8765, 11.17297], [7.86639, 11.16766], [7.86616, 11.16712], [7.86498, 11.16635], [7.86017, 11.16644], [7.856, 11.16097], [7.84833, 11.15942], [7.84382, 11.15442], [7.84038, 11.15424], [7.83967, 11.1538], [7.83137, 11.15189], [7.83124, 11.14367], [7.83467, 11.13681], [7.83952, 11.11754], [7.83571, 11.11754], [7.83001, 11.12401], [7.82676, 11.12485], [7.82625, 11.12452], [7.8221, 11.1215], [7.82048, 11.12019], [7.8165, 11.11003], [7.81696, 11.10915], [7.81113, 11.10179], [7.78807, 11.10672], [7.78653, 11.1093], [7.78288, 11.11495], [7.77455, 11.13298], [7.77268, 11.13696], [7.77879, 11.14164], [7.78399, 11.14786], [7.78593, 11.14684], [7.78725, 11.14346], [7.78862, 11.13998], [7.7921, 11.13975], [7.79241, 11.14276], [7.7929, 11.14741], [7.7953, 11.14718], [7.79785, 11.14201], [7.79987, 11.13793], [7.80335, 11.14033], [7.80432, 11.14327], [7.80809, 11.14843], [7.81066, 11.15089], [7.8126, 11.15347], [7.81696, 11.15716], [7.82192, 11.15798], [7.82481, 11.1581], [7.83548, 11.15629], [7.83531, 11.1579], [7.83557, 11.15916], [7.83605, 11.16092], [7.83852, 11.16493], [7.84181, 11.16879], [7.84441, 11.1691], [7.84122, 11.17869], [7.83724, 11.18222], [7.83726, 11.18463], [7.83927, 11.18657], [7.83783, 11.19698], [7.84127, 11.19934], [7.84231, 11.1984], [7.84626, 11.19964], [7.84719, 11.19573], [7.85203, 11.19784], [7.85507, 11.19775], [7.85938, 11.19345], [7.86063, 11.18976], [7.86607, 11.19309], [7.86388, 11.19724], [7.86571, 11.198], [7.86584, 11.19803], [7.86655, 11.2009], [7.87046, 11.19546], [7.87709, 11.20012], [7.88035, 11.19514], [7.88136, 11.19417], [7.8835, 11.19291], [7.88493, 11.19242], [7.88878, 11.1946], [7.88901, 11.19634], [7.88965, 11.19782], [7.89009, 11.19882], [7.89581, 11.20084], [7.89678, 11.2043], [7.90091, 11.20543], [7.90464, 11.21007], [7.91366, 11.21155], [7.91713, 11.21426], [7.92488, 11.21212], [7.9253, 11.21285], [7.92532, 11.21357], [7.92363, 11.21716], [7.92385, 11.21884], [7.92527, 11.22084], [7.92713, 11.2215], [7.92813, 11.2199], [7.92903, 11.21907], [7.93005, 11.21884], [7.93194, 11.21941], [7.93274, 11.21867], [7.93383, 11.21788], [7.93514, 11.21781], [7.93744, 11.21942], [7.9377, 11.22003], [7.93849, 11.22334], [7.93932, 11.22364], [7.94246, 11.22248], [7.94393, 11.22278], [7.94965, 11.22653], [7.9512, 11.22647], [7.95251, 11.22653], [7.96014, 11.23014], [7.96219, 11.22886], [7.96359, 11.22708], [7.96564, 11.21711], [7.96653, 11.21633], [7.96736, 11.21615], [7.9688, 11.2164], [7.97048, 11.21316], [7.97394, 11.2096], [7.96652, 11.20108], [7.9684, 11.18201], [7.97184, 11.17622], [7.97166, 11.1546], [7.97242, 11.15376], [7.97438, 11.14571]]]}, "properties": {"name": "Richifa", "lga": "Soba", "state": "kd"}}, {"type": "Feature", "geometry": {"type": "Polygon", "coordinates": [[[7.75936, 10.17962], [7.77134, 10.20103], [7.77108, 10.2033], [7.78008, 10.2113], [7.78158, 10.21373], [7.79119, 10.22061], [7.79727, 10.21782], [7.818, 10.21145], [7.83012, 10.20411], [7.83371, 10.20286], [7.83587, 10.17804], [7.84354, 10.16696], [7.8486, 10.16603], [7.87115, 10.1777], [7.87788, 10.19542], [7.88288, 10.21552], [7.88542, 10.21604], [7.89238, 10.24262], [7.89186, 10.24667], [7.89415, 10.25484], [7.89301, 10.26963], [7.8808, 10.28274], [7.8816, 10.28593], [7.88272, 10.28839], [7.8853, 10.30991], [7.90448, 10.3221], [7.90894, 10.33815], [7.91149, 10.34202], [7.92667, 10.35535], [7.94932, 10.3682], [7.9539, 10.36627], [7.9703, 10.33235], [8.00462, 10.33694], [8.02772, 10.35187], [8.03236, 10.35194], [8.03285, 10.35195], [8.03937, 10.34316], [8.03812, 10.3394], [8.03364, 10.3259], [8.03271, 10.30204], [8.03531, 10.29873], [8.03981, 10.30388], [8.05636, 10.3157], [8.05935, 10.31783], [8.07422, 10.31572], [8.07724, 10.30553], [8.09314, 10.31079], [8.09769, 10.3123], [8.10191, 10.30604], [8.10835, 10.29649], [8.11657, 10.29283], [8.11709, 10.28848], [8.11392, 10.28279], [8.11227, 10.27747], [8.11415, 10.26711], [8.12761, 10.24904], [8.12218, 10.24327], [8.11882, 10.23837], [8.10995, 10.23667], [8.10947, 10.23578], [8.09252, 10.2224], [8.08836, 10.22801], [8.07779, 10.23104], [8.06482, 10.23887], [8.08289, 10.26106], [8.08187, 10.26806], [8.07127, 10.28568], [8.07096, 10.28605], [8.03903, 10.28287], [8.02754, 10.26564], [8.01729, 10.24402], [8.02306, 10.23335], [8.02311, 10.23191], [7.99937, 10.20073], [7.99227, 10.195], [7.99031, 10.17853], [8.004, 10.17116], [8.00541, 10.17077], [7.99561, 10.14965], [7.97601, 10.1525], [7.9704, 10.14966], [7.96692, 10.147], [7.95187, 10.13124], [7.94895, 10.13059], [7.93953, 10.10605], [7.93559, 10.1046], [7.90276, 10.08269], [7.89458, 10.06734], [7.872, 10.06892], [7.86131, 10.06977], [7.84634, 10.07088], [7.82605, 10.071], [7.82598, 10.071], [7.82033, 10.0688], [7.80756, 10.07718], [7.80681, 10.08271], [7.80646, 10.08678], [7.80894, 10.127], [7.8037, 10.13802], [7.80179, 10.14353], [7.78962, 10.15925], [7.77612, 10.1643], [7.75936, 10.17962]]]}, "properties": {"name": "Idon", "lga": "Kajuru", "state": "kd"}}, {"type": "Feature", "geometry": {"type": "Polygon", "coordinates": [[[7.61867, 11.27769], [7.6279, 11.28353], [7.62909, 11.28406], [7.6293, 11.28371], [7.63057, 11.28112], [7.63123, 11.2793], [7.63077, 11.27108], [7.63437, 11.26912], [7.63583, 11.25541], [7.63705, 11.25545], [7.63739, 11.25229], [7.63625, 11.25185], [7.63487, 11.24456], [7.64616, 11.24651], [7.65826, 11.25438], [7.6697, 11.27348], [7.66824, 11.27375], [7.66811, 11.27522], [7.66786, 11.27427], [7.66596, 11.27445], [7.66619, 11.27543], [7.66427, 11.27543], [7.66192, 11.27762], [7.6613, 11.27638], [7.65572, 11.27847], [7.65354, 11.27756], [7.6527, 11.2784], [7.65367, 11.27921], [7.65228, 11.27885], [7.65072, 11.28187], [7.649, 11.28248], [7.6493, 11.28391], [7.6473, 11.284], [7.64754, 11.28687], [7.64466, 11.28697], [7.65086, 11.29267], [7.65501, 11.29204], [7.66041, 11.29445], [7.66399, 11.29748], [7.66431, 11.30002], [7.6683, 11.29744], [7.66872, 11.29696], [7.66883, 11.29691], [7.67533, 11.30615], [7.67604, 11.30654], [7.67669, 11.30647], [7.67709, 11.30635], [7.67668, 11.30165], [7.6783, 11.29429], [7.67751, 11.29117], [7.67875, 11.28703], [7.68416, 11.28847], [7.68507, 11.28694], [7.68533, 11.28642], [7.68782, 11.2875], [7.68902, 11.28194], [7.69043, 11.27998], [7.69325, 11.2797], [7.69273, 11.27937], [7.69251, 11.27894], [7.69213, 11.27864], [7.69365, 11.27642], [7.69568, 11.27725], [7.70049, 11.27907], [7.70072, 11.27812], [7.70117, 11.27697], [7.70134, 11.27653], [7.69778, 11.27434], [7.69695, 11.27178], [7.6893, 11.26865], [7.68383, 11.26218], [7.68599, 11.25855], [7.68781, 11.2582], [7.68694, 11.25725], [7.68822, 11.25629], [7.68686, 11.25566], [7.68793, 11.25422], [7.68895, 11.25572], [7.69102, 11.25376], [7.69322, 11.25393], [7.69324, 11.25281], [7.69432, 11.25297], [7.69369, 11.25182], [7.69561, 11.25053], [7.69923, 11.25129], [7.69874, 11.24914], [7.69996, 11.2477], [7.70227, 11.24778], [7.70445, 11.24347], [7.70684, 11.2443], [7.7079, 11.24236], [7.70952, 11.24365], [7.70878, 11.24114], [7.71051, 11.24046], [7.7097, 11.23962], [7.71078, 11.23859], [7.71264, 11.23835], [7.71404, 11.23598], [7.71635, 11.23688], [7.71754, 11.23607], [7.71773, 11.23463], [7.71655, 11.23404], [7.7201, 11.23185], [7.71901, 11.23173], [7.71713, 11.22761], [7.71866, 11.2287], [7.71818, 11.22751], [7.71954, 11.22616], [7.72093, 11.2269], [7.71956, 11.22257], [7.72299, 11.22182], [7.72277, 11.22011], [7.72376, 11.22004], [7.7234, 11.217], [7.7223, 11.21769], [7.72099, 11.21437], [7.71901, 11.21463], [7.72097, 11.21272], [7.71989, 11.21171], [7.72165, 11.21069], [7.71994, 11.21001], [7.7208, 11.20747], [7.72227, 11.20793], [7.72139, 11.2051], [7.72371, 11.20148], [7.72403, 11.20147], [7.72435, 11.20198], [7.72454, 11.20203], [7.72409, 11.20074], [7.72532, 11.20063], [7.72558, 11.19899], [7.72055, 11.19841], [7.71664, 11.20238], [7.70601, 11.20052], [7.70668, 11.19549], [7.70655, 11.19516], [7.70653, 11.1944], [7.69577, 11.19553], [7.69264, 11.19436], [7.6893, 11.19391], [7.68672, 11.19457], [7.69426, 11.20551], [7.69621, 11.21275], [7.68409, 11.21175], [7.68249, 11.20996], [7.67665, 11.20965], [7.67396, 11.20849], [7.67379, 11.20844], [7.67197, 11.20996], [7.6722, 11.2119], [7.66826, 11.21201], [7.65801, 11.20732], [7.65635, 11.21017], [7.65419, 11.21322], [7.65269, 11.21532], [7.6523, 11.22147], [7.64064, 11.21872], [7.63661, 11.21136], [7.63398, 11.21001], [7.63126, 11.20984], [7.62741, 11.21337], [7.62474, 11.21634], [7.62469, 11.21771], [7.62459, 11.21869], [7.6241, 11.22298], [7.62269, 11.22447], [7.62053, 11.22696], [7.61896, 11.22848], [7.6184, 11.23286], [7.61832, 11.23495], [7.61855, 11.23823], [7.61972, 11.2489], [7.62088, 11.25159], [7.62205, 11.25407], [7.62305, 11.25677], [7.62317, 11.26294], [7.6221, 11.26606], [7.62101, 11.27039], [7.61867, 11.27769]]]}, "properties": {"name": "Sabon Garin", "lga": "Kudan", "state": "kd"}}, {"type": "Feature", "geometry": {"type": "Polygon", "coordinates": [[[7.67622, 11.12316], [7.6862, 11.1232], [7.68867, 11.1267], [7.69606, 11.12796], [7.69904, 11.13556], [7.6986, 11.14227], [7.69963, 11.14219], [7.70267, 11.14363], [7.70661, 11.14291], [7.71621, 11.14455], [7.71833, 11.13524], [7.70922, 11.1275], [7.71595, 11.12304], [7.71953, 11.11783], [7.7211, 11.10669], [7.72101, 11.10584], [7.72037, 11.10325], [7.71494, 11.10437], [7.71445, 11.10433], [7.71401, 11.10418], [7.71037, 11.10231], [7.70626, 11.10767], [7.70404, 11.10617], [7.70296, 11.10625], [7.70111, 11.10822], [7.69807, 11.111], [7.68905, 11.1106], [7.68284, 11.11717], [7.68141, 11.11829], [7.67856, 11.11901], [7.67831, 11.12044], [7.6777, 11.12174], [7.67622, 11.12316]]]}, "properties": {"name": "Hanwa", "lga": "Sabon Gari", "state": "kd"}}, {"type": "Feature", "geometry": {"type": "Polygon", "coordinates": [[[7.74215, 11.08447], [7.741, 11.08422], [7.74077, 11.08414], [7.74049, 11.08453], [7.73894, 11.08675], [7.7378, 11.09094], [7.72846, 11.09258], [7.72696, 11.09543], [7.72055, 11.0941], [7.71871, 11.09555], [7.7218, 11.10296], [7.72431, 11.10578], [7.72482, 11.1056], [7.72697, 11.10492], [7.72717, 11.10477], [7.73013, 11.10074], [7.73203, 11.10203], [7.73195, 11.10281], [7.73168, 11.10391], [7.73963, 11.11106], [7.74321, 11.11159], [7.74341, 11.11516], [7.74411, 11.11522], [7.74541, 11.11567], [7.74981, 11.1128], [7.75026, 11.10782], [7.74705, 11.10631], [7.74643, 11.10303], [7.74892, 11.09964], [7.74938, 11.09023], [7.74505, 11.08575], [7.74215, 11.08447]]]}, "properties": {"name": "Jushi", "lga": "Sabon Gari", "state": "kd"}}, {"type": "Feature", "geometry": {"type": "Polygon", "coordinates": [[[7.84127, 11.19934], [7.83955, 11.20229], [7.83247, 11.20264], [7.82914, 11.19908], [7.81812, 11.20125], [7.81271, 11.20313], [7.81261, 11.20357], [7.81221, 11.2048], [7.80934, 11.21641], [7.81482, 11.22693], [7.81369, 11.22963], [7.80913, 11.22827], [7.80767, 11.23385], [7.8132, 11.23571], [7.81014, 11.23908], [7.80977, 11.24076], [7.80972, 11.24125], [7.80972, 11.24155], [7.81229, 11.25306], [7.81217, 11.25934], [7.81363, 11.2643], [7.81757, 11.27053], [7.81525, 11.2723], [7.81555, 11.2743], [7.81284, 11.27747], [7.81437, 11.28323], [7.81411, 11.29024], [7.82425, 11.28757], [7.83222, 11.2832], [7.84363, 11.28716], [7.8482, 11.28354], [7.85246, 11.27752], [7.85062, 11.27544], [7.84932, 11.27365], [7.85981, 11.26435], [7.85959, 11.26432], [7.85426, 11.26386], [7.85323, 11.26375], [7.85145, 11.25982], [7.85223, 11.25632], [7.85541, 11.25308], [7.85976, 11.25144], [7.853, 11.24354], [7.84211, 11.23655], [7.84375, 11.23509], [7.8459, 11.23319], [7.84703, 11.23216], [7.85355, 11.23152], [7.86162, 11.23275], [7.8602, 11.22516], [7.85887, 11.2248], [7.85782, 11.2244], [7.85803, 11.22404], [7.85837, 11.22348], [7.85871, 11.22259], [7.85881, 11.22261], [7.8599, 11.22302], [7.85952, 11.21274], [7.86007, 11.21219], [7.8608, 11.2115], [7.86108, 11.2114], [7.86171, 11.21106], [7.87262, 11.22233], [7.87055, 11.22849], [7.87279, 11.23115], [7.8769, 11.23292], [7.87962, 11.22877], [7.88099, 11.23079], [7.88144, 11.2303], [7.88196, 11.22978], [7.88221, 11.22969], [7.88307, 11.23048], [7.88345, 11.23116], [7.88373, 11.23201], [7.8907, 11.22618], [7.88798, 11.22348], [7.89118, 11.22136], [7.89131, 11.21846], [7.89321, 11.2187], [7.89324, 11.21737], [7.89632, 11.21807], [7.89712, 11.21667], [7.9022, 11.21473], [7.90302, 11.21212], [7.90435, 11.21197], [7.90246, 11.20674], [7.89678, 11.2043], [7.89581, 11.20084], [7.89009, 11.19882], [7.88965, 11.19782], [7.88901, 11.19634], [7.88878, 11.1946], [7.88493, 11.19242], [7.8835, 11.19291], [7.88136, 11.19417], [7.88035, 11.19514], [7.87709, 11.20012], [7.87046, 11.19546], [7.86655, 11.2009], [7.86584, 11.19803], [7.86571, 11.198], [7.86388, 11.19724], [7.86607, 11.19309], [7.86063, 11.18976], [7.85938, 11.19345], [7.85507, 11.19775], [7.85203, 11.19784], [7.84719, 11.19573], [7.84626, 11.19964], [7.84231, 11.1984], [7.84127, 11.19934]]]}, "properties": {"name": "Dan Damisa", "lga": "Makarfi", "state": "kd"}}, {"type": "Feature", "geometry": {"type": "Polygon", "coordinates": [[[8.41831, 9.83376], [8.41317, 9.82737], [8.41134, 9.82377], [8.40593, 9.82292], [8.39919, 9.81671], [8.39595, 9.82329], [8.39504, 9.82449], [8.39355, 9.82618], [8.39426, 9.83162], [8.39472, 9.83263], [8.39413, 9.84179], [8.39376, 9.84277], [8.39552, 9.84569], [8.39706, 9.84844], [8.39713, 9.84857], [8.40247, 9.85413], [8.40267, 9.85425], [8.40491, 9.85678], [8.40964, 9.8554], [8.41649, 9.85064], [8.41928, 9.84412], [8.41831, 9.83376]]]}, "properties": {"name": "Zango Urban", "lga": "Zangon Kataf", "state": "kd"}}, {"type": "Feature", "geometry": {"type": "Polygon", "coordinates": [[[8.397, 9.26194], [8.39861, 9.26401], [8.40437, 9.27138], [8.42419, 9.27356], [8.42533, 9.27369], [8.42764, 9.27825], [8.43138, 9.27825], [8.44476, 9.27592], [8.44743, 9.28154], [8.4581, 9.28496], [8.46811, 9.29904], [8.46833, 9.29894], [8.46885, 9.29874], [8.49004, 9.29333], [8.48346, 9.28398], [8.4819, 9.28141], [8.48092, 9.27764], [8.47462, 9.27357], [8.47268, 9.2701], [8.48207, 9.25536], [8.48134, 9.25437], [8.48197, 9.24919], [8.47833, 9.23692], [8.48335, 9.23232], [8.48401, 9.23064], [8.48398, 9.23025], [8.4776, 9.22156], [8.47659, 9.22097], [8.47282, 9.2218], [8.47125, 9.22232], [8.45966, 9.21726], [8.45671, 9.21365], [8.45094, 9.22401], [8.44851, 9.22698], [8.44838, 9.22736], [8.44489, 9.22799], [8.43353, 9.22467], [8.4249, 9.23393], [8.42425, 9.23527], [8.4332, 9.2455], [8.43408, 9.25234], [8.42995, 9.25723], [8.42565, 9.26606], [8.40441, 9.25571], [8.40325, 9.25542], [8.397, 9.26194]]]}, "properties": {"name": "Gwantu", "lga": "Sanga", "state": "kd"}}, {"type": "Feature", "geometry": {"type": "Polygon", "coordinates": [[[7.44177, 11.12145], [7.45702, 11.12972], [7.46867, 11.13299], [7.48373, 11.12625], [7.48928, 11.13417], [7.49193, 11.14408], [7.49279, 11.14759], [7.49477, 11.15131], [7.50505, 11.15423], [7.5093, 11.15595], [7.51158, 11.15739], [7.51282, 11.1575], [7.5134, 11.15749], [7.51475, 11.15708], [7.51652, 11.15353], [7.53194, 11.16508], [7.5433, 11.16179], [7.53894, 11.15937], [7.53903, 11.15437], [7.54093, 11.15007], [7.5421, 11.14847], [7.5319, 11.1346], [7.53222, 11.13414], [7.5361, 11.12816], [7.53992, 11.12955], [7.54976, 11.12467], [7.55188, 11.12496], [7.55272, 11.12511], [7.55781, 11.12289], [7.55889, 11.10528], [7.5617, 11.1043], [7.56227, 11.1029], [7.56369, 11.10099], [7.56564, 11.08718], [7.57192, 11.07874], [7.57334, 11.07883], [7.57387, 11.08611], [7.57805, 11.09301], [7.58913, 11.09758], [7.59031, 11.09908], [7.59112, 11.10071], [7.593, 11.1027], [7.60924, 11.09143], [7.6139, 11.0914], [7.62702, 11.09406], [7.63385, 11.09314], [7.63812, 11.09171], [7.63959, 11.08212], [7.64002, 11.07806], [7.64047, 11.07376], [7.63784, 11.07298], [7.62617, 11.07919], [7.62441, 11.07902], [7.62254, 11.07934], [7.62117, 11.07989], [7.61404, 11.08587], [7.6006, 11.08438], [7.60555, 11.07067], [7.59983, 11.0677], [7.58733, 11.06755], [7.58141, 11.06585], [7.57575, 11.07513], [7.57067, 11.07132], [7.56742, 11.06584], [7.55963, 11.06241], [7.54965, 11.06035], [7.54469, 11.05886], [7.53941, 11.05914], [7.53407, 11.05858], [7.52608, 11.06103], [7.51695, 11.06285], [7.51353, 11.06138], [7.51082, 11.05697], [7.50498, 11.04941], [7.50031, 11.04351], [7.49543, 11.02994], [7.50559, 11.01958], [7.50937, 11.01251], [7.51058, 11.00761], [7.51035, 11.00676], [7.50912, 11.00226], [7.51402, 10.99202], [7.51725, 10.98999], [7.51892, 10.98043], [7.52311, 10.9706], [7.51679, 10.96998], [7.50712, 10.96571], [7.50613, 10.96528], [7.49198, 10.96293], [7.48337, 10.96354], [7.47928, 10.96433], [7.47369, 10.9654], [7.46227, 10.96874], [7.45174, 10.97203], [7.43912, 10.98134], [7.43234, 10.99021], [7.43009, 11.00059], [7.42598, 11.01461], [7.42599, 11.01462], [7.42914, 11.01721], [7.42933, 11.01725], [7.43295, 11.01805], [7.43433, 11.03082], [7.43373, 11.03227], [7.42441, 11.0377], [7.42497, 11.04246], [7.43763, 11.05541], [7.43743, 11.05928], [7.44904, 11.07969], [7.44915, 11.09036], [7.44975, 11.09138], [7.44371, 11.10877], [7.44514, 11.11246], [7.44177, 11.12145]]]}, "properties": {"name": "Wazata", "lga": "Giwa", "state": "kd"}}, {"type": "Feature", "geometry": {"type": "Polygon", "coordinates": [[[7.62909, 11.28406], [7.64793, 11.29002], [7.64466, 11.28697], [7.64754, 11.28687], [7.6473, 11.284], [7.6493, 11.28391], [7.6489, 11.28263], [7.6523, 11.28012], [7.65228, 11.27885], [7.65367, 11.27921], [7.65274, 11.27807], [7.65572, 11.27847], [7.6613, 11.27638], [7.66192, 11.27762], [7.66427, 11.27543], [7.66619, 11.27543], [7.66596, 11.27445], [7.66786, 11.27427], [7.66811, 11.27522], [7.66824, 11.27375], [7.6697, 11.27348], [7.65684, 11.25282], [7.64616, 11.24651], [7.63487, 11.24456], [7.63625, 11.25185], [7.63739, 11.25229], [7.63705, 11.25545], [7.63583, 11.25541], [7.63437, 11.26912], [7.63077, 11.27108], [7.63123, 11.2793], [7.63057, 11.28112], [7.6293, 11.28371], [7.62909, 11.28406]]]}, "properties": {"name": "Hunkuyi", "lga": "Kudan", "state": "kd"}}, {"type": "Feature", "geometry": {"type": "MultiPolygon", "coordinates": [[[[8.48465, 9.76406], [8.47312, 9.77682], [8.46628, 9.78605], [8.46731, 9.7922], [8.47167, 9.79824], [8.47194, 9.79884], [8.47225, 9.80106], [8.47226, 9.80194], [8.49254, 9.8105], [8.50473, 9.80874], [8.50573, 9.80877], [8.50456, 9.79314], [8.50174, 9.78706], [8.49604, 9.78143], [8.49292, 9.77965], [8.4874, 9.7708], [8.48465, 9.76406]]], [[[8.44349, 9.87782], [8.45569, 9.8821], [8.46728, 9.87863], [8.47295, 9.88073], [8.48314, 9.86845], [8.49556, 9.87148], [8.49828, 9.87215], [8.50578, 9.86958], [8.50817, 9.86616], [8.50962, 9.86508], [8.50923, 9.86227], [8.50807, 9.85399], [8.50791, 9.85356], [8.51069, 9.84842], [8.51192, 9.84141], [8.50987, 9.83836], [8.50561, 9.83868], [8.50467, 9.83853], [8.49926, 9.83621], [8.49846, 9.82807], [8.48721, 9.82882], [8.48382, 9.82297], [8.4799, 9.82298], [8.46811, 9.83416], [8.46649, 9.83477], [8.46195, 9.83249], [8.45987, 9.83273], [8.45555, 9.83105], [8.44493, 9.82516], [8.44372, 9.82585], [8.43925, 9.83197], [8.42329, 9.83029], [8.42211, 9.83171], [8.41831, 9.83376], [8.41778, 9.83504], [8.41777, 9.83513], [8.41953, 9.83986], [8.41928, 9.84412], [8.41649, 9.85064], [8.40964, 9.8554], [8.42348, 9.86033], [8.42296, 9.86643], [8.42503, 9.87086], [8.43635, 9.86239], [8.4421, 9.86345], [8.44415, 9.86574], [8.44349, 9.87782]]]]}, "properties": {"name": "Zaman Dabo", "lga": "Zangon Kataf", "state": "kd"}}, {"type": "Feature", "geometry": {"type": "Polygon", "coordinates": [[[8.28314, 9.57029], [8.28349, 9.57045], [8.28598, 9.57161], [8.28755, 9.57344], [8.29325, 9.57239], [8.29109, 9.56892], [8.29115, 9.56274], [8.29509, 9.5607], [8.29694, 9.55713], [8.2971, 9.5561], [8.29708, 9.55517], [8.29666, 9.55425], [8.29789, 9.55413], [8.29871, 9.55408], [8.30396, 9.55375], [8.30765, 9.55811], [8.30904, 9.55897], [8.31787, 9.5503], [8.31804, 9.55029], [8.32697, 9.5496], [8.34599, 9.5475], [8.34652, 9.54674], [8.35127, 9.54274], [8.35584, 9.54368], [8.3753, 9.54769], [8.39558, 9.54606], [8.39284, 9.52509], [8.3946, 9.51992], [8.38525, 9.5042], [8.38379, 9.50315], [8.38126, 9.494], [8.37864, 9.48832], [8.37835, 9.48387], [8.37881, 9.4792], [8.37872, 9.46942], [8.37929, 9.46757], [8.38076, 9.45899], [8.37885, 9.44559], [8.37267, 9.44732], [8.34816, 9.46788], [8.34589, 9.47065], [8.33885, 9.4665], [8.29747, 9.44933], [8.28724, 9.44067], [8.27803, 9.44443], [8.24819, 9.45535], [8.24048, 9.47869], [8.23864, 9.48383], [8.23757, 9.48594], [8.23033, 9.50052], [8.22708, 9.50499], [8.23437, 9.52304], [8.23482, 9.52416], [8.24192, 9.52896], [8.24479, 9.53161], [8.25705, 9.5366], [8.2663, 9.53846], [8.26919, 9.54131], [8.27157, 9.56406], [8.28314, 9.57029]]]}, "properties": {"name": "Kaninkon", "lga": "Jema'A", "state": "kd"}}, {"type": "Feature", "geometry": {"type": "Polygon", "coordinates": [[[8.16328, 10.82149], [8.16085, 10.81531], [8.15662, 10.80846], [8.15348, 10.80584], [8.1491, 10.80423], [8.14802, 10.80102], [8.14495, 10.79662], [8.1266, 10.80896], [8.12147, 10.80066], [8.12006, 10.79987], [8.10952, 10.80168], [8.10421, 10.79967], [8.09198, 10.79578], [8.09074, 10.79683], [8.08716, 10.79984], [8.0836, 10.79775], [8.07787, 10.78802], [8.07079, 10.78352], [8.06601, 10.78195], [8.06329, 10.78099], [8.06068, 10.76716], [8.08688, 10.74033], [8.08667, 10.73393], [8.07462, 10.72454], [8.07444, 10.71886], [8.07517, 10.7064], [8.08068, 10.70103], [8.08675, 10.69699], [8.08767, 10.68981], [8.08876, 10.68134], [8.07817, 10.68353], [8.07528, 10.68571], [8.07199, 10.68598], [8.07002, 10.68576], [8.06913, 10.68588], [8.05768, 10.69555], [8.05436, 10.69474], [8.05065, 10.69147], [8.04972, 10.69065], [8.04883, 10.69045], [8.0479, 10.69106], [8.03268, 10.7009], [8.03205, 10.70139], [8.02831, 10.70064], [8.02342, 10.7043], [8.02127, 10.70591], [8.01925, 10.70767], [8.02185, 10.71567], [8.02284, 10.71704], [8.0246, 10.72075], [8.02475, 10.72756], [8.01552, 10.73885], [8.03068, 10.75022], [8.02044, 10.77051], [8.02103, 10.77101], [8.0266, 10.79847], [8.03878, 10.79943], [8.04167, 10.80131], [8.05587, 10.79672], [8.05865, 10.7985], [8.05956, 10.79972], [8.06222, 10.80549], [8.06566, 10.81077], [8.0731, 10.82947], [8.07282, 10.82976], [8.07235, 10.85395], [8.05419, 10.84437], [8.05038, 10.84391], [8.03382, 10.85287], [8.03324, 10.8543], [8.0387, 10.86211], [8.06762, 10.86265], [8.06673, 10.88247], [8.07135, 10.88717], [8.07438, 10.88944], [8.07678, 10.89346], [8.07735, 10.89899], [8.07777, 10.89975], [8.08011, 10.90341], [8.08245, 10.90736], [8.08176, 10.90945], [8.0814, 10.91535], [8.08041, 10.92023], [8.08915, 10.92357], [8.09568, 10.92409], [8.09885, 10.92451], [8.1053, 10.92514], [8.11564, 10.92903], [8.11778, 10.93123], [8.11995, 10.93386], [8.12328, 10.93867], [8.12481, 10.9317], [8.12997, 10.92889], [8.13379, 10.92686], [8.14562, 10.92325], [8.14915, 10.91874], [8.15706, 10.90071], [8.15861, 10.88619], [8.16055, 10.88503], [8.16348, 10.883], [8.174, 10.87592], [8.16915, 10.86577], [8.16468, 10.85335], [8.16472, 10.85292], [8.15958, 10.84895], [8.15813, 10.84158], [8.15864, 10.83602], [8.15972, 10.82433], [8.16328, 10.82149]]]}, "properties": {"name": "Rahama", "lga": "Soba", "state": "kd"}}, {"type": "Feature", "geometry": {"type": "Polygon", "coordinates": [[[8.46994, 9.60276], [8.4987, 9.57558], [8.48168, 9.56201], [8.47391, 9.55504], [8.45413, 9.53263], [8.45195, 9.53224], [8.44452, 9.53303], [8.44288, 9.5341], [8.41346, 9.54992], [8.41233, 9.55016], [8.40256, 9.55051], [8.39977, 9.56333], [8.39577, 9.57409], [8.39554, 9.57553], [8.39548, 9.58272], [8.39563, 9.58508], [8.39666, 9.58754], [8.40067, 9.59455], [8.40167, 9.59611], [8.38962, 9.6048], [8.37773, 9.60819], [8.3829, 9.61061], [8.37359, 9.61506], [8.37086, 9.61711], [8.36461, 9.62146], [8.35998, 9.62244], [8.35017, 9.62375], [8.34631, 9.62327], [8.3385, 9.62524], [8.33627, 9.63911], [8.33596, 9.6396], [8.32817, 9.64483], [8.32988, 9.64897], [8.33096, 9.65081], [8.33888, 9.65467], [8.34797, 9.64859], [8.35055, 9.65101], [8.34186, 9.65857], [8.34265, 9.66091], [8.349, 9.66091], [8.35442, 9.66528], [8.35841, 9.66539], [8.36246, 9.65717], [8.36266, 9.65676], [8.36814, 9.6582], [8.36943, 9.65843], [8.37202, 9.65935], [8.37529, 9.65937], [8.37751, 9.65885], [8.37829, 9.65702], [8.37923, 9.65425], [8.37916, 9.65398], [8.38496, 9.64636], [8.38483, 9.64489], [8.38462, 9.64463], [8.38074, 9.64008], [8.38076, 9.63839], [8.38391, 9.63475], [8.38487, 9.62991], [8.39063, 9.62684], [8.39072, 9.62673], [8.39106, 9.62639], [8.39383, 9.62198], [8.39551, 9.61954], [8.39473, 9.61903], [8.39995, 9.61308], [8.39949, 9.61255], [8.39782, 9.61095], [8.39749, 9.61069], [8.40516, 9.59764], [8.40524, 9.59766], [8.4148, 9.59946], [8.41503, 9.59954], [8.41717, 9.60439], [8.41989, 9.60704], [8.42053, 9.60741], [8.42443, 9.60802], [8.44355, 9.61023], [8.4443, 9.61029], [8.44499, 9.60993], [8.45385, 9.60277], [8.46994, 9.60276]]]}, "properties": {"name": "Fada", "lga": "Kaura", "state": "kd"}}, {"type": "Feature", "geometry": {"type": "Polygon", "coordinates": [[[7.65943, 10.39245], [7.65809, 10.39907], [7.66417, 10.39869], [7.66883, 10.39944], [7.6732, 10.40243], [7.67976, 10.41181], [7.69546, 10.41192], [7.69639, 10.41002], [7.70089, 10.41181], [7.71684, 10.41304], [7.7192, 10.41162], [7.72124, 10.41169], [7.72536, 10.41183], [7.72594, 10.4113], [7.72856, 10.41013], [7.73271, 10.40006], [7.74206, 10.39878], [7.74878, 10.40293], [7.75766, 10.39642], [7.7571, 10.38664], [7.76296, 10.38269], [7.76517, 10.37219], [7.76597, 10.36188], [7.75377, 10.35843], [7.74811, 10.3538], [7.74504, 10.35117], [7.74347, 10.349], [7.71307, 10.35013], [7.70669, 10.35751], [7.69498, 10.36091], [7.69203, 10.36634], [7.6867, 10.36783], [7.68108, 10.36688], [7.67759, 10.37129], [7.67703, 10.37861], [7.67652, 10.37877], [7.66773, 10.38959], [7.65943, 10.39245]]]}, "properties": {"name": "Kasuwan Magani", "lga": "Kajuru", "state": "kd"}}, {"type": "Feature", "geometry": {"type": "Polygon", "coordinates": [[[8.34715, 9.32969], [8.33042, 9.33804], [8.31998, 9.34278], [8.30841, 9.36912], [8.29649, 9.36996], [8.27002, 9.39736], [8.27091, 9.39873], [8.2747, 9.40762], [8.28422, 9.42451], [8.28757, 9.43497], [8.28724, 9.44067], [8.29747, 9.44933], [8.33885, 9.4665], [8.34589, 9.47065], [8.34816, 9.46788], [8.37267, 9.44732], [8.37885, 9.44559], [8.379, 9.44551], [8.38135, 9.44372], [8.38187, 9.44321], [8.40127, 9.43184], [8.40493, 9.41929], [8.40556, 9.41873], [8.42583, 9.40137], [8.43104, 9.3972], [8.41278, 9.36938], [8.40556, 9.366], [8.3974, 9.3611], [8.3792, 9.3571], [8.37426, 9.35589], [8.36731, 9.35216], [8.3497, 9.33338], [8.34715, 9.32969]]]}, "properties": {"name": "Godogodo", "lga": "Jema'A", "state": "kd"}}, {"type": "Feature", "geometry": {"type": "Polygon", "coordinates": [[[8.32516, 9.58361], [8.32371, 9.58444], [8.33365, 9.59261], [8.33249, 9.59348], [8.33128, 9.59457], [8.33027, 9.59516], [8.32457, 9.59667], [8.3243, 9.60248], [8.32567, 9.60504], [8.32735, 9.60545], [8.33397, 9.60521], [8.3339, 9.60475], [8.33387, 9.6037], [8.33576, 9.59989], [8.33959, 9.59667], [8.35792, 9.58911], [8.35916, 9.59034], [8.36507, 9.59398], [8.36598, 9.5935], [8.36692, 9.59238], [8.36906, 9.59263], [8.3718, 9.59587], [8.37267, 9.59576], [8.37591, 9.59643], [8.37736, 9.59761], [8.37796, 9.59711], [8.38025, 9.5967], [8.38292, 9.59793], [8.38311, 9.59813], [8.38338, 9.59826], [8.38758, 9.59831], [8.39666, 9.58754], [8.39563, 9.58508], [8.39548, 9.58272], [8.39554, 9.57553], [8.39577, 9.57409], [8.39977, 9.56333], [8.40256, 9.55051], [8.39636, 9.5466], [8.39558, 9.54606], [8.3753, 9.54769], [8.35584, 9.54368], [8.35127, 9.54274], [8.34652, 9.54674], [8.34599, 9.5475], [8.34219, 9.56305], [8.34153, 9.56575], [8.34176, 9.56823], [8.3338, 9.57824], [8.32516, 9.58361]]]}, "properties": {"name": "Agban", "lga": "Kaura", "state": "kd"}}, {"type": "Feature", "geometry": {"type": "Polygon", "coordinates": [[[8.10474, 9.44772], [8.10295, 9.44072], [8.09732, 9.43322], [8.09317, 9.42879], [8.0735, 9.41579], [8.07, 9.41679], [8.06299, 9.41148], [8.05344, 9.40196], [8.045, 9.39354], [8.0471, 9.38846], [8.0478, 9.38759], [8.04924, 9.38607], [8.05677, 9.37815], [8.05887, 9.3698], [8.05909, 9.35825], [8.04614, 9.35746], [8.04325, 9.35741], [8.03927, 9.36005], [8.03837, 9.36064], [8.03382, 9.36239], [8.03023, 9.36181], [8.0273, 9.36586], [8.02613, 9.36776], [8.01902, 9.37513], [8.01491, 9.37811], [8.02514, 9.39224], [8.02935, 9.39803], [8.02144, 9.40083], [8.01284, 9.40456], [7.99909, 9.40333], [7.99826, 9.40532], [7.99511, 9.41208], [8.00066, 9.42209], [8.00776, 9.41873], [8.01002, 9.4179], [8.0111, 9.41922], [8.01191, 9.42497], [8.01184, 9.42539], [8.01645, 9.42849], [8.02475, 9.43576], [8.02485, 9.43573], [8.02896, 9.43639], [8.03352, 9.43627], [8.03769, 9.43833], [8.03793, 9.43885], [8.03481, 9.4558], [8.03471, 9.45636], [8.032, 9.45893], [8.03206, 9.45915], [8.04359, 9.47385], [8.04325, 9.47543], [8.04054, 9.48093], [8.04088, 9.48274], [8.04526, 9.48521], [8.05466, 9.48878], [8.05557, 9.48915], [8.06842, 9.49118], [8.0722, 9.47956], [8.07142, 9.4726], [8.07177, 9.4658], [8.07492, 9.45968], [8.0762, 9.45822], [8.07841, 9.45778], [8.09066, 9.45529], [8.10474, 9.44772]]]}, "properties": {"name": "Samban", "lga": "Jaba", "state": "kd"}}, {"type": "Feature", "geometry": {"type": "Polygon", "coordinates": [[[7.6067, 10.32969], [7.61965, 10.33112], [7.62412, 10.32824], [7.62412, 10.32804], [7.62707, 10.3243], [7.6366, 10.31522], [7.64488, 10.32052], [7.64922, 10.32243], [7.65264, 10.325], [7.65606, 10.3322], [7.65556, 10.33954], [7.6631, 10.34299], [7.66978, 10.34642], [7.67377, 10.3496], [7.67368, 10.35128], [7.67016, 10.35334], [7.66503, 10.35605], [7.65894, 10.35913], [7.65029, 10.36044], [7.65063, 10.37186], [7.65436, 10.3866], [7.65943, 10.39245], [7.66773, 10.38959], [7.67652, 10.37877], [7.67703, 10.37861], [7.67759, 10.37129], [7.68108, 10.36688], [7.6867, 10.36783], [7.69203, 10.36634], [7.69498, 10.36091], [7.70669, 10.35751], [7.71307, 10.35013], [7.70934, 10.34093], [7.70393, 10.33814], [7.71069, 10.32184], [7.7144, 10.32257], [7.71985, 10.30901], [7.71895, 10.30861], [7.70281, 10.2998], [7.6932, 10.29167], [7.67824, 10.27419], [7.66956, 10.27148], [7.66176, 10.2774], [7.65493, 10.28472], [7.64468, 10.28996], [7.61859, 10.29587], [7.61617, 10.29178], [7.61375, 10.28753], [7.60944, 10.28469], [7.6051, 10.28191], [7.60374, 10.27698], [7.59973, 10.27961], [7.59324, 10.28123], [7.58865, 10.28114], [7.58779, 10.28298], [7.58632, 10.28996], [7.58806, 10.29778], [7.58882, 10.30119], [7.58961, 10.30838], [7.59558, 10.30906], [7.60068, 10.30847], [7.60414, 10.30906], [7.60579, 10.31332], [7.60683, 10.31698], [7.60803, 10.3203], [7.60675, 10.32734], [7.6067, 10.32969]]]}, "properties": {"name": "Kajuru", "lga": "Kajuru", "state": "kd"}}, {"type": "Feature", "geometry": {"type": "Polygon", "coordinates": [[[8.32799, 10.24604], [8.31985, 10.29689], [8.3342, 10.33932], [8.33354, 10.3418], [8.3328, 10.34369], [8.33045, 10.35388], [8.36302, 10.39394], [8.36396, 10.39391], [8.37874, 10.39383], [8.3913, 10.39376], [8.40711, 10.40307], [8.42167, 10.43545], [8.43985, 10.44064], [8.46055, 10.46233], [8.47924, 10.45357], [8.47558, 10.41877], [8.47055, 10.41586], [8.47073, 10.41516], [8.47239, 10.40977], [8.47045, 10.39508], [8.45624, 10.39043], [8.45586, 10.39004], [8.46115, 10.37851], [8.45317, 10.37051], [8.45317, 10.36941], [8.44308, 10.35427], [8.44907, 10.34516], [8.44877, 10.33578], [8.44862, 10.33443], [8.46496, 10.33032], [8.472, 10.33055], [8.47372, 10.3227], [8.47462, 10.31941], [8.47102, 10.30478], [8.4758, 10.30222], [8.47712, 10.30155], [8.47821, 10.29058], [8.47845, 10.28889], [8.4805, 10.28475], [8.47692, 10.27151], [8.47659, 10.27079], [8.48076, 10.26574], [8.4909, 10.26415], [8.49169, 10.25874], [8.49334, 10.25698], [8.4938, 10.25018], [8.49781, 10.24952], [8.50003, 10.24781], [8.50062, 10.24549], [8.508, 10.23774], [8.50999, 10.23286], [8.50686, 10.22963], [8.51052, 10.21424], [8.5104, 10.21385], [8.50381, 10.20528], [8.49572, 10.1981], [8.48032, 10.20775], [8.4704, 10.19912], [8.45679, 10.18728], [8.45611, 10.18614], [8.45595, 10.18431], [8.43953, 10.17607], [8.4268, 10.17504], [8.41534, 10.18856], [8.42429, 10.20925], [8.42026, 10.22624], [8.41835, 10.23097], [8.41891, 10.23388], [8.40424, 10.25422], [8.39797, 10.27365], [8.39589, 10.29442], [8.38423, 10.29915], [8.37944, 10.29575], [8.37589, 10.29176], [8.35305, 10.26604], [8.35296, 10.26579], [8.3372, 10.25097], [8.33335, 10.24856], [8.32799, 10.24604]]]}, "properties": {"name": "Gure Kahugu", "lga": "Lere", "state": "kd"}}, {"type": "Feature", "geometry": {"type": "Polygon", "coordinates": [[[7.92156, 9.34982], [7.90654, 9.32975], [7.91909, 9.31737], [7.89741, 9.30592], [7.8725, 9.28997], [7.8268, 9.27643], [7.80839, 9.27285], [7.79293, 9.2756], [7.77002, 9.29233], [7.76386, 9.29586], [7.75153, 9.307], [7.73119, 9.32614], [7.73753, 9.33283], [7.74838, 9.34176], [7.75362, 9.3467], [7.76844, 9.35699], [7.76525, 9.36686], [7.76423, 9.37099], [7.76401, 9.37791], [7.76676, 9.40297], [7.77704, 9.40427], [7.78126, 9.4065], [7.78155, 9.4065], [7.80133, 9.41624], [7.83016, 9.4138], [7.83041, 9.41321], [7.84067, 9.39872], [7.86777, 9.38395], [7.86812, 9.38385], [7.87649, 9.3832], [7.87693, 9.38317], [7.88228, 9.38054], [7.88596, 9.37888], [7.88974, 9.37411], [7.90039, 9.36453], [7.9149, 9.35583], [7.92156, 9.34982]]]}, "properties": {"name": "Kukuyi", "lga": "Kagarko", "state": "kd"}}, {"type": "Feature", "geometry": {"type": "Polygon", "coordinates": [[[8.29325, 9.57239], [8.28755, 9.57344], [8.28598, 9.57161], [8.28349, 9.57045], [8.28314, 9.57029], [8.2814, 9.57218], [8.2846, 9.58353], [8.28465, 9.58451], [8.28382, 9.58758], [8.29105, 9.58474], [8.29117, 9.585], [8.29164, 9.58612], [8.28877, 9.58716], [8.28901, 9.58808], [8.28937, 9.58899], [8.28986, 9.5903], [8.29321, 9.58845], [8.2926, 9.58666], [8.2964, 9.58528], [8.29534, 9.58465], [8.29418, 9.58404], [8.29372, 9.58379], [8.29461, 9.58251], [8.29523, 9.58164], [8.29644, 9.58161], [8.29785, 9.58149], [8.298, 9.5815], [8.29325, 9.57239]]]}, "properties": {"name": "Kafanchan A", "lga": "Jema'A", "state": "kd"}}, {"type": "Feature", "geometry": {"type": "Polygon", "coordinates": [[[8.10295, 9.44072], [8.10474, 9.44772], [8.11736, 9.45414], [8.11762, 9.45428], [8.12847, 9.45327], [8.14049, 9.45297], [8.14055, 9.45295], [8.15247, 9.45676], [8.16076, 9.46005], [8.17354, 9.45785], [8.18405, 9.45276], [8.18795, 9.45225], [8.20226, 9.44289], [8.21557, 9.43876], [8.20764, 9.42021], [8.19226, 9.42027], [8.19042, 9.41718], [8.18863, 9.4111], [8.18719, 9.40563], [8.19879, 9.40264], [8.19914, 9.39174], [8.20094, 9.38639], [8.2008, 9.38236], [8.2134, 9.37174], [8.21357, 9.3706], [8.20546, 9.36393], [8.20412, 9.36214], [8.20527, 9.3587], [8.20992, 9.35281], [8.21119, 9.34838], [8.20952, 9.34408], [8.21312, 9.33593], [8.20767, 9.3258], [8.21301, 9.31711], [8.21295, 9.31662], [8.21395, 9.30707], [8.21205, 9.30417], [8.19489, 9.30217], [8.19002, 9.29328], [8.18999, 9.29118], [8.19055, 9.28967], [8.18749, 9.27028], [8.18292, 9.26881], [8.18206, 9.26823], [8.18127, 9.26671], [8.18648, 9.23855], [8.17747, 9.23442], [8.17268, 9.22294], [8.17261, 9.22262], [8.14984, 9.22867], [8.14368, 9.21711], [8.13042, 9.2154], [8.10769, 9.22897], [8.11804, 9.23451], [8.1381, 9.23968], [8.14926, 9.24231], [8.14983, 9.24333], [8.14884, 9.25737], [8.14253, 9.26012], [8.13848, 9.262], [8.13247, 9.26951], [8.13877, 9.28356], [8.14115, 9.28623], [8.14141, 9.2922], [8.1543, 9.30144], [8.1482, 9.3186], [8.14754, 9.3191], [8.13868, 9.31917], [8.12531, 9.31928], [8.13836, 9.34461], [8.13812, 9.34483], [8.13452, 9.35398], [8.12558, 9.37245], [8.13092, 9.38172], [8.13237, 9.38415], [8.13247, 9.38778], [8.13169, 9.38877], [8.13079, 9.39131], [8.12943, 9.3957], [8.1309, 9.40255], [8.13226, 9.40965], [8.12507, 9.41965], [8.1248, 9.42033], [8.12219, 9.42331], [8.11388, 9.42473], [8.10295, 9.44072]]]}, "properties": {"name": "Asso", "lga": "Jema'A", "state": "kd"}}, {"type": "Feature", "geometry": {"type": "Polygon", "coordinates": [[[8.3894, 9.17219], [8.38978, 9.17399], [8.40246, 9.1964], [8.4051, 9.19681], [8.42702, 9.19139], [8.42741, 9.19109], [8.44517, 9.19473], [8.45018, 9.19023], [8.45487, 9.19064], [8.47225, 9.19655], [8.47242, 9.20176], [8.47228, 9.20353], [8.47584, 9.2098], [8.48396, 9.20909], [8.48775, 9.21472], [8.50066, 9.21398], [8.50065, 9.2133], [8.50222, 9.20587], [8.49442, 9.18542], [8.49301, 9.17985], [8.49562, 9.17776], [8.49754, 9.16036], [8.49846, 9.15719], [8.49848, 9.15714], [8.50942, 9.1525], [8.51036, 9.14602], [8.51072, 9.14475], [8.50731, 9.13545], [8.50735, 9.13544], [8.51383, 9.12873], [8.51094, 9.12343], [8.51416, 9.11616], [8.50815, 9.10977], [8.50621, 9.10646], [8.50469, 9.10536], [8.50716, 9.09864], [8.50869, 9.09267], [8.51119, 9.09104], [8.51536, 9.08226], [8.50651, 9.07197], [8.50849, 9.06547], [8.50853, 9.06441], [8.4816, 9.04905], [8.47908, 9.0522], [8.47656, 9.05535], [8.47437, 9.06997], [8.47392, 9.07297], [8.44661, 9.11262], [8.44197, 9.11648], [8.43697, 9.12065], [8.43075, 9.12583], [8.41842, 9.13993], [8.41296, 9.14518], [8.40176, 9.15594], [8.39551, 9.16195], [8.39178, 9.16817], [8.38969, 9.1717], [8.3894, 9.17219]]]}, "properties": {"name": "Ninzo West", "lga": "Sanga", "state": "kd"}}, {"type": "Feature", "geometry": {"type": "Polygon", "coordinates": [[[7.87154, 9.69901], [7.86634, 9.71371], [7.86633, 9.71377], [7.8654, 9.72123], [7.86705, 9.73507], [7.87256, 9.73979], [7.87356, 9.74865], [7.86543, 9.7697], [7.85902, 9.77847], [7.85774, 9.7837], [7.85387, 9.7889], [7.85071, 9.79354], [7.84525, 9.80119], [7.84534, 9.80141], [7.84682, 9.80285], [7.85007, 9.81852], [7.84713, 9.83964], [7.84488, 9.84572], [7.82701, 9.84143], [7.82326, 9.84414], [7.82129, 9.85805], [7.80669, 9.86247], [7.80316, 9.86086], [7.79092, 9.862], [7.77101, 9.88752], [7.76927, 9.88514], [7.76447, 9.85632], [7.76727, 9.84818], [7.74799, 9.83906], [7.74128, 9.83674], [7.72007, 9.81797], [7.71177, 9.83328], [7.66789, 9.83847], [7.67005, 9.84662], [7.67106, 9.86818], [7.64513, 9.88319], [7.6446, 9.88178], [7.64929, 9.85524], [7.64827, 9.85519], [7.62614, 9.8608], [7.62152, 9.85612], [7.61919, 9.85733], [7.60549, 9.87648], [7.6061, 9.87792], [7.60607, 9.8783], [7.61451, 9.911], [7.63767, 9.91219], [7.64765, 9.94125], [7.64721, 9.94501], [7.60722, 9.96007], [7.59793, 9.96971], [7.59057, 9.98021], [7.59127, 9.98246], [7.60198, 9.99498], [7.6497, 9.97991], [7.65913, 10.0138], [7.69056, 10.00483], [7.69696, 10.01313], [7.7092, 10.02208], [7.72052, 10.02021], [7.73363, 10.01384], [7.73607, 10.01243], [7.74308, 9.98383], [7.74808, 9.97804], [7.76154, 9.9883], [7.76638, 9.99567], [7.77814, 9.99863], [7.78279, 9.99966], [7.7916, 10.00379], [7.80198, 9.99987], [7.81074, 9.98637], [7.82123, 9.98361], [7.83559, 9.97404], [7.83576, 9.93378], [7.84257, 9.93119], [7.86015, 9.89201], [7.87151, 9.88658], [7.87289, 9.88587], [7.89552, 9.89222], [7.90874, 9.878], [7.9073, 9.87063], [7.91903, 9.85783], [7.92549, 9.85747], [7.93428, 9.85479], [7.94029, 9.84599], [7.9393, 9.84236], [7.9461, 9.82902], [7.94622, 9.82799], [7.94656, 9.82607], [7.9544, 9.81643], [7.954, 9.81206], [7.95389, 9.81177], [7.94733, 9.80198], [7.9341, 9.78845], [7.93223, 9.78793], [7.92713, 9.78654], [7.92215, 9.77577], [7.93536, 9.74932], [7.93156, 9.74072], [7.93046, 9.73973], [7.92751, 9.73153], [7.92383, 9.72702], [7.92004, 9.72054], [7.90521, 9.71669], [7.90479, 9.71596], [7.89754, 9.70063], [7.8972, 9.69882], [7.87154, 9.69901]]]}, "properties": {"name": "Ankwa", "lga": "Kachia", "state": "kd"}}, {"type": "Feature", "geometry": {"type": "Polygon", "coordinates": [[[7.48705, 10.56254], [7.48544, 10.56489], [7.48301, 10.56678], [7.47294, 10.56847], [7.47038, 10.57693], [7.47106, 10.58128], [7.46673, 10.58423], [7.46522, 10.58347], [7.46003, 10.58458], [7.46018, 10.58543], [7.4606, 10.58879], [7.46076, 10.59046], [7.46123, 10.59046], [7.46172, 10.59058], [7.46223, 10.58987], [7.46278, 10.59022], [7.46342, 10.5906], [7.46407, 10.59101], [7.46401, 10.59223], [7.46396, 10.5932], [7.46146, 10.59754], [7.45913, 10.59873], [7.45859, 10.59855], [7.45754, 10.59849], [7.45502, 10.60112], [7.4561, 10.60215], [7.46325, 10.60828], [7.46505, 10.61029], [7.46271, 10.61201], [7.46125, 10.61043], [7.46045, 10.61165], [7.45546, 10.61338], [7.45308, 10.61683], [7.45132, 10.61861], [7.443, 10.61515], [7.43512, 10.61148], [7.43424, 10.61103], [7.43193, 10.62351], [7.43363, 10.63117], [7.4351, 10.63921], [7.43188, 10.6454], [7.4432, 10.65682], [7.44868, 10.65898], [7.45544, 10.66828], [7.46067, 10.66668], [7.4636, 10.66238], [7.47141, 10.66071], [7.47498, 10.66061], [7.47661, 10.66103], [7.4814, 10.66561], [7.48484, 10.66623], [7.4981, 10.66098], [7.50364, 10.66417], [7.50508, 10.66485], [7.5127, 10.66745], [7.52485, 10.65394], [7.52874, 10.64507], [7.5309, 10.63635], [7.54249, 10.63568], [7.54925, 10.62975], [7.55009, 10.62714], [7.54204, 10.61961], [7.54147, 10.61748], [7.5356, 10.60849], [7.53457, 10.60822], [7.52885, 10.59992], [7.53798, 10.59054], [7.54245, 10.59164], [7.54734, 10.59624], [7.55378, 10.59564], [7.56368, 10.60113], [7.5688, 10.61291], [7.57805, 10.61036], [7.58126, 10.60895], [7.5995, 10.62148], [7.59982, 10.62196], [7.6056, 10.62152], [7.61596, 10.61998], [7.61848, 10.61563], [7.61865, 10.61558], [7.63211, 10.60715], [7.63232, 10.604], [7.62709, 10.59227], [7.62955, 10.58564], [7.62318, 10.57946], [7.61987, 10.57592], [7.6198, 10.57592], [7.60205, 10.58779], [7.59716, 10.58693], [7.59701, 10.58668], [7.57581, 10.57614], [7.57346, 10.5728], [7.56443, 10.58033], [7.55935, 10.58174], [7.55101, 10.57901], [7.54724, 10.57176], [7.53599, 10.57068], [7.53071, 10.57065], [7.5287, 10.57054], [7.5276, 10.57217], [7.52171, 10.57157], [7.52142, 10.56769], [7.52076, 10.55862], [7.51729, 10.55956], [7.5065, 10.56072], [7.49432, 10.56533], [7.48853, 10.56379], [7.48705, 10.56254]]]}, "properties": {"name": "Rigachikun", "lga": "Igabi", "state": "kd"}}, {"type": "Feature", "geometry": {"type": "Polygon", "coordinates": [[[8.10769, 9.22897], [8.08724, 9.23074], [8.08346, 9.23681], [8.07823, 9.2452], [8.07808, 9.24633], [8.07285, 9.25226], [8.06093, 9.26576], [8.0442, 9.27327], [8.01492, 9.2849], [8, 9.29288], [7.99769, 9.29411], [7.99667, 9.29466], [7.98393, 9.29785], [7.94057, 9.31418], [8.00833, 9.32313], [8.012, 9.32536], [8.01757, 9.33013], [8.01713, 9.33148], [8.01697, 9.33169], [8.01625, 9.33267], [8.02102, 9.34294], [8.02395, 9.34355], [8.02489, 9.34363], [8.02548, 9.34357], [8.027, 9.34321], [8.0275, 9.3431], [8.03349, 9.34029], [8.03447, 9.34035], [8.03581, 9.3407], [8.03579, 9.34494], [8.03566, 9.34699], [8.03175, 9.34972], [8.03149, 9.34991], [8.02683, 9.3559], [8.02622, 9.3569], [8.03023, 9.36181], [8.03382, 9.36239], [8.03837, 9.36064], [8.03927, 9.36005], [8.04325, 9.35741], [8.04614, 9.35746], [8.05909, 9.35825], [8.05887, 9.3698], [8.05677, 9.37815], [8.04924, 9.38607], [8.0478, 9.38759], [8.0471, 9.38846], [8.045, 9.39354], [8.05344, 9.40196], [8.06299, 9.41148], [8.07, 9.41679], [8.0735, 9.41579], [8.09317, 9.42879], [8.09732, 9.43322], [8.10295, 9.44072], [8.11388, 9.42473], [8.12219, 9.42331], [8.1248, 9.42033], [8.12507, 9.41965], [8.13226, 9.40965], [8.1309, 9.40255], [8.12943, 9.3957], [8.13079, 9.39131], [8.13169, 9.38877], [8.13247, 9.38778], [8.13237, 9.38415], [8.13092, 9.38172], [8.12558, 9.37245], [8.13452, 9.35398], [8.13812, 9.34483], [8.13836, 9.34461], [8.12531, 9.31928], [8.13868, 9.31917], [8.14754, 9.3191], [8.1482, 9.3186], [8.1543, 9.30144], [8.14141, 9.2922], [8.14115, 9.28623], [8.13877, 9.28356], [8.13247, 9.26951], [8.13848, 9.262], [8.14253, 9.26012], [8.14884, 9.25737], [8.14983, 9.24333], [8.14926, 9.24231], [8.1381, 9.23968], [8.11804, 9.23451], [8.10769, 9.22897]]]}, "properties": {"name": "Barde", "lga": "Jema'A", "state": "kd"}}, {"type": "Feature", "geometry": {"type": "Polygon", "coordinates": [[[7.44799, 10.42468], [7.44713, 10.42661], [7.4489, 10.43073], [7.44862, 10.43758], [7.44966, 10.43936], [7.44764, 10.44722], [7.44971, 10.44974], [7.44798, 10.45005], [7.44934, 10.45722], [7.45427, 10.4582], [7.45482, 10.46324], [7.4571, 10.46364], [7.46208, 10.46832], [7.47097, 10.47145], [7.47205, 10.46693], [7.47228, 10.4664], [7.4793, 10.46102], [7.47709, 10.45932], [7.48358, 10.45326], [7.48759, 10.4521], [7.48816, 10.45229], [7.4888, 10.45242], [7.49456, 10.44176], [7.48994, 10.42163], [7.48148, 10.41165], [7.47982, 10.41021], [7.47826, 10.40932], [7.47519, 10.4134], [7.47399, 10.41267], [7.47144, 10.41515], [7.47063, 10.41735], [7.4689, 10.41765], [7.46756, 10.41624], [7.46633, 10.41761], [7.4671, 10.41964], [7.46443, 10.42051], [7.46337, 10.42239], [7.46223, 10.42143], [7.46017, 10.42526], [7.45843, 10.42406], [7.45759, 10.42649], [7.45585, 10.42505], [7.45205, 10.42629], [7.4499, 10.4229], [7.44799, 10.42468]]]}, "properties": {"name": "Sabon Tasha", "lga": "Chikun", "state": "kd"}}, {"type": "Feature", "geometry": {"type": "Polygon", "coordinates": [[[8.67119, 10.38505], [8.66715, 10.38149], [8.65889, 10.38067], [8.65853, 10.38049], [8.65011, 10.38027], [8.6345, 10.39771], [8.63708, 10.40188], [8.64061, 10.41465], [8.64905, 10.41722], [8.66037, 10.42807], [8.66077, 10.43477], [8.66453, 10.44005], [8.66543, 10.44072], [8.66669, 10.44196], [8.66918, 10.43945], [8.67352, 10.43642], [8.67695, 10.43492], [8.6803, 10.43609], [8.6831, 10.43764], [8.68401, 10.43683], [8.68707, 10.43217], [8.6975, 10.42952], [8.70338, 10.42287], [8.70046, 10.41112], [8.70024, 10.41095], [8.69866, 10.40947], [8.69659, 10.4079], [8.69203, 10.4085], [8.68717, 10.40207], [8.67667, 10.40281], [8.67507, 10.40205], [8.67206, 10.39538], [8.67173, 10.38768], [8.67119, 10.38505]]]}, "properties": {"name": "Saminaka", "lga": "Lere", "state": "kd"}}, {"type": "Feature", "geometry": {"type": "Polygon", "coordinates": [[[7.96833, 9.49838], [7.98426, 9.51005], [7.98719, 9.50589], [7.98775, 9.50506], [7.98801, 9.50465], [7.98813, 9.50238], [7.9883, 9.50224], [7.99705, 9.49524], [8.0023, 9.48326], [8.00427, 9.48331], [8.00525, 9.48236], [8.00613, 9.48135], [8.00787, 9.47996], [8.01304, 9.47755], [8.01876, 9.47433], [8.01898, 9.4741], [8.01912, 9.467], [8.0203, 9.46189], [8.01797, 9.46014], [8.01611, 9.45861], [8.015, 9.45852], [8.01418, 9.45845], [8.00945, 9.46079], [8.0031, 9.46163], [8.00312, 9.46043], [8.00319, 9.46019], [8.00311, 9.46006], [7.99719, 9.45327], [7.99269, 9.4508], [7.99107, 9.4503], [7.98871, 9.45393], [7.98101, 9.46191], [7.98235, 9.46482], [7.98483, 9.46964], [7.98665, 9.48041], [7.98609, 9.48099], [7.98392, 9.4819], [7.96833, 9.49838]]]}, "properties": {"name": "Sabzuro", "lga": "Jaba", "state": "kd"}}, {"type": "Feature", "geometry": {"type": "Polygon", "coordinates": [[[8.5187, 11.16232], [8.51478, 11.15734], [8.513, 11.15393], [8.50993, 11.1512], [8.50822, 11.14197], [8.50605, 11.13224], [8.50187, 11.13133], [8.49681, 11.12972], [8.47889, 11.11337], [8.47275, 11.1133], [8.46791, 11.11372], [8.4607, 11.11567], [8.45357, 11.11595], [8.44542, 11.11537], [8.43169, 11.10951], [8.42494, 11.10651], [8.42267, 11.10573], [8.41584, 11.10727], [8.41157, 11.10847], [8.40851, 11.11024], [8.4063, 11.11588], [8.40444, 11.12078], [8.40468, 11.12943], [8.40791, 11.13883], [8.40644, 11.1459], [8.40166, 11.15387], [8.39204, 11.15898], [8.38588, 11.16205], [8.37633, 11.16695], [8.36382, 11.16887], [8.36036, 11.17171], [8.37123, 11.17948], [8.37771, 11.18854], [8.3961, 11.19176], [8.40175, 11.18996], [8.41544, 11.17804], [8.42079, 11.1783], [8.42143, 11.17781], [8.42496, 11.17652], [8.42802, 11.17786], [8.43175, 11.18052], [8.42423, 11.19538], [8.42534, 11.19879], [8.43068, 11.20476], [8.43217, 11.20567], [8.43567, 11.20798], [8.43778, 11.21002], [8.44341, 11.20591], [8.44608, 11.20454], [8.44718, 11.20398], [8.45749, 11.18411], [8.46187, 11.17177], [8.46465, 11.1696], [8.46686, 11.16813], [8.47007, 11.16932], [8.47328, 11.16666], [8.47792, 11.16498], [8.48341, 11.16162], [8.4874, 11.16162], [8.49182, 11.16253], [8.4976, 11.1626], [8.50209, 11.1589], [8.50611, 11.15821], [8.509, 11.15862], [8.51093, 11.16046], [8.51465, 11.16304], [8.5187, 11.16232]]]}, "properties": {"name": "Pala", "lga": "Ikara", "state": "kd"}}, {"type": "Feature", "geometry": {"type": "Polygon", "coordinates": [[[7.86601, 11.34908], [7.86364, 11.35041], [7.86946, 11.36337], [7.8633, 11.36375], [7.86073, 11.35804], [7.8567, 11.35873], [7.85502, 11.36102], [7.85562, 11.36619], [7.85839, 11.36855], [7.85647, 11.37209], [7.85734, 11.37217], [7.85711, 11.37321], [7.85613, 11.3731], [7.85549, 11.37307], [7.85434, 11.37812], [7.85585, 11.37823], [7.85675, 11.38484], [7.85932, 11.38532], [7.86604, 11.38178], [7.8693, 11.38384], [7.87892, 11.38623], [7.87898, 11.39195], [7.88225, 11.39511], [7.88265, 11.39946], [7.88912, 11.40524], [7.89663, 11.41894], [7.8931, 11.42419], [7.89295, 11.42516], [7.89302, 11.42607], [7.89302, 11.42637], [7.89679, 11.42765], [7.89861, 11.43108], [7.90331, 11.43231], [7.90691, 11.43139], [7.9094, 11.43352], [7.91334, 11.43455], [7.91604, 11.4291], [7.91611, 11.42067], [7.91861, 11.4216], [7.92019, 11.41589], [7.92056, 11.41598], [7.92197, 11.41658], [7.92218, 11.41357], [7.92399, 11.41383], [7.9233, 11.41096], [7.92117, 11.4108], [7.92001, 11.40736], [7.89847, 11.39277], [7.893, 11.38588], [7.88744, 11.38127], [7.88823, 11.37825], [7.88469, 11.37768], [7.87664, 11.37252], [7.87763, 11.37107], [7.87806, 11.37052], [7.87815, 11.36342], [7.87504, 11.35566], [7.87454, 11.35581], [7.87369, 11.35589], [7.87302, 11.35549], [7.86601, 11.34908]]]}, "properties": {"name": "Tudun Wada", "lga": "Makarfi", "state": "kd"}}, {"type": "Feature", "geometry": {"type": "Polygon", "coordinates": [[[7.91153, 11.27374], [7.9134, 11.28167], [7.91918, 11.28205], [7.9177, 11.29121], [7.91947, 11.29809], [7.92003, 11.29835], [7.92221, 11.29858], [7.92425, 11.29871], [7.92482, 11.29843], [7.92622, 11.29726], [7.93426, 11.29645], [7.93429, 11.29659], [7.93425, 11.29762], [7.93914, 11.30126], [7.93942, 11.30246], [7.93927, 11.30302], [7.93952, 11.3033], [7.94322, 11.30579], [7.95261, 11.30273], [7.95358, 11.30178], [7.95369, 11.30131], [7.96061, 11.30996], [7.96617, 11.3146], [7.96694, 11.31649], [7.96781, 11.31748], [7.96725, 11.32741], [7.96873, 11.32704], [7.96979, 11.32697], [7.97067, 11.32716], [7.96965, 11.33221], [7.97079, 11.3323], [7.97234, 11.33257], [7.97483, 11.33348], [7.97121, 11.33914], [7.97127, 11.33958], [7.97234, 11.34002], [7.97413, 11.3407], [7.97266, 11.34293], [7.97208, 11.34443], [7.97216, 11.34499], [7.97672, 11.35004], [7.98657, 11.35401], [7.98758, 11.34744], [7.99078, 11.34436], [7.99083, 11.34307], [7.99095, 11.3425], [7.99274, 11.33957], [7.99637, 11.33639], [8.0039, 11.34022], [8.01118, 11.34217], [8.01627, 11.33442], [8.01538, 11.32866], [8.02105, 11.33182], [8.02422, 11.32746], [8.02155, 11.3229], [8.02383, 11.31175], [8.02045, 11.30711], [8.01907, 11.30231], [8.01292, 11.30211], [8.00902, 11.29199], [8.00881, 11.28757], [8.00349, 11.28706], [8.0033, 11.28305], [8.00115, 11.27872], [8.0019, 11.27561], [8.00369, 11.27402], [7.99211, 11.26588], [7.99134, 11.26445], [7.99077, 11.26332], [7.99055, 11.26255], [7.98779, 11.26282], [7.9872, 11.26308], [7.98656, 11.2635], [7.98595, 11.26068], [7.98265, 11.26093], [7.9812, 11.25655], [7.98136, 11.25513], [7.98208, 11.25219], [7.982, 11.25068], [7.98155, 11.25045], [7.98069, 11.24996], [7.97553, 11.23373], [7.96971, 11.2235], [7.9688, 11.2164], [7.96736, 11.21615], [7.96653, 11.21633], [7.96564, 11.21711], [7.96359, 11.22708], [7.96219, 11.22886], [7.96014, 11.23014], [7.95251, 11.22653], [7.9512, 11.22647], [7.94965, 11.22653], [7.94876, 11.22603], [7.94677, 11.22463], [7.94583, 11.22369], [7.94602, 11.24722], [7.93898, 11.25387], [7.93454, 11.25268], [7.93213, 11.25209], [7.92556, 11.25662], [7.927, 11.25725], [7.92969, 11.25867], [7.93166, 11.25994], [7.93819, 11.26571], [7.93851, 11.27136], [7.93882, 11.27212], [7.93936, 11.27299], [7.93987, 11.27358], [7.92662, 11.27766], [7.91568, 11.27343], [7.91153, 11.27374]]]}, "properties": {"name": "Meyari", "lga": "Makarfi", "state": "kd"}}, {"type": "Feature", "geometry": {"type": "Polygon", "coordinates": [[[8.28682, 10.79051], [8.29893, 10.79488], [8.31874, 10.80466], [8.31878, 10.80481], [8.31801, 10.80864], [8.31645, 10.80981], [8.31083, 10.81949], [8.3156, 10.84026], [8.31656, 10.84237], [8.3184, 10.84229], [8.32682, 10.8367], [8.33292, 10.83543], [8.33705, 10.83348], [8.34779, 10.83502], [8.36048, 10.83881], [8.36999, 10.82633], [8.37024, 10.82621], [8.38294, 10.82119], [8.3855, 10.8215], [8.3983, 10.81366], [8.40116, 10.80876], [8.40283, 10.80709], [8.41371, 10.79143], [8.41391, 10.78604], [8.41731, 10.78053], [8.42895, 10.77945], [8.43375, 10.77512], [8.43508, 10.76913], [8.44486, 10.76053], [8.44669, 10.75645], [8.44651, 10.73962], [8.44689, 10.73213], [8.43371, 10.73072], [8.43259, 10.73116], [8.41924, 10.73408], [8.41414, 10.73658], [8.39945, 10.7321], [8.39064, 10.72763], [8.36949, 10.70695], [8.37206, 10.69568], [8.3709, 10.6737], [8.3658, 10.66983], [8.36278, 10.6677], [8.35459, 10.66441], [8.341, 10.66108], [8.33688, 10.6574], [8.33484, 10.65166], [8.33446, 10.65121], [8.31057, 10.64865], [8.30133, 10.66489], [8.30503, 10.6693], [8.30791, 10.68197], [8.30868, 10.6898], [8.31637, 10.69553], [8.31663, 10.69608], [8.31388, 10.69985], [8.30465, 10.71751], [8.28826, 10.70939], [8.28493, 10.70607], [8.28298, 10.7047], [8.28184, 10.70503], [8.27729, 10.70713], [8.27011, 10.72078], [8.2705, 10.72755], [8.28764, 10.73513], [8.29244, 10.7388], [8.29245, 10.74409], [8.28904, 10.75248], [8.27815, 10.75568], [8.26687, 10.76286], [8.26735, 10.76351], [8.27569, 10.77051], [8.28504, 10.7842], [8.28707, 10.78869], [8.28682, 10.79051]]]}, "properties": {"name": "Kareh", "lga": "Kubau", "state": "kd"}}, {"type": "Feature", "geometry": {"type": "Polygon", "coordinates": [[[8.41622, 10.4442], [8.42167, 10.43545], [8.40711, 10.40307], [8.3913, 10.39376], [8.37874, 10.39383], [8.36396, 10.39391], [8.36302, 10.39394], [8.33045, 10.35388], [8.3328, 10.34369], [8.33354, 10.3418], [8.3342, 10.33932], [8.31985, 10.29689], [8.2929, 10.30017], [8.28774, 10.299], [8.28561, 10.29789], [8.27812, 10.29815], [8.27743, 10.29886], [8.2685, 10.3022], [8.26399, 10.30666], [8.26302, 10.30747], [8.26233, 10.30827], [8.23878, 10.30677], [8.23081, 10.29983], [8.22889, 10.29623], [8.22919, 10.29459], [8.21809, 10.27848], [8.18926, 10.28913], [8.19197, 10.30053], [8.1883, 10.30311], [8.17758, 10.30697], [8.17642, 10.31136], [8.17604, 10.31501], [8.17703, 10.32034], [8.18235, 10.32394], [8.18655, 10.32857], [8.18191, 10.3363], [8.18128, 10.33721], [8.17921, 10.34023], [8.17518, 10.34208], [8.17027, 10.36006], [8.17144, 10.36053], [8.1762, 10.36991], [8.18027, 10.37204], [8.19486, 10.37738], [8.19581, 10.37942], [8.19897, 10.38089], [8.20329, 10.39165], [8.19637, 10.40282], [8.19962, 10.41082], [8.20184, 10.41232], [8.20923, 10.41982], [8.21002, 10.43444], [8.21834, 10.44453], [8.22022, 10.44512], [8.22641, 10.4653], [8.22653, 10.47003], [8.22784, 10.4734], [8.25033, 10.48758], [8.25999, 10.48388], [8.27184, 10.49128], [8.26917, 10.50047], [8.28461, 10.50881], [8.28423, 10.5144], [8.28445, 10.51467], [8.30452, 10.51741], [8.31297, 10.52413], [8.31912, 10.52703], [8.32242, 10.50911], [8.32236, 10.50895], [8.32118, 10.5035], [8.32027, 10.49376], [8.33873, 10.49032], [8.34932, 10.49282], [8.37565, 10.4716], [8.38103, 10.47313], [8.40256, 10.45543], [8.41622, 10.4442]]]}, "properties": {"name": "Kwassam", "lga": "Kauru", "state": "kd"}}, {"type": "Feature", "geometry": {"type": "Polygon", "coordinates": [[[8.2281, 10.8033], [8.24529, 10.8268], [8.25222, 10.81951], [8.2604, 10.81873], [8.26588, 10.82113], [8.26828, 10.82145], [8.27772, 10.82447], [8.28201, 10.80956], [8.28565, 10.80678], [8.28708, 10.80385], [8.28661, 10.79364], [8.28682, 10.79051], [8.28707, 10.78869], [8.28504, 10.7842], [8.27569, 10.77051], [8.26735, 10.76351], [8.26687, 10.76286], [8.27815, 10.75568], [8.28904, 10.75248], [8.29245, 10.74409], [8.29244, 10.7388], [8.28764, 10.73513], [8.2705, 10.72755], [8.27011, 10.72078], [8.27729, 10.70713], [8.2624, 10.69792], [8.26078, 10.69674], [8.25906, 10.69524], [8.25179, 10.69385], [8.24241, 10.6983], [8.23939, 10.70161], [8.23609, 10.70044], [8.20371, 10.70343], [8.20355, 10.70441], [8.20133, 10.70895], [8.20383, 10.71843], [8.20199, 10.7346], [8.20201, 10.73473], [8.19597, 10.73569], [8.18744, 10.73235], [8.18721, 10.74439], [8.18501, 10.74685], [8.18392, 10.74967], [8.18239, 10.75172], [8.17722, 10.75487], [8.17256, 10.76207], [8.1692, 10.77465], [8.16913, 10.77583], [8.17158, 10.7796], [8.17208, 10.78007], [8.17953, 10.78117], [8.18803, 10.78213], [8.1887, 10.78252], [8.19371, 10.78663], [8.20747, 10.78606], [8.20901, 10.78842], [8.20944, 10.78901], [8.21177, 10.7956], [8.21551, 10.79988], [8.22299, 10.80176], [8.22805, 10.80267], [8.2281, 10.8033]]]}, "properties": {"name": "Zuntu", "lga": "Kubau", "state": "kd"}}, {"type": "Feature", "geometry": {"type": "Polygon", "coordinates": [[[8.1218, 9.50207], [8.12974, 9.50382], [8.13034, 9.50415], [8.13923, 9.5037], [8.14828, 9.5057], [8.1518, 9.50684], [8.15686, 9.51952], [8.1593, 9.52457], [8.14583, 9.53447], [8.14668, 9.53628], [8.1489, 9.54303], [8.15205, 9.55028], [8.16481, 9.55106], [8.17482, 9.53321], [8.20725, 9.51105], [8.22653, 9.50489], [8.22708, 9.50499], [8.23033, 9.50052], [8.23757, 9.48594], [8.23864, 9.48383], [8.24048, 9.47869], [8.24819, 9.45535], [8.22924, 9.43963], [8.21557, 9.43876], [8.20226, 9.44289], [8.18795, 9.45225], [8.18405, 9.45276], [8.17354, 9.45785], [8.16076, 9.46005], [8.15247, 9.45676], [8.14055, 9.45295], [8.14049, 9.45297], [8.12847, 9.45327], [8.11762, 9.45428], [8.11736, 9.45414], [8.10474, 9.44772], [8.09066, 9.45529], [8.07841, 9.45778], [8.0762, 9.45822], [8.07492, 9.45968], [8.07177, 9.4658], [8.07142, 9.4726], [8.0722, 9.47956], [8.06842, 9.49118], [8.06983, 9.49545], [8.07727, 9.49632], [8.092, 9.49658], [8.09851, 9.49595], [8.10711, 9.4946], [8.10871, 9.49351], [8.1218, 9.50207]]]}, "properties": {"name": "Kagoma", "lga": "Jema'A", "state": "kd"}}, {"type": "Feature", "geometry": {"type": "Polygon", "coordinates": [[[8.14332, 11.42027], [8.14058, 11.41629], [8.12858, 11.41128], [8.11372, 11.40848], [8.12231, 11.39174], [8.12291, 11.38667], [8.12062, 11.38599], [8.10665, 11.38184], [8.10541, 11.38], [8.10541, 11.37975], [8.10709, 11.3778], [8.10967, 11.37161], [8.11502, 11.36584], [8.11498, 11.36545], [8.10879, 11.35623], [8.10596, 11.35811], [8.09866, 11.35985], [8.09541, 11.35902], [8.09202, 11.36016], [8.09043, 11.35929], [8.07655, 11.36733], [8.07928, 11.37417], [8.07923, 11.37432], [8.0752, 11.38013], [8.06445, 11.38294], [8.06508, 11.39023], [8.0762, 11.39233], [8.07694, 11.39313], [8.07726, 11.39399], [8.07591, 11.40147], [8.07481, 11.40392], [8.06774, 11.40864], [8.06625, 11.41448], [8.06756, 11.42128], [8.06752, 11.42249], [8.0727, 11.43399], [8.07385, 11.43868], [8.07563, 11.44462], [8.0765, 11.44927], [8.07544, 11.45797], [8.07807, 11.45909], [8.07977, 11.4611], [8.08147, 11.465], [8.08381, 11.47019], [8.08461, 11.47418], [8.08539, 11.47723], [8.09181, 11.48789], [8.09106, 11.48829], [8.09074, 11.48927], [8.09141, 11.49066], [8.09209, 11.49199], [8.08663, 11.49995], [8.09184, 11.50379], [8.09499, 11.50571], [8.09933, 11.50693], [8.11149, 11.51631], [8.11344, 11.51368], [8.1113, 11.51209], [8.11067, 11.51163], [8.11536, 11.49723], [8.12371, 11.48799], [8.12781, 11.48181], [8.13072, 11.4764], [8.13512, 11.47063], [8.13791, 11.46644], [8.14289, 11.46032], [8.14039, 11.45675], [8.14256, 11.4371], [8.14332, 11.42027]]]}, "properties": {"name": "Kuya", "lga": "Ikara", "state": "kd"}}, {"type": "Feature", "geometry": {"type": "Polygon", "coordinates": [[[7.94029, 9.84599], [7.93428, 9.85479], [7.92549, 9.85747], [7.91903, 9.85783], [7.9073, 9.87063], [7.90874, 9.878], [7.89552, 9.89222], [7.87289, 9.88587], [7.87151, 9.88658], [7.86015, 9.89201], [7.84257, 9.93119], [7.87595, 9.93467], [7.88434, 9.92908], [7.88554, 9.92832], [7.90579, 9.93005], [7.91937, 9.9195], [7.93511, 9.91584], [7.93631, 9.91701], [7.93647, 9.91717], [7.95794, 9.91409], [7.95952, 9.91599], [7.95809, 9.93242], [7.95914, 9.93241], [7.96432, 9.9427], [7.97768, 9.93486], [7.982, 9.93232], [7.98294, 9.93259], [7.98794, 9.90924], [7.98148, 9.90534], [7.97448, 9.89522], [7.97329, 9.89487], [7.96987, 9.89389], [7.96878, 9.88476], [7.96889, 9.88329], [7.96904, 9.8827], [7.96852, 9.88186], [7.96402, 9.87211], [7.96408, 9.86775], [7.96117, 9.86635], [7.95707, 9.86045], [7.95484, 9.85536], [7.95402, 9.85515], [7.95026, 9.85429], [7.94798, 9.85152], [7.94029, 9.84599]]]}, "properties": {"name": "Kachia", "lga": "Kachia", "state": "kd"}}, {"type": "Feature", "geometry": {"type": "Polygon", "coordinates": [[[7.74095, 10.17533], [7.74632, 10.17902], [7.75528, 10.18011], [7.75936, 10.17962], [7.77612, 10.1643], [7.78962, 10.15925], [7.80179, 10.14353], [7.8037, 10.13802], [7.80894, 10.127], [7.80646, 10.08678], [7.80681, 10.08271], [7.80756, 10.07718], [7.82033, 10.0688], [7.80832, 10.05572], [7.79799, 10.0518], [7.80585, 10.01805], [7.80198, 9.99987], [7.7916, 10.00379], [7.78279, 9.99966], [7.77814, 9.99863], [7.76638, 9.99567], [7.76154, 9.9883], [7.74808, 9.97804], [7.74308, 9.98383], [7.73607, 10.01243], [7.73363, 10.01384], [7.72052, 10.02021], [7.7092, 10.02208], [7.69696, 10.01313], [7.69056, 10.00483], [7.65913, 10.0138], [7.65825, 10.01483], [7.65556, 10.01707], [7.65364, 10.01706], [7.62732, 10.01674], [7.61991, 10.04468], [7.63731, 10.03846], [7.61869, 10.09497], [7.6269, 10.09562], [7.63365, 10.10238], [7.64899, 10.11849], [7.65819, 10.12815], [7.67564, 10.15095], [7.71338, 10.16954], [7.7303, 10.16898], [7.74095, 10.17533]]]}, "properties": {"name": "Maro", "lga": "Kajuru", "state": "kd"}}, {"type": "Feature", "geometry": {"type": "Polygon", "coordinates": [[[8.29791, 11.23422], [8.29994, 11.22566], [8.30184, 11.21979], [8.30412, 11.21681], [8.30802, 11.21494], [8.31011, 11.21224], [8.31058, 11.21074], [8.31429, 11.20729], [8.31562, 11.20319], [8.31881, 11.20151], [8.32102, 11.20053], [8.32113, 11.1985], [8.32302, 11.19682], [8.3238, 11.19361], [8.32287, 11.19165], [8.32216, 11.18892], [8.31995, 11.1885], [8.31947, 11.18474], [8.31535, 11.1786], [8.30219, 11.16171], [8.30476, 11.15646], [8.30562, 11.15331], [8.30704, 11.15157], [8.3079, 11.14884], [8.30988, 11.14174], [8.31073, 11.12739], [8.30311, 11.12371], [8.30211, 11.12399], [8.30175, 11.12375], [8.30096, 11.12306], [8.29964, 11.12107], [8.29646, 11.11625], [8.29174, 11.11453], [8.28937, 11.10632], [8.28884, 11.10541], [8.28872, 11.10538], [8.28065, 11.10666], [8.27271, 11.10356], [8.27173, 11.10341], [8.268, 11.1055], [8.26691, 11.10563], [8.26361, 11.10484], [8.25646, 11.09981], [8.25391, 11.10074], [8.2454, 11.10091], [8.23966, 11.10176], [8.23891, 11.10234], [8.22531, 11.10528], [8.22251, 11.10422], [8.21921, 11.1177], [8.21894, 11.12266], [8.22592, 11.13034], [8.22636, 11.13082], [8.22752, 11.13283], [8.22504, 11.136], [8.21584, 11.13856], [8.21317, 11.14035], [8.18221, 11.12809], [8.18082, 11.12893], [8.18139, 11.13076], [8.18289, 11.13564], [8.19615, 11.14248], [8.19929, 11.14348], [8.19966, 11.15626], [8.20259, 11.15701], [8.20374, 11.15674], [8.21551, 11.16051], [8.21617, 11.1644], [8.21842, 11.16572], [8.22064, 11.16619], [8.22458, 11.16527], [8.22578, 11.16438], [8.22848, 11.1641], [8.22882, 11.16431], [8.23055, 11.16482], [8.23408, 11.16512], [8.23463, 11.16612], [8.23471, 11.17031], [8.23855, 11.17502], [8.23845, 11.17954], [8.24065, 11.1808], [8.24183, 11.1825], [8.24527, 11.18484], [8.24992, 11.18557], [8.25723, 11.18886], [8.25748, 11.18881], [8.25925, 11.19171], [8.26626, 11.19737], [8.27498, 11.20054], [8.27902, 11.20522], [8.28562, 11.22021], [8.29791, 11.23422]]]}, "properties": {"name": "Jampalan", "lga": "Ikara", "state": "kd"}}, {"type": "Feature", "geometry": {"type": "Polygon", "coordinates": [[[7.43064, 10.51255], [7.43658, 10.51306], [7.43449, 10.49483], [7.42507, 10.4942], [7.42179, 10.49892], [7.42346, 10.49993], [7.42442, 10.50052], [7.42518, 10.50137], [7.43039, 10.51011], [7.43071, 10.51097], [7.43074, 10.51158], [7.43064, 10.51255]]]}, "properties": {"name": "Dadi Riba", "lga": "Kaduna North", "state": "kd"}}, {"type": "Feature", "geometry": {"type": "Polygon", "coordinates": [[[8.00066, 9.42209], [7.99511, 9.41208], [7.99826, 9.40532], [7.99909, 9.40333], [7.99488, 9.39689], [7.99481, 9.3968], [7.98907, 9.38453], [7.98108, 9.39799], [7.97935, 9.40322], [7.97911, 9.40676], [7.97499, 9.40908], [7.96883, 9.40851], [7.96719, 9.41712], [7.96779, 9.42299], [7.96189, 9.42294], [7.95756, 9.42213], [7.94919, 9.4304], [7.94833, 9.43077], [7.9485, 9.43125], [7.94819, 9.43783], [7.93908, 9.44321], [7.94735, 9.44499], [7.95172, 9.45209], [7.95563, 9.46079], [7.95159, 9.48409], [7.953, 9.50229], [7.95344, 9.50234], [7.95855, 9.50076], [7.96833, 9.49838], [7.98392, 9.4819], [7.98609, 9.48099], [7.98665, 9.48041], [7.98483, 9.46964], [7.98235, 9.46482], [7.98101, 9.46191], [7.98871, 9.45393], [7.99107, 9.4503], [7.99146, 9.44511], [7.98923, 9.43995], [7.98995, 9.43925], [7.99314, 9.43658], [7.99506, 9.43602], [8.00155, 9.42534], [8.00044, 9.42351], [8.00066, 9.42209]]]}, "properties": {"name": "Dura Bitaro", "lga": "Jaba", "state": "kd"}}, {"type": "Feature", "geometry": {"type": "Polygon", "coordinates": [[[8.04088, 9.48274], [8.04054, 9.48093], [8.0355, 9.4781], [8.01898, 9.4741], [8.01876, 9.47433], [8.01304, 9.47755], [8.00787, 9.47996], [8.00613, 9.48135], [8.00525, 9.48236], [8.00427, 9.48331], [8.0023, 9.48326], [7.99705, 9.49524], [7.9883, 9.50224], [7.98813, 9.50238], [7.98801, 9.50465], [7.98775, 9.50506], [7.98719, 9.50589], [7.98426, 9.51005], [7.98478, 9.51778], [7.98486, 9.52011], [7.99686, 9.52115], [8.00525, 9.52572], [8.00958, 9.52808], [8.01, 9.52816], [8.00927, 9.54436], [8.00917, 9.54653], [8.00899, 9.5505], [8.00217, 9.54616], [8.00117, 9.54616], [7.99894, 9.5459], [7.9979, 9.54545], [7.98608, 9.54686], [7.98551, 9.54779], [7.99435, 9.55953], [7.99653, 9.56374], [7.99834, 9.56378], [7.99894, 9.56376], [8.00538, 9.57394], [8.00661, 9.5756], [8.01268, 9.5737], [8.01331, 9.57355], [8.01632, 9.57321], [8.01696, 9.57253], [8.01752, 9.57179], [8.01735, 9.56983], [8.01662, 9.56668], [8.01829, 9.56073], [8.01838, 9.55924], [8.01502, 9.55114], [8.01583, 9.55027], [8.01572, 9.54756], [8.01486, 9.52826], [8.01475, 9.52808], [8.01824, 9.51511], [8.02851, 9.50862], [8.03434, 9.50871], [8.03503, 9.50562], [8.03744, 9.49913], [8.03602, 9.48845], [8.03729, 9.48706], [8.04088, 9.48274]]]}, "properties": {"name": "Nok", "lga": "Jaba", "state": "kd"}}, {"type": "Feature", "geometry": {"type": "Polygon", "coordinates": [[[7.76255, 11.22951], [7.76567, 11.22835], [7.76646, 11.22863], [7.76717, 11.22932], [7.76754, 11.23019], [7.7665, 11.23185], [7.76573, 11.23365], [7.7682, 11.23788], [7.76514, 11.24601], [7.77144, 11.24954], [7.76775, 11.2555], [7.76383, 11.25227], [7.75882, 11.26175], [7.75936, 11.26329], [7.76125, 11.26369], [7.76106, 11.26539], [7.76456, 11.27062], [7.76833, 11.27029], [7.76945, 11.27177], [7.76977, 11.27564], [7.76688, 11.27606], [7.7651, 11.27803], [7.77421, 11.28483], [7.76848, 11.29549], [7.77382, 11.29734], [7.78161, 11.30774], [7.78746, 11.30618], [7.79416, 11.30767], [7.80442, 11.30758], [7.80697, 11.30169], [7.80607, 11.29533], [7.80795, 11.2879], [7.81411, 11.29024], [7.81437, 11.28323], [7.81284, 11.27747], [7.81555, 11.2743], [7.81525, 11.2723], [7.81757, 11.27053], [7.81363, 11.2643], [7.81217, 11.25934], [7.81229, 11.25306], [7.80972, 11.24155], [7.80972, 11.24125], [7.80977, 11.24076], [7.81014, 11.23908], [7.8132, 11.23571], [7.80767, 11.23385], [7.80913, 11.22827], [7.81369, 11.22963], [7.81482, 11.22693], [7.80934, 11.21641], [7.81104, 11.21136], [7.80262, 11.20587], [7.80074, 11.20573], [7.79997, 11.20553], [7.7989, 11.20487], [7.79879, 11.20502], [7.7976, 11.20662], [7.79341, 11.2059], [7.79254, 11.20638], [7.78732, 11.21286], [7.78685, 11.21322], [7.78484, 11.21438], [7.78309, 11.21598], [7.78047, 11.20895], [7.77811, 11.20182], [7.77418, 11.19136], [7.77388, 11.19133], [7.77288, 11.19124], [7.76491, 11.19582], [7.75619, 11.19868], [7.75311, 11.20605], [7.75269, 11.21258], [7.75479, 11.21835], [7.75662, 11.21954], [7.75452, 11.22378], [7.76063, 11.22681], [7.76255, 11.22951]]]}, "properties": {"name": "Taba", "lga": "Kudan", "state": "kd"}}, {"type": "Feature", "geometry": {"type": "Polygon", "coordinates": [[[8.06372, 11.37457], [8.05963, 11.37244], [8.05358, 11.37144], [8.05281, 11.36742], [8.04046, 11.36453], [8.04066, 11.36718], [8.03678, 11.36897], [8.03225, 11.37326], [8.03203, 11.37871], [8.02802, 11.38388], [8.02717, 11.38465], [8.0281, 11.3881], [8.02204, 11.39786], [8.02048, 11.39814], [8.01904, 11.39784], [8.01209, 11.39917], [8.01139, 11.39873], [8.01021, 11.39769], [8.00863, 11.39576], [7.99884, 11.40264], [7.99886, 11.40292], [7.99828, 11.4111], [7.99895, 11.41256], [8.00003, 11.41595], [8.00359, 11.41781], [8.00363, 11.41781], [8.00547, 11.4179], [8.01413, 11.4312], [8.01402, 11.43146], [8.00547, 11.43718], [8.01187, 11.43973], [8.01524, 11.44108], [8.0181, 11.4459], [8.01858, 11.44991], [8.02019, 11.45135], [8.01677, 11.45927], [8.01789, 11.46443], [8.01978, 11.46713], [8.03087, 11.47339], [8.0357, 11.47854], [8.03696, 11.48364], [8.04012, 11.4874], [8.04465, 11.48786], [8.04696, 11.48648], [8.04805, 11.48781], [8.05115, 11.48796], [8.05316, 11.49023], [8.0556, 11.47763], [8.06257, 11.46526], [8.06643, 11.46209], [8.0681, 11.4604], [8.07031, 11.45851], [8.07544, 11.45797], [8.0765, 11.44927], [8.07563, 11.44462], [8.07385, 11.43868], [8.0727, 11.43399], [8.06752, 11.42249], [8.06756, 11.42128], [8.06625, 11.41448], [8.06774, 11.40864], [8.07481, 11.40392], [8.07591, 11.40147], [8.07726, 11.39399], [8.07694, 11.39313], [8.0762, 11.39233], [8.06508, 11.39023], [8.06445, 11.38294], [8.06355, 11.37511], [8.06372, 11.37457]]]}, "properties": {"name": "Auchan", "lga": "Ikara", "state": "kd"}}, {"type": "Feature", "geometry": {"type": "Polygon", "coordinates": [[[8.54878, 10.21907], [8.54708, 10.218], [8.54028, 10.22333], [8.52662, 10.23622], [8.52518, 10.23551], [8.50999, 10.23286], [8.508, 10.23774], [8.50062, 10.24549], [8.50003, 10.24781], [8.49781, 10.24952], [8.4938, 10.25018], [8.49334, 10.25698], [8.49169, 10.25874], [8.4909, 10.26415], [8.48076, 10.26574], [8.47659, 10.27079], [8.47692, 10.27151], [8.4805, 10.28475], [8.47845, 10.28889], [8.47821, 10.29058], [8.47712, 10.30155], [8.4758, 10.30222], [8.47102, 10.30478], [8.47462, 10.31941], [8.47372, 10.3227], [8.472, 10.33055], [8.46496, 10.33032], [8.44862, 10.33443], [8.44877, 10.33578], [8.44907, 10.34516], [8.44308, 10.35427], [8.45317, 10.36941], [8.45317, 10.37051], [8.46115, 10.37851], [8.45586, 10.39004], [8.45624, 10.39043], [8.47045, 10.39508], [8.47239, 10.40977], [8.47073, 10.41516], [8.47055, 10.41586], [8.47558, 10.41877], [8.47924, 10.45357], [8.49423, 10.45142], [8.49937, 10.45024], [8.50431, 10.44405], [8.48629, 10.42092], [8.49951, 10.40964], [8.50711, 10.39685], [8.51546, 10.39701], [8.53391, 10.37876], [8.538, 10.36745], [8.53605, 10.35285], [8.53571, 10.35272], [8.52919, 10.33804], [8.54024, 10.33213], [8.54385, 10.32624], [8.5443, 10.32474], [8.56072, 10.31579], [8.57263, 10.33431], [8.58128, 10.33134], [8.59247, 10.31379], [8.59295, 10.31112], [8.59072, 10.30475], [8.59048, 10.30443], [8.58786, 10.30318], [8.58662, 10.30224], [8.57335, 10.29343], [8.56879, 10.29475], [8.56744, 10.29393], [8.56193, 10.29178], [8.55392, 10.28896], [8.553, 10.28152], [8.55358, 10.2784], [8.55192, 10.27347], [8.55193, 10.2731], [8.55138, 10.27121], [8.55254, 10.26362], [8.55278, 10.25647], [8.5523, 10.25503], [8.55176, 10.25374], [8.55759, 10.24852], [8.54878, 10.21907]]]}, "properties": {"name": "Raminkura", "lga": "Lere", "state": "kd"}}, {"type": "Feature", "geometry": {"type": "Polygon", "coordinates": [[[8.01752, 9.57179], [8.03582, 9.57061], [8.03778, 9.56783], [8.0487, 9.57234], [8.05385, 9.56812], [8.06438, 9.56803], [8.06594, 9.56567], [8.05958, 9.55648], [8.0579, 9.55406], [8.05755, 9.55289], [8.0579, 9.55254], [8.05974, 9.55095], [8.06563, 9.55083], [8.06791, 9.55061], [8.07744, 9.54854], [8.08064, 9.54471], [8.08869, 9.54122], [8.08886, 9.53947], [8.08939, 9.53709], [8.10643, 9.52884], [8.1056, 9.52323], [8.1142, 9.51572], [8.11422, 9.51571], [8.1218, 9.50207], [8.10871, 9.49351], [8.10711, 9.4946], [8.09851, 9.49595], [8.092, 9.49658], [8.07727, 9.49632], [8.06983, 9.49545], [8.06842, 9.49118], [8.05557, 9.48915], [8.05466, 9.48878], [8.04526, 9.48521], [8.04088, 9.48274], [8.03729, 9.48706], [8.03602, 9.48845], [8.03744, 9.49913], [8.03503, 9.50562], [8.03434, 9.50871], [8.02851, 9.50862], [8.01824, 9.51511], [8.01475, 9.52808], [8.01486, 9.52826], [8.01572, 9.54756], [8.01583, 9.55027], [8.01502, 9.55114], [8.01838, 9.55924], [8.01829, 9.56073], [8.01662, 9.56668], [8.01735, 9.56983], [8.01752, 9.57179]]]}, "properties": {"name": "Chori", "lga": "Jaba", "state": "kd"}}, {"type": "Feature", "geometry": {"type": "Polygon", "coordinates": [[[8.04046, 11.36453], [8.05281, 11.36742], [8.05358, 11.37144], [8.05963, 11.37244], [8.06372, 11.37457], [8.06423, 11.37298], [8.06485, 11.37103], [8.06115, 11.36973], [8.06051, 11.36257], [8.06077, 11.32204], [8.05977, 11.31785], [8.05872, 11.31165], [8.06159, 11.30762], [8.06347, 11.30727], [8.06512, 11.30731], [8.06368, 11.30223], [8.06571, 11.29637], [8.07539, 11.29395], [8.0805, 11.28954], [8.08111, 11.28926], [8.08151, 11.28909], [8.0834, 11.28923], [8.0854, 11.28739], [8.09553, 11.28815], [8.10453, 11.2858], [8.10658, 11.28103], [8.10422, 11.27607], [8.10553, 11.26611], [8.1019, 11.26349], [8.10028, 11.26478], [8.09846, 11.26399], [8.0947, 11.25999], [8.09237, 11.26148], [8.08542, 11.2612], [8.08449, 11.26051], [8.08365, 11.26008], [8.08358, 11.25896], [8.0833, 11.25804], [8.07874, 11.25662], [8.07207, 11.26107], [8.06585, 11.262], [8.06164, 11.26099], [8.05605, 11.27081], [8.05614, 11.27877], [8.05369, 11.28556], [8.04877, 11.2884], [8.04691, 11.29121], [8.04081, 11.29109], [8.03003, 11.29044], [8.0248, 11.28667], [8.02208, 11.29211], [8.01799, 11.29272], [8.00881, 11.28757], [8.00902, 11.29199], [8.01292, 11.30211], [8.01907, 11.30231], [8.02045, 11.30711], [8.02383, 11.31175], [8.02155, 11.3229], [8.02422, 11.32746], [8.02105, 11.33182], [8.01538, 11.32866], [8.01627, 11.33442], [8.01617, 11.33472], [8.01379, 11.33709], [8.01349, 11.33878], [8.01333, 11.3397], [8.01266, 11.34079], [8.01118, 11.34217], [8.01067, 11.34212], [8.00893, 11.34785], [8.00989, 11.35256], [8.01449, 11.3534], [8.01504, 11.35667], [8.0151, 11.35692], [8.01554, 11.35884], [8.02318, 11.3625], [8.02744, 11.36206], [8.02993, 11.36186], [8.03182, 11.36202], [8.03339, 11.36227], [8.03683, 11.36343], [8.04046, 11.36453]]]}, "properties": {"name": "Gwanki", "lga": "Makarfi", "state": "kd"}}, {"type": "Feature", "geometry": {"type": "Polygon", "coordinates": [[[7.73119, 9.32614], [7.72408, 9.32925], [7.72092, 9.33064], [7.69297, 9.3494], [7.67871, 9.36835], [7.67072, 9.38392], [7.66749, 9.40137], [7.67572, 9.40669], [7.67606, 9.40707], [7.6765, 9.40722], [7.67941, 9.41178], [7.69173, 9.41697], [7.69242, 9.42383], [7.67041, 9.42979], [7.65492, 9.43576], [7.65627, 9.4462], [7.65952, 9.45472], [7.67359, 9.45827], [7.71767, 9.45824], [7.74729, 9.45891], [7.7481, 9.46346], [7.74765, 9.46594], [7.73578, 9.48238], [7.73783, 9.49067], [7.75735, 9.49918], [7.76046, 9.50712], [7.75817, 9.50984], [7.75505, 9.5235], [7.74758, 9.53055], [7.74347, 9.53111], [7.73322, 9.54125], [7.73307, 9.54179], [7.7415, 9.54734], [7.74495, 9.55572], [7.74574, 9.5564], [7.74254, 9.56413], [7.73231, 9.55549], [7.72551, 9.553], [7.7235, 9.55755], [7.72847, 9.56471], [7.73819, 9.57338], [7.74042, 9.57267], [7.7456, 9.59046], [7.7626, 9.58391], [7.76883, 9.58869], [7.77224, 9.58604], [7.80587, 9.57267], [7.82105, 9.58556], [7.84084, 9.57382], [7.84166, 9.5706], [7.85102, 9.55364], [7.85095, 9.55201], [7.83309, 9.5462], [7.83238, 9.54553], [7.83071, 9.5424], [7.82998, 9.54041], [7.82815, 9.5271], [7.83038, 9.52045], [7.83145, 9.51808], [7.83257, 9.51412], [7.82771, 9.50689], [7.82771, 9.50665], [7.82647, 9.49281], [7.82605, 9.48967], [7.80714, 9.49039], [7.80321, 9.47706], [7.8037, 9.47015], [7.81064, 9.46242], [7.81048, 9.46146], [7.79869, 9.45407], [7.79825, 9.4536], [7.79834, 9.45089], [7.79559, 9.44493], [7.78543, 9.44209], [7.78445, 9.44023], [7.78414, 9.43908], [7.78254, 9.42855], [7.78098, 9.41177], [7.78126, 9.4065], [7.77704, 9.40427], [7.76676, 9.40297], [7.76401, 9.37791], [7.76423, 9.37099], [7.76525, 9.36686], [7.76844, 9.35699], [7.75362, 9.3467], [7.74838, 9.34176], [7.73753, 9.33283], [7.73119, 9.32614]]]}, "properties": {"name": "Kushe", "lga": "Kagarko", "state": "kd"}}, {"type": "Feature", "geometry": {"type": "Polygon", "coordinates": [[[8.64479, 9.90103], [8.63815, 9.88566], [8.63469, 9.86683], [8.61773, 9.86767], [8.61179, 9.8685], [8.60117, 9.87092], [8.59238, 9.87351], [8.57508, 9.87686], [8.56572, 9.87455], [8.56182, 9.8704], [8.55352, 9.86164], [8.5485, 9.85365], [8.54788, 9.8533], [8.52675, 9.84929], [8.52469, 9.86242], [8.52238, 9.86564], [8.50962, 9.86508], [8.50817, 9.86616], [8.50578, 9.86958], [8.49828, 9.87215], [8.49556, 9.87148], [8.48314, 9.86845], [8.47295, 9.88073], [8.46728, 9.87863], [8.45569, 9.8821], [8.44349, 9.87782], [8.4332, 9.8869], [8.43269, 9.8924], [8.43254, 9.89532], [8.4327, 9.89632], [8.43291, 9.89731], [8.43379, 9.89859], [8.4202, 9.91802], [8.4272, 9.92361], [8.42487, 9.92873], [8.42288, 9.92962], [8.42202, 9.93734], [8.43063, 9.94767], [8.42871, 9.94937], [8.4313, 9.95637], [8.43574, 9.9654], [8.42854, 9.9667], [8.42377, 9.97014], [8.4348, 9.97712], [8.42901, 9.98813], [8.43424, 9.99397], [8.44965, 9.99097], [8.45271, 9.99038], [8.45428, 9.98757], [8.45513, 9.98603], [8.4563, 9.98394], [8.47686, 9.98511], [8.48455, 9.97881], [8.48918, 9.97789], [8.49496, 9.97662], [8.49591, 9.97638], [8.49592, 9.96886], [8.49659, 9.96542], [8.51083, 9.95522], [8.50852, 9.94839], [8.50997, 9.94808], [8.51734, 9.95531], [8.5201, 9.9564], [8.52145, 9.95483], [8.52404, 9.94912], [8.52408, 9.94909], [8.5311, 9.93454], [8.53143, 9.93211], [8.53476, 9.9228], [8.54376, 9.90995], [8.56413, 9.91912], [8.56484, 9.91972], [8.57152, 9.92509], [8.57271, 9.92739], [8.58191, 9.938], [8.58766, 9.9337], [8.59121, 9.9303], [8.59212, 9.92933], [8.6466, 9.9052], [8.64479, 9.90103]]]}, "properties": {"name": "Badurum", "lga": "Kauru", "state": "kd"}}, {"type": "Feature", "geometry": {"type": "Polygon", "coordinates": [[[8.29207, 9.60177], [8.28921, 9.60059], [8.2869, 9.59987], [8.28647, 9.59324], [8.28559, 9.59105], [8.28364, 9.58812], [8.27823, 9.58766], [8.27506, 9.58848], [8.27282, 9.58935], [8.2728, 9.59002], [8.27292, 9.59356], [8.25831, 9.60785], [8.25897, 9.61992], [8.25744, 9.62276], [8.23966, 9.62291], [8.23497, 9.62745], [8.21313, 9.62425], [8.20944, 9.61799], [8.20735, 9.61594], [8.19048, 9.62651], [8.18808, 9.6254], [8.17731, 9.62426], [8.16625, 9.63527], [8.16574, 9.63754], [8.15366, 9.64442], [8.15118, 9.6472], [8.13698, 9.65098], [8.13208, 9.65528], [8.13057, 9.65828], [8.13339, 9.66889], [8.12694, 9.67742], [8.12105, 9.67734], [8.11563, 9.68043], [8.11378, 9.69651], [8.114, 9.69791], [8.11005, 9.70671], [8.1155, 9.71101], [8.13289, 9.71399], [8.13613, 9.6986], [8.14131, 9.6966], [8.15119, 9.68731], [8.14863, 9.68016], [8.14864, 9.67966], [8.147, 9.67645], [8.1446, 9.67443], [8.15057, 9.6649], [8.15718, 9.66478], [8.15796, 9.65902], [8.16068, 9.65993], [8.1658, 9.66355], [8.16663, 9.66692], [8.16677, 9.66777], [8.17129, 9.67276], [8.17057, 9.67487], [8.17043, 9.67782], [8.17047, 9.67916], [8.17136, 9.68231], [8.17009, 9.68468], [8.16403, 9.68705], [8.16329, 9.68814], [8.15943, 9.69203], [8.16608, 9.69291], [8.16846, 9.69644], [8.1689, 9.6975], [8.16942, 9.69793], [8.16926, 9.70081], [8.16876, 9.70327], [8.16616, 9.7082], [8.17585, 9.71334], [8.17997, 9.71611], [8.18232, 9.72545], [8.17676, 9.72914], [8.1685, 9.73891], [8.16886, 9.74898], [8.17632, 9.76217], [8.18486, 9.77103], [8.19979, 9.77009], [8.20448, 9.77235], [8.20479, 9.77252], [8.21248, 9.76899], [8.22555, 9.75847], [8.22594, 9.75821], [8.22872, 9.75315], [8.22827, 9.74926], [8.22853, 9.72046], [8.22236, 9.71528], [8.22133, 9.70484], [8.22006, 9.70167], [8.21703, 9.69655], [8.21754, 9.69138], [8.24348, 9.67501], [8.252, 9.67215], [8.25262, 9.67148], [8.25306, 9.6683], [8.25516, 9.66295], [8.25381, 9.65507], [8.2549, 9.65341], [8.25752, 9.64674], [8.27682, 9.64852], [8.26885, 9.63036], [8.27407, 9.63172], [8.29039, 9.65064], [8.29284, 9.64627], [8.29403, 9.63642], [8.29227, 9.62234], [8.29817, 9.61244], [8.29891, 9.60967], [8.29264, 9.60282], [8.29256, 9.60273], [8.29207, 9.60177]]]}, "properties": {"name": "Gidan Jatau", "lga": "Zangon Kataf", "state": "kd"}}, {"type": "Feature", "geometry": {"type": "Polygon", "coordinates": [[[7.58785, 10.89324], [7.59159, 10.89869], [7.6025, 10.90795], [7.60294, 10.90982], [7.60367, 10.91256], [7.60388, 10.91312], [7.617, 10.91792], [7.61855, 10.91729], [7.62004, 10.91668], [7.62144, 10.91521], [7.62359, 10.91247], [7.62653, 10.90909], [7.63025, 10.90714], [7.63684, 10.90337], [7.64064, 10.90227], [7.64658, 10.9004], [7.65371, 10.89929], [7.65909, 10.89878], [7.67725, 10.88627], [7.68153, 10.88674], [7.68812, 10.88642], [7.69154, 10.88092], [7.69763, 10.87906], [7.70439, 10.88101], [7.71686, 10.88056], [7.71741, 10.88072], [7.71793, 10.8809], [7.71776, 10.88287], [7.71967, 10.88086], [7.72332, 10.87992], [7.73043, 10.87986], [7.73053, 10.84672], [7.73302, 10.84247], [7.73475, 10.83754], [7.74225, 10.83036], [7.74386, 10.82672], [7.74443, 10.81649], [7.7446, 10.80193], [7.74095, 10.78808], [7.74412, 10.7805], [7.7231, 10.77449], [7.71919, 10.77864], [7.70166, 10.77617], [7.6968, 10.7779], [7.69198, 10.77303], [7.68976, 10.7693], [7.68093, 10.76993], [7.67618, 10.77203], [7.67575, 10.77217], [7.67101, 10.77472], [7.66691, 10.77041], [7.66217, 10.77143], [7.65994, 10.77261], [7.65105, 10.7679], [7.64955, 10.762], [7.64569, 10.75692], [7.62677, 10.75909], [7.62149, 10.75346], [7.60749, 10.75169], [7.60341, 10.76048], [7.6069, 10.7847], [7.60573, 10.79207], [7.61146, 10.80338], [7.61846, 10.80185], [7.62785, 10.81769], [7.62147, 10.82264], [7.62101, 10.82311], [7.61858, 10.8301], [7.61681, 10.83145], [7.61593, 10.8373], [7.61564, 10.8414], [7.61705, 10.84939], [7.61702, 10.84965], [7.61569, 10.8514], [7.60682, 10.85292], [7.60396, 10.8547], [7.60208, 10.85587], [7.60073, 10.85587], [7.59714, 10.85631], [7.59462, 10.8571], [7.58963, 10.8589], [7.58486, 10.86051], [7.59089, 10.86817], [7.593, 10.87177], [7.59574, 10.87535], [7.58785, 10.89324]]]}, "properties": {"name": "Turunku", "lga": "Igabi", "state": "kd"}}, {"type": "Feature", "geometry": {"type": "Polygon", "coordinates": [[[7.64047, 11.07376], [7.64425, 11.06935], [7.64696, 11.06606], [7.64974, 11.06214], [7.65377, 11.06059], [7.66527, 11.05878], [7.67975, 11.04418], [7.67528, 11.02519], [7.6819, 11.02715], [7.68261, 11.02659], [7.68259, 11.02556], [7.68677, 11.02638], [7.68806, 11.02477], [7.68855, 11.02367], [7.69005, 11.02416], [7.69099, 11.02526], [7.69248, 11.02717], [7.69464, 11.02678], [7.69618, 11.0242], [7.69812, 11.02342], [7.7016, 11.02302], [7.70544, 11.02034], [7.70848, 11.01821], [7.71066, 11.01173], [7.71208, 11.0083], [7.71786, 11.00075], [7.72293, 10.99674], [7.72102, 10.99363], [7.72237, 10.98761], [7.72921, 10.9879], [7.73081, 10.98797], [7.73105, 10.98793], [7.73485, 10.98218], [7.74022, 10.98495], [7.7445, 10.98514], [7.7531, 10.97968], [7.75263, 10.97268], [7.75092, 10.97048], [7.7475, 10.96906], [7.74231, 10.96448], [7.73981, 10.96265], [7.73644, 10.96193], [7.73014, 10.96196], [7.72749, 10.96476], [7.72694, 10.9664], [7.72602, 10.96757], [7.72526, 10.97336], [7.71708, 10.97929], [7.7132, 10.98492], [7.71052, 10.98693], [7.70805, 10.98582], [7.7048, 10.98578], [7.70211, 10.98917], [7.70094, 10.99066], [7.69602, 10.98779], [7.69117, 10.98772], [7.68632, 10.99255], [7.67155, 10.99823], [7.6684, 10.99986], [7.66443, 10.99353], [7.66101, 10.9901], [7.66065, 10.98457], [7.65787, 10.98107], [7.65281, 10.97337], [7.64596, 10.97071], [7.64232, 10.96868], [7.63777, 10.9694], [7.63412, 10.97056], [7.63287, 10.97278], [7.63057, 10.97685], [7.63057, 10.99095], [7.62552, 10.99664], [7.61958, 10.99839], [7.61215, 11.00043], [7.6066, 10.99969], [7.60243, 11.00506], [7.59689, 11.00667], [7.5895, 11.0065], [7.5821, 11.00593], [7.57597, 11.00397], [7.57184, 11.00271], [7.56851, 10.99552], [7.55083, 10.9892], [7.54465, 10.985], [7.53514, 10.97884], [7.52311, 10.9706], [7.51892, 10.98043], [7.51725, 10.98999], [7.51402, 10.99202], [7.50912, 11.00226], [7.51035, 11.00676], [7.51058, 11.00761], [7.50937, 11.01251], [7.50559, 11.01958], [7.49543, 11.02994], [7.50031, 11.04351], [7.50498, 11.04941], [7.51082, 11.05697], [7.51353, 11.06138], [7.51695, 11.06285], [7.52608, 11.06103], [7.53407, 11.05858], [7.53941, 11.05914], [7.54469, 11.05886], [7.54965, 11.06035], [7.55963, 11.06241], [7.56742, 11.06584], [7.57067, 11.07132], [7.57575, 11.07513], [7.58141, 11.06585], [7.58733, 11.06755], [7.59983, 11.0677], [7.60555, 11.07067], [7.6006, 11.08438], [7.61404, 11.08587], [7.62117, 11.07989], [7.62254, 11.07934], [7.62441, 11.07902], [7.62617, 11.07919], [7.63784, 11.07298], [7.64047, 11.07376]]]}, "properties": {"name": "Dutsen Abba", "lga": "Zaria", "state": "kd"}}, {"type": "Feature", "geometry": {"type": "Polygon", "coordinates": [[[8.08688, 10.74033], [8.06068, 10.76716], [8.06329, 10.78099], [8.06601, 10.78195], [8.07079, 10.78352], [8.07787, 10.78802], [8.0836, 10.79775], [8.08716, 10.79984], [8.09074, 10.79683], [8.09198, 10.79578], [8.10421, 10.79967], [8.10952, 10.80168], [8.12006, 10.79987], [8.12147, 10.80066], [8.1266, 10.80896], [8.14495, 10.79662], [8.14802, 10.80102], [8.1491, 10.80423], [8.15348, 10.80584], [8.15662, 10.80846], [8.16085, 10.81531], [8.16328, 10.82149], [8.17854, 10.81737], [8.18583, 10.82562], [8.1907, 10.82609], [8.20475, 10.8202], [8.20536, 10.82004], [8.20804, 10.81355], [8.21085, 10.81362], [8.21974, 10.81511], [8.22175, 10.8142], [8.2281, 10.8033], [8.22805, 10.80267], [8.22299, 10.80176], [8.21551, 10.79988], [8.21177, 10.7956], [8.20944, 10.78901], [8.20901, 10.78842], [8.20747, 10.78606], [8.19371, 10.78663], [8.1887, 10.78252], [8.18803, 10.78213], [8.17953, 10.78117], [8.17208, 10.78007], [8.17158, 10.7796], [8.16913, 10.77583], [8.1692, 10.77465], [8.1554, 10.76382], [8.14827, 10.75912], [8.13915, 10.75043], [8.12565, 10.75461], [8.1246, 10.75792], [8.11516, 10.7608], [8.10926, 10.76095], [8.10839, 10.7603], [8.10473, 10.75594], [8.09448, 10.75206], [8.0943, 10.75183], [8.09294, 10.75023], [8.08688, 10.74033]]]}, "properties": {"name": "Kubau", "lga": "Kubau", "state": "kd"}}, {"type": "Feature", "geometry": {"type": "Polygon", "coordinates": [[[8.6466, 9.9052], [8.59212, 9.92933], [8.59121, 9.9303], [8.58766, 9.9337], [8.58191, 9.938], [8.57271, 9.92739], [8.57152, 9.92509], [8.56484, 9.91972], [8.56413, 9.91912], [8.54376, 9.90995], [8.53476, 9.9228], [8.53143, 9.93211], [8.5311, 9.93454], [8.5201, 9.9564], [8.51734, 9.95531], [8.50997, 9.94808], [8.50852, 9.94839], [8.51083, 9.95522], [8.49659, 9.96542], [8.49592, 9.96886], [8.49591, 9.97638], [8.49496, 9.97662], [8.48918, 9.97789], [8.48455, 9.97881], [8.47686, 9.98511], [8.47634, 9.99241], [8.47611, 9.99573], [8.4886, 10.01412], [8.48783, 10.01854], [8.49404, 10.02177], [8.50122, 10.0188], [8.51194, 10.0199], [8.51289, 10.01899], [8.51465, 10.0182], [8.52274, 10.02245], [8.52414, 10.02293], [8.52467, 10.02349], [8.52688, 10.02371], [8.52833, 10.02348], [8.53129, 10.02388], [8.53208, 10.02482], [8.5339, 10.02548], [8.53622, 10.02928], [8.53845, 10.03233], [8.54155, 10.03155], [8.54224, 10.03113], [8.5509, 10.03039], [8.5553, 10.03181], [8.55836, 10.02762], [8.56314, 10.02575], [8.56754, 10.02596], [8.56914, 10.02402], [8.57534, 10.02152], [8.58898, 10.02286], [8.58891, 10.02234], [8.58883, 10.01732], [8.58882, 10.0165], [8.58935, 10.0138], [8.59012, 10.01262], [8.60036, 10.00498], [8.60373, 10.00503], [8.6049, 10.00392], [8.60856, 10.00194], [8.61072, 10.00125], [8.61283, 10.00271], [8.61633, 10.00516], [8.62215, 10.00252], [8.62406, 10.00295], [8.62611, 10.00392], [8.62749, 10.00491], [8.64011, 10.01504], [8.64712, 10.01497], [8.66323, 10.01622], [8.67964, 10.01105], [8.67992, 10.00509], [8.67661, 9.99336], [8.67303, 9.98741], [8.66492, 9.9639], [8.6466, 9.9052]]]}, "properties": {"name": "Damakasuwa", "lga": "Kauru", "state": "kd"}}, {"type": "Feature", "geometry": {"type": "Polygon", "coordinates": [[[8.28364, 9.58812], [8.28559, 9.59105], [8.28647, 9.59324], [8.2869, 9.59987], [8.28921, 9.60059], [8.29207, 9.60177], [8.29295, 9.60085], [8.29649, 9.59604], [8.29665, 9.59339], [8.29675, 9.59268], [8.29965, 9.58861], [8.298, 9.5815], [8.29785, 9.58149], [8.29644, 9.58161], [8.29523, 9.58164], [8.29461, 9.58251], [8.29372, 9.58379], [8.29418, 9.58404], [8.29534, 9.58465], [8.2964, 9.58528], [8.2926, 9.58666], [8.29321, 9.58845], [8.29235, 9.58874], [8.29179, 9.58902], [8.29201, 9.58958], [8.29136, 9.58983], [8.29069, 9.59004], [8.28986, 9.5903], [8.28937, 9.58899], [8.28901, 9.58808], [8.28877, 9.58716], [8.29164, 9.58612], [8.29117, 9.585], [8.29105, 9.58474], [8.28364, 9.58812]]]}, "properties": {"name": "Kafanchan B", "lga": "Jema'A", "state": "kd"}}, {"type": "Feature", "geometry": {"type": "Polygon", "coordinates": [[[8.16481, 9.55106], [8.15205, 9.55028], [8.1489, 9.54303], [8.14668, 9.53628], [8.14583, 9.53447], [8.1593, 9.52457], [8.15686, 9.51952], [8.1518, 9.50684], [8.14828, 9.5057], [8.13923, 9.5037], [8.13034, 9.50415], [8.12974, 9.50382], [8.1218, 9.50207], [8.11422, 9.51571], [8.1142, 9.51572], [8.1056, 9.52323], [8.10643, 9.52884], [8.08939, 9.53709], [8.08886, 9.53947], [8.08869, 9.54122], [8.08064, 9.54471], [8.07744, 9.54854], [8.06791, 9.55061], [8.06563, 9.55083], [8.05974, 9.55095], [8.0579, 9.55254], [8.05755, 9.55289], [8.0579, 9.55406], [8.05958, 9.55648], [8.06594, 9.56567], [8.06438, 9.56803], [8.05385, 9.56812], [8.0487, 9.57234], [8.05502, 9.58123], [8.06204, 9.58177], [8.06453, 9.5846], [8.06897, 9.58551], [8.07911, 9.58191], [8.08251, 9.58581], [8.08728, 9.58885], [8.09277, 9.59554], [8.09284, 9.59582], [8.09275, 9.5961], [8.0935, 9.60055], [8.09122, 9.61164], [8.09168, 9.61272], [8.09428, 9.61839], [8.09438, 9.61858], [8.09575, 9.61931], [8.11484, 9.62361], [8.11665, 9.62498], [8.12999, 9.61822], [8.13137, 9.61551], [8.13327, 9.61433], [8.13511, 9.6103], [8.13989, 9.60119], [8.14643, 9.59787], [8.14987, 9.59715], [8.15136, 9.59561], [8.15207, 9.59285], [8.15648, 9.58755], [8.16328, 9.58036], [8.17103, 9.5826], [8.17252, 9.58197], [8.17175, 9.5658], [8.15743, 9.56756], [8.16523, 9.5536], [8.16481, 9.55106]]]}, "properties": {"name": "Daddu", "lga": "Jaba", "state": "kd"}}, {"type": "Feature", "geometry": {"type": "Polygon", "coordinates": [[[8.28364, 9.58812], [8.2846, 9.58353], [8.2814, 9.57218], [8.28314, 9.57029], [8.28161, 9.56957], [8.28025, 9.56845], [8.278, 9.56771], [8.27794, 9.56771], [8.27377, 9.57337], [8.26727, 9.57228], [8.26375, 9.569], [8.26365, 9.56898], [8.25881, 9.57145], [8.25525, 9.57102], [8.25126, 9.57582], [8.24093, 9.5754], [8.24019, 9.57413], [8.23902, 9.57105], [8.2451, 9.55881], [8.24479, 9.53161], [8.24192, 9.52896], [8.23482, 9.52416], [8.23437, 9.52304], [8.22708, 9.50499], [8.22653, 9.50489], [8.20725, 9.51105], [8.17482, 9.53321], [8.16481, 9.55106], [8.16523, 9.5536], [8.15743, 9.56756], [8.17175, 9.5658], [8.17252, 9.58197], [8.17103, 9.5826], [8.16328, 9.58036], [8.15648, 9.58755], [8.15207, 9.59285], [8.15136, 9.59561], [8.14987, 9.59715], [8.14643, 9.59787], [8.13989, 9.60119], [8.13511, 9.6103], [8.13327, 9.61433], [8.13137, 9.61551], [8.12999, 9.61822], [8.11665, 9.62498], [8.11473, 9.63028], [8.12484, 9.64484], [8.13208, 9.65528], [8.13698, 9.65098], [8.15118, 9.6472], [8.15366, 9.64442], [8.16574, 9.63754], [8.16625, 9.63527], [8.17731, 9.62426], [8.18808, 9.6254], [8.19048, 9.62651], [8.20735, 9.61594], [8.20944, 9.61799], [8.21313, 9.62425], [8.23497, 9.62745], [8.23966, 9.62291], [8.25744, 9.62276], [8.25897, 9.61992], [8.25831, 9.60785], [8.27292, 9.59356], [8.2728, 9.59002], [8.27282, 9.58935], [8.27506, 9.58848], [8.27823, 9.58766], [8.28364, 9.58812]]]}, "properties": {"name": "Unguwan Rimi", "lga": "Zangon Kataf", "state": "kd"}}, {"type": "Feature", "geometry": {"type": "Polygon", "coordinates": [[[8.11005, 9.70671], [8.114, 9.69791], [8.11378, 9.69651], [8.11563, 9.68043], [8.12105, 9.67734], [8.12694, 9.67742], [8.13339, 9.66889], [8.13057, 9.65828], [8.12207, 9.65799], [8.12078, 9.65836], [8.11422, 9.66025], [8.10014, 9.65072], [8.09888, 9.6514], [8.0907, 9.64804], [8.09064, 9.648], [8.08634, 9.64753], [8.07879, 9.63915], [8.08459, 9.63549], [8.08452, 9.62694], [8.08224, 9.62546], [8.08063, 9.62446], [8.07687, 9.62261], [8.07327, 9.63293], [8.06219, 9.63197], [8.05834, 9.62918], [8.0588, 9.61715], [8.05192, 9.61821], [8.04552, 9.61265], [8.04179, 9.60884], [8.03986, 9.60859], [8.03822, 9.60873], [8.02985, 9.60448], [8.02488, 9.61242], [8.02424, 9.61315], [8.01968, 9.61444], [8.01832, 9.61535], [8.0051, 9.62427], [8.00088, 9.63313], [8.00108, 9.63767], [8.00106, 9.63774], [8.001, 9.64351], [8.00908, 9.65441], [8.0095, 9.65466], [8.01148, 9.65673], [8.01262, 9.6614], [8.02524, 9.67264], [8.02825, 9.67121], [8.03095, 9.6669], [8.044, 9.66871], [8.04545, 9.67992], [8.05007, 9.68107], [8.05244, 9.68335], [8.05526, 9.68239], [8.06559, 9.67996], [8.07306, 9.68154], [8.07826, 9.69092], [8.0815, 9.69085], [8.08363, 9.69081], [8.08469, 9.6907], [8.10054, 9.70408], [8.10127, 9.70549], [8.11005, 9.70671]]]}, "properties": {"name": "Sabon Sarki", "lga": "Kachia", "state": "kd"}}, {"type": "Feature", "geometry": {"type": "Polygon", "coordinates": [[[8.08212, 11.25732], [8.08542, 11.2612], [8.09237, 11.26148], [8.0947, 11.25999], [8.09846, 11.26399], [8.10028, 11.26478], [8.1019, 11.26349], [8.10608, 11.26653], [8.12101, 11.26481], [8.1288, 11.26604], [8.13854, 11.26971], [8.14838, 11.27721], [8.16385, 11.28546], [8.16749, 11.29056], [8.17034, 11.29532], [8.17433, 11.29588], [8.1789, 11.29979], [8.17633, 11.30182], [8.17626, 11.30301], [8.1789, 11.30385], [8.18049, 11.30866], [8.18435, 11.31499], [8.18643, 11.31966], [8.19214, 11.32115], [8.19216, 11.32349], [8.19323, 11.32384], [8.20558, 11.31775], [8.22676, 11.32595], [8.23737, 11.32707], [8.24102, 11.32656], [8.24878, 11.32572], [8.25568, 11.31504], [8.25861, 11.31286], [8.26441, 11.31323], [8.26345, 11.31025], [8.26212, 11.30736], [8.26003, 11.30419], [8.25851, 11.30223], [8.25632, 11.3012], [8.25556, 11.29841], [8.25471, 11.2958], [8.2549, 11.2916], [8.25642, 11.28452], [8.25727, 11.27967], [8.2607, 11.27632], [8.25965, 11.26482], [8.26051, 11.26125], [8.26079, 11.25908], [8.25944, 11.25363], [8.25857, 11.24933], [8.25544, 11.24055], [8.25255, 11.23377], [8.25008, 11.23346], [8.24388, 11.23118], [8.24387, 11.23095], [8.23686, 11.22193], [8.23683, 11.22171], [8.23743, 11.22087], [8.239, 11.21833], [8.23138, 11.21106], [8.21942, 11.21463], [8.21283, 11.20925], [8.21138, 11.20615], [8.20322, 11.20132], [8.20398, 11.18948], [8.19502, 11.18585], [8.19488, 11.18439], [8.198, 11.17556], [8.19768, 11.1738], [8.18712, 11.16188], [8.18449, 11.16171], [8.18158, 11.16018], [8.18114, 11.16035], [8.17586, 11.17857], [8.17524, 11.17876], [8.17237, 11.18203], [8.1675, 11.18013], [8.16188, 11.18618], [8.16169, 11.18757], [8.16023, 11.1899], [8.14777, 11.18389], [8.14534, 11.18137], [8.15372, 11.17545], [8.15475, 11.17331], [8.15476, 11.17315], [8.15528, 11.16925], [8.14687, 11.16337], [8.13859, 11.15314], [8.13584, 11.14974], [8.13503, 11.1495], [8.13336, 11.14817], [8.12044, 11.14849], [8.11858, 11.14966], [8.11629, 11.15602], [8.11418, 11.16287], [8.09172, 11.17379], [8.08984, 11.17256], [8.08301, 11.17393], [8.0706, 11.17088], [8.0679, 11.17302], [8.06344, 11.18598], [8.05764, 11.18829], [8.0561, 11.18782], [8.04901, 11.19459], [8.04794, 11.19561], [8.0472, 11.19812], [8.04937, 11.20394], [8.05322, 11.20696], [8.05326, 11.20781], [8.05399, 11.20946], [8.05464, 11.20994], [8.05551, 11.21681], [8.06098, 11.2184], [8.05991, 11.2196], [8.06397, 11.2281], [8.06741, 11.22674], [8.07093, 11.22527], [8.07121, 11.22507], [8.073, 11.22532], [8.0743, 11.22799], [8.0776, 11.22747], [8.07858, 11.22725], [8.07792, 11.22557], [8.08211, 11.22555], [8.08096, 11.23367], [8.08292, 11.24423], [8.08212, 11.25732]]]}, "properties": {"name": "Kurmin Kogi", "lga": "Ikara", "state": "kd"}}, {"type": "Feature", "geometry": {"type": "Polygon", "coordinates": [[[8.32799, 10.24604], [8.33335, 10.24856], [8.3372, 10.25097], [8.35296, 10.26579], [8.35305, 10.26604], [8.37589, 10.29176], [8.37944, 10.29575], [8.38423, 10.29915], [8.39589, 10.29442], [8.39797, 10.27365], [8.40424, 10.25422], [8.41891, 10.23388], [8.41835, 10.23097], [8.42026, 10.22624], [8.42429, 10.20925], [8.41534, 10.18856], [8.4268, 10.17504], [8.43953, 10.17607], [8.43888, 10.15231], [8.44674, 10.14639], [8.45005, 10.14151], [8.45434, 10.14106], [8.46002, 10.1428], [8.47554, 10.13783], [8.48193, 10.13059], [8.48384, 10.13058], [8.48624, 10.13075], [8.48853, 10.12474], [8.5009, 10.09217], [8.49962, 10.09048], [8.49573, 10.08764], [8.49099, 10.0838], [8.48725, 10.08308], [8.48325, 10.08231], [8.48218, 10.08235], [8.47666, 10.07952], [8.46634, 10.05308], [8.45129, 10.04493], [8.45527, 10.01779], [8.45415, 10.01691], [8.45165, 10.01649], [8.43624, 10.00009], [8.43428, 9.99802], [8.42987, 10.00359], [8.42951, 10.00405], [8.42835, 10.00433], [8.41603, 10.00732], [8.40807, 10.00288], [8.40735, 10.00306], [8.40133, 10.00197], [8.39992, 10.00248], [8.38255, 10.01354], [8.37951, 10.01735], [8.37892, 10.01907], [8.37139, 10.0407], [8.36982, 10.04298], [8.37032, 10.06001], [8.36565, 10.06543], [8.35699, 10.09289], [8.35252, 10.09622], [8.3464, 10.11516], [8.34643, 10.11604], [8.34664, 10.12404], [8.33714, 10.14151], [8.33514, 10.14324], [8.33345, 10.15559], [8.3343, 10.16009], [8.34092, 10.1627], [8.34177, 10.16295], [8.3421, 10.16773], [8.34777, 10.17395], [8.34509, 10.1768], [8.34506, 10.17697], [8.34995, 10.17751], [8.35498, 10.16986], [8.35576, 10.1702], [8.36072, 10.1747], [8.37123, 10.17441], [8.37695, 10.16903], [8.38255, 10.17161], [8.39321, 10.17594], [8.39532, 10.17657], [8.39966, 10.18631], [8.39224, 10.19857], [8.38521, 10.19878], [8.38271, 10.19689], [8.3762, 10.19354], [8.36964, 10.19566], [8.36938, 10.19579], [8.3625, 10.20008], [8.34724, 10.20062], [8.34692, 10.20068], [8.33342, 10.20835], [8.33032, 10.2108], [8.32363, 10.24004], [8.32504, 10.24289], [8.32731, 10.24504], [8.32799, 10.24604]]]}, "properties": {"name": "Geshere", "lga": "Kauru", "state": "kd"}}, {"type": "Feature", "geometry": {"type": "Polygon", "coordinates": [[[8.0487, 9.57234], [8.03778, 9.56783], [8.03582, 9.57061], [8.01752, 9.57179], [8.01696, 9.57253], [8.01632, 9.57321], [8.01331, 9.57355], [8.01268, 9.5737], [8.00661, 9.5756], [8.00408, 9.58246], [8.0047, 9.58655], [8.00469, 9.58661], [8.00469, 9.58909], [7.98853, 9.59454], [7.98562, 9.60081], [7.97948, 9.60674], [7.97276, 9.61009], [7.97153, 9.61368], [8.00088, 9.63313], [8.0051, 9.62427], [8.01832, 9.61535], [8.01968, 9.61444], [8.02424, 9.61315], [8.02488, 9.61242], [8.02985, 9.60448], [8.03822, 9.60873], [8.03986, 9.60859], [8.04179, 9.60884], [8.04552, 9.61265], [8.05192, 9.61821], [8.0588, 9.61715], [8.05834, 9.62918], [8.06219, 9.63197], [8.07327, 9.63293], [8.07687, 9.62261], [8.08063, 9.62446], [8.08224, 9.62546], [8.08452, 9.62694], [8.08459, 9.63549], [8.07879, 9.63915], [8.08634, 9.64753], [8.09064, 9.648], [8.0907, 9.64804], [8.09888, 9.6514], [8.10014, 9.65072], [8.11422, 9.66025], [8.12078, 9.65836], [8.12207, 9.65799], [8.13057, 9.65828], [8.13208, 9.65528], [8.12484, 9.64484], [8.11473, 9.63028], [8.11665, 9.62498], [8.11484, 9.62361], [8.09575, 9.61931], [8.09438, 9.61858], [8.09428, 9.61839], [8.09168, 9.61272], [8.09122, 9.61164], [8.0935, 9.60055], [8.09275, 9.5961], [8.09284, 9.59582], [8.09277, 9.59554], [8.08728, 9.58885], [8.08251, 9.58581], [8.07911, 9.58191], [8.06897, 9.58551], [8.06453, 9.5846], [8.06204, 9.58177], [8.05502, 9.58123], [8.0487, 9.57234]]]}, "properties": {"name": "Kurmin Musa", "lga": "Kachia", "state": "kd"}}, {"type": "Feature", "geometry": {"type": "Polygon", "coordinates": [[[8.50999, 10.23286], [8.52518, 10.23551], [8.52662, 10.23622], [8.54028, 10.22333], [8.54708, 10.218], [8.54878, 10.21907], [8.56004, 10.21914], [8.56857, 10.22351], [8.57119, 10.24133], [8.57547, 10.24121], [8.58282, 10.24344], [8.58935, 10.25087], [8.58984, 10.25238], [8.59763, 10.25524], [8.60333, 10.25241], [8.60668, 10.25006], [8.61108, 10.23756], [8.61083, 10.23724], [8.61, 10.23373], [8.60982, 10.22657], [8.62981, 10.2249], [8.63369, 10.21499], [8.63436, 10.21479], [8.63682, 10.21326], [8.64668, 10.21392], [8.64751, 10.21376], [8.65001, 10.2124], [8.6543, 10.21158], [8.68607, 10.21123], [8.6833, 10.19296], [8.68087, 10.17701], [8.6782, 10.16862], [8.67203, 10.14622], [8.67317, 10.13761], [8.67213, 10.12882], [8.67165, 10.1246], [8.67227, 10.08174], [8.6738, 10.06753], [8.67947, 10.01473], [8.67964, 10.01105], [8.66323, 10.01622], [8.64712, 10.01497], [8.64011, 10.01504], [8.62749, 10.00491], [8.62611, 10.00392], [8.62406, 10.00295], [8.62215, 10.00252], [8.61633, 10.00516], [8.61283, 10.00271], [8.61072, 10.00125], [8.60856, 10.00194], [8.6049, 10.00392], [8.60373, 10.00503], [8.60036, 10.00498], [8.59012, 10.01262], [8.58935, 10.0138], [8.58882, 10.0165], [8.58883, 10.01732], [8.58891, 10.02234], [8.58898, 10.02286], [8.57534, 10.02152], [8.56914, 10.02402], [8.56754, 10.02596], [8.56314, 10.02575], [8.55836, 10.02762], [8.5553, 10.03181], [8.5509, 10.03039], [8.54224, 10.03113], [8.54155, 10.03155], [8.53845, 10.03233], [8.53622, 10.02928], [8.5339, 10.02548], [8.53208, 10.02482], [8.53129, 10.02388], [8.52833, 10.02348], [8.52688, 10.02371], [8.52467, 10.02349], [8.52414, 10.02293], [8.52274, 10.02245], [8.51465, 10.0182], [8.51289, 10.01899], [8.51194, 10.0199], [8.50122, 10.0188], [8.49404, 10.02177], [8.48783, 10.01854], [8.4886, 10.01412], [8.47611, 9.99573], [8.47634, 9.99241], [8.47686, 9.98511], [8.4563, 9.98394], [8.45513, 9.98603], [8.45428, 9.98757], [8.45271, 9.99038], [8.44965, 9.99097], [8.43424, 9.99397], [8.43428, 9.99802], [8.43624, 10.00009], [8.45165, 10.01649], [8.45415, 10.01691], [8.45527, 10.01779], [8.45129, 10.04493], [8.46634, 10.05308], [8.47666, 10.07952], [8.48218, 10.08235], [8.48325, 10.08231], [8.48725, 10.08308], [8.49099, 10.0838], [8.49573, 10.08764], [8.49962, 10.09048], [8.5009, 10.09217], [8.48853, 10.12474], [8.48624, 10.13075], [8.48384, 10.13058], [8.48193, 10.13059], [8.47554, 10.13783], [8.46002, 10.1428], [8.45434, 10.14106], [8.45005, 10.14151], [8.44674, 10.14639], [8.43888, 10.15231], [8.43953, 10.17607], [8.45595, 10.18431], [8.45611, 10.18614], [8.45679, 10.18728], [8.4704, 10.19912], [8.48032, 10.20775], [8.49572, 10.1981], [8.50381, 10.20528], [8.5104, 10.21385], [8.51052, 10.21424], [8.50686, 10.22963], [8.50999, 10.23286]]]}, "properties": {"name": "Garu Mariri", "lga": "Lere", "state": "kd"}}, {"type": "Feature", "geometry": {"type": "Polygon", "coordinates": [[[7.97025, 10.96702], [7.96416, 10.97209], [7.9617, 10.98231], [7.96156, 10.98413], [7.96302, 10.98801], [7.96552, 10.99053], [7.96816, 10.99298], [7.97191, 10.99578], [7.97541, 10.99806], [7.97542, 11.0038], [7.97641, 11.0089], [7.97999, 11.01085], [7.98557, 11.01596], [7.99532, 11.01827], [7.99934, 11.01329], [8.00133, 11.01282], [8.01124, 11.0248], [8.01244, 11.02799], [8.01622, 11.02996], [8.02161, 11.03365], [8.02443, 11.03457], [8.03002, 11.03282], [8.03377, 11.03545], [8.03462, 11.03653], [8.04601, 11.04433], [8.04755, 11.04441], [8.04839, 11.04471], [8.05639, 11.04799], [8.05773, 11.04791], [8.06487, 11.04608], [8.0685, 11.04801], [8.06915, 11.04838], [8.0736, 11.05207], [8.08345, 11.05249], [8.08577, 11.05165], [8.08895, 11.05135], [8.09401, 11.05214], [8.10493, 11.0323], [8.11007, 11.03283], [8.11262, 11.04733], [8.11251, 11.0491], [8.10544, 11.06279], [8.10621, 11.06441], [8.12216, 11.07219], [8.12626, 11.066], [8.12644, 11.06495], [8.12775, 11.05892], [8.13185, 11.04797], [8.14305, 11.05626], [8.14982, 11.05306], [8.14865, 11.05176], [8.14523, 11.04861], [8.14346, 11.04731], [8.13372, 11.04253], [8.13405, 11.0413], [8.13447, 11.03661], [8.13479, 11.03583], [8.13336, 11.03063], [8.13611, 11.02139], [8.12265, 11.01329], [8.12248, 11.01028], [8.12005, 11.00564], [8.11876, 10.99707], [8.11995, 10.99192], [8.13163, 10.98963], [8.13377, 10.98914], [8.13288, 10.98493], [8.1324, 10.98338], [8.12894, 10.97841], [8.12769, 10.97376], [8.13197, 10.96995], [8.13336, 10.96816], [8.12933, 10.96288], [8.12505, 10.94831], [8.12544, 10.94352], [8.12388, 10.94156], [8.12328, 10.93867], [8.11995, 10.93386], [8.11778, 10.93123], [8.11564, 10.92903], [8.1053, 10.92514], [8.09885, 10.92451], [8.09568, 10.92409], [8.08915, 10.92357], [8.08041, 10.92023], [8.06949, 10.92365], [8.06418, 10.92983], [8.05582, 10.93502], [8.04991, 10.93115], [8.04651, 10.93417], [8.04432, 10.9424], [8.04458, 10.94419], [8.04671, 10.94528], [8.0479, 10.94569], [8.04953, 10.94535], [8.0574, 10.93882], [8.05841, 10.94027], [8.06197, 10.944], [8.06362, 10.9583], [8.05672, 10.96194], [8.05484, 10.9625], [8.04952, 10.96044], [8.04055, 10.95947], [8.01436, 10.96472], [8.0081, 10.97328], [8.00215, 10.97585], [7.99208, 10.97801], [7.98798, 10.97937], [7.98501, 10.97787], [7.97368, 10.9703], [7.97025, 10.96702]]]}, "properties": {"name": "Soba", "lga": "Soba", "state": "kd"}}, {"type": "Feature", "geometry": {"type": "Polygon", "coordinates": [[[7.67975, 11.04418], [7.66527, 11.05878], [7.65377, 11.06059], [7.64974, 11.06214], [7.64696, 11.06606], [7.64425, 11.06935], [7.64047, 11.07376], [7.64002, 11.07806], [7.63959, 11.08212], [7.63812, 11.09171], [7.64322, 11.12052], [7.64304, 11.12568], [7.64381, 11.12917], [7.64565, 11.13076], [7.65125, 11.12828], [7.65454, 11.12539], [7.65843, 11.12222], [7.6619, 11.12038], [7.66685, 11.12314], [7.67181, 11.12653], [7.67447, 11.12687], [7.67856, 11.11901], [7.68141, 11.11829], [7.68284, 11.11717], [7.68905, 11.1106], [7.69538, 11.11133], [7.69445, 11.10718], [7.69386, 11.10451], [7.693, 11.10182], [7.69141, 11.09992], [7.6901, 11.09874], [7.68947, 11.09706], [7.68762, 11.08094], [7.68514, 11.07358], [7.68927, 11.07188], [7.68923, 11.07107], [7.68916, 11.07063], [7.68911, 11.06976], [7.68801, 11.06962], [7.68793, 11.06837], [7.68755, 11.06774], [7.68734, 11.0673], [7.68646, 11.05959], [7.68457, 11.06005], [7.68357, 11.05673], [7.68512, 11.05716], [7.68517, 11.05692], [7.68517, 11.05642], [7.68527, 11.05601], [7.68266, 11.05386], [7.68154, 11.0546], [7.67975, 11.04418]]]}, "properties": {"name": "Kufena", "lga": "Zaria", "state": "kd"}}, {"type": "Feature", "geometry": {"type": "Polygon", "coordinates": [[[8.06372, 11.37457], [8.06355, 11.37511], [8.06445, 11.38294], [8.0752, 11.38013], [8.07923, 11.37432], [8.07928, 11.37417], [8.07655, 11.36733], [8.09043, 11.35929], [8.09202, 11.36016], [8.09541, 11.35902], [8.09866, 11.35985], [8.10596, 11.35811], [8.10879, 11.35623], [8.11498, 11.36545], [8.11502, 11.36584], [8.10967, 11.37161], [8.10709, 11.3778], [8.10541, 11.37975], [8.10541, 11.38], [8.10665, 11.38184], [8.12062, 11.38599], [8.12291, 11.38667], [8.14993, 11.37539], [8.14875, 11.37338], [8.15432, 11.36953], [8.16525, 11.36297], [8.16745, 11.35434], [8.17546, 11.34838], [8.18739, 11.34061], [8.19346, 11.33382], [8.19725, 11.3283], [8.20024, 11.32436], [8.20678, 11.3187], [8.20612, 11.31778], [8.20558, 11.31775], [8.19323, 11.32384], [8.19216, 11.32349], [8.19214, 11.32115], [8.18643, 11.31966], [8.18435, 11.31499], [8.18049, 11.30866], [8.1789, 11.30385], [8.17626, 11.30301], [8.17633, 11.30182], [8.1789, 11.29979], [8.17433, 11.29588], [8.17034, 11.29532], [8.16749, 11.29056], [8.16385, 11.28546], [8.14838, 11.27721], [8.13854, 11.26971], [8.1288, 11.26604], [8.12101, 11.26481], [8.10608, 11.26653], [8.1058, 11.26615], [8.10553, 11.26611], [8.10422, 11.27607], [8.10658, 11.28103], [8.10339, 11.28692], [8.09553, 11.28815], [8.0854, 11.28739], [8.0834, 11.28923], [8.08151, 11.28909], [8.08111, 11.28926], [8.0805, 11.28954], [8.07539, 11.29395], [8.06571, 11.29637], [8.06368, 11.30223], [8.06512, 11.30731], [8.06347, 11.30727], [8.06159, 11.30762], [8.05872, 11.31165], [8.05977, 11.31785], [8.06077, 11.32204], [8.06051, 11.36257], [8.06115, 11.36973], [8.06485, 11.37103], [8.06423, 11.37298], [8.06372, 11.37457]]]}, "properties": {"name": "Saulawa", "lga": "Ikara", "state": "kd"}}, {"type": "Feature", "geometry": {"type": "Polygon", "coordinates": [[[8.14946, 10.6758], [8.15206, 10.67845], [8.16617, 10.67039], [8.17322, 10.67417], [8.1773, 10.68044], [8.1822, 10.67969], [8.18492, 10.67599], [8.19295, 10.67227], [8.20585, 10.66897], [8.20908, 10.65805], [8.20922, 10.65759], [8.21239, 10.65111], [8.21806, 10.6549], [8.23487, 10.66616], [8.23505, 10.66616], [8.24046, 10.66291], [8.23907, 10.6545], [8.23848, 10.65323], [8.23994, 10.64807], [8.24187, 10.64127], [8.252, 10.63585], [8.25215, 10.63342], [8.25436, 10.63016], [8.25435, 10.63015], [8.24427, 10.60659], [8.25045, 10.59657], [8.25376, 10.59597], [8.25916, 10.5891], [8.28503, 10.58451], [8.28558, 10.58204], [8.29701, 10.57887], [8.30518, 10.57726], [8.30666, 10.57712], [8.31212, 10.56729], [8.31338, 10.56518], [8.31371, 10.56483], [8.31452, 10.55118], [8.31684, 10.54709], [8.32295, 10.54296], [8.31912, 10.52703], [8.31297, 10.52413], [8.30452, 10.51741], [8.28445, 10.51467], [8.28423, 10.5144], [8.28461, 10.50881], [8.26917, 10.50047], [8.267, 10.50386], [8.26796, 10.51462], [8.26492, 10.51806], [8.2645, 10.52009], [8.26846, 10.53], [8.26807, 10.53534], [8.26505, 10.5394], [8.26123, 10.53935], [8.2522, 10.54335], [8.23756, 10.53799], [8.23688, 10.53832], [8.22447, 10.52958], [8.22002, 10.52726], [8.21948, 10.52402], [8.22306, 10.51699], [8.22407, 10.50214], [8.22277, 10.50129], [8.21368, 10.49798], [8.20841, 10.50471], [8.19462, 10.50977], [8.19205, 10.5139], [8.18942, 10.52003], [8.19014, 10.52098], [8.19424, 10.53577], [8.18962, 10.54141], [8.19004, 10.54458], [8.18533, 10.55881], [8.18446, 10.55926], [8.18205, 10.5736], [8.17753, 10.57562], [8.17444, 10.58884], [8.1792, 10.59323], [8.18009, 10.59709], [8.16628, 10.60631], [8.1699, 10.6136], [8.16683, 10.61738], [8.16348, 10.61688], [8.15573, 10.62064], [8.15405, 10.6216], [8.15395, 10.62164], [8.15511, 10.62345], [8.15574, 10.62832], [8.15776, 10.63302], [8.15731, 10.63451], [8.15771, 10.63757], [8.152, 10.64164], [8.15007, 10.63305], [8.15393, 10.63243], [8.14741, 10.62831], [8.14689, 10.62876], [8.13946, 10.63289], [8.14212, 10.63854], [8.13524, 10.64256], [8.13457, 10.64335], [8.1407, 10.65514], [8.14408, 10.65515], [8.14983, 10.66757], [8.14946, 10.6758]]]}, "properties": {"name": "Kauru East", "lga": "Kauru", "state": "kd"}}, {"type": "Feature", "geometry": {"type": "Polygon", "coordinates": [[[8.41989, 9.60704], [8.41717, 9.60439], [8.41503, 9.59954], [8.4148, 9.59946], [8.40524, 9.59766], [8.40516, 9.59764], [8.39749, 9.61069], [8.39782, 9.61095], [8.39949, 9.61255], [8.39995, 9.61308], [8.39473, 9.61903], [8.39551, 9.61954], [8.39063, 9.62684], [8.39339, 9.62983], [8.39997, 9.63454], [8.40206, 9.64073], [8.40774, 9.64306], [8.40845, 9.64339], [8.4097, 9.64722], [8.40975, 9.65003], [8.4102, 9.652], [8.40962, 9.65612], [8.41027, 9.65916], [8.41292, 9.66502], [8.41173, 9.6665], [8.40346, 9.6696], [8.39921, 9.67163], [8.39942, 9.67389], [8.399, 9.6762], [8.39919, 9.67732], [8.4002, 9.67836], [8.40133, 9.67926], [8.40204, 9.68024], [8.40035, 9.70224], [8.4012, 9.70407], [8.40388, 9.70467], [8.42311, 9.70176], [8.42499, 9.69973], [8.43027, 9.69462], [8.42635, 9.68793], [8.42565, 9.68672], [8.42052, 9.66857], [8.42255, 9.66729], [8.42422, 9.65467], [8.4218, 9.65061], [8.4231, 9.64099], [8.42486, 9.64005], [8.42473, 9.63961], [8.42195, 9.63727], [8.42038, 9.63875], [8.41833, 9.6374], [8.42008, 9.63589], [8.42049, 9.63554], [8.42171, 9.63626], [8.42388, 9.63103], [8.4215, 9.63256], [8.42111, 9.6329], [8.42048, 9.63474], [8.41846, 9.6338], [8.41912, 9.63223], [8.41874, 9.63084], [8.41687, 9.63245], [8.41587, 9.63159], [8.41748, 9.62975], [8.41735, 9.62944], [8.41458, 9.63033], [8.41601, 9.62802], [8.41658, 9.62763], [8.41476, 9.62456], [8.41765, 9.6205], [8.41603, 9.61483], [8.41989, 9.60704]]]}, "properties": {"name": "Kpak", "lga": "Kaura", "state": "kd"}}, {"type": "Feature", "geometry": {"type": "Polygon", "coordinates": [[[8.7039, 10.45744], [8.70398, 10.45696], [8.70434, 10.45612], [8.71382, 10.45302], [8.71852, 10.45515], [8.72144, 10.45777], [8.72979, 10.45662], [8.73352, 10.45428], [8.73995, 10.44923], [8.7494, 10.4452], [8.74922, 10.4407], [8.75522, 10.43912], [8.75697, 10.43571], [8.75756, 10.435], [8.76155, 10.43229], [8.76253, 10.43213], [8.76498, 10.43173], [8.76503, 10.43041], [8.76728, 10.42772], [8.77019, 10.42813], [8.77369, 10.4271], [8.7743, 10.42692], [8.77513, 10.42667], [8.77654, 10.42589], [8.77804, 10.42422], [8.78226, 10.42416], [8.79309, 10.41072], [8.79369, 10.40241], [8.7969, 10.40304], [8.79769, 10.40234], [8.79833, 10.40171], [8.79555, 10.3994], [8.79644, 10.39891], [8.79736, 10.39877], [8.79786, 10.39891], [8.80375, 10.39284], [8.8066, 10.39322], [8.80699, 10.39245], [8.8076, 10.39207], [8.80532, 10.38807], [8.80889, 10.38626], [8.81031, 10.38123], [8.81073, 10.38074], [8.81193, 10.3803], [8.81312, 10.37978], [8.81832, 10.38045], [8.8108, 10.36789], [8.80509, 10.35561], [8.80403, 10.34544], [8.80109, 10.33848], [8.80022, 10.32986], [8.79927, 10.32287], [8.80004, 10.31614], [8.79927, 10.30839], [8.79927, 10.30292], [8.79072, 10.29349], [8.78336, 10.29029], [8.76924, 10.28516], [8.76342, 10.28137], [8.75726, 10.28011], [8.74956, 10.28095], [8.74244, 10.27814], [8.73859, 10.27797], [8.73428, 10.2751], [8.7323, 10.28344], [8.73111, 10.2855], [8.73425, 10.29635], [8.73476, 10.30056], [8.73621, 10.30528], [8.73935, 10.32485], [8.74027, 10.33767], [8.74224, 10.33905], [8.74254, 10.34564], [8.74139, 10.35022], [8.74348, 10.35623], [8.74239, 10.35987], [8.74071, 10.36106], [8.72845, 10.36587], [8.72411, 10.36339], [8.71769, 10.36307], [8.71457, 10.36692], [8.70018, 10.37123], [8.69943, 10.37543], [8.6962, 10.37976], [8.69459, 10.38068], [8.69264, 10.38525], [8.68909, 10.38549], [8.67399, 10.38399], [8.67119, 10.38505], [8.67173, 10.38768], [8.67206, 10.39538], [8.67507, 10.40205], [8.67667, 10.40281], [8.68717, 10.40207], [8.69203, 10.4085], [8.69659, 10.4079], [8.69866, 10.40947], [8.70024, 10.41095], [8.70046, 10.41112], [8.70046, 10.41123], [8.70223, 10.41908], [8.70339, 10.42246], [8.6975, 10.42952], [8.68707, 10.43217], [8.68401, 10.43683], [8.6831, 10.43764], [8.68346, 10.44097], [8.68243, 10.44718], [8.68097, 10.45051], [8.67639, 10.45588], [8.67638, 10.45592], [8.67992, 10.4587], [8.68708, 10.46667], [8.70252, 10.45796], [8.7039, 10.45744]]]}, "properties": {"name": "Abadawa", "lga": "Lere", "state": "kd"}}, {"type": "Feature", "geometry": {"type": "Polygon", "coordinates": [[[7.92667, 10.35535], [7.91149, 10.34202], [7.90894, 10.33815], [7.90448, 10.3221], [7.8853, 10.30991], [7.88272, 10.28839], [7.8816, 10.28593], [7.8808, 10.28274], [7.89301, 10.26963], [7.89415, 10.25484], [7.89186, 10.24667], [7.89238, 10.24262], [7.88542, 10.21604], [7.88288, 10.21552], [7.87788, 10.19542], [7.87115, 10.1777], [7.8486, 10.16603], [7.84354, 10.16696], [7.83587, 10.17804], [7.83371, 10.20286], [7.83012, 10.20411], [7.818, 10.21145], [7.79727, 10.21782], [7.79119, 10.22061], [7.79106, 10.2222], [7.78874, 10.22794], [7.78707, 10.24393], [7.78865, 10.25414], [7.77543, 10.26158], [7.77368, 10.2651], [7.77972, 10.27712], [7.78337, 10.27975], [7.78691, 10.2836], [7.79232, 10.28634], [7.79394, 10.28589], [7.7963, 10.28499], [7.80491, 10.28726], [7.8041, 10.29657], [7.80415, 10.29699], [7.80618, 10.29978], [7.80761, 10.30316], [7.81061, 10.32046], [7.80102, 10.31833], [7.79914, 10.31755], [7.78459, 10.32319], [7.78456, 10.32337], [7.78124, 10.33459], [7.77699, 10.34297], [7.78008, 10.34867], [7.78137, 10.35751], [7.78283, 10.3585], [7.79005, 10.36884], [7.79615, 10.37091], [7.80151, 10.37569], [7.8009, 10.39453], [7.80719, 10.40233], [7.81355, 10.40287], [7.82353, 10.38444], [7.82581, 10.38415], [7.82766, 10.38091], [7.83882, 10.36872], [7.84057, 10.36922], [7.84545, 10.3731], [7.84966, 10.39281], [7.85096, 10.39234], [7.85803, 10.3887], [7.8612, 10.38524], [7.87104, 10.38155], [7.8732, 10.37912], [7.87868, 10.37853], [7.88657, 10.3737], [7.88704, 10.3697], [7.92667, 10.35535]]]}, "properties": {"name": "Afogo", "lga": "Kajuru", "state": "kd"}}, {"type": "Feature", "geometry": {"type": "Polygon", "coordinates": [[[7.28399, 11.27545], [7.28958, 11.28433], [7.29103, 11.2819], [7.29386, 11.27719], [7.29757, 11.27365], [7.30185, 11.27141], [7.3066, 11.26936], [7.3202, 11.26507], [7.32989, 11.26348], [7.34121, 11.26237], [7.35043, 11.26274], [7.35778, 11.26426], [7.36461, 11.29034], [7.37188, 11.28966], [7.37513, 11.28935], [7.4048, 11.29208], [7.40829, 11.2865], [7.40843, 11.28249], [7.4089, 11.27887], [7.40995, 11.27497], [7.4107, 11.27379], [7.41397, 11.26713], [7.4027, 11.26311], [7.39879, 11.256], [7.3932, 11.2563], [7.39111, 11.25623], [7.38991, 11.25418], [7.38197, 11.24938], [7.37869, 11.2508], [7.37349, 11.24909], [7.37086, 11.24301], [7.3703, 11.24247], [7.36988, 11.24026], [7.36311, 11.23675], [7.36607, 11.22717], [7.3708, 11.22641], [7.37352, 11.2227], [7.38127, 11.22256], [7.38603, 11.2196], [7.39204, 11.20759], [7.3958, 11.20405], [7.40018, 11.20698], [7.40652, 11.21355], [7.40977, 11.21474], [7.41235, 11.21577], [7.41848, 11.21788], [7.42543, 11.21778], [7.43229, 11.2124], [7.43405, 11.20195], [7.43268, 11.19856], [7.42501, 11.19358], [7.41744, 11.18208], [7.41751, 11.18191], [7.42276, 11.15369], [7.42445, 11.1389], [7.43419, 11.14086], [7.44177, 11.12145], [7.42784, 11.12336], [7.39942, 11.12106], [7.38523, 11.11987], [7.36571, 11.11957], [7.36027, 11.12623], [7.3449, 11.12979], [7.33176, 11.12889], [7.32857, 11.13207], [7.32695, 11.1338], [7.32284, 11.14342], [7.32372, 11.14761], [7.31914, 11.15364], [7.31613, 11.15804], [7.31426, 11.16117], [7.31411, 11.16178], [7.3159, 11.16243], [7.31357, 11.16703], [7.31313, 11.16769], [7.3123, 11.16773], [7.31198, 11.16788], [7.31147, 11.16937], [7.31033, 11.16948], [7.30878, 11.1688], [7.3062, 11.1687], [7.3058, 11.16927], [7.30496, 11.17203], [7.30474, 11.1747], [7.3003, 11.16945], [7.29963, 11.16811], [7.29855, 11.1671], [7.29785, 11.16967], [7.29794, 11.17138], [7.30074, 11.18242], [7.3063, 11.18818], [7.31232, 11.18568], [7.31677, 11.18825], [7.31623, 11.194], [7.30992, 11.19659], [7.31189, 11.19816], [7.31571, 11.19901], [7.31537, 11.20224], [7.31508, 11.20873], [7.31776, 11.21271], [7.31217, 11.21321], [7.30708, 11.21516], [7.30521, 11.21723], [7.3038, 11.21816], [7.30169, 11.22016], [7.30165, 11.22205], [7.29845, 11.2246], [7.29524, 11.22486], [7.29531, 11.2251], [7.29493, 11.22773], [7.29262, 11.22808], [7.28868, 11.22683], [7.27871, 11.23136], [7.27695, 11.23338], [7.2755, 11.23264], [7.26693, 11.23275], [7.27168, 11.23537], [7.27008, 11.24507], [7.27156, 11.25111], [7.27525, 11.25372], [7.27911, 11.25508], [7.27991, 11.25882], [7.28288, 11.26282], [7.28323, 11.26361], [7.28379, 11.27235], [7.28399, 11.27545]]]}, "properties": {"name": "Yakawada", "lga": "Giwa", "state": "kd"}}, {"type": "Feature", "geometry": {"type": "Polygon", "coordinates": [[[7.51656, 10.23122], [7.51055, 10.19468], [7.46926, 10.18725], [7.46795, 10.18667], [7.44511, 10.18408], [7.42979, 10.1596], [7.40849, 10.13938], [7.40331, 10.13092], [7.39968, 10.11096], [7.39962, 10.11063], [7.38718, 10.09902], [7.38423, 10.09287], [7.37193, 10.08227], [7.35866, 10.07974], [7.35186, 10.07133], [7.34403, 10.06518], [7.33496, 10.06026], [7.32222, 10.06023], [7.31709, 10.05899], [7.30948, 10.0602], [7.30049, 10.05772], [7.26328, 10.08084], [7.23984, 10.099], [7.23951, 10.09921], [7.21597, 10.12832], [7.21236, 10.13605], [7.21101, 10.169], [7.20753, 10.17872], [7.20751, 10.17875], [7.1908, 10.18889], [7.15372, 10.18795], [7.13623, 10.19693], [7.13014, 10.21452], [7.13865, 10.25759], [7.14291, 10.26306], [7.15762, 10.29703], [7.16798, 10.32809], [7.16919, 10.34708], [7.1731, 10.34796], [7.17546, 10.34859], [7.17752, 10.35167], [7.17995, 10.35336], [7.18137, 10.35637], [7.18244, 10.35897], [7.18537, 10.35995], [7.18749, 10.36118], [7.18843, 10.36395], [7.1905, 10.36563], [7.19414, 10.36661], [7.19763, 10.36991], [7.22079, 10.36779], [7.24028, 10.36141], [7.27787, 10.35468], [7.29632, 10.35894], [7.3084, 10.35939], [7.3121, 10.35869], [7.32085, 10.34687], [7.32508, 10.34389], [7.34804, 10.33119], [7.35203, 10.32769], [7.35496, 10.32285], [7.35688, 10.32032], [7.36002, 10.31836], [7.36294, 10.31864], [7.36644, 10.31681], [7.36858, 10.31289], [7.38369, 10.29647], [7.41395, 10.28678], [7.41723, 10.28405], [7.41908, 10.28054], [7.42115, 10.27542], [7.42957, 10.27319], [7.43203, 10.26501], [7.43769, 10.26234], [7.44515, 10.25905], [7.44922, 10.25828], [7.4535, 10.25715], [7.45656, 10.25224], [7.45977, 10.24845], [7.46626, 10.2474], [7.47054, 10.24905], [7.47788, 10.24621], [7.48351, 10.24537], [7.48717, 10.2438], [7.49022, 10.24024], [7.49806, 10.23653], [7.51656, 10.23122]]]}, "properties": {"name": "Gwagwada", "lga": "Chikun", "state": "kd"}}, {"type": "Feature", "geometry": {"type": "Polygon", "coordinates": [[[8.43027, 9.69462], [8.44488, 9.69151], [8.4446, 9.68763], [8.44404, 9.67981], [8.44209, 9.6737], [8.44942, 9.66448], [8.45043, 9.66388], [8.44971, 9.65901], [8.44908, 9.65848], [8.44881, 9.65814], [8.45455, 9.65339], [8.45239, 9.65017], [8.44945, 9.64953], [8.44942, 9.64902], [8.45127, 9.64539], [8.45376, 9.64848], [8.45431, 9.64785], [8.4555, 9.64643], [8.45401, 9.64435], [8.45177, 9.64427], [8.45069, 9.64345], [8.45142, 9.6398], [8.44987, 9.6384], [8.44988, 9.63816], [8.4503, 9.63539], [8.45235, 9.63306], [8.45682, 9.6327], [8.47078, 9.61693], [8.47147, 9.61285], [8.46994, 9.60276], [8.45385, 9.60277], [8.44499, 9.60993], [8.4443, 9.61029], [8.41989, 9.60704], [8.41603, 9.61483], [8.41765, 9.6205], [8.41476, 9.62456], [8.41658, 9.62763], [8.41601, 9.62802], [8.41458, 9.63033], [8.41735, 9.62944], [8.41748, 9.62975], [8.41587, 9.63159], [8.41687, 9.63245], [8.41874, 9.63084], [8.41912, 9.63223], [8.41846, 9.6338], [8.42048, 9.63474], [8.42111, 9.6329], [8.4215, 9.63256], [8.42388, 9.63103], [8.42171, 9.63626], [8.42049, 9.63554], [8.42008, 9.63589], [8.41833, 9.6374], [8.42038, 9.63875], [8.42195, 9.63727], [8.42473, 9.63961], [8.42486, 9.64005], [8.4231, 9.64099], [8.4218, 9.65061], [8.42422, 9.65467], [8.42255, 9.66729], [8.42052, 9.66857], [8.42565, 9.68672], [8.42635, 9.68793], [8.43027, 9.69462]]]}, "properties": {"name": "Kadarko", "lga": "Kaura", "state": "kd"}}, {"type": "Feature", "geometry": {"type": "MultiPolygon", "coordinates": [[[[8.34599, 9.5475], [8.32697, 9.5496], [8.31972, 9.56425], [8.31984, 9.56476], [8.32782, 9.56601], [8.33854, 9.56581], [8.34153, 9.56575], [8.34219, 9.56305], [8.34599, 9.5475]]], [[[8.29207, 9.60177], [8.29256, 9.60273], [8.29264, 9.60282], [8.29891, 9.60967], [8.30354, 9.6081], [8.3092, 9.61197], [8.3118, 9.61237], [8.312, 9.61196], [8.31871, 9.60938], [8.31881, 9.60817], [8.31918, 9.60676], [8.31925, 9.60647], [8.32143, 9.60663], [8.32145, 9.60546], [8.3214, 9.60369], [8.32136, 9.60205], [8.3243, 9.60248], [8.32457, 9.59667], [8.33027, 9.59516], [8.33128, 9.59457], [8.33249, 9.59348], [8.33365, 9.59261], [8.32371, 9.58444], [8.32516, 9.58361], [8.3247, 9.58296], [8.32412, 9.58211], [8.3222, 9.57888], [8.31808, 9.57899], [8.31757, 9.57582], [8.31675, 9.57418], [8.31687, 9.56868], [8.31795, 9.56669], [8.3079, 9.56338], [8.30658, 9.5724], [8.30757, 9.57687], [8.30888, 9.57814], [8.31014, 9.58038], [8.30759, 9.58094], [8.30542, 9.58153], [8.30195, 9.58285], [8.298, 9.5815], [8.29965, 9.58861], [8.29675, 9.59268], [8.29665, 9.59339], [8.29649, 9.59604], [8.29295, 9.60085], [8.29207, 9.60177]]]]}, "properties": {"name": "Maigizo", "lga": "Jema'A", "state": "kd"}}, {"type": "Feature", "geometry": {"type": "Polygon", "coordinates": [[[8.0872, 9.88764], [8.08991, 9.88645], [8.087, 9.8611], [8.07108, 9.84856], [8.06856, 9.84858], [8.05724, 9.84218], [8.05557, 9.8309], [8.05555, 9.83071], [8.05042, 9.82746], [8.04244, 9.81768], [8.04228, 9.81639], [8.02283, 9.80162], [8.02184, 9.79964], [8.02337, 9.78357], [8.02692, 9.78009], [8.01096, 9.75609], [8.01038, 9.75577], [8.00744, 9.75285], [8.00495, 9.74272], [8.00383, 9.74121], [7.99655, 9.73986], [7.99525, 9.73962], [7.98248, 9.75204], [7.98225, 9.752], [7.97738, 9.7523], [7.97727, 9.75233], [7.96938, 9.74785], [7.97023, 9.74016], [7.974, 9.72845], [7.97389, 9.72203], [7.9706, 9.71856], [7.96646, 9.72068], [7.95877, 9.72378], [7.94988, 9.72223], [7.93156, 9.74072], [7.93536, 9.74932], [7.92215, 9.77577], [7.92713, 9.78654], [7.93223, 9.78793], [7.9341, 9.78845], [7.94733, 9.80198], [7.95389, 9.81177], [7.954, 9.81206], [7.9544, 9.81643], [7.94656, 9.82607], [7.94622, 9.82799], [7.9461, 9.82902], [7.9393, 9.84236], [7.94029, 9.84599], [7.94798, 9.85152], [7.95026, 9.85429], [7.95402, 9.85515], [7.95484, 9.85536], [7.95707, 9.86045], [7.96117, 9.86635], [7.96408, 9.86775], [7.96402, 9.87211], [7.96852, 9.88186], [7.96904, 9.8827], [7.97725, 9.87699], [7.97787, 9.87656], [7.98546, 9.87966], [7.98862, 9.88154], [7.99072, 9.88024], [7.99872, 9.88056], [8.0033, 9.87411], [8.02179, 9.88268], [8.02914, 9.89529], [8.05015, 9.90031], [8.05054, 9.89892], [8.05099, 9.89538], [8.06723, 9.88361], [8.07193, 9.88323], [8.0872, 9.88764]]]}, "properties": {"name": "Gumel", "lga": "Kachia", "state": "kd"}}, {"type": "Feature", "geometry": {"type": "Polygon", "coordinates": [[[8.65011, 10.38027], [8.65853, 10.38049], [8.65889, 10.38067], [8.66715, 10.38149], [8.67119, 10.38505], [8.67399, 10.38399], [8.68909, 10.38549], [8.69264, 10.38525], [8.69459, 10.38068], [8.6962, 10.37976], [8.69943, 10.37543], [8.70018, 10.37123], [8.71457, 10.36692], [8.71769, 10.36307], [8.72411, 10.36339], [8.72845, 10.36587], [8.74071, 10.36106], [8.74239, 10.35987], [8.74348, 10.35623], [8.74139, 10.35022], [8.74254, 10.34564], [8.74224, 10.33905], [8.74027, 10.33767], [8.73935, 10.32485], [8.73621, 10.30528], [8.73476, 10.30056], [8.73425, 10.29635], [8.73111, 10.2855], [8.7323, 10.28344], [8.73428, 10.2751], [8.73255, 10.26682], [8.72995, 10.25435], [8.72868, 10.24828], [8.72453, 10.24365], [8.71253, 10.23025], [8.68607, 10.21123], [8.6543, 10.21158], [8.65001, 10.2124], [8.64751, 10.21376], [8.64668, 10.21392], [8.63682, 10.21326], [8.63436, 10.21479], [8.63369, 10.21499], [8.62981, 10.2249], [8.60982, 10.22657], [8.61, 10.23373], [8.61083, 10.23724], [8.61108, 10.23756], [8.60668, 10.25006], [8.60333, 10.25241], [8.59763, 10.25524], [8.58984, 10.25238], [8.58935, 10.25087], [8.58282, 10.24344], [8.57547, 10.24121], [8.57119, 10.24133], [8.56857, 10.22351], [8.56004, 10.21914], [8.54878, 10.21907], [8.55759, 10.24852], [8.55176, 10.25374], [8.5523, 10.25503], [8.55278, 10.25647], [8.55254, 10.26362], [8.55138, 10.27121], [8.55193, 10.2731], [8.55192, 10.27347], [8.55358, 10.2784], [8.553, 10.28152], [8.55392, 10.28896], [8.56193, 10.29178], [8.56744, 10.29393], [8.56879, 10.29475], [8.57335, 10.29343], [8.58662, 10.30224], [8.58786, 10.30318], [8.59048, 10.30443], [8.59072, 10.30475], [8.59295, 10.31112], [8.59247, 10.31379], [8.59983, 10.32999], [8.60846, 10.33451], [8.61729, 10.32931], [8.61987, 10.32993], [8.63072, 10.34492], [8.63148, 10.34582], [8.63287, 10.34603], [8.64025, 10.36388], [8.63833, 10.36858], [8.63835, 10.36866], [8.64429, 10.37509], [8.64961, 10.37966], [8.65011, 10.38027]]]}, "properties": {"name": "Lazuru Tuddai", "lga": "Lere", "state": "kd"}}, {"type": "Feature", "geometry": {"type": "Polygon", "coordinates": [[[8.50156, 9.33112], [8.506, 9.3378], [8.52429, 9.34334], [8.53048, 9.34826], [8.53234, 9.34895], [8.53499, 9.35247], [8.53986, 9.3532], [8.54231, 9.35348], [8.54381, 9.3535], [8.55063, 9.34975], [8.55259, 9.34908], [8.56649, 9.3607], [8.57471, 9.35415], [8.57554, 9.35327], [8.58385, 9.34562], [8.59047, 9.35652], [8.59404, 9.35782], [8.60878, 9.37409], [8.61535, 9.36842], [8.62323, 9.3701], [8.63002, 9.36742], [8.63956, 9.36631], [8.64467, 9.36176], [8.64581, 9.35633], [8.65206, 9.3517], [8.64589, 9.32421], [8.62931, 9.3261], [8.62553, 9.30625], [8.61819, 9.30268], [8.61687, 9.30221], [8.61267, 9.29814], [8.61199, 9.29788], [8.6099, 9.29696], [8.59915, 9.29662], [8.5981, 9.29675], [8.59615, 9.29929], [8.59304, 9.30221], [8.58327, 9.3145], [8.57204, 9.30946], [8.56263, 9.29515], [8.55977, 9.29526], [8.5564, 9.29604], [8.52869, 9.31132], [8.52198, 9.32273], [8.50156, 9.33112]]]}, "properties": {"name": "Bokana", "lga": "Sanga", "state": "kd"}}, {"type": "Feature", "geometry": {"type": "Polygon", "coordinates": [[[8.4314, 9.39728], [8.40493, 9.41929], [8.40127, 9.43184], [8.37885, 9.44559], [8.38076, 9.45899], [8.37929, 9.46757], [8.37872, 9.46942], [8.37881, 9.4792], [8.37835, 9.48387], [8.37864, 9.48832], [8.38126, 9.494], [8.38379, 9.50315], [8.38525, 9.5042], [8.3946, 9.51992], [8.39994, 9.51113], [8.39936, 9.50482], [8.38892, 9.49025], [8.39694, 9.48244], [8.40024, 9.47647], [8.40177, 9.47556], [8.40972, 9.47458], [8.41526, 9.47808], [8.42766, 9.47249], [8.42132, 9.452], [8.42669, 9.45147], [8.43967, 9.44584], [8.44162, 9.45928], [8.44848, 9.46401], [8.45091, 9.46753], [8.45217, 9.47108], [8.45438, 9.47258], [8.46097, 9.47139], [8.46123, 9.47147], [8.46203, 9.47167], [8.47037, 9.47553], [8.47381, 9.47641], [8.47443, 9.47726], [8.4787, 9.47846], [8.48455, 9.47917], [8.48875, 9.48099], [8.49251, 9.48633], [8.49417, 9.48833], [8.49425, 9.4896], [8.49394, 9.49262], [8.50602, 9.50443], [8.52235, 9.49852], [8.52619, 9.499], [8.52662, 9.50286], [8.53119, 9.50794], [8.539, 9.51391], [8.54589, 9.51513], [8.56853, 9.51968], [8.57433, 9.51368], [8.57547, 9.50946], [8.57775, 9.49924], [8.55503, 9.49271], [8.5434, 9.49228], [8.51595, 9.49341], [8.51591, 9.49337], [8.51195, 9.48987], [8.50916, 9.48163], [8.50467, 9.47908], [8.50465, 9.47787], [8.50501, 9.47396], [8.49564, 9.46506], [8.49554, 9.46477], [8.48782, 9.46221], [8.48578, 9.46091], [8.48099, 9.45923], [8.47295, 9.44465], [8.47186, 9.44468], [8.46575, 9.44452], [8.46526, 9.44436], [8.45796, 9.44099], [8.44769, 9.43425], [8.44121, 9.41595], [8.43461, 9.40311], [8.4314, 9.39728]]]}, "properties": {"name": "Gidan Waya", "lga": "Jema'A", "state": "kd"}}, {"type": "Feature", "geometry": {"type": "Polygon", "coordinates": [[[8.24819, 9.45535], [8.27803, 9.44443], [8.28724, 9.44067], [8.28757, 9.43497], [8.28422, 9.42451], [8.2747, 9.40762], [8.27091, 9.39873], [8.27002, 9.39736], [8.29649, 9.36996], [8.30841, 9.36912], [8.31998, 9.34278], [8.33042, 9.33804], [8.34715, 9.32969], [8.34756, 9.32716], [8.34721, 9.32647], [8.31081, 9.29811], [8.30972, 9.29464], [8.29656, 9.28571], [8.26692, 9.28029], [8.27053, 9.26732], [8.26813, 9.26476], [8.26322, 9.25951], [8.25236, 9.25204], [8.25048, 9.25074], [8.24704, 9.23935], [8.23282, 9.24102], [8.22946, 9.23781], [8.21069, 9.23616], [8.2077, 9.23387], [8.20689, 9.23318], [8.19845, 9.23789], [8.18648, 9.23855], [8.18127, 9.26671], [8.18206, 9.26823], [8.18292, 9.26881], [8.18749, 9.27028], [8.19055, 9.28967], [8.18999, 9.29118], [8.19002, 9.29328], [8.19489, 9.30217], [8.21205, 9.30417], [8.21395, 9.30707], [8.21295, 9.31662], [8.21301, 9.31711], [8.20767, 9.3258], [8.21312, 9.33593], [8.20952, 9.34408], [8.21119, 9.34838], [8.20992, 9.35281], [8.20527, 9.3587], [8.20412, 9.36214], [8.20546, 9.36393], [8.21357, 9.3706], [8.2134, 9.37174], [8.2008, 9.38236], [8.20094, 9.38639], [8.19914, 9.39174], [8.19879, 9.40264], [8.18719, 9.40563], [8.18863, 9.4111], [8.19042, 9.41718], [8.19226, 9.42027], [8.20764, 9.42021], [8.21557, 9.43876], [8.22924, 9.43963], [8.24819, 9.45535]]]}, "properties": {"name": "Jagindi", "lga": "Jema'A", "state": "kd"}}, {"type": "Feature", "geometry": {"type": "Polygon", "coordinates": [[[7.75936, 10.17962], [7.75528, 10.18011], [7.74632, 10.17902], [7.74095, 10.17533], [7.73213, 10.1856], [7.73165, 10.18959], [7.72681, 10.20687], [7.71666, 10.20675], [7.7095, 10.21205], [7.70901, 10.21521], [7.69453, 10.22732], [7.68297, 10.2222], [7.68135, 10.22242], [7.67582, 10.24348], [7.66928, 10.24988], [7.66374, 10.25309], [7.66447, 10.25605], [7.66956, 10.27148], [7.67824, 10.27419], [7.6932, 10.29167], [7.70281, 10.2998], [7.71895, 10.30861], [7.71985, 10.30901], [7.7144, 10.32257], [7.71069, 10.32184], [7.70393, 10.33814], [7.70934, 10.34093], [7.71307, 10.35013], [7.74347, 10.349], [7.74504, 10.35117], [7.74811, 10.3538], [7.75377, 10.35843], [7.76597, 10.36188], [7.78137, 10.35751], [7.78008, 10.34867], [7.77699, 10.34297], [7.78124, 10.33459], [7.78456, 10.32337], [7.78459, 10.32319], [7.79914, 10.31755], [7.80102, 10.31833], [7.81061, 10.32046], [7.80761, 10.30316], [7.80618, 10.29978], [7.80415, 10.29699], [7.8041, 10.29657], [7.80491, 10.28726], [7.7963, 10.28499], [7.79394, 10.28589], [7.79232, 10.28634], [7.78691, 10.2836], [7.78337, 10.27975], [7.77972, 10.27712], [7.77368, 10.2651], [7.77543, 10.26158], [7.78865, 10.25414], [7.78707, 10.24393], [7.78874, 10.22794], [7.79106, 10.2222], [7.79119, 10.22061], [7.78158, 10.21373], [7.78008, 10.2113], [7.77108, 10.2033], [7.77134, 10.20103], [7.75936, 10.17962]]]}, "properties": {"name": "Kufana", "lga": "Kajuru", "state": "kd"}}, {"type": "Feature", "geometry": {"type": "Polygon", "coordinates": [[[7.38998, 11.37021], [7.39231, 11.37483], [7.39791, 11.37804], [7.40545, 11.37534], [7.42757, 11.37405], [7.45437, 11.37841], [7.46764, 11.37768], [7.46772, 11.37766], [7.4725, 11.37602], [7.47723, 11.36831], [7.47745, 11.36753], [7.48298, 11.35761], [7.4895, 11.35218], [7.49636, 11.35157], [7.50114, 11.35356], [7.50367, 11.35534], [7.50563, 11.35646], [7.51062, 11.358], [7.5203, 11.3616], [7.52189, 11.35355], [7.52166, 11.34695], [7.52173, 11.3404], [7.51682, 11.33358], [7.50994, 11.33171], [7.50537, 11.31583], [7.5026, 11.31291], [7.50446, 11.30326], [7.50485, 11.30271], [7.51425, 11.30025], [7.51555, 11.29663], [7.51264, 11.29475], [7.50571, 11.2959], [7.5035, 11.29488], [7.4943, 11.2901], [7.48807, 11.28767], [7.48158, 11.29011], [7.47734, 11.29119], [7.47449, 11.29093], [7.47028, 11.2884], [7.46783, 11.2853], [7.46695, 11.28241], [7.4635, 11.27888], [7.46308, 11.28464], [7.46274, 11.2904], [7.46389, 11.29434], [7.46245, 11.3002], [7.46389, 11.3067], [7.46141, 11.30565], [7.46166, 11.30861], [7.46104, 11.31897], [7.46141, 11.32227], [7.45922, 11.32332], [7.45395, 11.32188], [7.45342, 11.32474], [7.45561, 11.33962], [7.4595, 11.34043], [7.46062, 11.34922], [7.45632, 11.35059], [7.44983, 11.35304], [7.44517, 11.35434], [7.44366, 11.35619], [7.43638, 11.35592], [7.43275, 11.35393], [7.43068, 11.35319], [7.42642, 11.34753], [7.42966, 11.34272], [7.43053, 11.33921], [7.4251, 11.33867], [7.42252, 11.33852], [7.41821, 11.33919], [7.41234, 11.33774], [7.40937, 11.33586], [7.40626, 11.33151], [7.40058, 11.32863], [7.39939, 11.328], [7.39624, 11.32744], [7.39582, 11.32385], [7.39844, 11.31868], [7.40991, 11.30616], [7.41377, 11.30724], [7.41235, 11.30385], [7.41085, 11.30146], [7.41189, 11.29913], [7.4109, 11.29704], [7.40949, 11.29663], [7.4149, 11.28515], [7.40931, 11.28271], [7.40843, 11.28249], [7.40829, 11.2865], [7.4048, 11.29208], [7.37513, 11.28935], [7.37188, 11.28966], [7.36461, 11.29034], [7.36434, 11.29284], [7.36432, 11.2986], [7.36429, 11.31127], [7.36662, 11.31936], [7.36661, 11.32281], [7.37011, 11.3332], [7.38063, 11.34941], [7.38297, 11.35403], [7.38358, 11.35524], [7.38881, 11.36559], [7.38998, 11.37021]]]}, "properties": {"name": "Gangara", "lga": "Giwa", "state": "kd"}}, {"type": "Feature", "geometry": {"type": "Polygon", "coordinates": [[[7.94181, 9.50824], [7.953, 9.50229], [7.95159, 9.48409], [7.95563, 9.46079], [7.95172, 9.45209], [7.94735, 9.44499], [7.93908, 9.44321], [7.94819, 9.43783], [7.9485, 9.43125], [7.94833, 9.43077], [7.94919, 9.4304], [7.95756, 9.42213], [7.95298, 9.41484], [7.9593, 9.39757], [7.95506, 9.39508], [7.95203, 9.39274], [7.9509, 9.38612], [7.92156, 9.34982], [7.9149, 9.35583], [7.90039, 9.36453], [7.88974, 9.37411], [7.88596, 9.37888], [7.88228, 9.38054], [7.87693, 9.38317], [7.87498, 9.40381], [7.87569, 9.40568], [7.87661, 9.40682], [7.88752, 9.4145], [7.88922, 9.41896], [7.89314, 9.42186], [7.89325, 9.42203], [7.89546, 9.42333], [7.90188, 9.4252], [7.91279, 9.42314], [7.91357, 9.42217], [7.91732, 9.41757], [7.935, 9.42126], [7.93818, 9.42465], [7.93942, 9.42757], [7.9314, 9.4417], [7.93055, 9.44249], [7.92321, 9.44337], [7.9229, 9.44372], [7.91666, 9.45074], [7.90628, 9.45352], [7.90416, 9.45578], [7.90527, 9.4577], [7.91606, 9.47378], [7.91919, 9.47759], [7.92177, 9.47959], [7.92231, 9.48252], [7.92241, 9.48262], [7.93009, 9.50468], [7.93958, 9.50747], [7.94181, 9.50824]]]}, "properties": {"name": "Kurmin Jibrin", "lga": "Kagarko", "state": "kd"}}, {"type": "Feature", "geometry": {"type": "Polygon", "coordinates": [[[8.57775, 9.49924], [8.58013, 9.49558], [8.58431, 9.49324], [8.57719, 9.48673], [8.5746, 9.48238], [8.56884, 9.47956], [8.56448, 9.48051], [8.56207, 9.47753], [8.55467, 9.46968], [8.56234, 9.46245], [8.56059, 9.44982], [8.55904, 9.4479], [8.55593, 9.44631], [8.55194, 9.44456], [8.5489, 9.43838], [8.55517, 9.43073], [8.55892, 9.42998], [8.56296, 9.42788], [8.56402, 9.42678], [8.56791, 9.42493], [8.57051, 9.4179], [8.57611, 9.41876], [8.57761, 9.41848], [8.59319, 9.43463], [8.59569, 9.42644], [8.59929, 9.41241], [8.59129, 9.40526], [8.58948, 9.40448], [8.58647, 9.39295], [8.58688, 9.39237], [8.59669, 9.38349], [8.60659, 9.38243], [8.60853, 9.37447], [8.60878, 9.37409], [8.59404, 9.35782], [8.59047, 9.35652], [8.58385, 9.34562], [8.57554, 9.35327], [8.57471, 9.35415], [8.56649, 9.3607], [8.55259, 9.34908], [8.55063, 9.34975], [8.54381, 9.3535], [8.54231, 9.35348], [8.53986, 9.3532], [8.53499, 9.35247], [8.53234, 9.34895], [8.53048, 9.34826], [8.52429, 9.34334], [8.506, 9.3378], [8.50829, 9.3537], [8.50647, 9.3628], [8.48456, 9.36016], [8.47908, 9.3728], [8.47805, 9.37517], [8.45254, 9.38632], [8.4502, 9.38896], [8.4314, 9.39728], [8.43461, 9.40311], [8.44121, 9.41595], [8.44769, 9.43425], [8.45796, 9.44099], [8.46526, 9.44436], [8.46575, 9.44452], [8.47186, 9.44468], [8.47295, 9.44465], [8.48099, 9.45923], [8.48578, 9.46091], [8.48782, 9.46221], [8.49554, 9.46477], [8.49564, 9.46506], [8.50501, 9.47396], [8.50465, 9.47787], [8.50467, 9.47908], [8.50916, 9.48163], [8.51195, 9.48987], [8.51591, 9.49337], [8.51595, 9.49341], [8.5434, 9.49228], [8.55503, 9.49271], [8.57775, 9.49924]]]}, "properties": {"name": "Karshi", "lga": "Sanga", "state": "kd"}}, {"type": "Feature", "geometry": {"type": "Polygon", "coordinates": [[[7.83944, 11.32267], [7.83274, 11.3178], [7.83476, 11.31536], [7.8344, 11.31498], [7.83366, 11.3144], [7.8195, 11.3083], [7.80741, 11.31196], [7.80919, 11.32401], [7.81168, 11.33099], [7.80939, 11.34451], [7.81021, 11.35123], [7.81701, 11.35574], [7.81891, 11.34788], [7.82487, 11.34017], [7.82884, 11.34117], [7.83224, 11.33292], [7.83688, 11.32781], [7.83944, 11.32267]]]}, "properties": {"name": "Kauran Wali North", "lga": "Kudan", "state": "kd"}}, {"type": "Feature", "geometry": {"type": "Polygon", "coordinates": [[[8.03285, 10.35195], [8.03236, 10.35194], [8.02772, 10.35187], [8.00462, 10.33694], [7.9703, 10.33235], [7.9539, 10.36627], [7.94932, 10.3682], [7.92667, 10.35535], [7.88704, 10.3697], [7.88657, 10.3737], [7.87868, 10.37853], [7.8732, 10.37912], [7.87104, 10.38155], [7.8612, 10.38524], [7.85803, 10.3887], [7.85096, 10.39234], [7.84966, 10.39281], [7.84545, 10.3731], [7.84057, 10.36922], [7.83882, 10.36872], [7.82766, 10.38091], [7.82581, 10.38415], [7.82353, 10.38444], [7.81355, 10.40287], [7.80719, 10.40233], [7.80291, 10.4076], [7.79514, 10.41255], [7.79068, 10.41462], [7.78943, 10.42137], [7.78743, 10.42757], [7.7957, 10.43639], [7.80129, 10.44385], [7.79989, 10.44587], [7.79698, 10.45232], [7.79667, 10.47556], [7.79628, 10.47686], [7.79774, 10.47989], [7.79874, 10.48293], [7.79899, 10.48799], [7.79894, 10.4899], [7.81194, 10.50218], [7.81373, 10.50386], [7.81692, 10.50764], [7.82179, 10.50618], [7.82491, 10.4971], [7.82716, 10.49725], [7.8292, 10.49789], [7.83547, 10.50169], [7.8488, 10.50541], [7.85215, 10.508], [7.85204, 10.50958], [7.85251, 10.51087], [7.85108, 10.51332], [7.85055, 10.51653], [7.84984, 10.51986], [7.85019, 10.52278], [7.85334, 10.52518], [7.8578, 10.52524], [7.86059, 10.52512], [7.86362, 10.52658], [7.86707, 10.52722], [7.86968, 10.52671], [7.87788, 10.51935], [7.87981, 10.51956], [7.88173, 10.51949], [7.88245, 10.51808], [7.88302, 10.5157], [7.88501, 10.51521], [7.88747, 10.51432], [7.88887, 10.51237], [7.8895, 10.50995], [7.89129, 10.5075], [7.89457, 10.50427], [7.89801, 10.4887], [7.8998, 10.48884], [7.90191, 10.48771], [7.92099, 10.47891], [7.93166, 10.46616], [7.94886, 10.47696], [7.95198, 10.47558], [7.97674, 10.47911], [7.9813, 10.4765], [8.00638, 10.47808], [8.01136, 10.47508], [8.01113, 10.47206], [8.01061, 10.47043], [8.00677, 10.45854], [8.00022, 10.45167], [8.00023, 10.44967], [8.00778, 10.4117], [8.00831, 10.41007], [8.02193, 10.39501], [8.02342, 10.39337], [8.03055, 10.37373], [8.03334, 10.35772], [8.03404, 10.35374], [8.03285, 10.35195]]]}, "properties": {"name": "Kallah", "lga": "Kajuru", "state": "kd"}}, {"type": "Feature", "geometry": {"type": "Polygon", "coordinates": [[[8.54088, 9.22159], [8.55883, 9.19311], [8.56442, 9.19431], [8.5689, 9.19514], [8.57429, 9.19555], [8.57851, 9.19224], [8.58053, 9.19094], [8.58424, 9.18509], [8.58674, 9.18], [8.59137, 9.17429], [8.58691, 9.15089], [8.58179, 9.14856], [8.58532, 9.13496], [8.59171, 9.13073], [8.58732, 9.1155], [8.58628, 9.11492], [8.5862, 9.11488], [8.58408, 9.11566], [8.56696, 9.11958], [8.56341, 9.12003], [8.55486, 9.11801], [8.55045, 9.11946], [8.55006, 9.1193], [8.54775, 9.11829], [8.54407, 9.11693], [8.53971, 9.12115], [8.52986, 9.13157], [8.52316, 9.13661], [8.51728, 9.13345], [8.517, 9.13258], [8.51577, 9.1302], [8.51383, 9.12873], [8.50735, 9.13544], [8.50731, 9.13545], [8.51072, 9.14475], [8.51036, 9.14602], [8.50942, 9.1525], [8.49848, 9.15714], [8.49846, 9.15719], [8.49754, 9.16036], [8.49562, 9.17776], [8.49301, 9.17985], [8.49442, 9.18542], [8.50222, 9.20587], [8.52044, 9.20064], [8.52386, 9.19665], [8.52704, 9.19658], [8.53411, 9.2124], [8.54088, 9.22159]]]}, "properties": {"name": "Ninzo North", "lga": "Sanga", "state": "kd"}}, {"type": "Feature", "geometry": {"type": "MultiPolygon", "coordinates": [[[[8.50987, 9.83836], [8.51378, 9.83028], [8.5139, 9.82992], [8.51196, 9.81191], [8.50871, 9.81105], [8.50573, 9.80877], [8.50473, 9.80874], [8.49254, 9.8105], [8.47226, 9.80194], [8.47225, 9.80106], [8.47194, 9.79884], [8.47167, 9.79824], [8.46731, 9.7922], [8.46628, 9.78605], [8.45993, 9.78094], [8.45963, 9.78083], [8.45878, 9.78081], [8.45699, 9.78169], [8.4495, 9.78814], [8.44915, 9.78882], [8.44404, 9.79006], [8.44321, 9.79797], [8.43809, 9.8024], [8.43808, 9.80662], [8.43668, 9.80989], [8.43498, 9.81029], [8.43385, 9.81068], [8.43032, 9.81507], [8.42394, 9.8193], [8.42553, 9.82355], [8.43542, 9.82384], [8.44372, 9.82585], [8.44493, 9.82516], [8.45555, 9.83105], [8.45987, 9.83273], [8.46195, 9.83249], [8.46649, 9.83477], [8.46811, 9.83416], [8.4799, 9.82298], [8.48382, 9.82297], [8.48721, 9.82882], [8.49846, 9.82807], [8.49926, 9.83621], [8.50467, 9.83853], [8.50561, 9.83868], [8.50987, 9.83836]]], [[[8.33222, 10.00333], [8.33491, 10.01673], [8.3444, 10.02176], [8.3582, 10.02908], [8.36975, 10.04291], [8.36982, 10.04298], [8.37139, 10.0407], [8.37892, 10.01907], [8.37951, 10.01735], [8.38255, 10.01354], [8.39992, 10.00248], [8.40133, 10.00197], [8.40735, 10.00306], [8.40807, 10.00288], [8.41603, 10.00732], [8.42835, 10.00433], [8.42951, 10.00405], [8.42987, 10.00359], [8.43428, 9.99802], [8.43424, 9.99397], [8.42901, 9.98813], [8.4348, 9.97712], [8.42377, 9.97014], [8.42854, 9.9667], [8.43574, 9.9654], [8.4313, 9.95637], [8.42871, 9.94937], [8.43063, 9.94767], [8.42202, 9.93734], [8.42288, 9.92962], [8.42487, 9.92873], [8.4272, 9.92361], [8.4202, 9.91802], [8.43379, 9.89859], [8.43291, 9.89731], [8.4327, 9.89632], [8.43254, 9.89532], [8.43269, 9.8924], [8.4332, 9.8869], [8.44349, 9.87782], [8.44415, 9.86574], [8.4421, 9.86345], [8.43635, 9.86239], [8.42503, 9.87086], [8.42296, 9.86643], [8.42348, 9.86033], [8.40964, 9.8554], [8.40491, 9.85678], [8.40267, 9.85425], [8.40247, 9.85413], [8.39713, 9.84857], [8.39706, 9.84844], [8.39552, 9.84569], [8.39376, 9.84277], [8.39413, 9.84179], [8.39472, 9.83263], [8.39426, 9.83162], [8.39355, 9.82618], [8.39504, 9.82449], [8.39595, 9.82329], [8.39919, 9.81671], [8.39502, 9.80112], [8.39755, 9.79029], [8.37714, 9.7938], [8.37697, 9.79379], [8.37565, 9.79286], [8.36283, 9.79485], [8.35624, 9.78438], [8.35098, 9.78081], [8.3437, 9.78096], [8.34122, 9.783], [8.34787, 9.80476], [8.34273, 9.81283], [8.32676, 9.82297], [8.34237, 9.83288], [8.34346, 9.84906], [8.34361, 9.85016], [8.34401, 9.85083], [8.34617, 9.853], [8.35611, 9.85452], [8.3602, 9.85045], [8.36209, 9.84918], [8.37145, 9.85376], [8.37147, 9.85377], [8.37573, 9.85978], [8.37581, 9.86008], [8.37647, 9.86177], [8.37603, 9.86822], [8.38361, 9.87103], [8.39427, 9.87798], [8.39074, 9.8899], [8.39176, 9.89415], [8.39188, 9.89483], [8.38411, 9.908], [8.38309, 9.91365], [8.37567, 9.91996], [8.37153, 9.92522], [8.34398, 9.92265], [8.34385, 9.94619], [8.34909, 9.95447], [8.36948, 9.95666], [8.38072, 9.9546], [8.38136, 9.95607], [8.38052, 9.96082], [8.37146, 9.97825], [8.37154, 9.98542], [8.36678, 9.9885], [8.36226, 9.99428], [8.35219, 9.99753], [8.34536, 9.99472], [8.33222, 10.00333]]]]}, "properties": {"name": "Zonzon", "lga": "Zangon Kataf", "state": "kd"}}, {"type": "Feature", "geometry": {"type": "Polygon", "coordinates": [[[8.31947, 11.18474], [8.31995, 11.1885], [8.32216, 11.18892], [8.32287, 11.19165], [8.3238, 11.19361], [8.32302, 11.19682], [8.32113, 11.1985], [8.32102, 11.20053], [8.31881, 11.20151], [8.31562, 11.20319], [8.31429, 11.20729], [8.31058, 11.21074], [8.31011, 11.21224], [8.30802, 11.21494], [8.30412, 11.21681], [8.30184, 11.21979], [8.29994, 11.22566], [8.29791, 11.23422], [8.30821, 11.23543], [8.32518, 11.22718], [8.33067, 11.22795], [8.33402, 11.22949], [8.33516, 11.23173], [8.33617, 11.23328], [8.34585, 11.23025], [8.35339, 11.22737], [8.35574, 11.22699], [8.35931, 11.22658], [8.40293, 11.22786], [8.40895, 11.22966], [8.41152, 11.22994], [8.41507, 11.23065], [8.41689, 11.23059], [8.41696, 11.23059], [8.42112, 11.23057], [8.42804, 11.2291], [8.43381, 11.22658], [8.43788, 11.21679], [8.43778, 11.21002], [8.43567, 11.20798], [8.43217, 11.20567], [8.43068, 11.20476], [8.42534, 11.19879], [8.42423, 11.19538], [8.43175, 11.18052], [8.42802, 11.17786], [8.42496, 11.17652], [8.42143, 11.17781], [8.42079, 11.1783], [8.41544, 11.17804], [8.40175, 11.18996], [8.3961, 11.19176], [8.37771, 11.18854], [8.37123, 11.17948], [8.36036, 11.17171], [8.35686, 11.17186], [8.34697, 11.16661], [8.34031, 11.16995], [8.33766, 11.16932], [8.33571, 11.16975], [8.3345, 11.17213], [8.33207, 11.17381], [8.32843, 11.17542], [8.3248, 11.17871], [8.32287, 11.18102], [8.32138, 11.18053], [8.32045, 11.18158], [8.32059, 11.18311], [8.31947, 11.18474]]]}, "properties": {"name": "Saya Saya", "lga": "Ikara", "state": "kd"}}, {"type": "Feature", "geometry": {"type": "Polygon", "coordinates": [[[8.35841, 9.66539], [8.3644, 9.67791], [8.36746, 9.67887], [8.36802, 9.67923], [8.35984, 9.69189], [8.35794, 9.69883], [8.35775, 9.69908], [8.35203, 9.70697], [8.35886, 9.70629], [8.36506, 9.70778], [8.37869, 9.72653], [8.39159, 9.70936], [8.39821, 9.70608], [8.4012, 9.70407], [8.40035, 9.70224], [8.4008, 9.6921], [8.40058, 9.69001], [8.40062, 9.68977], [8.40204, 9.68024], [8.40133, 9.67926], [8.4002, 9.67836], [8.39919, 9.67732], [8.399, 9.6762], [8.39942, 9.67389], [8.39921, 9.67163], [8.40346, 9.6696], [8.41173, 9.6665], [8.41292, 9.66502], [8.41027, 9.65916], [8.40962, 9.65612], [8.4102, 9.652], [8.40975, 9.65003], [8.4097, 9.64722], [8.40845, 9.64339], [8.40774, 9.64306], [8.40206, 9.64073], [8.39997, 9.63454], [8.39339, 9.62983], [8.39063, 9.62684], [8.38487, 9.62991], [8.38391, 9.63475], [8.38076, 9.63839], [8.38074, 9.64008], [8.38462, 9.64463], [8.38483, 9.64489], [8.38496, 9.64636], [8.37916, 9.65398], [8.37923, 9.65425], [8.37829, 9.65702], [8.37751, 9.65885], [8.37529, 9.65937], [8.37202, 9.65935], [8.36943, 9.65843], [8.36814, 9.6582], [8.36266, 9.65676], [8.36246, 9.65717], [8.35841, 9.66539]]]}, "properties": {"name": "Malagum", "lga": "Kaura", "state": "kd"}}, {"type": "Feature", "geometry": {"type": "Polygon", "coordinates": [[[7.9706, 9.71856], [7.97389, 9.72203], [7.974, 9.72845], [7.97023, 9.74016], [7.96938, 9.74785], [7.97727, 9.75233], [7.97738, 9.7523], [7.98225, 9.752], [7.98248, 9.75204], [7.99525, 9.73962], [7.99655, 9.73986], [8.00383, 9.74121], [8.00495, 9.74272], [8.00744, 9.75285], [8.01038, 9.75577], [8.01096, 9.75609], [8.02692, 9.78009], [8.0677, 9.7716], [8.07715, 9.76085], [8.07864, 9.75748], [8.07078, 9.73937], [8.07082, 9.73268], [8.08032, 9.72514], [8.08934, 9.71841], [8.09126, 9.71379], [8.09425, 9.71101], [8.09503, 9.71034], [8.10127, 9.70549], [8.10054, 9.70408], [8.08469, 9.6907], [8.08363, 9.69081], [8.0815, 9.69085], [8.07826, 9.69092], [8.07306, 9.68154], [8.06559, 9.67996], [8.05526, 9.68239], [8.05244, 9.68335], [8.05007, 9.68107], [8.04545, 9.67992], [8.04344, 9.68066], [8.03572, 9.68897], [8.02851, 9.69008], [8.02225, 9.68815], [8.0216, 9.68756], [8.01836, 9.68753], [8.0127, 9.68901], [8.00416, 9.69617], [7.99989, 9.69705], [7.99424, 9.69575], [7.98931, 9.69207], [7.98356, 9.69463], [7.97105, 9.71127], [7.97126, 9.71464], [7.97067, 9.71786], [7.9706, 9.71856]]]}, "properties": {"name": "Gidan Tagwai", "lga": "Kachia", "state": "kd"}}, {"type": "Feature", "geometry": {"type": "Polygon", "coordinates": [[[7.98426, 9.51005], [7.96833, 9.49838], [7.95855, 9.50076], [7.95344, 9.50234], [7.953, 9.50229], [7.94181, 9.50824], [7.9423, 9.51338], [7.93747, 9.53075], [7.93703, 9.53198], [7.93481, 9.53354], [7.93448, 9.53386], [7.93272, 9.53822], [7.94432, 9.55994], [7.93787, 9.56239], [7.92868, 9.56743], [7.92568, 9.57451], [7.92694, 9.5814], [7.92896, 9.58607], [7.92836, 9.606], [7.92695, 9.60925], [7.92746, 9.61466], [7.94785, 9.63493], [7.95786, 9.63351], [7.966, 9.61718], [7.97073, 9.61466], [7.97153, 9.61368], [7.97276, 9.61009], [7.97948, 9.60674], [7.98562, 9.60081], [7.98853, 9.59454], [8.00469, 9.58909], [8.00469, 9.58661], [8.0047, 9.58655], [8.00408, 9.58246], [8.00661, 9.5756], [8.00538, 9.57394], [7.99894, 9.56376], [7.99834, 9.56378], [7.99653, 9.56374], [7.99435, 9.55953], [7.98551, 9.54779], [7.98608, 9.54686], [7.9979, 9.54545], [7.99894, 9.5459], [8.00117, 9.54616], [8.00217, 9.54616], [8.00899, 9.5505], [8.00917, 9.54653], [8.00927, 9.54436], [8.01, 9.52816], [8.00958, 9.52808], [8.00525, 9.52572], [7.99686, 9.52115], [7.98486, 9.52011], [7.98478, 9.51778], [7.98426, 9.51005]]]}, "properties": {"name": "Fai", "lga": "Jaba", "state": "kd"}}, {"type": "Feature", "geometry": {"type": "Polygon", "coordinates": [[[7.39629, 10.52413], [7.39435, 10.5204], [7.3944, 10.51924], [7.39479, 10.5183], [7.39559, 10.51587], [7.39543, 10.51458], [7.39443, 10.51266], [7.38362, 10.50343], [7.38289, 10.50097], [7.38284, 10.49972], [7.38289, 10.4996], [7.37802, 10.49014], [7.36421, 10.4895], [7.35771, 10.49057], [7.35138, 10.49113], [7.34836, 10.49153], [7.34089, 10.49141], [7.33712, 10.49136], [7.3208, 10.49926], [7.31595, 10.501], [7.31196, 10.50201], [7.30945, 10.50145], [7.30614, 10.50016], [7.29274, 10.49186], [7.29131, 10.48911], [7.29116, 10.48709], [7.28726, 10.49158], [7.28688, 10.49671], [7.28553, 10.49812], [7.28767, 10.50402], [7.28549, 10.51507], [7.28607, 10.51822], [7.2557, 10.51635], [7.25612, 10.51828], [7.25677, 10.51962], [7.25469, 10.52277], [7.25338, 10.52388], [7.24833, 10.52418], [7.24816, 10.52552], [7.24804, 10.52669], [7.24245, 10.52721], [7.2377, 10.53259], [7.23838, 10.53383], [7.23972, 10.53387], [7.24103, 10.53323], [7.24204, 10.53364], [7.24885, 10.54221], [7.25478, 10.55918], [7.27228, 10.57399], [7.27476, 10.57972], [7.27523, 10.58037], [7.27985, 10.58528], [7.28639, 10.58723], [7.29308, 10.58699], [7.30767, 10.59425], [7.31765, 10.59247], [7.33224, 10.59347], [7.33658, 10.59359], [7.35874, 10.5844], [7.36097, 10.57952], [7.363, 10.57818], [7.37117, 10.5719], [7.37979, 10.56992], [7.38631, 10.57426], [7.38684, 10.57449], [7.39186, 10.5768], [7.3943, 10.57951], [7.40815, 10.57672], [7.40939, 10.57606], [7.41137, 10.57503], [7.41369, 10.57366], [7.41435, 10.57053], [7.41364, 10.56693], [7.41435, 10.56223], [7.41339, 10.56192], [7.4127, 10.56144], [7.41228, 10.56124], [7.41005, 10.55735], [7.40864, 10.55798], [7.40833, 10.55704], [7.40752, 10.55725], [7.40667, 10.55327], [7.40916, 10.54726], [7.40618, 10.53812], [7.40681, 10.53753], [7.40783, 10.53723], [7.4055, 10.53373], [7.4009, 10.53466], [7.39798, 10.53288], [7.39629, 10.52413]]]}, "properties": {"name": "Rigasa", "lga": "Igabi", "state": "kd"}}, {"type": "Feature", "geometry": {"type": "Polygon", "coordinates": [[[7.71237, 9.60362], [7.71365, 9.60399], [7.71599, 9.60395], [7.73819, 9.57338], [7.72847, 9.56471], [7.7235, 9.55755], [7.72551, 9.553], [7.73231, 9.55549], [7.74254, 9.56413], [7.74574, 9.5564], [7.74495, 9.55572], [7.7415, 9.54734], [7.73307, 9.54179], [7.73322, 9.54125], [7.74347, 9.53111], [7.74758, 9.53055], [7.75505, 9.5235], [7.75817, 9.50984], [7.76046, 9.50712], [7.75735, 9.49918], [7.73783, 9.49067], [7.73578, 9.48238], [7.73306, 9.48205], [7.70919, 9.47253], [7.70901, 9.47228], [7.69868, 9.48947], [7.69763, 9.49319], [7.69779, 9.49327], [7.69929, 9.49495], [7.69756, 9.4992], [7.6976, 9.50272], [7.69864, 9.50309], [7.71031, 9.50151], [7.71194, 9.50633], [7.71363, 9.51364], [7.70772, 9.51827], [7.70588, 9.52047], [7.70216, 9.52736], [7.70233, 9.52933], [7.69528, 9.53684], [7.6977, 9.54916], [7.69885, 9.55023], [7.69232, 9.56986], [7.68852, 9.57532], [7.69129, 9.58008], [7.69196, 9.58061], [7.69836, 9.58335], [7.70687, 9.59408], [7.71237, 9.60362]]]}, "properties": {"name": "Kagarko North", "lga": "Kagarko", "state": "kd"}}, {"type": "Feature", "geometry": {"type": "Polygon", "coordinates": [[[7.42366, 10.44452], [7.43233, 10.44445], [7.43474, 10.45278], [7.44942, 10.45005], [7.44764, 10.44722], [7.44966, 10.43936], [7.44689, 10.42295], [7.44212, 10.42593], [7.44185, 10.42461], [7.43854, 10.42405], [7.43606, 10.42625], [7.43348, 10.42442], [7.42849, 10.42677], [7.42537, 10.42499], [7.42404, 10.42749], [7.42206, 10.42816], [7.41955, 10.42489], [7.41942, 10.4261], [7.41611, 10.42723], [7.41573, 10.42778], [7.4156, 10.42821], [7.41519, 10.42935], [7.41181, 10.4302], [7.40838, 10.43311], [7.40919, 10.43582], [7.41347, 10.43649], [7.41577, 10.43844], [7.41917, 10.44453], [7.42366, 10.44452]]]}, "properties": {"name": "Yelwa", "lga": "Chikun", "state": "kd"}}, {"type": "Feature", "geometry": {"type": "Polygon", "coordinates": [[[8.08724, 9.23074], [8.10769, 9.22897], [8.13042, 9.2154], [8.14368, 9.21711], [8.14984, 9.22867], [8.17261, 9.22262], [8.17268, 9.22294], [8.17747, 9.23442], [8.18648, 9.23855], [8.19845, 9.23789], [8.20689, 9.23318], [8.20772, 9.22579], [8.19984, 9.21406], [8.20702, 9.1972], [8.20921, 9.19473], [8.21816, 9.19416], [8.22052, 9.19751], [8.22302, 9.19972], [8.2295, 9.20375], [8.23438, 9.19962], [8.2445, 9.19208], [8.25841, 9.18289], [8.25597, 9.1602], [8.2535, 9.14724], [8.23278, 9.10482], [8.1919, 9.05243], [8.17401, 9.04707], [8.15532, 9.04147], [8.13757, 9.03615], [8.09907, 9.03967], [8.06698, 9.05029], [8.06165, 9.05206], [8.06735, 9.11815], [8.07008, 9.14704], [8.0708, 9.15465], [8.07854, 9.19048], [8.08724, 9.23074]]]}, "properties": {"name": "Wasa", "lga": "Sanga", "state": "kd"}}, {"type": "Feature", "geometry": {"type": "Polygon", "coordinates": [[[8.61811, 9.74557], [8.61675, 9.74479], [8.61547, 9.7424], [8.61064, 9.74126], [8.59268, 9.75857], [8.59842, 9.76972], [8.60082, 9.77809], [8.59605, 9.78196], [8.59113, 9.78987], [8.59066, 9.79047], [8.59202, 9.79456], [8.59216, 9.79505], [8.58081, 9.8034], [8.57874, 9.80723], [8.57893, 9.80826], [8.57787, 9.80968], [8.5759, 9.81144], [8.57488, 9.8119], [8.56975, 9.8119], [8.56859, 9.80967], [8.56412, 9.80842], [8.55425, 9.81398], [8.55416, 9.81491], [8.55503, 9.8193], [8.54827, 9.82514], [8.54589, 9.82879], [8.54773, 9.83169], [8.55077, 9.8342], [8.55161, 9.84139], [8.55154, 9.84411], [8.54996, 9.85234], [8.54982, 9.85244], [8.54879, 9.85344], [8.5485, 9.85365], [8.55352, 9.86164], [8.56182, 9.8704], [8.56572, 9.87455], [8.57508, 9.87686], [8.59238, 9.87351], [8.60117, 9.87092], [8.61179, 9.8685], [8.61773, 9.86767], [8.63469, 9.86683], [8.63931, 9.85581], [8.64131, 9.8482], [8.64217, 9.84492], [8.64395, 9.83473], [8.64252, 9.81084], [8.64339, 9.78924], [8.64395, 9.77536], [8.63509, 9.7576], [8.63361, 9.75463], [8.61943, 9.74634], [8.61811, 9.74557]]]}, "properties": {"name": "Kamaru", "lga": "Kauru", "state": "kd"}}, {"type": "Feature", "geometry": {"type": "Polygon", "coordinates": [[[8.41622, 10.4442], [8.40256, 10.45543], [8.38103, 10.47313], [8.37565, 10.4716], [8.34932, 10.49282], [8.33873, 10.49032], [8.32027, 10.49376], [8.32118, 10.5035], [8.32236, 10.50895], [8.32242, 10.50911], [8.31912, 10.52703], [8.32295, 10.54296], [8.31684, 10.54709], [8.31452, 10.55118], [8.31371, 10.56483], [8.31338, 10.56518], [8.31212, 10.56729], [8.30666, 10.57712], [8.30518, 10.57726], [8.29701, 10.57887], [8.28558, 10.58204], [8.28503, 10.58451], [8.25916, 10.5891], [8.25376, 10.59597], [8.25045, 10.59657], [8.24427, 10.60659], [8.25435, 10.63015], [8.25436, 10.63016], [8.25215, 10.63342], [8.252, 10.63585], [8.24187, 10.64127], [8.23994, 10.64807], [8.23848, 10.65323], [8.23907, 10.6545], [8.24046, 10.66291], [8.23505, 10.66616], [8.23487, 10.66616], [8.21806, 10.6549], [8.21239, 10.65111], [8.20922, 10.65759], [8.20908, 10.65805], [8.20585, 10.66897], [8.19295, 10.67227], [8.18492, 10.67599], [8.1822, 10.67969], [8.1773, 10.68044], [8.17322, 10.67417], [8.16617, 10.67039], [8.15206, 10.67845], [8.15516, 10.68132], [8.15425, 10.69271], [8.15359, 10.69581], [8.15216, 10.71118], [8.15541, 10.71196], [8.16004, 10.71595], [8.1752, 10.71614], [8.17834, 10.71765], [8.17903, 10.71774], [8.18569, 10.71578], [8.18711, 10.71578], [8.19235, 10.71364], [8.20133, 10.70895], [8.20355, 10.70441], [8.20371, 10.70343], [8.23609, 10.70044], [8.23939, 10.70161], [8.24241, 10.6983], [8.25179, 10.69385], [8.25906, 10.69524], [8.26078, 10.69674], [8.2624, 10.69792], [8.27729, 10.70713], [8.28184, 10.70503], [8.28298, 10.7047], [8.28493, 10.70607], [8.28826, 10.70939], [8.30465, 10.71751], [8.31388, 10.69985], [8.31663, 10.69608], [8.31637, 10.69553], [8.30868, 10.6898], [8.30791, 10.68197], [8.30503, 10.6693], [8.30133, 10.66489], [8.31057, 10.64865], [8.33446, 10.65121], [8.33437, 10.62636], [8.34586, 10.62457], [8.35656, 10.61301], [8.35292, 10.60401], [8.34604, 10.59967], [8.35728, 10.59129], [8.36378, 10.58798], [8.34508, 10.57709], [8.3484, 10.57739], [8.35437, 10.57792], [8.36663, 10.57338], [8.36461, 10.57201], [8.35885, 10.56813], [8.36146, 10.55817], [8.36385, 10.55289], [8.36864, 10.54517], [8.37003, 10.54293], [8.37302, 10.54082], [8.37847, 10.53757], [8.38337, 10.52792], [8.38429, 10.5198], [8.39573, 10.51169], [8.39206, 10.4941], [8.40855, 10.48703], [8.41217, 10.48548], [8.4218, 10.46823], [8.41622, 10.4442]]]}, "properties": {"name": "Pambegua", "lga": "Kubau", "state": "kd"}}, {"type": "Feature", "geometry": {"type": "Polygon", "coordinates": [[[7.93009, 9.50468], [7.92241, 9.48262], [7.92231, 9.48252], [7.92177, 9.47959], [7.91919, 9.47759], [7.91606, 9.47378], [7.90527, 9.4577], [7.90416, 9.45578], [7.90628, 9.45352], [7.91666, 9.45074], [7.9229, 9.44372], [7.92321, 9.44337], [7.93055, 9.44249], [7.9314, 9.4417], [7.93942, 9.42757], [7.93818, 9.42465], [7.935, 9.42126], [7.91732, 9.41757], [7.91357, 9.42217], [7.91279, 9.42314], [7.90188, 9.4252], [7.89546, 9.42333], [7.89325, 9.42203], [7.89314, 9.42186], [7.88922, 9.41896], [7.88752, 9.4145], [7.87661, 9.40682], [7.87569, 9.40568], [7.87498, 9.40381], [7.87693, 9.38317], [7.87649, 9.3832], [7.86812, 9.38385], [7.86777, 9.38395], [7.84067, 9.39872], [7.83041, 9.41321], [7.83016, 9.4138], [7.80133, 9.41624], [7.78155, 9.4065], [7.78126, 9.4065], [7.78098, 9.41177], [7.78254, 9.42855], [7.78414, 9.43908], [7.78445, 9.44023], [7.78543, 9.44209], [7.79559, 9.44493], [7.79834, 9.45089], [7.79825, 9.4536], [7.79869, 9.45407], [7.81048, 9.46146], [7.8136, 9.45278], [7.81471, 9.45202], [7.81915, 9.44937], [7.81963, 9.44935], [7.82708, 9.45133], [7.83275, 9.46708], [7.8441, 9.47971], [7.85183, 9.48005], [7.85828, 9.48539], [7.86351, 9.49023], [7.86771, 9.49592], [7.8677, 9.50277], [7.88039, 9.51965], [7.89367, 9.5202], [7.89392, 9.51997], [7.89497, 9.51962], [7.90008, 9.51834], [7.9165, 9.51228], [7.93009, 9.50468]]]}, "properties": {"name": "Katugal", "lga": "Kagarko", "state": "kd"}}, {"type": "Feature", "geometry": {"type": "Polygon", "coordinates": [[[8.01898, 9.4741], [8.02128, 9.47435], [8.02884, 9.47573], [8.03009, 9.47611], [8.03185, 9.47671], [8.0355, 9.4781], [8.04054, 9.48093], [8.04325, 9.47543], [8.04359, 9.47385], [8.03206, 9.45915], [8.032, 9.45893], [8.03471, 9.45636], [8.03481, 9.4558], [8.03793, 9.43885], [8.03769, 9.43833], [8.03352, 9.43627], [8.02372, 9.43623], [8.02061, 9.44075], [8.01541, 9.44589], [8.01579, 9.44801], [8.01569, 9.44836], [8.0139, 9.45118], [8.01434, 9.45423], [8.01496, 9.45512], [8.01253, 9.45627], [8.0116, 9.45504], [8.0111, 9.45462], [8.00898, 9.45525], [8.00823, 9.45245], [8.00551, 9.45141], [7.99719, 9.45327], [8.00336, 9.46173], [8.00945, 9.46079], [8.01418, 9.45845], [8.015, 9.45852], [8.01611, 9.45861], [8.01797, 9.46014], [8.0203, 9.46189], [8.01912, 9.467], [8.01898, 9.4741]]]}, "properties": {"name": "Fada", "lga": "Jaba", "state": "kd"}}, {"type": "Feature", "geometry": {"type": "Polygon", "coordinates": [[[7.81411, 11.29024], [7.80795, 11.2879], [7.80607, 11.29533], [7.80697, 11.30169], [7.80367, 11.30856], [7.80508, 11.30971], [7.80713, 11.31168], [7.80741, 11.31196], [7.8195, 11.3083], [7.83366, 11.3144], [7.8344, 11.31498], [7.83476, 11.31536], [7.83274, 11.3178], [7.83944, 11.32267], [7.84377, 11.31623], [7.85313, 11.32121], [7.85424, 11.32062], [7.85723, 11.31738], [7.85816, 11.31128], [7.8642, 11.30464], [7.86721, 11.29706], [7.87125, 11.29853], [7.87353, 11.29702], [7.87523, 11.29415], [7.8756, 11.28865], [7.8775, 11.28695], [7.87733, 11.28615], [7.87682, 11.28379], [7.87648, 11.28192], [7.87514, 11.28137], [7.86615, 11.28065], [7.85915, 11.28431], [7.85246, 11.27752], [7.8482, 11.28354], [7.84363, 11.28716], [7.83222, 11.2832], [7.82425, 11.28757], [7.81411, 11.29024]]]}, "properties": {"name": "Kauran Wali South", "lga": "Kudan", "state": "kd"}}, {"type": "Feature", "geometry": {"type": "Polygon", "coordinates": [[[8.12216, 11.07219], [8.1245, 11.0783], [8.13424, 11.07842], [8.14386, 11.0798], [8.14922, 11.08751], [8.15004, 11.08806], [8.15673, 11.1014], [8.15858, 11.10509], [8.16351, 11.09857], [8.16606, 11.08024], [8.17145, 11.07427], [8.17321, 11.07265], [8.17708, 11.07174], [8.19742, 11.03226], [8.21428, 11.02663], [8.2154, 11.02544], [8.21742, 11.02275], [8.22233, 11.00586], [8.22329, 11.00256], [8.22504, 10.99968], [8.22796, 10.99652], [8.23421, 10.97279], [8.24528, 10.95646], [8.24934, 10.95204], [8.24983, 10.94525], [8.25038, 10.94322], [8.25027, 10.93663], [8.24558, 10.93351], [8.24211, 10.93047], [8.23193, 10.91359], [8.22347, 10.90818], [8.20719, 10.90177], [8.18317, 10.896], [8.18209, 10.89196], [8.18144, 10.88748], [8.18054, 10.88476], [8.174, 10.87592], [8.16348, 10.883], [8.16055, 10.88503], [8.15861, 10.88619], [8.15706, 10.90071], [8.14915, 10.91874], [8.14562, 10.92325], [8.13379, 10.92686], [8.12997, 10.92889], [8.12481, 10.9317], [8.12328, 10.93867], [8.12388, 10.94156], [8.12544, 10.94352], [8.12505, 10.94831], [8.12933, 10.96288], [8.13336, 10.96816], [8.13197, 10.96995], [8.12769, 10.97376], [8.12894, 10.97841], [8.1324, 10.98338], [8.13288, 10.98493], [8.13377, 10.98914], [8.13163, 10.98963], [8.11995, 10.99192], [8.11876, 10.99707], [8.12005, 11.00564], [8.12248, 11.01028], [8.12265, 11.01329], [8.13611, 11.02139], [8.13336, 11.03063], [8.13479, 11.03583], [8.13447, 11.03661], [8.13405, 11.0413], [8.13372, 11.04253], [8.14346, 11.04731], [8.14523, 11.04861], [8.14865, 11.05176], [8.14982, 11.05306], [8.14305, 11.05626], [8.13185, 11.04797], [8.12775, 11.05892], [8.12644, 11.06495], [8.12626, 11.066], [8.12216, 11.07219]]]}, "properties": {"name": "Danwata", "lga": "Soba", "state": "kd"}}, {"type": "Feature", "geometry": {"type": "Polygon", "coordinates": [[[7.71599, 9.60395], [7.71365, 9.60399], [7.71237, 9.60362], [7.69956, 9.6123], [7.69201, 9.61742], [7.68342, 9.62098], [7.6801, 9.62043], [7.66282, 9.62585], [7.65893, 9.62893], [7.648, 9.62712], [7.63085, 9.61654], [7.62026, 9.6084], [7.61206, 9.59743], [7.61209, 9.59534], [7.59137, 9.58904], [7.58921, 9.58846], [7.58026, 9.584], [7.56793, 9.57729], [7.55668, 9.57929], [7.54781, 9.58911], [7.54555, 9.59226], [7.52971, 9.60228], [7.52979, 9.60937], [7.53833, 9.62369], [7.53838, 9.63833], [7.5438, 9.64783], [7.54402, 9.65444], [7.53888, 9.66299], [7.53989, 9.67829], [7.54369, 9.68894], [7.54957, 9.68938], [7.55634, 9.68898], [7.56761, 9.69883], [7.57005, 9.69999], [7.57077, 9.70344], [7.57525, 9.71357], [7.59404, 9.71837], [7.59428, 9.72588], [7.60394, 9.73729], [7.6112, 9.74262], [7.61932, 9.74446], [7.61986, 9.74461], [7.62267, 9.75039], [7.62286, 9.75124], [7.62255, 9.75863], [7.61482, 9.76997], [7.6132, 9.78222], [7.6152, 9.78719], [7.61341, 9.79978], [7.61548, 9.80262], [7.61829, 9.80817], [7.61875, 9.82204], [7.61838, 9.82491], [7.61769, 9.82834], [7.62262, 9.83494], [7.6248, 9.84179], [7.62303, 9.8516], [7.62152, 9.85612], [7.62614, 9.8608], [7.64827, 9.85519], [7.64929, 9.85524], [7.6446, 9.88178], [7.64513, 9.88319], [7.67106, 9.86818], [7.67005, 9.84662], [7.66789, 9.83847], [7.71177, 9.83328], [7.72007, 9.81797], [7.74128, 9.83674], [7.74799, 9.83906], [7.76727, 9.84818], [7.76447, 9.85632], [7.76927, 9.88514], [7.77101, 9.88752], [7.79092, 9.862], [7.80316, 9.86086], [7.80669, 9.86247], [7.82129, 9.85805], [7.82326, 9.84414], [7.82701, 9.84143], [7.84488, 9.84572], [7.84713, 9.83964], [7.85007, 9.81852], [7.84682, 9.80285], [7.84534, 9.80141], [7.84525, 9.80119], [7.85071, 9.79354], [7.85387, 9.7889], [7.85774, 9.7837], [7.85902, 9.77847], [7.86543, 9.7697], [7.87356, 9.74865], [7.87256, 9.73979], [7.86705, 9.73507], [7.8654, 9.72123], [7.86633, 9.71377], [7.86634, 9.71371], [7.87154, 9.69901], [7.86728, 9.69341], [7.84762, 9.6953], [7.84691, 9.69536], [7.83652, 9.6916], [7.81579, 9.6479], [7.80082, 9.65223], [7.77704, 9.6752], [7.77601, 9.67619], [7.76951, 9.6795], [7.74864, 9.67651], [7.74833, 9.67609], [7.74634, 9.67016], [7.7469, 9.65691], [7.7478, 9.6356], [7.7441, 9.6316], [7.73425, 9.60924], [7.71988, 9.60576], [7.71599, 9.60395]]]}, "properties": {"name": "Awon", "lga": "Kachia", "state": "kd"}}, {"type": "Feature", "geometry": {"type": "Polygon", "coordinates": [[[8.50573, 9.80877], [8.50871, 9.81105], [8.51196, 9.81191], [8.5139, 9.82992], [8.51378, 9.83028], [8.50987, 9.83836], [8.51192, 9.84141], [8.51069, 9.84842], [8.50791, 9.85356], [8.50807, 9.85399], [8.50923, 9.86227], [8.50962, 9.86508], [8.52238, 9.86564], [8.52469, 9.86242], [8.52675, 9.84929], [8.54788, 9.8533], [8.5485, 9.85365], [8.54879, 9.85344], [8.54982, 9.85244], [8.54996, 9.85234], [8.55154, 9.84411], [8.55161, 9.84139], [8.55077, 9.8342], [8.54773, 9.83169], [8.54589, 9.82879], [8.54827, 9.82514], [8.55503, 9.8193], [8.55416, 9.81491], [8.55425, 9.81398], [8.56412, 9.80842], [8.56859, 9.80967], [8.56975, 9.8119], [8.57488, 9.8119], [8.5759, 9.81144], [8.57787, 9.80968], [8.57893, 9.80826], [8.57874, 9.80723], [8.58081, 9.8034], [8.59216, 9.79505], [8.59202, 9.79456], [8.59066, 9.79047], [8.59113, 9.78987], [8.59605, 9.78196], [8.60082, 9.77809], [8.59842, 9.76972], [8.59268, 9.75857], [8.61064, 9.74126], [8.59886, 9.72792], [8.59351, 9.728], [8.58217, 9.72394], [8.57596, 9.72596], [8.57562, 9.72622], [8.5743, 9.73616], [8.57448, 9.73741], [8.57083, 9.7409], [8.56147, 9.74403], [8.56145, 9.74135], [8.55697, 9.74292], [8.55581, 9.74331], [8.55263, 9.74303], [8.54925, 9.74261], [8.54899, 9.74234], [8.54524, 9.73846], [8.54244, 9.74255], [8.54107, 9.74317], [8.53604, 9.74545], [8.52832, 9.75506], [8.52808, 9.7532], [8.52889, 9.74485], [8.5295, 9.73868], [8.52897, 9.73763], [8.52848, 9.73691], [8.52687, 9.73607], [8.52528, 9.7414], [8.52393, 9.73947], [8.5244, 9.73715], [8.52306, 9.73583], [8.52174, 9.73731], [8.52011, 9.73709], [8.51683, 9.7343], [8.51548, 9.73316], [8.50108, 9.7409], [8.49757, 9.75008], [8.48428, 9.75457], [8.48465, 9.76406], [8.4874, 9.7708], [8.49292, 9.77965], [8.49604, 9.78143], [8.50174, 9.78706], [8.50456, 9.79314], [8.50573, 9.80877]]]}, "properties": {"name": "Pari", "lga": "Kauru", "state": "kd"}}, {"type": "Feature", "geometry": {"type": "Polygon", "coordinates": [[[7.73819, 9.57338], [7.71599, 9.60395], [7.71988, 9.60576], [7.73425, 9.60924], [7.7441, 9.6316], [7.7478, 9.6356], [7.7469, 9.65691], [7.74634, 9.67016], [7.74833, 9.67609], [7.74864, 9.67651], [7.76951, 9.6795], [7.77601, 9.67619], [7.77704, 9.6752], [7.80082, 9.65223], [7.81579, 9.6479], [7.83652, 9.6916], [7.84691, 9.69536], [7.84762, 9.6953], [7.86728, 9.69341], [7.86559, 9.67766], [7.87868, 9.67351], [7.90042, 9.67427], [7.90615, 9.66275], [7.90501, 9.65826], [7.92061, 9.63723], [7.92945, 9.64272], [7.94076, 9.64222], [7.94785, 9.63493], [7.92746, 9.61466], [7.92695, 9.60925], [7.92836, 9.606], [7.92896, 9.58607], [7.92694, 9.5814], [7.92568, 9.57451], [7.92868, 9.56743], [7.93787, 9.56239], [7.94432, 9.55994], [7.93737, 9.54853], [7.93361, 9.54152], [7.93265, 9.53973], [7.93272, 9.53822], [7.93448, 9.53386], [7.93481, 9.53354], [7.93703, 9.53198], [7.93747, 9.53075], [7.9423, 9.51338], [7.94181, 9.50824], [7.93958, 9.50747], [7.93009, 9.50468], [7.9165, 9.51228], [7.90008, 9.51834], [7.89497, 9.51962], [7.89392, 9.51997], [7.89367, 9.5202], [7.88039, 9.51965], [7.8677, 9.50277], [7.86771, 9.49592], [7.86351, 9.49023], [7.85828, 9.48539], [7.85183, 9.48005], [7.8441, 9.47971], [7.83275, 9.46708], [7.82708, 9.45133], [7.81963, 9.44935], [7.81915, 9.44937], [7.81471, 9.45202], [7.8136, 9.45278], [7.81048, 9.46146], [7.81064, 9.46242], [7.8037, 9.47015], [7.80321, 9.47706], [7.80714, 9.49039], [7.82605, 9.48967], [7.82647, 9.49281], [7.82771, 9.50665], [7.82771, 9.50689], [7.83257, 9.51412], [7.83145, 9.51808], [7.83038, 9.52045], [7.82815, 9.5271], [7.82998, 9.54041], [7.83071, 9.5424], [7.83238, 9.54553], [7.83309, 9.5462], [7.85095, 9.55201], [7.85102, 9.55364], [7.84166, 9.5706], [7.84084, 9.57382], [7.82105, 9.58556], [7.80587, 9.57267], [7.77224, 9.58604], [7.76883, 9.58869], [7.7626, 9.58391], [7.7456, 9.59046], [7.74042, 9.57267], [7.73819, 9.57338]]]}, "properties": {"name": "Aribi", "lga": "Kagarko", "state": "kd"}}, {"type": "Feature", "geometry": {"type": "Polygon", "coordinates": [[[8.09127, 10.6744], [8.08892, 10.68007], [8.08876, 10.68134], [8.08767, 10.68981], [8.08675, 10.69699], [8.08068, 10.70103], [8.07517, 10.7064], [8.07444, 10.71886], [8.07462, 10.72454], [8.08667, 10.73393], [8.08688, 10.74033], [8.09294, 10.75023], [8.0943, 10.75183], [8.09448, 10.75206], [8.10473, 10.75594], [8.10839, 10.7603], [8.10926, 10.76095], [8.11516, 10.7608], [8.1246, 10.75792], [8.12565, 10.75461], [8.13915, 10.75043], [8.14827, 10.75912], [8.1554, 10.76382], [8.1692, 10.77465], [8.17256, 10.76207], [8.17722, 10.75487], [8.18239, 10.75172], [8.18392, 10.74967], [8.18501, 10.74685], [8.18721, 10.74439], [8.18744, 10.73235], [8.19597, 10.73569], [8.20201, 10.73473], [8.20199, 10.7346], [8.20383, 10.71843], [8.20133, 10.70895], [8.19235, 10.71364], [8.18711, 10.71578], [8.18569, 10.71578], [8.17903, 10.71774], [8.17834, 10.71765], [8.1752, 10.71614], [8.16004, 10.71595], [8.15541, 10.71196], [8.15216, 10.71118], [8.15359, 10.69581], [8.15425, 10.69271], [8.15516, 10.68132], [8.14946, 10.6758], [8.14232, 10.67737], [8.1299, 10.68489], [8.12217, 10.67805], [8.11667, 10.67319], [8.11428, 10.67148], [8.10881, 10.67502], [8.09127, 10.6744]]]}, "properties": {"name": "Zabi", "lga": "Kubau", "state": "kd"}}, {"type": "Feature", "geometry": {"type": "Polygon", "coordinates": [[[8.10687, 11.52375], [8.10851, 11.52272], [8.11, 11.52086], [8.11187, 11.52109], [8.11399, 11.52229], [8.11447, 11.5217], [8.121, 11.52021], [8.15008, 11.51917], [8.15837, 11.50923], [8.16179, 11.50554], [8.16247, 11.50311], [8.1617, 11.49715], [8.15897, 11.49522], [8.15609, 11.49238], [8.15246, 11.48902], [8.15345, 11.48574], [8.15388, 11.47742], [8.14875, 11.46869], [8.14289, 11.46032], [8.13791, 11.46644], [8.13512, 11.47063], [8.13072, 11.4764], [8.12781, 11.48181], [8.12371, 11.48799], [8.11536, 11.49723], [8.11067, 11.51163], [8.1113, 11.51209], [8.11344, 11.51368], [8.11149, 11.51631], [8.09933, 11.50693], [8.09499, 11.50571], [8.09184, 11.50379], [8.08663, 11.49995], [8.09209, 11.49199], [8.09141, 11.49066], [8.09074, 11.48927], [8.09106, 11.48829], [8.09181, 11.48789], [8.08539, 11.47723], [8.08461, 11.47418], [8.08381, 11.47019], [8.08147, 11.465], [8.07977, 11.4611], [8.07807, 11.45909], [8.07544, 11.45797], [8.07031, 11.45851], [8.0681, 11.4604], [8.06643, 11.46209], [8.06257, 11.46526], [8.0556, 11.47763], [8.05268, 11.48918], [8.0565, 11.49391], [8.05684, 11.49668], [8.06068, 11.49771], [8.06189, 11.50092], [8.06717, 11.50038], [8.0677, 11.50125], [8.06796, 11.50185], [8.06841, 11.50219], [8.07349, 11.50462], [8.08192, 11.50551], [8.08174, 11.50911], [8.0835, 11.51381], [8.08522, 11.51597], [8.08659, 11.51739], [8.09757, 11.52011], [8.10153, 11.52399], [8.10216, 11.52328], [8.10299, 11.52266], [8.1041, 11.52277], [8.10542, 11.5235], [8.10687, 11.52375]]]}, "properties": {"name": "Paki", "lga": "Ikara", "state": "kd"}}, {"type": "Feature", "geometry": {"type": "Polygon", "coordinates": [[[8.02475, 9.43576], [8.01645, 9.42849], [8.01184, 9.42539], [8.01191, 9.42497], [8.0111, 9.41922], [8.01002, 9.4179], [8.00776, 9.41873], [8.00066, 9.42209], [8.00044, 9.42351], [8.00155, 9.42534], [7.99506, 9.43602], [7.99314, 9.43658], [7.98995, 9.43925], [7.98923, 9.43995], [7.99146, 9.44511], [7.99107, 9.4503], [7.99269, 9.4508], [7.99719, 9.45327], [7.99948, 9.45345], [8.00551, 9.45141], [8.00823, 9.45245], [8.00898, 9.45525], [8.0111, 9.45462], [8.0116, 9.45504], [8.01253, 9.45627], [8.01496, 9.45512], [8.01434, 9.45423], [8.0139, 9.45118], [8.01569, 9.44836], [8.01579, 9.44801], [8.01541, 9.44589], [8.02061, 9.44075], [8.02372, 9.43623], [8.02475, 9.43576]]]}, "properties": {"name": "Sabchem", "lga": "Jaba", "state": "kd"}}, {"type": "Feature", "geometry": {"type": "Polygon", "coordinates": [[[7.95125, 10.94722], [7.95403, 10.94839], [7.95967, 10.95616], [7.96331, 10.96155], [7.97025, 10.96702], [7.97368, 10.9703], [7.98501, 10.97787], [7.98798, 10.97937], [7.99208, 10.97801], [8.00215, 10.97585], [8.0081, 10.97328], [8.01436, 10.96472], [8.04055, 10.95947], [8.04952, 10.96044], [8.05484, 10.9625], [8.05672, 10.96194], [8.06362, 10.9583], [8.06197, 10.944], [8.05841, 10.94027], [8.0574, 10.93882], [8.04953, 10.94535], [8.0479, 10.94569], [8.04671, 10.94528], [8.04458, 10.94419], [8.04432, 10.9424], [8.04651, 10.93417], [8.04991, 10.93115], [8.05582, 10.93502], [8.06418, 10.92983], [8.06949, 10.92365], [8.08041, 10.92023], [8.0814, 10.91535], [8.08176, 10.90945], [8.08245, 10.90736], [8.08011, 10.90341], [8.07777, 10.89975], [8.07735, 10.89899], [8.07678, 10.89346], [8.07438, 10.88944], [8.07135, 10.88717], [8.06673, 10.88247], [8.06762, 10.86265], [8.0387, 10.86211], [8.03324, 10.8543], [8.03382, 10.85287], [8.05038, 10.84391], [8.05419, 10.84437], [8.07235, 10.85395], [8.07282, 10.82976], [8.0731, 10.82947], [8.06566, 10.81077], [8.06222, 10.80549], [8.05956, 10.79972], [8.05865, 10.7985], [8.05587, 10.79672], [8.04167, 10.80131], [8.03878, 10.79943], [8.0266, 10.79847], [8.02103, 10.77101], [8.02044, 10.77051], [8.00655, 10.77137], [8.00414, 10.77035], [8.00136, 10.77229], [7.99505, 10.78208], [7.98866, 10.79254], [7.95497, 10.81289], [7.94878, 10.80735], [7.92917, 10.80366], [7.9278, 10.80363], [7.90115, 10.8321], [7.90026, 10.83308], [7.89543, 10.84003], [7.8954, 10.84141], [7.94438, 10.87669], [7.94585, 10.87763], [7.93361, 10.88783], [7.93015, 10.89302], [7.93922, 10.92514], [7.9441, 10.92528], [7.94987, 10.93224], [7.94698, 10.94032], [7.95125, 10.94722]]]}, "properties": {"name": "Garu", "lga": "Soba", "state": "kd"}}, {"type": "Feature", "geometry": {"type": "Polygon", "coordinates": [[[7.82033, 10.0688], [7.82598, 10.071], [7.82605, 10.071], [7.84634, 10.07088], [7.86131, 10.06977], [7.872, 10.06892], [7.89458, 10.06734], [7.90276, 10.08269], [7.93559, 10.1046], [7.93953, 10.10605], [7.94895, 10.13059], [7.95187, 10.13124], [7.97376, 10.11787], [7.99851, 10.11808], [7.99748, 10.09987], [7.99712, 10.09351], [7.98794, 10.09542], [7.98032, 10.0972], [7.97974, 10.08902], [7.98261, 10.07961], [7.98429, 10.07691], [7.99431, 10.06968], [8.00053, 10.06225], [8.00924, 10.05735], [8.01452, 10.05217], [8.02802, 10.04001], [8.02903, 10.03671], [8.02763, 10.01313], [8.02102, 9.97996], [8.01705, 9.97386], [8.01084, 9.9494], [8.04227, 9.94918], [8.05484, 9.93902], [8.06029, 9.93358], [8.06107, 9.92428], [8.05981, 9.91585], [8.06856, 9.91085], [8.07235, 9.92167], [8.07387, 9.9215], [8.07765, 9.92033], [8.08099, 9.90503], [8.08077, 9.90412], [8.0872, 9.88764], [8.07193, 9.88323], [8.06723, 9.88361], [8.05099, 9.89538], [8.05054, 9.89892], [8.05015, 9.90031], [8.02914, 9.89529], [8.02179, 9.88268], [8.0033, 9.87411], [7.99872, 9.88056], [7.99072, 9.88024], [7.98862, 9.88154], [7.98546, 9.87966], [7.97787, 9.87656], [7.97725, 9.87699], [7.96904, 9.8827], [7.96889, 9.88329], [7.96878, 9.88476], [7.96987, 9.89389], [7.97329, 9.89487], [7.97448, 9.89522], [7.98148, 9.90534], [7.98794, 9.90924], [7.98294, 9.93259], [7.982, 9.93232], [7.97768, 9.93486], [7.96432, 9.9427], [7.95914, 9.93241], [7.95809, 9.93242], [7.95952, 9.91599], [7.95794, 9.91409], [7.93647, 9.91717], [7.93631, 9.91701], [7.93511, 9.91584], [7.91937, 9.9195], [7.90579, 9.93005], [7.88554, 9.92832], [7.88434, 9.92908], [7.87595, 9.93467], [7.84257, 9.93119], [7.83576, 9.93378], [7.83559, 9.97404], [7.82123, 9.98361], [7.81074, 9.98637], [7.80198, 9.99987], [7.80585, 10.01805], [7.79799, 10.0518], [7.80832, 10.05572], [7.82033, 10.0688]]]}, "properties": {"name": "Agunu", "lga": "Kachia", "state": "kd"}}, {"type": "Feature", "geometry": {"type": "Polygon", "coordinates": [[[7.88945, 10.67799], [7.88304, 10.67381], [7.87805, 10.67311], [7.87536, 10.67471], [7.87506, 10.67479], [7.87045, 10.67182], [7.86638, 10.67048], [7.86418, 10.66739], [7.86474, 10.6633], [7.86545, 10.65991], [7.86819, 10.65757], [7.86926, 10.65325], [7.8689, 10.63351], [7.86664, 10.63036], [7.86498, 10.62651], [7.86486, 10.6237], [7.85892, 10.61681], [7.85702, 10.60793], [7.85293, 10.59555], [7.85728, 10.5844], [7.85728, 10.58202], [7.85752, 10.57977], [7.85488, 10.58069], [7.83746, 10.57599], [7.82931, 10.57791], [7.8088, 10.58942], [7.79879, 10.59985], [7.78804, 10.62539], [7.78517, 10.65172], [7.78457, 10.65309], [7.76838, 10.64898], [7.74088, 10.66994], [7.73953, 10.66971], [7.73936, 10.66978], [7.73699, 10.67013], [7.73648, 10.66993], [7.72609, 10.65282], [7.72397, 10.6402], [7.71831, 10.64202], [7.71808, 10.64218], [7.69376, 10.63947], [7.68916, 10.64745], [7.70478, 10.65496], [7.70315, 10.66746], [7.69413, 10.67208], [7.6941, 10.6721], [7.68929, 10.67352], [7.68916, 10.67749], [7.69136, 10.68444], [7.67193, 10.70198], [7.65665, 10.70404], [7.65176, 10.69926], [7.65036, 10.69826], [7.6453, 10.69601], [7.63679, 10.69587], [7.63718, 10.70653], [7.64448, 10.72092], [7.64556, 10.72773], [7.64399, 10.72909], [7.63932, 10.72991], [7.63006, 10.73081], [7.62586, 10.73572], [7.62502, 10.74618], [7.62149, 10.75346], [7.62677, 10.75909], [7.64569, 10.75692], [7.64955, 10.762], [7.65105, 10.7679], [7.65994, 10.77261], [7.66217, 10.77143], [7.66691, 10.77041], [7.67101, 10.77472], [7.67575, 10.77217], [7.67618, 10.77203], [7.68093, 10.76993], [7.68976, 10.7693], [7.69198, 10.77303], [7.6968, 10.7779], [7.70166, 10.77617], [7.70242, 10.77452], [7.71626, 10.75938], [7.71357, 10.75681], [7.71292, 10.75578], [7.70643, 10.74722], [7.71279, 10.73881], [7.73155, 10.74212], [7.73447, 10.74251], [7.74523, 10.73912], [7.74609, 10.73748], [7.75217, 10.73495], [7.76844, 10.73934], [7.77659, 10.74006], [7.78337, 10.74309], [7.79141, 10.74253], [7.79443, 10.74797], [7.81642, 10.75005], [7.81748, 10.74959], [7.82346, 10.74443], [7.831, 10.74542], [7.8505, 10.74799], [7.85071, 10.74773], [7.85484, 10.73699], [7.86153, 10.7333], [7.86388, 10.73085], [7.86961, 10.70926], [7.87327, 10.70369], [7.87257, 10.69957], [7.88108, 10.68859], [7.88135, 10.68563], [7.88376, 10.68369], [7.88644, 10.68153], [7.88945, 10.67799]]]}, "properties": {"name": "Fanshanu", "lga": "Igabi", "state": "kd"}}, {"type": "Feature", "geometry": {"type": "Polygon", "coordinates": [[[7.52971, 9.60228], [7.54555, 9.59226], [7.54781, 9.58911], [7.55668, 9.57929], [7.55501, 9.57634], [7.54571, 9.55768], [7.55469, 9.54932], [7.55822, 9.5461], [7.56243, 9.54227], [7.56116, 9.54047], [7.56331, 9.5176], [7.56323, 9.51719], [7.56427, 9.51464], [7.56737, 9.51066], [7.56286, 9.50252], [7.56268, 9.50094], [7.56132, 9.49817], [7.55013, 9.49542], [7.54329, 9.49625], [7.54018, 9.47625], [7.51457, 9.45226], [7.51218, 9.45081], [7.50653, 9.44175], [7.47549, 9.45121], [7.45153, 9.44733], [7.40723, 9.43538], [7.38661, 9.43492], [7.34327, 9.46203], [7.33742, 9.46371], [7.33814, 9.46962], [7.3341, 9.47793], [7.33552, 9.48665], [7.33968, 9.49237], [7.34503, 9.49387], [7.34529, 9.49401], [7.37148, 9.47306], [7.37656, 9.47824], [7.37981, 9.48195], [7.38575, 9.48852], [7.3935, 9.49517], [7.40063, 9.50169], [7.41765, 9.53269], [7.42369, 9.56491], [7.42602, 9.56366], [7.42867, 9.56376], [7.43073, 9.56384], [7.43345, 9.56393], [7.43544, 9.56701], [7.43559, 9.58378], [7.4346, 9.58484], [7.441, 9.59306], [7.45014, 9.59281], [7.45295, 9.58872], [7.47149, 9.59019], [7.47566, 9.60347], [7.47766, 9.60493], [7.48254, 9.60537], [7.48679, 9.60333], [7.49639, 9.59498], [7.5064, 9.58928], [7.51218, 9.5871], [7.51721, 9.5889], [7.52971, 9.60228]]]}, "properties": {"name": "Jere North", "lga": "Kagarko", "state": "kd"}}, {"type": "Feature", "geometry": {"type": "Polygon", "coordinates": [[[7.80757, 11.03044], [7.81129, 11.03147], [7.81646, 11.03118], [7.82018, 11.03535], [7.82496, 11.03697], [7.83507, 11.03459], [7.84952, 11.02176], [7.85752, 11.02332], [7.87519, 11.04539], [7.88519, 11.03828], [7.89965, 11.03553], [7.90159, 11.02887], [7.90292, 11.02341], [7.90748, 11.01907], [7.91093, 11.01686], [7.91197, 11.01316], [7.91098, 11.01097], [7.91059, 11.00952], [7.90977, 11.00725], [7.91138, 11.00115], [7.91376, 10.99331], [7.9173, 10.98832], [7.9193, 10.98037], [7.92308, 10.97148], [7.9236, 10.96087], [7.92132, 10.95432], [7.92217, 10.9492], [7.93378, 10.94325], [7.93747, 10.94505], [7.93846, 10.94541], [7.94221, 10.94807], [7.95125, 10.94722], [7.94698, 10.94032], [7.94987, 10.93224], [7.9441, 10.92528], [7.93922, 10.92514], [7.93015, 10.89302], [7.93361, 10.88783], [7.94585, 10.87763], [7.94438, 10.87669], [7.8954, 10.84141], [7.88996, 10.85338], [7.88493, 10.85872], [7.88412, 10.86175], [7.87591, 10.87849], [7.87562, 10.87943], [7.87462, 10.88579], [7.87657, 10.89087], [7.87681, 10.8913], [7.8677, 10.91126], [7.86725, 10.91374], [7.87035, 10.91702], [7.87171, 10.92133], [7.87676, 10.92671], [7.8738, 10.93922], [7.87361, 10.9398], [7.87924, 10.93999], [7.88263, 10.93945], [7.88794, 10.94121], [7.88803, 10.94347], [7.89123, 10.95002], [7.89292, 10.95481], [7.89285, 10.95913], [7.89164, 10.96099], [7.88036, 10.95863], [7.87213, 10.95398], [7.87082, 10.9538], [7.86688, 10.95577], [7.86396, 10.95663], [7.86284, 10.95974], [7.85438, 10.96527], [7.8509, 10.96679], [7.84606, 10.96306], [7.84288, 10.96252], [7.8426, 10.96223], [7.83517, 10.96418], [7.83018, 10.97181], [7.83009, 10.97204], [7.81397, 10.97531], [7.81163, 10.97814], [7.80886, 10.98058], [7.81061, 10.9869], [7.81453, 10.99906], [7.80137, 11.00739], [7.79952, 11.01074], [7.8063, 11.02882], [7.80757, 11.03044]]]}, "properties": {"name": "Kinkiba", "lga": "Soba", "state": "kd"}}, {"type": "Feature", "geometry": {"type": "Polygon", "coordinates": [[[7.91909, 9.31737], [7.90654, 9.32975], [7.92156, 9.34982], [7.9509, 9.38612], [7.95203, 9.39274], [7.95506, 9.39508], [7.9593, 9.39757], [7.95298, 9.41484], [7.95756, 9.42213], [7.96189, 9.42294], [7.96779, 9.42299], [7.96719, 9.41712], [7.96883, 9.40851], [7.97499, 9.40908], [7.97911, 9.40676], [7.97935, 9.40322], [7.98108, 9.39799], [7.98907, 9.38453], [7.99481, 9.3968], [7.99488, 9.39689], [7.99909, 9.40333], [8.01284, 9.40456], [8.02144, 9.40083], [8.02935, 9.39803], [8.02514, 9.39224], [8.01491, 9.37811], [8.01902, 9.37513], [8.02613, 9.36776], [8.0273, 9.36586], [8.03023, 9.36181], [8.02622, 9.3569], [8.02683, 9.3559], [8.03149, 9.34991], [8.03175, 9.34972], [8.03566, 9.34699], [8.03579, 9.34494], [8.03581, 9.3407], [8.03447, 9.34035], [8.03349, 9.34029], [8.0275, 9.3431], [8.027, 9.34321], [8.02548, 9.34357], [8.02489, 9.34363], [8.02395, 9.34355], [8.02102, 9.34294], [8.01625, 9.33267], [8.01697, 9.33169], [8.01713, 9.33148], [8.01757, 9.33013], [8.012, 9.32536], [8.00833, 9.32313], [7.94057, 9.31418], [7.91909, 9.31737]]]}, "properties": {"name": "Nduya", "lga": "Jaba", "state": "kd"}}, {"type": "Feature", "geometry": {"type": "Polygon", "coordinates": [[[7.8775, 11.28695], [7.88073, 11.28772], [7.88258, 11.29008], [7.88955, 11.2913], [7.89114, 11.29124], [7.89176, 11.29051], [7.89242, 11.29045], [7.8946, 11.28806], [7.90589, 11.3007], [7.90921, 11.29811], [7.90926, 11.29771], [7.90914, 11.29608], [7.90933, 11.29565], [7.90549, 11.29237], [7.90325, 11.28501], [7.90347, 11.28328], [7.90381, 11.28211], [7.90392, 11.28101], [7.90002, 11.27252], [7.89972, 11.2708], [7.89995, 11.27033], [7.9017, 11.2687], [7.90255, 11.26779], [7.90962, 11.26596], [7.91153, 11.27374], [7.91568, 11.27343], [7.92662, 11.27766], [7.93987, 11.27358], [7.93936, 11.27299], [7.93882, 11.27212], [7.93851, 11.27136], [7.93819, 11.26571], [7.93166, 11.25994], [7.92969, 11.25867], [7.927, 11.25725], [7.92556, 11.25662], [7.93213, 11.25209], [7.93454, 11.25268], [7.93898, 11.25387], [7.94602, 11.24722], [7.94583, 11.22369], [7.94393, 11.22278], [7.94246, 11.22248], [7.93932, 11.22364], [7.93849, 11.22334], [7.9377, 11.22003], [7.93744, 11.21942], [7.93514, 11.21781], [7.93383, 11.21788], [7.93274, 11.21867], [7.93194, 11.21941], [7.93005, 11.21884], [7.92903, 11.21907], [7.92813, 11.2199], [7.92713, 11.2215], [7.92527, 11.22084], [7.92385, 11.21884], [7.92363, 11.21716], [7.92532, 11.21357], [7.9253, 11.21285], [7.92488, 11.21212], [7.91713, 11.21426], [7.91366, 11.21155], [7.90362, 11.2094], [7.90435, 11.21197], [7.90302, 11.21212], [7.9022, 11.21473], [7.8959, 11.21825], [7.89324, 11.21737], [7.89321, 11.2187], [7.89131, 11.21846], [7.89118, 11.22136], [7.88798, 11.22348], [7.8907, 11.22618], [7.89021, 11.22659], [7.89003, 11.22686], [7.88373, 11.23201], [7.88345, 11.23116], [7.88307, 11.23048], [7.88221, 11.22969], [7.88196, 11.22978], [7.88144, 11.2303], [7.88099, 11.23079], [7.87962, 11.22877], [7.8769, 11.23292], [7.87279, 11.23115], [7.87055, 11.22849], [7.87262, 11.22233], [7.86171, 11.21106], [7.86108, 11.2114], [7.8608, 11.2115], [7.86007, 11.21219], [7.85952, 11.21274], [7.8599, 11.22302], [7.85881, 11.22261], [7.85871, 11.22259], [7.85837, 11.22348], [7.85803, 11.22404], [7.85782, 11.2244], [7.85887, 11.2248], [7.8602, 11.22516], [7.86162, 11.23275], [7.85355, 11.23152], [7.84703, 11.23216], [7.8459, 11.23319], [7.84375, 11.23509], [7.84211, 11.23655], [7.853, 11.24354], [7.85976, 11.25144], [7.85541, 11.25308], [7.85487, 11.2538], [7.85353, 11.25499], [7.85281, 11.25558], [7.85223, 11.25632], [7.85145, 11.25982], [7.85323, 11.26375], [7.85426, 11.26386], [7.85959, 11.26432], [7.85981, 11.26435], [7.84932, 11.27365], [7.85915, 11.28431], [7.86615, 11.28065], [7.87295, 11.28088], [7.87514, 11.28137], [7.87648, 11.28192], [7.87682, 11.28379], [7.87733, 11.28615], [7.8775, 11.28695]]]}, "properties": {"name": "Nasarawa Wandoya", "lga": "Makarfi", "state": "kd"}}, {"type": "Feature", "geometry": {"type": "Polygon", "coordinates": [[[7.47269, 10.69376], [7.4589, 10.6821], [7.4533, 10.67656], [7.45295, 10.67564], [7.45448, 10.66957], [7.45544, 10.66828], [7.44868, 10.65898], [7.4432, 10.65682], [7.43188, 10.6454], [7.4351, 10.63921], [7.43363, 10.63117], [7.43193, 10.62351], [7.43424, 10.61103], [7.4345, 10.60984], [7.43265, 10.60969], [7.43289, 10.60848], [7.43069, 10.60849], [7.42784, 10.6038], [7.42454, 10.60472], [7.42382, 10.60403], [7.42157, 10.59767], [7.41899, 10.59555], [7.41506, 10.58801], [7.41622, 10.58736], [7.41274, 10.57961], [7.41319, 10.57578], [7.41348, 10.57427], [7.41369, 10.57366], [7.41137, 10.57503], [7.40939, 10.57606], [7.40815, 10.57672], [7.3943, 10.57951], [7.39186, 10.5768], [7.38684, 10.57449], [7.38631, 10.57426], [7.37979, 10.56992], [7.37117, 10.5719], [7.363, 10.57818], [7.36097, 10.57952], [7.35874, 10.5844], [7.33658, 10.59359], [7.33224, 10.59347], [7.31765, 10.59247], [7.30767, 10.59425], [7.31061, 10.62719], [7.30385, 10.63606], [7.29457, 10.64953], [7.29262, 10.64994], [7.2847, 10.65309], [7.2803, 10.65281], [7.27989, 10.65275], [7.26355, 10.65752], [7.21268, 10.69295], [7.21265, 10.69301], [7.19266, 10.7227], [7.18818, 10.72618], [7.19512, 10.73703], [7.20559, 10.75033], [7.2056, 10.75034], [7.25928, 10.77696], [7.27677, 10.79459], [7.28425, 10.79392], [7.28984, 10.79062], [7.29547, 10.77836], [7.29917, 10.76948], [7.30811, 10.75428], [7.31293, 10.75339], [7.32257, 10.74584], [7.32889, 10.74362], [7.33892, 10.74869], [7.36248, 10.74939], [7.37377, 10.74658], [7.3842, 10.74564], [7.38842, 10.73838], [7.40024, 10.73194], [7.41014, 10.72941], [7.41639, 10.73312], [7.42015, 10.73356], [7.42316, 10.73297], [7.42813, 10.73105], [7.43265, 10.73016], [7.44101, 10.72318], [7.45856, 10.71877], [7.46319, 10.70812], [7.46504, 10.69964], [7.46619, 10.69789], [7.46725, 10.69649], [7.47269, 10.69376]]]}, "properties": {"name": "Afaka", "lga": "Igabi", "state": "kd"}}, {"type": "Feature", "geometry": {"type": "Polygon", "coordinates": [[[8.15792, 11.1155], [8.15746, 11.11578], [8.15077, 11.11978], [8.13937, 11.13291], [8.13771, 11.13513], [8.13336, 11.14817], [8.13503, 11.1495], [8.13584, 11.14974], [8.13859, 11.15314], [8.14687, 11.16337], [8.15528, 11.16925], [8.15476, 11.17315], [8.15475, 11.17331], [8.15372, 11.17545], [8.14534, 11.18137], [8.14777, 11.18389], [8.16023, 11.1899], [8.16169, 11.18757], [8.16188, 11.18618], [8.1675, 11.18013], [8.17237, 11.18203], [8.17524, 11.17876], [8.17586, 11.17857], [8.18114, 11.16035], [8.18158, 11.16018], [8.18449, 11.16171], [8.18712, 11.16188], [8.19768, 11.1738], [8.198, 11.17556], [8.19488, 11.18439], [8.19502, 11.18585], [8.20398, 11.18948], [8.20322, 11.20132], [8.21138, 11.20615], [8.21283, 11.20925], [8.21942, 11.21463], [8.23138, 11.21106], [8.239, 11.21833], [8.23743, 11.22087], [8.23683, 11.22171], [8.23686, 11.22193], [8.24387, 11.23095], [8.24388, 11.23118], [8.25008, 11.23346], [8.25255, 11.23377], [8.25544, 11.24055], [8.25857, 11.24933], [8.25944, 11.25363], [8.26079, 11.25908], [8.26051, 11.26125], [8.25965, 11.26482], [8.2607, 11.27632], [8.26304, 11.27654], [8.26608, 11.27742], [8.26953, 11.27684], [8.27309, 11.27649], [8.27421, 11.27789], [8.27663, 11.27775], [8.27802, 11.2749], [8.28184, 11.27195], [8.28612, 11.26824], [8.28737, 11.26462], [8.28776, 11.26202], [8.28783, 11.25894], [8.28947, 11.25775], [8.29168, 11.256], [8.29096, 11.25237], [8.29143, 11.25115], [8.29375, 11.2495], [8.29364, 11.2455], [8.29398, 11.24248], [8.29586, 11.23784], [8.29791, 11.23422], [8.28562, 11.22021], [8.27902, 11.20522], [8.27498, 11.20054], [8.26626, 11.19737], [8.25925, 11.19171], [8.25748, 11.18881], [8.25723, 11.18886], [8.24992, 11.18557], [8.24527, 11.18484], [8.24183, 11.1825], [8.24065, 11.1808], [8.23845, 11.17954], [8.23855, 11.17502], [8.23471, 11.17031], [8.23463, 11.16612], [8.23408, 11.16512], [8.23055, 11.16482], [8.22882, 11.16431], [8.22848, 11.1641], [8.22578, 11.16438], [8.22458, 11.16527], [8.22064, 11.16619], [8.21842, 11.16572], [8.21617, 11.1644], [8.21551, 11.16051], [8.20374, 11.15674], [8.20259, 11.15701], [8.19966, 11.15626], [8.19929, 11.14348], [8.19615, 11.14248], [8.18289, 11.13564], [8.18139, 11.13076], [8.18082, 11.12893], [8.16708, 11.12473], [8.16121, 11.11771], [8.15792, 11.1155]]]}, "properties": {"name": "Ikara", "lga": "Ikara", "state": "kd"}}, {"type": "Feature", "geometry": {"type": "Polygon", "coordinates": [[[7.78137, 10.35751], [7.76597, 10.36188], [7.76517, 10.37219], [7.76296, 10.38269], [7.7571, 10.38664], [7.75766, 10.39642], [7.74878, 10.40293], [7.74206, 10.39878], [7.73271, 10.40006], [7.72856, 10.41013], [7.72594, 10.4113], [7.72536, 10.41183], [7.72124, 10.41169], [7.7192, 10.41162], [7.71684, 10.41304], [7.70089, 10.41181], [7.69639, 10.41002], [7.69546, 10.41192], [7.69508, 10.41328], [7.69323, 10.41799], [7.69279, 10.42247], [7.69276, 10.42265], [7.69128, 10.43184], [7.69994, 10.43958], [7.7079, 10.44004], [7.71388, 10.45094], [7.71466, 10.46347], [7.73088, 10.46901], [7.72965, 10.47752], [7.73196, 10.4827], [7.73976, 10.48828], [7.74203, 10.4884], [7.74353, 10.48746], [7.75465, 10.49214], [7.75631, 10.49466], [7.76756, 10.48924], [7.76854, 10.49066], [7.76992, 10.49199], [7.77817, 10.49984], [7.79413, 10.49502], [7.79894, 10.4899], [7.79899, 10.48799], [7.79874, 10.48293], [7.79774, 10.47989], [7.79628, 10.47686], [7.79667, 10.47556], [7.79698, 10.45232], [7.79989, 10.44587], [7.80129, 10.44385], [7.7957, 10.43639], [7.78743, 10.42757], [7.78943, 10.42137], [7.79068, 10.41462], [7.79514, 10.41255], [7.80291, 10.4076], [7.80719, 10.40233], [7.8009, 10.39453], [7.80151, 10.37569], [7.79615, 10.37091], [7.79005, 10.36884], [7.78283, 10.3585], [7.78137, 10.35751]]]}, "properties": {"name": "Rimau", "lga": "Kajuru", "state": "kd"}}, {"type": "Feature", "geometry": {"type": "Polygon", "coordinates": [[[8.3946, 9.51992], [8.39284, 9.52509], [8.39558, 9.54606], [8.39636, 9.5466], [8.40256, 9.55051], [8.41233, 9.55016], [8.41346, 9.54992], [8.44288, 9.5341], [8.44452, 9.53303], [8.45195, 9.53224], [8.45413, 9.53263], [8.47391, 9.55504], [8.48168, 9.56201], [8.4987, 9.57558], [8.50163, 9.57545], [8.51942, 9.57297], [8.52168, 9.57229], [8.53365, 9.57452], [8.55111, 9.58154], [8.55568, 9.58157], [8.55504, 9.58063], [8.55365, 9.56898], [8.5544, 9.56463], [8.55629, 9.55366], [8.56168, 9.54059], [8.56577, 9.52746], [8.56853, 9.51968], [8.54589, 9.51513], [8.539, 9.51391], [8.53119, 9.50794], [8.52662, 9.50286], [8.52619, 9.499], [8.52235, 9.49852], [8.50602, 9.50443], [8.49394, 9.49262], [8.49425, 9.4896], [8.49417, 9.48833], [8.49251, 9.48633], [8.48875, 9.48099], [8.48455, 9.47917], [8.4787, 9.47846], [8.47443, 9.47726], [8.47381, 9.47641], [8.47037, 9.47553], [8.46203, 9.47167], [8.46123, 9.47147], [8.46097, 9.47139], [8.45438, 9.47258], [8.45217, 9.47108], [8.45091, 9.46753], [8.44848, 9.46401], [8.44162, 9.45928], [8.43967, 9.44584], [8.42669, 9.45147], [8.42132, 9.452], [8.42766, 9.47249], [8.41526, 9.47808], [8.40972, 9.47458], [8.40177, 9.47556], [8.40024, 9.47647], [8.39694, 9.48244], [8.38892, 9.49025], [8.39936, 9.50482], [8.39994, 9.51113], [8.3946, 9.51992]]]}, "properties": {"name": "Atuku", "lga": "Jema'A", "state": "kd"}}, {"type": "Feature", "geometry": {"type": "MultiPolygon", "coordinates": [[[[7.81397, 10.97531], [7.83009, 10.97204], [7.83018, 10.97181], [7.83517, 10.96418], [7.8426, 10.96223], [7.84288, 10.96252], [7.84606, 10.96306], [7.8509, 10.96679], [7.85438, 10.96527], [7.86284, 10.95974], [7.86396, 10.95663], [7.86688, 10.95577], [7.87082, 10.9538], [7.87213, 10.95398], [7.88036, 10.95863], [7.89164, 10.96099], [7.89285, 10.95913], [7.89292, 10.95481], [7.89123, 10.95002], [7.88803, 10.94347], [7.88794, 10.94121], [7.88263, 10.93945], [7.87924, 10.93999], [7.87361, 10.9398], [7.8738, 10.93922], [7.87676, 10.92671], [7.87171, 10.92133], [7.87035, 10.91702], [7.86725, 10.91374], [7.8677, 10.91126], [7.87681, 10.8913], [7.87657, 10.89087], [7.87462, 10.88579], [7.87562, 10.87943], [7.87591, 10.87849], [7.88412, 10.86175], [7.88493, 10.85872], [7.86256, 10.85546], [7.8621, 10.8558], [7.85837, 10.8634], [7.85339, 10.86806], [7.85262, 10.86825], [7.83693, 10.87052], [7.83598, 10.87173], [7.83388, 10.87311], [7.8234, 10.88671], [7.81921, 10.88911], [7.81854, 10.89125], [7.79915, 10.90835], [7.79914, 10.90957], [7.79188, 10.9226], [7.79231, 10.92307], [7.79833, 10.92636], [7.80389, 10.9273], [7.80564, 10.9354], [7.80374, 10.94025], [7.80728, 10.94458], [7.8087, 10.94544], [7.81629, 10.9593], [7.81745, 10.96065], [7.81745, 10.96066], [7.81397, 10.97531]]], [[[7.99532, 11.01827], [7.98557, 11.01596], [7.97999, 11.01085], [7.97641, 11.0089], [7.97542, 11.0038], [7.97541, 10.99806], [7.96302, 10.98801], [7.96156, 10.98413], [7.9617, 10.98231], [7.96416, 10.97209], [7.97025, 10.96702], [7.96331, 10.96155], [7.95967, 10.95616], [7.95403, 10.94839], [7.95125, 10.94722], [7.94221, 10.94807], [7.93846, 10.94541], [7.93747, 10.94505], [7.93378, 10.94325], [7.92977, 10.94569], [7.92689, 10.94592], [7.92303, 10.94806], [7.92217, 10.9492], [7.92132, 10.95432], [7.9236, 10.96087], [7.92308, 10.97148], [7.9193, 10.98037], [7.9173, 10.98832], [7.91376, 10.99331], [7.91138, 11.00115], [7.90977, 11.00725], [7.91059, 11.00952], [7.91098, 11.01097], [7.91197, 11.01316], [7.91093, 11.01686], [7.90748, 11.01907], [7.90292, 11.02341], [7.90159, 11.02887], [7.89965, 11.03553], [7.90573, 11.04229], [7.90584, 11.04253], [7.90547, 11.04467], [7.91035, 11.05662], [7.91293, 11.05804], [7.91541, 11.0569], [7.92645, 11.05635], [7.93641, 11.05998], [7.93714, 11.06], [7.93796, 11.06028], [7.94567, 11.05545], [7.95495, 11.04669], [7.9565, 11.04511], [7.9618, 11.04603], [7.96321, 11.04406], [7.97721, 11.03216], [7.98977, 11.03461], [7.99365, 11.03182], [7.99333, 11.02981], [7.99532, 11.01827]]], [[[7.82018, 11.03535], [7.81535, 11.04555], [7.81311, 11.05189], [7.81498, 11.05687], [7.82997, 11.05996], [7.83254, 11.06444], [7.83234, 11.06484], [7.83479, 11.07806], [7.84061, 11.07914], [7.84501, 11.07587], [7.85143, 11.06743], [7.8565, 11.06949], [7.86535, 11.06359], [7.87188, 11.06559], [7.88162, 11.06642], [7.88248, 11.06623], [7.88673, 11.06285], [7.88778, 11.05996], [7.88804, 11.05916], [7.87667, 11.04878], [7.87524, 11.04771], [7.87519, 11.04539], [7.87517, 11.04444], [7.8663, 11.03543], [7.86622, 11.03344], [7.85766, 11.0242], [7.85752, 11.02332], [7.84952, 11.02176], [7.83507, 11.03459], [7.82496, 11.03697], [7.82018, 11.03535]]]]}, "properties": {"name": "Maigana", "lga": "Soba", "state": "kd"}}, {"type": "Feature", "geometry": {"type": "Polygon", "coordinates": [[[7.61869, 10.09497], [7.63731, 10.03846], [7.61991, 10.04468], [7.62732, 10.01674], [7.65364, 10.01706], [7.65556, 10.01707], [7.65825, 10.01483], [7.65913, 10.0138], [7.6497, 9.97991], [7.60198, 9.99498], [7.59127, 9.98246], [7.59057, 9.98021], [7.59793, 9.96971], [7.60722, 9.96007], [7.64721, 9.94501], [7.64765, 9.94125], [7.63767, 9.91219], [7.61451, 9.911], [7.60607, 9.8783], [7.6061, 9.87792], [7.60549, 9.87648], [7.61919, 9.85733], [7.62152, 9.85612], [7.62303, 9.8516], [7.6248, 9.84179], [7.62262, 9.83494], [7.61769, 9.82834], [7.61838, 9.82491], [7.61875, 9.82204], [7.61829, 9.80817], [7.61548, 9.80262], [7.61341, 9.79978], [7.60532, 9.80114], [7.59014, 9.81022], [7.58752, 9.80963], [7.57634, 9.79103], [7.57734, 9.78665], [7.57372, 9.77306], [7.56955, 9.77005], [7.56953, 9.76716], [7.56048, 9.73697], [7.5569, 9.73406], [7.54812, 9.73516], [7.53556, 9.72931], [7.52936, 9.72741], [7.5293, 9.72744], [7.52426, 9.73462], [7.50669, 9.73705], [7.50419, 9.74072], [7.50118, 9.75499], [7.50203, 9.75597], [7.49033, 9.77994], [7.4862, 9.78321], [7.47753, 9.79451], [7.47063, 9.79184], [7.46708, 9.78648], [7.45739, 9.76629], [7.44645, 9.76525], [7.4268, 9.76337], [7.42585, 9.75662], [7.42529, 9.75268], [7.42142, 9.7493], [7.4165, 9.73643], [7.40034, 9.72518], [7.36954, 9.716], [7.36212, 9.72387], [7.34691, 9.73493], [7.33486, 9.74517], [7.33287, 9.74592], [7.31613, 9.73824], [7.28418, 9.73954], [7.27636, 9.73755], [7.25469, 9.73662], [7.22271, 9.74095], [7.22224, 9.74142], [7.21471, 9.74895], [7.20474, 9.7583], [7.2105, 9.78007], [7.21491, 9.78255], [7.22084, 9.78588], [7.22396, 9.78764], [7.23153, 9.79101], [7.25172, 9.79437], [7.25677, 9.79016], [7.26013, 9.7868], [7.2677, 9.78344], [7.27359, 9.78344], [7.27864, 9.7868], [7.28537, 9.78932], [7.29125, 9.80026], [7.29175, 9.80351], [7.29294, 9.81119], [7.29209, 9.82381], [7.29108, 9.82886], [7.28873, 9.84063], [7.29294, 9.85157], [7.2949, 9.85305], [7.2965, 9.86985], [7.29546, 9.87176], [7.29546, 9.88774], [7.29378, 9.90793], [7.28922, 9.91964], [7.28789, 9.92307], [7.28714, 9.92607], [7.28537, 9.93316], [7.28547, 9.93518], [7.28577, 9.94115], [7.28621, 9.94998], [7.28452, 9.95755], [7.28314, 9.96055], [7.28108, 9.96499], [7.28032, 9.99961], [7.2778, 10.01643], [7.27324, 10.02351], [7.27023, 10.02821], [7.26465, 10.03219], [7.25845, 10.03662], [7.25407, 10.03923], [7.26313, 10.04415], [7.2734, 10.04663], [7.27846, 10.04541], [7.28341, 10.04053], [7.28732, 10.04053], [7.2885, 10.04054], [7.29513, 10.04913], [7.30049, 10.05772], [7.30948, 10.0602], [7.31709, 10.05899], [7.32222, 10.06023], [7.33496, 10.06026], [7.34403, 10.06518], [7.35186, 10.07133], [7.35866, 10.07974], [7.37193, 10.08227], [7.38423, 10.09287], [7.38718, 10.09902], [7.39962, 10.11063], [7.39968, 10.11096], [7.40331, 10.13092], [7.40849, 10.13938], [7.42979, 10.1596], [7.44511, 10.18408], [7.46795, 10.18667], [7.46926, 10.18725], [7.51055, 10.19468], [7.52299, 10.19047], [7.54315, 10.18221], [7.55601, 10.17241], [7.56225, 10.16178], [7.59834, 10.10021], [7.61668, 10.09481], [7.61869, 10.09497]]]}, "properties": {"name": "Dokwa", "lga": "Kachia", "state": "kd"}}, {"type": "Feature", "geometry": {"type": "Polygon", "coordinates": [[[8.44488, 9.69151], [8.43027, 9.69462], [8.42499, 9.69973], [8.42311, 9.70176], [8.40388, 9.70467], [8.4012, 9.70407], [8.39821, 9.70608], [8.39159, 9.70936], [8.38867, 9.71229], [8.38705, 9.71424], [8.38063, 9.72406], [8.38017, 9.72491], [8.37982, 9.72567], [8.37869, 9.72653], [8.37529, 9.73], [8.37181, 9.73225], [8.36648, 9.73259], [8.35938, 9.74666], [8.36227, 9.75096], [8.36515, 9.76615], [8.36441, 9.76714], [8.36318, 9.76792], [8.35098, 9.78081], [8.35624, 9.78438], [8.36283, 9.79485], [8.37565, 9.79286], [8.37697, 9.79379], [8.37714, 9.7938], [8.39755, 9.79029], [8.39502, 9.80112], [8.39919, 9.81671], [8.40593, 9.82292], [8.41134, 9.82377], [8.41317, 9.82737], [8.41831, 9.83376], [8.42211, 9.83171], [8.42329, 9.83029], [8.43925, 9.83197], [8.44372, 9.82585], [8.43542, 9.82384], [8.42553, 9.82355], [8.42394, 9.8193], [8.43032, 9.81507], [8.43385, 9.81068], [8.43498, 9.81029], [8.43668, 9.80989], [8.43808, 9.80662], [8.43809, 9.8024], [8.44321, 9.79797], [8.44404, 9.79006], [8.44915, 9.78882], [8.4495, 9.78814], [8.45699, 9.78169], [8.45878, 9.78081], [8.45963, 9.78083], [8.45993, 9.78094], [8.46628, 9.78605], [8.47312, 9.77682], [8.48465, 9.76406], [8.48428, 9.75457], [8.49757, 9.75008], [8.50108, 9.7409], [8.50074, 9.73029], [8.49967, 9.72942], [8.49242, 9.71675], [8.4864, 9.69181], [8.47915, 9.68929], [8.47791, 9.68886], [8.47167, 9.6924], [8.46145, 9.69364], [8.44882, 9.69336], [8.44492, 9.69153], [8.44488, 9.69151]]]}, "properties": {"name": "Unguwar Gaya", "lga": "Zangon Kataf", "state": "kd"}}, {"type": "Feature", "geometry": {"type": "Polygon", "coordinates": [[[8.04794, 11.19561], [8.0439, 11.19867], [8.03628, 11.20041], [8.03598, 11.20104], [8.0352, 11.20167], [8.03473, 11.20201], [8.03199, 11.2017], [8.02747, 11.20469], [8.02079, 11.20513], [8.01949, 11.2105], [8.01879, 11.21078], [8.0182, 11.21125], [8.01772, 11.21155], [8.01398, 11.21107], [8.01442, 11.21257], [8.01241, 11.21584], [8.00349, 11.2161], [8.00283, 11.21671], [8.00222, 11.21805], [8.002, 11.22261], [7.9966, 11.22519], [7.99649, 11.22753], [7.99646, 11.22928], [7.99502, 11.231], [7.99455, 11.23193], [7.99378, 11.23284], [7.99053, 11.23184], [7.9904, 11.23352], [7.98971, 11.23357], [7.98901, 11.23068], [7.98543, 11.22742], [7.98415, 11.22816], [7.98236, 11.22868], [7.98049, 11.22854], [7.97827, 11.22785], [7.97722, 11.22571], [7.97571, 11.22067], [7.97482, 11.22032], [7.9733, 11.2202], [7.97226, 11.22026], [7.9688, 11.2164], [7.96971, 11.2235], [7.97553, 11.23373], [7.98069, 11.24996], [7.98155, 11.25045], [7.982, 11.25068], [7.98208, 11.25219], [7.98136, 11.25513], [7.9812, 11.25655], [7.98265, 11.26093], [7.98595, 11.26068], [7.98656, 11.2635], [7.9872, 11.26308], [7.98779, 11.26282], [7.99055, 11.26255], [7.99077, 11.26332], [7.99134, 11.26445], [7.99211, 11.26588], [8.00369, 11.27402], [8.0019, 11.27561], [8.00115, 11.27872], [8.0033, 11.28305], [8.00359, 11.28715], [8.00973, 11.28772], [8.0106, 11.28823], [8.0154, 11.2916], [8.01799, 11.29272], [8.02208, 11.29211], [8.0248, 11.28667], [8.03003, 11.29044], [8.04081, 11.29109], [8.04691, 11.29121], [8.04877, 11.2884], [8.05369, 11.28556], [8.05614, 11.27877], [8.05605, 11.27081], [8.06164, 11.26099], [8.06975, 11.26165], [8.07839, 11.25668], [8.08212, 11.25732], [8.08292, 11.24423], [8.08096, 11.23367], [8.08211, 11.22555], [8.07792, 11.22557], [8.07858, 11.22725], [8.0776, 11.22747], [8.0743, 11.22799], [8.073, 11.22532], [8.07121, 11.22507], [8.07093, 11.22527], [8.06741, 11.22674], [8.06397, 11.2281], [8.05991, 11.2196], [8.06098, 11.2184], [8.05551, 11.21681], [8.05464, 11.20994], [8.04811, 11.20113], [8.0472, 11.19812], [8.04794, 11.19561]]]}, "properties": {"name": "Gubuchi", "lga": "Makarfi", "state": "kd"}}, {"type": "Feature", "geometry": {"type": "Polygon", "coordinates": [[[7.47097, 10.47145], [7.4702, 10.47439], [7.46966, 10.4768], [7.46921, 10.47909], [7.4633, 10.47739], [7.46233, 10.47595], [7.45952, 10.47601], [7.45335, 10.48084], [7.45121, 10.48415], [7.44804, 10.48479], [7.44775, 10.48732], [7.44708, 10.48748], [7.44556, 10.48936], [7.446, 10.48991], [7.44655, 10.49058], [7.44704, 10.4911], [7.44474, 10.49382], [7.4452, 10.49472], [7.44713, 10.4973], [7.44918, 10.49948], [7.45147, 10.50066], [7.45392, 10.50492], [7.45797, 10.50666], [7.46216, 10.5087], [7.46325, 10.51104], [7.4643, 10.51446], [7.46491, 10.51697], [7.46576, 10.51829], [7.46881, 10.52219], [7.47347, 10.53223], [7.47552, 10.54213], [7.48195, 10.54927], [7.49697, 10.54202], [7.51984, 10.54123], [7.51933, 10.5332], [7.51916, 10.52488], [7.50816, 10.51418], [7.50731, 10.51268], [7.5064, 10.51002], [7.50864, 10.50703], [7.51196, 10.50394], [7.51567, 10.50245], [7.52302, 10.49808], [7.52998, 10.49665], [7.53531, 10.49534], [7.54177, 10.49254], [7.54909, 10.48987], [7.5499, 10.48711], [7.55351, 10.48088], [7.55361, 10.47791], [7.55304, 10.47361], [7.55361, 10.46977], [7.55755, 10.46444], [7.56081, 10.46269], [7.56335, 10.46211], [7.5682, 10.46038], [7.56839, 10.45435], [7.58034, 10.44295], [7.57981, 10.43665], [7.57871, 10.43345], [7.57718, 10.42902], [7.57667, 10.42683], [7.5741, 10.42408], [7.57085, 10.42161], [7.56811, 10.41864], [7.568, 10.40562], [7.56646, 10.40327], [7.55874, 10.39958], [7.55128, 10.39807], [7.54216, 10.40077], [7.53898, 10.4001], [7.53271, 10.39589], [7.52897, 10.39639], [7.52583, 10.39249], [7.50604, 10.3946], [7.50432, 10.3929], [7.50182, 10.39115], [7.50087, 10.38945], [7.5004, 10.38758], [7.50117, 10.38606], [7.50123, 10.38414], [7.50212, 10.38209], [7.50343, 10.37975], [7.50549, 10.37859], [7.50854, 10.3713], [7.49665, 10.37128], [7.49196, 10.3711], [7.47061, 10.37452], [7.47, 10.40348], [7.47243, 10.40405], [7.48148, 10.41165], [7.48994, 10.42163], [7.49456, 10.44176], [7.4888, 10.45242], [7.48816, 10.45229], [7.48759, 10.4521], [7.48358, 10.45326], [7.47709, 10.45932], [7.4793, 10.46102], [7.47228, 10.4664], [7.47205, 10.46693], [7.47097, 10.47145]]]}, "properties": {"name": "Rido", "lga": "Chikun", "state": "kd"}}, {"type": "Feature", "geometry": {"type": "Polygon", "coordinates": [[[8.24529, 10.8268], [8.2281, 10.8033], [8.22175, 10.8142], [8.21974, 10.81511], [8.21085, 10.81362], [8.20804, 10.81355], [8.20536, 10.82004], [8.20475, 10.8202], [8.1907, 10.82609], [8.18583, 10.82562], [8.17854, 10.81737], [8.16328, 10.82149], [8.15972, 10.82433], [8.15864, 10.83602], [8.15813, 10.84158], [8.15958, 10.84895], [8.16472, 10.85292], [8.16468, 10.85335], [8.16915, 10.86577], [8.174, 10.87592], [8.18054, 10.88476], [8.18144, 10.88748], [8.18209, 10.89196], [8.18317, 10.896], [8.20719, 10.90177], [8.22347, 10.90818], [8.23193, 10.91359], [8.24211, 10.93047], [8.24558, 10.93351], [8.25027, 10.93663], [8.2604, 10.91505], [8.26228, 10.91104], [8.26468, 10.90847], [8.26194, 10.90156], [8.25934, 10.89892], [8.25359, 10.88081], [8.25387, 10.87941], [8.25354, 10.87613], [8.26506, 10.86013], [8.2636, 10.85611], [8.2641, 10.85155], [8.24305, 10.83459], [8.24302, 10.83405], [8.24529, 10.8268]]]}, "properties": {"name": "Dutsen Wai", "lga": "Kubau", "state": "kd"}}, {"type": "Feature", "geometry": {"type": "Polygon", "coordinates": [[[8.24611, 9.84577], [8.23451, 9.87272], [8.23606, 9.88233], [8.21627, 9.89706], [8.2196, 9.92345], [8.21635, 9.93116], [8.21839, 9.94228], [8.22698, 9.955], [8.26108, 9.94649], [8.28667, 9.97291], [8.28836, 9.97269], [8.30915, 10.00272], [8.32576, 10.0009], [8.33222, 10.00333], [8.34536, 9.99472], [8.35219, 9.99753], [8.36226, 9.99428], [8.36678, 9.9885], [8.37154, 9.98542], [8.37146, 9.97825], [8.38052, 9.96082], [8.38136, 9.95607], [8.38072, 9.9546], [8.36948, 9.95666], [8.34909, 9.95447], [8.34385, 9.94619], [8.34398, 9.92265], [8.37153, 9.92522], [8.37567, 9.91996], [8.38309, 9.91365], [8.38411, 9.908], [8.39188, 9.89483], [8.39176, 9.89415], [8.39074, 9.8899], [8.39427, 9.87798], [8.39429, 9.87744], [8.38701, 9.87402], [8.38578, 9.87308], [8.38361, 9.87103], [8.37603, 9.86822], [8.37647, 9.86177], [8.37581, 9.86008], [8.37573, 9.85978], [8.37147, 9.85377], [8.37145, 9.85376], [8.36209, 9.84918], [8.3602, 9.85045], [8.35611, 9.85452], [8.34617, 9.853], [8.34401, 9.85083], [8.34361, 9.85016], [8.34346, 9.84906], [8.34237, 9.83288], [8.32676, 9.82297], [8.32299, 9.82226], [8.32092, 9.82278], [8.3183, 9.82649], [8.31182, 9.82857], [8.30549, 9.83336], [8.27955, 9.83406], [8.27547, 9.82811], [8.27524, 9.82765], [8.24611, 9.84577]]]}, "properties": {"name": "Gora", "lga": "Zangon Kataf", "state": "kd"}}, {"type": "Feature", "geometry": {"type": "Polygon", "coordinates": [[[7.89435, 11.35531], [7.89125, 11.35235], [7.88985, 11.3534], [7.87962, 11.33544], [7.87483, 11.33538], [7.87493, 11.33532], [7.87814, 11.33342], [7.87742, 11.33279], [7.87429, 11.33072], [7.86711, 11.33276], [7.86662, 11.33463], [7.86573, 11.33558], [7.86508, 11.33707], [7.86606, 11.34945], [7.87302, 11.35549], [7.87369, 11.35589], [7.87454, 11.35581], [7.87504, 11.35566], [7.87815, 11.36342], [7.87806, 11.37052], [7.87763, 11.37107], [7.87664, 11.37252], [7.88469, 11.37768], [7.88549, 11.3729], [7.89176, 11.37171], [7.88652, 11.36648], [7.88864, 11.36072], [7.88945, 11.35963], [7.89435, 11.35531]]]}, "properties": {"name": "Makarfi", "lga": "Makarfi", "state": "kd"}}, {"type": "Feature", "geometry": {"type": "Polygon", "coordinates": [[[7.42179, 10.49892], [7.41852, 10.50219], [7.4196, 10.51089], [7.43064, 10.51255], [7.43074, 10.51158], [7.43071, 10.51097], [7.43039, 10.51011], [7.42518, 10.50137], [7.42442, 10.50052], [7.42346, 10.49993], [7.42179, 10.49892]]]}, "properties": {"name": "Sardauna", "lga": "Kaduna North", "state": "kd"}}, {"type": "Feature", "geometry": {"type": "Polygon", "coordinates": [[[8.31985, 10.29689], [8.32799, 10.24604], [8.32731, 10.24504], [8.32504, 10.24289], [8.32363, 10.24004], [8.33032, 10.2108], [8.33342, 10.20835], [8.34692, 10.20068], [8.34724, 10.20062], [8.3625, 10.20008], [8.36938, 10.19579], [8.36964, 10.19566], [8.3762, 10.19354], [8.38271, 10.19689], [8.38521, 10.19878], [8.39224, 10.19857], [8.39966, 10.18631], [8.39532, 10.17657], [8.39321, 10.17594], [8.38255, 10.17161], [8.37695, 10.16903], [8.37123, 10.17441], [8.36072, 10.1747], [8.35576, 10.1702], [8.35498, 10.16986], [8.34995, 10.17751], [8.34506, 10.17697], [8.34509, 10.1768], [8.34777, 10.17395], [8.3421, 10.16773], [8.34177, 10.16295], [8.34092, 10.1627], [8.3343, 10.16009], [8.33345, 10.15559], [8.33514, 10.14324], [8.33714, 10.14151], [8.34664, 10.12404], [8.34643, 10.11604], [8.3464, 10.11516], [8.35252, 10.09622], [8.35699, 10.09289], [8.36565, 10.06543], [8.37032, 10.06001], [8.36982, 10.04298], [8.36975, 10.04291], [8.3582, 10.02908], [8.3444, 10.02176], [8.33491, 10.01673], [8.31987, 10.02882], [8.30427, 10.02525], [8.30334, 10.02586], [8.28448, 10.0263], [8.2721, 10.02227], [8.26682, 10.02859], [8.26595, 10.03137], [8.27163, 10.05475], [8.27097, 10.05549], [8.24626, 10.06302], [8.24591, 10.07181], [8.2384, 10.07809], [8.23843, 10.09029], [8.22111, 10.10404], [8.23399, 10.11452], [8.24006, 10.11946], [8.23399, 10.12419], [8.2265, 10.1297], [8.20296, 10.147], [8.2032, 10.15042], [8.20345, 10.15405], [8.2028, 10.15635], [8.20623, 10.16783], [8.18404, 10.18449], [8.16939, 10.18996], [8.17184, 10.1999], [8.19336, 10.2135], [8.1936, 10.21556], [8.19388, 10.21852], [8.17571, 10.22589], [8.16428, 10.23053], [8.16146, 10.2439], [8.14561, 10.24943], [8.14456, 10.25027], [8.15041, 10.26869], [8.14697, 10.27642], [8.14446, 10.28204], [8.14957, 10.29151], [8.15458, 10.2938], [8.16135, 10.28825], [8.17033, 10.27586], [8.17905, 10.27406], [8.18038, 10.27848], [8.18926, 10.28913], [8.21809, 10.27848], [8.22919, 10.29459], [8.22889, 10.29623], [8.23081, 10.29983], [8.23878, 10.30677], [8.26233, 10.30827], [8.26302, 10.30747], [8.26399, 10.30666], [8.2685, 10.3022], [8.27743, 10.29886], [8.27812, 10.29815], [8.28561, 10.29789], [8.28774, 10.299], [8.2929, 10.30017], [8.31985, 10.29689]]]}, "properties": {"name": "Bital", "lga": "Kauru", "state": "kd"}}, {"type": "Feature", "geometry": {"type": "Polygon", "coordinates": [[[7.65809, 10.39907], [7.65943, 10.39245], [7.65436, 10.3866], [7.65063, 10.37186], [7.65029, 10.36044], [7.65894, 10.35913], [7.66503, 10.35605], [7.67016, 10.35334], [7.67368, 10.35128], [7.67377, 10.3496], [7.66978, 10.34642], [7.6631, 10.34299], [7.65556, 10.33954], [7.65606, 10.3322], [7.65264, 10.325], [7.64922, 10.32243], [7.64488, 10.32052], [7.6366, 10.31522], [7.62707, 10.3243], [7.62412, 10.32804], [7.62412, 10.32824], [7.61965, 10.33112], [7.6067, 10.32969], [7.60575, 10.33109], [7.60768, 10.33262], [7.60969, 10.33338], [7.61248, 10.33659], [7.6136, 10.33787], [7.61449, 10.3388], [7.615, 10.34451], [7.61188, 10.34676], [7.60661, 10.34656], [7.60468, 10.35852], [7.60168, 10.37747], [7.59435, 10.38757], [7.59646, 10.3947], [7.6058, 10.39635], [7.61624, 10.39519], [7.62491, 10.38918], [7.63284, 10.38955], [7.64199, 10.39339], [7.65011, 10.39984], [7.65809, 10.39907]]]}, "properties": {"name": "Buda", "lga": "Kajuru", "state": "kd"}}, {"type": "Feature", "geometry": {"type": "Polygon", "coordinates": [[[7.77621, 10.92465], [7.77311, 10.92394], [7.76232, 10.92064], [7.75944, 10.91942], [7.75856, 10.91644], [7.75393, 10.91038], [7.75389, 10.91021], [7.74926, 10.90693], [7.74633, 10.90216], [7.75029, 10.89256], [7.75029, 10.89046], [7.73043, 10.87986], [7.72332, 10.87992], [7.71967, 10.88086], [7.71776, 10.88287], [7.71793, 10.8809], [7.71741, 10.88072], [7.71686, 10.88056], [7.70439, 10.88101], [7.69763, 10.87906], [7.69042, 10.88158], [7.68812, 10.88642], [7.68153, 10.88674], [7.67725, 10.88627], [7.65909, 10.89878], [7.65371, 10.89929], [7.64658, 10.9004], [7.64064, 10.90227], [7.63684, 10.90337], [7.63025, 10.90714], [7.62653, 10.90909], [7.62359, 10.91247], [7.62144, 10.91521], [7.6215, 10.92058], [7.62064, 10.92275], [7.61473, 10.93035], [7.61564, 10.93575], [7.61736, 10.94004], [7.62002, 10.94732], [7.63412, 10.97056], [7.63777, 10.9694], [7.64232, 10.96868], [7.64596, 10.97071], [7.65281, 10.97337], [7.65787, 10.98107], [7.66065, 10.98457], [7.66101, 10.9901], [7.66443, 10.99353], [7.6684, 10.99986], [7.67155, 10.99823], [7.68632, 10.99255], [7.69117, 10.98772], [7.69602, 10.98779], [7.70094, 10.99066], [7.70211, 10.98917], [7.7048, 10.98578], [7.70805, 10.98582], [7.71052, 10.98693], [7.7132, 10.98492], [7.71708, 10.97929], [7.72526, 10.97336], [7.72602, 10.96757], [7.72694, 10.9664], [7.72749, 10.96476], [7.73014, 10.96196], [7.73644, 10.96193], [7.73981, 10.96265], [7.74231, 10.96448], [7.7475, 10.96906], [7.75404, 10.96845], [7.75993, 10.97032], [7.76012, 10.97018], [7.7672, 10.96782], [7.76773, 10.96694], [7.77015, 10.96297], [7.76926, 10.95697], [7.76488, 10.94352], [7.76493, 10.94342], [7.76547, 10.94319], [7.77353, 10.93566], [7.77546, 10.9323], [7.77621, 10.9296], [7.77621, 10.92465]]]}, "properties": {"name": "Zangon Aya", "lga": "Igabi", "state": "kd"}}, {"type": "Feature", "geometry": {"type": "Polygon", "coordinates": [[[7.89435, 11.35531], [7.88945, 11.35963], [7.88864, 11.36072], [7.88652, 11.36648], [7.89176, 11.37171], [7.88549, 11.3729], [7.88527, 11.37393], [7.88492, 11.37651], [7.88482, 11.37712], [7.88823, 11.37825], [7.88744, 11.38127], [7.893, 11.38588], [7.89847, 11.39277], [7.92001, 11.40736], [7.92117, 11.4108], [7.9233, 11.41096], [7.92354, 11.41214], [7.92367, 11.41267], [7.92397, 11.41327], [7.92218, 11.41357], [7.92197, 11.41658], [7.92056, 11.41598], [7.92019, 11.41589], [7.91861, 11.4216], [7.91611, 11.42067], [7.91604, 11.4291], [7.91398, 11.43412], [7.91684, 11.43535], [7.91819, 11.43825], [7.9177, 11.44011], [7.92049, 11.44091], [7.92499, 11.44551], [7.92722, 11.44614], [7.92749, 11.44756], [7.9294, 11.44856], [7.93015, 11.44844], [7.93083, 11.44917], [7.93139, 11.45326], [7.93655, 11.45543], [7.93832, 11.45813], [7.94188, 11.45969], [7.9425, 11.46319], [7.94503, 11.46313], [7.9448, 11.4644], [7.94485, 11.46433], [7.94874, 11.46618], [7.95405, 11.46618], [7.95598, 11.46716], [7.95649, 11.46741], [7.95461, 11.45702], [7.95484, 11.4559], [7.95644, 11.45101], [7.95756, 11.4483], [7.95895, 11.44657], [7.96101, 11.44536], [7.96537, 11.44385], [7.96591, 11.44303], [7.96602, 11.44209], [7.96643, 11.4387], [7.97067, 11.43119], [7.97051, 11.42933], [7.97062, 11.42858], [7.97066, 11.42767], [7.96899, 11.4278], [7.96761, 11.42734], [7.96581, 11.42676], [7.96472, 11.42024], [7.96884, 11.41369], [7.97201, 11.41681], [7.97529, 11.41764], [7.97837, 11.41007], [7.9784, 11.40851], [7.97548, 11.40855], [7.97557, 11.4068], [7.97561, 11.40182], [7.97565, 11.4014], [7.97032, 11.4033], [7.96895, 11.39771], [7.96665, 11.39641], [7.96754, 11.39342], [7.96821, 11.3929], [7.9698, 11.39347], [7.96987, 11.39317], [7.96959, 11.39213], [7.96699, 11.38828], [7.96517, 11.38833], [7.96358, 11.38801], [7.96348, 11.38662], [7.96356, 11.38523], [7.96944, 11.38176], [7.96872, 11.38034], [7.96776, 11.37857], [7.9621, 11.37896], [7.96211, 11.37831], [7.96086, 11.37712], [7.96046, 11.37614], [7.96517, 11.37173], [7.96788, 11.37154], [7.96762, 11.36976], [7.96762, 11.36956], [7.95664, 11.37049], [7.94608, 11.36778], [7.94129, 11.36496], [7.93646, 11.36216], [7.9319, 11.35959], [7.91533, 11.34734], [7.91465, 11.34806], [7.91368, 11.34754], [7.91352, 11.34769], [7.91136, 11.35153], [7.90321, 11.34776], [7.89435, 11.35531]]]}, "properties": {"name": "Gazara", "lga": "Makarfi", "state": "kd"}}, {"type": "Feature", "geometry": {"type": "Polygon", "coordinates": [[[8.67145, 9.25127], [8.65781, 9.20769], [8.65635, 9.19708], [8.65477, 9.18727], [8.6498, 9.17312], [8.64715, 9.16761], [8.64114, 9.15783], [8.6357, 9.14678], [8.63031, 9.13697], [8.62424, 9.12301], [8.62072, 9.11488], [8.59363, 9.09057], [8.58931, 9.09809], [8.5862, 9.11488], [8.58628, 9.11492], [8.58732, 9.1155], [8.59171, 9.13073], [8.58532, 9.13496], [8.58179, 9.14856], [8.58691, 9.15089], [8.59137, 9.17429], [8.58674, 9.18], [8.58424, 9.18509], [8.58053, 9.19094], [8.57851, 9.19224], [8.57429, 9.19555], [8.5689, 9.19514], [8.56442, 9.19431], [8.55883, 9.19311], [8.54088, 9.22159], [8.53863, 9.24634], [8.53858, 9.24641], [8.56004, 9.26361], [8.56481, 9.28226], [8.56263, 9.29515], [8.57204, 9.30946], [8.58327, 9.3145], [8.59304, 9.30221], [8.59615, 9.29929], [8.5981, 9.29675], [8.59915, 9.29662], [8.6099, 9.29696], [8.61199, 9.29788], [8.61267, 9.29814], [8.61687, 9.30221], [8.61819, 9.30268], [8.62553, 9.30625], [8.62931, 9.3261], [8.64589, 9.32421], [8.68749, 9.29865], [8.68483, 9.28544], [8.6844, 9.28328], [8.67898, 9.27532], [8.67145, 9.25127]]]}, "properties": {"name": "Ayu", "lga": "Sanga", "state": "kd"}}, {"type": "Feature", "geometry": {"type": "Polygon", "coordinates": [[[8.58431, 9.49324], [8.58821, 9.4893], [8.59553, 9.48593], [8.60142, 9.48339], [8.60266, 9.48255], [8.60224, 9.47655], [8.60242, 9.47269], [8.60512, 9.46674], [8.60757, 9.464], [8.60812, 9.46135], [8.60841, 9.45991], [8.6089, 9.45754], [8.60959, 9.45601], [8.61319, 9.44808], [8.61766, 9.43476], [8.61967, 9.43292], [8.6237, 9.42924], [8.62693, 9.42343], [8.6279, 9.4217], [8.63183, 9.41995], [8.63612, 9.41048], [8.63668, 9.40948], [8.63823, 9.40672], [8.64234, 9.40111], [8.64811, 9.39582], [8.64837, 9.39558], [8.65467, 9.3943], [8.65615, 9.394], [8.66252, 9.3934], [8.66489, 9.39318], [8.66953, 9.39652], [8.67941, 9.39117], [8.68334, 9.38941], [8.68728, 9.38766], [8.6913, 9.38398], [8.6923, 9.38261], [8.69541, 9.37837], [8.69561, 9.37408], [8.69586, 9.36873], [8.69246, 9.35893], [8.69072, 9.35502], [8.69071, 9.35499], [8.68941, 9.34142], [8.69143, 9.33958], [8.69397, 9.32618], [8.69415, 9.32233], [8.69809, 9.32057], [8.69267, 9.31261], [8.68927, 9.3028], [8.68753, 9.29887], [8.68749, 9.29865], [8.64589, 9.32421], [8.65206, 9.3517], [8.64581, 9.35633], [8.64467, 9.36176], [8.63956, 9.36631], [8.63002, 9.36742], [8.62323, 9.3701], [8.61535, 9.36842], [8.60878, 9.37409], [8.60853, 9.37447], [8.60659, 9.38243], [8.59669, 9.38349], [8.58688, 9.39237], [8.58647, 9.39295], [8.58948, 9.40448], [8.59129, 9.40526], [8.59929, 9.41241], [8.59569, 9.42644], [8.59319, 9.43463], [8.57761, 9.41848], [8.57611, 9.41876], [8.57051, 9.4179], [8.56791, 9.42493], [8.56402, 9.42678], [8.56296, 9.42788], [8.55892, 9.42998], [8.55517, 9.43073], [8.5489, 9.43838], [8.55194, 9.44456], [8.55593, 9.44631], [8.55904, 9.4479], [8.56059, 9.44982], [8.56234, 9.46245], [8.55467, 9.46968], [8.56207, 9.47753], [8.56448, 9.48051], [8.56884, 9.47956], [8.5746, 9.48238], [8.57719, 9.48673], [8.58431, 9.49324]]]}, "properties": {"name": "Aboro", "lga": "Sanga", "state": "kd"}}, {"type": "Feature", "geometry": {"type": "Polygon", "coordinates": [[[8.00088, 9.63313], [7.97153, 9.61368], [7.97073, 9.61466], [7.966, 9.61718], [7.95786, 9.63351], [7.94785, 9.63493], [7.94076, 9.64222], [7.92945, 9.64272], [7.92061, 9.63723], [7.90501, 9.65826], [7.90615, 9.66275], [7.90042, 9.67427], [7.87868, 9.67351], [7.86559, 9.67766], [7.86728, 9.69341], [7.87154, 9.69901], [7.8972, 9.69882], [7.89754, 9.70063], [7.90479, 9.71596], [7.90521, 9.71669], [7.92004, 9.72054], [7.92383, 9.72702], [7.92751, 9.73153], [7.93046, 9.73973], [7.93156, 9.74072], [7.94988, 9.72223], [7.95877, 9.72378], [7.96646, 9.72068], [7.9706, 9.71856], [7.97067, 9.71786], [7.97126, 9.71464], [7.97105, 9.71127], [7.98356, 9.69463], [7.98931, 9.69207], [7.99424, 9.69575], [7.99989, 9.69705], [8.00416, 9.69617], [8.0127, 9.68901], [8.01836, 9.68753], [8.0216, 9.68756], [8.02225, 9.68815], [8.02851, 9.69008], [8.03572, 9.68897], [8.04344, 9.68066], [8.04545, 9.67992], [8.044, 9.66871], [8.03095, 9.6669], [8.02825, 9.67121], [8.02524, 9.67264], [8.01262, 9.6614], [8.01148, 9.65673], [8.0095, 9.65466], [8.00908, 9.65441], [8.001, 9.64351], [8.00106, 9.63774], [8.00108, 9.63767], [8.00088, 9.63313]]]}, "properties": {"name": "Kwaturu", "lga": "Kachia", "state": "kd"}}, {"type": "Feature", "geometry": {"type": "Polygon", "coordinates": [[[8.11005, 9.70671], [8.10127, 9.70549], [8.09503, 9.71034], [8.09425, 9.71101], [8.09126, 9.71379], [8.08934, 9.71841], [8.08032, 9.72514], [8.07082, 9.73268], [8.07078, 9.73937], [8.07864, 9.75748], [8.07715, 9.76085], [8.0677, 9.7716], [8.02692, 9.78009], [8.02337, 9.78357], [8.02184, 9.79964], [8.02283, 9.80162], [8.04228, 9.81639], [8.04244, 9.81768], [8.05042, 9.82746], [8.05555, 9.83071], [8.05557, 9.8309], [8.05724, 9.84218], [8.06856, 9.84858], [8.07108, 9.84856], [8.087, 9.8611], [8.08991, 9.88645], [8.09643, 9.88701], [8.10043, 9.88559], [8.11119, 9.86967], [8.11549, 9.86007], [8.13152, 9.85034], [8.13394, 9.85116], [8.14338, 9.87034], [8.15616, 9.87099], [8.15726, 9.87118], [8.16358, 9.86894], [8.16401, 9.86779], [8.16576, 9.85207], [8.16511, 9.85036], [8.17905, 9.83979], [8.18217, 9.83964], [8.17785, 9.82384], [8.17871, 9.82222], [8.18027, 9.82073], [8.181, 9.81978], [8.17963, 9.81508], [8.17961, 9.81273], [8.18718, 9.8039], [8.17829, 9.79567], [8.1785, 9.79367], [8.18009, 9.78574], [8.18309, 9.77388], [8.18486, 9.77103], [8.17632, 9.76217], [8.16886, 9.74898], [8.1685, 9.73891], [8.17676, 9.72914], [8.18232, 9.72545], [8.17997, 9.71611], [8.17585, 9.71334], [8.16616, 9.7082], [8.16876, 9.70327], [8.16926, 9.70081], [8.16942, 9.69793], [8.1689, 9.6975], [8.16846, 9.69644], [8.16608, 9.69291], [8.15943, 9.69203], [8.16329, 9.68814], [8.16403, 9.68705], [8.17009, 9.68468], [8.17136, 9.68231], [8.17047, 9.67916], [8.17043, 9.67782], [8.17057, 9.67487], [8.17129, 9.67276], [8.16677, 9.66777], [8.16663, 9.66692], [8.1658, 9.66355], [8.16068, 9.65993], [8.15796, 9.65902], [8.15718, 9.66478], [8.15057, 9.6649], [8.1446, 9.67443], [8.147, 9.67645], [8.14864, 9.67966], [8.14863, 9.68016], [8.15119, 9.68731], [8.14131, 9.6966], [8.13613, 9.6986], [8.13289, 9.71399], [8.1155, 9.71101], [8.11005, 9.70671]]]}, "properties": {"name": "Kamantan", "lga": "Zangon Kataf", "state": "kd"}}, {"type": "Feature", "geometry": {"type": "Polygon", "coordinates": [[[7.70134, 11.27653], [7.70117, 11.27697], [7.70072, 11.27812], [7.70049, 11.27907], [7.69568, 11.27725], [7.69365, 11.27642], [7.69213, 11.27864], [7.69251, 11.27894], [7.69273, 11.27937], [7.69325, 11.2797], [7.69043, 11.27998], [7.68902, 11.28194], [7.68782, 11.2875], [7.68533, 11.28642], [7.68507, 11.28694], [7.68416, 11.28847], [7.67875, 11.28703], [7.67751, 11.29117], [7.6783, 11.29429], [7.67668, 11.30165], [7.67709, 11.30635], [7.68448, 11.30626], [7.68349, 11.30966], [7.68981, 11.30885], [7.70618, 11.31004], [7.70657, 11.31809], [7.70709, 11.31807], [7.70733, 11.3182], [7.70766, 11.31828], [7.70838, 11.3158], [7.71401, 11.31837], [7.71567, 11.31796], [7.71871, 11.32134], [7.71713, 11.32247], [7.72118, 11.32499], [7.72743, 11.3131], [7.72752, 11.30703], [7.72657, 11.30633], [7.72574, 11.30574], [7.72556, 11.30564], [7.72618, 11.30217], [7.7296, 11.3032], [7.73064, 11.30021], [7.73198, 11.30025], [7.73443, 11.29004], [7.7462, 11.29274], [7.74741, 11.29687], [7.75084, 11.29687], [7.75247, 11.30106], [7.75547, 11.30369], [7.75578, 11.30288], [7.75626, 11.30178], [7.75682, 11.3007], [7.76117, 11.29764], [7.76763, 11.29643], [7.77421, 11.28483], [7.7651, 11.27803], [7.76688, 11.27606], [7.77, 11.27518], [7.76849, 11.27043], [7.76456, 11.27062], [7.76106, 11.26539], [7.76125, 11.26369], [7.75936, 11.26329], [7.75805, 11.26054], [7.75449, 11.26044], [7.75363, 11.26198], [7.75293, 11.2605], [7.7521, 11.26138], [7.75192, 11.25955], [7.75068, 11.26034], [7.74781, 11.25858], [7.74628, 11.25512], [7.74451, 11.25574], [7.74552, 11.25305], [7.74508, 11.25241], [7.74446, 11.25185], [7.74185, 11.25857], [7.72982, 11.25094], [7.72609, 11.25067], [7.72395, 11.25438], [7.72405, 11.25488], [7.72438, 11.25601], [7.72059, 11.25737], [7.72348, 11.2669], [7.72246, 11.27062], [7.71211, 11.27475], [7.70414, 11.26836], [7.70134, 11.27653]]]}, "properties": {"name": "Zabi", "lga": "Kudan", "state": "kd"}}, {"type": "Feature", "geometry": {"type": "Polygon", "coordinates": [[[8.3118, 9.61237], [8.31298, 9.61342], [8.31485, 9.61686], [8.31754, 9.62838], [8.32824, 9.62257], [8.33642, 9.62397], [8.3385, 9.62524], [8.34631, 9.62327], [8.35017, 9.62375], [8.35998, 9.62244], [8.36461, 9.62146], [8.37086, 9.61711], [8.37359, 9.61506], [8.3829, 9.61061], [8.37773, 9.60819], [8.38962, 9.6048], [8.40167, 9.59611], [8.40067, 9.59455], [8.39666, 9.58754], [8.38758, 9.59831], [8.38338, 9.59826], [8.38311, 9.59813], [8.38292, 9.59793], [8.38025, 9.5967], [8.37796, 9.59711], [8.37736, 9.59761], [8.37591, 9.59643], [8.37267, 9.59576], [8.3718, 9.59587], [8.36906, 9.59263], [8.36692, 9.59238], [8.36598, 9.5935], [8.36507, 9.59398], [8.35916, 9.59034], [8.35792, 9.58911], [8.33959, 9.59667], [8.33576, 9.59989], [8.33387, 9.6037], [8.3339, 9.60475], [8.33397, 9.60521], [8.32567, 9.60504], [8.3243, 9.60248], [8.32136, 9.60205], [8.3214, 9.60369], [8.32145, 9.60546], [8.32143, 9.60663], [8.31925, 9.60647], [8.31918, 9.60676], [8.31881, 9.60817], [8.31871, 9.60938], [8.312, 9.61196], [8.3118, 9.61237]]]}, "properties": {"name": "Kukum", "lga": "Kaura", "state": "kd"}}, {"type": "Feature", "geometry": {"type": "Polygon", "coordinates": [[[8.15792, 11.1155], [8.15715, 11.11212], [8.1574, 11.1094], [8.15858, 11.10509], [8.15673, 11.1014], [8.15004, 11.08806], [8.14922, 11.08751], [8.14386, 11.0798], [8.13424, 11.07842], [8.1245, 11.0783], [8.12216, 11.07219], [8.10621, 11.06441], [8.10544, 11.06279], [8.11251, 11.0491], [8.11262, 11.04733], [8.11007, 11.03283], [8.10493, 11.0323], [8.09401, 11.05214], [8.08895, 11.05135], [8.08577, 11.05165], [8.08345, 11.05249], [8.0736, 11.05207], [8.06915, 11.04838], [8.0685, 11.04801], [8.06487, 11.04608], [8.05773, 11.04791], [8.05639, 11.04799], [8.04839, 11.04471], [8.04755, 11.04441], [8.04601, 11.04433], [8.03462, 11.03653], [8.03377, 11.03545], [8.03002, 11.03282], [8.02443, 11.03457], [8.01764, 11.04991], [8.01894, 11.05823], [8.02214, 11.06009], [8.02215, 11.0601], [8.02633, 11.06115], [8.03034, 11.06854], [8.02711, 11.07396], [8.02881, 11.0803], [8.01453, 11.08152], [8.01238, 11.08307], [8.01497, 11.09133], [8.02235, 11.09809], [8.02286, 11.10977], [8.03165, 11.11028], [8.0393, 11.11558], [8.04343, 11.11999], [8.05512, 11.10992], [8.0634, 11.10406], [8.06701, 11.12627], [8.07001, 11.13149], [8.06994, 11.13483], [8.06988, 11.13802], [8.0666, 11.1457], [8.08921, 11.15845], [8.08962, 11.16302], [8.08984, 11.17256], [8.09172, 11.17379], [8.11418, 11.16287], [8.11629, 11.15602], [8.11858, 11.14966], [8.12044, 11.14849], [8.13336, 11.14817], [8.13771, 11.13513], [8.13937, 11.13291], [8.15077, 11.11978], [8.15746, 11.11578], [8.15792, 11.1155]]]}, "properties": {"name": "Turawa", "lga": "Soba", "state": "kd"}}, {"type": "Feature", "geometry": {"type": "Polygon", "coordinates": [[[8.51438, 9.65299], [8.51181, 9.65198], [8.50822, 9.64993], [8.50509, 9.65144], [8.499, 9.65202], [8.49694, 9.65192], [8.49638, 9.65036], [8.48559, 9.64725], [8.48544, 9.64592], [8.4844, 9.64427], [8.48502, 9.64277], [8.48564, 9.63875], [8.48514, 9.63771], [8.47976, 9.63662], [8.4746, 9.63461], [8.47442, 9.64049], [8.47659, 9.65037], [8.47211, 9.65277], [8.46881, 9.65297], [8.46407, 9.6523], [8.45719, 9.6475], [8.45567, 9.6493], [8.46043, 9.65438], [8.45841, 9.65451], [8.45455, 9.65339], [8.44881, 9.65814], [8.44908, 9.65848], [8.44971, 9.65901], [8.45043, 9.66388], [8.44942, 9.66448], [8.44209, 9.6737], [8.44404, 9.67981], [8.4446, 9.68763], [8.44488, 9.69151], [8.44492, 9.69153], [8.44882, 9.69336], [8.46145, 9.69364], [8.47167, 9.6924], [8.47349, 9.69159], [8.47586, 9.68991], [8.47708, 9.68928], [8.47791, 9.68886], [8.47812, 9.68803], [8.48173, 9.67727], [8.49311, 9.67301], [8.49662, 9.66811], [8.51225, 9.66813], [8.51223, 9.66663], [8.51236, 9.66358], [8.5126, 9.66297], [8.51351, 9.66278], [8.51659, 9.66171], [8.51691, 9.66052], [8.51729, 9.65738], [8.51483, 9.65406], [8.51438, 9.65299]]]}, "properties": {"name": "Kaura", "lga": "Kaura", "state": "kd"}}, {"type": "Feature", "geometry": {"type": "MultiPolygon", "coordinates": [[[[8.24479, 9.53161], [8.2451, 9.55881], [8.23902, 9.57105], [8.24019, 9.57413], [8.24093, 9.5754], [8.25126, 9.57582], [8.25525, 9.57102], [8.25881, 9.57145], [8.26365, 9.56898], [8.26375, 9.569], [8.26727, 9.57228], [8.27377, 9.57337], [8.27794, 9.56771], [8.27693, 9.56661], [8.27157, 9.56406], [8.26919, 9.54131], [8.2663, 9.53846], [8.25705, 9.5366], [8.24479, 9.53161]]], [[[8.29325, 9.57239], [8.298, 9.5815], [8.30195, 9.58285], [8.30542, 9.58153], [8.30759, 9.58094], [8.31014, 9.58038], [8.30888, 9.57814], [8.30757, 9.57687], [8.30658, 9.5724], [8.3079, 9.56338], [8.31795, 9.56669], [8.31687, 9.56868], [8.31675, 9.57418], [8.31757, 9.57582], [8.31808, 9.57899], [8.3222, 9.57888], [8.32412, 9.58211], [8.3247, 9.58296], [8.32516, 9.58361], [8.3338, 9.57824], [8.34176, 9.56823], [8.34153, 9.56575], [8.33854, 9.56581], [8.32782, 9.56601], [8.31984, 9.56476], [8.31972, 9.56425], [8.32697, 9.5496], [8.31804, 9.55029], [8.31787, 9.5503], [8.30904, 9.55897], [8.30765, 9.55811], [8.30396, 9.55375], [8.29871, 9.55408], [8.29789, 9.55413], [8.29666, 9.55425], [8.29708, 9.55517], [8.2971, 9.5561], [8.29694, 9.55713], [8.29509, 9.5607], [8.29115, 9.56274], [8.29109, 9.56892], [8.29325, 9.57239]]]]}, "properties": {"name": "Takau", "lga": "Jema'A", "state": "kd"}}, {"type": "Feature", "geometry": {"type": "MultiPolygon", "coordinates": [[[[8.42764, 9.27825], [8.42533, 9.27369], [8.42419, 9.27356], [8.40437, 9.27138], [8.39861, 9.26401], [8.397, 9.26194], [8.3766, 9.26394], [8.37567, 9.26747], [8.37346, 9.27585], [8.37867, 9.30043], [8.38999, 9.29524], [8.39578, 9.29481], [8.40452, 9.28644], [8.42308, 9.28782], [8.42583, 9.28215], [8.42702, 9.27968], [8.42764, 9.27825]]], [[[8.3894, 9.17219], [8.38731, 9.17572], [8.3815, 9.17742], [8.36457, 9.18139], [8.35868, 9.18429], [8.35528, 9.18678], [8.35615, 9.18956], [8.36723, 9.2024], [8.37324, 9.2093], [8.38647, 9.21704], [8.38985, 9.22093], [8.3965, 9.22703], [8.40609, 9.23605], [8.41231, 9.23732], [8.41962, 9.23665], [8.42215, 9.2355], [8.42425, 9.23527], [8.4249, 9.23393], [8.43353, 9.22467], [8.44489, 9.22799], [8.44838, 9.22736], [8.44851, 9.22698], [8.45094, 9.22401], [8.45671, 9.21365], [8.45966, 9.21726], [8.47125, 9.22232], [8.47282, 9.2218], [8.47659, 9.22097], [8.4776, 9.22156], [8.48398, 9.23025], [8.48401, 9.23064], [8.48335, 9.23232], [8.47833, 9.23692], [8.48197, 9.24919], [8.48134, 9.25437], [8.48207, 9.25536], [8.47268, 9.2701], [8.47462, 9.27357], [8.48092, 9.27764], [8.4819, 9.28141], [8.48346, 9.28398], [8.49004, 9.29333], [8.46885, 9.29874], [8.46833, 9.29894], [8.46811, 9.29904], [8.46239, 9.30761], [8.47197, 9.32084], [8.48312, 9.32583], [8.48872, 9.32706], [8.49083, 9.32634], [8.50156, 9.33112], [8.52198, 9.32273], [8.52869, 9.31132], [8.5564, 9.29604], [8.55977, 9.29526], [8.56263, 9.29515], [8.56481, 9.28226], [8.56004, 9.26361], [8.53858, 9.24641], [8.53863, 9.24634], [8.54088, 9.22159], [8.53411, 9.2124], [8.52704, 9.19658], [8.52386, 9.19665], [8.52044, 9.20064], [8.50222, 9.20587], [8.50065, 9.2133], [8.50066, 9.21398], [8.48775, 9.21472], [8.48396, 9.20909], [8.47584, 9.2098], [8.47228, 9.20353], [8.47242, 9.20176], [8.47225, 9.19655], [8.45487, 9.19064], [8.45018, 9.19023], [8.44517, 9.19473], [8.42741, 9.19109], [8.42702, 9.19139], [8.4051, 9.19681], [8.40246, 9.1964], [8.38978, 9.17399], [8.3894, 9.17219]]]]}, "properties": {"name": "Nandu", "lga": "Sanga", "state": "kd"}}, {"type": "Feature", "geometry": {"type": "Polygon", "coordinates": [[[7.39826, 10.44562], [7.39883, 10.44492], [7.39956, 10.44437], [7.4008, 10.44358], [7.40166, 10.44331], [7.40356, 10.44321], [7.40457, 10.44109], [7.40546, 10.43826], [7.40522, 10.43645], [7.4048, 10.43527], [7.40911, 10.43554], [7.40904, 10.43525], [7.40895, 10.43479], [7.40838, 10.43311], [7.41181, 10.4302], [7.41519, 10.42935], [7.4156, 10.42821], [7.41573, 10.42778], [7.41611, 10.42723], [7.41942, 10.4261], [7.41955, 10.42489], [7.42206, 10.42816], [7.42404, 10.42749], [7.42537, 10.42499], [7.42849, 10.42677], [7.43348, 10.42442], [7.43606, 10.42625], [7.43854, 10.42405], [7.44185, 10.42461], [7.44212, 10.42593], [7.44638, 10.4229], [7.44799, 10.42468], [7.4499, 10.4229], [7.45142, 10.42612], [7.45428, 10.4263], [7.45585, 10.42505], [7.45759, 10.42649], [7.45843, 10.42406], [7.46017, 10.42526], [7.46223, 10.42143], [7.46337, 10.42239], [7.46443, 10.42051], [7.4671, 10.41964], [7.46633, 10.41761], [7.46756, 10.41624], [7.47015, 10.41755], [7.47399, 10.41267], [7.47519, 10.4134], [7.47826, 10.40932], [7.47732, 10.40878], [7.47243, 10.40405], [7.47, 10.40348], [7.47061, 10.37452], [7.49196, 10.3711], [7.49665, 10.37128], [7.50854, 10.3713], [7.51163, 10.36982], [7.53019, 10.35906], [7.52859, 10.35245], [7.52864, 10.35105], [7.52702, 10.34794], [7.53184, 10.33396], [7.53497, 10.33141], [7.53634, 10.32391], [7.52775, 10.31102], [7.52784, 10.30362], [7.52974, 10.2991], [7.53303, 10.29442], [7.53588, 10.28906], [7.53779, 10.28191], [7.5382, 10.27502], [7.51656, 10.23122], [7.49806, 10.23653], [7.49022, 10.24024], [7.48717, 10.2438], [7.48351, 10.24537], [7.47788, 10.24621], [7.47054, 10.24905], [7.46626, 10.2474], [7.45977, 10.24845], [7.45656, 10.25224], [7.4535, 10.25715], [7.44922, 10.25828], [7.44515, 10.25905], [7.43769, 10.26234], [7.43203, 10.26501], [7.42957, 10.27319], [7.42115, 10.27542], [7.41908, 10.28054], [7.41723, 10.28405], [7.41395, 10.28678], [7.38369, 10.29647], [7.36858, 10.31289], [7.36644, 10.31681], [7.36294, 10.31864], [7.36002, 10.31836], [7.35688, 10.32032], [7.35496, 10.32285], [7.35203, 10.32769], [7.34804, 10.33119], [7.32508, 10.34389], [7.32085, 10.34687], [7.3121, 10.35869], [7.3084, 10.35939], [7.29632, 10.35894], [7.27787, 10.35468], [7.24028, 10.36141], [7.22079, 10.36779], [7.22323, 10.37325], [7.2228, 10.37879], [7.22295, 10.38195], [7.2238, 10.38405], [7.22851, 10.38623], [7.232, 10.38728], [7.23428, 10.3877], [7.23671, 10.39001], [7.23799, 10.39331], [7.23985, 10.39583], [7.24197, 10.39691], [7.24527, 10.39713], [7.24968, 10.39569], [7.2538, 10.39609], [7.25703, 10.39731], [7.26722, 10.41239], [7.2678, 10.41687], [7.26673, 10.42066], [7.26616, 10.42319], [7.26708, 10.4328], [7.26793, 10.43876], [7.27029, 10.44205], [7.27264, 10.44492], [7.276, 10.44549], [7.27828, 10.44773], [7.28056, 10.44857], [7.28241, 10.45004], [7.28341, 10.45327], [7.28263, 10.45783], [7.28134, 10.46084], [7.27913, 10.46323], [7.27685, 10.46512], [7.27428, 10.46771], [7.27329, 10.47038], [7.27357, 10.47381], [7.28013, 10.47907], [7.28334, 10.47984], [7.28664, 10.48028], [7.28904, 10.48195], [7.29274, 10.49186], [7.30614, 10.50016], [7.30945, 10.50145], [7.31196, 10.50201], [7.31595, 10.501], [7.3208, 10.49926], [7.33712, 10.49136], [7.34089, 10.49141], [7.34156, 10.48923], [7.34265, 10.4875], [7.34294, 10.48456], [7.34313, 10.48194], [7.34681, 10.47631], [7.35033, 10.47127], [7.35333, 10.46818], [7.35689, 10.46433], [7.35917, 10.46356], [7.36281, 10.46061], [7.37465, 10.44371], [7.38042, 10.44617], [7.38377, 10.44694], [7.38592, 10.4478], [7.39147, 10.44827], [7.3934, 10.44757], [7.39475, 10.44589], [7.39826, 10.44562]]]}, "properties": {"name": "Kakau", "lga": "Chikun", "state": "kd"}}, {"type": "Feature", "geometry": {"type": "Polygon", "coordinates": [[[8.31853, 9.18036], [8.30883, 9.18637], [8.30086, 9.18851], [8.28972, 9.18642], [8.28506, 9.18491], [8.27118, 9.18315], [8.25841, 9.18289], [8.2445, 9.19208], [8.23438, 9.19962], [8.2295, 9.20375], [8.22302, 9.19972], [8.22052, 9.19751], [8.21816, 9.19416], [8.20921, 9.19473], [8.20702, 9.1972], [8.19984, 9.21406], [8.20772, 9.22579], [8.20689, 9.23318], [8.2077, 9.23387], [8.21069, 9.23616], [8.22946, 9.23781], [8.23282, 9.24102], [8.24704, 9.23935], [8.25048, 9.25074], [8.25236, 9.25204], [8.26322, 9.25951], [8.26813, 9.26476], [8.27053, 9.26732], [8.26692, 9.28029], [8.29656, 9.28571], [8.30972, 9.29464], [8.31081, 9.29811], [8.34721, 9.32647], [8.34756, 9.32716], [8.34715, 9.32969], [8.3497, 9.33338], [8.36731, 9.35216], [8.37426, 9.35589], [8.3792, 9.3571], [8.3974, 9.3611], [8.40556, 9.366], [8.41278, 9.36938], [8.43104, 9.3972], [8.47805, 9.37517], [8.47908, 9.3728], [8.48456, 9.36016], [8.50647, 9.3628], [8.50829, 9.3537], [8.506, 9.3378], [8.50156, 9.33112], [8.49083, 9.32634], [8.48872, 9.32706], [8.48312, 9.32583], [8.47197, 9.32084], [8.46239, 9.30761], [8.46811, 9.29904], [8.4581, 9.28496], [8.44743, 9.28154], [8.44476, 9.27592], [8.43138, 9.27825], [8.42764, 9.27825], [8.42702, 9.27968], [8.42583, 9.28215], [8.42308, 9.28782], [8.40452, 9.28644], [8.39578, 9.29481], [8.38999, 9.29524], [8.37867, 9.30043], [8.37346, 9.27585], [8.37567, 9.26747], [8.3766, 9.26394], [8.397, 9.26194], [8.40325, 9.25542], [8.40441, 9.25571], [8.42565, 9.26606], [8.42995, 9.25723], [8.43408, 9.25234], [8.4332, 9.2455], [8.42425, 9.23527], [8.42215, 9.2355], [8.41962, 9.23665], [8.41231, 9.23732], [8.40609, 9.23605], [8.3965, 9.22703], [8.38985, 9.22093], [8.38647, 9.21704], [8.37324, 9.2093], [8.36723, 9.2024], [8.35615, 9.18956], [8.35528, 9.18678], [8.34329, 9.19449], [8.33807, 9.1924], [8.33603, 9.18818], [8.33398, 9.1851], [8.32826, 9.18113], [8.31853, 9.18036]]]}, "properties": {"name": "Arak", "lga": "Sanga", "state": "kd"}}, {"type": "Feature", "geometry": {"type": "MultiPolygon", "coordinates": [[[[8.4746, 9.63461], [8.47258, 9.63034], [8.47078, 9.61693], [8.45682, 9.6327], [8.45235, 9.63306], [8.4503, 9.63539], [8.44988, 9.63816], [8.44987, 9.6384], [8.45142, 9.6398], [8.45069, 9.64345], [8.45177, 9.64427], [8.45401, 9.64435], [8.4555, 9.64643], [8.45431, 9.64785], [8.45376, 9.64848], [8.45127, 9.64539], [8.44942, 9.64902], [8.44945, 9.64953], [8.45239, 9.65017], [8.45455, 9.65339], [8.45841, 9.65451], [8.46043, 9.65438], [8.45567, 9.6493], [8.45719, 9.6475], [8.46407, 9.6523], [8.46881, 9.65297], [8.47211, 9.65277], [8.47659, 9.65037], [8.47442, 9.64049], [8.4746, 9.63461]]], [[[8.5833, 9.666], [8.5852, 9.66438], [8.57781, 9.65641], [8.57419, 9.64841], [8.57039, 9.64001], [8.56562, 9.62431], [8.56698, 9.61398], [8.56691, 9.60341], [8.56586, 9.59655], [8.56228, 9.5906], [8.56045, 9.58859], [8.55568, 9.58157], [8.55111, 9.58154], [8.53365, 9.57452], [8.52168, 9.57229], [8.51942, 9.57297], [8.50163, 9.57545], [8.49923, 9.61311], [8.49395, 9.62647], [8.49756, 9.62609], [8.49891, 9.62749], [8.49957, 9.62887], [8.50049, 9.62952], [8.50082, 9.63043], [8.50092, 9.6313], [8.50056, 9.63285], [8.50326, 9.6368], [8.51028, 9.63923], [8.50822, 9.64993], [8.51181, 9.65198], [8.51438, 9.65299], [8.51615, 9.65153], [8.51624, 9.65144], [8.52127, 9.65202], [8.52174, 9.65115], [8.52297, 9.65168], [8.52295, 9.65219], [8.52355, 9.65267], [8.52518, 9.6517], [8.52552, 9.65168], [8.52575, 9.65213], [8.5247, 9.65332], [8.52495, 9.6552], [8.52661, 9.65696], [8.53468, 9.65769], [8.53441, 9.66443], [8.53708, 9.66956], [8.5488, 9.67114], [8.55226, 9.67043], [8.55941, 9.66723], [8.56465, 9.66661], [8.57646, 9.66577], [8.5833, 9.666]]]]}, "properties": {"name": "Zankan", "lga": "Kaura", "state": "kd"}}, {"type": "Feature", "geometry": {"type": "Polygon", "coordinates": [[[8.59886, 9.72792], [8.60152, 9.71528], [8.60188, 9.70614], [8.60188, 9.69068], [8.60069, 9.6857], [8.59903, 9.67873], [8.59235, 9.678], [8.58589, 9.67703], [8.58162, 9.67582], [8.58006, 9.67273], [8.58338, 9.66895], [8.5833, 9.666], [8.57052, 9.68161], [8.56809, 9.68285], [8.56658, 9.68307], [8.55891, 9.68678], [8.5494, 9.68498], [8.54669, 9.68665], [8.54442, 9.68666], [8.53692, 9.689], [8.53479, 9.68792], [8.53409, 9.68719], [8.53116, 9.68324], [8.53017, 9.68179], [8.52124, 9.68186], [8.52056, 9.68221], [8.51991, 9.68613], [8.51865, 9.69364], [8.51765, 9.69622], [8.51968, 9.70846], [8.51049, 9.71721], [8.50861, 9.7229], [8.50591, 9.72505], [8.50142, 9.72893], [8.50074, 9.73029], [8.50108, 9.7409], [8.51548, 9.73316], [8.51683, 9.7343], [8.52011, 9.73709], [8.52174, 9.73731], [8.52306, 9.73583], [8.5244, 9.73715], [8.52393, 9.73947], [8.52528, 9.7414], [8.52687, 9.73607], [8.52848, 9.73691], [8.52897, 9.73763], [8.5295, 9.73868], [8.52889, 9.74485], [8.52808, 9.7532], [8.52832, 9.75506], [8.53604, 9.74545], [8.54107, 9.74317], [8.54244, 9.74255], [8.54524, 9.73846], [8.54899, 9.74234], [8.54925, 9.74261], [8.55263, 9.74303], [8.55581, 9.74331], [8.55697, 9.74292], [8.56145, 9.74135], [8.56147, 9.74403], [8.57083, 9.7409], [8.57448, 9.73741], [8.5743, 9.73616], [8.57562, 9.72622], [8.57596, 9.72596], [8.58217, 9.72394], [8.59351, 9.728], [8.59886, 9.72792]]]}, "properties": {"name": "Bondong", "lga": "Kaura", "state": "kd"}}, {"type": "Feature", "geometry": {"type": "MultiPolygon", "coordinates": [[[[8.4987, 9.57558], [8.46994, 9.60276], [8.47147, 9.61285], [8.47078, 9.61693], [8.47258, 9.63034], [8.4746, 9.63461], [8.47976, 9.63662], [8.48514, 9.63771], [8.48564, 9.63875], [8.48502, 9.64277], [8.4844, 9.64427], [8.48544, 9.64592], [8.48559, 9.64725], [8.49638, 9.65036], [8.49694, 9.65192], [8.499, 9.65202], [8.50509, 9.65144], [8.50822, 9.64993], [8.51028, 9.63923], [8.50326, 9.6368], [8.50056, 9.63285], [8.50092, 9.6313], [8.50082, 9.63043], [8.50049, 9.62952], [8.49957, 9.62887], [8.49891, 9.62749], [8.49756, 9.62609], [8.49395, 9.62647], [8.49923, 9.61311], [8.50163, 9.57545], [8.4987, 9.57558]]], [[[8.50074, 9.73029], [8.50142, 9.72893], [8.50591, 9.72505], [8.50861, 9.7229], [8.51049, 9.71721], [8.51299, 9.71431], [8.5145, 9.71245], [8.51679, 9.71205], [8.51968, 9.70846], [8.51765, 9.69622], [8.51865, 9.69364], [8.51991, 9.68613], [8.52056, 9.68221], [8.52124, 9.68186], [8.53017, 9.68179], [8.53116, 9.68324], [8.53409, 9.68719], [8.53479, 9.68792], [8.53692, 9.689], [8.54442, 9.68666], [8.54669, 9.68665], [8.5494, 9.68498], [8.55891, 9.68678], [8.56658, 9.68307], [8.56809, 9.68285], [8.57052, 9.68161], [8.5833, 9.666], [8.57646, 9.66577], [8.56465, 9.66661], [8.55941, 9.66723], [8.55226, 9.67043], [8.5488, 9.67114], [8.53708, 9.66956], [8.53441, 9.66443], [8.53468, 9.65769], [8.52661, 9.65696], [8.52495, 9.6552], [8.5247, 9.65332], [8.52575, 9.65213], [8.52552, 9.65168], [8.52518, 9.6517], [8.52355, 9.65267], [8.52295, 9.65219], [8.52297, 9.65168], [8.52174, 9.65115], [8.52127, 9.65202], [8.51624, 9.65144], [8.51615, 9.65153], [8.51438, 9.65299], [8.51483, 9.65406], [8.51729, 9.65738], [8.51691, 9.66052], [8.51659, 9.66171], [8.51351, 9.66278], [8.5126, 9.66297], [8.51236, 9.66358], [8.51223, 9.66663], [8.51225, 9.66813], [8.49662, 9.66811], [8.49311, 9.67301], [8.48173, 9.67727], [8.47812, 9.68803], [8.47791, 9.68886], [8.47915, 9.68929], [8.4864, 9.69181], [8.49242, 9.71675], [8.49967, 9.72942], [8.50074, 9.73029]]]]}, "properties": {"name": "Manchok", "lga": "Kaura", "state": "kd"}}, {"type": "Feature", "geometry": {"type": "Polygon", "coordinates": [[[7.74727, 11.05398], [7.75394, 11.05004], [7.75575, 11.0489], [7.75931, 11.04995], [7.76029, 11.04819], [7.76285, 11.04939], [7.76313, 11.04798], [7.76394, 11.04784], [7.76715, 11.04667], [7.77915, 11.04659], [7.78233, 11.04533], [7.78256, 11.04542], [7.78624, 11.04452], [7.78748, 11.04327], [7.78816, 11.04339], [7.78942, 11.04212], [7.78849, 11.04187], [7.78948, 11.04071], [7.79098, 11.03875], [7.79798, 11.03557], [7.7999, 11.03366], [7.80187, 11.03171], [7.80757, 11.03044], [7.8063, 11.02882], [7.79952, 11.01074], [7.80137, 11.00739], [7.81453, 10.99906], [7.81061, 10.9869], [7.80886, 10.98058], [7.81163, 10.97814], [7.81397, 10.97531], [7.81745, 10.96066], [7.81745, 10.96065], [7.81629, 10.9593], [7.8087, 10.94544], [7.80728, 10.94458], [7.80374, 10.94025], [7.80564, 10.9354], [7.80389, 10.9273], [7.79833, 10.92636], [7.78631, 10.92012], [7.78396, 10.92049], [7.77826, 10.92106], [7.77621, 10.92465], [7.77621, 10.9296], [7.77546, 10.9323], [7.77353, 10.93566], [7.76547, 10.94319], [7.76493, 10.94342], [7.76488, 10.94352], [7.76926, 10.95697], [7.77015, 10.96297], [7.76773, 10.96694], [7.7672, 10.96782], [7.76012, 10.97018], [7.75993, 10.97032], [7.75404, 10.96845], [7.7475, 10.96906], [7.75092, 10.97048], [7.75263, 10.97268], [7.7531, 10.97968], [7.7445, 10.98514], [7.74022, 10.98495], [7.73485, 10.98218], [7.73105, 10.98793], [7.73081, 10.98797], [7.72921, 10.9879], [7.72237, 10.98761], [7.72102, 10.99363], [7.72293, 10.99674], [7.71786, 11.00075], [7.71208, 11.0083], [7.71066, 11.01173], [7.70848, 11.01821], [7.70544, 11.02034], [7.7097, 11.02112], [7.71849, 11.02166], [7.72624, 11.02364], [7.72853, 11.02532], [7.73474, 11.02655], [7.73851, 11.02958], [7.74433, 11.0303], [7.74487, 11.03452], [7.74433, 11.0368], [7.73877, 11.0426], [7.73896, 11.043], [7.74213, 11.04607], [7.74469, 11.04829], [7.74314, 11.05091], [7.74387, 11.053], [7.74583, 11.05212], [7.74776, 11.05209], [7.74727, 11.05398]]]}, "properties": {"name": "Wuciciri", "lga": "Zaria", "state": "kd"}}, {"type": "Feature", "geometry": {"type": "Polygon", "coordinates": [[[7.68767, 11.05081], [7.69252, 11.0448], [7.70016, 11.04129], [7.70831, 11.03895], [7.72028, 11.04047], [7.72902, 11.05737], [7.73301, 11.05989], [7.73406, 11.06161], [7.72507, 11.07303], [7.7259, 11.073], [7.72759, 11.07289], [7.72895, 11.07283], [7.72903, 11.0749], [7.72099, 11.07888], [7.72184, 11.08105], [7.72121, 11.08144], [7.7209, 11.08193], [7.72159, 11.08366], [7.72222, 11.08506], [7.72274, 11.08624], [7.72513, 11.08813], [7.7258, 11.09274], [7.73111, 11.09284], [7.73199, 11.09203], [7.73294, 11.09129], [7.73877, 11.09036], [7.73865, 11.08882], [7.73882, 11.08793], [7.73894, 11.08675], [7.74049, 11.08453], [7.74077, 11.08414], [7.741, 11.08422], [7.74215, 11.08447], [7.7379, 11.07999], [7.73858, 11.0788], [7.7385, 11.07807], [7.7392, 11.07637], [7.74098, 11.07525], [7.74113, 11.07319], [7.74009, 11.0721], [7.7409, 11.06913], [7.74626, 11.06843], [7.74679, 11.06769], [7.74593, 11.06224], [7.75004, 11.06045], [7.74968, 11.0572], [7.74579, 11.05781], [7.74608, 11.05469], [7.74727, 11.05398], [7.74776, 11.05209], [7.74583, 11.05212], [7.74387, 11.053], [7.74314, 11.05091], [7.74469, 11.04829], [7.74213, 11.04607], [7.73896, 11.043], [7.73877, 11.0426], [7.74433, 11.0368], [7.74487, 11.03452], [7.74433, 11.0303], [7.73851, 11.02958], [7.73474, 11.02655], [7.72853, 11.02532], [7.72624, 11.02364], [7.71849, 11.02166], [7.7097, 11.02112], [7.70544, 11.02034], [7.7016, 11.02302], [7.69812, 11.02342], [7.69618, 11.0242], [7.69464, 11.02678], [7.69248, 11.02717], [7.69099, 11.02526], [7.69005, 11.02416], [7.68855, 11.02367], [7.68806, 11.02477], [7.68677, 11.02638], [7.68259, 11.02556], [7.68261, 11.02659], [7.6819, 11.02715], [7.67528, 11.02519], [7.68154, 11.0546], [7.68767, 11.05081]]]}, "properties": {"name": "Gyellesu", "lga": "Zaria", "state": "kd"}}, {"type": "Feature", "geometry": {"type": "Polygon", "coordinates": [[[8.42167, 10.43545], [8.41622, 10.4442], [8.4218, 10.46823], [8.41217, 10.48548], [8.40855, 10.48703], [8.39206, 10.4941], [8.39573, 10.51169], [8.38429, 10.5198], [8.38337, 10.52792], [8.37847, 10.53757], [8.37302, 10.54082], [8.37003, 10.54293], [8.36864, 10.54517], [8.36385, 10.55289], [8.36146, 10.55817], [8.35885, 10.56813], [8.36461, 10.57201], [8.36663, 10.57338], [8.35437, 10.57792], [8.3484, 10.57739], [8.34508, 10.57709], [8.36378, 10.58798], [8.35728, 10.59129], [8.34604, 10.59967], [8.35292, 10.60401], [8.35656, 10.61301], [8.34586, 10.62457], [8.33437, 10.62636], [8.33446, 10.65121], [8.33484, 10.65166], [8.33688, 10.6574], [8.341, 10.66108], [8.35459, 10.66441], [8.36278, 10.6677], [8.3658, 10.66983], [8.3709, 10.6737], [8.37206, 10.69568], [8.36949, 10.70695], [8.39064, 10.72763], [8.39945, 10.7321], [8.41414, 10.73658], [8.41924, 10.73408], [8.43259, 10.73116], [8.43371, 10.73072], [8.44689, 10.73213], [8.48123, 10.71586], [8.48396, 10.70926], [8.48966, 10.70286], [8.48984, 10.69742], [8.49738, 10.67978], [8.49823, 10.66469], [8.501, 10.66053], [8.5074, 10.65585], [8.50692, 10.65352], [8.50633, 10.65046], [8.50954, 10.64791], [8.51421, 10.64332], [8.51903, 10.6417], [8.52265, 10.63755], [8.53048, 10.63474], [8.53306, 10.63342], [8.53063, 10.63015], [8.52987, 10.62749], [8.53213, 10.6226], [8.53409, 10.61609], [8.54102, 10.60454], [8.54584, 10.5967], [8.55111, 10.59107], [8.55502, 10.58693], [8.55668, 10.58352], [8.55608, 10.57819], [8.55233, 10.57144], [8.55126, 10.56739], [8.55331, 10.56228], [8.55159, 10.55441], [8.55432, 10.54621], [8.54166, 10.53424], [8.54164, 10.53423], [8.54178, 10.52807], [8.53983, 10.51589], [8.53883, 10.51385], [8.5391, 10.51285], [8.54044, 10.50714], [8.54523, 10.5019], [8.54821, 10.50173], [8.5573, 10.49871], [8.56092, 10.49786], [8.56732, 10.49325], [8.56882, 10.49296], [8.57708, 10.49393], [8.57965, 10.48005], [8.58049, 10.47396], [8.57746, 10.47048], [8.57192, 10.46801], [8.57067, 10.46483], [8.56919, 10.45982], [8.56893, 10.45819], [8.56566, 10.45275], [8.56552, 10.44643], [8.56616, 10.43677], [8.56478, 10.43516], [8.56422, 10.43332], [8.56358, 10.43222], [8.56422, 10.42829], [8.56013, 10.4282], [8.55623, 10.42996], [8.54946, 10.42585], [8.54849, 10.42604], [8.53039, 10.43259], [8.52751, 10.4368], [8.51298, 10.44037], [8.50431, 10.44405], [8.49937, 10.45024], [8.49423, 10.45142], [8.47924, 10.45357], [8.46055, 10.46233], [8.43985, 10.44064], [8.42167, 10.43545]]]}, "properties": {"name": "Kudaru", "lga": "Lere", "state": "kd"}}, {"type": "Feature", "geometry": {"type": "Polygon", "coordinates": [[[7.68767, 11.05081], [7.68266, 11.05386], [7.68527, 11.05601], [7.68517, 11.05642], [7.68517, 11.05692], [7.68512, 11.05716], [7.68357, 11.05673], [7.68457, 11.06005], [7.68646, 11.05959], [7.68734, 11.0673], [7.68755, 11.06774], [7.68793, 11.06837], [7.68801, 11.06962], [7.68911, 11.06976], [7.68914, 11.07695], [7.69205, 11.07782], [7.69432, 11.07675], [7.69514, 11.07874], [7.70565, 11.07977], [7.7054, 11.07844], [7.70281, 11.0749], [7.70158, 11.07446], [7.69752, 11.06519], [7.69216, 11.06175], [7.69347, 11.05486], [7.69012, 11.05345], [7.68908, 11.05501], [7.68727, 11.0548], [7.68767, 11.05081]]]}, "properties": {"name": "Unguwar Fatika", "lga": "Zaria", "state": "kd"}}, {"type": "Feature", "geometry": {"type": "Polygon", "coordinates": [[[7.74214, 11.11589], [7.74109, 11.11918], [7.74103, 11.12018], [7.74156, 11.12045], [7.7443, 11.11977], [7.74636, 11.12114], [7.74727, 11.12331], [7.74956, 11.12645], [7.74775, 11.13034], [7.74875, 11.13269], [7.75549, 11.13256], [7.76092, 11.1341], [7.77268, 11.13696], [7.77455, 11.13298], [7.78288, 11.11495], [7.78653, 11.1093], [7.78807, 11.10672], [7.79406, 11.10555], [7.79953, 11.10449], [7.79989, 11.10377], [7.79961, 11.09954], [7.79936, 11.09886], [7.79965, 11.09799], [7.8031, 11.08854], [7.81156, 11.07796], [7.81459, 11.07209], [7.81504, 11.07007], [7.81624, 11.06593], [7.81219, 11.06102], [7.81498, 11.05687], [7.81311, 11.05189], [7.81535, 11.04555], [7.82018, 11.03535], [7.81646, 11.03118], [7.81129, 11.03147], [7.80757, 11.03044], [7.80187, 11.03171], [7.7999, 11.03366], [7.79798, 11.03557], [7.79098, 11.03875], [7.78948, 11.04071], [7.78849, 11.04187], [7.78942, 11.04212], [7.78816, 11.04339], [7.78748, 11.04327], [7.78624, 11.04452], [7.78256, 11.04542], [7.78233, 11.04533], [7.77915, 11.04659], [7.76715, 11.04667], [7.76394, 11.04784], [7.76313, 11.04798], [7.76285, 11.04939], [7.76029, 11.04819], [7.75931, 11.04995], [7.75575, 11.0489], [7.75394, 11.05004], [7.74727, 11.05398], [7.74608, 11.05469], [7.74579, 11.05781], [7.74968, 11.0572], [7.75004, 11.06045], [7.74593, 11.06224], [7.74679, 11.06769], [7.74626, 11.06843], [7.7409, 11.06913], [7.74009, 11.0721], [7.74113, 11.07319], [7.74098, 11.07525], [7.7392, 11.07637], [7.7385, 11.07807], [7.73858, 11.0788], [7.7379, 11.07999], [7.74938, 11.09023], [7.74892, 11.09964], [7.74643, 11.10303], [7.74705, 11.10631], [7.75026, 11.10782], [7.74981, 11.1128], [7.74541, 11.11567], [7.74214, 11.11589]]]}, "properties": {"name": "Dambo", "lga": "Zaria", "state": "kd"}}, {"type": "Feature", "geometry": {"type": "Polygon", "coordinates": [[[6.93283, 10.71623], [6.93305, 10.71628], [6.94228, 10.6976], [7.00758, 10.66319], [7.00608, 10.65733], [7.01042, 10.63327], [7.01111, 10.63041], [7.00966, 10.60868], [7.0175, 10.59447], [7.01779, 10.59078], [7.01541, 10.58947], [7.01489, 10.58741], [7.0175, 10.58008], [7.01717, 10.57774], [7.01546, 10.57545], [7.01527, 10.57456], [7.01745, 10.57097], [7.0176, 10.56344], [7.01921, 10.56025], [7.10442, 10.55658], [7.10932, 10.5849], [7.1106, 10.58929], [7.11034, 10.60846], [7.12356, 10.66686], [7.12856, 10.70897], [7.1292, 10.71437], [7.15004, 10.71908], [7.15593, 10.72041], [7.18818, 10.72618], [7.19266, 10.7227], [7.21265, 10.69301], [7.21268, 10.69295], [7.26355, 10.65752], [7.27989, 10.65275], [7.2803, 10.65281], [7.2847, 10.65309], [7.29262, 10.64994], [7.29457, 10.64953], [7.30385, 10.63606], [7.31061, 10.62719], [7.30767, 10.59425], [7.29308, 10.58699], [7.28639, 10.58723], [7.27985, 10.58528], [7.27523, 10.58037], [7.27476, 10.57972], [7.27228, 10.57399], [7.25478, 10.55918], [7.24885, 10.54221], [7.24204, 10.53364], [7.24103, 10.53323], [7.23972, 10.53387], [7.23838, 10.53383], [7.2377, 10.53259], [7.24245, 10.52721], [7.24804, 10.52669], [7.24816, 10.52552], [7.24833, 10.52418], [7.25338, 10.52388], [7.25469, 10.52277], [7.25677, 10.51962], [7.25416, 10.51267], [7.25187, 10.51303], [7.25006, 10.51249], [7.24857, 10.51173], [7.24649, 10.51086], [7.23609, 10.51576], [7.22266, 10.51571], [7.22238, 10.49966], [7.22385, 10.49796], [7.22523, 10.49702], [7.2274, 10.49694], [7.22869, 10.49847], [7.22947, 10.49983], [7.23657, 10.49702], [7.23786, 10.49796], [7.23934, 10.49932], [7.24115, 10.49864], [7.24133, 10.49575], [7.23977, 10.49388], [7.23812, 10.49243], [7.23769, 10.49124], [7.23527, 10.4911], [7.23484, 10.48945], [7.23449, 10.48809], [7.22567, 10.48639], [7.22427, 10.48556], [7.22359, 10.48443], [7.22411, 10.4829], [7.22584, 10.48239], [7.2274, 10.48239], [7.22895, 10.48324], [7.23068, 10.48307], [7.23146, 10.48112], [7.23181, 10.47916], [7.23129, 10.47746], [7.22973, 10.47482], [7.22689, 10.47368], [7.22549, 10.47193], [7.22653, 10.46997], [7.22705, 10.46785], [7.22705, 10.46631], [7.22593, 10.46504], [7.22541, 10.46385], [7.22653, 10.46257], [7.22662, 10.46112], [7.22497, 10.45976], [7.2235, 10.45815], [7.22264, 10.4573], [7.21987, 10.45747], [7.21641, 10.45772], [7.21468, 10.45806], [7.2126, 10.4567], [7.212, 10.45491], [7.21217, 10.45338], [7.21303, 10.45211], [7.19986, 10.4513], [7.18263, 10.3702], [7.15308, 10.34127], [7.13649, 10.34294], [7.13237, 10.37249], [7.12918, 10.44715], [7.10013, 10.4464], [6.99648, 10.44584], [6.93177, 10.41259], [6.93831, 10.43357], [6.94634, 10.45043], [6.95437, 10.46248], [6.95413, 10.46805], [6.95352, 10.48218], [6.94795, 10.4914], [6.9359, 10.50023], [6.93002, 10.51088], [6.92986, 10.51105], [6.92345, 10.51225], [6.92666, 10.51689], [6.92662, 10.51702], [6.92659, 10.51708], [6.91903, 10.53075], [6.91261, 10.53798], [6.8691, 10.55536], [6.86121, 10.55083], [6.85639, 10.53798], [6.84916, 10.53075], [6.84463, 10.52849], [6.86947, 10.57818], [6.86932, 10.60218], [6.87765, 10.63331], [6.89945, 10.64219], [6.90861, 10.64392], [6.91003, 10.63877], [6.91006, 10.6383], [6.92135, 10.63561], [6.92145, 10.64493], [6.92012, 10.64885], [6.91619, 10.65073], [6.91309, 10.66391], [6.91947, 10.68375], [6.90965, 10.71089], [6.9163, 10.71367], [6.92367, 10.71413], [6.93283, 10.71623]]]}, "properties": {"name": "Kunai", "lga": "Chikun", "state": "kd"}}, {"type": "Feature", "geometry": {"type": "Polygon", "coordinates": [[[7.79844, 11.37674], [7.80047, 11.37674], [7.80133, 11.37411], [7.80163, 11.37361], [7.80552, 11.3717], [7.80486, 11.36958], [7.80609, 11.36389], [7.80917, 11.36524], [7.81184, 11.36013], [7.81567, 11.3564], [7.81552, 11.35545], [7.81538, 11.3548], [7.81021, 11.35123], [7.80923, 11.34799], [7.81168, 11.33099], [7.80919, 11.32401], [7.80741, 11.31196], [7.80713, 11.31168], [7.80508, 11.30971], [7.80367, 11.30856], [7.80442, 11.30758], [7.79416, 11.30767], [7.78746, 11.30618], [7.78211, 11.30778], [7.77677, 11.3185], [7.77518, 11.3277], [7.76961, 11.32675], [7.76838, 11.32915], [7.77467, 11.33548], [7.76564, 11.34047], [7.7651, 11.34285], [7.76433, 11.34321], [7.76523, 11.34431], [7.76346, 11.34644], [7.75851, 11.3489], [7.75066, 11.3464], [7.74988, 11.35346], [7.75514, 11.35813], [7.75754, 11.3632], [7.75067, 11.37143], [7.75482, 11.37243], [7.75559, 11.37419], [7.75627, 11.37573], [7.75709, 11.37711], [7.76001, 11.37541], [7.76303, 11.3778], [7.7648, 11.37928], [7.76938, 11.37912], [7.7755, 11.37494], [7.77547, 11.37025], [7.77923, 11.36602], [7.77747, 11.36494], [7.77862, 11.36412], [7.78097, 11.36212], [7.78311, 11.36115], [7.789, 11.35988], [7.79844, 11.37674]]]}, "properties": {"name": "Doka", "lga": "Kudan", "state": "kd"}}, {"type": "Feature", "geometry": {"type": "Polygon", "coordinates": [[[8.26468, 10.90847], [8.26228, 10.91104], [8.2604, 10.91505], [8.25027, 10.93663], [8.25038, 10.94322], [8.24983, 10.94525], [8.24934, 10.95204], [8.24528, 10.95646], [8.23421, 10.97279], [8.22796, 10.99652], [8.22504, 10.99968], [8.22329, 11.00256], [8.22233, 11.00586], [8.21742, 11.02275], [8.2154, 11.02544], [8.21428, 11.02663], [8.19742, 11.03226], [8.17708, 11.07174], [8.17321, 11.07265], [8.17145, 11.07427], [8.16606, 11.08024], [8.16351, 11.09857], [8.15858, 11.10509], [8.1574, 11.1094], [8.15715, 11.11212], [8.15792, 11.1155], [8.16121, 11.11771], [8.16708, 11.12473], [8.18082, 11.12893], [8.18221, 11.12809], [8.21317, 11.14035], [8.21584, 11.13856], [8.22504, 11.136], [8.22752, 11.13283], [8.22636, 11.13082], [8.22592, 11.13034], [8.21894, 11.12266], [8.21921, 11.1177], [8.22251, 11.10422], [8.22531, 11.10528], [8.23891, 11.10234], [8.23966, 11.10176], [8.2454, 11.10091], [8.25391, 11.10074], [8.25646, 11.09981], [8.26361, 11.10484], [8.26691, 11.10563], [8.268, 11.1055], [8.27173, 11.10341], [8.27364, 11.08214], [8.29074, 11.08772], [8.2958, 11.07564], [8.29724, 11.07343], [8.29381, 11.0644], [8.29421, 11.06391], [8.30713, 11.06061], [8.30867, 11.05536], [8.31465, 11.04735], [8.31934, 11.04485], [8.32083, 11.0402], [8.31775, 11.02896], [8.31934, 11.02518], [8.31957, 11.02347], [8.31977, 11.021], [8.31125, 11.01225], [8.30699, 11.00032], [8.31873, 10.99468], [8.3244, 10.99579], [8.3245, 10.99582], [8.32699, 10.99958], [8.3352, 11.00215], [8.34082, 10.99899], [8.34333, 11.00075], [8.35138, 11.00127], [8.35649, 10.9966], [8.36426, 11.00347], [8.36376, 11.00421], [8.35306, 11.00969], [8.35025, 11.01006], [8.34453, 11.02508], [8.34483, 11.03178], [8.3456, 11.03445], [8.34803, 11.03732], [8.3558, 11.03886], [8.35965, 11.03593], [8.3607, 11.03591], [8.36326, 11.03303], [8.36519, 11.03365], [8.36699, 11.03462], [8.37605, 11.02984], [8.38063, 11.02399], [8.38082, 11.02313], [8.38105, 11.02282], [8.38236, 11.01924], [8.37748, 11.00732], [8.37662, 11.00247], [8.38354, 11.00088], [8.38876, 10.99766], [8.3949, 10.99131], [8.39691, 10.98908], [8.39702, 10.9859], [8.3835, 10.98137], [8.38301, 10.98141], [8.37365, 10.98305], [8.37182, 10.98801], [8.3717, 10.99781], [8.36668, 11.00184], [8.35659, 10.9948], [8.35665, 10.99355], [8.34907, 10.9861], [8.349, 10.98602], [8.3509, 10.97857], [8.34959, 10.97679], [8.33187, 10.97841], [8.33077, 10.97739], [8.32692, 10.97287], [8.32386, 10.97353], [8.31571, 10.97343], [8.31754, 10.94929], [8.31544, 10.94272], [8.30672, 10.93477], [8.30733, 10.92913], [8.29736, 10.9141], [8.29003, 10.90979], [8.28452, 10.90704], [8.26468, 10.90847]]]}, "properties": {"name": "Mah", "lga": "Kubau", "state": "kd"}}, {"type": "Feature", "geometry": {"type": "Polygon", "coordinates": [[[7.66749, 9.40137], [7.64696, 9.40868], [7.61406, 9.40606], [7.54209, 9.38735], [7.52107, 9.36755], [7.51912, 9.37751], [7.51696, 9.39676], [7.50669, 9.44139], [7.50653, 9.44175], [7.51218, 9.45081], [7.51457, 9.45226], [7.54018, 9.47625], [7.54329, 9.49625], [7.55013, 9.49542], [7.56132, 9.49817], [7.56268, 9.50094], [7.56286, 9.50252], [7.56737, 9.51066], [7.56427, 9.51464], [7.56323, 9.51719], [7.56331, 9.5176], [7.56116, 9.54047], [7.56243, 9.54227], [7.55822, 9.5461], [7.55469, 9.54932], [7.54571, 9.55768], [7.55501, 9.57634], [7.55668, 9.57929], [7.56793, 9.57729], [7.58026, 9.584], [7.58921, 9.58846], [7.59137, 9.58904], [7.61209, 9.59534], [7.61206, 9.59743], [7.62026, 9.6084], [7.63085, 9.61654], [7.648, 9.62712], [7.65893, 9.62893], [7.66282, 9.62585], [7.6801, 9.62043], [7.68342, 9.62098], [7.69201, 9.61742], [7.69956, 9.6123], [7.71237, 9.60362], [7.70687, 9.59408], [7.69836, 9.58335], [7.69196, 9.58061], [7.69129, 9.58008], [7.68852, 9.57532], [7.69232, 9.56986], [7.69885, 9.55023], [7.6977, 9.54916], [7.69528, 9.53684], [7.70233, 9.52933], [7.70216, 9.52736], [7.70588, 9.52047], [7.70772, 9.51827], [7.71363, 9.51364], [7.71194, 9.50633], [7.71031, 9.50151], [7.69864, 9.50309], [7.6976, 9.50272], [7.69756, 9.4992], [7.69929, 9.49495], [7.69779, 9.49327], [7.69763, 9.49319], [7.69868, 9.48947], [7.70901, 9.47228], [7.70919, 9.47253], [7.73306, 9.48205], [7.73578, 9.48238], [7.74765, 9.46594], [7.7481, 9.46346], [7.74729, 9.45891], [7.71767, 9.45824], [7.67359, 9.45827], [7.65952, 9.45472], [7.65627, 9.4462], [7.65492, 9.43576], [7.67041, 9.42979], [7.69242, 9.42383], [7.69173, 9.41697], [7.67941, 9.41178], [7.6765, 9.40722], [7.67606, 9.40707], [7.67572, 9.40669], [7.66749, 9.40137]]]}, "properties": {"name": "Kagarko South", "lga": "Kagarko", "state": "kd"}}, {"type": "Feature", "geometry": {"type": "Polygon", "coordinates": [[[7.91522, 10.6871], [7.89884, 10.69574], [7.8956, 10.68756], [7.89508, 10.6831], [7.89506, 10.68295], [7.89487, 10.6813], [7.88945, 10.67799], [7.88644, 10.68153], [7.88376, 10.68369], [7.88135, 10.68563], [7.88108, 10.68859], [7.87257, 10.69957], [7.87327, 10.70369], [7.86961, 10.70926], [7.86388, 10.73085], [7.86153, 10.7333], [7.85484, 10.73699], [7.85071, 10.74773], [7.88619, 10.76439], [7.88065, 10.77082], [7.87688, 10.77545], [7.87873, 10.78533], [7.87993, 10.79055], [7.87896, 10.79523], [7.8696, 10.7953], [7.86504, 10.79383], [7.85852, 10.79546], [7.8557, 10.79376], [7.85277, 10.79782], [7.848, 10.80343], [7.84614, 10.80532], [7.82933, 10.81652], [7.82481, 10.82173], [7.82028, 10.82833], [7.81556, 10.8307], [7.81434, 10.85084], [7.81715, 10.85398], [7.82069, 10.85804], [7.83388, 10.87311], [7.83598, 10.87173], [7.83693, 10.87052], [7.85262, 10.86825], [7.85339, 10.86806], [7.85837, 10.8634], [7.8621, 10.8558], [7.86256, 10.85546], [7.88493, 10.85872], [7.88996, 10.85338], [7.8954, 10.84141], [7.89543, 10.84003], [7.90026, 10.83308], [7.90115, 10.8321], [7.9278, 10.80363], [7.92917, 10.80366], [7.94878, 10.80735], [7.95497, 10.81289], [7.98866, 10.79254], [7.99505, 10.78208], [8.00136, 10.77229], [8.00414, 10.77035], [8.00655, 10.77137], [8.02044, 10.77051], [8.03068, 10.75022], [8.01552, 10.73885], [8.02475, 10.72756], [8.0246, 10.72075], [8.02284, 10.71704], [8.02185, 10.71567], [8.01925, 10.70767], [8.00671, 10.7061], [8.00096, 10.70515], [7.99974, 10.7084], [7.99011, 10.71047], [7.9787, 10.7107], [7.97692, 10.71265], [7.97098, 10.70464], [7.96751, 10.71254], [7.96303, 10.70244], [7.9641, 10.69886], [7.95414, 10.69215], [7.95184, 10.69458], [7.95558, 10.70176], [7.95269, 10.70399], [7.95336, 10.70978], [7.9522, 10.71185], [7.94972, 10.71345], [7.94773, 10.71461], [7.94505, 10.71465], [7.94486, 10.71443], [7.9417, 10.71141], [7.93658, 10.70984], [7.93353, 10.7075], [7.93025, 10.70337], [7.91779, 10.70176], [7.91522, 10.6871]]]}, "properties": {"name": "Gamagira", "lga": "Soba", "state": "kd"}}, {"type": "Feature", "geometry": {"type": "Polygon", "coordinates": [[[7.78211, 11.30778], [7.77382, 11.29734], [7.77137, 11.29611], [7.76848, 11.29549], [7.76169, 11.29735], [7.75682, 11.3007], [7.75626, 11.30178], [7.75578, 11.30288], [7.75547, 11.30369], [7.75247, 11.30106], [7.75084, 11.29687], [7.74741, 11.29687], [7.7462, 11.29274], [7.73443, 11.29004], [7.73198, 11.30025], [7.73064, 11.30021], [7.7296, 11.3032], [7.72618, 11.30217], [7.72556, 11.30564], [7.72574, 11.30574], [7.72657, 11.30633], [7.72752, 11.30703], [7.72743, 11.3131], [7.71729, 11.33383], [7.71646, 11.33608], [7.71665, 11.33624], [7.71797, 11.33681], [7.71543, 11.34236], [7.71448, 11.34441], [7.71327, 11.34839], [7.71779, 11.36167], [7.718, 11.36308], [7.71775, 11.36456], [7.72049, 11.36971], [7.73013, 11.37164], [7.74159, 11.3683], [7.75067, 11.37143], [7.75754, 11.3632], [7.75514, 11.35813], [7.74988, 11.35346], [7.75066, 11.3464], [7.75851, 11.3489], [7.76346, 11.34644], [7.76523, 11.34431], [7.76433, 11.34321], [7.7651, 11.34285], [7.76564, 11.34047], [7.77467, 11.33548], [7.76838, 11.32915], [7.76961, 11.32675], [7.77518, 11.3277], [7.77677, 11.3185], [7.78211, 11.30778]]]}, "properties": {"name": "Kudan", "lga": "Kudan", "state": "kd"}}, {"type": "Feature", "geometry": {"type": "Polygon", "coordinates": [[[8.08876, 10.68134], [8.08892, 10.68007], [8.09127, 10.6744], [8.08681, 10.66644], [8.08107, 10.65665], [8.08361, 10.65063], [8.10448, 10.64404], [8.10845, 10.63849], [8.09684, 10.62277], [8.09673, 10.622], [8.09636, 10.61833], [8.10673, 10.60971], [8.10492, 10.59619], [8.08721, 10.59129], [8.08693, 10.59136], [8.08175, 10.5889], [8.07504, 10.57761], [8.07326, 10.57396], [8.07488, 10.56754], [8.08161, 10.5594], [8.08119, 10.55846], [8.0619, 10.54591], [8.0485, 10.55804], [8.048, 10.56887], [8.03611, 10.56453], [8.02383, 10.56921], [8.0143, 10.56419], [8.00344, 10.5621], [7.99243, 10.56745], [7.99234, 10.56764], [7.992, 10.56816], [7.99245, 10.57954], [7.97494, 10.59833], [7.9865, 10.60482], [7.98797, 10.60564], [7.9935, 10.61043], [7.99253, 10.61133], [7.98909, 10.61198], [7.98517, 10.61272], [7.98105, 10.61091], [7.98036, 10.61061], [7.97055, 10.60752], [7.96336, 10.61135], [7.95733, 10.62534], [7.95168, 10.63687], [7.94619, 10.64417], [7.94247, 10.6522], [7.93787, 10.6668], [7.93219, 10.67951], [7.92063, 10.68041], [7.91712, 10.68069], [7.91675, 10.68194], [7.9167, 10.68195], [7.91522, 10.6871], [7.91779, 10.70176], [7.93025, 10.70337], [7.93353, 10.7075], [7.93658, 10.70984], [7.9417, 10.71141], [7.94486, 10.71443], [7.94505, 10.71465], [7.94773, 10.71461], [7.94972, 10.71345], [7.9522, 10.71185], [7.95336, 10.70978], [7.95269, 10.70399], [7.95558, 10.70176], [7.95184, 10.69458], [7.95414, 10.69215], [7.9641, 10.69886], [7.96303, 10.70244], [7.96751, 10.71254], [7.97098, 10.70464], [7.97692, 10.71265], [7.9787, 10.7107], [7.99011, 10.71047], [7.99974, 10.7084], [8.00096, 10.70515], [8.00671, 10.7061], [8.01925, 10.70767], [8.02127, 10.70591], [8.02342, 10.7043], [8.02831, 10.70064], [8.03205, 10.70139], [8.03268, 10.7009], [8.0479, 10.69106], [8.04883, 10.69045], [8.04972, 10.69065], [8.05065, 10.69147], [8.05436, 10.69474], [8.05768, 10.69555], [8.06913, 10.68588], [8.07002, 10.68576], [8.07199, 10.68598], [8.07528, 10.68571], [8.07817, 10.68353], [8.08876, 10.68134]]]}, "properties": {"name": "Makami", "lga": "Kauru", "state": "kd"}}, {"type": "Feature", "geometry": {"type": "Polygon", "coordinates": [[[7.72965, 10.47752], [7.71731, 10.48612], [7.7171, 10.48612], [7.71027, 10.49051], [7.71089, 10.49855], [7.70229, 10.50498], [7.70213, 10.5071], [7.69861, 10.50998], [7.69827, 10.51403], [7.69908, 10.51901], [7.69872, 10.52289], [7.69861, 10.52315], [7.69411, 10.52597], [7.69534, 10.54095], [7.69937, 10.54895], [7.70513, 10.55014], [7.70514, 10.55017], [7.70131, 10.57306], [7.69944, 10.57585], [7.69816, 10.57775], [7.69752, 10.59037], [7.69474, 10.59305], [7.69256, 10.59535], [7.67976, 10.58546], [7.67918, 10.57145], [7.67911, 10.56967], [7.67458, 10.56036], [7.66825, 10.56205], [7.64721, 10.5615], [7.64367, 10.56366], [7.63638, 10.56812], [7.62491, 10.56555], [7.62226, 10.56975], [7.62156, 10.57183], [7.61987, 10.57592], [7.62318, 10.57946], [7.62955, 10.58564], [7.62709, 10.59227], [7.63232, 10.604], [7.63211, 10.60715], [7.61865, 10.61558], [7.61848, 10.61563], [7.61596, 10.61998], [7.6056, 10.62152], [7.59982, 10.62196], [7.59441, 10.63487], [7.59429, 10.63528], [7.59039, 10.64152], [7.59111, 10.65101], [7.59189, 10.65618], [7.59277, 10.66518], [7.60308, 10.68042], [7.60922, 10.68021], [7.62397, 10.68886], [7.63679, 10.69587], [7.6453, 10.69601], [7.65036, 10.69826], [7.65176, 10.69926], [7.65665, 10.70404], [7.67193, 10.70198], [7.69136, 10.68444], [7.68916, 10.67749], [7.68929, 10.67352], [7.6941, 10.6721], [7.69413, 10.67208], [7.70315, 10.66746], [7.70478, 10.65496], [7.68916, 10.64745], [7.69376, 10.63947], [7.71808, 10.64218], [7.71831, 10.64202], [7.72397, 10.6402], [7.72609, 10.65282], [7.73648, 10.66993], [7.74088, 10.66994], [7.76838, 10.64898], [7.78457, 10.65309], [7.78517, 10.65172], [7.78804, 10.62539], [7.79879, 10.59985], [7.8088, 10.58942], [7.81012, 10.58851], [7.81651, 10.5859], [7.82181, 10.58131], [7.82931, 10.57791], [7.83746, 10.57599], [7.85488, 10.58069], [7.85752, 10.57977], [7.88136, 10.58966], [7.8857, 10.59274], [7.88765, 10.59328], [7.88839, 10.59245], [7.88882, 10.58868], [7.88211, 10.58219], [7.88111, 10.57829], [7.8744, 10.56625], [7.87249, 10.56225], [7.8723, 10.55963], [7.87223, 10.5576], [7.87235, 10.55695], [7.87342, 10.55611], [7.87406, 10.55513], [7.87435, 10.55407], [7.87406, 10.55274], [7.87342, 10.55176], [7.87242, 10.55106], [7.87463, 10.53977], [7.87339, 10.53407], [7.87214, 10.53409], [7.87089, 10.53365], [7.86968, 10.52671], [7.85334, 10.52518], [7.85019, 10.52278], [7.84984, 10.51986], [7.85055, 10.51653], [7.85108, 10.51332], [7.85251, 10.51087], [7.85204, 10.50958], [7.85215, 10.508], [7.85138, 10.50765], [7.85043, 10.50707], [7.8499, 10.50607], [7.82491, 10.4971], [7.82179, 10.50618], [7.81692, 10.50764], [7.81373, 10.50386], [7.81194, 10.50218], [7.79894, 10.4899], [7.79413, 10.49502], [7.77817, 10.49984], [7.76992, 10.49199], [7.76854, 10.49066], [7.76756, 10.48924], [7.75631, 10.49466], [7.75465, 10.49214], [7.74353, 10.48746], [7.74203, 10.4884], [7.73976, 10.48828], [7.73196, 10.4827], [7.72965, 10.47752]]]}, "properties": {"name": "Gwaraji", "lga": "Igabi", "state": "kd"}}, {"type": "Feature", "geometry": {"type": "Polygon", "coordinates": [[[7.62474, 11.21634], [7.62314, 11.21437], [7.62012, 11.21159], [7.61725, 11.20894], [7.61034, 11.22246], [7.59919, 11.22049], [7.59676, 11.21639], [7.59659, 11.21536], [7.59762, 11.21405], [7.5944, 11.21581], [7.59324, 11.21682], [7.58688, 11.22369], [7.58716, 11.22476], [7.59, 11.22622], [7.59109, 11.23218], [7.59161, 11.23596], [7.58695, 11.23619], [7.58241, 11.23539], [7.58225, 11.23173], [7.57685, 11.23235], [7.57687, 11.24655], [7.55888, 11.24622], [7.55199, 11.24502], [7.5456, 11.25498], [7.54167, 11.2566], [7.53528, 11.25722], [7.52872, 11.25889], [7.52689, 11.25817], [7.52022, 11.24799], [7.51406, 11.2481], [7.51075, 11.24849], [7.50556, 11.24794], [7.5035, 11.29488], [7.50571, 11.2959], [7.51264, 11.29475], [7.51555, 11.29663], [7.51585, 11.29764], [7.51574, 11.29838], [7.51537, 11.29907], [7.51425, 11.30025], [7.50485, 11.30271], [7.50446, 11.30326], [7.5026, 11.31291], [7.50537, 11.31583], [7.50994, 11.33171], [7.51682, 11.33358], [7.52173, 11.3404], [7.52241, 11.34042], [7.5249, 11.34021], [7.5299, 11.33916], [7.53412, 11.33653], [7.53735, 11.33498], [7.53832, 11.33451], [7.54451, 11.33342], [7.55093, 11.3314], [7.55585, 11.32727], [7.56218, 11.32325], [7.56997, 11.3214], [7.57398, 11.31905], [7.57756, 11.31548], [7.58237, 11.30657], [7.6075, 11.2718], [7.6076, 11.27185], [7.61867, 11.27769], [7.62101, 11.27039], [7.6221, 11.26606], [7.62317, 11.26294], [7.62305, 11.25677], [7.62205, 11.25407], [7.62088, 11.25159], [7.61972, 11.2489], [7.61855, 11.23823], [7.61832, 11.23495], [7.6184, 11.23286], [7.61896, 11.22848], [7.62053, 11.22696], [7.62269, 11.22447], [7.6241, 11.22298], [7.62459, 11.21869], [7.62469, 11.21771], [7.62474, 11.21634]]]}, "properties": {"name": "Danmahawayi", "lga": "Giwa", "state": "kd"}}, {"type": "Feature", "geometry": {"type": "Polygon", "coordinates": [[[7.4898, 11.23444], [7.49187, 11.23791], [7.49307, 11.23993], [7.49455, 11.24217], [7.49894, 11.2439], [7.50311, 11.24698], [7.50556, 11.24794], [7.51075, 11.24849], [7.51406, 11.2481], [7.52022, 11.24799], [7.52689, 11.25817], [7.52872, 11.25889], [7.53528, 11.25722], [7.54167, 11.2566], [7.5456, 11.25498], [7.55199, 11.24502], [7.55888, 11.24622], [7.57687, 11.24655], [7.57685, 11.23235], [7.58225, 11.23173], [7.58241, 11.23539], [7.58695, 11.23619], [7.59161, 11.23596], [7.59109, 11.23218], [7.59, 11.22622], [7.58716, 11.22476], [7.58688, 11.22369], [7.59324, 11.21682], [7.5944, 11.21581], [7.59762, 11.21405], [7.59659, 11.21536], [7.59676, 11.21639], [7.59919, 11.22049], [7.61034, 11.22246], [7.61239, 11.21911], [7.61361, 11.21604], [7.61539, 11.21348], [7.6162, 11.21172], [7.61673, 11.20981], [7.61725, 11.20894], [7.61067, 11.20123], [7.60538, 11.18753], [7.60152, 11.18444], [7.60218, 11.17987], [7.61297, 11.1729], [7.61471, 11.16664], [7.61917, 11.16765], [7.62041, 11.16456], [7.61983, 11.1625], [7.61615, 11.16247], [7.60282, 11.16589], [7.59549, 11.16958], [7.59511, 11.16945], [7.58587, 11.16988], [7.58311, 11.17037], [7.5824, 11.17214], [7.58263, 11.18686], [7.5815, 11.18677], [7.57302, 11.18563], [7.56707, 11.18483], [7.56476, 11.18373], [7.56287, 11.18336], [7.55937, 11.18151], [7.55564, 11.1789], [7.55674, 11.17291], [7.55585, 11.16874], [7.5433, 11.16179], [7.53194, 11.16508], [7.51652, 11.15353], [7.51475, 11.15708], [7.5134, 11.15749], [7.51282, 11.1575], [7.51158, 11.15739], [7.5093, 11.15595], [7.50505, 11.15423], [7.49477, 11.15131], [7.49176, 11.15679], [7.48577, 11.1682], [7.49421, 11.17328], [7.50049, 11.17897], [7.50724, 11.18186], [7.50047, 11.19975], [7.50864, 11.20104], [7.50721, 11.20406], [7.50853, 11.20608], [7.50978, 11.20882], [7.50328, 11.21939], [7.50236, 11.22331], [7.50094, 11.22885], [7.49683, 11.23025], [7.4898, 11.23444]]]}, "properties": {"name": "Shika", "lga": "Giwa", "state": "kd"}}, {"type": "Feature", "geometry": {"type": "Polygon", "coordinates": [[[7.97672, 11.35004], [7.97216, 11.34499], [7.97208, 11.34443], [7.97266, 11.34293], [7.97413, 11.3407], [7.97234, 11.34002], [7.97127, 11.33958], [7.97121, 11.33914], [7.97483, 11.33348], [7.97234, 11.33257], [7.97079, 11.3323], [7.96965, 11.33221], [7.97067, 11.32716], [7.96979, 11.32697], [7.96873, 11.32704], [7.96725, 11.32741], [7.96781, 11.31748], [7.95814, 11.30723], [7.95473, 11.30175], [7.94322, 11.30579], [7.93952, 11.3033], [7.93927, 11.30302], [7.93942, 11.30246], [7.93914, 11.30126], [7.93425, 11.29762], [7.93429, 11.29659], [7.93426, 11.29645], [7.92622, 11.29726], [7.92482, 11.29843], [7.92425, 11.29871], [7.92221, 11.29858], [7.92003, 11.29835], [7.91947, 11.29809], [7.9177, 11.29121], [7.91918, 11.28205], [7.9134, 11.28167], [7.90962, 11.26596], [7.90255, 11.26779], [7.9017, 11.2687], [7.89995, 11.27033], [7.89972, 11.2708], [7.90002, 11.27252], [7.90392, 11.28101], [7.90381, 11.28211], [7.90347, 11.28328], [7.90325, 11.28501], [7.90549, 11.29237], [7.90933, 11.29565], [7.90914, 11.29608], [7.90926, 11.29771], [7.90921, 11.29811], [7.90589, 11.3007], [7.91861, 11.31704], [7.91548, 11.3251], [7.91371, 11.32496], [7.91249, 11.32507], [7.91066, 11.32509], [7.91088, 11.32686], [7.91027, 11.32816], [7.90982, 11.32951], [7.9089, 11.32876], [7.90814, 11.32834], [7.90695, 11.32783], [7.90723, 11.33551], [7.91301, 11.34296], [7.9119, 11.34325], [7.90846, 11.34436], [7.90714, 11.34491], [7.90321, 11.34776], [7.91136, 11.35153], [7.91352, 11.34769], [7.91368, 11.34754], [7.91465, 11.34806], [7.91533, 11.34734], [7.9319, 11.35959], [7.93646, 11.36216], [7.94129, 11.36496], [7.94608, 11.36778], [7.95664, 11.37049], [7.97647, 11.36834], [7.973, 11.36683], [7.97137, 11.36529], [7.97007, 11.36372], [7.97467, 11.35708], [7.9717, 11.35702], [7.97145, 11.35638], [7.97079, 11.35497], [7.9707, 11.35306], [7.9712, 11.35231], [7.9718, 11.35193], [7.973, 11.35111], [7.97314, 11.35002], [7.97332, 11.34859], [7.97661, 11.34999], [7.97672, 11.35004]]]}, "properties": {"name": "Gimi", "lga": "Makarfi", "state": "kd"}}, {"type": "Feature", "geometry": {"type": "Polygon", "coordinates": [[[8.50605, 11.13224], [8.51327, 11.12216], [8.50488, 11.11403], [8.50054, 11.0997], [8.49711, 11.09205], [8.49148, 11.08096], [8.48897, 11.07584], [8.48543, 11.07126], [8.47814, 11.06792], [8.47763, 11.06755], [8.4737, 11.0661], [8.47283, 11.06628], [8.45053, 11.07733], [8.44056, 11.07874], [8.43338, 11.05743], [8.43338, 11.05614], [8.42986, 11.05362], [8.42271, 11.04886], [8.42062, 11.04606], [8.41251, 11.0372], [8.407, 11.03714], [8.40191, 11.02852], [8.40129, 11.02614], [8.40095, 11.02394], [8.39974, 11.02118], [8.38105, 11.02282], [8.38082, 11.02313], [8.38063, 11.02399], [8.37605, 11.02984], [8.36699, 11.03462], [8.36519, 11.03365], [8.36326, 11.03303], [8.3607, 11.03591], [8.35965, 11.03593], [8.3558, 11.03886], [8.34803, 11.03732], [8.3456, 11.03445], [8.34483, 11.03178], [8.34453, 11.02508], [8.34519, 11.02172], [8.34869, 11.0162], [8.34805, 11.01382], [8.35025, 11.01006], [8.35306, 11.00969], [8.36376, 11.00421], [8.36426, 11.00347], [8.35649, 10.9966], [8.35138, 11.00127], [8.34333, 11.00075], [8.34082, 10.99899], [8.3352, 11.00215], [8.32699, 10.99958], [8.3245, 10.99582], [8.3244, 10.99579], [8.31873, 10.99468], [8.30699, 11.00032], [8.31125, 11.01225], [8.31977, 11.021], [8.31957, 11.02347], [8.31934, 11.02518], [8.31775, 11.02896], [8.32083, 11.0402], [8.31934, 11.04485], [8.31465, 11.04735], [8.30867, 11.05536], [8.30713, 11.06061], [8.29421, 11.06391], [8.29381, 11.0644], [8.29724, 11.07343], [8.2958, 11.07564], [8.29074, 11.08772], [8.27364, 11.08214], [8.27173, 11.10341], [8.27271, 11.10356], [8.28065, 11.10666], [8.28872, 11.10538], [8.28884, 11.10541], [8.28937, 11.10632], [8.29174, 11.11453], [8.29646, 11.11625], [8.29964, 11.12107], [8.30096, 11.12306], [8.30175, 11.12375], [8.30211, 11.12399], [8.30311, 11.12371], [8.31073, 11.12739], [8.30988, 11.14174], [8.3079, 11.14884], [8.30704, 11.15157], [8.30562, 11.15331], [8.30476, 11.15646], [8.30219, 11.16171], [8.31947, 11.18474], [8.32059, 11.18311], [8.32045, 11.18158], [8.32138, 11.18053], [8.32287, 11.18102], [8.3248, 11.17871], [8.32843, 11.17542], [8.33207, 11.17381], [8.3345, 11.17213], [8.33571, 11.16975], [8.33766, 11.16932], [8.34031, 11.16995], [8.34697, 11.16661], [8.35686, 11.17186], [8.36036, 11.17171], [8.36382, 11.16887], [8.37633, 11.16695], [8.38588, 11.16205], [8.39204, 11.15898], [8.40166, 11.15387], [8.40644, 11.1459], [8.40791, 11.13883], [8.40468, 11.12943], [8.40444, 11.12078], [8.4063, 11.11588], [8.40851, 11.11024], [8.41157, 11.10847], [8.41584, 11.10727], [8.42267, 11.10573], [8.42494, 11.10651], [8.43169, 11.10951], [8.44542, 11.11537], [8.45357, 11.11595], [8.4607, 11.11567], [8.46791, 11.11372], [8.47275, 11.1133], [8.47889, 11.11337], [8.49681, 11.12972], [8.50187, 11.13133], [8.50605, 11.13224]]]}, "properties": {"name": "Kargi", "lga": "Kubau", "state": "kd"}}, {"type": "Feature", "geometry": {"type": "Polygon", "coordinates": [[[7.69546, 10.41192], [7.67976, 10.41181], [7.6732, 10.40243], [7.66883, 10.39944], [7.66417, 10.39869], [7.65809, 10.39907], [7.65011, 10.39984], [7.64199, 10.39339], [7.63284, 10.38955], [7.62491, 10.38918], [7.61624, 10.39519], [7.6058, 10.39635], [7.59646, 10.3947], [7.59435, 10.38757], [7.60168, 10.37747], [7.60468, 10.35852], [7.60661, 10.34656], [7.61188, 10.34676], [7.615, 10.34451], [7.61449, 10.3388], [7.6136, 10.33787], [7.61248, 10.33659], [7.60969, 10.33338], [7.60768, 10.33262], [7.60575, 10.33109], [7.6067, 10.32969], [7.60675, 10.32734], [7.60803, 10.3203], [7.60683, 10.31698], [7.60579, 10.31332], [7.60414, 10.30906], [7.60068, 10.30847], [7.59558, 10.30906], [7.58961, 10.30838], [7.58882, 10.30119], [7.58806, 10.29778], [7.58632, 10.28996], [7.58779, 10.28298], [7.58865, 10.28114], [7.58676, 10.28089], [7.58425, 10.28072], [7.57783, 10.28135], [7.57725, 10.28233], [7.57703, 10.28334], [7.57661, 10.28369], [7.57443, 10.28391], [7.56542, 10.28709], [7.56253, 10.2894], [7.55786, 10.28991], [7.55492, 10.28446], [7.55102, 10.28182], [7.54722, 10.27961], [7.5382, 10.27502], [7.53779, 10.28191], [7.53588, 10.28906], [7.53303, 10.29442], [7.52974, 10.2991], [7.52784, 10.30362], [7.52775, 10.31102], [7.53634, 10.32391], [7.53497, 10.33141], [7.53184, 10.33396], [7.52702, 10.34794], [7.52864, 10.35105], [7.52859, 10.35245], [7.53019, 10.35906], [7.51163, 10.36982], [7.50854, 10.3713], [7.50549, 10.37859], [7.50343, 10.37975], [7.50212, 10.38209], [7.50123, 10.38414], [7.50117, 10.38606], [7.5004, 10.38758], [7.50087, 10.38945], [7.50182, 10.39115], [7.50432, 10.3929], [7.50604, 10.3946], [7.52583, 10.39249], [7.52897, 10.39639], [7.53271, 10.39589], [7.53898, 10.4001], [7.54216, 10.40077], [7.55128, 10.39807], [7.55874, 10.39958], [7.56646, 10.40327], [7.568, 10.40562], [7.56811, 10.41864], [7.57085, 10.42161], [7.5741, 10.42408], [7.57667, 10.42683], [7.57718, 10.42902], [7.57871, 10.43345], [7.57981, 10.43665], [7.58034, 10.44295], [7.56839, 10.45435], [7.5682, 10.46038], [7.56335, 10.46211], [7.56081, 10.46269], [7.55755, 10.46444], [7.55361, 10.46977], [7.55304, 10.47361], [7.55361, 10.47791], [7.55351, 10.48088], [7.5499, 10.48711], [7.54909, 10.48987], [7.54177, 10.49254], [7.53531, 10.49534], [7.52998, 10.49665], [7.52302, 10.49808], [7.51567, 10.50245], [7.51196, 10.50394], [7.50864, 10.50703], [7.5064, 10.51002], [7.50731, 10.51268], [7.50816, 10.51418], [7.51916, 10.52488], [7.51933, 10.5332], [7.51984, 10.54123], [7.49697, 10.54202], [7.48195, 10.54927], [7.4873, 10.55692], [7.48705, 10.56254], [7.48853, 10.56379], [7.49432, 10.56533], [7.5065, 10.56072], [7.51729, 10.55956], [7.52076, 10.55862], [7.52142, 10.56769], [7.52171, 10.57157], [7.5276, 10.57217], [7.5287, 10.57054], [7.53071, 10.57065], [7.53599, 10.57068], [7.54724, 10.57176], [7.55101, 10.57901], [7.55935, 10.58174], [7.56443, 10.58033], [7.57346, 10.5728], [7.57581, 10.57614], [7.59701, 10.58668], [7.59716, 10.58693], [7.60205, 10.58779], [7.6198, 10.57592], [7.61987, 10.57592], [7.62156, 10.57183], [7.62226, 10.56975], [7.62491, 10.56555], [7.63638, 10.56812], [7.64367, 10.56366], [7.64721, 10.5615], [7.66825, 10.56205], [7.67458, 10.56036], [7.67911, 10.56967], [7.67918, 10.57145], [7.67976, 10.58546], [7.69256, 10.59535], [7.69474, 10.59305], [7.69752, 10.59037], [7.69816, 10.57775], [7.69944, 10.57585], [7.70131, 10.57306], [7.70514, 10.55017], [7.70513, 10.55014], [7.69937, 10.54895], [7.69534, 10.54095], [7.69411, 10.52597], [7.69861, 10.52315], [7.69872, 10.52289], [7.69908, 10.51901], [7.69827, 10.51403], [7.69861, 10.50998], [7.70213, 10.5071], [7.70229, 10.50498], [7.71089, 10.49855], [7.71027, 10.49051], [7.7171, 10.48612], [7.71731, 10.48612], [7.72965, 10.47752], [7.73088, 10.46901], [7.71466, 10.46347], [7.71388, 10.45094], [7.7079, 10.44004], [7.69994, 10.43958], [7.69128, 10.43184], [7.69276, 10.42265], [7.69279, 10.42247], [7.69323, 10.41799], [7.69508, 10.41328], [7.69546, 10.41192]]]}, "properties": {"name": "Kujama", "lga": "Chikun", "state": "kd"}}, {"type": "Feature", "geometry": {"type": "Polygon", "coordinates": [[[8.59233, 10.42702], [8.5831, 10.43715], [8.57654, 10.43845], [8.56616, 10.43677], [8.56552, 10.44643], [8.56566, 10.45275], [8.56893, 10.45819], [8.56919, 10.45982], [8.57067, 10.46483], [8.57192, 10.46801], [8.57746, 10.47048], [8.58049, 10.47396], [8.57965, 10.48005], [8.57708, 10.49393], [8.56882, 10.49296], [8.56732, 10.49325], [8.56092, 10.49786], [8.5573, 10.49871], [8.54821, 10.50173], [8.54523, 10.5019], [8.54044, 10.50714], [8.5391, 10.51285], [8.53883, 10.51385], [8.53983, 10.51589], [8.54178, 10.52807], [8.54164, 10.53423], [8.54166, 10.53424], [8.55432, 10.54621], [8.55159, 10.55441], [8.55331, 10.56228], [8.55126, 10.56739], [8.55233, 10.57144], [8.55608, 10.57819], [8.55668, 10.58352], [8.55502, 10.58693], [8.55111, 10.59107], [8.54584, 10.5967], [8.54102, 10.60454], [8.53409, 10.61609], [8.53213, 10.6226], [8.52987, 10.62749], [8.53063, 10.63015], [8.53306, 10.63342], [8.53454, 10.63267], [8.54373, 10.63178], [8.55393, 10.63618], [8.58273, 10.64133], [8.58753, 10.64253], [8.59365, 10.64507], [8.60085, 10.64381], [8.60126, 10.6337], [8.59954, 10.62325], [8.59998, 10.62327], [8.60056, 10.62325], [8.60119, 10.62312], [8.6031, 10.61602], [8.61066, 10.59944], [8.61369, 10.59185], [8.61423, 10.59013], [8.61644, 10.56731], [8.61808, 10.56559], [8.62077, 10.56461], [8.62784, 10.55949], [8.62807, 10.55937], [8.63261, 10.55791], [8.64283, 10.56181], [8.64614, 10.56283], [8.6587, 10.55582], [8.66068, 10.55369], [8.66581, 10.54736], [8.66261, 10.53943], [8.65335, 10.53535], [8.65203, 10.53246], [8.65046, 10.51897], [8.63825, 10.50748], [8.64853, 10.50075], [8.64438, 10.49963], [8.64011, 10.49861], [8.63091, 10.48571], [8.63161, 10.48302], [8.62391, 10.47525], [8.62167, 10.46947], [8.62158, 10.46621], [8.61328, 10.45002], [8.61083, 10.45064], [8.60986, 10.45035], [8.60619, 10.45069], [8.59519, 10.4391], [8.59233, 10.42702]]]}, "properties": {"name": "Kayarda", "lga": "Lere", "state": "kd"}}, {"type": "Feature", "geometry": {"type": "Polygon", "coordinates": [[[7.60341, 10.76048], [7.60749, 10.75169], [7.62149, 10.75346], [7.62502, 10.74618], [7.62586, 10.73572], [7.63006, 10.73081], [7.63932, 10.72991], [7.64399, 10.72909], [7.64556, 10.72773], [7.64448, 10.72092], [7.63718, 10.70653], [7.63679, 10.69587], [7.62397, 10.68886], [7.60922, 10.68021], [7.60308, 10.68042], [7.59277, 10.66518], [7.59189, 10.65618], [7.59111, 10.65101], [7.59039, 10.64152], [7.59429, 10.63528], [7.59441, 10.63487], [7.59982, 10.62196], [7.5995, 10.62148], [7.58126, 10.60895], [7.57805, 10.61036], [7.5688, 10.61291], [7.56368, 10.60113], [7.55378, 10.59564], [7.54734, 10.59624], [7.54245, 10.59164], [7.53798, 10.59054], [7.52885, 10.59992], [7.53457, 10.60822], [7.5356, 10.60849], [7.54147, 10.61748], [7.54204, 10.61961], [7.55009, 10.62714], [7.54925, 10.62975], [7.54249, 10.63568], [7.5309, 10.63635], [7.52874, 10.64507], [7.52485, 10.65394], [7.5127, 10.66745], [7.50508, 10.66485], [7.50364, 10.66417], [7.4981, 10.66098], [7.48484, 10.66623], [7.4814, 10.66561], [7.47661, 10.66103], [7.47498, 10.66061], [7.47141, 10.66071], [7.4636, 10.66238], [7.46067, 10.66668], [7.45544, 10.66828], [7.45448, 10.66957], [7.45295, 10.67564], [7.4533, 10.67656], [7.4589, 10.6821], [7.47269, 10.69376], [7.47387, 10.69457], [7.47521, 10.69545], [7.47729, 10.69939], [7.48139, 10.70108], [7.48281, 10.70602], [7.48323, 10.70663], [7.48749, 10.71313], [7.48979, 10.72143], [7.4915, 10.72536], [7.49288, 10.72965], [7.49446, 10.73608], [7.49378, 10.73694], [7.49018, 10.73866], [7.48405, 10.74426], [7.49271, 10.75618], [7.49685, 10.77558], [7.49706, 10.78007], [7.49677, 10.78371], [7.49692, 10.787], [7.49506, 10.78903], [7.49221, 10.79233], [7.4905, 10.79541], [7.49164, 10.79786], [7.49307, 10.79961], [7.49357, 10.80171], [7.50328, 10.80611], [7.50369, 10.80613], [7.5057, 10.8051], [7.52827, 10.77412], [7.54093, 10.76731], [7.54235, 10.76707], [7.5414, 10.76065], [7.53883, 10.75556], [7.53821, 10.75337], [7.53845, 10.75032], [7.5454, 10.74799], [7.55387, 10.74285], [7.55596, 10.74266], [7.55801, 10.74547], [7.5592, 10.75051], [7.56001, 10.75713], [7.56044, 10.76478], [7.56333, 10.76443], [7.56772, 10.76408], [7.57417, 10.76341], [7.58204, 10.76414], [7.58739, 10.76449], [7.59203, 10.76431], [7.60341, 10.76048]]]}, "properties": {"name": "Kwarau", "lga": "Igabi", "state": "kd"}}, {"type": "Feature", "geometry": {"type": "Polygon", "coordinates": [[[8.65011, 10.38027], [8.63833, 10.36858], [8.63403, 10.36835], [8.62235, 10.36456], [8.62233, 10.36451], [8.6219, 10.35619], [8.6143, 10.35504], [8.60732, 10.35262], [8.60138, 10.35745], [8.59953, 10.35783], [8.59503, 10.36561], [8.59376, 10.37209], [8.58753, 10.37667], [8.58746, 10.37684], [8.58615, 10.37812], [8.58355, 10.38714], [8.58426, 10.39967], [8.59262, 10.40672], [8.59411, 10.41168], [8.59644, 10.41389], [8.59655, 10.42027], [8.59233, 10.42702], [8.59519, 10.4391], [8.60619, 10.45069], [8.60986, 10.45035], [8.61083, 10.45064], [8.61328, 10.45002], [8.62158, 10.46621], [8.62167, 10.46947], [8.62391, 10.47525], [8.63161, 10.48302], [8.63091, 10.48571], [8.64011, 10.49861], [8.64438, 10.49963], [8.64853, 10.50075], [8.65429, 10.5023], [8.65746, 10.49942], [8.65877, 10.49499], [8.67263, 10.48145], [8.68994, 10.47501], [8.69727, 10.48001], [8.70482, 10.47539], [8.70447, 10.45958], [8.7039, 10.45744], [8.70252, 10.45796], [8.68708, 10.46667], [8.67992, 10.4587], [8.67638, 10.45592], [8.67639, 10.45588], [8.68097, 10.45051], [8.68243, 10.44718], [8.68346, 10.44097], [8.6831, 10.43764], [8.6803, 10.43609], [8.67695, 10.43492], [8.67352, 10.43642], [8.66918, 10.43945], [8.66669, 10.44196], [8.66543, 10.44072], [8.66453, 10.44005], [8.66077, 10.43477], [8.66037, 10.42807], [8.64905, 10.41722], [8.64061, 10.41465], [8.63708, 10.40188], [8.6345, 10.39771], [8.65011, 10.38027]]]}, "properties": {"name": "Sabon Birnin", "lga": "Lere", "state": "kd"}}, {"type": "Feature", "geometry": {"type": "Polygon", "coordinates": [[[7.70166, 10.77617], [7.71919, 10.77864], [7.7231, 10.77449], [7.74412, 10.7805], [7.74095, 10.78808], [7.7446, 10.80193], [7.74443, 10.81649], [7.74386, 10.82672], [7.74225, 10.83036], [7.73475, 10.83754], [7.73302, 10.84247], [7.73053, 10.84672], [7.73043, 10.87986], [7.75029, 10.89046], [7.75029, 10.89256], [7.74633, 10.90216], [7.74926, 10.90693], [7.75389, 10.91021], [7.75393, 10.91038], [7.75856, 10.91644], [7.75944, 10.91942], [7.76232, 10.92064], [7.77311, 10.92394], [7.77621, 10.92465], [7.77826, 10.92106], [7.78396, 10.92049], [7.78631, 10.92012], [7.7896, 10.92169], [7.79184, 10.92259], [7.79188, 10.9226], [7.79914, 10.90957], [7.79915, 10.90835], [7.81854, 10.89125], [7.81921, 10.88911], [7.8234, 10.88671], [7.83388, 10.87311], [7.82069, 10.85804], [7.81715, 10.85398], [7.81434, 10.85084], [7.81556, 10.8307], [7.82028, 10.82833], [7.82481, 10.82173], [7.82933, 10.81652], [7.84614, 10.80532], [7.848, 10.80343], [7.85277, 10.79782], [7.8557, 10.79376], [7.85852, 10.79546], [7.86504, 10.79383], [7.8696, 10.7953], [7.87896, 10.79523], [7.87993, 10.79055], [7.87873, 10.78533], [7.87688, 10.77545], [7.88065, 10.77082], [7.88619, 10.76439], [7.85071, 10.74773], [7.8505, 10.74799], [7.831, 10.74542], [7.82346, 10.74443], [7.81748, 10.74959], [7.81642, 10.75005], [7.79443, 10.74797], [7.79141, 10.74253], [7.78337, 10.74309], [7.77659, 10.74006], [7.76844, 10.73934], [7.75217, 10.73495], [7.74609, 10.73748], [7.74523, 10.73912], [7.73447, 10.74251], [7.73155, 10.74212], [7.71279, 10.73881], [7.70643, 10.74722], [7.71292, 10.75578], [7.71357, 10.75681], [7.71626, 10.75938], [7.70242, 10.77452], [7.70166, 10.77617]]]}, "properties": {"name": "Igabi", "lga": "Igabi", "state": "kd"}}, {"type": "Feature", "geometry": {"type": "Polygon", "coordinates": [[[8.56616, 10.43677], [8.57654, 10.43845], [8.5831, 10.43715], [8.59233, 10.42702], [8.59655, 10.42027], [8.59644, 10.41389], [8.59411, 10.41168], [8.59262, 10.40672], [8.58426, 10.39967], [8.58355, 10.38714], [8.58615, 10.37812], [8.58746, 10.37684], [8.58753, 10.37667], [8.59376, 10.37209], [8.59503, 10.36561], [8.59953, 10.35783], [8.60138, 10.35745], [8.60732, 10.35262], [8.6143, 10.35504], [8.6219, 10.35619], [8.62233, 10.36451], [8.62235, 10.36456], [8.63403, 10.36835], [8.63833, 10.36858], [8.64025, 10.36388], [8.63287, 10.34603], [8.63148, 10.34582], [8.63072, 10.34492], [8.61987, 10.32993], [8.61729, 10.32931], [8.60846, 10.33451], [8.59983, 10.32999], [8.59247, 10.31379], [8.58128, 10.33134], [8.57263, 10.33431], [8.56072, 10.31579], [8.5443, 10.32474], [8.54385, 10.32624], [8.54024, 10.33213], [8.52919, 10.33804], [8.53571, 10.35272], [8.53605, 10.35285], [8.538, 10.36745], [8.53391, 10.37876], [8.51546, 10.39701], [8.50711, 10.39685], [8.49951, 10.40964], [8.48629, 10.42092], [8.50431, 10.44405], [8.51298, 10.44037], [8.52751, 10.4368], [8.53039, 10.43259], [8.54849, 10.42604], [8.54946, 10.42585], [8.55623, 10.42996], [8.56013, 10.4282], [8.56422, 10.42829], [8.56358, 10.43222], [8.56422, 10.43332], [8.56478, 10.43516], [8.56616, 10.43677]]]}, "properties": {"name": "Lere", "lga": "Lere", "state": "kd"}}, {"type": "Feature", "geometry": {"type": "Polygon", "coordinates": [[[8.0619, 10.54591], [8.08119, 10.55846], [8.08161, 10.5594], [8.07488, 10.56754], [8.07326, 10.57396], [8.07504, 10.57761], [8.08175, 10.5889], [8.08693, 10.59136], [8.08721, 10.59129], [8.10492, 10.59619], [8.10673, 10.60971], [8.09636, 10.61833], [8.09673, 10.622], [8.09684, 10.62277], [8.10845, 10.63849], [8.10448, 10.64404], [8.08361, 10.65063], [8.08107, 10.65665], [8.08681, 10.66644], [8.09127, 10.6744], [8.10881, 10.67502], [8.11428, 10.67148], [8.11667, 10.67319], [8.12217, 10.67805], [8.1299, 10.68489], [8.14232, 10.67737], [8.14946, 10.6758], [8.14983, 10.66757], [8.14408, 10.65515], [8.1407, 10.65514], [8.13457, 10.64335], [8.13524, 10.64256], [8.14212, 10.63854], [8.13946, 10.63289], [8.14689, 10.62876], [8.14741, 10.62831], [8.15393, 10.63243], [8.15007, 10.63305], [8.152, 10.64164], [8.15771, 10.63757], [8.15731, 10.63451], [8.15776, 10.63302], [8.15574, 10.62832], [8.15511, 10.62345], [8.15395, 10.62164], [8.15405, 10.6216], [8.15573, 10.62064], [8.16348, 10.61688], [8.16683, 10.61738], [8.1699, 10.6136], [8.16628, 10.60631], [8.18009, 10.59709], [8.1792, 10.59323], [8.17444, 10.58884], [8.17753, 10.57562], [8.18205, 10.5736], [8.18446, 10.55926], [8.18533, 10.55881], [8.19004, 10.54458], [8.18962, 10.54141], [8.19424, 10.53577], [8.19014, 10.52098], [8.18942, 10.52003], [8.1793, 10.5182], [8.17835, 10.51763], [8.17699, 10.51479], [8.1701, 10.50273], [8.16907, 10.49979], [8.16546, 10.49801], [8.16179, 10.49208], [8.15963, 10.48901], [8.15637, 10.48453], [8.14946, 10.48144], [8.15513, 10.4619], [8.1544, 10.46131], [8.14604, 10.45912], [8.13785, 10.45315], [8.1378, 10.45122], [8.13504, 10.44617], [8.13554, 10.44155], [8.13522, 10.44051], [8.13162, 10.43563], [8.1318, 10.42505], [8.11334, 10.42145], [8.10159, 10.42442], [8.09437, 10.40999], [8.09018, 10.40728], [8.08955, 10.40705], [8.08096, 10.40391], [8.06645, 10.3986], [8.05031, 10.4008], [8.04633, 10.40503], [8.03682, 10.41513], [8.04449, 10.43277], [8.05216, 10.44472], [8.05004, 10.46154], [8.04961, 10.46501], [8.05376, 10.47086], [8.05742, 10.47958], [8.05749, 10.49061], [8.06112, 10.49753], [8.0814, 10.51341], [8.08121, 10.51352], [8.06096, 10.5406], [8.06092, 10.54433], [8.0619, 10.54591]]]}, "properties": {"name": "Kauru West", "lga": "Kauru", "state": "kd"}}, {"type": "Feature", "geometry": {"type": "Polygon", "coordinates": [[[8.14446, 10.28204], [8.14123, 10.28209], [8.13043, 10.28228], [8.11709, 10.28848], [8.11657, 10.29283], [8.10835, 10.29649], [8.10191, 10.30604], [8.09769, 10.3123], [8.09314, 10.31079], [8.07724, 10.30553], [8.07422, 10.31572], [8.05935, 10.31783], [8.05636, 10.3157], [8.03981, 10.30388], [8.03531, 10.29873], [8.03271, 10.30204], [8.03364, 10.3259], [8.03812, 10.3394], [8.03937, 10.34316], [8.03285, 10.35195], [8.03404, 10.35374], [8.03334, 10.35772], [8.03055, 10.37373], [8.02342, 10.39337], [8.02193, 10.39501], [8.00831, 10.41007], [8.00778, 10.4117], [8.00023, 10.44967], [8.00022, 10.45167], [8.00677, 10.45854], [8.01061, 10.47043], [8.01113, 10.47206], [8.01136, 10.47508], [8.00638, 10.47808], [7.9813, 10.4765], [7.97674, 10.47911], [7.95198, 10.47558], [7.94886, 10.47696], [7.93166, 10.46616], [7.92099, 10.47891], [7.90191, 10.48771], [7.8998, 10.48884], [7.89801, 10.4887], [7.89457, 10.50427], [7.89129, 10.5075], [7.8895, 10.50995], [7.88887, 10.51237], [7.88747, 10.51432], [7.88501, 10.51521], [7.88302, 10.5157], [7.88245, 10.51808], [7.88173, 10.51949], [7.87981, 10.51956], [7.87788, 10.51935], [7.86968, 10.52671], [7.87089, 10.53365], [7.87214, 10.53409], [7.87339, 10.53407], [7.87378, 10.5355], [7.87442, 10.53697], [7.87456, 10.53858], [7.87242, 10.55106], [7.87342, 10.55176], [7.87406, 10.55274], [7.87435, 10.55407], [7.87406, 10.55513], [7.87342, 10.55611], [7.87235, 10.55695], [7.87223, 10.5576], [7.8723, 10.55963], [7.87249, 10.56225], [7.8744, 10.56625], [7.88111, 10.57829], [7.88211, 10.58219], [7.88882, 10.58868], [7.88839, 10.59245], [7.88765, 10.59328], [7.8857, 10.59274], [7.88136, 10.58966], [7.85752, 10.57977], [7.85728, 10.58202], [7.85728, 10.5844], [7.85293, 10.59555], [7.85702, 10.60793], [7.85892, 10.61681], [7.86486, 10.6237], [7.86498, 10.62651], [7.86664, 10.63036], [7.8689, 10.63351], [7.86926, 10.65325], [7.86819, 10.65757], [7.86545, 10.65991], [7.86474, 10.6633], [7.86418, 10.66739], [7.86638, 10.67048], [7.87045, 10.67182], [7.87506, 10.67479], [7.87536, 10.67471], [7.87805, 10.67311], [7.88304, 10.67381], [7.89487, 10.6813], [7.89506, 10.68295], [7.89508, 10.6831], [7.8956, 10.68756], [7.89884, 10.69574], [7.91522, 10.6871], [7.9167, 10.68195], [7.91675, 10.68194], [7.91712, 10.68069], [7.92063, 10.68041], [7.93219, 10.67951], [7.93787, 10.6668], [7.94247, 10.6522], [7.94619, 10.64417], [7.95168, 10.63687], [7.95733, 10.62534], [7.96336, 10.61135], [7.97055, 10.60752], [7.98036, 10.61061], [7.98105, 10.61091], [7.98517, 10.61272], [7.98909, 10.61198], [7.99253, 10.61133], [7.9935, 10.61043], [7.98797, 10.60564], [7.9865, 10.60482], [7.97494, 10.59833], [7.99245, 10.57954], [7.992, 10.56816], [7.99234, 10.56764], [7.99243, 10.56745], [8.00344, 10.5621], [8.0143, 10.56419], [8.02383, 10.56921], [8.03611, 10.56453], [8.048, 10.56887], [8.0485, 10.55804], [8.0619, 10.54591], [8.06092, 10.54433], [8.06096, 10.5406], [8.08121, 10.51352], [8.0814, 10.51341], [8.06112, 10.49753], [8.05749, 10.49061], [8.05742, 10.47958], [8.05376, 10.47086], [8.04961, 10.46501], [8.05004, 10.46154], [8.05216, 10.44472], [8.04449, 10.43277], [8.03682, 10.41513], [8.04633, 10.40503], [8.05031, 10.4008], [8.06645, 10.3986], [8.08096, 10.40391], [8.08955, 10.40705], [8.09018, 10.40728], [8.09437, 10.40999], [8.10159, 10.42442], [8.11334, 10.42145], [8.1318, 10.42505], [8.13162, 10.43563], [8.13522, 10.44051], [8.13554, 10.44155], [8.13504, 10.44617], [8.1378, 10.45122], [8.13785, 10.45315], [8.14604, 10.45912], [8.1544, 10.46131], [8.15513, 10.4619], [8.14946, 10.48144], [8.15637, 10.48453], [8.15963, 10.48901], [8.16179, 10.49208], [8.16546, 10.49801], [8.16907, 10.49979], [8.1701, 10.50273], [8.17699, 10.51479], [8.17835, 10.51763], [8.1793, 10.5182], [8.18942, 10.52003], [8.19205, 10.5139], [8.19462, 10.50977], [8.20841, 10.50471], [8.21368, 10.49798], [8.22277, 10.50129], [8.22407, 10.50214], [8.22306, 10.51699], [8.21948, 10.52402], [8.22002, 10.52726], [8.22447, 10.52958], [8.23688, 10.53832], [8.23756, 10.53799], [8.2522, 10.54335], [8.26123, 10.53935], [8.26505, 10.5394], [8.26807, 10.53534], [8.26846, 10.53], [8.2645, 10.52009], [8.26492, 10.51806], [8.26796, 10.51462], [8.267, 10.50386], [8.26917, 10.50047], [8.27184, 10.49128], [8.25999, 10.48388], [8.25033, 10.48758], [8.22784, 10.4734], [8.22653, 10.47003], [8.22641, 10.4653], [8.22022, 10.44512], [8.21834, 10.44453], [8.21002, 10.43444], [8.20923, 10.41982], [8.20184, 10.41232], [8.19962, 10.41082], [8.19637, 10.40282], [8.20329, 10.39165], [8.19897, 10.38089], [8.19581, 10.37942], [8.19486, 10.37738], [8.18027, 10.37204], [8.1762, 10.36991], [8.17144, 10.36053], [8.17027, 10.36006], [8.17518, 10.34208], [8.17921, 10.34023], [8.18128, 10.33721], [8.18191, 10.3363], [8.18655, 10.32857], [8.18235, 10.32394], [8.17703, 10.32034], [8.17604, 10.31501], [8.17642, 10.31136], [8.17758, 10.30697], [8.1883, 10.30311], [8.19197, 10.30053], [8.18926, 10.28913], [8.18038, 10.27848], [8.17905, 10.27406], [8.17033, 10.27586], [8.16135, 10.28825], [8.15458, 10.2938], [8.14957, 10.29151], [8.14446, 10.28204]]]}, "properties": {"name": "Dawaki", "lga": "Kauru", "state": "kd"}}, {"type": "Feature", "geometry": {"type": "Polygon", "coordinates": [[[8.03583, 11.49338], [8.0391, 11.4917], [8.04012, 11.4874], [8.03696, 11.48364], [8.0357, 11.47854], [8.03087, 11.47339], [8.01978, 11.46713], [8.01789, 11.46443], [8.01677, 11.45927], [8.02019, 11.45135], [8.01858, 11.44991], [8.0181, 11.4459], [8.01524, 11.44108], [8.01187, 11.43973], [8.00547, 11.43718], [8.01402, 11.43146], [8.01413, 11.4312], [8.00547, 11.4179], [8.00363, 11.41781], [8.00359, 11.41781], [8.00003, 11.41595], [7.99895, 11.41256], [7.99828, 11.4111], [7.99886, 11.40292], [7.99884, 11.40264], [8.00863, 11.39576], [8.01021, 11.39769], [8.01139, 11.39873], [8.01209, 11.39917], [8.01904, 11.39784], [8.02048, 11.39814], [8.02204, 11.39786], [8.0281, 11.3881], [8.02717, 11.38465], [8.02802, 11.38388], [8.03203, 11.37871], [8.03225, 11.37326], [8.03678, 11.36897], [8.04066, 11.36718], [8.04046, 11.36453], [8.03683, 11.36343], [8.03339, 11.36227], [8.03182, 11.36202], [8.02993, 11.36186], [8.02744, 11.36206], [8.02318, 11.3625], [8.01554, 11.35884], [8.0151, 11.35692], [8.01504, 11.35667], [8.01449, 11.3534], [8.00989, 11.35256], [8.00893, 11.34785], [8.01067, 11.34212], [7.99637, 11.33639], [7.99274, 11.33957], [7.99095, 11.3425], [7.99083, 11.34307], [7.99078, 11.34436], [7.98758, 11.34744], [7.98657, 11.35401], [7.97332, 11.34859], [7.97079, 11.35497], [7.97145, 11.35638], [7.9717, 11.35702], [7.97467, 11.35708], [7.97007, 11.36372], [7.97137, 11.36529], [7.973, 11.36683], [7.97647, 11.36834], [7.96762, 11.36956], [7.96762, 11.36976], [7.96788, 11.37154], [7.96517, 11.37173], [7.96046, 11.37614], [7.96086, 11.37712], [7.96211, 11.37831], [7.9621, 11.37896], [7.96776, 11.37857], [7.96872, 11.38034], [7.96944, 11.38176], [7.96356, 11.38523], [7.96348, 11.38662], [7.96358, 11.38801], [7.96517, 11.38833], [7.96699, 11.38828], [7.96959, 11.39213], [7.96987, 11.39317], [7.9698, 11.39347], [7.96821, 11.3929], [7.96754, 11.39342], [7.96665, 11.39641], [7.96895, 11.39771], [7.97032, 11.4033], [7.97565, 11.4014], [7.97561, 11.40182], [7.97557, 11.4068], [7.97548, 11.40855], [7.9784, 11.40851], [7.97837, 11.41007], [7.97529, 11.41764], [7.97201, 11.41681], [7.96884, 11.41369], [7.96472, 11.42024], [7.96581, 11.42676], [7.96761, 11.42734], [7.96899, 11.4278], [7.97066, 11.42767], [7.97062, 11.42858], [7.97051, 11.42933], [7.97067, 11.43119], [7.96643, 11.4387], [7.96602, 11.44209], [7.96591, 11.44303], [7.96537, 11.44385], [7.96101, 11.44536], [7.95895, 11.44657], [7.95756, 11.4483], [7.95644, 11.45101], [7.95484, 11.4559], [7.95461, 11.45702], [7.95649, 11.46741], [7.95687, 11.46761], [7.95918, 11.46937], [7.96269, 11.47138], [7.96482, 11.47351], [7.9668, 11.47548], [7.96765, 11.47633], [7.96842, 11.47868], [7.97792, 11.47901], [7.97869, 11.48329], [7.98023, 11.4843], [7.98254, 11.48304], [7.98588, 11.48455], [7.98861, 11.48474], [7.99101, 11.48765], [7.99478, 11.4869], [7.99546, 11.48807], [7.99495, 11.49008], [7.99572, 11.49159], [7.99666, 11.49141], [7.9976, 11.48933], [7.99948, 11.48958], [8.0009, 11.4921], [8.00599, 11.49193], [8.00909, 11.49083], [8.01232, 11.49184], [8.02, 11.48933], [8.0225, 11.4888], [8.02567, 11.49067], [8.02781, 11.49302], [8.03029, 11.49411], [8.03345, 11.49352], [8.03583, 11.49338]]]}, "properties": {"name": "Rumi", "lga": "Ikara", "state": "kd"}}, {"type": "Feature", "geometry": {"type": "Polygon", "coordinates": [[[8.60085, 10.64381], [8.61561, 10.63975], [8.61659, 10.63907], [8.62808, 10.63466], [8.63881, 10.63053], [8.64393, 10.63048], [8.64956, 10.62407], [8.65637, 10.61067], [8.66087, 10.6019], [8.66643, 10.5933], [8.6839, 10.57155], [8.70352, 10.54934], [8.71113, 10.54336], [8.71949, 10.54859], [8.7281, 10.55501], [8.73604, 10.56093], [8.74973, 10.56504], [8.75846, 10.57313], [8.76038, 10.58186], [8.76513, 10.58467], [8.77064, 10.58728], [8.77919, 10.59813], [8.78318, 10.59697], [8.79308, 10.56546], [8.79098, 10.56016], [8.78827, 10.55333], [8.78429, 10.54327], [8.78286, 10.53333], [8.78191, 10.52667], [8.78214, 10.52588], [8.77527, 10.51911], [8.77461, 10.51722], [8.77366, 10.51379], [8.77301, 10.51018], [8.77305, 10.50446], [8.77416, 10.5011], [8.77611, 10.49626], [8.77675, 10.47947], [8.75834, 10.45786], [8.75285, 10.45456], [8.7494, 10.4452], [8.73995, 10.44923], [8.73352, 10.45428], [8.72979, 10.45662], [8.72144, 10.45777], [8.71852, 10.45515], [8.71382, 10.45302], [8.70434, 10.45612], [8.70482, 10.47539], [8.69727, 10.48001], [8.68994, 10.47501], [8.67263, 10.48145], [8.65877, 10.49499], [8.65746, 10.49942], [8.65429, 10.5023], [8.64853, 10.50075], [8.63825, 10.50748], [8.65046, 10.51897], [8.65203, 10.53246], [8.65335, 10.53535], [8.66261, 10.53943], [8.66581, 10.54736], [8.66068, 10.55369], [8.6587, 10.55582], [8.64614, 10.56283], [8.64283, 10.56181], [8.63261, 10.55791], [8.62807, 10.55937], [8.62784, 10.55949], [8.62077, 10.56461], [8.61808, 10.56559], [8.61644, 10.56731], [8.61423, 10.59013], [8.61369, 10.59185], [8.61066, 10.59944], [8.6031, 10.61602], [8.60119, 10.62312], [8.60056, 10.62325], [8.59998, 10.62327], [8.59954, 10.62325], [8.60126, 10.6337], [8.60085, 10.64381]]]}, "properties": {"name": "Dan Alhaji", "lga": "Lere", "state": "kd"}}, {"type": "Feature", "geometry": {"type": "MultiPolygon", "coordinates": [[[[7.39343, 10.48158], [7.39627, 10.48285], [7.39842, 10.48424], [7.4046, 10.47258], [7.40188, 10.47136], [7.39856, 10.46711], [7.39288, 10.46607], [7.392, 10.47535], [7.39219, 10.4767], [7.39278, 10.47897], [7.39343, 10.48158]]], [[[7.21303, 10.45211], [7.21217, 10.45338], [7.212, 10.45491], [7.2126, 10.4567], [7.21468, 10.45806], [7.21641, 10.45772], [7.21987, 10.45747], [7.22264, 10.4573], [7.2235, 10.45815], [7.22497, 10.45976], [7.22662, 10.46112], [7.22653, 10.46257], [7.22541, 10.46385], [7.22593, 10.46504], [7.22705, 10.46631], [7.22705, 10.46785], [7.22653, 10.46997], [7.22549, 10.47193], [7.22689, 10.47368], [7.22973, 10.47482], [7.23129, 10.47746], [7.23181, 10.47916], [7.23146, 10.48112], [7.23068, 10.48307], [7.22411, 10.4829], [7.22359, 10.48443], [7.22427, 10.48556], [7.22567, 10.48639], [7.22904, 10.48639], [7.23016, 10.48775], [7.23198, 10.48835], [7.23449, 10.48809], [7.23484, 10.48945], [7.23527, 10.4911], [7.23769, 10.49124], [7.23812, 10.49243], [7.23977, 10.49388], [7.24133, 10.49575], [7.24115, 10.49864], [7.23934, 10.49932], [7.23786, 10.49796], [7.23657, 10.49702], [7.22947, 10.49983], [7.22869, 10.49847], [7.2274, 10.49694], [7.22523, 10.49702], [7.22385, 10.49796], [7.22238, 10.49966], [7.22266, 10.51571], [7.23609, 10.51576], [7.24649, 10.51086], [7.24857, 10.51173], [7.25006, 10.51249], [7.25187, 10.51303], [7.25416, 10.51267], [7.25428, 10.51483], [7.2557, 10.51635], [7.28607, 10.51822], [7.28549, 10.51507], [7.28767, 10.50402], [7.28553, 10.49812], [7.28688, 10.49671], [7.28726, 10.49158], [7.29109, 10.48621], [7.28904, 10.48195], [7.28664, 10.48028], [7.28334, 10.47984], [7.28013, 10.47907], [7.27357, 10.47381], [7.27329, 10.47038], [7.27428, 10.46771], [7.27685, 10.46512], [7.27913, 10.46323], [7.28134, 10.46084], [7.28263, 10.45783], [7.28341, 10.45327], [7.28241, 10.45004], [7.28056, 10.44857], [7.27828, 10.44773], [7.276, 10.44549], [7.27264, 10.44492], [7.27029, 10.44205], [7.26793, 10.43876], [7.26708, 10.4328], [7.26616, 10.42319], [7.26673, 10.42066], [7.2678, 10.41687], [7.26722, 10.41239], [7.25703, 10.39731], [7.2538, 10.39609], [7.24968, 10.39569], [7.24527, 10.39713], [7.24197, 10.39691], [7.23985, 10.39583], [7.23799, 10.39331], [7.23671, 10.39001], [7.23428, 10.3877], [7.232, 10.38728], [7.22851, 10.38623], [7.2238, 10.38405], [7.22463, 10.39612], [7.22523, 10.39944], [7.22515, 10.4025], [7.22575, 10.40403], [7.2267, 10.40548], [7.22748, 10.40701], [7.22722, 10.40863], [7.22627, 10.41084], [7.22549, 10.41348], [7.22541, 10.41552], [7.22662, 10.41765], [7.2267, 10.41935], [7.22567, 10.42156], [7.22445, 10.42411], [7.22437, 10.42565], [7.22463, 10.4282], [7.22471, 10.43015], [7.22385, 10.43211], [7.2216, 10.43381], [7.2197, 10.43552], [7.21952, 10.43722], [7.22324, 10.44419], [7.22394, 10.44624], [7.22394, 10.44862], [7.22307, 10.45006], [7.21996, 10.45091], [7.21641, 10.45151], [7.21303, 10.45211]]]]}, "properties": {"name": "Nassarawa", "lga": "Chikun", "state": "kd"}}, {"type": "Feature", "geometry": {"type": "Polygon", "coordinates": [[[7.39343, 10.48158], [7.39278, 10.47897], [7.39219, 10.4767], [7.392, 10.47535], [7.39288, 10.46607], [7.39856, 10.46711], [7.39826, 10.44562], [7.39475, 10.44589], [7.3934, 10.44757], [7.39147, 10.44827], [7.38592, 10.4478], [7.38377, 10.44694], [7.38042, 10.44617], [7.37465, 10.44371], [7.36281, 10.46061], [7.35917, 10.46356], [7.35689, 10.46433], [7.35333, 10.46818], [7.35033, 10.47127], [7.34681, 10.47631], [7.34313, 10.48194], [7.34294, 10.48456], [7.34265, 10.4875], [7.34156, 10.48923], [7.34089, 10.49141], [7.36421, 10.4895], [7.37802, 10.49014], [7.38426, 10.48656], [7.38648, 10.48477], [7.38766, 10.48172], [7.39048, 10.48101], [7.39101, 10.48088], [7.39343, 10.48158]]]}, "properties": {"name": "Sabon Gari Nassarawa", "lga": "Chikun", "state": "kd"}}, {"type": "Feature", "geometry": {"type": "Polygon", "coordinates": [[[6.37617, 10.60767], [6.38844, 10.59841], [6.40994, 10.575], [6.40994, 10.57499], [6.40842, 10.5733], [6.40638, 10.57281], [6.40381, 10.57386], [6.40366, 10.57392], [6.40243, 10.57442], [6.39798, 10.57284], [6.39724, 10.5727], [6.39724, 10.57264], [6.3972, 10.57173], [6.39711, 10.56945], [6.39274, 10.56201], [6.39268, 10.56198], [6.3912, 10.56131], [6.39154, 10.55884], [6.39155, 10.55875], [6.39181, 10.55689], [6.38647, 10.55086], [6.38295, 10.54043], [6.36983, 10.52792], [6.35533, 10.5112], [6.32709, 10.49521], [6.31542, 10.48016], [6.32259, 10.45624], [6.32382, 10.45355], [6.32005, 10.44057], [6.30999, 10.43259], [6.30938, 10.43249], [6.30349, 10.4318], [6.30229, 10.43135], [6.30425, 10.42469], [6.29708, 10.41814], [6.2963, 10.418], [6.29595, 10.41801], [6.29141, 10.4231], [6.28619, 10.42351], [6.2867, 10.42263], [6.2874, 10.42179], [6.28757, 10.42026], [6.28641, 10.41377], [6.28591, 10.41376], [6.28536, 10.41419], [6.25445, 10.42745], [6.24422, 10.41194], [6.23565, 10.3848], [6.23398, 10.38578], [6.23189, 10.38646], [6.22813, 10.3849], [6.226, 10.38459], [6.22387, 10.38513], [6.22193, 10.38579], [6.21936, 10.38943], [6.21925, 10.38945], [6.21813, 10.38965], [6.21671, 10.38938], [6.21523, 10.38576], [6.21381, 10.38231], [6.21133, 10.37879], [6.20926, 10.37489], [6.20715, 10.37306], [6.20591, 10.37248], [6.20463, 10.3725], [6.19674, 10.37832], [6.19457, 10.37886], [6.19278, 10.37869], [6.19129, 10.37715], [6.18709, 10.37575], [6.18423, 10.37526], [6.18257, 10.37376], [6.18152, 10.37007], [6.18164, 10.36928], [6.18055, 10.36601], [6.17798, 10.36372], [6.17594, 10.36219], [6.1734, 10.35914], [6.17211, 10.35866], [6.16971, 10.35847], [6.17085, 10.36503], [6.17059, 10.36551], [6.16974, 10.366], [6.16931, 10.36635], [6.16926, 10.36684], [6.17007, 10.36753], [6.17009, 10.36902], [6.16921, 10.37131], [6.17152, 10.37458], [6.17133, 10.37527], [6.17102, 10.37573], [6.1709, 10.37638], [6.17128, 10.37671], [6.17203, 10.37664], [6.17236, 10.3771], [6.17235, 10.37766], [6.17285, 10.37963], [6.1731, 10.3809], [6.17731, 10.38577], [6.1751, 10.38806], [6.17228, 10.3885], [6.16984, 10.39242], [6.16957, 10.39547], [6.16878, 10.39582], [6.16767, 10.39599], [6.16631, 10.39639], [6.16641, 10.39668], [6.1666, 10.39723], [6.16644, 10.39763], [6.16438, 10.39862], [6.16292, 10.40393], [6.16451, 10.40813], [6.16228, 10.40959], [6.16156, 10.41252], [6.16227, 10.4134], [6.16257, 10.41391], [6.16266, 10.41436], [6.16139, 10.41758], [6.1749, 10.4422], [6.15833, 10.50083], [6.09224, 10.52178], [6.09317, 10.52492], [6.09395, 10.52856], [6.09429, 10.53104], [6.09364, 10.5462], [6.09639, 10.54694], [6.0997, 10.54754], [6.109, 10.54519], [6.11202, 10.5475], [6.11442, 10.54858], [6.11646, 10.54921], [6.1171, 10.54961], [6.12003, 10.55007], [6.12574, 10.55673], [6.126, 10.55857], [6.12583, 10.55986], [6.12544, 10.56157], [6.12871, 10.56879], [6.12907, 10.57024], [6.12952, 10.57395], [6.12987, 10.5777], [6.13116, 10.58165], [6.13401, 10.59013], [6.13338, 10.59179], [6.13144, 10.59351], [6.12754, 10.5963], [6.11708, 10.60207], [6.1156, 10.60407], [6.1148, 10.6053], [6.11471, 10.60676], [6.12136, 10.62863], [6.12341, 10.63222], [6.1275, 10.63444], [6.12724, 10.63556], [6.12676, 10.63711], [6.12703, 10.63859], [6.12789, 10.64054], [6.12913, 10.64333], [6.13082, 10.64597], [6.13052, 10.65771], [6.13216, 10.65962], [6.1328, 10.65986], [6.13305, 10.66046], [6.1331, 10.66739], [6.14019, 10.67052], [6.14104, 10.6732], [6.1508, 10.68345], [6.20863, 10.67549], [6.21799, 10.67076], [6.218, 10.67072], [6.21788, 10.65067], [6.2177, 10.63094], [6.21015, 10.62295], [6.25276, 10.57154], [6.2528, 10.57154], [6.28527, 10.57568], [6.30884, 10.5771], [6.34028, 10.60008], [6.36657, 10.61491], [6.37617, 10.60767]]]}, "properties": {"name": "Randagi", "lga": "Birnin Gwari", "state": "kd"}}, {"type": "Feature", "geometry": {"type": "Polygon", "coordinates": [[[7.2238, 10.38405], [7.22295, 10.38195], [7.2228, 10.37879], [7.22323, 10.37325], [7.22079, 10.36779], [7.19763, 10.36991], [7.19414, 10.36661], [7.1905, 10.36563], [7.18843, 10.36395], [7.18749, 10.36118], [7.18537, 10.35995], [7.18244, 10.35897], [7.18137, 10.35637], [7.17995, 10.35336], [7.17752, 10.35167], [7.17546, 10.34859], [7.1731, 10.34796], [7.16919, 10.34708], [7.16798, 10.32809], [7.15762, 10.29703], [7.14291, 10.26306], [7.13865, 10.25759], [7.13014, 10.21452], [7.13623, 10.19693], [7.15372, 10.18795], [7.1908, 10.18889], [7.20751, 10.17875], [7.20753, 10.17872], [7.21101, 10.169], [7.21236, 10.13605], [7.21597, 10.12832], [7.23951, 10.09921], [7.23984, 10.099], [7.26328, 10.08084], [7.30049, 10.05772], [7.29513, 10.04913], [7.2885, 10.04054], [7.28732, 10.04053], [7.28341, 10.04053], [7.27846, 10.04541], [7.2734, 10.04663], [7.26313, 10.04415], [7.25407, 10.03923], [7.25073, 10.03942], [7.24079, 10.03998], [7.23237, 10.04335], [7.22909, 10.03842], [7.22669, 10.03884], [7.22213, 10.03726], [7.21602, 10.03741], [7.21387, 10.03998], [7.20714, 10.04167], [7.20041, 10.03326], [7.18863, 10.02737], [7.17938, 10.02737], [7.17524, 10.0293], [7.16676, 10.03326], [7.15667, 10.0341], [7.14994, 10.03494], [7.13817, 10.03578], [7.12487, 10.03296], [7.12303, 10.02989], [7.11209, 10.02653], [7.10536, 10.02653], [7.10368, 10.03157], [7.10031, 10.02989], [7.0919, 10.03241], [7.08517, 10.03662], [7.06499, 10.04251], [7.05867, 10.04285], [7.03386, 10.04419], [7.01872, 10.0383], [7.00849, 10.0448], [6.9834, 10.04587], [6.95227, 10.04755], [6.9405, 10.06101], [6.9262, 10.06774], [6.91442, 10.07784], [6.90636, 10.07784], [6.90118, 10.07638], [6.89253, 10.09302], [6.88209, 10.11711], [6.88226, 10.11896], [6.88374, 10.13445], [6.8853, 10.15084], [6.88835, 10.15313], [6.89494, 10.15807], [6.90097, 10.16521], [6.90377, 10.16852], [6.90546, 10.17095], [6.911, 10.17896], [6.91502, 10.18859], [6.91675, 10.18924], [6.92144, 10.191], [6.92364, 10.18913], [6.92707, 10.18618], [6.92867, 10.18056], [6.94233, 10.18056], [6.94704, 10.18527], [6.94715, 10.18538], [6.95447, 10.192], [6.95919, 10.20225], [6.95979, 10.20404], [6.9608, 10.20707], [6.96562, 10.2151], [6.96723, 10.22233], [6.96727, 10.22247], [6.97044, 10.23277], [6.97468, 10.23659], [6.97847, 10.24], [6.98249, 10.24401], [6.98409, 10.24], [6.98489, 10.23681], [6.98731, 10.23679], [6.98905, 10.239], [6.9905, 10.24084], [6.99614, 10.24482], [7.00257, 10.24723], [7.0029, 10.24492], [7.00337, 10.2416], [7.00819, 10.24241], [7.00913, 10.24711], [7.00952, 10.24905], [7.00979, 10.25044], [7.01066, 10.25229], [7.01361, 10.25856], [7.01713, 10.26605], [7.01943, 10.27373], [7.02468, 10.27898], [7.02586, 10.28016], [7.03228, 10.28739], [7.04032, 10.28899], [7.04594, 10.2914], [7.04912, 10.30096], [7.04915, 10.30104], [7.04995, 10.31068], [7.05076, 10.3171], [7.04663, 10.32261], [7.04353, 10.32674], [7.03389, 10.34361], [7.02911, 10.34727], [7.02477, 10.35059], [7.02024, 10.35405], [7.00639, 10.35617], [7.00338, 10.35663], [7.00039, 10.35655], [6.99694, 10.35646], [6.97721, 10.36483], [6.94875, 10.36048], [6.94167, 10.36087], [6.94059, 10.36093], [6.9343, 10.36128], [6.93021, 10.36577], [6.92747, 10.36879], [6.92626, 10.37012], [6.92567, 10.37235], [6.92477, 10.37572], [6.92305, 10.38216], [6.92843, 10.40304], [6.93177, 10.41259], [6.99648, 10.44584], [7.10013, 10.4464], [7.12918, 10.44715], [7.13237, 10.37249], [7.13649, 10.34294], [7.15308, 10.34127], [7.18263, 10.3702], [7.19986, 10.4513], [7.21303, 10.45211], [7.21641, 10.45151], [7.21996, 10.45091], [7.22307, 10.45006], [7.22394, 10.44862], [7.22394, 10.44624], [7.22324, 10.44419], [7.21952, 10.43722], [7.2197, 10.43552], [7.2216, 10.43381], [7.22385, 10.43211], [7.22471, 10.43015], [7.22463, 10.4282], [7.22437, 10.42565], [7.22445, 10.42411], [7.22567, 10.42156], [7.2267, 10.41935], [7.22662, 10.41765], [7.22541, 10.41552], [7.22549, 10.41348], [7.22627, 10.41084], [7.22722, 10.40863], [7.22748, 10.40701], [7.2267, 10.40548], [7.22575, 10.40403], [7.22515, 10.4025], [7.22523, 10.39944], [7.22463, 10.39612], [7.2238, 10.38405]]]}, "properties": {"name": "Chikun", "lga": "Chikun", "state": "kd"}}, {"type": "Feature", "geometry": {"type": "Polygon", "coordinates": [[[7.64428, 11.15461], [7.64306, 11.15542], [7.64108, 11.1576], [7.64267, 11.16013], [7.64341, 11.16072], [7.64416, 11.16149], [7.63468, 11.16676], [7.63886, 11.17071], [7.64059, 11.17099], [7.64132, 11.1714], [7.64177, 11.1715], [7.64209, 11.17311], [7.64231, 11.17379], [7.6426, 11.17411], [7.6455, 11.17073], [7.64707, 11.16859], [7.64814, 11.16745], [7.65782, 11.15954], [7.66725, 11.15479], [7.67058, 11.15771], [7.67188, 11.15847], [7.6762, 11.16175], [7.68102, 11.16286], [7.68637, 11.13855], [7.68444, 11.13886], [7.6822, 11.13922], [7.67818, 11.14328], [7.66369, 11.15123], [7.66217, 11.15289], [7.66122, 11.15391], [7.65013, 11.15889], [7.64967, 11.15834], [7.64885, 11.15737], [7.64649, 11.15827], [7.64516, 11.15629], [7.64559, 11.15434], [7.64428, 11.15461]]]}, "properties": {"name": "Samaru", "lga": "Sabon Gari", "state": "kd"}}, {"type": "Feature", "geometry": {"type": "Polygon", "coordinates": [[[6.5066, 10.60946], [6.51722, 10.624], [6.52243, 10.64091], [6.5253, 10.64435], [6.52651, 10.64378], [6.52708, 10.64326], [6.52739, 10.64223], [6.52903, 10.64213], [6.5297, 10.64217], [6.53028, 10.64232], [6.53287, 10.648], [6.53244, 10.65024], [6.53055, 10.65133], [6.54041, 10.66408], [6.54842, 10.66824], [6.54622, 10.67073], [6.5455, 10.67142], [6.54337, 10.67511], [6.54872, 10.68383], [6.55153, 10.6962], [6.5555, 10.69997], [6.56214, 10.70871], [6.59845, 10.69677], [6.59966, 10.69806], [6.60109, 10.69946], [6.60195, 10.70013], [6.61216, 10.70275], [6.61755, 10.70234], [6.61811, 10.58419], [6.58692, 10.57412], [6.57407, 10.55726], [6.5694, 10.55492], [6.56655, 10.5535], [6.56121, 10.55083], [6.5561, 10.54694], [6.55159, 10.54556], [6.54917, 10.54521], [6.54033, 10.54521], [6.5323, 10.55324], [6.53003, 10.55677], [6.52615, 10.56281], [6.52507, 10.56449], [6.5244, 10.5661], [6.52271, 10.57016], [6.52159, 10.57283], [6.52141, 10.57605], [6.52127, 10.57849], [6.52106, 10.58216], [6.52154, 10.58409], [6.52315, 10.59054], [6.52427, 10.59501], [6.51383, 10.60545], [6.5066, 10.60946]]]}, "properties": {"name": "Magajin Gari 1", "lga": "Birnin Gwari", "state": "kd"}}, {"type": "Feature", "geometry": {"type": "Polygon", "coordinates": [[[6.40994, 10.575], [6.38844, 10.59841], [6.37617, 10.60767], [6.37906, 10.61214], [6.38411, 10.61889], [6.39056, 10.62626], [6.3961, 10.63088], [6.39154, 10.65189], [6.39446, 10.68607], [6.36252, 10.7584], [6.35961, 10.786], [6.33706, 10.85892], [6.31086, 11.00714], [6.31203, 11.00937], [6.3131, 11.01038], [6.31574, 11.01089], [6.31777, 11.01007], [6.32012, 11.01021], [6.32219, 11.01168], [6.32369, 11.01462], [6.32426, 11.01766], [6.32504, 11.01833], [6.32679, 11.01882], [6.32743, 11.01959], [6.32736, 11.02088], [6.32622, 11.0227], [6.32197, 11.02139], [6.32206, 11.0228], [6.32243, 11.02407], [6.32861, 11.02715], [6.3347, 11.02466], [6.33602, 11.02347], [6.33703, 11.02149], [6.3383, 11.02095], [6.33966, 11.02092], [6.34091, 11.02109], [6.3442, 11.02418], [6.34529, 11.02396], [6.3457, 11.0235], [6.34675, 11.02221], [6.35381, 11.02231], [6.3648, 11.01766], [6.37178, 11.0247], [6.37405, 11.03025], [6.37485, 11.03096], [6.37634, 11.03086], [6.37827, 11.03051], [6.38248, 11.03261], [6.38408, 11.03299], [6.38647, 11.03215], [6.39161, 11.03385], [6.39187, 11.03367], [6.39335, 11.03264], [6.3956, 11.03184], [6.40372, 11.03292], [6.40583, 11.03028], [6.40693, 11.0289], [6.40804, 11.02879], [6.41016, 11.03028], [6.41128, 11.03107], [6.41898, 11.02774], [6.42009, 11.02575], [6.42048, 11.02092], [6.42155, 11.01777], [6.4243, 11.01423], [6.42626, 11.01266], [6.42713, 11.00953], [6.42902, 11.00839], [6.43176, 11.00747], [6.43701, 11.00761], [6.45818, 11.01594], [6.46853, 11.0226], [6.47912, 11.0295], [6.48864, 11.03271], [6.5003, 11.03842], [6.51077, 11.04366], [6.53337, 11.04794], [6.54111, 11.04509], [6.55158, 11.04175], [6.55955, 11.03616], [6.57249, 11.02337], [6.56973, 11.00761], [6.56586, 11.00407], [6.56471, 11.00134], [6.56471, 10.99931], [6.56492, 10.99702], [6.5699, 10.98967], [6.57005, 10.97888], [6.56727, 10.96995], [6.56572, 10.95913], [6.56894, 10.93344], [6.56891, 10.9149], [6.5685, 10.9096], [6.56694, 10.90924], [6.567, 10.90695], [6.56774, 10.9068], [6.56835, 10.90619], [6.56847, 10.90597], [6.56866, 10.90541], [6.56919, 10.90376], [6.56974, 10.90133], [6.57395, 10.90242], [6.58533, 10.89121], [6.59102, 10.88304], [6.59769, 10.88036], [6.59956, 10.87745], [6.60424, 10.87428], [6.60976, 10.86553], [6.61013, 10.86532], [6.61061, 10.86509], [6.61139, 10.86487], [6.63609, 10.8734], [6.64567, 10.85705], [6.62086, 10.84502], [6.62953, 10.8198], [6.6351, 10.81192], [6.63561, 10.8069], [6.63592, 10.8063], [6.63841, 10.80022], [6.63687, 10.79923], [6.63528, 10.79817], [6.63466, 10.79771], [6.62609, 10.78716], [6.61833, 10.78288], [6.61759, 10.78104], [6.6161, 10.77812], [6.60894, 10.77858], [6.6062, 10.77593], [6.60555, 10.77283], [6.60647, 10.76942], [6.60627, 10.76636], [6.60185, 10.7555], [6.60208, 10.75404], [6.60258, 10.75239], [6.60273, 10.75223], [6.59811, 10.74303], [6.5926, 10.7354], [6.58778, 10.72947], [6.58163, 10.7236], [6.56341, 10.71418], [6.56206, 10.71408], [6.55997, 10.71375], [6.56214, 10.70871], [6.5555, 10.69997], [6.55153, 10.6962], [6.54872, 10.68383], [6.54337, 10.67511], [6.5455, 10.67142], [6.54622, 10.67073], [6.54842, 10.66824], [6.54041, 10.66408], [6.53055, 10.65133], [6.53244, 10.65024], [6.53287, 10.648], [6.53028, 10.64232], [6.5297, 10.64217], [6.52903, 10.64213], [6.52739, 10.64223], [6.52708, 10.64326], [6.52651, 10.64378], [6.5253, 10.64435], [6.52243, 10.64091], [6.51722, 10.624], [6.5066, 10.60946], [6.49454, 10.61569], [6.48296, 10.60491], [6.48156, 10.60627], [6.4804, 10.6074], [6.47776, 10.60793], [6.47712, 10.60807], [6.47241, 10.6061], [6.4713, 10.6041], [6.4692, 10.60034], [6.46359, 10.59678], [6.4599, 10.59419], [6.45729, 10.59387], [6.45578, 10.59573], [6.45038, 10.59501], [6.44666, 10.59421], [6.44653, 10.59191], [6.44589, 10.59061], [6.44182, 10.59065], [6.43868, 10.58995], [6.43598, 10.59071], [6.43558, 10.59082], [6.43359, 10.58933], [6.43322, 10.58905], [6.43123, 10.5869], [6.42952, 10.58294], [6.42692, 10.57968], [6.42442, 10.57709], [6.40994, 10.575]]]}, "properties": {"name": "Magajin Gari 2", "lga": "Birnin Gwari", "state": "kd"}}, {"type": "Feature", "geometry": {"type": "Polygon", "coordinates": [[[6.90368, 11.10335], [6.90807, 11.09871], [6.91788, 11.08209], [6.92066, 11.0638], [6.91177, 10.98854], [6.95267, 10.89429], [6.93265, 10.8921], [6.87317, 10.88325], [6.85734, 10.87711], [6.77928, 10.82926], [6.77582, 10.83264], [6.74857, 10.87393], [6.73946, 10.86842], [6.73446, 10.86849], [6.73214, 10.86864], [6.73108, 10.86863], [6.73075, 10.87003], [6.72992, 10.87068], [6.72433, 10.87094], [6.71764, 10.86489], [6.71757, 10.86448], [6.71798, 10.86238], [6.71727, 10.86175], [6.71645, 10.86133], [6.71573, 10.86071], [6.71565, 10.85995], [6.71581, 10.85789], [6.71532, 10.85669], [6.7123, 10.85801], [6.71148, 10.8527], [6.70714, 10.84568], [6.70775, 10.84276], [6.70817, 10.8419], [6.70808, 10.84095], [6.70749, 10.84039], [6.70729, 10.84006], [6.70606, 10.8391], [6.69783, 10.84397], [6.68728, 10.84251], [6.68695, 10.84233], [6.68658, 10.84197], [6.68435, 10.84033], [6.68219, 10.84178], [6.68186, 10.84677], [6.67408, 10.84861], [6.67434, 10.84726], [6.67757, 10.82755], [6.66991, 10.82507], [6.67022, 10.82214], [6.6689, 10.82116], [6.66703, 10.81944], [6.66612, 10.81659], [6.64896, 10.80374], [6.64697, 10.80346], [6.64365, 10.80311], [6.64051, 10.80175], [6.63862, 10.80036], [6.63841, 10.80022], [6.63592, 10.8063], [6.63561, 10.8069], [6.6351, 10.81192], [6.62953, 10.8198], [6.62086, 10.84502], [6.64567, 10.85705], [6.63609, 10.8734], [6.61139, 10.86487], [6.61061, 10.86509], [6.61013, 10.86532], [6.60424, 10.87428], [6.59956, 10.87745], [6.59769, 10.88036], [6.59102, 10.88304], [6.58533, 10.89121], [6.57395, 10.90242], [6.56974, 10.90133], [6.56919, 10.90376], [6.56866, 10.90541], [6.56847, 10.90597], [6.56835, 10.90619], [6.56774, 10.9068], [6.567, 10.90695], [6.56694, 10.90924], [6.5685, 10.9096], [6.56891, 10.9149], [6.56894, 10.93344], [6.56572, 10.95913], [6.56727, 10.96995], [6.57005, 10.97888], [6.5699, 10.98967], [6.56492, 10.99702], [6.56471, 10.99931], [6.56471, 11.00134], [6.56586, 11.00407], [6.56973, 11.00761], [6.57204, 11.02215], [6.57406, 11.02157], [6.57729, 11.02157], [6.57808, 11.02527], [6.58456, 11.0239], [6.58589, 11.02497], [6.58756, 11.03085], [6.59878, 11.04126], [6.59982, 11.04466], [6.6032, 11.04597], [6.60545, 11.04649], [6.62269, 11.04704], [6.62416, 11.0491], [6.62535, 11.04914], [6.62715, 11.04807], [6.63081, 11.04928], [6.64303, 11.05063], [6.64384, 11.04975], [6.64425, 11.04882], [6.64503, 11.04937], [6.64642, 11.04929], [6.64907, 11.05049], [6.65653, 11.05199], [6.66078, 11.05584], [6.66205, 11.05469], [6.66323, 11.05539], [6.6638, 11.05563], [6.6638, 11.0615], [6.66691, 11.06252], [6.66861, 11.06281], [6.67531, 11.05637], [6.67678, 11.05731], [6.68298, 11.06504], [6.6811, 11.08114], [6.68258, 11.08526], [6.68475, 11.08823], [6.6869, 11.0906], [6.68742, 11.09166], [6.69423, 11.09337], [6.69598, 11.0936], [6.69621, 11.09376], [6.6987, 11.09533], [6.70093, 11.09659], [6.70361, 11.09489], [6.705, 11.09514], [6.70701, 11.09425], [6.71552, 11.10466], [6.716, 11.10622], [6.7142, 11.111], [6.69859, 11.11404], [6.69555, 11.11595], [6.69088, 11.12089], [6.68822, 11.12794], [6.68498, 11.15154], [6.68605, 11.17943], [6.73435, 11.16492], [6.73558, 11.16552], [6.73701, 11.1652], [6.7382, 11.1651], [6.73962, 11.16823], [6.74077, 11.16925], [6.7421, 11.16921], [6.75439, 11.16687], [6.76794, 11.16436], [6.78662, 11.15815], [6.88498, 11.11783], [6.89827, 11.10906], [6.90368, 11.10335]]]}, "properties": {"name": "Magajin Gari 3", "lga": "Birnin Gwari", "state": "kd"}}, {"type": "Feature", "geometry": {"type": "Polygon", "coordinates": [[[6.31086, 11.00714], [6.33706, 10.85892], [6.35961, 10.786], [6.36252, 10.7584], [6.39446, 10.68607], [6.39154, 10.65189], [6.3961, 10.63088], [6.39056, 10.62626], [6.38411, 10.61889], [6.37906, 10.61214], [6.37617, 10.60767], [6.36657, 10.61491], [6.34028, 10.60008], [6.30884, 10.5771], [6.28527, 10.57568], [6.2528, 10.57154], [6.25276, 10.57154], [6.21015, 10.62295], [6.2177, 10.63094], [6.21788, 10.65067], [6.218, 10.67072], [6.21799, 10.67076], [6.20863, 10.67549], [6.1508, 10.68345], [6.14104, 10.6732], [6.139, 10.67761], [6.13723, 10.67924], [6.13552, 10.67951], [6.13385, 10.67881], [6.13257, 10.67898], [6.12576, 10.68531], [6.12392, 10.68516], [6.11983, 10.68628], [6.11763, 10.68683], [6.11671, 10.68772], [6.11563, 10.68963], [6.1142, 10.69191], [6.11468, 10.69275], [6.11582, 10.6935], [6.11639, 10.69422], [6.1151, 10.69712], [6.11194, 10.70035], [6.10745, 10.70185], [6.10333, 10.70108], [6.10021, 10.70103], [6.0989, 10.70166], [6.09692, 10.69818], [6.09281, 10.69895], [6.09281, 10.69935], [6.09281, 10.70209], [6.09437, 10.70553], [6.09424, 10.70898], [6.09384, 10.71059], [6.10365, 10.71616], [6.10515, 10.71857], [6.10734, 10.72096], [6.10791, 10.72275], [6.10715, 10.72503], [6.10712, 10.72767], [6.10789, 10.72851], [6.10839, 10.72897], [6.11061, 10.73193], [6.11162, 10.73613], [6.11462, 10.7377], [6.11668, 10.7403], [6.1165, 10.74286], [6.11411, 10.74654], [6.11175, 10.74878], [6.11103, 10.74993], [6.1113, 10.75328], [6.11166, 10.75722], [6.11305, 10.76023], [6.10389, 10.76951], [6.10251, 10.77252], [6.10199, 10.77467], [6.10283, 10.77592], [6.10566, 10.77747], [6.1101, 10.78965], [6.1112, 10.79973], [6.1132, 10.80334], [6.11352, 10.80522], [6.11259, 10.81387], [6.12232, 10.81497], [6.12514, 10.81678], [6.12679, 10.81861], [6.12858, 10.81865], [6.13027, 10.81798], [6.13636, 10.82532], [6.13341, 10.82997], [6.13179, 10.83177], [6.13041, 10.83394], [6.1277, 10.83431], [6.12202, 10.83609], [6.1226, 10.84487], [6.14643, 10.85317], [6.14883, 10.855], [6.15333, 10.8547], [6.15407, 10.85465], [6.15516, 10.85419], [6.1567, 10.85276], [6.15817, 10.85266], [6.16055, 10.85402], [6.16281, 10.85614], [6.16367, 10.86002], [6.16337, 10.86265], [6.16257, 10.86481], [6.1624, 10.86557], [6.16396, 10.86816], [6.16329, 10.87002], [6.15783, 10.88512], [6.16336, 10.89163], [6.16461, 10.8931], [6.20923, 10.90177], [6.2178, 10.9051], [6.23103, 10.9186], [6.23302, 10.92212], [6.23396, 10.9266], [6.23208, 10.93322], [6.2356, 10.93913], [6.23608, 10.94041], [6.23748, 10.94533], [6.2387, 10.94588], [6.23981, 10.94557], [6.2418, 10.94527], [6.24379, 10.94638], [6.24545, 10.94763], [6.24817, 10.94856], [6.25102, 10.94831], [6.25133, 10.94874], [6.25251, 10.95175], [6.25442, 10.95543], [6.2558, 10.9566], [6.25856, 10.95777], [6.26083, 10.95952], [6.26148, 10.96142], [6.26228, 10.96293], [6.26347, 10.96329], [6.26462, 10.96314], [6.26535, 10.96362], [6.26619, 10.96495], [6.26655, 10.96611], [6.26718, 10.96668], [6.26887, 10.9666], [6.27195, 10.96463], [6.27317, 10.96413], [6.27471, 10.96456], [6.27864, 10.96345], [6.28023, 10.96364], [6.28128, 10.96469], [6.28271, 10.96714], [6.28306, 10.96843], [6.28245, 10.97209], [6.28321, 10.97456], [6.284, 10.97528], [6.28698, 10.97524], [6.28702, 10.97586], [6.28711, 10.97734], [6.28746, 10.97939], [6.28989, 10.98178], [6.29272, 10.98532], [6.29517, 10.99069], [6.29639, 10.99262], [6.30037, 10.99318], [6.3014, 10.99415], [6.30169, 10.99497], [6.30032, 10.99777], [6.30086, 10.99907], [6.30417, 11.00307], [6.30807, 11.00465], [6.3093, 11.00629], [6.31086, 11.00714]]]}, "properties": {"name": "Kakangi", "lga": "Birnin Gwari", "state": "kd"}}, {"type": "Feature", "geometry": {"type": "Polygon", "coordinates": [[[7.52971, 9.60228], [7.51721, 9.5889], [7.51218, 9.5871], [7.5064, 9.58928], [7.49639, 9.59498], [7.48679, 9.60333], [7.48254, 9.60537], [7.47766, 9.60493], [7.47084, 9.62346], [7.47259, 9.63403], [7.47446, 9.63739], [7.47387, 9.64914], [7.48114, 9.66999], [7.4773, 9.67106], [7.45194, 9.67115], [7.43554, 9.66426], [7.43184, 9.6602], [7.42776, 9.65539], [7.40007, 9.66648], [7.38856, 9.66945], [7.38534, 9.66749], [7.37999, 9.66665], [7.36593, 9.67455], [7.35435, 9.6819], [7.34139, 9.68492], [7.33976, 9.68515], [7.33868, 9.71132], [7.33486, 9.74517], [7.34691, 9.73493], [7.36212, 9.72387], [7.36954, 9.716], [7.40034, 9.72518], [7.4165, 9.73643], [7.42142, 9.7493], [7.42529, 9.75268], [7.42585, 9.75662], [7.4268, 9.76337], [7.44645, 9.76525], [7.45739, 9.76629], [7.46708, 9.78648], [7.47063, 9.79184], [7.47753, 9.79451], [7.4862, 9.78321], [7.49033, 9.77994], [7.50203, 9.75597], [7.50118, 9.75499], [7.50419, 9.74072], [7.50669, 9.73705], [7.52426, 9.73462], [7.5293, 9.72744], [7.52936, 9.72741], [7.53556, 9.72931], [7.54812, 9.73516], [7.5569, 9.73406], [7.56048, 9.73697], [7.56953, 9.76716], [7.56955, 9.77005], [7.57372, 9.77306], [7.57734, 9.78665], [7.57634, 9.79103], [7.58752, 9.80963], [7.59014, 9.81022], [7.60532, 9.80114], [7.61341, 9.79978], [7.6152, 9.78719], [7.6132, 9.78222], [7.61482, 9.76997], [7.62255, 9.75863], [7.62286, 9.75124], [7.62267, 9.75039], [7.61986, 9.74461], [7.61932, 9.74446], [7.6112, 9.74262], [7.60394, 9.73729], [7.59428, 9.72588], [7.59404, 9.71837], [7.57525, 9.71357], [7.57077, 9.70344], [7.57005, 9.69999], [7.56761, 9.69883], [7.55634, 9.68898], [7.54957, 9.68938], [7.54369, 9.68894], [7.53989, 9.67829], [7.53888, 9.66299], [7.54402, 9.65444], [7.5438, 9.64783], [7.53838, 9.63833], [7.53833, 9.62369], [7.52979, 9.60937], [7.52971, 9.60228]]]}, "properties": {"name": "Katari", "lga": "Kachia", "state": "kd"}}, {"type": "Feature", "geometry": {"type": "Polygon", "coordinates": [[[7.25137, 9.52103], [7.24848, 9.53501], [7.23394, 9.56482], [7.24575, 9.57541], [7.25887, 9.5891], [7.29614, 9.61347], [7.30565, 9.62772], [7.29785, 9.6489], [7.28815, 9.66746], [7.27636, 9.68995], [7.25602, 9.71263], [7.22271, 9.74095], [7.25469, 9.73662], [7.27636, 9.73755], [7.28418, 9.73954], [7.31613, 9.73824], [7.33287, 9.74592], [7.33486, 9.74517], [7.33868, 9.71132], [7.33976, 9.68515], [7.34139, 9.68492], [7.35435, 9.6819], [7.36593, 9.67455], [7.37999, 9.66665], [7.38534, 9.66749], [7.38856, 9.66945], [7.40007, 9.66648], [7.42776, 9.65539], [7.43184, 9.6602], [7.43554, 9.66426], [7.45194, 9.67115], [7.4773, 9.67106], [7.48114, 9.66999], [7.47387, 9.64914], [7.47446, 9.63739], [7.47259, 9.63403], [7.47084, 9.62346], [7.47766, 9.60493], [7.47566, 9.60347], [7.46799, 9.60475], [7.44798, 9.6162], [7.44094, 9.60925], [7.43853, 9.60844], [7.43621, 9.60206], [7.43373, 9.59327], [7.43146, 9.59117], [7.42075, 9.59105], [7.40319, 9.58797], [7.38104, 9.58229], [7.375, 9.5793], [7.3724, 9.57927], [7.36193, 9.57972], [7.35185, 9.58103], [7.34349, 9.58253], [7.33204, 9.57995], [7.31763, 9.57297], [7.30873, 9.57286], [7.30533, 9.56649], [7.30344, 9.55996], [7.3044, 9.54747], [7.30419, 9.5473], [7.30021, 9.52739], [7.30016, 9.52723], [7.28998, 9.51413], [7.28983, 9.51416], [7.28614, 9.51498], [7.27529, 9.52082], [7.27485, 9.52107], [7.25137, 9.52103]]]}, "properties": {"name": "Bishini", "lga": "Kachia", "state": "kd"}}, {"type": "Feature", "geometry": {"type": "Polygon", "coordinates": [[[7.30971, 10.94196], [7.33744, 10.93062], [7.35621, 10.92295], [7.37172, 10.92112], [7.39048, 10.90752], [7.39395, 10.90284], [7.39579, 10.90298], [7.40325, 10.90394], [7.43637, 10.92419], [7.44679, 10.93095], [7.45758, 10.92311], [7.46786, 10.91475], [7.48309, 10.90993], [7.48994, 10.9208], [7.5059, 10.92246], [7.51167, 10.91913], [7.51909, 10.91357], [7.52747, 10.90949], [7.52827, 10.90372], [7.53239, 10.87998], [7.53601, 10.87559], [7.53626, 10.87544], [7.54399, 10.86977], [7.55235, 10.86609], [7.55648, 10.86666], [7.56315, 10.86452], [7.57119, 10.85668], [7.57361, 10.85502], [7.57646, 10.85209], [7.55655, 10.83333], [7.544, 10.8204], [7.5435, 10.81981], [7.54247, 10.81812], [7.54155, 10.81631], [7.54106, 10.81646], [7.53327, 10.81903], [7.53237, 10.81718], [7.5318, 10.81459], [7.52667, 10.80793], [7.51185, 10.79677], [7.50724, 10.80345], [7.50369, 10.80613], [7.50328, 10.80611], [7.49357, 10.80171], [7.49307, 10.79961], [7.49164, 10.79786], [7.4905, 10.79541], [7.49221, 10.79233], [7.49506, 10.78903], [7.49692, 10.787], [7.49677, 10.78371], [7.49706, 10.78007], [7.49685, 10.77558], [7.49271, 10.75618], [7.48405, 10.74426], [7.49018, 10.73866], [7.49378, 10.73694], [7.49446, 10.73608], [7.48749, 10.71313], [7.48323, 10.70663], [7.48281, 10.70602], [7.48278, 10.70318], [7.48092, 10.70055], [7.47729, 10.69939], [7.47521, 10.69545], [7.47387, 10.69457], [7.47269, 10.69376], [7.46725, 10.69649], [7.46619, 10.69789], [7.46504, 10.69964], [7.46319, 10.70812], [7.45856, 10.71877], [7.44101, 10.72318], [7.43265, 10.73016], [7.42813, 10.73105], [7.42316, 10.73297], [7.42015, 10.73356], [7.41639, 10.73312], [7.41014, 10.72941], [7.40024, 10.73194], [7.38842, 10.73838], [7.3842, 10.74564], [7.37377, 10.74658], [7.36248, 10.74939], [7.33892, 10.74869], [7.32889, 10.74362], [7.32257, 10.74584], [7.31293, 10.75339], [7.30811, 10.75428], [7.29917, 10.76948], [7.29547, 10.77836], [7.28984, 10.79062], [7.28425, 10.79392], [7.27677, 10.79459], [7.25928, 10.77696], [7.2056, 10.75034], [7.20799, 10.78905], [7.20658, 10.80967], [7.20764, 10.82577], [7.20804, 10.83185], [7.20812, 10.83476], [7.21017, 10.83819], [7.21565, 10.8521], [7.21738, 10.85445], [7.22345, 10.86546], [7.2255, 10.86656], [7.2429, 10.88821], [7.24383, 10.88961], [7.24388, 10.88968], [7.24734, 10.8958], [7.25802, 10.91603], [7.26188, 10.91816], [7.26702, 10.91901], [7.2764, 10.92917], [7.30971, 10.94196]]]}, "properties": {"name": "Sabon Birnin", "lga": "Igabi", "state": "kd"}}, {"type": "Feature", "geometry": {"type": "Polygon", "coordinates": [[[7.52747, 10.90949], [7.53564, 10.91825], [7.54214, 10.92193], [7.55023, 10.9232], [7.55175, 10.92105], [7.55385, 10.91881], [7.5595, 10.90752], [7.56565, 10.90095], [7.56595, 10.90055], [7.57295, 10.90204], [7.58213, 10.89828], [7.58338, 10.89636], [7.58785, 10.89324], [7.59574, 10.87535], [7.593, 10.87177], [7.59089, 10.86817], [7.58486, 10.86051], [7.58963, 10.8589], [7.59462, 10.8571], [7.59714, 10.85631], [7.60073, 10.85587], [7.60208, 10.85587], [7.60396, 10.8547], [7.60682, 10.85292], [7.61569, 10.8514], [7.61702, 10.84965], [7.61705, 10.84939], [7.61564, 10.8414], [7.61593, 10.8373], [7.61681, 10.83145], [7.61858, 10.8301], [7.62101, 10.82311], [7.62147, 10.82264], [7.62785, 10.81769], [7.61846, 10.80185], [7.61146, 10.80338], [7.60573, 10.79207], [7.6069, 10.7847], [7.60341, 10.76048], [7.59203, 10.76431], [7.58739, 10.76449], [7.58204, 10.76414], [7.57417, 10.76341], [7.56772, 10.76408], [7.56333, 10.76443], [7.56044, 10.76478], [7.56001, 10.75713], [7.5592, 10.75051], [7.55801, 10.74547], [7.55596, 10.74266], [7.55387, 10.74285], [7.5454, 10.74799], [7.53845, 10.75032], [7.53821, 10.75337], [7.53883, 10.75556], [7.5414, 10.76065], [7.54235, 10.76707], [7.54093, 10.76731], [7.52827, 10.77412], [7.51185, 10.79677], [7.52667, 10.80793], [7.5318, 10.81459], [7.53237, 10.81718], [7.53327, 10.81903], [7.54106, 10.81646], [7.54155, 10.81631], [7.54247, 10.81812], [7.5435, 10.81981], [7.544, 10.8204], [7.55655, 10.83333], [7.57646, 10.85209], [7.57361, 10.85502], [7.57119, 10.85668], [7.56315, 10.86452], [7.55648, 10.86666], [7.55235, 10.86609], [7.54399, 10.86977], [7.53626, 10.87544], [7.53601, 10.87559], [7.53239, 10.87998], [7.52827, 10.90372], [7.52747, 10.90949]]]}, "properties": {"name": "Birnin Yero", "lga": "Igabi", "state": "kd"}}, {"type": "Feature", "geometry": {"type": "Polygon", "coordinates": [[[7.67098, 11.16348], [7.66101, 11.16037], [7.65928, 11.15872], [7.64814, 11.16745], [7.64707, 11.16859], [7.6455, 11.17073], [7.6426, 11.17411], [7.64231, 11.17379], [7.64209, 11.17311], [7.64177, 11.1715], [7.64132, 11.1714], [7.64059, 11.17099], [7.63886, 11.17071], [7.63468, 11.16676], [7.64416, 11.16149], [7.64341, 11.16072], [7.64267, 11.16013], [7.64108, 11.1576], [7.64306, 11.15542], [7.64428, 11.15461], [7.64559, 11.15434], [7.64573, 11.15343], [7.64627, 11.14169], [7.64328, 11.14328], [7.63988, 11.14509], [7.63428, 11.14807], [7.63388, 11.1502], [7.63227, 11.15151], [7.62933, 11.15627], [7.62769, 11.15597], [7.6244, 11.15752], [7.61917, 11.16765], [7.61471, 11.16664], [7.61297, 11.1729], [7.60218, 11.17987], [7.60152, 11.18444], [7.60538, 11.18753], [7.61067, 11.20123], [7.62474, 11.21634], [7.62741, 11.21337], [7.63126, 11.20984], [7.63398, 11.21001], [7.63661, 11.21136], [7.64009, 11.21838], [7.6523, 11.22147], [7.65269, 11.21532], [7.65419, 11.21322], [7.65635, 11.21017], [7.65801, 11.20732], [7.66826, 11.21201], [7.6722, 11.2119], [7.67197, 11.20996], [7.67379, 11.20844], [7.66669, 11.20926], [7.65928, 11.20591], [7.65733, 11.20435], [7.65548, 11.202], [7.64965, 11.19498], [7.64834, 11.18903], [7.65215, 11.18267], [7.65842, 11.18027], [7.66208, 11.17639], [7.664, 11.17299], [7.6695, 11.16708], [7.67098, 11.16348]]]}, "properties": {"name": "Bomo", "lga": "Sabon Gari", "state": "kd"}}, {"type": "Feature", "geometry": {"type": "Polygon", "coordinates": [[[7.62041, 11.16456], [7.6244, 11.15752], [7.62769, 11.15597], [7.62933, 11.15627], [7.63227, 11.15151], [7.63388, 11.1502], [7.63428, 11.14807], [7.64943, 11.14001], [7.64565, 11.13076], [7.64381, 11.12917], [7.64304, 11.12568], [7.64322, 11.12052], [7.63812, 11.09171], [7.63385, 11.09314], [7.62702, 11.09406], [7.6139, 11.0914], [7.60924, 11.09143], [7.593, 11.1027], [7.59112, 11.10071], [7.59031, 11.09908], [7.58913, 11.09758], [7.57805, 11.09301], [7.57387, 11.08611], [7.57334, 11.07883], [7.57192, 11.07874], [7.56564, 11.08718], [7.56369, 11.10099], [7.56227, 11.1029], [7.5617, 11.1043], [7.55889, 11.10528], [7.55781, 11.12289], [7.55272, 11.12511], [7.55188, 11.12496], [7.54976, 11.12467], [7.53992, 11.12955], [7.5361, 11.12816], [7.53222, 11.13414], [7.5319, 11.1346], [7.5421, 11.14847], [7.54093, 11.15007], [7.53903, 11.15437], [7.53894, 11.15937], [7.5433, 11.16179], [7.55585, 11.16874], [7.55674, 11.17291], [7.55564, 11.1789], [7.55937, 11.18151], [7.56287, 11.18336], [7.56476, 11.18373], [7.56707, 11.18483], [7.57302, 11.18563], [7.5815, 11.18677], [7.58263, 11.18686], [7.5824, 11.17214], [7.58311, 11.17037], [7.58587, 11.16988], [7.59511, 11.16945], [7.59549, 11.16958], [7.60282, 11.16589], [7.61615, 11.16247], [7.61983, 11.1625], [7.62041, 11.16456]]]}, "properties": {"name": "Panhauya", "lga": "Giwa", "state": "kd"}}]}