{"type": "FeatureCollection", "features": [{"type": "Feature", "geometry": {"type": "Polygon", "coordinates": [[[7.31674, 11.52801], [7.30925, 11.52831], [7.30569, 11.53343], [7.30784, 11.53434], [7.30635, 11.53646], [7.30603, 11.53716], [7.30599, 11.53743], [7.30867, 11.54247], [7.31207, 11.53809], [7.31453, 11.5363], [7.31562, 11.53669], [7.31583, 11.53675], [7.31674, 11.52801]]]}, "properties": {"name": "Nasarawa", "lga": "Funtua", "state": "kt"}}, {"type": "Feature", "geometry": {"type": "Polygon", "coordinates": [[[7.5925, 12.99111], [7.59158, 12.99661], [7.59503, 12.99691], [7.59513, 12.99937], [7.59517, 13.00053], [7.59561, 13.00089], [7.59612, 13.00128], [7.59646, 13.00151], [7.59975, 13.00144], [7.60089, 13.00012], [7.59902, 12.9952], [7.59886, 12.99498], [7.598, 12.99486], [7.59699, 12.99476], [7.5988, 12.99155], [7.59265, 12.9902], [7.59254, 12.99099], [7.5925, 12.99111]]]}, "properties": {"name": "Arewa 1", "lga": "Katsina", "state": "kt"}}, {"type": "Feature", "geometry": {"type": "Polygon", "coordinates": [[[7.58931, 12.98021], [7.5892, 12.9803], [7.58817, 12.98107], [7.58736, 12.98155], [7.58952, 12.98119], [7.59107, 12.98212], [7.59088, 12.98356], [7.59205, 12.98367], [7.59224, 12.98372], [7.59025, 12.987], [7.59208, 12.99069], [7.5988, 12.99155], [7.60095, 12.98469], [7.59739, 12.97582], [7.58931, 12.98021]]]}, "properties": {"name": "Kudu 1", "lga": "Katsina", "state": "kt"}}, {"type": "Feature", "geometry": {"type": "Polygon", "coordinates": [[[7.31313, 11.51405], [7.31327, 11.51347], [7.31362, 11.51216], [7.30894, 11.51064], [7.30916, 11.50955], [7.30929, 11.50911], [7.3077, 11.5087], [7.30081, 11.52168], [7.30146, 11.52198], [7.30277, 11.52213], [7.30386, 11.5224], [7.30352, 11.52394], [7.30496, 11.5243], [7.30487, 11.52498], [7.31017, 11.52665], [7.30925, 11.52831], [7.31144, 11.52899], [7.3121, 11.52741], [7.31041, 11.52593], [7.31355, 11.51932], [7.3137, 11.5186], [7.314, 11.5172], [7.3142, 11.5164], [7.31267, 11.51593], [7.31279, 11.5157], [7.31297, 11.51491], [7.31313, 11.51405]]]}, "properties": {"name": "Anguwar Ibrahim", "lga": "Funtua", "state": "kt"}}, {"type": "Feature", "geometry": {"type": "Polygon", "coordinates": [[[7.30925, 11.52831], [7.31017, 11.52665], [7.30487, 11.52498], [7.30496, 11.5243], [7.30352, 11.52394], [7.30386, 11.5224], [7.30277, 11.52213], [7.30146, 11.52198], [7.30081, 11.52168], [7.29492, 11.53456], [7.2988, 11.53628], [7.3016, 11.53131], [7.30385, 11.53278], [7.30525, 11.53379], [7.30925, 11.52831]]]}, "properties": {"name": "Anguwan Musa", "lga": "Funtua", "state": "kt"}}, {"type": "Feature", "geometry": {"type": "Polygon", "coordinates": [[[8.325, 13.03291], [8.32739, 13.02739], [8.3278, 13.02068], [8.33354, 13.01334], [8.3367, 13.0013], [8.32211, 12.99813], [8.31171, 12.99815], [8.31069, 13.00546], [8.31859, 13.00569], [8.31787, 13.02433], [8.31922, 13.02862], [8.31558, 13.03219], [8.325, 13.03291]]]}, "properties": {"name": "Tudun Wada", "lga": "Daura", "state": "kt"}}, {"type": "Feature", "geometry": {"type": "Polygon", "coordinates": [[[7.56, 13.024], [7.56604, 13.01968], [7.5685, 13.0177], [7.56997, 13.01531], [7.56694, 13.01378], [7.56476, 13.01208], [7.56095, 13.00762], [7.56579, 12.99717], [7.56735, 12.99216], [7.55576, 12.97656], [7.54619, 12.9736], [7.53367, 12.96849], [7.52125, 12.9605], [7.51818, 12.96049], [7.51526, 12.95942], [7.51393, 12.96807], [7.51265, 12.96795], [7.50181, 12.96204], [7.48554, 12.95636], [7.48049, 12.95458], [7.47778, 12.9515], [7.47199, 12.93984], [7.47247, 12.93587], [7.47048, 12.93604], [7.46401, 12.93713], [7.46336, 12.93383], [7.44844, 12.93343], [7.44921, 12.93111], [7.45005, 12.92996], [7.44109, 12.92512], [7.44037, 12.92432], [7.43787, 12.92065], [7.43513, 12.91681], [7.43132, 12.91567], [7.42881, 12.92184], [7.4197, 12.93126], [7.40669, 12.95021], [7.4, 12.94995], [7.39845, 12.95451], [7.39767, 12.95583], [7.39953, 12.95783], [7.40191, 12.96031], [7.39893, 12.96581], [7.39246, 12.96568], [7.39206, 12.97385], [7.40373, 12.97575], [7.40415, 12.98323], [7.40589, 12.98527], [7.42901, 12.98483], [7.43738, 12.97779], [7.44609, 12.98272], [7.44517, 12.98981], [7.45789, 12.9917], [7.45572, 13.00259], [7.4563, 13.04342], [7.4766, 13.04476], [7.4882, 13.04423], [7.49837, 13.04601], [7.51021, 13.0409], [7.51289, 13.03382], [7.51797, 13.03046], [7.52186, 13.02457], [7.53334, 13.02212], [7.54516, 13.02269], [7.55064, 13.02634], [7.55378, 13.02863], [7.55641, 13.02674], [7.56, 13.024]]]}, "properties": {"name": "Bugaje", "lga": "Jibia", "state": "kt"}}, {"type": "Feature", "geometry": {"type": "Polygon", "coordinates": [[[7.30216, 11.8621], [7.30248, 11.85702], [7.30554, 11.8541], [7.30754, 11.85214], [7.30876, 11.85123], [7.3099, 11.8513], [7.31111, 11.85165], [7.31189, 11.85276], [7.31282, 11.85416], [7.31382, 11.85486], [7.31959, 11.85374], [7.32102, 11.85332], [7.32786, 11.84627], [7.33393, 11.84683], [7.33457, 11.84453], [7.33599, 11.84286], [7.33754, 11.84346], [7.33896, 11.84346], [7.34132, 11.84177], [7.34277, 11.83955], [7.344, 11.83825], [7.34609, 11.83509], [7.35265, 11.83495], [7.35294, 11.8326], [7.35391, 11.83137], [7.35636, 11.83044], [7.35896, 11.82908], [7.36095, 11.82805], [7.36206, 11.82604], [7.36411, 11.8229], [7.36568, 11.82169], [7.36853, 11.82131], [7.37119, 11.8215], [7.373, 11.82215], [7.37519, 11.82513], [7.3768, 11.82448], [7.38137, 11.82187], [7.3785, 11.7997], [7.3787, 11.7973], [7.3791, 11.7913], [7.37914, 11.78673], [7.3771, 11.7808], [7.3685, 11.7735], [7.3649, 11.7616], [7.36377, 11.76105], [7.35985, 11.75779], [7.35904, 11.75644], [7.35816, 11.75671], [7.35673, 11.7574], [7.35616, 11.75783], [7.35621, 11.75893], [7.35529, 11.76051], [7.35546, 11.76206], [7.35861, 11.76995], [7.35899, 11.77395], [7.35794, 11.77533], [7.35651, 11.77604], [7.35408, 11.77495], [7.35132, 11.77252], [7.35028, 11.769], [7.34974, 11.76558], [7.3486, 11.76382], [7.34372, 11.76218], [7.34132, 11.76118], [7.34011, 11.7615], [7.3372, 11.76661], [7.32939, 11.77042], [7.32283, 11.77431], [7.3164, 11.76963], [7.30902, 11.77244], [7.30309, 11.77558], [7.30202, 11.77599], [7.30146, 11.7831], [7.301, 11.7885], [7.2991, 11.7925], [7.29885, 11.79711], [7.2966, 11.79889], [7.29623, 11.80092], [7.29739, 11.80438], [7.30024, 11.80586], [7.29972, 11.80901], [7.29307, 11.81806], [7.29627, 11.82785], [7.29585, 11.83133], [7.29546, 11.83319], [7.29407, 11.83401], [7.29367, 11.83424], [7.2925, 11.83595], [7.29255, 11.83753], [7.29204, 11.84167], [7.29389, 11.84788], [7.29375, 11.85032], [7.29467, 11.85556], [7.30057, 11.86037], [7.30159, 11.86138], [7.30216, 11.8621]]]}, "properties": {"name": "Kakumi", "lga": "Bakori", "state": "kt"}}, {"type": "Feature", "geometry": {"type": "Polygon", "coordinates": [[[7.31583, 11.53675], [7.32097, 11.54004], [7.32129, 11.53877], [7.3216, 11.53761], [7.31987, 11.5347], [7.32066, 11.53317], [7.32114, 11.5323], [7.32124, 11.53161], [7.32536, 11.52885], [7.33053, 11.52969], [7.33155, 11.52976], [7.33262, 11.52494], [7.33196, 11.52413], [7.33854, 11.51893], [7.32769, 11.51238], [7.3266, 11.51593], [7.32624, 11.51606], [7.32366, 11.51512], [7.32194, 11.51448], [7.32053, 11.51404], [7.31987, 11.51582], [7.31931, 11.51565], [7.31858, 11.51527], [7.31536, 11.52203], [7.31628, 11.52232], [7.31752, 11.5225], [7.31583, 11.53675]]]}, "properties": {"name": "Sabon Gari", "lga": "Funtua", "state": "kt"}}, {"type": "Feature", "geometry": {"type": "Polygon", "coordinates": [[[7.37312, 11.64841], [7.36499, 11.64457], [7.36101, 11.64454], [7.34873, 11.64742], [7.34606, 11.64968], [7.33808, 11.65275], [7.33789, 11.66839], [7.33658, 11.67231], [7.33116, 11.67562], [7.32761, 11.67919], [7.32161, 11.68735], [7.32157, 11.69199], [7.32098, 11.69944], [7.31956, 11.7095], [7.31308, 11.71817], [7.3092, 11.72022], [7.303, 11.7247], [7.29808, 11.72757], [7.28377, 11.74771], [7.28402, 11.74921], [7.28402, 11.75244], [7.28692, 11.75485], [7.2892, 11.7583], [7.2894, 11.76416], [7.29209, 11.76323], [7.29286, 11.76261], [7.2937, 11.76317], [7.29484, 11.76405], [7.29532, 11.76531], [7.29465, 11.76598], [7.2937, 11.76725], [7.29402, 11.76822], [7.29495, 11.77036], [7.29786, 11.77188], [7.30036, 11.77319], [7.30142, 11.77453], [7.30202, 11.77599], [7.30309, 11.77558], [7.30902, 11.77244], [7.3164, 11.76963], [7.32283, 11.77431], [7.32939, 11.77042], [7.3372, 11.76661], [7.34011, 11.7615], [7.34132, 11.76118], [7.34372, 11.76218], [7.3486, 11.76382], [7.34974, 11.76558], [7.35028, 11.769], [7.35132, 11.77252], [7.35408, 11.77495], [7.35651, 11.77604], [7.35794, 11.77533], [7.35899, 11.77395], [7.35861, 11.76995], [7.35546, 11.76206], [7.35529, 11.76051], [7.35621, 11.75893], [7.35616, 11.75783], [7.36422, 11.75336], [7.36468, 11.74813], [7.36373, 11.7441], [7.37146, 11.70007], [7.37166, 11.69438], [7.37196, 11.68757], [7.37346, 11.66735], [7.37489, 11.66523], [7.37559, 11.66085], [7.37546, 11.65937], [7.37484, 11.65604], [7.37312, 11.64841]]]}, "properties": {"name": "Guga", "lga": "Bakori", "state": "kt"}}, {"type": "Feature", "geometry": {"type": "Polygon", "coordinates": [[[7.23011, 13.12539], [7.23026, 13.12536], [7.24382, 13.12238], [7.26422, 13.1186], [7.34876, 13.10538], [7.34976, 13.08163], [7.34913, 13.07931], [7.34717, 13.07818], [7.34544, 13.07895], [7.34383, 13.0808], [7.3411, 13.08115], [7.33854, 13.0805], [7.33574, 13.07747], [7.33496, 13.06397], [7.33753, 13.05952], [7.33812, 13.05312], [7.33426, 13.03304], [7.32994, 13.02933], [7.3213, 13.02824], [7.30533, 13.02808], [7.28785, 13.02726], [7.2709, 13.0257], [7.25499, 13.03384], [7.28078, 13.0482], [7.30046, 13.06133], [7.29924, 13.07083], [7.29489, 13.07149], [7.2907, 13.07309], [7.28656, 13.07618], [7.27661, 13.08755], [7.24954, 13.08734], [7.24846, 13.09337], [7.24778, 13.09719], [7.24557, 13.10047], [7.24323, 13.10197], [7.23958, 13.10158], [7.23501, 13.10025], [7.22932, 13.09949], [7.22361, 13.10197], [7.21936, 13.10476], [7.21859, 13.10553], [7.21761, 13.10726], [7.21747, 13.11], [7.21876, 13.11212], [7.22004, 13.11347], [7.22257, 13.11483], [7.22532, 13.1157], [7.22724, 13.1167], [7.23011, 13.12539]]]}, "properties": {"name": "Mazanya", "lga": "Jibia", "state": "kt"}}, {"type": "Feature", "geometry": {"type": "Polygon", "coordinates": [[[7.56158, 12.88533], [7.57532, 12.89158], [7.58861, 12.88674], [7.60143, 12.87959], [7.61245, 12.86952], [7.6154, 12.86223], [7.61631, 12.86151], [7.61805, 12.85565], [7.61602, 12.84674], [7.60518, 12.84287], [7.59762, 12.84232], [7.58265, 12.83995], [7.57179, 12.83447], [7.56596, 12.82797], [7.56576, 12.82786], [7.552, 12.8285], [7.54935, 12.82473], [7.5408, 12.81861], [7.51492, 12.80718], [7.49993, 12.80918], [7.48795, 12.8109], [7.47536, 12.81362], [7.47434, 12.82389], [7.48582, 12.82528], [7.48316, 12.83556], [7.48289, 12.83594], [7.48782, 12.85484], [7.49012, 12.85354], [7.49273, 12.85329], [7.49371, 12.85462], [7.49609, 12.85717], [7.50076, 12.86465], [7.50203, 12.86486], [7.50418, 12.86558], [7.50603, 12.86558], [7.50974, 12.86225], [7.51375, 12.86823], [7.51588, 12.87385], [7.51677, 12.87891], [7.52864, 12.87881], [7.53423, 12.87991], [7.54073, 12.88046], [7.54746, 12.88141], [7.56157, 12.8853], [7.56158, 12.88533]]]}, "properties": {"name": "Dabaibayawa", "lga": "Batagarawa", "state": "kt"}}, {"type": "Feature", "geometry": {"type": "Polygon", "coordinates": [[[8.25045, 12.9643], [8.2591, 12.98149], [8.26835, 12.98347], [8.27153, 12.9838], [8.27371, 12.98227], [8.28248, 12.9774], [8.29252, 12.99347], [8.31171, 12.99815], [8.32211, 12.99813], [8.33211, 12.98637], [8.33663, 12.97801], [8.33673, 12.97786], [8.34414, 12.97976], [8.34712, 12.98039], [8.35319, 12.97631], [8.35301, 12.97594], [8.35164, 12.96871], [8.34783, 12.96084], [8.34576, 12.95723], [8.33754, 12.95294], [8.34599, 12.93897], [8.34518, 12.92366], [8.34317, 12.92051], [8.33654, 12.91676], [8.32755, 12.91306], [8.31161, 12.90925], [8.29866, 12.9106], [8.29719, 12.91066], [8.289, 12.9262], [8.28317, 12.94278], [8.28142, 12.94271], [8.2786, 12.94281], [8.26277, 12.94449], [8.26089, 12.9512], [8.25206, 12.95628], [8.25154, 12.95665], [8.25101, 12.95697], [8.25012, 12.95868], [8.25045, 12.9643]]]}, "properties": {"name": "Madobi B", "lga": "Daura", "state": "kt"}}, {"type": "Feature", "geometry": {"type": "Polygon", "coordinates": [[[7.3885, 12.92807], [7.37308, 12.92751], [7.36296, 12.92772], [7.35917, 12.92577], [7.35579, 12.94163], [7.34969, 12.94127], [7.34211, 12.94127], [7.33958, 12.94457], [7.33756, 12.94689], [7.33566, 12.94912], [7.33247, 12.95112], [7.3224, 12.9509], [7.31966, 12.95105], [7.31821, 12.95099], [7.31621, 12.95172], [7.31379, 12.95269], [7.31295, 12.95307], [7.31403, 12.96763], [7.30896, 12.97102], [7.30316, 12.97097], [7.29541, 12.97206], [7.28721, 12.97408], [7.27888, 12.97612], [7.26754, 12.97507], [7.26191, 12.97486], [7.26089, 12.97469], [7.25147, 12.97493], [7.22837, 12.97578], [7.2278, 12.9833], [7.2287, 12.9862], [7.2288, 12.9932], [7.2296, 12.9965], [7.22552, 13.00789], [7.22832, 13.00956], [7.23435, 13.01316], [7.24094, 13.01585], [7.24502, 13.02108], [7.25542, 13.01361], [7.26334, 13.00861], [7.2709, 13.00736], [7.28169, 13.00034], [7.28797, 13.00224], [7.29842, 13.00537], [7.3091, 13.00474], [7.32053, 13.00444], [7.32718, 13.00352], [7.34109, 12.99969], [7.35178, 12.99506], [7.35571, 12.9957], [7.36269, 13.00035], [7.36702, 12.99771], [7.37138, 12.99635], [7.37239, 12.98614], [7.37358, 12.98507], [7.38179, 12.98446], [7.38286, 12.98378], [7.38322, 12.98243], [7.38422, 12.98129], [7.38336, 12.976], [7.38354, 12.97497], [7.38461, 12.97365], [7.38377, 12.97213], [7.38265, 12.95582], [7.39995, 12.94245], [7.39959, 12.94056], [7.39923, 12.93884], [7.39927, 12.93681], [7.4002, 12.93502], [7.40148, 12.93199], [7.40138, 12.93053], [7.40052, 12.92799], [7.3885, 12.92807]]]}, "properties": {"name": "Yau-Yau Malamawa", "lga": "Batsari", "state": "kt"}}, {"type": "Feature", "geometry": {"type": "Polygon", "coordinates": [[[7.19479, 11.25756], [7.19533, 11.25224], [7.19652, 11.2494], [7.19903, 11.24342], [7.19975, 11.23876], [7.19975, 11.23457], [7.20058, 11.2285], [7.20274, 11.22216], [7.20657, 11.2155], [7.20873, 11.2079], [7.21137, 11.20244], [7.21622, 11.20006], [7.2185, 11.19985], [7.21971, 11.19419], [7.20647, 11.18557], [7.20007, 11.17316], [7.20102, 11.15339], [7.20028, 11.15173], [7.17303, 11.1349], [7.16155, 11.13087], [7.16105, 11.13738], [7.15799, 11.14608], [7.15937, 11.16171], [7.16323, 11.17337], [7.15949, 11.19045], [7.1609, 11.20443], [7.16115, 11.21806], [7.15768, 11.22478], [7.16603, 11.23674], [7.18148, 11.25282], [7.18897, 11.25648], [7.19479, 11.25756]]]}, "properties": {"name": "Gazari", "lga": "Sabuwa", "state": "kt"}}, {"type": "Feature", "geometry": {"type": "Polygon", "coordinates": [[[7.25499, 13.03384], [7.24502, 13.02108], [7.24094, 13.01585], [7.22462, 13.00735], [7.21982, 13.00595], [7.21376, 13.00574], [7.2052, 13.0007], [7.2025, 12.99949], [7.1938, 13.00165], [7.19281, 13.00153], [7.19078, 13.00383], [7.18997, 13.00563], [7.1862, 13.0051], [7.1832, 13.005], [7.182, 13.0055], [7.1801, 13.0073], [7.1759, 13.0086], [7.1733, 13.0095], [7.1713, 13.0109], [7.171, 13.0121], [7.1705, 13.0149], [7.15925, 13.01431], [7.15841, 13.0178], [7.16542, 13.01847], [7.16594, 13.02774], [7.15467, 13.03566], [7.14612, 13.04063], [7.14549, 13.041], [7.1475, 13.04278], [7.17941, 13.08115], [7.18843, 13.09223], [7.19674, 13.1015], [7.21889, 13.12556], [7.23011, 13.12539], [7.22724, 13.1167], [7.22532, 13.1157], [7.22257, 13.11483], [7.22004, 13.11347], [7.21876, 13.11212], [7.21747, 13.11], [7.21761, 13.10726], [7.21859, 13.10553], [7.21936, 13.10476], [7.22361, 13.10197], [7.22932, 13.09949], [7.22895, 13.09842], [7.21461, 13.09775], [7.20857, 13.0956], [7.21021, 13.08991], [7.21061, 13.08629], [7.21279, 13.08432], [7.21381, 13.08269], [7.21392, 13.08244], [7.22361, 13.07599], [7.22831, 13.07239], [7.23657, 13.0632], [7.19985, 13.05421], [7.2062, 13.02402], [7.21283, 13.02576], [7.25499, 13.03384]]]}, "properties": {"name": "Faru", "lga": "Jibia", "state": "kt"}}, {"type": "Feature", "geometry": {"type": "Polygon", "coordinates": [[[7.79068, 13.00493], [7.79002, 13.00645], [7.78912, 13.0085], [7.78708, 13.01318], [7.77987, 13.02161], [7.77694, 13.02482], [7.77344, 13.02589], [7.77194, 13.02539], [7.7708, 13.02239], [7.77059, 13.01904], [7.7701, 13.0144], [7.76199, 13.00418], [7.7611, 13.00375], [7.73547, 13.00757], [7.72569, 13.00675], [7.71794, 13.00783], [7.71771, 13.00889], [7.71721, 13.01113], [7.71726, 13.01709], [7.71403, 13.02529], [7.72002, 13.0295], [7.7266, 13.03674], [7.74257, 13.03877], [7.74653, 13.03123], [7.75206, 13.02687], [7.76225, 13.02658], [7.76509, 13.02774], [7.76723, 13.02846], [7.77044, 13.02953], [7.77173, 13.03196], [7.77308, 13.03595], [7.78216, 13.04794], [7.7886, 13.05169], [7.79058, 13.05449], [7.79542, 13.06311], [7.81761, 13.08433], [7.82478, 13.08625], [7.83206, 13.08473], [7.83796, 13.08476], [7.84249, 13.08225], [7.8409, 13.0785], [7.8391, 13.0742], [7.8366, 13.0705], [7.8337, 13.0679], [7.8316, 13.0618], [7.8305, 13.0541], [7.80722, 13.03376], [7.79794, 13.02782], [7.79487, 13.02048], [7.79412, 13.01385], [7.79349, 13.00953], [7.79068, 13.00493]]]}, "properties": {"name": "Makurda", "lga": "Rimi", "state": "kt"}}, {"type": "Feature", "geometry": {"type": "Polygon", "coordinates": [[[7.57532, 12.89158], [7.56158, 12.88533], [7.5448, 12.90405], [7.53291, 12.91332], [7.53271, 12.91349], [7.53174, 12.91509], [7.52556, 12.92183], [7.5209, 12.93179], [7.51703, 12.94789], [7.51526, 12.95942], [7.51818, 12.96049], [7.52125, 12.9605], [7.52287, 12.96107], [7.52439, 12.96288], [7.52863, 12.96583], [7.53367, 12.96849], [7.54619, 12.9736], [7.55576, 12.97656], [7.56944, 12.96412], [7.58734, 12.95409], [7.59032, 12.95382], [7.59502, 12.95174], [7.58579, 12.93685], [7.5776, 12.92713], [7.57438, 12.92095], [7.57589, 12.91197], [7.57647, 12.90535], [7.57705, 12.89823], [7.57532, 12.89158]]]}, "properties": {"name": "Jino", "lga": "Batagarawa", "state": "kt"}}, {"type": "Feature", "geometry": {"type": "Polygon", "coordinates": [[[7.12861, 11.77961], [7.1303, 11.81024], [7.18616, 11.80203], [7.20828, 11.787], [7.21948, 11.78361], [7.22567, 11.78581], [7.23276, 11.79624], [7.23782, 11.79758], [7.24767, 11.80849], [7.26476, 11.82377], [7.27213, 11.82887], [7.27507, 11.82554], [7.28081, 11.82759], [7.28356, 11.8284], [7.29407, 11.83401], [7.29546, 11.83319], [7.29585, 11.83133], [7.29627, 11.82785], [7.29307, 11.81806], [7.29972, 11.80901], [7.30024, 11.80586], [7.29739, 11.80438], [7.29623, 11.80092], [7.2966, 11.79889], [7.29885, 11.79711], [7.2991, 11.7925], [7.301, 11.7885], [7.30146, 11.7831], [7.30202, 11.77599], [7.30142, 11.77453], [7.30036, 11.77319], [7.29786, 11.77188], [7.29495, 11.77036], [7.29402, 11.76822], [7.2937, 11.76725], [7.29465, 11.76598], [7.29532, 11.76531], [7.29484, 11.76405], [7.2937, 11.76317], [7.29286, 11.76261], [7.29209, 11.76323], [7.2894, 11.76416], [7.2892, 11.7583], [7.28692, 11.75485], [7.28402, 11.75244], [7.28402, 11.74921], [7.28377, 11.74771], [7.27916, 11.74394], [7.27734, 11.74004], [7.27361, 11.73817], [7.27161, 11.7346], [7.26776, 11.73425], [7.26719, 11.73112], [7.25339, 11.72145], [7.25166, 11.71659], [7.24743, 11.7136], [7.24728, 11.71232], [7.24821, 11.70975], [7.25039, 11.70634], [7.2521, 11.70313], [7.25175, 11.70175], [7.24977, 11.70056], [7.24773, 11.70025], [7.24649, 11.70066], [7.24585, 11.70242], [7.24547, 11.70418], [7.24468, 11.70589], [7.23949, 11.70698], [7.2308, 11.70118], [7.22701, 11.70288], [7.22553, 11.70148], [7.22529, 11.70147], [7.22331, 11.7022], [7.21934, 11.70045], [7.21621, 11.70139], [7.21444, 11.69973], [7.21121, 11.6984], [7.20345, 11.68948], [7.19243, 11.68858], [7.18732, 11.68979], [7.17508, 11.70277], [7.1716, 11.70647], [7.16014, 11.7098], [7.15554, 11.71243], [7.15294, 11.71795], [7.14938, 11.72373], [7.14615, 11.72755], [7.13769, 11.75183], [7.13413, 11.75672], [7.12878, 11.77638], [7.12861, 11.77961]]]}, "properties": {"name": "Ruwan Godiya", "lga": "Faskari", "state": "kt"}}, {"type": "Feature", "geometry": {"type": "Polygon", "coordinates": [[[7.52287, 12.75846], [7.52397, 12.75403], [7.52245, 12.74885], [7.52325, 12.74267], [7.52285, 12.7385], [7.52085, 12.73586], [7.52016, 12.73204], [7.51347, 12.73617], [7.50791, 12.74003], [7.49632, 12.74698], [7.4855, 12.7498], [7.48665, 12.75589], [7.49838, 12.75448], [7.50422, 12.76104], [7.50534, 12.76843], [7.50285, 12.77417], [7.48482, 12.77667], [7.45752, 12.7775], [7.44672, 12.78182], [7.43892, 12.7886], [7.42982, 12.7932], [7.41988, 12.79852], [7.41264, 12.80246], [7.41841, 12.81196], [7.41886, 12.81713], [7.41904, 12.82156], [7.41343, 12.82934], [7.41524, 12.8402], [7.4153, 12.8445], [7.42072, 12.8508], [7.42062, 12.85235], [7.42031, 12.85337], [7.41967, 12.8539], [7.4142, 12.85392], [7.41336, 12.85416], [7.41236, 12.85542], [7.41258, 12.86343], [7.42184, 12.86325], [7.43456, 12.86221], [7.43557, 12.86011], [7.44439, 12.85977], [7.45222, 12.86006], [7.46582, 12.85962], [7.47001, 12.85878], [7.473, 12.85735], [7.47528, 12.85715], [7.47936, 12.85847], [7.48144, 12.85868], [7.48594, 12.85591], [7.48782, 12.85484], [7.48289, 12.83594], [7.48316, 12.83556], [7.48582, 12.82528], [7.47434, 12.82389], [7.47536, 12.81362], [7.48795, 12.8109], [7.49993, 12.80918], [7.51492, 12.80718], [7.50924, 12.80404], [7.50949, 12.79423], [7.51305, 12.78359], [7.51562, 12.78151], [7.51533, 12.78109], [7.51462, 12.78029], [7.51476, 12.77967], [7.51551, 12.77887], [7.51606, 12.77795], [7.51479, 12.77461], [7.52069, 12.76187], [7.52287, 12.75846]]]}, "properties": {"name": "Tsauri A", "lga": "Kurfi", "state": "kt"}}, {"type": "Feature", "geometry": {"type": "Polygon", "coordinates": [[[7.6829, 13.09754], [7.67265, 13.11376], [7.67095, 13.11634], [7.66407, 13.12671], [7.6681, 13.12822], [7.67619, 13.14173], [7.68008, 13.14496], [7.68967, 13.1443], [7.6945, 13.14809], [7.69874, 13.15585], [7.70619, 13.16364], [7.70844, 13.16833], [7.70531, 13.18154], [7.70642, 13.18933], [7.70686, 13.20727], [7.71871, 13.20909], [7.71623, 13.18862], [7.72293, 13.18493], [7.73024, 13.17902], [7.74523, 13.17904], [7.7535, 13.17924], [7.77882, 13.18531], [7.78998, 13.19053], [7.7957, 13.18127], [7.78151, 13.1721], [7.78464, 13.16544], [7.79201, 13.1655], [7.79879, 13.16613], [7.81195, 13.16155], [7.82069, 13.16284], [7.82908, 13.16266], [7.82933, 13.16118], [7.82978, 13.15764], [7.82901, 13.14888], [7.81798, 13.14054], [7.81345, 13.13336], [7.80834, 13.12837], [7.78888, 13.10842], [7.77428, 13.10107], [7.77349, 13.11129], [7.77084, 13.11808], [7.76555, 13.13386], [7.76136, 13.14038], [7.75126, 13.15405], [7.74137, 13.15907], [7.73766, 13.16078], [7.72641, 13.1587], [7.71601, 13.15197], [7.71393, 13.14727], [7.71204, 13.14362], [7.70585, 13.14045], [7.69899, 13.13955], [7.69283, 13.12429], [7.68292, 13.09786], [7.6829, 13.09754]]]}, "properties": {"name": "Girka", "lga": "Kaita", "state": "kt"}}, {"type": "Feature", "geometry": {"type": "Polygon", "coordinates": [[[8.33343, 13.03849], [8.33374, 13.03502], [8.32585, 13.03295], [8.31905, 13.03314], [8.31858, 13.03743], [8.32082, 13.03798], [8.32207, 13.03826], [8.32355, 13.03855], [8.32391, 13.03726], [8.32416, 13.03601], [8.3293, 13.03685], [8.32963, 13.03892], [8.33343, 13.03849]]]}, "properties": {"name": "Sarkin Yara B", "lga": "Daura", "state": "kt"}}, {"type": "Feature", "geometry": {"type": "Polygon", "coordinates": [[[7.25912, 11.66199], [7.26264, 11.66959], [7.24957, 11.68042], [7.24126, 11.68728], [7.2307, 11.69236], [7.22247, 11.69288], [7.21043, 11.69099], [7.20723, 11.69271], [7.20735, 11.69445], [7.21121, 11.6984], [7.21444, 11.69973], [7.21621, 11.70139], [7.21934, 11.70045], [7.22331, 11.7022], [7.22529, 11.70147], [7.22553, 11.70148], [7.22701, 11.70288], [7.2308, 11.70118], [7.23949, 11.70698], [7.24468, 11.70589], [7.24547, 11.70418], [7.24585, 11.70242], [7.24649, 11.70066], [7.24773, 11.70025], [7.24977, 11.70056], [7.25175, 11.70175], [7.2521, 11.70313], [7.25039, 11.70634], [7.24821, 11.70975], [7.24728, 11.71232], [7.24743, 11.7136], [7.25166, 11.71659], [7.25339, 11.72145], [7.26719, 11.73112], [7.26776, 11.73425], [7.27161, 11.7346], [7.27361, 11.73817], [7.27734, 11.74004], [7.27916, 11.74394], [7.28377, 11.74771], [7.29808, 11.72757], [7.303, 11.7247], [7.3092, 11.72022], [7.31308, 11.71817], [7.31956, 11.7095], [7.32098, 11.69944], [7.32157, 11.69199], [7.32161, 11.68735], [7.32761, 11.67919], [7.33116, 11.67562], [7.33658, 11.67231], [7.33789, 11.66839], [7.33808, 11.65275], [7.32527, 11.64736], [7.32197, 11.64482], [7.32288, 11.63724], [7.31829, 11.62005], [7.31777, 11.61372], [7.31921, 11.61066], [7.32413, 11.60793], [7.32891, 11.60709], [7.33447, 11.60654], [7.33797, 11.60495], [7.34299, 11.59772], [7.34177, 11.5942], [7.33393, 11.59331], [7.32418, 11.58515], [7.32102, 11.58372], [7.31486, 11.58683], [7.31503, 11.59296], [7.30325, 11.60136], [7.2895, 11.6029], [7.27943, 11.62036], [7.27267, 11.62416], [7.26075, 11.63103], [7.2487, 11.6378], [7.2471, 11.638], [7.24548, 11.63766], [7.24263, 11.63561], [7.242, 11.6369], [7.25518, 11.65817], [7.25912, 11.66199]]]}, "properties": {"name": "Tafoki", "lga": "Faskari", "state": "kt"}}, {"type": "Feature", "geometry": {"type": "Polygon", "coordinates": [[[8.31047, 13.05642], [8.31467, 13.04635], [8.31207, 13.04672], [8.3061, 13.0458], [8.29512, 13.03684], [8.28661, 13.02977], [8.274, 13.02257], [8.2531, 13.02118], [8.24305, 13.01596], [8.23342, 13.00798], [8.24936, 12.99056], [8.24799, 12.98917], [8.24675, 12.9882], [8.23268, 12.98605], [8.22525, 12.98348], [8.21919, 12.98114], [8.2053, 13.00038], [8.2034, 13.00319], [8.19926, 13.00523], [8.19897, 13.00695], [8.19983, 13.00818], [8.20359, 13.0098], [8.20592, 13.0118], [8.20787, 13.01313], [8.20982, 13.01661], [8.2113, 13.02075], [8.21177, 13.02365], [8.20746, 13.02948], [8.19257, 13.02922], [8.19161, 13.03377], [8.1913, 13.03926], [8.19127, 13.04908], [8.19964, 13.05271], [8.20448, 13.05662], [8.20494, 13.05788], [8.20529, 13.05965], [8.20558, 13.06564], [8.20497, 13.07138], [8.20744, 13.08256], [8.2164, 13.0845], [8.24159, 13.06993], [8.2477, 13.0763], [8.26174, 13.0649], [8.2628, 13.0648], [8.2635, 13.0647], [8.2738, 13.0669], [8.28162, 13.08257], [8.29607, 13.0868], [8.3011, 13.08655], [8.30147, 13.08413], [8.30213, 13.07995], [8.30279, 13.07572], [8.31047, 13.05642]]]}, "properties": {"name": "Maikoni A", "lga": "Mai'Adua", "state": "kt"}}, {"type": "Feature", "geometry": {"type": "Polygon", "coordinates": [[[7.33984, 11.51347], [7.34186, 11.51474], [7.34318, 11.51562], [7.34449, 11.51591], [7.34746, 11.51518], [7.35086, 11.51405], [7.3551, 11.51374], [7.40078, 11.52688], [7.39818, 11.51697], [7.39751, 11.5118], [7.39404, 11.49591], [7.38946, 11.48257], [7.38724, 11.47378], [7.3916, 11.45619], [7.39113, 11.44614], [7.38723, 11.44207], [7.38712, 11.43353], [7.38816, 11.42098], [7.38508, 11.41801], [7.38286, 11.41525], [7.37049, 11.4091], [7.37482, 11.39314], [7.36425, 11.39181], [7.36328, 11.39199], [7.36052, 11.39381], [7.34923, 11.39419], [7.34631, 11.40618], [7.34258, 11.4086], [7.34724, 11.42039], [7.34796, 11.43434], [7.34342, 11.44186], [7.34244, 11.4429], [7.3397, 11.44305], [7.33101, 11.4463], [7.33728, 11.46538], [7.3437, 11.4665], [7.34303, 11.47401], [7.34201, 11.47559], [7.34164, 11.4777], [7.34009, 11.48089], [7.34291, 11.48394], [7.34504, 11.48517], [7.3466, 11.48507], [7.34968, 11.4869], [7.35164, 11.48879], [7.35316, 11.49006], [7.35505, 11.49249], [7.35614, 11.49618], [7.35502, 11.50106], [7.35348, 11.50264], [7.34753, 11.50277], [7.33806, 11.50532], [7.33937, 11.5081], [7.34058, 11.51061], [7.34079, 11.51193], [7.33984, 11.51347]]]}, "properties": {"name": "Goya", "lga": "Funtua", "state": "kt"}}, {"type": "Feature", "geometry": {"type": "Polygon", "coordinates": [[[7.69521, 11.43149], [7.69495, 11.43024], [7.69477, 11.42413], [7.69448, 11.42032], [7.69081, 11.41823], [7.68904, 11.41241], [7.68951, 11.40938], [7.69028, 11.40735], [7.69216, 11.40478], [7.69203, 11.40082], [7.69254, 11.39983], [7.70515, 11.39354], [7.70645, 11.38576], [7.7072, 11.38288], [7.70869, 11.37869], [7.70494, 11.37119], [7.7028, 11.36466], [7.69863, 11.36347], [7.68415, 11.363], [7.67661, 11.35996], [7.6708, 11.3593], [7.67054, 11.36314], [7.669, 11.37105], [7.66837, 11.3819], [7.67391, 11.3914], [7.67763, 11.40006], [7.66777, 11.40551], [7.68006, 11.42272], [7.68817, 11.42865], [7.68874, 11.42887], [7.68949, 11.4292], [7.69521, 11.43149]]]}, "properties": {"name": "Kahuta A", "lga": "Danja", "state": "kt"}}, {"type": "Feature", "geometry": {"type": "Polygon", "coordinates": [[[7.70616, 12.92192], [7.70892, 12.9221], [7.71251, 12.92424], [7.7179, 12.92691], [7.72093, 12.92911], [7.72664, 12.93005], [7.72823, 12.93322], [7.72924, 12.93386], [7.73138, 12.93365], [7.74091, 12.92313], [7.7469, 12.9148], [7.74976, 12.9119], [7.75271, 12.91161], [7.75428, 12.91223], [7.76599, 12.93062], [7.77078, 12.94238], [7.79346, 12.93771], [7.78996, 12.92931], [7.77813, 12.90091], [7.77219, 12.89029], [7.76612, 12.88332], [7.76092, 12.88513], [7.74903, 12.88368], [7.74658, 12.88524], [7.74133, 12.88758], [7.73534, 12.89387], [7.73341, 12.89287], [7.71671, 12.89084], [7.71059, 12.89687], [7.71499, 12.90941], [7.71189, 12.9125], [7.70773, 12.9197], [7.70616, 12.92192]]]}, "properties": {"name": "Tsagero", "lga": "Rimi", "state": "kt"}}, {"type": "Feature", "geometry": {"type": "Polygon", "coordinates": [[[7.39846, 11.60098], [7.40225, 11.60117], [7.4037, 11.601], [7.40686, 11.60176], [7.40775, 11.60348], [7.40837, 11.60468], [7.40862, 11.60551], [7.40807, 11.60865], [7.40803, 11.62126], [7.40874, 11.62545], [7.41324, 11.63334], [7.41751, 11.6376], [7.42541, 11.63663], [7.43232, 11.63446], [7.43672, 11.63379], [7.44147, 11.63684], [7.44681, 11.63854], [7.45149, 11.64127], [7.4595, 11.64332], [7.47287, 11.63958], [7.47552, 11.63741], [7.47775, 11.63559], [7.47262, 11.62469], [7.46706, 11.61436], [7.46304, 11.60231], [7.46363, 11.58675], [7.45626, 11.58011], [7.44467, 11.5804], [7.44445, 11.57919], [7.44532, 11.57792], [7.44575, 11.57543], [7.4433, 11.5751], [7.44233, 11.57508], [7.43787, 11.57492], [7.4253, 11.5804], [7.42155, 11.58095], [7.41705, 11.58139], [7.41278, 11.58172], [7.41244, 11.5828], [7.40672, 11.58843], [7.40046, 11.59278], [7.39893, 11.59728], [7.39846, 11.60098]]]}, "properties": {"name": "Kabomo", "lga": "Bakori", "state": "kt"}}, {"type": "Feature", "geometry": {"type": "Polygon", "coordinates": [[[7.38081, 11.6417], [7.37312, 11.64841], [7.37484, 11.65604], [7.37546, 11.65937], [7.37559, 11.66085], [7.37489, 11.66523], [7.37346, 11.66735], [7.37196, 11.68757], [7.37166, 11.69438], [7.37146, 11.70007], [7.36373, 11.7441], [7.36468, 11.74813], [7.36422, 11.75336], [7.36171, 11.75446], [7.36029, 11.75554], [7.35904, 11.75644], [7.35985, 11.75779], [7.36377, 11.76105], [7.3649, 11.7616], [7.3685, 11.7735], [7.3698, 11.7749], [7.3705, 11.7762], [7.3771, 11.7808], [7.37914, 11.78673], [7.3791, 11.7913], [7.3787, 11.7973], [7.3785, 11.7997], [7.38137, 11.82187], [7.38365, 11.82029], [7.38452, 11.82039], [7.38593, 11.8228], [7.38869, 11.82392], [7.39182, 11.82336], [7.39356, 11.82233], [7.3939, 11.81831], [7.39898, 11.81602], [7.39915, 11.81228], [7.40029, 11.81122], [7.40274, 11.81105], [7.40485, 11.80926], [7.40536, 11.80725], [7.40394, 11.80619], [7.40234, 11.80463], [7.40291, 11.80189], [7.40325, 11.79771], [7.40271, 11.79204], [7.40753, 11.78559], [7.41016, 11.78028], [7.41278, 11.76772], [7.41398, 11.76729], [7.41641, 11.76489], [7.41843, 11.76233], [7.4202, 11.75921], [7.42526, 11.7536], [7.42669, 11.74895], [7.42764, 11.74418], [7.43067, 11.74197], [7.43227, 11.7383], [7.43489, 11.73452], [7.43703, 11.72847], [7.43756, 11.72259], [7.43709, 11.71742], [7.444, 11.71109], [7.44619, 11.7055], [7.45027, 11.69818], [7.44889, 11.69832], [7.44788, 11.69796], [7.44754, 11.69769], [7.44754, 11.69352], [7.44487, 11.6881], [7.44439, 11.68168], [7.44621, 11.68105], [7.44622, 11.67454], [7.4438, 11.67282], [7.43867, 11.66787], [7.43715, 11.66326], [7.43608, 11.65983], [7.43631, 11.65781], [7.43304, 11.65568], [7.41899, 11.65535], [7.41233, 11.6541], [7.40625, 11.65278], [7.39948, 11.65], [7.396, 11.64524], [7.38081, 11.6417]]]}, "properties": {"name": "Kandarawa", "lga": "Bakori", "state": "kt"}}, {"type": "Feature", "geometry": {"type": "Polygon", "coordinates": [[[7.2704, 11.4469], [7.28511, 11.46685], [7.28895, 11.47041], [7.30895, 11.45827], [7.31365, 11.44968], [7.3137, 11.44963], [7.31874, 11.43194], [7.32067, 11.41272], [7.3186, 11.41187], [7.3164, 11.41035], [7.30868, 11.40523], [7.29911, 11.40464], [7.29709, 11.40768], [7.2939, 11.41192], [7.28485, 11.41713], [7.28, 11.4189], [7.2766, 11.41919], [7.2785, 11.42511], [7.27945, 11.42702], [7.2794, 11.43103], [7.27964, 11.43382], [7.27809, 11.43954], [7.2734, 11.4426], [7.2704, 11.4469]]]}, "properties": {"name": "Mahuta C", "lga": "Dandume", "state": "kt"}}, {"type": "Feature", "geometry": {"type": "Polygon", "coordinates": [[[7.40438, 12.52549], [7.41586, 12.5255], [7.4183, 12.52416], [7.42269, 12.52634], [7.42524, 12.52632], [7.42958, 12.52002], [7.4297, 12.51786], [7.43407, 12.51545], [7.44392, 12.51194], [7.44838, 12.52245], [7.44679, 12.52486], [7.45303, 12.53279], [7.46073, 12.54493], [7.46625, 12.55791], [7.4675, 12.55978], [7.46797, 12.56056], [7.47076, 12.56008], [7.4795, 12.55775], [7.48412, 12.55897], [7.4983, 12.55345], [7.51402, 12.55314], [7.5193, 12.55356], [7.51629, 12.54745], [7.51718, 12.5452], [7.5171, 12.5414], [7.51202, 12.53634], [7.50596, 12.52081], [7.49244, 12.51599], [7.49009, 12.51113], [7.49014, 12.50956], [7.49471, 12.50518], [7.49808, 12.50621], [7.49898, 12.50575], [7.50005, 12.50472], [7.5003, 12.50325], [7.49892, 12.50115], [7.49839, 12.4991], [7.49725, 12.49302], [7.49307, 12.48878], [7.49345, 12.4879], [7.49315, 12.48711], [7.49367, 12.48607], [7.4916, 12.47732], [7.49395, 12.47117], [7.4917, 12.46977], [7.48701, 12.46877], [7.4788, 12.46893], [7.47754, 12.46489], [7.46589, 12.45682], [7.46113, 12.46005], [7.44257, 12.45824], [7.44015, 12.45932], [7.43715, 12.45344], [7.41652, 12.44539], [7.41405, 12.46365], [7.4126, 12.46414], [7.41255, 12.46424], [7.39921, 12.47648], [7.40035, 12.48519], [7.40784, 12.49056], [7.40808, 12.49092], [7.41998, 12.49196], [7.4221, 12.50046], [7.41859, 12.5078], [7.4136, 12.51364], [7.4101, 12.51918], [7.40438, 12.52549]]]}, "properties": {"name": "Dabawa", "lga": "Dutsin Ma", "state": "kt"}}, {"type": "Feature", "geometry": {"type": "Polygon", "coordinates": [[[7.68203, 12.93708], [7.68998, 12.93417], [7.69081, 12.93227], [7.69272, 12.93096], [7.68629, 12.92664], [7.68217, 12.92343], [7.66741, 12.91694], [7.67292, 12.90767], [7.66984, 12.90591], [7.66595, 12.90181], [7.65607, 12.89705], [7.65556, 12.88925], [7.65742, 12.88623], [7.65766, 12.88424], [7.65654, 12.884], [7.65572, 12.87873], [7.65378, 12.87788], [7.65194, 12.86974], [7.64743, 12.86141], [7.64771, 12.85913], [7.66265, 12.85203], [7.66267, 12.84793], [7.66343, 12.84055], [7.65044, 12.83965], [7.64345, 12.83826], [7.6332, 12.8378], [7.62812, 12.83857], [7.62475, 12.8396], [7.62774, 12.85595], [7.63601, 12.86854], [7.6342, 12.8809], [7.63364, 12.88951], [7.63309, 12.89121], [7.63273, 12.89233], [7.63199, 12.89448], [7.62478, 12.90201], [7.61759, 12.91358], [7.61935, 12.94869], [7.61731, 12.95612], [7.61732, 12.95665], [7.62209, 12.95998], [7.62694, 12.96336], [7.63796, 12.94937], [7.64547, 12.94987], [7.65517, 12.95054], [7.66155, 12.95124], [7.66304, 12.95516], [7.67051, 12.95011], [7.66993, 12.94721], [7.66916, 12.94429], [7.68203, 12.93708]]]}, "properties": {"name": "Dandagoro", "lga": "Batagarawa", "state": "kt"}}, {"type": "Feature", "geometry": {"type": "Polygon", "coordinates": [[[7.99399, 12.90853], [8.00445, 12.92085], [8.00912, 12.91942], [8.0169, 12.91809], [8.02546, 12.9176], [8.03294, 12.91629], [8.03836, 12.91574], [8.04483, 12.91947], [8.05021, 12.92363], [8.05517, 12.9295], [8.06092, 12.93755], [8.06392, 12.93961], [8.07219, 12.93745], [8.08385, 12.92369], [8.08461, 12.91608], [8.08758, 12.88764], [8.08392, 12.88374], [8.07568, 12.87917], [8.07352, 12.87728], [8.07715, 12.86491], [8.0784, 12.86442], [8.07998, 12.86379], [8.08703, 12.86407], [8.09226, 12.86448], [8.09428, 12.85741], [8.09501, 12.81025], [8.06821, 12.8122], [8.05673, 12.80985], [8.04913, 12.80931], [8.0436, 12.81031], [8.03896, 12.81147], [8.02723, 12.81932], [8.02139, 12.82574], [8.02198, 12.82712], [8.02391, 12.83168], [8.02588, 12.8354], [8.02546, 12.83695], [8.02464, 12.83805], [8.02178, 12.83953], [8.01809, 12.84335], [8.0197, 12.84831], [8.01999, 12.85393], [8.0197, 12.85654], [8.01089, 12.87461], [8.00533, 12.87806], [7.99621, 12.87001], [7.99151, 12.87446], [7.9935, 12.87876], [7.99597, 12.88142], [7.99646, 12.88878], [7.99044, 12.89537], [7.99133, 12.89865], [7.99282, 12.90419], [7.99399, 12.90853]]]}, "properties": {"name": "Bujawa", "lga": "Mani", "state": "kt"}}, {"type": "Feature", "geometry": {"type": "Polygon", "coordinates": [[[8.87533, 12.83808], [8.8778, 12.83498], [8.88353, 12.82397], [8.86917, 12.81268], [8.85242, 12.79117], [8.83948, 12.79092], [8.83776, 12.78875], [8.83489, 12.77709], [8.8341, 12.76693], [8.80594, 12.76739], [8.79422, 12.76228], [8.78756, 12.7672], [8.78959, 12.77798], [8.7713, 12.78041], [8.77292, 12.78669], [8.77151, 12.79252], [8.77037, 12.79851], [8.76654, 12.80857], [8.76607, 12.80912], [8.76113, 12.81156], [8.75602, 12.81421], [8.75908, 12.82333], [8.76083, 12.82815], [8.78534, 12.8438], [8.8251, 12.8387], [8.8616, 12.8372], [8.86621, 12.83734], [8.87116, 12.83784], [8.87533, 12.83808]]]}, "properties": {"name": "Garki", "lga": "Baure", "state": "kt"}}, {"type": "Feature", "geometry": {"type": "Polygon", "coordinates": [[[7.71794, 13.00783], [7.71581, 13.00548], [7.71384, 12.99724], [7.71348, 12.99021], [7.71424, 12.98275], [7.7123, 12.97979], [7.70945, 12.9746], [7.67029, 12.97473], [7.67747, 12.99879], [7.67706, 13.00361], [7.67696, 13.00703], [7.67707, 13.00925], [7.67854, 13.01139], [7.68029, 13.01388], [7.68601, 13.01637], [7.68852, 13.01913], [7.68721, 13.01976], [7.68704, 13.02333], [7.68705, 13.02413], [7.68963, 13.02404], [7.69322, 13.0203], [7.70754, 13.03513], [7.71137, 13.03853], [7.7151, 13.03972], [7.7266, 13.03674], [7.72002, 13.0295], [7.71403, 13.02529], [7.71726, 13.01709], [7.71721, 13.01113], [7.71771, 13.00889], [7.71794, 13.00783]]]}, "properties": {"name": "Kayauki", "lga": "Batagarawa", "state": "kt"}}, {"type": "Feature", "geometry": {"type": "Polygon", "coordinates": [[[7.37138, 12.99635], [7.37699, 12.9946], [7.38084, 12.99424], [7.38945, 13.00161], [7.40069, 13.01141], [7.39717, 13.0303], [7.39961, 13.03516], [7.40217, 13.03635], [7.40413, 13.03939], [7.40776, 13.04891], [7.41401, 13.04905], [7.42098, 13.04891], [7.44399, 13.03588], [7.45576, 13.03274], [7.45566, 13.01068], [7.45578, 13.00562], [7.45572, 13.00259], [7.45789, 12.9917], [7.44517, 12.98981], [7.44609, 12.98272], [7.43738, 12.97779], [7.42901, 12.98483], [7.40589, 12.98527], [7.40415, 12.98323], [7.40373, 12.97575], [7.39206, 12.97385], [7.39246, 12.96568], [7.39893, 12.96581], [7.40191, 12.96031], [7.39953, 12.95783], [7.39767, 12.95583], [7.39845, 12.95451], [7.4, 12.94995], [7.40669, 12.95021], [7.4197, 12.93126], [7.42881, 12.92184], [7.43132, 12.91567], [7.42547, 12.91347], [7.42152, 12.9024], [7.41884, 12.89748], [7.41583, 12.89376], [7.39875, 12.89774], [7.39776, 12.90852], [7.3885, 12.92807], [7.40052, 12.92799], [7.40138, 12.93053], [7.40148, 12.93199], [7.4002, 12.93502], [7.39927, 12.93681], [7.39923, 12.93884], [7.39959, 12.94056], [7.39995, 12.94245], [7.38265, 12.95582], [7.38377, 12.97213], [7.38461, 12.97365], [7.38354, 12.97497], [7.38336, 12.976], [7.38422, 12.98129], [7.38322, 12.98243], [7.38286, 12.98378], [7.38179, 12.98446], [7.37358, 12.98507], [7.37239, 12.98614], [7.37138, 12.99635]]]}, "properties": {"name": "Gangara", "lga": "Jibia", "state": "kt"}}, {"type": "Feature", "geometry": {"type": "Polygon", "coordinates": [[[7.30039, 12.88748], [7.28592, 12.89348], [7.27909, 12.90321], [7.27194, 12.90779], [7.27072, 12.91494], [7.26953, 12.91828], [7.2731, 12.92126], [7.27331, 12.92467], [7.26697, 12.92689], [7.26483, 12.92933], [7.2644, 12.93384], [7.26595, 12.9417], [7.26597, 12.9458], [7.25591, 12.9565], [7.25684, 12.96074], [7.25848, 12.96171], [7.26088, 12.96724], [7.26191, 12.97486], [7.26754, 12.97507], [7.27888, 12.97612], [7.28721, 12.97408], [7.29541, 12.97206], [7.30316, 12.97097], [7.30896, 12.97102], [7.31403, 12.96763], [7.31295, 12.95307], [7.31379, 12.95269], [7.31621, 12.95172], [7.31821, 12.95099], [7.31966, 12.95105], [7.3224, 12.9509], [7.33247, 12.95112], [7.33566, 12.94912], [7.33756, 12.94689], [7.33958, 12.94457], [7.34211, 12.94127], [7.34969, 12.94127], [7.35579, 12.94163], [7.35917, 12.92577], [7.34578, 12.91131], [7.34328, 12.91014], [7.33982, 12.90889], [7.33335, 12.90369], [7.33116, 12.90289], [7.33003, 12.90249], [7.32566, 12.90313], [7.31071, 12.8951], [7.30039, 12.88748]]]}, "properties": {"name": "Kandawa", "lga": "Batsari", "state": "kt"}}, {"type": "Feature", "geometry": {"type": "Polygon", "coordinates": [[[7.20723, 11.69271], [7.21043, 11.69099], [7.22247, 11.69288], [7.2307, 11.69236], [7.24126, 11.68728], [7.24957, 11.68042], [7.26264, 11.66959], [7.25912, 11.66199], [7.24361, 11.67147], [7.22618, 11.66012], [7.21521, 11.64718], [7.21663, 11.62243], [7.2105, 11.6114], [7.20021, 11.61816], [7.19909, 11.62507], [7.18664, 11.62858], [7.18163, 11.61409], [7.17092, 11.59869], [7.16294, 11.60093], [7.1588, 11.60058], [7.15531, 11.59925], [7.15131, 11.59604], [7.1449, 11.59555], [7.14069, 11.59576], [7.13499, 11.59576], [7.13199, 11.59883], [7.12714, 11.60344], [7.12222, 11.60854], [7.11695, 11.60952], [7.11545, 11.61343], [7.1136, 11.61636], [7.1111, 11.61923], [7.10625, 11.62314], [7.106, 11.62539], [7.10505, 11.63219], [7.10574, 11.63716], [7.10889, 11.63829], [7.11406, 11.641], [7.11773, 11.64639], [7.12137, 11.65086], [7.12679, 11.65596], [7.13078, 11.66169], [7.13491, 11.66832], [7.14475, 11.67719], [7.15046, 11.68291], [7.15581, 11.68738], [7.17508, 11.70277], [7.18732, 11.68979], [7.19243, 11.68858], [7.20345, 11.68948], [7.20436, 11.69124], [7.20723, 11.69271]]]}, "properties": {"name": "Daudawa", "lga": "Faskari", "state": "kt"}}, {"type": "Feature", "geometry": {"type": "Polygon", "coordinates": [[[8.71186, 12.83425], [8.7064, 12.84072], [8.70809, 12.84477], [8.70863, 12.84684], [8.70894, 12.84803], [8.71295, 12.84601], [8.71458, 12.84539], [8.72169, 12.86481], [8.73879, 12.86276], [8.7559, 12.86193], [8.77139, 12.86443], [8.78534, 12.8438], [8.76083, 12.82815], [8.75908, 12.82333], [8.75602, 12.81421], [8.75315, 12.81347], [8.74293, 12.81527], [8.73656, 12.81594], [8.73087, 12.8256], [8.72893, 12.8306], [8.72842, 12.8317], [8.71892, 12.83431], [8.71186, 12.83425]]]}, "properties": {"name": "Baure", "lga": "Baure", "state": "kt"}}, {"type": "Feature", "geometry": {"type": "Polygon", "coordinates": [[[7.81652, 12.11987], [7.80666, 12.11253], [7.78968, 12.1021], [7.79079, 12.0896], [7.79373, 12.08298], [7.79655, 12.06713], [7.78009, 12.06218], [7.78128, 12.07437], [7.78436, 12.08196], [7.777, 12.08765], [7.76625, 12.08775], [7.75646, 12.08764], [7.75884, 12.09954], [7.76694, 12.12044], [7.76758, 12.14156], [7.77598, 12.14977], [7.78493, 12.15468], [7.80352, 12.1522], [7.81434, 12.15279], [7.81754, 12.1275], [7.81652, 12.11987]]]}, "properties": {"name": "Kurkujan A", "lga": "Musawa", "state": "kt"}}, {"type": "Feature", "geometry": {"type": "Polygon", "coordinates": [[[7.75096, 13.07431], [7.76094, 13.08943], [7.77293, 13.10039], [7.77428, 13.10107], [7.78888, 13.10842], [7.80834, 13.12837], [7.81345, 13.13336], [7.81798, 13.14054], [7.82901, 13.14888], [7.84853, 13.14157], [7.87093, 13.1286], [7.87897, 13.12168], [7.87872, 13.11513], [7.86853, 13.09754], [7.86387, 13.09014], [7.84901, 13.09684], [7.8451, 13.0884], [7.84249, 13.08225], [7.83796, 13.08476], [7.83206, 13.08473], [7.82478, 13.08625], [7.81761, 13.08433], [7.79542, 13.06311], [7.79058, 13.05449], [7.7886, 13.05169], [7.78216, 13.04794], [7.77308, 13.03595], [7.77173, 13.03196], [7.77044, 13.02953], [7.76723, 13.02846], [7.76509, 13.02774], [7.76225, 13.02658], [7.7606, 13.03723], [7.75677, 13.03795], [7.75996, 13.04494], [7.76826, 13.05405], [7.77011, 13.06084], [7.77238, 13.06301], [7.77372, 13.06403], [7.77119, 13.06702], [7.76168, 13.06381], [7.75096, 13.07431]]]}, "properties": {"name": "Gafiya", "lga": "Kaita", "state": "kt"}}, {"type": "Feature", "geometry": {"type": "Polygon", "coordinates": [[[7.86165, 12.87169], [7.86393, 12.87021], [7.87366, 12.86757], [7.86125, 12.86235], [7.86314, 12.85061], [7.8641, 12.84537], [7.86509, 12.84126], [7.86874, 12.83379], [7.87112, 12.82386], [7.8829, 12.8259], [7.884, 12.82042], [7.88623, 12.81045], [7.88718, 12.80391], [7.88644, 12.7952], [7.87758, 12.79442], [7.874, 12.7972], [7.871, 12.79881], [7.8681, 12.8001], [7.8631, 12.7948], [7.8505, 12.7917], [7.84072, 12.80281], [7.85382, 12.81555], [7.85954, 12.82314], [7.85042, 12.82858], [7.84364, 12.82743], [7.83617, 12.83595], [7.8313, 12.8437], [7.81838, 12.84553], [7.8133, 12.8505], [7.80792, 12.85704], [7.79515, 12.86412], [7.78818, 12.86737], [7.79675, 12.87768], [7.82503, 12.86905], [7.8255, 12.86449], [7.8358, 12.8682], [7.837, 12.8699], [7.84779, 12.86514], [7.8551, 12.86888], [7.86025, 12.87121], [7.86165, 12.87169]]]}, "properties": {"name": "Machika", "lga": "Mani", "state": "kt"}}, {"type": "Feature", "geometry": {"type": "Polygon", "coordinates": [[[8.66863, 12.71947], [8.66389, 12.72577], [8.68664, 12.7288], [8.68973, 12.73311], [8.6928, 12.74189], [8.69634, 12.7722], [8.70386, 12.77195], [8.70861, 12.77298], [8.71344, 12.77131], [8.72663, 12.7757], [8.73375, 12.76901], [8.74843, 12.76198], [8.75667, 12.75083], [8.76438, 12.74115], [8.7738, 12.73068], [8.77337, 12.72973], [8.77275, 12.72817], [8.77309, 12.72618], [8.77341, 12.72551], [8.77416, 12.725], [8.77525, 12.72477], [8.7771, 12.71484], [8.77613, 12.71343], [8.77516, 12.71187], [8.78194, 12.70774], [8.79702, 12.69505], [8.79899, 12.68975], [8.80287, 12.68129], [8.80469, 12.67313], [8.79404, 12.67295], [8.75925, 12.6739], [8.75237, 12.67268], [8.74481, 12.66665], [8.74229, 12.66693], [8.73578, 12.66884], [8.73074, 12.66967], [8.72604, 12.66999], [8.72295, 12.66994], [8.72279, 12.68272], [8.71241, 12.68056], [8.7012, 12.687], [8.70111, 12.68701], [8.68802, 12.68821], [8.68745, 12.6947], [8.68673, 12.69684], [8.68554, 12.69957], [8.68456, 12.70088], [8.68421, 12.70324], [8.68388, 12.70514], [8.68358, 12.70805], [8.68212, 12.7092], [8.68025, 12.71044], [8.67808, 12.71256], [8.67742, 12.71358], [8.67673, 12.7159], [8.66863, 12.71947]]]}, "properties": {"name": "Hui", "lga": "Baure", "state": "kt"}}, {"type": "Feature", "geometry": {"type": "Polygon", "coordinates": [[[8.29252, 12.99347], [8.28248, 12.9774], [8.27371, 12.98227], [8.27153, 12.9838], [8.26835, 12.98347], [8.2591, 12.98149], [8.25045, 12.9643], [8.24965, 12.96593], [8.24366, 12.97625], [8.24254, 12.98421], [8.24245, 12.98482], [8.24176, 12.98704], [8.24239, 12.98702], [8.24675, 12.9882], [8.24799, 12.98917], [8.24936, 12.99056], [8.23342, 13.00798], [8.24305, 13.01596], [8.2531, 13.02118], [8.274, 13.02257], [8.28642, 13.00734], [8.29252, 12.99347]]]}, "properties": {"name": "Mazoji A", "lga": "Daura", "state": "kt"}}, {"type": "Feature", "geometry": {"type": "Polygon", "coordinates": [[[7.6657, 11.74053], [7.65324, 11.70995], [7.63052, 11.70626], [7.6227, 11.7052], [7.61694, 11.70358], [7.60991, 11.69902], [7.59945, 11.69514], [7.59004, 11.69155], [7.58611, 11.69827], [7.58157, 11.70775], [7.5807, 11.71427], [7.57544, 11.72551], [7.56405, 11.73591], [7.56877, 11.7433], [7.57135, 11.7555], [7.57663, 11.76307], [7.58618, 11.76701], [7.58753, 11.76707], [7.6014, 11.76631], [7.61794, 11.76446], [7.61881, 11.74713], [7.6326, 11.746], [7.65496, 11.76043], [7.6657, 11.74053]]]}, "properties": {"name": "Ruwan Sanyi", "lga": "Malumfashi", "state": "kt"}}, {"type": "Feature", "geometry": {"type": "Polygon", "coordinates": [[[8.00553, 12.80548], [8.00573, 12.81644], [8.02139, 12.82574], [8.02723, 12.81932], [8.03896, 12.81147], [8.0436, 12.81031], [8.04913, 12.80931], [8.05673, 12.80985], [8.06821, 12.8122], [8.09501, 12.81025], [8.10829, 12.80478], [8.10775, 12.80425], [8.10818, 12.80188], [8.10812, 12.80125], [8.10698, 12.80052], [8.10544, 12.79841], [8.10242, 12.79713], [8.10122, 12.79446], [8.099, 12.79173], [8.09797, 12.78839], [8.10438, 12.78425], [8.10727, 12.78071], [8.10418, 12.7768], [8.10038, 12.77121], [8.09785, 12.76811], [8.08197, 12.76777], [8.06756, 12.76771], [8.06648, 12.76431], [8.06588, 12.76281], [8.05967, 12.74812], [8.04536, 12.74089], [8.04171, 12.73869], [8.03959, 12.73867], [8.03823, 12.73832], [8.03666, 12.73714], [8.03424, 12.73491], [8.03271, 12.73326], [8.03068, 12.73279], [8.03054, 12.73257], [8.03051, 12.73213], [8.0273, 12.72838], [8.02578, 12.72783], [8.02431, 12.72723], [8.0155, 12.70844], [8.01474, 12.705], [7.99439, 12.72204], [7.9889, 12.72761], [7.99331, 12.74065], [7.97303, 12.74252], [7.96407, 12.74316], [7.96319, 12.73099], [7.9548, 12.7219], [7.94537, 12.72608], [7.9438, 12.7274], [7.943, 12.7284], [7.94129, 12.72922], [7.9384, 12.7398], [7.9274, 12.75154], [7.93149, 12.7525], [7.94478, 12.75433], [7.96746, 12.75362], [7.97668, 12.75345], [7.98926, 12.75509], [7.98927, 12.75509], [7.99983, 12.75999], [8.00063, 12.77083], [8.00348, 12.78647], [8.00494, 12.79217], [8.00548, 12.80192], [8.00553, 12.80548]]]}, "properties": {"name": "Duwan Makau", "lga": "Mani", "state": "kt"}}, {"type": "Feature", "geometry": {"type": "Polygon", "coordinates": [[[7.04301, 12.71959], [7.12249, 12.70364], [7.12177, 12.66882], [7.13116, 12.66585], [7.13404, 12.66446], [7.15482, 12.66612], [7.16983, 12.66926], [7.17378, 12.67261], [7.17314, 12.67318], [7.17358, 12.6738], [7.17407, 12.67456], [7.17535, 12.67451], [7.17535, 12.67518], [7.17549, 12.67619], [7.17965, 12.67843], [7.18792, 12.68063], [7.18861, 12.68045], [7.18929, 12.67958], [7.19086, 12.67996], [7.19287, 12.68039], [7.19463, 12.68053], [7.19497, 12.68144], [7.19517, 12.68278], [7.19624, 12.6834], [7.20509, 12.68425], [7.2057, 12.6716], [7.20646, 12.66845], [7.2081, 12.6611], [7.21025, 12.64783], [7.21834, 12.64834], [7.21866, 12.64366], [7.21905, 12.6433], [7.22433, 12.62481], [7.22461, 12.62319], [7.20332, 12.62236], [7.19347, 12.62905], [7.18171, 12.6303], [7.17545, 12.62359], [7.1754, 12.62359], [7.15909, 12.61852], [7.14977, 12.61892], [7.14554, 12.61796], [7.13533, 12.61862], [7.1062, 12.58341], [7.05022, 12.57508], [7.0516, 12.587], [7.04744, 12.61105], [7.0463, 12.61766], [7.046, 12.6196], [7.047, 12.634], [7.0472, 12.6377], [7.0463, 12.65], [7.04564, 12.65322], [7.04447, 12.65886], [7.03929, 12.65874], [7.035, 12.66137], [6.98899, 12.67344], [7.01969, 12.70032], [7.04301, 12.71959]]]}, "properties": {"name": "Babban Duhu B", "lga": "Safana", "state": "kt"}}, {"type": "Feature", "geometry": {"type": "Polygon", "coordinates": [[[7.9627, 12.65383], [7.9613, 12.6736], [7.95384, 12.67928], [7.95785, 12.68784], [7.96443, 12.70111], [7.96653, 12.71545], [7.96319, 12.73099], [7.96407, 12.74316], [7.97303, 12.74252], [7.99331, 12.74065], [7.9889, 12.72761], [7.99439, 12.72204], [8.01474, 12.705], [8.0155, 12.70844], [8.02431, 12.72723], [8.02578, 12.72783], [8.0273, 12.72838], [8.03051, 12.73213], [8.03054, 12.73257], [8.03068, 12.73279], [8.03271, 12.73326], [8.03424, 12.73491], [8.03666, 12.73714], [8.03823, 12.73832], [8.03959, 12.73867], [8.04171, 12.73869], [8.04165, 12.73408], [8.0336, 12.71022], [8.03146, 12.69248], [8.03766, 12.68161], [8.03866, 12.67671], [8.03947, 12.67219], [8.03844, 12.65714], [8.03258, 12.64921], [8.013, 12.64972], [8.00712, 12.64622], [8.01104, 12.63067], [8.00714, 12.62748], [7.98704, 12.63611], [7.98108, 12.64121], [7.97441, 12.6449], [7.9627, 12.65383]]]}, "properties": {"name": "Kurfeji", "lga": "Ingawa", "state": "kt"}}, {"type": "Feature", "geometry": {"type": "Polygon", "coordinates": [[[7.12249, 12.70364], [7.04301, 12.71959], [7.06071, 12.73984], [7.1092, 12.77835], [7.1111, 12.78004], [7.11654, 12.7807], [7.12901, 12.77739], [7.13728, 12.77102], [7.14466, 12.75893], [7.14847, 12.75759], [7.16442, 12.74558], [7.16843, 12.7407], [7.18084, 12.74061], [7.18744, 12.7451], [7.19756, 12.75127], [7.20463, 12.75198], [7.21663, 12.75297], [7.21713, 12.74361], [7.21745, 12.7397], [7.2165, 12.7346], [7.21218, 12.72841], [7.21172, 12.72598], [7.21137, 12.72376], [7.21201, 12.72237], [7.21491, 12.71738], [7.21729, 12.71986], [7.2229, 12.7152], [7.22494, 12.71767], [7.2301, 12.7241], [7.22761, 12.72693], [7.22674, 12.72853], [7.23206, 12.72903], [7.2336, 12.7342], [7.2347, 12.7363], [7.23852, 12.74001], [7.2428, 12.74372], [7.26496, 12.74458], [7.26629, 12.74147], [7.27106, 12.73301], [7.27329, 12.72467], [7.2785, 12.71391], [7.27399, 12.70971], [7.269, 12.70664], [7.26015, 12.70027], [7.25371, 12.69726], [7.22483, 12.68608], [7.21797, 12.68741], [7.21719, 12.68683], [7.21616, 12.68607], [7.21547, 12.68554], [7.2146, 12.6857], [7.21378, 12.7031], [7.20514, 12.71598], [7.19859, 12.72971], [7.1791, 12.7259], [7.18127, 12.71899], [7.16368, 12.71765], [7.16153, 12.73228], [7.14694, 12.73001], [7.14461, 12.72787], [7.12249, 12.70364]]]}, "properties": {"name": "Madogara", "lga": "Batsari", "state": "kt"}}, {"type": "Feature", "geometry": {"type": "Polygon", "coordinates": [[[7.61959, 12.79245], [7.59301, 12.76326], [7.57479, 12.75452], [7.56444, 12.75473], [7.56101, 12.75831], [7.55417, 12.77261], [7.53905, 12.77382], [7.53715, 12.77108], [7.53362, 12.76734], [7.52831, 12.76255], [7.52287, 12.75846], [7.52069, 12.76187], [7.51479, 12.77461], [7.51606, 12.77795], [7.51551, 12.77887], [7.51476, 12.77967], [7.51462, 12.78029], [7.51533, 12.78109], [7.51562, 12.78151], [7.51305, 12.78359], [7.50949, 12.79423], [7.50924, 12.80404], [7.51492, 12.80718], [7.5408, 12.81861], [7.54935, 12.82473], [7.552, 12.8285], [7.5553, 12.829], [7.5579, 12.8289], [7.55998, 12.82803], [7.5638, 12.8279], [7.56576, 12.82786], [7.58332, 12.81592], [7.60198, 12.80865], [7.61288, 12.80375], [7.61801, 12.79999], [7.6189, 12.79602], [7.61936, 12.79365], [7.61959, 12.79245]]]}, "properties": {"name": "Tsanni", "lga": "Batagarawa", "state": "kt"}}, {"type": "Feature", "geometry": {"type": "Polygon", "coordinates": [[[7.2146, 12.6857], [7.20314, 12.68368], [7.20138, 12.68406], [7.19957, 12.68421], [7.19781, 12.68373], [7.19624, 12.6834], [7.19517, 12.68278], [7.19497, 12.68144], [7.19463, 12.68053], [7.19287, 12.68039], [7.19086, 12.67996], [7.18929, 12.67958], [7.18861, 12.68045], [7.18792, 12.68063], [7.18088, 12.67886], [7.17549, 12.67619], [7.17535, 12.67518], [7.17535, 12.67451], [7.17407, 12.67456], [7.17358, 12.6738], [7.17314, 12.67318], [7.17378, 12.67261], [7.16983, 12.66926], [7.15482, 12.66612], [7.13404, 12.66446], [7.13116, 12.66585], [7.12177, 12.66882], [7.12249, 12.70364], [7.14461, 12.72787], [7.14694, 12.73001], [7.16153, 12.73228], [7.16368, 12.71765], [7.18127, 12.71899], [7.1791, 12.7259], [7.19859, 12.72971], [7.20514, 12.71598], [7.21378, 12.7031], [7.2146, 12.6857]]]}, "properties": {"name": "Wagini", "lga": "Batsari", "state": "kt"}}, {"type": "Feature", "geometry": {"type": "Polygon", "coordinates": [[[7.29872, 12.66976], [7.29573, 12.67736], [7.31243, 12.67721], [7.32507, 12.68501], [7.3413, 12.6887], [7.35478, 12.68524], [7.35691, 12.69085], [7.36261, 12.69103], [7.36731, 12.68483], [7.37052, 12.67735], [7.37391, 12.67561], [7.37562, 12.67453], [7.37844, 12.67008], [7.383, 12.66464], [7.38542, 12.65631], [7.38689, 12.65493], [7.38742, 12.64879], [7.38771, 12.64322], [7.38352, 12.63705], [7.38621, 12.63067], [7.385, 12.62246], [7.36907, 12.59851], [7.36592, 12.58821], [7.36591, 12.58377], [7.36216, 12.57994], [7.36014, 12.57497], [7.35826, 12.57042], [7.35585, 12.57273], [7.35264, 12.57463], [7.35178, 12.57647], [7.35033, 12.57821], [7.34665, 12.57983], [7.34539, 12.58331], [7.341, 12.58498], [7.33924, 12.58878], [7.33938, 12.59315], [7.3353, 12.6076], [7.34447, 12.6206], [7.3439, 12.62468], [7.33194, 12.63533], [7.31972, 12.63344], [7.31723, 12.64248], [7.3056, 12.6396], [7.30071, 12.63627], [7.30236, 12.64459], [7.31444, 12.65447], [7.30569, 12.661], [7.30504, 12.66578], [7.30361, 12.66784], [7.29872, 12.66976]]]}, "properties": {"name": "Zakka A", "lga": "Safana", "state": "kt"}}, {"type": "Feature", "geometry": {"type": "Polygon", "coordinates": [[[7.20509, 12.68425], [7.21547, 12.68554], [7.21616, 12.68607], [7.21719, 12.68683], [7.21797, 12.68741], [7.22483, 12.68608], [7.23044, 12.6878], [7.26015, 12.70027], [7.269, 12.70664], [7.27399, 12.70971], [7.2785, 12.71391], [7.2811, 12.71156], [7.28341, 12.70846], [7.28255, 12.70651], [7.27862, 12.70379], [7.27645, 12.69995], [7.27434, 12.69906], [7.27439, 12.69672], [7.27458, 12.69431], [7.27658, 12.69142], [7.28182, 12.68687], [7.28748, 12.68452], [7.29338, 12.67908], [7.29573, 12.67736], [7.29872, 12.66976], [7.28622, 12.6616], [7.27842, 12.65687], [7.26206, 12.6636], [7.26144, 12.66306], [7.25398, 12.66016], [7.23613, 12.66512], [7.23061, 12.66464], [7.21834, 12.64834], [7.21025, 12.64783], [7.2081, 12.6611], [7.20646, 12.66845], [7.2057, 12.6716], [7.20509, 12.68425]]]}, "properties": {"name": "Babban Duhu A", "lga": "Safana", "state": "kt"}}, {"type": "Feature", "geometry": {"type": "Polygon", "coordinates": [[[8.04171, 12.73869], [8.04536, 12.74089], [8.05967, 12.74812], [8.06246, 12.74343], [8.06972, 12.73543], [8.07741, 12.72224], [8.07928, 12.7122], [8.09471, 12.71346], [8.09673, 12.7183], [8.09913, 12.72224], [8.10984, 12.71894], [8.11362, 12.71841], [8.11616, 12.71056], [8.11846, 12.70279], [8.11785, 12.69656], [8.08951, 12.69045], [8.08241, 12.68747], [8.0738, 12.68305], [8.06565, 12.68314], [8.04166, 12.6818], [8.03766, 12.68161], [8.03146, 12.69248], [8.0336, 12.71022], [8.04165, 12.73408], [8.04171, 12.73869]]]}, "properties": {"name": "Dugul", "lga": "Ingawa", "state": "kt"}}, {"type": "Feature", "geometry": {"type": "Polygon", "coordinates": [[[7.79887, 12.264], [7.7899, 12.26946], [7.78657, 12.27418], [7.78069, 12.28514], [7.77995, 12.28781], [7.77853, 12.29188], [7.77668, 12.29362], [7.7746, 12.29646], [7.7743, 12.30052], [7.77282, 12.30314], [7.76454, 12.30416], [7.7598, 12.30482], [7.75969, 12.30743], [7.75624, 12.30796], [7.73206, 12.30256], [7.7272, 12.30275], [7.72171, 12.30278], [7.71851, 12.30267], [7.71692, 12.30304], [7.71496, 12.30461], [7.70882, 12.30912], [7.70359, 12.31155], [7.69984, 12.31329], [7.70484, 12.31486], [7.71459, 12.32694], [7.71781, 12.32881], [7.72639, 12.33254], [7.72807, 12.33857], [7.73082, 12.34082], [7.73339, 12.34674], [7.73435, 12.34671], [7.73521, 12.34642], [7.73563, 12.34682], [7.73581, 12.34896], [7.73631, 12.35021], [7.73908, 12.35227], [7.74003, 12.35265], [7.74207, 12.35655], [7.74284, 12.3566], [7.74369, 12.35617], [7.74407, 12.35608], [7.74483, 12.35703], [7.74588, 12.35927], [7.74617, 12.36027], [7.74698, 12.36012], [7.74774, 12.36088], [7.74859, 12.36055], [7.74921, 12.36146], [7.74927, 12.36309], [7.75181, 12.36334], [7.75217, 12.36469], [7.75346, 12.36407], [7.75725, 12.37029], [7.75515, 12.37289], [7.75865, 12.37435], [7.76075, 12.37764], [7.77046, 12.37718], [7.77079, 12.37702], [7.77081, 12.37636], [7.77115, 12.37619], [7.77523, 12.3775], [7.778, 12.37674], [7.77815, 12.37653], [7.7794, 12.37474], [7.77212, 12.37031], [7.77017, 12.36516], [7.77015, 12.36511], [7.76106, 12.35071], [7.75969, 12.34213], [7.759, 12.33492], [7.76794, 12.3289], [7.77844, 12.32713], [7.79896, 12.31441], [7.80426, 12.31501], [7.80786, 12.31889], [7.81015, 12.31963], [7.81355, 12.31944], [7.81529, 12.31889], [7.81814, 12.31923], [7.8218, 12.321], [7.82499, 12.32152], [7.82705, 12.317], [7.83025, 12.31032], [7.83096, 12.30558], [7.82891, 12.29904], [7.83008, 12.29567], [7.83117, 12.29436], [7.83475, 12.26911], [7.83066, 12.2667], [7.82954, 12.26679], [7.82041, 12.26595], [7.81409, 12.26422], [7.81013, 12.26356], [7.80521, 12.2647], [7.79887, 12.264]]]}, "properties": {"name": "Sukuntuni", "lga": "Kankia", "state": "kt"}}, {"type": "Feature", "geometry": {"type": "Polygon", "coordinates": [[[7.36922, 12.6804], [7.37751, 12.6817], [7.38225, 12.68413], [7.38293, 12.6866], [7.38639, 12.69647], [7.39238, 12.70372], [7.39812, 12.71043], [7.39815, 12.71645], [7.39802, 12.71872], [7.39512, 12.72964], [7.40059, 12.73017], [7.40869, 12.7281], [7.41801, 12.7231], [7.42236, 12.72269], [7.42819, 12.72431], [7.43404, 12.72459], [7.43561, 12.71993], [7.43909, 12.72], [7.44665, 12.72251], [7.45086, 12.72313], [7.46433, 12.72425], [7.47077, 12.7273], [7.47467, 12.72805], [7.47919, 12.72781], [7.48208, 12.7257], [7.48786, 12.72151], [7.49728, 12.72019], [7.50061, 12.71805], [7.50651, 12.71773], [7.51043, 12.718], [7.51453, 12.71887], [7.51681, 12.71755], [7.51786, 12.71673], [7.51766, 12.71599], [7.51757, 12.71025], [7.52479, 12.70806], [7.5343, 12.70323], [7.53345, 12.69829], [7.53354, 12.69625], [7.52748, 12.69696], [7.52297, 12.69641], [7.52103, 12.69589], [7.51459, 12.69298], [7.5151, 12.68886], [7.51306, 12.68306], [7.50408, 12.6828], [7.49587, 12.69844], [7.48339, 12.68609], [7.4686, 12.67685], [7.45987, 12.67128], [7.44239, 12.67022], [7.42514, 12.67033], [7.42602, 12.66279], [7.42642, 12.66022], [7.42563, 12.65172], [7.43747, 12.65151], [7.44027, 12.64778], [7.43882, 12.64373], [7.43667, 12.64113], [7.43011, 12.63557], [7.42593, 12.63551], [7.4234, 12.63686], [7.41794, 12.63728], [7.40517, 12.64117], [7.39528, 12.64118], [7.38771, 12.64322], [7.38742, 12.64879], [7.38689, 12.65493], [7.38542, 12.65631], [7.383, 12.66464], [7.37844, 12.67008], [7.37562, 12.67453], [7.37391, 12.67561], [7.37052, 12.67735], [7.3702, 12.67853], [7.36949, 12.6794], [7.36922, 12.6804]]]}, "properties": {"name": "Kurfi B", "lga": "Kurfi", "state": "kt"}}, {"type": "Feature", "geometry": {"type": "Polygon", "coordinates": [[[8.44739, 12.89123], [8.44776, 12.89957], [8.44866, 12.90421], [8.45259, 12.91], [8.46563, 12.92336], [8.47032, 12.92628], [8.45839, 12.94285], [8.45668, 12.94829], [8.45668, 12.95081], [8.4623, 12.9482], [8.4696, 12.94592], [8.47866, 12.94429], [8.48278, 12.94303], [8.48885, 12.93912], [8.49162, 12.93785], [8.49591, 12.9362], [8.50285, 12.93349], [8.52258, 12.91612], [8.52851, 12.90488], [8.54511, 12.89212], [8.55306, 12.8661], [8.55228, 12.84453], [8.55215, 12.83182], [8.52787, 12.83193], [8.50211, 12.83382], [8.50463, 12.84395], [8.50257, 12.84488], [8.49303, 12.8441], [8.46418, 12.84454], [8.46143, 12.85877], [8.45564, 12.87873], [8.44739, 12.89123]]]}, "properties": {"name": "Garni", "lga": "Zango", "state": "kt"}}, {"type": "Feature", "geometry": {"type": "Polygon", "coordinates": [[[7.22461, 12.62319], [7.22433, 12.62481], [7.21905, 12.6433], [7.21866, 12.64366], [7.21834, 12.64834], [7.23061, 12.66464], [7.23613, 12.66512], [7.25398, 12.66016], [7.26144, 12.66306], [7.26206, 12.6636], [7.27842, 12.65687], [7.28622, 12.6616], [7.29872, 12.66976], [7.30361, 12.66784], [7.30504, 12.66578], [7.30569, 12.661], [7.31444, 12.65447], [7.30236, 12.64459], [7.30071, 12.63627], [7.30738, 12.61727], [7.28666, 12.60631], [7.27138, 12.59888], [7.26097, 12.59797], [7.25612, 12.59428], [7.25213, 12.58865], [7.2447, 12.58588], [7.238, 12.59963], [7.22461, 12.62319]]]}, "properties": {"name": "Baure A", "lga": "Safana", "state": "kt"}}, {"type": "Feature", "geometry": {"type": "Polygon", "coordinates": [[[7.17997, 12.45447], [7.17162, 12.45138], [7.16565, 12.44981], [7.11101, 12.43743], [7.0659, 12.4317], [7.0599, 12.4808], [7.0594, 12.4886], [7.0537, 12.5163], [7.0537, 12.5293], [7.0512, 12.5399], [7.0521, 12.5534], [7.05132, 12.56368], [7.05022, 12.57508], [7.1062, 12.58341], [7.13533, 12.61862], [7.14554, 12.61796], [7.14977, 12.61892], [7.15909, 12.61852], [7.1754, 12.62359], [7.17545, 12.62359], [7.18171, 12.6303], [7.19347, 12.62905], [7.20332, 12.62236], [7.22461, 12.62319], [7.238, 12.59963], [7.2447, 12.58588], [7.24336, 12.57891], [7.23533, 12.53304], [7.22917, 12.51056], [7.22859, 12.50277], [7.22103, 12.49234], [7.20776, 12.48004], [7.20087, 12.47562], [7.1961, 12.46956], [7.18006, 12.45453], [7.17997, 12.45447]]]}, "properties": {"name": "Baure B", "lga": "Safana", "state": "kt"}}, {"type": "Feature", "geometry": {"type": "Polygon", "coordinates": [[[7.85898, 12.61661], [7.85486, 12.6167], [7.85033, 12.61599], [7.84967, 12.61587], [7.84806, 12.61664], [7.84769, 12.61702], [7.84694, 12.61728], [7.84476, 12.61712], [7.8431, 12.61693], [7.83894, 12.62096], [7.84621, 12.62757], [7.84994, 12.63474], [7.84792, 12.6446], [7.85972, 12.64367], [7.86181, 12.64551], [7.86443, 12.6465], [7.86664, 12.647], [7.86743, 12.64774], [7.86892, 12.64964], [7.87292, 12.65383], [7.8728, 12.65626], [7.87956, 12.66378], [7.88166, 12.6633], [7.89492, 12.66734], [7.89757, 12.66639], [7.90148, 12.66199], [7.90645, 12.66115], [7.91068, 12.66209], [7.92662, 12.67105], [7.93761, 12.6647], [7.94035, 12.66386], [7.93925, 12.65913], [7.93775, 12.65659], [7.9328, 12.65137], [7.92727, 12.64777], [7.927, 12.64403], [7.93315, 12.63988], [7.94211, 12.63834], [7.94454, 12.6277], [7.93889, 12.62422], [7.92954, 12.62546], [7.92238, 12.62148], [7.91591, 12.62087], [7.90803, 12.62272], [7.90704, 12.62249], [7.9031, 12.61972], [7.89735, 12.62244], [7.88691, 12.62531], [7.88028, 12.63019], [7.87574, 12.62852], [7.87504, 12.6282], [7.87271, 12.6288], [7.86806, 12.62383], [7.8652, 12.62203], [7.86456, 12.62008], [7.85957, 12.61668], [7.85898, 12.61661]]]}, "properties": {"name": "Gaiwa", "lga": "Bindawa", "state": "kt"}}, {"type": "Feature", "geometry": {"type": "Polygon", "coordinates": [[[7.83894, 12.62096], [7.8431, 12.61693], [7.84476, 12.61712], [7.84694, 12.61728], [7.84769, 12.61702], [7.84806, 12.61664], [7.84967, 12.61587], [7.85033, 12.61599], [7.85486, 12.6167], [7.85898, 12.61661], [7.86081, 12.61317], [7.86281, 12.61045], [7.86141, 12.60888], [7.86229, 12.60686], [7.86455, 12.60517], [7.8653, 12.60172], [7.8731, 12.60259], [7.87674, 12.6073], [7.88137, 12.60828], [7.88326, 12.60772], [7.88523, 12.60798], [7.88892, 12.60716], [7.89662, 12.60893], [7.89829, 12.60453], [7.89593, 12.59667], [7.89664, 12.59426], [7.8836, 12.58044], [7.88557, 12.57951], [7.8745, 12.5639], [7.86682, 12.56476], [7.86214, 12.56665], [7.86239, 12.58067], [7.8572, 12.58812], [7.8451, 12.5905], [7.84456, 12.58567], [7.84194, 12.57978], [7.8399, 12.5758], [7.8397, 12.574], [7.8332, 12.5703], [7.8332, 12.569], [7.8328, 12.567], [7.8308, 12.5636], [7.8292, 12.562], [7.82397, 12.55677], [7.81887, 12.5637], [7.80869, 12.56098], [7.79964, 12.55753], [7.7953, 12.566], [7.79312, 12.56829], [7.77215, 12.57352], [7.76803, 12.5696], [7.76582, 12.56795], [7.75956, 12.57085], [7.74774, 12.57292], [7.7381, 12.57103], [7.73102, 12.57135], [7.72466, 12.57569], [7.72546, 12.57858], [7.72273, 12.57782], [7.71954, 12.57799], [7.71589, 12.57963], [7.71298, 12.57963], [7.71069, 12.57928], [7.70882, 12.59092], [7.70948, 12.59319], [7.70948, 12.5953], [7.70957, 12.59701], [7.71096, 12.59892], [7.71218, 12.59788], [7.71348, 12.59931], [7.71366, 12.60074], [7.71255, 12.60267], [7.71385, 12.60501], [7.71416, 12.60675], [7.71356, 12.60944], [7.71325, 12.61072], [7.71345, 12.6118], [7.7192, 12.6111], [7.72276, 12.61145], [7.72574, 12.61083], [7.7273, 12.6096], [7.74793, 12.61246], [7.75417, 12.59793], [7.76294, 12.5949], [7.7708, 12.59504], [7.7768, 12.59577], [7.77723, 12.5972], [7.77643, 12.59843], [7.77507, 12.59926], [7.7741, 12.60038], [7.77353, 12.60144], [7.77381, 12.60322], [7.77107, 12.60767], [7.78252, 12.60827], [7.80027, 12.62487], [7.8299, 12.62713], [7.83397, 12.62196], [7.83894, 12.62096]]]}, "properties": {"name": "Fakuwa Kafin Dangi", "lga": "Kankia", "state": "kt"}}, {"type": "Feature", "geometry": {"type": "Polygon", "coordinates": [[[7.58753, 11.76707], [7.58913, 11.77972], [7.58409, 11.77861], [7.58398, 11.7739], [7.57727, 11.77146], [7.57541, 11.78528], [7.58009, 11.78689], [7.58722, 11.78112], [7.59223, 11.78543], [7.60538, 11.78773], [7.61142, 11.78894], [7.6161, 11.78627], [7.63387, 11.8005], [7.63606, 11.79482], [7.6367, 11.7933], [7.6355, 11.7881], [7.6355, 11.7867], [7.6359, 11.7856], [7.63664, 11.78464], [7.65251, 11.78006], [7.65496, 11.76043], [7.6326, 11.746], [7.61881, 11.74713], [7.61794, 11.76446], [7.6014, 11.76631], [7.58753, 11.76707]]]}, "properties": {"name": "Malumfashi A", "lga": "Malumfashi", "state": "kt"}}, {"type": "Feature", "geometry": {"type": "Polygon", "coordinates": [[[7.68608, 12.67624], [7.68175, 12.67418], [7.67125, 12.66018], [7.64653, 12.66109], [7.64624, 12.67774], [7.64615, 12.67955], [7.64686, 12.68242], [7.64543, 12.68374], [7.64317, 12.68454], [7.64146, 12.68507], [7.64077, 12.68652], [7.63996, 12.68809], [7.64116, 12.69532], [7.63761, 12.69679], [7.63588, 12.69911], [7.63226, 12.69923], [7.62827, 12.69938], [7.6253, 12.70015], [7.62587, 12.68585], [7.62645, 12.68512], [7.62854, 12.67658], [7.62964, 12.675], [7.62129, 12.66685], [7.60609, 12.66788], [7.60369, 12.66729], [7.60405, 12.6912], [7.60548, 12.70007], [7.60185, 12.70062], [7.59785, 12.7], [7.59263, 12.70144], [7.58609, 12.70202], [7.58326, 12.70452], [7.58164, 12.71043], [7.58102, 12.72095], [7.58731, 12.72881], [7.60029, 12.73371], [7.60549, 12.73402], [7.61729, 12.73741], [7.63008, 12.74495], [7.65255, 12.74348], [7.6554, 12.74206], [7.666, 12.72883], [7.66878, 12.72874], [7.67105, 12.72842], [7.68015, 12.71637], [7.67652, 12.69831], [7.68306, 12.69479], [7.68825, 12.68654], [7.68608, 12.67624]]]}, "properties": {"name": "Kuraye", "lga": "Charanchi", "state": "kt"}}, {"type": "Feature", "geometry": {"type": "Polygon", "coordinates": [[[7.46774, 12.59695], [7.47069, 12.59003], [7.4736, 12.58664], [7.47434, 12.58241], [7.47817, 12.57645], [7.48187, 12.57049], [7.4829, 12.56392], [7.48412, 12.55897], [7.4795, 12.55775], [7.47076, 12.56008], [7.46797, 12.56056], [7.4675, 12.55978], [7.46625, 12.55791], [7.46073, 12.54493], [7.45303, 12.53279], [7.44679, 12.52486], [7.44838, 12.52245], [7.44392, 12.51194], [7.43407, 12.51545], [7.4297, 12.51786], [7.42958, 12.52002], [7.42524, 12.52632], [7.42269, 12.52634], [7.4183, 12.52416], [7.41586, 12.5255], [7.40438, 12.52549], [7.39912, 12.53105], [7.39903, 12.53465], [7.40281, 12.54616], [7.40356, 12.54974], [7.40331, 12.55215], [7.40388, 12.5543], [7.40377, 12.55618], [7.4022, 12.55723], [7.40042, 12.55855], [7.39928, 12.55904], [7.40242, 12.56819], [7.39891, 12.57632], [7.39894, 12.57641], [7.39866, 12.58344], [7.41158, 12.58825], [7.41357, 12.59454], [7.42068, 12.59493], [7.42995, 12.59128], [7.42984, 12.58798], [7.44714, 12.58513], [7.44836, 12.59043], [7.46774, 12.59695]]]}, "properties": {"name": "Wurma A", "lga": "Kurfi", "state": "kt"}}, {"type": "Feature", "geometry": {"type": "Polygon", "coordinates": [[[7.853, 11.82434], [7.85532, 11.81726], [7.85553, 11.81094], [7.85498, 11.8019], [7.85751, 11.79494], [7.85933, 11.77722], [7.85087, 11.77519], [7.84878, 11.78063], [7.83763, 11.77673], [7.83794, 11.77447], [7.83205, 11.77277], [7.82931, 11.77241], [7.82534, 11.7727], [7.82022, 11.77248], [7.82003, 11.76794], [7.79471, 11.76917], [7.79472, 11.76679], [7.78979, 11.76698], [7.7829, 11.76745], [7.78232, 11.76975], [7.7674, 11.7708], [7.7578, 11.7739], [7.757, 11.7739], [7.75513, 11.7739], [7.75403, 11.7739], [7.75406, 11.77209], [7.7484, 11.7725], [7.73835, 11.77978], [7.73991, 11.7861], [7.7309, 11.7939], [7.72222, 11.80082], [7.7143, 11.80698], [7.71505, 11.81975], [7.71564, 11.82208], [7.7145, 11.83028], [7.71283, 11.8397], [7.71072, 11.85059], [7.71092, 11.85134], [7.71112, 11.85213], [7.72152, 11.85077], [7.73692, 11.84972], [7.7432, 11.84902], [7.74769, 11.85077], [7.75126, 11.84944], [7.75739, 11.84777], [7.75967, 11.84812], [7.7653, 11.85768], [7.77513, 11.84667], [7.78886, 11.83943], [7.79141, 11.83766], [7.80647, 11.83197], [7.80987, 11.83088], [7.81143, 11.82909], [7.82237, 11.83562], [7.82386, 11.83416], [7.82626, 11.83296], [7.82854, 11.83286], [7.83157, 11.83237], [7.83296, 11.83149], [7.83423, 11.83077], [7.83879, 11.82719], [7.84014, 11.82699], [7.84275, 11.82747], [7.84696, 11.82801], [7.853, 11.82434]]]}, "properties": {"name": "Gamzago", "lga": "Kafur", "state": "kt"}}, {"type": "Feature", "geometry": {"type": "Polygon", "coordinates": [[[8.07444, 13.00949], [8.06655, 13.00924], [8.05833, 13.00892], [8.04831, 13.0033], [8.03767, 12.99547], [8.02742, 12.98321], [8.01934, 12.97655], [8.01234, 12.95071], [8.00574, 12.95276], [7.99298, 12.95381], [7.98576, 12.96254], [7.96862, 12.97041], [7.96288, 12.97754], [7.96022, 12.98484], [7.95496, 12.9972], [7.95603, 13.0017], [7.9589, 13.00441], [7.96595, 13.0081], [7.97163, 13.01623], [7.97862, 13.02161], [7.98272, 13.01672], [7.98831, 13.01735], [7.99097, 13.01822], [7.99621, 13.02323], [8.0047, 13.02775], [8.00427, 13.03619], [8.00562, 13.04326], [8.00827, 13.05074], [8.00392, 13.05447], [8.00624, 13.05867], [8.01248, 13.06961], [8.00729, 13.07251], [8.0052, 13.07368], [8.01229, 13.08643], [8.02088, 13.08309], [8.02696, 13.08528], [8.03116, 13.08616], [8.04152, 13.08763], [8.04969, 13.09682], [8.05822, 13.10527], [8.05818, 13.10742], [8.06145, 13.11254], [8.06837, 13.11765], [8.06555, 13.12025], [8.07006, 13.12249], [8.07135, 13.11932], [8.07922, 13.12021], [8.07838, 13.12585], [8.08568, 13.12661], [8.08674, 13.12214], [8.0854, 13.1173], [8.08629, 13.1106], [8.08577, 13.09708], [8.07838, 13.09158], [8.06873, 13.07771], [8.05539, 13.06964], [8.05474, 13.05264], [8.06083, 13.04862], [8.06145, 13.04441], [8.06251, 13.02805], [8.06461, 13.01969], [8.06522, 13.01693], [8.06614, 13.01558], [8.07471, 13.01279], [8.07458, 13.0101], [8.07444, 13.00949]]]}, "properties": {"name": "Karau", "lga": "Mashi", "state": "kt"}}, {"type": "Feature", "geometry": {"type": "Polygon", "coordinates": [[[8.08419, 13.2402], [8.061, 13.23852], [8.05286, 13.24325], [8.04618, 13.24504], [8.03845, 13.24366], [8.02598, 13.22743], [8.022, 13.22273], [8.01894, 13.22122], [8.01186, 13.21915], [7.9925, 13.22001], [7.98648, 13.21807], [7.98261, 13.2307], [7.96332, 13.23086], [7.95541, 13.23165], [7.94433, 13.2403], [7.93767, 13.26874], [7.93551, 13.28095], [7.94072, 13.29032], [7.93343, 13.29898], [7.93464, 13.30481], [7.93708, 13.30863], [7.93746, 13.30988], [7.93723, 13.31086], [7.93696, 13.31178], [7.93698, 13.31288], [7.93056, 13.31847], [7.929, 13.327], [7.92913, 13.33578], [7.92923, 13.33678], [8.04057, 13.32126], [8.04554, 13.32041], [8.05323, 13.31873], [8.06204, 13.3168], [8.06207, 13.31018], [8.06223, 13.2996], [8.06601, 13.28926], [8.06913, 13.27752], [8.07682, 13.26233], [8.0807, 13.2549], [8.08419, 13.2402]]]}, "properties": {"name": "Bamle", "lga": "Mashi", "state": "kt"}}, {"type": "Feature", "geometry": {"type": "Polygon", "coordinates": [[[7.98417, 13.12348], [7.99021, 13.12909], [7.99928, 13.13742], [7.99622, 13.15839], [7.99619, 13.15937], [7.99494, 13.1691], [7.99555, 13.17971], [8.0099, 13.18882], [8.01704, 13.19008], [8.02174, 13.1945], [8.02518, 13.20434], [8.02977, 13.21129], [8.03089, 13.21445], [8.03425, 13.21955], [8.02598, 13.22743], [8.03845, 13.24366], [8.04618, 13.24504], [8.05286, 13.24325], [8.061, 13.23852], [8.06077, 13.23712], [8.05832, 13.23165], [8.05371, 13.21814], [8.04041, 13.21853], [8.03793, 13.21077], [8.03642, 13.20635], [8.03468, 13.2014], [8.05172, 13.20456], [8.05803, 13.20502], [8.06965, 13.19135], [8.0748, 13.18791], [8.0806, 13.18196], [8.0736, 13.16839], [8.06948, 13.16427], [8.07008, 13.15977], [8.07249, 13.15574], [8.07315, 13.15184], [8.06284, 13.15115], [8.05003, 13.15372], [8.04242, 13.1506], [8.02798, 13.14365], [8.02853, 13.13087], [8.01956, 13.12354], [8.00416, 13.11119], [7.99716, 13.11066], [7.99098, 13.10974], [7.98637, 13.11283], [7.98516, 13.11975], [7.98417, 13.12348]]]}, "properties": {"name": "Doguru A", "lga": "Mashi", "state": "kt"}}, {"type": "Feature", "geometry": {"type": "MultiPolygon", "coordinates": [[[[7.66814, 12.33794], [7.66313, 12.33899], [7.65695, 12.34253], [7.65205, 12.34434], [7.6544, 12.3499], [7.6567, 12.3564], [7.66351, 12.36451], [7.66699, 12.36545], [7.68696, 12.36278], [7.69786, 12.3537], [7.73438, 12.35965], [7.74327, 12.3617], [7.74927, 12.36309], [7.74921, 12.36146], [7.74859, 12.36055], [7.74774, 12.36088], [7.74698, 12.36012], [7.74617, 12.36027], [7.74588, 12.35927], [7.74483, 12.35703], [7.74407, 12.35608], [7.74369, 12.35617], [7.74284, 12.3566], [7.74207, 12.35655], [7.74003, 12.35265], [7.73908, 12.35227], [7.73631, 12.35021], [7.73581, 12.34896], [7.73563, 12.34682], [7.73521, 12.34642], [7.73435, 12.34671], [7.73339, 12.34674], [7.73082, 12.34082], [7.72807, 12.33857], [7.72639, 12.33254], [7.71781, 12.32881], [7.71459, 12.32694], [7.70484, 12.31486], [7.69984, 12.31329], [7.69801, 12.31405], [7.68993, 12.32032], [7.67923, 12.32502], [7.67935, 12.32897], [7.67982, 12.33222], [7.67876, 12.33373], [7.67763, 12.33487], [7.6743, 12.33684], [7.66896, 12.33777], [7.66814, 12.33794]]], [[[7.77523, 12.3775], [7.77616, 12.37883], [7.77844, 12.37961], [7.78065, 12.3814], [7.7868, 12.3901], [7.78631, 12.3921], [7.78589, 12.39306], [7.78725, 12.39485], [7.78808, 12.39731], [7.78816, 12.39734], [7.80185, 12.40357], [7.80329, 12.406], [7.80369, 12.40669], [7.80335, 12.40742], [7.80245, 12.40785], [7.79614, 12.41083], [7.7954, 12.41863], [7.79983, 12.42561], [7.80649, 12.4481], [7.80986, 12.46107], [7.81518, 12.47351], [7.81523, 12.47363], [7.81824, 12.47386], [7.82041, 12.47403], [7.83966, 12.4761], [7.84955, 12.47487], [7.8492, 12.45341], [7.85395, 12.4533], [7.85398, 12.45328], [7.85819, 12.45001], [7.86037, 12.44831], [7.86991, 12.44773], [7.87029, 12.4477], [7.8775, 12.4449], [7.87761, 12.44486], [7.87767, 12.44477], [7.87824, 12.44388], [7.87818, 12.44374], [7.87335, 12.4323], [7.87346, 12.43217], [7.87845, 12.42642], [7.87952, 12.42519], [7.87682, 12.41459], [7.8776, 12.41067], [7.87295, 12.40527], [7.87286, 12.40517], [7.86609, 12.40163], [7.86073, 12.39883], [7.85977, 12.39629], [7.859, 12.39424], [7.85894, 12.39408], [7.86479, 12.38494], [7.87857, 12.3906], [7.88089, 12.39058], [7.88096, 12.39045], [7.88315, 12.38639], [7.87854, 12.37316], [7.87525, 12.37388], [7.86598, 12.3697], [7.86237, 12.36343], [7.86105, 12.36113], [7.84151, 12.35402], [7.83687, 12.37652], [7.7983, 12.37248], [7.79063, 12.37184], [7.78914, 12.37419], [7.789, 12.37441], [7.78128, 12.37588], [7.7794, 12.37474], [7.77815, 12.37653], [7.778, 12.37674], [7.77523, 12.3775]]]]}, "properties": {"name": "Tsa Magam", "lga": "Kankia", "state": "kt"}}, {"type": "Feature", "geometry": {"type": "Polygon", "coordinates": [[[7.2785, 12.71391], [7.27329, 12.72467], [7.27106, 12.73301], [7.26629, 12.74147], [7.26496, 12.74458], [7.26522, 12.7492], [7.26739, 12.76625], [7.26772, 12.77562], [7.26475, 12.77849], [7.25239, 12.78723], [7.2478, 12.7926], [7.24426, 12.80007], [7.26806, 12.80809], [7.2836, 12.80466], [7.28596, 12.8017], [7.29112, 12.80107], [7.29644, 12.80038], [7.30305, 12.80037], [7.31177, 12.79607], [7.32297, 12.7896], [7.33238, 12.78883], [7.34122, 12.78925], [7.35035, 12.7905], [7.35327, 12.7944], [7.36005, 12.79954], [7.36517, 12.80646], [7.36954, 12.81691], [7.37068, 12.83207], [7.37084, 12.84455], [7.39357, 12.84431], [7.40591, 12.83938], [7.41524, 12.8402], [7.41343, 12.82934], [7.41904, 12.82156], [7.41886, 12.81713], [7.41841, 12.81196], [7.41264, 12.80246], [7.4083, 12.7958], [7.40533, 12.79257], [7.4013, 12.78115], [7.4026, 12.7721], [7.40288, 12.76998], [7.39871, 12.77045], [7.38854, 12.77107], [7.38387, 12.77068], [7.36198, 12.76855], [7.35717, 12.7676], [7.34301, 12.75771], [7.33883, 12.7535], [7.3361, 12.74826], [7.33586, 12.74585], [7.33319, 12.7375], [7.33146, 12.73323], [7.33337, 12.73255], [7.33651, 12.73222], [7.34102, 12.73317], [7.34658, 12.73277], [7.34953, 12.72792], [7.35761, 12.72087], [7.35488, 12.71895], [7.35378, 12.71409], [7.35227, 12.70998], [7.34938, 12.70888], [7.34884, 12.70628], [7.35176, 12.70387], [7.35143, 12.70214], [7.3363, 12.70012], [7.33372, 12.70127], [7.32002, 12.71269], [7.31607, 12.71507], [7.30745, 12.71653], [7.29979, 12.71663], [7.28894, 12.71697], [7.28523, 12.71914], [7.28378, 12.71678], [7.28238, 12.71575], [7.2785, 12.71391]]]}, "properties": {"name": "Abadau Kagara", "lga": "Batsari", "state": "kt"}}, {"type": "Feature", "geometry": {"type": "Polygon", "coordinates": [[[7.14828, 12.23454], [7.13949, 12.2432], [7.12835, 12.25187], [7.12846, 12.2519], [7.12852, 12.25191], [7.20109, 12.2689], [7.21087, 12.27992], [7.22112, 12.28404], [7.21461, 12.29467], [7.22584, 12.29974], [7.22434, 12.30176], [7.22503, 12.30424], [7.22432, 12.30512], [7.22261, 12.30714], [7.2242, 12.30949], [7.22527, 12.3152], [7.21999, 12.31966], [7.21833, 12.3213], [7.21983, 12.32395], [7.22186, 12.32706], [7.22459, 12.33725], [7.22506, 12.33563], [7.22955, 12.33793], [7.23169, 12.33967], [7.23411, 12.34309], [7.23777, 12.34556], [7.26406, 12.34754], [7.26502, 12.34584], [7.26356, 12.34385], [7.26299, 12.34211], [7.26377, 12.34086], [7.27076, 12.34162], [7.27133, 12.33946], [7.2712, 12.3374], [7.27183, 12.33577], [7.27847, 12.33239], [7.2799, 12.33031], [7.27875, 12.3247], [7.27989, 12.32248], [7.28208, 12.31987], [7.29869, 12.31155], [7.30083, 12.30853], [7.2928, 12.30449], [7.29009, 12.29788], [7.28424, 12.29655], [7.27143, 12.29672], [7.26991, 12.29572], [7.26677, 12.29315], [7.2632, 12.2891], [7.25975, 12.28706], [7.24868, 12.28225], [7.24647, 12.27641], [7.25175, 12.2693], [7.2395, 12.25809], [7.23403, 12.26061], [7.2245, 12.25066], [7.22021, 12.25062], [7.20868, 12.23799], [7.19166, 12.23334], [7.14828, 12.23454]]]}, "properties": {"name": "Dandire A", "lga": "Dan Musa", "state": "kt"}}, {"type": "Feature", "geometry": {"type": "Polygon", "coordinates": [[[7.85518, 11.84252], [7.85233, 11.836], [7.85492, 11.83326], [7.85447, 11.8323], [7.853, 11.82434], [7.84696, 11.82801], [7.84275, 11.82747], [7.84014, 11.82699], [7.83879, 11.82719], [7.83423, 11.83077], [7.83296, 11.83149], [7.83157, 11.83237], [7.82854, 11.83286], [7.82626, 11.83296], [7.82386, 11.83416], [7.82237, 11.83562], [7.81143, 11.82909], [7.80987, 11.83088], [7.80647, 11.83197], [7.79141, 11.83766], [7.78886, 11.83943], [7.77513, 11.84667], [7.7653, 11.85768], [7.76373, 11.85991], [7.75992, 11.86403], [7.75446, 11.87289], [7.76361, 11.88956], [7.76664, 11.90035], [7.78161, 11.90838], [7.78589, 11.89735], [7.79848, 11.89915], [7.80971, 11.8955], [7.82585, 11.89836], [7.83548, 11.89437], [7.84626, 11.89379], [7.84769, 11.89334], [7.84821, 11.88613], [7.86511, 11.87346], [7.86036, 11.86349], [7.85558, 11.84562], [7.85518, 11.84252]]]}, "properties": {"name": "Makaurachi", "lga": "Malumfashi", "state": "kt"}}, {"type": "Feature", "geometry": {"type": "Polygon", "coordinates": [[[7.23533, 12.53304], [7.24336, 12.57891], [7.2447, 12.58588], [7.25213, 12.58865], [7.25612, 12.59428], [7.26097, 12.59797], [7.27138, 12.59888], [7.28666, 12.60631], [7.30738, 12.61727], [7.30071, 12.63627], [7.3056, 12.6396], [7.31723, 12.64248], [7.31972, 12.63344], [7.33194, 12.63533], [7.3439, 12.62468], [7.34447, 12.6206], [7.3353, 12.6076], [7.33938, 12.59315], [7.33924, 12.58878], [7.341, 12.58498], [7.34539, 12.58331], [7.34665, 12.57983], [7.35033, 12.57821], [7.35178, 12.57647], [7.35264, 12.57463], [7.3503, 12.57363], [7.33428, 12.56768], [7.32729, 12.56807], [7.31654, 12.56648], [7.31304, 12.56195], [7.3085, 12.5605], [7.297, 12.5644], [7.28897, 12.56989], [7.28226, 12.57291], [7.275, 12.5747], [7.23533, 12.53304]]]}, "properties": {"name": "Zakka B", "lga": "Safana", "state": "kt"}}, {"type": "Feature", "geometry": {"type": "Polygon", "coordinates": [[[8.24054, 13.1533], [8.25281, 13.14958], [8.25207, 13.14433], [8.25055, 13.13952], [8.25026, 13.13646], [8.24343, 13.13455], [8.22628, 13.13316], [8.2153, 13.12503], [8.21261, 13.125], [8.21064, 13.12475], [8.20783, 13.12486], [8.20375, 13.12703], [8.19551, 13.13845], [8.19072, 13.14417], [8.18613, 13.14045], [8.18459, 13.14186], [8.17739, 13.13675], [8.17666, 13.1273], [8.17029, 13.10674], [8.16796, 13.10205], [8.16646, 13.09511], [8.16339, 13.08941], [8.15152, 13.08068], [8.14366, 13.08259], [8.14144, 13.08808], [8.13795, 13.0921], [8.13435, 13.09706], [8.12852, 13.10165], [8.12662, 13.10643], [8.12271, 13.10869], [8.11496, 13.11333], [8.11449, 13.12094], [8.1178, 13.12743], [8.12281, 13.13998], [8.12254, 13.15089], [8.12067, 13.16401], [8.12282, 13.16656], [8.12942, 13.16634], [8.14549, 13.17334], [8.15624, 13.18173], [8.16587, 13.18642], [8.16982, 13.18661], [8.1752, 13.18688], [8.18508, 13.18635], [8.18633, 13.1833], [8.18891, 13.1736], [8.19343, 13.16866], [8.19705, 13.16694], [8.19842, 13.16737], [8.2092, 13.17074], [8.21478, 13.17311], [8.22437, 13.14767], [8.23028, 13.14525], [8.24054, 13.1533]]]}, "properties": {"name": "Natsalle", "lga": "Mai'Adua", "state": "kt"}}, {"type": "Feature", "geometry": {"type": "Polygon", "coordinates": [[[7.8244, 12.78924], [7.82458, 12.77899], [7.82797, 12.77772], [7.83507, 12.77117], [7.82971, 12.76418], [7.83204, 12.75193], [7.83088, 12.75049], [7.82958, 12.74576], [7.82487, 12.73949], [7.82448, 12.73426], [7.82341, 12.73078], [7.82669, 12.72777], [7.82591, 12.72554], [7.81915, 12.7203], [7.81478, 12.71146], [7.81676, 12.70855], [7.80778, 12.70246], [7.79677, 12.70859], [7.78815, 12.70851], [7.79022, 12.72948], [7.79056, 12.73945], [7.78386, 12.74143], [7.77741, 12.743], [7.77531, 12.75709], [7.78138, 12.75585], [7.79351, 12.75449], [7.79381, 12.75503], [7.79192, 12.76472], [7.78788, 12.77285], [7.78473, 12.78008], [7.78064, 12.78626], [7.77968, 12.79519], [7.77993, 12.80058], [7.78208, 12.80437], [7.79022, 12.80944], [7.79243, 12.81156], [7.79704, 12.82613], [7.80441, 12.823], [7.80985, 12.82005], [7.81119, 12.81803], [7.81566, 12.80794], [7.81961, 12.79512], [7.8244, 12.78924]]]}, "properties": {"name": "Shibdawa", "lga": "Bindawa", "state": "kt"}}, {"type": "Feature", "geometry": {"type": "Polygon", "coordinates": [[[7.93495, 12.80127], [7.93095, 12.7824], [7.92733, 12.7616], [7.9274, 12.75154], [7.93643, 12.7425], [7.93986, 12.73634], [7.93614, 12.73378], [7.92569, 12.72925], [7.92345, 12.7272], [7.9284, 12.7205], [7.9276, 12.7196], [7.9248, 12.7188], [7.92244, 12.7174], [7.9202, 12.7152], [7.919, 12.7126], [7.91308, 12.7174], [7.90929, 12.71703], [7.90144, 12.71969], [7.90082, 12.72037], [7.89625, 12.72149], [7.89025, 12.72016], [7.88301, 12.72257], [7.88202, 12.72908], [7.88522, 12.73538], [7.88549, 12.73591], [7.8922, 12.74041], [7.89562, 12.74395], [7.89612, 12.75373], [7.89665, 12.75746], [7.90357, 12.75547], [7.90606, 12.76529], [7.90401, 12.77], [7.9022, 12.77104], [7.89874, 12.77164], [7.8957, 12.77118], [7.89421, 12.77673], [7.89294, 12.77853], [7.89023, 12.77743], [7.8886, 12.77741], [7.88814, 12.77876], [7.88705, 12.77954], [7.89202, 12.78067], [7.89175, 12.78116], [7.89443, 12.78447], [7.89317, 12.78913], [7.88644, 12.7952], [7.88718, 12.80391], [7.88623, 12.81045], [7.884, 12.82042], [7.89159, 12.82118], [7.90512, 12.8199], [7.91344, 12.81241], [7.9227, 12.80261], [7.93495, 12.80127]]]}, "properties": {"name": "Doro", "lga": "Bindawa", "state": "kt"}}, {"type": "Feature", "geometry": {"type": "Polygon", "coordinates": [[[7.63387, 11.8005], [7.6161, 11.78627], [7.61142, 11.78894], [7.60538, 11.78773], [7.59223, 11.78543], [7.58722, 11.78112], [7.58009, 11.78689], [7.57541, 11.78528], [7.5749, 11.78842], [7.572, 11.79006], [7.57169, 11.79154], [7.57157, 11.79373], [7.57229, 11.79575], [7.57381, 11.79734], [7.57521, 11.79865], [7.56933, 11.81238], [7.56992, 11.81434], [7.57071, 11.81543], [7.57368, 11.81518], [7.57455, 11.81503], [7.57597, 11.81531], [7.57688, 11.81571], [7.58016, 11.81726], [7.59793, 11.81613], [7.60059, 11.80674], [7.60593, 11.80589], [7.60993, 11.80668], [7.61889, 11.80858], [7.62396, 11.80925], [7.62499, 11.80726], [7.62532, 11.80664], [7.63204, 11.80474], [7.63307, 11.80325], [7.63387, 11.8005]]]}, "properties": {"name": "Malumfashi B", "lga": "Malumfashi", "state": "kt"}}, {"type": "Feature", "geometry": {"type": "Polygon", "coordinates": [[[8.02139, 12.82574], [8.00573, 12.81644], [8.00553, 12.80548], [7.99122, 12.80691], [7.98118, 12.8114], [7.96474, 12.82447], [7.95176, 12.82313], [7.95283, 12.81547], [7.95412, 12.80105], [7.94829, 12.80056], [7.93879, 12.80133], [7.93495, 12.80127], [7.9227, 12.80261], [7.91344, 12.81241], [7.90512, 12.8199], [7.90807, 12.8232], [7.91649, 12.82231], [7.91787, 12.81954], [7.9193, 12.81906], [7.92008, 12.81877], [7.92107, 12.81895], [7.92183, 12.81995], [7.92203, 12.82101], [7.9273, 12.82304], [7.93783, 12.84661], [7.93999, 12.84814], [7.94356, 12.8504], [7.95677, 12.85064], [7.96599, 12.85143], [7.97147, 12.84709], [7.97872, 12.84037], [7.98212, 12.84117], [7.98399, 12.84232], [7.98685, 12.84455], [7.99051, 12.84538], [7.99935, 12.84643], [8.00223, 12.84683], [8.00452, 12.84693], [8.00771, 12.84645], [8.01809, 12.84335], [8.02178, 12.83953], [8.02464, 12.83805], [8.02546, 12.83695], [8.02588, 12.8354], [8.02391, 12.83168], [8.02198, 12.82712], [8.02139, 12.82574]]]}, "properties": {"name": "Yangora", "lga": "Bindawa", "state": "kt"}}, {"type": "Feature", "geometry": {"type": "Polygon", "coordinates": [[[8.1721, 13.0128], [8.16953, 13.01689], [8.16531, 13.02309], [8.1619, 13.03072], [8.1577, 13.07081], [8.15473, 13.07604], [8.15152, 13.08068], [8.16339, 13.08941], [8.16646, 13.09511], [8.16796, 13.10205], [8.17029, 13.10674], [8.17666, 13.1273], [8.17739, 13.13675], [8.18459, 13.14186], [8.18613, 13.14045], [8.19072, 13.14417], [8.19551, 13.13845], [8.20375, 13.12703], [8.20783, 13.12486], [8.21713, 13.12607], [8.21692, 13.12344], [8.21722, 13.12039], [8.21803, 13.11842], [8.21934, 13.11619], [8.22149, 13.11454], [8.22204, 13.11385], [8.22757, 13.1123], [8.2337, 13.11171], [8.23661, 13.11034], [8.23828, 13.10766], [8.23715, 13.10445], [8.2331, 13.10112], [8.22963, 13.09732], [8.22439, 13.08965], [8.21687, 13.08982], [8.20758, 13.08752], [8.20744, 13.08256], [8.20497, 13.07138], [8.20558, 13.06564], [8.20529, 13.05965], [8.20494, 13.05788], [8.20448, 13.05662], [8.19964, 13.05271], [8.19127, 13.04908], [8.1913, 13.03926], [8.19161, 13.03377], [8.19257, 13.02922], [8.17994, 13.01711], [8.1721, 13.0128]]]}, "properties": {"name": "Danyashe", "lga": "Mai'Adua", "state": "kt"}}, {"type": "Feature", "geometry": {"type": "Polygon", "coordinates": [[[7.64324, 12.54155], [7.64386, 12.54182], [7.65123, 12.54681], [7.65761, 12.56305], [7.6575, 12.56376], [7.66236, 12.56746], [7.66933, 12.5684], [7.68174, 12.56067], [7.68692, 12.55545], [7.69075, 12.55382], [7.69648, 12.5518], [7.70774, 12.55203], [7.72021, 12.55495], [7.7272, 12.55844], [7.73109, 12.55523], [7.73535, 12.55121], [7.73843, 12.54935], [7.73853, 12.54654], [7.74134, 12.54577], [7.74204, 12.54137], [7.73728, 12.52941], [7.73782, 12.52458], [7.75689, 12.52285], [7.75084, 12.50666], [7.73339, 12.51381], [7.71938, 12.50306], [7.71544, 12.49859], [7.72012, 12.48536], [7.72353, 12.47398], [7.72892, 12.47056], [7.7341, 12.4655], [7.7349, 12.463], [7.7357, 12.4608], [7.73606, 12.45975], [7.73602, 12.45965], [7.73397, 12.45477], [7.7285, 12.4485], [7.71726, 12.43432], [7.71283, 12.42557], [7.70667, 12.40493], [7.70584, 12.4027], [7.69895, 12.40411], [7.6893, 12.40784], [7.68399, 12.41059], [7.68323, 12.41215], [7.68328, 12.41424], [7.68473, 12.4188], [7.69414, 12.42521], [7.69469, 12.42953], [7.69724, 12.44115], [7.69268, 12.44573], [7.69296, 12.44762], [7.69282, 12.44882], [7.69348, 12.44981], [7.69448, 12.4505], [7.69422, 12.45421], [7.69459, 12.45564], [7.69846, 12.45627], [7.6992, 12.45703], [7.70089, 12.45824], [7.7017, 12.47046], [7.70449, 12.47131], [7.70739, 12.47345], [7.70879, 12.47479], [7.70967, 12.47631], [7.71034, 12.47764], [7.70425, 12.4921], [7.69296, 12.4901], [7.68853, 12.4946], [7.68845, 12.49642], [7.68983, 12.5002], [7.6898, 12.50037], [7.67816, 12.51102], [7.67413, 12.51028], [7.66744, 12.52221], [7.6654, 12.52123], [7.64276, 12.52304], [7.6439, 12.52697], [7.64324, 12.54155]]]}, "properties": {"name": "Majen Wayya", "lga": "Charanchi", "state": "kt"}}, {"type": "Feature", "geometry": {"type": "Polygon", "coordinates": [[[7.90441, 12.84691], [7.93215, 12.83363], [7.92872, 12.8258], [7.92806, 12.82429], [7.9273, 12.82304], [7.92203, 12.82101], [7.92183, 12.81995], [7.92107, 12.81895], [7.92008, 12.81877], [7.9193, 12.81906], [7.91787, 12.81954], [7.91649, 12.82231], [7.90807, 12.8232], [7.90512, 12.8199], [7.89159, 12.82118], [7.884, 12.82042], [7.8829, 12.8259], [7.87112, 12.82386], [7.86874, 12.83379], [7.86509, 12.84126], [7.8641, 12.84537], [7.86314, 12.85061], [7.86125, 12.86235], [7.87366, 12.86757], [7.88841, 12.86401], [7.88753, 12.84664], [7.89214, 12.84579], [7.89833, 12.84641], [7.90441, 12.84691]]]}, "properties": {"name": "Mani", "lga": "Mani", "state": "kt"}}, {"type": "Feature", "geometry": {"type": "Polygon", "coordinates": [[[8.19742, 13.2428], [8.21199, 13.2331], [8.21795, 13.2291], [8.22611, 13.22361], [8.23583, 13.21917], [8.24308, 13.21853], [8.23387, 13.19406], [8.23113, 13.18679], [8.23189, 13.1805], [8.22865, 13.17991], [8.22829, 13.18138], [8.2279, 13.1832], [8.2282, 13.1845], [8.2241, 13.184], [8.2236, 13.1836], [8.2244, 13.1829], [8.2216, 13.1815], [8.2146, 13.1818], [8.2142, 13.18193], [8.21441, 13.17903], [8.21478, 13.17311], [8.2092, 13.17074], [8.19842, 13.16737], [8.19705, 13.16694], [8.19343, 13.16866], [8.18891, 13.1736], [8.18633, 13.1833], [8.18508, 13.18635], [8.1752, 13.18688], [8.16982, 13.18661], [8.16978, 13.19193], [8.17453, 13.19709], [8.17866, 13.1998], [8.17529, 13.20256], [8.16651, 13.19774], [8.15728, 13.198], [8.15686, 13.20407], [8.16013, 13.20437], [8.15996, 13.20936], [8.17362, 13.21033], [8.19347, 13.22228], [8.19522, 13.22554], [8.19742, 13.2428]]]}, "properties": {"name": "Mai'adua C", "lga": "Mai'Adua", "state": "kt"}}, {"type": "Feature", "geometry": {"type": "Polygon", "coordinates": [[[7.57541, 11.78528], [7.57727, 11.77146], [7.58398, 11.7739], [7.58409, 11.77861], [7.58913, 11.77972], [7.58753, 11.76707], [7.58618, 11.76701], [7.57663, 11.76307], [7.57135, 11.7555], [7.56877, 11.7433], [7.56405, 11.73591], [7.55042, 11.74037], [7.54548, 11.74503], [7.53966, 11.74951], [7.53418, 11.75252], [7.52919, 11.7521], [7.51812, 11.7544], [7.51429, 11.75766], [7.51238, 11.75978], [7.5073, 11.76092], [7.50148, 11.76149], [7.49499, 11.76409], [7.48767, 11.76523], [7.48221, 11.76742], [7.48018, 11.77061], [7.46196, 11.78071], [7.44435, 11.76602], [7.43382, 11.76456], [7.4309, 11.7692], [7.43414, 11.77641], [7.44225, 11.78192], [7.43371, 11.78568], [7.42469, 11.78122], [7.42174, 11.77875], [7.42122, 11.77867], [7.42052, 11.77757], [7.41398, 11.76729], [7.41278, 11.76772], [7.41016, 11.78028], [7.40753, 11.78559], [7.40271, 11.79204], [7.40325, 11.79771], [7.40291, 11.80189], [7.40234, 11.80463], [7.40394, 11.80619], [7.40536, 11.80725], [7.40923, 11.80712], [7.41256, 11.80602], [7.41725, 11.80314], [7.42649, 11.81435], [7.43767, 11.80799], [7.44797, 11.80764], [7.45097, 11.80722], [7.45567, 11.8036], [7.461, 11.8037], [7.47389, 11.7959], [7.4839, 11.79889], [7.48637, 11.80033], [7.48936, 11.79972], [7.49198, 11.79949], [7.49474, 11.798], [7.49707, 11.79656], [7.50044, 11.79456], [7.50509, 11.79506], [7.51104, 11.79484], [7.51989, 11.792], [7.52031, 11.80843], [7.5205, 11.8151], [7.54235, 11.82034], [7.54852, 11.82091], [7.5658, 11.82313], [7.57521, 11.79865], [7.57381, 11.79734], [7.57229, 11.79575], [7.57157, 11.79373], [7.57169, 11.79154], [7.572, 11.79006], [7.5749, 11.78842], [7.57541, 11.78528]]]}, "properties": {"name": "Yaba", "lga": "Malumfashi", "state": "kt"}}, {"type": "Feature", "geometry": {"type": "Polygon", "coordinates": [[[7.17162, 12.45138], [7.18957, 12.36194], [7.19653, 12.33951], [7.1968, 12.33811], [7.19879, 12.33731], [7.19881, 12.3373], [7.20116, 12.33847], [7.21043, 12.34394], [7.2144, 12.3419], [7.21748, 12.34071], [7.22459, 12.33725], [7.22186, 12.32706], [7.21983, 12.32395], [7.21833, 12.3213], [7.21999, 12.31966], [7.22527, 12.3152], [7.2242, 12.30949], [7.22261, 12.30714], [7.22432, 12.30512], [7.22503, 12.30424], [7.22434, 12.30176], [7.22584, 12.29974], [7.21461, 12.29467], [7.22112, 12.28404], [7.21087, 12.27992], [7.20109, 12.2689], [7.12852, 12.25191], [7.09327, 12.28257], [7.08661, 12.31624], [7.08281, 12.32936], [7.08328, 12.33772], [7.08471, 12.34747], [7.07473, 12.37498], [7.0683, 12.4113], [7.0669, 12.4232], [7.0659, 12.4317], [7.11101, 12.43743], [7.16565, 12.44981], [7.17162, 12.45138]]]}, "properties": {"name": "Dandire B", "lga": "Dan Musa", "state": "kt"}}, {"type": "Feature", "geometry": {"type": "Polygon", "coordinates": [[[7.86115, 13.24014], [7.85604, 13.24544], [7.85306, 13.25579], [7.85542, 13.2608], [7.8518, 13.26933], [7.84796, 13.28019], [7.829, 13.27695], [7.81843, 13.2862], [7.81353, 13.30285], [7.81226, 13.30895], [7.81878, 13.32514], [7.81934, 13.34175], [7.8197, 13.35227], [7.92923, 13.33678], [7.92913, 13.33578], [7.929, 13.327], [7.93056, 13.31847], [7.93698, 13.31288], [7.93696, 13.31178], [7.93723, 13.31086], [7.93746, 13.30988], [7.93708, 13.30863], [7.93464, 13.30481], [7.93343, 13.29898], [7.94072, 13.29032], [7.93551, 13.28095], [7.93767, 13.26874], [7.94433, 13.2403], [7.93274, 13.24652], [7.88435, 13.24718], [7.87381, 13.24406], [7.86478, 13.24209], [7.86115, 13.24014]]]}, "properties": {"name": "Majigiri", "lga": "Mashi", "state": "kt"}}, {"type": "Feature", "geometry": {"type": "Polygon", "coordinates": [[[7.86067, 12.67862], [7.8602, 12.67885], [7.84999, 12.67336], [7.84723, 12.67427], [7.84686, 12.6758], [7.84901, 12.68842], [7.83835, 12.69438], [7.83014, 12.69426], [7.823, 12.69631], [7.82481, 12.71187], [7.81915, 12.7203], [7.82591, 12.72554], [7.82669, 12.72777], [7.82341, 12.73078], [7.82448, 12.73426], [7.82487, 12.73949], [7.82958, 12.74576], [7.83088, 12.75049], [7.83204, 12.75193], [7.82971, 12.76418], [7.83507, 12.77117], [7.83753, 12.77089], [7.83789, 12.77092], [7.84848, 12.76361], [7.84869, 12.76314], [7.85743, 12.76143], [7.86772, 12.75136], [7.87577, 12.74239], [7.87711, 12.73407], [7.8662, 12.7303], [7.86427, 12.72757], [7.86403, 12.72434], [7.86401, 12.72433], [7.86446, 12.7137], [7.86704, 12.70752], [7.86983, 12.70309], [7.87272, 12.69773], [7.87361, 12.69349], [7.87229, 12.68901], [7.87199, 12.68685], [7.86067, 12.67862]]]}, "properties": {"name": "Jibawa", "lga": "Bindawa", "state": "kt"}}, {"type": "Feature", "geometry": {"type": "Polygon", "coordinates": [[[8.25281, 13.14958], [8.27564, 13.14537], [8.26847, 13.13024], [8.2877, 13.09862], [8.29296, 13.0992], [8.29431, 13.09908], [8.29459, 13.09639], [8.29514, 13.09236], [8.29607, 13.0868], [8.28162, 13.08257], [8.2738, 13.0669], [8.2635, 13.0647], [8.2628, 13.0648], [8.26174, 13.0649], [8.2477, 13.0763], [8.24159, 13.06993], [8.2164, 13.0845], [8.20744, 13.08256], [8.20758, 13.08752], [8.21687, 13.08982], [8.22439, 13.08965], [8.22963, 13.09732], [8.2331, 13.10112], [8.23715, 13.10445], [8.23828, 13.10766], [8.23661, 13.11034], [8.2337, 13.11171], [8.22757, 13.1123], [8.22204, 13.11385], [8.22149, 13.11454], [8.21934, 13.11619], [8.21803, 13.11842], [8.21722, 13.12039], [8.21692, 13.12344], [8.21713, 13.12607], [8.21715, 13.12606], [8.22628, 13.13316], [8.24343, 13.13455], [8.25026, 13.13646], [8.25055, 13.13952], [8.25207, 13.14433], [8.25281, 13.14958]]]}, "properties": {"name": "Maikoni B", "lga": "Mai'Adua", "state": "kt"}}, {"type": "Feature", "geometry": {"type": "Polygon", "coordinates": [[[7.40288, 12.76998], [7.4024, 12.76254], [7.3984, 12.75343], [7.39498, 12.74884], [7.39477, 12.74286], [7.39507, 12.73782], [7.39512, 12.72964], [7.39802, 12.71872], [7.39815, 12.71645], [7.39812, 12.71043], [7.39238, 12.70372], [7.38639, 12.69647], [7.38293, 12.6866], [7.38225, 12.68413], [7.37751, 12.6817], [7.36922, 12.6804], [7.36261, 12.69103], [7.35691, 12.69085], [7.35478, 12.68524], [7.3413, 12.6887], [7.32507, 12.68501], [7.31243, 12.67721], [7.29573, 12.67736], [7.29338, 12.67908], [7.28748, 12.68452], [7.28182, 12.68687], [7.27658, 12.69142], [7.27458, 12.69431], [7.27439, 12.69672], [7.27434, 12.69906], [7.27645, 12.69995], [7.27862, 12.70379], [7.28255, 12.70651], [7.28341, 12.70846], [7.2811, 12.71156], [7.2785, 12.71391], [7.28238, 12.71575], [7.28378, 12.71678], [7.28523, 12.71914], [7.28894, 12.71697], [7.29979, 12.71663], [7.30745, 12.71653], [7.31607, 12.71507], [7.32002, 12.71269], [7.33372, 12.70127], [7.3363, 12.70012], [7.35143, 12.70214], [7.35176, 12.70387], [7.34884, 12.70628], [7.34938, 12.70888], [7.35227, 12.70998], [7.35378, 12.71409], [7.35488, 12.71895], [7.35761, 12.72087], [7.34953, 12.72792], [7.34658, 12.73277], [7.34102, 12.73317], [7.33651, 12.73222], [7.33337, 12.73255], [7.33146, 12.73323], [7.33883, 12.7535], [7.35717, 12.7676], [7.36198, 12.76855], [7.38387, 12.77068], [7.38854, 12.77107], [7.39871, 12.77045], [7.40288, 12.76998]]]}, "properties": {"name": "Karare", "lga": "Batsari", "state": "kt"}}, {"type": "Feature", "geometry": {"type": "Polygon", "coordinates": [[[7.4213, 12.3938], [7.41732, 12.39297], [7.41352, 12.38358], [7.40865, 12.38447], [7.40744, 12.37841], [7.41211, 12.37392], [7.40969, 12.37155], [7.40901, 12.36904], [7.40898, 12.36706], [7.40821, 12.36258], [7.41565, 12.35245], [7.41279, 12.34838], [7.40963, 12.34763], [7.40794, 12.34705], [7.40657, 12.34239], [7.40331, 12.33702], [7.39903, 12.33549], [7.39411, 12.33486], [7.3929, 12.33667], [7.39298, 12.3397], [7.3919, 12.34211], [7.38648, 12.34392], [7.38384, 12.34064], [7.37393, 12.34114], [7.37022, 12.33883], [7.37094, 12.33486], [7.36937, 12.33368], [7.3641, 12.33431], [7.35931, 12.33396], [7.35839, 12.33131], [7.35596, 12.32866], [7.35175, 12.32692], [7.34662, 12.32602], [7.34356, 12.32532], [7.34129, 12.3256], [7.33886, 12.32572], [7.34002, 12.3296], [7.34214, 12.33114], [7.34288, 12.33159], [7.34312, 12.3319], [7.34241, 12.33208], [7.34212, 12.33249], [7.3422, 12.33319], [7.34523, 12.33396], [7.34423, 12.33507], [7.34498, 12.33824], [7.3447, 12.33871], [7.34405, 12.33848], [7.3439, 12.33883], [7.34473, 12.34472], [7.33484, 12.34766], [7.3349, 12.35689], [7.3416, 12.3577], [7.3414, 12.3586], [7.3412, 12.3591], [7.3409, 12.3602], [7.3405, 12.3604], [7.33899, 12.36458], [7.32307, 12.36583], [7.31746, 12.37964], [7.33686, 12.3828], [7.34257, 12.38801], [7.35261, 12.39835], [7.35408, 12.40785], [7.37691, 12.41749], [7.39706, 12.42484], [7.41374, 12.43523], [7.41948, 12.4195], [7.42066, 12.41184], [7.4213, 12.3938]]]}, "properties": {"name": "Safana", "lga": "Safana", "state": "kt"}}, {"type": "Feature", "geometry": {"type": "Polygon", "coordinates": [[[7.46113, 12.61424], [7.46356, 12.61213], [7.46379, 12.61013], [7.46276, 12.60751], [7.46698, 12.60362], [7.46784, 12.60222], [7.4663, 12.59983], [7.46774, 12.59695], [7.44836, 12.59043], [7.44714, 12.58513], [7.42984, 12.58798], [7.42995, 12.59128], [7.42068, 12.59493], [7.41357, 12.59454], [7.41158, 12.58825], [7.39866, 12.58344], [7.39894, 12.57641], [7.39891, 12.57632], [7.39472, 12.56854], [7.38242, 12.55657], [7.38088, 12.55604], [7.37907, 12.55611], [7.37803, 12.55514], [7.37678, 12.55406], [7.37282, 12.55631], [7.37311, 12.55947], [7.37127, 12.56161], [7.36772, 12.56212], [7.36191, 12.56786], [7.35826, 12.57042], [7.36014, 12.57497], [7.36216, 12.57994], [7.36591, 12.58377], [7.36592, 12.58821], [7.36907, 12.59851], [7.385, 12.62246], [7.38621, 12.63067], [7.38352, 12.63705], [7.38771, 12.64322], [7.39528, 12.64118], [7.40517, 12.64117], [7.41794, 12.63728], [7.4234, 12.63686], [7.42593, 12.63551], [7.43011, 12.63557], [7.43667, 12.64113], [7.44093, 12.63893], [7.4485, 12.63906], [7.45445, 12.63951], [7.4588, 12.63401], [7.45434, 12.63252], [7.45242, 12.62565], [7.45324, 12.6222], [7.45569, 12.62104], [7.45752, 12.61681], [7.46113, 12.61424]]]}, "properties": {"name": "Wurma B", "lga": "Kurfi", "state": "kt"}}, {"type": "Feature", "geometry": {"type": "Polygon", "coordinates": [[[7.86115, 13.24014], [7.85529, 13.23527], [7.84874, 13.22587], [7.84146, 13.22415], [7.82272, 13.22292], [7.7813, 13.22581], [7.77946, 13.22438], [7.77345, 13.21146], [7.76275, 13.19265], [7.75592, 13.19676], [7.74523, 13.17904], [7.73024, 13.17902], [7.72293, 13.18493], [7.71623, 13.18862], [7.71871, 13.20909], [7.70993, 13.22346], [7.70802, 13.23375], [7.70652, 13.24461], [7.72394, 13.25318], [7.7335, 13.25321], [7.73752, 13.26078], [7.74933, 13.26601], [7.75898, 13.26789], [7.77397, 13.27236], [7.78202, 13.26826], [7.79919, 13.26724], [7.81001, 13.26617], [7.81536, 13.26581], [7.82567, 13.26251], [7.83348, 13.26253], [7.84178, 13.26327], [7.84945, 13.26732], [7.8518, 13.26933], [7.85542, 13.2608], [7.85306, 13.25579], [7.85604, 13.24544], [7.86115, 13.24014]]]}, "properties": {"name": "Dankaba", "lga": "Kaita", "state": "kt"}}, {"type": "Feature", "geometry": {"type": "Polygon", "coordinates": [[[8.00416, 13.11119], [8.01233, 13.09063], [8.01229, 13.08643], [8.0052, 13.07368], [7.99779, 13.07104], [7.99229, 13.07045], [7.98572, 13.07043], [7.98038, 13.06705], [7.97001, 13.06109], [7.95129, 13.06902], [7.95284, 13.07251], [7.96005, 13.0946], [7.9599, 13.09808], [7.96021, 13.10598], [7.93844, 13.10982], [7.92829, 13.08384], [7.92959, 13.07756], [7.92506, 13.07225], [7.91656, 13.067], [7.91096, 13.06498], [7.90687, 13.06493], [7.90427, 13.06624], [7.9008, 13.06902], [7.89548, 13.05194], [7.89046, 13.05005], [7.88138, 13.04908], [7.87558, 13.04939], [7.87465, 13.05404], [7.87526, 13.0626], [7.87451, 13.06827], [7.87554, 13.07369], [7.86794, 13.08431], [7.86387, 13.09014], [7.86853, 13.09754], [7.87872, 13.11513], [7.89868, 13.12475], [7.90419, 13.12765], [7.90802, 13.13608], [7.90947, 13.13861], [7.91384, 13.14451], [7.91869, 13.14519], [7.93459, 13.14415], [7.93849, 13.13235], [7.93972, 13.12282], [7.95822, 13.12017], [7.96815, 13.12452], [7.98417, 13.12348], [7.98516, 13.11975], [7.98637, 13.11283], [7.99098, 13.10974], [7.99716, 13.11066], [8.00416, 13.11119]]]}, "properties": {"name": "Tamilo A", "lga": "Mashi", "state": "kt"}}, {"type": "Feature", "geometry": {"type": "Polygon", "coordinates": [[[7.88522, 12.73538], [7.8841, 12.7354], [7.88281, 12.73558], [7.8813, 12.7357], [7.87711, 12.73407], [7.87577, 12.74239], [7.86772, 12.75136], [7.85743, 12.76143], [7.84869, 12.76314], [7.84848, 12.76361], [7.83789, 12.77092], [7.83753, 12.77089], [7.83507, 12.77117], [7.82797, 12.77772], [7.82458, 12.77899], [7.8244, 12.78924], [7.83454, 12.7968], [7.84072, 12.80281], [7.8505, 12.7917], [7.8631, 12.7948], [7.8681, 12.8001], [7.871, 12.79881], [7.874, 12.7972], [7.87758, 12.79442], [7.88644, 12.7952], [7.89317, 12.78913], [7.89443, 12.78447], [7.89175, 12.78116], [7.89202, 12.78067], [7.88705, 12.77954], [7.88814, 12.77876], [7.8886, 12.77741], [7.89023, 12.77743], [7.89294, 12.77853], [7.89421, 12.77673], [7.8957, 12.77118], [7.89874, 12.77164], [7.9022, 12.77104], [7.90401, 12.77], [7.90606, 12.76529], [7.90357, 12.75547], [7.89665, 12.75746], [7.89612, 12.75373], [7.89562, 12.74395], [7.8922, 12.74041], [7.88549, 12.73591], [7.88522, 12.73538]]]}, "properties": {"name": "Baure", "lga": "Bindawa", "state": "kt"}}, {"type": "Feature", "geometry": {"type": "Polygon", "coordinates": [[[7.92337, 12.96992], [7.89868, 12.97825], [7.90119, 12.99379], [7.90549, 13.0056], [7.93228, 12.99538], [7.94611, 12.99957], [7.95603, 13.0017], [7.95496, 12.9972], [7.96022, 12.98484], [7.96288, 12.97754], [7.96862, 12.97041], [7.98576, 12.96254], [7.99298, 12.95381], [8.00574, 12.95276], [8.01234, 12.95071], [8.01934, 12.97655], [8.02742, 12.98321], [8.03767, 12.99547], [8.04831, 13.0033], [8.0506, 12.99665], [8.05534, 12.98974], [8.06007, 12.98628], [8.05711, 12.98271], [8.05601, 12.98063], [8.05187, 12.96936], [8.04872, 12.95531], [8.05373, 12.95316], [8.05998, 12.95052], [8.06083, 12.94794], [8.0601, 12.94351], [8.06164, 12.94067], [8.06392, 12.93961], [8.06092, 12.93755], [8.05517, 12.9295], [8.05021, 12.92363], [8.04483, 12.91947], [8.03836, 12.91574], [8.00912, 12.91942], [8.00445, 12.92085], [7.99028, 12.93066], [7.9776, 12.9323], [7.97168, 12.92799], [7.96479, 12.92353], [7.96429, 12.92187], [7.95475, 12.91398], [7.94398, 12.92465], [7.95112, 12.93234], [7.93529, 12.96756], [7.93358, 12.96856], [7.92337, 12.96992]]]}, "properties": {"name": "Mashi", "lga": "Mashi", "state": "kt"}}, {"type": "Feature", "geometry": {"type": "Polygon", "coordinates": [[[7.56933, 11.81238], [7.5658, 11.82313], [7.54852, 11.82091], [7.54235, 11.82034], [7.5205, 11.8151], [7.51895, 11.83056], [7.518, 11.83417], [7.51969, 11.84661], [7.52021, 11.85866], [7.52021, 11.86703], [7.52772, 11.86957], [7.53042, 11.87139], [7.53177, 11.87032], [7.5379, 11.86836], [7.54009, 11.87382], [7.54488, 11.87108], [7.55576, 11.85981], [7.56465, 11.86247], [7.57318, 11.86023], [7.57611, 11.84991], [7.58629, 11.85195], [7.59577, 11.85754], [7.60193, 11.86218], [7.60559, 11.86804], [7.60375, 11.87358], [7.60241, 11.88079], [7.60039, 11.88671], [7.6088, 11.896], [7.61625, 11.89729], [7.63553, 11.90052], [7.63911, 11.90163], [7.64242, 11.89045], [7.64483, 11.88655], [7.64535, 11.87284], [7.644, 11.86195], [7.64252, 11.84497], [7.63509, 11.83825], [7.6179, 11.8368], [7.60084, 11.8299], [7.59793, 11.81613], [7.58016, 11.81726], [7.57688, 11.81571], [7.57597, 11.81531], [7.57455, 11.81503], [7.57368, 11.81518], [7.57071, 11.81543], [7.56992, 11.81434], [7.56933, 11.81238]]]}, "properties": {"name": "Kukasheka", "lga": "Kankara", "state": "kt"}}, {"type": "Feature", "geometry": {"type": "Polygon", "coordinates": [[[7.43104, 11.39435], [7.42134, 11.39548], [7.41577, 11.3959], [7.41208, 11.39618], [7.40383, 11.40568], [7.40592, 11.41316], [7.4067, 11.42711], [7.4075, 11.42998], [7.40755, 11.44664], [7.41423, 11.44647], [7.42625, 11.445], [7.43077, 11.44496], [7.44688, 11.44514], [7.44826, 11.45506], [7.4449, 11.46281], [7.44275, 11.47152], [7.44269, 11.47705], [7.44343, 11.4808], [7.44331, 11.4826], [7.44335, 11.48279], [7.44191, 11.49629], [7.4446, 11.5179], [7.43836, 11.52154], [7.43579, 11.53916], [7.44128, 11.53963], [7.44651, 11.53987], [7.44837, 11.5424], [7.45186, 11.54284], [7.45629, 11.54434], [7.46331, 11.5367], [7.46758, 11.52892], [7.47699, 11.52598], [7.48113, 11.52242], [7.48668, 11.52118], [7.4916, 11.5219], [7.49994, 11.51655], [7.50428, 11.50633], [7.50723, 11.49032], [7.50373, 11.46414], [7.498, 11.4461], [7.4694, 11.42044], [7.45453, 11.41332], [7.43888, 11.41404], [7.43626, 11.40998], [7.43089, 11.40511], [7.4314, 11.39827], [7.43104, 11.39435]]]}, "properties": {"name": "Tandama", "lga": "Danja", "state": "kt"}}, {"type": "Feature", "geometry": {"type": "Polygon", "coordinates": [[[7.81082, 12.53597], [7.81671, 12.5381], [7.82182, 12.53753], [7.82668, 12.53476], [7.83016, 12.53056], [7.8381, 12.52462], [7.84694, 12.51151], [7.86754, 12.5103], [7.86901, 12.50622], [7.8706, 12.50239], [7.87315, 12.49331], [7.85346, 12.47969], [7.84955, 12.47487], [7.83966, 12.4761], [7.82041, 12.47403], [7.81824, 12.47386], [7.81523, 12.47363], [7.81518, 12.47351], [7.80986, 12.46107], [7.80649, 12.4481], [7.7937, 12.45945], [7.78421, 12.46396], [7.77131, 12.47128], [7.77038, 12.47114], [7.75231, 12.47914], [7.75399, 12.49839], [7.77063, 12.50229], [7.77149, 12.52307], [7.79182, 12.52569], [7.81023, 12.53255], [7.81082, 12.53597]]]}, "properties": {"name": "Tafashiya Nasarawa", "lga": "Kankia", "state": "kt"}}, {"type": "Feature", "geometry": {"type": "Polygon", "coordinates": [[[7.6657, 11.74053], [7.65496, 11.76043], [7.65251, 11.78006], [7.63664, 11.78464], [7.6359, 11.7856], [7.6355, 11.7867], [7.6355, 11.7881], [7.6367, 11.7933], [7.63204, 11.80474], [7.62532, 11.80664], [7.62499, 11.80726], [7.62396, 11.80925], [7.61889, 11.80858], [7.60993, 11.80668], [7.60593, 11.80589], [7.60059, 11.80674], [7.59793, 11.81613], [7.60084, 11.8299], [7.6179, 11.8368], [7.63509, 11.83825], [7.64252, 11.84497], [7.64356, 11.84471], [7.66973, 11.83313], [7.67881, 11.82595], [7.6799, 11.8228], [7.682, 11.81744], [7.68629, 11.81545], [7.69248, 11.81286], [7.6944, 11.80252], [7.68766, 11.79767], [7.68084, 11.79463], [7.66955, 11.7862], [7.67149, 11.78295], [7.67774, 11.77379], [7.67903, 11.76802], [7.67708, 11.75074], [7.6657, 11.74053]]]}, "properties": {"name": "Borindawa", "lga": "Malumfashi", "state": "kt"}}, {"type": "Feature", "geometry": {"type": "Polygon", "coordinates": [[[7.63106, 12.50076], [7.63352, 12.51618], [7.63437, 12.51634], [7.64262, 12.52258], [7.64276, 12.52304], [7.6654, 12.52123], [7.66744, 12.52221], [7.67413, 12.51028], [7.67816, 12.51102], [7.6898, 12.50037], [7.68983, 12.5002], [7.68845, 12.49642], [7.68853, 12.4946], [7.69296, 12.4901], [7.70425, 12.4921], [7.71034, 12.47764], [7.70967, 12.47631], [7.70879, 12.47479], [7.70739, 12.47345], [7.70449, 12.47131], [7.7017, 12.47046], [7.70089, 12.45824], [7.6992, 12.45703], [7.69846, 12.45627], [7.69459, 12.45564], [7.69422, 12.45421], [7.69448, 12.4505], [7.69348, 12.44981], [7.69282, 12.44882], [7.69296, 12.44762], [7.69268, 12.44573], [7.69724, 12.44115], [7.69469, 12.42953], [7.69414, 12.42521], [7.68473, 12.4188], [7.68328, 12.41424], [7.68323, 12.41215], [7.68399, 12.41059], [7.6893, 12.40784], [7.69895, 12.40411], [7.70584, 12.4027], [7.69949, 12.3773], [7.68931, 12.37951], [7.68403, 12.38139], [7.68218, 12.38355], [7.6809, 12.38612], [7.67591, 12.39309], [7.6788, 12.39613], [7.68042, 12.39789], [7.68127, 12.39896], [7.68237, 12.40198], [7.68176, 12.40533], [7.68151, 12.40948], [7.68024, 12.41293], [7.66771, 12.41626], [7.66356, 12.41808], [7.65829, 12.41961], [7.65736, 12.42046], [7.65576, 12.42465], [7.65355, 12.42636], [7.64881, 12.42845], [7.64144, 12.42454], [7.6374, 12.43031], [7.63243, 12.43556], [7.63534, 12.45133], [7.63159, 12.45612], [7.63951, 12.46148], [7.63916, 12.46283], [7.63599, 12.47027], [7.64022, 12.48765], [7.63106, 12.50076]]]}, "properties": {"name": "Radda", "lga": "Charanchi", "state": "kt"}}, {"type": "Feature", "geometry": {"type": "Polygon", "coordinates": [[[7.68015, 12.71637], [7.67105, 12.72842], [7.66878, 12.72874], [7.666, 12.72883], [7.6554, 12.74206], [7.65255, 12.74348], [7.63008, 12.74495], [7.64513, 12.75971], [7.64781, 12.75915], [7.65186, 12.76044], [7.65278, 12.76404], [7.65318, 12.76871], [7.6539, 12.76951], [7.65107, 12.77249], [7.65175, 12.79009], [7.65236, 12.79043], [7.66324, 12.78741], [7.67641, 12.79472], [7.68453, 12.79172], [7.69017, 12.78273], [7.69571, 12.78377], [7.70724, 12.77292], [7.70794, 12.7672], [7.71947, 12.76255], [7.71976, 12.76246], [7.72437, 12.75308], [7.69365, 12.74887], [7.69437, 12.74013], [7.71043, 12.73511], [7.70687, 12.72758], [7.69456, 12.71901], [7.68202, 12.71579], [7.68015, 12.71637]]]}, "properties": {"name": "Kadandani", "lga": "Rimi", "state": "kt"}}, {"type": "Feature", "geometry": {"type": "Polygon", "coordinates": [[[7.14282, 11.47019], [7.13903, 11.45919], [7.12746, 11.44427], [7.12443, 11.44677], [7.12136, 11.45233], [7.11266, 11.45164], [7.11171, 11.4553], [7.11139, 11.45653], [7.11434, 11.4576], [7.11585, 11.45775], [7.1157, 11.4581], [7.1149, 11.4609], [7.11465, 11.46191], [7.1188, 11.46177], [7.11696, 11.46894], [7.11794, 11.471], [7.118, 11.47172], [7.1285, 11.47228], [7.14282, 11.47019]]]}, "properties": {"name": "Dandume A", "lga": "Dandume", "state": "kt"}}, {"type": "Feature", "geometry": {"type": "Polygon", "coordinates": [[[8.33748, 12.83601], [8.32561, 12.83421], [8.3003, 12.83101], [8.29233, 12.82915], [8.28861, 12.82906], [8.27691, 12.82913], [8.26059, 12.8301], [8.25381, 12.82927], [8.24502, 12.8279], [8.24212, 12.82614], [8.2419, 12.8292], [8.24361, 12.83679], [8.24536, 12.84363], [8.24784, 12.84861], [8.25053, 12.85097], [8.25244, 12.85287], [8.25923, 12.85496], [8.26279, 12.85649], [8.2909, 12.86116], [8.30733, 12.86121], [8.31396, 12.86288], [8.32196, 12.86581], [8.3303, 12.85424], [8.331, 12.8522], [8.33033, 12.84361], [8.33748, 12.83601]]]}, "properties": {"name": "Daneji B", "lga": "Sandamu", "state": "kt"}}, {"type": "Feature", "geometry": {"type": "Polygon", "coordinates": [[[8.93129, 12.76096], [8.93476, 12.75032], [8.9545, 12.74433], [8.95133, 12.73812], [8.92319, 12.70705], [8.90836, 12.70195], [8.89686, 12.69899], [8.88353, 12.69609], [8.87246, 12.68002], [8.8653, 12.68484], [8.86226, 12.68802], [8.86095, 12.69242], [8.86009, 12.69598], [8.86738, 12.71716], [8.86478, 12.72407], [8.85621, 12.73038], [8.84838, 12.73911], [8.84407, 12.74635], [8.8338, 12.75772], [8.8341, 12.76693], [8.83489, 12.77709], [8.83776, 12.78875], [8.83948, 12.79092], [8.85242, 12.79117], [8.86917, 12.81268], [8.88353, 12.82397], [8.89485, 12.80485], [8.89405, 12.79915], [8.8927, 12.79634], [8.88608, 12.78216], [8.89034, 12.76742], [8.90371, 12.76393], [8.92512, 12.76253], [8.93129, 12.76096]]]}, "properties": {"name": "Yanmaulu", "lga": "Baure", "state": "kt"}}, {"type": "Feature", "geometry": {"type": "Polygon", "coordinates": [[[7.41258, 12.86343], [7.4123, 12.8775], [7.41598, 12.87784], [7.42074, 12.87964], [7.42192, 12.88527], [7.42287, 12.88734], [7.42023, 12.89011], [7.41583, 12.89376], [7.41884, 12.89748], [7.42152, 12.9024], [7.42547, 12.91347], [7.43132, 12.91567], [7.43513, 12.91681], [7.43787, 12.92065], [7.44037, 12.92432], [7.44109, 12.92512], [7.45005, 12.92996], [7.44921, 12.93111], [7.44844, 12.93343], [7.46336, 12.93383], [7.46401, 12.93713], [7.47048, 12.93604], [7.47247, 12.93587], [7.47289, 12.93223], [7.48242, 12.91399], [7.48252, 12.90798], [7.48073, 12.90662], [7.47884, 12.90573], [7.47687, 12.90841], [7.47667, 12.90923], [7.47463, 12.91029], [7.47312, 12.91104], [7.46872, 12.90945], [7.46816, 12.90907], [7.46797, 12.90797], [7.4671, 12.90612], [7.46689, 12.90529], [7.47858, 12.89105], [7.48062, 12.88414], [7.48876, 12.87714], [7.4919, 12.86929], [7.49382, 12.86792], [7.49479, 12.86716], [7.49675, 12.86529], [7.50032, 12.86458], [7.50076, 12.86465], [7.49609, 12.85717], [7.49371, 12.85462], [7.49273, 12.85329], [7.49012, 12.85354], [7.48782, 12.85484], [7.48594, 12.85591], [7.48144, 12.85868], [7.47936, 12.85847], [7.47528, 12.85715], [7.473, 12.85735], [7.47001, 12.85878], [7.46582, 12.85962], [7.45222, 12.86006], [7.44439, 12.85977], [7.43557, 12.86011], [7.43456, 12.86221], [7.42184, 12.86325], [7.41258, 12.86343]]]}, "properties": {"name": "Bakiyawa", "lga": "Batagarawa", "state": "kt"}}, {"type": "Feature", "geometry": {"type": "Polygon", "coordinates": [[[7.77846, 12.85768], [7.7766, 12.86142], [7.77419, 12.86661], [7.76911, 12.87416], [7.76567, 12.87927], [7.76612, 12.88332], [7.77219, 12.89029], [7.77813, 12.90091], [7.78996, 12.92931], [7.79346, 12.93771], [7.80842, 12.94267], [7.80577, 12.9228], [7.81233, 12.92287], [7.85155, 12.9263], [7.86646, 12.91741], [7.86435, 12.90845], [7.86315, 12.89974], [7.85903, 12.89724], [7.85597, 12.89497], [7.8498, 12.89143], [7.85076, 12.88419], [7.85915, 12.87807], [7.86189, 12.87654], [7.86196, 12.87362], [7.86165, 12.87169], [7.86025, 12.87121], [7.8551, 12.86888], [7.84779, 12.86514], [7.837, 12.8699], [7.8358, 12.8682], [7.8255, 12.86449], [7.82503, 12.86905], [7.79675, 12.87768], [7.78818, 12.86737], [7.78361, 12.86216], [7.77846, 12.85768]]]}, "properties": {"name": "Kwatta", "lga": "Mani", "state": "kt"}}, {"type": "Feature", "geometry": {"type": "Polygon", "coordinates": [[[8.22136, 12.96251], [8.22164, 12.9575], [8.22423, 12.95007], [8.2266, 12.93862], [8.21423, 12.93729], [8.20085, 12.93421], [8.19381, 12.9552], [8.18875, 12.95476], [8.17569, 12.95352], [8.17522, 12.93524], [8.16358, 12.91219], [8.15865, 12.90887], [8.15832, 12.90865], [8.15783, 12.90425], [8.14395, 12.90781], [8.13883, 12.91776], [8.12902, 12.91942], [8.12768, 12.91964], [8.11698, 12.93408], [8.11691, 12.93537], [8.1165, 12.93604], [8.11712, 12.93721], [8.13012, 12.94908], [8.12976, 12.95573], [8.13794, 12.96338], [8.15566, 12.96719], [8.16864, 12.9782], [8.17432, 12.98097], [8.17711, 12.98393], [8.17622, 12.98726], [8.17687, 12.98866], [8.17818, 12.98956], [8.17899, 12.99073], [8.18417, 12.9946], [8.18495, 12.99895], [8.1907, 12.99366], [8.19444, 12.99021], [8.19569, 12.98709], [8.19712, 12.98471], [8.20401, 12.97753], [8.20692, 12.97394], [8.21001, 12.97177], [8.22136, 12.96251]]]}, "properties": {"name": "Kayawa", "lga": "Dutsi", "state": "kt"}}, {"type": "Feature", "geometry": {"type": "Polygon", "coordinates": [[[7.71572, 12.24556], [7.70825, 12.25653], [7.71756, 12.29002], [7.70989, 12.29663], [7.69667, 12.29752], [7.68392, 12.29424], [7.68111, 12.29075], [7.67509, 12.29254], [7.66895, 12.30347], [7.66932, 12.31183], [7.6668, 12.31298], [7.66325, 12.31687], [7.66349, 12.32129], [7.66641, 12.32472], [7.67001, 12.32594], [7.66967, 12.32889], [7.66854, 12.33295], [7.66814, 12.33794], [7.66896, 12.33777], [7.6743, 12.33684], [7.67763, 12.33487], [7.67876, 12.33373], [7.67982, 12.33222], [7.67935, 12.32897], [7.67923, 12.32502], [7.68993, 12.32032], [7.69801, 12.31405], [7.69984, 12.31329], [7.70359, 12.31155], [7.70882, 12.30912], [7.71496, 12.30461], [7.71692, 12.30304], [7.73206, 12.30256], [7.75624, 12.30796], [7.75969, 12.30743], [7.7598, 12.30482], [7.76454, 12.30416], [7.77282, 12.30314], [7.7743, 12.30052], [7.7746, 12.29646], [7.77668, 12.29362], [7.77853, 12.29188], [7.77995, 12.28781], [7.78069, 12.28514], [7.78657, 12.27418], [7.7899, 12.26946], [7.78316, 12.26551], [7.75695, 12.2676], [7.75321, 12.26848], [7.74949, 12.25924], [7.74589, 12.25491], [7.74268, 12.25236], [7.73941, 12.24956], [7.73579, 12.24745], [7.72771, 12.24594], [7.7232, 12.2458], [7.71572, 12.24556]]]}, "properties": {"name": "Karaduwa", "lga": "Matazu", "state": "kt"}}, {"type": "Feature", "geometry": {"type": "Polygon", "coordinates": [[[8.47866, 12.94429], [8.48494, 12.96045], [8.5171, 12.96509], [8.53135, 12.9691], [8.54252, 12.95827], [8.55329, 12.95638], [8.55852, 12.95699], [8.55992, 12.9382], [8.56277, 12.93505], [8.56584, 12.93457], [8.56675, 12.93291], [8.57594, 12.91065], [8.56648, 12.9052], [8.54511, 12.89212], [8.52851, 12.90488], [8.52258, 12.91612], [8.50285, 12.93349], [8.47866, 12.94429]]]}, "properties": {"name": "Rogogo", "lga": "Zango", "state": "kt"}}, {"type": "Feature", "geometry": {"type": "Polygon", "coordinates": [[[7.63801, 12.97288], [7.6369, 12.9712], [7.6362, 12.97147], [7.63452, 12.97189], [7.63333, 12.96993], [7.63021, 12.97174], [7.62807, 12.9714], [7.62702, 12.97567], [7.61915, 12.97731], [7.61875, 12.97875], [7.6182, 12.97984], [7.61797, 12.98024], [7.61407, 12.98368], [7.6145, 12.98466], [7.61074, 12.98361], [7.60789, 12.98529], [7.60765, 12.98504], [7.60687, 12.98385], [7.60808, 12.9869], [7.60558, 12.99365], [7.61482, 12.99524], [7.62526, 12.99924], [7.63238, 12.99152], [7.63357, 12.99071], [7.6354, 12.99004], [7.63542, 12.98858], [7.63542, 12.98745], [7.63549, 12.9866], [7.63415, 12.98637], [7.63403, 12.98623], [7.63401, 12.98554], [7.63391, 12.98463], [7.63395, 12.98371], [7.6365, 12.98029], [7.63567, 12.97899], [7.63401, 12.97601], [7.63558, 12.97493], [7.63689, 12.97366], [7.63801, 12.97288]]]}, "properties": {"name": "Gabas 2", "lga": "Katsina", "state": "kt"}}, {"type": "Feature", "geometry": {"type": "Polygon", "coordinates": [[[7.87711, 12.73407], [7.8813, 12.7357], [7.88281, 12.73558], [7.8841, 12.7354], [7.88522, 12.73538], [7.88202, 12.72908], [7.88301, 12.72257], [7.89025, 12.72016], [7.89625, 12.72149], [7.90082, 12.72037], [7.90144, 12.71969], [7.90929, 12.71703], [7.91308, 12.7174], [7.919, 12.7126], [7.9202, 12.7152], [7.92244, 12.7174], [7.9248, 12.7188], [7.9276, 12.7196], [7.9284, 12.7205], [7.92345, 12.7272], [7.92569, 12.72925], [7.93614, 12.73378], [7.93986, 12.73634], [7.94129, 12.72922], [7.943, 12.7284], [7.9438, 12.7274], [7.94537, 12.72608], [7.9548, 12.7219], [7.96319, 12.73099], [7.96653, 12.71545], [7.96443, 12.70111], [7.95785, 12.68784], [7.95384, 12.67928], [7.9415, 12.68554], [7.93533, 12.68249], [7.92683, 12.6869], [7.92292, 12.68618], [7.92158, 12.6831], [7.93159, 12.67738], [7.92662, 12.67105], [7.91068, 12.66209], [7.90645, 12.66115], [7.90148, 12.66199], [7.89757, 12.66639], [7.89492, 12.66734], [7.88166, 12.6633], [7.87956, 12.66378], [7.8728, 12.65626], [7.86413, 12.66202], [7.86552, 12.67467], [7.86539, 12.67488], [7.86067, 12.67862], [7.87199, 12.68685], [7.87229, 12.68901], [7.87361, 12.69349], [7.87272, 12.69773], [7.86983, 12.70309], [7.86704, 12.70752], [7.86446, 12.7137], [7.86401, 12.72433], [7.86403, 12.72434], [7.86427, 12.72757], [7.8662, 12.7303], [7.8674, 12.7309], [7.8691, 12.7317], [7.8694, 12.732], [7.87711, 12.73407]]]}, "properties": {"name": "Dallaje", "lga": "Bindawa", "state": "kt"}}, {"type": "Feature", "geometry": {"type": "Polygon", "coordinates": [[[7.53166, 11.65737], [7.52579, 11.66238], [7.52511, 11.66293], [7.52074, 11.66239], [7.51751, 11.66258], [7.51556, 11.6649], [7.5149, 11.66528], [7.51271, 11.66458], [7.50867, 11.66732], [7.50604, 11.66935], [7.50406, 11.66918], [7.49879, 11.66943], [7.49501, 11.67116], [7.49299, 11.67395], [7.48852, 11.67558], [7.4821, 11.68065], [7.48049, 11.68298], [7.46188, 11.69051], [7.45893, 11.69247], [7.45437, 11.69563], [7.45027, 11.69818], [7.44619, 11.7055], [7.444, 11.71109], [7.43709, 11.71742], [7.43756, 11.72259], [7.43703, 11.72847], [7.43489, 11.73452], [7.43227, 11.7383], [7.43067, 11.74197], [7.42764, 11.74418], [7.42669, 11.74895], [7.42526, 11.7536], [7.41398, 11.76729], [7.42052, 11.77757], [7.42122, 11.77867], [7.42174, 11.77875], [7.42469, 11.78122], [7.43371, 11.78568], [7.44225, 11.78192], [7.43414, 11.77641], [7.4309, 11.7692], [7.43382, 11.76456], [7.44435, 11.76602], [7.46196, 11.78071], [7.48018, 11.77061], [7.48221, 11.76742], [7.48767, 11.76523], [7.51238, 11.75978], [7.51429, 11.75766], [7.51812, 11.7544], [7.52919, 11.7521], [7.53418, 11.75252], [7.53966, 11.74951], [7.54548, 11.74503], [7.55042, 11.74037], [7.54378, 11.69153], [7.53304, 11.67835], [7.52203, 11.67193], [7.52917, 11.66817], [7.53314, 11.67024], [7.5358, 11.6662], [7.5354, 11.6634], [7.53579, 11.66301], [7.53717, 11.66163], [7.53603, 11.6603], [7.53508, 11.6594], [7.53166, 11.65737]]]}, "properties": {"name": "Karfi", "lga": "Malumfashi", "state": "kt"}}, {"type": "Feature", "geometry": {"type": "Polygon", "coordinates": [[[8.25281, 13.14958], [8.24054, 13.1533], [8.24432, 13.17006], [8.24584, 13.18132], [8.23576, 13.18249], [8.2317, 13.1812], [8.2314, 13.1821], [8.2311, 13.1831], [8.23074, 13.18401], [8.23113, 13.18679], [8.23387, 13.19406], [8.24308, 13.21853], [8.25151, 13.2176], [8.27467, 13.2051], [8.28722, 13.19833], [8.31079, 13.17605], [8.31934, 13.16797], [8.32335, 13.16409], [8.30656, 13.15731], [8.30102, 13.15692], [8.2907, 13.15054], [8.27564, 13.14537], [8.25281, 13.14958]]]}, "properties": {"name": "Mai'adua B", "lga": "Mai'Adua", "state": "kt"}}, {"type": "Feature", "geometry": {"type": "Polygon", "coordinates": [[[8.48494, 12.96045], [8.47866, 12.94429], [8.4696, 12.94592], [8.4467, 12.9539], [8.44063, 12.97051], [8.43689, 12.97457], [8.43691, 12.97457], [8.43954, 12.98862], [8.42341, 13.00216], [8.41888, 13.02647], [8.41372, 13.0363], [8.41345, 13.03795], [8.43048, 13.06088], [8.43485, 13.07756], [8.43492, 13.0787], [8.43437, 13.08188], [8.44917, 13.07805], [8.45417, 13.08], [8.46127, 13.08163], [8.46357, 13.08235], [8.47047, 13.06814], [8.47217, 13.06299], [8.47227, 13.06226], [8.47289, 13.05634], [8.47291, 13.05564], [8.47185, 13.05037], [8.47811, 13.03597], [8.48862, 13.02936], [8.4795, 13.01492], [8.47291, 13.00092], [8.47425, 12.99584], [8.48076, 12.97674], [8.48494, 12.96045]]]}, "properties": {"name": "Dargage", "lga": "Zango", "state": "kt"}}, {"type": "Feature", "geometry": {"type": "Polygon", "coordinates": [[[7.56, 13.024], [7.56254, 13.02789], [7.56384, 13.03674], [7.56661, 13.04054], [7.57562, 13.04381], [7.58519, 13.03315], [7.58872, 13.03073], [7.59365, 13.0275], [7.59415, 13.01844], [7.59403, 13.01626], [7.59622, 13.01186], [7.59632, 13.00851], [7.59673, 13.00655], [7.59549, 13.00546], [7.59702, 13.00175], [7.59517, 13.00053], [7.59513, 12.99937], [7.59503, 12.99691], [7.59057, 12.99637], [7.589, 12.99759], [7.58884, 12.99791], [7.58967, 12.99837], [7.58996, 12.99849], [7.58931, 13.00337], [7.58608, 13.00528], [7.58291, 13.02052], [7.58013, 13.01885], [7.57685, 13.01777], [7.56997, 13.01531], [7.5685, 13.0177], [7.56604, 13.01968], [7.56, 13.024]]]}, "properties": {"name": "Arewa 2", "lga": "Katsina", "state": "kt"}}, {"type": "Feature", "geometry": {"type": "Polygon", "coordinates": [[[7.63643, 12.14455], [7.63435, 12.14663], [7.6334, 12.14757], [7.63015, 12.15085], [7.62533, 12.15357], [7.62264, 12.15855], [7.62425, 12.16593], [7.62469, 12.16822], [7.63658, 12.16869], [7.64714, 12.16051], [7.65853, 12.16052], [7.65971, 12.16816], [7.65889, 12.17952], [7.65735, 12.19323], [7.67306, 12.19081], [7.70961, 12.20443], [7.71318, 12.21037], [7.71766, 12.20469], [7.72111, 12.19937], [7.72146, 12.19428], [7.72284, 12.18852], [7.72229, 12.17859], [7.71844, 12.17192], [7.7108, 12.16708], [7.6905, 12.16231], [7.67193, 12.16529], [7.6692, 12.1464], [7.65678, 12.14703], [7.65127, 12.14796], [7.63643, 12.14455]]]}, "properties": {"name": "Dissi", "lga": "Matazu", "state": "kt"}}, {"type": "Feature", "geometry": {"type": "Polygon", "coordinates": [[[8.57594, 12.91065], [8.56675, 12.93291], [8.56584, 12.93457], [8.57578, 12.93883], [8.58607, 12.9369], [8.58953, 12.93313], [8.59281, 12.92853], [8.59456, 12.923], [8.60087, 12.92155], [8.60351, 12.92201], [8.61005, 12.93882], [8.60724, 12.95002], [8.59441, 12.95022], [8.59814, 12.96549], [8.6006, 12.96511], [8.61581, 12.96097], [8.6382, 12.95976], [8.64299, 12.93793], [8.65106, 12.9196], [8.65216, 12.91003], [8.64392, 12.90495], [8.62866, 12.89754], [8.62289, 12.91178], [8.62126, 12.91534], [8.59434, 12.91714], [8.58232, 12.91533], [8.57594, 12.91065]]]}, "properties": {"name": "Gwamba", "lga": "Zango", "state": "kt"}}, {"type": "Feature", "geometry": {"type": "Polygon", "coordinates": [[[8.36097, 13.01192], [8.37084, 12.99239], [8.34712, 12.98039], [8.34675, 12.98893], [8.35573, 13.01123], [8.36097, 13.01192]]]}, "properties": {"name": "Karkarku", "lga": "Sandamu", "state": "kt"}}, {"type": "Feature", "geometry": {"type": "Polygon", "coordinates": [[[7.06903, 11.31512], [7.069, 11.31513], [7.06925, 11.3181], [7.0775, 11.33324], [7.07756, 11.33331], [7.0859, 11.36107], [7.0886, 11.36606], [7.115, 11.36233], [7.11671, 11.37058], [7.11132, 11.37818], [7.10439, 11.37986], [7.10618, 11.39117], [7.10866, 11.40542], [7.1118, 11.41264], [7.11007, 11.42024], [7.10615, 11.42864], [7.11966, 11.42838], [7.12273, 11.42127], [7.13054, 11.40412], [7.1435, 11.39631], [7.15056, 11.39055], [7.1497, 11.38599], [7.14921, 11.38394], [7.14358, 11.37732], [7.1347, 11.38816], [7.13451, 11.38822], [7.12499, 11.38198], [7.12762, 11.37529], [7.12937, 11.36887], [7.13266, 11.35745], [7.15543, 11.31731], [7.15774, 11.31236], [7.16158, 11.30286], [7.13639, 11.30511], [7.11311, 11.30452], [7.09723, 11.30243], [7.0972, 11.30243], [7.08783, 11.31189], [7.06903, 11.31512]]]}, "properties": {"name": "Gamji", "lga": "Sabuwa", "state": "kt"}}, {"type": "Feature", "geometry": {"type": "Polygon", "coordinates": [[[8.46357, 13.08235], [8.47111, 13.08389], [8.4975, 13.08583], [8.51639, 13.08361], [8.53694, 13.07694], [8.54194, 13.075], [8.56434, 13.05988], [8.54772, 13.04272], [8.54321, 13.03659], [8.53268, 13.02442], [8.52213, 13.03033], [8.49679, 13.03085], [8.48862, 13.02936], [8.47811, 13.03597], [8.47185, 13.05037], [8.47291, 13.05564], [8.47289, 13.05634], [8.47227, 13.06226], [8.47217, 13.06299], [8.47047, 13.06814], [8.46357, 13.08235]]]}, "properties": {"name": "Zango", "lga": "Zango", "state": "kt"}}, {"type": "Feature", "geometry": {"type": "Polygon", "coordinates": [[[8.32335, 13.16409], [8.351, 13.13824], [8.40861, 13.08833], [8.42716, 13.08363], [8.43437, 13.08188], [8.43492, 13.0787], [8.43485, 13.07756], [8.43048, 13.06088], [8.41284, 13.03713], [8.3949, 13.02248], [8.37732, 13.01849], [8.3729, 13.017], [8.36599, 13.01711], [8.36264, 13.03017], [8.36338, 13.04861], [8.37508, 13.06969], [8.3792, 13.07103], [8.38061, 13.07346], [8.37135, 13.08233], [8.35706, 13.0756], [8.34163, 13.06066], [8.33029, 13.0585], [8.31976, 13.05746], [8.31047, 13.05642], [8.30279, 13.07572], [8.30213, 13.07995], [8.30147, 13.08413], [8.3011, 13.08655], [8.29607, 13.0868], [8.29514, 13.09236], [8.29459, 13.09639], [8.29431, 13.09908], [8.29296, 13.0992], [8.2877, 13.09862], [8.26847, 13.13024], [8.27564, 13.14537], [8.2907, 13.15054], [8.30102, 13.15692], [8.30656, 13.15731], [8.32335, 13.16409]]]}, "properties": {"name": "Koza", "lga": "Mai'Adua", "state": "kt"}}, {"type": "Feature", "geometry": {"type": "Polygon", "coordinates": [[[8.90788, 12.86983], [8.92814, 12.86375], [8.93244, 12.86246], [8.95519, 12.85562], [8.96387, 12.84523], [8.96, 12.8287], [8.9535, 12.8314], [8.9492, 12.8335], [8.9444, 12.8353], [8.9381, 12.8366], [8.93342, 12.83711], [8.92661, 12.82152], [8.9461, 12.81493], [8.96238, 12.80362], [8.9582, 12.79355], [8.95733, 12.78893], [8.95651, 12.78035], [8.94034, 12.78155], [8.93529, 12.77272], [8.93129, 12.76096], [8.92512, 12.76253], [8.90371, 12.76393], [8.89034, 12.76742], [8.88608, 12.78216], [8.8927, 12.79634], [8.89405, 12.79915], [8.89485, 12.80485], [8.88353, 12.82397], [8.8778, 12.83498], [8.87533, 12.83808], [8.87498, 12.84495], [8.8982, 12.84606], [8.90097, 12.85366], [8.90788, 12.86983]]]}, "properties": {"name": "Taramnawa", "lga": "Baure", "state": "kt"}}, {"type": "Feature", "geometry": {"type": "Polygon", "coordinates": [[[8.01686, 12.55524], [8.01225, 12.55398], [8.00745, 12.55214], [8.00461, 12.55489], [7.99929, 12.55809], [7.98901, 12.56237], [7.98399, 12.57705], [7.99289, 12.59292], [7.9961, 12.60175], [7.99766, 12.61133], [7.99898, 12.61653], [7.98691, 12.62097], [7.96397, 12.6287], [7.95515, 12.62748], [7.95618, 12.64809], [7.95911, 12.65275], [7.9627, 12.65383], [7.97441, 12.6449], [7.98108, 12.64121], [7.98704, 12.63611], [8.00714, 12.62748], [8.01104, 12.63067], [8.02358, 12.63472], [8.03154, 12.63796], [8.03998, 12.62701], [8.04765, 12.62358], [8.04909, 12.62247], [8.05721, 12.61487], [8.05728, 12.61489], [8.06417, 12.61743], [8.07334, 12.61582], [8.0761, 12.60763], [8.07668, 12.60335], [8.08105, 12.59393], [8.07035, 12.59392], [8.06146, 12.5927], [8.05959, 12.59224], [8.05915, 12.58908], [8.05655, 12.58485], [8.04282, 12.57134], [8.0369, 12.57373], [8.03359, 12.57389], [8.0266, 12.57354], [8.02731, 12.56223], [8.02652, 12.55764], [8.01686, 12.55524]]]}, "properties": {"name": "Kandawa", "lga": "Ingawa", "state": "kt"}}, {"type": "Feature", "geometry": {"type": "Polygon", "coordinates": [[[7.34143, 12.07013], [7.33717, 12.07141], [7.33341, 12.07571], [7.31795, 12.07275], [7.31316, 12.07152], [7.30908, 12.07356], [7.30003, 12.07067], [7.21112, 12.06084], [7.18235, 12.06329], [7.15812, 12.07438], [7.16165, 12.07575], [7.166, 12.07688], [7.17127, 12.08644], [7.17434, 12.08671], [7.17669, 12.08699], [7.17737, 12.0879], [7.17834, 12.0892], [7.18206, 12.08985], [7.21094, 12.0949], [7.2349, 12.09685], [7.24923, 12.09982], [7.25368, 12.10188], [7.26451, 12.11895], [7.27066, 12.14255], [7.27964, 12.15364], [7.29103, 12.15449], [7.30246, 12.15259], [7.31006, 12.15258], [7.31866, 12.15295], [7.31961, 12.15176], [7.319, 12.14771], [7.32271, 12.1437], [7.3287, 12.13859], [7.33098, 12.13617], [7.33771, 12.13418], [7.34559, 12.12517], [7.35223, 12.12136], [7.35871, 12.11783], [7.35828, 12.11509], [7.3561, 12.10106], [7.35225, 12.0941], [7.347, 12.0871], [7.34451, 12.07593], [7.34143, 12.07013]]]}, "properties": {"name": "Yartsamiya", "lga": "Kankara", "state": "kt"}}, {"type": "Feature", "geometry": {"type": "Polygon", "coordinates": [[[8.40347, 12.87128], [8.40788, 12.87232], [8.4296, 12.87951], [8.43122, 12.88004], [8.44739, 12.89123], [8.45564, 12.87873], [8.46143, 12.85877], [8.46418, 12.84454], [8.49303, 12.8441], [8.50257, 12.84488], [8.50463, 12.84395], [8.50211, 12.83382], [8.49886, 12.83362], [8.48525, 12.83202], [8.4788, 12.83066], [8.46983, 12.82811], [8.4523, 12.81896], [8.44407, 12.81609], [8.43535, 12.81519], [8.4229, 12.82093], [8.39838, 12.82594], [8.39928, 12.8344], [8.3979, 12.851], [8.40347, 12.87128]]]}, "properties": {"name": "Fago B", "lga": "Sandamu", "state": "kt"}}, {"type": "Feature", "geometry": {"type": "Polygon", "coordinates": [[[7.09255, 11.46297], [7.09214, 11.46419], [7.09199, 11.46459], [7.0914, 11.46519], [7.06406, 11.46581], [7.0441, 11.47213], [7.01713, 11.47295], [7.00458, 11.49755], [7.00352, 11.53535], [7.01407, 11.53392], [7.03386, 11.53128], [7.03976, 11.53342], [7.05174, 11.55105], [7.05797, 11.55069], [7.07392, 11.56244], [7.09659, 11.55892], [7.1019, 11.5561], [7.10776, 11.55093], [7.10538, 11.52846], [7.10646, 11.5198], [7.10526, 11.50332], [7.10788, 11.49177], [7.11052, 11.48009], [7.11177, 11.47551], [7.10428, 11.47005], [7.09614, 11.46484], [7.09482, 11.4633], [7.09342, 11.46253], [7.09255, 11.46297]]]}, "properties": {"name": "Machika", "lga": "Sabuwa", "state": "kt"}}, {"type": "Feature", "geometry": {"type": "Polygon", "coordinates": [[[7.63911, 11.90163], [7.63668, 11.91017], [7.64396, 11.90982], [7.65102, 11.91123], [7.65598, 11.91077], [7.66136, 11.91683], [7.6685, 11.92665], [7.66877, 11.92794], [7.6688, 11.93402], [7.68388, 11.937], [7.68659, 11.92793], [7.68818, 11.92393], [7.69019, 11.91976], [7.69703, 11.91083], [7.69364, 11.9097], [7.68921, 11.91142], [7.68553, 11.90999], [7.69079, 11.90514], [7.69216, 11.90162], [7.69314, 11.8974], [7.69247, 11.89531], [7.6922, 11.89243], [7.69211, 11.88992], [7.69339, 11.88853], [7.69501, 11.88629], [7.69567, 11.88462], [7.69574, 11.88266], [7.69634, 11.88001], [7.69887, 11.87346], [7.7036, 11.86381], [7.70748, 11.85778], [7.71112, 11.85213], [7.71092, 11.85134], [7.71072, 11.85059], [7.71283, 11.8397], [7.68669, 11.83423], [7.67881, 11.82595], [7.66973, 11.83313], [7.64356, 11.84471], [7.64252, 11.84497], [7.644, 11.86195], [7.64535, 11.87284], [7.64483, 11.88655], [7.64242, 11.89045], [7.63911, 11.90163]]]}, "properties": {"name": "Yarmama", "lga": "Malumfashi", "state": "kt"}}, {"type": "Feature", "geometry": {"type": "Polygon", "coordinates": [[[7.76612, 12.88332], [7.76567, 12.87927], [7.76911, 12.87416], [7.77419, 12.86661], [7.7766, 12.86142], [7.77846, 12.85768], [7.7814, 12.84532], [7.77652, 12.84059], [7.76449, 12.83539], [7.76133, 12.84148], [7.75584, 12.84384], [7.75576, 12.84384], [7.75239, 12.84042], [7.74196, 12.8299], [7.73779, 12.83306], [7.72955, 12.83565], [7.73045, 12.86004], [7.73289, 12.8609], [7.7327, 12.86744], [7.73553, 12.87404], [7.73885, 12.87741], [7.73778, 12.88116], [7.73281, 12.88129], [7.72799, 12.88004], [7.72754, 12.87899], [7.72003, 12.8792], [7.71589, 12.88536], [7.70411, 12.87487], [7.69958, 12.88319], [7.68993, 12.88443], [7.68722, 12.89006], [7.68198, 12.89473], [7.69411, 12.90202], [7.69841, 12.90092], [7.70307, 12.89629], [7.70406, 12.89577], [7.71059, 12.89687], [7.71671, 12.89084], [7.73341, 12.89287], [7.73534, 12.89387], [7.74133, 12.88758], [7.74658, 12.88524], [7.74903, 12.88368], [7.76092, 12.88513], [7.76612, 12.88332]]]}, "properties": {"name": "Fardami", "lga": "Rimi", "state": "kt"}}, {"type": "Feature", "geometry": {"type": "Polygon", "coordinates": [[[7.84072, 12.80281], [7.83454, 12.7968], [7.8244, 12.78924], [7.81961, 12.79512], [7.81566, 12.80794], [7.81119, 12.81803], [7.80985, 12.82005], [7.80441, 12.823], [7.79704, 12.82613], [7.78995, 12.82963], [7.78575, 12.83308], [7.7814, 12.84532], [7.77846, 12.85768], [7.78361, 12.86216], [7.78818, 12.86737], [7.79515, 12.86412], [7.80792, 12.85704], [7.8133, 12.8505], [7.81838, 12.84553], [7.8313, 12.8437], [7.83617, 12.83595], [7.84364, 12.82743], [7.85042, 12.82858], [7.85954, 12.82314], [7.85382, 12.81555], [7.84072, 12.80281]]]}, "properties": {"name": "Jani", "lga": "Mani", "state": "kt"}}, {"type": "Feature", "geometry": {"type": "Polygon", "coordinates": [[[7.62322, 12.13655], [7.63643, 12.14455], [7.65127, 12.14796], [7.65678, 12.14703], [7.6692, 12.1464], [7.67193, 12.16529], [7.6905, 12.16231], [7.69383, 12.12859], [7.68536, 12.11488], [7.674, 12.1142], [7.6774, 12.103], [7.6895, 12.079], [7.66656, 12.06039], [7.65504, 12.05867], [7.64968, 12.05775], [7.647, 12.056], [7.64638, 12.05474], [7.64012, 12.05049], [7.63192, 12.04062], [7.62023, 12.04221], [7.62719, 12.07238], [7.62828, 12.08445], [7.62715, 12.09854], [7.62723, 12.11471], [7.62397, 12.12512], [7.62322, 12.13655]]]}, "properties": {"name": "Musawa", "lga": "Musawa", "state": "kt"}}, {"type": "Feature", "geometry": {"type": "Polygon", "coordinates": [[[8.16531, 13.02309], [8.16953, 13.01689], [8.1721, 13.0128], [8.17402, 13.00973], [8.17844, 13.00474], [8.18495, 12.99895], [8.18417, 12.9946], [8.17899, 12.99073], [8.17818, 12.98956], [8.17687, 12.98866], [8.17622, 12.98726], [8.17711, 12.98393], [8.17432, 12.98097], [8.16864, 12.9782], [8.15566, 12.96719], [8.13794, 12.96338], [8.12976, 12.95573], [8.13012, 12.94908], [8.11712, 12.93721], [8.1165, 12.93604], [8.11691, 12.93537], [8.11698, 12.93408], [8.11368, 12.93355], [8.10854, 12.92365], [8.09883, 12.92022], [8.08913, 12.92175], [8.08875, 12.93583], [8.06857, 12.94326], [8.07023, 12.95611], [8.07335, 12.95755], [8.08061, 12.95084], [8.09608, 12.94714], [8.09612, 12.94724], [8.09505, 12.95689], [8.09547, 12.96121], [8.1072, 12.9632], [8.10653, 12.96693], [8.10282, 12.96632], [8.10137, 12.97508], [8.1182, 12.97606], [8.12217, 12.98027], [8.12675, 12.98233], [8.12988, 12.98373], [8.13171, 12.99368], [8.13573, 12.99841], [8.13687, 13.00439], [8.14042, 13.00804], [8.14966, 13.00978], [8.15702, 13.017], [8.16531, 13.02309]]]}, "properties": {"name": "Sirika B", "lga": "Dutsi", "state": "kt"}}, {"type": "Feature", "geometry": {"type": "Polygon", "coordinates": [[[8.12662, 13.10643], [8.08577, 13.09708], [8.08629, 13.1106], [8.0854, 13.1173], [8.08674, 13.12214], [8.08568, 13.12661], [8.07838, 13.12585], [8.07922, 13.12021], [8.07135, 13.11932], [8.07006, 13.12249], [8.06555, 13.12025], [8.06837, 13.11765], [8.06145, 13.11254], [8.05818, 13.10742], [8.05822, 13.10527], [8.04969, 13.09682], [8.04152, 13.08763], [8.03116, 13.08616], [8.02696, 13.08528], [8.02088, 13.08309], [8.01229, 13.08643], [8.01233, 13.09063], [8.00416, 13.11119], [8.01956, 13.12354], [8.02853, 13.13087], [8.02798, 13.14365], [8.04242, 13.1506], [8.05003, 13.15372], [8.06284, 13.15115], [8.07315, 13.15184], [8.07249, 13.15574], [8.07008, 13.15977], [8.06948, 13.16427], [8.0736, 13.16839], [8.0806, 13.18196], [8.0748, 13.18791], [8.06965, 13.19135], [8.05803, 13.20502], [8.05172, 13.20456], [8.03468, 13.2014], [8.03642, 13.20635], [8.03793, 13.21077], [8.04041, 13.21853], [8.05371, 13.21814], [8.05832, 13.23165], [8.06077, 13.23712], [8.061, 13.23852], [8.08419, 13.2402], [8.08665, 13.22846], [8.08731, 13.22527], [8.09272, 13.21651], [8.10023, 13.20555], [8.11078, 13.18334], [8.11806, 13.1702], [8.12067, 13.16401], [8.12254, 13.15089], [8.12281, 13.13998], [8.1178, 13.12743], [8.11449, 13.12094], [8.11496, 13.11333], [8.12271, 13.10869], [8.12662, 13.10643]]]}, "properties": {"name": "Gallu", "lga": "Mashi", "state": "kt"}}, {"type": "Feature", "geometry": {"type": "Polygon", "coordinates": [[[7.64793, 11.29002], [7.6279, 11.28353], [7.61867, 11.27769], [7.6076, 11.27185], [7.6075, 11.2718], [7.58578, 11.30274], [7.59386, 11.31179], [7.59503, 11.31795], [7.6001, 11.3208], [7.60389, 11.32605], [7.60596, 11.32956], [7.60951, 11.33269], [7.6142, 11.33666], [7.62003, 11.33595], [7.62644, 11.33449], [7.63152, 11.33048], [7.63396, 11.32318], [7.6384, 11.31575], [7.64896, 11.30933], [7.65586, 11.3055], [7.66431, 11.30002], [7.66399, 11.29748], [7.65799, 11.29297], [7.65376, 11.29198], [7.65167, 11.29301], [7.64793, 11.29002]]]}, "properties": {"name": "Yakaji B", "lga": "Danja", "state": "kt"}}, {"type": "Feature", "geometry": {"type": "Polygon", "coordinates": [[[7.33458, 12.31997], [7.32798, 12.32049], [7.32537, 12.32136], [7.32299, 12.32305], [7.32109, 12.3238], [7.31866, 12.32369], [7.31697, 12.32233], [7.31574, 12.31985], [7.31396, 12.31858], [7.3117, 12.31933], [7.31046, 12.32055], [7.30849, 12.32223], [7.30615, 12.32294], [7.30463, 12.32293], [7.30267, 12.32247], [7.30113, 12.32107], [7.30089, 12.31887], [7.30091, 12.31644], [7.30012, 12.31504], [7.29804, 12.31405], [7.29546, 12.31333], [7.29187, 12.31529], [7.28695, 12.31794], [7.28208, 12.31987], [7.27989, 12.32248], [7.27875, 12.3247], [7.2799, 12.33031], [7.27847, 12.33239], [7.27183, 12.33577], [7.2712, 12.3374], [7.27133, 12.33946], [7.27076, 12.34162], [7.26377, 12.34086], [7.26299, 12.34211], [7.26356, 12.34385], [7.26502, 12.34584], [7.26406, 12.34754], [7.23777, 12.34556], [7.23411, 12.34309], [7.23169, 12.33967], [7.22955, 12.33793], [7.22506, 12.33563], [7.22459, 12.33725], [7.21748, 12.34071], [7.2144, 12.3419], [7.21043, 12.34394], [7.20116, 12.33847], [7.19881, 12.3373], [7.19879, 12.33731], [7.1968, 12.33811], [7.19653, 12.33951], [7.18957, 12.36194], [7.17162, 12.45138], [7.17997, 12.45447], [7.18005, 12.45431], [7.23113, 12.37183], [7.24136, 12.36373], [7.27675, 12.36877], [7.29562, 12.36923], [7.31746, 12.37964], [7.32307, 12.36583], [7.33899, 12.36458], [7.3416, 12.3577], [7.3349, 12.35689], [7.33484, 12.34766], [7.34473, 12.34472], [7.3439, 12.33883], [7.34405, 12.33848], [7.3447, 12.33871], [7.34498, 12.33824], [7.34423, 12.33507], [7.34523, 12.33396], [7.3422, 12.33319], [7.34212, 12.33249], [7.34241, 12.33208], [7.34312, 12.3319], [7.34288, 12.33159], [7.34214, 12.33114], [7.34002, 12.3296], [7.33886, 12.32572], [7.33458, 12.31997]]]}, "properties": {"name": "Runka B", "lga": "Safana", "state": "kt"}}, {"type": "Feature", "geometry": {"type": "Polygon", "coordinates": [[[8.15674, 12.4403], [8.15584, 12.44054], [8.14862, 12.43965], [8.13017, 12.44115], [8.10816, 12.41637], [8.05517, 12.41719], [8.04794, 12.41264], [8.04353, 12.42127], [8.04332, 12.43473], [8.04824, 12.44868], [8.04849, 12.45314], [8.04966, 12.45551], [8.0517, 12.45519], [8.05115, 12.45675], [8.05041, 12.45885], [8.04521, 12.46484], [8.04482, 12.46574], [8.04506, 12.467], [8.04792, 12.46762], [8.04813, 12.46818], [8.04781, 12.46968], [8.04762, 12.47289], [8.06546, 12.46596], [8.0734, 12.4674], [8.0779, 12.4677], [8.0807, 12.4681], [8.0812, 12.4715], [8.082, 12.4735], [8.0861, 12.4767], [8.09745, 12.48484], [8.10532, 12.48798], [8.11442, 12.49], [8.12533, 12.49529], [8.12201, 12.49826], [8.12326, 12.5029], [8.11991, 12.50844], [8.12198, 12.51234], [8.12471, 12.51668], [8.12403, 12.51741], [8.12186, 12.52053], [8.12022, 12.52095], [8.11765, 12.52085], [8.11248, 12.5208], [8.10863, 12.52336], [8.10989, 12.52638], [8.11669, 12.54252], [8.12082, 12.54568], [8.16767, 12.54566], [8.17793, 12.54501], [8.17723, 12.54352], [8.17663, 12.5425], [8.17698, 12.53834], [8.17563, 12.53696], [8.17796, 12.53276], [8.17596, 12.53023], [8.17784, 12.52732], [8.17434, 12.51955], [8.17549, 12.51747], [8.17818, 12.51806], [8.1809, 12.51337], [8.17983, 12.51071], [8.18352, 12.50662], [8.1844, 12.50734], [8.18518, 12.5078], [8.18623, 12.50797], [8.19039, 12.50518], [8.18266, 12.50117], [8.17898, 12.49643], [8.17831, 12.49622], [8.17681, 12.49647], [8.17168, 12.49254], [8.17141, 12.49148], [8.16881, 12.48175], [8.1629, 12.47448], [8.16216, 12.46239], [8.16496, 12.45141], [8.15878, 12.44732], [8.15674, 12.4403]]]}, "properties": {"name": "Yaya", "lga": "Ingawa", "state": "kt"}}, {"type": "Feature", "geometry": {"type": "Polygon", "coordinates": [[[7.74523, 13.17904], [7.75592, 13.19676], [7.76275, 13.19265], [7.77345, 13.21146], [7.77946, 13.22438], [7.7813, 13.22581], [7.82272, 13.22292], [7.84146, 13.22415], [7.84874, 13.22587], [7.86165, 13.224], [7.86861, 13.22365], [7.86903, 13.21944], [7.86498, 13.21664], [7.85547, 13.21378], [7.84812, 13.20785], [7.84932, 13.20329], [7.85325, 13.19933], [7.86252, 13.19989], [7.86765, 13.20115], [7.87313, 13.20322], [7.88126, 13.21445], [7.89003, 13.20654], [7.88209, 13.19531], [7.88443, 13.18337], [7.88244, 13.1814], [7.86087, 13.17412], [7.83434, 13.16363], [7.82908, 13.16266], [7.82069, 13.16284], [7.81195, 13.16155], [7.79879, 13.16613], [7.79201, 13.1655], [7.78464, 13.16544], [7.78151, 13.1721], [7.7957, 13.18127], [7.78998, 13.19053], [7.77882, 13.18531], [7.7535, 13.17924], [7.74523, 13.17904]]]}, "properties": {"name": "Abdallawa", "lga": "Kaita", "state": "kt"}}, {"type": "Feature", "geometry": {"type": "Polygon", "coordinates": [[[8.71186, 12.83425], [8.706, 12.82271], [8.69276, 12.82582], [8.68308, 12.83115], [8.67062, 12.82724], [8.66002, 12.81899], [8.67027, 12.80329], [8.66905, 12.79231], [8.66174, 12.7841], [8.64735, 12.78266], [8.63423, 12.78917], [8.62969, 12.78561], [8.62073, 12.78256], [8.61882, 12.78479], [8.61063, 12.80468], [8.61871, 12.81576], [8.62532, 12.82625], [8.62799, 12.83428], [8.62589, 12.84142], [8.61632, 12.85204], [8.61989, 12.86541], [8.62495, 12.8726], [8.6259, 12.88283], [8.65958, 12.8808], [8.66616, 12.87729], [8.67271, 12.85911], [8.67157, 12.85083], [8.67661, 12.85112], [8.68646, 12.85219], [8.68842, 12.85786], [8.69508, 12.85763], [8.70292, 12.85763], [8.70494, 12.85218], [8.70894, 12.84803], [8.70863, 12.84684], [8.70809, 12.84477], [8.7064, 12.84072], [8.71186, 12.83425]]]}, "properties": {"name": "Maibara", "lga": "Baure", "state": "kt"}}, {"type": "Feature", "geometry": {"type": "Polygon", "coordinates": [[[7.31486, 11.58683], [7.31311, 11.57557], [7.30552, 11.56709], [7.30437, 11.56616], [7.30174, 11.56764], [7.29237, 11.5729], [7.28507, 11.57212], [7.28181, 11.57335], [7.27851, 11.5748], [7.2724, 11.57525], [7.26808, 11.57528], [7.23598, 11.5889], [7.23234, 11.58826], [7.22498, 11.58685], [7.22141, 11.58671], [7.21744, 11.58793], [7.21307, 11.58811], [7.20822, 11.5879], [7.20166, 11.58587], [7.1925, 11.58788], [7.18663, 11.59179], [7.17092, 11.59869], [7.18163, 11.61409], [7.18664, 11.62858], [7.19909, 11.62507], [7.20021, 11.61816], [7.2105, 11.6114], [7.21663, 11.62243], [7.21521, 11.64718], [7.22618, 11.66012], [7.24361, 11.67147], [7.25912, 11.66199], [7.25518, 11.65817], [7.242, 11.6369], [7.24263, 11.63561], [7.24548, 11.63766], [7.2471, 11.638], [7.2487, 11.6378], [7.26075, 11.63103], [7.27267, 11.62416], [7.27943, 11.62036], [7.2895, 11.6029], [7.30325, 11.60136], [7.31503, 11.59296], [7.31486, 11.58683]]]}, "properties": {"name": "Mairua", "lga": "Faskari", "state": "kt"}}, {"type": "Feature", "geometry": {"type": "Polygon", "coordinates": [[[8.37084, 12.99239], [8.36097, 13.01192], [8.36599, 13.01711], [8.3729, 13.017], [8.37732, 13.01849], [8.3949, 13.02248], [8.41284, 13.03713], [8.41345, 13.03795], [8.41372, 13.0363], [8.41888, 13.02647], [8.42341, 13.00216], [8.43954, 12.98862], [8.43691, 12.97457], [8.43689, 12.97457], [8.4297, 12.97469], [8.42719, 12.96843], [8.42601, 12.96549], [8.42498, 12.96061], [8.4252, 12.95932], [8.42219, 12.95854], [8.41521, 12.95876], [8.40851, 12.96076], [8.4083, 12.96198], [8.4083, 12.96214], [8.40815, 12.9625], [8.41547, 12.9618], [8.4156, 12.97051], [8.41588, 12.97542], [8.41306, 12.97659], [8.41212, 12.97701], [8.41129, 12.97735], [8.4092, 12.98222], [8.40582, 12.99078], [8.40355, 12.9967], [8.40119, 12.99746], [8.3937, 12.99531], [8.39157, 12.99467], [8.37084, 12.99239]]]}, "properties": {"name": "Kwasarawa", "lga": "Sandamu", "state": "kt"}}, {"type": "Feature", "geometry": {"type": "Polygon", "coordinates": [[[7.57532, 12.89158], [7.57705, 12.89823], [7.57647, 12.90535], [7.57589, 12.91197], [7.57438, 12.92095], [7.5776, 12.92713], [7.58579, 12.93685], [7.59502, 12.95174], [7.59598, 12.95254], [7.6122, 12.9536], [7.61313, 12.95402], [7.61487, 12.95504], [7.61732, 12.95665], [7.61731, 12.95612], [7.61935, 12.94869], [7.61759, 12.91358], [7.62478, 12.90201], [7.63199, 12.89448], [7.63273, 12.89233], [7.63309, 12.89121], [7.63364, 12.88951], [7.6342, 12.8809], [7.63601, 12.86854], [7.62774, 12.85595], [7.62475, 12.8396], [7.62812, 12.83857], [7.6332, 12.8378], [7.64345, 12.83826], [7.65044, 12.83965], [7.66343, 12.84055], [7.6643, 12.83212], [7.66447, 12.82833], [7.64175, 12.81481], [7.64077, 12.8138], [7.63715, 12.81014], [7.63505, 12.80304], [7.63335, 12.80123], [7.62572, 12.79692], [7.61959, 12.79245], [7.61936, 12.79365], [7.6189, 12.79602], [7.61801, 12.79999], [7.61288, 12.80375], [7.60198, 12.80865], [7.58332, 12.81592], [7.56576, 12.82786], [7.56596, 12.82797], [7.57179, 12.83447], [7.58265, 12.83995], [7.59762, 12.84232], [7.60518, 12.84287], [7.61602, 12.84674], [7.61805, 12.85565], [7.61631, 12.86151], [7.6154, 12.86223], [7.61245, 12.86952], [7.60143, 12.87959], [7.58861, 12.88674], [7.57532, 12.89158]]]}, "properties": {"name": "Batagarawa", "lga": "Batagarawa", "state": "kt"}}, {"type": "Feature", "geometry": {"type": "Polygon", "coordinates": [[[7.33458, 12.31997], [7.33886, 12.32572], [7.34129, 12.3256], [7.34356, 12.32532], [7.34662, 12.32602], [7.35175, 12.32692], [7.35596, 12.32866], [7.35839, 12.33131], [7.35931, 12.33396], [7.3641, 12.33431], [7.36937, 12.33368], [7.37094, 12.33486], [7.37022, 12.33883], [7.37393, 12.34114], [7.38384, 12.34064], [7.38648, 12.34392], [7.3919, 12.34211], [7.39298, 12.3397], [7.3929, 12.33667], [7.39411, 12.33486], [7.39903, 12.33549], [7.40331, 12.33702], [7.40657, 12.34239], [7.40794, 12.34705], [7.40963, 12.34763], [7.41279, 12.34838], [7.41565, 12.35245], [7.41735, 12.35423], [7.42086, 12.35395], [7.42309, 12.35625], [7.44176, 12.3578], [7.44925, 12.35786], [7.45103, 12.36029], [7.45581, 12.36036], [7.48769, 12.37193], [7.49893, 12.37381], [7.50638, 12.3726], [7.51573, 12.36665], [7.51718, 12.34256], [7.51674, 12.34124], [7.5164, 12.3395], [7.51583, 12.33553], [7.51697, 12.33093], [7.5174, 12.32299], [7.51925, 12.32146], [7.52506, 12.31904], [7.52617, 12.31686], [7.5248, 12.31198], [7.52395, 12.30791], [7.5283, 12.2977], [7.52946, 12.29203], [7.53264, 12.28714], [7.53641, 12.28483], [7.54511, 12.27122], [7.5444, 12.26955], [7.54215, 12.26855], [7.52835, 12.26617], [7.51639, 12.26601], [7.50644, 12.27038], [7.50315, 12.27076], [7.49959, 12.25552], [7.46836, 12.25737], [7.46714, 12.25844], [7.45794, 12.25936], [7.44315, 12.25757], [7.44239, 12.26048], [7.4424, 12.26376], [7.4418, 12.26602], [7.44054, 12.26724], [7.43636, 12.26696], [7.43108, 12.26615], [7.42951, 12.26887], [7.42937, 12.27049], [7.42257, 12.27644], [7.41102, 12.2743], [7.39981, 12.26357], [7.39759, 12.26608], [7.39599, 12.26876], [7.38901, 12.28578], [7.38853, 12.28787], [7.38907, 12.29001], [7.38978, 12.29147], [7.39139, 12.29663], [7.38984, 12.30017], [7.38658, 12.3036], [7.38424, 12.30454], [7.38116, 12.30376], [7.37836, 12.30365], [7.3765, 12.30783], [7.36736, 12.30713], [7.35478, 12.30765], [7.35303, 12.31681], [7.35169, 12.31742], [7.34955, 12.31902], [7.34824, 12.32111], [7.33458, 12.31997]]]}, "properties": {"name": "Makera", "lga": "Dutsin Ma", "state": "kt"}}, {"type": "Feature", "geometry": {"type": "Polygon", "coordinates": [[[7.57479, 12.75452], [7.59301, 12.76326], [7.61959, 12.79245], [7.62572, 12.79692], [7.63335, 12.80123], [7.63505, 12.80304], [7.63715, 12.81014], [7.64077, 12.8138], [7.64175, 12.81481], [7.66447, 12.82833], [7.67775, 12.83148], [7.68446, 12.82121], [7.68636, 12.81819], [7.68776, 12.81506], [7.69408, 12.81466], [7.69997, 12.81441], [7.703, 12.81473], [7.70326, 12.80242], [7.70821, 12.79657], [7.70223, 12.78801], [7.69571, 12.78377], [7.69017, 12.78273], [7.68453, 12.79172], [7.67641, 12.79472], [7.66324, 12.78741], [7.65236, 12.79043], [7.65175, 12.79009], [7.65107, 12.77249], [7.6539, 12.76951], [7.65318, 12.76871], [7.65278, 12.76404], [7.65186, 12.76044], [7.64781, 12.75915], [7.64513, 12.75971], [7.63008, 12.74495], [7.61729, 12.73741], [7.60549, 12.73402], [7.60029, 12.73371], [7.58731, 12.72881], [7.58102, 12.72095], [7.5801, 12.73394], [7.57878, 12.74191], [7.57756, 12.74649], [7.57535, 12.75323], [7.57479, 12.75452]]]}, "properties": {"name": "Maje Karare", "lga": "Rimi", "state": "kt"}}, {"type": "Feature", "geometry": {"type": "Polygon", "coordinates": [[[7.12353, 12.86519], [7.1111, 12.78004], [7.1092, 12.77835], [7.06071, 12.73984], [7.06044, 12.76171], [7.06641, 12.79963], [7.06647, 12.81057], [7.05608, 12.82326], [7.06857, 12.83218], [7.06328, 12.83815], [7.06286, 12.8436], [7.06491, 12.85954], [7.06495, 12.87724], [7.06643, 12.88173], [7.06506, 12.88565], [7.06618, 12.88957], [7.06622, 12.89251], [7.06538, 12.89751], [7.06389, 12.90313], [7.06526, 12.90568], [7.06556, 12.90752], [7.06538, 12.90927], [7.06449, 12.91019], [7.0654, 12.9126], [7.06135, 12.91281], [7.06146, 12.91448], [7.06241, 12.91616], [7.06205, 12.91911], [7.06122, 12.91929], [7.06033, 12.9183], [7.05511, 12.93038], [7.04922, 12.93475], [7.05017, 12.93741], [7.05201, 12.93822], [7.05201, 12.93938], [7.05088, 12.9417], [7.05219, 12.94326], [7.05456, 12.94332], [7.05623, 12.9439], [7.05782, 12.94637], [7.05831, 12.94801], [7.05789, 12.94986], [7.05878, 12.9505], [7.05979, 12.95114], [7.05973, 12.95201], [7.05902, 12.95288], [7.05658, 12.95548], [7.05451, 12.95693], [7.04928, 12.96121], [7.04975, 12.96463], [7.04862, 12.96573], [7.04874, 12.96874], [7.05021, 12.9703], [7.04993, 12.97337], [7.05011, 12.97783], [7.05052, 12.98136], [7.05032, 12.98403], [7.04895, 12.98681], [7.05175, 12.98965], [7.05127, 12.99547], [7.09056, 12.99528], [7.14549, 13.041], [7.14612, 13.04063], [7.15467, 13.03566], [7.16594, 13.02774], [7.16542, 13.01847], [7.15841, 13.0178], [7.15925, 13.01431], [7.1705, 13.0149], [7.171, 13.0121], [7.1713, 13.0109], [7.1733, 13.0095], [7.1759, 13.0086], [7.1801, 13.0073], [7.182, 13.0055], [7.1832, 13.005], [7.1862, 13.0051], [7.18997, 13.00563], [7.19078, 13.00383], [7.19281, 13.00153], [7.18488, 13.0006], [7.18346, 12.99727], [7.1802, 12.99376], [7.1678, 12.9858], [7.16181, 12.97328], [7.15388, 12.96808], [7.14369, 12.95296], [7.13984, 12.94212], [7.13116, 12.93957], [7.11894, 12.93639], [7.10567, 12.93294], [7.10479, 12.92521], [7.10072, 12.90066], [7.10121, 12.89839], [7.12353, 12.86519]]]}, "properties": {"name": "Gurbi", "lga": "Jibia", "state": "kt"}}, {"type": "Feature", "geometry": {"type": "Polygon", "coordinates": [[[8.08105, 12.59393], [8.07668, 12.60335], [8.0761, 12.60763], [8.07334, 12.61582], [8.06417, 12.61743], [8.05728, 12.61489], [8.05721, 12.61487], [8.04909, 12.62247], [8.04765, 12.62358], [8.03998, 12.62701], [8.03154, 12.63796], [8.02358, 12.63472], [8.01104, 12.63067], [8.00712, 12.64622], [8.013, 12.64972], [8.03258, 12.64921], [8.03844, 12.65714], [8.03947, 12.67219], [8.03866, 12.67671], [8.03766, 12.68161], [8.04166, 12.6818], [8.06565, 12.68314], [8.0738, 12.68305], [8.07392, 12.67439], [8.07232, 12.65518], [8.09183, 12.62618], [8.09097, 12.61934], [8.09624, 12.6111], [8.09778, 12.60799], [8.09772, 12.60196], [8.09359, 12.59882], [8.08105, 12.59393]]]}, "properties": {"name": "Ingawa", "lga": "Ingawa", "state": "kt"}}, {"type": "Feature", "geometry": {"type": "Polygon", "coordinates": [[[7.63847, 13.02082], [7.63839, 13.02571], [7.63711, 13.03147], [7.63544, 13.03662], [7.64238, 13.0549], [7.64328, 13.08612], [7.66583, 13.08318], [7.66929, 13.08103], [7.67219, 13.05145], [7.67277, 13.04884], [7.65877, 13.04084], [7.66538, 13.01653], [7.65899, 13.01156], [7.64587, 13.01165], [7.64614, 13.01421], [7.646, 13.01648], [7.64566, 13.02051], [7.63847, 13.02082]]]}, "properties": {"name": "Shinkafi 1", "lga": "Katsina", "state": "kt"}}, {"type": "Feature", "geometry": {"type": "Polygon", "coordinates": [[[7.31006, 12.15258], [7.30904, 12.1557], [7.30768, 12.1567], [7.29846, 12.16598], [7.30007, 12.18397], [7.29456, 12.1869], [7.29402, 12.18705], [7.28059, 12.19992], [7.28127, 12.20493], [7.30328, 12.21431], [7.3046, 12.21639], [7.33365, 12.21777], [7.33517, 12.21399], [7.33597, 12.20841], [7.3372, 12.20717], [7.33733, 12.20212], [7.34146, 12.19977], [7.34229, 12.20015], [7.34937, 12.20109], [7.35391, 12.19249], [7.35415, 12.19065], [7.36449, 12.19309], [7.36933, 12.19088], [7.371, 12.19067], [7.37495, 12.19257], [7.38267, 12.19374], [7.38375, 12.19363], [7.38408, 12.19382], [7.39306, 12.1934], [7.41738, 12.16351], [7.39619, 12.16459], [7.37509, 12.14909], [7.37563, 12.14609], [7.38806, 12.13588], [7.38818, 12.12899], [7.37501, 12.12697], [7.37039, 12.12097], [7.36632, 12.12084], [7.35871, 12.11783], [7.35223, 12.12136], [7.34559, 12.12517], [7.33771, 12.13418], [7.33098, 12.13617], [7.3287, 12.13859], [7.32271, 12.1437], [7.319, 12.14771], [7.31961, 12.15176], [7.31866, 12.15295], [7.31006, 12.15258]]]}, "properties": {"name": "Maidabino A", "lga": "Dan Musa", "state": "kt"}}, {"type": "Feature", "geometry": {"type": "Polygon", "coordinates": [[[7.54324, 12.25727], [7.54168, 12.26355], [7.54215, 12.26855], [7.5444, 12.26955], [7.54511, 12.27122], [7.53641, 12.28483], [7.53264, 12.28714], [7.52946, 12.29203], [7.5283, 12.2977], [7.52395, 12.30791], [7.5492, 12.31371], [7.56294, 12.31049], [7.56339, 12.3055], [7.5642, 12.29885], [7.56556, 12.29253], [7.58557, 12.29372], [7.58592, 12.28724], [7.58796, 12.28345], [7.58856, 12.27938], [7.5969, 12.26652], [7.6004, 12.26359], [7.60574, 12.26067], [7.60157, 12.24686], [7.58274, 12.24718], [7.57175, 12.25182], [7.56799, 12.25383], [7.54786, 12.25772], [7.54324, 12.25727]]]}, "properties": {"name": "Mazoji B", "lga": "Matazu", "state": "kt"}}, {"type": "Feature", "geometry": {"type": "Polygon", "coordinates": [[[8.34163, 13.06066], [8.33421, 13.04645], [8.325, 13.0415], [8.3247, 13.0413], [8.31748, 13.03957], [8.31868, 13.04322], [8.31785, 13.04389], [8.31556, 13.04569], [8.31467, 13.04635], [8.31047, 13.05642], [8.31976, 13.05746], [8.33029, 13.0585], [8.34163, 13.06066]]]}, "properties": {"name": "Ubandawaki A", "lga": "Daura", "state": "kt"}}, {"type": "Feature", "geometry": {"type": "Polygon", "coordinates": [[[8.13123, 12.81623], [8.1324, 12.8204], [8.1303, 12.8285], [8.1303, 12.8302], [8.13045, 12.83303], [8.13991, 12.83391], [8.13683, 12.8516], [8.14651, 12.85368], [8.15194, 12.85531], [8.16052, 12.85812], [8.16697, 12.85499], [8.17998, 12.8526], [8.17966, 12.84873], [8.17628, 12.83492], [8.18228, 12.81247], [8.18096, 12.81201], [8.17888, 12.81129], [8.16825, 12.81439], [8.15206, 12.81863], [8.14163, 12.81102], [8.13123, 12.81623]]]}, "properties": {"name": "Dutsi A", "lga": "Dutsi", "state": "kt"}}, {"type": "Feature", "geometry": {"type": "Polygon", "coordinates": [[[8.15389, 12.6906], [8.15609, 12.68796], [8.15828, 12.68632], [8.16002, 12.68397], [8.16043, 12.66706], [8.15923, 12.66561], [8.15845, 12.66317], [8.15324, 12.6554], [8.1513, 12.63431], [8.15271, 12.63077], [8.15345, 12.62665], [8.15242, 12.62264], [8.14526, 12.62138], [8.14215, 12.61676], [8.1353, 12.6055], [8.1356, 12.6043], [8.1343, 12.5991], [8.1316, 12.598], [8.1319, 12.5959], [8.1315, 12.5942], [8.1311, 12.5931], [8.1303, 12.5916], [8.129, 12.5911], [8.13133, 12.58834], [8.12105, 12.58596], [8.11817, 12.56315], [8.10161, 12.56254], [8.09817, 12.56347], [8.08398, 12.56708], [8.0845, 12.5696], [8.09045, 12.58358], [8.08105, 12.59393], [8.09359, 12.59882], [8.09772, 12.60196], [8.09778, 12.60799], [8.09624, 12.6111], [8.09097, 12.61934], [8.09183, 12.62618], [8.07232, 12.65518], [8.07392, 12.67439], [8.0738, 12.68305], [8.08241, 12.68747], [8.08951, 12.69045], [8.09338, 12.6911], [8.09545, 12.69208], [8.09881, 12.69319], [8.09941, 12.69233], [8.10299, 12.68346], [8.10756, 12.67733], [8.11196, 12.67062], [8.14012, 12.68164], [8.14753, 12.68325], [8.15389, 12.6906]]]}, "properties": {"name": "Daunaka", "lga": "Ingawa", "state": "kt"}}, {"type": "Feature", "geometry": {"type": "Polygon", "coordinates": [[[7.89868, 12.97825], [7.92337, 12.96992], [7.89835, 12.93754], [7.8837, 12.9308], [7.85155, 12.9263], [7.81233, 12.92287], [7.80577, 12.9228], [7.80842, 12.94267], [7.8035, 12.96056], [7.80169, 12.96492], [7.79283, 12.98632], [7.79325, 12.99904], [7.79068, 13.00493], [7.79349, 13.00953], [7.79412, 13.01385], [7.79487, 13.02048], [7.79794, 13.02782], [7.81161, 13.00583], [7.81298, 13.00079], [7.82094, 13.00085], [7.8287, 13.0043], [7.83241, 13.00501], [7.83615, 13.00513], [7.8406, 13.008], [7.84631, 13.00977], [7.84906, 13.0093], [7.85819, 13.01156], [7.86516, 13.01236], [7.86901, 13.01064], [7.88761, 13.00518], [7.88182, 12.98657], [7.89868, 12.97825]]]}, "properties": {"name": "Tsagem Takusheyi", "lga": "Mani", "state": "kt"}}, {"type": "Feature", "geometry": {"type": "Polygon", "coordinates": [[[7.6346, 11.41759], [7.63292, 11.41648], [7.625, 11.41354], [7.61423, 11.40753], [7.60931, 11.40383], [7.6052, 11.39911], [7.60272, 11.39454], [7.59894, 11.39125], [7.58832, 11.39132], [7.58732, 11.40167], [7.58759, 11.41437], [7.57136, 11.41426], [7.56396, 11.41465], [7.55211, 11.41966], [7.54453, 11.42291], [7.54161, 11.42818], [7.5397, 11.43181], [7.53778, 11.43397], [7.53271, 11.43621], [7.5248, 11.43586], [7.51867, 11.4353], [7.51392, 11.43442], [7.50862, 11.42894], [7.5068, 11.4266], [7.49752, 11.42558], [7.48176, 11.42753], [7.47772, 11.42827], [7.498, 11.4461], [7.50373, 11.46414], [7.50723, 11.49032], [7.53105, 11.49817], [7.53929, 11.50163], [7.54765, 11.50995], [7.55538, 11.51144], [7.55937, 11.5106], [7.56335, 11.50883], [7.56799, 11.50392], [7.57022, 11.50121], [7.5827, 11.49662], [7.58447, 11.49621], [7.59035, 11.49482], [7.60377, 11.4931], [7.615, 11.4885], [7.62361, 11.47972], [7.62986, 11.47721], [7.63534, 11.47542], [7.64589, 11.47013], [7.65008, 11.47044], [7.6525, 11.4696], [7.6532, 11.4667], [7.6583, 11.4524], [7.65128, 11.4529], [7.64754, 11.45335], [7.6466, 11.4537], [7.64063, 11.44944], [7.63764, 11.44884], [7.63921, 11.43486], [7.63496, 11.42272], [7.6346, 11.41759]]]}, "properties": {"name": "Gozaki", "lga": "Kafur", "state": "kt"}}, {"type": "Feature", "geometry": {"type": "Polygon", "coordinates": [[[7.1111, 12.78004], [7.12353, 12.86519], [7.13793, 12.86558], [7.16136, 12.86916], [7.17448, 12.87157], [7.18747, 12.8735], [7.19328, 12.87597], [7.19406, 12.87733], [7.19982, 12.87904], [7.21704, 12.88058], [7.22594, 12.88212], [7.23493, 12.88421], [7.24508, 12.88385], [7.261, 12.88557], [7.25981, 12.88961], [7.26242, 12.89318], [7.26334, 12.89674], [7.2658, 12.90006], [7.26885, 12.9027], [7.27194, 12.90779], [7.27909, 12.90321], [7.28592, 12.89348], [7.30039, 12.88748], [7.30111, 12.86961], [7.29864, 12.86378], [7.29528, 12.86467], [7.28729, 12.86976], [7.27855, 12.87708], [7.27352, 12.87775], [7.27018, 12.8782], [7.26417, 12.88031], [7.26196, 12.87761], [7.26159, 12.86701], [7.25987, 12.86189], [7.2587, 12.85953], [7.24953, 12.85983], [7.24495, 12.86018], [7.24133, 12.8589], [7.23557, 12.85363], [7.22329, 12.85485], [7.22078, 12.85682], [7.21037, 12.85803], [7.20632, 12.85484], [7.20367, 12.85355], [7.20262, 12.8524], [7.20235, 12.85052], [7.20331, 12.84784], [7.20152, 12.84239], [7.20137, 12.83891], [7.19736, 12.83975], [7.19448, 12.84036], [7.19107, 12.82623], [7.18783, 12.82167], [7.1878, 12.8147], [7.18738, 12.80784], [7.1876, 12.80561], [7.18992, 12.79695], [7.1833, 12.78915], [7.18096, 12.78527], [7.17591, 12.78067], [7.16854, 12.78147], [7.16014, 12.78019], [7.15031, 12.7778], [7.13728, 12.77102], [7.12901, 12.77739], [7.11654, 12.7807], [7.1111, 12.78004]]]}, "properties": {"name": "Rumah", "lga": "Batsari", "state": "kt"}}, {"type": "Feature", "geometry": {"type": "Polygon", "coordinates": [[[7.28958, 11.28433], [7.28399, 11.27545], [7.27328, 11.27441], [7.2702, 11.27541], [7.26779, 11.27728], [7.26565, 11.27812], [7.2627, 11.27754], [7.26056, 11.2785], [7.2605, 11.27853], [7.25922, 11.27998], [7.25443, 11.28338], [7.2499, 11.28744], [7.24186, 11.29196], [7.24217, 11.29778], [7.24512, 11.30295], [7.24787, 11.30582], [7.25151, 11.31079], [7.25743, 11.31009], [7.26278, 11.31016], [7.26661, 11.31248], [7.27632, 11.31659], [7.25776, 11.34343], [7.25119, 11.34556], [7.25048, 11.34819], [7.2449, 11.3525], [7.23824, 11.35973], [7.23563, 11.3673], [7.23532, 11.36916], [7.23331, 11.38711], [7.24619, 11.39585], [7.24993, 11.39905], [7.25098, 11.40257], [7.25198, 11.42373], [7.25755, 11.41758], [7.26207, 11.41104], [7.2689, 11.40759], [7.27166, 11.40452], [7.27456, 11.40213], [7.27456, 11.39823], [7.27474, 11.39328], [7.27602, 11.38742], [7.2824, 11.3816], [7.28747, 11.37907], [7.29191, 11.37546], [7.29791, 11.37045], [7.30168, 11.37962], [7.30882, 11.37442], [7.30825, 11.36949], [7.30751, 11.3662], [7.30431, 11.36262], [7.3034, 11.3601], [7.30401, 11.34721], [7.30386, 11.34121], [7.30643, 11.32984], [7.30689, 11.32615], [7.30717, 11.32134], [7.30826, 11.31664], [7.31037, 11.31301], [7.30787, 11.30607], [7.3074, 11.30518], [7.30729, 11.29951], [7.30834, 11.29294], [7.30443, 11.28876], [7.29565, 11.28547], [7.2928, 11.28493], [7.28958, 11.28433]]]}, "properties": {"name": "Tumburkai B", "lga": "Dandume", "state": "kt"}}, {"type": "Feature", "geometry": {"type": "Polygon", "coordinates": [[[7.63643, 12.14455], [7.62322, 12.13655], [7.57418, 12.13303], [7.54238, 12.10575], [7.53362, 12.1074], [7.52521, 12.10742], [7.52768, 12.1127], [7.52965, 12.11797], [7.53459, 12.1222], [7.53442, 12.13001], [7.5383, 12.15737], [7.54129, 12.17879], [7.55088, 12.17774], [7.57112, 12.18553], [7.58758, 12.18206], [7.60215, 12.1798], [7.60969, 12.17751], [7.62043, 12.18194], [7.62768, 12.17991], [7.62469, 12.16822], [7.62425, 12.16593], [7.62264, 12.15855], [7.62533, 12.15357], [7.63015, 12.15085], [7.6334, 12.14757], [7.63435, 12.14663], [7.63643, 12.14455]]]}, "properties": {"name": "Gwarjo", "lga": "Matazu", "state": "kt"}}, {"type": "Feature", "geometry": {"type": "Polygon", "coordinates": [[[7.17508, 11.70277], [7.15581, 11.68738], [7.15046, 11.68291], [7.14475, 11.67719], [7.13491, 11.66832], [7.13078, 11.66169], [7.12679, 11.65596], [7.12137, 11.65086], [7.11773, 11.64639], [7.11406, 11.641], [7.10889, 11.63829], [7.10574, 11.63716], [7.10505, 11.63219], [7.08669, 11.64006], [7.08252, 11.63802], [7.07961, 11.63936], [7.06712, 11.65646], [7.06866, 11.65981], [7.06686, 11.66308], [7.06386, 11.66319], [7.05547, 11.66613], [7.06949, 11.67717], [7.07694, 11.6751], [7.08037, 11.68113], [7.0885, 11.68859], [7.08995, 11.69144], [7.07897, 11.71233], [7.09012, 11.734], [7.09081, 11.73944], [7.09115, 11.74598], [7.09055, 11.75067], [7.08875, 11.76474], [7.08986, 11.76977], [7.09449, 11.77758], [7.09637, 11.77957], [7.09987, 11.78074], [7.11332, 11.77902], [7.12861, 11.77961], [7.12878, 11.77638], [7.13413, 11.75672], [7.13769, 11.75183], [7.14615, 11.72755], [7.14938, 11.72373], [7.15294, 11.71795], [7.15554, 11.71243], [7.16014, 11.7098], [7.1716, 11.70647], [7.17508, 11.70277]]]}, "properties": {"name": "Sheme", "lga": "Faskari", "state": "kt"}}, {"type": "Feature", "geometry": {"type": "Polygon", "coordinates": [[[8.2266, 12.93862], [8.22763, 12.93235], [8.22942, 12.92409], [8.2297, 12.9186], [8.22992, 12.91566], [8.22992, 12.90963], [8.23478, 12.90269], [8.232, 12.90056], [8.22131, 12.89207], [8.21021, 12.88879], [8.20885, 12.88998], [8.19033, 12.89967], [8.18388, 12.89211], [8.17703, 12.8932], [8.18263, 12.90149], [8.18442, 12.90421], [8.18819, 12.90387], [8.19142, 12.90698], [8.18513, 12.90897], [8.17867, 12.91376], [8.17365, 12.91392], [8.16863, 12.91258], [8.16358, 12.91219], [8.17522, 12.93524], [8.17569, 12.95352], [8.18875, 12.95476], [8.19381, 12.9552], [8.20085, 12.93421], [8.21423, 12.93729], [8.2266, 12.93862]]]}, "properties": {"name": "Ruwan Kaya B", "lga": "Dutsi", "state": "kt"}}, {"type": "Feature", "geometry": {"type": "Polygon", "coordinates": [[[7.70496, 11.5913], [7.70531, 11.58604], [7.70682, 11.58218], [7.70927, 11.57832], [7.71116, 11.57587], [7.71319, 11.57324], [7.71687, 11.57167], [7.71854, 11.56901], [7.71703, 11.56392], [7.71688, 11.56339], [7.7112, 11.549], [7.70028, 11.53956], [7.69799, 11.53538], [7.6796, 11.52374], [7.6808, 11.52035], [7.68174, 11.51789], [7.6823, 11.51655], [7.68205, 11.51446], [7.68264, 11.51068], [7.68005, 11.50655], [7.67935, 11.49218], [7.67517, 11.48325], [7.66645, 11.48841], [7.65586, 11.49469], [7.65281, 11.48864], [7.64838, 11.4819], [7.64634, 11.48147], [7.63688, 11.48035], [7.63317, 11.48355], [7.63198, 11.49092], [7.62585, 11.4954], [7.62212, 11.50257], [7.62469, 11.51732], [7.62588, 11.51807], [7.6275, 11.51909], [7.63083, 11.52752], [7.63049, 11.5291], [7.63083, 11.53092], [7.6304, 11.53181], [7.62973, 11.53125], [7.62807, 11.53092], [7.62186, 11.53583], [7.62175, 11.53721], [7.62988, 11.55505], [7.63073, 11.55561], [7.63341, 11.55294], [7.6343, 11.55353], [7.63935, 11.56424], [7.64352, 11.56989], [7.64664, 11.57257], [7.64783, 11.5739], [7.65363, 11.57405], [7.65705, 11.57524], [7.66017, 11.57405], [7.66434, 11.57792], [7.66672, 11.58253], [7.67029, 11.58521], [7.67564, 11.58565], [7.67891, 11.58729], [7.68546, 11.5919], [7.68947, 11.59294], [7.69121, 11.59289], [7.69374, 11.59226], [7.69468, 11.59086], [7.69795, 11.58892], [7.69973, 11.58892], [7.70276, 11.59052], [7.70496, 11.5913]]]}, "properties": {"name": "Sabuwar Kasa", "lga": "Kafur", "state": "kt"}}, {"type": "Feature", "geometry": {"type": "Polygon", "coordinates": [[[7.33303, 11.39028], [7.34101, 11.3915], [7.34445, 11.39267], [7.34923, 11.39419], [7.36052, 11.39381], [7.36328, 11.39199], [7.36425, 11.39181], [7.37482, 11.39314], [7.37562, 11.39004], [7.37944, 11.38132], [7.38364, 11.37816], [7.38574, 11.3734], [7.38711, 11.37147], [7.38998, 11.37021], [7.38881, 11.36559], [7.38358, 11.35524], [7.38297, 11.35403], [7.38063, 11.34941], [7.37011, 11.3332], [7.36661, 11.32281], [7.36662, 11.31936], [7.36429, 11.31127], [7.36432, 11.2986], [7.36434, 11.29284], [7.36461, 11.29034], [7.35778, 11.26426], [7.35043, 11.26274], [7.34121, 11.26237], [7.32989, 11.26348], [7.3202, 11.26507], [7.3066, 11.26936], [7.30185, 11.27141], [7.29757, 11.27365], [7.29386, 11.27719], [7.29103, 11.2819], [7.28958, 11.28433], [7.2928, 11.28493], [7.29565, 11.28547], [7.30443, 11.28876], [7.30834, 11.29294], [7.30729, 11.29951], [7.3074, 11.30518], [7.30787, 11.30607], [7.31037, 11.31301], [7.3244, 11.30837], [7.32657, 11.30859], [7.32914, 11.30907], [7.34731, 11.31565], [7.35948, 11.32252], [7.3561, 11.32731], [7.35442, 11.33053], [7.3499, 11.33585], [7.34848, 11.33697], [7.34686, 11.33885], [7.33568, 11.34376], [7.33197, 11.34482], [7.33197, 11.3468], [7.33092, 11.3555], [7.3335, 11.3633], [7.33449, 11.37238], [7.33747, 11.37509], [7.33303, 11.39028]]]}, "properties": {"name": "Tudun Iya", "lga": "Funtua", "state": "kt"}}, {"type": "Feature", "geometry": {"type": "Polygon", "coordinates": [[[7.51497, 11.96265], [7.51142, 11.96142], [7.50429, 11.9603], [7.50351, 11.95584], [7.50216, 11.94914], [7.4975, 11.94675], [7.49595, 11.94021], [7.4931, 11.93226], [7.48752, 11.93305], [7.47965, 11.93271], [7.47166, 11.93948], [7.4623, 11.94826], [7.46139, 11.94986], [7.45843, 11.95508], [7.46037, 11.96295], [7.46623, 11.97603], [7.45375, 11.98066], [7.44976, 11.96422], [7.43272, 11.96292], [7.42333, 11.96138], [7.41565, 11.95723], [7.39894, 11.95136], [7.38258, 11.94687], [7.38521, 11.95657], [7.38546, 11.96422], [7.38288, 11.96836], [7.38615, 11.97342], [7.38529, 11.97454], [7.38413, 11.97527], [7.38522, 11.97755], [7.38422, 11.97818], [7.38302, 11.97774], [7.38166, 11.97672], [7.3813, 11.97895], [7.38095, 11.98034], [7.3811, 11.98199], [7.38045, 11.98345], [7.37943, 11.98344], [7.37888, 11.98446], [7.37949, 11.98557], [7.38002, 11.98627], [7.38009, 11.98732], [7.37845, 11.98788], [7.37703, 11.98865], [7.37631, 11.98969], [7.37681, 11.99848], [7.37579, 11.99967], [7.37417, 12.00057], [7.37339, 12.00183], [7.37425, 12.00235], [7.37589, 12.00307], [7.37567, 12.00448], [7.37547, 12.00544], [7.37524, 12.00685], [7.36974, 12.00775], [7.35967, 12.0309], [7.35792, 12.03367], [7.35513, 12.03536], [7.35499, 12.03654], [7.35484, 12.03786], [7.35414, 12.03912], [7.37105, 12.05125], [7.37346, 12.04972], [7.37694, 12.04933], [7.37702, 12.04756], [7.37695, 12.04575], [7.37752, 12.04463], [7.3811, 12.04797], [7.38784, 12.04469], [7.38943, 12.0447], [7.39078, 12.04337], [7.39063, 12.04252], [7.38986, 12.04184], [7.38857, 12.04184], [7.38779, 12.04114], [7.38793, 12.0401], [7.38929, 12.03954], [7.39599, 12.04177], [7.39613, 12.03724], [7.39841, 12.03668], [7.40284, 12.03689], [7.4062, 12.03709], [7.40726, 12.03571], [7.40954, 12.03508], [7.41167, 12.03543], [7.41376, 12.03479], [7.41754, 12.03138], [7.42046, 12.03193], [7.42667, 12.02873], [7.4318, 12.0258], [7.43536, 12.02601], [7.43841, 12.02357], [7.44644, 12.01974], [7.44881, 12.01827], [7.4503, 12.01497], [7.45398, 12.0109], [7.46153, 12.00736], [7.46634, 12.00995], [7.4704, 12.01276], [7.47645, 12.00773], [7.46879, 11.99895], [7.47221, 11.99664], [7.47413, 11.99246], [7.47542, 11.98367], [7.51061, 11.97455], [7.51497, 11.96265]]]}, "properties": {"name": "Dan Murabu", "lga": "Kankara", "state": "kt"}}, {"type": "Feature", "geometry": {"type": "Polygon", "coordinates": [[[7.81652, 12.11987], [7.8188, 12.1181], [7.82296, 12.11953], [7.82665, 12.11507], [7.84175, 12.11005], [7.84135, 12.093], [7.83268, 12.08885], [7.81274, 12.08168], [7.81738, 12.06518], [7.81898, 12.05785], [7.82202, 12.05534], [7.8263, 12.04983], [7.8345, 12.02318], [7.80588, 12.01853], [7.79333, 12.01308], [7.77136, 12.01121], [7.73686, 12.00889], [7.73742, 12.02053], [7.73061, 12.04283], [7.72625, 12.04763], [7.72827, 12.06073], [7.72888, 12.06542], [7.73313, 12.07724], [7.73775, 12.0783], [7.75471, 12.0789], [7.75646, 12.08764], [7.76625, 12.08775], [7.777, 12.08765], [7.78436, 12.08196], [7.78128, 12.07437], [7.78009, 12.06218], [7.79655, 12.06713], [7.79373, 12.08298], [7.79079, 12.0896], [7.78968, 12.1021], [7.80666, 12.11253], [7.81652, 12.11987]]]}, "properties": {"name": "Gingin", "lga": "Musawa", "state": "kt"}}, {"type": "Feature", "geometry": {"type": "Polygon", "coordinates": [[[7.29911, 11.40464], [7.30868, 11.40523], [7.3164, 11.41035], [7.3186, 11.41187], [7.32067, 11.41272], [7.3267, 11.40764], [7.32715, 11.40744], [7.33155, 11.40324], [7.332, 11.40153], [7.332, 11.3989], [7.33269, 11.39145], [7.33303, 11.39028], [7.33747, 11.37509], [7.33449, 11.37238], [7.3335, 11.3633], [7.33092, 11.3555], [7.33197, 11.3468], [7.33197, 11.34482], [7.33568, 11.34376], [7.34686, 11.33885], [7.34848, 11.33697], [7.3499, 11.33585], [7.35442, 11.33053], [7.3561, 11.32731], [7.35948, 11.32252], [7.34731, 11.31565], [7.32914, 11.30907], [7.32657, 11.30859], [7.3244, 11.30837], [7.31037, 11.31301], [7.30826, 11.31664], [7.30717, 11.32134], [7.30689, 11.32615], [7.30643, 11.32984], [7.30386, 11.34121], [7.30401, 11.34721], [7.3034, 11.3601], [7.30431, 11.36262], [7.30751, 11.3662], [7.30825, 11.36949], [7.30882, 11.37442], [7.30168, 11.37962], [7.2993, 11.38134], [7.29502, 11.38423], [7.29513, 11.38542], [7.29911, 11.40464]]]}, "properties": {"name": "Maska", "lga": "Funtua", "state": "kt"}}, {"type": "Feature", "geometry": {"type": "Polygon", "coordinates": [[[7.05547, 11.66613], [7.05428, 11.66654], [7.04512, 11.67082], [7.04178, 11.67371], [7.03897, 11.67518], [7.0354, 11.68002], [7.03329, 11.68423], [7.03008, 11.68682], [7.02531, 11.68894], [7.02081, 11.69003], [7.01642, 11.6938], [7.00521, 11.69724], [7.00164, 11.70084], [6.99768, 11.70444], [6.98741, 11.7083], [6.97489, 11.71301], [6.96548, 11.72585], [6.95678, 11.732], [6.95348, 11.73839], [6.95158, 11.74217], [6.95021, 11.74281], [6.94704, 11.74693], [6.94433, 11.74979], [6.94183, 11.75091], [6.93976, 11.75055], [6.93639, 11.75099], [6.93337, 11.75511], [6.93334, 11.75724], [6.93325, 11.7586], [6.93257, 11.75991], [6.9287, 11.76221], [6.9288, 11.76343], [6.9293, 11.76518], [6.9279, 11.76663], [6.92496, 11.76823], [6.9247, 11.76935], [6.92448, 11.77137], [6.92344, 11.77245], [6.92213, 11.77277], [6.92015, 11.77271], [6.9189, 11.77341], [6.9196, 11.7748], [6.91985, 11.77723], [6.91438, 11.78331], [6.90986, 11.78578], [6.9174, 11.78587], [6.91995, 11.78728], [6.92246, 11.78743], [6.92864, 11.79292], [6.93062, 11.79335], [6.93332, 11.79338], [6.9344, 11.79489], [6.94353, 11.79771], [6.94806, 11.80393], [6.94866, 11.8026], [6.95066, 11.80242], [6.95273, 11.80033], [6.96364, 11.80441], [6.97344, 11.80316], [6.97588, 11.8061], [6.97677, 11.8086], [6.97713, 11.80912], [6.97757, 11.80848], [6.97766, 11.8081], [6.98043, 11.80909], [6.98212, 11.80941], [6.98566, 11.81244], [6.98685, 11.8122], [6.98764, 11.81138], [6.9878, 11.8102], [6.98992, 11.81077], [6.99095, 11.81084], [6.99133, 11.81165], [6.99181, 11.81232], [6.99219, 11.8127], [6.99281, 11.81202], [6.99371, 11.81103], [6.99875, 11.81061], [7.00149, 11.8052], [7.01469, 11.78776], [7.02803, 11.7772], [7.03884, 11.7716], [7.04758, 11.76036], [7.05458, 11.7475], [7.07142, 11.72445], [7.07657, 11.71438], [7.07897, 11.71233], [7.08995, 11.69144], [7.0885, 11.68859], [7.08037, 11.68113], [7.07694, 11.6751], [7.06949, 11.67717], [7.05547, 11.66613]]]}, "properties": {"name": "Faskari", "lga": "Faskari", "state": "kt"}}, {"type": "Feature", "geometry": {"type": "Polygon", "coordinates": [[[7.99622, 13.15839], [7.99928, 13.13742], [7.99021, 13.12909], [7.98417, 13.12348], [7.96815, 13.12452], [7.95822, 13.12017], [7.93972, 13.12282], [7.93849, 13.13235], [7.93459, 13.14415], [7.91869, 13.14519], [7.91943, 13.1506], [7.92211, 13.15606], [7.9248, 13.17251], [7.9314, 13.1723], [7.9332, 13.17409], [7.93873, 13.17811], [7.94213, 13.18248], [7.94207, 13.18659], [7.93927, 13.19313], [7.93909, 13.19917], [7.93799, 13.2024], [7.93768, 13.20914], [7.93838, 13.21284], [7.93865, 13.21554], [7.94638, 13.2175], [7.94579, 13.22103], [7.94433, 13.2403], [7.95541, 13.23165], [7.96332, 13.23086], [7.98261, 13.2307], [7.98648, 13.21807], [7.97838, 13.21288], [7.97319, 13.20899], [7.9696, 13.1612], [7.97199, 13.16102], [7.98984, 13.15863], [7.99622, 13.15839]]]}, "properties": {"name": "Tamilo B", "lga": "Mashi", "state": "kt"}}, {"type": "Feature", "geometry": {"type": "Polygon", "coordinates": [[[8.34712, 12.98039], [8.37084, 12.99239], [8.39157, 12.99467], [8.3937, 12.99531], [8.40119, 12.99746], [8.40355, 12.9967], [8.40582, 12.99078], [8.4092, 12.98222], [8.41129, 12.97735], [8.4112, 12.97728], [8.40906, 12.97562], [8.40873, 12.97536], [8.40849, 12.97453], [8.40621, 12.96754], [8.40386, 12.96386], [8.40333, 12.9613], [8.40239, 12.95276], [8.40501, 12.94591], [8.4067, 12.94333], [8.40746, 12.94172], [8.40118, 12.9243], [8.39202, 12.9045], [8.37321, 12.89849], [8.3702, 12.91033], [8.3713, 12.91857], [8.37296, 12.92516], [8.37747, 12.93026], [8.36991, 12.94254], [8.36016, 12.93083], [8.34518, 12.92366], [8.34599, 12.93897], [8.33754, 12.95294], [8.34576, 12.95723], [8.34783, 12.96084], [8.35164, 12.96871], [8.35301, 12.97594], [8.35319, 12.97631], [8.34712, 12.98039]]]}, "properties": {"name": "Sandamu", "lga": "Sandamu", "state": "kt"}}, {"type": "Feature", "geometry": {"type": "Polygon", "coordinates": [[[7.41652, 12.44539], [7.41611, 12.44349], [7.41351, 12.44071], [7.41374, 12.43523], [7.39706, 12.42484], [7.37691, 12.41749], [7.35408, 12.40785], [7.34573, 12.42313], [7.3303, 12.46137], [7.33241, 12.46314], [7.33322, 12.46484], [7.33455, 12.46523], [7.33543, 12.47559], [7.34695, 12.4934], [7.34402, 12.50469], [7.34944, 12.51896], [7.3455, 12.52226], [7.32175, 12.52391], [7.28441, 12.52072], [7.28061, 12.51856], [7.27782, 12.5176], [7.25462, 12.51335], [7.22859, 12.50277], [7.22917, 12.51056], [7.23533, 12.53304], [7.275, 12.5747], [7.28226, 12.57291], [7.28897, 12.56989], [7.297, 12.5644], [7.3085, 12.5605], [7.31304, 12.56195], [7.31654, 12.56648], [7.32729, 12.56807], [7.33428, 12.56768], [7.3503, 12.57363], [7.35264, 12.57463], [7.36772, 12.56212], [7.37127, 12.56161], [7.37311, 12.55947], [7.37282, 12.55631], [7.37678, 12.55406], [7.37803, 12.55514], [7.37907, 12.55611], [7.38088, 12.55604], [7.38242, 12.55657], [7.39368, 12.56749], [7.39426, 12.56808], [7.39472, 12.56854], [7.39891, 12.57632], [7.40242, 12.56819], [7.39928, 12.55904], [7.40042, 12.55855], [7.4022, 12.55723], [7.40377, 12.55618], [7.40388, 12.5543], [7.40331, 12.55215], [7.40356, 12.54974], [7.40281, 12.54616], [7.39903, 12.53465], [7.39912, 12.53105], [7.40438, 12.52549], [7.4101, 12.51918], [7.4136, 12.51364], [7.41859, 12.5078], [7.4221, 12.50046], [7.41998, 12.49196], [7.40808, 12.49092], [7.40784, 12.49056], [7.40035, 12.48519], [7.39921, 12.47648], [7.41255, 12.46424], [7.4126, 12.46414], [7.41405, 12.46365], [7.41652, 12.44539]]]}, "properties": {"name": "Tsaskiya", "lga": "Safana", "state": "kt"}}, {"type": "Feature", "geometry": {"type": "Polygon", "coordinates": [[[8.16277, 13.26621], [8.19742, 13.2428], [8.19522, 13.22554], [8.19347, 13.22228], [8.17362, 13.21033], [8.15996, 13.20936], [8.16013, 13.20437], [8.15686, 13.20407], [8.15728, 13.198], [8.16651, 13.19774], [8.17529, 13.20256], [8.17866, 13.1998], [8.17453, 13.19709], [8.16978, 13.19193], [8.16982, 13.18661], [8.16587, 13.18642], [8.15624, 13.18173], [8.14549, 13.17334], [8.12942, 13.16634], [8.12282, 13.16656], [8.12067, 13.16401], [8.11806, 13.1702], [8.11078, 13.18334], [8.10023, 13.20555], [8.09272, 13.21651], [8.08731, 13.22527], [8.08665, 13.22846], [8.09567, 13.22991], [8.10887, 13.2323], [8.12572, 13.24129], [8.13354, 13.24421], [8.14564, 13.25215], [8.16277, 13.26621]]]}, "properties": {"name": "Bumbum B", "lga": "Mai'Adua", "state": "kt"}}, {"type": "Feature", "geometry": {"type": "Polygon", "coordinates": [[[7.94488, 12.34923], [7.93369, 12.34444], [7.92261, 12.33671], [7.90545, 12.35142], [7.91642, 12.35754], [7.91321, 12.36472], [7.90559, 12.36169], [7.9003, 12.36427], [7.89388, 12.37411], [7.89259, 12.3753], [7.89897, 12.38712], [7.90583, 12.39719], [7.92317, 12.39876], [7.92338, 12.39893], [7.92743, 12.39923], [7.9406, 12.3961], [7.94314, 12.4053], [7.94967, 12.39664], [7.95119, 12.3972], [7.95233, 12.39609], [7.9529, 12.39372], [7.95432, 12.3926], [7.95604, 12.39307], [7.97039, 12.38917], [7.97686, 12.38439], [7.97643, 12.3829], [7.976, 12.38183], [7.97933, 12.38132], [7.98041, 12.38099], [7.98072, 12.37285], [7.97244, 12.36857], [7.97149, 12.36547], [7.96911, 12.36305], [7.96806, 12.36276], [7.96777, 12.36451], [7.96701, 12.3659], [7.9653, 12.36448], [7.96263, 12.36495], [7.96168, 12.36457], [7.95997, 12.36314], [7.95683, 12.36172], [7.95578, 12.35953], [7.95352, 12.35818], [7.95188, 12.35886], [7.95036, 12.35877], [7.94488, 12.34923]]]}, "properties": {"name": "Yashe A", "lga": "Kusada", "state": "kt"}}, {"type": "Feature", "geometry": {"type": "Polygon", "coordinates": [[[7.4694, 11.42044], [7.47772, 11.42827], [7.48176, 11.42753], [7.49752, 11.42558], [7.5068, 11.4266], [7.50862, 11.42894], [7.51392, 11.43442], [7.51867, 11.4353], [7.5248, 11.43586], [7.53271, 11.43621], [7.53778, 11.43397], [7.5397, 11.43181], [7.54161, 11.42818], [7.54453, 11.42291], [7.55211, 11.41966], [7.56396, 11.41465], [7.57136, 11.41426], [7.58759, 11.41437], [7.58732, 11.40167], [7.56606, 11.40431], [7.5643, 11.4012], [7.5644, 11.4005], [7.5647, 11.3998], [7.5648, 11.3994], [7.56872, 11.39676], [7.56871, 11.38107], [7.56781, 11.38053], [7.56505, 11.3778], [7.564, 11.37951], [7.56079, 11.38005], [7.56017, 11.37968], [7.55902, 11.37953], [7.55856, 11.37896], [7.553, 11.38274], [7.53212, 11.38998], [7.52519, 11.38797], [7.51928, 11.38822], [7.5208, 11.39704], [7.50041, 11.40453], [7.49893, 11.40602], [7.4988, 11.4085], [7.49672, 11.41045], [7.49046, 11.41174], [7.48578, 11.41011], [7.47613, 11.41068], [7.4694, 11.42044]]]}, "properties": {"name": "Danja A", "lga": "Danja", "state": "kt"}}, {"type": "Feature", "geometry": {"type": "Polygon", "coordinates": [[[7.63668, 11.91017], [7.63911, 11.90163], [7.63553, 11.90052], [7.61625, 11.89729], [7.6088, 11.896], [7.60039, 11.88671], [7.60241, 11.88079], [7.60375, 11.87358], [7.60559, 11.86804], [7.60193, 11.86218], [7.59577, 11.85754], [7.58629, 11.85195], [7.57611, 11.84991], [7.57318, 11.86023], [7.56465, 11.86247], [7.55576, 11.85981], [7.54488, 11.87108], [7.54009, 11.87382], [7.5379, 11.86836], [7.53177, 11.87032], [7.53042, 11.87139], [7.54165, 11.90204], [7.52549, 11.90142], [7.5115, 11.90241], [7.51249, 11.91272], [7.51227, 11.91837], [7.53851, 11.92046], [7.5373, 11.93602], [7.53087, 11.94969], [7.52428, 11.94964], [7.51752, 11.9484], [7.51657, 11.96177], [7.53549, 11.96369], [7.54461, 11.96133], [7.55403, 11.95955], [7.57121, 11.96206], [7.57291, 11.95654], [7.57468, 11.95347], [7.57745, 11.93984], [7.5836, 11.93626], [7.59121, 11.93411], [7.59593, 11.93185], [7.6003, 11.93231], [7.6055, 11.93141], [7.6071, 11.92667], [7.61236, 11.92516], [7.61747, 11.92161], [7.62231, 11.92048], [7.62629, 11.91556], [7.6309, 11.91266], [7.63512, 11.91114], [7.63668, 11.91017]]]}, "properties": {"name": "Ketare", "lga": "Kankara", "state": "kt"}}, {"type": "Feature", "geometry": {"type": "Polygon", "coordinates": [[[7.39846, 11.60098], [7.39641, 11.61692], [7.38977, 11.61515], [7.38836, 11.61806], [7.38751, 11.6199], [7.38551, 11.62315], [7.38081, 11.6417], [7.396, 11.64524], [7.39948, 11.65], [7.40625, 11.65278], [7.41233, 11.6541], [7.41899, 11.65535], [7.43304, 11.65568], [7.43631, 11.65781], [7.43608, 11.65983], [7.43715, 11.66326], [7.43867, 11.66787], [7.4438, 11.67282], [7.44622, 11.67454], [7.44621, 11.68105], [7.44439, 11.68168], [7.44481, 11.68332], [7.44462, 11.68455], [7.44459, 11.68544], [7.44788, 11.69796], [7.44889, 11.69832], [7.45027, 11.69818], [7.45437, 11.69563], [7.45893, 11.69247], [7.46188, 11.69051], [7.48049, 11.68298], [7.4821, 11.68065], [7.48852, 11.67558], [7.49299, 11.67395], [7.49501, 11.67116], [7.49879, 11.66943], [7.50406, 11.66918], [7.4961, 11.6588], [7.4831, 11.6534], [7.47552, 11.63741], [7.47287, 11.63958], [7.4595, 11.64332], [7.45149, 11.64127], [7.44681, 11.63854], [7.44147, 11.63684], [7.43672, 11.63379], [7.43232, 11.63446], [7.42541, 11.63663], [7.41751, 11.6376], [7.41324, 11.63334], [7.40874, 11.62545], [7.40803, 11.62126], [7.40807, 11.60865], [7.40862, 11.60551], [7.40837, 11.60468], [7.40775, 11.60348], [7.40686, 11.60176], [7.4037, 11.601], [7.40225, 11.60117], [7.39846, 11.60098]]]}, "properties": {"name": "Jargaba", "lga": "Bakori", "state": "kt"}}, {"type": "Feature", "geometry": {"type": "Polygon", "coordinates": [[[7.86017, 12.18256], [7.85951, 12.1788], [7.85551, 12.17677], [7.85584, 12.17279], [7.85963, 12.16951], [7.85998, 12.16292], [7.85854, 12.15934], [7.85432, 12.15667], [7.85422, 12.15514], [7.8566, 12.15077], [7.85527, 12.15012], [7.8552, 12.1471], [7.85242, 12.14613], [7.84956, 12.14492], [7.84937, 12.14111], [7.84743, 12.13769], [7.84376, 12.13497], [7.8426, 12.1292], [7.8347, 12.1236], [7.8188, 12.1181], [7.81652, 12.11987], [7.81754, 12.1275], [7.81434, 12.15279], [7.80352, 12.1522], [7.78493, 12.15468], [7.78977, 12.16115], [7.78441, 12.16801], [7.78365, 12.1702], [7.78338, 12.17189], [7.78095, 12.17778], [7.7811, 12.1821], [7.78428, 12.1905], [7.79338, 12.20586], [7.79521, 12.208], [7.79842, 12.21817], [7.81389, 12.21463], [7.81471, 12.20248], [7.82453, 12.19894], [7.83172, 12.20039], [7.84446, 12.19872], [7.86426, 12.20152], [7.86288, 12.19715], [7.86098, 12.19331], [7.86165, 12.18921], [7.86017, 12.18256]]]}, "properties": {"name": "Kira", "lga": "Musawa", "state": "kt"}}, {"type": "Feature", "geometry": {"type": "Polygon", "coordinates": [[[7.71069, 12.57928], [7.71298, 12.57963], [7.71589, 12.57963], [7.71954, 12.57799], [7.72273, 12.57782], [7.72546, 12.57858], [7.72304, 12.56542], [7.72379, 12.56323], [7.72662, 12.56039], [7.7272, 12.55844], [7.72021, 12.55495], [7.70774, 12.55203], [7.69648, 12.5518], [7.69075, 12.55382], [7.68692, 12.55545], [7.68174, 12.56067], [7.66933, 12.5684], [7.66236, 12.56746], [7.6575, 12.56376], [7.65761, 12.56305], [7.65123, 12.54681], [7.64386, 12.54182], [7.64324, 12.54155], [7.63449, 12.5488], [7.63029, 12.54968], [7.62173, 12.54979], [7.61515, 12.5625], [7.61545, 12.56622], [7.61591, 12.56789], [7.61795, 12.57104], [7.61771, 12.57481], [7.61819, 12.57663], [7.61693, 12.57919], [7.61875, 12.58351], [7.62081, 12.58432], [7.62087, 12.58754], [7.62235, 12.58977], [7.62418, 12.59239], [7.62766, 12.60001], [7.63687, 12.60651], [7.64733, 12.59591], [7.65496, 12.59175], [7.66406, 12.5868], [7.6766, 12.58886], [7.68336, 12.58166], [7.68469, 12.58255], [7.68577, 12.58369], [7.68802, 12.5832], [7.68794, 12.58158], [7.68827, 12.58028], [7.69027, 12.58134], [7.69184, 12.58092], [7.69393, 12.57955], [7.69887, 12.57855], [7.70066, 12.57971], [7.70314, 12.58072], [7.71069, 12.57928]]]}, "properties": {"name": "Tsakatsa", "lga": "Charanchi", "state": "kt"}}, {"type": "Feature", "geometry": {"type": "Polygon", "coordinates": [[[8.9545, 12.74433], [8.93476, 12.75032], [8.93129, 12.76096], [8.93529, 12.77272], [8.94034, 12.78155], [8.95651, 12.78035], [8.95733, 12.78893], [8.9582, 12.79355], [8.96238, 12.80362], [8.9461, 12.81493], [8.92661, 12.82152], [8.93342, 12.83711], [8.9381, 12.8366], [8.9444, 12.8353], [8.9492, 12.8335], [8.9535, 12.8314], [8.96, 12.8287], [8.96387, 12.84523], [8.97753, 12.83748], [8.98417, 12.8358], [8.98864, 12.83634], [8.99592, 12.84008], [9.00339, 12.8404], [9.01703, 12.84545], [9.0325, 12.84667], [9.0409, 12.84614], [9.04493, 12.82732], [9.04734, 12.81616], [9.03578, 12.81419], [9.01819, 12.80969], [9.01499, 12.80915], [8.98287, 12.80677], [8.97125, 12.7851], [8.96996, 12.77564], [8.9545, 12.74433]]]}, "properties": {"name": "Babban Mutum", "lga": "Baure", "state": "kt"}}, {"type": "Feature", "geometry": {"type": "Polygon", "coordinates": [[[7.38998, 11.37021], [7.38711, 11.37147], [7.38574, 11.3734], [7.38364, 11.37816], [7.37944, 11.38132], [7.37562, 11.39004], [7.37482, 11.39314], [7.37263, 11.39911], [7.37151, 11.40313], [7.37073, 11.40785], [7.37049, 11.4091], [7.38286, 11.41525], [7.38508, 11.41801], [7.38816, 11.42098], [7.38712, 11.43353], [7.38723, 11.44207], [7.39113, 11.44614], [7.3916, 11.45619], [7.38724, 11.47378], [7.38946, 11.48257], [7.39404, 11.49591], [7.39751, 11.5118], [7.39818, 11.51697], [7.40078, 11.52688], [7.42068, 11.52696], [7.42494, 11.53248], [7.42495, 11.54087], [7.43251, 11.53898], [7.43579, 11.53916], [7.43836, 11.52154], [7.4446, 11.5179], [7.44191, 11.49629], [7.44335, 11.48279], [7.44331, 11.4826], [7.44343, 11.4808], [7.44269, 11.47705], [7.44275, 11.47152], [7.4449, 11.46281], [7.44826, 11.45506], [7.44688, 11.44514], [7.43077, 11.44496], [7.42625, 11.445], [7.41423, 11.44647], [7.40755, 11.44664], [7.4075, 11.42998], [7.4067, 11.42711], [7.40592, 11.41316], [7.40383, 11.40568], [7.41208, 11.39618], [7.41577, 11.3959], [7.41222, 11.3934], [7.40824, 11.391], [7.40288, 11.38777], [7.40285, 11.38527], [7.39933, 11.3841], [7.39791, 11.37804], [7.39231, 11.37483], [7.38998, 11.37021]]]}, "properties": {"name": "Jiba", "lga": "Danja", "state": "kt"}}, {"type": "Feature", "geometry": {"type": "Polygon", "coordinates": [[[8.08577, 13.09708], [8.12662, 13.10643], [8.12852, 13.10165], [8.13435, 13.09706], [8.13795, 13.0921], [8.14144, 13.08808], [8.14366, 13.08259], [8.15152, 13.08068], [8.15473, 13.07604], [8.1577, 13.07081], [8.16096, 13.03845], [8.15619, 13.03572], [8.15214, 13.03027], [8.12246, 13.01645], [8.11124, 13.01339], [8.09752, 13.00679], [8.07911, 13.00668], [8.07444, 13.00949], [8.07458, 13.0101], [8.07471, 13.01279], [8.06614, 13.01558], [8.06522, 13.01693], [8.06461, 13.01969], [8.06251, 13.02805], [8.06145, 13.04441], [8.06083, 13.04862], [8.05474, 13.05264], [8.05539, 13.06964], [8.06873, 13.07771], [8.07838, 13.09158], [8.08577, 13.09708]]]}, "properties": {"name": "Sonkaya", "lga": "Mashi", "state": "kt"}}, {"type": "Feature", "geometry": {"type": "Polygon", "coordinates": [[[7.48624, 12.15698], [7.45926, 12.14627], [7.43438, 12.14244], [7.41543, 12.13571], [7.4035, 12.13389], [7.38806, 12.13588], [7.37563, 12.14609], [7.37509, 12.14909], [7.39619, 12.16459], [7.41738, 12.16351], [7.39306, 12.1934], [7.40205, 12.20351], [7.40835, 12.20744], [7.40595, 12.21241], [7.40618, 12.21844], [7.41385, 12.22893], [7.41293, 12.23665], [7.42223, 12.24294], [7.42166, 12.2473], [7.40479, 12.25823], [7.39981, 12.26357], [7.41102, 12.2743], [7.42257, 12.27644], [7.42937, 12.27049], [7.42951, 12.26887], [7.43108, 12.26615], [7.43636, 12.26696], [7.44054, 12.26724], [7.4418, 12.26602], [7.4424, 12.26376], [7.44239, 12.26048], [7.44315, 12.25757], [7.4459, 12.25763], [7.45119, 12.25864], [7.45461, 12.2593], [7.46384, 12.2589], [7.4692, 12.2469], [7.47316, 12.21658], [7.47688, 12.21185], [7.47962, 12.20769], [7.47688, 12.20459], [7.4739, 12.2039], [7.47356, 12.20237], [7.47011, 12.20045], [7.47106, 12.19768], [7.47291, 12.19294], [7.47525, 12.19272], [7.47545, 12.19629], [7.47681, 12.19656], [7.47888, 12.19042], [7.47747, 12.18926], [7.48196, 12.1825], [7.48389, 12.17929], [7.48624, 12.15698]]]}, "properties": {"name": "Yantumaki B", "lga": "Dan Musa", "state": "kt"}}, {"type": "Feature", "geometry": {"type": "Polygon", "coordinates": [[[7.72451, 11.65734], [7.72518, 11.66202], [7.7257, 11.67195], [7.73033, 11.67383], [7.74748, 11.67135], [7.7515, 11.67069], [7.75518, 11.65384], [7.75691, 11.65233], [7.77004, 11.64722], [7.77595, 11.6492], [7.78873, 11.65645], [7.78147, 11.67868], [7.807, 11.68288], [7.80704, 11.68973], [7.80541, 11.69334], [7.80269, 11.696], [7.80053, 11.69899], [7.80122, 11.70063], [7.80147, 11.70262], [7.80196, 11.7064], [7.79901, 11.71051], [7.79833, 11.71586], [7.79698, 11.71823], [7.79675, 11.72064], [7.80179, 11.72364], [7.80979, 11.72707], [7.82885, 11.73622], [7.83084, 11.73014], [7.83736, 11.7231], [7.85542, 11.70832], [7.85682, 11.70824], [7.86683, 11.71554], [7.85508, 11.73227], [7.86293, 11.73628], [7.8675, 11.74326], [7.87685, 11.7181], [7.87727, 11.71234], [7.87784, 11.71126], [7.88055, 11.7093], [7.88255, 11.70839], [7.88659, 11.70775], [7.88833, 11.70721], [7.8966, 11.69666], [7.8961, 11.69436], [7.89446, 11.69267], [7.89239, 11.69246], [7.89161, 11.69107], [7.89353, 11.6871], [7.89532, 11.6833], [7.89444, 11.67898], [7.8966, 11.67563], [7.89767, 11.67452], [7.89688, 11.67305], [7.89189, 11.66753], [7.89289, 11.66474], [7.90095, 11.66153], [7.9023, 11.65322], [7.90105, 11.64965], [7.89703, 11.64889], [7.89567, 11.65091], [7.89336, 11.65347], [7.89173, 11.65495], [7.8892, 11.6551], [7.88516, 11.65394], [7.88176, 11.65362], [7.87091, 11.65927], [7.866, 11.65272], [7.86585, 11.65139], [7.86678, 11.64996], [7.866, 11.64886], [7.86313, 11.64904], [7.86059, 11.64954], [7.85782, 11.64975], [7.85588, 11.64945], [7.8538, 11.64826], [7.85246, 11.64648], [7.85157, 11.64559], [7.84781, 11.64444], [7.84486, 11.64184], [7.84116, 11.63294], [7.83967, 11.6322], [7.83566, 11.6319], [7.83239, 11.6319], [7.82821, 11.63589], [7.82017, 11.63491], [7.81662, 11.63755], [7.81439, 11.63815], [7.79789, 11.63056], [7.79697, 11.62851], [7.79699, 11.6267], [7.79655, 11.62536], [7.79328, 11.62551], [7.79159, 11.62712], [7.78976, 11.62847], [7.78682, 11.62982], [7.78376, 11.62938], [7.77925, 11.63009], [7.76685, 11.62863], [7.75816, 11.62374], [7.74553, 11.61941], [7.73954, 11.61675], [7.73102, 11.62153], [7.72772, 11.63717], [7.72625, 11.64297], [7.72451, 11.65734]]]}, "properties": {"name": "Mahuta", "lga": "Kafur", "state": "kt"}}, {"type": "Feature", "geometry": {"type": "Polygon", "coordinates": [[[7.23657, 13.0632], [7.22831, 13.07239], [7.22361, 13.07599], [7.21392, 13.08244], [7.21381, 13.08269], [7.21279, 13.08432], [7.21061, 13.08629], [7.21021, 13.08991], [7.20857, 13.0956], [7.21461, 13.09775], [7.22172, 13.09846], [7.2226, 13.09723], [7.22229, 13.09713], [7.22158, 13.09669], [7.22103, 13.09635], [7.22395, 13.09078], [7.22491, 13.09089], [7.22501, 13.08954], [7.2249, 13.08841], [7.23703, 13.0895], [7.23787, 13.08663], [7.23799, 13.08233], [7.24514, 13.0758], [7.23657, 13.0632]]]}, "properties": {"name": "Jibia A", "lga": "Jibia", "state": "kt"}}, {"type": "Feature", "geometry": {"type": "Polygon", "coordinates": [[[6.8544, 11.59522], [6.85242, 11.61619], [6.852, 11.6207], [6.8552, 11.6419], [6.86089, 11.65322], [6.8658, 11.663], [6.869, 11.6785], [6.8743, 11.69038], [6.87791, 11.69842], [6.88115, 11.7056], [6.88076, 11.71089], [6.88396, 11.71681], [6.88443, 11.72006], [6.88443, 11.72564], [6.8855, 11.73542], [6.88397, 11.74473], [6.88558, 11.74816], [6.88582, 11.75235], [6.88308, 11.75537], [6.88255, 11.7584], [6.88623, 11.76131], [6.88778, 11.7659], [6.88974, 11.7716], [6.89195, 11.7762], [6.89147, 11.77799], [6.89132, 11.77912], [6.89263, 11.77967], [6.89388, 11.78126], [6.89538, 11.78338], [6.89608, 11.78748], [6.90223, 11.78898], [6.90039, 11.79389], [6.90081, 11.79651], [6.90125, 11.79756], [6.90221, 11.79885], [6.90986, 11.78578], [6.91438, 11.78331], [6.91985, 11.77723], [6.9196, 11.7748], [6.9189, 11.77341], [6.92015, 11.77271], [6.92213, 11.77277], [6.92344, 11.77245], [6.92448, 11.77137], [6.9247, 11.76935], [6.92496, 11.76823], [6.9279, 11.76663], [6.9293, 11.76518], [6.9288, 11.76343], [6.9287, 11.76221], [6.93257, 11.75991], [6.93325, 11.7586], [6.93334, 11.75724], [6.93337, 11.75511], [6.93639, 11.75099], [6.93976, 11.75055], [6.94183, 11.75091], [6.94433, 11.74979], [6.94704, 11.74693], [6.95021, 11.74281], [6.95158, 11.74217], [6.95348, 11.73839], [6.95678, 11.732], [6.96548, 11.72585], [6.97489, 11.71301], [6.98741, 11.7083], [6.99768, 11.70444], [7.00164, 11.70084], [7.00521, 11.69724], [7.01642, 11.6938], [7.02081, 11.69003], [7.02531, 11.68894], [7.03008, 11.68682], [7.03329, 11.68423], [7.0354, 11.68002], [7.03897, 11.67518], [7.04178, 11.67371], [7.03864, 11.66895], [7.03706, 11.66668], [7.0358, 11.66111], [7.02799, 11.64241], [7.03351, 11.62516], [7.03345, 11.60804], [7.03396, 11.60192], [7.05052, 11.59947], [7.04872, 11.59536], [7.04316, 11.58874], [7.03683, 11.58514], [7.03238, 11.58069], [7.02724, 11.57701], [7.02562, 11.5739], [7.02502, 11.5708], [7.02168, 11.56913], [7.02057, 11.56552], [7.01432, 11.55538], [7.0095, 11.55121], [7.0073, 11.54821], [7.00352, 11.53535], [6.96343, 11.51049], [6.93025, 11.49927], [6.92464, 11.49737], [6.91325, 11.49352], [6.90113, 11.49181], [6.89588, 11.5052], [6.90727, 11.5296], [6.90401, 11.55319], [6.8761, 11.5744], [6.8674, 11.5776], [6.8568, 11.589], [6.8544, 11.5952], [6.8544, 11.59522]]]}, "properties": {"name": "Sabon Layi", "lga": "Faskari", "state": "kt"}}, {"type": "Feature", "geometry": {"type": "Polygon", "coordinates": [[[7.87366, 12.86757], [7.86393, 12.87021], [7.86165, 12.87169], [7.86196, 12.87362], [7.86189, 12.87654], [7.85915, 12.87807], [7.85076, 12.88419], [7.8498, 12.89143], [7.85597, 12.89497], [7.85903, 12.89724], [7.86315, 12.89974], [7.86435, 12.90845], [7.86646, 12.91741], [7.86901, 12.91571], [7.88698, 12.90906], [7.89401, 12.90537], [7.90132, 12.89958], [7.91145, 12.8908], [7.91403, 12.88841], [7.91153, 12.88734], [7.90484, 12.88365], [7.90347, 12.88548], [7.90227, 12.88709], [7.90173, 12.88782], [7.8988, 12.8868], [7.89601, 12.88991], [7.89495, 12.88902], [7.89382, 12.88794], [7.89307, 12.88696], [7.89825, 12.88004], [7.8951, 12.8699], [7.90134, 12.85117], [7.90441, 12.84691], [7.89833, 12.84641], [7.89214, 12.84579], [7.88753, 12.84664], [7.88841, 12.86401], [7.87366, 12.86757]]]}, "properties": {"name": "Bagiwa", "lga": "Mani", "state": "kt"}}, {"type": "Feature", "geometry": {"type": "Polygon", "coordinates": [[[7.73395, 12.7241], [7.73292, 12.73411], [7.72521, 12.74686], [7.71043, 12.73511], [7.69437, 12.74013], [7.69365, 12.74887], [7.72437, 12.75308], [7.72568, 12.7516], [7.72975, 12.75298], [7.73978, 12.75695], [7.74494, 12.75964], [7.75522, 12.75161], [7.75765, 12.74985], [7.77145, 12.76103], [7.77155, 12.76216], [7.77179, 12.76482], [7.75283, 12.78533], [7.75744, 12.78881], [7.76161, 12.79115], [7.76667, 12.79692], [7.77303, 12.80336], [7.77546, 12.80452], [7.77646, 12.80689], [7.77808, 12.81382], [7.79022, 12.80944], [7.78208, 12.80437], [7.77993, 12.80058], [7.77968, 12.79519], [7.78064, 12.78626], [7.78473, 12.78008], [7.78788, 12.77285], [7.79192, 12.76472], [7.79381, 12.75503], [7.79351, 12.75449], [7.78138, 12.75585], [7.77531, 12.75709], [7.77741, 12.743], [7.78386, 12.74143], [7.79056, 12.73945], [7.79022, 12.72948], [7.78815, 12.70851], [7.78791, 12.69498], [7.78106, 12.69406], [7.77873, 12.69795], [7.77486, 12.70157], [7.77339, 12.70336], [7.76899, 12.70439], [7.75457, 12.70252], [7.75194, 12.70426], [7.75051, 12.70562], [7.75002, 12.70649], [7.74694, 12.71593], [7.73395, 12.7241]]]}, "properties": {"name": "Sabon Gari", "lga": "Rimi", "state": "kt"}}, {"type": "Feature", "geometry": {"type": "Polygon", "coordinates": [[[8.54063, 12.9998], [8.5343, 12.98111], [8.53135, 12.9691], [8.5171, 12.96509], [8.48494, 12.96045], [8.48076, 12.97674], [8.47425, 12.99584], [8.47291, 13.00092], [8.4795, 13.01492], [8.48862, 13.02936], [8.49679, 13.03085], [8.52213, 13.03033], [8.53268, 13.02442], [8.53157, 13.01258], [8.54063, 12.9998]]]}, "properties": {"name": "Sara", "lga": "Zango", "state": "kt"}}, {"type": "Feature", "geometry": {"type": "Polygon", "coordinates": [[[8.04762, 12.47289], [8.04781, 12.46968], [8.04813, 12.46818], [8.04792, 12.46762], [8.04506, 12.467], [8.04482, 12.46574], [8.04521, 12.46484], [8.05041, 12.45885], [8.05115, 12.45675], [8.04347, 12.45702], [8.02734, 12.45311], [8.02562, 12.4519], [8.01526, 12.44681], [8.01363, 12.44529], [8.00746, 12.44097], [7.99766, 12.44047], [7.98818, 12.44892], [7.99159, 12.45604], [7.99157, 12.46637], [7.99079, 12.46655], [7.9872, 12.46836], [7.9865, 12.46853], [7.98615, 12.46788], [7.98503, 12.46704], [7.98455, 12.46804], [7.98431, 12.4692], [7.98298, 12.46958], [7.97645, 12.46899], [7.9764, 12.4727], [7.9761, 12.47785], [7.9768, 12.4814], [7.9881, 12.4975], [7.98965, 12.50931], [7.98075, 12.50906], [7.98032, 12.50921], [7.97629, 12.51267], [7.97586, 12.51367], [7.97016, 12.51692], [7.96977, 12.51736], [7.96424, 12.51751], [7.96285, 12.51872], [7.96247, 12.52058], [7.96213, 12.52634], [7.96582, 12.53416], [7.9653, 12.53716], [7.97784, 12.54265], [7.98055, 12.54174], [7.98256, 12.53852], [7.98185, 12.53368], [7.98675, 12.52673], [7.99218, 12.52687], [8.00453, 12.53254], [8.0112, 12.52438], [8.01187, 12.52148], [8.01696, 12.5162], [8.01387, 12.50399], [8.01457, 12.50037], [8.02396, 12.48899], [8.03502, 12.48492], [8.04375, 12.48269], [8.04774, 12.48158], [8.05433, 12.48155], [8.05191, 12.47925], [8.04895, 12.47766], [8.04847, 12.47664], [8.04762, 12.47289]]]}, "properties": {"name": "Kaikai", "lga": "Kusada", "state": "kt"}}, {"type": "Feature", "geometry": {"type": "Polygon", "coordinates": [[[7.69448, 11.42032], [7.69664, 11.42156], [7.70097, 11.42387], [7.70569, 11.42603], [7.72235, 11.41552], [7.71951, 11.40878], [7.73095, 11.39819], [7.73999, 11.39137], [7.74504, 11.38918], [7.74818, 11.3876], [7.74898, 11.38587], [7.74989, 11.38438], [7.75036, 11.38173], [7.74934, 11.37336], [7.75067, 11.37143], [7.74159, 11.3683], [7.73013, 11.37164], [7.72049, 11.36971], [7.71775, 11.36456], [7.718, 11.36308], [7.71779, 11.36167], [7.71327, 11.34839], [7.71448, 11.34441], [7.71543, 11.34236], [7.71797, 11.33681], [7.71665, 11.33624], [7.71646, 11.33608], [7.72118, 11.32499], [7.71713, 11.32247], [7.71871, 11.32134], [7.71567, 11.31796], [7.71401, 11.31837], [7.70838, 11.3158], [7.70766, 11.31828], [7.70733, 11.3182], [7.70709, 11.31807], [7.70657, 11.31809], [7.70618, 11.31004], [7.68429, 11.30919], [7.683, 11.30938], [7.68248, 11.31317], [7.67839, 11.31066], [7.67563, 11.31828], [7.67432, 11.31899], [7.66625, 11.31834], [7.66106, 11.31793], [7.65795, 11.32], [7.65787, 11.32358], [7.65739, 11.32754], [7.6582, 11.33442], [7.65548, 11.33842], [7.65711, 11.34377], [7.65811, 11.35083], [7.65702, 11.35769], [7.66183, 11.35812], [7.6708, 11.3593], [7.67661, 11.35996], [7.68415, 11.363], [7.69863, 11.36347], [7.7028, 11.36466], [7.70494, 11.37119], [7.70869, 11.37869], [7.7072, 11.38288], [7.70645, 11.38576], [7.70515, 11.39354], [7.70297, 11.39457], [7.69896, 11.39593], [7.69516, 11.39832], [7.69254, 11.39983], [7.69203, 11.40082], [7.69216, 11.40478], [7.69028, 11.40735], [7.68951, 11.40938], [7.68904, 11.41241], [7.69081, 11.41823], [7.69448, 11.42032]]]}, "properties": {"name": "Kahuta B", "lga": "Danja", "state": "kt"}}, {"type": "Feature", "geometry": {"type": "Polygon", "coordinates": [[[7.38258, 11.94687], [7.3724, 11.94034], [7.35874, 11.93324], [7.34949, 11.93286], [7.33768, 11.94682], [7.33748, 11.95062], [7.33459, 11.95582], [7.33005, 11.96126], [7.30146, 11.96394], [7.2928, 11.9624], [7.29256, 11.96284], [7.28307, 11.97969], [7.28468, 11.99504], [7.28962, 12.00709], [7.30033, 12.01551], [7.32591, 12.02394], [7.33086, 12.02664], [7.33804, 12.03105], [7.34284, 12.03389], [7.34565, 12.04526], [7.33938, 12.06088], [7.347, 12.0871], [7.35225, 12.0941], [7.3561, 12.10106], [7.35828, 12.11509], [7.35871, 12.11783], [7.36632, 12.12084], [7.37039, 12.12097], [7.37501, 12.12697], [7.38818, 12.12899], [7.38806, 12.13588], [7.4035, 12.13389], [7.41543, 12.13571], [7.43438, 12.14244], [7.45375, 12.12944], [7.45699, 12.12514], [7.46286, 12.10925], [7.46343, 12.10332], [7.46312, 12.09712], [7.45963, 12.09254], [7.45623, 12.09036], [7.44233, 12.07884], [7.45333, 12.06522], [7.42802, 12.05677], [7.4229, 12.05014], [7.41167, 12.03543], [7.40954, 12.03508], [7.40726, 12.03571], [7.4062, 12.03709], [7.40284, 12.03689], [7.39841, 12.03668], [7.39613, 12.03724], [7.39599, 12.04177], [7.38929, 12.03954], [7.38793, 12.0401], [7.38779, 12.04114], [7.38857, 12.04184], [7.38986, 12.04184], [7.39063, 12.04252], [7.39078, 12.04337], [7.38943, 12.0447], [7.38784, 12.04469], [7.3811, 12.04797], [7.37752, 12.04463], [7.37695, 12.04575], [7.37702, 12.04756], [7.37694, 12.04933], [7.37346, 12.04972], [7.37105, 12.05125], [7.35414, 12.03912], [7.35484, 12.03786], [7.35499, 12.03654], [7.35513, 12.03536], [7.35792, 12.03367], [7.35967, 12.0309], [7.36974, 12.00775], [7.37524, 12.00685], [7.37547, 12.00544], [7.37567, 12.00448], [7.37589, 12.00307], [7.37425, 12.00235], [7.37339, 12.00183], [7.37417, 12.00057], [7.37579, 11.99967], [7.37681, 11.99848], [7.37631, 11.98969], [7.37703, 11.98865], [7.37845, 11.98788], [7.38009, 11.98732], [7.38002, 11.98627], [7.37949, 11.98557], [7.37888, 11.98446], [7.37943, 11.98344], [7.38045, 11.98345], [7.3811, 11.98199], [7.38095, 11.98034], [7.3813, 11.97895], [7.38166, 11.97672], [7.38302, 11.97774], [7.38422, 11.97818], [7.38522, 11.97755], [7.38413, 11.97527], [7.38529, 11.97454], [7.38615, 11.97342], [7.38288, 11.96836], [7.38546, 11.96422], [7.38521, 11.95657], [7.38258, 11.94687]]]}, "properties": {"name": "Gurbi", "lga": "Kankara", "state": "kt"}}, {"type": "Feature", "geometry": {"type": "Polygon", "coordinates": [[[7.8345, 12.02318], [7.86558, 12.02139], [7.86299, 12.0177], [7.85974, 12.00816], [7.85848, 12.00413], [7.85671, 12.00123], [7.8556, 12.00023], [7.8448, 11.995], [7.83468, 11.98019], [7.82935, 11.96865], [7.82334, 11.96702], [7.80029, 11.96853], [7.79629, 11.967], [7.77416, 11.96603], [7.76072, 11.97003], [7.75692, 11.97039], [7.74128, 11.97186], [7.7402, 11.9757], [7.73748, 11.97786], [7.7371, 11.9801], [7.7372, 11.9833], [7.73688, 11.98507], [7.7354, 11.9895], [7.7344, 11.9916], [7.73462, 12.0006], [7.73548, 12.00311], [7.73686, 12.00889], [7.77136, 12.01121], [7.79333, 12.01308], [7.80588, 12.01853], [7.8345, 12.02318]]]}, "properties": {"name": "Dansarai", "lga": "Malumfashi", "state": "kt"}}, {"type": "Feature", "geometry": {"type": "Polygon", "coordinates": [[[7.74941, 12.15202], [7.75008, 12.15499], [7.74928, 12.16013], [7.74924, 12.16233], [7.74856, 12.17103], [7.73941, 12.17817], [7.73736, 12.17981], [7.7353, 12.17987], [7.74885, 12.18839], [7.75592, 12.19137], [7.77512, 12.20663], [7.78127, 12.20712], [7.79338, 12.20586], [7.78428, 12.1905], [7.7811, 12.1821], [7.78095, 12.17778], [7.78338, 12.17189], [7.78365, 12.1702], [7.78441, 12.16801], [7.78977, 12.16115], [7.78493, 12.15468], [7.77598, 12.14977], [7.76758, 12.14156], [7.74941, 12.15202]]]}, "properties": {"name": "Jikamshi", "lga": "Musawa", "state": "kt"}}, {"type": "Feature", "geometry": {"type": "Polygon", "coordinates": [[[7.97645, 12.46899], [7.98298, 12.46958], [7.98431, 12.4692], [7.98455, 12.46804], [7.98503, 12.46704], [7.98615, 12.46788], [7.9865, 12.46853], [7.9872, 12.46836], [7.99079, 12.46655], [7.99157, 12.46637], [7.99159, 12.45604], [7.98818, 12.44892], [7.983, 12.44998], [7.97745, 12.44961], [7.96786, 12.44467], [7.96764, 12.4339], [7.96749, 12.4337], [7.9529, 12.43446], [7.95541, 12.42446], [7.95114, 12.416], [7.94588, 12.41836], [7.94695, 12.42159], [7.94246, 12.42939], [7.9363, 12.42967], [7.93508, 12.43256], [7.94281, 12.44969], [7.93973, 12.45741], [7.94279, 12.46071], [7.94342, 12.46212], [7.93655, 12.48198], [7.93771, 12.48331], [7.94039, 12.48303], [7.94296, 12.48498], [7.94421, 12.4842], [7.94697, 12.48609], [7.9475, 12.4853], [7.9486, 12.48422], [7.94986, 12.48339], [7.95154, 12.48347], [7.9537, 12.4838], [7.9561, 12.483], [7.9643, 12.4785], [7.96675, 12.47669], [7.97203, 12.4702], [7.97407, 12.46962], [7.97645, 12.46899]]]}, "properties": {"name": "Kusada", "lga": "Kusada", "state": "kt"}}, {"type": "Feature", "geometry": {"type": "Polygon", "coordinates": [[[7.39791, 11.37804], [7.39933, 11.3841], [7.40285, 11.38527], [7.40288, 11.38777], [7.40824, 11.391], [7.41222, 11.3934], [7.41577, 11.3959], [7.42134, 11.39548], [7.43104, 11.39435], [7.44491, 11.39477], [7.45374, 11.39098], [7.45738, 11.39182], [7.45633, 11.39513], [7.46037, 11.39615], [7.46665, 11.3972], [7.47277, 11.3976], [7.47748, 11.39657], [7.48347, 11.39566], [7.49018, 11.3944], [7.52162, 11.38483], [7.52661, 11.38392], [7.53389, 11.38413], [7.54412, 11.38224], [7.54705, 11.38092], [7.55192, 11.37329], [7.55758, 11.3697], [7.55881, 11.36951], [7.56326, 11.36765], [7.5659, 11.354], [7.5661, 11.3456], [7.5666, 11.3436], [7.56786, 11.34105], [7.56922, 11.33932], [7.57226, 11.33913], [7.57731, 11.33913], [7.58711, 11.33994], [7.59442, 11.3415], [7.5985, 11.3303], [7.60056, 11.32804], [7.60389, 11.32605], [7.6001, 11.3208], [7.59503, 11.31795], [7.59386, 11.31179], [7.58578, 11.30274], [7.58237, 11.30657], [7.57756, 11.31548], [7.57398, 11.31905], [7.56997, 11.3214], [7.56218, 11.32325], [7.55585, 11.32727], [7.55093, 11.3314], [7.54451, 11.33342], [7.53832, 11.33451], [7.53735, 11.33498], [7.53412, 11.33653], [7.5299, 11.33916], [7.5249, 11.34021], [7.52241, 11.34042], [7.52173, 11.3404], [7.52166, 11.34695], [7.52189, 11.35355], [7.5203, 11.3616], [7.51062, 11.358], [7.50563, 11.35646], [7.50367, 11.35534], [7.50114, 11.35356], [7.49636, 11.35157], [7.4895, 11.35218], [7.48298, 11.35761], [7.47745, 11.36753], [7.47723, 11.36831], [7.4725, 11.37602], [7.46772, 11.37766], [7.46764, 11.37768], [7.45437, 11.37841], [7.42757, 11.37405], [7.40545, 11.37534], [7.39791, 11.37804]]]}, "properties": {"name": "Tsangamawa", "lga": "Danja", "state": "kt"}}, {"type": "Feature", "geometry": {"type": "Polygon", "coordinates": [[[7.46113, 12.61424], [7.46395, 12.61617], [7.46727, 12.61861], [7.47012, 12.61981], [7.48608, 12.62418], [7.48963, 12.62273], [7.49561, 12.62177], [7.50909, 12.62562], [7.51098, 12.63114], [7.53107, 12.63436], [7.54409, 12.63678], [7.54412, 12.63445], [7.54171, 12.63106], [7.54057, 12.62755], [7.54091, 12.6246], [7.53829, 12.6211], [7.54051, 12.6108], [7.53818, 12.60856], [7.53892, 12.60629], [7.53886, 12.60334], [7.53709, 12.59797], [7.53876, 12.59569], [7.53966, 12.5917], [7.5372, 12.59025], [7.53749, 12.58686], [7.53681, 12.58296], [7.53551, 12.58002], [7.53338, 12.57579], [7.52991, 12.56994], [7.52641, 12.56352], [7.5193, 12.55356], [7.51402, 12.55314], [7.4983, 12.55345], [7.48412, 12.55897], [7.4829, 12.56392], [7.48187, 12.57049], [7.47817, 12.57645], [7.47434, 12.58241], [7.4736, 12.58664], [7.47069, 12.59003], [7.46774, 12.59695], [7.4663, 12.59983], [7.46784, 12.60222], [7.46698, 12.60362], [7.46276, 12.60751], [7.46379, 12.61013], [7.46356, 12.61213], [7.46113, 12.61424]]]}, "properties": {"name": "Birchi", "lga": "Kurfi", "state": "kt"}}, {"type": "Feature", "geometry": {"type": "Polygon", "coordinates": [[[7.70825, 12.25653], [7.67765, 12.24511], [7.67866, 12.24234], [7.67958, 12.23931], [7.68027, 12.23715], [7.66818, 12.23501], [7.66472, 12.23608], [7.66275, 12.23797], [7.66268, 12.24267], [7.66468, 12.24565], [7.66314, 12.25134], [7.66225, 12.25482], [7.6629, 12.25697], [7.6632, 12.2619], [7.66342, 12.2646], [7.66257, 12.26692], [7.66144, 12.2704], [7.66109, 12.27185], [7.65954, 12.27296], [7.65877, 12.274], [7.6579, 12.2756], [7.6643, 12.2792], [7.6797, 12.2812], [7.68111, 12.29075], [7.68392, 12.29424], [7.69667, 12.29752], [7.70989, 12.29663], [7.71756, 12.29002], [7.70825, 12.25653]]]}, "properties": {"name": "Matazu B", "lga": "Matazu", "state": "kt"}}, {"type": "Feature", "geometry": {"type": "Polygon", "coordinates": [[[7.23657, 13.0632], [7.24514, 13.0758], [7.24891, 13.08281], [7.24991, 13.08494], [7.24978, 13.08632], [7.24954, 13.08734], [7.27661, 13.08755], [7.28656, 13.07618], [7.2907, 13.07309], [7.29489, 13.07149], [7.29924, 13.07083], [7.30046, 13.06133], [7.28078, 13.0482], [7.25499, 13.03384], [7.21283, 13.02576], [7.2062, 13.02402], [7.19985, 13.05421], [7.23657, 13.0632]]]}, "properties": {"name": "Farfaru", "lga": "Jibia", "state": "kt"}}, {"type": "Feature", "geometry": {"type": "Polygon", "coordinates": [[[8.72169, 12.86481], [8.71458, 12.84539], [8.71295, 12.84601], [8.70894, 12.84803], [8.70494, 12.85218], [8.70292, 12.85763], [8.69508, 12.85763], [8.68842, 12.85786], [8.68646, 12.85219], [8.67661, 12.85112], [8.67157, 12.85083], [8.67271, 12.85911], [8.66616, 12.87729], [8.65958, 12.8808], [8.6259, 12.88283], [8.62627, 12.88743], [8.62824, 12.89603], [8.62866, 12.89754], [8.64392, 12.90495], [8.65216, 12.91003], [8.65106, 12.9196], [8.64299, 12.93793], [8.6382, 12.95976], [8.65452, 12.959], [8.66, 12.94833], [8.66361, 12.94333], [8.6841, 12.93716], [8.70787, 12.93001], [8.70913, 12.91906], [8.7097, 12.90836], [8.71126, 12.88918], [8.72169, 12.86481]]]}, "properties": {"name": "Kawarin Kudi", "lga": "Zango", "state": "kt"}}, {"type": "Feature", "geometry": {"type": "Polygon", "coordinates": [[[8.03357, 12.40437], [8.03025, 12.3954], [8.01304, 12.39471], [8.00242, 12.3936], [7.99928, 12.38884], [7.99899, 12.38665], [7.99884, 12.3841], [7.99713, 12.38295], [7.99547, 12.38189], [7.99338, 12.38132], [7.99262, 12.38047], [7.98919, 12.3758], [7.98763, 12.37477], [7.98729, 12.37276], [7.98614, 12.37285], [7.98376, 12.3719], [7.98253, 12.37247], [7.98281, 12.37495], [7.98119, 12.37533], [7.98043, 12.37782], [7.98024, 12.37912], [7.98041, 12.38099], [7.97933, 12.38132], [7.976, 12.38183], [7.97643, 12.3829], [7.97686, 12.38439], [7.97557, 12.38476], [7.97448, 12.38666], [7.96483, 12.39112], [7.96269, 12.39047], [7.96036, 12.39121], [7.95851, 12.39251], [7.95604, 12.39307], [7.95432, 12.3926], [7.9529, 12.39372], [7.95233, 12.39609], [7.95119, 12.3972], [7.94967, 12.39664], [7.94314, 12.4053], [7.9435, 12.4065], [7.94392, 12.4073], [7.9449, 12.4091], [7.93978, 12.41027], [7.94588, 12.41836], [7.95114, 12.416], [7.95541, 12.42446], [7.9529, 12.43446], [7.96749, 12.4337], [7.96764, 12.4339], [7.96786, 12.44467], [7.97745, 12.44961], [7.983, 12.44998], [7.98818, 12.44892], [7.98793, 12.44297], [7.98391, 12.43427], [7.97694, 12.42684], [7.96711, 12.42159], [7.96666, 12.41138], [7.97392, 12.40574], [7.97959, 12.40866], [7.98505, 12.40837], [7.99135, 12.41896], [7.99943, 12.42388], [8.00058, 12.43194], [8.00784, 12.43722], [8.01462, 12.43584], [8.02383, 12.4212], [8.02197, 12.42092], [8.02126, 12.41949], [8.02058, 12.41654], [8.01993, 12.41397], [8.03357, 12.40437]]]}, "properties": {"name": "Bauranya", "lga": "Kusada", "state": "kt"}}, {"type": "Feature", "geometry": {"type": "Polygon", "coordinates": [[[7.86558, 12.02139], [7.8345, 12.02318], [7.8263, 12.04983], [7.82202, 12.05534], [7.81898, 12.05785], [7.81738, 12.06518], [7.81274, 12.08168], [7.83268, 12.08885], [7.84135, 12.093], [7.84175, 12.11005], [7.82665, 12.11507], [7.82296, 12.11953], [7.8347, 12.1236], [7.84096, 12.1275], [7.8426, 12.1292], [7.84376, 12.13497], [7.84743, 12.13769], [7.84937, 12.14111], [7.84956, 12.14492], [7.85242, 12.14613], [7.8552, 12.1471], [7.86547, 12.13999], [7.86484, 12.13494], [7.86319, 12.13197], [7.86322, 12.12161], [7.86421, 12.11833], [7.86632, 12.1174], [7.8696, 12.11552], [7.87089, 12.11433], [7.87132, 12.11284], [7.86732, 12.10137], [7.86946, 12.09635], [7.869, 12.0955], [7.86718, 12.09474], [7.86704, 12.09307], [7.86982, 12.09021], [7.86994, 12.0864], [7.86823, 12.08263], [7.87236, 12.07568], [7.87564, 12.06508], [7.87574, 12.0616], [7.87771, 12.05016], [7.87979, 12.04434], [7.86987, 12.02752], [7.86558, 12.02139]]]}, "properties": {"name": "Tabanni-Yarraddau", "lga": "Musawa", "state": "kt"}}, {"type": "Feature", "geometry": {"type": "Polygon", "coordinates": [[[7.34949, 11.93286], [7.35874, 11.93324], [7.3724, 11.94034], [7.38258, 11.94687], [7.38201, 11.94498], [7.38281, 11.94416], [7.38209, 11.9426], [7.38304, 11.94074], [7.38187, 11.93981], [7.38144, 11.93702], [7.38166, 11.93061], [7.38736, 11.92805], [7.39704, 11.91338], [7.39918, 11.91215], [7.40626, 11.90808], [7.41296, 11.90528], [7.42184, 11.85676], [7.41831, 11.85113], [7.42173, 11.84021], [7.41724, 11.82751], [7.41884, 11.8187], [7.42649, 11.81435], [7.41725, 11.80314], [7.41256, 11.80602], [7.40923, 11.80712], [7.40536, 11.80725], [7.40485, 11.80926], [7.40274, 11.81105], [7.40029, 11.81122], [7.39915, 11.81228], [7.39898, 11.81602], [7.3939, 11.81831], [7.39356, 11.82233], [7.39182, 11.82336], [7.38869, 11.82392], [7.38593, 11.8228], [7.38452, 11.82039], [7.38365, 11.82029], [7.38137, 11.82187], [7.3768, 11.82448], [7.37519, 11.82513], [7.373, 11.82215], [7.37119, 11.8215], [7.36853, 11.82131], [7.36568, 11.82169], [7.36411, 11.8229], [7.36206, 11.82604], [7.36095, 11.82805], [7.35896, 11.82908], [7.35636, 11.83044], [7.35391, 11.83137], [7.35294, 11.8326], [7.35265, 11.83495], [7.34609, 11.83509], [7.344, 11.83825], [7.34277, 11.83955], [7.34132, 11.84177], [7.33896, 11.84346], [7.33754, 11.84346], [7.33599, 11.84286], [7.33457, 11.84453], [7.33393, 11.84683], [7.32786, 11.84627], [7.32102, 11.85332], [7.31959, 11.85374], [7.31382, 11.85486], [7.31282, 11.85416], [7.31189, 11.85276], [7.31111, 11.85165], [7.3099, 11.8513], [7.30876, 11.85123], [7.30754, 11.85214], [7.30554, 11.8541], [7.30248, 11.85702], [7.30216, 11.8621], [7.30393, 11.8637], [7.30377, 11.86791], [7.30291, 11.86923], [7.31476, 11.86994], [7.34828, 11.87644], [7.34869, 11.88979], [7.34562, 11.89663], [7.34331, 11.90606], [7.34399, 11.91981], [7.34907, 11.92975], [7.34949, 11.93286]]]}, "properties": {"name": "Mabai", "lga": "Kankara", "state": "kt"}}, {"type": "Feature", "geometry": {"type": "Polygon", "coordinates": [[[7.55042, 11.74037], [7.56405, 11.73591], [7.57544, 11.72551], [7.5807, 11.71427], [7.58157, 11.70775], [7.59436, 11.682], [7.59539, 11.67827], [7.59778, 11.67167], [7.59857, 11.6628], [7.60013, 11.65819], [7.60062, 11.65196], [7.6055, 11.64871], [7.60563, 11.64743], [7.60435, 11.64575], [7.60948, 11.63272], [7.61219, 11.62871], [7.61391, 11.6268], [7.61013, 11.62663], [7.60482, 11.62747], [7.60049, 11.62819], [7.59672, 11.63009], [7.59284, 11.63339], [7.58976, 11.63523], [7.58514, 11.63568], [7.5807, 11.63627], [7.574, 11.63375], [7.57222, 11.63247], [7.57076, 11.63012], [7.56803, 11.62747], [7.56415, 11.6249], [7.55953, 11.62115], [7.55702, 11.61879], [7.55292, 11.61935], [7.5507, 11.62535], [7.55405, 11.64463], [7.55346, 11.64748], [7.54665, 11.65183], [7.5441, 11.65389], [7.54124, 11.65568], [7.53963, 11.65632], [7.53166, 11.65737], [7.53508, 11.6594], [7.53603, 11.6603], [7.53717, 11.66163], [7.53579, 11.66301], [7.5354, 11.6634], [7.5358, 11.6662], [7.53314, 11.67024], [7.52917, 11.66817], [7.52203, 11.67193], [7.53304, 11.67835], [7.54378, 11.69153], [7.55042, 11.74037]]]}, "properties": {"name": "Kuringafa", "lga": "Kafur", "state": "kt"}}, {"type": "Feature", "geometry": {"type": "Polygon", "coordinates": [[[8.18228, 12.81247], [8.17628, 12.83492], [8.17966, 12.84873], [8.17998, 12.8526], [8.16697, 12.85499], [8.16052, 12.85812], [8.15967, 12.86574], [8.15386, 12.88394], [8.15683, 12.89097], [8.15832, 12.90865], [8.15865, 12.90887], [8.16358, 12.91219], [8.16863, 12.91258], [8.17365, 12.91392], [8.17867, 12.91376], [8.18513, 12.90897], [8.19142, 12.90698], [8.18819, 12.90387], [8.18442, 12.90421], [8.18263, 12.90149], [8.17703, 12.8932], [8.18388, 12.89211], [8.19033, 12.89967], [8.20885, 12.88998], [8.21021, 12.88879], [8.21058, 12.88481], [8.21363, 12.87922], [8.21388, 12.86527], [8.21306, 12.86387], [8.21717, 12.853], [8.22603, 12.85228], [8.23041, 12.84452], [8.23209, 12.84405], [8.23917, 12.83959], [8.24361, 12.83679], [8.2419, 12.8292], [8.24212, 12.82614], [8.23012, 12.82616], [8.21096, 12.81752], [8.20075, 12.81643], [8.19247, 12.8157], [8.18789, 12.81442], [8.18228, 12.81247]]]}, "properties": {"name": "Dan Aunai", "lga": "Dutsi", "state": "kt"}}, {"type": "Feature", "geometry": {"type": "Polygon", "coordinates": [[[8.4296, 12.87951], [8.40788, 12.87232], [8.40347, 12.87128], [8.38407, 12.87054], [8.38116, 12.87101], [8.3771, 12.87201], [8.37407, 12.89158], [8.37321, 12.89849], [8.39202, 12.9045], [8.40118, 12.9243], [8.41705, 12.91684], [8.41797, 12.91622], [8.4138, 12.9125], [8.4141, 12.9014], [8.4242, 12.8961], [8.4248, 12.896], [8.42633, 12.89602], [8.42816, 12.89598], [8.42936, 12.89615], [8.42835, 12.89743], [8.42915, 12.89841], [8.43005, 12.90386], [8.43469, 12.90342], [8.4352, 12.9009], [8.4332, 12.8999], [8.42997, 12.89009], [8.4296, 12.87951]]]}, "properties": {"name": "Fago A", "lga": "Sandamu", "state": "kt"}}, {"type": "Feature", "geometry": {"type": "Polygon", "coordinates": [[[7.31946, 12.24997], [7.32067, 12.24844], [7.32288, 12.24865], [7.32373, 12.24788], [7.32338, 12.24635], [7.32302, 12.24433], [7.32423, 12.24328], [7.32694, 12.24314], [7.32701, 12.24119], [7.32894, 12.24008], [7.33193, 12.23987], [7.33486, 12.24015], [7.33643, 12.23931], [7.33971, 12.24057], [7.3432, 12.24043], [7.34706, 12.26119], [7.3496, 12.26799], [7.35009, 12.26951], [7.34815, 12.27655], [7.3472, 12.28261], [7.34972, 12.28683], [7.35077, 12.28906], [7.35257, 12.29561], [7.35348, 12.29891], [7.35418, 12.30401], [7.35398, 12.30628], [7.35478, 12.30765], [7.36736, 12.30713], [7.3765, 12.30783], [7.37836, 12.30365], [7.38116, 12.30376], [7.38424, 12.30454], [7.38658, 12.3036], [7.38984, 12.30017], [7.39139, 12.29663], [7.38978, 12.29147], [7.38907, 12.29001], [7.38853, 12.28787], [7.39133, 12.27904], [7.39759, 12.26608], [7.39981, 12.26357], [7.40479, 12.25823], [7.42166, 12.2473], [7.42223, 12.24294], [7.41293, 12.23665], [7.41385, 12.22893], [7.40618, 12.21844], [7.40595, 12.21241], [7.40835, 12.20744], [7.40205, 12.20351], [7.39306, 12.1934], [7.38408, 12.19382], [7.38375, 12.19363], [7.38267, 12.19374], [7.37495, 12.19257], [7.371, 12.19067], [7.36933, 12.19088], [7.36449, 12.19309], [7.35415, 12.19065], [7.35391, 12.19249], [7.34937, 12.20109], [7.34229, 12.20015], [7.34146, 12.19977], [7.33733, 12.20212], [7.3372, 12.20717], [7.33597, 12.20841], [7.33517, 12.21399], [7.33365, 12.21777], [7.33059, 12.218], [7.3294, 12.21698], [7.32826, 12.21679], [7.3125, 12.21709], [7.31314, 12.21933], [7.31457, 12.22093], [7.31509, 12.22348], [7.315, 12.22599], [7.31581, 12.22859], [7.31771, 12.23054], [7.31795, 12.23245], [7.3178, 12.23454], [7.31685, 12.23612], [7.31552, 12.23835], [7.31429, 12.23965], [7.3131, 12.23983], [7.31172, 12.23821], [7.31001, 12.23691], [7.30892, 12.23722], [7.30805, 12.23788], [7.30813, 12.23949], [7.30832, 12.24156], [7.30271, 12.25102], [7.30385, 12.25308], [7.30563, 12.25231], [7.30652, 12.25245], [7.30672, 12.25376], [7.30814, 12.25337], [7.30951, 12.25175], [7.31008, 12.25008], [7.31946, 12.24997]]]}, "properties": {"name": "Mara B", "lga": "Dan Musa", "state": "kt"}}, {"type": "Feature", "geometry": {"type": "Polygon", "coordinates": [[[8.53135, 12.9691], [8.5343, 12.98111], [8.54063, 12.9998], [8.55588, 12.99123], [8.59716, 12.99387], [8.6017, 12.98462], [8.59814, 12.96549], [8.59441, 12.95022], [8.60724, 12.95002], [8.61005, 12.93882], [8.60351, 12.92201], [8.60087, 12.92155], [8.59456, 12.923], [8.59281, 12.92853], [8.58953, 12.93313], [8.58607, 12.9369], [8.57578, 12.93883], [8.56584, 12.93457], [8.56277, 12.93505], [8.55992, 12.9382], [8.55852, 12.95699], [8.55329, 12.95638], [8.54252, 12.95827], [8.53135, 12.9691]]]}, "properties": {"name": "Kanda", "lga": "Zango", "state": "kt"}}, {"type": "Feature", "geometry": {"type": "Polygon", "coordinates": [[[8.08665, 13.22846], [8.08419, 13.2402], [8.0807, 13.2549], [8.07682, 13.26233], [8.06913, 13.27752], [8.06601, 13.28926], [8.06223, 13.2996], [8.06207, 13.31018], [8.06204, 13.3168], [8.12222, 13.30361], [8.12333, 13.30305], [8.12472, 13.29861], [8.13055, 13.29083], [8.14139, 13.28055], [8.14958, 13.27505], [8.16277, 13.26621], [8.14564, 13.25215], [8.13354, 13.24421], [8.12572, 13.24129], [8.10887, 13.2323], [8.09567, 13.22991], [8.08665, 13.22846]]]}, "properties": {"name": "Bumbum A", "lga": "Mai'Adua", "state": "kt"}}, {"type": "Feature", "geometry": {"type": "Polygon", "coordinates": [[[7.50406, 11.66918], [7.50604, 11.66935], [7.50867, 11.66732], [7.51271, 11.66458], [7.5149, 11.66528], [7.51556, 11.6649], [7.51751, 11.66258], [7.52074, 11.66239], [7.52511, 11.66293], [7.52579, 11.66238], [7.53166, 11.65737], [7.53963, 11.65632], [7.54124, 11.65568], [7.5441, 11.65389], [7.54665, 11.65183], [7.55346, 11.64748], [7.55405, 11.64463], [7.55133, 11.62633], [7.54463, 11.62252], [7.53968, 11.61177], [7.53704, 11.60056], [7.53505, 11.59911], [7.53277, 11.599], [7.52865, 11.59824], [7.51759, 11.60201], [7.5167, 11.6017], [7.5149, 11.6016], [7.5112, 11.6003], [7.49137, 11.5891], [7.48996, 11.58815], [7.4886, 11.58634], [7.4826, 11.5864], [7.4724, 11.5812], [7.46616, 11.57498], [7.46106, 11.57236], [7.45982, 11.57572], [7.4596, 11.57751], [7.45795, 11.57946], [7.45626, 11.58011], [7.46363, 11.58675], [7.46304, 11.60231], [7.46706, 11.61436], [7.47262, 11.62469], [7.47775, 11.63559], [7.47552, 11.63741], [7.4813, 11.6509], [7.4818, 11.6519], [7.4831, 11.6534], [7.4849, 11.6545], [7.4961, 11.6588], [7.50406, 11.66918]]]}, "properties": {"name": "Tsiga", "lga": "Bakori", "state": "kt"}}, {"type": "Feature", "geometry": {"type": "Polygon", "coordinates": [[[7.79842, 12.21817], [7.79521, 12.208], [7.79338, 12.20586], [7.78127, 12.20712], [7.77512, 12.20663], [7.75592, 12.19137], [7.74885, 12.18839], [7.7353, 12.17987], [7.73555, 12.18183], [7.73629, 12.18298], [7.7353, 12.18368], [7.7297, 12.18379], [7.72968, 12.17945], [7.72229, 12.17859], [7.72284, 12.18852], [7.72146, 12.19428], [7.72111, 12.19937], [7.71766, 12.20469], [7.71318, 12.21037], [7.71106, 12.21409], [7.707, 12.22236], [7.70268, 12.23304], [7.71555, 12.23304], [7.71711, 12.23764], [7.7191, 12.24117], [7.72053, 12.2437], [7.71572, 12.24556], [7.7232, 12.2458], [7.72771, 12.24594], [7.73579, 12.24745], [7.73941, 12.24956], [7.74268, 12.25236], [7.74589, 12.25491], [7.74949, 12.25924], [7.75321, 12.26848], [7.75695, 12.2676], [7.78316, 12.26551], [7.7899, 12.26946], [7.79887, 12.264], [7.79878, 12.25957], [7.79497, 12.25141], [7.78344, 12.24905], [7.77855, 12.24666], [7.777, 12.2297], [7.79842, 12.21817]]]}, "properties": {"name": "Kogari", "lga": "Matazu", "state": "kt"}}, {"type": "Feature", "geometry": {"type": "Polygon", "coordinates": [[[7.98399, 12.57705], [7.98901, 12.56237], [7.99929, 12.55809], [8.00461, 12.55489], [8.00745, 12.55214], [8.01225, 12.55398], [8.01686, 12.55524], [8.01937, 12.54594], [8.00508, 12.53592], [8.005, 12.53585], [8.00453, 12.53254], [7.99218, 12.52687], [7.98675, 12.52673], [7.98185, 12.53368], [7.98256, 12.53852], [7.98055, 12.54174], [7.97784, 12.54265], [7.9653, 12.53716], [7.95774, 12.54079], [7.95386, 12.54109], [7.9521, 12.55228], [7.9508, 12.55199], [7.94032, 12.55069], [7.94346, 12.55839], [7.93808, 12.56434], [7.93175, 12.56829], [7.93168, 12.5728], [7.93272, 12.57763], [7.94575, 12.59183], [7.94955, 12.59398], [7.95444, 12.59517], [7.96214, 12.58864], [7.95626, 12.58064], [7.96249, 12.57722], [7.97379, 12.57554], [7.98399, 12.57705]]]}, "properties": {"name": "Duddunni", "lga": "Kusada", "state": "kt"}}, {"type": "Feature", "geometry": {"type": "Polygon", "coordinates": [[[8.31161, 12.90925], [8.31248, 12.8735], [8.32196, 12.86581], [8.31396, 12.86288], [8.30733, 12.86121], [8.2909, 12.86116], [8.26279, 12.85649], [8.26096, 12.86176], [8.2599, 12.86492], [8.25825, 12.87113], [8.2506, 12.87991], [8.25297, 12.88148], [8.25375, 12.88281], [8.25816, 12.88942], [8.26024, 12.89335], [8.26317, 12.89888], [8.26403, 12.90069], [8.26636, 12.90043], [8.26876, 12.90121], [8.27343, 12.90093], [8.29719, 12.91066], [8.29866, 12.9106], [8.31161, 12.90925]]]}, "properties": {"name": "Daneji A", "lga": "Sandamu", "state": "kt"}}, {"type": "Feature", "geometry": {"type": "Polygon", "coordinates": [[[7.9274, 12.75154], [7.92733, 12.7616], [7.93095, 12.7824], [7.93495, 12.80127], [7.93879, 12.80133], [7.94829, 12.80056], [7.95412, 12.80105], [7.95283, 12.81547], [7.95176, 12.82313], [7.96474, 12.82447], [7.98118, 12.8114], [7.99122, 12.80691], [8.00553, 12.80548], [8.00548, 12.80192], [8.00494, 12.79217], [8.00348, 12.78647], [8.00063, 12.77083], [7.99983, 12.75999], [7.98927, 12.75509], [7.98926, 12.75509], [7.97668, 12.75345], [7.96746, 12.75362], [7.94478, 12.75433], [7.93149, 12.7525], [7.9274, 12.75154]]]}, "properties": {"name": "Giremawa", "lga": "Bindawa", "state": "kt"}}, {"type": "Feature", "geometry": {"type": "Polygon", "coordinates": [[[7.25198, 11.42373], [7.24856, 11.42895], [7.24461, 11.42908], [7.2444, 11.4312], [7.2449, 11.43422], [7.2454, 11.43679], [7.24661, 11.43645], [7.2489, 11.436], [7.2514, 11.4361], [7.2553, 11.4371], [7.2704, 11.4469], [7.2734, 11.4426], [7.27809, 11.43954], [7.27964, 11.43382], [7.2794, 11.43103], [7.27945, 11.42702], [7.2785, 11.42511], [7.2766, 11.41919], [7.28, 11.4189], [7.28485, 11.41713], [7.2939, 11.41192], [7.29709, 11.40768], [7.29911, 11.40464], [7.29513, 11.38542], [7.29502, 11.38423], [7.2993, 11.38134], [7.30168, 11.37962], [7.29791, 11.37045], [7.27602, 11.38742], [7.27474, 11.39328], [7.27456, 11.39823], [7.27456, 11.40213], [7.27166, 11.40452], [7.2689, 11.40759], [7.26207, 11.41104], [7.25755, 11.41758], [7.25198, 11.42373]]]}, "properties": {"name": "Mahuta A", "lga": "Dandume", "state": "kt"}}, {"type": "Feature", "geometry": {"type": "Polygon", "coordinates": [[[7.77428, 13.10107], [7.77293, 13.10039], [7.76094, 13.08943], [7.75096, 13.07431], [7.73677, 13.07628], [7.73049, 13.08294], [7.72674, 13.09118], [7.72247, 13.1068], [7.72395, 13.1133], [7.72189, 13.11849], [7.72005, 13.12231], [7.71808, 13.12568], [7.70779, 13.12595], [7.70585, 13.14045], [7.71204, 13.14362], [7.71393, 13.14727], [7.71601, 13.15197], [7.72641, 13.1587], [7.73766, 13.16078], [7.74137, 13.15907], [7.75126, 13.15405], [7.76136, 13.14038], [7.76555, 13.13386], [7.77084, 13.11808], [7.77349, 13.11129], [7.77428, 13.10107]]]}, "properties": {"name": "Kaita", "lga": "Kaita", "state": "kt"}}, {"type": "Feature", "geometry": {"type": "Polygon", "coordinates": [[[7.72229, 12.17859], [7.72968, 12.17945], [7.7297, 12.18379], [7.7353, 12.18368], [7.73629, 12.18298], [7.73555, 12.18183], [7.7353, 12.17987], [7.73736, 12.17981], [7.73941, 12.17817], [7.74856, 12.17103], [7.74924, 12.16233], [7.74928, 12.16013], [7.75008, 12.15499], [7.74941, 12.15202], [7.73133, 12.13295], [7.73333, 12.12988], [7.7207, 12.1226], [7.7191, 12.1189], [7.71578, 12.11731], [7.71208, 12.10619], [7.71942, 12.08427], [7.71629, 12.07037], [7.72888, 12.06542], [7.72827, 12.06073], [7.71664, 12.06168], [7.71122, 12.04996], [7.70834, 12.04213], [7.69093, 12.04653], [7.67791, 12.05003], [7.67392, 12.05058], [7.67099, 12.04996], [7.67052, 12.05394], [7.66656, 12.06039], [7.6895, 12.079], [7.6774, 12.103], [7.674, 12.1142], [7.68536, 12.11488], [7.69383, 12.12859], [7.6905, 12.16231], [7.7108, 12.16708], [7.71844, 12.17192], [7.72229, 12.17859]]]}, "properties": {"name": "Danjanku-Karachi", "lga": "Musawa", "state": "kt"}}, {"type": "Feature", "geometry": {"type": "Polygon", "coordinates": [[[7.0886, 11.36606], [7.0859, 11.36107], [7.07756, 11.33331], [7.0775, 11.33324], [7.06925, 11.3181], [7.069, 11.31513], [7.06903, 11.31512], [7.06318, 11.31233], [7.05616, 11.30998], [7.04831, 11.3085], [7.03844, 11.29736], [7.02892, 11.29499], [7.02524, 11.2918], [7.02459, 11.28858], [7.01964, 11.2851], [7.01546, 11.28338], [7.00698, 11.27672], [6.99757, 11.27588], [6.98879, 11.27527], [6.99348, 11.27876], [6.99699, 11.28109], [7.0087, 11.29384], [7.00875, 11.30444], [7.00773, 11.30865], [7.00757, 11.31099], [7.00872, 11.31462], [7.00962, 11.33091], [7.00819, 11.34075], [7.0099, 11.3474], [7.01225, 11.34643], [7.01342, 11.34601], [7.01363, 11.34923], [7.00619, 11.36179], [7.00267, 11.36177], [6.99563, 11.36057], [7.00112, 11.37439], [7.02241, 11.37254], [7.03931, 11.36831], [7.04069, 11.36857], [7.04475, 11.36917], [7.0621, 11.37846], [7.07525, 11.37991], [7.0886, 11.36606]]]}, "properties": {"name": "Sayau", "lga": "Sabuwa", "state": "kt"}}, {"type": "Feature", "geometry": {"type": "Polygon", "coordinates": [[[8.2317, 13.1812], [8.23576, 13.18249], [8.24584, 13.18132], [8.24432, 13.17006], [8.24054, 13.1533], [8.23028, 13.14525], [8.22437, 13.14767], [8.21478, 13.17311], [8.21441, 13.17903], [8.2142, 13.18193], [8.2146, 13.1818], [8.2216, 13.1815], [8.2244, 13.1829], [8.2236, 13.1836], [8.2241, 13.184], [8.2282, 13.1845], [8.2279, 13.1832], [8.22829, 13.18138], [8.22865, 13.17991], [8.2317, 13.1812]]]}, "properties": {"name": "Mai'adua A", "lga": "Mai'Adua", "state": "kt"}}, {"type": "Feature", "geometry": {"type": "Polygon", "coordinates": [[[7.64238, 13.0549], [7.63544, 13.03662], [7.63711, 13.03147], [7.63839, 13.02571], [7.63832, 13.0095], [7.63176, 13.00962], [7.62563, 13.00977], [7.62468, 13.00787], [7.61693, 13.0116], [7.6176, 13.01225], [7.6169, 13.01321], [7.60851, 13.01371], [7.60282, 13.00922], [7.60458, 13.00245], [7.60512, 12.99821], [7.60459, 12.99801], [7.60384, 12.99769], [7.60481, 12.99484], [7.60127, 12.99217], [7.59935, 12.99387], [7.5988, 12.99155], [7.59699, 12.99476], [7.598, 12.99486], [7.59886, 12.99498], [7.60089, 13.00012], [7.59702, 13.00175], [7.5968, 13.00218], [7.59631, 13.00328], [7.59576, 13.00377], [7.5955, 13.00608], [7.59601, 13.00642], [7.59673, 13.00655], [7.59632, 13.00851], [7.59622, 13.01186], [7.59403, 13.01626], [7.59415, 13.01844], [7.59365, 13.0275], [7.58872, 13.03073], [7.58519, 13.03315], [7.57562, 13.04381], [7.57596, 13.05314], [7.57659, 13.05762], [7.57675, 13.05797], [7.60051, 13.06148], [7.60054, 13.06149], [7.60338, 13.06038], [7.60996, 13.05932], [7.61818, 13.0575], [7.64238, 13.0549]]]}, "properties": {"name": "Gabas 3", "lga": "Katsina", "state": "kt"}}, {"type": "Feature", "geometry": {"type": "Polygon", "coordinates": [[[8.46563, 12.92336], [8.45259, 12.91], [8.44866, 12.90421], [8.44776, 12.89957], [8.44739, 12.89123], [8.4296, 12.87951], [8.42997, 12.89009], [8.4332, 12.8999], [8.4352, 12.9009], [8.43469, 12.90342], [8.43005, 12.90386], [8.42915, 12.89841], [8.42835, 12.89743], [8.42936, 12.89615], [8.4242, 12.8961], [8.4141, 12.9014], [8.4138, 12.9125], [8.41797, 12.91622], [8.42314, 12.92043], [8.42828, 12.92473], [8.42847, 12.93167], [8.4288, 12.93253], [8.43012, 12.93559], [8.43135, 12.94174], [8.4388, 12.94872], [8.44449, 12.94048], [8.44702, 12.93874], [8.44711, 12.93858], [8.4488, 12.93746], [8.45081, 12.93403], [8.45166, 12.93301], [8.4542, 12.92845], [8.46563, 12.92336]]]}, "properties": {"name": "Katsayal", "lga": "Sandamu", "state": "kt"}}, {"type": "Feature", "geometry": {"type": "Polygon", "coordinates": [[[7.39512, 12.72964], [7.39507, 12.73782], [7.39477, 12.74286], [7.39498, 12.74884], [7.3984, 12.75343], [7.4024, 12.76254], [7.40288, 12.76998], [7.4026, 12.7721], [7.4013, 12.78115], [7.40533, 12.79257], [7.4083, 12.7958], [7.41264, 12.80246], [7.41988, 12.79852], [7.42982, 12.7932], [7.43892, 12.7886], [7.44672, 12.78182], [7.45752, 12.7775], [7.48482, 12.77667], [7.50285, 12.77417], [7.50534, 12.76843], [7.50422, 12.76104], [7.49838, 12.75448], [7.48665, 12.75589], [7.4855, 12.7498], [7.49632, 12.74698], [7.50791, 12.74003], [7.51347, 12.73617], [7.52016, 12.73204], [7.51453, 12.71887], [7.51043, 12.718], [7.50651, 12.71773], [7.50061, 12.71805], [7.49728, 12.72019], [7.48786, 12.72151], [7.48208, 12.7257], [7.47919, 12.72781], [7.47467, 12.72805], [7.47077, 12.7273], [7.46433, 12.72425], [7.45086, 12.72313], [7.44665, 12.72251], [7.43909, 12.72], [7.43561, 12.71993], [7.43404, 12.72459], [7.42819, 12.72431], [7.42236, 12.72269], [7.41801, 12.7231], [7.40869, 12.7281], [7.40059, 12.73017], [7.39512, 12.72964]]]}, "properties": {"name": "Tsauri B", "lga": "Kurfi", "state": "kt"}}, {"type": "Feature", "geometry": {"type": "Polygon", "coordinates": [[[7.24426, 12.80007], [7.2478, 12.7926], [7.25239, 12.78723], [7.26475, 12.77849], [7.26772, 12.77562], [7.26739, 12.76625], [7.26522, 12.7492], [7.26496, 12.74458], [7.2428, 12.74372], [7.23852, 12.74001], [7.2347, 12.7363], [7.2336, 12.7342], [7.23206, 12.72903], [7.22674, 12.72853], [7.22761, 12.72693], [7.2301, 12.7241], [7.22494, 12.71767], [7.2229, 12.7152], [7.21729, 12.71986], [7.21491, 12.71738], [7.21201, 12.72237], [7.21137, 12.72376], [7.21172, 12.72598], [7.21218, 12.72841], [7.2165, 12.7346], [7.21745, 12.7397], [7.21713, 12.74361], [7.21663, 12.75297], [7.22125, 12.75946], [7.22464, 12.77224], [7.22634, 12.77698], [7.22531, 12.77891], [7.2243, 12.78874], [7.22786, 12.78985], [7.23207, 12.79152], [7.23876, 12.79616], [7.24426, 12.80007]]]}, "properties": {"name": "Batsari", "lga": "Batsari", "state": "kt"}}, {"type": "Feature", "geometry": {"type": "Polygon", "coordinates": [[[7.83894, 12.62096], [7.83397, 12.62196], [7.8299, 12.62713], [7.80027, 12.62487], [7.80041, 12.6279], [7.7996, 12.63512], [7.8127, 12.636], [7.812, 12.6508], [7.8098, 12.6618], [7.8244, 12.6594], [7.82497, 12.67258], [7.8247, 12.6747], [7.8167, 12.6725], [7.81499, 12.6844], [7.81683, 12.69329], [7.81697, 12.69621], [7.823, 12.69631], [7.83014, 12.69426], [7.83835, 12.69438], [7.84901, 12.68842], [7.84686, 12.6758], [7.84723, 12.67427], [7.84999, 12.67336], [7.8602, 12.67885], [7.86067, 12.67862], [7.86539, 12.67488], [7.86552, 12.67467], [7.86413, 12.66202], [7.8728, 12.65626], [7.87292, 12.65383], [7.86892, 12.64964], [7.86743, 12.64774], [7.85972, 12.64367], [7.84792, 12.6446], [7.84994, 12.63474], [7.84621, 12.62757], [7.83894, 12.62096]]]}, "properties": {"name": "Kamri", "lga": "Bindawa", "state": "kt"}}, {"type": "Feature", "geometry": {"type": "Polygon", "coordinates": [[[8.66389, 12.72577], [8.65103, 12.7276], [8.65185, 12.73312], [8.63627, 12.73732], [8.60383, 12.73727], [8.60084, 12.74818], [8.63136, 12.75545], [8.62055, 12.77362], [8.62073, 12.78256], [8.62969, 12.78561], [8.63423, 12.78917], [8.64735, 12.78266], [8.66174, 12.7841], [8.66905, 12.79231], [8.67027, 12.80329], [8.66002, 12.81899], [8.67062, 12.82724], [8.68308, 12.83115], [8.69276, 12.82582], [8.706, 12.82271], [8.70603, 12.81908], [8.70608, 12.81646], [8.70798, 12.81165], [8.71012, 12.80661], [8.71271, 12.79958], [8.72813, 12.80368], [8.72863, 12.79974], [8.72863, 12.78663], [8.72759, 12.78495], [8.72663, 12.7757], [8.71344, 12.77131], [8.70861, 12.77298], [8.70386, 12.77195], [8.69634, 12.7722], [8.6928, 12.74189], [8.68973, 12.73311], [8.68664, 12.7288], [8.66389, 12.72577]]]}, "properties": {"name": "Dankum", "lga": "Baure", "state": "kt"}}, {"type": "Feature", "geometry": {"type": "Polygon", "coordinates": [[[7.85933, 11.77722], [7.86058, 11.76799], [7.86085, 11.762], [7.86762, 11.75641], [7.8694, 11.75001], [7.86905, 11.74553], [7.8675, 11.74326], [7.86293, 11.73628], [7.85508, 11.73227], [7.86683, 11.71554], [7.85682, 11.70824], [7.85542, 11.70832], [7.83736, 11.7231], [7.83084, 11.73014], [7.82885, 11.73622], [7.80979, 11.72707], [7.80179, 11.72364], [7.79675, 11.72064], [7.7826, 11.7195], [7.76331, 11.72199], [7.7492, 11.71978], [7.74663, 11.71973], [7.73046, 11.72076], [7.72964, 11.74087], [7.73508, 11.76653], [7.7362, 11.77106], [7.73835, 11.77978], [7.747, 11.7728], [7.75406, 11.77209], [7.75403, 11.7739], [7.75513, 11.7739], [7.757, 11.7739], [7.7578, 11.7739], [7.7674, 11.7708], [7.78232, 11.76975], [7.7829, 11.76745], [7.78979, 11.76698], [7.79472, 11.76679], [7.79471, 11.76917], [7.82003, 11.76794], [7.82022, 11.77248], [7.82534, 11.7727], [7.82931, 11.77241], [7.83205, 11.77277], [7.83794, 11.77447], [7.83763, 11.77673], [7.84878, 11.78063], [7.85087, 11.77519], [7.85933, 11.77722]]]}, "properties": {"name": "Dantutture", "lga": "Kafur", "state": "kt"}}, {"type": "Feature", "geometry": {"type": "Polygon", "coordinates": [[[8.41797, 12.91622], [8.41705, 12.91684], [8.40118, 12.9243], [8.40746, 12.94172], [8.4067, 12.94333], [8.40501, 12.94591], [8.40239, 12.95276], [8.40333, 12.9613], [8.40873, 12.97536], [8.40906, 12.97562], [8.4112, 12.97728], [8.41129, 12.97735], [8.41212, 12.97701], [8.41306, 12.97659], [8.41588, 12.97542], [8.4156, 12.97051], [8.41547, 12.9618], [8.40815, 12.9625], [8.4083, 12.96214], [8.4083, 12.96198], [8.40851, 12.96076], [8.40864, 12.96078], [8.41011, 12.96066], [8.41213, 12.95898], [8.41521, 12.95876], [8.42219, 12.95854], [8.4252, 12.95932], [8.42498, 12.96061], [8.42601, 12.96549], [8.42719, 12.96843], [8.4297, 12.97469], [8.43689, 12.97457], [8.44063, 12.97051], [8.4467, 12.9539], [8.45668, 12.95081], [8.45668, 12.94829], [8.45839, 12.94285], [8.47032, 12.92628], [8.46563, 12.92336], [8.4542, 12.92845], [8.45166, 12.93301], [8.45081, 12.93403], [8.4488, 12.93746], [8.44711, 12.93858], [8.44702, 12.93874], [8.44449, 12.94048], [8.4388, 12.94872], [8.43135, 12.94174], [8.43012, 12.93559], [8.4288, 12.93253], [8.42847, 12.93167], [8.42828, 12.92473], [8.42314, 12.92043], [8.41797, 12.91622]]]}, "properties": {"name": "Kagare", "lga": "Sandamu", "state": "kt"}}, {"type": "Feature", "geometry": {"type": "Polygon", "coordinates": [[[7.071, 11.4439], [7.08572, 11.43042], [7.10615, 11.42864], [7.11007, 11.42024], [7.1118, 11.41264], [7.10866, 11.40542], [7.10618, 11.39117], [7.10439, 11.37986], [7.11132, 11.37818], [7.11671, 11.37058], [7.115, 11.36233], [7.0886, 11.36606], [7.07525, 11.37991], [7.0621, 11.37846], [7.04475, 11.36917], [7.04069, 11.36857], [7.03931, 11.36831], [7.03577, 11.3824], [7.04109, 11.39611], [7.04781, 11.4138], [7.05304, 11.42821], [7.05984, 11.43563], [7.06852, 11.44199], [7.071, 11.4439]]]}, "properties": {"name": "Damari", "lga": "Sabuwa", "state": "kt"}}, {"type": "Feature", "geometry": {"type": "Polygon", "coordinates": [[[7.74941, 12.15202], [7.76758, 12.14156], [7.76694, 12.12044], [7.75884, 12.09954], [7.75646, 12.08764], [7.75471, 12.0789], [7.73775, 12.0783], [7.73313, 12.07724], [7.72888, 12.06542], [7.71629, 12.07037], [7.71942, 12.08427], [7.71208, 12.10619], [7.71578, 12.11731], [7.7191, 12.1189], [7.7207, 12.1226], [7.73333, 12.12988], [7.73133, 12.13295], [7.74941, 12.15202]]]}, "properties": {"name": "Kurkujan B", "lga": "Musawa", "state": "kt"}}, {"type": "Feature", "geometry": {"type": "Polygon", "coordinates": [[[8.79422, 12.76228], [8.78225, 12.75257], [8.76438, 12.74115], [8.75667, 12.75083], [8.74843, 12.76198], [8.73375, 12.76901], [8.72663, 12.7757], [8.72759, 12.78495], [8.72863, 12.78663], [8.72863, 12.79974], [8.72813, 12.80368], [8.71271, 12.79958], [8.71012, 12.80661], [8.70798, 12.81165], [8.70608, 12.81646], [8.70603, 12.81908], [8.706, 12.82271], [8.71186, 12.83425], [8.71892, 12.83431], [8.72842, 12.8317], [8.72893, 12.8306], [8.73087, 12.8256], [8.73656, 12.81594], [8.74293, 12.81527], [8.75315, 12.81347], [8.75602, 12.81421], [8.76113, 12.81156], [8.76607, 12.80912], [8.76654, 12.80857], [8.77037, 12.79851], [8.77151, 12.79252], [8.77292, 12.78669], [8.7713, 12.78041], [8.78959, 12.77798], [8.78756, 12.7672], [8.79422, 12.76228]]]}, "properties": {"name": "Mudiri", "lga": "Baure", "state": "kt"}}, {"type": "Feature", "geometry": {"type": "Polygon", "coordinates": [[[8.16052, 12.85812], [8.15194, 12.85531], [8.14651, 12.85368], [8.13683, 12.8516], [8.13599, 12.856], [8.13172, 12.85907], [8.09428, 12.85741], [8.09226, 12.86448], [8.08703, 12.86407], [8.07998, 12.86379], [8.0784, 12.86442], [8.07715, 12.86491], [8.07352, 12.87728], [8.07568, 12.87917], [8.08392, 12.88374], [8.08758, 12.88764], [8.09319, 12.89364], [8.08987, 12.91474], [8.09907, 12.91624], [8.10656, 12.91815], [8.11678, 12.91746], [8.11943, 12.91055], [8.12586, 12.90333], [8.12694, 12.89796], [8.13415, 12.8893], [8.15265, 12.89206], [8.15643, 12.89168], [8.15683, 12.89097], [8.15386, 12.88394], [8.15967, 12.86574], [8.16052, 12.85812]]]}, "properties": {"name": "Yamel A", "lga": "Dutsi", "state": "kt"}}, {"type": "Feature", "geometry": {"type": "Polygon", "coordinates": [[[7.71059, 12.89687], [7.70406, 12.89577], [7.70307, 12.89629], [7.69841, 12.90092], [7.69411, 12.90202], [7.68198, 12.89473], [7.68722, 12.89006], [7.68993, 12.88443], [7.69958, 12.88319], [7.70411, 12.87487], [7.70379, 12.86753], [7.70065, 12.86549], [7.69249, 12.86155], [7.68003, 12.8656], [7.67666, 12.86296], [7.66812, 12.85417], [7.66265, 12.85203], [7.64771, 12.85913], [7.64743, 12.86141], [7.65194, 12.86974], [7.65378, 12.87788], [7.65572, 12.87873], [7.65654, 12.884], [7.65766, 12.88424], [7.65742, 12.88623], [7.65556, 12.88925], [7.65607, 12.89705], [7.66595, 12.90181], [7.66984, 12.90591], [7.67292, 12.90767], [7.66741, 12.91694], [7.68217, 12.92343], [7.68629, 12.92664], [7.69272, 12.93096], [7.69486, 12.93156], [7.69807, 12.93108], [7.70093, 12.92882], [7.70274, 12.92766], [7.70488, 12.92598], [7.70616, 12.92192], [7.70773, 12.9197], [7.71189, 12.9125], [7.71499, 12.90941], [7.71059, 12.89687]]]}, "properties": {"name": "Abukur", "lga": "Rimi", "state": "kt"}}, {"type": "Feature", "geometry": {"type": "Polygon", "coordinates": [[[7.99622, 13.15839], [7.98984, 13.15863], [7.97199, 13.16102], [7.9696, 13.1612], [7.97319, 13.20899], [7.97838, 13.21288], [7.98648, 13.21807], [7.9925, 13.22001], [8.01186, 13.21915], [8.01894, 13.22122], [8.022, 13.22273], [8.02598, 13.22743], [8.03425, 13.21955], [8.03089, 13.21445], [8.02977, 13.21129], [8.02518, 13.20434], [8.02174, 13.1945], [8.01704, 13.19008], [8.0099, 13.18882], [7.99555, 13.17971], [7.99494, 13.1691], [7.99619, 13.15937], [7.99622, 13.15839]]]}, "properties": {"name": "Doguru B", "lga": "Mashi", "state": "kt"}}, {"type": "Feature", "geometry": {"type": "Polygon", "coordinates": [[[7.87872, 13.11513], [7.87897, 13.12168], [7.87093, 13.1286], [7.84853, 13.14157], [7.82901, 13.14888], [7.82978, 13.15764], [7.82933, 13.16118], [7.82908, 13.16266], [7.83434, 13.16363], [7.86087, 13.17412], [7.88244, 13.1814], [7.88443, 13.18337], [7.88209, 13.19531], [7.89003, 13.20654], [7.88126, 13.21445], [7.87313, 13.20322], [7.86765, 13.20115], [7.86252, 13.19989], [7.85325, 13.19933], [7.84932, 13.20329], [7.84812, 13.20785], [7.85547, 13.21378], [7.86498, 13.21664], [7.86903, 13.21944], [7.86861, 13.22365], [7.86165, 13.224], [7.84874, 13.22587], [7.85529, 13.23527], [7.86115, 13.24014], [7.86478, 13.24209], [7.87381, 13.24406], [7.88435, 13.24718], [7.93274, 13.24652], [7.94433, 13.2403], [7.94579, 13.22103], [7.94638, 13.2175], [7.93865, 13.21554], [7.93838, 13.21284], [7.93768, 13.20914], [7.93799, 13.2024], [7.93909, 13.19917], [7.93927, 13.19313], [7.94207, 13.18659], [7.94213, 13.18248], [7.93873, 13.17811], [7.9332, 13.17409], [7.9314, 13.1723], [7.9248, 13.17251], [7.92211, 13.15606], [7.91943, 13.1506], [7.91869, 13.14519], [7.91384, 13.14451], [7.90947, 13.13861], [7.90802, 13.13608], [7.90419, 13.12765], [7.89868, 13.12475], [7.87872, 13.11513]]]}, "properties": {"name": "Ba'awa", "lga": "Kaita", "state": "kt"}}, {"type": "Feature", "geometry": {"type": "Polygon", "coordinates": [[[8.10727, 12.78071], [8.11284, 12.77482], [8.1199, 12.75739], [8.11988, 12.75166], [8.11963, 12.75112], [8.11227, 12.74054], [8.1123, 12.73826], [8.11044, 12.73479], [8.12029, 12.72917], [8.11571, 12.72098], [8.11362, 12.71841], [8.10984, 12.71894], [8.09913, 12.72224], [8.09673, 12.7183], [8.09471, 12.71346], [8.07928, 12.7122], [8.07741, 12.72224], [8.06972, 12.73543], [8.06246, 12.74343], [8.05967, 12.74812], [8.06588, 12.76281], [8.06648, 12.76431], [8.06756, 12.76771], [8.08197, 12.76777], [8.09785, 12.76811], [8.10038, 12.77121], [8.10418, 12.7768], [8.10727, 12.78071]]]}, "properties": {"name": "Yandoma", "lga": "Ingawa", "state": "kt"}}, {"type": "Feature", "geometry": {"type": "Polygon", "coordinates": [[[7.43438, 12.14244], [7.45926, 12.14627], [7.48624, 12.15698], [7.49753, 12.15577], [7.50636, 12.15962], [7.51789, 12.16536], [7.52426, 12.1694], [7.5309, 12.17936], [7.53729, 12.17923], [7.54129, 12.17879], [7.5383, 12.15737], [7.53442, 12.13001], [7.53459, 12.1222], [7.52965, 12.11797], [7.52768, 12.1127], [7.52521, 12.10742], [7.49672, 12.08953], [7.49431, 12.08555], [7.48339, 12.09355], [7.47646, 12.09508], [7.47376, 12.09549], [7.46312, 12.09712], [7.46343, 12.10332], [7.46286, 12.10925], [7.45699, 12.12514], [7.45375, 12.12944], [7.43438, 12.14244]]]}, "properties": {"name": "Dan Ali", "lga": "Dan Musa", "state": "kt"}}, {"type": "Feature", "geometry": {"type": "Polygon", "coordinates": [[[8.0052, 13.07368], [8.00729, 13.07251], [8.01248, 13.06961], [8.00624, 13.05867], [8.00392, 13.05447], [8.00827, 13.05074], [8.00562, 13.04326], [8.00427, 13.03619], [8.0047, 13.02775], [7.99621, 13.02323], [7.99097, 13.01822], [7.98831, 13.01735], [7.98272, 13.01672], [7.97862, 13.02161], [7.97163, 13.01623], [7.96595, 13.0081], [7.9589, 13.00441], [7.95603, 13.0017], [7.94611, 12.99957], [7.93228, 12.99538], [7.92434, 12.99809], [7.91955, 12.99996], [7.90804, 13.00383], [7.90549, 13.0056], [7.89319, 13.01483], [7.89037, 13.01597], [7.88127, 13.02777], [7.87586, 13.03932], [7.87558, 13.04939], [7.88138, 13.04908], [7.89046, 13.05005], [7.89548, 13.05194], [7.9008, 13.06902], [7.90427, 13.06624], [7.90687, 13.06493], [7.91096, 13.06498], [7.91656, 13.067], [7.92506, 13.07225], [7.92959, 13.07756], [7.92829, 13.08384], [7.93844, 13.10982], [7.96021, 13.10598], [7.9599, 13.09808], [7.96005, 13.0946], [7.95284, 13.07251], [7.95129, 13.06902], [7.97001, 13.06109], [7.98038, 13.06705], [7.98572, 13.07043], [7.99229, 13.07045], [7.99779, 13.07104], [8.0052, 13.07368]]]}, "properties": {"name": "Gana Jigawa", "lga": "Mashi", "state": "kt"}}, {"type": "Feature", "geometry": {"type": "Polygon", "coordinates": [[[8.60084, 12.74818], [8.59441, 12.76622], [8.59368, 12.77189], [8.59305, 12.77734], [8.5882, 12.79444], [8.5871, 12.80272], [8.58906, 12.80862], [8.58535, 12.81258], [8.584, 12.81359], [8.57403, 12.82047], [8.56394, 12.82527], [8.56319, 12.83414], [8.55215, 12.83182], [8.55228, 12.84453], [8.55306, 12.8661], [8.56488, 12.86941], [8.57211, 12.85952], [8.57689, 12.86267], [8.57541, 12.86827], [8.58486, 12.87319], [8.5934, 12.86259], [8.60195, 12.8676], [8.60466, 12.86927], [8.6078, 12.8736], [8.6259, 12.88283], [8.62495, 12.8726], [8.61989, 12.86541], [8.61632, 12.85204], [8.62589, 12.84142], [8.62799, 12.83428], [8.62532, 12.82625], [8.61871, 12.81576], [8.61063, 12.80468], [8.61882, 12.78479], [8.62073, 12.78256], [8.62055, 12.77362], [8.63136, 12.75545], [8.60084, 12.74818]]]}, "properties": {"name": "Yanduna", "lga": "Baure", "state": "kt"}}, {"type": "Feature", "geometry": {"type": "Polygon", "coordinates": [[[7.15812, 12.07438], [7.18235, 12.06329], [7.21112, 12.06084], [7.30003, 12.07067], [7.30908, 12.07356], [7.31316, 12.07152], [7.31795, 12.07275], [7.33341, 12.07571], [7.33717, 12.07141], [7.34143, 12.07013], [7.34075, 12.06704], [7.33938, 12.06088], [7.34565, 12.04526], [7.34284, 12.03389], [7.33804, 12.03105], [7.33086, 12.02664], [7.32591, 12.02394], [7.30033, 12.01551], [7.28962, 12.00709], [7.28468, 11.99504], [7.28307, 11.97969], [7.29256, 11.96284], [7.2928, 11.9624], [7.30146, 11.96394], [7.33005, 11.96126], [7.33459, 11.95582], [7.33748, 11.95062], [7.33768, 11.94682], [7.34949, 11.93286], [7.34907, 11.92975], [7.34399, 11.91981], [7.34331, 11.90606], [7.34562, 11.89663], [7.34869, 11.88979], [7.34828, 11.87644], [7.31476, 11.86994], [7.30291, 11.86923], [7.29892, 11.87202], [7.28957, 11.87879], [7.28675, 11.88121], [7.2858, 11.88291], [7.28572, 11.88472], [7.28351, 11.88598], [7.28045, 11.88905], [7.27852, 11.89163], [7.27867, 11.894], [7.27895, 11.89659], [7.27612, 11.8994], [7.27442, 11.90094], [7.27336, 11.90191], [7.26589, 11.91219], [7.26427, 11.91444], [7.26034, 11.91661], [7.25806, 11.91905], [7.25632, 11.9247], [7.25264, 11.92919], [7.24657, 11.93256], [7.2438, 11.93886], [7.24085, 11.94203], [7.23788, 11.94554], [7.23118, 11.94944], [7.22554, 11.95223], [7.22351, 11.95177], [7.22232, 11.94959], [7.22032, 11.94976], [7.21975, 11.95144], [7.22047, 11.95685], [7.22047, 11.96092], [7.21394, 11.9624], [7.21106, 11.96417], [7.21097, 11.96991], [7.20971, 11.97414], [7.20954, 11.97593], [7.21192, 11.97972], [7.2108, 11.98546], [7.20822, 11.98802], [7.2055, 11.98903], [7.20176, 11.98948], [7.19881, 11.99017], [7.19762, 11.99129], [7.19729, 11.99264], [7.1969, 11.99839], [7.19539, 11.99943], [7.19367, 12.00041], [7.19197, 12.00155], [7.19015, 12.0016], [7.18849, 12.00155], [7.18598, 12.00199], [7.18438, 12.00372], [7.18284, 12.00612], [7.18045, 12.00791], [7.17651, 12.00835], [7.17474, 12.01014], [7.17298, 12.01215], [7.17161, 12.01427], [7.17121, 12.01728], [7.17052, 12.02035], [7.16003, 12.02197], [7.1566, 12.02342], [7.15387, 12.02559], [7.15358, 12.02777], [7.1533, 12.02961], [7.15221, 12.03106], [7.15031, 12.03149], [7.14867, 12.03302], [7.15031, 12.04181], [7.14868, 12.04335], [7.14732, 12.04746], [7.14653, 12.0522], [7.14568, 12.0568], [7.14346, 12.06398], [7.1414, 12.0651], [7.13976, 12.06384], [7.13755, 12.06193], [7.13469, 12.0635], [7.1317, 12.06489], [7.13027, 12.06839], [7.13641, 12.06935], [7.13904, 12.07005], [7.13969, 12.06824], [7.14161, 12.06789], [7.14275, 12.0704], [7.14603, 12.07096], [7.14781, 12.07019], [7.1506, 12.07026], [7.15188, 12.07165], [7.15266, 12.07354], [7.15812, 12.07438]]]}, "properties": {"name": "Zango", "lga": "Kankara", "state": "kt"}}, {"type": "Feature", "geometry": {"type": "Polygon", "coordinates": [[[8.13683, 12.8516], [8.13991, 12.83391], [8.13045, 12.83303], [8.1303, 12.8302], [8.1303, 12.8285], [8.1324, 12.8197], [8.12965, 12.81438], [8.1162, 12.80257], [8.10829, 12.80478], [8.09501, 12.81025], [8.09428, 12.85741], [8.13172, 12.85907], [8.13599, 12.856], [8.13683, 12.8516]]]}, "properties": {"name": "Dutsi B", "lga": "Dutsi", "state": "kt"}}, {"type": "Feature", "geometry": {"type": "Polygon", "coordinates": [[[8.04282, 12.57134], [8.05655, 12.58485], [8.05915, 12.58908], [8.05959, 12.59224], [8.06146, 12.5927], [8.07035, 12.59392], [8.08105, 12.59393], [8.09045, 12.58358], [8.0845, 12.5696], [8.08398, 12.56708], [8.09817, 12.56347], [8.10161, 12.56254], [8.11817, 12.56315], [8.12082, 12.54568], [8.11669, 12.54252], [8.10989, 12.52638], [8.10863, 12.52336], [8.11248, 12.5208], [8.11765, 12.52085], [8.12022, 12.52095], [8.12186, 12.52053], [8.12403, 12.51741], [8.12471, 12.51668], [8.12198, 12.51234], [8.11991, 12.50844], [8.12326, 12.5029], [8.12201, 12.49826], [8.12533, 12.49529], [8.11442, 12.49], [8.10532, 12.48798], [8.09745, 12.48484], [8.0861, 12.4767], [8.082, 12.4735], [8.0812, 12.4715], [8.0807, 12.4681], [8.0779, 12.4677], [8.0734, 12.4674], [8.06546, 12.46596], [8.04762, 12.47289], [8.04847, 12.47664], [8.04895, 12.47766], [8.05191, 12.47925], [8.05433, 12.48155], [8.05369, 12.48395], [8.05297, 12.48697], [8.05337, 12.48764], [8.05444, 12.48799], [8.05633, 12.48875], [8.05719, 12.4898], [8.05815, 12.49178], [8.05886, 12.50699], [8.0574, 12.51294], [8.05687, 12.51705], [8.05786, 12.51905], [8.06239, 12.52394], [8.06203, 12.52718], [8.06084, 12.529], [8.06161, 12.5301], [8.06282, 12.53041], [8.06396, 12.5301], [8.06528, 12.52982], [8.06638, 12.53083], [8.06685, 12.53243], [8.06717, 12.53581], [8.0672, 12.53676], [8.06082, 12.53884], [8.04477, 12.53924], [8.03259, 12.54648], [8.04349, 12.55842], [8.04437, 12.56151], [8.04282, 12.57134]]]}, "properties": {"name": "Manomawa", "lga": "Ingawa", "state": "kt"}}, {"type": "Feature", "geometry": {"type": "Polygon", "coordinates": [[[8.15392, 12.72399], [8.14454, 12.72126], [8.14333, 12.71533], [8.15273, 12.69283], [8.15389, 12.6906], [8.14753, 12.68325], [8.14012, 12.68164], [8.11196, 12.67062], [8.10756, 12.67733], [8.10299, 12.68346], [8.09941, 12.69233], [8.09881, 12.69319], [8.11785, 12.69656], [8.11846, 12.70279], [8.11616, 12.71056], [8.11362, 12.71841], [8.11571, 12.72098], [8.12029, 12.72917], [8.11044, 12.73479], [8.1123, 12.73826], [8.11227, 12.74054], [8.11963, 12.75112], [8.11988, 12.75166], [8.1199, 12.75739], [8.12692, 12.75676], [8.13303, 12.75673], [8.13459, 12.7568], [8.13462, 12.75611], [8.13387, 12.75606], [8.13383, 12.75461], [8.13426, 12.75426], [8.13591, 12.74905], [8.13753, 12.74481], [8.14579, 12.73653], [8.14833, 12.73503], [8.15392, 12.72399]]]}, "properties": {"name": "Dara", "lga": "Ingawa", "state": "kt"}}, {"type": "Feature", "geometry": {"type": "Polygon", "coordinates": [[[8.31854, 13.0367], [8.31687, 13.03635], [8.31748, 13.03957], [8.3247, 13.0413], [8.325, 13.0415], [8.33421, 13.04645], [8.33314, 13.04183], [8.33343, 13.03849], [8.32963, 13.03892], [8.3293, 13.03685], [8.32416, 13.03601], [8.32391, 13.03726], [8.32355, 13.03855], [8.31854, 13.0367]]]}, "properties": {"name": "Kusugu", "lga": "Daura", "state": "kt"}}, {"type": "Feature", "geometry": {"type": "Polygon", "coordinates": [[[8.32196, 12.86581], [8.31248, 12.8735], [8.31161, 12.90925], [8.32755, 12.91306], [8.33654, 12.91676], [8.34317, 12.92051], [8.34518, 12.92366], [8.36016, 12.93083], [8.36991, 12.94254], [8.37747, 12.93026], [8.37296, 12.92516], [8.3713, 12.91857], [8.3702, 12.91033], [8.37321, 12.89849], [8.37407, 12.89158], [8.3771, 12.87201], [8.3624, 12.8745], [8.35232, 12.87618], [8.34598, 12.87441], [8.33699, 12.87061], [8.32196, 12.86581]]]}, "properties": {"name": "Rade A", "lga": "Sandamu", "state": "kt"}}, {"type": "Feature", "geometry": {"type": "Polygon", "coordinates": [[[7.13852, 11.45834], [7.14282, 11.47019], [7.1436, 11.47071], [7.14499, 11.47116], [7.1548, 11.47454], [7.15908, 11.48021], [7.16512, 11.49236], [7.16683, 11.49146], [7.1745, 11.48853], [7.1812, 11.49444], [7.18519, 11.49861], [7.18977, 11.50069], [7.19354, 11.50055], [7.19514, 11.50057], [7.19655, 11.49969], [7.19859, 11.49892], [7.20472, 11.49646], [7.20206, 11.49317], [7.20477, 11.48827], [7.21845, 11.48473], [7.23018, 11.48437], [7.23031, 11.48436], [7.23333, 11.48424], [7.23515, 11.48293], [7.23596, 11.48139], [7.23608, 11.47928], [7.23428, 11.46863], [7.23693, 11.46779], [7.24245, 11.46865], [7.23955, 11.46257], [7.24133, 11.43772], [7.23211, 11.43712], [7.2254, 11.4473], [7.2167, 11.4491], [7.2089, 11.4472], [7.20752, 11.45249], [7.20065, 11.45181], [7.197, 11.4433], [7.1896, 11.4457], [7.18913, 11.44562], [7.18552, 11.445], [7.1744, 11.4433], [7.1658, 11.4483], [7.1648, 11.4494], [7.1633, 11.4515], [7.159, 11.45532], [7.15528, 11.45446], [7.14958, 11.45036], [7.14802, 11.4539], [7.14483, 11.4563], [7.13852, 11.45834]]]}, "properties": {"name": "Maikwama", "lga": "Dandume", "state": "kt"}}, {"type": "Feature", "geometry": {"type": "Polygon", "coordinates": [[[7.17666, 11.5763], [7.17584, 11.58408], [7.17386, 11.58798], [7.17335, 11.59317], [7.17092, 11.59869], [7.18663, 11.59179], [7.1925, 11.58788], [7.20166, 11.58587], [7.20822, 11.5879], [7.21307, 11.58811], [7.21744, 11.58793], [7.22141, 11.58671], [7.22498, 11.58685], [7.23234, 11.58826], [7.23598, 11.5889], [7.25572, 11.58064], [7.25514, 11.56541], [7.25486, 11.55922], [7.24986, 11.534], [7.25268, 11.53003], [7.25628, 11.52405], [7.25429, 11.52013], [7.24444, 11.51754], [7.24477, 11.51285], [7.24524, 11.50905], [7.24642, 11.50794], [7.24117, 11.50611], [7.2386, 11.50417], [7.23682, 11.49998], [7.24568, 11.4807], [7.24615, 11.47654], [7.24554, 11.47316], [7.24688, 11.46952], [7.24484, 11.46927], [7.24245, 11.46865], [7.23693, 11.46779], [7.23428, 11.46863], [7.23608, 11.47928], [7.23596, 11.48139], [7.23515, 11.48293], [7.23333, 11.48424], [7.23031, 11.48436], [7.23018, 11.48437], [7.21845, 11.48473], [7.20477, 11.48827], [7.20206, 11.49317], [7.20472, 11.49646], [7.19859, 11.49892], [7.19655, 11.49969], [7.19514, 11.50057], [7.19354, 11.50055], [7.18977, 11.50069], [7.18519, 11.49861], [7.18748, 11.50698], [7.18734, 11.50858], [7.18784, 11.51145], [7.18777, 11.51432], [7.18692, 11.51778], [7.18602, 11.52113], [7.18453, 11.5249], [7.17975, 11.53154], [7.17618, 11.53836], [7.17644, 11.54198], [7.177, 11.54427], [7.17458, 11.54743], [7.17536, 11.54938], [7.17472, 11.55267], [7.17422, 11.55658], [7.17501, 11.55965], [7.17707, 11.56026], [7.17672, 11.56161], [7.17529, 11.56706], [7.17666, 11.5763]]]}, "properties": {"name": "Dukke", "lga": "Funtua", "state": "kt"}}, {"type": "Feature", "geometry": {"type": "Polygon", "coordinates": [[[7.40078, 11.52688], [7.40263, 11.52999], [7.40249, 11.5357], [7.40453, 11.53638], [7.39873, 11.54417], [7.39729, 11.54735], [7.39735, 11.54912], [7.3974, 11.55073], [7.39823, 11.55325], [7.39887, 11.55569], [7.40084, 11.55942], [7.40318, 11.56197], [7.40572, 11.56771], [7.40829, 11.57095], [7.40962, 11.57168], [7.41983, 11.56671], [7.42418, 11.56297], [7.42483, 11.56191], [7.42399, 11.55635], [7.42494, 11.53248], [7.42068, 11.52696], [7.40078, 11.52688]]]}, "properties": {"name": "Bakori A", "lga": "Bakori", "state": "kt"}}, {"type": "Feature", "geometry": {"type": "Polygon", "coordinates": [[[7.35408, 12.40785], [7.35261, 12.39835], [7.34257, 12.38801], [7.33686, 12.3828], [7.31746, 12.37964], [7.29562, 12.36923], [7.27675, 12.36877], [7.24136, 12.36373], [7.23113, 12.37183], [7.18005, 12.45431], [7.17997, 12.45447], [7.18006, 12.45453], [7.1961, 12.46956], [7.20087, 12.47562], [7.20776, 12.48004], [7.22103, 12.49234], [7.22859, 12.50277], [7.25462, 12.51335], [7.27782, 12.5176], [7.28061, 12.51856], [7.28441, 12.52072], [7.32175, 12.52391], [7.3455, 12.52226], [7.34944, 12.51896], [7.34402, 12.50469], [7.34695, 12.4934], [7.33543, 12.47559], [7.33455, 12.46523], [7.33322, 12.46484], [7.33241, 12.46314], [7.3303, 12.46137], [7.34573, 12.42313], [7.35408, 12.40785]]]}, "properties": {"name": "Runka A", "lga": "Safana", "state": "kt"}}, {"type": "Feature", "geometry": {"type": "Polygon", "coordinates": [[[8.1199, 12.75739], [8.11284, 12.77482], [8.10727, 12.78071], [8.10438, 12.78425], [8.09797, 12.78839], [8.099, 12.79173], [8.10122, 12.79446], [8.10242, 12.79713], [8.10544, 12.79841], [8.10698, 12.80052], [8.10812, 12.80125], [8.10818, 12.80188], [8.10775, 12.80425], [8.10829, 12.80478], [8.1162, 12.80257], [8.13123, 12.81623], [8.14163, 12.81102], [8.12784, 12.80111], [8.12792, 12.79683], [8.1523, 12.79683], [8.15237, 12.7959], [8.15247, 12.79456], [8.15494, 12.78576], [8.16149, 12.76979], [8.16287, 12.76392], [8.16714, 12.75669], [8.17211, 12.75115], [8.18017, 12.75611], [8.18088, 12.75365], [8.18196, 12.75033], [8.18007, 12.75], [8.17918, 12.74849], [8.18051, 12.74331], [8.1849, 12.73507], [8.18513, 12.73247], [8.16679, 12.72895], [8.16333, 12.72705], [8.15918, 12.72672], [8.15392, 12.72399], [8.14833, 12.73503], [8.14579, 12.73653], [8.13753, 12.74481], [8.13591, 12.74905], [8.13426, 12.75426], [8.13383, 12.75461], [8.13387, 12.75606], [8.13462, 12.75611], [8.13459, 12.7568], [8.13303, 12.75673], [8.12692, 12.75676], [8.1199, 12.75739]]]}, "properties": {"name": "Agayawa", "lga": "Ingawa", "state": "kt"}}, {"type": "Feature", "geometry": {"type": "Polygon", "coordinates": [[[7.28127, 12.20493], [7.28059, 12.19992], [7.29402, 12.18705], [7.29456, 12.1869], [7.30007, 12.18397], [7.29846, 12.16598], [7.30768, 12.1567], [7.30904, 12.1557], [7.31006, 12.15258], [7.30246, 12.15259], [7.29103, 12.15449], [7.27964, 12.15364], [7.27066, 12.14255], [7.26451, 12.11895], [7.25368, 12.10188], [7.24923, 12.09982], [7.2349, 12.09685], [7.21094, 12.0949], [7.18206, 12.08985], [7.17834, 12.0892], [7.17737, 12.0879], [7.17669, 12.08699], [7.17434, 12.08671], [7.17127, 12.08644], [7.166, 12.07688], [7.16165, 12.07575], [7.15812, 12.07438], [7.15266, 12.07354], [7.15188, 12.07165], [7.1506, 12.07026], [7.14781, 12.07019], [7.14603, 12.07096], [7.14275, 12.0704], [7.14161, 12.06789], [7.13969, 12.06824], [7.13904, 12.07005], [7.13641, 12.06935], [7.13027, 12.06839], [7.13395, 12.07308], [7.13663, 12.07793], [7.13628, 12.08156], [7.1364, 12.08557], [7.13326, 12.09026], [7.11724, 12.09396], [7.1191, 12.0972], [7.1216, 12.1014], [7.1237, 12.107], [7.12542, 12.11166], [7.1261, 12.1135], [7.12789, 12.12447], [7.13507, 12.13182], [7.1456, 12.1472], [7.1506, 12.1651], [7.15483, 12.17746], [7.15685, 12.18513], [7.14995, 12.20696], [7.15043, 12.23159], [7.14828, 12.23454], [7.19166, 12.23334], [7.21778, 12.21428], [7.2193, 12.21508], [7.23492, 12.22201], [7.23863, 12.22176], [7.24207, 12.2272], [7.2538, 12.22648], [7.26734, 12.22251], [7.27236, 12.22381], [7.2762, 12.2246], [7.28127, 12.20493]]]}, "properties": {"name": "Maidabino B", "lga": "Dan Musa", "state": "kt"}}, {"type": "Feature", "geometry": {"type": "Polygon", "coordinates": [[[7.84249, 13.08225], [7.8451, 13.0884], [7.84901, 13.09684], [7.86387, 13.09014], [7.86794, 13.08431], [7.87554, 13.07369], [7.87451, 13.06827], [7.87586, 13.03932], [7.88127, 13.02777], [7.89037, 13.01597], [7.89319, 13.01483], [7.90549, 13.0056], [7.90119, 12.99379], [7.89868, 12.97825], [7.88182, 12.98657], [7.88761, 13.00518], [7.86901, 13.01064], [7.86516, 13.01236], [7.85819, 13.01156], [7.84906, 13.0093], [7.84631, 13.00977], [7.8406, 13.008], [7.83615, 13.00513], [7.83241, 13.00501], [7.8287, 13.0043], [7.82094, 13.00085], [7.81298, 13.00079], [7.81161, 13.00583], [7.79794, 13.02782], [7.80722, 13.03376], [7.8305, 13.0541], [7.8316, 13.0618], [7.8337, 13.0679], [7.8366, 13.0705], [7.8391, 13.0742], [7.8409, 13.0785], [7.84249, 13.08225]]]}, "properties": {"name": "Muduru", "lga": "Mani", "state": "kt"}}, {"type": "Feature", "geometry": {"type": "Polygon", "coordinates": [[[7.65324, 11.70995], [7.6657, 11.74053], [7.67708, 11.75074], [7.67903, 11.76802], [7.67774, 11.77379], [7.67149, 11.78295], [7.66955, 11.7862], [7.68084, 11.79463], [7.68766, 11.79767], [7.6944, 11.80252], [7.69248, 11.81286], [7.68629, 11.81545], [7.682, 11.81744], [7.6799, 11.8228], [7.67881, 11.82595], [7.68669, 11.83423], [7.71283, 11.8397], [7.7145, 11.83028], [7.71564, 11.82208], [7.71505, 11.81975], [7.7143, 11.80698], [7.72222, 11.80082], [7.7309, 11.7939], [7.73991, 11.7861], [7.72964, 11.74087], [7.73046, 11.72076], [7.74663, 11.71973], [7.7492, 11.71978], [7.76331, 11.72199], [7.7826, 11.7195], [7.79675, 11.72064], [7.79698, 11.71823], [7.79833, 11.71586], [7.79901, 11.71051], [7.80196, 11.7064], [7.80147, 11.70262], [7.80122, 11.70063], [7.80053, 11.69899], [7.80269, 11.696], [7.80541, 11.69334], [7.80704, 11.68973], [7.807, 11.68288], [7.78147, 11.67868], [7.78873, 11.65645], [7.77595, 11.6492], [7.77004, 11.64722], [7.75691, 11.65233], [7.75518, 11.65384], [7.7515, 11.67069], [7.74748, 11.67135], [7.73033, 11.67383], [7.7257, 11.67195], [7.72247, 11.67496], [7.72118, 11.68087], [7.72161, 11.68669], [7.71586, 11.69032], [7.71263, 11.69381], [7.71339, 11.69637], [7.71225, 11.69931], [7.70846, 11.7019], [7.70745, 11.70373], [7.70683, 11.7068], [7.70413, 11.70889], [7.69717, 11.70866], [7.69094, 11.70965], [7.67708, 11.70826], [7.65324, 11.70995]]]}, "properties": {"name": "Rugoji", "lga": "Kafur", "state": "kt"}}, {"type": "Feature", "geometry": {"type": "Polygon", "coordinates": [[[7.63261, 12.24272], [7.63527, 12.23442], [7.6352, 12.2302], [7.63664, 12.22536], [7.62987, 12.22013], [7.62268, 12.21315], [7.62209, 12.20416], [7.61994, 12.19872], [7.61674, 12.18877], [7.62043, 12.18194], [7.60969, 12.17751], [7.60215, 12.1798], [7.58758, 12.18206], [7.57112, 12.18553], [7.55088, 12.17774], [7.54129, 12.17879], [7.53729, 12.17923], [7.5309, 12.17936], [7.52896, 12.18354], [7.53075, 12.18676], [7.53132, 12.19139], [7.52881, 12.19362], [7.53041, 12.19953], [7.53115, 12.20873], [7.53334, 12.20944], [7.53389, 12.21247], [7.53246, 12.21682], [7.53035, 12.22038], [7.52994, 12.22374], [7.53474, 12.22635], [7.53714, 12.2307], [7.53953, 12.23532], [7.5401, 12.24079], [7.54256, 12.24564], [7.54113, 12.24915], [7.53849, 12.24892], [7.53794, 12.25104], [7.5397, 12.25472], [7.54324, 12.25727], [7.54786, 12.25772], [7.56799, 12.25383], [7.57175, 12.25182], [7.58274, 12.24718], [7.60157, 12.24686], [7.62542, 12.24183], [7.62963, 12.24171], [7.63261, 12.24272]]]}, "properties": {"name": "Mazoji A", "lga": "Matazu", "state": "kt"}}, {"type": "Feature", "geometry": {"type": "Polygon", "coordinates": [[[7.2836, 12.80466], [7.26806, 12.80809], [7.26437, 12.80763], [7.25249, 12.80356], [7.24945, 12.80156], [7.24426, 12.80007], [7.23876, 12.79616], [7.23207, 12.79152], [7.22786, 12.78985], [7.2243, 12.78874], [7.22531, 12.77891], [7.22634, 12.77698], [7.22464, 12.77224], [7.22125, 12.75946], [7.21663, 12.75297], [7.20463, 12.75198], [7.19756, 12.75127], [7.18744, 12.7451], [7.18084, 12.74061], [7.16843, 12.7407], [7.16442, 12.74558], [7.14847, 12.75759], [7.14466, 12.75893], [7.13728, 12.77102], [7.15031, 12.7778], [7.16014, 12.78019], [7.16854, 12.78147], [7.17591, 12.78067], [7.18096, 12.78527], [7.1833, 12.78915], [7.18992, 12.79695], [7.1876, 12.80561], [7.18738, 12.80784], [7.1878, 12.8147], [7.18783, 12.82167], [7.19107, 12.82623], [7.19448, 12.84036], [7.19736, 12.83975], [7.20137, 12.83891], [7.20152, 12.84239], [7.20331, 12.84784], [7.20235, 12.85052], [7.20262, 12.8524], [7.20367, 12.85355], [7.20632, 12.85484], [7.21037, 12.85803], [7.22078, 12.85682], [7.22329, 12.85485], [7.23557, 12.85363], [7.24133, 12.8589], [7.24495, 12.86018], [7.24953, 12.85983], [7.2587, 12.85953], [7.26052, 12.85782], [7.26472, 12.85645], [7.26897, 12.85435], [7.27274, 12.8494], [7.27367, 12.84795], [7.27616, 12.84471], [7.27627, 12.84226], [7.27635, 12.84056], [7.2792, 12.83861], [7.28094, 12.83711], [7.28262, 12.83456], [7.28255, 12.83146], [7.2816, 12.82955], [7.28037, 12.82777], [7.28013, 12.82617], [7.28184, 12.82302], [7.28303, 12.81936], [7.2841, 12.81786], [7.28568, 12.81011], [7.2836, 12.80466]]]}, "properties": {"name": "Manawa", "lga": "Batsari", "state": "kt"}}, {"type": "Feature", "geometry": {"type": "Polygon", "coordinates": [[[8.04831, 13.0033], [8.05833, 13.00892], [8.06655, 13.00924], [8.07444, 13.00949], [8.07911, 13.00668], [8.09752, 13.00679], [8.11124, 13.01339], [8.12246, 13.01645], [8.15214, 13.03027], [8.15619, 13.03572], [8.16096, 13.03845], [8.1619, 13.03072], [8.16531, 13.02309], [8.15702, 13.017], [8.14966, 13.00978], [8.14042, 13.00804], [8.13687, 13.00439], [8.13573, 12.99841], [8.13171, 12.99368], [8.12988, 12.98373], [8.12675, 12.98233], [8.12217, 12.98027], [8.1182, 12.97606], [8.09138, 12.97511], [8.08887, 12.976], [8.08438, 12.98312], [8.07269, 12.97994], [8.06469, 12.97791], [8.06243, 12.98282], [8.06007, 12.98628], [8.05534, 12.98974], [8.0506, 12.99665], [8.04831, 13.0033]]]}, "properties": {"name": "Sirika A", "lga": "Dutsi", "state": "kt"}}, {"type": "Feature", "geometry": {"type": "Polygon", "coordinates": [[[7.58832, 11.39132], [7.59894, 11.39125], [7.60272, 11.39454], [7.6052, 11.39911], [7.60931, 11.40383], [7.61423, 11.40753], [7.625, 11.41354], [7.63292, 11.41648], [7.6346, 11.41759], [7.64169, 11.40372], [7.64462, 11.40176], [7.64469, 11.40176], [7.66777, 11.40551], [7.67763, 11.40006], [7.67391, 11.3914], [7.66837, 11.3819], [7.669, 11.37105], [7.67054, 11.36314], [7.6708, 11.3593], [7.66183, 11.35812], [7.65702, 11.35769], [7.62729, 11.36324], [7.62315, 11.36601], [7.61744, 11.36874], [7.61117, 11.3716], [7.60563, 11.37829], [7.60046, 11.37833], [7.59573, 11.37812], [7.58862, 11.37707], [7.58832, 11.39132]]]}, "properties": {"name": "Dabai", "lga": "Danja", "state": "kt"}}, {"type": "Feature", "geometry": {"type": "Polygon", "coordinates": [[[8.31748, 13.03957], [8.31687, 13.03635], [8.31237, 13.03419], [8.30407, 13.0265], [8.30432, 13.02605], [8.3044, 13.02224], [8.30554, 13.00613], [8.31069, 13.00546], [8.31171, 12.99815], [8.29252, 12.99347], [8.28642, 13.00734], [8.274, 13.02257], [8.28661, 13.02977], [8.29512, 13.03684], [8.3061, 13.0458], [8.31207, 13.04672], [8.31467, 13.04635], [8.31556, 13.04569], [8.31785, 13.04389], [8.31868, 13.04322], [8.31748, 13.03957]]]}, "properties": {"name": "Ubandawaki B", "lga": "Daura", "state": "kt"}}, {"type": "Feature", "geometry": {"type": "Polygon", "coordinates": [[[7.46312, 12.09712], [7.47376, 12.09549], [7.47646, 12.09508], [7.48339, 12.09355], [7.49431, 12.08555], [7.51091, 12.07062], [7.51407, 12.04964], [7.5092, 12.0467], [7.51288, 12.03213], [7.54098, 12.04853], [7.55211, 12.04152], [7.56022, 12.0328], [7.56434, 12.03113], [7.56265, 12.02119], [7.56027, 12.02003], [7.55833, 12.01735], [7.54738, 12.0215], [7.53635, 12.01416], [7.52388, 11.99051], [7.51061, 11.97455], [7.47542, 11.98367], [7.47413, 11.99246], [7.47221, 11.99664], [7.46879, 11.99895], [7.47645, 12.00773], [7.4704, 12.01276], [7.46634, 12.00995], [7.46153, 12.00736], [7.45398, 12.0109], [7.4503, 12.01497], [7.44881, 12.01827], [7.44644, 12.01974], [7.43841, 12.02357], [7.43536, 12.02601], [7.4318, 12.0258], [7.42667, 12.02873], [7.42046, 12.03193], [7.41754, 12.03138], [7.41376, 12.03479], [7.41167, 12.03543], [7.4229, 12.05014], [7.42802, 12.05677], [7.45333, 12.06522], [7.44233, 12.07884], [7.45623, 12.09036], [7.45963, 12.09254], [7.46312, 12.09712]]]}, "properties": {"name": "Gundawa", "lga": "Kankara", "state": "kt"}}, {"type": "Feature", "geometry": {"type": "Polygon", "coordinates": [[[7.2605, 11.27853], [7.25846, 11.2765], [7.25705, 11.27515], [7.25271, 11.27288], [7.2523, 11.27289], [7.24956, 11.27294], [7.24392, 11.27398], [7.2274, 11.27863], [7.22212, 11.27612], [7.21513, 11.26997], [7.20996, 11.26111], [7.19479, 11.25756], [7.1932, 11.26788], [7.19283, 11.27382], [7.18706, 11.28192], [7.17883, 11.28686], [7.17512, 11.2903], [7.19377, 11.30134], [7.18886, 11.30898], [7.20226, 11.31632], [7.21287, 11.32209], [7.21881, 11.32768], [7.22142, 11.33148], [7.22406, 11.33316], [7.23188, 11.33316], [7.23628, 11.33671], [7.23931, 11.33999], [7.24323, 11.34182], [7.25119, 11.34556], [7.25776, 11.34343], [7.27632, 11.31659], [7.26661, 11.31248], [7.26278, 11.31016], [7.25743, 11.31009], [7.25151, 11.31079], [7.24787, 11.30582], [7.24512, 11.30295], [7.24217, 11.29778], [7.24186, 11.29196], [7.2499, 11.28744], [7.25443, 11.28338], [7.25922, 11.27998], [7.2605, 11.27853]]]}, "properties": {"name": "Tumburkai A", "lga": "Dandume", "state": "kt"}}, {"type": "Feature", "geometry": {"type": "Polygon", "coordinates": [[[7.5861, 12.34797], [7.58886, 12.34705], [7.59309, 12.34923], [7.59797, 12.34756], [7.60011, 12.34759], [7.59972, 12.34958], [7.60022, 12.35104], [7.60261, 12.3509], [7.6101, 12.34268], [7.61378, 12.34529], [7.61497, 12.34622], [7.61984, 12.34644], [7.62079, 12.34895], [7.62472, 12.34874], [7.63734, 12.33943], [7.64076, 12.33873], [7.64584, 12.33882], [7.64963, 12.34077], [7.65205, 12.34434], [7.65695, 12.34253], [7.66313, 12.33899], [7.66814, 12.33794], [7.66854, 12.33295], [7.66967, 12.32889], [7.67001, 12.32594], [7.66641, 12.32472], [7.66349, 12.32129], [7.66325, 12.31687], [7.6668, 12.31298], [7.66932, 12.31183], [7.66895, 12.30347], [7.67509, 12.29254], [7.68111, 12.29075], [7.6797, 12.2812], [7.6643, 12.2792], [7.6579, 12.2756], [7.65877, 12.274], [7.65954, 12.27296], [7.66109, 12.27185], [7.66144, 12.2704], [7.66257, 12.26692], [7.66342, 12.2646], [7.6632, 12.2619], [7.6629, 12.25697], [7.66225, 12.25482], [7.66314, 12.25134], [7.66468, 12.24565], [7.66268, 12.24267], [7.66275, 12.23797], [7.65567, 12.24448], [7.64827, 12.24652], [7.6391, 12.24589], [7.63261, 12.24272], [7.62963, 12.24171], [7.62542, 12.24183], [7.60157, 12.24686], [7.60574, 12.26067], [7.6004, 12.26359], [7.5969, 12.26652], [7.58856, 12.27938], [7.58796, 12.28345], [7.58592, 12.28724], [7.58557, 12.29372], [7.56556, 12.29253], [7.5642, 12.29885], [7.56339, 12.3055], [7.56294, 12.31049], [7.5492, 12.31371], [7.52395, 12.30791], [7.5248, 12.31198], [7.52617, 12.31686], [7.52506, 12.31904], [7.51925, 12.32146], [7.5174, 12.32299], [7.51697, 12.33093], [7.51583, 12.33553], [7.5164, 12.3395], [7.51674, 12.34124], [7.51718, 12.34256], [7.51573, 12.36665], [7.55277, 12.35801], [7.56687, 12.355], [7.58021, 12.35263], [7.5861, 12.34797]]]}, "properties": {"name": "Sayaya", "lga": "Matazu", "state": "kt"}}, {"type": "Feature", "geometry": {"type": "Polygon", "coordinates": [[[8.00453, 12.53254], [8.005, 12.53585], [8.00508, 12.53592], [8.01937, 12.54594], [8.01686, 12.55524], [8.02652, 12.55764], [8.02731, 12.56223], [8.0266, 12.57354], [8.03359, 12.57389], [8.0369, 12.57373], [8.04282, 12.57134], [8.04437, 12.56151], [8.04349, 12.55842], [8.03259, 12.54648], [8.04477, 12.53924], [8.06082, 12.53884], [8.0672, 12.53676], [8.06717, 12.53581], [8.06685, 12.53243], [8.06638, 12.53083], [8.06528, 12.52982], [8.06396, 12.5301], [8.06282, 12.53041], [8.06161, 12.5301], [8.06084, 12.529], [8.06203, 12.52718], [8.06239, 12.52394], [8.05786, 12.51905], [8.05687, 12.51705], [8.0574, 12.51294], [8.05886, 12.50699], [8.0579, 12.5024], [8.05865, 12.49822], [8.05878, 12.49455], [8.05815, 12.49178], [8.05719, 12.4898], [8.05297, 12.48697], [8.05369, 12.48395], [8.05433, 12.48155], [8.04774, 12.48158], [8.04375, 12.48269], [8.03502, 12.48492], [8.02396, 12.48899], [8.01457, 12.50037], [8.01387, 12.50399], [8.01696, 12.5162], [8.01187, 12.52148], [8.0112, 12.52438], [8.00453, 12.53254]]]}, "properties": {"name": "Mawashi", "lga": "Kusada", "state": "kt"}}, {"type": "Feature", "geometry": {"type": "Polygon", "coordinates": [[[7.58832, 11.39132], [7.58718, 11.35431], [7.58762, 11.35083], [7.59181, 11.3474], [7.59329, 11.34455], [7.59442, 11.3415], [7.58711, 11.33994], [7.57731, 11.33913], [7.57226, 11.33913], [7.56922, 11.33932], [7.56786, 11.34105], [7.5666, 11.3436], [7.5661, 11.3456], [7.5659, 11.354], [7.56326, 11.36765], [7.55881, 11.36951], [7.55758, 11.3697], [7.55192, 11.37329], [7.54705, 11.38092], [7.54412, 11.38224], [7.53389, 11.38413], [7.52661, 11.38392], [7.52162, 11.38483], [7.49018, 11.3944], [7.48347, 11.39566], [7.47748, 11.39657], [7.47277, 11.3976], [7.46665, 11.3972], [7.46037, 11.39615], [7.45633, 11.39513], [7.45738, 11.39182], [7.45374, 11.39098], [7.44491, 11.39477], [7.43104, 11.39435], [7.4314, 11.39827], [7.43089, 11.40511], [7.43626, 11.40998], [7.43888, 11.41404], [7.45453, 11.41332], [7.4694, 11.42044], [7.47613, 11.41068], [7.48578, 11.41011], [7.49046, 11.41174], [7.49672, 11.41045], [7.4988, 11.4085], [7.49893, 11.40602], [7.50041, 11.40453], [7.5208, 11.39704], [7.51928, 11.38822], [7.52519, 11.38797], [7.53212, 11.38998], [7.553, 11.38274], [7.55856, 11.37896], [7.55902, 11.37953], [7.56017, 11.37968], [7.56079, 11.38005], [7.564, 11.37951], [7.56505, 11.3778], [7.56781, 11.38053], [7.56871, 11.38107], [7.56872, 11.39676], [7.5648, 11.3994], [7.5647, 11.3998], [7.5644, 11.4005], [7.5643, 11.4012], [7.56606, 11.40431], [7.58732, 11.40167], [7.58832, 11.39132]]]}, "properties": {"name": "Danja B", "lga": "Danja", "state": "kt"}}, {"type": "Feature", "geometry": {"type": "Polygon", "coordinates": [[[7.4931, 11.93226], [7.49595, 11.94021], [7.4975, 11.94675], [7.50216, 11.94914], [7.50351, 11.95584], [7.50429, 11.9603], [7.51142, 11.96142], [7.51497, 11.96265], [7.51657, 11.96177], [7.51752, 11.9484], [7.52428, 11.94964], [7.53087, 11.94969], [7.5373, 11.93602], [7.53851, 11.92046], [7.51227, 11.91837], [7.51249, 11.91272], [7.5115, 11.90241], [7.52549, 11.90142], [7.54165, 11.90204], [7.53042, 11.87139], [7.52772, 11.86957], [7.52021, 11.86703], [7.52021, 11.85866], [7.51969, 11.84661], [7.518, 11.83417], [7.51895, 11.83056], [7.5205, 11.8151], [7.52031, 11.80843], [7.51989, 11.792], [7.51104, 11.79484], [7.50509, 11.79506], [7.50044, 11.79456], [7.49707, 11.79656], [7.49474, 11.798], [7.49198, 11.79949], [7.48936, 11.79972], [7.48637, 11.80033], [7.4839, 11.79889], [7.47389, 11.7959], [7.461, 11.8037], [7.46411, 11.81098], [7.46951, 11.81174], [7.46991, 11.81308], [7.47212, 11.8173], [7.47494, 11.82788], [7.4679, 11.8289], [7.4701, 11.8335], [7.4706, 11.84], [7.47733, 11.85059], [7.47203, 11.8589], [7.48163, 11.86592], [7.48368, 11.86742], [7.49259, 11.86981], [7.49217, 11.88948], [7.4911, 11.89916], [7.4931, 11.93226]]]}, "properties": {"name": "Burdugau", "lga": "Kankara", "state": "kt"}}, {"type": "Feature", "geometry": {"type": "Polygon", "coordinates": [[[8.40347, 12.87128], [8.3979, 12.851], [8.39928, 12.8344], [8.39838, 12.82594], [8.39494, 12.82625], [8.39415, 12.82609], [8.39008, 12.82528], [8.37063, 12.82549], [8.36083, 12.82405], [8.35239, 12.82547], [8.35, 12.82687], [8.34684, 12.8299], [8.33819, 12.8353], [8.33748, 12.83601], [8.33033, 12.84361], [8.331, 12.8522], [8.3303, 12.85424], [8.32196, 12.86581], [8.33699, 12.87061], [8.34598, 12.87441], [8.35232, 12.87618], [8.38407, 12.87054], [8.40347, 12.87128]]]}, "properties": {"name": "Rade B", "lga": "Sandamu", "state": "kt"}}, {"type": "Feature", "geometry": {"type": "Polygon", "coordinates": [[[7.6688, 11.93402], [7.66877, 11.92794], [7.6685, 11.92665], [7.66136, 11.91683], [7.65598, 11.91077], [7.65102, 11.91123], [7.64396, 11.90982], [7.63668, 11.91017], [7.63512, 11.91114], [7.6309, 11.91266], [7.62629, 11.91556], [7.62231, 11.92048], [7.61747, 11.92161], [7.61236, 11.92516], [7.6071, 11.92667], [7.6055, 11.93141], [7.6003, 11.93231], [7.59593, 11.93185], [7.59121, 11.93411], [7.5836, 11.93626], [7.57745, 11.93984], [7.57468, 11.95347], [7.57291, 11.95654], [7.57121, 11.96206], [7.55616, 11.98032], [7.55913, 11.98136], [7.56075, 11.97835], [7.57934, 11.95998], [7.58892, 11.95654], [7.59476, 11.95733], [7.59862, 11.96028], [7.60199, 11.96862], [7.60416, 11.97137], [7.60969, 11.98036], [7.6149, 11.99402], [7.61403, 12.00312], [7.61392, 12.00856], [7.62023, 12.04221], [7.63192, 12.04062], [7.64012, 12.05049], [7.64638, 12.05474], [7.647, 12.056], [7.64968, 12.05775], [7.65504, 12.05867], [7.66656, 12.06039], [7.67052, 12.05394], [7.67099, 12.04996], [7.67392, 12.05058], [7.67791, 12.05003], [7.69093, 12.04653], [7.68688, 12.03188], [7.69124, 12.02221], [7.69741, 12.01419], [7.6942, 11.99982], [7.68421, 11.99926], [7.67552, 11.99932], [7.66303, 11.99837], [7.64621, 11.98101], [7.63676, 11.98536], [7.63458, 11.9858], [7.63187, 11.97969], [7.62124, 11.96772], [7.61719, 11.95685], [7.6183, 11.95004], [7.62812, 11.94984], [7.63617, 11.94572], [7.6433, 11.934], [7.6688, 11.93402]]]}, "properties": {"name": "Na'alma", "lga": "Malumfashi", "state": "kt"}}, {"type": "Feature", "geometry": {"type": "Polygon", "coordinates": [[[7.63052, 11.70626], [7.65324, 11.70995], [7.67708, 11.70826], [7.69094, 11.70965], [7.69717, 11.70866], [7.70413, 11.70889], [7.70683, 11.7068], [7.70745, 11.70373], [7.70846, 11.7019], [7.71225, 11.69931], [7.71339, 11.69637], [7.71263, 11.69381], [7.71586, 11.69032], [7.72161, 11.68669], [7.72118, 11.68087], [7.72247, 11.67496], [7.7257, 11.67195], [7.72518, 11.66202], [7.72451, 11.65734], [7.72291, 11.65682], [7.70679, 11.65095], [7.69992, 11.64641], [7.69942, 11.64426], [7.69959, 11.63957], [7.69865, 11.63813], [7.69813, 11.63675], [7.69759, 11.63495], [7.69639, 11.63391], [7.69521, 11.63334], [7.69198, 11.63264], [7.69095, 11.6329], [7.69022, 11.63336], [7.68739, 11.63561], [7.68748, 11.63701], [7.68792, 11.64129], [7.68637, 11.641], [7.68655, 11.64555], [7.68321, 11.64578], [7.6821, 11.64591], [7.67176, 11.647], [7.67073, 11.64553], [7.66934, 11.64568], [7.66864, 11.6471], [7.66681, 11.64739], [7.66397, 11.64793], [7.6614, 11.64841], [7.64333, 11.6481], [7.6434, 11.6581], [7.63974, 11.66029], [7.64049, 11.66924], [7.62683, 11.67929], [7.62692, 11.68846], [7.6309, 11.6952], [7.63052, 11.70626]]]}, "properties": {"name": "Kafur", "lga": "Kafur", "state": "kt"}}, {"type": "Feature", "geometry": {"type": "Polygon", "coordinates": [[[7.59004, 11.69155], [7.59945, 11.69514], [7.60991, 11.69902], [7.61694, 11.70358], [7.6227, 11.7052], [7.63052, 11.70626], [7.6309, 11.6952], [7.62692, 11.68846], [7.62683, 11.67929], [7.64049, 11.66924], [7.63974, 11.66029], [7.6434, 11.6581], [7.64333, 11.6481], [7.6614, 11.64841], [7.66397, 11.64793], [7.66681, 11.64739], [7.66864, 11.6471], [7.66934, 11.64568], [7.67073, 11.64553], [7.67176, 11.647], [7.6821, 11.64591], [7.68321, 11.64578], [7.68655, 11.64555], [7.68637, 11.641], [7.68792, 11.64129], [7.68748, 11.63701], [7.68739, 11.63561], [7.69022, 11.63336], [7.69095, 11.6329], [7.69198, 11.63264], [7.69521, 11.63334], [7.69639, 11.63391], [7.69759, 11.63495], [7.69813, 11.63675], [7.69865, 11.63813], [7.69959, 11.63957], [7.69942, 11.64426], [7.69992, 11.64641], [7.70679, 11.65095], [7.72291, 11.65682], [7.72451, 11.65734], [7.72625, 11.64297], [7.72772, 11.63717], [7.73102, 11.62153], [7.73954, 11.61675], [7.73646, 11.60855], [7.72822, 11.60537], [7.72198, 11.60342], [7.72149, 11.59972], [7.71814, 11.59965], [7.71503, 11.59824], [7.71059, 11.5974], [7.70687, 11.59502], [7.70488, 11.59249], [7.70496, 11.5913], [7.70276, 11.59052], [7.69973, 11.58892], [7.69121, 11.59289], [7.68947, 11.59294], [7.68546, 11.5919], [7.67891, 11.58729], [7.67564, 11.58565], [7.67029, 11.58521], [7.66672, 11.58253], [7.66434, 11.57792], [7.66017, 11.57405], [7.65705, 11.57524], [7.65363, 11.57405], [7.64783, 11.5739], [7.64664, 11.57257], [7.64352, 11.56989], [7.64124, 11.57135], [7.63392, 11.57872], [7.63499, 11.5812], [7.6341, 11.5819], [7.63235, 11.58361], [7.63225, 11.58595], [7.63296, 11.58787], [7.63228, 11.58811], [7.63153, 11.58986], [7.62358, 11.59447], [7.61952, 11.6016], [7.61823, 11.60512], [7.61781, 11.60722], [7.61702, 11.60984], [7.61788, 11.61026], [7.61938, 11.61022], [7.61988, 11.61067], [7.61989, 11.62159], [7.616, 11.62448], [7.61391, 11.6268], [7.61219, 11.62871], [7.60948, 11.63272], [7.60435, 11.64575], [7.60563, 11.64743], [7.6055, 11.64871], [7.60062, 11.65196], [7.60013, 11.65819], [7.59857, 11.6628], [7.59778, 11.67167], [7.59004, 11.69155]]]}, "properties": {"name": "Masari", "lga": "Kafur", "state": "kt"}}, {"type": "Feature", "geometry": {"type": "Polygon", "coordinates": [[[7.04178, 11.67371], [7.04512, 11.67082], [7.05428, 11.66654], [7.05547, 11.66613], [7.06386, 11.66319], [7.06686, 11.66308], [7.06866, 11.65981], [7.06712, 11.65646], [7.07961, 11.63936], [7.08252, 11.63802], [7.08669, 11.64006], [7.10505, 11.63219], [7.106, 11.62539], [7.10625, 11.62314], [7.1111, 11.61923], [7.1136, 11.61636], [7.11545, 11.61343], [7.11695, 11.60952], [7.12222, 11.60854], [7.12714, 11.60344], [7.13199, 11.59883], [7.13499, 11.59576], [7.14069, 11.59576], [7.1449, 11.59555], [7.15131, 11.59604], [7.15531, 11.59925], [7.1588, 11.60058], [7.16294, 11.60093], [7.17092, 11.59869], [7.17335, 11.59317], [7.17386, 11.58798], [7.17584, 11.58408], [7.17666, 11.5763], [7.16899, 11.57635], [7.16295, 11.57593], [7.14726, 11.57883], [7.1354, 11.57845], [7.12979, 11.56613], [7.12383, 11.56004], [7.11242, 11.55422], [7.10776, 11.55093], [7.1019, 11.5561], [7.09659, 11.55892], [7.07392, 11.56244], [7.05797, 11.55069], [7.05174, 11.55105], [7.03976, 11.53342], [7.03386, 11.53128], [7.01407, 11.53392], [7.00352, 11.53535], [7.0073, 11.54821], [7.0095, 11.55121], [7.01432, 11.55538], [7.02057, 11.56552], [7.02168, 11.56913], [7.02502, 11.5708], [7.02562, 11.5739], [7.02724, 11.57701], [7.03238, 11.58069], [7.03683, 11.58514], [7.04316, 11.58874], [7.04872, 11.59536], [7.05052, 11.59947], [7.03396, 11.60192], [7.03345, 11.60804], [7.03351, 11.62516], [7.02799, 11.64241], [7.0358, 11.66111], [7.03706, 11.66668], [7.03864, 11.66895], [7.04178, 11.67371]]]}, "properties": {"name": "Mai Gora", "lga": "Faskari", "state": "kt"}}, {"type": "Feature", "geometry": {"type": "Polygon", "coordinates": [[[7.69571, 12.78377], [7.70223, 12.78801], [7.70821, 12.79657], [7.70326, 12.80242], [7.703, 12.81473], [7.70556, 12.81576], [7.70906, 12.81487], [7.71137, 12.81566], [7.71337, 12.81526], [7.71581, 12.81455], [7.71966, 12.81022], [7.72152, 12.80942], [7.72336, 12.81011], [7.72531, 12.81042], [7.72717, 12.81259], [7.72258, 12.81966], [7.72058, 12.82214], [7.71839, 12.82274], [7.71589, 12.82209], [7.71039, 12.83519], [7.71837, 12.83316], [7.72955, 12.83565], [7.73779, 12.83306], [7.74196, 12.8299], [7.75239, 12.84042], [7.75576, 12.84384], [7.75584, 12.84384], [7.76133, 12.84148], [7.76449, 12.83539], [7.77652, 12.84059], [7.7814, 12.84532], [7.78575, 12.83308], [7.78995, 12.82963], [7.79704, 12.82613], [7.79243, 12.81156], [7.79022, 12.80944], [7.77808, 12.81382], [7.77646, 12.80689], [7.77546, 12.80452], [7.77303, 12.80336], [7.76667, 12.79692], [7.76161, 12.79115], [7.75744, 12.78881], [7.75283, 12.78533], [7.77179, 12.76482], [7.77155, 12.76216], [7.77145, 12.76103], [7.75765, 12.74985], [7.75522, 12.75161], [7.74494, 12.75964], [7.73978, 12.75695], [7.72975, 12.75298], [7.72568, 12.7516], [7.72437, 12.75308], [7.71976, 12.76246], [7.71947, 12.76255], [7.70794, 12.7672], [7.70724, 12.77292], [7.69571, 12.78377]]]}, "properties": {"name": "Iyatawa", "lga": "Rimi", "state": "kt"}}, {"type": "Feature", "geometry": {"type": "Polygon", "coordinates": [[[7.51453, 12.71887], [7.51686, 12.72292], [7.5174, 12.72432], [7.51968, 12.72932], [7.52016, 12.73204], [7.52085, 12.73586], [7.52285, 12.7385], [7.52325, 12.74267], [7.52245, 12.74885], [7.52397, 12.75403], [7.52287, 12.75846], [7.52831, 12.76255], [7.53362, 12.76734], [7.53715, 12.77108], [7.53905, 12.77382], [7.55417, 12.77261], [7.56101, 12.75831], [7.56444, 12.75473], [7.57479, 12.75452], [7.57535, 12.75323], [7.57756, 12.74649], [7.57878, 12.74191], [7.5801, 12.73394], [7.58102, 12.72095], [7.58164, 12.71043], [7.58326, 12.70452], [7.57875, 12.70202], [7.56876, 12.70264], [7.56375, 12.70407], [7.55964, 12.70135], [7.55381, 12.7002], [7.54844, 12.69849], [7.54388, 12.69696], [7.54138, 12.69717], [7.53646, 12.69682], [7.53354, 12.69625], [7.53345, 12.69829], [7.5343, 12.70323], [7.52479, 12.70806], [7.51757, 12.71025], [7.51766, 12.71599], [7.51786, 12.71673], [7.51681, 12.71755], [7.51453, 12.71887]]]}, "properties": {"name": "Yargamji", "lga": "Batagarawa", "state": "kt"}}, {"type": "Feature", "geometry": {"type": "Polygon", "coordinates": [[[8.04794, 12.41264], [8.03357, 12.40437], [8.01993, 12.41397], [8.02058, 12.41654], [8.02126, 12.41949], [8.02197, 12.42092], [8.02383, 12.4212], [8.01462, 12.43584], [8.00784, 12.43722], [8.00058, 12.43194], [7.99943, 12.42388], [7.99135, 12.41896], [7.98505, 12.40837], [7.97959, 12.40866], [7.97392, 12.40574], [7.96666, 12.41138], [7.96711, 12.42159], [7.97694, 12.42684], [7.98391, 12.43427], [7.98793, 12.44297], [7.98818, 12.44892], [7.99766, 12.44047], [8.00746, 12.44097], [8.01363, 12.44529], [8.01526, 12.44681], [8.02562, 12.4519], [8.02734, 12.45311], [8.04347, 12.45702], [8.05115, 12.45675], [8.0517, 12.45519], [8.04966, 12.45551], [8.04849, 12.45314], [8.04824, 12.44868], [8.04332, 12.43473], [8.04353, 12.42127], [8.04794, 12.41264]]]}, "properties": {"name": "Kafarda", "lga": "Kusada", "state": "kt"}}, {"type": "Feature", "geometry": {"type": "Polygon", "coordinates": [[[7.46139, 11.94986], [7.4623, 11.94826], [7.47166, 11.93948], [7.47965, 11.93271], [7.48752, 11.93305], [7.4931, 11.93226], [7.4911, 11.89916], [7.49217, 11.88948], [7.49259, 11.86981], [7.48368, 11.86742], [7.48163, 11.86592], [7.47969, 11.86783], [7.4783, 11.86728], [7.47782, 11.86701], [7.47673, 11.86806], [7.47723, 11.86947], [7.4759, 11.87193], [7.46966, 11.87795], [7.46712, 11.89293], [7.45778, 11.89851], [7.45769, 11.89925], [7.48041, 11.91252], [7.48176, 11.91587], [7.48037, 11.92334], [7.4773, 11.92296], [7.46681, 11.92165], [7.44814, 11.92257], [7.4475, 11.92263], [7.44184, 11.92503], [7.4357, 11.9259], [7.4302, 11.9268], [7.42394, 11.92384], [7.41995, 11.92286], [7.41695, 11.92251], [7.41581, 11.92154], [7.4141, 11.91986], [7.41182, 11.91882], [7.40348, 11.9177], [7.40198, 11.91637], [7.40034, 11.91421], [7.39918, 11.91215], [7.39704, 11.91338], [7.38736, 11.92805], [7.38166, 11.93061], [7.38144, 11.93702], [7.38187, 11.93981], [7.38304, 11.94074], [7.38209, 11.9426], [7.38281, 11.94416], [7.38201, 11.94498], [7.38258, 11.94687], [7.39894, 11.95136], [7.41565, 11.95723], [7.42333, 11.96138], [7.43272, 11.96292], [7.44976, 11.96422], [7.4477, 11.9466], [7.45046, 11.94596], [7.45351, 11.94653], [7.45811, 11.94758], [7.46139, 11.94986]]]}, "properties": {"name": "Kankara", "lga": "Kankara", "state": "kt"}}, {"type": "Feature", "geometry": {"type": "Polygon", "coordinates": [[[7.54215, 12.26855], [7.54168, 12.26355], [7.54324, 12.25727], [7.5397, 12.25472], [7.53794, 12.25104], [7.53849, 12.24892], [7.54113, 12.24915], [7.54256, 12.24564], [7.5401, 12.24079], [7.53953, 12.23532], [7.53714, 12.2307], [7.53474, 12.22635], [7.52994, 12.22374], [7.53035, 12.22038], [7.53246, 12.21682], [7.53389, 12.21247], [7.53334, 12.20944], [7.53115, 12.20873], [7.53041, 12.19953], [7.52881, 12.19362], [7.53132, 12.19139], [7.53075, 12.18676], [7.52896, 12.18354], [7.5309, 12.17936], [7.52426, 12.1694], [7.51789, 12.16536], [7.50636, 12.15962], [7.49753, 12.15577], [7.48624, 12.15698], [7.48389, 12.17929], [7.48196, 12.1825], [7.47747, 12.18926], [7.47888, 12.19042], [7.47681, 12.19656], [7.47545, 12.19629], [7.47525, 12.19272], [7.47291, 12.19294], [7.47106, 12.19768], [7.47011, 12.20045], [7.47356, 12.20237], [7.4739, 12.2039], [7.47688, 12.20459], [7.47962, 12.20769], [7.47688, 12.21185], [7.47316, 12.21658], [7.4692, 12.2469], [7.46384, 12.2589], [7.46714, 12.25844], [7.46836, 12.25737], [7.49959, 12.25552], [7.50315, 12.27076], [7.50644, 12.27038], [7.51639, 12.26601], [7.52835, 12.26617], [7.54215, 12.26855]]]}, "properties": {"name": "Yantumaki A", "lga": "Dan Musa", "state": "kt"}}, {"type": "Feature", "geometry": {"type": "Polygon", "coordinates": [[[8.23478, 12.90269], [8.23952, 12.8957], [8.2506, 12.87991], [8.25825, 12.87113], [8.2599, 12.86492], [8.26096, 12.86176], [8.26279, 12.85649], [8.25923, 12.85496], [8.25244, 12.85287], [8.25053, 12.85097], [8.24784, 12.84861], [8.24536, 12.84363], [8.24361, 12.83679], [8.23917, 12.83959], [8.23209, 12.84405], [8.23041, 12.84452], [8.22603, 12.85228], [8.21717, 12.853], [8.21306, 12.86387], [8.21388, 12.86527], [8.21363, 12.87922], [8.21058, 12.88481], [8.21021, 12.88879], [8.22131, 12.89207], [8.232, 12.90056], [8.23478, 12.90269]]]}, "properties": {"name": "Ruwan Kaya A", "lga": "Dutsi", "state": "kt"}}, {"type": "Feature", "geometry": {"type": "Polygon", "coordinates": [[[7.24514, 13.0758], [7.23799, 13.08233], [7.23787, 13.08663], [7.23703, 13.0895], [7.2249, 13.08841], [7.22501, 13.08954], [7.22491, 13.09089], [7.22395, 13.09078], [7.22103, 13.09635], [7.23958, 13.10158], [7.24323, 13.10197], [7.24557, 13.10047], [7.24778, 13.09719], [7.24991, 13.08494], [7.24891, 13.08281], [7.24514, 13.0758]]]}, "properties": {"name": "Jibia B", "lga": "Jibia", "state": "kt"}}, {"type": "Feature", "geometry": {"type": "Polygon", "coordinates": [[[7.62469, 12.16822], [7.62768, 12.17991], [7.62043, 12.18194], [7.61674, 12.18877], [7.61994, 12.19872], [7.62209, 12.20416], [7.62268, 12.21315], [7.62987, 12.22013], [7.63664, 12.22536], [7.65437, 12.21739], [7.66102, 12.20709], [7.6678, 12.2006], [7.67189, 12.2002], [7.67355, 12.19758], [7.67306, 12.19081], [7.65735, 12.19323], [7.65889, 12.17952], [7.65971, 12.16816], [7.65853, 12.16052], [7.64714, 12.16051], [7.63658, 12.16869], [7.62469, 12.16822]]]}, "properties": {"name": "Rinjin Idi", "lga": "Matazu", "state": "kt"}}, {"type": "Feature", "geometry": {"type": "Polygon", "coordinates": [[[8.54063, 12.9998], [8.53157, 13.01258], [8.53268, 13.02442], [8.54321, 13.03659], [8.54772, 13.04272], [8.56434, 13.05988], [8.615, 13.02194], [8.62893, 13.00626], [8.63757, 12.99213], [8.65452, 12.959], [8.6382, 12.95976], [8.61581, 12.96097], [8.6006, 12.96511], [8.59814, 12.96549], [8.6017, 12.98462], [8.59716, 12.99387], [8.55588, 12.99123], [8.54063, 12.9998]]]}, "properties": {"name": "Yardaje", "lga": "Zango", "state": "kt"}}, {"type": "Feature", "geometry": {"type": "Polygon", "coordinates": [[[7.95384, 12.67928], [7.9613, 12.6736], [7.9627, 12.65383], [7.95911, 12.65275], [7.95618, 12.64809], [7.95515, 12.62748], [7.96397, 12.6287], [7.98691, 12.62097], [7.99898, 12.61653], [7.99766, 12.61133], [7.9961, 12.60175], [7.99289, 12.59292], [7.98399, 12.57705], [7.97379, 12.57554], [7.96249, 12.57722], [7.95626, 12.58064], [7.96214, 12.58864], [7.95444, 12.59517], [7.94955, 12.59398], [7.94575, 12.59183], [7.93272, 12.57763], [7.93168, 12.5728], [7.91833, 12.57795], [7.91597, 12.5767], [7.91443, 12.56719], [7.91045, 12.56541], [7.89854, 12.56971], [7.89684, 12.57752], [7.91, 12.58435], [7.91111, 12.59363], [7.90854, 12.59418], [7.89664, 12.59426], [7.89593, 12.59667], [7.89829, 12.60453], [7.89662, 12.60893], [7.88892, 12.60716], [7.88523, 12.60798], [7.88326, 12.60772], [7.88137, 12.60828], [7.87674, 12.6073], [7.8731, 12.60259], [7.8653, 12.60172], [7.86455, 12.60517], [7.86229, 12.60686], [7.86141, 12.60888], [7.86281, 12.61045], [7.86081, 12.61317], [7.85898, 12.61661], [7.85957, 12.61668], [7.86456, 12.62008], [7.8652, 12.62203], [7.86806, 12.62383], [7.87271, 12.6288], [7.87504, 12.6282], [7.87574, 12.62852], [7.88028, 12.63019], [7.88691, 12.62531], [7.89735, 12.62244], [7.9031, 12.61972], [7.90704, 12.62249], [7.90803, 12.62272], [7.91591, 12.62087], [7.92238, 12.62148], [7.92954, 12.62546], [7.93889, 12.62422], [7.94454, 12.6277], [7.94211, 12.63834], [7.93315, 12.63988], [7.927, 12.64403], [7.92727, 12.64777], [7.9328, 12.65137], [7.93775, 12.65659], [7.93925, 12.65913], [7.94035, 12.66386], [7.93761, 12.6647], [7.92662, 12.67105], [7.93159, 12.67738], [7.92158, 12.6831], [7.92292, 12.68618], [7.92683, 12.6869], [7.93533, 12.68249], [7.9415, 12.68554], [7.95384, 12.67928]]]}, "properties": {"name": "Tama", "lga": "Bindawa", "state": "kt"}}, {"type": "Feature", "geometry": {"type": "Polygon", "coordinates": [[[7.94588, 12.41836], [7.93978, 12.41027], [7.9449, 12.4091], [7.9406, 12.3961], [7.92743, 12.39923], [7.92338, 12.39893], [7.92317, 12.39876], [7.90583, 12.39719], [7.90083, 12.40944], [7.88221, 12.40777], [7.8776, 12.41067], [7.87682, 12.41459], [7.87952, 12.42519], [7.87845, 12.42642], [7.87346, 12.43217], [7.87335, 12.4323], [7.87818, 12.44374], [7.87824, 12.44388], [7.87029, 12.4477], [7.86991, 12.44773], [7.86037, 12.44831], [7.85819, 12.45001], [7.85398, 12.45328], [7.85395, 12.4533], [7.8492, 12.45341], [7.84955, 12.47487], [7.85346, 12.47969], [7.87315, 12.49331], [7.88512, 12.4934], [7.89162, 12.49736], [7.88847, 12.5024], [7.89897, 12.51102], [7.90628, 12.51756], [7.9089, 12.5165], [7.92253, 12.50291], [7.92207, 12.5005], [7.92094, 12.49823], [7.92048, 12.49567], [7.91831, 12.49411], [7.9158, 12.4935], [7.91358, 12.48943], [7.93655, 12.48198], [7.94342, 12.46212], [7.94279, 12.46071], [7.93973, 12.45741], [7.94281, 12.44969], [7.93508, 12.43256], [7.9363, 12.42967], [7.94246, 12.42939], [7.94695, 12.42159], [7.94588, 12.41836]]]}, "properties": {"name": "Kofa", "lga": "Kusada", "state": "kt"}}, {"type": "Feature", "geometry": {"type": "Polygon", "coordinates": [[[7.67709, 11.30635], [7.67669, 11.30647], [7.67604, 11.30654], [7.67533, 11.30615], [7.66872, 11.29696], [7.6384, 11.31575], [7.63396, 11.32318], [7.63152, 11.33048], [7.62644, 11.33449], [7.62003, 11.33595], [7.6142, 11.33666], [7.60951, 11.33269], [7.60596, 11.32956], [7.60389, 11.32605], [7.60056, 11.32804], [7.5985, 11.3303], [7.5973, 11.3323], [7.59603, 11.33497], [7.59181, 11.3474], [7.58762, 11.35083], [7.58862, 11.37707], [7.59573, 11.37812], [7.60046, 11.37833], [7.60563, 11.37829], [7.61117, 11.3716], [7.61744, 11.36874], [7.62315, 11.36601], [7.62729, 11.36324], [7.65702, 11.35769], [7.65811, 11.35083], [7.65711, 11.34377], [7.65548, 11.33842], [7.6582, 11.33442], [7.65739, 11.32754], [7.65787, 11.32358], [7.65795, 11.32], [7.66106, 11.31793], [7.66625, 11.31834], [7.67432, 11.31899], [7.67563, 11.31828], [7.67839, 11.31066], [7.68248, 11.31317], [7.68448, 11.30626], [7.67709, 11.30635]]]}, "properties": {"name": "Yakaji A", "lga": "Danja", "state": "kt"}}, {"type": "Feature", "geometry": {"type": "Polygon", "coordinates": [[[7.72827, 12.06073], [7.72625, 12.04763], [7.73061, 12.04283], [7.73742, 12.02053], [7.7344, 11.9916], [7.7354, 11.9895], [7.73688, 11.98507], [7.7372, 11.9833], [7.7371, 11.9801], [7.73748, 11.97786], [7.7402, 11.9757], [7.74128, 11.97186], [7.73754, 11.9547], [7.75197, 11.95114], [7.75067, 11.94309], [7.74684, 11.93734], [7.7414, 11.9308], [7.73562, 11.93255], [7.7273, 11.93238], [7.71741, 11.93096], [7.70077, 11.92101], [7.7008, 11.91758], [7.70018, 11.91726], [7.69985, 11.91682], [7.69926, 11.9165], [7.70006, 11.91511], [7.69687, 11.91136], [7.69019, 11.91976], [7.68818, 11.92393], [7.68659, 11.92793], [7.68388, 11.937], [7.6688, 11.93402], [7.6433, 11.934], [7.63617, 11.94572], [7.62812, 11.94984], [7.6183, 11.95004], [7.61719, 11.95685], [7.62124, 11.96772], [7.63187, 11.97969], [7.63458, 11.9858], [7.63676, 11.98536], [7.64621, 11.98101], [7.66303, 11.99837], [7.67552, 11.99932], [7.68421, 11.99926], [7.6942, 11.99982], [7.69741, 12.01419], [7.69124, 12.02221], [7.68688, 12.03188], [7.69093, 12.04653], [7.70834, 12.04213], [7.71122, 12.04996], [7.71664, 12.06168], [7.72827, 12.06073]]]}, "properties": {"name": "Dayi", "lga": "Malumfashi", "state": "kt"}}, {"type": "Feature", "geometry": {"type": "Polygon", "coordinates": [[[7.83016, 12.53056], [7.82668, 12.53476], [7.82182, 12.53753], [7.81671, 12.5381], [7.81082, 12.53597], [7.80802, 12.54415], [7.79964, 12.55753], [7.80869, 12.56098], [7.81887, 12.5637], [7.82397, 12.55677], [7.82909, 12.55147], [7.82949, 12.54766], [7.83081, 12.54275], [7.83091, 12.53844], [7.83016, 12.53056]]]}, "properties": {"name": "Galadima A", "lga": "Kankia", "state": "kt"}}, {"type": "Feature", "geometry": {"type": "Polygon", "coordinates": [[[7.24133, 11.43772], [7.2439, 11.4372], [7.2454, 11.43679], [7.2449, 11.43422], [7.2444, 11.4312], [7.24461, 11.42908], [7.24856, 11.42895], [7.25198, 11.42373], [7.25098, 11.40257], [7.24993, 11.39905], [7.24619, 11.39585], [7.23331, 11.38711], [7.23022, 11.38542], [7.2263, 11.38577], [7.22192, 11.38885], [7.219, 11.3927], [7.21581, 11.39808], [7.21399, 11.40359], [7.214, 11.4135], [7.20747, 11.42352], [7.19742, 11.42876], [7.19192, 11.4314], [7.18231, 11.4284], [7.183, 11.41273], [7.17851, 11.41102], [7.15157, 11.40861], [7.13667, 11.40912], [7.13333, 11.42671], [7.13239, 11.43082], [7.12341, 11.43852], [7.13852, 11.45834], [7.14483, 11.4563], [7.14802, 11.4539], [7.14958, 11.45036], [7.15528, 11.45446], [7.159, 11.45532], [7.1633, 11.4515], [7.1648, 11.4494], [7.1658, 11.4483], [7.1744, 11.4433], [7.18552, 11.445], [7.18913, 11.44562], [7.1896, 11.4457], [7.197, 11.4433], [7.20065, 11.45181], [7.20752, 11.45249], [7.2089, 11.4472], [7.2167, 11.4491], [7.2254, 11.4473], [7.23211, 11.43712], [7.24133, 11.43772]]]}, "properties": {"name": "Dantankari", "lga": "Dandume", "state": "kt"}}, {"type": "Feature", "geometry": {"type": "Polygon", "coordinates": [[[7.86315, 12.23258], [7.86586, 12.22917], [7.86752, 12.22657], [7.87078, 12.22373], [7.87076, 12.21995], [7.86957, 12.21595], [7.86833, 12.21415], [7.8644, 12.20969], [7.86419, 12.20727], [7.86426, 12.20152], [7.84446, 12.19872], [7.83172, 12.20039], [7.82453, 12.19894], [7.81471, 12.20248], [7.81389, 12.21463], [7.79842, 12.21817], [7.777, 12.2297], [7.77855, 12.24666], [7.78344, 12.24905], [7.79497, 12.25141], [7.79878, 12.25957], [7.79887, 12.264], [7.80521, 12.2647], [7.81013, 12.26356], [7.81409, 12.26422], [7.82041, 12.26595], [7.82954, 12.26679], [7.83066, 12.2667], [7.83307, 12.25996], [7.84251, 12.24828], [7.85464, 12.23926], [7.85737, 12.235], [7.85681, 12.23225], [7.85928, 12.23235], [7.86315, 12.23258]]]}, "properties": {"name": "Garu", "lga": "Musawa", "state": "kt"}}, {"type": "Feature", "geometry": {"type": "Polygon", "coordinates": [[[7.14282, 11.47019], [7.1285, 11.47228], [7.118, 11.47172], [7.11794, 11.471], [7.11696, 11.46894], [7.1188, 11.46177], [7.11465, 11.46191], [7.11143, 11.46205], [7.11016, 11.46209], [7.10992, 11.4637], [7.10521, 11.46882], [7.10428, 11.47005], [7.11177, 11.47551], [7.11052, 11.48009], [7.10788, 11.49177], [7.10526, 11.50332], [7.10646, 11.5198], [7.10538, 11.52846], [7.10776, 11.55093], [7.11242, 11.55422], [7.12383, 11.56004], [7.12979, 11.56613], [7.1354, 11.57845], [7.14726, 11.57883], [7.16295, 11.57593], [7.16899, 11.57635], [7.17666, 11.5763], [7.17529, 11.56706], [7.17672, 11.56161], [7.17707, 11.56026], [7.17501, 11.55965], [7.17422, 11.55658], [7.17472, 11.55267], [7.17536, 11.54938], [7.17458, 11.54743], [7.177, 11.54427], [7.17644, 11.54198], [7.17618, 11.53836], [7.17975, 11.53154], [7.18453, 11.5249], [7.18602, 11.52113], [7.18692, 11.51778], [7.18777, 11.51432], [7.18784, 11.51145], [7.18734, 11.50858], [7.18748, 11.50698], [7.18519, 11.49861], [7.1812, 11.49444], [7.1745, 11.48853], [7.16683, 11.49146], [7.16512, 11.49236], [7.15908, 11.48021], [7.1548, 11.47454], [7.14499, 11.47116], [7.1436, 11.47071], [7.14282, 11.47019]]]}, "properties": {"name": "Dandume B", "lga": "Dandume", "state": "kt"}}, {"type": "Feature", "geometry": {"type": "Polygon", "coordinates": [[[7.66447, 12.82833], [7.66265, 12.85203], [7.66812, 12.85417], [7.67666, 12.86296], [7.68003, 12.8656], [7.69249, 12.86155], [7.70065, 12.86549], [7.70379, 12.86753], [7.70411, 12.87487], [7.71589, 12.88536], [7.72003, 12.8792], [7.72754, 12.87899], [7.72799, 12.88004], [7.73281, 12.88129], [7.73778, 12.88116], [7.73885, 12.87741], [7.73553, 12.87404], [7.7327, 12.86744], [7.73289, 12.8609], [7.73045, 12.86004], [7.72955, 12.83565], [7.71837, 12.83316], [7.71039, 12.83519], [7.71589, 12.82209], [7.71839, 12.82274], [7.72058, 12.82214], [7.72258, 12.81966], [7.72717, 12.81259], [7.72531, 12.81042], [7.72336, 12.81011], [7.72152, 12.80942], [7.71966, 12.81022], [7.71581, 12.81455], [7.71337, 12.81526], [7.71137, 12.81566], [7.69997, 12.81441], [7.69408, 12.81466], [7.68776, 12.81506], [7.68636, 12.81819], [7.68446, 12.82121], [7.67775, 12.83148], [7.66447, 12.82833]]]}, "properties": {"name": "Rimi", "lga": "Rimi", "state": "kt"}}, {"type": "Feature", "geometry": {"type": "Polygon", "coordinates": [[[7.59502, 12.95174], [7.57828, 12.95875], [7.57981, 12.96438], [7.5849, 12.97029], [7.58931, 12.98021], [7.59739, 12.97582], [7.60095, 12.98469], [7.6216, 12.96884], [7.62409, 12.96638], [7.62585, 12.96455], [7.62694, 12.96336], [7.6122, 12.9536], [7.59502, 12.95174]]]}, "properties": {"name": "Kudu 3", "lga": "Katsina", "state": "kt"}}, {"type": "Feature", "geometry": {"type": "Polygon", "coordinates": [[[8.55306, 12.8661], [8.54511, 12.89212], [8.56648, 12.9052], [8.57594, 12.91065], [8.58232, 12.91533], [8.59434, 12.91714], [8.62126, 12.91534], [8.62289, 12.91178], [8.62866, 12.89754], [8.62824, 12.89603], [8.62627, 12.88743], [8.6259, 12.88283], [8.6078, 12.8736], [8.60466, 12.86927], [8.60195, 12.8676], [8.5934, 12.86259], [8.58486, 12.87319], [8.57541, 12.86827], [8.57689, 12.86267], [8.57211, 12.85952], [8.56488, 12.86941], [8.55306, 12.8661]]]}, "properties": {"name": "K Malamai", "lga": "Zango", "state": "kt"}}, {"type": "Feature", "geometry": {"type": "MultiPolygon", "coordinates": [[[[7.461, 11.8037], [7.45567, 11.8036], [7.45097, 11.80722], [7.44797, 11.80764], [7.43767, 11.80799], [7.42649, 11.81435], [7.41884, 11.8187], [7.41724, 11.82751], [7.42173, 11.84021], [7.41831, 11.85113], [7.42184, 11.85676], [7.41296, 11.90528], [7.40626, 11.90808], [7.39918, 11.91215], [7.40034, 11.91421], [7.40198, 11.91637], [7.40348, 11.9177], [7.41182, 11.91882], [7.4141, 11.91986], [7.41581, 11.92154], [7.41695, 11.92251], [7.41995, 11.92286], [7.42394, 11.92384], [7.4302, 11.9268], [7.4357, 11.9259], [7.44184, 11.92503], [7.4475, 11.92263], [7.44814, 11.92257], [7.46681, 11.92165], [7.4773, 11.92296], [7.48037, 11.92334], [7.48176, 11.91587], [7.48041, 11.91252], [7.45769, 11.89925], [7.45778, 11.89851], [7.46712, 11.89293], [7.46966, 11.87795], [7.4759, 11.87193], [7.47723, 11.86947], [7.47673, 11.86806], [7.47782, 11.86701], [7.4783, 11.86728], [7.47969, 11.86783], [7.48163, 11.86592], [7.47203, 11.8589], [7.47733, 11.85059], [7.4706, 11.84], [7.4701, 11.8335], [7.4679, 11.8289], [7.47494, 11.82788], [7.47212, 11.8173], [7.46991, 11.81308], [7.46951, 11.81174], [7.46411, 11.81098], [7.461, 11.8037]]], [[[7.44976, 11.96422], [7.45375, 11.98066], [7.46623, 11.97603], [7.46037, 11.96295], [7.45843, 11.95508], [7.46139, 11.94986], [7.45811, 11.94758], [7.45351, 11.94653], [7.45046, 11.94596], [7.4477, 11.9466], [7.44976, 11.96422]]]]}, "properties": {"name": "Yargoje", "lga": "Kankara", "state": "kt"}}, {"type": "Feature", "geometry": {"type": "Polygon", "coordinates": [[[7.51497, 11.96265], [7.51061, 11.97455], [7.52388, 11.99051], [7.53635, 12.01416], [7.54738, 12.0215], [7.55833, 12.01735], [7.56027, 12.02003], [7.56265, 12.02119], [7.56434, 12.03113], [7.58766, 12.05088], [7.59153, 12.06256], [7.60702, 12.07078], [7.61554, 12.07209], [7.62719, 12.07238], [7.62023, 12.04221], [7.61392, 12.00856], [7.61403, 12.00312], [7.6149, 11.99402], [7.60969, 11.98036], [7.60416, 11.97137], [7.60199, 11.96862], [7.59862, 11.96028], [7.59476, 11.95733], [7.58892, 11.95654], [7.57934, 11.95998], [7.56075, 11.97835], [7.55913, 11.98136], [7.55616, 11.98032], [7.57121, 11.96206], [7.55403, 11.95955], [7.54461, 11.96133], [7.53549, 11.96369], [7.51657, 11.96177], [7.51497, 11.96265]]]}, "properties": {"name": "Tuge", "lga": "Musawa", "state": "kt"}}, {"type": "Feature", "geometry": {"type": "Polygon", "coordinates": [[[7.49431, 12.08555], [7.49672, 12.08953], [7.52521, 12.10742], [7.53362, 12.1074], [7.54238, 12.10575], [7.54505, 12.10717], [7.55206, 12.11459], [7.56244, 12.12288], [7.57418, 12.13303], [7.62322, 12.13655], [7.62397, 12.12512], [7.62723, 12.11471], [7.62715, 12.09854], [7.62828, 12.08445], [7.62719, 12.07238], [7.61554, 12.07209], [7.60702, 12.07078], [7.59153, 12.06256], [7.58766, 12.05088], [7.56434, 12.03113], [7.56022, 12.0328], [7.55211, 12.04152], [7.54098, 12.04853], [7.51288, 12.03213], [7.5092, 12.0467], [7.51407, 12.04964], [7.51091, 12.07062], [7.49431, 12.08555]]]}, "properties": {"name": "Dangani", "lga": "Musawa", "state": "kt"}}, {"type": "Feature", "geometry": {"type": "Polygon", "coordinates": [[[7.3125, 12.21709], [7.3046, 12.21639], [7.30328, 12.21431], [7.28127, 12.20493], [7.2762, 12.2246], [7.27236, 12.22381], [7.26734, 12.22251], [7.2538, 12.22648], [7.24207, 12.2272], [7.23863, 12.22176], [7.23492, 12.22201], [7.2193, 12.21508], [7.21778, 12.21428], [7.19166, 12.23334], [7.20868, 12.23799], [7.22021, 12.25062], [7.2245, 12.25066], [7.23403, 12.26061], [7.2395, 12.25809], [7.25175, 12.2693], [7.24647, 12.27641], [7.24868, 12.28225], [7.25975, 12.28706], [7.2632, 12.2891], [7.26677, 12.29315], [7.26991, 12.29572], [7.27143, 12.29672], [7.28424, 12.29655], [7.29009, 12.29788], [7.2928, 12.30449], [7.30083, 12.30853], [7.30264, 12.30686], [7.30606, 12.3047], [7.30805, 12.30296], [7.3077, 12.30004], [7.30606, 12.29704], [7.30392, 12.29676], [7.30264, 12.29509], [7.30308, 12.2927], [7.3052, 12.28715], [7.30349, 12.28575], [7.30262, 12.28448], [7.30363, 12.2815], [7.30435, 12.27913], [7.29622, 12.27196], [7.29551, 12.26966], [7.29673, 12.2634], [7.29857, 12.25881], [7.30028, 12.25656], [7.30085, 12.25503], [7.30242, 12.25419], [7.30385, 12.25308], [7.30271, 12.25102], [7.30261, 12.24991], [7.30454, 12.2486], [7.30492, 12.24673], [7.30684, 12.24423], [7.30832, 12.24156], [7.30813, 12.23949], [7.30805, 12.23788], [7.30892, 12.23722], [7.31001, 12.23691], [7.31172, 12.23821], [7.3131, 12.23983], [7.31429, 12.23965], [7.31552, 12.23835], [7.31685, 12.23612], [7.3178, 12.23454], [7.31795, 12.23245], [7.31771, 12.23054], [7.31581, 12.22859], [7.315, 12.22599], [7.31509, 12.22348], [7.31457, 12.22093], [7.31314, 12.21933], [7.3125, 12.21709]]]}, "properties": {"name": "Mara A", "lga": "Dan Musa", "state": "kt"}}, {"type": "Feature", "geometry": {"type": "Polygon", "coordinates": [[[7.86646, 12.91741], [7.85155, 12.9263], [7.8837, 12.9308], [7.89835, 12.93754], [7.92337, 12.96992], [7.93358, 12.96856], [7.93529, 12.96756], [7.95112, 12.93234], [7.94398, 12.92465], [7.95475, 12.91398], [7.96429, 12.92187], [7.96479, 12.92353], [7.97168, 12.92799], [7.9776, 12.9323], [7.99028, 12.93066], [8.00445, 12.92085], [7.99399, 12.90853], [7.98148, 12.90852], [7.98062, 12.88921], [7.97955, 12.87532], [7.97162, 12.87511], [7.96304, 12.87659], [7.94892, 12.87678], [7.94031, 12.8761], [7.93876, 12.86683], [7.9318, 12.8688], [7.92866, 12.87048], [7.91479, 12.88786], [7.89401, 12.90537], [7.88698, 12.90906], [7.86901, 12.91571], [7.86646, 12.91741]]]}, "properties": {"name": "Hamcheta", "lga": "Mani", "state": "kt"}}, {"type": "Feature", "geometry": {"type": "Polygon", "coordinates": [[[7.70825, 12.25653], [7.71572, 12.24556], [7.72053, 12.2437], [7.7191, 12.24117], [7.71711, 12.23764], [7.71555, 12.23304], [7.70268, 12.23304], [7.707, 12.22236], [7.71106, 12.21409], [7.71318, 12.21037], [7.70961, 12.20443], [7.67306, 12.19081], [7.67355, 12.19758], [7.67189, 12.2002], [7.6678, 12.2006], [7.66102, 12.20709], [7.65437, 12.21739], [7.63664, 12.22536], [7.6352, 12.2302], [7.63527, 12.23442], [7.63261, 12.24272], [7.6391, 12.24589], [7.64827, 12.24652], [7.65567, 12.24448], [7.66275, 12.23797], [7.66472, 12.23608], [7.66818, 12.23501], [7.67265, 12.23557], [7.68027, 12.23715], [7.67958, 12.23931], [7.67866, 12.24234], [7.67765, 12.24511], [7.70825, 12.25653]]]}, "properties": {"name": "Matazu A", "lga": "Matazu", "state": "kt"}}, {"type": "Feature", "geometry": {"type": "Polygon", "coordinates": [[[7.90628, 12.51756], [7.90218, 12.51924], [7.90135, 12.52054], [7.90092, 12.52124], [7.89998, 12.52379], [7.91166, 12.53062], [7.92655, 12.53304], [7.93852, 12.53863], [7.93631, 12.54608], [7.94032, 12.55069], [7.9508, 12.55199], [7.9521, 12.55228], [7.95386, 12.54109], [7.95774, 12.54079], [7.9653, 12.53716], [7.96582, 12.53416], [7.96213, 12.52634], [7.96247, 12.52058], [7.96285, 12.51872], [7.96424, 12.51751], [7.96977, 12.51736], [7.97016, 12.51692], [7.97586, 12.51367], [7.97629, 12.51267], [7.98032, 12.50921], [7.98075, 12.50906], [7.98965, 12.50931], [7.9881, 12.4975], [7.9768, 12.4814], [7.9761, 12.47785], [7.9764, 12.4727], [7.97645, 12.46899], [7.97407, 12.46962], [7.97203, 12.4702], [7.96675, 12.47669], [7.9643, 12.4785], [7.9561, 12.483], [7.9537, 12.4838], [7.95154, 12.48347], [7.94986, 12.48339], [7.9486, 12.48422], [7.9475, 12.4853], [7.94697, 12.48609], [7.94421, 12.4842], [7.94296, 12.48498], [7.94039, 12.48303], [7.93771, 12.48331], [7.93655, 12.48198], [7.91358, 12.48943], [7.9158, 12.4935], [7.91831, 12.49411], [7.92048, 12.49567], [7.92094, 12.49823], [7.92207, 12.5005], [7.92253, 12.50291], [7.9166, 12.5099], [7.90628, 12.51756]]]}, "properties": {"name": "Boko", "lga": "Kusada", "state": "kt"}}, {"type": "Feature", "geometry": {"type": "Polygon", "coordinates": [[[7.5861, 12.34797], [7.58021, 12.35263], [7.56687, 12.355], [7.55277, 12.35801], [7.51573, 12.36665], [7.53392, 12.39417], [7.53422, 12.39437], [7.53857, 12.39567], [7.53929, 12.39549], [7.53763, 12.39296], [7.53711, 12.39019], [7.53973, 12.39034], [7.54486, 12.38959], [7.54927, 12.38992], [7.55673, 12.39125], [7.5626, 12.39871], [7.57034, 12.40178], [7.57501, 12.40193], [7.58261, 12.40571], [7.58774, 12.40327], [7.59299, 12.40109], [7.59989, 12.39858], [7.59991, 12.39602], [7.60121, 12.3939], [7.60086, 12.39], [7.59927, 12.38738], [7.6064, 12.37728], [7.60579, 12.37403], [7.5963, 12.37005], [7.59636, 12.36677], [7.59425, 12.36534], [7.5939, 12.36236], [7.5861, 12.34797]]]}, "properties": {"name": "Kuki B", "lga": "Dutsin Ma", "state": "kt"}}, {"type": "Feature", "geometry": {"type": "Polygon", "coordinates": [[[7.24502, 13.02108], [7.25499, 13.03384], [7.2709, 13.0257], [7.32994, 13.02933], [7.33426, 13.03304], [7.33812, 13.05312], [7.33753, 13.05952], [7.33496, 13.06397], [7.33574, 13.07747], [7.33854, 13.0805], [7.3411, 13.08115], [7.34383, 13.0808], [7.34544, 13.07895], [7.34717, 13.07818], [7.34913, 13.07931], [7.34976, 13.08163], [7.34876, 13.10538], [7.34924, 13.10532], [7.37972, 13.09972], [7.38233, 13.10124], [7.38532, 13.10299], [7.38791, 13.08955], [7.3863, 13.075], [7.40415, 13.07389], [7.39734, 13.06376], [7.40294, 13.0514], [7.40509, 13.04885], [7.40776, 13.04891], [7.40413, 13.03939], [7.40217, 13.03635], [7.39961, 13.03516], [7.39717, 13.0303], [7.40069, 13.01141], [7.38945, 13.00161], [7.38084, 12.99424], [7.37699, 12.9946], [7.37138, 12.99635], [7.36702, 12.99771], [7.36269, 13.00035], [7.35571, 12.9957], [7.35178, 12.99506], [7.34109, 12.99969], [7.32718, 13.00352], [7.32053, 13.00444], [7.3091, 13.00474], [7.29842, 13.00537], [7.28797, 13.00224], [7.28169, 13.00034], [7.2709, 13.00736], [7.26334, 13.00861], [7.25542, 13.01361], [7.24502, 13.02108]]]}, "properties": {"name": "Yangayya", "lga": "Jibia", "state": "kt"}}, {"type": "Feature", "geometry": {"type": "Polygon", "coordinates": [[[7.6556, 13.12695], [7.65827, 13.12747], [7.66407, 13.12671], [7.67095, 13.11634], [7.67265, 13.11376], [7.6829, 13.09754], [7.68451, 13.08723], [7.68867, 13.08594], [7.69518, 13.08158], [7.69886, 13.05808], [7.70118, 13.05816], [7.70382, 13.05872], [7.70723, 13.05848], [7.70717, 13.05547], [7.70728, 13.05258], [7.70776, 13.04997], [7.71633, 13.04971], [7.7151, 13.03972], [7.71137, 13.03853], [7.70754, 13.03513], [7.69322, 13.0203], [7.68963, 13.02404], [7.6907, 13.02522], [7.69076, 13.02722], [7.68649, 13.03077], [7.67733, 13.03261], [7.67617, 13.02568], [7.67002, 13.02543], [7.67009, 13.02613], [7.66999, 13.02801], [7.66747, 13.02813], [7.66193, 13.02867], [7.66065, 13.03376], [7.66069, 13.03395], [7.65877, 13.04084], [7.67277, 13.04884], [7.67219, 13.05145], [7.66929, 13.08103], [7.66583, 13.08318], [7.64328, 13.08612], [7.64238, 13.0549], [7.61818, 13.0575], [7.60996, 13.05932], [7.60338, 13.06038], [7.60054, 13.06149], [7.59675, 13.08411], [7.599, 13.10538], [7.60044, 13.11893], [7.63581, 13.12216], [7.64709, 13.12553], [7.6556, 13.12695]]]}, "properties": {"name": "Yandaki", "lga": "Kaita", "state": "kt"}}, {"type": "Feature", "geometry": {"type": "Polygon", "coordinates": [[[7.09255, 11.46297], [7.08851, 11.45836], [7.071, 11.4439], [7.06852, 11.44199], [7.05984, 11.43563], [7.05304, 11.42821], [7.04781, 11.4138], [7.04109, 11.39611], [7.03577, 11.3824], [7.03931, 11.36831], [7.02241, 11.37254], [7.00112, 11.37439], [6.99563, 11.36057], [6.98854, 11.36068], [6.98143, 11.35962], [6.97547, 11.35738], [6.96838, 11.3575], [6.96131, 11.35876], [6.959, 11.36112], [6.95432, 11.36351], [6.94964, 11.3659], [6.94616, 11.36943], [6.94035, 11.37416], [6.93446, 11.37541], [6.92862, 11.37898], [6.92397, 11.38252], [6.91929, 11.38491], [6.91102, 11.38504], [6.89799, 11.38407], [6.89775, 11.3813], [6.88944, 11.38364], [6.88762, 11.38965], [6.88693, 11.3962], [6.88693, 11.39633], [6.88612, 11.41735], [6.88693, 11.43118], [6.90076, 11.45883], [6.90727, 11.4751], [6.9032, 11.48649], [6.90113, 11.49181], [6.91325, 11.49352], [6.92464, 11.49737], [6.93025, 11.49927], [6.96343, 11.51049], [7.00352, 11.53535], [7.00458, 11.49755], [7.01713, 11.47295], [7.0441, 11.47213], [7.06406, 11.46581], [7.0914, 11.46519], [7.09199, 11.46459], [7.09214, 11.46419], [7.09255, 11.46297]]]}, "properties": {"name": "Dugu Muazu", "lga": "Sabuwa", "state": "kt"}}, {"type": "Feature", "geometry": {"type": "Polygon", "coordinates": [[[7.33984, 11.51347], [7.33724, 11.51766], [7.33854, 11.51893], [7.33196, 11.52413], [7.33262, 11.52494], [7.33155, 11.52976], [7.33053, 11.52969], [7.32718, 11.54435], [7.32715, 11.55357], [7.325, 11.5591], [7.3204, 11.5578], [7.31452, 11.55598], [7.31139, 11.55533], [7.31144, 11.55972], [7.30975, 11.56126], [7.30437, 11.56616], [7.30552, 11.56709], [7.31311, 11.57557], [7.31486, 11.58683], [7.32102, 11.58372], [7.32418, 11.58515], [7.33393, 11.59331], [7.34177, 11.5942], [7.34299, 11.59772], [7.33797, 11.60495], [7.33447, 11.60654], [7.32891, 11.60709], [7.32413, 11.60793], [7.31921, 11.61066], [7.31777, 11.61372], [7.31829, 11.62005], [7.32288, 11.63724], [7.32197, 11.64482], [7.32527, 11.64736], [7.33808, 11.65275], [7.34606, 11.64968], [7.34873, 11.64742], [7.36101, 11.64454], [7.36499, 11.64457], [7.37312, 11.64841], [7.38081, 11.6417], [7.38551, 11.62315], [7.38751, 11.6199], [7.38836, 11.61806], [7.38977, 11.61515], [7.39641, 11.61692], [7.39846, 11.60098], [7.39893, 11.59728], [7.40046, 11.59278], [7.40672, 11.58843], [7.41244, 11.5828], [7.41278, 11.58172], [7.40962, 11.57168], [7.40829, 11.57095], [7.40572, 11.56771], [7.40318, 11.56197], [7.40084, 11.55942], [7.39887, 11.55569], [7.39823, 11.55325], [7.3974, 11.55073], [7.39735, 11.54912], [7.39729, 11.54735], [7.39873, 11.54417], [7.40453, 11.53638], [7.40249, 11.5357], [7.40263, 11.52999], [7.40078, 11.52688], [7.3551, 11.51374], [7.35086, 11.51405], [7.34746, 11.51518], [7.34449, 11.51591], [7.34318, 11.51562], [7.34186, 11.51474], [7.33984, 11.51347]]]}, "properties": {"name": "Kurami Yankwani", "lga": "Bakori", "state": "kt"}}, {"type": "Feature", "geometry": {"type": "Polygon", "coordinates": [[[7.71043, 12.73511], [7.72521, 12.74686], [7.73292, 12.73411], [7.73395, 12.7241], [7.72939, 12.72204], [7.7129, 12.72163], [7.71362, 12.71864], [7.71439, 12.71588], [7.7152, 12.71598], [7.71606, 12.71628], [7.71662, 12.71643], [7.72006, 12.7112], [7.71867, 12.71082], [7.71625, 12.71022], [7.7215, 12.6972], [7.7223, 12.6912], [7.74554, 12.69173], [7.74575, 12.69261], [7.74621, 12.69318], [7.74689, 12.69426], [7.75055, 12.69514], [7.75461, 12.69225], [7.75901, 12.6931], [7.75541, 12.68051], [7.75618, 12.67851], [7.75935, 12.67733], [7.75969, 12.66698], [7.76154, 12.66296], [7.76088, 12.66319], [7.75999, 12.66332], [7.75861, 12.66224], [7.75563, 12.65993], [7.7428, 12.6605], [7.73343, 12.65206], [7.7326, 12.65386], [7.72816, 12.65819], [7.72265, 12.66159], [7.72101, 12.66242], [7.71662, 12.66284], [7.71607, 12.66322], [7.69802, 12.65593], [7.69786, 12.65634], [7.6933, 12.6697], [7.68608, 12.67624], [7.68825, 12.68654], [7.68306, 12.69479], [7.67652, 12.69831], [7.68015, 12.71637], [7.68202, 12.71579], [7.69456, 12.71901], [7.70687, 12.72758], [7.71043, 12.73511]]]}, "properties": {"name": "Charanchi", "lga": "Charanchi", "state": "kt"}}, {"type": "Feature", "geometry": {"type": "Polygon", "coordinates": [[[8.76438, 12.74115], [8.78225, 12.75257], [8.79422, 12.76228], [8.80594, 12.76739], [8.8341, 12.76693], [8.8338, 12.75772], [8.84407, 12.74635], [8.84838, 12.73911], [8.85621, 12.73038], [8.86478, 12.72407], [8.86738, 12.71716], [8.86009, 12.69598], [8.86095, 12.69242], [8.86226, 12.68802], [8.8653, 12.68484], [8.87246, 12.68002], [8.86464, 12.66904], [8.85049, 12.67879], [8.84793, 12.67535], [8.84072, 12.67368], [8.8403, 12.67286], [8.84016, 12.67216], [8.83103, 12.67042], [8.8297, 12.6705], [8.82917, 12.67265], [8.82863, 12.67594], [8.82393, 12.67443], [8.81679, 12.67417], [8.80469, 12.67313], [8.80287, 12.68129], [8.79899, 12.68975], [8.79702, 12.69505], [8.78194, 12.70774], [8.77516, 12.71187], [8.77613, 12.71343], [8.7771, 12.71484], [8.77525, 12.72477], [8.77416, 12.725], [8.77341, 12.72551], [8.77309, 12.72618], [8.77275, 12.72817], [8.77337, 12.72973], [8.7738, 12.73068], [8.76438, 12.74115]]]}, "properties": {"name": "Unguwar Rai", "lga": "Baure", "state": "kt"}}, {"type": "Feature", "geometry": {"type": "Polygon", "coordinates": [[[7.3496, 12.26799], [7.34706, 12.26119], [7.3432, 12.24043], [7.33971, 12.24057], [7.33643, 12.23931], [7.33486, 12.24015], [7.33193, 12.23987], [7.32894, 12.24008], [7.32701, 12.24119], [7.32694, 12.24314], [7.32423, 12.24328], [7.32302, 12.24433], [7.32338, 12.24635], [7.32373, 12.24788], [7.32288, 12.24865], [7.32067, 12.24844], [7.31946, 12.24997], [7.31893, 12.25442], [7.31814, 12.26931], [7.32411, 12.27395], [7.32539, 12.27392], [7.32858, 12.2738], [7.33165, 12.27338], [7.33379, 12.27241], [7.3349, 12.2721], [7.33657, 12.27311], [7.33757, 12.27269], [7.33885, 12.27095], [7.34135, 12.26911], [7.3496, 12.26799]]]}, "properties": {"name": "Dan Musa A", "lga": "Dan Musa", "state": "kt"}}, {"type": "Feature", "geometry": {"type": "Polygon", "coordinates": [[[8.15324, 12.6554], [8.18213, 12.65178], [8.18346, 12.63525], [8.18527, 12.62994], [8.1904, 12.62872], [8.19124, 12.62719], [8.19119, 12.62629], [8.19098, 12.62555], [8.1904, 12.62401], [8.19677, 12.62288], [8.20354, 12.62163], [8.23049, 12.61251], [8.23701, 12.60895], [8.24017, 12.60488], [8.2462, 12.59442], [8.23608, 12.59121], [8.23235, 12.58492], [8.22828, 12.58473], [8.19475, 12.56761], [8.17987, 12.56409], [8.18023, 12.56302], [8.18083, 12.56243], [8.18135, 12.56174], [8.18121, 12.56053], [8.18088, 12.55916], [8.18123, 12.55808], [8.17793, 12.54501], [8.16767, 12.54566], [8.12082, 12.54568], [8.11817, 12.56315], [8.12105, 12.58596], [8.13133, 12.58834], [8.129, 12.5911], [8.1303, 12.5916], [8.1311, 12.5931], [8.1315, 12.5942], [8.1319, 12.5959], [8.1316, 12.598], [8.1343, 12.5991], [8.1356, 12.6043], [8.1353, 12.6055], [8.14215, 12.61676], [8.14526, 12.62138], [8.15242, 12.62264], [8.15345, 12.62665], [8.15271, 12.63077], [8.1513, 12.63431], [8.15324, 12.6554]]]}, "properties": {"name": "Bareruwa", "lga": "Ingawa", "state": "kt"}}, {"type": "Feature", "geometry": {"type": "Polygon", "coordinates": [[[7.59158, 12.99661], [7.5925, 12.99111], [7.59037, 12.9891], [7.58687, 12.98891], [7.58677, 12.99055], [7.56735, 12.99216], [7.56579, 12.99717], [7.56095, 13.00762], [7.56476, 13.01208], [7.56694, 13.01378], [7.58291, 13.02052], [7.58608, 13.00528], [7.5891, 13.00412], [7.58996, 12.99849], [7.58967, 12.99837], [7.58884, 12.99791], [7.59158, 12.99661]]]}, "properties": {"name": "Yamma 1", "lga": "Katsina", "state": "kt"}}, {"type": "Feature", "geometry": {"type": "Polygon", "coordinates": [[[7.70652, 13.24461], [7.6891, 13.24881], [7.68168, 13.25416], [7.67584, 13.2503], [7.66675, 13.2666], [7.6867, 13.2782], [7.72598, 13.29724], [7.7589, 13.31041], [7.76746, 13.31569], [7.77844, 13.32291], [7.79613, 13.33734], [7.8197, 13.35227], [7.81934, 13.34175], [7.81878, 13.32514], [7.81226, 13.30895], [7.81353, 13.30285], [7.81843, 13.2862], [7.829, 13.27695], [7.84796, 13.28019], [7.8518, 13.26933], [7.84945, 13.26732], [7.84178, 13.26327], [7.83348, 13.26253], [7.82567, 13.26251], [7.81536, 13.26581], [7.81001, 13.26617], [7.79919, 13.26724], [7.78202, 13.26826], [7.77397, 13.27236], [7.75898, 13.26789], [7.74933, 13.26601], [7.73752, 13.26078], [7.7335, 13.25321], [7.72394, 13.25318], [7.70652, 13.24461]]]}, "properties": {"name": "Dankama", "lga": "Kaita", "state": "kt"}}, {"type": "Feature", "geometry": {"type": "Polygon", "coordinates": [[[7.50723, 11.49032], [7.50428, 11.50633], [7.49994, 11.51655], [7.4916, 11.5219], [7.48668, 11.52118], [7.48113, 11.52242], [7.47699, 11.52598], [7.46758, 11.52892], [7.46331, 11.5367], [7.45629, 11.54434], [7.46398, 11.54439], [7.46702, 11.53827], [7.46769, 11.53871], [7.46795, 11.53976], [7.46819, 11.54042], [7.48163, 11.54473], [7.48283, 11.54604], [7.48472, 11.54666], [7.48432, 11.54746], [7.48452, 11.54882], [7.48601, 11.55003], [7.48975, 11.55072], [7.49045, 11.5517], [7.49128, 11.5524], [7.5011, 11.55007], [7.5042, 11.5507], [7.50692, 11.55175], [7.50948, 11.55245], [7.50991, 11.55542], [7.5115, 11.55652], [7.51351, 11.55961], [7.51529, 11.56065], [7.51732, 11.56198], [7.51989, 11.56125], [7.52032, 11.5621], [7.52117, 11.56391], [7.52048, 11.56482], [7.52338, 11.56978], [7.52402, 11.57067], [7.52509, 11.57046], [7.52622, 11.57058], [7.5269, 11.57134], [7.5272, 11.57241], [7.53181, 11.57361], [7.53912, 11.5684], [7.53946, 11.56891], [7.5409, 11.56982], [7.5574, 11.57196], [7.55905, 11.57118], [7.55961, 11.56881], [7.56123, 11.5694], [7.56275, 11.5694], [7.57113, 11.57425], [7.57506, 11.57671], [7.57694, 11.57889], [7.58214, 11.58001], [7.58413, 11.57934], [7.5851, 11.57682], [7.58476, 11.57368], [7.57601, 11.56096], [7.57802, 11.54708], [7.57607, 11.54168], [7.57981, 11.53634], [7.58377, 11.53457], [7.58618, 11.53343], [7.5864, 11.53297], [7.58635, 11.53182], [7.58217, 11.51975], [7.58401, 11.50843], [7.58447, 11.49621], [7.5827, 11.49662], [7.57022, 11.50121], [7.56799, 11.50392], [7.56335, 11.50883], [7.55937, 11.5106], [7.55538, 11.51144], [7.54765, 11.50995], [7.53929, 11.50163], [7.53105, 11.49817], [7.50723, 11.49032]]]}, "properties": {"name": "Dawa Musa", "lga": "Bakori", "state": "kt"}}, {"type": "Feature", "geometry": {"type": "Polygon", "coordinates": [[[7.92261, 12.33671], [7.91856, 12.33585], [7.90273, 12.33248], [7.89467, 12.33853], [7.86461, 12.3385], [7.85789, 12.33782], [7.8584, 12.3349], [7.85493, 12.32326], [7.85504, 12.31929], [7.85165, 12.31797], [7.84855, 12.31726], [7.8449, 12.31705], [7.83941, 12.31925], [7.83698, 12.32006], [7.83242, 12.32129], [7.82994, 12.3321], [7.83057, 12.33624], [7.82038, 12.34044], [7.8083, 12.34786], [7.80782, 12.34815], [7.80513, 12.35008], [7.8029, 12.35356], [7.80177, 12.35379], [7.79698, 12.35462], [7.79417, 12.35791], [7.79721, 12.35987], [7.79861, 12.36308], [7.7983, 12.37248], [7.83687, 12.37652], [7.84151, 12.35402], [7.86105, 12.36113], [7.86237, 12.36343], [7.86598, 12.3697], [7.87525, 12.37388], [7.87854, 12.37316], [7.88315, 12.38639], [7.88096, 12.39045], [7.88089, 12.39058], [7.87857, 12.3906], [7.86479, 12.38494], [7.85894, 12.39408], [7.859, 12.39424], [7.85977, 12.39629], [7.86073, 12.39883], [7.86609, 12.40163], [7.87286, 12.40517], [7.87295, 12.40527], [7.8776, 12.41067], [7.88221, 12.40777], [7.90083, 12.40944], [7.90583, 12.39719], [7.89897, 12.38712], [7.89259, 12.3753], [7.89388, 12.37411], [7.9003, 12.36427], [7.90559, 12.36169], [7.91321, 12.36472], [7.91642, 12.35754], [7.90545, 12.35142], [7.92261, 12.33671]]]}, "properties": {"name": "Yashe B", "lga": "Kusada", "state": "kt"}}, {"type": "Feature", "geometry": {"type": "Polygon", "coordinates": [[[7.5698, 12.64604], [7.57095, 12.64567], [7.57306, 12.64655], [7.57434, 12.64785], [7.57506, 12.64864], [7.577, 12.64804], [7.57811, 12.64675], [7.581, 12.64702], [7.58233, 12.64637], [7.58261, 12.64274], [7.58084, 12.64008], [7.57959, 12.63697], [7.57859, 12.63003], [7.57836, 12.62634], [7.57658, 12.6237], [7.57665, 12.61883], [7.5772, 12.615], [7.57622, 12.61347], [7.57758, 12.6095], [7.57808, 12.60449], [7.57694, 12.60227], [7.57815, 12.59879], [7.57886, 12.59538], [7.5768, 12.59405], [7.57687, 12.58682], [7.57594, 12.58222], [7.57307, 12.58125], [7.57328, 12.57755], [7.5728, 12.57206], [7.57387, 12.56496], [7.57504, 12.56261], [7.57596, 12.56076], [7.57564, 12.55765], [7.57484, 12.55592], [7.57521, 12.55438], [7.57721, 12.55268], [7.57815, 12.54879], [7.57805, 12.54815], [7.57238, 12.5479], [7.56343, 12.5459], [7.55584, 12.54295], [7.54898, 12.54328], [7.54746, 12.54734], [7.54819, 12.55521], [7.52641, 12.56352], [7.53681, 12.58296], [7.53749, 12.58686], [7.5372, 12.59025], [7.53966, 12.5917], [7.53876, 12.59569], [7.53709, 12.59797], [7.53886, 12.60334], [7.53892, 12.60629], [7.53818, 12.60856], [7.54051, 12.6108], [7.53829, 12.6211], [7.54091, 12.6246], [7.54057, 12.62755], [7.54171, 12.63106], [7.54412, 12.63445], [7.54409, 12.63678], [7.54529, 12.63439], [7.54908, 12.62679], [7.55702, 12.62801], [7.55816, 12.62986], [7.55941, 12.63631], [7.56564, 12.63803], [7.5698, 12.64604]]]}, "properties": {"name": "Rawayau B", "lga": "Kurfi", "state": "kt"}}, {"type": "Feature", "geometry": {"type": "Polygon", "coordinates": [[[7.48608, 12.62418], [7.47012, 12.61981], [7.46727, 12.61861], [7.46395, 12.61617], [7.46113, 12.61424], [7.45752, 12.61681], [7.45569, 12.62104], [7.45324, 12.6222], [7.45242, 12.62565], [7.45434, 12.63252], [7.4588, 12.63401], [7.45445, 12.63951], [7.4485, 12.63906], [7.44093, 12.63893], [7.43667, 12.64113], [7.43882, 12.64373], [7.44027, 12.64778], [7.43747, 12.65151], [7.42563, 12.65172], [7.42642, 12.66022], [7.42602, 12.66279], [7.42514, 12.67033], [7.44239, 12.67022], [7.45987, 12.67128], [7.4686, 12.67685], [7.48339, 12.68609], [7.49587, 12.69844], [7.50408, 12.6828], [7.51306, 12.68306], [7.51535, 12.68204], [7.52361, 12.6665], [7.51984, 12.66511], [7.51516, 12.66216], [7.5154, 12.6599], [7.51427, 12.65642], [7.50446, 12.65666], [7.50323, 12.64885], [7.47937, 12.64571], [7.47724, 12.63912], [7.47778, 12.63428], [7.47987, 12.63111], [7.48675, 12.62997], [7.48608, 12.62418]]]}, "properties": {"name": "Kurfi A", "lga": "Kurfi", "state": "kt"}}, {"type": "Feature", "geometry": {"type": "Polygon", "coordinates": [[[7.51573, 12.36665], [7.50638, 12.3726], [7.515, 12.39641], [7.51494, 12.39745], [7.50664, 12.4024], [7.50831, 12.41088], [7.5103, 12.41176], [7.51551, 12.41581], [7.52386, 12.42473], [7.52975, 12.42466], [7.52909, 12.42179], [7.53052, 12.42179], [7.53857, 12.42587], [7.53954, 12.42584], [7.5404, 12.42559], [7.54072, 12.42175], [7.53991, 12.4147], [7.55795, 12.41433], [7.5597, 12.41724], [7.56729, 12.4254], [7.56628, 12.43713], [7.56985, 12.44315], [7.56878, 12.44395], [7.56794, 12.44626], [7.57052, 12.44839], [7.57188, 12.44983], [7.57382, 12.45031], [7.57378, 12.46919], [7.5883, 12.46734], [7.61997, 12.47831], [7.62127, 12.48373], [7.62274, 12.49108], [7.63106, 12.50076], [7.64022, 12.48765], [7.63599, 12.47027], [7.63916, 12.46283], [7.63951, 12.46148], [7.63159, 12.45612], [7.6298, 12.45443], [7.6279, 12.44445], [7.61571, 12.44034], [7.61229, 12.43652], [7.59944, 12.43228], [7.58478, 12.43269], [7.58062, 12.42726], [7.58692, 12.41493], [7.58261, 12.40571], [7.57501, 12.40193], [7.57034, 12.40178], [7.5626, 12.39871], [7.55673, 12.39125], [7.54927, 12.38992], [7.54486, 12.38959], [7.53973, 12.39034], [7.53711, 12.39019], [7.53763, 12.39296], [7.53929, 12.39549], [7.53857, 12.39567], [7.53422, 12.39437], [7.53392, 12.39417], [7.51573, 12.36665]]]}, "properties": {"name": "Bugagadi", "lga": "Dutsin Ma", "state": "kt"}}, {"type": "Feature", "geometry": {"type": "Polygon", "coordinates": [[[7.93215, 12.83363], [7.90441, 12.84691], [7.90134, 12.85117], [7.8951, 12.8699], [7.89825, 12.88004], [7.89307, 12.88696], [7.89382, 12.88794], [7.89495, 12.88902], [7.89601, 12.88991], [7.8988, 12.8868], [7.90173, 12.88782], [7.90227, 12.88709], [7.90347, 12.88548], [7.90484, 12.88365], [7.91153, 12.88734], [7.91403, 12.88841], [7.92866, 12.87048], [7.9318, 12.8688], [7.93876, 12.86683], [7.94031, 12.8761], [7.94892, 12.87678], [7.96304, 12.87659], [7.97162, 12.87511], [7.97955, 12.87532], [7.98062, 12.88921], [7.98148, 12.90852], [7.99399, 12.90853], [7.99282, 12.90419], [7.99133, 12.89865], [7.99044, 12.89537], [7.99646, 12.88878], [7.99597, 12.88142], [7.9935, 12.87876], [7.99151, 12.87446], [7.99621, 12.87001], [8.00533, 12.87806], [8.01089, 12.87461], [8.0197, 12.85654], [8.01999, 12.85393], [8.0197, 12.84831], [8.01809, 12.84335], [8.00771, 12.84645], [8.00452, 12.84693], [8.00223, 12.84683], [7.99935, 12.84643], [7.99051, 12.84538], [7.98685, 12.84455], [7.98399, 12.84232], [7.98212, 12.84117], [7.97872, 12.84037], [7.97147, 12.84709], [7.96599, 12.85143], [7.95677, 12.85064], [7.94356, 12.8504], [7.93999, 12.84814], [7.93783, 12.84661], [7.93215, 12.83363]]]}, "properties": {"name": "Magami", "lga": "Mani", "state": "kt"}}, {"type": "Feature", "geometry": {"type": "Polygon", "coordinates": [[[7.77523, 12.3775], [7.77115, 12.37619], [7.77081, 12.37636], [7.77079, 12.37702], [7.77046, 12.37718], [7.76075, 12.37764], [7.75865, 12.37435], [7.75542, 12.37337], [7.75725, 12.37029], [7.75346, 12.36407], [7.75217, 12.36469], [7.75181, 12.36334], [7.69786, 12.3537], [7.68696, 12.36278], [7.66699, 12.36545], [7.66351, 12.36451], [7.6567, 12.3564], [7.6544, 12.3499], [7.65205, 12.34434], [7.64963, 12.34077], [7.64584, 12.33882], [7.64076, 12.33873], [7.63734, 12.33943], [7.62472, 12.34874], [7.62079, 12.34895], [7.61984, 12.34644], [7.61497, 12.34622], [7.61378, 12.34529], [7.6101, 12.34268], [7.60913, 12.34303], [7.61927, 12.3636], [7.62348, 12.37035], [7.62825, 12.37864], [7.63186, 12.38972], [7.63431, 12.40167], [7.6331, 12.41218], [7.63339, 12.4172], [7.64144, 12.42454], [7.64881, 12.42845], [7.65355, 12.42636], [7.65576, 12.42465], [7.65736, 12.42046], [7.65829, 12.41961], [7.66356, 12.41808], [7.66771, 12.41626], [7.68024, 12.41293], [7.68151, 12.40948], [7.68176, 12.40533], [7.68237, 12.40198], [7.68127, 12.39896], [7.68042, 12.39789], [7.6788, 12.39613], [7.67591, 12.39309], [7.6809, 12.38612], [7.68218, 12.38355], [7.68403, 12.38139], [7.68931, 12.37951], [7.69949, 12.3773], [7.70584, 12.4027], [7.70667, 12.40493], [7.71283, 12.42557], [7.71726, 12.43432], [7.7285, 12.4485], [7.73397, 12.45477], [7.73602, 12.45965], [7.74561, 12.45301], [7.75553, 12.44641], [7.76743, 12.43764], [7.77653, 12.43357], [7.78391, 12.42659], [7.78434, 12.42607], [7.78724, 12.42621], [7.78599, 12.42147], [7.78631, 12.42118], [7.78813, 12.41462], [7.78041, 12.40461], [7.78808, 12.39731], [7.78725, 12.39485], [7.78589, 12.39306], [7.78631, 12.3921], [7.7868, 12.3901], [7.78065, 12.3814], [7.77844, 12.37961], [7.77616, 12.37883], [7.77523, 12.3775]]]}, "properties": {"name": "Kunduru Gyaza", "lga": "Kankia", "state": "kt"}}, {"type": "Feature", "geometry": {"type": "Polygon", "coordinates": [[[7.51249, 12.45212], [7.5162, 12.4449], [7.51786, 12.44126], [7.52074, 12.4348], [7.5191, 12.42863], [7.50611, 12.42427], [7.49618, 12.40942], [7.49576, 12.40905], [7.48766, 12.41064], [7.4845, 12.4181], [7.49172, 12.43298], [7.49463, 12.45196], [7.49769, 12.45369], [7.497, 12.45893], [7.49469, 12.46336], [7.49547, 12.46318], [7.49734, 12.46291], [7.50011, 12.4633], [7.50122, 12.45762], [7.50377, 12.45371], [7.50508, 12.45318], [7.51249, 12.45212]]]}, "properties": {"name": "Dutsin Ma A", "lga": "Dutsin Ma", "state": "kt"}}, {"type": "Feature", "geometry": {"type": "Polygon", "coordinates": [[[7.90628, 12.51756], [7.89897, 12.51102], [7.88847, 12.5024], [7.89162, 12.49736], [7.88512, 12.4934], [7.87315, 12.49331], [7.8706, 12.50239], [7.86901, 12.50622], [7.86754, 12.5103], [7.84694, 12.51151], [7.8381, 12.52462], [7.83016, 12.53056], [7.83091, 12.53844], [7.83081, 12.54275], [7.82949, 12.54766], [7.82909, 12.55147], [7.82397, 12.55677], [7.8292, 12.562], [7.8308, 12.5636], [7.8328, 12.567], [7.8332, 12.569], [7.8332, 12.5703], [7.8397, 12.574], [7.8399, 12.5758], [7.84194, 12.57978], [7.84456, 12.58567], [7.8451, 12.5905], [7.8572, 12.58812], [7.86239, 12.58067], [7.86214, 12.56665], [7.85514, 12.56438], [7.84664, 12.56316], [7.83321, 12.55754], [7.84847, 12.54056], [7.8693, 12.5376], [7.8752, 12.5329], [7.8802, 12.5292], [7.8819, 12.5287], [7.89832, 12.52926], [7.89917, 12.52478], [7.90218, 12.51924], [7.90628, 12.51756]]]}, "properties": {"name": "Galadima B", "lga": "Kankia", "state": "kt"}}, {"type": "Feature", "geometry": {"type": "Polygon", "coordinates": [[[7.5404, 12.42559], [7.53996, 12.43083], [7.54462, 12.43443], [7.55204, 12.438], [7.55292, 12.45249], [7.55716, 12.46839], [7.5412, 12.47513], [7.54253, 12.47752], [7.55418, 12.49612], [7.56085, 12.51364], [7.56689, 12.5202], [7.57008, 12.52237], [7.57571, 12.5314], [7.5754, 12.53256], [7.57507, 12.53585], [7.57815, 12.54879], [7.57721, 12.55268], [7.57521, 12.55438], [7.57484, 12.55592], [7.57564, 12.55765], [7.57596, 12.56076], [7.57504, 12.56261], [7.59805, 12.56455], [7.59765, 12.55909], [7.59654, 12.54539], [7.5981, 12.54182], [7.59765, 12.54075], [7.59671, 12.53966], [7.59374, 12.53469], [7.59663, 12.53115], [7.59732, 12.5278], [7.59724, 12.52648], [7.59514, 12.52537], [7.59401, 12.52433], [7.59399, 12.52272], [7.59132, 12.5195], [7.58955, 12.50333], [7.59237, 12.48773], [7.5903, 12.48696], [7.58971, 12.48813], [7.58717, 12.48734], [7.58665, 12.48864], [7.58601, 12.48845], [7.58676, 12.48648], [7.58625, 12.4863], [7.58561, 12.48612], [7.58506, 12.48589], [7.58467, 12.48498], [7.57378, 12.46919], [7.57382, 12.45031], [7.57188, 12.44983], [7.57052, 12.44839], [7.56794, 12.44626], [7.56878, 12.44395], [7.56985, 12.44315], [7.56628, 12.43713], [7.56729, 12.4254], [7.5597, 12.41724], [7.55795, 12.41433], [7.53991, 12.4147], [7.54072, 12.42175], [7.5404, 12.42559]]]}, "properties": {"name": "Karofi A", "lga": "Dutsin Ma", "state": "kt"}}, {"type": "Feature", "geometry": {"type": "Polygon", "coordinates": [[[7.78815, 12.70851], [7.79677, 12.70859], [7.79843, 12.70798], [7.7987, 12.70749], [7.79992, 12.70668], [7.80778, 12.70246], [7.81011, 12.69773], [7.81519, 12.69674], [7.81697, 12.69621], [7.81683, 12.69329], [7.81499, 12.6844], [7.80591, 12.68741], [7.79311, 12.68918], [7.78491, 12.69027], [7.7819, 12.68951], [7.77493, 12.69596], [7.77276, 12.7002], [7.77088, 12.70043], [7.77004, 12.69997], [7.76868, 12.69826], [7.76574, 12.69934], [7.75901, 12.6931], [7.75461, 12.69225], [7.75055, 12.69514], [7.74689, 12.69426], [7.74621, 12.69318], [7.74575, 12.69261], [7.74554, 12.69173], [7.7223, 12.6912], [7.7215, 12.6972], [7.71625, 12.71022], [7.71867, 12.71082], [7.72006, 12.7112], [7.71662, 12.71643], [7.71606, 12.71628], [7.7152, 12.71598], [7.71439, 12.71588], [7.71362, 12.71864], [7.7129, 12.72163], [7.72939, 12.72204], [7.73395, 12.7241], [7.74694, 12.71593], [7.75002, 12.70649], [7.75051, 12.70562], [7.75194, 12.70426], [7.75457, 12.70252], [7.76899, 12.70439], [7.77339, 12.70336], [7.77486, 12.70157], [7.77873, 12.69795], [7.78106, 12.69406], [7.78791, 12.69498], [7.78815, 12.70851]]]}, "properties": {"name": "Safana", "lga": "Charanchi", "state": "kt"}}, {"type": "Feature", "geometry": {"type": "Polygon", "coordinates": [[[7.94032, 12.55069], [7.93631, 12.54608], [7.93852, 12.53863], [7.92655, 12.53304], [7.91166, 12.53062], [7.89998, 12.52379], [7.89832, 12.52926], [7.8819, 12.5287], [7.8802, 12.5292], [7.8752, 12.5329], [7.8693, 12.5376], [7.84847, 12.54056], [7.83321, 12.55754], [7.84664, 12.56316], [7.85514, 12.56438], [7.86214, 12.56665], [7.86682, 12.56476], [7.8745, 12.5639], [7.88557, 12.57951], [7.8836, 12.58044], [7.89664, 12.59426], [7.90854, 12.59418], [7.91111, 12.59363], [7.91, 12.58435], [7.89684, 12.57752], [7.89854, 12.56971], [7.91045, 12.56541], [7.91443, 12.56719], [7.91597, 12.5767], [7.91833, 12.57795], [7.93168, 12.5728], [7.93175, 12.56829], [7.93808, 12.56434], [7.94346, 12.55839], [7.94032, 12.55069]]]}, "properties": {"name": "Gachi", "lga": "Kankia", "state": "kt"}}, {"type": "Feature", "geometry": {"type": "Polygon", "coordinates": [[[7.66777, 11.40551], [7.64469, 11.40176], [7.64462, 11.40176], [7.64169, 11.40372], [7.6346, 11.41759], [7.63496, 11.42272], [7.63921, 11.43486], [7.63764, 11.44884], [7.64063, 11.44944], [7.6466, 11.4537], [7.64754, 11.45335], [7.65128, 11.4529], [7.6583, 11.4524], [7.6532, 11.4667], [7.6525, 11.4696], [7.65008, 11.47044], [7.64589, 11.47013], [7.63534, 11.47542], [7.62986, 11.47721], [7.62361, 11.47972], [7.615, 11.4885], [7.60377, 11.4931], [7.59035, 11.49482], [7.58447, 11.49621], [7.58401, 11.50843], [7.58217, 11.51975], [7.58635, 11.53182], [7.5864, 11.53297], [7.58618, 11.53343], [7.58377, 11.53457], [7.57981, 11.53634], [7.57607, 11.54168], [7.57802, 11.54708], [7.57601, 11.56096], [7.58476, 11.57368], [7.58704, 11.57246], [7.59236, 11.57033], [7.59343, 11.56872], [7.59474, 11.56528], [7.60351, 11.55948], [7.60646, 11.55975], [7.60916, 11.56022], [7.61184, 11.55888], [7.61446, 11.55903], [7.61615, 11.5568], [7.61898, 11.55606], [7.62166, 11.55591], [7.62182, 11.55743], [7.6221, 11.55829], [7.623, 11.55799], [7.62389, 11.55814], [7.62671, 11.55963], [7.62835, 11.55844], [7.63073, 11.55561], [7.6255, 11.54676], [7.62175, 11.53721], [7.62186, 11.53583], [7.62807, 11.53092], [7.62973, 11.53125], [7.6304, 11.53181], [7.63083, 11.53092], [7.63049, 11.5291], [7.63083, 11.52752], [7.6275, 11.51909], [7.62588, 11.51807], [7.62469, 11.51732], [7.62212, 11.50257], [7.62585, 11.4954], [7.63198, 11.49092], [7.63317, 11.48355], [7.63688, 11.48035], [7.64634, 11.48147], [7.64838, 11.4819], [7.65281, 11.48864], [7.65586, 11.49469], [7.66645, 11.48841], [7.67517, 11.48325], [7.68278, 11.47576], [7.68627, 11.47104], [7.6874, 11.46961], [7.68948, 11.46615], [7.69211, 11.46053], [7.69341, 11.45576], [7.69397, 11.45398], [7.69312, 11.43518], [7.69306, 11.434], [7.69521, 11.43149], [7.68949, 11.4292], [7.68874, 11.42887], [7.68817, 11.42865], [7.68006, 11.42272], [7.66777, 11.40551]]]}, "properties": {"name": "Dutsen Kura", "lga": "Kafur", "state": "kt"}}, {"type": "Feature", "geometry": {"type": "Polygon", "coordinates": [[[7.60691, 12.98962], [7.60808, 12.9869], [7.60774, 12.98639], [7.60735, 12.98578], [7.60632, 12.98429], [7.60687, 12.98385], [7.60765, 12.98504], [7.60789, 12.98529], [7.61074, 12.98361], [7.6145, 12.98466], [7.61407, 12.98368], [7.61797, 12.98024], [7.6182, 12.97984], [7.61875, 12.97875], [7.61915, 12.97731], [7.62702, 12.97567], [7.62807, 12.9714], [7.63021, 12.97174], [7.63333, 12.96993], [7.63452, 12.97189], [7.6362, 12.97147], [7.6369, 12.9712], [7.63801, 12.97288], [7.64159, 12.97064], [7.63179, 12.95776], [7.6216, 12.96884], [7.60095, 12.98469], [7.5988, 12.99155], [7.60032, 12.99099], [7.6012, 12.98785], [7.60691, 12.98962]]]}, "properties": {"name": "Kudu 2", "lga": "Katsina", "state": "kt"}}, {"type": "Feature", "geometry": {"type": "Polygon", "coordinates": [[[7.66407, 13.12671], [7.65827, 13.12747], [7.6556, 13.12695], [7.64971, 13.13338], [7.63795, 13.15205], [7.63215, 13.159], [7.64006, 13.17095], [7.64528, 13.18173], [7.64777, 13.19065], [7.6461, 13.2064], [7.63855, 13.21234], [7.61469, 13.23627], [7.66675, 13.2666], [7.67584, 13.2503], [7.68168, 13.25416], [7.6891, 13.24881], [7.70652, 13.24461], [7.70802, 13.23375], [7.70993, 13.22346], [7.71871, 13.20909], [7.70686, 13.20727], [7.70642, 13.18933], [7.70531, 13.18154], [7.70844, 13.16833], [7.70619, 13.16364], [7.69874, 13.15585], [7.6945, 13.14809], [7.68967, 13.1443], [7.68008, 13.14496], [7.67619, 13.14173], [7.6681, 13.12822], [7.66407, 13.12671]]]}, "properties": {"name": "Matsai", "lga": "Kaita", "state": "kt"}}, {"type": "Feature", "geometry": {"type": "Polygon", "coordinates": [[[7.82935, 11.96865], [7.8334, 11.96974], [7.8318, 11.96399], [7.82622, 11.95333], [7.82799, 11.94298], [7.82865, 11.93889], [7.82864, 11.93094], [7.82953, 11.92205], [7.84371, 11.90195], [7.84769, 11.89334], [7.84626, 11.89379], [7.83548, 11.89437], [7.82585, 11.89836], [7.80971, 11.8955], [7.79848, 11.89915], [7.78589, 11.89735], [7.78161, 11.90838], [7.76664, 11.90035], [7.76361, 11.88956], [7.75446, 11.87289], [7.75992, 11.86403], [7.76373, 11.85991], [7.7653, 11.85768], [7.75967, 11.84812], [7.75739, 11.84777], [7.75126, 11.84944], [7.74769, 11.85077], [7.7432, 11.84902], [7.73692, 11.84972], [7.72152, 11.85077], [7.71112, 11.85213], [7.70748, 11.85778], [7.7036, 11.86381], [7.69887, 11.87346], [7.69634, 11.88001], [7.69574, 11.88266], [7.69567, 11.88462], [7.69501, 11.88629], [7.69339, 11.88853], [7.69211, 11.88992], [7.6922, 11.89243], [7.69247, 11.89531], [7.69314, 11.8974], [7.69079, 11.90514], [7.68544, 11.91063], [7.68921, 11.91142], [7.69364, 11.9097], [7.69438, 11.90967], [7.69539, 11.90991], [7.69629, 11.91008], [7.70006, 11.91511], [7.69926, 11.9165], [7.69985, 11.91682], [7.70018, 11.91726], [7.7008, 11.91758], [7.70077, 11.92101], [7.71741, 11.93096], [7.7273, 11.93238], [7.73562, 11.93255], [7.7414, 11.9308], [7.74684, 11.93734], [7.75067, 11.94309], [7.75197, 11.95114], [7.73754, 11.9547], [7.74128, 11.97186], [7.75692, 11.97039], [7.76072, 11.97003], [7.77416, 11.96603], [7.79629, 11.967], [7.80029, 11.96853], [7.82334, 11.96702], [7.82935, 11.96865]]]}, "properties": {"name": "Gora Dan Saka", "lga": "Malumfashi", "state": "kt"}}, {"type": "Feature", "geometry": {"type": "Polygon", "coordinates": [[[7.67125, 12.66018], [7.68175, 12.67418], [7.68608, 12.67624], [7.6933, 12.6697], [7.69786, 12.65634], [7.69802, 12.65593], [7.71607, 12.66322], [7.71662, 12.66284], [7.72101, 12.66242], [7.72265, 12.66159], [7.72816, 12.65819], [7.7326, 12.65386], [7.73343, 12.65206], [7.74406, 12.6515], [7.75644, 12.6458], [7.75328, 12.64429], [7.75211, 12.64212], [7.75203, 12.63952], [7.75142, 12.6376], [7.75229, 12.63456], [7.75294, 12.63285], [7.74501, 12.61926], [7.74793, 12.61246], [7.7273, 12.6096], [7.72574, 12.61083], [7.72276, 12.61145], [7.7192, 12.6111], [7.71345, 12.6118], [7.71325, 12.61072], [7.71356, 12.60944], [7.71416, 12.60675], [7.71385, 12.60501], [7.71255, 12.60267], [7.71366, 12.60074], [7.71348, 12.59931], [7.71218, 12.59788], [7.71096, 12.59892], [7.70957, 12.59701], [7.70948, 12.5953], [7.70948, 12.59319], [7.70882, 12.59092], [7.71069, 12.57928], [7.70314, 12.58072], [7.70066, 12.57971], [7.69887, 12.57855], [7.69393, 12.57955], [7.69184, 12.58092], [7.69027, 12.58134], [7.68827, 12.58028], [7.68794, 12.58158], [7.68802, 12.5832], [7.68577, 12.58369], [7.68469, 12.58255], [7.68336, 12.58166], [7.6766, 12.58886], [7.67063, 12.61307], [7.67191, 12.61385], [7.69044, 12.612], [7.69453, 12.61194], [7.69524, 12.61281], [7.70095, 12.61692], [7.7026, 12.63096], [7.69102, 12.64295], [7.68614, 12.64127], [7.68166, 12.64089], [7.67029, 12.65873], [7.67023, 12.65882], [7.67125, 12.66018]]]}, "properties": {"name": "Koda", "lga": "Charanchi", "state": "kt"}}, {"type": "Feature", "geometry": {"type": "Polygon", "coordinates": [[[7.48766, 12.41064], [7.49576, 12.40905], [7.49618, 12.40942], [7.50611, 12.42427], [7.5191, 12.42863], [7.52074, 12.4348], [7.51786, 12.44126], [7.5162, 12.4449], [7.51249, 12.45212], [7.51472, 12.46006], [7.52347, 12.46208], [7.53526, 12.46122], [7.53883, 12.45977], [7.54894, 12.45431], [7.55292, 12.45249], [7.55204, 12.438], [7.54462, 12.43443], [7.53996, 12.43083], [7.5404, 12.42559], [7.53443, 12.42464], [7.5326, 12.42367], [7.53123, 12.42242], [7.53052, 12.42179], [7.52909, 12.42179], [7.52975, 12.42466], [7.52386, 12.42473], [7.51551, 12.41581], [7.5103, 12.41176], [7.50831, 12.41088], [7.50664, 12.4024], [7.51494, 12.39745], [7.515, 12.39641], [7.50638, 12.3726], [7.49893, 12.37381], [7.48769, 12.37193], [7.45581, 12.36036], [7.45103, 12.36029], [7.44925, 12.35786], [7.44176, 12.3578], [7.42309, 12.35625], [7.42086, 12.35395], [7.41735, 12.35423], [7.41565, 12.35245], [7.40821, 12.36258], [7.40898, 12.36706], [7.40901, 12.36904], [7.40969, 12.37155], [7.41211, 12.37392], [7.40744, 12.37841], [7.40865, 12.38447], [7.41352, 12.38358], [7.41732, 12.39297], [7.46495, 12.40138], [7.46388, 12.4099], [7.46792, 12.4106], [7.48766, 12.41064]]]}, "properties": {"name": "Kutawa", "lga": "Dutsin Ma", "state": "kt"}}, {"type": "Feature", "geometry": {"type": "Polygon", "coordinates": [[[7.57675, 13.05797], [7.57659, 13.05762], [7.57596, 13.05314], [7.57562, 13.04381], [7.56661, 13.04054], [7.56384, 13.03674], [7.56254, 13.02789], [7.56, 13.024], [7.55641, 13.02674], [7.55378, 13.02863], [7.55064, 13.02634], [7.54516, 13.02269], [7.53334, 13.02212], [7.52186, 13.02457], [7.51797, 13.03046], [7.51289, 13.03382], [7.51021, 13.0409], [7.49837, 13.04601], [7.4882, 13.04423], [7.4766, 13.04476], [7.4563, 13.04342], [7.45576, 13.03274], [7.44399, 13.03588], [7.42098, 13.04891], [7.41401, 13.04905], [7.40776, 13.04891], [7.40509, 13.04885], [7.39732, 13.06253], [7.39734, 13.06376], [7.40415, 13.07389], [7.3863, 13.075], [7.38791, 13.08955], [7.38532, 13.10299], [7.46603, 13.14998], [7.46924, 13.14323], [7.47384, 13.10092], [7.47869, 13.09527], [7.48054, 13.09324], [7.48262, 13.09176], [7.48744, 13.08837], [7.49, 13.087], [7.49261, 13.087], [7.49529, 13.08842], [7.4988, 13.08777], [7.50249, 13.08771], [7.50671, 13.0914], [7.51083, 13.09294], [7.51796, 13.0911], [7.52026, 13.08935], [7.52724, 13.0905], [7.5354, 13.09801], [7.55921, 13.09629], [7.56905, 13.07169], [7.57298, 13.06384], [7.57675, 13.05797]]]}, "properties": {"name": "Kusa", "lga": "Jibia", "state": "kt"}}, {"type": "Feature", "geometry": {"type": "Polygon", "coordinates": [[[7.30437, 11.56616], [7.30975, 11.56126], [7.31144, 11.55972], [7.31139, 11.55533], [7.31452, 11.55598], [7.3204, 11.5578], [7.325, 11.5591], [7.32715, 11.55357], [7.32718, 11.54435], [7.33053, 11.52969], [7.32536, 11.52885], [7.32124, 11.53161], [7.32114, 11.5323], [7.32066, 11.53317], [7.31987, 11.5347], [7.3216, 11.53761], [7.32129, 11.53877], [7.32097, 11.54004], [7.31453, 11.5363], [7.30867, 11.54247], [7.30599, 11.53743], [7.30603, 11.53716], [7.30635, 11.53646], [7.30784, 11.53434], [7.3016, 11.53131], [7.2988, 11.53628], [7.29492, 11.53456], [7.3077, 11.5087], [7.3061, 11.50811], [7.30546, 11.50849], [7.29463, 11.49987], [7.29426, 11.49839], [7.29411, 11.4954], [7.29169, 11.49035], [7.29011, 11.48828], [7.27881, 11.48277], [7.27406, 11.48078], [7.24869, 11.49816], [7.24976, 11.50482], [7.24524, 11.50905], [7.24477, 11.51285], [7.24444, 11.51754], [7.25429, 11.52013], [7.25628, 11.52405], [7.25268, 11.53003], [7.24986, 11.534], [7.25486, 11.55922], [7.25514, 11.56541], [7.25572, 11.58064], [7.25816, 11.5798], [7.26288, 11.57782], [7.26808, 11.57528], [7.2724, 11.57525], [7.27851, 11.5748], [7.28181, 11.57335], [7.28507, 11.57212], [7.29237, 11.5729], [7.30174, 11.56764], [7.30437, 11.56616]]]}, "properties": {"name": "Makera", "lga": "Funtua", "state": "kt"}}, {"type": "Feature", "geometry": {"type": "MultiPolygon", "coordinates": [[[[7.74793, 12.61246], [7.74501, 12.61926], [7.75294, 12.63285], [7.75229, 12.63456], [7.75142, 12.6376], [7.75203, 12.63952], [7.75211, 12.64212], [7.75328, 12.64429], [7.75644, 12.6458], [7.74406, 12.6515], [7.73343, 12.65206], [7.7428, 12.6605], [7.75563, 12.65993], [7.75861, 12.66224], [7.75999, 12.66332], [7.76088, 12.66319], [7.76154, 12.66296], [7.76519, 12.66172], [7.77297, 12.66219], [7.77446, 12.66389], [7.77529, 12.6665], [7.77739, 12.66701], [7.78256, 12.66512], [7.78315, 12.66303], [7.78436, 12.66238], [7.79154, 12.6581], [7.7963, 12.64802], [7.7986, 12.64095], [7.7996, 12.63512], [7.80041, 12.6279], [7.80027, 12.62487], [7.78252, 12.60827], [7.77107, 12.60767], [7.77381, 12.60322], [7.77353, 12.60144], [7.7741, 12.60038], [7.77507, 12.59926], [7.77643, 12.59843], [7.77723, 12.5972], [7.7768, 12.59577], [7.7708, 12.59504], [7.76294, 12.5949], [7.75417, 12.59793], [7.74793, 12.61246]]], [[[7.75935, 12.67733], [7.75618, 12.67851], [7.75541, 12.68051], [7.75901, 12.6931], [7.76574, 12.69934], [7.76868, 12.69826], [7.77004, 12.69997], [7.77088, 12.70043], [7.77276, 12.7002], [7.77493, 12.69596], [7.7819, 12.68951], [7.78116, 12.68845], [7.77954, 12.68543], [7.77773, 12.68313], [7.7798, 12.67684], [7.77831, 12.6749], [7.77322, 12.67301], [7.7702, 12.67326], [7.75935, 12.67733]]]]}, "properties": {"name": "Doka", "lga": "Charanchi", "state": "kt"}}, {"type": "Feature", "geometry": {"type": "Polygon", "coordinates": [[[7.59951, 12.99266], [7.5993, 12.99361], [7.59935, 12.99387], [7.59952, 12.99389], [7.6025, 12.99247], [7.60312, 12.99451], [7.60481, 12.99484], [7.60384, 12.99769], [7.60459, 12.99801], [7.60512, 12.99821], [7.60458, 13.00245], [7.60282, 13.00922], [7.60891, 13.01383], [7.6169, 13.01321], [7.6176, 13.01225], [7.61693, 13.0116], [7.62468, 13.00787], [7.62563, 13.00977], [7.63176, 13.00962], [7.63832, 13.0095], [7.64209, 13.00799], [7.64338, 13.00741], [7.6462, 13.0037], [7.64646, 13.00239], [7.64684, 13.00023], [7.64167, 12.99902], [7.64112, 13.00054], [7.64074, 13.00138], [7.63966, 13.00547], [7.63798, 13.00556], [7.6369, 13.00529], [7.63744, 13.00443], [7.63824, 13.0012], [7.63826, 13.00066], [7.63769, 13.00024], [7.63505, 12.99949], [7.63572, 12.99841], [7.637, 12.99654], [7.63628, 12.99642], [7.63575, 12.99641], [7.63459, 12.99653], [7.6354, 12.99004], [7.63357, 12.99071], [7.63238, 12.99152], [7.62526, 12.99924], [7.61482, 12.99524], [7.60558, 12.99365], [7.60635, 12.9899], [7.60337, 12.98825], [7.6004, 12.98826], [7.59951, 12.99266]]]}, "properties": {"name": "Gabas 1", "lga": "Katsina", "state": "kt"}}, {"type": "Feature", "geometry": {"type": "Polygon", "coordinates": [[[7.14182, 11.84931], [7.14257, 11.85329], [7.14505, 11.85897], [7.14624, 11.86592], [7.14624, 11.87297], [7.14706, 11.88103], [7.14467, 11.88727], [7.14082, 11.91134], [7.14581, 11.91237], [7.16496, 11.90905], [7.1714, 11.9106], [7.1825, 11.9095], [7.1907, 11.907], [7.19157, 11.90677], [7.19096, 11.9037], [7.19306, 11.90065], [7.19976, 11.90051], [7.20598, 11.90691], [7.2053, 11.90854], [7.21708, 11.91287], [7.22642, 11.91351], [7.23593, 11.92136], [7.24657, 11.93256], [7.25264, 11.92919], [7.25632, 11.9247], [7.25806, 11.91905], [7.26034, 11.91661], [7.26427, 11.91444], [7.26589, 11.91219], [7.27336, 11.90191], [7.27442, 11.90094], [7.27612, 11.8994], [7.27895, 11.89659], [7.27867, 11.894], [7.27852, 11.89163], [7.28045, 11.88905], [7.28351, 11.88598], [7.28572, 11.88472], [7.2858, 11.88291], [7.28675, 11.88121], [7.30377, 11.86791], [7.30393, 11.8637], [7.29467, 11.85556], [7.29375, 11.85032], [7.29389, 11.84788], [7.29204, 11.84167], [7.29255, 11.83753], [7.2925, 11.83595], [7.29367, 11.83424], [7.29407, 11.83401], [7.28356, 11.8284], [7.28081, 11.82759], [7.27507, 11.82554], [7.27213, 11.82887], [7.26476, 11.82377], [7.24767, 11.80849], [7.23782, 11.79758], [7.23276, 11.79624], [7.22567, 11.78581], [7.21948, 11.78361], [7.20828, 11.787], [7.18616, 11.80203], [7.1303, 11.81024], [7.13086, 11.82034], [7.13697, 11.82991], [7.14338, 11.83717], [7.14182, 11.84931]]]}, "properties": {"name": "Yar Malamai", "lga": "Faskari", "state": "kt"}}, {"type": "Feature", "geometry": {"type": "MultiPolygon", "coordinates": [[[[7.76154, 12.66296], [7.75969, 12.66698], [7.75935, 12.67733], [7.7702, 12.67326], [7.77322, 12.67301], [7.77831, 12.6749], [7.7798, 12.67684], [7.77773, 12.68313], [7.77954, 12.68543], [7.78116, 12.68845], [7.7819, 12.68951], [7.78491, 12.69027], [7.79311, 12.68918], [7.80591, 12.68741], [7.81499, 12.6844], [7.8167, 12.6725], [7.8247, 12.6747], [7.82497, 12.67258], [7.8244, 12.6594], [7.8098, 12.6618], [7.812, 12.6508], [7.8127, 12.636], [7.7996, 12.63512], [7.7986, 12.64095], [7.7963, 12.64802], [7.79154, 12.6581], [7.78436, 12.66238], [7.78315, 12.66303], [7.78256, 12.66512], [7.77739, 12.66701], [7.77529, 12.6665], [7.77446, 12.66389], [7.77297, 12.66219], [7.76519, 12.66172], [7.76154, 12.66296]]], [[[7.81697, 12.69621], [7.81519, 12.69674], [7.81011, 12.69773], [7.80778, 12.70246], [7.81676, 12.70855], [7.81478, 12.71146], [7.81915, 12.7203], [7.82481, 12.71187], [7.823, 12.69631], [7.81697, 12.69621]]]]}, "properties": {"name": "Bindawa", "lga": "Bindawa", "state": "kt"}}, {"type": "Feature", "geometry": {"type": "Polygon", "coordinates": [[[7.29546, 12.31333], [7.29804, 12.31405], [7.30012, 12.31504], [7.30091, 12.31644], [7.30089, 12.31887], [7.30113, 12.32107], [7.30267, 12.32247], [7.30463, 12.32293], [7.30615, 12.32294], [7.30849, 12.32223], [7.31046, 12.32055], [7.3117, 12.31933], [7.31396, 12.31858], [7.31574, 12.31985], [7.31697, 12.32233], [7.31866, 12.32369], [7.32109, 12.3238], [7.32299, 12.32305], [7.32537, 12.32136], [7.32798, 12.32049], [7.34034, 12.31992], [7.34824, 12.32111], [7.34955, 12.31902], [7.35169, 12.31742], [7.35303, 12.31681], [7.35478, 12.30765], [7.35077, 12.28906], [7.34972, 12.28683], [7.3472, 12.28261], [7.34815, 12.27655], [7.35009, 12.26951], [7.3496, 12.26799], [7.34135, 12.26911], [7.33885, 12.27095], [7.33757, 12.27269], [7.33657, 12.27311], [7.3349, 12.2721], [7.32411, 12.27395], [7.31814, 12.26931], [7.31893, 12.25442], [7.31946, 12.24997], [7.31008, 12.25008], [7.30951, 12.25175], [7.30814, 12.25337], [7.30672, 12.25376], [7.30652, 12.25245], [7.30563, 12.25231], [7.30385, 12.25308], [7.30242, 12.25419], [7.30085, 12.25503], [7.30028, 12.25656], [7.29857, 12.25881], [7.29673, 12.2634], [7.29551, 12.26966], [7.29622, 12.27196], [7.30435, 12.27913], [7.30363, 12.2815], [7.30262, 12.28448], [7.30349, 12.28575], [7.3052, 12.28715], [7.30308, 12.2927], [7.30264, 12.29509], [7.30392, 12.29676], [7.30606, 12.29704], [7.3077, 12.30004], [7.30805, 12.30296], [7.29546, 12.31333]]]}, "properties": {"name": "Dan Musa B", "lga": "Dan Musa", "state": "kt"}}, {"type": "Feature", "geometry": {"type": "Polygon", "coordinates": [[[7.5698, 12.64604], [7.56564, 12.63803], [7.55941, 12.63631], [7.55816, 12.62986], [7.55702, 12.62801], [7.54908, 12.62679], [7.54529, 12.63439], [7.54409, 12.63678], [7.53107, 12.63436], [7.51098, 12.63114], [7.50909, 12.62562], [7.49561, 12.62177], [7.48963, 12.62273], [7.48608, 12.62418], [7.48675, 12.62997], [7.47987, 12.63111], [7.47778, 12.63428], [7.47724, 12.63912], [7.47937, 12.64571], [7.50323, 12.64885], [7.50446, 12.65666], [7.51427, 12.65642], [7.5154, 12.6599], [7.51516, 12.66216], [7.51984, 12.66511], [7.52361, 12.6665], [7.51535, 12.68204], [7.51306, 12.68306], [7.5151, 12.68886], [7.51459, 12.69298], [7.52103, 12.69589], [7.52297, 12.69641], [7.52748, 12.69696], [7.53354, 12.69625], [7.53615, 12.69074], [7.54228, 12.68629], [7.54591, 12.67979], [7.54817, 12.67728], [7.55221, 12.67592], [7.5535, 12.67205], [7.56195, 12.67064], [7.56377, 12.6683], [7.56203, 12.66499], [7.56302, 12.65842], [7.56655, 12.6546], [7.56812, 12.65272], [7.56764, 12.65059], [7.56759, 12.6478], [7.56939, 12.64617], [7.5698, 12.64604]]]}, "properties": {"name": "Barkiya", "lga": "Kurfi", "state": "kt"}}, {"type": "Feature", "geometry": {"type": "Polygon", "coordinates": [[[7.57828, 12.95875], [7.57605, 12.96045], [7.57366, 12.96209], [7.56944, 12.96412], [7.55576, 12.97656], [7.56735, 12.99216], [7.58677, 12.99055], [7.58687, 12.98891], [7.59144, 12.98962], [7.59066, 12.98807], [7.59025, 12.987], [7.59224, 12.98372], [7.59205, 12.98367], [7.59088, 12.98356], [7.59107, 12.98212], [7.58952, 12.98119], [7.58736, 12.98155], [7.58817, 12.98107], [7.5892, 12.9803], [7.58931, 12.98021], [7.5849, 12.97029], [7.57981, 12.96438], [7.57828, 12.95875]]]}, "properties": {"name": "Yamma 2", "lga": "Katsina", "state": "kt"}}, {"type": "Feature", "geometry": {"type": "Polygon", "coordinates": [[[7.51732, 11.56198], [7.51496, 11.56335], [7.51241, 11.56354], [7.50642, 11.56562], [7.50227, 11.56591], [7.49918, 11.56657], [7.49683, 11.5696], [7.49501, 11.57058], [7.49414, 11.57177], [7.4937, 11.5728], [7.49288, 11.57493], [7.4922, 11.57629], [7.49213, 11.57782], [7.49199, 11.58144], [7.49166, 11.58296], [7.49045, 11.58414], [7.4886, 11.58634], [7.48996, 11.58815], [7.5149, 11.6016], [7.5167, 11.6017], [7.51759, 11.60201], [7.52865, 11.59824], [7.53277, 11.599], [7.53505, 11.59911], [7.53704, 11.60056], [7.53968, 11.61177], [7.54463, 11.62252], [7.5507, 11.62535], [7.55292, 11.61935], [7.55702, 11.61879], [7.55953, 11.62115], [7.56415, 11.6249], [7.56803, 11.62747], [7.57076, 11.63012], [7.57222, 11.63247], [7.574, 11.63375], [7.5807, 11.63627], [7.58514, 11.63568], [7.58976, 11.63523], [7.59284, 11.63339], [7.59672, 11.63009], [7.60049, 11.62819], [7.60482, 11.62747], [7.61013, 11.62663], [7.61391, 11.6268], [7.616, 11.62448], [7.61989, 11.62159], [7.61988, 11.61067], [7.61938, 11.61022], [7.61788, 11.61026], [7.61702, 11.60984], [7.61781, 11.60722], [7.61823, 11.60512], [7.61952, 11.6016], [7.62358, 11.59447], [7.63153, 11.58986], [7.63228, 11.58811], [7.63296, 11.58787], [7.63225, 11.58595], [7.63235, 11.58361], [7.6341, 11.5819], [7.63499, 11.5812], [7.63392, 11.57872], [7.64124, 11.57135], [7.64352, 11.56989], [7.63341, 11.55294], [7.63073, 11.55561], [7.62835, 11.55844], [7.62671, 11.55963], [7.62389, 11.55814], [7.623, 11.55799], [7.6221, 11.55829], [7.62182, 11.55743], [7.62166, 11.55591], [7.61898, 11.55606], [7.61615, 11.5568], [7.61446, 11.55903], [7.61184, 11.55888], [7.60916, 11.56022], [7.60646, 11.55975], [7.60351, 11.55948], [7.59474, 11.56528], [7.59343, 11.56872], [7.59236, 11.57033], [7.58704, 11.57246], [7.58476, 11.57368], [7.5851, 11.57682], [7.58413, 11.57934], [7.58214, 11.58001], [7.57694, 11.57889], [7.57506, 11.57671], [7.57113, 11.57425], [7.56275, 11.5694], [7.56123, 11.5694], [7.55961, 11.56881], [7.55905, 11.57118], [7.5574, 11.57196], [7.5409, 11.56982], [7.53946, 11.56891], [7.53912, 11.5684], [7.53181, 11.57361], [7.5272, 11.57241], [7.5269, 11.57134], [7.52622, 11.57058], [7.52509, 11.57046], [7.52402, 11.57067], [7.52338, 11.56978], [7.52048, 11.56482], [7.52117, 11.56391], [7.52032, 11.5621], [7.51989, 11.56125], [7.51732, 11.56198]]]}, "properties": {"name": "Barde Kwantakwaran", "lga": "Bakori", "state": "kt"}}, {"type": "Feature", "geometry": {"type": "Polygon", "coordinates": [[[7.1303, 11.81024], [7.12861, 11.77961], [7.11332, 11.77902], [7.09987, 11.78074], [7.09637, 11.77957], [7.09449, 11.77758], [7.08986, 11.76977], [7.08875, 11.76474], [7.09055, 11.75067], [7.09115, 11.74598], [7.09081, 11.73944], [7.09012, 11.734], [7.07897, 11.71233], [7.07657, 11.71438], [7.07142, 11.72445], [7.05458, 11.7475], [7.04758, 11.76036], [7.03884, 11.7716], [7.02803, 11.7772], [7.01469, 11.78776], [7.00149, 11.8052], [6.99875, 11.81061], [7.01734, 11.81558], [7.02143, 11.81108], [7.03193, 11.80498], [7.03375, 11.80311], [7.03732, 11.80091], [7.03881, 11.79826], [7.03964, 11.79612], [7.04261, 11.79038], [7.04437, 11.78959], [7.04972, 11.78852], [7.05507, 11.78876], [7.05654, 11.78948], [7.06002, 11.78988], [7.0626, 11.8045], [7.0671, 11.8064], [7.0699, 11.8076], [7.0724, 11.8086], [7.07443, 11.81613], [7.0748, 11.8175], [7.10076, 11.82045], [7.14182, 11.84931], [7.14338, 11.83717], [7.13697, 11.82991], [7.13086, 11.82034], [7.1303, 11.81024]]]}, "properties": {"name": "Yankara", "lga": "Faskari", "state": "kt"}}, {"type": "Feature", "geometry": {"type": "Polygon", "coordinates": [[[7.59805, 12.56455], [7.57504, 12.56261], [7.57387, 12.56496], [7.5728, 12.57206], [7.57328, 12.57755], [7.57307, 12.58125], [7.57594, 12.58222], [7.57687, 12.58682], [7.5768, 12.59405], [7.57886, 12.59538], [7.57815, 12.59879], [7.57694, 12.60227], [7.57808, 12.60449], [7.57758, 12.6095], [7.57622, 12.61347], [7.5772, 12.615], [7.57665, 12.61883], [7.57658, 12.6237], [7.57836, 12.62634], [7.57859, 12.63003], [7.57959, 12.63697], [7.58084, 12.64008], [7.58261, 12.64274], [7.58444, 12.64214], [7.58649, 12.6423], [7.59108, 12.63308], [7.59471, 12.63136], [7.59693, 12.62883], [7.59898, 12.62816], [7.60384, 12.62924], [7.60871, 12.62457], [7.61018, 12.62104], [7.61111, 12.62007], [7.61365, 12.61894], [7.62486, 12.61777], [7.62606, 12.61621], [7.62687, 12.6156], [7.63599, 12.6087], [7.63687, 12.60651], [7.62766, 12.60001], [7.62418, 12.59239], [7.62235, 12.58977], [7.62087, 12.58754], [7.62081, 12.58432], [7.61875, 12.58351], [7.61693, 12.57919], [7.61819, 12.57663], [7.61771, 12.57481], [7.61795, 12.57104], [7.61591, 12.56789], [7.61545, 12.56622], [7.61055, 12.56622], [7.6053, 12.56517], [7.59805, 12.56455]]]}, "properties": {"name": "Rawayau A", "lga": "Kurfi", "state": "kt"}}, {"type": "Feature", "geometry": {"type": "Polygon", "coordinates": [[[7.8764, 12.23524], [7.85681, 12.23225], [7.85737, 12.235], [7.85464, 12.23926], [7.84251, 12.24828], [7.83307, 12.25996], [7.83066, 12.2667], [7.83475, 12.26911], [7.83117, 12.29436], [7.83008, 12.29567], [7.82891, 12.29904], [7.83096, 12.30558], [7.83025, 12.31032], [7.82705, 12.317], [7.82499, 12.32152], [7.8218, 12.321], [7.81814, 12.31923], [7.81529, 12.31889], [7.81355, 12.31944], [7.81015, 12.31963], [7.80786, 12.31889], [7.80426, 12.31501], [7.79896, 12.31441], [7.77844, 12.32713], [7.76794, 12.3289], [7.759, 12.33492], [7.75969, 12.34213], [7.76106, 12.35071], [7.77015, 12.36511], [7.77017, 12.36516], [7.77212, 12.37031], [7.7794, 12.37474], [7.78128, 12.37588], [7.789, 12.37441], [7.78914, 12.37419], [7.79063, 12.37184], [7.7983, 12.37248], [7.79861, 12.36308], [7.79721, 12.35987], [7.79417, 12.35791], [7.79698, 12.35462], [7.80177, 12.35379], [7.8029, 12.35356], [7.80513, 12.35008], [7.80782, 12.34815], [7.8083, 12.34786], [7.82038, 12.34044], [7.83057, 12.33624], [7.82994, 12.3321], [7.83242, 12.32129], [7.83698, 12.32006], [7.83941, 12.31925], [7.8449, 12.31705], [7.84855, 12.31726], [7.85165, 12.31797], [7.85504, 12.31929], [7.85493, 12.32326], [7.8584, 12.3349], [7.85789, 12.33782], [7.86461, 12.3385], [7.89467, 12.33853], [7.90273, 12.33248], [7.89235, 12.33026], [7.88665, 12.30982], [7.885, 12.29852], [7.87696, 12.28958], [7.86454, 12.28068], [7.87014, 12.26637], [7.87368, 12.26065], [7.87814, 12.25342], [7.87645, 12.23575], [7.8764, 12.23524]]]}, "properties": {"name": "Rimaye", "lga": "Kankia", "state": "kt"}}, {"type": "Feature", "geometry": {"type": "Polygon", "coordinates": [[[7.7272, 12.55844], [7.72662, 12.56039], [7.72379, 12.56323], [7.72304, 12.56542], [7.72337, 12.56835], [7.72421, 12.57192], [7.72466, 12.57569], [7.73102, 12.57135], [7.7381, 12.57103], [7.74774, 12.57292], [7.75956, 12.57085], [7.76582, 12.56795], [7.76803, 12.5696], [7.77215, 12.57352], [7.79312, 12.56829], [7.7953, 12.566], [7.79964, 12.55753], [7.80802, 12.54415], [7.81082, 12.53597], [7.81023, 12.53255], [7.79182, 12.52569], [7.77149, 12.52307], [7.77063, 12.50229], [7.75399, 12.49839], [7.75231, 12.47914], [7.77038, 12.47114], [7.77131, 12.47128], [7.78421, 12.46396], [7.7937, 12.45945], [7.80649, 12.4481], [7.79983, 12.42561], [7.7954, 12.41863], [7.79614, 12.41083], [7.80245, 12.40785], [7.80335, 12.40742], [7.80369, 12.40669], [7.80329, 12.406], [7.80185, 12.40357], [7.78816, 12.39734], [7.78041, 12.40461], [7.78813, 12.41462], [7.78631, 12.42118], [7.78599, 12.42147], [7.78724, 12.42621], [7.78434, 12.42607], [7.78391, 12.42659], [7.77653, 12.43357], [7.76743, 12.43764], [7.75553, 12.44641], [7.74561, 12.45301], [7.73602, 12.45965], [7.7341, 12.4655], [7.72892, 12.47056], [7.72353, 12.47398], [7.72012, 12.48536], [7.71544, 12.49859], [7.71938, 12.50306], [7.73339, 12.51381], [7.75084, 12.50666], [7.75689, 12.52285], [7.73782, 12.52458], [7.73728, 12.52941], [7.74204, 12.54137], [7.74134, 12.54577], [7.73853, 12.54654], [7.73843, 12.54935], [7.73535, 12.55121], [7.73109, 12.55523], [7.7272, 12.55844]]]}, "properties": {"name": "Kafin Soli", "lga": "Kankia", "state": "kt"}}, {"type": "Feature", "geometry": {"type": "Polygon", "coordinates": [[[7.4917, 12.46977], [7.49654, 12.46028], [7.49773, 12.45407], [7.49463, 12.45196], [7.49172, 12.43298], [7.4845, 12.4181], [7.48766, 12.41064], [7.46792, 12.4106], [7.46388, 12.4099], [7.46495, 12.40138], [7.45503, 12.39902], [7.42665, 12.39464], [7.4213, 12.3938], [7.42066, 12.41184], [7.41948, 12.4195], [7.41374, 12.43523], [7.41351, 12.44071], [7.41611, 12.44349], [7.41652, 12.44539], [7.43715, 12.45344], [7.44015, 12.45932], [7.44257, 12.45824], [7.46113, 12.46005], [7.46589, 12.45682], [7.47754, 12.46489], [7.4788, 12.46893], [7.48701, 12.46877], [7.4917, 12.46977]]]}, "properties": {"name": "Dutsin Ma B", "lga": "Dutsin Ma", "state": "kt"}}, {"type": "Feature", "geometry": {"type": "Polygon", "coordinates": [[[7.03672, 11.20575], [7.03046, 11.20804], [7.02545, 11.20956], [7.0139, 11.21711], [6.99907, 11.22676], [6.98395, 11.23432], [6.9757, 11.23904], [6.97009, 11.24288], [6.96773, 11.24517], [6.9689, 11.24979], [6.97825, 11.26367], [6.98879, 11.27527], [6.99757, 11.27588], [7.00698, 11.27672], [7.01546, 11.28338], [7.01964, 11.2851], [7.02459, 11.28858], [7.02524, 11.2918], [7.02892, 11.29499], [7.03844, 11.29736], [7.04831, 11.3085], [7.05616, 11.30998], [7.06318, 11.31233], [7.06903, 11.31512], [7.08783, 11.31189], [7.0972, 11.30243], [7.09694, 11.30061], [7.0956, 11.29107], [7.08396, 11.28226], [7.07938, 11.26021], [7.0754, 11.24833], [7.06566, 11.24274], [7.06102, 11.23406], [7.05096, 11.23387], [7.04225, 11.21744], [7.03672, 11.20575]]]}, "properties": {"name": "Rafin Iwa", "lga": "Sabuwa", "state": "kt"}}, {"type": "Feature", "geometry": {"type": "Polygon", "coordinates": [[[7.59805, 12.56455], [7.6053, 12.56517], [7.61055, 12.56622], [7.61545, 12.56622], [7.61515, 12.5625], [7.62173, 12.54979], [7.63029, 12.54968], [7.63449, 12.5488], [7.64324, 12.54155], [7.6439, 12.52697], [7.64276, 12.52304], [7.64262, 12.52258], [7.63437, 12.51634], [7.63352, 12.51618], [7.63106, 12.50076], [7.62274, 12.49108], [7.62127, 12.48373], [7.61997, 12.47831], [7.5883, 12.46734], [7.57378, 12.46919], [7.58467, 12.48498], [7.58506, 12.48589], [7.58561, 12.48612], [7.58625, 12.4863], [7.58676, 12.48648], [7.58601, 12.48845], [7.58665, 12.48864], [7.58717, 12.48734], [7.58971, 12.48813], [7.5903, 12.48696], [7.59237, 12.48773], [7.58955, 12.50333], [7.59132, 12.5195], [7.59399, 12.52272], [7.59401, 12.52433], [7.59514, 12.52537], [7.59724, 12.52648], [7.59732, 12.5278], [7.59663, 12.53115], [7.59374, 12.53469], [7.59671, 12.53966], [7.59765, 12.54075], [7.5981, 12.54182], [7.59654, 12.54539], [7.59765, 12.55909], [7.59805, 12.56455]]]}, "properties": {"name": "Karofi B", "lga": "Dutsin Ma", "state": "kt"}}, {"type": "Feature", "geometry": {"type": "Polygon", "coordinates": [[[8.25045, 12.9643], [8.25012, 12.95868], [8.23693, 12.96153], [8.22136, 12.96251], [8.21001, 12.97177], [8.20692, 12.97394], [8.20401, 12.97753], [8.19712, 12.98471], [8.19569, 12.98709], [8.19444, 12.99021], [8.1907, 12.99366], [8.18495, 12.99895], [8.17844, 13.00474], [8.17402, 13.00973], [8.1721, 13.0128], [8.17994, 13.01711], [8.19257, 13.02922], [8.20746, 13.02948], [8.21177, 13.02365], [8.2113, 13.02075], [8.20982, 13.01661], [8.20787, 13.01313], [8.20592, 13.0118], [8.20359, 13.0098], [8.19983, 13.00818], [8.19897, 13.00695], [8.19926, 13.00523], [8.2034, 13.00319], [8.2053, 13.00038], [8.21919, 12.98114], [8.22525, 12.98348], [8.23268, 12.98605], [8.23725, 12.98605], [8.23993, 12.98708], [8.24176, 12.98704], [8.24245, 12.98482], [8.24254, 12.98421], [8.24366, 12.97625], [8.24965, 12.96593], [8.25045, 12.9643]]]}, "properties": {"name": "Mazoji B", "lga": "Daura", "state": "kt"}}, {"type": "Feature", "geometry": {"type": "Polygon", "coordinates": [[[7.11868, 11.15609], [7.10926, 11.16249], [7.10142, 11.16646], [7.09575, 11.16952], [7.08989, 11.17485], [7.08456, 11.18102], [7.07666, 11.19531], [7.07374, 11.19889], [7.06896, 11.20329], [7.06136, 11.20775], [7.06435, 11.2154], [7.07107, 11.22001], [7.07463, 11.22182], [7.0926, 11.22111], [7.10492, 11.21678], [7.11497, 11.21282], [7.11635, 11.1923], [7.12222, 11.16885], [7.12089, 11.15986], [7.11868, 11.15609]]]}, "properties": {"name": "Sabuwa B", "lga": "Sabuwa", "state": "kt"}}, {"type": "Feature", "geometry": {"type": "Polygon", "coordinates": [[[7.40962, 11.57168], [7.41278, 11.58172], [7.41705, 11.58139], [7.42155, 11.58095], [7.4253, 11.5804], [7.43787, 11.57492], [7.44233, 11.57508], [7.4433, 11.5751], [7.44575, 11.57543], [7.44532, 11.57792], [7.44445, 11.57919], [7.44467, 11.5804], [7.44555, 11.58076], [7.45065, 11.57956], [7.45626, 11.58011], [7.45795, 11.57946], [7.4596, 11.57751], [7.45982, 11.57572], [7.46106, 11.57236], [7.46616, 11.57498], [7.4724, 11.5812], [7.47651, 11.58323], [7.4795, 11.5849], [7.48001, 11.58513], [7.4808, 11.5855], [7.4826, 11.5864], [7.4886, 11.58634], [7.49045, 11.58414], [7.49166, 11.58296], [7.49199, 11.58144], [7.49213, 11.57782], [7.4922, 11.57629], [7.49288, 11.57493], [7.4937, 11.5728], [7.49414, 11.57177], [7.49501, 11.57058], [7.49683, 11.5696], [7.49918, 11.56657], [7.50227, 11.56591], [7.50642, 11.56562], [7.51241, 11.56354], [7.51496, 11.56335], [7.51732, 11.56198], [7.50991, 11.55542], [7.50948, 11.55245], [7.50692, 11.55175], [7.5042, 11.5507], [7.5011, 11.55007], [7.49128, 11.5524], [7.49045, 11.5517], [7.48975, 11.55072], [7.48601, 11.55003], [7.48452, 11.54882], [7.48432, 11.54746], [7.48472, 11.54666], [7.48283, 11.54604], [7.48163, 11.54473], [7.46819, 11.54042], [7.46795, 11.53976], [7.46769, 11.53871], [7.46702, 11.53827], [7.46459, 11.544], [7.46398, 11.54439], [7.46193, 11.54436], [7.46045, 11.54454], [7.44837, 11.5424], [7.44651, 11.53987], [7.44128, 11.53963], [7.43579, 11.53916], [7.43251, 11.53898], [7.42495, 11.54087], [7.42418, 11.56297], [7.41983, 11.56671], [7.40962, 11.57168]]]}, "properties": {"name": "Bakori B", "lga": "Bakori", "state": "kt"}}, {"type": "Feature", "geometry": {"type": "Polygon", "coordinates": [[[8.70787, 12.93001], [8.90788, 12.86983], [8.90097, 12.85366], [8.8982, 12.84606], [8.87498, 12.84495], [8.87533, 12.83808], [8.87116, 12.83784], [8.86621, 12.83734], [8.8616, 12.8372], [8.8251, 12.8387], [8.78534, 12.8438], [8.77139, 12.86443], [8.7559, 12.86193], [8.73879, 12.86276], [8.72169, 12.86481], [8.71126, 12.88918], [8.7097, 12.90836], [8.70913, 12.91906], [8.70787, 12.93001]]]}, "properties": {"name": "Faski", "lga": "Baure", "state": "kt"}}, {"type": "Feature", "geometry": {"type": "Polygon", "coordinates": [[[7.6766, 12.58886], [7.66406, 12.5868], [7.65496, 12.59175], [7.64733, 12.59591], [7.63599, 12.6087], [7.62687, 12.6156], [7.62606, 12.61621], [7.62486, 12.61777], [7.62334, 12.61816], [7.62315, 12.61821], [7.61927, 12.61898], [7.61762, 12.62552], [7.62211, 12.62843], [7.6262, 12.62865], [7.62696, 12.62917], [7.6274, 12.6302], [7.62233, 12.64011], [7.6204, 12.64418], [7.61785, 12.65589], [7.62358, 12.65803], [7.62129, 12.66685], [7.62964, 12.675], [7.62854, 12.67658], [7.62645, 12.68512], [7.62587, 12.68585], [7.6253, 12.70015], [7.62827, 12.69938], [7.63226, 12.69923], [7.63588, 12.69911], [7.63761, 12.69679], [7.64116, 12.69532], [7.63996, 12.68809], [7.64077, 12.68652], [7.64146, 12.68507], [7.64317, 12.68454], [7.64543, 12.68374], [7.64686, 12.68242], [7.64615, 12.67955], [7.64624, 12.67774], [7.64653, 12.66109], [7.67125, 12.66018], [7.67023, 12.65882], [7.67029, 12.65873], [7.68166, 12.64089], [7.68614, 12.64127], [7.69102, 12.64295], [7.7026, 12.63096], [7.70095, 12.61692], [7.69524, 12.61281], [7.69453, 12.61194], [7.69044, 12.612], [7.67191, 12.61385], [7.67063, 12.61307], [7.6766, 12.58886]]]}, "properties": {"name": "Ganuwa", "lga": "Charanchi", "state": "kt"}}, {"type": "Feature", "geometry": {"type": "Polygon", "coordinates": [[[7.33724, 11.51766], [7.33984, 11.51347], [7.34079, 11.51193], [7.34058, 11.51061], [7.33937, 11.5081], [7.33806, 11.50532], [7.34753, 11.50277], [7.35348, 11.50264], [7.35502, 11.50106], [7.35614, 11.49618], [7.35505, 11.49249], [7.35316, 11.49006], [7.35164, 11.48879], [7.34968, 11.4869], [7.3466, 11.48507], [7.34504, 11.48517], [7.34291, 11.48394], [7.34009, 11.48089], [7.34164, 11.4777], [7.34201, 11.47559], [7.34303, 11.47401], [7.3437, 11.4665], [7.33728, 11.46538], [7.33101, 11.4463], [7.3397, 11.44305], [7.34244, 11.4429], [7.34342, 11.44186], [7.34796, 11.43434], [7.34724, 11.42039], [7.34258, 11.4086], [7.34631, 11.40618], [7.34923, 11.39419], [7.34445, 11.39267], [7.34101, 11.3915], [7.33303, 11.39028], [7.33155, 11.40324], [7.32715, 11.40744], [7.3267, 11.40764], [7.32067, 11.41272], [7.31874, 11.43194], [7.3137, 11.44963], [7.31365, 11.44968], [7.30895, 11.45827], [7.28576, 11.47261], [7.28014, 11.47429], [7.27406, 11.48078], [7.27881, 11.48277], [7.29011, 11.48828], [7.29169, 11.49035], [7.29411, 11.4954], [7.29426, 11.49839], [7.29463, 11.49987], [7.30546, 11.50849], [7.3061, 11.50811], [7.3077, 11.5087], [7.30929, 11.50911], [7.30916, 11.50955], [7.30894, 11.51064], [7.31362, 11.51216], [7.31327, 11.51347], [7.31313, 11.51405], [7.31464, 11.51429], [7.31656, 11.50353], [7.31863, 11.50405], [7.31922, 11.50516], [7.3208, 11.5083], [7.32171, 11.50772], [7.32295, 11.5067], [7.32769, 11.51238], [7.33724, 11.51766]]]}, "properties": {"name": "Maigamji", "lga": "Funtua", "state": "kt"}}, {"type": "Feature", "geometry": {"type": "Polygon", "coordinates": [[[7.67029, 12.97473], [7.70945, 12.9746], [7.7123, 12.97979], [7.71424, 12.98275], [7.71348, 12.99021], [7.71384, 12.99724], [7.71581, 13.00548], [7.71794, 13.00783], [7.72569, 13.00675], [7.73547, 13.00757], [7.7611, 13.00375], [7.76008, 12.99935], [7.75884, 12.99645], [7.75955, 12.99402], [7.76169, 12.99292], [7.75347, 12.98043], [7.74848, 12.95238], [7.73477, 12.95035], [7.72875, 12.95123], [7.72696, 12.95788], [7.71867, 12.95383], [7.71243, 12.94657], [7.70623, 12.94466], [7.70509, 12.94436], [7.69959, 12.94797], [7.69499, 12.95043], [7.68718, 12.95088], [7.68491, 12.94606], [7.68408, 12.9452], [7.68432, 12.93977], [7.68203, 12.93708], [7.66916, 12.94429], [7.66993, 12.94721], [7.67051, 12.95011], [7.66304, 12.95516], [7.66155, 12.95124], [7.65517, 12.95054], [7.64547, 12.94987], [7.63796, 12.94937], [7.6368, 12.95146], [7.63583, 12.95289], [7.63179, 12.95776], [7.64159, 12.97064], [7.64261, 12.96965], [7.64375, 12.96865], [7.64735, 12.96628], [7.64969, 12.96937], [7.64983, 12.96947], [7.64969, 12.97], [7.66154, 12.97359], [7.66261, 12.97366], [7.66675, 12.9742], [7.67029, 12.97473]]]}, "properties": {"name": "Ajiwa", "lga": "Batagarawa", "state": "kt"}}, {"type": "Feature", "geometry": {"type": "Polygon", "coordinates": [[[7.7266, 13.03674], [7.7151, 13.03972], [7.71633, 13.04971], [7.70776, 13.04997], [7.70728, 13.05258], [7.70717, 13.05547], [7.70723, 13.05848], [7.70382, 13.05872], [7.70118, 13.05816], [7.69886, 13.05808], [7.69518, 13.08158], [7.68867, 13.08594], [7.68451, 13.08723], [7.6829, 13.09754], [7.68292, 13.09786], [7.69283, 13.12429], [7.69899, 13.13955], [7.70585, 13.14045], [7.70779, 13.12595], [7.71808, 13.12568], [7.72005, 13.12231], [7.72189, 13.11849], [7.72395, 13.1133], [7.72247, 13.1068], [7.72674, 13.09118], [7.73049, 13.08294], [7.73677, 13.07628], [7.75096, 13.07431], [7.76168, 13.06381], [7.77119, 13.06702], [7.77372, 13.06403], [7.77238, 13.06301], [7.77011, 13.06084], [7.76826, 13.05405], [7.75996, 13.04494], [7.75677, 13.03795], [7.7606, 13.03723], [7.76225, 13.02658], [7.75206, 13.02687], [7.74653, 13.03123], [7.74257, 13.03877], [7.7266, 13.03674]]]}, "properties": {"name": "Yanhoho", "lga": "Kaita", "state": "kt"}}, {"type": "Feature", "geometry": {"type": "Polygon", "coordinates": [[[8.2266, 12.93862], [8.22423, 12.95007], [8.22164, 12.9575], [8.22136, 12.96251], [8.23693, 12.96153], [8.25012, 12.95868], [8.25101, 12.95697], [8.25154, 12.95665], [8.25206, 12.95628], [8.26089, 12.9512], [8.26277, 12.94449], [8.2786, 12.94281], [8.28142, 12.94271], [8.28317, 12.94278], [8.289, 12.9262], [8.29719, 12.91066], [8.27343, 12.90093], [8.26876, 12.90121], [8.26636, 12.90043], [8.26403, 12.90069], [8.26317, 12.89888], [8.26024, 12.89335], [8.25816, 12.88942], [8.25375, 12.88281], [8.25297, 12.88148], [8.2506, 12.87991], [8.23952, 12.8957], [8.23478, 12.90269], [8.22992, 12.90963], [8.22992, 12.91566], [8.2297, 12.9186], [8.22942, 12.92409], [8.22763, 12.93235], [8.2266, 12.93862]]]}, "properties": {"name": "Madobi A", "lga": "Daura", "state": "kt"}}, {"type": "Feature", "geometry": {"type": "Polygon", "coordinates": [[[7.12353, 12.86519], [7.10121, 12.89839], [7.10072, 12.90066], [7.10479, 12.92521], [7.10567, 12.93294], [7.11894, 12.93639], [7.13116, 12.93957], [7.13984, 12.94212], [7.14369, 12.95296], [7.15388, 12.96808], [7.16181, 12.97328], [7.1678, 12.9858], [7.1802, 12.99376], [7.18346, 12.99727], [7.18488, 13.0006], [7.19281, 13.00153], [7.1938, 13.00165], [7.2025, 12.99949], [7.2052, 13.0007], [7.21376, 13.00574], [7.21982, 13.00595], [7.22462, 13.00735], [7.22552, 13.00789], [7.2296, 12.9965], [7.2288, 12.9932], [7.2287, 12.9862], [7.2278, 12.9833], [7.22837, 12.97578], [7.25147, 12.97493], [7.26089, 12.97469], [7.26191, 12.97486], [7.26088, 12.96724], [7.25848, 12.96171], [7.25684, 12.96074], [7.25591, 12.9565], [7.26597, 12.9458], [7.26595, 12.9417], [7.2644, 12.93384], [7.26483, 12.92933], [7.26697, 12.92689], [7.27331, 12.92467], [7.2731, 12.92126], [7.26953, 12.91828], [7.27072, 12.91494], [7.27194, 12.90779], [7.26885, 12.9027], [7.2658, 12.90006], [7.26334, 12.89674], [7.26242, 12.89318], [7.25981, 12.88961], [7.261, 12.88557], [7.24508, 12.88385], [7.23493, 12.88421], [7.22594, 12.88212], [7.21704, 12.88058], [7.19982, 12.87904], [7.19406, 12.87733], [7.19328, 12.87597], [7.18747, 12.8735], [7.17448, 12.87157], [7.16136, 12.86916], [7.13793, 12.86558], [7.12353, 12.86519]]]}, "properties": {"name": "Darini Magaji Abu", "lga": "Batsari", "state": "kt"}}, {"type": "Feature", "geometry": {"type": "Polygon", "coordinates": [[[7.27406, 11.48078], [7.28014, 11.47429], [7.28576, 11.47261], [7.28895, 11.47041], [7.2684, 11.4452], [7.2553, 11.4371], [7.2514, 11.4361], [7.2489, 11.436], [7.24133, 11.43772], [7.23955, 11.46257], [7.24245, 11.46865], [7.24484, 11.46927], [7.24688, 11.46952], [7.24554, 11.47316], [7.24615, 11.47654], [7.24568, 11.4807], [7.23682, 11.49998], [7.2386, 11.50417], [7.24117, 11.50611], [7.24642, 11.50794], [7.24747, 11.50686], [7.24836, 11.50637], [7.24976, 11.50482], [7.24869, 11.49816], [7.27406, 11.48078]]]}, "properties": {"name": "Mahuta B", "lga": "Dandume", "state": "kt"}}, {"type": "Feature", "geometry": {"type": "Polygon", "coordinates": [[[8.31687, 13.03635], [8.31854, 13.0367], [8.31881, 13.03507], [8.31905, 13.03314], [8.31915, 13.03289], [8.31558, 13.03219], [8.31922, 13.02862], [8.31787, 13.02433], [8.31859, 13.00569], [8.31069, 13.00546], [8.30554, 13.00613], [8.3044, 13.02224], [8.30432, 13.02605], [8.30407, 13.0265], [8.31237, 13.03419], [8.31687, 13.03635]]]}, "properties": {"name": "Sarkin Yara A", "lga": "Daura", "state": "kt"}}, {"type": "Feature", "geometry": {"type": "Polygon", "coordinates": [[[8.36599, 13.01711], [8.36097, 13.01192], [8.35573, 13.01123], [8.34675, 12.98893], [8.34712, 12.98039], [8.34414, 12.97976], [8.33673, 12.97786], [8.33663, 12.97801], [8.33211, 12.98637], [8.32211, 12.99813], [8.3367, 13.0013], [8.33354, 13.01334], [8.3278, 13.02068], [8.32739, 13.02739], [8.325, 13.03291], [8.33374, 13.03502], [8.33343, 13.03849], [8.33314, 13.04183], [8.33421, 13.04645], [8.34163, 13.06066], [8.35706, 13.0756], [8.37135, 13.08233], [8.38061, 13.07346], [8.3792, 13.07103], [8.37508, 13.06969], [8.36338, 13.04861], [8.36264, 13.03017], [8.36599, 13.01711]]]}, "properties": {"name": "Sabon Gari", "lga": "Daura", "state": "kt"}}, {"type": "Feature", "geometry": {"type": "Polygon", "coordinates": [[[7.56158, 12.88533], [7.56157, 12.8853], [7.54746, 12.88141], [7.54073, 12.88046], [7.53423, 12.87991], [7.52864, 12.87881], [7.51677, 12.87891], [7.51588, 12.87385], [7.51375, 12.86823], [7.50974, 12.86225], [7.50603, 12.86558], [7.50032, 12.86458], [7.49675, 12.86529], [7.49479, 12.86716], [7.49382, 12.86792], [7.4919, 12.86929], [7.48876, 12.87714], [7.48062, 12.88414], [7.47858, 12.89105], [7.46689, 12.90529], [7.4671, 12.90612], [7.46797, 12.90797], [7.46816, 12.90907], [7.46872, 12.90945], [7.47312, 12.91104], [7.47463, 12.91029], [7.47667, 12.90923], [7.47687, 12.90841], [7.47884, 12.90573], [7.48073, 12.90662], [7.48252, 12.90798], [7.48242, 12.91399], [7.47289, 12.93223], [7.47247, 12.93587], [7.47199, 12.93984], [7.47778, 12.9515], [7.48049, 12.95458], [7.48554, 12.95636], [7.50181, 12.96204], [7.51265, 12.96795], [7.51393, 12.96807], [7.51526, 12.95942], [7.51703, 12.94789], [7.5209, 12.93179], [7.52556, 12.92183], [7.53174, 12.91509], [7.53271, 12.91349], [7.53291, 12.91332], [7.5448, 12.90405], [7.56158, 12.88533]]]}, "properties": {"name": "Barawa", "lga": "Batagarawa", "state": "kt"}}, {"type": "Feature", "geometry": {"type": "Polygon", "coordinates": [[[7.60913, 12.34303], [7.6075, 12.34627], [7.6056, 12.34857], [7.60261, 12.3509], [7.60022, 12.35104], [7.59972, 12.34958], [7.60011, 12.34759], [7.59797, 12.34756], [7.59309, 12.34923], [7.58886, 12.34705], [7.5861, 12.34797], [7.5939, 12.36236], [7.59425, 12.36534], [7.59636, 12.36677], [7.5963, 12.37005], [7.60579, 12.37403], [7.6064, 12.37728], [7.59927, 12.38738], [7.60086, 12.39], [7.60121, 12.3939], [7.59991, 12.39602], [7.59989, 12.39858], [7.59299, 12.40109], [7.58774, 12.40327], [7.58261, 12.40571], [7.58692, 12.41493], [7.58062, 12.42726], [7.58478, 12.43269], [7.59944, 12.43228], [7.61229, 12.43652], [7.61571, 12.44034], [7.6279, 12.44445], [7.6298, 12.45443], [7.63159, 12.45612], [7.63534, 12.45133], [7.63243, 12.43556], [7.6374, 12.43031], [7.64144, 12.42454], [7.63339, 12.4172], [7.6331, 12.41218], [7.63431, 12.40167], [7.63186, 12.38972], [7.62825, 12.37864], [7.62348, 12.37035], [7.61927, 12.3636], [7.60913, 12.34303]]]}, "properties": {"name": "Kuki A", "lga": "Dutsin Ma", "state": "kt"}}, {"type": "Feature", "geometry": {"type": "Polygon", "coordinates": [[[8.11698, 12.93408], [8.12768, 12.91964], [8.12902, 12.91942], [8.13883, 12.91776], [8.14395, 12.90781], [8.15783, 12.90425], [8.15763, 12.90247], [8.15643, 12.89168], [8.15265, 12.89206], [8.13415, 12.8893], [8.12694, 12.89796], [8.12586, 12.90333], [8.11943, 12.91055], [8.11678, 12.91746], [8.10656, 12.91815], [8.09907, 12.91624], [8.08987, 12.91474], [8.09055, 12.90987], [8.09173, 12.90362], [8.09354, 12.89602], [8.09319, 12.89364], [8.08758, 12.88764], [8.08461, 12.91608], [8.08385, 12.92369], [8.08338, 12.92486], [8.07569, 12.93216], [8.07219, 12.93745], [8.06392, 12.93961], [8.06164, 12.94067], [8.0601, 12.94351], [8.06083, 12.94794], [8.05998, 12.95052], [8.05373, 12.95316], [8.04872, 12.95531], [8.05187, 12.96936], [8.05601, 12.98063], [8.05711, 12.98271], [8.06007, 12.98628], [8.06243, 12.98282], [8.06469, 12.97791], [8.07269, 12.97994], [8.08438, 12.98312], [8.08887, 12.976], [8.10137, 12.97508], [8.10282, 12.96632], [8.10653, 12.96693], [8.1072, 12.9632], [8.09547, 12.96121], [8.09505, 12.95689], [8.09612, 12.94724], [8.09608, 12.94714], [8.08061, 12.95084], [8.07335, 12.95755], [8.07023, 12.95611], [8.06857, 12.94326], [8.08875, 12.93583], [8.08913, 12.92175], [8.09883, 12.92022], [8.10854, 12.92365], [8.11368, 12.93355], [8.11698, 12.93408]]]}, "properties": {"name": "Yamel B", "lga": "Dutsi", "state": "kt"}}, {"type": "Feature", "geometry": {"type": "Polygon", "coordinates": [[[7.11143, 11.46205], [7.11465, 11.46191], [7.1149, 11.4609], [7.1157, 11.4581], [7.11585, 11.45775], [7.11434, 11.4576], [7.11139, 11.45653], [7.11171, 11.4553], [7.11266, 11.45164], [7.12136, 11.45233], [7.12443, 11.44677], [7.12746, 11.44427], [7.12341, 11.43852], [7.13239, 11.43082], [7.13333, 11.42671], [7.13667, 11.40912], [7.15157, 11.40861], [7.17851, 11.41102], [7.183, 11.41273], [7.18231, 11.4284], [7.19192, 11.4314], [7.19742, 11.42876], [7.20747, 11.42352], [7.214, 11.4135], [7.21399, 11.40359], [7.21581, 11.39808], [7.219, 11.3927], [7.22192, 11.38885], [7.2263, 11.38577], [7.23022, 11.38542], [7.23331, 11.38711], [7.23532, 11.36916], [7.23176, 11.36747], [7.2279, 11.36643], [7.22291, 11.36514], [7.21738, 11.36606], [7.21061, 11.36872], [7.207, 11.37261], [7.20433, 11.38004], [7.19293, 11.38822], [7.18876, 11.38915], [7.17361, 11.37899], [7.17092, 11.38244], [7.16194, 11.37711], [7.15405, 11.36508], [7.14358, 11.37732], [7.14921, 11.38394], [7.1497, 11.38599], [7.15056, 11.39055], [7.1435, 11.39631], [7.13054, 11.40412], [7.12273, 11.42127], [7.11966, 11.42838], [7.10615, 11.42864], [7.08572, 11.43042], [7.071, 11.4439], [7.08851, 11.45836], [7.09255, 11.46297], [7.09342, 11.46253], [7.09482, 11.4633], [7.09614, 11.46484], [7.10428, 11.47005], [7.10521, 11.46882], [7.10992, 11.4637], [7.11016, 11.46209], [7.11143, 11.46205]]]}, "properties": {"name": "Dansoda", "lga": "Dandume", "state": "kt"}}, {"type": "Feature", "geometry": {"type": "Polygon", "coordinates": [[[7.60054, 13.06149], [7.60051, 13.06148], [7.57675, 13.05797], [7.57298, 13.06384], [7.56905, 13.07169], [7.55921, 13.09629], [7.5354, 13.09801], [7.52724, 13.0905], [7.52026, 13.08935], [7.51796, 13.0911], [7.51083, 13.09294], [7.50671, 13.0914], [7.50249, 13.08771], [7.4988, 13.08777], [7.49529, 13.08842], [7.49261, 13.087], [7.49, 13.087], [7.48744, 13.08837], [7.48262, 13.09176], [7.48054, 13.09324], [7.47869, 13.09527], [7.47384, 13.10092], [7.46924, 13.14323], [7.46603, 13.14998], [7.61469, 13.23627], [7.63855, 13.21234], [7.6461, 13.2064], [7.64777, 13.19065], [7.64528, 13.18173], [7.64006, 13.17095], [7.63215, 13.159], [7.63795, 13.15205], [7.64971, 13.13338], [7.6556, 13.12695], [7.64709, 13.12553], [7.63581, 13.12216], [7.60044, 13.11893], [7.599, 13.10538], [7.59675, 13.08411], [7.60054, 13.06149]]]}, "properties": {"name": "Riko", "lga": "Jibia", "state": "kt"}}, {"type": "Feature", "geometry": {"type": "Polygon", "coordinates": [[[7.58261, 12.64274], [7.58233, 12.64637], [7.581, 12.64702], [7.57811, 12.64675], [7.577, 12.64804], [7.57506, 12.64864], [7.57434, 12.64785], [7.57306, 12.64655], [7.57095, 12.64567], [7.5698, 12.64604], [7.56939, 12.64617], [7.56759, 12.6478], [7.56764, 12.65059], [7.56812, 12.65272], [7.56655, 12.6546], [7.56302, 12.65842], [7.56203, 12.66499], [7.56377, 12.6683], [7.56195, 12.67064], [7.5535, 12.67205], [7.55221, 12.67592], [7.54817, 12.67728], [7.54591, 12.67979], [7.54228, 12.68629], [7.53615, 12.69074], [7.53354, 12.69625], [7.53646, 12.69682], [7.54138, 12.69717], [7.54388, 12.69696], [7.54844, 12.69849], [7.55381, 12.7002], [7.55964, 12.70135], [7.56375, 12.70407], [7.56876, 12.70264], [7.57875, 12.70202], [7.58326, 12.70452], [7.58609, 12.70202], [7.59263, 12.70144], [7.59785, 12.7], [7.60185, 12.70062], [7.60548, 12.70007], [7.60405, 12.6912], [7.60369, 12.66729], [7.60609, 12.66788], [7.62129, 12.66685], [7.62358, 12.65803], [7.61785, 12.65589], [7.6179, 12.6543], [7.61869, 12.65219], [7.61928, 12.64794], [7.6204, 12.64418], [7.62233, 12.64011], [7.6274, 12.6302], [7.62696, 12.62917], [7.6262, 12.62865], [7.62211, 12.62843], [7.61762, 12.62552], [7.61927, 12.61898], [7.61794, 12.61924], [7.61365, 12.61894], [7.61111, 12.62007], [7.61018, 12.62104], [7.60871, 12.62457], [7.60384, 12.62924], [7.59898, 12.62816], [7.59693, 12.62883], [7.59471, 12.63136], [7.59108, 12.63308], [7.58649, 12.6423], [7.58444, 12.64214], [7.58261, 12.64274]]]}, "properties": {"name": "Banye", "lga": "Charanchi", "state": "kt"}}, {"type": "Feature", "geometry": {"type": "Polygon", "coordinates": [[[7.5193, 12.55356], [7.52641, 12.56352], [7.54819, 12.55521], [7.54746, 12.54734], [7.54898, 12.54328], [7.55584, 12.54295], [7.56343, 12.5459], [7.57238, 12.5479], [7.57805, 12.54815], [7.57507, 12.53585], [7.5754, 12.53256], [7.57571, 12.5314], [7.57008, 12.52237], [7.56689, 12.5202], [7.56085, 12.51364], [7.55418, 12.49612], [7.54253, 12.47752], [7.5412, 12.47513], [7.55716, 12.46839], [7.55292, 12.45249], [7.54894, 12.45431], [7.53883, 12.45977], [7.53526, 12.46122], [7.52347, 12.46208], [7.51472, 12.46006], [7.51249, 12.45212], [7.50508, 12.45318], [7.50142, 12.45716], [7.50011, 12.4633], [7.49734, 12.46291], [7.49547, 12.46318], [7.49469, 12.46336], [7.4917, 12.46977], [7.49395, 12.47117], [7.4916, 12.47732], [7.49367, 12.48607], [7.49315, 12.48711], [7.49345, 12.4879], [7.49307, 12.48878], [7.49725, 12.49302], [7.49839, 12.4991], [7.49892, 12.50115], [7.5003, 12.50325], [7.50005, 12.50472], [7.49898, 12.50575], [7.49808, 12.50621], [7.49471, 12.50518], [7.49014, 12.50956], [7.49009, 12.51113], [7.49244, 12.51599], [7.50596, 12.52081], [7.51202, 12.53634], [7.5171, 12.5414], [7.51718, 12.5452], [7.51629, 12.54745], [7.5193, 12.55356]]]}, "properties": {"name": "Shema", "lga": "Dutsin Ma", "state": "kt"}}, {"type": "Feature", "geometry": {"type": "Polygon", "coordinates": [[[7.06136, 11.20775], [7.05842, 11.20026], [7.0469, 11.20484], [7.03672, 11.20575], [7.04225, 11.21744], [7.05096, 11.23387], [7.06102, 11.23406], [7.06566, 11.24274], [7.0754, 11.24833], [7.07938, 11.26021], [7.08396, 11.28226], [7.0956, 11.29107], [7.09694, 11.30061], [7.0972, 11.30243], [7.09723, 11.30243], [7.11311, 11.30452], [7.13639, 11.30511], [7.16158, 11.30286], [7.17512, 11.2903], [7.17883, 11.28686], [7.18706, 11.28192], [7.19283, 11.27382], [7.1932, 11.26788], [7.19479, 11.25756], [7.18897, 11.25648], [7.18148, 11.25282], [7.16603, 11.23674], [7.15768, 11.22478], [7.14731, 11.21694], [7.14218, 11.21749], [7.11497, 11.21282], [7.10492, 11.21678], [7.0926, 11.22111], [7.07463, 11.22182], [7.07107, 11.22001], [7.06435, 11.2154], [7.06136, 11.20775]]]}, "properties": {"name": "Maibakko", "lga": "Sabuwa", "state": "kt"}}, {"type": "Feature", "geometry": {"type": "Polygon", "coordinates": [[[7.31313, 11.51405], [7.31297, 11.51491], [7.31279, 11.5157], [7.31267, 11.51593], [7.3142, 11.5164], [7.314, 11.5172], [7.3137, 11.5186], [7.31355, 11.51932], [7.31041, 11.52593], [7.31142, 11.52614], [7.31104, 11.52707], [7.31126, 11.52715], [7.31674, 11.52801], [7.31752, 11.5225], [7.31628, 11.52232], [7.31536, 11.52203], [7.31858, 11.51527], [7.31931, 11.51565], [7.31987, 11.51582], [7.32053, 11.51404], [7.32194, 11.51448], [7.32366, 11.51512], [7.32624, 11.51606], [7.3266, 11.51593], [7.32769, 11.51238], [7.32295, 11.5067], [7.32171, 11.50772], [7.3208, 11.5083], [7.31922, 11.50516], [7.31863, 11.50405], [7.31656, 11.50353], [7.31464, 11.51429], [7.31313, 11.51405]]]}, "properties": {"name": "Dandutse", "lga": "Funtua", "state": "kt"}}, {"type": "Feature", "geometry": {"type": "Polygon", "coordinates": [[[7.41583, 12.89376], [7.42023, 12.89011], [7.42287, 12.88734], [7.42192, 12.88527], [7.42074, 12.87964], [7.41598, 12.87784], [7.4123, 12.8775], [7.41236, 12.85542], [7.41336, 12.85416], [7.4142, 12.85392], [7.41967, 12.8539], [7.42031, 12.85337], [7.42062, 12.85235], [7.42072, 12.8508], [7.42043, 12.85007], [7.41924, 12.84897], [7.41777, 12.848], [7.41565, 12.84557], [7.4153, 12.8445], [7.41524, 12.8402], [7.40591, 12.83938], [7.39357, 12.84431], [7.37084, 12.84455], [7.37068, 12.83207], [7.36954, 12.81691], [7.36517, 12.80646], [7.36005, 12.79954], [7.35327, 12.7944], [7.35035, 12.7905], [7.34122, 12.78925], [7.33238, 12.78883], [7.32297, 12.7896], [7.31177, 12.79607], [7.30305, 12.80037], [7.29644, 12.80038], [7.29112, 12.80107], [7.28596, 12.8017], [7.2836, 12.80466], [7.28568, 12.81011], [7.2841, 12.81786], [7.28303, 12.81936], [7.28184, 12.82302], [7.28013, 12.82617], [7.28037, 12.82777], [7.2816, 12.82955], [7.28255, 12.83146], [7.28262, 12.83456], [7.28094, 12.83711], [7.2792, 12.83861], [7.27635, 12.84056], [7.27627, 12.84226], [7.27616, 12.84471], [7.27367, 12.84795], [7.27274, 12.8494], [7.26897, 12.85435], [7.26472, 12.85645], [7.26052, 12.85782], [7.2587, 12.85953], [7.25987, 12.86189], [7.26159, 12.86701], [7.26196, 12.87761], [7.26417, 12.88031], [7.27018, 12.8782], [7.27352, 12.87775], [7.27855, 12.87708], [7.28729, 12.86976], [7.29528, 12.86467], [7.29864, 12.86378], [7.30111, 12.86961], [7.30039, 12.88748], [7.31071, 12.8951], [7.32566, 12.90313], [7.33003, 12.90249], [7.33116, 12.90289], [7.33335, 12.90369], [7.33982, 12.90889], [7.34328, 12.91014], [7.34578, 12.91131], [7.35917, 12.92577], [7.36296, 12.92772], [7.37308, 12.92751], [7.3885, 12.92807], [7.39776, 12.90852], [7.39875, 12.89774], [7.41583, 12.89376]]]}, "properties": {"name": "Dan Alhaji Yangayya", "lga": "Batsari", "state": "kt"}}, {"type": "Feature", "geometry": {"type": "Polygon", "coordinates": [[[7.14427, 11.13012], [7.13381, 11.13537], [7.12929, 11.13816], [7.12335, 11.14504], [7.12131, 11.14929], [7.11868, 11.15609], [7.12089, 11.15986], [7.12222, 11.16885], [7.11635, 11.1923], [7.11497, 11.21282], [7.14218, 11.21749], [7.14731, 11.21694], [7.15768, 11.22478], [7.16115, 11.21806], [7.1609, 11.20443], [7.15949, 11.19045], [7.16323, 11.17337], [7.15937, 11.16171], [7.15799, 11.14608], [7.16105, 11.13738], [7.16155, 11.13087], [7.15211, 11.12884], [7.14427, 11.13012]]]}, "properties": {"name": "Sabuwa A", "lga": "Sabuwa", "state": "kt"}}, {"type": "Feature", "geometry": {"type": "Polygon", "coordinates": [[[7.80842, 12.94267], [7.79346, 12.93771], [7.77078, 12.94238], [7.76599, 12.93062], [7.75428, 12.91223], [7.75271, 12.91161], [7.74976, 12.9119], [7.7469, 12.9148], [7.74091, 12.92313], [7.73138, 12.93365], [7.72924, 12.93386], [7.72823, 12.93322], [7.72664, 12.93005], [7.72093, 12.92911], [7.7179, 12.92691], [7.71251, 12.92424], [7.70892, 12.9221], [7.70616, 12.92192], [7.70488, 12.92598], [7.70274, 12.92766], [7.70093, 12.92882], [7.69807, 12.93108], [7.69486, 12.93156], [7.69272, 12.93096], [7.69081, 12.93227], [7.68998, 12.93417], [7.68203, 12.93708], [7.68432, 12.93977], [7.68408, 12.9452], [7.68491, 12.94606], [7.68718, 12.95088], [7.69499, 12.95043], [7.69959, 12.94797], [7.70509, 12.94436], [7.70623, 12.94466], [7.71243, 12.94657], [7.71867, 12.95383], [7.72696, 12.95788], [7.72875, 12.95123], [7.73477, 12.95035], [7.74848, 12.95238], [7.75347, 12.98043], [7.76169, 12.99292], [7.75955, 12.99402], [7.75884, 12.99645], [7.76008, 12.99935], [7.7611, 13.00375], [7.76199, 13.00418], [7.7701, 13.0144], [7.77059, 13.01904], [7.7708, 13.02239], [7.77194, 13.02539], [7.77344, 13.02589], [7.77694, 13.02482], [7.77987, 13.02161], [7.78708, 13.01318], [7.79325, 12.99904], [7.79283, 12.98632], [7.80169, 12.96492], [7.8035, 12.96056], [7.80842, 12.94267]]]}, "properties": {"name": "Magama Masabo Kurabau", "lga": "Rimi", "state": "kt"}}, {"type": "Feature", "geometry": {"type": "Polygon", "coordinates": [[[7.17512, 11.2903], [7.16158, 11.30286], [7.15774, 11.31236], [7.15543, 11.31731], [7.13266, 11.35745], [7.12937, 11.36887], [7.12762, 11.37529], [7.12499, 11.38198], [7.13451, 11.38822], [7.1347, 11.38816], [7.14358, 11.37732], [7.15405, 11.36508], [7.16194, 11.37711], [7.17092, 11.38244], [7.17361, 11.37899], [7.18876, 11.38915], [7.19293, 11.38822], [7.20433, 11.38004], [7.207, 11.37261], [7.21061, 11.36872], [7.21738, 11.36606], [7.22291, 11.36514], [7.2279, 11.36643], [7.23176, 11.36747], [7.23532, 11.36916], [7.23563, 11.3673], [7.23824, 11.35973], [7.2449, 11.3525], [7.25048, 11.34819], [7.25119, 11.34556], [7.24323, 11.34182], [7.23931, 11.33999], [7.23628, 11.33671], [7.23188, 11.33316], [7.22406, 11.33316], [7.22142, 11.33148], [7.21881, 11.32768], [7.21287, 11.32209], [7.20226, 11.31632], [7.18886, 11.30898], [7.19377, 11.30134], [7.17512, 11.2903]]]}, "properties": {"name": "Magaji Wando", "lga": "Dandume", "state": "kt"}}, {"type": "Feature", "geometry": {"type": "Polygon", "coordinates": [[[7.67029, 12.97473], [7.66675, 12.9742], [7.66261, 12.97366], [7.66154, 12.97359], [7.64969, 12.97], [7.64983, 12.96947], [7.64969, 12.96937], [7.64735, 12.96628], [7.63401, 12.97601], [7.63567, 12.97899], [7.6365, 12.98029], [7.63391, 12.98463], [7.63401, 12.98554], [7.63403, 12.98623], [7.63415, 12.98637], [7.63549, 12.9866], [7.63459, 12.99653], [7.63575, 12.99641], [7.63628, 12.99642], [7.637, 12.99654], [7.63572, 12.99841], [7.63505, 12.99949], [7.63769, 13.00024], [7.63826, 13.00066], [7.63824, 13.0012], [7.63744, 13.00443], [7.6369, 13.00529], [7.63798, 13.00556], [7.63966, 13.00547], [7.64074, 13.00138], [7.64112, 13.00054], [7.64167, 12.99902], [7.64684, 13.00023], [7.64451, 13.00652], [7.64338, 13.00741], [7.64209, 13.00799], [7.63832, 13.0095], [7.63837, 13.0143], [7.63848, 13.02011], [7.63847, 13.02082], [7.64566, 13.02051], [7.646, 13.01648], [7.64614, 13.01421], [7.64587, 13.01165], [7.65899, 13.01156], [7.66538, 13.01653], [7.66193, 13.02867], [7.66747, 13.02813], [7.66999, 13.02801], [7.67009, 13.02613], [7.67002, 13.02543], [7.67617, 13.02568], [7.67733, 13.03261], [7.68649, 13.03077], [7.68746, 13.03043], [7.68855, 13.02984], [7.6898, 13.0286], [7.69076, 13.02722], [7.6907, 13.02522], [7.68963, 13.02404], [7.68705, 13.02413], [7.68704, 13.02333], [7.68721, 13.01976], [7.68852, 13.01913], [7.68601, 13.01637], [7.68029, 13.01388], [7.67854, 13.01139], [7.67707, 13.00925], [7.67696, 13.00703], [7.67706, 13.00361], [7.67747, 12.99879], [7.67029, 12.97473]]]}, "properties": {"name": "Shinkafi 2", "lga": "Katsina", "state": "kt"}}]}