{"type": "FeatureCollection", "features": [{"type": "Feature", "properties": {"name": "Agaie", "state": "ni"}, "geometry": {"type": "Polygon", "coordinates": [[[6.408037186167235, 8.603014945683242], [6.439276218422776, 8.594821930287878], [6.467980384687053, 8.579115867903056], [6.486394404678094, 8.579115867903056], [6.486729840110058, 8.579314663041316], [6.500662168724148, 8.58757156177819], [6.501012930402453, 8.587781906010207], [6.535678386848133, 8.627859117404398], [6.545968533121368, 8.665769576904495], [6.546510219970742, 8.690682410964541], [6.532970428342651, 8.735633849822364], [6.534590849288293, 8.748631477960373], [6.544343471673926, 8.765962600893374], [6.575755596443685, 8.786542891641204], [6.591461657929244, 8.835285186961869], [6.599043845696997, 8.842867851370272], [6.599024387065867, 8.843256924167747], [6.598521618378015, 8.853309661112007], [6.598502158847623, 8.853698730312203], [6.58712863887564, 8.879153252120943], [6.579005240899221, 8.932770729085917], [6.584962368118852, 8.968514442087894], [6.585214636046658, 8.96881122106106], [6.594169617334046, 8.979346275210503], [6.594543748795047, 8.979803564283088], [6.584204079554695, 8.990216889797694], [6.576210147980021, 9.001446258338206], [6.568815256618848, 9.023431835111126], [6.566498704651565, 9.028852258624909], [6.560905928765635, 9.033156144140776], [6.559416994998344, 9.034432262339067], [6.560062373679671, 9.042338323854608], [6.562047325823471, 9.051058493954372], [6.54532272456413, 9.06729739565833], [6.547051430179408, 9.108243942104309], [6.537844657604921, 9.125574111755896], [6.532801333314922, 9.135661503175868], [6.531345844435236, 9.13857269407464], [6.528569692137637, 9.152653694112757], [6.525977125643863, 9.162232796806165], [6.524603190884591, 9.177488965243583], [6.531358943960129, 9.196033082960469], [6.533762766138807, 9.207933107427039], [6.535415848662524, 9.220717007184192], [6.519926548071794, 9.242582321217185], [6.511515141310781, 9.24931144716561], [6.507309436581295, 9.256881714419649], [6.508150577886909, 9.263610841267337], [6.50562715486933, 9.268657683705214], [6.491327762566243, 9.282957076907621], [6.48796320004169, 9.296415328804414], [6.471941892904056, 9.300475552005196], [6.44755354436063, 9.299274101818412], [6.425780943235964, 9.305037050119836], [6.400213997178298, 9.300075261963798], [6.378614902256004, 9.241741179911571], [6.370203494595671, 9.234170915355492], [6.354221820580619, 9.227441787608484], [6.351325337194623, 9.23627878144066], [6.327948338345209, 9.23518476696347], [6.30956256516032, 9.209390803243025], [6.31554587524198, 9.17620654099909], [6.271550234056122, 9.179079809285838], [6.266525088661979, 9.16286098224856], [6.284568945900162, 9.146446910596524], [6.292797318141766, 9.129536754917353], [6.293779054060167, 9.10361925762271], [6.323620714324534, 9.078463489698322], [6.325420230759107, 9.055782025620033], [6.316912035362179, 9.050586464993387], [6.316086673561188, 9.05012949787806], [6.29253912188301, 9.050425198564085], [6.252588178901362, 9.078163177288843], [6.249154788562691, 9.045671414604158], [6.247657841835974, 9.031505106675354], [6.249479415942346, 9.03036015639617], [6.264521300217893, 9.029372007412235], [6.261010579874437, 8.99001729606141], [6.266056747820699, 8.9752129047518], [6.266332321679329, 8.965754839114595], [6.263950987947794, 8.957945333310533], [6.279849752564076, 8.937125072863864], [6.277073111934612, 8.927662622132345], [6.276100630939425, 8.91991387002912], [6.271968209265481, 8.903119258347147], [6.26035135523091, 8.894484900657687], [6.271294003715354, 8.873035175033351], [6.260022144006768, 8.854515143858862], [6.260050540100394, 8.852350174421076], [6.263730884272945, 8.850402385861457], [6.29433537827515, 8.853534603139451], [6.30809383466277, 8.862865408411892], [6.341838927624451, 8.83397107240711], [6.343183742335896, 8.8306313491575], [6.331910861896802, 8.824933748293915], [6.316942070919879, 8.787465602355724], [6.318335497585167, 8.785265283266256], [6.333987461252377, 8.775165801360686], [6.333607718021824, 8.76812073908087], [6.330731068284194, 8.761774409561383], [6.330262901012134, 8.755969381082139], [6.321774000569746, 8.751162448987884], [6.320411874808201, 8.749861655191296], [6.315319779384367, 8.718945451671289], [6.323791503675011, 8.71305179590371], [6.343095778747227, 8.697424889147385], [6.358722687302247, 8.684555053772783], [6.36654024833382, 8.673697742856575], [6.375269412553394, 8.661574363665977], [6.379865646082749, 8.648704529190695], [6.384096621761728, 8.644262313554975], [6.39825057930085, 8.62940025411848], [6.405604360852635, 8.61193466185523], [6.408037186167235, 8.603014945683242]]]}}, {"type": "Feature", "properties": {"name": "Katcha", "state": "ni"}, "geometry": {"type": "Polygon", "coordinates": [[[6.208536148424571, 8.732375145596563], [6.22451257669411, 8.735114098337021], [6.246574879127422, 8.738791465753593], [6.267717361267273, 8.738791465753593], [6.30264902063584, 8.727760314986597], [6.315319779384367, 8.718945451671289], [6.320411874808201, 8.749861655191296], [6.321774000569746, 8.751162448987884], [6.330262901012134, 8.755969381082139], [6.330731068284194, 8.761774409561383], [6.333607718021824, 8.76812073908087], [6.333987461252377, 8.775165801360686], [6.318335497585167, 8.785265283266256], [6.316942070919879, 8.787465602355724], [6.331910861896802, 8.824933748293915], [6.343183742335896, 8.8306313491575], [6.341838927624451, 8.83397107240711], [6.30809383466277, 8.862865408411892], [6.29433537827515, 8.853534603139451], [6.263730884272945, 8.850402385861457], [6.260050540100394, 8.852350174421076], [6.260022144006768, 8.854515143858862], [6.271294003715354, 8.873035175033351], [6.26035135523091, 8.894484900657687], [6.271968209265481, 8.903119258347147], [6.276100630939425, 8.91991387002912], [6.277073111934612, 8.927662622132345], [6.279849752564076, 8.937125072863864], [6.263950987947794, 8.957945333310533], [6.266332321679329, 8.965754839114595], [6.266056747820699, 8.9752129047518], [6.261010579874437, 8.99001729606141], [6.264521300217893, 9.029372007412235], [6.249479415942346, 9.03036015639617], [6.247657841835974, 9.031505106675354], [6.249154788562691, 9.045671414604158], [6.252588178901362, 9.078163177288843], [6.29253912188301, 9.050425198564085], [6.316086673561188, 9.05012949787806], [6.316912035362179, 9.050586464993387], [6.325420230759107, 9.055782025620033], [6.323620714324534, 9.078463489698322], [6.293779054060167, 9.10361925762271], [6.292797318141766, 9.129536754917353], [6.284568945900162, 9.146446910596524], [6.266525088661979, 9.16286098224856], [6.271550234056122, 9.179079809285838], [6.31554587524198, 9.17620654099909], [6.30956256516032, 9.209390803243025], [6.327948338345209, 9.23518476696347], [6.351325337194623, 9.23627878144066], [6.354221820580619, 9.227441787608484], [6.370203494595671, 9.234170915355492], [6.378614902256004, 9.241741179911571], [6.400213997178298, 9.300075261963798], [6.425780943235964, 9.305037050119836], [6.44755354436063, 9.299274101818412], [6.471941892904056, 9.300475552005196], [6.48796320004169, 9.296415328804414], [6.503103732751129, 9.31407928543075], [6.503600521846636, 9.317805201848614], [6.504244189118083, 9.322632704136026], [6.504786015362356, 9.32669639602193], [6.501452733956569, 9.33350263523846], [6.503103732751129, 9.335948944088557], [6.504786015362356, 9.34436035174889], [6.503103732751129, 9.363706590087133], [6.506468296175001, 9.376323699778993], [6.486280918329783, 9.423427582317117], [6.483755604937244, 9.423567864865106], [6.480735778633345, 9.42373561900365], [6.480975462347772, 9.429251769053963], [6.481234074093265, 9.435203551602683], [6.478946422739284, 9.438406263138575], [6.477028370263099, 9.441091537144757], [6.471560714355519, 9.440559383109075], [6.437281029296116, 9.411550341275301], [6.41000034144264, 9.375966706698193], [6.394886572557311, 9.367295576629601], [6.337266427203929, 9.39843691463193], [6.320881430633563, 9.41033590218018], [6.297136443592024, 9.428094508854542], [6.289663295025093, 9.425083788186328], [6.236139274707796, 9.467388441323578], [6.21111193087097, 9.459859341435504], [6.201188350961672, 9.461841047926043], [6.15844613807883, 9.446609696280518], [6.158261827421427, 9.433831517110889], [6.166839399218929, 9.390092734891823], [6.165325463399483, 9.37480951214934], [6.162508687825721, 9.338685424592711], [6.159286666046853, 9.317618987326455], [6.139852820251519, 9.30137829956891], [6.137525446742018, 9.288715177863196], [6.136922722006091, 9.26149969805266], [6.141918628641861, 9.24960898606588], [6.143178311729741, 9.249538520586327], [6.221193926358637, 9.23061806087486], [6.203184552724963, 9.19456492982772], [6.173647021592842, 9.185181606845731], [6.164995152304471, 9.172030735130363], [6.155412944252021, 9.150544220939082], [6.14281849927437, 9.138991932831459], [6.143659539855946, 9.110912265688569], [6.115416480286399, 9.051725579571894], [6.110330742170049, 9.049495068442695], [6.106227652784014, 9.050222773762073], [6.104400378774528, 9.048286230325346], [6.100892861816192, 9.039276994737577], [6.099990384948342, 9.031264497558539], [6.096281997216465, 9.030143966570847], [6.096800466268576, 9.027768503613572], [6.09280316503407, 9.022146151723575], [6.094647778871945, 9.01842205193617], [6.100500110791529, 9.017349271351861], [6.09726797343825, 9.012598314860384], [6.101360405858088, 9.004869902723897], [6.09484146136441, 9.005889962351944], [6.096870909265078, 8.997801419400048], [6.101129460855987, 8.995863981137859], [6.104063961282861, 8.993354869931352], [6.106195568570683, 8.98669755304968], [6.109812982683025, 8.983213574946603], [6.106369822109627, 8.98199868619048], [6.103208110665832, 8.983296328762606], [6.099104077890956, 8.983114724165262], [6.09819494244266, 8.980422111691155], [6.103568242380504, 8.97415524267035], [6.11274858567873, 8.96464660905383], [6.112923123403448, 8.953026163126992], [6.113366999987136, 8.928878000119653], [6.115592817554557, 8.929020277363975], [6.118257815445872, 8.929020277363975], [6.126290202031271, 8.927385373736058], [6.126000231825287, 8.913256338209465], [6.116105135243856, 8.885176403967932], [6.135595771427745, 8.844262539784438], [6.127451128766609, 8.80776615988043], [6.127210834412551, 8.75333048601317], [6.131645202564073, 8.751641273226255], [6.144658088599954, 8.729681969247508], [6.149538039349068, 8.72073555040538], [6.169057369302209, 8.721549033960798], [6.185323238077046, 8.729681969247508], [6.192743552373088, 8.731705727137637], [6.203216075761361, 8.734561919996679], [6.208536148424571, 8.732375145596563]]]}}, {"type": "Feature", "properties": {"name": "Bida", "state": "ni"}, "geometry": {"type": "Polygon", "coordinates": [[[6.12584499984689, 9.077982999915548], [6.103851639441643, 9.076549644250747], [6.087351833620289, 9.076766468997391], [6.075305016413438, 9.085987379813787], [6.062910198446957, 9.089505274049202], [6.054832854752476, 9.089810316892681], [6.044678401786882, 9.102122192185448], [6.032391581606248, 9.108882050666182], [6.02802179467011, 9.114902691606005], [6.028345128824697, 9.121178206708919], [6.029580684900736, 9.132830646916887], [6.025958783171347, 9.147487433398396], [6.017155272897583, 9.152195940090621], [6.000839111335949, 9.151886030116259], [5.996841932409325, 9.1349101357942], [5.936129268550928, 9.157040189553129], [5.910411150054586, 9.158692784644359], [5.855308645977289, 9.136851712736416], [5.837449074215442, 9.131628989885996], [5.823437690696892, 9.095495223825594], [5.820487976438983, 9.075585365072584], [5.819750785970029, 9.071898460345722], [5.809889789881936, 9.046335535156857], [5.815973059609064, 9.031802757091612], [5.817447918086998, 9.022216422949612], [5.818116758281803, 9.000449837390136], [5.824753378165894, 8.990126312779182], [5.832777160037949, 8.985207811691225], [5.833679218720988, 8.97658638805143], [5.838103790557511, 8.967737244378384], [5.856565574441731, 8.963443004091403], [5.860106788097823, 8.942420995132863], [5.87971105182362, 8.926991399633437], [5.920919727263652, 8.9317264264335], [5.944055236559961, 8.922453033880458], [5.961280544361671, 8.91741940338278], [5.978730678178295, 8.91728219291889], [6.018045182639128, 8.928208030376368], [6.019560679681661, 8.932213272624494], [6.02281651507019, 8.931798284063632], [6.026128803601466, 8.931882204300337], [6.048606983125808, 8.928989321799804], [6.098015385601627, 8.912712028937051], [6.104681454685419, 8.913549817570072], [6.109402468249357, 8.913899572906985], [6.113366999987136, 8.928878000119653], [6.112923123403448, 8.953026163126992], [6.11274858567873, 8.96464660905383], [6.103568242380504, 8.97415524267035], [6.09819494244266, 8.980422111691155], [6.099104077890956, 8.983114724165262], [6.103208110665832, 8.983296328762606], [6.106369822109627, 8.98199868619048], [6.109812982683025, 8.983213574946603], [6.106195568570683, 8.98669755304968], [6.104063961282861, 8.993354869931352], [6.101129460855987, 8.995863981137859], [6.096870909265078, 8.997801419400048], [6.09484146136441, 9.005889962351944], [6.101360405858088, 9.004869902723897], [6.09726797343825, 9.012598314860384], [6.100500110791529, 9.017349271351861], [6.094647778871945, 9.01842205193617], [6.09280316503407, 9.022146151723575], [6.096800466268576, 9.027768503613572], [6.096281997216465, 9.030143966570847], [6.099990384948342, 9.031264497558539], [6.100892861816192, 9.039276994737577], [6.104400378774528, 9.048286230325346], [6.106227652784014, 9.050222773762073], [6.110330742170049, 9.049495068442695], [6.115416480286399, 9.051725579571894], [6.125654010824007, 9.070810822061844], [6.126446229010298, 9.075090454660824], [6.12584499984689, 9.077982999915548]]]}}, {"type": "Feature", "properties": {"name": "Lavun", "state": "ni"}, "geometry": {"type": "MultiPolygon", "coordinates": [[[[6.127210834412551, 8.75333048601317], [6.127451128766609, 8.80776615988043], [6.135595771427745, 8.844262539784438], [6.116105135243856, 8.885176403967932], [6.126000231825287, 8.913256338209465], [6.126290202031271, 8.927385373736058], [6.118257815445872, 8.929020277363975], [6.115592817554557, 8.929020277363975], [6.113366999987136, 8.928878000119653], [6.109402468249357, 8.913899572906985], [6.104681454685419, 8.913549817570072], [6.098015385601627, 8.912712028937051], [6.048606983125808, 8.928989321799804], [6.026128803601466, 8.931882204300337], [6.02281651507019, 8.931798284063632], [6.019560679681661, 8.932213272624494], [6.018045182639128, 8.928208030376368], [5.978730678178295, 8.91728219291889], [5.961280544361671, 8.91741940338278], [5.944055236559961, 8.922453033880458], [5.920919727263652, 8.9317264264335], [5.87971105182362, 8.926991399633437], [5.860106788097823, 8.942420995132863], [5.856565574441731, 8.963443004091403], [5.838103790557511, 8.967737244378384], [5.837540626099042, 8.955972672201085], [5.837032795127413, 8.950893402008944], [5.837540626099042, 8.944290162261211], [5.816842099683186, 8.912624042865332], [5.821719657336359, 8.870707159407914], [5.811742459846698, 8.851100090696661], [5.806933479996133, 8.841649541593142], [5.801509274833222, 8.810333235090752], [5.791196001594244, 8.800419440704673], [5.778542390219172, 8.794121473127518], [5.760780333745458, 8.773600579003585], [5.77460622759537, 8.753267287954998], [5.795752048018642, 8.74188137082865], [5.886841773628987, 8.746761321577765], [5.901481151933638, 8.75001430611536], [5.928320407560818, 8.742694856182709], [5.943772792780237, 8.748388289587922], [5.974678515601056, 8.756521224874689], [5.978744983694071, 8.75001430611536], [5.999890804117342, 8.751641273226255], [6.033236026121756, 8.758960724058227], [6.058448314638042, 8.758960724058227], [6.084474086709804, 8.760587692068384], [6.114566325975204, 8.758147239603488], [6.127210834412551, 8.75333048601317]]], [[[5.507071257632504, 9.140750411402394], [5.513452051870729, 9.14218672583678], [5.527879318775604, 9.146520226027633], [5.545491299983553, 9.151470195293314], [5.566311206996659, 9.153932423042932], [5.576560105864246, 9.156296421442732], [5.585721176690981, 9.16157031661686], [5.597313086229974, 9.166489761093658], [5.604178904632818, 9.168119430667218], [5.615186214372329, 9.183057345220334], [5.677220479641448, 9.200528242584369], [5.679950546180805, 9.199880863810847], [5.712891042687545, 9.18985842232837], [5.749495872736361, 9.187331981186048], [5.752207218088699, 9.186904477659539], [5.769550820913707, 9.187001275288651], [5.780587676979735, 9.190117007993592], [5.783253477965673, 9.190730360917485], [5.809107530787969, 9.17040241004321], [5.826585575064314, 9.171153852068642], [5.830348761186428, 9.171737745000996], [5.847035408357442, 9.206846237164143], [5.841989227820648, 9.213573004190835], [5.837485491362372, 9.222213730879048], [5.832723725919266, 9.233946142400612], [5.833914166605553, 9.249613935035143], [5.841625646306568, 9.270794352377493], [5.844604218909637, 9.286146947923385], [5.845783290366626, 9.300163406316187], [5.856007903042325, 9.314704570559513], [5.857515127221404, 9.343148390286046], [5.861834758967007, 9.36916250804336], [5.875264755963769, 9.403013971917346], [5.895841139157312, 9.418870642865897], [5.896291916238965, 9.434290208226571], [5.894227676266269, 9.458433828758245], [5.899247468895624, 9.476935755680643], [5.908166590615735, 9.488619031842916], [5.912274836714403, 9.501861572353732], [5.901539803019546, 9.495391845956988], [5.893920897731277, 9.488788605309935], [5.890738009951235, 9.489168166877448], [5.881565094153814, 9.487700461607062], [5.865054131343129, 9.489902495703689], [5.855147361561535, 9.49687385584383], [5.838269234337758, 9.507881164684079], [5.833499431653479, 9.509716034367557], [5.820657253129752, 9.509348869055088], [5.809283257416439, 9.499442101072134], [5.80304575036115, 9.49210357741822], [5.798275947676871, 9.482196807636626], [5.790570736250515, 9.482563972049718], [5.78029727869648, 9.48953533218986], [5.751677990446922, 9.51411819509866], [5.742137909337089, 9.526593208309976], [5.738774935015272, 9.53470434762761], [5.736059425801898, 9.536085542613762], [5.73523137322934, 9.538341271632419], [5.736242051129807, 9.540813400917784], [5.732231617095522, 9.555580139411973], [5.73113059959752, 9.568788528168113], [5.719756602085567, 9.586033821603621], [5.713885782802663, 9.601444243557069], [5.707648276646694, 9.610616683613102], [5.695519676891649, 9.619106790046374], [5.693592615007219, 9.623741051408444], [5.692536133735643, 9.625025959580398], [5.689052602595609, 9.625597030878339], [5.685883160579465, 9.625825459577356], [5.66728782737141, 9.638869285888859], [5.645639895664715, 9.654279708741626], [5.637200832052827, 9.664552688755634], [5.618121624013781, 9.675193787363469], [5.601212147322769, 9.679430024076396], [5.581430433867467, 9.702344894601254], [5.562993940717831, 9.711308060618535], [5.553107457842941, 9.700303163760054], [5.54749337162184, 9.694582454816498], [5.541931419999059, 9.695480935097123], [5.537975021729892, 9.694829656863249], [5.534884227225348, 9.692125312733026], [5.530610451011569, 9.689430559872505], [5.526517552742916, 9.694948797249253], [5.51626847041365, 9.703966365955068], [5.512217344754731, 9.714604576839804], [5.51147744372912, 9.72175595607257], [5.511343989733405, 9.729914403327086], [5.510314310057424, 9.736374445824083], [5.501620802158357, 9.749667344772206], [5.498557175273447, 9.766834392693113], [5.4931455893975, 9.775540355303178], [5.490137158403172, 9.782642260132263], [5.484077452712313, 9.79179915360811], [5.480543081098347, 9.795084904944474], [5.469023568782745, 9.797704107558559], [5.458442218433674, 9.796212565757344], [5.453012031879837, 9.794371375638548], [5.447450949901452, 9.795182141442695], [5.430042470883393, 9.808532182414353], [5.429880501184243, 9.805996391920019], [5.431088029888713, 9.801849290612324], [5.4297558623432, 9.797876915887002], [5.405157867441687, 9.759012278393982], [5.391343972346476, 9.742650844960565], [5.388250878275471, 9.740515327420496], [5.379929787729566, 9.736038075097156], [5.373850169249977, 9.731410735816837], [5.37132051842724, 9.723584043069195], [5.37093837940273, 9.715187601027026], [5.363640815371355, 9.706381745321323], [5.360463518676511, 9.695392733188157], [5.355740321558642, 9.689995022052699], [5.328309070107537, 9.69090023285952], [5.317722997418457, 9.686985931855304], [5.312467531151697, 9.68473231534415], [5.306880951594678, 9.685466982315404], [5.301777810697445, 9.678974324105809], [5.299965511299376, 9.674806577961249], [5.292052098725435, 9.671087058421051], [5.270878121428211, 9.629467496228017], [5.272293126426689, 9.61965803129317], [5.270183766567641, 9.612647398658567], [5.264344983834008, 9.607996598764089], [5.257709810959057, 9.600896652658435], [5.254379794991621, 9.59447369280673], [5.256274830219297, 9.590064261956172], [5.253019049689442, 9.588468771116936], [5.24306381993938, 9.58113666412578], [5.229902220211329, 9.574072235845051], [5.222720952010377, 9.575157338940073], [5.217159888917763, 9.568784724935142], [5.195720423658656, 9.569631998717796], [5.180024470552894, 9.578507048261713], [5.167880282848841, 9.576214363402187], [5.152510180200693, 9.568762535962321], [5.144481974563519, 9.554106197343174], [5.136781769663003, 9.542097928676526], [5.128945364237211, 9.536153118571633], [5.134469122551991, 9.53434489400172], [5.138332201769742, 9.52829556468862], [5.147141054016458, 9.523623365426033], [5.156485603627743, 9.520773428251175], [5.165872433965717, 9.516308845576816], [5.171363769922095, 9.518953704949581], [5.179872373611204, 9.522303184944064], [5.188645860917802, 9.523454846863729], [5.199807477233321, 9.523502174585758], [5.20862881207006, 9.522056480222432], [5.219015658845649, 9.514483845053462], [5.22102665265794, 9.508577483663998], [5.329684728867164, 9.517046609813235], [5.331895135652019, 9.485111636293027], [5.350763244927862, 9.439180709821926], [5.350448240294099, 9.436625691822258], [5.359453288638406, 9.416217158994755], [5.374220947139065, 9.406134668879929], [5.401624265647399, 9.360279091207133], [5.411129791206974, 9.355441648713168], [5.441339178860062, 9.263222958272934], [5.451988265246314, 9.263152932561809], [5.507367677776131, 9.235214707193052], [5.497300388901863, 9.2063086710084], [5.466391411434529, 9.178280046686837], [5.46707325043019, 9.169625152079163], [5.499950154975693, 9.16080524356721], [5.507071257632504, 9.140750411402394]]]]}}, {"type": "Feature", "properties": {"name": "Yauri", "state": "ni"}, "geometry": {"type": "Polygon", "coordinates": [[[4.693509910853777, 10.919057848141222], [4.715620937656183, 10.890260959975365], [4.722656257580297, 10.866920114771517], [4.720440346944486, 10.859364791551911], [4.720061880751246, 10.859041129144828], [4.717047016007029, 10.856462823200786], [4.709597587958342, 10.85167404392206], [4.709709873711745, 10.832678272284511], [4.698091581661231, 10.801210713303817], [4.692494170669477, 10.744665481726656], [4.693948771018995, 10.744497352570818], [4.69587120139488, 10.743200533777667], [4.697456924697349, 10.718940632704061], [4.693093125447433, 10.701873592991944], [4.687788112831186, 10.69371806763479], [4.690782877727656, 10.662859613180672], [4.651300894320855, 10.618498595433891], [4.648648388912079, 10.616984799908664], [4.646081447700681, 10.616564300302286], [4.643810269228595, 10.619038594255755], [4.639749659319364, 10.615891500392479], [4.636840458620327, 10.614545893378306], [4.633845694623176, 10.61143415636127], [4.641546519156577, 10.60445365820982], [4.653341262689196, 10.59466663765528], [4.655493565175959, 10.595118045161712], [4.658500207418683, 10.594835179599897], [4.660773331124403, 10.596288475932454], [4.662338741439839, 10.595370361652897], [4.663194387910721, 10.59394056010882], [4.6926286453957, 10.612106966163594], [4.69385634859168, 10.61163145862497], [4.692885339786642, 10.609163407765095], [4.745336502177906, 10.58367942686408], [4.74987143072201, 10.585277495160312], [4.760994842937691, 10.599575624815259], [4.76527307799023, 10.604874174903273], [4.767840019201572, 10.61000442856158], [4.769223575807416, 10.61502789042487], [4.759112418903044, 10.624721893200842], [4.744403657003204, 10.638829455614939], [4.738837915637362, 10.63944498130087], [4.732661878143233, 10.640632583726813], [4.72918389402156, 10.642041700863842], [4.732130911212607, 10.646386163790453], [4.72649092901321, 10.656323264107414], [4.727913626812494, 10.663513726976987], [4.74216690637769, 10.66894879684952], [4.753836829406225, 10.71375872108814], [4.766553646033969, 10.723256287647587], [4.756383284960691, 10.749662338945825], [4.748531163882149, 10.756425215551303], [4.747650614284453, 10.75828788957449], [4.74707532066958, 10.760516176680255], [4.755400228837516, 10.783209045960746], [4.77617959801006, 10.797443875034844], [4.776205546149072, 10.79753906287749], [4.779485104753803, 10.806105379659584], [4.780851763997759, 10.81877058959111], [4.794874869279852, 10.821922217836118], [4.810896877888638, 10.833255254826213], [4.82609413623544, 10.84929581375087], [4.821952953366178, 10.880955931071412], [4.823583105875684, 10.881408939371113], [4.826308665912222, 10.88216634929762], [4.80836562177609, 10.902319364047457], [4.795859174561315, 10.910656995823729], [4.789805825278677, 10.91094253057338], [4.764565003072505, 10.900935962125004], [4.764250090169583, 10.903726412743822], [4.76204416830376, 10.907269562640238], [4.755541250628255, 10.910238216620428], [4.747555212403199, 10.91555931720876], [4.73912882743349, 10.914207036325706], [4.735119808932097, 10.911134409025806], [4.730042969607382, 10.907437600964556], [4.723664497418667, 10.910554036939288], [4.717478529610503, 10.919441968372212], [4.714682578738064, 10.952121377299761], [4.706817349141375, 10.952935386059266], [4.695289882322243, 10.952060321426757], [4.68852710194426, 10.951443498019046], [4.684619646579449, 10.949632686998939], [4.680930856873601, 10.947728521853833], [4.679501129073913, 10.94587514861928], [4.68958819493929, 10.934600330141166], [4.693509910853777, 10.919057848141222]]]}}, {"type": "Feature", "properties": {"name": "Mokwa", "state": "ni"}, "geometry": {"type": "Polygon", "coordinates": [[[4.764554977430294, 9.14993190763147], [4.768706321739387, 9.153530120318862], [4.772460937322421, 9.147629736723047], [4.785332679259795, 9.135293961047523], [4.800886631213132, 9.136366844154566], [4.805804903873252, 9.136366844154566], [4.807594258867994, 9.136369975593936], [4.815155235225973, 9.131622475197105], [4.828239917738074, 9.134222031221839], [4.848084449737598, 9.141194343744019], [4.857202052732589, 9.14870262072941], [4.865247250160508, 9.150311470098302], [4.886081695613825, 9.167345046936418], [4.898970127169662, 9.170058250288093], [4.91118049598316, 9.171414374873564], [4.923390388155951, 9.176162719733782], [4.941705703955108, 9.184303283070108], [4.962055682823575, 9.193121910048148], [4.971552849184718, 9.200583458260041], [4.987123280315188, 9.204791778218066], [4.996651172913346, 9.20736694283022], [5.016323089039361, 9.20533180222094], [5.032603263329975, 9.197870254908366], [5.048204899136806, 9.187694550063497], [5.065163611911203, 9.16259670297552], [5.159452914920109, 9.10697269373486], [5.171663283733608, 9.087300300968138], [5.196761608361612, 9.054061889644515], [5.208971977175054, 9.035068512002283], [5.225591183286554, 9.026927947766637], [5.237801074559968, 9.018788337711669], [5.254759788233685, 9.016753197102389], [5.272396562851156, 9.014718055593846], [5.323272228130861, 8.99233245767681], [5.332090377568932, 8.995724677951557], [5.348370551859546, 8.998437881303232], [5.37007761039348, 8.996402739794632], [5.375504493737424, 8.990297317966906], [5.391106128644992, 8.982835769755013], [5.408064842318652, 8.978766440918548], [5.425023079351661, 8.978766440918548], [5.436554908782057, 8.97537422244244], [5.445373534860778, 8.972661018191502], [5.457583427033569, 8.96859073607368], [5.460975169768346, 8.962486266627934], [5.46640205401161, 8.954345703291608], [5.473863602223503, 8.947562217822167], [5.485395431653899, 8.944849013571172], [5.497605799568021, 8.944170951728097], [5.511850834148731, 8.944170951728097], [5.52541780508767, 8.940100669610274], [5.539562701957152, 8.930567740808613], [5.543629169150904, 8.91674137121737], [5.548557480043712, 8.912223611630395], [5.563148021564018, 8.898848534432375], [5.601373196116128, 8.876889228655045], [5.60543966330988, 8.86794280981286], [5.619266032901123, 8.85249042459344], [5.642038344693901, 8.835411073162561], [5.691649913912443, 8.828091622330533], [5.693461937218672, 8.828161329681677], [5.712795734335714, 8.828905105885951], [5.728248118655813, 8.819958687043822], [5.742074490045752, 8.797999382165813], [5.760780333745458, 8.773600579003585], [5.778542390219172, 8.794121473127518], [5.791196001594244, 8.800419440704673], [5.801509274833222, 8.810333235090752], [5.806933479996133, 8.841649541593142], [5.811742459846698, 8.851100090696661], [5.777059938765206, 8.865539976888499], [5.788653512049962, 8.882715550382386], [5.759827613553568, 8.902132033866337], [5.759435215063149, 8.902108933880243], [5.75116612421732, 8.901647282196393], [5.747129439871799, 8.905179024192648], [5.739002705410599, 8.90924262974363], [5.722240925278527, 8.915845871290003], [5.721950848053268, 8.915791911067913], [5.7113208767571, 8.91381454470553], [5.711141971924519, 8.913860704208162], [5.695574760366924, 8.917877197874418], [5.695295325718746, 8.917839111585806], [5.684400558039385, 8.916354179801601], [5.684272481090204, 8.916394928982811], [5.673721535020888, 8.919751829283541], [5.650876998674619, 8.927020072718221], [5.616571817835165, 8.950806614733551], [5.586878300193462, 8.953940392335312], [5.560986090036067, 8.971158638660313], [5.527214372645233, 8.97974136717039], [5.513506721657905, 8.996752256811249], [5.505205149098401, 9.00579531230386], [5.502648773122417, 9.016418115103988], [5.495959282095214, 9.018955231199016], [5.491895675644969, 9.025050163334413], [5.485184380554756, 9.018601669931172], [5.47171984509481, 9.013089291637527], [5.451914135928689, 9.026098725176098], [5.451938957217124, 9.03547942843295], [5.444564936422751, 9.048170733092888], [5.42840480723612, 9.062637329149482], [5.427977758766588, 9.062637329149482], [5.42383336981419, 9.062637329149482], [5.410627365160849, 9.063144684379722], [5.407071589682175, 9.067208289930704], [5.408087730064722, 9.07076358786935], [5.414182663099496, 9.081430434966649], [5.4215474127829, 9.090573310709772], [5.432722091751202, 9.102763175879886], [5.475895882089333, 9.109874725038594], [5.489610195254329, 9.104287148133437], [5.497881738551428, 9.103801123922779], [5.498244761586534, 9.103779792903197], [5.51195907565085, 9.11343002297724], [5.515006541718549, 9.119524956911278], [5.507387638228977, 9.129683494597657], [5.500276565710976, 9.13882637034078], [5.507071257632504, 9.140750411402394], [5.499950154975693, 9.16080524356721], [5.46707325043019, 9.169625152079163], [5.466391411434529, 9.178280046686837], [5.497300388901863, 9.2063086710084], [5.507367677776131, 9.235214707193052], [5.451988265246314, 9.263152932561809], [5.441339178860062, 9.263222958272934], [5.411129791206974, 9.355441648713168], [5.401624265647399, 9.360279091207133], [5.374220947139065, 9.406134668879929], [5.359453288638406, 9.416217158994755], [5.350448240294099, 9.436625691822258], [5.350763244927862, 9.439180709821926], [5.331895135652019, 9.485111636293027], [5.329684728867164, 9.517046609813235], [5.22102665265794, 9.508577483663998], [5.209435860976271, 9.496645840832912], [5.185956881704783, 9.46938511702956], [5.160472392686813, 9.457297324911679], [5.150313853201794, 9.4522180556188], [5.134060381581378, 9.447647094837578], [5.126436998568693, 9.444533999844282], [5.098392999437408, 9.4361720000378], [5.082625999890013, 9.428942999419917], [5.079063000157362, 9.427310999702911], [5.068534000243972, 9.422480999998186], [5.020715000197129, 9.388746000127867], [5.013648812842462, 9.385409629550793], [5.00850060871619, 9.383271902376464], [4.993304747016509, 9.375443170865708], [4.964312074642578, 9.36412533511617], [4.955721000423864, 9.359996999961652], [4.94587939461843, 9.355764717567695], [4.919206617891177, 9.355203628744505], [4.913619517626671, 9.356219291587081], [4.892286300972046, 9.366886137785059], [4.884159564712206, 9.366886137785059], [4.877556324065154, 9.36841010913929], [4.865874289866611, 9.36891746526885], [4.861302853344057, 9.372473717388175], [4.853683948955108, 9.375013350685663], [4.847080707408793, 9.37856864862431], [4.844541073211985, 9.380599976108044], [4.839461803019844, 9.386187553013201], [4.827157612433894, 9.407861365409758], [4.822960442270642, 9.426527244137048], [4.827047334866677, 9.45484373784825], [4.84994097419667, 9.493684393120304], [4.822979980941398, 9.553872968962423], [4.759984818844373, 9.581519848162486], [4.697919446025651, 9.614911461694646], [4.567862329982574, 9.599223661842586], [4.547557515966616, 9.559668058134434], [4.571389712964901, 9.49554357327736], [4.611859321050872, 9.427962303117852], [4.613018034554727, 9.414446830956535], [4.613642216215339, 9.393219948341994], [4.611769198190018, 9.370743751822715], [4.609726906171829, 9.361758232256648], [4.617050171028609, 9.3304395677319], [4.639310360284924, 9.308178900935559], [4.685140131911623, 9.292466163782478], [4.713947295731145, 9.278062819743411], [4.722918563740791, 9.274573701115457], [4.737516879900113, 9.268896102972803], [4.754539488606554, 9.247945786169169], [4.757158279331179, 9.224376677741532], [4.751920699680568, 9.199497222918524], [4.751920699680568, 9.179856300128222], [4.764554977430294, 9.14993190763147]]]}}, {"type": "Feature", "properties": {"name": "Edati", "state": "ni"}, "geometry": {"type": "Polygon", "coordinates": [[[5.837449074215442, 9.131628989885996], [5.843348026090553, 9.144903182935593], [5.842543839726488, 9.149453813642651], [5.836307141161683, 9.16500546782811], [5.830348761186428, 9.171737745000996], [5.826585575064314, 9.171153852068642], [5.809107530787969, 9.17040241004321], [5.783253477965673, 9.190730360917485], [5.780587676979735, 9.190117007993592], [5.769550820913707, 9.187001275288651], [5.752207218088699, 9.186904477659539], [5.749495872736361, 9.187331981186048], [5.712891042687545, 9.18985842232837], [5.679950546180805, 9.199880863810847], [5.677220479641448, 9.200528242584369], [5.615186214372329, 9.183057345220334], [5.604178904632818, 9.168119430667218], [5.597313086229974, 9.166489761093658], [5.585721176690981, 9.16157031661686], [5.576560105864246, 9.156296421442732], [5.566311206996659, 9.153932423042932], [5.545491299983553, 9.151470195293314], [5.500276565710976, 9.13882637034078], [5.507387638228977, 9.129683494597657], [5.515006541718549, 9.119524956911278], [5.51195907565085, 9.11343002297724], [5.505863666874802, 9.107842445172764], [5.502816199907727, 9.105302810976013], [5.489610195254329, 9.104287148133437], [5.475895882089333, 9.109874725038594], [5.432722091751202, 9.102763175879886], [5.4215474127829, 9.090573310709772], [5.414182663099496, 9.081430434966649], [5.408087730064722, 9.07076358786935], [5.407071589682175, 9.067208289930704], [5.410627365160849, 9.063144684379722], [5.42383336981419, 9.062637329149482], [5.427977758766588, 9.062637329149482], [5.42840480723612, 9.062637329149482], [5.444564936422751, 9.048170733092888], [5.451938957217124, 9.03547942843295], [5.451914135928689, 9.026098725176098], [5.47171984509481, 9.013089291637527], [5.485184380554756, 9.018601669931172], [5.491895675644969, 9.025050163334413], [5.495959282095214, 9.018955231199016], [5.502648773122417, 9.016418115103988], [5.505205149098401, 9.00579531230386], [5.513506721657905, 8.996752256811249], [5.527214372645233, 8.97974136717039], [5.560986090036067, 8.971158638660313], [5.586878300193462, 8.953940392335312], [5.616571817835165, 8.950806614733551], [5.650876998674619, 8.927020072718221], [5.673721535020888, 8.919751829283541], [5.684272481090204, 8.916394928982811], [5.684400558039385, 8.916354179801601], [5.695295325718746, 8.917839111585806], [5.695574760366924, 8.917877197874418], [5.711141971924519, 8.913860704208162], [5.7113208767571, 8.91381454470553], [5.721950848053268, 8.915791911067913], [5.722240925278527, 8.915845871290003], [5.739002705410599, 8.90924262974363], [5.747129439871799, 8.905179024192648], [5.75116612421732, 8.901647282196393], [5.759435215063149, 8.902108933880243], [5.759827613553568, 8.902132033866337], [5.788653512049962, 8.882715550382386], [5.777059938765206, 8.865539976888499], [5.811742459846698, 8.851100090696661], [5.821719657336359, 8.870707159407914], [5.816842099683186, 8.912624042865332], [5.837540626099042, 8.944290162261211], [5.837032795127413, 8.950893402008944], [5.837540626099042, 8.955972672201085], [5.838103790557511, 8.967737244378384], [5.833679218720988, 8.97658638805143], [5.832777160037949, 8.985207811691225], [5.824753378165894, 8.990126312779182], [5.818116758281803, 9.000449837390136], [5.817447918086998, 9.022216422949612], [5.815973059609064, 9.031802757091612], [5.809889789881936, 9.046335535156857], [5.819750785970029, 9.071898460345722], [5.820487976438983, 9.075585365072584], [5.823437690696892, 9.095495223825594], [5.837449074215442, 9.131628989885996]]]}}, {"type": "Feature", "properties": {"name": "Rafi", "state": "ni"}, "geometry": {"type": "Polygon", "coordinates": [[[6.092243006109868, 10.521783838853139], [6.081712246223219, 10.468907355590034], [6.054002284078194, 10.453646659965443], [6.052542479351985, 10.451092108713908], [6.048723993917235, 10.444410040690855], [6.047576426610874, 10.442401886038283], [6.037938117949807, 10.397423743610943], [6.04503200532281, 10.363721213763029], [6.041000284335723, 10.339593888047546], [6.045166969280274, 10.314695357704636], [6.050595901279848, 10.310519218187437], [6.055608272703694, 10.306663513410456], [6.058821201437354, 10.297827721072508], [6.041954041445877, 10.273732184592689], [6.037938117949807, 10.247227669221616], [6.031512737123194, 10.235982895294455], [6.024284363332754, 10.231966971798386], [6.018661976369174, 10.228754043963988], [6.025087357195844, 10.195019722182508], [6.021071433699774, 10.183775902436025], [6.022275925393672, 10.166908264005201], [6.017457008034569, 10.158876418811701], [6.019866467163752, 10.149238585892078], [6.03125185728743, 10.14058237737487], [6.031737267261121, 10.127876054936053], [6.011031628107219, 10.117914199880488], [6.014244080200172, 10.11148834331243], [6.019676488079483, 10.11148834331243], [6.024535097017178, 10.11148834331243], [6.024685860264299, 10.11148834331243], [6.030308246328559, 10.1042594910827], [6.043129108221819, 10.094094707604711], [6.052528157648396, 10.090943522725468], [6.0579306846534, 10.084761284405772], [6.060131689026264, 10.076897262598663], [6.057275848701522, 10.073520024129834], [6.05164343879369, 10.07517521826179], [6.043213112994806, 10.084363915362474], [6.035657320329108, 10.088821940180424], [6.025820938685399, 10.083852568940927], [6.02370736370392, 10.078780289179065], [6.022275925393672, 10.075345039042361], [6.005409241143639, 10.075345039042361], [5.999166489242157, 10.070350646864938], [5.999257816295255, 10.069619908132324], [5.999531952137943, 10.067426457165311], [5.999882697628436, 10.064620018399182], [5.997373104385304, 10.059600830114277], [5.995032124133274, 10.05686931566646], [5.992353916100399, 10.05374431634715], [5.99151754389959, 10.032831191906041], [5.995614562861817, 10.026003348275935], [5.996536732184495, 10.024466514817846], [5.996536732184495, 10.016937255749781], [5.996536732184495, 10.015174512593717], [5.996536732184495, 10.010245323063259], [5.999453765079238, 10.009516168936102], [5.999882697628436, 10.00940895086245], [6.004065513712533, 10.00689888097861], [6.004065513712533, 10.001879691794386], [5.994863510242851, 9.98765850093912], [5.9814791682291, 9.982639312654214], [5.979805946287456, 9.975947380866955], [5.988171100915622, 9.956707000827464], [5.98566150677317, 9.950015068140942], [5.983999789858444, 9.947522651049553], [5.980642319387584, 9.942486763253555], [5.968094826215292, 9.936630248587164], [5.950527668117445, 9.92491912761568], [5.871964165813665, 9.831285002301058], [5.856021808359799, 9.811565283611003], [5.849307535614344, 9.792747497698883], [5.907776593315191, 9.78250402174325], [5.97229493086644, 9.775022925867404], [6.0007598927549, 9.780553612559231], [6.041590832251131, 9.796683133320016], [6.069810389837642, 9.81522464839884], [6.07398995037596, 9.817365083431923], [6.078573657248512, 9.811037773674343], [6.079361448072405, 9.810281653375625], [6.080959304128612, 9.80945241909393], [6.137955246237652, 9.812912471633297], [6.14296522636414, 9.821108075277493], [6.166658522173122, 9.832707775643371], [6.194258162684093, 9.882421076171795], [6.234438290694584, 9.893507260951367], [6.235034185978975, 9.904984088744754], [6.236912411978267, 9.917025355335909], [6.24935744269186, 9.915705487818059], [6.252847029866587, 9.911152574631672], [6.260049218096981, 9.913732345571361], [6.300855174426829, 9.895669037795926], [6.309528081555754, 9.895241120581318], [6.315037726809692, 9.898644446584001], [6.320142608794413, 9.904174377845322], [6.324676037269342, 9.909085274266033], [6.341543198160139, 9.91069221527357], [6.431499957856829, 9.854468345637713], [6.461217880400909, 9.860894203105033], [6.463295015752408, 9.861863467225305], [6.470041398791579, 9.865011565631278], [6.473265648191159, 9.866516113427963], [6.50218057597283, 9.901856422036303], [6.504590034202749, 9.917920113322623], [6.50146227036754, 9.92143899321502], [6.498164654275399, 9.925148963753713], [6.50218057597283, 9.95004844737798], [6.503983252625062, 9.952014967916512], [6.508964049751171, 9.957448465774121], [6.511015415029419, 9.95968627939834], [6.556395531028954, 9.976552962749054], [6.557724467310379, 9.979875106051338], [6.558275093420889, 9.981251591287958], [6.559608458863352, 9.984584807942554], [6.545151233742502, 10.00225544023641], [6.544347763238704, 10.026350974917591], [6.546593766988792, 10.030842983317086], [6.548363684936135, 10.034382820111091], [6.549970150202341, 10.04080772519643], [6.549793693324318, 10.043278751912908], [6.549382747216043, 10.049033454330527], [6.549167156339252, 10.05205249822427], [6.540331840641954, 10.068920134856398], [6.541135311145752, 10.089802741703238], [6.540080447754519, 10.092703379957072], [6.538775061120248, 10.09629290429416], [6.537922382412091, 10.098637580759771], [6.525874614621841, 10.113095284319968], [6.478486538223194, 10.14361572318711], [6.455727453659108, 10.121858114660313], [6.412777954239232, 10.117734489255326], [6.440091604044312, 10.15805801956202], [6.434438882048823, 10.17742303214726], [6.424598548784047, 10.19134207867404], [6.415353413829052, 10.206197723246362], [6.376431345630124, 10.207116305173372], [6.370142160832131, 10.232472156964548], [6.364321806106489, 10.255937840658873], [6.374141438776405, 10.272886395590717], [6.380854821193111, 10.280266289857423], [6.402870168223728, 10.294602010274616], [6.428451608654882, 10.311369868025054], [6.44583158186208, 10.309645582577616], [6.491066594947426, 10.299671550701532], [6.512220383364024, 10.346822740277275], [6.541938305008841, 10.374131202792796], [6.54355095131541, 10.376819053356655], [6.546553525025217, 10.3818235413234], [6.546757220569305, 10.382163048885673], [6.546881060812382, 10.382435458029988], [6.549482338139455, 10.388157464695269], [6.550773620706082, 10.390997887942206], [6.550773620706082, 10.394163304592894], [6.550773620706082, 10.402166428138173], [6.550773620706082, 10.404651641659996], [6.553527209912829, 10.42105994056385], [6.55950847943285, 10.439085647684522], [6.559835007079982, 10.450824968697418], [6.558382765652141, 10.4625357416312], [6.554502507584687, 10.474246514565039], [6.547560691972421, 10.481758118142693], [6.541938305008841, 10.498624802392783], [6.540331840641954, 10.545209884928283], [6.532299995448454, 10.553241730121783], [6.52159309434586, 10.572834969058647], [6.524268150254954, 10.595006942916143], [6.513826846831591, 10.605448722980213], [6.49454360780129, 10.615692841951159], [6.482963922746876, 10.604911270139041], [6.477117002048033, 10.608065125105497], [6.472410943310422, 10.606102729757197], [6.459897106366441, 10.5941879231342], [6.457294513331192, 10.593872522798733], [6.455775669911304, 10.59573300607343], [6.450375080045944, 10.595006942916143], [6.446657449981387, 10.594210514103963], [6.446527621152825, 10.591910038417609], [6.44588588562516, 10.590613388696966], [6.435582469855149, 10.590823655587258], [6.42442340581556, 10.577085856627036], [6.397239953561041, 10.572697538260854], [6.382946451817361, 10.540433602628696], [6.369829007003091, 10.527920417693167], [6.355332566045149, 10.511202500195282], [6.32708856668404, 10.495207666400745], [6.315423916380666, 10.480156502020975], [6.322589712645197, 10.456243671808068], [6.323816831281761, 10.453547257000366], [6.323018227009641, 10.450518039975634], [6.322542867859113, 10.446815621943472], [6.32163017829015, 10.443505847916583], [6.320660443824465, 10.441579804964078], [6.320051984111842, 10.44057002998295], [6.310691792592195, 10.433054936136443], [6.302292554557823, 10.431351007742876], [6.303736752449197, 10.42397684575485], [6.296302135335338, 10.418000785108177], [6.291405932038174, 10.423096744019574], [6.286186831657005, 10.42350814068817], [6.285906548948105, 10.413759183939248], [6.28536035289801, 10.41418761376741], [6.254453987061879, 10.427448306194435], [6.244222374063384, 10.411937327445742], [6.235651125399158, 10.384797583142017], [6.225998163184727, 10.384588284821518], [6.216713250316275, 10.389381637152894], [6.207146641004726, 10.373063161635628], [6.194573383155159, 10.378861227563675], [6.184234314661921, 10.375260827725072], [6.180547147333016, 10.366005872173332], [6.172112648679843, 10.358661050567093], [6.169712083845639, 10.358468160377356], [6.169212955613432, 10.371309693187811], [6.177305478065421, 10.3857715651057], [6.164381524188059, 10.39862232316176], [6.161385986773894, 10.417576424712252], [6.174896222182952, 10.442200313793478], [6.158331775790884, 10.500831663150791], [6.092243006109868, 10.521783838853139]]]}}, {"type": "Feature", "properties": {"name": "Gbako", "state": "ni"}, "geometry": {"type": "Polygon", "coordinates": [[[6.201188350961672, 9.461841047926043], [6.189619667313821, 9.512169132199745], [6.164477158993748, 9.511847154222835], [6.149195790653266, 9.538826641136609], [6.132452558139107, 9.544174108048708], [6.132186197834812, 9.545915446440745], [6.095547198944132, 9.558597565425373], [6.087680891060302, 9.547959143199932], [6.036828833883646, 9.530946407250951], [6.015149999672815, 9.53684200015823], [5.98935842455171, 9.553436278861227], [5.984196185605526, 9.5541734702295], [5.979034424199369, 9.556385994018456], [5.972397326775251, 9.556385994018456], [5.951012134702296, 9.551223755072272], [5.934788704035498, 9.539424896241997], [5.926677226572792, 9.53057575166963], [5.924464702783837, 9.526151657373134], [5.922989845205223, 9.516564369050457], [5.899247468895624, 9.476935755680643], [5.894227676266269, 9.458433828758245], [5.896291916238965, 9.434290208226571], [5.895841139157312, 9.418870642865897], [5.875264755963769, 9.403013971917346], [5.861834758967007, 9.36916250804336], [5.857515127221404, 9.343148390286046], [5.856007903042325, 9.314704570559513], [5.845783290366626, 9.300163406316187], [5.844604218909637, 9.286146947923385], [5.841625646306568, 9.270794352377493], [5.833914166605553, 9.249613935035143], [5.832723725919266, 9.233946142400612], [5.837485491362372, 9.222213730879048], [5.841989227820648, 9.213573004190835], [5.847035408357442, 9.206846237164143], [5.830348761186428, 9.171737745000996], [5.836307141161683, 9.16500546782811], [5.842543839726488, 9.149453813642651], [5.843348026090553, 9.144903182935593], [5.837449074215442, 9.131628989885996], [5.855308645977289, 9.136851712736416], [5.910411150054586, 9.158692784644359], [5.936129268550928, 9.157040189553129], [5.996841932409325, 9.1349101357942], [6.000839111335949, 9.151886030116259], [6.017155272897583, 9.152195940090621], [6.025958783171347, 9.147487433398396], [6.029580684900736, 9.132830646916887], [6.028345128824697, 9.121178206708919], [6.02802179467011, 9.114902691606005], [6.032391581606248, 9.108882050666182], [6.044678401786882, 9.102122192185448], [6.054832854752476, 9.089810316892681], [6.062910198446957, 9.089505274049202], [6.075305016413438, 9.085987379813787], [6.087351833620289, 9.076766468997391], [6.103851639441643, 9.076549644250747], [6.12584499984689, 9.077982999915548], [6.142304999875876, 9.108729000443077], [6.143659539855946, 9.110912265688569], [6.14281849927437, 9.138991932831459], [6.155412944252021, 9.150544220939082], [6.164995152304471, 9.172030735130363], [6.173647021592842, 9.185181606845731], [6.203184552724963, 9.19456492982772], [6.221193926358637, 9.23061806087486], [6.143178311729741, 9.249538520586327], [6.141918628641861, 9.24960898606588], [6.136922722006091, 9.26149969805266], [6.137525446742018, 9.288715177863196], [6.139852820251519, 9.30137829956891], [6.159286666046853, 9.317618987326455], [6.162508687825721, 9.338685424592711], [6.165325463399483, 9.37480951214934], [6.166839399218929, 9.390092734891823], [6.158261827421427, 9.433831517110889], [6.15844613807883, 9.446609696280518], [6.201188350961672, 9.461841047926043]]]}}, {"type": "Feature", "properties": {"name": "Gurara", "state": "ni"}, "geometry": {"type": "Polygon", "coordinates": [[[7.092101398660645, 9.210558924554789], [7.110460362156061, 9.225412857717231], [7.115405662141654, 9.234432388743812], [7.120444379204798, 9.240807884176547], [7.150069918891688, 9.270764948143892], [7.152461613712546, 9.294202954302932], [7.191329291813418, 9.283954688558083], [7.194455499821515, 9.261594501884815], [7.196314741132426, 9.25750722168101], [7.198593186126686, 9.253025593256552], [7.204737916421777, 9.248918409257215], [7.207167815342473, 9.247774236891587], [7.209716518302741, 9.248355700755042], [7.218565507292396, 9.253484957964474], [7.226277147072722, 9.260454722707323], [7.230773475815283, 9.266837990980548], [7.240925668784655, 9.266851906190595], [7.23748535186752, 9.27353265041154], [7.243575038257461, 9.288023309628102], [7.253533494775013, 9.289292203572359], [7.232273630423776, 9.297254577936485], [7.220167519115762, 9.297856433028016], [7.22378540986881, 9.308508612182777], [7.22923477536466, 9.308841828087964], [7.230610140045997, 9.309497674877832], [7.232257439928958, 9.317718875026117], [7.227878334217792, 9.325762123623178], [7.222364165373961, 9.33232913418226], [7.221483595991231, 9.372122926032262], [7.221413446173642, 9.375293091103345], [7.219385302289936, 9.383831617934845], [7.205061080604423, 9.44413688980569], [7.200896645763635, 9.459821223670588], [7.218982277410248, 9.492680104003625], [7.194922697624463, 9.496364757727463], [7.177725792211618, 9.492768287926197], [7.162020205568069, 9.479228019657455], [7.139273643164131, 9.47868728608944], [7.133316040203169, 9.479769707406149], [7.130066394848313, 9.480311394255466], [7.1280404399144, 9.482337349189379], [7.125733852435417, 9.484643935769043], [7.11760997781829, 9.481936454803588], [7.116245175674351, 9.480116585811857], [7.114360809104085, 9.477603912390691], [7.109580925919033, 9.477426844873037], [7.099738121317273, 9.477062226440637], [7.099520835218414, 9.476497258841448], [7.099208524953497, 9.469133767309586], [7.103645929216327, 9.458890722129183], [7.104902275819427, 9.453843672847256], [7.039399463914151, 9.387485477972461], [7.021658008210579, 9.382062769281447], [6.99378773471625, 9.381545660903555], [6.982395301102315, 9.381541452975739], [6.978106212132047, 9.389006950110684], [6.9735251573602, 9.393548727891528], [6.964883327203836, 9.38824272242374], [6.942678451649272, 9.376869201552438], [6.938345909236375, 9.371994972290167], [6.925347805356978, 9.376869201552438], [6.921015262944081, 9.382285117664082], [6.906934261107324, 9.392033577087943], [6.901518344995679, 9.394741058952775], [6.891769885571819, 9.393658637636065], [6.883104324105318, 9.39149189023857], [6.873897552430151, 9.39149189023857], [6.863607407056236, 9.397991180048962], [6.855483532439109, 9.399615288215045], [6.846276759864622, 9.395824431752146], [6.83869457209687, 9.392575263937317], [6.837201594977671, 9.387349129958409], [6.823801040885371, 9.381201743965335], [6.810802937005974, 9.380660057116017], [6.797263145377883, 9.371453285440793], [6.783723831289819, 9.369828223993409], [6.769642352812355, 9.366037369329206], [6.755019665025543, 9.366037369329206], [6.740938663188786, 9.35791397225205], [6.736073433442243, 9.358454182414619], [6.731190204664244, 9.3589963908708], [6.728438057070719, 9.356794932340279], [6.725500730973977, 9.354445345576266], [6.723066330047118, 9.352498055241085], [6.716025829128739, 9.298339843808776], [6.723608016896492, 9.289132117952931], [6.76314353874335, 9.28425788958998], [6.76801776890494, 9.275592803864868], [6.76801776890494, 9.267469405888392], [6.779371657576007, 9.26588359984828], [6.788054466240681, 9.270166397161574], [7.015266895151115, 9.268970490395873], [7.030075072606564, 9.257713319314291], [7.069005431655398, 9.22811721623657], [7.092101398660645, 9.210558924554789]]]}}, {"type": "Feature", "properties": {"name": "Kontagora", "state": "ni"}, "geometry": {"type": "Polygon", "coordinates": [[[5.167696475811738, 10.28388404841013], [5.19095897657553, 10.275424956896302], [5.230374495586545, 10.265007874913522], [5.240314006985898, 10.262040138241844], [5.271265507097496, 10.258694647639913], [5.325640202433419, 10.24280071328235], [5.335678576305327, 10.24280071328235], [5.352408885561658, 10.247819900667935], [5.379178047129244, 10.25283908805352], [5.390052795000543, 10.251165390370545], [5.406783580897581, 10.246146202085583], [5.412639141383295, 10.241963386900807], [5.415985106827293, 10.23276233671254], [5.456974982609381, 10.19428157843214], [5.467013359179248, 10.19428157843214], [5.483744144176967, 10.200137138018533], [5.49963808123249, 10.205156326303438], [5.509822377300907, 10.205835150771634], [5.51218605014617, 10.205992699403623], [5.540627956115316, 10.21686840055628], [5.580781459696652, 10.218541144957896], [5.612569808649823, 10.216031075074113], [5.636828899434192, 10.216031075074113], [5.651050091188779, 10.215194701973985], [5.697059155255886, 10.228579520628443], [5.717135905697546, 10.236945151897316], [5.683491223840974, 10.264460436000377], [5.671369503000221, 10.277065918357494], [5.663313922899249, 10.298447576994135], [5.691779338046047, 10.329711964735452], [5.698061943404014, 10.34304618843089], [5.696218489691603, 10.363937378407343], [5.687439967080877, 10.392668159208256], [5.682700634326864, 10.408179282747767], [5.683929442789577, 10.418624877735965], [5.685149960402384, 10.454023161140015], [5.685158253050986, 10.454263686619868], [5.680857182413092, 10.478841782222503], [5.680242538062714, 10.501576424112727], [5.674765974370246, 10.512530495785825], [5.674712658062788, 10.512637138293371], [5.677745244847245, 10.522947837672632], [5.677784920237912, 10.52308273328157], [5.677467675392961, 10.524306278012375], [5.673483372060048, 10.539672852620129], [5.661131854651444, 10.555432025367736], [5.655663966718748, 10.562408446892334], [5.641531467003631, 10.583299636868787], [5.633543490739555, 10.584528922871527], [5.622483253199619, 10.601119041310767], [5.621254443837586, 10.610336305376222], [5.621254443837586, 10.623854637381669], [5.607736110932819, 10.661335944897985], [5.599748134668744, 10.678541183428933], [5.58991670559152, 10.684071540968887], [5.583772182140535, 10.690830231230223], [5.570254325876476, 10.703119279031569], [5.561651707060662, 10.699433326686744], [5.540145873633207, 10.68960189760952], [5.529173114048035, 10.686932755642204], [5.508575603081681, 10.604035454572625], [5.462079827721936, 10.560948025231255], [5.459134905951203, 10.564133946424533], [5.407155065653797, 10.559287580857244], [5.405623012991725, 10.560977673181128], [5.406668418212973, 10.564062052821555], [5.399285369124527, 10.568833538137312], [5.398451071659679, 10.572195845162184], [5.393948428777037, 10.576743728440363], [5.394043874725071, 10.58567628243452], [5.389401786563269, 10.58901753003505], [5.381654077673602, 10.598208541990687], [5.343682622555036, 10.619230414252286], [5.340828892039781, 10.602251498208147], [5.337354999833451, 10.596554999913337], [5.338245087640757, 10.591026191905257], [5.326476573734965, 10.569883347338646], [5.322294235190839, 10.55566215468474], [5.324803351793321, 10.530566215958174], [5.325640202433419, 10.511325835918626], [5.328149795676552, 10.478701591405354], [5.354918479704111, 10.41428852129826], [5.354600543280469, 10.406974919656875], [5.349363945689618, 10.404833496268907], [5.337865837238667, 10.386291607971373], [5.337617271819681, 10.383627156867817], [5.338581636433446, 10.379386765287052], [5.341172362014959, 10.376856338349398], [5.343788901736502, 10.375060643134248], [5.340697764590232, 10.371625900215179], [5.327312945935773, 10.363260268946306], [5.321906727213729, 10.355003297364306], [5.308627533034269, 10.348977720945129], [5.269008396720153, 10.348941603272408], [5.245166999657329, 10.361885999639242], [5.236040834217192, 10.358623050613346], [5.224420070829638, 10.356568336259784], [5.207689284033279, 10.345693588388428], [5.193468570718039, 10.33230876883465], [5.183848380698237, 10.318087577979384], [5.176319599170199, 10.308049202308894], [5.175483226969391, 10.300520897421507], [5.172973632826938, 10.28880977555076], [5.167696475811738, 10.28388404841013]]]}}, {"type": "Feature", "properties": {"name": "Mashegu", "state": "ni"}, "geometry": {"type": "Polygon", "coordinates": [[[5.581430433867467, 9.702344894601254], [5.587161519188783, 9.728726416890652], [5.595839023652047, 9.72833442669247], [5.606713772422722, 9.729171753074013], [5.631809711149288, 9.729171753074013], [5.658742195895684, 9.725543497634362], [5.710443497269637, 9.74088287404544], [5.728847026668973, 9.74088287404544], [5.762308597563788, 9.73084449837495], [5.782384872264117, 9.716623305721043], [5.799115658161156, 9.713277816917753], [5.817519187560492, 9.722478867106076], [5.828964265688342, 9.741719246246248], [5.844288349128078, 9.769325255755973], [5.849440796255806, 9.783678753072024], [5.849307535614344, 9.792747497698883], [5.856021808359799, 9.811565283611003], [5.871964165813665, 9.831285002301058], [5.950527668117445, 9.92491912761568], [5.968094826215292, 9.936630248587164], [5.980642319387584, 9.942486763253555], [5.983999789858444, 9.947522651049553], [5.98566150677317, 9.950015068140942], [5.988171100915622, 9.956707000827464], [5.979805946287456, 9.975947380866955], [5.9814791682291, 9.982639312654214], [5.994863510242851, 9.98765850093912], [6.004065513712533, 10.001879691794386], [6.004065513712533, 10.00689888097861], [5.999882697628436, 10.00940895086245], [5.999453765079238, 10.009516168936102], [5.996536732184495, 10.010245323063259], [5.996536732184495, 10.015174512593717], [5.996536732184495, 10.016937255749781], [5.996536732184495, 10.024466514817846], [5.995614562861817, 10.026003348275935], [5.99151754389959, 10.032831191906041], [5.992353916100399, 10.05374431634715], [5.995032124133274, 10.05686931566646], [5.997373104385304, 10.059600830114277], [5.999882697628436, 10.064620018399182], [5.99151754389959, 10.083023071157868], [5.982315540429909, 10.090552330225933], [5.972277163860099, 10.095571517611518], [5.947181225133477, 10.12150383033753], [5.933796883119726, 10.137397765594471], [5.930373999560459, 10.139618026250957], [5.902845383008071, 10.157474517834771], [5.878585814683674, 10.166676521304453], [5.857332947057898, 10.163745988686458], [5.824619848627151, 10.160637012588097], [5.807306564646296, 10.16159310703631], [5.757631165146222, 10.185550183893895], [5.736141047371461, 10.223546167121981], [5.717135905697546, 10.236945151897316], [5.697059155255886, 10.228579520628443], [5.651050091188779, 10.215194701973985], [5.636828899434192, 10.216031075074113], [5.612569808649823, 10.216031075074113], [5.580781459696652, 10.218541144957896], [5.540627956115316, 10.21686840055628], [5.51218605014617, 10.205992699403623], [5.509822377300907, 10.205835150771634], [5.49963808123249, 10.205156326303438], [5.483744144176967, 10.200137138018533], [5.467013359179248, 10.19428157843214], [5.456974982609381, 10.19428157843214], [5.415985106827293, 10.23276233671254], [5.412639141383295, 10.241963386900807], [5.406783580897581, 10.246146202085583], [5.390052795000543, 10.251165390370545], [5.379178047129244, 10.25283908805352], [5.352408885561658, 10.247819900667935], [5.335678576305327, 10.24280071328235], [5.325640202433419, 10.24280071328235], [5.271265507097496, 10.258694647639913], [5.240314006985898, 10.262040138241844], [5.230374495586545, 10.265007874913522], [5.19095897657553, 10.275424956896302], [5.167696475811738, 10.28388404841013], [5.160425663013996, 10.277097702197239], [5.156242846929899, 10.271242141711525], [5.132820129245601, 10.255348205555265], [5.108560561820525, 10.23276233671254], [5.088484286220876, 10.223560333242858], [5.062551497753475, 10.216031074174794], [5.037455559026853, 10.207666397086598], [5.009013652158387, 10.200973511118718], [4.97889852514686, 10.199300765817725], [4.96886014857705, 10.189262390147235], [4.951293468019173, 10.172532081790166], [4.928707123435061, 10.16416645142067], [4.921178341007703, 10.144089699180313], [4.917831897124415, 10.117321014253434], [4.91281270973883, 10.103099823398168], [4.903940999377653, 9.98425899975308], [4.889928999823553, 9.96494499941224], [4.878657442287192, 9.961997773578446], [4.864197999438147, 9.958216999415015], [4.839851999969881, 9.968361999606657], [4.820548000090184, 9.98479400014304], [4.793870000100469, 9.998852000019838], [4.779778999601206, 9.996173999730331], [4.759529194416814, 9.9904017740227], [4.736591548561194, 9.97608748265128], [4.721142999849633, 9.956099999815194], [4.694315017224312, 9.93536933702535], [4.690875334329291, 9.916607169685165], [4.683922618034444, 9.894881735303898], [4.679634744048258, 9.891444120849542], [4.671970158595968, 9.884606396368156], [4.648416650707929, 9.860061581077161], [4.63676290558368, 9.852526991727359], [4.621216132918221, 9.819110477766401], [4.625707874219074, 9.817996483051274], [4.638998542848526, 9.794069198035118], [4.636675629077047, 9.777193223788288], [4.63845882371578, 9.76128310882848], [4.633689502168863, 9.74084156278792], [4.60971542722524, 9.698896035024063], [4.584631277711367, 9.648563793184564], [4.567862329982574, 9.599223661842586], [4.697919446025651, 9.614911461694646], [4.759984818844373, 9.581519848162486], [4.822979980941398, 9.553872968962423], [4.84994097419667, 9.493684393120304], [4.827047334866677, 9.45484373784825], [4.822960442270642, 9.426527244137048], [4.827157612433894, 9.407861365409758], [4.839461803019844, 9.386187553013201], [4.844541073211985, 9.380599976108044], [4.847080707408793, 9.37856864862431], [4.853683948955108, 9.375013350685663], [4.861302853344057, 9.372473717388175], [4.865874289866611, 9.36891746526885], [4.877556324065154, 9.36841010913929], [4.884159564712206, 9.366886137785059], [4.892286300972046, 9.366886137785059], [4.913619517626671, 9.356219291587081], [4.919206617891177, 9.355203628744505], [4.94587939461843, 9.355764717567695], [5.020715000197129, 9.388746000127867], [5.068534000243972, 9.422480999998186], [5.079063000157362, 9.427310999702911], [5.082625999890013, 9.428942999419917], [5.098392999437408, 9.4361720000378], [5.126436998568693, 9.444533999844282], [5.134060381581378, 9.447647094837578], [5.150313853201794, 9.4522180556188], [5.160472392686813, 9.457297324911679], [5.185956881704783, 9.46938511702956], [5.209435860976271, 9.496645840832912], [5.22102665265794, 9.508577483663998], [5.219015658845649, 9.514483845053462], [5.20862881207006, 9.522056480222432], [5.199807477233321, 9.523502174585758], [5.188645860917802, 9.523454846863729], [5.179872373611204, 9.522303184944064], [5.171363769922095, 9.518953704949581], [5.165872433965717, 9.516308845576816], [5.156485603627743, 9.520773428251175], [5.147141054016458, 9.523623365426033], [5.138332201769742, 9.52829556468862], [5.134469122551991, 9.53434489400172], [5.128945364237211, 9.536153118571633], [5.136781769663003, 9.542097928676526], [5.144481974563519, 9.554106197343174], [5.152510180200693, 9.568762535962321], [5.167880282848841, 9.576214363402187], [5.180024470552894, 9.578507048261713], [5.195720423658656, 9.569631998717796], [5.217159888917763, 9.568784724935142], [5.222720952010377, 9.575157338940073], [5.229902220211329, 9.574072235845051], [5.24306381993938, 9.58113666412578], [5.253019049689442, 9.588468771116936], [5.256274830219297, 9.590064261956172], [5.254379794991621, 9.59447369280673], [5.257709810959057, 9.600896652658435], [5.264344983834008, 9.607996598764089], [5.270183766567641, 9.612647398658567], [5.272293126426689, 9.61965803129317], [5.270878121428211, 9.629467496228017], [5.292052098725435, 9.671087058421051], [5.299965511299376, 9.674806577961249], [5.301777810697445, 9.678974324105809], [5.306880951594678, 9.685466982315404], [5.312467531151697, 9.68473231534415], [5.317722997418457, 9.686985931855304], [5.328309070107537, 9.69090023285952], [5.355740321558642, 9.689995022052699], [5.360463518676511, 9.695392733188157], [5.363640815371355, 9.706381745321323], [5.37093837940273, 9.715187601027026], [5.37132051842724, 9.723584043069195], [5.373850169249977, 9.731410735816837], [5.379929787729566, 9.736038075097156], [5.388250878275471, 9.740515327420496], [5.391343972346476, 9.742650844960565], [5.405157867441687, 9.759012278393982], [5.4297558623432, 9.797876915887002], [5.431088029888713, 9.801849290612324], [5.429880501184243, 9.805996391920019], [5.430042470883393, 9.808532182414353], [5.447450949901452, 9.795182141442695], [5.453012031879837, 9.794371375638548], [5.458442218433674, 9.796212565757344], [5.469023568782745, 9.797704107558559], [5.480543081098347, 9.795084904944474], [5.484077452712313, 9.79179915360811], [5.490137158403172, 9.782642260132263], [5.4931455893975, 9.775540355303178], [5.498557175273447, 9.766834392693113], [5.501620802158357, 9.749667344772206], [5.510314310057424, 9.736374445824083], [5.511343989733405, 9.729914403327086], [5.51147744372912, 9.72175595607257], [5.512217344754731, 9.714604576839804], [5.51626847041365, 9.703966365955068], [5.526517552742916, 9.694948797249253], [5.530610451011569, 9.689430559872505], [5.534884227225348, 9.692125312733026], [5.537975021729892, 9.694829656863249], [5.541931419999059, 9.695480935097123], [5.54749337162184, 9.694582454816498], [5.553107457842941, 9.700303163760054], [5.562993940717831, 9.711308060618535], [5.581430433867467, 9.702344894601254]]]}}, {"type": "Feature", "properties": {"name": "Wushishi", "state": "ni"}, "geometry": {"type": "Polygon", "coordinates": [[[5.912274836714403, 9.501861572353732], [5.915616034852178, 9.506240845338766], [5.922989845205223, 9.516564369050457], [5.924464702783837, 9.526151657373134], [5.926677226572792, 9.53057575166963], [5.934788704035498, 9.539424896241997], [5.951012134702296, 9.551223755072272], [5.972397326775251, 9.556385994018456], [5.979034424199369, 9.556385994018456], [5.984196185605526, 9.5541734702295], [5.98935842455171, 9.553436278861227], [6.015149999672815, 9.53684200015823], [6.036828833883646, 9.530946407250951], [6.087680891060302, 9.547959143199932], [6.095547198944132, 9.558597565425373], [6.132186197834812, 9.545915446440745], [6.132452558139107, 9.544174108048708], [6.149195790653266, 9.538826641136609], [6.164477158993748, 9.511847154222835], [6.189619667313821, 9.512169132199745], [6.194648966676539, 9.517914184891765], [6.220955204019504, 9.53365910788159], [6.216516484947874, 9.556619183728401], [6.183337375819292, 9.5779298202051], [6.179858423127769, 9.621454483737466], [6.184796467383137, 9.628257773177722], [6.203738436179947, 9.632944926367315], [6.207220995152852, 9.657925989293005], [6.202627065686556, 9.693344707092592], [6.210245150793128, 9.705001564770441], [6.217092905413324, 9.710271895031951], [6.254822180299414, 9.701046741214157], [6.283149730275852, 9.703303585392177], [6.286218505779459, 9.726681968298237], [6.303583581716964, 9.775665331389973], [6.30670438120228, 9.80592597140651], [6.301327822121323, 9.815508883628127], [6.265509028319059, 9.84410348908483], [6.234438290694584, 9.893507260951367], [6.194258162684093, 9.882421076171795], [6.166658522173122, 9.832707775643371], [6.14296522636414, 9.821108075277493], [6.137955246237652, 9.812912471633297], [6.080959304128612, 9.80945241909393], [6.079361448072405, 9.810281653375625], [6.078573657248512, 9.811037773674343], [6.07398995037596, 9.817365083431923], [6.069810389837642, 9.81522464839884], [6.041590832251131, 9.796683133320016], [6.0007598927549, 9.780553612559231], [5.97229493086644, 9.775022925867404], [5.907776593315191, 9.78250402174325], [5.849307535614344, 9.792747497698883], [5.849440796255806, 9.783678753072024], [5.844288349128078, 9.769325255755973], [5.828964265688342, 9.741719246246248], [5.817519187560492, 9.722478867106076], [5.799115658161156, 9.713277816917753], [5.782384872264117, 9.716623305721043], [5.762308597563788, 9.73084449837495], [5.728847026668973, 9.74088287404544], [5.710443497269637, 9.74088287404544], [5.658742195895684, 9.725543497634362], [5.631809711149288, 9.729171753074013], [5.606713772422722, 9.729171753074013], [5.595839023652047, 9.72833442669247], [5.587161519188783, 9.728726416890652], [5.581430433867467, 9.702344894601254], [5.601212147322769, 9.679430024076396], [5.618121624013781, 9.675193787363469], [5.637200832052827, 9.664552688755634], [5.645639895664715, 9.654279708741626], [5.66728782737141, 9.638869285888859], [5.685883160579465, 9.625825459577356], [5.689052602595609, 9.625597030878339], [5.692536133735643, 9.625025959580398], [5.693592615007219, 9.623741051408444], [5.695519676891649, 9.619106790046374], [5.707648276646694, 9.610616683613102], [5.713885782802663, 9.601444243557069], [5.719756602085567, 9.586033821603621], [5.73113059959752, 9.568788528168113], [5.736059425801898, 9.536085542613762], [5.738774935015272, 9.53470434762761], [5.742137909337089, 9.526593208309976], [5.751677990446922, 9.51411819509866], [5.78029727869648, 9.48953533218986], [5.790570736250515, 9.482563972049718], [5.798275947676871, 9.482196807636626], [5.80304575036115, 9.49210357741822], [5.809283257416439, 9.499442101072134], [5.820657253129752, 9.509348869055088], [5.833499431653479, 9.509716034367557], [5.838269234337758, 9.507881164684079], [5.855147361561535, 9.49687385584383], [5.865054131343129, 9.489902495703689], [5.881565094153814, 9.487700461607062], [5.890738009951235, 9.489168166877448], [5.893920897731277, 9.488788605309935], [5.901539803019546, 9.495391845956988], [5.912274836714403, 9.501861572353732]]]}}, {"type": "Feature", "properties": {"name": "Shiroro", "state": "ni"}, "geometry": {"type": "Polygon", "coordinates": [[[6.540331840641954, 10.545209884928283], [6.541938305008841, 10.498624802392783], [6.547560691972421, 10.481758118142693], [6.554502507584687, 10.474246514565039], [6.558382765652141, 10.4625357416312], [6.559835007079982, 10.450824968697418], [6.55950847943285, 10.439085647684522], [6.553527209912829, 10.42105994056385], [6.550773620706082, 10.404651641659996], [6.550773620706082, 10.402166428138173], [6.550773620706082, 10.394163304592894], [6.550773620706082, 10.390997887942206], [6.549482338139455, 10.388157464695269], [6.546881060812382, 10.382435458029988], [6.546757220569305, 10.382163048885673], [6.546553525025217, 10.3818235413234], [6.54355095131541, 10.376819053356655], [6.541938305008841, 10.374131202792796], [6.512220383364024, 10.346822740277275], [6.491066594947426, 10.299671550701532], [6.44583158186208, 10.309645582577616], [6.428451608654882, 10.311369868025054], [6.402870168223728, 10.294602010274616], [6.380854821193111, 10.280266289857423], [6.374141438776405, 10.272886395590717], [6.364321806106489, 10.255937840658873], [6.370142160832131, 10.232472156964548], [6.376431345630124, 10.207116305173372], [6.415353413829052, 10.206197723246362], [6.424598548784047, 10.19134207867404], [6.434438882048823, 10.17742303214726], [6.440091604044312, 10.15805801956202], [6.412777954239232, 10.117734489255326], [6.455727453659108, 10.121858114660313], [6.478486538223194, 10.14361572318711], [6.525874614621841, 10.113095284319968], [6.537922382412091, 10.098637580759771], [6.538775061120248, 10.09629290429416], [6.540080447754519, 10.092703379957072], [6.541135311145752, 10.089802741703238], [6.540331840641954, 10.068920134856398], [6.549167156339252, 10.05205249822427], [6.549382747216043, 10.049033454330527], [6.549793693324318, 10.043278751912908], [6.549970150202341, 10.04080772519643], [6.548363684936135, 10.034382820111091], [6.546593766988792, 10.030842983317086], [6.544347763238704, 10.026350974917591], [6.545151233742502, 10.00225544023641], [6.559608458863352, 9.984584807942554], [6.558275093420889, 9.981251591287958], [6.557724467310379, 9.979875106051338], [6.556395531028954, 9.976552962749054], [6.511015415029419, 9.95968627939834], [6.508964049751171, 9.957448465774121], [6.503983252625062, 9.952014967916512], [6.50218057597283, 9.95004844737798], [6.498164654275399, 9.925148963753713], [6.50146227036754, 9.92143899321502], [6.504590034202749, 9.917920113322623], [6.504590034202749, 9.913626168013309], [6.504590034202749, 9.91195163036349], [6.504590034202749, 9.909888268129123], [6.497550903851163, 9.89590471592993], [6.52835107684075, 9.882628760209172], [6.563601201434324, 9.871147961009626], [6.603335835880159, 9.861778719612289], [6.615326455351692, 9.861396637245036], [6.610599025124941, 9.842227261379037], [6.594408310894892, 9.832349743845668], [6.598713204550791, 9.799556514021958], [6.628774883054461, 9.788047160448173], [6.60910972443429, 9.782956350155473], [6.562527999967301, 9.76105599943486], [6.578776000112384, 9.721790999954749], [6.579105441562945, 9.72140270507083], [6.590211999584142, 9.70831199979898], [6.61433085188736, 9.69965840381235], [6.640635303176737, 9.678518300379324], [6.648288999637657, 9.66076699979726], [6.649950999838836, 9.659171999987848], [6.651056000434096, 9.647185999434384], [6.653318999572207, 9.636138999914976], [6.654586000443601, 9.629699999755246], [6.653842998555604, 9.624618000120677], [6.654102999753661, 9.611023000011471], [6.653697999962787, 9.59810699973832], [6.6373185935783, 9.589496668336608], [6.624276697211883, 9.56550318512393], [6.631532999448439, 9.553789000162283], [6.626741999743558, 9.548194000252977], [6.627012999650276, 9.539849998578632], [6.62177339742442, 9.539754958224819], [6.629093466090637, 9.534424072113268], [6.648888030857961, 9.538072475964043], [6.673046474015621, 9.534332014810673], [6.678378034618675, 9.532132060845981], [6.682857814036936, 9.532033425901943], [6.700494569768637, 9.518658065417412], [6.708139728066044, 9.519107781299113], [6.711707114691649, 9.519317627306691], [6.712910001095736, 9.522236750225886], [6.717595100233723, 9.533617019609835], [6.755446433805901, 9.543710708982076], [6.777316093363083, 9.558851241691514], [6.790774345259877, 9.557168960878869], [6.793717007034275, 9.553245412146111], [6.795821190395657, 9.5504398349305], [6.801303695908871, 9.55181046198328], [6.805914877969315, 9.552963257048702], [6.809419911899454, 9.549458224017883], [6.812644004817002, 9.546234131999654], [6.846798419711376, 9.533117294227793], [6.849654197982886, 9.56810378975814], [6.848813056677272, 9.589132308908972], [6.844607352847106, 9.60931968675419], [6.847130774066045, 9.618572234820817], [6.846289634559014, 9.632871628023281], [6.83535480388116, 9.654741286681087], [6.839560508610646, 9.66315269524074], [6.839560508610646, 9.671564102001753], [6.837037085593067, 9.68081665006838], [6.83535480388116, 9.69427490196523], [6.833009541956869, 9.700528936761089], [6.830767887328193, 9.706450202614803], [6.828710323922337, 9.709814924319346], [6.834531779418114, 9.717760315885926], [6.842943187078447, 9.727012863053233], [6.854701042219347, 9.733808517249315], [6.869841575828104, 9.738855362385095], [6.874888420064565, 9.746425629639134], [6.869841575828104, 9.757360457619086], [6.863130462400989, 9.770253302148205], [6.860589026862158, 9.775865555550979], [6.847971916270978, 9.868391991297415], [6.848813056677272, 9.912131310411667], [6.84544849415272, 9.917178154648184], [6.847130774066045, 9.923066140190258], [6.854229889198052, 9.930165254423002], [6.854701041320027, 9.930636405645657], [6.868608474901237, 9.962695122282128], [6.867379664639884, 9.96761131301173], [6.866255282755162, 9.972481728249193], [6.86900043542181, 9.972693443048001], [6.870682715335079, 9.979422568996426], [6.873206139251977, 9.991198540080632], [6.875729561370235, 10.005497933283038], [6.879935265200402, 10.018115043874218], [6.884982109436862, 10.027367591940845], [6.888346671961415, 10.047554969786063], [6.89171123538523, 10.065218924613703], [6.893393517097195, 10.072789191867741], [6.901178837433463, 10.076381683068291], [6.892529488045511, 10.093015671336218], [6.882088183722772, 10.117111206916718], [6.882263803331909, 10.118955077914563], [6.883739794056282, 10.134451883347765], [6.885301114255071, 10.150844575416897], [6.903774261073352, 10.168515205912058], [6.905458926888002, 10.170948029428075], [6.911003113303082, 10.178956032694828], [6.915019035000512, 10.188594817996488], [6.916747418658474, 10.189242819100855], [6.921444415827182, 10.191003798686381], [6.923635006950065, 10.189126016052853], [6.927066802790762, 10.186184884025238], [6.928672791416261, 10.180562973702308], [6.942327022674021, 10.180562973702308], [6.947035953846239, 10.185271438126392], [6.947146416673831, 10.185381889262828], [6.954472543173381, 10.19199848304362], [6.970438956592602, 10.232769965661419], [6.974681336574463, 10.236588210077855], [6.978470801786102, 10.239998816991886], [6.982486726181492, 10.244014739588636], [6.984092712109032, 10.239998816991886], [6.984889030304544, 10.236814499289778], [7.002566338265922, 10.247227669221616], [7.002895831877197, 10.244918824444255], [7.003369331229692, 10.241604804718008], [7.008188725229559, 10.242407800379738], [7.019433021616692, 10.273732184592689], [7.024682925576599, 10.278982091250555], [7.025858879084069, 10.280158043858705], [7.032284259910739, 10.287386895189115], [7.040316105104239, 10.288992882915238], [7.045938492067819, 10.291402816886546], [7.050757407628282, 10.317104340193168], [7.046628475323928, 10.322609900726377], [7.043528557197192, 10.326743126394206], [7.033890724277569, 10.343609809744976], [7.029108046898898, 10.347267151058247], [7.024765014793672, 10.350588798834053], [7.020236492120489, 10.354051589809046], [6.996943951302342, 10.356460571398316], [6.977213859831807, 10.36483001669194], [6.934295176581202, 10.361279487858155], [6.930211067386892, 10.3657722471915], [6.927470064192164, 10.368787713582151], [6.926263332287022, 10.370115280196046], [6.925667061086074, 10.372351675589414], [6.92476797106508, 10.375723839183877], [6.923050880194012, 10.382163048885673], [6.928428173121745, 10.403036118422165], [6.931773744662621, 10.412593992618724], [6.938311100077271, 10.433567046981693], [6.946342945270771, 10.450433731231783], [6.954374789564952, 10.462481499022033], [6.954133033812525, 10.468047142361797], [6.953519821182852, 10.48217868789618], [6.947949408738282, 10.491395950162996], [6.935901641847352, 10.500231743400263], [6.930015470237834, 10.510882831677407], [6.929857847861456, 10.511053258601066], [6.923451111779457, 10.512250702308108], [6.926622065555932, 10.5170232317368], [6.92659077364533, 10.517079853952168], [6.919034957597262, 10.530752182267463], [6.912609100129941, 10.537981032698553], [6.869102477897059, 10.5553569787416], [6.861205101134544, 10.550831795251213], [6.856386184674705, 10.537981032698553], [6.849157333344294, 10.530752182267463], [6.844625327596816, 10.528486628155406], [6.844338416884455, 10.528343200678194], [6.839519023783964, 10.531555176130496], [6.835503101187214, 10.537981032698553], [6.839519023783964, 10.549225806625714], [6.841125488150794, 10.557257652718533], [6.841652870383712, 10.567273139743634], [6.841928958654591, 10.5725183492425], [6.835101604255669, 10.59581089006059], [6.829479218191409, 10.59982681265734], [6.829479218191409, 10.62472534210093], [6.823499203225708, 10.631078719607274], [6.819104671443483, 10.635747909738313], [6.81662845563875, 10.638379097617303], [6.814443587801406, 10.63915061970539], [6.811096373199121, 10.640332087855597], [6.80297422258235, 10.6431989673585], [6.785304069627159, 10.639183043862431], [6.75989914902658, 10.645277941823622], [6.751057885213299, 10.642138737712628], [6.719780155130081, 10.643503330314502], [6.716573402940242, 10.64150275604743], [6.715035805957712, 10.636793885129748], [6.714161199979458, 10.634115385716541], [6.719437892944427, 10.624768102166229], [6.724262297966732, 10.61768225832958], [6.731325917756919, 10.5964021502391], [6.725868225438319, 10.589385032593214], [6.709845543237293, 10.587535858293279], [6.700488091052591, 10.589019774742837], [6.696122610070461, 10.590988105616645], [6.695991255092395, 10.591047332268602], [6.686180592260598, 10.589941978239779], [6.683989400390544, 10.589711328215287], [6.680889606370272, 10.589385032593214], [6.647069930832686, 10.593429565322253], [6.586916924076831, 10.574124336069303], [6.574065684883521, 10.557257652718533], [6.5561008447782, 10.546940803775101], [6.551589489263563, 10.545556069057398], [6.549167156339252, 10.545209884928283], [6.540331840641954, 10.545209884928283]]]}}, {"type": "Feature", "properties": {"name": "Borgu", "state": "ni"}, "geometry": {"type": "Polygon", "coordinates": [[[3.796932934707229, 10.066102979768743], [3.799117086684248, 10.071198462039433], [3.818045616012398, 10.066830633826726], [3.823319196423824, 10.05430602840056], [3.833034990672331, 10.047019002624893], [3.851039647361858, 10.055203436689283], [3.855438451823147, 10.053553835441221], [3.864133833909364, 10.050292968345843], [3.872317553012692, 10.042109487562868], [3.882138251379274, 10.035562513898924], [3.890322207903637, 10.030652043756845], [3.89690091594457, 10.024895659607068], [3.903416395350405, 10.019194601749518], [3.890322207903637, 10.015920636927888], [3.887048720622033, 10.004463194920561], [3.887048720622033, 9.988095281871836], [3.909963607334646, 9.989732741372961], [3.919814263017884, 9.998175751209999], [3.921420811920996, 9.999552725677802], [3.934515236788798, 9.999552725677802], [3.949246166977048, 9.99136924579409], [3.95415639789951, 9.983184812629077], [3.952519654258708, 9.978275297566995], [3.941062211352005, 9.976637838965132], [3.936151980429599, 9.973364829223556], [3.934515236788798, 9.970090865301245], [3.934515236788798, 9.966817854660292], [3.941062211352005, 9.961907386316852], [3.949246166977048, 9.961907386316852], [3.959066868041589, 9.960269926815727], [3.965613840806157, 9.956996916174774], [3.970524071728562, 9.948813437190438], [3.96888732808776, 9.942265509345816], [3.960703610783071, 9.937355994283735], [3.959066868041589, 9.93408203036148], [3.942698955892126, 9.932445525040976], [3.934515236788798, 9.927535055798216], [3.936151980429599, 9.91607761289157], [3.945972443173787, 9.9078931797265], [3.95415639789951, 9.9078931797265], [3.962340355323192, 9.9078931797265], [3.967250585346278, 9.902983663765099], [3.980017424064897, 9.906583784813847], [3.982636212990883, 9.898727416237307], [3.985255240237223, 9.893489836586753], [3.994421004625735, 9.90003681114996], [4.002277849842926, 9.906583784813847], [4.011443614231439, 9.898727416237307], [4.012753009144092, 9.885633468010212], [4.01668119388205, 9.868611335045102], [4.020609378619952, 9.860754012287885], [4.021918772633285, 9.856825828449246], [4.027156829823866, 9.856825829348622], [4.038941383138365, 9.8646831503072], [4.052035808905487, 9.863373755394548], [4.057273386757458, 9.856825829348622], [4.070367334984553, 9.856825829348622], [4.07822418200044, 9.854207037724677], [4.080842970926426, 9.851588247899372], [4.083461759852355, 9.851588247899372], [4.095246314066173, 9.867301940132506], [4.095246314066173, 9.877777099433615], [4.114887714396559, 9.881705284171574], [4.124053477885752, 9.875158308709047], [4.122744082973099, 9.860754012287885], [4.118815898235141, 9.85551643263733], [4.127982140163681, 9.851588247899372], [4.141076086592193, 9.860754012287885], [4.143142663003516, 9.860983622696097], [4.152861117446662, 9.862063407200537], [4.171192646223687, 9.820162771794514], [4.282493590706679, 9.694458008430388], [4.350583553388333, 9.588395119339339], [4.387247085784452, 9.562206267805038], [4.44355201671226, 9.509829519816549], [4.444304787036344, 9.508922876389704], [4.489284952038929, 9.454742751177093], [4.501166820092749, 9.440430639762269], [4.578422546263539, 9.388053893572362], [4.609726906171829, 9.361758232256648], [4.611769198190018, 9.370743751822715], [4.613642216215339, 9.393219948341994], [4.613018034554727, 9.414446830956535], [4.611859321050872, 9.427962303117852], [4.571389712964901, 9.49554357327736], [4.547557515966616, 9.559668058134434], [4.567862329982574, 9.599223661842586], [4.584631277711367, 9.648563793184564], [4.60971542722524, 9.698896035024063], [4.633689502168863, 9.74084156278792], [4.63845882371578, 9.76128310882848], [4.636675629077047, 9.777193223788288], [4.638998542848526, 9.794069198035118], [4.625707874219074, 9.817996483051274], [4.621216132918221, 9.819110477766401], [4.61960109891163, 9.819283992062651], [4.594912528790246, 9.870203971436183], [4.590542315575476, 9.873325347386924], [4.584299087932607, 9.874574660392284], [4.579928874717837, 9.879569054368403], [4.587420463883348, 9.893303871176784], [4.592415331802158, 9.902668952310364], [4.591791152839505, 9.912657737564587], [4.572436809810995, 9.97571468398553], [4.585547446757289, 10.033777236430353], [4.570563791785617, 10.069363594154595], [4.529982567041884, 10.100580215304717], [4.529005560658163, 10.103902308244983], [4.526861191091143, 10.111193657061676], [4.526921272099059, 10.114263535134114], [4.527485370953173, 10.14303398143312], [4.567442415834876, 10.222948073894543], [4.568690777357517, 10.246047973635143], [4.56605577365508, 10.246029854094559], [4.565994544212913, 10.247345248384534], [4.56605577365508, 10.25683498364765], [4.559996603960144, 10.268087387423066], [4.541819572415363, 10.287129401300888], [4.518449305890783, 10.298381805076303], [4.509924739235373, 10.303176882307298], [4.490751266058112, 10.31396198215981], [4.482961178415678, 10.328677176010899], [4.483826635590788, 10.340794563018733], [4.486423490951381, 10.368493080391374], [4.48354485101413, 10.39044226699707], [4.479498863182016, 10.42129230469618], [4.479702698121059, 10.422940263782209], [4.485558032876952, 10.469764708974196], [4.498466710870048, 10.517096530980155], [4.498541353700546, 10.517370224356398], [4.510058401873778, 10.535167694333666], [4.49827693503255, 10.592067693169554], [4.489710874557261, 10.58264502574741], [4.478003928238763, 10.56608397879262], [4.470580008560603, 10.546096504949787], [4.464888338725927, 10.522387556440606], [4.461937806984281, 10.522482734390735], [4.456893350447785, 10.533904147758278], [4.456417457999351, 10.543945474104419], [4.455740499624426, 10.552918421148263], [4.452676943786003, 10.558429252607993], [4.4513718098612, 10.566862061435017], [4.442875311046805, 10.564831144042103], [4.430178794815561, 10.565029971555987], [4.421127615746911, 10.565041428918846], [4.419416321905771, 10.562307706635409], [4.420243780925773, 10.54773935318866], [4.405060291199504, 10.54333782108364], [4.388614177602278, 10.546799659676594], [4.360050676997218, 10.554590223959735], [4.335814953297529, 10.555455208091416], [4.312444210132242, 10.54766559529105], [4.312361134358923, 10.547887163062171], [4.309847831412355, 10.554590223959735], [4.314175605619766, 10.563245773273877], [4.324562548622794, 10.582287788051019], [4.334083556910684, 10.60825538477826], [4.336680411371958, 10.620372771786037], [4.344470500813031, 10.632491112075229], [4.349663733094872, 10.653264998081227], [4.353126049227853, 10.670576095810247], [4.352120581999316, 10.671696884903383], [4.351949263847473, 10.674039966871021], [4.342160764807488, 10.686187857084008], [4.362035308083023, 10.756712205404028], [4.286187344670282, 10.8209734807416], [4.312213063682009, 10.845109192635164], [4.335790721064996, 10.918653068684193], [4.329844857853971, 10.951355314995851], [4.31411065927955, 10.949864705791583], [4.301588759014066, 10.948678420872454], [4.277214161104723, 10.954357939067677], [4.275096058936015, 10.960943079059916], [4.269641072677416, 10.969398967188624], [4.263324772420333, 10.976727206195676], [4.263686228836434, 10.98290210694671], [4.256551806320829, 10.990335822040606], [4.266026858352859, 11.011980883111335], [4.267120184848693, 11.025278875819538], [4.243922643914914, 11.024019091108244], [4.225431161718802, 11.019259859055296], [4.214904029697266, 11.022248879082554], [4.183958129664006, 11.024628479820535], [4.167028902961533, 11.024593352301395], [4.132406235359497, 11.025458336433132], [4.100380421319414, 11.026324271148269], [3.997976509408431, 11.017904808260369], [3.99297318606375, 11.016467241070359], [3.953140716171163, 10.965695467272042], [3.932783798133812, 10.943011363683524], [3.802273546986669, 10.946065857953045], [3.773171265241729, 10.920054040661512], [3.770033367845713, 10.919743774555627], [3.775277614170591, 10.89861106804642], [3.759444235663011, 10.847499846041103], [3.754999636823811, 10.839443204740178], [3.748888492609922, 10.831388471800608], [3.746666430611356, 10.826665877228493], [3.74583292005326, 10.820276258842341], [3.748610974416977, 10.803054808232844], [3.753888606274188, 10.794443128747446], [3.785555362390085, 10.756942746610491], [3.826110838644354, 10.714166640078417], [3.835160272128917, 10.70990668734379], [3.835555553845779, 10.70972061041789], [3.848790006753461, 10.68279892832794], [3.851233400001433, 10.644315603382438], [3.851448302896927, 10.640931197316945], [3.854999542195173, 10.584999083940602], [3.812777518767518, 10.44944381597935], [3.793611048611069, 10.405553817254884], [3.789443968864134, 10.402776717071902], [3.768610953332882, 10.410554884200621], [3.759166240829416, 10.414999006399057], [3.701388834627039, 10.44944381508003], [3.69527769041315, 10.450277325638126], [3.688888548667649, 10.449720380890938], [3.683888435003325, 10.4480552654382], [3.639999866200924, 10.41555404368421], [3.637221812736527, 10.41166495967019], [3.581943987624982, 10.27527618205022], [3.632593795367427, 10.213549144977094], [3.644166469307152, 10.199443814680365], [3.680555341555817, 10.180831906967], [3.683888435003325, 10.170555112928184], [3.684285566625647, 10.15666566039198], [3.709280156254238, 10.113816459661905], [3.71248173644301, 10.108327864839111], [3.714665650099732, 10.101776121171099], [3.715393780798365, 10.089399337309601], [3.730682371594241, 10.068286895224105], [3.736506700423945, 10.068286895224105], [3.736506700423945, 10.074838636194158], [3.734322548446926, 10.079935071746206], [3.735050439026566, 10.087943075912278], [3.743058919833345, 10.084303854139591], [3.7459709641887, 10.077023504031558], [3.750339030721761, 10.068286895224105], [3.771451949447965, 10.047174452239233], [3.772180080146654, 10.040621757088445], [3.775092125401329, 10.033341406980412], [3.783828495888429, 10.03115749242437], [3.78819656332081, 10.034069059239755], [3.78819656332081, 10.03843784073382], [3.784556388266765, 10.04571819084191], [3.780188320834384, 10.052269935409242], [3.784556388266765, 10.062462805614018], [3.794020890351874, 10.062462805614018], [3.796932934707229, 10.066102979768743]]]}}, {"type": "Feature", "properties": {"name": "Lapai", "state": "ni"}, "geometry": {"type": "Polygon", "coordinates": [[[6.408037186167235, 8.603014945683242], [6.452945709377047, 8.448308945701342], [6.503504276401259, 8.412458420219991], [6.527404785002886, 8.37568855288447], [6.551305292705138, 8.369254112287479], [6.579802035735383, 8.330645562143047], [6.599105835066268, 8.32421016736538], [6.599368014422396, 8.323921767375737], [6.608036124567548, 8.314386755744238], [6.608298302124979, 8.314098357553235], [6.613813876609186, 8.299390792651025], [6.62668323534308, 8.287440300029857], [6.64139127688594, 8.255267142864398], [6.665291786386888, 8.226770400733471], [6.683676719604989, 8.212981224404018], [6.691258429832715, 8.183006287310377], [6.712633133112661, 8.20195102691838], [6.718148707596811, 8.243316650243287], [6.724583149093121, 8.24975109084022], [6.727392525045047, 8.252448812362843], [6.719986915563766, 8.274571418835933], [6.720275315553408, 8.27483359819206], [6.729810328084227, 8.283501710135852], [6.730098723577271, 8.283763884995324], [6.743887424165337, 8.26537895177728], [6.744256290995054, 8.265255985675253], [6.749034131819769, 8.263663235070283], [6.749403000448183, 8.263540268068937], [6.761353016428586, 8.272732735127647], [6.761353016428586, 8.292956352054034], [6.749403000448183, 8.299390792651025], [6.749525944067102, 8.299759658581422], [6.751118262098146, 8.30453702366475], [6.751241206616442, 8.304905891393844], [6.766868590912793, 8.308583260609055], [6.772384167195582, 8.335241318132375], [6.790769100413684, 8.330645562143047], [6.807315349923499, 8.34259509968416], [6.837650775762768, 8.39683151256429], [6.824781417928136, 8.404185295914715], [6.832135201278561, 8.41705417620932], [6.832135201278561, 8.417444067389852], [6.832135201278561, 8.42493958389474], [6.832135201278561, 8.425327301413859], [6.824781417928136, 8.432682037146321], [6.827889919184486, 8.457550048995586], [6.827500057681561, 8.457550048995586], [6.798217667811173, 8.457550048995586], [6.784563738725637, 8.457550048995586], [6.782534256650649, 8.571502463767729], [6.779962082284328, 8.580278119339766], [6.781291448441664, 8.743927345570569], [6.790063431182432, 8.790056173253845], [6.792286506716948, 8.840261090876709], [6.78311286336799, 8.848943125225105], [6.788054466240681, 9.270166397161574], [6.779371657576007, 9.26588359984828], [6.76801776890494, 9.267469405888392], [6.76801776890494, 9.275592803864868], [6.76314353874335, 9.28425788958998], [6.723608016896492, 9.289132117952931], [6.72393276928193, 9.285721579387427], [6.724419898759379, 9.280605742760883], [6.724690913954589, 9.277759552161626], [6.721441746139703, 9.270718574602597], [6.716567515978113, 9.260428429228682], [6.701403141341927, 9.240389824430906], [6.685697078957105, 9.233349800153178], [6.685632316977888, 9.233079956774645], [6.682447432702929, 9.219809531884437], [6.634246349389571, 9.220892905583185], [6.621789932359547, 9.237140656616077], [6.618540763645399, 9.23605728111869], [6.616039209442022, 9.233555726015993], [6.612583159785061, 9.230099678157671], [6.599585055905663, 9.227392197192216], [6.594576560559858, 9.229687894780568], [6.586587428666974, 9.233349800153178], [6.582743547276948, 9.233243006559576], [6.570679071881727, 9.23290782563572], [6.567090034077864, 9.23280811420318], [6.550842762383638, 9.224142075196653], [6.536806103418996, 9.221238057290577], [6.53590852785635, 9.22105236077789], [6.535322188768021, 9.220931053925028], [6.535415848662524, 9.220717007184192], [6.533762766138807, 9.207933107427039], [6.531358943960129, 9.196033082960469], [6.524603190884591, 9.177488965243583], [6.525977125643863, 9.162232796806165], [6.528569692137637, 9.152653694112757], [6.531345844435236, 9.13857269407464], [6.532801333314922, 9.135661503175868], [6.537844657604921, 9.125574111755896], [6.547051430179408, 9.108243942104309], [6.54532272456413, 9.06729739565833], [6.562047325823471, 9.051058493954372], [6.560062373679671, 9.042338323854608], [6.559416994998344, 9.034432262339067], [6.560905928765635, 9.033156144140776], [6.566498704651565, 9.028852258624909], [6.568815256618848, 9.023431835111126], [6.576210147980021, 9.001446258338206], [6.584204079554695, 8.990216889797694], [6.594543748795047, 8.979803564283088], [6.594169617334046, 8.979346275210503], [6.585214636046658, 8.96881122106106], [6.584962368118852, 8.968514442087894], [6.579005240899221, 8.932770729085917], [6.58712863887564, 8.879153252120943], [6.598502158847623, 8.853698730312203], [6.598521618378015, 8.853309661112007], [6.599024387065867, 8.843256924167747], [6.599043845696997, 8.842867851370272], [6.591461657929244, 8.835285186961869], [6.575755596443685, 8.786542891641204], [6.544343471673926, 8.765962600893374], [6.534590849288293, 8.748631477960373], [6.532970428342651, 8.735633849822364], [6.546510219970742, 8.690682410964541], [6.545968533121368, 8.665769576904495], [6.535678386848133, 8.627859117404398], [6.501012930402453, 8.587781906010207], [6.500662168724148, 8.58757156177819], [6.486729840110058, 8.579314663041316], [6.486394404678094, 8.579115867903056], [6.467980384687053, 8.579115867903056], [6.439276218422776, 8.594821930287878], [6.408037186167235, 8.603014945683242]]]}}, {"type": "Feature", "properties": {"name": "Rijau", "state": "ni"}, "geometry": {"type": "Polygon", "coordinates": [[[5.333141327110582, 11.35642910032277], [5.249651102116729, 11.309372012208655], [5.246051192408629, 11.30168279432553], [5.243054282629089, 11.290573843208335], [5.243245842721535, 11.267877397324071], [5.244365701016363, 11.244866839832866], [5.242117868045227, 11.239972952289975], [5.233390218284001, 11.218191828290287], [5.185467834872725, 11.228039051261248], [5.071302413875344, 11.237557411045714], [5.071302413875344, 11.227115630981643], [5.062467574818754, 11.208642005724016], [5.062367997385195, 11.208559028876152], [5.057648181718264, 11.204626083127266], [5.052829266157744, 11.205430031171034], [5.048813341762354, 11.211051940594643], [5.048813341762354, 11.219083785788143], [5.048813341762354, 11.22731050597514], [5.048813341762354, 11.227918624844733], [5.062467574818754, 11.24478626237618], [5.064877032149354, 11.254424095295803], [5.062467574818754, 11.262455938690664], [5.058597247065336, 11.27019659689546], [5.058451653121324, 11.270487784783484], [5.052025794754684, 11.272897719654111], [5.045600413928014, 11.272897719654111], [5.025520801843584, 11.256030083021983], [5.016685486146343, 11.251211165662824], [5.011866568787184, 11.252014160425233], [5.005441188859834, 11.257637024029464], [4.996384488853153, 11.284217007808707], [4.996435392279579, 11.284279871319029], [5.001112256325598, 11.290055508155206], [5.001837675568311, 11.290951356120217], [4.99603645212062, 11.310368347721123], [4.988264324838781, 11.313025263405223], [4.981345654178654, 11.319481849807573], [4.966084956755424, 11.362051009746324], [4.958856105424957, 11.369279861076791], [4.952430724598287, 11.369279861076791], [4.944325894024814, 11.367432469233108], [4.938510757165773, 11.364100323671039], [4.935756771357944, 11.366346132268234], [4.931513011816094, 11.372313135842603], [4.928477067862445, 11.376219872649074], [4.91325260232577, 11.385451639181838], [4.898118060000513, 11.39063297972831], [4.888088952743033, 11.378178628440992], [4.88168013023386, 11.373161302652022], [4.878644454278174, 11.37233912085378], [4.877345881807059, 11.370906906428615], [4.883150892299909, 11.360777814344715], [4.878998152242957, 11.35475551235703], [4.871471309653259, 11.352889420910117], [4.867405085276516, 11.358148372949074], [4.864896136847278, 11.3578939106755], [4.863165830438788, 11.357809090217415], [4.854341257143346, 11.354925155971216], [4.852091855754566, 11.350090261256582], [4.840412274007292, 11.350853669661149], [4.830010182823742, 11.336072074366768], [4.826330184890196, 11.33554649437525], [4.823195704917907, 11.336178877853001], [4.821292366249736, 11.337620942552519], [4.820081150324881, 11.338723694842713], [4.819389026682302, 11.33974161408429], [4.818437356898528, 11.339317482116144], [4.816966594832536, 11.337027152581072], [4.815582348446696, 11.336094050200302], [4.811516123170577, 11.340250572805758], [4.788676051958305, 11.325151081557237], [4.747727211341783, 11.311436469817295], [4.743829262710335, 11.306775172136554], [4.737839733816713, 11.304164814354749], [4.732895995953527, 11.306775172136554], [4.727857183562207, 11.306215811810318], [4.727594667859705, 11.305162711989624], [4.726811395229731, 11.302020573390791], [4.711885107112039, 11.297079433668955], [4.711656027303889, 11.29610597601004], [4.710459028761193, 11.291019430302526], [4.713311184563565, 11.283747256830509], [4.704469498968251, 11.272185987193609], [4.704367796436713, 11.271486206723125], [4.703856605597935, 11.267968897946332], [4.708120713200401, 11.26406949421181], [4.738990615124862, 11.25110476237495], [4.737650693624687, 11.250323088739606], [4.736222267143944, 11.249489784126297], [4.70340633393522, 11.228543282246733], [4.703560152179307, 11.227935731748687], [4.705303044599873, 11.221051656209], [4.72230581965789, 11.205901481867954], [4.732711130414373, 11.189586632417218], [4.740542012204173, 11.169346756647542], [4.741311523408115, 11.153228379386235], [4.743587265040276, 11.150562391341339], [4.746122360358697, 11.147592544860117], [4.757622242272703, 11.142992973047342], [4.765289307155854, 11.136859894368683], [4.779431819023273, 11.131420135430972], [4.780209064396843, 11.128700254613136], [4.785794734739284, 11.123812674915087], [4.788587570360107, 11.118925095217037], [4.802551745766493, 11.114037513720348], [4.81442117709571, 11.116132736236864], [4.81780052087737, 11.119511604277193], [4.830965040704086, 11.11610695177444], [4.839656351559427, 11.113859176359938], [4.876561640607292, 11.091694832350697], [4.89820575738986, 11.08750629388038], [4.908679008329614, 11.081920624437316], [4.934512615065159, 11.084014892773155], [4.979896069348172, 11.080523490766552], [4.991765498878692, 11.070050239826742], [4.991067410032997, 11.060974120759113], [4.995954513989659, 11.053992270926585], [5.009220599650973, 11.051897049309446], [5.01366570121121, 11.052681711391926], [5.02109003098019, 11.053992270926585], [5.027373791067646, 11.05050086981936], [5.035752296131591, 11.051897049309446], [5.04063987672896, 11.051897049309446], [5.04623937594647, 11.04168605686607], [5.055109079920157, 11.026164137864725], [5.062970160944246, 11.012407302954728], [5.067988872588444, 10.989821434111946], [5.081373692142222, 10.950504302731417], [5.08208951831665, 10.930457095018994], [5.08221006434303, 10.927081108406469], [5.081605386279591, 10.926022975979606], [5.075517654116481, 10.915369987435042], [5.054604528776053, 10.904495238664367], [5.034527779233656, 10.899476051278782], [5.025326252404682, 10.8902740478091], [5.025347440432085, 10.889807822173282], [5.026162623706171, 10.871870040869737], [5.028672217848623, 10.859322547697445], [5.03445188904351, 10.845836690211115], [5.047075748147336, 10.825024604601879], [5.05878734575947, 10.820841789417102], [5.083859508209798, 10.817499469824725], [5.083883286284674, 10.817496299714492], [5.099777222440935, 10.80829429624481], [5.108979224111977, 10.79574584979116], [5.10087871568021, 10.75982952091573], [5.108142376169781, 10.757266044792175], [5.107306003968972, 10.745554923820748], [5.11238305193632, 10.740547935738675], [5.112401369327756, 10.740529871056765], [5.137421130980442, 10.74220848083678], [5.144113063667021, 10.748064041322493], [5.149969100793442, 10.74973678572411], [5.155824661279155, 10.747227669121685], [5.165026663849517, 10.743881226137717], [5.174228190678491, 10.74220848083678], [5.179247378963396, 10.733842849567907], [5.184266567248301, 10.730497359865296], [5.190122604374722, 10.728823662182322], [5.197650909262109, 10.725478171580392], [5.203506947287849, 10.717948914311023], [5.20685291273179, 10.713766098226927], [5.216054916201472, 10.714602470427735], [5.220237254745541, 10.718785285612512], [5.223583697729509, 10.718785285612512], [5.234458447399504, 10.713766098226927], [5.237882680841096, 10.709569966780577], [5.26924178697891, 10.735079375113116], [5.291285189260122, 10.747409756654974], [5.354827402662579, 10.782953261683701], [5.355630874964959, 10.800622939796881], [5.358112880605006, 10.804110311941372], [5.359159842552742, 10.807156021633148], [5.360206806299118, 10.808298164228972], [5.36230073199323, 10.80793648568033], [5.363557086690264, 10.807003736733122], [5.364513979736444, 10.806250750571735], [5.366072178388379, 10.815080643357078], [5.355630874964959, 10.876926422416489], [5.358040333194879, 10.884958266710669], [5.363511956911339, 10.901021957097669], [5.366073541760613, 10.906245326560622], [5.390060486002653, 10.913851751057507], [5.413275357771568, 10.908439342301847], [5.406234980060333, 10.882489902886732], [5.410894476398994, 10.87973381896063], [5.43122459104211, 10.885216096046065], [5.429726011146556, 10.917449413359805], [5.425825063276079, 10.921247423929515], [5.381551687160709, 10.941178843029206], [5.382938861739149, 10.956441878689816], [5.40895409195781, 10.95821722674367], [5.430578634096719, 10.964384789926157], [5.432406060091637, 10.9758062032937], [5.430632433340179, 10.990583168878175], [5.411218375327792, 11.004406283823016], [5.400700262607074, 11.02005621772031], [5.396665073834129, 11.026059791326361], [5.388993313590618, 11.037473873420595], [5.389791800950889, 11.047417298669473], [5.389810469977249, 11.047649776116316], [5.391127226740196, 11.064047115881749], [5.387077541795179, 11.092206728257963], [5.393826354802457, 11.117807543683227], [5.408440856060679, 11.116785600874834], [5.41340085636449, 11.12089657461729], [5.405150453430736, 11.126554452426092], [5.402762001565179, 11.144009413803474], [5.404030845147417, 11.1469993628304], [5.399819861397532, 11.15425919670463], [5.39388267304696, 11.161934656759058], [5.389705808676183, 11.173447802773921], [5.388454171822616, 11.182149680663258], [5.386972491986967, 11.19245090388614], [5.384595695335122, 11.20236000201254], [5.389806823226365, 11.220586026823753], [5.389159190844055, 11.231079426174631], [5.379603885111237, 11.235026113564345], [5.372354029215103, 11.27010053221386], [5.368589182045184, 11.282603555709557], [5.362599653151506, 11.294183052805693], [5.357380205632012, 11.30643331644444], [5.354556570929049, 11.317592346309766], [5.348453946892164, 11.33892658189626], [5.342396509291518, 11.338650275090174], [5.336354255844299, 11.340365409935771], [5.336354255844299, 11.347594261266181], [5.333141327110582, 11.35642910032277]]]}}, {"type": "Feature", "properties": {"name": "Chanchaga", "state": "ni"}, "geometry": {"type": "Polygon", "coordinates": [[[6.572322368882283, 9.572368451342982], [6.57547379028324, 9.573683039840489], [6.579751840974723, 9.575467594254121], [6.583362197207691, 9.581322062063578], [6.584222119055596, 9.583071320784882], [6.588805137946792, 9.592394120292454], [6.598425387321811, 9.593828753893945], [6.59945216308688, 9.598590825106555], [6.574678047653833, 9.603458117897844], [6.574830162581975, 9.604821089022096], [6.575267493000467, 9.606789606055543], [6.579165440732538, 9.61831363656512], [6.577330553961929, 9.618810433754561], [6.574067211033025, 9.619223649751689], [6.570830279393931, 9.619612057950178], [6.571901082369095, 9.633310525960042], [6.566998402154582, 9.638901219016077], [6.563359566191082, 9.638433531082626], [6.557743193893316, 9.629339269092043], [6.54981357823408, 9.63464956162801], [6.558671056823869, 9.658309838828075], [6.556772060082551, 9.658800742760093], [6.554158282179003, 9.659476422299122], [6.551353661842086, 9.65849466209903], [6.545706390637463, 9.651526189681931], [6.544641586140358, 9.65179799628055], [6.544099676259123, 9.653466316917047], [6.541607781673861, 9.654712524563422], [6.53416043915297, 9.651133937781026], [6.513267826449066, 9.669244030087953], [6.508318546064118, 9.659726185615], [6.506110407369476, 9.654853049029043], [6.506110407369476, 9.65127433993888], [6.510678972356743, 9.643660065259837], [6.51362553628951, 9.637303809023592], [6.502970317426275, 9.621726577219818], [6.500687402801475, 9.614562842201451], [6.50337835692568, 9.60742232138307], [6.495892566588736, 9.58294135436006], [6.506690399942045, 9.57384830105832], [6.508111448384682, 9.561274017082269], [6.53102979478922, 9.566420372202458], [6.542669267672636, 9.562601511750415], [6.544035926916536, 9.558411994817732], [6.551020144663994, 9.558000659303048], [6.55195066239321, 9.561090948388596], [6.563567258322337, 9.561821426317806], [6.574297309773101, 9.568601902655757], [6.572322368882283, 9.572368451342982]]]}}, {"type": "Feature", "properties": {"name": "Mariga", "state": "ni"}, "geometry": {"type": "Polygon", "coordinates": [[[5.430632433340179, 10.990583168878175], [5.432406060091637, 10.9758062032937], [5.430578634096719, 10.964384789926157], [5.40895409195781, 10.95821722674367], [5.382938861739149, 10.956441878689816], [5.381551687160709, 10.941178843029206], [5.425825063276079, 10.921247423929515], [5.429726011146556, 10.917449413359805], [5.43122459104211, 10.885216096046065], [5.410894476398994, 10.87973381896063], [5.406234980060333, 10.882489902886732], [5.413275357771568, 10.908439342301847], [5.390060486002653, 10.913851751057507], [5.366073541760613, 10.906245326560622], [5.363511956911339, 10.901021957097669], [5.358040333194879, 10.884958266710669], [5.355630874964959, 10.876926422416489], [5.366072178388379, 10.815080643357078], [5.364513979736444, 10.806250750571735], [5.363557086690264, 10.807003736733122], [5.36230073199323, 10.80793648568033], [5.360206806299118, 10.808298164228972], [5.359159842552742, 10.807156021633148], [5.358112880605006, 10.804110311941372], [5.355630874964959, 10.800622939796881], [5.354827402662579, 10.782953261683701], [5.291285189260122, 10.747409756654974], [5.26924178697891, 10.735079375113116], [5.237882680841096, 10.709569966780577], [5.244900034109321, 10.699856726606697], [5.252304924133, 10.6976472281371], [5.268424189924474, 10.692048478954177], [5.286043324339971, 10.6879892333165], [5.295453689935869, 10.679758268329465], [5.306509724044588, 10.647957524020569], [5.312677158624012, 10.641804044221317], [5.312746980189047, 10.634858375913382], [5.318034366992492, 10.635991850843311], [5.324855052918394, 10.63699319108298], [5.325808196690957, 10.626749027145934], [5.330147732232092, 10.621773657428378], [5.335226891807679, 10.6226488281809], [5.33930642525138, 10.619183405789613], [5.343682622555036, 10.619230414252286], [5.381654077673602, 10.598208541990687], [5.389401786563269, 10.58901753003505], [5.394043874725071, 10.58567628243452], [5.393948428777037, 10.576743728440363], [5.398451071659679, 10.572195845162184], [5.399285369124527, 10.568833538137312], [5.406668418212973, 10.564062052821555], [5.405623012991725, 10.560977673181128], [5.407155065653797, 10.559287580857244], [5.459134905951203, 10.564133946424533], [5.462079827721936, 10.560948025231255], [5.508575603081681, 10.604035454572625], [5.529173114048035, 10.686932755642204], [5.540145873633207, 10.68960189760952], [5.561651707060662, 10.699433326686744], [5.570254325876476, 10.703119279031569], [5.583772182140535, 10.690830231230223], [5.58991670559152, 10.684071540968887], [5.599748134668744, 10.678541183428933], [5.607736110932819, 10.661335944897985], [5.621254443837586, 10.623854637381669], [5.621254443837586, 10.610336305376222], [5.622483253199619, 10.601119041310767], [5.633543490739555, 10.584528922871527], [5.641531467003631, 10.583299636868787], [5.655663966718748, 10.562408446892334], [5.661131854651444, 10.555432025367736], [5.673483372060048, 10.539672852620129], [5.677467675392961, 10.524306278012375], [5.677784920237912, 10.52308273328157], [5.677745244847245, 10.522947837672632], [5.674712658062788, 10.512637138293371], [5.674765974370246, 10.512530495785825], [5.680242538062714, 10.501576424112727], [5.680857182413092, 10.478841782222503], [5.685158253050986, 10.454263686619868], [5.685149960402384, 10.454023161140015], [5.683929442789577, 10.418624877735965], [5.682700634326864, 10.408179282747767], [5.687439967080877, 10.392668159208256], [5.696218489691603, 10.363937378407343], [5.698061943404014, 10.34304618843089], [5.691779338046047, 10.329711964735452], [5.663313922899249, 10.298447576994135], [5.671369503000221, 10.277065918357494], [5.683491223840974, 10.264460436000377], [5.717135905697546, 10.236945151897316], [5.736141047371461, 10.223546167121981], [5.757631165146222, 10.185550183893895], [5.807306564646296, 10.16159310703631], [5.824619848627151, 10.160637012588097], [5.857332947057898, 10.163745988686458], [5.878585814683674, 10.166676521304453], [5.902845383008071, 10.157474517834771], [5.930373999560459, 10.139618026250957], [5.933796883119726, 10.137397765594471], [5.947181225133477, 10.12150383033753], [5.972277163860099, 10.095571517611518], [5.982315540429909, 10.090552330225933], [5.99151754389959, 10.083023071157868], [5.999166489242157, 10.070350646864938], [6.005409241143639, 10.075345039042361], [6.022275925393672, 10.075345039042361], [6.02370736370392, 10.078780289179065], [6.025820938685399, 10.083852568940927], [6.035657320329108, 10.088821940180424], [6.043213112994806, 10.084363915362474], [6.05164343879369, 10.07517521826179], [6.057275848701522, 10.073520024129834], [6.060131689026264, 10.076897262598663], [6.0579306846534, 10.084761284405772], [6.052528157648396, 10.090943522725468], [6.043129108221819, 10.094094707604711], [6.030308246328559, 10.1042594910827], [6.024685860264299, 10.11148834331243], [6.024535097017178, 10.11148834331243], [6.019676488079483, 10.11148834331243], [6.014244080200172, 10.11148834331243], [6.011031628107219, 10.117914199880488], [6.031737267261121, 10.127876054936053], [6.03125185728743, 10.14058237737487], [6.019866467163752, 10.149238585892078], [6.017457008034569, 10.158876418811701], [6.022275925393672, 10.166908264005201], [6.021071433699774, 10.183775902436025], [6.025087357195844, 10.195019722182508], [6.018661976369174, 10.228754043963988], [6.024284363332754, 10.231966971798386], [6.031512737123194, 10.235982895294455], [6.037938117949807, 10.247227669221616], [6.041954041445877, 10.273732184592689], [6.058821201437354, 10.297827721072508], [6.055608272703694, 10.306663513410456], [6.050595901279848, 10.310519218187437], [6.045166969280274, 10.314695357704636], [6.041000284335723, 10.339593888047546], [6.04503200532281, 10.363721213763029], [6.037938117949807, 10.397423743610943], [6.047576426610874, 10.442401886038283], [6.048723993917235, 10.444410040690855], [6.052542479351985, 10.451092108713908], [6.054002284078194, 10.453646659965443], [6.081712246223219, 10.468907355590034], [6.092243006109868, 10.521783838853139], [6.093169958027204, 10.524915180191442], [6.093954300850328, 10.52856057940727], [6.093640193739986, 10.546197091422698], [6.109000812137822, 10.545193254665037], [6.124455740639974, 10.5541869949339], [6.134005216967239, 10.59012753355887], [6.117082420417432, 10.602070535726682], [6.115599298968505, 10.604070334778157], [6.114800694696328, 10.6053038502925], [6.114705622866268, 10.606761634242048], [6.121360654570594, 10.62862755711609], [6.127502299291734, 10.634439517569717], [6.133104014438743, 10.667393669382363], [6.141041018927922, 10.673198987443357], [6.138998958035529, 10.677613851997705], [6.137230621096307, 10.679239456635685], [6.117626522845796, 10.686828854268242], [6.111941498101714, 10.700352826821529], [6.098897634917989, 10.70166068928944], [6.096916790877231, 10.698177070915165], [6.092813034194194, 10.698951542779525], [6.09383980995932, 10.710591350210677], [6.103651229120999, 10.71615886863691], [6.111618253879385, 10.736130095327667], [6.114622524609899, 10.737699341251641], [6.116676077938678, 10.740296049123401], [6.111029224019546, 10.749928521184358], [6.111295008757679, 10.753279262028343], [6.111656281712101, 10.757220818785811], [6.113053606938479, 10.760227570745826], [6.101987019285559, 10.774670867166833], [6.110095761010598, 10.789651468940178], [6.11258957115183, 10.81386953175354], [6.130272943241778, 10.81797838129728], [6.136355167057388, 10.825324444867306], [6.133407939424899, 10.829970064666782], [6.131791717413876, 10.831767597196915], [6.130413173629108, 10.833938628065255], [6.127699960384916, 10.834309627187622], [6.122022086150423, 10.836094454095814], [6.122599639761631, 10.844865478159363], [6.148825430049612, 10.855003230714601], [6.160554925069789, 10.854022835685385], [6.163957251026375, 10.868162432850056], [6.163285266801665, 10.870022595066757], [6.157832582807487, 10.885116521310465], [6.163357158606061, 10.891630122032552], [6.164607024694476, 10.893103743043355], [6.209228941162735, 10.901772748913288], [6.217795000738761, 10.905103993354658], [6.23302002295577, 10.922118804938918], [6.23396301068442, 10.926604271669873], [6.232081777352164, 10.933223769361518], [6.237483498564643, 10.945327279830167], [6.25102061381034, 10.948310508223415], [6.251334943952543, 10.948742558722131], [6.252508439612825, 10.951746325832346], [6.254415371072582, 10.955428983960473], [6.266548480927725, 10.966106377407414], [6.242303449244844, 10.988623074895031], [6.223505707422532, 10.996475295798291], [6.208277157165128, 11.004803410049362], [6.196141905124875, 11.017652498963685], [6.162639094918347, 11.043017554416679], [6.12751824966756, 11.053867894687642], [6.119951564413213, 11.059721368746239], [6.112670413009198, 11.061291812567163], [6.046399999160656, 11.054400001059264], [6.032699997806674, 11.07530000079447], [6.026292323731809, 11.10103765616293], [6.016665566862457, 11.118289034411475], [6.014041581653714, 11.129651230120203], [6.015878353403309, 11.13790275001196], [6.015900000984288, 11.138], [6.015636016688859, 11.138108404279478], [6.006212234107352, 11.141978264385443], [6.000590323784479, 11.143584251212246], [5.994652354822392, 11.149705469631783], [5.977745701103288, 11.16697766538698], [5.956657958897722, 11.159752619987444], [5.937092519803969, 11.151963394794905], [5.914968404268507, 11.145087557944464], [5.90681675319064, 11.137104841815074], [5.897509750274821, 11.113565839991566], [5.892312197649858, 11.110845783805928], [5.867935853257052, 11.106908681390564], [5.86042935872797, 11.101913692063306], [5.855200403575793, 11.098648427283138], [5.849020731921314, 11.096899163165915], [5.835829506726384, 11.093283984768107], [5.826077017440468, 11.093077817887036], [5.808954278217414, 11.087495415680962], [5.800322574427298, 11.0825317362507], [5.783288235863438, 11.06777037570231], [5.775185489019179, 11.059972999054708], [5.769069378748895, 11.049423991923732], [5.765603495904656, 11.03942149380697], [5.756922354583025, 11.02894422469626], [5.753361561786676, 11.027082902354095], [5.740147997432189, 11.023441267700377], [5.73970779457909, 11.02239532288587], [5.737489291197903, 11.017124032148388], [5.734800204066232, 11.006176983281193], [5.734297315768572, 11.005495638013315], [5.729065409041425, 10.998407114196993], [5.729028951424993, 10.998357718034299], [5.721080780054024, 10.994995116931136], [5.71103170155186, 10.992123473719403], [5.703366239260561, 10.989739573322709], [5.691212095162086, 10.982143401996439], [5.679967797875634, 10.975718497810476], [5.636488925123842, 10.964990980649304], [5.609437942107377, 10.965276717746349], [5.584952100758869, 10.96677173722594], [5.578291906945992, 10.968852775635128], [5.57164879305742, 10.953652250950654], [5.564208467047138, 10.954246825130951], [5.556249047855317, 10.9473666841252], [5.546040228174036, 10.95348237261345], [5.542147034258278, 10.959682874365228], [5.538513387382977, 10.959003372707514], [5.522374994810207, 10.990498728833302], [5.515066343936667, 10.99359020772198], [5.510167851864935, 10.981048272359942], [5.505111581834058, 10.984963761368533], [5.503362321314114, 10.985182102372164], [5.501637438716898, 10.984665661291274], [5.500924400440795, 10.983790691087563], [5.500747952556026, 10.97530029237464], [5.447270014399692, 10.983490145753649], [5.445651103415742, 10.984180329558626], [5.430632433340179, 10.990583168878175]]]}}, {"type": "Feature", "properties": {"name": "Munya", "state": "ni"}, "geometry": {"type": "Polygon", "coordinates": [[[7.254066943834459, 10.039226532678413], [7.250727177417332, 10.039417267193187], [7.240785121835927, 10.039984703431344], [7.232373714175594, 10.043349265955896], [7.229088306380277, 10.038420677172553], [7.226687907920677, 10.038840293644682], [7.222132205936589, 10.037260056206662], [7.216015815977187, 10.037407875073427], [7.213868618042341, 10.039984703431344], [7.207139492093916, 10.041666985143308], [7.200410366145547, 10.033255576583656], [7.188634395960662, 10.027367591940845], [7.179381846994715, 10.027367591940845], [7.175238455390456, 10.029301174809405], [7.166764736403536, 10.033255576583656], [7.156671047031239, 10.03409671788927], [7.149941921082814, 10.034937860094203], [7.138165950897985, 10.035778998701858], [7.105361461562268, 10.026526450635231], [7.103679179850303, 10.031573295771011], [7.100314617325751, 10.029891014059103], [7.091903209665418, 10.032414436177362], [7.08517408371705, 10.036620140007528], [7.064986705871831, 10.042508124650283], [7.058665472833354, 10.042849807672553], [7.033864020708052, 10.04419040726151], [7.018723487998614, 10.038302421719436], [7.008491546747507, 10.044804985961377], [6.983395575645375, 10.045872688074155], [6.952273368920885, 10.047554969786063], [6.94049739783668, 10.061013221682856], [6.926198006432912, 10.067742347631281], [6.914422035348707, 10.077836037003578], [6.906363009944982, 10.077836037003578], [6.901178837433463, 10.076381683068291], [6.893393517097195, 10.072789191867741], [6.89171123538523, 10.065218924613703], [6.888346671961415, 10.047554969786063], [6.884982109436862, 10.027367591940845], [6.879935265200402, 10.018115043874218], [6.875729561370235, 10.005497933283038], [6.873206139251977, 9.991198540080632], [6.870682715335079, 9.979422568996426], [6.86900043542181, 9.972693443048001], [6.866255282755162, 9.972481728249193], [6.867379664639884, 9.96761131301173], [6.868608474901237, 9.962695122282128], [6.854701041320027, 9.930636405645657], [6.854229889198052, 9.930165254423002], [6.847130774066045, 9.923066140190258], [6.84544849415272, 9.917178154648184], [6.848813056677272, 9.912131310411667], [6.847971916270978, 9.868391991297415], [6.860589026862158, 9.775865555550979], [6.863130462400989, 9.770253302148205], [6.869841575828104, 9.757360457619086], [6.874888420064565, 9.746425629639134], [6.869841575828104, 9.738855362385095], [6.854701042219347, 9.733808517249315], [6.842943187078447, 9.727012863053233], [6.834531779418114, 9.717760315885926], [6.828710323922337, 9.709814924319346], [6.830767887328193, 9.706450202614803], [6.833009541956869, 9.700528936761089], [6.83535480388116, 9.69427490196523], [6.837037085593067, 9.68081665006838], [6.839560508610646, 9.671564102001753], [6.839560508610646, 9.66315269524074], [6.83535480388116, 9.654741286681087], [6.846289634559014, 9.632871628023281], [6.847130774066045, 9.618572234820817], [6.844607352847106, 9.60931968675419], [6.848813056677272, 9.589132308908972], [6.849654197982886, 9.56810378975814], [6.846798419711376, 9.533117294227793], [6.861130574316576, 9.528156237220628], [6.864794730692324, 9.52688789366141], [6.868719522288188, 9.527363626030592], [6.878753037123033, 9.528579810709743], [6.892773123381005, 9.530104186758876], [6.955327088874128, 9.522304058185796], [6.969623811090059, 9.54579750395169], [6.973598194900831, 9.554618650830093], [6.973993649287536, 9.562242532067273], [6.984236716950988, 9.564739227233588], [6.987450707783978, 9.563750306631391], [6.991975970414728, 9.562357918683063], [6.995171546729523, 9.561374663809715], [6.998476986024116, 9.558069226313819], [7.001900672677948, 9.554645537861347], [7.005847622669705, 9.554645537861347], [7.016802567584477, 9.554645537861347], [7.020405768811258, 9.554645537861347], [7.026293755252652, 9.558851241691514], [7.06751012799009, 9.631189346311317], [7.06751012799009, 9.638759612666036], [7.068897473439677, 9.643846545082056], [7.072894656862957, 9.657501088404558], [7.077603817362331, 9.66315269524074], [7.083347279153656, 9.660460661930074], [7.100314617325751, 9.642124176089908], [7.120501995170969, 9.632871628023281], [7.135642528779726, 9.62193679824469], [7.153333350853529, 9.616307900189497], [7.15414762491298, 9.616048812702616], [7.16870615956168, 9.631361987365892], [7.189529999310082, 9.64856781944934], [7.20234485103407, 9.660250472381449], [7.199569224839877, 9.688386917322418], [7.164241314285277, 9.701004027913598], [7.151624202794778, 9.716144562421675], [7.141929607365512, 9.739846980953473], [7.165923595097865, 9.747266769146108], [7.177842266107746, 9.746012172623693], [7.181905270012237, 9.74558448833352], [7.187793254655048, 9.750631331670661], [7.186996898687994, 9.755011287241189], [7.186110972943084, 9.759883880636608], [7.18863334105589, 9.762406247850095], [7.191473478318414, 9.765246385112619], [7.193681240197122, 9.767454146991327], [7.204740046915674, 9.758296013350389], [7.210504054618468, 9.780071259381145], [7.2315325737693, 9.791006088260417], [7.251719951614518, 9.79437065078497], [7.256766795850979, 9.790164947854123], [7.260131359274851, 9.78680038532957], [7.26770162562957, 9.783435821905698], [7.273589611171644, 9.783435821905698], [7.278636456307481, 9.78680038532957], [7.285365582255849, 9.789323807447829], [7.291253566898661, 9.800258636327044], [7.291754221280314, 9.803512888009436], [7.292935847711249, 9.811193467004955], [7.292094707304955, 9.823810576696815], [7.291084290207891, 9.828863145118078], [7.288730144780402, 9.8406333929168], [7.292935847711249, 9.851568221796072], [7.294904709185005, 9.853045464376748], [7.295459269829507, 9.887738228736339], [7.293776989016862, 9.90792560568218], [7.285365582255849, 9.933159827763916], [7.285466670550477, 9.935183525399452], [7.285765170826039, 9.94114875820867], [7.286206721762824, 9.949982643084581], [7.284524440950236, 9.957552910338563], [7.283136844589762, 9.960546494425216], [7.281075477950992, 9.964994430648517], [7.277795315001811, 10.01643276216231], [7.273243427042587, 10.023513793726636], [7.270225047747829, 10.028208733246515], [7.264654636202522, 10.032187461682042], [7.258449077562943, 10.036620140007528], [7.254066943834459, 10.039226532678413]]]}}, {"type": "Feature", "properties": {"name": "Bosso", "state": "ni"}, "geometry": {"type": "Polygon", "coordinates": [[[6.477028370263099, 9.441091537144757], [6.47635245420247, 9.446329888413686], [6.474069695160324, 9.464021268067143], [6.473663806839284, 9.467166901431426], [6.474469168617304, 9.469260842413973], [6.47786951066945, 9.478101730310641], [6.48796320004169, 9.479784012022606], [6.490486622159949, 9.482307434140807], [6.494692325990115, 9.495765686037657], [6.496374606802704, 9.512588501358323], [6.502262592344835, 9.517635344695464], [6.516935176317361, 9.519333554300147], [6.523445381199451, 9.52161783679378], [6.527385768838201, 9.525101367933814], [6.531840119925619, 9.532011323263987], [6.548115633030079, 9.528413577324784], [6.550114379874799, 9.531040502417284], [6.553597911014833, 9.531040502417284], [6.557481190804367, 9.532867928412202], [6.562792147939319, 9.539435241143508], [6.56993053106919, 9.540406061990211], [6.572451808304379, 9.538653825613608], [6.574498144573738, 9.534275618325182], [6.575521313158106, 9.533490395065712], [6.589603082116582, 9.534675605294979], [6.592801077607703, 9.531386237784716], [6.602029578702115, 9.538284770825555], [6.627012999650276, 9.539849998578632], [6.626741999743558, 9.548194000252977], [6.631532999448439, 9.553789000162283], [6.624276697211883, 9.56550318512393], [6.6373185935783, 9.589496668336608], [6.653697999962787, 9.59810699973832], [6.654102999753661, 9.611023000011471], [6.653842998555604, 9.624618000120677], [6.654586000443601, 9.629699999755246], [6.653318999572207, 9.636138999914976], [6.651056000434096, 9.647185999434384], [6.649950999838836, 9.659171999987848], [6.648288999637657, 9.66076699979726], [6.640635303176737, 9.678518300379324], [6.61433085188736, 9.69965840381235], [6.590211999584142, 9.70831199979898], [6.579105441562945, 9.72140270507083], [6.578776000112384, 9.721790999954749], [6.562527999967301, 9.76105599943486], [6.60910972443429, 9.782956350155473], [6.628774883054461, 9.788047160448173], [6.598713204550791, 9.799556514021958], [6.594408310894892, 9.832349743845668], [6.610599025124941, 9.842227261379037], [6.615326455351692, 9.861396637245036], [6.603335835880159, 9.861778719612289], [6.563601201434324, 9.871147961009626], [6.52835107684075, 9.882628760209172], [6.497550903851163, 9.89590471592993], [6.473265648191159, 9.866516113427963], [6.470041398791579, 9.865011565631278], [6.463295015752408, 9.861863467225305], [6.461217880400909, 9.860894203105033], [6.431499957856829, 9.854468345637713], [6.341543198160139, 9.91069221527357], [6.324676037269342, 9.909085274266033], [6.320142608794413, 9.904174377845322], [6.315037726809692, 9.898644446584001], [6.309528081555754, 9.895241120581318], [6.300855174426829, 9.895669037795926], [6.260049218096981, 9.913732345571361], [6.252847029866587, 9.911152574631672], [6.24935744269186, 9.915705487818059], [6.236912411978267, 9.917025355335909], [6.235034185978975, 9.904984088744754], [6.234438290694584, 9.893507260951367], [6.265509028319059, 9.84410348908483], [6.301327822121323, 9.815508883628127], [6.30670438120228, 9.80592597140651], [6.303583581716964, 9.775665331389973], [6.286218505779459, 9.726681968298237], [6.283149730275852, 9.703303585392177], [6.254822180299414, 9.701046741214157], [6.217092905413324, 9.710271895031951], [6.210245150793128, 9.705001564770441], [6.202627065686556, 9.693344707092592], [6.207220995152852, 9.657925989293005], [6.203738436179947, 9.632944926367315], [6.184796467383137, 9.628257773177722], [6.179858423127769, 9.621454483737466], [6.183337375819292, 9.5779298202051], [6.216516484947874, 9.556619183728401], [6.220955204019504, 9.53365910788159], [6.194648966676539, 9.517914184891765], [6.189619667313821, 9.512169132199745], [6.201188350961672, 9.461841047926043], [6.21111193087097, 9.459859341435504], [6.236139274707796, 9.467388441323578], [6.289663295025093, 9.425083788186328], [6.297136443592024, 9.428094508854542], [6.320881430633563, 9.41033590218018], [6.337266427203929, 9.39843691463193], [6.394886572557311, 9.367295576629601], [6.41000034144264, 9.375966706698193], [6.437281029296116, 9.411550341275301], [6.471560714355519, 9.440559383109075], [6.477028370263099, 9.441091537144757]], [[6.572322368882283, 9.572368451342982], [6.574297309773101, 9.568601902655757], [6.563567258322337, 9.561821426317806], [6.55195066239321, 9.561090948388596], [6.551020144663994, 9.558000659303048], [6.544035926916536, 9.558411994817732], [6.542669267672636, 9.562601511750415], [6.53102979478922, 9.566420372202458], [6.508111448384682, 9.561274017082269], [6.506690399942045, 9.57384830105832], [6.495892566588736, 9.58294135436006], [6.50337835692568, 9.60742232138307], [6.500687402801475, 9.614562842201451], [6.502970317426275, 9.621726577219818], [6.51362553628951, 9.637303809023592], [6.510678972356743, 9.643660065259837], [6.506110407369476, 9.65127433993888], [6.506110407369476, 9.654853049029043], [6.508318546064118, 9.659726185615], [6.513267826449066, 9.669244030087953], [6.53416043915297, 9.651133937781026], [6.541607781673861, 9.654712524563422], [6.544099676259123, 9.653466316917047], [6.544641586140358, 9.65179799628055], [6.545706390637463, 9.651526189681931], [6.551353661842086, 9.65849466209903], [6.554158282179003, 9.659476422299122], [6.556772060082551, 9.658800742760093], [6.558671056823869, 9.658309838828075], [6.54981357823408, 9.63464956162801], [6.557743193893316, 9.629339269092043], [6.563359566191082, 9.638433531082626], [6.566998402154582, 9.638901219016077], [6.571901082369095, 9.633310525960042], [6.570830279393931, 9.619612057950178], [6.574067211033025, 9.619223649751689], [6.577330553961929, 9.618810433754561], [6.579165440732538, 9.61831363656512], [6.575267493000467, 9.606789606055543], [6.574830162581975, 9.604821089022096], [6.574678047653833, 9.603458117897844], [6.59945216308688, 9.598590825106555], [6.598425387321811, 9.593828753893945], [6.588805137946792, 9.592394120292454], [6.584222119055596, 9.583071320784882], [6.583362197207691, 9.581322062063578], [6.579751840974723, 9.575467594254121], [6.57547379028324, 9.573683039840489], [6.572322368882283, 9.572368451342982]]]}}, {"type": "Feature", "properties": {"name": "Suleja", "state": "ni"}, "geometry": {"type": "Polygon", "coordinates": [[[7.179336245971001, 9.144245917015496], [7.18115173616377, 9.152445331986542], [7.191614644899971, 9.157390562724345], [7.191350901622855, 9.157871406840002], [7.187892897739061, 9.163839600217443], [7.196656051835362, 9.170372762093336], [7.193267292151859, 9.173902137973357], [7.197379556421424, 9.203853706183622], [7.190747775789248, 9.20959186107558], [7.197434802674024, 9.213600554921697], [7.204963666040385, 9.21631444175813], [7.210103028931712, 9.238289475778743], [7.207167815342473, 9.247774236891587], [7.204737916421777, 9.248918409257215], [7.198593186126686, 9.253025593256552], [7.196314741132426, 9.25750722168101], [7.194455499821515, 9.261594501884815], [7.191329291813418, 9.283954688558083], [7.152461613712546, 9.294202954302932], [7.150069918891688, 9.270764948143892], [7.120444379204798, 9.240807884176547], [7.115405662141654, 9.234432388743812], [7.110460362156061, 9.225412857717231], [7.092101398660645, 9.210558924554789], [7.179336245971001, 9.144245917015496]]]}}, {"type": "Feature", "properties": {"name": "Paikoro", "state": "ni"}, "geometry": {"type": "Polygon", "coordinates": [[[7.204740046915674, 9.758296013350389], [7.193681240197122, 9.767454146991327], [7.191473478318414, 9.765246385112619], [7.18863334105589, 9.762406247850095], [7.186110972943084, 9.759883880636608], [7.186996898687994, 9.755011287241189], [7.187793254655048, 9.750631331670661], [7.181905270012237, 9.74558448833352], [7.177842266107746, 9.746012172623693], [7.165923595097865, 9.747266769146108], [7.141929607365512, 9.739846980953473], [7.151624202794778, 9.716144562421675], [7.164241314285277, 9.701004027913598], [7.199569224839877, 9.688386917322418], [7.20234485103407, 9.660250472381449], [7.189529999310082, 9.64856781944934], [7.16870615956168, 9.631361987365892], [7.15414762491298, 9.616048812702616], [7.153333350853529, 9.616307900189497], [7.135642528779726, 9.62193679824469], [7.120501995170969, 9.632871628023281], [7.100314617325751, 9.642124176089908], [7.083347279153656, 9.660460661930074], [7.077603817362331, 9.66315269524074], [7.072894656862957, 9.657501088404558], [7.068897473439677, 9.643846545082056], [7.06751012799009, 9.638759612666036], [7.06751012799009, 9.631189346311317], [7.026293755252652, 9.558851241691514], [7.020405768811258, 9.554645537861347], [7.016802567584477, 9.554645537861347], [7.005847622669705, 9.554645537861347], [7.001900672677948, 9.554645537861347], [6.998476986024116, 9.558069226313819], [6.995171546729523, 9.561374663809715], [6.991975970414728, 9.562357918683063], [6.987450707783978, 9.563750306631391], [6.984236716950988, 9.564739227233588], [6.973993649287536, 9.562242532067273], [6.973598194900831, 9.554618650830093], [6.969623811090059, 9.54579750395169], [6.955327088874128, 9.522304058185796], [6.892773123381005, 9.530104186758876], [6.878753037123033, 9.528579810709743], [6.868719522288188, 9.527363626030592], [6.864794730692324, 9.52688789366141], [6.812644004817002, 9.546234131999654], [6.809419911899454, 9.549458224017883], [6.805914877969315, 9.552963257048702], [6.801303695908871, 9.55181046198328], [6.795821190395657, 9.5504398349305], [6.793717007034275, 9.553245412146111], [6.790774345259877, 9.557168960878869], [6.777316093363083, 9.558851241691514], [6.755446433805901, 9.543710708982076], [6.717595100233723, 9.533617019609835], [6.712910001095736, 9.522236750225886], [6.711707114691649, 9.519317627306691], [6.708139728066044, 9.519107781299113], [6.700494569768637, 9.518658065417412], [6.682857814036936, 9.532033425901943], [6.648888030857961, 9.538072475964043], [6.629093466090637, 9.534424072113268], [6.62177339742442, 9.539754958224819], [6.620022774431561, 9.541187285964497], [6.607785970945827, 9.537690857647021], [6.602029578702115, 9.538284770825555], [6.592801077607703, 9.531386237784716], [6.589603082116582, 9.534675605294979], [6.575521313158106, 9.533490395065712], [6.574498144573738, 9.534275618325182], [6.572451808304379, 9.538653825613608], [6.56993053106919, 9.540406061990211], [6.562792147939319, 9.539435241143508], [6.557481190804367, 9.532867928412202], [6.546002671386248, 9.527614079126522], [6.538978503055546, 9.529898360720836], [6.533439117221519, 9.532182644113789], [6.531840119925619, 9.532011323263987], [6.527385768838201, 9.525101367933814], [6.523445381199451, 9.52161783679378], [6.516935176317361, 9.519333554300147], [6.502262592344835, 9.517635344695464], [6.496374606802704, 9.512588501358323], [6.494692325990115, 9.495765686037657], [6.490486622159949, 9.482307434140807], [6.48796320004169, 9.479784012022606], [6.47786951066945, 9.478101730310641], [6.474469168617304, 9.469260842413973], [6.473663806839284, 9.467166901431426], [6.474069695160324, 9.464021268067143], [6.47635245420247, 9.446329888413686], [6.477028370263099, 9.441091537144757], [6.478946422739284, 9.438406263138575], [6.481234074093265, 9.435203551602683], [6.480975462347772, 9.429251769053963], [6.480735778633345, 9.42373561900365], [6.483755604937244, 9.423567864865106], [6.486280918329783, 9.423427582317117], [6.506468296175001, 9.376323699778993], [6.503103732751129, 9.363706590087133], [6.504786015362356, 9.34436035174889], [6.503103732751129, 9.335948944088557], [6.501452733956569, 9.33350263523846], [6.504786015362356, 9.32669639602193], [6.504244189118083, 9.322632704136026], [6.503600521846636, 9.317805201848614], [6.503103732751129, 9.31407928543075], [6.48796320004169, 9.296415328804414], [6.491327762566243, 9.282957076907621], [6.50562715486933, 9.268657683705214], [6.508150577886909, 9.263610841267337], [6.507309436581295, 9.256881714419649], [6.511515141310781, 9.24931144716561], [6.519926548071794, 9.242582321217185], [6.535322188768021, 9.220931053925028], [6.53590852785635, 9.22105236077789], [6.536806103418996, 9.221238057290577], [6.550842762383638, 9.224142075196653], [6.567090034077864, 9.23280811420318], [6.570679071881727, 9.23290782563572], [6.582743547276948, 9.233243006559576], [6.586587428666974, 9.233349800153178], [6.594576560559858, 9.229687894780568], [6.599585055905663, 9.227392197192216], [6.612583159785061, 9.230099678157671], [6.616039209442022, 9.233555726015993], [6.618540763645399, 9.23605728111869], [6.621789932359547, 9.237140656616077], [6.634246349389571, 9.220892905583185], [6.682447432702929, 9.219809531884437], [6.685632316977888, 9.233079956774645], [6.685697078957105, 9.233349800153178], [6.701403141341927, 9.240389824430906], [6.716567515978113, 9.260428429228682], [6.721441746139703, 9.270718574602597], [6.724690913954589, 9.277759552161626], [6.724419898759379, 9.280605742760883], [6.72393276928193, 9.285721579387427], [6.723608016896492, 9.289132117952931], [6.716025829128739, 9.298339843808776], [6.716025829128739, 9.312420844746214], [6.720900059290329, 9.326501845683708], [6.721441746139703, 9.339499473821718], [6.723039998796935, 9.352287379159293], [6.723066330047118, 9.352498055241085], [6.725500730973977, 9.354445345576266], [6.728438057070719, 9.356794932340279], [6.731190204664244, 9.3589963908708], [6.736073433442243, 9.358454182414619], [6.740938663188786, 9.35791397225205], [6.755019665025543, 9.366037369329206], [6.769642352812355, 9.366037369329206], [6.783723831289819, 9.369828223993409], [6.797263145377883, 9.371453285440793], [6.810802937005974, 9.380660057116017], [6.823801040885371, 9.381201743965335], [6.837201594977671, 9.387349129958409], [6.83869457209687, 9.392575263937317], [6.846276759864622, 9.395824431752146], [6.855483532439109, 9.399615288215045], [6.863607407056236, 9.397991180048962], [6.873897552430151, 9.39149189023857], [6.883104324105318, 9.39149189023857], [6.891769885571819, 9.393658637636065], [6.901518344995679, 9.394741058952775], [6.906934261107324, 9.392033577087943], [6.921015262944081, 9.382285117664082], [6.925347805356978, 9.376869201552438], [6.938345909236375, 9.371994972290167], [6.942678451649272, 9.376869201552438], [6.964883327203836, 9.38824272242374], [6.9735251573602, 9.393548727891528], [6.978106212132047, 9.389006950110684], [6.982395301102315, 9.381541452975739], [6.99378773471625, 9.381545660903555], [7.021658008210579, 9.382062769281447], [7.039399463914151, 9.387485477972461], [7.104902275819427, 9.453843672847256], [7.103645929216327, 9.458890722129183], [7.099208524953497, 9.469133767309586], [7.099520835218414, 9.476497258841448], [7.099738121317273, 9.477062226440637], [7.109580925919033, 9.477426844873037], [7.114360809104085, 9.477603912390691], [7.116245175674351, 9.480116585811857], [7.11760997781829, 9.481936454803588], [7.125733852435417, 9.484643935769043], [7.1280404399144, 9.482337349189379], [7.130066394848313, 9.480311394255466], [7.133316040203169, 9.479769707406149], [7.139273643164131, 9.47868728608944], [7.162020205568069, 9.479228019657455], [7.177725792211618, 9.492768287926197], [7.194922697624463, 9.496364757727463], [7.218982277410248, 9.492680104003625], [7.22951844132308, 9.499803821888918], [7.251372950900986, 9.521033495999063], [7.248481863447296, 9.535011583018218], [7.233942260427, 9.564821187847599], [7.245751849967974, 9.57540836310551], [7.258871770615769, 9.589095192988793], [7.296139952296983, 9.613467633424591], [7.305647140703002, 9.627715322803965], [7.297851246138123, 9.64889827713381], [7.288153913172607, 9.667455700320374], [7.276364999045541, 9.689948173669336], [7.256019613914077, 9.712626559368289], [7.204740046915674, 9.758296013350389]]]}}, {"type": "Feature", "properties": {"name": "Tafa", "state": "ni"}, "geometry": {"type": "Polygon", "coordinates": [[[7.378645291946725, 9.336468363724066], [7.353584683086694, 9.337771450791877], [7.333978564958841, 9.340772251937949], [7.289767676437179, 9.332846283029596], [7.273702986004025, 9.329327088374498], [7.231203388625545, 9.316896880286833], [7.230610140045997, 9.309497674877832], [7.22923477536466, 9.308841828087964], [7.22378540986881, 9.308508612182777], [7.220167519115762, 9.297856433028016], [7.232273630423776, 9.297254577936485], [7.253533494775013, 9.289292203572359], [7.243575038257461, 9.288023309628102], [7.23748535186752, 9.27353265041154], [7.240925668784655, 9.266851906190595], [7.230773475815283, 9.266837990980548], [7.226277147072722, 9.260454722707323], [7.218565507292396, 9.253484957964474], [7.209716518302741, 9.248355700755042], [7.207167815342473, 9.247774236891587], [7.210103028931712, 9.238289475778743], [7.204963666040385, 9.21631444175813], [7.197434802674024, 9.213600554921697], [7.190747775789248, 9.20959186107558], [7.197379556421424, 9.203853706183622], [7.193267292151859, 9.173902137973357], [7.196656051835362, 9.170372762093336], [7.187892897739061, 9.163839600217443], [7.191350901622855, 9.157871406840002], [7.191614644899971, 9.157390562724345], [7.18115173616377, 9.152445331986542], [7.179336245971001, 9.144245917015496], [7.2197580344058, 9.113510132786473], [7.330820259247616, 9.269411790421827], [7.331765401751966, 9.27103732401332], [7.352625199093723, 9.306913707701483], [7.356727997998746, 9.31011694713942], [7.359085639091006, 9.30903889382995], [7.360603539122053, 9.311167519865194], [7.378645291946725, 9.336468363724066]]]}}, {"type": "Feature", "properties": {"name": "Magama", "state": "ni"}, "geometry": {"type": "Polygon", "coordinates": [[[4.529982567041884, 10.100580215304717], [4.570563791785617, 10.069363594154595], [4.585547446757289, 10.033777236430353], [4.572436809810995, 9.97571468398553], [4.591791152839505, 9.912657737564587], [4.592415331802158, 9.902668952310364], [4.587420463883348, 9.893303871176784], [4.579928874717837, 9.879569054368403], [4.584299087932607, 9.874574660392284], [4.590542315575476, 9.873325347386924], [4.594912528790246, 9.870203971436183], [4.61960109891163, 9.819283992062651], [4.621216132918221, 9.819110477766401], [4.63676290558368, 9.852526991727359], [4.648416650707929, 9.860061581077161], [4.671970158595968, 9.884606396368156], [4.679634744048258, 9.891444120849542], [4.683922618034444, 9.894881735303898], [4.690875334329291, 9.916607169685165], [4.694315017224312, 9.93536933702535], [4.721142999849633, 9.956099999815194], [4.736591548561194, 9.97608748265128], [4.759529194416814, 9.9904017740227], [4.779778999601206, 9.996173999730331], [4.793870000100469, 9.998852000019838], [4.820548000090184, 9.98479400014304], [4.839851999969881, 9.968361999606657], [4.864197999438147, 9.958216999415015], [4.878657442287192, 9.961997773578446], [4.889928999823553, 9.96494499941224], [4.903940999377653, 9.98425899975308], [4.91281270973883, 10.103099823398168], [4.917831897124415, 10.117321014253434], [4.921178341007703, 10.144089699180313], [4.928707123435061, 10.16416645142067], [4.951293468019173, 10.172532081790166], [4.96886014857705, 10.189262390147235], [4.97889852514686, 10.199300765817725], [5.009013652158387, 10.200973511118718], [5.037455559026853, 10.207666397086598], [5.062551497753475, 10.216031074174794], [5.088484286220876, 10.223560333242858], [5.108560561820525, 10.23276233671254], [5.132820129245601, 10.255348205555265], [5.156242846929899, 10.271242141711525], [5.160425663013996, 10.277097702197239], [5.167696475811738, 10.28388404841013], [5.172973632826938, 10.28880977555076], [5.175483226969391, 10.300520897421507], [5.176319599170199, 10.308049202308894], [5.183848380698237, 10.318087577979384], [5.193468570718039, 10.33230876883465], [5.207689284033279, 10.345693588388428], [5.224420070829638, 10.356568336259784], [5.236040834217192, 10.358623050613346], [5.245166999657329, 10.361885999639242], [5.269008396720153, 10.348941603272408], [5.308627533034269, 10.348977720945129], [5.321906727213729, 10.355003297364306], [5.327312945935773, 10.363260268946306], [5.340697764590232, 10.371625900215179], [5.343788901736502, 10.375060643134248], [5.341172362014959, 10.376856338349398], [5.338581636433446, 10.379386765287052], [5.337617271819681, 10.383627156867817], [5.337865837238667, 10.386291607971373], [5.349363945689618, 10.404833496268907], [5.354600543280469, 10.406974919656875], [5.354918479704111, 10.41428852129826], [5.328149795676552, 10.478701591405354], [5.325640202433419, 10.511325835918626], [5.324803351793321, 10.530566215958174], [5.322294235190839, 10.55566215468474], [5.326476573734965, 10.569883347338646], [5.338245087640757, 10.591026191905257], [5.337354999833451, 10.596554999913337], [5.340828892039781, 10.602251498208147], [5.343682622555036, 10.619230414252286], [5.33930642525138, 10.619183405789613], [5.335226891807679, 10.6226488281809], [5.330147732232092, 10.621773657428378], [5.325808196690957, 10.626749027145934], [5.324855052918394, 10.63699319108298], [5.318034366992492, 10.635991850843311], [5.312746980189047, 10.634858375913382], [5.312677158624012, 10.641804044221317], [5.306509724044588, 10.647957524020569], [5.295453689935869, 10.679758268329465], [5.286043324339971, 10.6879892333165], [5.268424189924474, 10.692048478954177], [5.252304924133, 10.6976472281371], [5.244900034109321, 10.699856726606697], [5.237882680841096, 10.709569966780577], [5.234458447399504, 10.713766098226927], [5.223583697729509, 10.718785285612512], [5.220237254745541, 10.718785285612512], [5.216054916201472, 10.714602470427735], [5.20685291273179, 10.713766098226927], [5.203506947287849, 10.717948914311023], [5.197650909262109, 10.725478171580392], [5.190122604374722, 10.728823662182322], [5.184266567248301, 10.730497359865296], [5.179247378963396, 10.733842849567907], [5.174228190678491, 10.74220848083678], [5.165026663849517, 10.743881226137717], [5.155824661279155, 10.747227669121685], [5.149969100793442, 10.74973678572411], [5.144113063667021, 10.748064041322493], [5.137421130980442, 10.74220848083678], [5.112401369327756, 10.740529871056765], [5.11238305193632, 10.740547935738675], [5.107306003968972, 10.745554923820748], [5.108142376169781, 10.757266044792175], [5.10087871568021, 10.75982952091573], [5.101048355697117, 10.761334760290993], [5.100568472057375, 10.761340711104992], [5.094735157201796, 10.761413047174415], [5.088034912980902, 10.756783625963635], [5.084795234812304, 10.758881342300128], [5.0783895077696, 10.748247944587035], [5.07544434587993, 10.747524571301994], [5.066093457846875, 10.747090545892036], [5.06130756988847, 10.739856700626262], [5.061155195955564, 10.739810496157531], [5.055343616814525, 10.738048212554986], [5.04790708324532, 10.737180133856157], [5.026853812053844, 10.75042085323986], [5.013840846877656, 10.738394939874638], [5.011998827583852, 10.723858124752724], [4.979317188337632, 10.717112541210838], [4.975970745353663, 10.713766098226927], [4.973461151211211, 10.710420609423636], [4.965235342936751, 10.707510671280488], [4.957689011138996, 10.707277129935619], [4.955015113556669, 10.706167803601318], [4.949489061071347, 10.691395887710087], [4.946934004400816, 10.690052951682446], [4.941673278898747, 10.688670157701665], [4.932685103634697, 10.688861820316788], [4.930213235152735, 10.693719740373751], [4.927456150281159, 10.694653947121992], [4.925128620289627, 10.692388155588958], [4.920515902187162, 10.689142086837876], [4.913860869583516, 10.689796042353521], [4.908251628010248, 10.690169730448758], [4.900645877105603, 10.695214469372331], [4.898078935894205, 10.700165706682071], [4.896557784813979, 10.704836610920893], [4.893705629011606, 10.706611536293394], [4.889237250298891, 10.706051033828203], [4.881061065715642, 10.703902435648956], [4.873550386641057, 10.702407749817837], [4.870222871688213, 10.70352876464085], [4.866166202608213, 10.707962555427628], [4.862528522273522, 10.708221214837238], [4.846199924886662, 10.699183050757256], [4.843799113638227, 10.699544907371603], [4.840566915131092, 10.703737197813496], [4.836431288273388, 10.705769026219627], [4.825735699742779, 10.708431401687903], [4.822455720255334, 10.707170278785384], [4.806992053940178, 10.692852973785762], [4.814520836367535, 10.674449921027076], [4.812011242225083, 10.661901473674106], [4.811529592316901, 10.661419823765925], [4.810232008200671, 10.660122239649695], [4.802809237856081, 10.652699471103745], [4.802614264836507, 10.65201705204538], [4.796117306068879, 10.629277229160834], [4.801972865655273, 10.613383293004631], [4.814520836367535, 10.60418129043427], [4.823722363196566, 10.594979286065268], [4.818703174911661, 10.507143974015264], [4.826231956439699, 10.495431899762423], [4.832924365766928, 10.487903594875036], [4.845054149929126, 10.478701591405354], [4.853419303657972, 10.46029758536531], [4.906199181746899, 10.454151255176328], [4.93203527780588, 10.43952483969963], [4.950309537755004, 10.389651336639929], [4.946502400865143, 10.285335767331844], [4.94591971212509, 10.284815192067526], [4.871501790375362, 10.218330145120149], [4.793936082284404, 10.260665922894077], [4.696988582057486, 10.24029064159987], [4.669383049188411, 10.226069449845284], [4.669466484690588, 10.225360147352944], [4.671055793590028, 10.211849212271375], [4.670347063965892, 10.211652786846685], [4.646518671999161, 10.205048731413854], [4.646993864775084, 10.204256739856703], [4.650373399213038, 10.198624185158053], [4.649516793165503, 10.181492066905435], [4.639237522393785, 10.13780516297794], [4.624814229593085, 10.102672476353746], [4.624656746611606, 10.10266795726045], [4.537667342274062, 10.100171951874131], [4.529982567041884, 10.100580215304717]]]}}, {"type": "Feature", "properties": {"name": "Agwara", "state": "ni"}, "geometry": {"type": "Polygon", "coordinates": [[[4.335790721064996, 10.918653068684193], [4.312213063682009, 10.845109192635164], [4.286187344670282, 10.8209734807416], [4.362035308083023, 10.756712205404028], [4.342160764807488, 10.686187857084008], [4.351949263847473, 10.674039966871021], [4.352120581999316, 10.671696884903383], [4.353126049227853, 10.670576095810247], [4.349663733094872, 10.653264998081227], [4.344470500813031, 10.632491112075229], [4.336680411371958, 10.620372771786037], [4.334083556910684, 10.60825538477826], [4.324562548622794, 10.582287788051019], [4.314175605619766, 10.563245773273877], [4.309847831412355, 10.554590223959735], [4.312361134358923, 10.547887163062171], [4.312444210132242, 10.54766559529105], [4.335814953297529, 10.555455208091416], [4.360050676997218, 10.554590223959735], [4.388614177602278, 10.546799659676594], [4.405060291199504, 10.54333782108364], [4.420243780925773, 10.54773935318866], [4.419416321905771, 10.562307706635409], [4.421127615746911, 10.565041428918846], [4.430178794815561, 10.565029971555987], [4.442875311046805, 10.564831144042103], [4.4513718098612, 10.566862061435017], [4.452676943786003, 10.558429252607993], [4.455740499624426, 10.552918421148263], [4.456417457999351, 10.543945474104419], [4.456893350447785, 10.533904147758278], [4.461937806984281, 10.522482734390735], [4.464888338725927, 10.522387556440606], [4.470580008560603, 10.546096504949787], [4.478003928238763, 10.56608397879262], [4.489710874557261, 10.58264502574741], [4.49827693503255, 10.592067693169554], [4.510058401873778, 10.535167694333666], [4.542376924555469, 10.54754588293622], [4.577897283732682, 10.56115039517465], [4.585088728661958, 10.56390476229501], [4.596909459903713, 10.575990458093202], [4.600756675080561, 10.570699512672434], [4.607174026759992, 10.58272737936511], [4.602895791707454, 10.584998323114178], [4.605291603624664, 10.585671191372455], [4.607088461663238, 10.586512276020756], [4.610511051144158, 10.586007625951254], [4.615637677836617, 10.590595524563867], [4.617298410893, 10.588003189195888], [4.617195130051243, 10.593221141142806], [4.621035510380523, 10.595511728783322], [4.619733337023945, 10.599067176908761], [4.619495344934251, 10.599716990147044], [4.624431248803148, 10.597461747661555], [4.625802614199358, 10.603612623923482], [4.629738589764145, 10.608827001065322], [4.633845694623176, 10.61143415636127], [4.636840458620327, 10.614545893378306], [4.639749659319364, 10.615891500392479], [4.643810269228595, 10.619038594255755], [4.646081447700681, 10.616564300302286], [4.648648388912079, 10.616984799908664], [4.651300894320855, 10.618498595433891], [4.690782877727656, 10.662859613180672], [4.687788112831186, 10.69371806763479], [4.693093125447433, 10.701873592991944], [4.697456924697349, 10.718940632704061], [4.69587120139488, 10.743200533777667], [4.693948771018995, 10.744497352570818], [4.692494170669477, 10.744665481726656], [4.698091581661231, 10.801210713303817], [4.709709873711745, 10.832678272284511], [4.709597587958342, 10.85167404392206], [4.717047016007029, 10.856462823200786], [4.720061880751246, 10.859041129144828], [4.720440346944486, 10.859364791551911], [4.722656257580297, 10.866920114771517], [4.721990753870216, 10.872988910809624], [4.720184389098335, 10.879711124568814], [4.718187878867582, 10.885406215424553], [4.694990337933802, 10.919294419302048], [4.693509910853777, 10.919057848141222], [4.691442097874585, 10.917727597950318], [4.690301235014033, 10.91681742198648], [4.673830030331658, 10.917447543669255], [4.657507780359822, 10.90050142859809], [4.645729956672199, 10.893728959823704], [4.629837740019752, 10.890566885953092], [4.626566948006314, 10.894130966670843], [4.608018741072101, 10.887766084137525], [4.599747484658735, 10.889166487743239], [4.599057793682277, 10.890923181159906], [4.598250103559508, 10.89161717898969], [4.598036191716915, 10.892947546991763], [4.593472741174139, 10.892877527575877], [4.568492412994487, 10.908651352078266], [4.553404808085475, 10.915440558135288], [4.539826393273472, 10.919966696705728], [4.523984431636279, 10.916194915762787], [4.450292398575357, 10.88592342902308], [4.432109899152579, 10.881722150756673], [4.407153527113621, 10.877170698968655], [4.381127597660566, 10.87997159970962], [4.362232059961627, 10.889074348602378], [4.338548177356529, 10.903487060879229], [4.335790721064996, 10.918653068684193]]]}}]}