{"type": "FeatureCollection", "features": [{"type": "Feature", "properties": {"name": "Imeko Afon", "state": "og"}, "geometry": {"type": "Polygon", "coordinates": [[[2.712468227926422, 7.851968501445242], [2.740277765706367, 7.813611024928889], [2.742221831072698, 7.808610910365246], [2.743055340731416, 7.796388621038091], [2.742777345897821, 7.78277682698905], [2.739054536637582, 7.754686539752072], [2.716640441902939, 7.598554369688486], [2.727884940637523, 7.46598657671916], [2.733737915572419, 7.3333039879887], [2.735803018894273, 7.317665124745758], [2.752616285213435, 7.318304139824249], [2.758104635420636, 7.320921660706119], [2.761896421782467, 7.321844402896943], [2.76440813472766, 7.334366368812937], [2.770791171875146, 7.337763681948388], [2.77144531265111, 7.346878456575553], [2.77446289964314, 7.357026291430259], [2.780580500989402, 7.36099892066369], [2.801748718128863, 7.359112376834787], [2.807894371128384, 7.354502917875436], [2.810721711937504, 7.345114213350314], [2.816729159822899, 7.339814994166716], [2.831994995972309, 7.335166879647829], [2.841720564952141, 7.334197504011627], [2.853023293889976, 7.305463459571058], [2.851500318984563, 7.302245394809177], [2.851011975422352, 7.300200582890625], [2.850641968252262, 7.296354898359937], [2.854031429406973, 7.29345638790204], [2.85639290970505, 7.292542632636412], [2.85829305038402, 7.290066235168695], [2.859791429730763, 7.282337186312134], [2.861840328168682, 7.27781087417253], [2.865789121770604, 7.277533298423009], [2.869671775632014, 7.278301494818152], [2.874528785575023, 7.276012114067839], [2.876013214638192, 7.274365614581484], [2.873569231434942, 7.266055545227289], [2.924123462827595, 7.265745199981041], [2.937672761189049, 7.260835053594917], [2.941287528596604, 7.266492013195887], [2.94537946728866, 7.275495116306615], [2.945780269044235, 7.281620625391611], [2.945102521963861, 7.289504598658368], [2.947367817970473, 7.29590548914706], [2.950791224935131, 7.300832925898874], [2.954019008670343, 7.30194733070482], [2.925588340629474, 7.329240918433698], [2.914528570736991, 7.342207065803507], [2.912735720077478, 7.354580914277847], [2.924838557853207, 7.36688686393768], [2.994845227625206, 7.341519982860973], [2.998055077979529, 7.343985384318103], [3.000348609101081, 7.345001786403373], [3.005164334766278, 7.345561989394355], [3.009188757754998, 7.345135351915019], [3.012828183673776, 7.344510817720106], [3.016483818073766, 7.348510031812566], [3.016960287887002, 7.356906552995099], [3.018081389044937, 7.361299429125381], [3.01210538595484, 7.377854562138396], [3.014241937715326, 7.391941216214207], [3.013664830167841, 7.392316525787066], [3.013286755179649, 7.392618927321678], [3.012078420682599, 7.394100182677334], [3.014770945023145, 7.400801274059575], [3.019190316080255, 7.402262547378712], [3.026939482770956, 7.410269209756279], [3.026431257896263, 7.414090140447684], [3.02433814428997, 7.418615121590619], [3.020253185236356, 7.4303984940953], [3.030134263185744, 7.433797286615516], [3.040572716657607, 7.438681481265405], [3.046574193044648, 7.445105126400506], [3.053210349777885, 7.453238809023844], [3.060085799919761, 7.456492608347219], [3.070572198048524, 7.452740012641527], [3.075019160306056, 7.452888165156764], [3.069245813143823, 7.475731368707727], [3.076946018044339, 7.491348739952457], [3.064471959013758, 7.519765849814178], [3.052629312193062, 7.521546774564058], [3.049172241805536, 7.523873262241295], [3.042832214734972, 7.527945929361181], [3.040023769581353, 7.533006509842608], [3.033713069402665, 7.539974531699329], [3.030273642814393, 7.544039092330308], [3.025070157361938, 7.54579099236048], [3.02217575500714, 7.546378453802674], [3.020719287665031, 7.552903647685241], [3.006826161398294, 7.555838580685986], [2.984490436284659, 7.585173792236787], [2.980677882778139, 7.5937994193078], [2.976796644449621, 7.602281486701315], [2.973182674740713, 7.606241922926472], [2.972685802907506, 7.611739098180863], [2.980359687349733, 7.620989003140039], [2.990626533987381, 7.624707942617533], [2.993987704269159, 7.628960656709012], [2.99829157629523, 7.641407177599206], [3.000462727672812, 7.655016452647203], [3.000966859732841, 7.662045521383732], [2.992345338966288, 7.674511036854938], [2.996502288749696, 7.680060639886676], [2.993701433874094, 7.681824497302784], [2.989242778631365, 7.682087567886981], [2.991240353659464, 7.685501111986753], [2.993360444229154, 7.687800648780978], [2.995690060647803, 7.689130866596258], [3.003261881930371, 7.691135364605429], [3.0018314427669, 7.69278243965789], [2.998680980043218, 7.694049010653373], [2.996669497899063, 7.697782591093755], [3.013925576903887, 7.703746402074842], [3.010399875653775, 7.706838855828607], [3.007152285249788, 7.708830429680631], [3.005475096398641, 7.711689503068158], [3.008953103902684, 7.715983334163582], [3.015515837286102, 7.72267574528945], [3.016964351923377, 7.725811378192589], [3.017685993114128, 7.730666444700717], [3.015943492797987, 7.735510421668664], [3.01886221282092, 7.740735128423466], [3.022075619094608, 7.744103331403664], [3.021790470154144, 7.74885661893785], [3.023540940262251, 7.751759602623622], [3.02985003874835, 7.755709070717103], [3.029837226107134, 7.758522536785676], [3.026953050842678, 7.759108000833635], [3.023939187943199, 7.763529244279255], [3.025698314925364, 7.768992418865082], [3.025076539850488, 7.772307194021835], [3.025165127568641, 7.777724123669429], [3.022674099929816, 7.780593739809319], [3.024768587700237, 7.786678558169001], [3.024753482687117, 7.790286623828649], [3.027221600996143, 7.791066683180929], [3.029848037756778, 7.791882813441134], [3.032663794398616, 7.795670754301909], [3.011460937172558, 7.830410706089253], [3.006126489745725, 7.831689279436773], [2.991779077242654, 7.854161917338672], [2.98718139310688, 7.855067406935348], [2.98177248271395, 7.807350890930934], [2.9780650761424, 7.796892125371357], [2.974036312126145, 7.790218151246734], [2.969916721979189, 7.777927222963001], [2.96895964457201, 7.766146339781812], [2.963603290559433, 7.754866537260909], [2.96119611301026, 7.744200432104321], [2.955634501331247, 7.73719211702263], [2.948623277842046, 7.731664718252205], [2.944050081346234, 7.724326146034855], [2.920243916123866, 7.707824807768702], [2.918558289833243, 7.711592432944485], [2.917623045267362, 7.716096964403448], [2.91708883987809, 7.720999089736267], [2.919995184330332, 7.7297595575576], [2.919186638952283, 7.741794962367692], [2.921141550142465, 7.749741524851515], [2.920440521412957, 7.752437269664313], [2.918799073418541, 7.755413701880912], [2.886081747274886, 7.768965791737969], [2.886318990229256, 7.825115881892486], [2.882669604318835, 7.834068979100152], [2.880924624571833, 7.857462932868089], [2.88616961373674, 7.874302287620537], [2.888140203707508, 7.890010398660991], [2.89468583918017, 7.901883915610256], [2.930842990311817, 7.927809247798621], [2.910186360612101, 7.931596447618006], [2.878333082405902, 7.926307318827753], [2.848733140122363, 7.931009142657842], [2.833341644401401, 7.937379244856288], [2.830258291786777, 7.941258534353949], [2.827861397085883, 7.943688126605821], [2.824991822314814, 7.948148278320446], [2.821614439055168, 7.951042967558976], [2.816250478576762, 7.952301290871901], [2.812714748087217, 7.951961346239159], [2.806689785005631, 7.950289110853817], [2.801683090102586, 7.948571153935632], [2.798804779317152, 7.945868658811605], [2.796580374584664, 7.944053095773825], [2.793881230334534, 7.942278475271451], [2.793745026212036, 7.936696351855176], [2.793524337078566, 7.933337359731411], [2.792646573580555, 7.92822494412593], [2.785321072109866, 7.913203900739461], [2.749100085300768, 7.887036957589544], [2.739832773963371, 7.875178014154073], [2.730190080208104, 7.868485796382458], [2.721925736883293, 7.859318881761055], [2.712468227926422, 7.851968501445242]]]}}, {"type": "Feature", "properties": {"name": "Abeokuta North", "state": "og"}, "geometry": {"type": "Polygon", "coordinates": [[[2.994845227625206, 7.341519982860973], [2.994555929212822, 7.336292000775245], [3.021432915896412, 7.302184949575803], [3.039500348862077, 7.316323860557759], [3.043909435272269, 7.316262581652893], [3.04724360520828, 7.311525261581608], [3.052556391564281, 7.302204849774057], [3.050812698747109, 7.295056426612859], [3.052238536079642, 7.287931375032997], [3.060253613413579, 7.286601475577697], [3.066443049906866, 7.286750305282396], [3.072450221700421, 7.281950975157429], [3.084141250018718, 7.273324500025694], [3.095717339583587, 7.254897099021946], [3.085036624940358, 7.252101534858014], [3.082149295753425, 7.238718914146602], [3.089214082863691, 7.236414932902903], [3.098849519989415, 7.234034845631697], [3.093938226967623, 7.21029222380713], [3.095995603314464, 7.203445469233088], [3.098300444310098, 7.198966470426342], [3.097202656277602, 7.186373512028013], [3.094030340927532, 7.175615203878579], [3.095248092225745, 7.16796062338409], [3.110273944287144, 7.15459794603845], [3.113021078160273, 7.149181582963706], [3.122128528708686, 7.146478068907811], [3.137601282673131, 7.132085779335284], [3.136671731715069, 7.130749813053455], [3.133517113224229, 7.120585156379889], [3.145046878710559, 7.113971851419876], [3.142697308134302, 7.094417393048275], [3.139055454945321, 7.08951577583241], [3.133868160886948, 7.085262100365696], [3.12886273043074, 7.077367952169311], [3.124528895692038, 7.067298679390603], [3.127475118781774, 7.061518115168951], [3.139675780313041, 7.064489175734934], [3.152315970205905, 7.065885635813515], [3.163429015037082, 7.065473428855682], [3.192565024056648, 7.043992781841439], [3.203468375764999, 7.049091164425761], [3.206232933103422, 7.053144800092525], [3.20604852981586, 7.05599258159242], [3.206928111743025, 7.06304340582858], [3.210519523757057, 7.070375052366842], [3.216181915263235, 7.073962645859467], [3.228182164675218, 7.072667814568035], [3.232071531975691, 7.066577912340847], [3.240143775614797, 7.066169439368196], [3.250052397999809, 7.075716828368968], [3.252858120905614, 7.075371974337202], [3.255777813994996, 7.079589236254321], [3.264957902785056, 7.090768711307021], [3.276840869810314, 7.09379750475108], [3.281848964058497, 7.102351577263505], [3.290334950697456, 7.105536618919871], [3.292754752030248, 7.111587442906227], [3.29362568427797, 7.114835191590885], [3.293832131747536, 7.115601357316848], [3.299489217253608, 7.114815330063493], [3.305925430414334, 7.117362187614901], [3.305562151072479, 7.119617716984123], [3.304285118263635, 7.120367978199681], [3.30422862375201, 7.121987951282961], [3.306009104236807, 7.124363139047659], [3.308195561176262, 7.125169822829093], [3.313967612415411, 7.134919946898094], [3.331722861920582, 7.135453495782258], [3.329412024245585, 7.14871484831167], [3.332345848382261, 7.156263029115564], [3.343686563783933, 7.156460048092811], [3.346645044633135, 7.154755464093455], [3.35603184619282, 7.149724725815474], [3.357522664939097, 7.149152026744673], [3.357786311988775, 7.150955852730476], [3.357509202088067, 7.153112420701689], [3.356983310931128, 7.156323673998429], [3.341675665299761, 7.167165884398116], [3.341905632738815, 7.168576134680904], [3.346499557708455, 7.168906792014866], [3.347868531807364, 7.168974096377497], [3.352075803155856, 7.175830525858146], [3.349113875205205, 7.180683595871301], [3.355167684041419, 7.187432170558282], [3.358030875424618, 7.185756468286456], [3.359779448862525, 7.188682630199253], [3.36218310017, 7.188865363445814], [3.361661856709361, 7.19177316300113], [3.364117564374169, 7.195561156921883], [3.359018306749533, 7.19929264643855], [3.358170435816987, 7.200162363702191], [3.354138164444805, 7.194529243329953], [3.345685065113685, 7.197732451291643], [3.347165924767637, 7.205731696960299], [3.345348248323035, 7.207830888185015], [3.343659608404266, 7.208726872846967], [3.342133615374109, 7.209343707945834], [3.338356722684637, 7.208466269103099], [3.333198198837863, 7.195699796408519], [3.331708240742785, 7.191641728882757], [3.331087070911622, 7.188573197095423], [3.33257765493488, 7.184113146104835], [3.327444346279606, 7.186123543666668], [3.324228742062871, 7.188885911155921], [3.320065143591535, 7.188025187112771], [3.314421031705308, 7.187342868778444], [3.316567637886237, 7.224303107302603], [3.314110430152255, 7.252936996944925], [3.304866884299315, 7.251903978985467], [3.294687136102482, 7.255904917977659], [3.287848169657366, 7.256320411957518], [3.279746046043215, 7.256997664410733], [3.276061204361156, 7.253190186677841], [3.271474365149857, 7.254523796735896], [3.262122027409703, 7.253003037760038], [3.253654422013994, 7.270558671045876], [3.237995690948424, 7.276694213866904], [3.230086257874575, 7.281872685576047], [3.215999147842467, 7.277936257652243], [3.196821186148895, 7.30146439836335], [3.18781250993942, 7.326314400389322], [3.171666986642151, 7.336044271725825], [3.167962779858442, 7.35599909028582], [3.169426096437235, 7.373187399079256], [3.167988298121486, 7.373511310598531], [3.161624669243167, 7.375266548912123], [3.155272959979186, 7.378180024088863], [3.140366553173919, 7.395598884880656], [3.115294454575462, 7.408086297045031], [3.098215726374747, 7.430895711268136], [3.082635071751213, 7.439048196017495], [3.075019160306056, 7.452888165156764], [3.070572198048524, 7.452740012641527], [3.060085799919761, 7.456492608347219], [3.053210349777885, 7.453238809023844], [3.046574193044648, 7.445105126400506], [3.040572716657607, 7.438681481265405], [3.030134263185744, 7.433797286615516], [3.020253185236356, 7.4303984940953], [3.02433814428997, 7.418615121590619], [3.026431257896263, 7.414090140447684], [3.026939482770956, 7.410269209756279], [3.019190316080255, 7.402262547378712], [3.014770945023145, 7.400801274059575], [3.012078420682599, 7.394100182677334], [3.013286755179649, 7.392618927321678], [3.013664830167841, 7.392316525787066], [3.014241937715326, 7.391941216214207], [3.01210538595484, 7.377854562138396], [3.018081389044937, 7.361299429125381], [3.016960287887002, 7.356906552995099], [3.016483818073766, 7.348510031812566], [3.012828183673776, 7.344510817720106], [3.009188757754998, 7.345135351915019], [3.005164334766278, 7.345561989394355], [3.000348609101081, 7.345001786403373], [2.998055077979529, 7.343985384318103], [2.994845227625206, 7.341519982860973]]]}}, {"type": "Feature", "properties": {"name": "Yewa South", "state": "og"}, "geometry": {"type": "Polygon", "coordinates": [[[3.081702179811771, 6.761975919253302], [3.080193996955416, 6.766845047560935], [3.07847014857856, 6.775990798436624], [3.076659444577729, 6.779630120933405], [3.056557598554377, 6.804080527194628], [3.056158679079829, 6.808507832970179], [3.057636118612038, 6.815284062709395], [3.058233488784538, 6.830445042404847], [3.053950049355365, 6.839186652342164], [3.054033076565304, 6.845680102854487], [3.055253155308947, 6.856437795867635], [3.066588686119019, 6.863635235677634], [3.074127947446868, 6.866657797719256], [3.079947650163945, 6.873036940802251], [3.083054432815857, 6.87877503364092], [3.088998055815694, 6.88361187988437], [3.092703608884506, 6.890009318775071], [3.094514895645943, 6.896268058823921], [3.092861099959862, 6.904276422718794], [3.084180857960291, 6.909874682670534], [3.074145807083369, 6.914051378868066], [3.061119573309725, 6.921596661157025], [3.05833984980427, 6.926556961834365], [3.056449141214955, 6.929702698620702], [3.051712000108751, 6.945024401554917], [3.044670581881917, 6.942288889620613], [3.039901787337669, 6.936908872646427], [3.027409088059017, 6.937613825117978], [3.017257818693452, 6.950971393415102], [3.007782959116298, 6.958713968974564], [3.003473987934228, 6.959599338039084], [2.998769797088528, 6.962407884816059], [2.990461831248581, 6.965931511330211], [2.979633939854466, 6.963212610773439], [2.976971727163516, 6.953517256316388], [2.977540985428163, 6.949452010402013], [2.974277523788714, 6.946852112634929], [2.976407929582308, 6.942559611636796], [2.974841232337042, 6.938734625003008], [2.9355777059464, 6.947602962906444], [2.917785344118386, 6.947375768077279], [2.910132559570002, 6.943151879056018], [2.913056707001488, 6.932441344692336], [2.913648906072183, 6.929398029895196], [2.917483199789899, 6.922211176005021], [2.914628202129848, 6.911317673671761], [2.908553017307952, 6.897188382737738], [2.909168292083052, 6.885952564259469], [2.910153789865547, 6.873535363066594], [2.903113287148528, 6.877808123046464], [2.895660942598454, 6.87838538707598], [2.883791609295372, 6.880450867213824], [2.873971420844441, 6.873969037740949], [2.856178469960469, 6.868708939066323], [2.847760409115608, 6.864452875000211], [2.837402457557403, 6.860942284159137], [2.837781504712723, 6.847472244848291], [2.839188470671445, 6.834321462165803], [2.836140262663037, 6.822829731706804], [2.836127959937471, 6.819062769331367], [2.826723751100303, 6.816133868982888], [2.826321452872776, 6.81525149376148], [2.817286128851833, 6.791948748336097], [2.806957212805173, 6.773527834142271], [2.814093883625901, 6.765892616051417], [2.833294868863163, 6.767624567319956], [2.838737833883954, 6.765208965821159], [2.850900324590327, 6.777609184216544], [2.853968416609177, 6.774951372807664], [2.875503045429241, 6.764607152098449], [2.884150899244673, 6.741087787871152], [2.880866793667622, 6.738707551312473], [2.869805992252793, 6.73475003068944], [2.865841632285537, 6.722844828825828], [2.867768833564867, 6.712314213730053], [2.870411777381662, 6.705194271198707], [2.872949166870626, 6.684182140393489], [2.863668445742235, 6.677821300312814], [2.847865417554999, 6.678907995207851], [2.837576092362838, 6.677542136360557], [2.82995075602264, 6.670960590059224], [2.834468682883482, 6.663699894634476], [2.835294512331927, 6.654068240057256], [2.82849871334497, 6.648038771372228], [2.826490364438826, 6.644493744590704], [2.86203872131, 6.596829705826337], [2.868041596142803, 6.591274573762632], [2.874353528392646, 6.589625756723365], [2.873852876708952, 6.570009387223479], [2.887236213280687, 6.567311304173415], [2.909932680748682, 6.585762958993428], [2.915874871128437, 6.585002596592631], [2.921415078043481, 6.593300875834814], [2.925966682716307, 6.595157334643318], [2.921947251864253, 6.600807096070696], [2.923490802358685, 6.6071834710404], [2.930335262762242, 6.611400500932405], [2.936336768826891, 6.61747333762446], [2.93347010785925, 6.630707708693876], [2.931207882138096, 6.636570396306809], [2.930803483993657, 6.647057218016243], [2.954298819235191, 6.673237749922293], [2.956059723277633, 6.686657911933139], [2.967100672158324, 6.676217517724297], [2.981078927350666, 6.684510342578278], [2.994759426906057, 6.672842690337916], [3.002857305720113, 6.671123390731964], [3.009786984981417, 6.671616292058275], [3.017154601703567, 6.695669145814463], [3.042475100245724, 6.732923295373837], [3.046742917551626, 6.742761125825325], [3.050111489253879, 6.751674301228093], [3.081702179811771, 6.761975919253302]]]}}, {"type": "Feature", "properties": {"name": "Ado Odo/Ota", "state": "og"}, "geometry": {"type": "Polygon", "coordinates": [[[2.887236213280687, 6.567311304173415], [2.882255739910534, 6.530434027208628], [2.883688914811614, 6.523457710005346], [2.8906020393527, 6.514315764161211], [2.89201007190735, 6.511495994744394], [2.924299247912018, 6.512696681406794], [2.926540345860303, 6.504654978744327], [2.928584640668703, 6.506964485422714], [2.930008764792717, 6.508596066954965], [2.933879791319384, 6.508596588561772], [2.93503995093306, 6.508596738748565], [2.931375225286445, 6.511985397707974], [2.933672231388414, 6.514685531212365], [2.93511937276088, 6.516271146596182], [2.93664736228601, 6.514421673721301], [2.937658357647138, 6.513192517220944], [2.95401565599775, 6.512688771869364], [2.954222813931779, 6.508323113720792], [2.953800771988085, 6.502622709670391], [2.954158496217701, 6.501846857346663], [3.059849030008763, 6.501767656752008], [3.072255453726257, 6.497199016221657], [3.077245926658236, 6.492390583158908], [3.093649860252924, 6.500062213900094], [3.103014903614962, 6.499618730320208], [3.108609416991044, 6.503293344012661], [3.115875966102976, 6.504855879195532], [3.160445337882095, 6.508068376254585], [3.163365843059239, 6.511083193334741], [3.168104721655652, 6.512876729277707], [3.175323984414376, 6.514787462171682], [3.188700576070801, 6.530652173059366], [3.201396128228794, 6.532600029967455], [3.198451797312657, 6.559697271412006], [3.191670106889944, 6.569610689881472], [3.193281587675187, 6.577774588826287], [3.211792481737689, 6.59466287209392], [3.218396374393194, 6.598688661152835], [3.223207103425125, 6.600448101099062], [3.224616983187275, 6.60176481559381], [3.237830248067553, 6.619846251903027], [3.238407638901435, 6.660814232790642], [3.257043517144666, 6.683539078365811], [3.257746197029405, 6.696956686302087], [3.265772601324556, 6.700437230793625], [3.278332617556316, 6.694043206628749], [3.278777983417228, 6.694598630622352], [3.279432891314912, 6.694947973170486], [3.280517544748932, 6.696185103959408], [3.284783298110767, 6.704814450626429], [3.284777401256122, 6.70535382172153], [3.281819061600459, 6.706090094882029], [3.281171608183229, 6.706292885708137], [3.281725071654762, 6.710388479244955], [3.285447219913294, 6.713878725622749], [3.280088360389584, 6.722404185304981], [3.282404801740256, 6.72971649731852], [3.268493931849548, 6.735756660741345], [3.253624934143431, 6.766340881326641], [3.245832072092526, 6.774397887752343], [3.241310252965832, 6.762100157896043], [3.233388533354173, 6.763300418279755], [3.230786955653514, 6.758291622560364], [3.226924253251752, 6.758827045631676], [3.218714300924319, 6.751450116429794], [3.209152356396203, 6.751940130033006], [3.206261277036333, 6.755053942685379], [3.197365305664391, 6.748995594970779], [3.190943901639798, 6.750071397277225], [3.186442461150705, 6.746919718670142], [3.178448559253638, 6.75182430904465], [3.165512203725257, 6.753967004074013], [3.148639635211055, 6.745379876979769], [3.141771590986195, 6.745672307730842], [3.132022143207394, 6.751779193654897], [3.123034253927699, 6.749032568798043], [3.120845710561127, 6.745102973923167], [3.119377659051793, 6.736218433833699], [3.118152323770801, 6.733578321982009], [3.111046247886065, 6.728920823037583], [3.107868274901023, 6.728462774937157], [3.100718831009317, 6.730460483064917], [3.095919399260936, 6.731201349063042], [3.092928130928556, 6.73773587341185], [3.090531014994383, 6.741375430631649], [3.091102683442159, 6.747057516391294], [3.089286794849727, 6.758794620575316], [3.08255141861315, 6.761352370715372], [3.081702179811771, 6.761975919253302], [3.050111489253879, 6.751674301228093], [3.046742917551626, 6.742761125825325], [3.042475100245724, 6.732923295373837], [3.017154601703567, 6.695669145814463], [3.009786984981417, 6.671616292058275], [3.002857305720113, 6.671123390731964], [2.994759426906057, 6.672842690337916], [2.981078927350666, 6.684510342578278], [2.967100672158324, 6.676217517724297], [2.956059723277633, 6.686657911933139], [2.954298819235191, 6.673237749922293], [2.930803483993657, 6.647057218016243], [2.931207882138096, 6.636570396306809], [2.93347010785925, 6.630707708693876], [2.936336768826891, 6.61747333762446], [2.930335262762242, 6.611400500932405], [2.923490802358685, 6.6071834710404], [2.921947251864253, 6.600807096070696], [2.925966682716307, 6.595157334643318], [2.921415078043481, 6.593300875834814], [2.915874871128437, 6.585002596592631], [2.909932680748682, 6.585762958993428], [2.887236213280687, 6.567311304173415]]]}}, {"type": "Feature", "properties": {"name": "Shagamu", "state": "og"}, "geometry": {"type": "Polygon", "coordinates": [[[3.58738968568548, 6.905459075276156], [3.582784767403155, 6.900340038861771], [3.581946574075175, 6.898764059713642], [3.5722391390251, 6.897981276314908], [3.569583042623378, 6.903955613860546], [3.564472667579594, 6.904086323125341], [3.562683701991318, 6.904362963579956], [3.560526203221741, 6.905804498578789], [3.556944225995267, 6.909399809153911], [3.553929897247031, 6.910130582060788], [3.545972999754156, 6.897679999832178], [3.531489000017359, 6.886404999691024], [3.535976590946973, 6.871771213370835], [3.530712322116017, 6.868299850058065], [3.526073671163033, 6.8653169759977], [3.527276265287469, 6.861687219589555], [3.519345249383775, 6.859790345248257], [3.519772838345887, 6.85715396108651], [3.521720369699324, 6.850330330780196], [3.505627602431957, 6.845905337161639], [3.488312323754769, 6.833224620220108], [3.483749413704516, 6.831708740965666], [3.468643521081674, 6.829024318617485], [3.463993728427852, 6.826752890133832], [3.465127222243552, 6.824576816766751], [3.467212080073466, 6.820659655918462], [3.470116233777219, 6.814408747165999], [3.470254436193329, 6.808620905630335], [3.46822934730659, 6.803861360613325], [3.467107253297172, 6.792075547348702], [3.45820712166136, 6.78433164079263], [3.45910116288843, 6.778804777118808], [3.45749282883105, 6.772803664057903], [3.441819765269997, 6.757929032998504], [3.441003909302992, 6.754863424007851], [3.440535512703775, 6.751827966587427], [3.448132175959188, 6.732789615648301], [3.441407496258989, 6.727912012129707], [3.440788679054322, 6.723824972044895], [3.440372137364307, 6.707713388262334], [3.44157149033208, 6.697887431559764], [3.443198472731353, 6.68590903567349], [3.453939759412435, 6.67673890777445], [3.459019961302204, 6.673523020271205], [3.461350585860885, 6.683327682826359], [3.692374775975168, 6.682786340417351], [3.691505074899339, 6.715921139049385], [3.685554000117065, 6.741855999554787], [3.681440000155931, 6.758515999813596], [3.691427016443697, 6.792345766643848], [3.68147619157304, 6.806638626271649], [3.682113078855537, 6.820903293052595], [3.687797319390825, 6.82770006690464], [3.691268212358182, 6.835023332660739], [3.688913494062547, 6.840756464839046], [3.682428999898491, 6.848132000091766], [3.676253921980958, 6.852275722646539], [3.676998000357457, 6.854676999743788], [3.672486000028925, 6.860974999696509], [3.664521999690578, 6.867789000062373], [3.658154000107061, 6.87343000029432], [3.65196199964663, 6.875606999963111], [3.647390000148448, 6.878217999860851], [3.644701000251018, 6.883105000395517], [3.636760000073991, 6.891302999833613], [3.631593000116936, 6.899916000423104], [3.626874769055405, 6.902961712812839], [3.61901604425509, 6.909988851604282], [3.612559238418157, 6.909985285792345], [3.605964547625831, 6.899688925203805], [3.604207076295609, 6.896315274130643], [3.596399157794963, 6.900952905252439], [3.58738968568548, 6.905459075276156]]]}}, {"type": "Feature", "properties": {"name": "Yewa North", "state": "og"}, "geometry": {"type": "Polygon", "coordinates": [[[2.735803018894273, 7.317665124745758], [2.744479781416828, 7.239990499761802], [2.746615709047774, 7.150121145174751], [2.749722001569182, 7.094165796914069], [2.74370190471916, 7.05975575062746], [2.737160561710596, 7.024086035642085], [2.703079997344048, 6.989247875189335], [2.708799966145591, 6.981779074844496], [2.710085731371464, 6.979384044438177], [2.70992677440114, 6.976697329718036], [2.704001162123973, 6.966757180699403], [2.703114302882796, 6.964329984241431], [2.710408742669415, 6.950541935661875], [2.720514637640463, 6.939055573256155], [2.726766643565782, 6.932592589076762], [2.732623776965795, 6.924630051036047], [2.73907178743309, 6.879532439970205], [2.75067770571161, 6.868445909850891], [2.76017091325707, 6.86237660209855], [2.769725413197307, 6.852850713189923], [2.782147948269255, 6.85710672779328], [2.791812797722457, 6.861037136554671], [2.797313016282715, 6.853879872158416], [2.803882300327928, 6.829493916710931], [2.806763075255787, 6.825873857692443], [2.819433262035488, 6.81960102886444], [2.826723751100303, 6.816133868982888], [2.836127959937471, 6.819062769331367], [2.836140262663037, 6.822829731706804], [2.839188470671445, 6.834321462165803], [2.837781504712723, 6.847472244848291], [2.837402457557403, 6.860942284159137], [2.847760409115608, 6.864452875000211], [2.856178469960469, 6.868708939066323], [2.873971420844441, 6.873969037740949], [2.883791609295372, 6.880450867213824], [2.895660942598454, 6.87838538707598], [2.903113287148528, 6.877808123046464], [2.910153789865547, 6.873535363066594], [2.909168292083052, 6.885952564259469], [2.908553017307952, 6.897188382737738], [2.914628202129848, 6.911317673671761], [2.917483199789899, 6.922211176005021], [2.913648906072183, 6.929398029895196], [2.913056707001488, 6.932441344692336], [2.910132559570002, 6.943151879056018], [2.917785344118386, 6.947375768077279], [2.9355777059464, 6.947602962906444], [2.974841232337042, 6.938734625003008], [2.976407929582308, 6.942559611636796], [2.974277523788714, 6.946852112634929], [2.977540985428163, 6.949452010402013], [2.976971727163516, 6.953517256316388], [2.979633939854466, 6.963212610773439], [2.990461831248581, 6.965931511330211], [2.998769797088528, 6.962407884816059], [3.003473987934228, 6.959599338039084], [3.007782959116298, 6.958713968974564], [3.017257818693452, 6.950971393415102], [3.027409088059017, 6.937613825117978], [3.039901787337669, 6.936908872646427], [3.044670581881917, 6.942288889620613], [3.051712000108751, 6.945024401554917], [3.051574153824163, 6.958259266352115], [3.044300029722649, 6.958961911163328], [3.043110819308936, 6.968373944102268], [3.041642202125956, 6.980854620344473], [3.040620746750108, 6.994640074379959], [3.044099329820256, 7.003806852304422], [3.045126348402277, 7.010585772815205], [3.054370000375286, 7.010847999835391], [3.054440831878935, 7.00851668100006], [3.060787602965547, 7.006986887434948], [3.061563947218417, 7.025761633592538], [3.076956851277714, 7.026311882887114], [3.086593572635309, 7.029306181934771], [3.09162379560172, 7.036420599930807], [3.111092274289092, 7.029268664917026], [3.13015883156487, 7.042152239234497], [3.128404767765858, 7.048615262984072], [3.127475118781774, 7.061518115168951], [3.124528895692038, 7.067298679390603], [3.12886273043074, 7.077367952169311], [3.133868160886948, 7.085262100365696], [3.139055454945321, 7.08951577583241], [3.142697308134302, 7.094417393048275], [3.145046878710559, 7.113971851419876], [3.133517113224229, 7.120585156379889], [3.136671731715069, 7.130749813053455], [3.137601282673131, 7.132085779335284], [3.122128528708686, 7.146478068907811], [3.113021078160273, 7.149181582963706], [3.110273944287144, 7.15459794603845], [3.095248092225745, 7.16796062338409], [3.094030340927532, 7.175615203878579], [3.097202656277602, 7.186373512028013], [3.098300444310098, 7.198966470426342], [3.095995603314464, 7.203445469233088], [3.093938226967623, 7.21029222380713], [3.098849519989415, 7.234034845631697], [3.089214082863691, 7.236414932902903], [3.082149295753425, 7.238718914146602], [3.085036624940358, 7.252101534858014], [3.095717339583587, 7.254897099021946], [3.084141250018718, 7.273324500025694], [3.072450221700421, 7.281950975157429], [3.066443049906866, 7.286750305282396], [3.060253613413579, 7.286601475577697], [3.052238536079642, 7.287931375032997], [3.050812698747109, 7.295056426612859], [3.052556391564281, 7.302204849774057], [3.04724360520828, 7.311525261581608], [3.043909435272269, 7.316262581652893], [3.039500348862077, 7.316323860557759], [3.021432915896412, 7.302184949575803], [2.994555929212822, 7.336292000775245], [2.994845227625206, 7.341519982860973], [2.924838557853207, 7.36688686393768], [2.912735720077478, 7.354580914277847], [2.914528570736991, 7.342207065803507], [2.925588340629474, 7.329240918433698], [2.954019008670343, 7.30194733070482], [2.950791224935131, 7.300832925898874], [2.947367817970473, 7.29590548914706], [2.945102521963861, 7.289504598658368], [2.945780269044235, 7.281620625391611], [2.94537946728866, 7.275495116306615], [2.941287528596604, 7.266492013195887], [2.937672761189049, 7.260835053594917], [2.924123462827595, 7.265745199981041], [2.873569231434942, 7.266055545227289], [2.876013214638192, 7.274365614581484], [2.874528785575023, 7.276012114067839], [2.869671775632014, 7.278301494818152], [2.865789121770604, 7.277533298423009], [2.861840328168682, 7.27781087417253], [2.859791429730763, 7.282337186312134], [2.85829305038402, 7.290066235168695], [2.85639290970505, 7.292542632636412], [2.854031429406973, 7.29345638790204], [2.850641968252262, 7.296354898359937], [2.851011975422352, 7.300200582890625], [2.851500318984563, 7.302245394809177], [2.853023293889976, 7.305463459571058], [2.841720564952141, 7.334197504011627], [2.831994995972309, 7.335166879647829], [2.816729159822899, 7.339814994166716], [2.810721711937504, 7.345114213350314], [2.807894371128384, 7.354502917875436], [2.801748718128863, 7.359112376834787], [2.780580500989402, 7.36099892066369], [2.77446289964314, 7.357026291430259], [2.77144531265111, 7.346878456575553], [2.770791171875146, 7.337763681948388], [2.76440813472766, 7.334366368812937], [2.761896421782467, 7.321844402896943], [2.758104635420636, 7.320921660706119], [2.752616285213435, 7.318304139824249], [2.735803018894273, 7.317665124745758]]]}}, {"type": "Feature", "properties": {"name": "Odeda", "state": "og"}, "geometry": {"type": "Polygon", "coordinates": [[[3.169426096437235, 7.373187399079256], [3.167962779858442, 7.35599909028582], [3.171666986642151, 7.336044271725825], [3.18781250993942, 7.326314400389322], [3.196821186148895, 7.30146439836335], [3.215999147842467, 7.277936257652243], [3.230086257874575, 7.281872685576047], [3.237995690948424, 7.276694213866904], [3.253654422013994, 7.270558671045876], [3.262122027409703, 7.253003037760038], [3.271474365149857, 7.254523796735896], [3.276061204361156, 7.253190186677841], [3.279746046043215, 7.256997664410733], [3.287848169657366, 7.256320411957518], [3.294687136102482, 7.255904917977659], [3.304866884299315, 7.251903978985467], [3.314110430152255, 7.252936996944925], [3.316567637886237, 7.224303107302603], [3.316563882317382, 7.221274341737512], [3.31973588740135, 7.22211217533669], [3.334242842333367, 7.229134239253767], [3.345585461599796, 7.227085542264035], [3.354387252369861, 7.234290021967013], [3.372128461659202, 7.225353412929735], [3.384268292148022, 7.210470851648552], [3.382441435423971, 7.207261954575586], [3.380745896805763, 7.205259435974256], [3.378731693313057, 7.204491241377752], [3.374280614858549, 7.202961305719725], [3.371371406065578, 7.195587541232101], [3.371175365550755, 7.195276710351948], [3.373350086337439, 7.193388293235216], [3.377873264339712, 7.19349706443802], [3.381222318954883, 7.192260383310099], [3.382418382202616, 7.189010218147075], [3.382772484862357, 7.185861949769219], [3.38858964789398, 7.184716104664574], [3.391884664046074, 7.171863922082366], [3.396085026802609, 7.17323342857992], [3.398157784254408, 7.175059715133784], [3.404568017799818, 7.176843810893217], [3.412331567348019, 7.171483713902319], [3.409436407764076, 7.164523160015847], [3.409134509849821, 7.159270623740326], [3.411570350591262, 7.160466013395876], [3.413187684164313, 7.16107970176688], [3.424649746888349, 7.155315455743732], [3.424448883309367, 7.156866151351835], [3.427056985591435, 7.157881676598151], [3.428954749362219, 7.163003890317327], [3.433591418209403, 7.167685563038333], [3.435787597719525, 7.170196409936409], [3.442455507715579, 7.174436753853172], [3.441654379945703, 7.179032390232692], [3.444499009321873, 7.182549856390835], [3.446719056839072, 7.185167737001507], [3.466453533403865, 7.187009144756246], [3.482944202113288, 7.192944831239004], [3.487147047897963, 7.187531169727777], [3.492113203161864, 7.187296455666967], [3.496255133367754, 7.190963664341666], [3.503200860131642, 7.182476819749468], [3.510477883647468, 7.18872069760215], [3.528281628194634, 7.189519822581815], [3.535330475720912, 7.194321079953909], [3.536607860164679, 7.190930616954461], [3.539331052286286, 7.18417798542572], [3.543169624078928, 7.18063759644798], [3.550420846944576, 7.181854055420388], [3.554897009289618, 7.182006458131582], [3.557536527588752, 7.180626565363752], [3.561962442113042, 7.181057106800097], [3.566377286882357, 7.18138897642018], [3.572449483257117, 7.182621401056849], [3.577289252297192, 7.188658131767397], [3.581248103017572, 7.192346359396993], [3.582897964169774, 7.192625684327936], [3.595516599111818, 7.185283804404094], [3.601927037702694, 7.186651470888705], [3.607707112693163, 7.184170431120549], [3.611092676186104, 7.18415058218369], [3.615479695031922, 7.185578987979966], [3.619982773186507, 7.186392824069628], [3.624191516725148, 7.19561557220095], [3.628643519682726, 7.198433759710269], [3.63404588480978, 7.19410365356083], [3.635109584939414, 7.190106641908073], [3.638129399552213, 7.184962867842103], [3.642266503096664, 7.182210784999768], [3.644907035831068, 7.18164975643117], [3.648945265211864, 7.184354855991842], [3.655967196029337, 7.182713096832003], [3.659262333589879, 7.179903758651562], [3.662910759923705, 7.175003586646255], [3.67184649931653, 7.183519807593086], [3.689322035383668, 7.190802513025631], [3.689908494081806, 7.207417461746502], [3.691129994653579, 7.207817151040729], [3.697283165086048, 7.213713644169388], [3.712171024273403, 7.225612443759303], [3.718857475592074, 7.227805069148644], [3.726761350855725, 7.226455041067368], [3.735033075815863, 7.225391400292949], [3.738067999038947, 7.226551276620171], [3.740176713184837, 7.228703192398484], [3.741800407662708, 7.235618954651102], [3.744166824339516, 7.23791405059302], [3.753848017172288, 7.242559111913522], [3.762270794961239, 7.243215137668528], [3.759795187997554, 7.281117915159712], [3.762294529868711, 7.300916194127126], [3.718372106087884, 7.301308153748323], [3.715483187798952, 7.302474497999754], [3.715093838909581, 7.30326920371084], [3.714346646180843, 7.30479431090879], [3.719827180380094, 7.387421748814688], [3.693458774702719, 7.38797476082658], [3.69352116606899, 7.400063395609266], [3.701067496967482, 7.407558594653494], [3.702196476186487, 7.409620929862058], [3.706728929796327, 7.411478201657701], [3.707092998742951, 7.447305200874382], [3.540519713214223, 7.439661023737301], [3.522289276329104, 7.415384290952318], [3.497712849868151, 7.394600866736653], [3.474449634143355, 7.388873574755735], [3.472733019912994, 7.391195295126806], [3.473366021224933, 7.39640664874787], [3.481013297425761, 7.406811234650831], [3.482226608771043, 7.412020681709123], [3.482859610982302, 7.417232035330187], [3.471475122878644, 7.438695429750339], [3.468598126002746, 7.441020486606249], [3.466295480252256, 7.442764280147458], [3.459404943983031, 7.449734686106922], [3.466583965677501, 7.471145629367356], [3.452234267097822, 7.486245629632151], [3.453435657929333, 7.490297315568682], [3.453482626821824, 7.494930742359941], [3.445929525827012, 7.49379348578077], [3.442431209832534, 7.492065427677403], [3.393082855989064, 7.455832003244382], [3.393893718020706, 7.453971860812771], [3.400228022705107, 7.449320791121636], [3.399014709561243, 7.444110868321957], [3.381476163394268, 7.430837628553775], [3.381428956181423, 7.426203726021186], [3.383145807832818, 7.423882005650114], [3.384276627064708, 7.42098283598915], [3.382512807420198, 7.418670652028993], [3.381323097882728, 7.415778158035607], [3.383033989726869, 7.412877080912608], [3.385852336416235, 7.40476035860371], [3.385816812296071, 7.401284692934269], [3.375807760819555, 7.386832235119584], [3.350041864940181, 7.363155362729856], [3.32402849092216, 7.31515216534018], [3.319375990409696, 7.314007278912868], [3.311254499895313, 7.31402969091755], [3.306613683374849, 7.314042564712622], [3.296212910597376, 7.318126199064864], [3.291601418270886, 7.321035381777506], [3.286995885751594, 7.324523446400008], [3.282466887337023, 7.335541245831905], [3.256644486154187, 7.363416669743572], [3.254144684729454, 7.364775039036886], [3.249144314758382, 7.367492196707587], [3.198106765215073, 7.36879300759125], [3.169426096437235, 7.373187399079256]]]}}, {"type": "Feature", "properties": {"name": "Ijebu East", "state": "og"}, "geometry": {"type": "Polygon", "coordinates": [[[4.34278244005759, 7.067955254631329], [4.304244870704281, 7.027249906358122], [4.235173460786655, 7.010786880110459], [4.205508076636477, 7.001622980915897], [4.188556040428978, 7.001648522561311], [4.178217185075084, 7.003381445996979], [4.155078716109927, 6.995056250045934], [4.151066334144048, 6.991287052855228], [4.151229060173023, 6.975554956895792], [4.150117350635298, 6.969584087135956], [4.147152889294432, 6.96410043678577], [4.140318321433426, 6.958056017771071], [4.130157582206721, 6.954085392227114], [4.126875061235125, 6.933463472761105], [4.114488873162998, 6.927128013347215], [4.114342893409855, 6.916950246356805], [4.103687875095432, 6.899447602025248], [4.09548148228464, 6.897645224847281], [4.091471502407956, 6.897551680965364], [4.090303283969433, 6.896124491951809], [4.088521547131734, 6.894299795399263], [4.086173435255887, 6.891708560801476], [4.07957516696041, 6.861037555638745], [4.087666555367264, 6.847369869623833], [4.084111168395737, 6.829429766270721], [4.077117775764805, 6.820400348097621], [4.072112667265856, 6.815079040665239], [4.067374123217235, 6.814574113604522], [4.063597967072553, 6.816585614634448], [4.06014792128957, 6.8192976101966], [4.056566734567184, 6.826467000151979], [4.052220206797131, 6.8404465692538], [4.042196758073999, 6.849996445779425], [4.036410698994587, 6.850461353009109], [4.027134231659488, 6.850014290127433], [4.020707205073506, 6.845149239345972], [4.019218900831675, 6.844484435308516], [4.009531755386263, 6.853597497626481], [4.006119060246476, 6.851390583808438], [4.005424407710279, 6.848985579920623], [4.004915669322713, 6.848883702920602], [4.005154960033451, 6.840822815920262], [4.004214270072566, 6.839809618119432], [4.001051404798545, 6.838302845400051], [3.981792552684226, 6.843052434022638], [3.97802432226473, 6.83741355978799], [3.981265254088271, 6.832137943311466], [3.981440506773993, 6.828525889158527], [3.980922319209697, 6.827466425734997], [3.978642830102558, 6.825881636828115], [3.954086644682945, 6.825695780236117], [3.952251610423502, 6.82262181834227], [3.945410589926837, 6.801696296746741], [3.940783943124529, 6.796533714259567], [3.942627794337284, 6.793132053801287], [3.951273575215396, 6.793765699927178], [3.960367518845942, 6.786903210814557], [3.966697350302525, 6.768145782901627], [3.976617802369731, 6.760538641645041], [3.980203087302698, 6.759344836595005], [3.997151930916914, 6.773049635832081], [4.043513823304352, 6.75639049442583], [4.049527558350178, 6.748772256434563], [4.054284017793236, 6.74221483894371], [4.054998709922586, 6.727482815179826], [4.062870555831523, 6.714088227189961], [4.06243991906706, 6.713039499873048], [4.086994155655816, 6.683027475637516], [4.085006975891247, 6.679777243025399], [4.091332317032879, 6.679688255108942], [4.096914880217582, 6.671539591578949], [4.093887719043039, 6.666377387706348], [4.09487558743848, 6.65855001686981], [4.09579949425131, 6.654264461335856], [4.096370124881389, 6.652564150914884], [4.09517937302968, 6.651615974097979], [4.09510342798086, 6.651555500985637], [4.090016645751632, 6.647504977872472], [4.093292661027533, 6.646229449629459], [4.088087174583507, 6.640760883607925], [4.083290749268713, 6.636248562221397], [4.079221022931904, 6.635707039947988], [4.076152676404945, 6.633416392052879], [4.070596940896166, 6.631849005926938], [4.066693305851459, 6.634893893638321], [4.064332483857072, 6.636146544927158], [4.062815834783009, 6.636449925823456], [4.05851663113765, 6.634483355822283], [4.062381101606604, 6.628588190092955], [4.05956189156808, 6.624071662577194], [4.057555780175164, 6.620760814759819], [4.054730320747751, 6.622011111623578], [4.061196912107846, 6.585169589005375], [4.07172972964338, 6.571265101603217], [4.077395892906168, 6.571099782828753], [4.090486868873938, 6.569616473421547], [4.098761843084617, 6.571895690034125], [4.100973723858317, 6.567908835324545], [4.101334211704568, 6.557723325171366], [4.109519558580814, 6.554182759926505], [4.116797345621023, 6.555774723624666], [4.118802361639723, 6.562126097441478], [4.119663300620857, 6.564849142973628], [4.121270134609063, 6.569931367438699], [4.128171862041825, 6.57443385293999], [4.131782934135174, 6.579786018809784], [4.135845009939317, 6.581384900093099], [4.144423231946632, 6.58220766375274], [4.156231035433962, 6.588842539851385], [4.16329071979095, 6.595181877141954], [4.177784630956012, 6.604107106158096], [4.193155570872932, 6.59534105624482], [4.206331025556437, 6.597223713203846], [4.213609710120068, 6.598890673166068], [4.21666896000454, 6.597351741589648], [4.222408089761586, 6.595729662294104], [4.224011258113137, 6.59373482030577], [4.235895857407968, 6.578183962919582], [4.243079764219772, 6.588099305938272], [4.246668072673458, 6.599941233301308], [4.250014928446262, 6.622564092159166], [4.257287058750819, 6.639709467318085], [4.274660751092824, 6.652974018736018], [4.287591521831303, 6.66299606541611], [4.298064954434153, 6.6660431375808], [4.314473595979734, 6.664121468930716], [4.323140994761161, 6.659598667744376], [4.350776155795018, 6.64781011604407], [4.3630102873949, 6.63441454509524], [4.378476802762293, 6.642235538839088], [4.376120088871062, 6.663210390946858], [4.379813671064142, 6.666000843364259], [4.384439468007088, 6.66787290541032], [4.387210369163256, 6.669734955303966], [4.389039039819863, 6.674362183068354], [4.389940738774101, 6.678984165087172], [4.389735221203523, 6.715917110086593], [4.414567109984205, 6.74167749312187], [4.421871776861053, 6.762031765353754], [4.480053063198341, 6.803905219650233], [4.518897650306371, 6.821664543084239], [4.546685124119222, 6.841302612325762], [4.552041531191776, 6.874711036884889], [4.553870200949063, 6.879338263749901], [4.554771423262594, 6.883959769128069], [4.557522297416142, 6.889515400315531], [4.556210040860719, 6.958760261576856], [4.561608789813874, 6.988337516663137], [4.564349174275037, 6.995739937148414], [4.568953990034686, 7.001305579588859], [4.572642325582933, 7.005019187885239], [4.609585762073323, 7.031077861654069], [4.559294224448934, 7.021471023868685], [4.52236461593435, 7.024516581575028], [4.516273497823704, 7.022613047754021], [4.509039879187128, 7.013475894397061], [4.496476173037024, 7.001293182434495], [4.488862037752881, 6.991775513329344], [4.480105400144168, 6.990633011004718], [4.463354110603746, 6.993298053862134], [4.454216956347523, 7.000912665786927], [4.438227175843565, 7.004719733428999], [4.424521445808125, 7.002435207219094], [4.416907309624662, 6.994059562898542], [4.409673690988086, 6.987587452399055], [4.400536536731806, 6.980734825252057], [4.390379905608199, 6.980854988167209], [4.386407374400846, 6.989554404612136], [4.382944106785146, 6.991302013077473], [4.376018523036464, 6.994796751568856], [4.3743195526053, 6.998856067353699], [4.371032714887917, 7.01798009760347], [4.376307010260348, 7.023178100788755], [4.378656864123002, 7.026067734038747], [4.37693977415131, 7.028389452611179], [4.371180058013294, 7.032460213168349], [4.370260714360541, 7.056211471182507], [4.34278244005759, 7.067955254631329]]]}}, {"type": "Feature", "properties": {"name": "Odogbolu", "state": "og"}, "geometry": {"type": "MultiPolygon", "coordinates": [[[[3.911564411368545, 6.874408711792682], [3.911871959723214, 6.865502360445646], [3.910624443563279, 6.853512125883924], [3.919453119565844, 6.862001523651429], [3.929060200168124, 6.850029959914764], [3.934456534441551, 6.851280897995082], [3.935039109867091, 6.851953857984199], [3.934193105927136, 6.855717384050081], [3.932917735964793, 6.860893453669973], [3.937694922982359, 6.86433065533555], [3.933124534169963, 6.870927996429941], [3.935120735933253, 6.877772203224652], [3.937477060418075, 6.880765613742142], [3.931013588806138, 6.880522046755118], [3.926071978738889, 6.878396563850401], [3.918991032610109, 6.873764728859214], [3.911564411368545, 6.874408711792682]]], [[[3.692374775975168, 6.682786340417351], [3.903000777264083, 6.68157065576122], [3.905501719029132, 6.703531913966685], [3.902821576554572, 6.71635522471388], [3.903848796584725, 6.721390664647515], [3.922897705564708, 6.734047538762979], [3.928236124397699, 6.740975994946268], [3.93993289308861, 6.747395129981328], [3.949877256330353, 6.746595864707444], [3.954836789885974, 6.748259643767597], [3.956163397822593, 6.754815524317053], [3.954598439866174, 6.762665810778572], [3.949355872575495, 6.766459462334353], [3.940561068638431, 6.77079502377137], [3.937908841120191, 6.775716152678342], [3.936163595173809, 6.77856275067046], [3.936355997031683, 6.783089118568], [3.936153118971333, 6.785675599349474], [3.930435063927121, 6.793010741552507], [3.921280759599426, 6.795297291237034], [3.921899020123703, 6.807536814272623], [3.918390140692509, 6.812416000597977], [3.921408119788964, 6.816841737955883], [3.91609750979228, 6.817694523683372], [3.914156154083287, 6.813750688043854], [3.908116887284564, 6.813368729783122], [3.905974223731505, 6.816538249140933], [3.900728171567891, 6.814181590108319], [3.892988770615318, 6.81551743678034], [3.888123007570812, 6.821655038149515], [3.887810032706909, 6.808595508775738], [3.887282022747172, 6.805410894297381], [3.882522481327499, 6.803572770866708], [3.873578497849451, 6.790072388430019], [3.851899689718948, 6.779038119713505], [3.838076337353129, 6.777543867355632], [3.839217505983186, 6.792450836237151], [3.842082387192477, 6.803681178743432], [3.854704185050139, 6.803543701180899], [3.863467057658625, 6.806296624889399], [3.867217839431817, 6.814801801262149], [3.870230545803111, 6.821752476995243], [3.874099106388712, 6.828629064779591], [3.881469688175628, 6.830106552875179], [3.890406862886437, 6.825649271796522], [3.891991446747909, 6.834231461612717], [3.908484272930878, 6.840020982182637], [3.907695188881917, 6.845596242872375], [3.906846353876176, 6.845641592985203], [3.905255424398376, 6.845926973051405], [3.903387804103943, 6.846236236413233], [3.899872742732953, 6.842027619678959], [3.88066880682004, 6.849843284939709], [3.893872397693031, 6.886774746057711], [3.89253106785452, 6.89584750076159], [3.885230988419437, 6.902250288819801], [3.851439774625931, 6.890389437922295], [3.828612140138205, 6.867545939393665], [3.823016016076338, 6.874125109686133], [3.800292183137799, 6.883277794334788], [3.790356008223227, 6.888380335384227], [3.773302848647575, 6.87790075681454], [3.763448959901609, 6.892212396984576], [3.73321800021057, 6.893357000125491], [3.737417999641025, 6.881994999569599], [3.736870999596988, 6.87670300014338], [3.732150999569001, 6.870101999707572], [3.732381000282999, 6.870098000422445], [3.730253000175878, 6.866908999950454], [3.727102999703732, 6.85751500021712], [3.723672999809139, 6.845130000149425], [3.720742000443011, 6.835042999934558], [3.698620000112953, 6.807996000015464], [3.681440000155931, 6.758515999813596], [3.685554000117065, 6.741855999554787], [3.691505074899339, 6.715921139049385], [3.692374775975168, 6.682786340417351]]]]}}, {"type": "Feature", "properties": {"name": "Ijebu North East", "state": "og"}, "geometry": {"type": "Polygon", "coordinates": [[[4.091471502407956, 6.897551680965364], [4.08295355296417, 6.913065139144919], [4.077928983136133, 6.929952661586128], [4.063530345249262, 6.928608835229625], [4.059879586973409, 6.932608186019024], [4.049099279608129, 6.940702542188603], [4.041462432845037, 6.943069604578625], [4.037979130132783, 6.941660425388363], [4.036110239995651, 6.932706232806424], [4.035781331843054, 6.928292990629075], [4.019287799692222, 6.929438822243924], [4.003930755200258, 6.92764004864938], [4.003779976664646, 6.927703285378357], [4.000798455184622, 6.926231537655383], [3.991851232348552, 6.920110929875534], [3.98859619016207, 6.917286343689852], [3.981111016760053, 6.918191437584824], [3.972968320231814, 6.917179225440975], [3.96852158370416, 6.915489894842835], [3.961887758913008, 6.910630555655644], [3.959023003608763, 6.903561550725044], [3.953677400091976, 6.894261572413711], [3.94322810529286, 6.89136301069442], [3.933124534169963, 6.870927996429941], [3.937694922982359, 6.86433065533555], [3.943787366693641, 6.863843533951979], [3.946823611920195, 6.86104004676082], [3.95208500022261, 6.847251999979846], [3.977723401913522, 6.835006204173055], [3.983768741834012, 6.843658764140685], [3.998488185881115, 6.837616037650093], [4.001051404798545, 6.838302845400051], [4.004214270072566, 6.839809618119432], [4.005154960033451, 6.840822815920262], [4.004915669322713, 6.848883702920602], [4.005424407710279, 6.848985579920623], [4.006119060246476, 6.851390583808438], [4.009531755386263, 6.853597497626481], [4.019218900831675, 6.844484435308516], [4.020707205073506, 6.845149239345972], [4.027134231659488, 6.850014290127433], [4.036410698994587, 6.850461353009109], [4.042196758073999, 6.849996445779425], [4.052220206797131, 6.8404465692538], [4.056566734567184, 6.826467000151979], [4.06014792128957, 6.8192976101966], [4.063597967072553, 6.816585614634448], [4.067374123217235, 6.814574113604522], [4.072112667265856, 6.815079040665239], [4.077117775764805, 6.820400348097621], [4.084111168395737, 6.829429766270721], [4.087666555367264, 6.847369869623833], [4.07957516696041, 6.861037555638745], [4.086173435255887, 6.891708560801476], [4.088521547131734, 6.894299795399263], [4.090303283969433, 6.896124491951809], [4.091471502407956, 6.897551680965364]]]}}, {"type": "Feature", "properties": {"name": "Ogun Waterside", "state": "og"}, "geometry": {"type": "Polygon", "coordinates": [[[4.605220794604008, 6.492155074996788], [4.606054306061424, 6.499202250683368], [4.604174613267844, 6.503808974804372], [4.58824872959525, 6.532358645635043], [4.589912415125923, 6.567441463053115], [4.598113060369485, 6.593341350722824], [4.600756167862926, 6.618286609839231], [4.598875999327959, 6.622892857319584], [4.596985339302023, 6.629345893198433], [4.586719511596243, 6.6412930484355], [4.58254241879763, 6.642193316568353], [4.578370094204558, 6.642169952181575], [4.572822093764671, 6.639369010971109], [4.567274569965491, 6.63656854640135], [4.537799834894486, 6.601317405573866], [4.512100696589926, 6.554083347068854], [4.499382019264829, 6.506921769424196], [4.496610640568633, 6.505059718631173], [4.491026877688284, 6.508722303891261], [4.478824615363749, 6.535431861091581], [4.45993184937538, 6.598115920713212], [4.458051681739789, 6.602722168193566], [4.454317092260055, 6.607318399924281], [4.444738986914786, 6.609170942185301], [4.426470756020649, 6.612704276880947], [4.390223502712502, 6.628200530130414], [4.378476802762293, 6.642235538839088], [4.3630102873949, 6.63441454509524], [4.350776155795018, 6.64781011604407], [4.323140994761161, 6.659598667744376], [4.314473595979734, 6.664121468930716], [4.298064954434153, 6.6660431375808], [4.287591521831303, 6.66299606541611], [4.274660751092824, 6.652974018736018], [4.257287058750819, 6.639709467318085], [4.250014928446262, 6.622564092159166], [4.246668072673458, 6.599941233301308], [4.243079764219772, 6.588099305938272], [4.235895857407968, 6.578183962919582], [4.240955593425952, 6.571563357263187], [4.239324706170294, 6.562302049799825], [4.232702014986046, 6.54692713937601], [4.225640365610445, 6.539746500700517], [4.210754619829913, 6.531143792851822], [4.208619093296591, 6.529909637919502], [4.197897154630027, 6.528710061919867], [4.191611261350658, 6.525508836963297], [4.18524707129535, 6.521541957095678], [4.181723165991343, 6.520707903347102], [4.163622323211712, 6.506966422562414], [4.1693195580512, 6.487503161741586], [4.173446655738644, 6.48443061897791], [4.202134878821653, 6.47548079889981], [4.204882914714801, 6.472105014634792], [4.21414704964667, 6.4724658334315], [4.219355940024684, 6.473755115006611], [4.224790637577883, 6.473435745962945], [4.230750267610802, 6.468597202698788], [4.234937720599362, 6.45909192894942], [4.238376267650665, 6.456480079192374], [4.243810547019166, 6.45608397099852], [4.247559350283836, 6.455155923706968], [4.250683702990557, 6.449328705355526], [4.260086784077885, 6.444175170048084], [4.264146198788069, 6.445084003324155], [4.265924135090813, 6.452047709334352], [4.276268262270548, 6.455927102254009], [4.279864048587001, 6.455075785119448], [4.28039280318535, 6.455165318924401], [4.284765426583192, 6.455905739758123], [4.291334057720633, 6.450069662185228], [4.293936362073509, 6.449909920106791], [4.303115859109653, 6.447359675708526], [4.312220063105485, 6.445345477611738], [4.321038983262497, 6.451448403820848], [4.328378915254802, 6.448060210710196], [4.353724428439648, 6.451056359663312], [4.3686295177381, 6.438459141176452], [4.367156179114431, 6.407146073132822], [4.362509352424695, 6.386637690377142], [4.359663678935704, 6.367825533321763], [4.436435570745061, 6.347149613164163], [4.483238448395753, 6.326054181755126], [4.488367293715669, 6.336224737081977], [4.496404178709952, 6.33230533872046], [4.498911528144561, 6.330204560192328], [4.502862323637373, 6.32699419992241], [4.502976501564319, 6.322768557223185], [4.505328508403977, 6.320217794815449], [4.510986069651437, 6.317906591116355], [4.517002483777674, 6.315575485420368], [4.522483757219675, 6.313222365220042], [4.526759538022304, 6.313251927734314], [4.547312816733154, 6.31175127490144], [4.571975492674881, 6.297284947742185], [4.594931484700282, 6.331930879006904], [4.596821469335396, 6.36807175690609], [4.575757980046774, 6.380978584094407], [4.514828203658737, 6.397127150697486], [4.482433318642791, 6.386790752291461], [4.480064391958194, 6.386895657308798], [4.477510928886318, 6.387575149973259], [4.474683284106334, 6.388328074081414], [4.473125457773733, 6.393202781782975], [4.479822635306448, 6.409049988266418], [4.503599166968002, 6.415532111817527], [4.520026206844022, 6.411092757824576], [4.523116588559787, 6.40733003575258], [4.535164832091368, 6.408320426746343], [4.559962273240387, 6.45093250323248], [4.56630897507921, 6.476821422770513], [4.564331054734453, 6.498971462163297], [4.586972237278985, 6.494270802055894], [4.603319168245093, 6.490877150959818], [4.605220794604008, 6.492155074996788]]]}}, {"type": "Feature", "properties": {"name": "Ijebu Ode", "state": "og"}, "geometry": {"type": "Polygon", "coordinates": [[[3.977723401913522, 6.835006204173055], [3.95208500022261, 6.847251999979846], [3.943787366693641, 6.863843533951979], [3.937694922982359, 6.86433065533555], [3.932917735964793, 6.860893453669973], [3.934193105927136, 6.855717384050081], [3.935039109867091, 6.851953857984199], [3.934456534441551, 6.851280897995082], [3.933123426205213, 6.850351120407936], [3.931424373036407, 6.849208986805365], [3.919782715699796, 6.861953316392487], [3.910624443563279, 6.853512125883924], [3.911871959723214, 6.865502360445646], [3.911564411368545, 6.874408711792682], [3.90637818300678, 6.87683410061328], [3.901964744777217, 6.883040115209212], [3.893872397693031, 6.886774746057711], [3.88066880682004, 6.849843284939709], [3.899872742732953, 6.842027619678959], [3.903387804103943, 6.846236236413233], [3.905255424398376, 6.845926973051405], [3.906846353876176, 6.845641592985203], [3.907695188881917, 6.845596242872375], [3.908484272930878, 6.840020982182637], [3.891991446747909, 6.834231461612717], [3.890406862886437, 6.825649271796522], [3.881469688175628, 6.830106552875179], [3.874099106388712, 6.828629064779591], [3.870230545803111, 6.821752476995243], [3.867217839431817, 6.814801801262149], [3.863467057658625, 6.806296624889399], [3.854704185050139, 6.803543701180899], [3.842082387192477, 6.803681178743432], [3.839217505983186, 6.792450836237151], [3.838076337353129, 6.777543867355632], [3.851899689718948, 6.779038119713505], [3.873578497849451, 6.790072388430019], [3.882522481327499, 6.803572770866708], [3.887282022747172, 6.805410894297381], [3.887810032706909, 6.808595508775738], [3.888123007570812, 6.821655038149515], [3.892988770615318, 6.81551743678034], [3.900728171567891, 6.814181590108319], [3.905974223731505, 6.816538249140933], [3.908116887284564, 6.813368729783122], [3.914156154083287, 6.813750688043854], [3.91609750979228, 6.817694523683372], [3.921408119788964, 6.816841737955883], [3.918390140692509, 6.812416000597977], [3.921899020123703, 6.807536814272623], [3.921280759599426, 6.795297291237034], [3.930435063927121, 6.793010741552507], [3.936153118971333, 6.785675599349474], [3.936355997031683, 6.783089118568], [3.936163595173809, 6.77856275067046], [3.937908841120191, 6.775716152678342], [3.940561068638431, 6.77079502377137], [3.949355872575495, 6.766459462334353], [3.954598439866174, 6.762665810778572], [3.956163397822593, 6.754815524317053], [3.954836789885974, 6.748259643767597], [3.949877256330353, 6.746595864707444], [3.93993289308861, 6.747395129981328], [3.928236124397699, 6.740975994946268], [3.922897705564708, 6.734047538762979], [3.903848796584725, 6.721390664647515], [3.902821576554572, 6.71635522471388], [3.905501719029132, 6.703531913966685], [3.903000777264083, 6.68157065576122], [3.978807413231607, 6.691934445718118], [3.981811651586497, 6.684391906361441], [3.982532114665389, 6.682713381117708], [4.085006975891247, 6.679777243025399], [4.086994155655816, 6.683027475637516], [4.06243991906706, 6.713039499873048], [4.062870555831523, 6.714088227189961], [4.054998709922586, 6.727482815179826], [4.054284017793236, 6.74221483894371], [4.049527558350178, 6.748772256434563], [4.043513823304352, 6.75639049442583], [3.997151930916914, 6.773049635832081], [3.980203087302698, 6.759344836595005], [3.976617802369731, 6.760538641645041], [3.966697350302525, 6.768145782901627], [3.960367518845942, 6.786903210814557], [3.951273575215396, 6.793765699927178], [3.942472948168074, 6.793348106030294], [3.940783943124529, 6.796533714259567], [3.945410589926837, 6.801696296746741], [3.946036125966486, 6.809816821389234], [3.954086644682945, 6.825695780236117], [3.978642830102558, 6.825881636828115], [3.980922319209697, 6.827466425734997], [3.981440506773993, 6.828525889158527], [3.981265254088271, 6.832137943311466], [3.980247533596867, 6.833038998351128], [3.979232491286496, 6.83402709337571], [3.977723401913522, 6.835006204173055]]]}}, {"type": "Feature", "properties": {"name": "Ijebu North", "state": "og"}, "geometry": {"type": "Polygon", "coordinates": [[[4.088356017915942, 7.13344621617], [4.085114954791379, 7.131877898346374], [4.080235263946349, 7.131994168096412], [4.069125174287421, 7.132258891634592], [4.057703494720556, 7.137207984061263], [4.045901775146831, 7.138350009745182], [4.026865959396559, 7.128451345553231], [4.019251346572446, 7.124644277911159], [4.0127568231689, 7.126267909436535], [4.005546092278394, 7.128451345553231], [3.998963493770248, 7.126570828081299], [3.997550963706033, 7.126167295983976], [3.965570926057467, 7.10979652309112], [3.962708726626488, 7.10173022217208], [3.961345446135454, 7.098110037248489], [3.960240840342578, 7.092283725413665], [3.953388214094844, 7.088095663584056], [3.947818114614336, 7.086483384200847], [3.938920974123732, 7.083908081093114], [3.825619785424806, 7.082826042887632], [3.827339110211824, 7.074727468897606], [3.824408351864008, 7.075813922774387], [3.821466510271307, 7.066787314083342], [3.820397361149332, 7.065185340930782], [3.816982409610546, 7.05852189157207], [3.811704350575383, 7.059733414165805], [3.801225864681953, 7.055062746448641], [3.799122005975846, 7.052608496584924], [3.796662672244565, 7.04934403489932], [3.796578332923787, 7.044408417914212], [3.791461968395197, 7.038982129022088], [3.787404057351409, 7.031025985161136], [3.784312445363128, 7.029598207091624], [3.782891326773381, 7.02507076990014], [3.792294441135596, 7.018991368157174], [3.789959507925005, 7.010637544087444], [3.790780465745968, 7.004685174281406], [3.793998629433247, 6.988631648931516], [3.763399640181319, 6.956099006663862], [3.763448959901609, 6.892212396984576], [3.773302848647575, 6.87790075681454], [3.790356008223227, 6.888380335384227], [3.800292183137799, 6.883277794334788], [3.823016016076338, 6.874125109686133], [3.828612140138205, 6.867545939393665], [3.851439774625931, 6.890389437922295], [3.885230988419437, 6.902250288819801], [3.89253106785452, 6.89584750076159], [3.893872397693031, 6.886774746057711], [3.901964744777217, 6.883040115209212], [3.90637818300678, 6.87683410061328], [3.911564411368545, 6.874408711792682], [3.918991032610109, 6.873764728859214], [3.926071978738889, 6.878396563850401], [3.931013588806138, 6.880522046755118], [3.937477060418075, 6.880765613742142], [3.940111924725613, 6.886115757935954], [3.94322810529286, 6.89136301069442], [3.953677400091976, 6.894261572413711], [3.959023003608763, 6.903561550725044], [3.961887758913008, 6.910630555655644], [3.96852158370416, 6.915489894842835], [3.972968320231814, 6.917179225440975], [3.981111016760053, 6.918191437584824], [3.98859619016207, 6.917286343689852], [3.991851232348552, 6.920110929875534], [4.000798455184622, 6.926231537655383], [4.003779976664646, 6.927703285378357], [4.003930755200258, 6.92764004864938], [4.019287799692222, 6.929438822243924], [4.035781331843054, 6.928292990629075], [4.036110239995651, 6.932706232806424], [4.037979130132783, 6.941660425388363], [4.041462432845037, 6.943069604578625], [4.049099279608129, 6.940702542188603], [4.059879586973409, 6.932608186019024], [4.063530345249262, 6.928608835229625], [4.077928983136133, 6.929952661586128], [4.08295355296417, 6.913065139144919], [4.091471502407956, 6.897551680965364], [4.09548148228464, 6.897645224847281], [4.103687875095432, 6.899447602025248], [4.114342893409855, 6.916950246356805], [4.114488873162998, 6.927128013347215], [4.126875061235125, 6.933463472761105], [4.130157582206721, 6.954085392227114], [4.140318321433426, 6.958056017771071], [4.147152889294432, 6.96410043678577], [4.150117350635298, 6.969584087135956], [4.151229060173023, 6.975554956895792], [4.151066334144048, 6.991287052855228], [4.155078716109927, 6.995056250045934], [4.178217185075084, 7.003381445996979], [4.188556040428978, 7.001648522561311], [4.205508076636477, 7.001622980915897], [4.235173460786655, 7.010786880110459], [4.304244870704281, 7.027249906358122], [4.34278244005759, 7.067955254631329], [4.298218000160603, 7.090554000866518], [4.284764289840155, 7.091783045850946], [4.268486023011576, 7.088352679932257], [4.264981747209902, 7.086045740818349], [4.261477468710268, 7.083738804402344], [4.218773841239852, 7.047115802652229], [4.213520527050719, 7.045643805817008], [4.210033893249602, 7.045073986375428], [4.205973148442069, 7.045084952708464], [4.20362758614425, 7.046032428054161], [4.200775622796812, 7.047416686131214], [4.197892666113717, 7.049162387134515], [4.186004161962558, 7.08543109916593], [4.168871879133974, 7.174137114136556], [4.162019252886239, 7.171091556430213], [4.156689167171351, 7.164999961678916], [4.088356017915942, 7.13344621617]]]}}, {"type": "Feature", "properties": {"name": "Remo North", "state": "og"}, "geometry": {"type": "Polygon", "coordinates": [[[3.825619785424806, 7.082826042887632], [3.731213093009899, 7.080647467606582], [3.72760057300809, 7.083577632401841], [3.726004394187498, 7.085910469292799], [3.724426166734247, 7.080327785598854], [3.724828845374986, 7.067737795862627], [3.722435191830698, 7.06204705322898], [3.710839140014343, 7.061941640094688], [3.696190835938353, 7.063335043377606], [3.689835017671953, 7.05486920964637], [3.68897001735246, 7.04977512672076], [3.67997832933645, 7.028601717795084], [3.675914037602809, 7.029316621265082], [3.656941704096425, 7.021585872689911], [3.648994257578977, 7.012238694360292], [3.649022713027819, 7.011410272166358], [3.648181398153042, 7.005589119742126], [3.649733014666936, 7.001954023159669], [3.64621072364605, 6.990172453795765], [3.682685518022311, 6.957511661733861], [3.717725999855077, 6.919654999678528], [3.728759597677367, 6.918301166565641], [3.761664924396769, 6.945871590801346], [3.763399640181319, 6.956099006663862], [3.793998629433247, 6.988631648931516], [3.790780465745968, 7.004685174281406], [3.789959507925005, 7.010637544087444], [3.792294441135596, 7.018991368157174], [3.782891326773381, 7.02507076990014], [3.784312445363128, 7.029598207091624], [3.787404057351409, 7.031025985161136], [3.791461968395197, 7.038982129022088], [3.796578332923787, 7.044408417914212], [3.796662672244565, 7.04934403489932], [3.799122005975846, 7.052608496584924], [3.801225864681953, 7.055062746448641], [3.811704350575383, 7.059733414165805], [3.816982409610546, 7.05852189157207], [3.820397361149332, 7.065185340930782], [3.821466510271307, 7.066787314083342], [3.824408351864008, 7.075813922774387], [3.827339110211824, 7.074727468897606], [3.825619785424806, 7.082826042887632]]]}}, {"type": "Feature", "properties": {"name": "Ikenne", "state": "og"}, "geometry": {"type": "Polygon", "coordinates": [[[3.691427016443697, 6.792345766643848], [3.691689999793709, 6.793136000026436], [3.696427999752416, 6.800889999673814], [3.698620000112953, 6.807996000015464], [3.720742000443011, 6.835042999934558], [3.723672999809139, 6.845130000149425], [3.727102999703732, 6.85751500021712], [3.730253000175878, 6.866908999950454], [3.732381000282999, 6.870098000422445], [3.732150999569001, 6.870101999707572], [3.736870999596988, 6.87670300014338], [3.737417999641025, 6.881994999569599], [3.73321800021057, 6.893357000125491], [3.763448959901609, 6.892212396984576], [3.765135988235329, 6.927298574269855], [3.763015726794379, 6.94478147488519], [3.761664924396769, 6.945871590801346], [3.728759597677367, 6.918301166565641], [3.717725999855077, 6.919654999678528], [3.682685518022311, 6.957511661733861], [3.64621072364605, 6.990172453795765], [3.637342294911036, 6.985417237215756], [3.632290999929751, 6.985851000023672], [3.628088000361004, 6.982694000128049], [3.621768000293002, 6.977042000288122], [3.615195259253881, 6.971041743381818], [3.614189999768712, 6.964957999711942], [3.606469107763189, 6.964879005062073], [3.596523902755962, 6.960133966109709], [3.591393208429849, 6.952423892049012], [3.595281655723909, 6.919367936980734], [3.59352418439363, 6.91599428590763], [3.59145129204353, 6.909949025127446], [3.58738968568548, 6.905459075276156], [3.596399157794963, 6.900952905252439], [3.604207076295609, 6.896315274130643], [3.605964547625831, 6.899688925203805], [3.612559238418157, 6.909985285792345], [3.61901604425509, 6.909988851604282], [3.626874769055405, 6.902961712812839], [3.631593000116936, 6.899916000423104], [3.636760000073991, 6.891302999833613], [3.644701000251018, 6.883105000395517], [3.647390000148448, 6.878217999860851], [3.65196199964663, 6.875606999963111], [3.658154000107061, 6.87343000029432], [3.664521999690578, 6.867789000062373], [3.672486000028925, 6.860974999696509], [3.676998000357457, 6.854676999743788], [3.676253921980958, 6.852275722646539], [3.682428999898491, 6.848132000091766], [3.688913494062547, 6.840756464839046], [3.691268212358182, 6.835023332660739], [3.687797319390825, 6.82770006690464], [3.682113078855537, 6.820903293052595], [3.68147619157304, 6.806638626271649], [3.691427016443697, 6.792345766643848]]]}}, {"type": "Feature", "properties": {"name": "Abeokuta South", "state": "og"}, "geometry": {"type": "Polygon", "coordinates": [[[3.331722861920582, 7.135453495782258], [3.334771762406945, 7.123153702881154], [3.339448318884877, 7.118258103029063], [3.348952752667458, 7.122711838080932], [3.356787095947766, 7.120342366407158], [3.360213566902644, 7.124496238710492], [3.358433401180548, 7.1250236407285], [3.357182641165991, 7.126115951889744], [3.358835289317199, 7.128197438161294], [3.372705630360599, 7.138977269785244], [3.371845709412014, 7.144098060776912], [3.396765425084368, 7.141160085369677], [3.400394348720283, 7.143541056674451], [3.404966922885251, 7.147422239244975], [3.409134509849821, 7.159270623740326], [3.409436407764076, 7.164523160015847], [3.412331567348019, 7.171483713902319], [3.404568017799818, 7.176843810893217], [3.398157784254408, 7.175059715133784], [3.396085026802609, 7.17323342857992], [3.391884664046074, 7.171863922082366], [3.38858964789398, 7.184716104664574], [3.382772484862357, 7.185861949769219], [3.382418382202616, 7.189010218147075], [3.381222318954883, 7.192260383310099], [3.377873264339712, 7.19349706443802], [3.373350086337439, 7.193388293235216], [3.371175365550755, 7.195276710351948], [3.371371406065578, 7.195587541232101], [3.374280614858549, 7.202961305719725], [3.378731693313057, 7.204491241377752], [3.380745896805763, 7.205259435974256], [3.382441435423971, 7.207261954575586], [3.384268292148022, 7.210470851648552], [3.372128461659202, 7.225353412929735], [3.354387252369861, 7.234290021967013], [3.345585461599796, 7.227085542264035], [3.334242842333367, 7.229134239253767], [3.31973588740135, 7.22211217533669], [3.316563882317382, 7.221274341737512], [3.315603418962667, 7.21972288170565], [3.314421031705308, 7.187342868778444], [3.320065143591535, 7.188025187112771], [3.324228742062871, 7.188885911155921], [3.327444346279606, 7.186123543666668], [3.33257765493488, 7.184113146104835], [3.331087070911622, 7.188573197095423], [3.331708240742785, 7.191641728882757], [3.333198198837863, 7.195699796408519], [3.338356722684637, 7.208466269103099], [3.342133615374109, 7.209343707945834], [3.343659608404266, 7.208726872846967], [3.345348248323035, 7.207830888185015], [3.347165924767637, 7.205731696960299], [3.345685065113685, 7.197732451291643], [3.354138164444805, 7.194529243329953], [3.358170435816987, 7.200162363702191], [3.359018306749533, 7.19929264643855], [3.364117564374169, 7.195561156921883], [3.361661856709361, 7.19177316300113], [3.36218310017, 7.188865363445814], [3.359779448862525, 7.188682630199253], [3.358030875424618, 7.185756468286456], [3.355167684041419, 7.187432170558282], [3.349113875205205, 7.180683595871301], [3.352075803155856, 7.175830525858146], [3.347868531807364, 7.168974096377497], [3.346499557708455, 7.168906792014866], [3.341905632738815, 7.168576134680904], [3.341675665299761, 7.167165884398116], [3.356983310931128, 7.156323673998429], [3.357509202088067, 7.153112420701689], [3.357786311988775, 7.150955852730476], [3.357522664939097, 7.149152026744673], [3.35603184619282, 7.149724725815474], [3.346645044633135, 7.154755464093455], [3.343686563783933, 7.156460048092811], [3.332345848382261, 7.156263029115564], [3.329412024245585, 7.14871484831167], [3.331722861920582, 7.135453495782258]]]}}, {"type": "Feature", "properties": {"name": "Ifo", "state": "og"}, "geometry": {"type": "Polygon", "coordinates": [[[3.081702179811771, 6.761975919253302], [3.08255141861315, 6.761352370715372], [3.089286794849727, 6.758794620575316], [3.091102683442159, 6.747057516391294], [3.090531014994383, 6.741375430631649], [3.092928130928556, 6.73773587341185], [3.095919399260936, 6.731201349063042], [3.100718831009317, 6.730460483064917], [3.107868274901023, 6.728462774937157], [3.111046247886065, 6.728920823037583], [3.118152323770801, 6.733578321982009], [3.119377659051793, 6.736218433833699], [3.120845710561127, 6.745102973923167], [3.123034253927699, 6.749032568798043], [3.132022143207394, 6.751779193654897], [3.141771590986195, 6.745672307730842], [3.148639635211055, 6.745379876979769], [3.165512203725257, 6.753967004074013], [3.178448559253638, 6.75182430904465], [3.186442461150705, 6.746919718670142], [3.190943901639798, 6.750071397277225], [3.197365305664391, 6.748995594970779], [3.206261277036333, 6.755053942685379], [3.209152356396203, 6.751940130033006], [3.218714300924319, 6.751450116429794], [3.226924253251752, 6.758827045631676], [3.230786955653514, 6.758291622560364], [3.233388533354173, 6.763300418279755], [3.241310252965832, 6.762100157896043], [3.245832072092526, 6.774397887752343], [3.253624934143431, 6.766340881326641], [3.268493931849548, 6.735756660741345], [3.282404801740256, 6.72971649731852], [3.280088360389584, 6.722404185304981], [3.285447219913294, 6.713878725622749], [3.281058503147449, 6.706674575970965], [3.284783298110767, 6.704814450626429], [3.278332617556316, 6.694043206628749], [3.285464882598319, 6.686796528037405], [3.312409504594996, 6.674673876398344], [3.345033850731681, 6.672554372186596], [3.348417298119841, 6.661161793781787], [3.354048382426981, 6.657300231720342], [3.352703363569447, 6.652300889674393], [3.363685628988662, 6.649428232027333], [3.37055455724709, 6.641725955088816], [3.372670081059425, 6.64110208369425], [3.378430308911675, 6.639288194294807], [3.452062009154474, 6.640944811154156], [3.448072499646173, 6.65490662314221], [3.447675806893017, 6.661772916387008], [3.442074065665622, 6.66276098623058], [3.442467865299818, 6.66853713568031], [3.444150577786957, 6.671089694034208], [3.443471017673403, 6.673893769382005], [3.439770517895113, 6.675487673817145], [3.433366069688418, 6.673952376401076], [3.419846709757906, 6.679992528132743], [3.418217179579244, 6.693920485142314], [3.415365969863672, 6.694700302576962], [3.414143703968818, 6.68968762358503], [3.412765311270164, 6.685945676751658], [3.403864044689954, 6.686185112253156], [3.398238509199871, 6.685508476734867], [3.39355017520046, 6.684975102319186], [3.391085843037274, 6.687815811550536], [3.378621232284104, 6.703162699998643], [3.378043388191884, 6.722382380342651], [3.369598476288672, 6.727747976687795], [3.369192059166267, 6.737215811660406], [3.358822009028529, 6.757417611933306], [3.358821407382095, 6.757564996427504], [3.363897654053517, 6.764657040190286], [3.369668753810004, 6.776966721137342], [3.370279355707737, 6.795281623248343], [3.370189925324837, 6.803052871892589], [3.370924598591387, 6.806294710232748], [3.36591030621571, 6.81098029410532], [3.367955654130185, 6.815819984904408], [3.363652663439723, 6.818066961720945], [3.363953477670918, 6.82114505599958], [3.367882595905144, 6.820768904661293], [3.371931272710128, 6.825676252357198], [3.369674950138858, 6.82705816500237], [3.36617104036128, 6.825399485098217], [3.362684128669628, 6.827229769138569], [3.362517836828772, 6.830879493194118], [3.344297351841362, 6.838795879826023], [3.342991384245011, 6.840667597431718], [3.33878875070036, 6.84563305392237], [3.336062310227476, 6.849168026283451], [3.324140788366719, 6.884236977054911], [3.317034811407495, 6.888675394853635], [3.314425903332847, 6.8922306981882], [3.308350170823758, 6.900731613573157], [3.304493816736283, 6.90496571259763], [3.29276246371677, 6.902219975371622], [3.271338804941934, 6.892068462289728], [3.259506336648144, 6.888513338819564], [3.258378135342696, 6.866275067840149], [3.25219162614269, 6.865373903982515], [3.246735217156584, 6.864617289056696], [3.245318614962173, 6.864526932372087], [3.244501054779903, 6.861279470571162], [3.244625162121565, 6.85541885679487], [3.246101410951383, 6.843603500800953], [3.23802354744879, 6.844977898711079], [3.231297991808901, 6.842244657564947], [3.219999952835622, 6.838592347059205], [3.209232173026408, 6.837766147090065], [3.209052686332484, 6.835117776764037], [3.205652570010159, 6.832060359697891], [3.201944477255893, 6.836494426576564], [3.193505661856875, 6.837041779154845], [3.193489011808481, 6.839811557957091], [3.16448763039989, 6.846995566392309], [3.159605342312773, 6.841276713649449], [3.149759290259112, 6.836010700133727], [3.137774468716827, 6.84313330915495], [3.131159634009975, 6.851398566190937], [3.115308725917032, 6.856161276821524], [3.107876632300815, 6.847955780634834], [3.088481479836446, 6.841260303720105], [3.072375844169926, 6.832940099006407], [3.058233488784538, 6.830445042404847], [3.057636118612038, 6.815284062709395], [3.056158679079829, 6.808507832970179], [3.056557598554377, 6.804080527194628], [3.076659444577729, 6.779630120933405], [3.07847014857856, 6.775990798436624], [3.080193996955416, 6.766845047560935], [3.081702179811771, 6.761975919253302]]]}}, {"type": "Feature", "properties": {"name": "Ewekoro", "state": "og"}, "geometry": {"type": "Polygon", "coordinates": [[[3.127475118781774, 7.061518115168951], [3.128404767765858, 7.048615262984072], [3.13015883156487, 7.042152239234497], [3.111092274289092, 7.029268664917026], [3.09162379560172, 7.036420599930807], [3.086593572635309, 7.029306181934771], [3.076956851277714, 7.026311882887114], [3.061563947218417, 7.025761633592538], [3.060787602965547, 7.006986887434948], [3.054440831878935, 7.00851668100006], [3.054370000375286, 7.010847999835391], [3.045126348402277, 7.010585772815205], [3.044099329820256, 7.003806852304422], [3.040620746750108, 6.994640074379959], [3.041642202125956, 6.980854620344473], [3.043110819308936, 6.968373944102268], [3.044300029722649, 6.958961911163328], [3.051574153824163, 6.958259266352115], [3.051712000108751, 6.945024401554917], [3.056449141214955, 6.929702698620702], [3.05833984980427, 6.926556961834365], [3.061119573309725, 6.921596661157025], [3.074145807083369, 6.914051378868066], [3.084180857960291, 6.909874682670534], [3.092861099959862, 6.904276422718794], [3.094514895645943, 6.896268058823921], [3.092703608884506, 6.890009318775071], [3.088998055815694, 6.88361187988437], [3.083054432815857, 6.87877503364092], [3.079947650163945, 6.873036940802251], [3.074127947446868, 6.866657797719256], [3.066588686119019, 6.863635235677634], [3.055253155308947, 6.856437795867635], [3.054033076565304, 6.845680102854487], [3.053950049355365, 6.839186652342164], [3.058233488784538, 6.830445042404847], [3.072375844169926, 6.832940099006407], [3.088481479836446, 6.841260303720105], [3.107876632300815, 6.847955780634834], [3.115308725917032, 6.856161276821524], [3.131159634009975, 6.851398566190937], [3.137774468716827, 6.84313330915495], [3.149759290259112, 6.836010700133727], [3.159605342312773, 6.841276713649449], [3.16448763039989, 6.846995566392309], [3.193489011808481, 6.839811557957091], [3.193505661856875, 6.837041779154845], [3.201944477255893, 6.836494426576564], [3.205652570010159, 6.832060359697891], [3.209052686332484, 6.835117776764037], [3.209232173026408, 6.837766147090065], [3.219999952835622, 6.838592347059205], [3.231297991808901, 6.842244657564947], [3.23802354744879, 6.844977898711079], [3.246101410951383, 6.843603500800953], [3.244625162121565, 6.85541885679487], [3.244501054779903, 6.861279470571162], [3.245318614962173, 6.864526932372087], [3.246735217156584, 6.864617289056696], [3.25219162614269, 6.865373903982515], [3.258378135342696, 6.866275067840149], [3.259506336648144, 6.888513338819564], [3.271338804941934, 6.892068462289728], [3.29276246371677, 6.902219975371622], [3.304493816736283, 6.90496571259763], [3.299780999593509, 6.908763000112401], [3.295266000025947, 6.914828000112152], [3.296133443803456, 6.919338636169186], [3.311861607926915, 6.940800919926573], [3.308923529996946, 6.942052709664893], [3.31241621443678, 6.94558850130835], [3.313797244847024, 6.949528138013193], [3.312756349725817, 6.953856793556213], [3.312354713399372, 6.958156299373741], [3.309871675337604, 6.962294176335206], [3.311144718753837, 6.969697417901557], [3.309571443867071, 6.970488202568561], [3.30564484013729, 6.968776726165004], [3.303356480117486, 6.969826295247401], [3.305903165898428, 6.980691358319575], [3.302628472625941, 6.983050073202378], [3.302058162154481, 6.986413724713657], [3.30353018686867, 6.988846496968335], [3.308455930197056, 6.988680393985021], [3.303882525058555, 7.002219199956187], [3.274051334701369, 7.008403139793131], [3.271101335358367, 7.018219007001619], [3.280400485394125, 7.033806152931675], [3.286652795290308, 7.035617215761931], [3.289060106838519, 7.042085186682073], [3.300175596926294, 7.039402652010835], [3.312640671729639, 7.038731863884436], [3.343006348963854, 7.034937954223267], [3.344882952586261, 7.037543889139215], [3.345829055566526, 7.043927723086028], [3.341715357777559, 7.051222777109501], [3.339171922146534, 7.059528188874879], [3.333375616191802, 7.061432016774177], [3.328090782563606, 7.065978060938789], [3.327535090572042, 7.07259864591083], [3.323469986750524, 7.075457126645119], [3.316609609246143, 7.076196828920558], [3.311949076888425, 7.082717345429216], [3.312862944569304, 7.090362328358822], [3.303550524137449, 7.098767589152942], [3.303069896758359, 7.101006838994465], [3.307041704910773, 7.104492391810481], [3.308984537306571, 7.11353606064074], [3.305925430414334, 7.117362187614901], [3.299489217253608, 7.114815330063493], [3.293832131747536, 7.115601357316848], [3.29362568427797, 7.114835191590885], [3.292754752030248, 7.111587442906227], [3.290334950697456, 7.105536618919871], [3.281848964058497, 7.102351577263505], [3.276840869810314, 7.09379750475108], [3.264957902785056, 7.090768711307021], [3.255777813994996, 7.079589236254321], [3.252858120905614, 7.075371974337202], [3.250052397999809, 7.075716828368968], [3.240143775614797, 7.066169439368196], [3.232071531975691, 7.066577912340847], [3.228182164675218, 7.072667814568035], [3.216181915263235, 7.073962645859467], [3.210519523757057, 7.070375052366842], [3.206928111743025, 7.06304340582858], [3.20604852981586, 7.05599258159242], [3.206232933103422, 7.053144800092525], [3.203468375764999, 7.049091164425761], [3.192565024056648, 7.043992781841439], [3.163429015037082, 7.065473428855682], [3.152315970205905, 7.065885635813515], [3.139675780313041, 7.064489175734934], [3.127475118781774, 7.061518115168951]]]}}, {"type": "Feature", "properties": {"name": "Obafemi Owode", "state": "og"}, "geometry": {"type": "Polygon", "coordinates": [[[3.305925430414334, 7.117362187614901], [3.308984537306571, 7.11353606064074], [3.307041704910773, 7.104492391810481], [3.303069896758359, 7.101006838994465], [3.303550524137449, 7.098767589152942], [3.312862944569304, 7.090362328358822], [3.311949076888425, 7.082717345429216], [3.316609609246143, 7.076196828920558], [3.323469986750524, 7.075457126645119], [3.327535090572042, 7.07259864591083], [3.328090782563606, 7.065978060938789], [3.333375616191802, 7.061432016774177], [3.339171922146534, 7.059528188874879], [3.341715357777559, 7.051222777109501], [3.345829055566526, 7.043927723086028], [3.344882952586261, 7.037543889139215], [3.343006348963854, 7.034937954223267], [3.312640671729639, 7.038731863884436], [3.300175596926294, 7.039402652010835], [3.289060106838519, 7.042085186682073], [3.286652795290308, 7.035617215761931], [3.280400485394125, 7.033806152931675], [3.271101335358367, 7.018219007001619], [3.274051334701369, 7.008403139793131], [3.303882525058555, 7.002219199956187], [3.308455930197056, 6.988680393985021], [3.30353018686867, 6.988846496968335], [3.302058162154481, 6.986413724713657], [3.302628472625941, 6.983050073202378], [3.305903165898428, 6.980691358319575], [3.303356480117486, 6.969826295247401], [3.30564484013729, 6.968776726165004], [3.309571443867071, 6.970488202568561], [3.311144718753837, 6.969697417901557], [3.309871675337604, 6.962294176335206], [3.312354713399372, 6.958156299373741], [3.312756349725817, 6.953856793556213], [3.313797244847024, 6.949528138013193], [3.31241621443678, 6.94558850130835], [3.308923529996946, 6.942052709664893], [3.311861607926915, 6.940800919926573], [3.307580372736084, 6.936151842233755], [3.302266071921736, 6.929960897577416], [3.298178583974504, 6.923946324363442], [3.296133443803456, 6.919338636169186], [3.295266000025947, 6.914828000112152], [3.317034811407495, 6.888675394853635], [3.324140788366719, 6.884236977054911], [3.336062310227476, 6.849168026283451], [3.33878875070036, 6.84563305392237], [3.342991384245011, 6.840667597431718], [3.344297351841362, 6.838795879826023], [3.362517836828772, 6.830879493194118], [3.362684128669628, 6.827229769138569], [3.36617104036128, 6.825399485098217], [3.369674950138858, 6.82705816500237], [3.371931272710128, 6.825676252357198], [3.367882595905144, 6.820768904661293], [3.363953477670918, 6.82114505599958], [3.363652663439723, 6.818066961720945], [3.367955654130185, 6.815819984904408], [3.36591030621571, 6.81098029410532], [3.370924598591387, 6.806294710232748], [3.370189925324837, 6.803052871892589], [3.370279355707737, 6.795281623248343], [3.369668753810004, 6.776966721137342], [3.363897654053517, 6.764657040190286], [3.358821407382095, 6.757564996427504], [3.358822009028529, 6.757417611933306], [3.369192059166267, 6.737215811660406], [3.369598476288672, 6.727747976687795], [3.378043388191884, 6.722382380342651], [3.378621232284104, 6.703162699998643], [3.391085843037274, 6.687815811550536], [3.39355017520046, 6.684975102319186], [3.398238509199871, 6.685508476734867], [3.403864044689954, 6.686185112253156], [3.412765311270164, 6.685945676751658], [3.414143703968818, 6.68968762358503], [3.415365969863672, 6.694700302576962], [3.418217179579244, 6.693920485142314], [3.419846709757906, 6.679992528132743], [3.433366069688418, 6.673952376401076], [3.439770517895113, 6.675487673817145], [3.439240084262508, 6.682807433116579], [3.443198472731353, 6.68590903567349], [3.44157149033208, 6.697887431559764], [3.440372137364307, 6.707713388262334], [3.440788679054322, 6.723824972044895], [3.441407496258989, 6.727912012129707], [3.448132175959188, 6.732789615648301], [3.440535512703775, 6.751827966587427], [3.441003909302992, 6.754863424007851], [3.441819765269997, 6.757929032998504], [3.445784951714188, 6.76175387843881], [3.448222053305187, 6.764294967738635], [3.454201383886812, 6.767270542901258], [3.45749282883105, 6.772803664057903], [3.45910116288843, 6.778804777118808], [3.45820712166136, 6.78433164079263], [3.467107253297172, 6.792075547348702], [3.46822934730659, 6.803861360613325], [3.470254436193329, 6.808620905630335], [3.470116233777219, 6.814408747165999], [3.467212080073466, 6.820659655918462], [3.465127222243552, 6.824576816766751], [3.463993728427852, 6.826752890133832], [3.468643521081674, 6.829024318617485], [3.483749413704516, 6.831708740965666], [3.488312323754769, 6.833224620220108], [3.505627602431957, 6.845905337161639], [3.521720369699324, 6.850330330780196], [3.519772838345887, 6.85715396108651], [3.519345249383775, 6.859790345248257], [3.527276265287469, 6.861687219589555], [3.526073671163033, 6.8653169759977], [3.530712322116017, 6.868299850058065], [3.535976590946973, 6.871771213370835], [3.531489000017359, 6.886404999691024], [3.545972999754156, 6.897679999832178], [3.553929897247031, 6.910130582060788], [3.556944225995267, 6.909399809153911], [3.560526203221741, 6.905804498578789], [3.562683701991318, 6.904362963579956], [3.564472667579594, 6.904086323125341], [3.569583042623378, 6.903955613860546], [3.5722391390251, 6.897981276314908], [3.581946574075175, 6.898764059713642], [3.595281655723909, 6.919367936980734], [3.591393208429849, 6.952423892049012], [3.596523902755962, 6.960133966109709], [3.606469107763189, 6.964879005062073], [3.614189999768712, 6.964957999711942], [3.615195259253881, 6.971041743381818], [3.621768000293002, 6.977042000288122], [3.628088000361004, 6.982694000128049], [3.632290999929751, 6.985851000023672], [3.637342294911036, 6.985417237215756], [3.64621072364605, 6.990172453795765], [3.649733014666936, 7.001954023159669], [3.648181398153042, 7.005589119742126], [3.649022713027819, 7.011410272166358], [3.648994257578977, 7.012238694360292], [3.656941704096425, 7.021585872689911], [3.675914037602809, 7.029316621265082], [3.67997832933645, 7.028601717795084], [3.68897001735246, 7.04977512672076], [3.689835017671953, 7.05486920964637], [3.696190835938353, 7.063335043377606], [3.710839140014343, 7.061941640094688], [3.722435191830698, 7.06204705322898], [3.727434396280387, 7.096852302092088], [3.781495809184321, 7.121218202657985], [3.792917252229472, 7.132258890735272], [3.794440031082615, 7.139492033630518], [3.787206649867073, 7.163857935994997], [3.782638073188593, 7.172233581214869], [3.777307985675066, 7.180609224636044], [3.77768874064293, 7.192030906001548], [3.780353784399665, 7.202690599891298], [3.775023697785457, 7.210685727564339], [3.768932342253834, 7.223629950361953], [3.763602257438265, 7.230483054149659], [3.762460230855027, 7.23885869936953], [3.762270794961239, 7.243215137668528], [3.753848017172288, 7.242559111913522], [3.744166824339516, 7.23791405059302], [3.741800407662708, 7.235618954651102], [3.740176713184837, 7.228703192398484], [3.738067999038947, 7.226551276620171], [3.735033075815863, 7.225391400292949], [3.726761350855725, 7.226455041067368], [3.718857475592074, 7.227805069148644], [3.712171024273403, 7.225612443759303], [3.697283165086048, 7.213713644169388], [3.691129994653579, 7.207817151040729], [3.689908494081806, 7.207417461746502], [3.689322035383668, 7.190802513025631], [3.67184649931653, 7.183519807593086], [3.662910759923705, 7.175003586646255], [3.659262333589879, 7.179903758651562], [3.655967196029337, 7.182713096832003], [3.648945265211864, 7.184354855991842], [3.644907035831068, 7.18164975643117], [3.642266503096664, 7.182210784999768], [3.638129399552213, 7.184962867842103], [3.635109584939414, 7.190106641908073], [3.63404588480978, 7.19410365356083], [3.628643519682726, 7.198433759710269], [3.624191516725148, 7.19561557220095], [3.619982773186507, 7.186392824069628], [3.615479695031922, 7.185578987979966], [3.611092676186104, 7.18415058218369], [3.607707112693163, 7.184170431120549], [3.601927037702694, 7.186651470888705], [3.595516599111818, 7.185283804404094], [3.582897964169774, 7.192625684327936], [3.581248103017572, 7.192346359396993], [3.577289252297192, 7.188658131767397], [3.572449483257117, 7.182621401056849], [3.566377286882357, 7.18138897642018], [3.561962442113042, 7.181057106800097], [3.557536527588752, 7.180626565363752], [3.554897009289618, 7.182006458131582], [3.550420846944576, 7.181854055420388], [3.543169624078928, 7.18063759644798], [3.539331052286286, 7.18417798542572], [3.536607860164679, 7.190930616954461], [3.535330475720912, 7.194321079953909], [3.528281628194634, 7.189519822581815], [3.510477883647468, 7.18872069760215], [3.503200860131642, 7.182476819749468], [3.496255133367754, 7.190963664341666], [3.492113203161864, 7.187296455666967], [3.487147047897963, 7.187531169727777], [3.482944202113288, 7.192944831239004], [3.466453533403865, 7.187009144756246], [3.446719056839072, 7.185167737001507], [3.444499009321873, 7.182549856390835], [3.441654379945703, 7.179032390232692], [3.442455507715579, 7.174436753853172], [3.435787597719525, 7.170196409936409], [3.433591418209403, 7.167685563038333], [3.428954749362219, 7.163003890317327], [3.427056985591435, 7.157881676598151], [3.424448883309367, 7.156866151351835], [3.424649746888349, 7.155315455743732], [3.413187684164313, 7.16107970176688], [3.411570350591262, 7.160466013395876], [3.409134509849821, 7.159270623740326], [3.404966922885251, 7.147422239244975], [3.400394348720283, 7.143541056674451], [3.396765425084368, 7.141160085369677], [3.371845709412014, 7.144098060776912], [3.372705630360599, 7.138977269785244], [3.358835289317199, 7.128197438161294], [3.357182641165991, 7.126115951889744], [3.358433401180548, 7.1250236407285], [3.360213566902644, 7.124496238710492], [3.356787095947766, 7.120342366407158], [3.348952752667458, 7.122711838080932], [3.339448318884877, 7.118258103029063], [3.334771762406945, 7.123153702881154], [3.331722861920582, 7.135453495782258], [3.325135159759839, 7.136306801317858], [3.321634824787395, 7.135524550317768], [3.318678812577161, 7.134838569044746], [3.313967612415411, 7.134919946898094], [3.308195561176262, 7.125169822829093], [3.306009104236807, 7.124363139047659], [3.30422862375201, 7.121987951282961], [3.304285118263635, 7.120367978199681], [3.305562151072479, 7.119617716984123], [3.305925430414334, 7.117362187614901]]]}}, {"type": "Feature", "properties": {"name": "Ipokia", "state": "og"}, "geometry": {"type": "Polygon", "coordinates": [[[2.826723751100303, 6.816133868982888], [2.819433262035488, 6.81960102886444], [2.806763075255787, 6.825873857692443], [2.803882300327928, 6.829493916710931], [2.797313016282715, 6.853879872158416], [2.791812797722457, 6.861037136554671], [2.782147948269255, 6.85710672779328], [2.769725413197307, 6.852850713189923], [2.76017091325707, 6.86237660209855], [2.75067770571161, 6.868445909850891], [2.740471627163913, 6.858171616826723], [2.741664060747837, 6.843499372797851], [2.740799663873418, 6.838338370419535], [2.740178583075192, 6.834285731201589], [2.731312273142919, 6.818091863948439], [2.724109647841999, 6.794363971220321], [2.724068401335728, 6.790308947000369], [2.723435400023732, 6.785097595177945], [2.723979947616556, 6.781621451069157], [2.72682761939916, 6.776400085295734], [2.729106900762929, 6.772339338689562], [2.732552288057718, 6.76885413660915], [2.748120783847128, 6.759542936557352], [2.75216984466266, 6.758373255821141], [2.75910758814473, 6.756037229934236], [2.782311913564001, 6.755971904080184], [2.784608838726967, 6.75364875378699], [2.78689384337622, 6.750166888191359], [2.780241963795618, 6.723540778184429], [2.779953478370373, 6.695159430763169], [2.752144913656878, 6.669955278413397], [2.732310869551043, 6.637244146799958], [2.732305524880132, 6.630419250248224], [2.729943988824061, 6.62637137923582], [2.728180168280176, 6.624059195275663], [2.733645675707407, 6.591027733243322], [2.743225095861533, 6.563198560565183], [2.72318959102688, 6.532555098039381], [2.70682286957981, 6.520436758649566], [2.704472778296122, 6.517547126298894], [2.703289267785522, 6.515233989057378], [2.701519249114085, 6.512342924986058], [2.700318095703608, 6.508291240848109], [2.700856921809532, 6.5042352633468], [2.701975819628444, 6.500177855024049], [2.709470270436668, 6.495522493768135], [2.711198805180743, 6.494359487800182], [2.710577486062164, 6.490306371941585], [2.71053647787619, 6.486252303700894], [2.71341323733111, 6.483927245046345], [2.713952300858068, 6.479871268444356], [2.704643681860489, 6.459847241656917], [2.71418955820161, 6.460776781823085], [2.722979404176215, 6.461516906779877], [2.729841017349145, 6.459789657166993], [2.737731411775258, 6.452640256442749], [2.743566009064125, 6.452566634342759], [2.749891226998557, 6.452614230962013], [2.759232691035891, 6.452542138608862], [2.766353496017075, 6.452813519828112], [2.769837213316805, 6.453217204810187], [2.773416477288663, 6.454003859790362], [2.78107092738145, 6.459808934135026], [2.781732634153798, 6.46023701412696], [2.782314850749799, 6.460613668186284], [2.783166556391507, 6.460786231899135], [2.788104945986504, 6.461764839975444], [2.793675320659588, 6.462111785830302], [2.818306921427336, 6.454585547584998], [2.831870701571688, 6.444864208116769], [2.834914022664066, 6.445698126067725], [2.839162639444282, 6.448657800317278], [2.839451279552975, 6.448805820632174], [2.858211868582941, 6.449129903022651], [2.860012808644228, 6.4668426343801], [2.864630738317942, 6.469266819907887], [2.876474834845794, 6.469935573767771], [2.884268396569269, 6.474297454763757], [2.888786656179263, 6.481257193864451], [2.88553154294641, 6.511425637183436], [2.89201007190735, 6.511495994744394], [2.8906020393527, 6.514315764161211], [2.883688914811614, 6.523457710005346], [2.882255739910534, 6.530434027208628], [2.887236213280687, 6.567311304173415], [2.873852876708952, 6.570009387223479], [2.874353528392646, 6.589625756723365], [2.868041596142803, 6.591274573762632], [2.86203872131, 6.596829705826337], [2.826490364438826, 6.644493744590704], [2.82849871334497, 6.648038771372228], [2.835294512331927, 6.654068240057256], [2.834468682883482, 6.663699894634476], [2.82995075602264, 6.670960590059224], [2.837576092362838, 6.677542136360557], [2.847865417554999, 6.678907995207851], [2.863668445742235, 6.677821300312814], [2.872949166870626, 6.684182140393489], [2.870411777381662, 6.705194271198707], [2.867768833564867, 6.712314213730053], [2.865841632285537, 6.722844828825828], [2.869805992252793, 6.73475003068944], [2.880866793667622, 6.738707551312473], [2.884150899244673, 6.741087787871152], [2.875503045429241, 6.764607152098449], [2.853968416609177, 6.774951372807664], [2.850900324590327, 6.777609184216544], [2.838737833883954, 6.765208965821159], [2.833294868863163, 6.767624567319956], [2.814093883625901, 6.765892616051417], [2.806957212805173, 6.773527834142271], [2.817286128851833, 6.791948748336097], [2.826321452872776, 6.81525149376148], [2.826723751100303, 6.816133868982888]]]}}]}