{"type": "FeatureCollection", "features": [{"type": "Feature", "geometry": {"type": "Polygon", "coordinates": [[[3.34141, 7.14336], [3.33918, 7.14178], [3.33837, 7.14121], [3.33928, 7.14904], [3.33764, 7.14782], [3.32955, 7.14959], [3.33235, 7.15626], [3.33989, 7.15721], [3.34369, 7.15646], [3.34665, 7.15476], [3.34141, 7.14336]]]}, "properties": {"name": "Iporo / Sodeke / Sale-Ijeun 1", "lga": "Abeokuta South", "state": "og"}}, {"type": "Feature", "geometry": {"type": "Polygon", "coordinates": [[[3.33172, 7.13545], [3.33289, 7.13712], [3.33212, 7.13816], [3.33095, 7.13996], [3.3307, 7.14075], [3.32955, 7.14959], [3.33764, 7.14782], [3.33928, 7.14904], [3.33837, 7.14121], [3.33918, 7.14178], [3.33963, 7.14109], [3.34216, 7.1381], [3.34585, 7.13599], [3.34489, 7.13515], [3.34673, 7.13264], [3.34994, 7.12865], [3.34369, 7.12472], [3.34275, 7.12487], [3.34119, 7.1252], [3.34036, 7.12568], [3.33916, 7.12459], [3.33901, 7.12449], [3.33786, 7.12608], [3.33648, 7.12415], [3.33701, 7.12358], [3.33771, 7.12288], [3.33773, 7.12251], [3.33748, 7.12238], [3.3355, 7.12314], [3.33477, 7.12315], [3.33172, 7.13545]]]}, "properties": {"name": "Ibara 2", "lga": "Abeokuta South", "state": "og"}}, {"type": "Feature", "geometry": {"type": "Polygon", "coordinates": [[[3.36347, 7.14683], [3.36176, 7.14755], [3.37129, 7.16257], [3.38256, 7.16263], [3.38937, 7.1577], [3.38891, 7.15629], [3.38679, 7.15415], [3.38739, 7.15298], [3.38803, 7.1506], [3.38801, 7.14926], [3.38527, 7.14869], [3.3851, 7.1476], [3.38484, 7.14297], [3.38462, 7.14244], [3.37837, 7.14296], [3.37478, 7.14355], [3.37185, 7.1441], [3.36837, 7.14498], [3.36633, 7.14574], [3.36347, 7.14683]]]}, "properties": {"name": "Ijeun Titun / Ago-Egun / Ijesa", "lga": "Abeokuta South", "state": "og"}}, {"type": "Feature", "geometry": {"type": "Polygon", "coordinates": [[[3.35698, 7.15632], [3.35803, 7.1562], [3.3603, 7.15628], [3.36586, 7.15385], [3.36587, 7.1536], [3.36321, 7.14895], [3.36176, 7.14755], [3.35948, 7.14847], [3.35752, 7.14915], [3.35779, 7.15096], [3.35751, 7.15311], [3.35698, 7.15632]]]}, "properties": {"name": "Kuto / Imo / Isabo", "lga": "Abeokuta South", "state": "og"}}, {"type": "Feature", "geometry": {"type": "Polygon", "coordinates": [[[3.35752, 7.14915], [3.35948, 7.14847], [3.3543, 7.14401], [3.35356, 7.14397], [3.35146, 7.1434], [3.35061, 7.14388], [3.34874, 7.14382], [3.34843, 7.14483], [3.34844, 7.14586], [3.34862, 7.14774], [3.34666, 7.1504], [3.34562, 7.15051], [3.34444, 7.15061], [3.34501, 7.15183], [3.34572, 7.1531], [3.34665, 7.15476], [3.35603, 7.14972], [3.35752, 7.14915]]]}, "properties": {"name": "Igbore / Ago Oba", "lga": "Abeokuta South", "state": "og"}}, {"type": "Feature", "geometry": {"type": "Polygon", "coordinates": [[[3.91011, 6.82296], [3.91123, 6.81792], [3.90812, 6.81337], [3.90597, 6.81654], [3.90073, 6.81418], [3.8974, 6.81609], [3.89299, 6.81552], [3.88812, 6.82166], [3.89041, 6.82565], [3.8925, 6.82902], [3.89199, 6.83423], [3.89597, 6.83416], [3.90012, 6.83862], [3.90283, 6.8373], [3.90848, 6.84002], [3.90715, 6.84825], [3.90834, 6.84705], [3.90995, 6.8471], [3.91081, 6.8471], [3.91608, 6.84246], [3.9119, 6.83896], [3.91256, 6.83731], [3.91375, 6.83437], [3.91406, 6.83363], [3.91112, 6.8288], [3.91248, 6.82558], [3.90896, 6.8251], [3.91011, 6.82296]]]}, "properties": {"name": "Porogun 2", "lga": "Ijebu Ode", "state": "og"}}, {"type": "Feature", "geometry": {"type": "Polygon", "coordinates": [[[3.86393, 6.75514], [3.83808, 6.77754], [3.8519, 6.77904], [3.87358, 6.79007], [3.88553, 6.76409], [3.88035, 6.76126], [3.87304, 6.76147], [3.86739, 6.75854], [3.86393, 6.75514]]]}, "properties": {"name": "Idowa", "lga": "Odogbolu", "state": "og"}}, {"type": "Feature", "geometry": {"type": "Polygon", "coordinates": [[[3.94682, 6.86104], [3.94379, 6.86384], [3.93769, 6.86433], [3.93312, 6.87093], [3.93512, 6.87777], [3.94254, 6.87693], [3.94776, 6.87579], [3.96215, 6.872], [3.97128, 6.87458], [3.98104, 6.87881], [3.98446, 6.88024], [3.98842, 6.8823], [3.98677, 6.87253], [3.97221, 6.86177], [3.96247, 6.85881], [3.94793, 6.8576], [3.94682, 6.86104]]]}, "properties": {"name": "Ogbogbo", "lga": "Ijebu North East", "state": "og"}}, {"type": "Feature", "geometry": {"type": "Polygon", "coordinates": [[[4.04079, 6.91351], [4.02714, 6.91224], [4.02682, 6.91356], [4.01623, 6.9275], [4.01929, 6.92944], [4.03578, 6.92829], [4.03611, 6.93271], [4.03798, 6.94166], [4.04146, 6.94307], [4.0491, 6.9407], [4.05988, 6.93261], [4.06353, 6.92861], [4.07793, 6.92995], [4.08295, 6.91307], [4.07102, 6.91303], [4.05412, 6.91463], [4.05074, 6.9131], [4.04901, 6.91199], [4.04079, 6.91351]]]}, "properties": {"name": "Iworo / Oju Ona", "lga": "Ijebu North East", "state": "og"}}, {"type": "Feature", "geometry": {"type": "Polygon", "coordinates": [[[3.86963, 6.80781], [3.86347, 6.8063], [3.86722, 6.8148], [3.87023, 6.82175], [3.8741, 6.82863], [3.88147, 6.83011], [3.89041, 6.82565], [3.88812, 6.82166], [3.88781, 6.8086], [3.88728, 6.80541], [3.88252, 6.80357], [3.86963, 6.80781]]]}, "properties": {"name": "Imupa / Iyanro / Ijade / Imepe 1", "lga": "Ijebu Ode", "state": "og"}}, {"type": "Feature", "geometry": {"type": "Polygon", "coordinates": [[[3.37779, 7.17035], [3.38241, 7.17187], [3.38654, 7.16971], [3.39188, 7.17186], [3.39609, 7.17323], [3.39724, 7.17145], [3.397, 7.16936], [3.39706, 7.16712], [3.39542, 7.16491], [3.394, 7.15939], [3.39685, 7.15212], [3.3972, 7.1489], [3.39463, 7.14414], [3.39374, 7.14161], [3.39091, 7.14243], [3.38597, 7.14254], [3.38462, 7.14244], [3.38484, 7.14297], [3.3851, 7.1476], [3.38527, 7.14869], [3.38801, 7.14926], [3.38803, 7.1506], [3.38739, 7.15298], [3.38679, 7.15415], [3.38891, 7.15629], [3.38937, 7.1577], [3.38256, 7.16263], [3.38199, 7.16267], [3.38093, 7.16268], [3.38036, 7.16283], [3.37779, 7.17035]]]}, "properties": {"name": "Kemta", "lga": "Abeokuta South", "state": "og"}}, {"type": "Feature", "geometry": {"type": "Polygon", "coordinates": [[[3.39188, 7.17186], [3.38654, 7.16971], [3.38241, 7.17187], [3.37779, 7.17035], [3.37343, 7.17111], [3.3701, 7.16723], [3.36804, 7.17278], [3.36773, 7.17966], [3.36377, 7.18735], [3.36218, 7.18887], [3.36166, 7.19177], [3.36412, 7.19556], [3.3648, 7.19592], [3.37118, 7.19528], [3.37335, 7.19339], [3.37787, 7.1935], [3.38122, 7.19226], [3.38242, 7.18901], [3.38277, 7.18586], [3.38859, 7.18472], [3.38994, 7.18313], [3.39089, 7.1816], [3.39153, 7.17744], [3.3919, 7.17611], [3.39188, 7.17186]]]}, "properties": {"name": "Ake 2", "lga": "Abeokuta South", "state": "og"}}, {"type": "Feature", "geometry": {"type": "Polygon", "coordinates": [[[3.65074, 6.85079], [3.64396, 6.8356], [3.6382, 6.83891], [3.63542, 6.84108], [3.63456, 6.84064], [3.63293, 6.84001], [3.63134, 6.83994], [3.63189, 6.84148], [3.63218, 6.84351], [3.6322, 6.84546], [3.63013, 6.85719], [3.63269, 6.85786], [3.64632, 6.86315], [3.648, 6.85794], [3.65631, 6.85516], [3.65679, 6.85283], [3.65632, 6.85204], [3.65074, 6.85079]]]}, "properties": {"name": "Ajara", "lga": "Shagamu", "state": "og"}}, {"type": "Feature", "geometry": {"type": "Polygon", "coordinates": [[[3.64063, 6.81539], [3.63441, 6.81743], [3.63095, 6.81824], [3.62818, 6.81946], [3.62672, 6.82234], [3.62642, 6.82752], [3.62716, 6.82949], [3.63134, 6.83994], [3.63293, 6.84001], [3.63456, 6.84064], [3.63542, 6.84108], [3.6382, 6.83891], [3.64396, 6.8356], [3.65273, 6.83224], [3.65741, 6.82849], [3.66299, 6.82288], [3.66475, 6.81843], [3.66435, 6.81538], [3.66732, 6.81145], [3.66714, 6.80858], [3.66326, 6.80881], [3.65834, 6.80837], [3.64349, 6.81378], [3.64063, 6.81539]]]}, "properties": {"name": "Gra Sabo", "lga": "Shagamu", "state": "og"}}, {"type": "Feature", "geometry": {"type": "Polygon", "coordinates": [[[3.91021, 6.81488], [3.91416, 6.81375], [3.9161, 6.81769], [3.92141, 6.81684], [3.91979, 6.81212], [3.91839, 6.81242], [3.91869, 6.8091], [3.92004, 6.80924], [3.92085, 6.80932], [3.9219, 6.80754], [3.92042, 6.8045], [3.92126, 6.80082], [3.9139, 6.80077], [3.90452, 6.79568], [3.90182, 6.79627], [3.89944, 6.79657], [3.89734, 6.79543], [3.89391, 6.79578], [3.89023, 6.7963], [3.88582, 6.80044], [3.88252, 6.80357], [3.88728, 6.80541], [3.88781, 6.8086], [3.88812, 6.82166], [3.89299, 6.81552], [3.8974, 6.81609], [3.90073, 6.81418], [3.90597, 6.81654], [3.90812, 6.81337], [3.91021, 6.81488]]]}, "properties": {"name": "Moraika", "lga": "Odogbolu", "state": "og"}}, {"type": "Feature", "geometry": {"type": "Polygon", "coordinates": [[[3.91011, 6.82296], [3.90896, 6.8251], [3.91029, 6.82598], [3.91514, 6.825], [3.91461, 6.82277], [3.91713, 6.82072], [3.92254, 6.82176], [3.92247, 6.82687], [3.92013, 6.82785], [3.92187, 6.83404], [3.92673, 6.84083], [3.93095, 6.83527], [3.93424, 6.83532], [3.93776, 6.83325], [3.94392, 6.83503], [3.94878, 6.82769], [3.95409, 6.8257], [3.95225, 6.82262], [3.95074, 6.81956], [3.94924, 6.81686], [3.94848, 6.8119], [3.94604, 6.80982], [3.9391, 6.81351], [3.94014, 6.8143], [3.94115, 6.81521], [3.94039, 6.81856], [3.93683, 6.81851], [3.93506, 6.81861], [3.93359, 6.81868], [3.93278, 6.81787], [3.93177, 6.81683], [3.93132, 6.81892], [3.92955, 6.81905], [3.92952, 6.82009], [3.92141, 6.81684], [3.9161, 6.81769], [3.91416, 6.81375], [3.91123, 6.81382], [3.90983, 6.81526], [3.9114, 6.82023], [3.911, 6.8203], [3.91033, 6.82044], [3.90999, 6.82052], [3.91011, 6.82296]]]}, "properties": {"name": "Odo-Egbo / Oliworo", "lga": "Ijebu Ode", "state": "og"}}, {"type": "Feature", "geometry": {"type": "Polygon", "coordinates": [[[3.37779, 7.17035], [3.38036, 7.16283], [3.37129, 7.16257], [3.36587, 7.1536], [3.3603, 7.15628], [3.35803, 7.1562], [3.35698, 7.15632], [3.35661, 7.16005], [3.35649, 7.16234], [3.35606, 7.1629], [3.35979, 7.16277], [3.36244, 7.16689], [3.3631, 7.16574], [3.36374, 7.16552], [3.3701, 7.16723], [3.37343, 7.17111], [3.37779, 7.17035]]]}, "properties": {"name": "Ake 3", "lga": "Abeokuta South", "state": "og"}}, {"type": "Feature", "geometry": {"type": "Polygon", "coordinates": [[[3.36211, 7.16672], [3.35979, 7.16277], [3.35606, 7.1629], [3.35649, 7.16234], [3.35661, 7.16005], [3.35698, 7.15632], [3.34736, 7.16185], [3.34542, 7.16291], [3.34269, 7.16441], [3.34168, 7.16717], [3.34191, 7.16858], [3.35868, 7.16948], [3.35769, 7.16654], [3.36211, 7.16672]]]}, "properties": {"name": "Ake 1", "lga": "Abeokuta South", "state": "og"}}, {"type": "Feature", "geometry": {"type": "Polygon", "coordinates": [[[3.34141, 7.14336], [3.34444, 7.15061], [3.34562, 7.15051], [3.34666, 7.1504], [3.34862, 7.14774], [3.34844, 7.14586], [3.34843, 7.14483], [3.34874, 7.14382], [3.3543, 7.14401], [3.35484, 7.14357], [3.35648, 7.14275], [3.3562, 7.14235], [3.35569, 7.14197], [3.35508, 7.14115], [3.35647, 7.1399], [3.35598, 7.13853], [3.35576, 7.13758], [3.35803, 7.13332], [3.36072, 7.12991], [3.35884, 7.1282], [3.35718, 7.12612], [3.35843, 7.12502], [3.36021, 7.1245], [3.35679, 7.12034], [3.35421, 7.12266], [3.35292, 7.12218], [3.35172, 7.12161], [3.34895, 7.12271], [3.33945, 7.11826], [3.33767, 7.12069], [3.33616, 7.12105], [3.33568, 7.12147], [3.33477, 7.12315], [3.3355, 7.12314], [3.33748, 7.12238], [3.33773, 7.12251], [3.33771, 7.12288], [3.33701, 7.12358], [3.33648, 7.12415], [3.33786, 7.12608], [3.33901, 7.12449], [3.33916, 7.12459], [3.34036, 7.12568], [3.34119, 7.1252], [3.34275, 7.12487], [3.34369, 7.12472], [3.34994, 7.12865], [3.34673, 7.13264], [3.34489, 7.13515], [3.34585, 7.13599], [3.34216, 7.1381], [3.33963, 7.14109], [3.33918, 7.14178], [3.34141, 7.14336]]]}, "properties": {"name": "Ibara 1", "lga": "Abeokuta South", "state": "og"}}, {"type": "Feature", "geometry": {"type": "Polygon", "coordinates": [[[3.93615, 6.78568], [3.92993, 6.79079], [3.93008, 6.79162], [3.93014, 6.79194], [3.93044, 6.79301], [3.92246, 6.79407], [3.92128, 6.7953], [3.92039, 6.80406], [3.9219, 6.80754], [3.92085, 6.80932], [3.92004, 6.80924], [3.91869, 6.8091], [3.91839, 6.81242], [3.91979, 6.81212], [3.92024, 6.81463], [3.92055, 6.81462], [3.92138, 6.81449], [3.92146, 6.81771], [3.92704, 6.81859], [3.9282, 6.8201], [3.93132, 6.81892], [3.93177, 6.81683], [3.93278, 6.81787], [3.93359, 6.81868], [3.93506, 6.81861], [3.93683, 6.81851], [3.94039, 6.81856], [3.94115, 6.81521], [3.94014, 6.8143], [3.9391, 6.81351], [3.94604, 6.80982], [3.94541, 6.8017], [3.94078, 6.79653], [3.9428, 6.79159], [3.94532, 6.78912], [3.94465, 6.78829], [3.94267, 6.78674], [3.9395, 6.78583], [3.93734, 6.7857], [3.93615, 6.78568]]]}, "properties": {"name": "Odo Esa", "lga": "Ijebu Ode", "state": "og"}}, {"type": "Feature", "geometry": {"type": "Polygon", "coordinates": [[[3.94788, 6.84707], [3.94392, 6.83503], [3.94221, 6.83444], [3.93776, 6.83325], [3.93424, 6.83532], [3.93095, 6.83527], [3.92673, 6.84083], [3.92187, 6.83404], [3.92013, 6.82785], [3.92247, 6.82687], [3.92254, 6.82176], [3.91713, 6.82072], [3.91461, 6.82277], [3.91514, 6.825], [3.9141, 6.82527], [3.91343, 6.8254], [3.91248, 6.82558], [3.91112, 6.8288], [3.91406, 6.83363], [3.91375, 6.83437], [3.91256, 6.83731], [3.9119, 6.83896], [3.91608, 6.84246], [3.91081, 6.8471], [3.90995, 6.8471], [3.90834, 6.84705], [3.90715, 6.84825], [3.91559, 6.8592], [3.91619, 6.85932], [3.91706, 6.85957], [3.91798, 6.85996], [3.91817, 6.86067], [3.91856, 6.86142], [3.91907, 6.86184], [3.92137, 6.86076], [3.92568, 6.8526], [3.93142, 6.84921], [3.93312, 6.85035], [3.93446, 6.85128], [3.93504, 6.85195], [3.93419, 6.85572], [3.93292, 6.86089], [3.93769, 6.86433], [3.94379, 6.86384], [3.94682, 6.86104], [3.94793, 6.8576], [3.94887, 6.85431], [3.94891, 6.85232], [3.94926, 6.85123], [3.9467, 6.84927], [3.94788, 6.84707]]]}, "properties": {"name": "Ijasi / Idepo", "lga": "Ijebu Ode", "state": "og"}}, {"type": "Feature", "geometry": {"type": "Polygon", "coordinates": [[[3.394, 7.15939], [3.39542, 7.16491], [3.39706, 7.16712], [3.397, 7.16936], [3.39724, 7.17145], [3.39609, 7.17323], [3.39816, 7.17506], [3.40457, 7.17684], [3.41233, 7.17148], [3.40944, 7.16452], [3.40913, 7.15927], [3.40497, 7.14742], [3.40039, 7.14354], [3.39677, 7.14116], [3.39574, 7.14116], [3.39374, 7.14161], [3.39463, 7.14414], [3.3972, 7.1489], [3.39685, 7.15212], [3.394, 7.15939]]]}, "properties": {"name": "Ijaiye", "lga": "Abeokuta South", "state": "og"}}, {"type": "Feature", "geometry": {"type": "Polygon", "coordinates": [[[3.36072, 7.12991], [3.35803, 7.13332], [3.35576, 7.13758], [3.35598, 7.13853], [3.35647, 7.1399], [3.35508, 7.14115], [3.35569, 7.14197], [3.3562, 7.14235], [3.35648, 7.14275], [3.35484, 7.14357], [3.3543, 7.14401], [3.35948, 7.14847], [3.37185, 7.1441], [3.37204, 7.14323], [3.37275, 7.14156], [3.37283, 7.1406], [3.3729, 7.13954], [3.37271, 7.13898], [3.37047, 7.13742], [3.36764, 7.13576], [3.36606, 7.13499], [3.3662, 7.13414], [3.36559, 7.13241], [3.36481, 7.13169], [3.36407, 7.13139], [3.3631, 7.13088], [3.36072, 7.12991]]]}, "properties": {"name": "Oke Ijeun", "lga": "Abeokuta South", "state": "og"}}, {"type": "Feature", "geometry": {"type": "Polygon", "coordinates": [[[3.55144, 6.74874], [3.5536, 6.70709], [3.55249, 6.68328], [3.46135, 6.68333], [3.46094, 6.69816], [3.45774, 6.7127], [3.45851, 6.72807], [3.46209, 6.73161], [3.46798, 6.73664], [3.47475, 6.7381], [3.48103, 6.73943], [3.48581, 6.74149], [3.48786, 6.74498], [3.48489, 6.76089], [3.48614, 6.76274], [3.48659, 6.76475], [3.48785, 6.76635], [3.49115, 6.76921], [3.49859, 6.77045], [3.50469, 6.77697], [3.50743, 6.77454], [3.51527, 6.77044], [3.50759, 6.74466], [3.51513, 6.73701], [3.52652, 6.74146], [3.529, 6.74119], [3.55144, 6.74874]]]}, "properties": {"name": "Ijagba", "lga": "Shagamu", "state": "og"}}, {"type": "Feature", "geometry": {"type": "Polygon", "coordinates": [[[3.34369, 7.15646], [3.34525, 7.15695], [3.34637, 7.15742], [3.34637, 7.15907], [3.34702, 7.16033], [3.34736, 7.16185], [3.35698, 7.15632], [3.35751, 7.15311], [3.35779, 7.15096], [3.35752, 7.14915], [3.35603, 7.14972], [3.34665, 7.15476], [3.34369, 7.15646]]]}, "properties": {"name": "Iberekodo 3", "lga": "Abeokuta North", "state": "og"}}, {"type": "Feature", "geometry": {"type": "Polygon", "coordinates": [[[3.35462, 7.16931], [3.34787, 7.16897], [3.34988, 7.17434], [3.35035, 7.17495], [3.35104, 7.17406], [3.35208, 7.17583], [3.34868, 7.17989], [3.35313, 7.18296], [3.35517, 7.18743], [3.35803, 7.18576], [3.35978, 7.18868], [3.36218, 7.18887], [3.36377, 7.18735], [3.36773, 7.17966], [3.36804, 7.17278], [3.3701, 7.16723], [3.36374, 7.16552], [3.3631, 7.16574], [3.36244, 7.16689], [3.35769, 7.16654], [3.35868, 7.16948], [3.35525, 7.16935], [3.35462, 7.16931]]]}, "properties": {"name": "Ijemo", "lga": "Abeokuta South", "state": "og"}}, {"type": "Feature", "geometry": {"type": "Polygon", "coordinates": [[[3.34525, 7.15695], [3.33828, 7.16016], [3.33318, 7.15803], [3.33302, 7.15703], [3.33218, 7.15697], [3.33235, 7.15626], [3.32989, 7.15612], [3.33009, 7.15789], [3.33043, 7.16003], [3.33077, 7.16065], [3.33542, 7.16528], [3.33881, 7.16323], [3.34112, 7.1635], [3.34269, 7.16441], [3.34542, 7.16291], [3.34736, 7.16185], [3.34702, 7.16033], [3.34637, 7.15907], [3.34637, 7.15742], [3.34525, 7.15695]]]}, "properties": {"name": "Totoro 1", "lga": "Abeokuta North", "state": "og"}}, {"type": "Feature", "geometry": {"type": "Polygon", "coordinates": [[[3.28546, 6.6868], [3.27833, 6.69404], [3.27878, 6.6946], [3.27943, 6.69495], [3.28052, 6.69619], [3.28157, 6.70114], [3.28289, 6.70104], [3.28485, 6.70556], [3.28901, 6.70497], [3.2883, 6.70614], [3.28849, 6.70648], [3.28985, 6.70722], [3.30067, 6.69193], [3.30392, 6.6968], [3.30472, 6.69735], [3.30573, 6.69759], [3.3058, 6.6927], [3.30583, 6.69104], [3.31131, 6.69018], [3.31165, 6.68712], [3.31242, 6.68693], [3.31271, 6.68685], [3.31723, 6.67567], [3.3166, 6.67522], [3.31596, 6.67489], [3.31554, 6.67433], [3.31459, 6.67483], [3.31241, 6.67467], [3.31182, 6.67487], [3.30693, 6.67908], [3.28546, 6.6868]]]}, "properties": {"name": "Agbado", "lga": "Ifo", "state": "og"}}, {"type": "Feature", "geometry": {"type": "Polygon", "coordinates": [[[3.33235, 7.15626], [3.33218, 7.15697], [3.33302, 7.15703], [3.33318, 7.15803], [3.33828, 7.16016], [3.34525, 7.15695], [3.33235, 7.15626]]]}, "properties": {"name": "Totoro 3", "lga": "Abeokuta North", "state": "og"}}, {"type": "Feature", "geometry": {"type": "Polygon", "coordinates": [[[3.32481, 7.14869], [3.3269, 7.15067], [3.3282, 7.15317], [3.32933, 7.15269], [3.32986, 7.15248], [3.33077, 7.15237], [3.33026, 7.15108], [3.32955, 7.14959], [3.32941, 7.14871], [3.3307, 7.14075], [3.33095, 7.13996], [3.33212, 7.13816], [3.33289, 7.13712], [3.33172, 7.13545], [3.32514, 7.13631], [3.32163, 7.13552], [3.31868, 7.13484], [3.31397, 7.13492], [3.32481, 7.14869]]]}, "properties": {"name": "Totoro 4", "lga": "Abeokuta North", "state": "og"}}, {"type": "Feature", "geometry": {"type": "Polygon", "coordinates": [[[3.33837, 7.17475], [3.3387, 7.1745], [3.33923, 7.17451], [3.33952, 7.17462], [3.33884, 7.17328], [3.33876, 7.17189], [3.34047, 7.17031], [3.34042, 7.16927], [3.34047, 7.16848], [3.34091, 7.16842], [3.34112, 7.16848], [3.34191, 7.16858], [3.34168, 7.16717], [3.34269, 7.16441], [3.34112, 7.1635], [3.33881, 7.16323], [3.33363, 7.16591], [3.33699, 7.17482], [3.33762, 7.17458], [3.33791, 7.17487], [3.33837, 7.17475]]]}, "properties": {"name": "Iberekodo 2", "lga": "Abeokuta North", "state": "og"}}, {"type": "Feature", "geometry": {"type": "Polygon", "coordinates": [[[3.34977, 7.1785], [3.35208, 7.17583], [3.35104, 7.17406], [3.35035, 7.17495], [3.34988, 7.17434], [3.34787, 7.16897], [3.34047, 7.16848], [3.33884, 7.17328], [3.34155, 7.17931], [3.34182, 7.17958], [3.3436, 7.18049], [3.34568, 7.18151], [3.34893, 7.18163], [3.34956, 7.18152], [3.3501, 7.18119], [3.34844, 7.17903], [3.34977, 7.1785]]]}, "properties": {"name": "Iberekodo 1", "lga": "Abeokuta North", "state": "og"}}, {"type": "Feature", "geometry": {"type": "Polygon", "coordinates": [[[3.35978, 7.18868], [3.35803, 7.18576], [3.35517, 7.18743], [3.35313, 7.18296], [3.35047, 7.18084], [3.34604, 7.18152], [3.34659, 7.1823], [3.3469, 7.18294], [3.34275, 7.18444], [3.3434, 7.18488], [3.34396, 7.18528], [3.34345, 7.19049], [3.34576, 7.19159], [3.34641, 7.19246], [3.34709, 7.1942], [3.34712, 7.19524], [3.34718, 7.19691], [3.34761, 7.19713], [3.34838, 7.19729], [3.35055, 7.19787], [3.35414, 7.19453], [3.35817, 7.20016], [3.35902, 7.19929], [3.36412, 7.19556], [3.36166, 7.19177], [3.36218, 7.18887], [3.35978, 7.18868]]]}, "properties": {"name": "Iberekodo 4", "lga": "Abeokuta North", "state": "og"}}, {"type": "Feature", "geometry": {"type": "Polygon", "coordinates": [[[3.23811, 6.65575], [3.23803, 6.64604], [3.23514, 6.64565], [3.22793, 6.64523], [3.2189, 6.64483], [3.21444, 6.64885], [3.21253, 6.646], [3.20805, 6.65016], [3.20798, 6.6523], [3.21203, 6.65774], [3.21308, 6.6619], [3.21552, 6.6639], [3.21996, 6.6718], [3.21619, 6.675], [3.21941, 6.6773], [3.21841, 6.67971], [3.21972, 6.68086], [3.23183, 6.68673], [3.23183, 6.68706], [3.2319, 6.68721], [3.2319, 6.6877], [3.2348, 6.6868], [3.23623, 6.68819], [3.2374, 6.68813], [3.2374, 6.68531], [3.24307, 6.68255], [3.24986, 6.6828], [3.25024, 6.68351], [3.25026, 6.68415], [3.2503, 6.68437], [3.25101, 6.68404], [3.2517, 6.68369], [3.25263, 6.68294], [3.25453, 6.68515], [3.2559, 6.68453], [3.25681, 6.68451], [3.25704, 6.68354], [3.2561, 6.68192], [3.2541, 6.67863], [3.24428, 6.66577], [3.24323, 6.6648], [3.24148, 6.66356], [3.23841, 6.66081], [3.23806, 6.65786], [3.23805, 6.65674], [3.23811, 6.65575]]]}, "properties": {"name": "Ota 1", "lga": "Ado Odo/Ota", "state": "og"}}, {"type": "Feature", "geometry": {"type": "Polygon", "coordinates": [[[3.25736, 6.6926], [3.25722, 6.69105], [3.25622, 6.6883], [3.25667, 6.68576], [3.25681, 6.68451], [3.2559, 6.68453], [3.25453, 6.68515], [3.25263, 6.68294], [3.2517, 6.68369], [3.25101, 6.68404], [3.2503, 6.68437], [3.25026, 6.68415], [3.25024, 6.68351], [3.24986, 6.6828], [3.24307, 6.68255], [3.24224, 6.68288], [3.24044, 6.68364], [3.237, 6.68575], [3.2374, 6.68813], [3.2348, 6.6868], [3.23189, 6.68875], [3.23373, 6.69314], [3.23341, 6.69332], [3.232, 6.69428], [3.23071, 6.69519], [3.23127, 6.69576], [3.23194, 6.69628], [3.22782, 6.7014], [3.2292, 6.70657], [3.22984, 6.70644], [3.23056, 6.70639], [3.23121, 6.70767], [3.23788, 6.70514], [3.23797, 6.70944], [3.24086, 6.70809], [3.24477, 6.70621], [3.24706, 6.70518], [3.25395, 6.69876], [3.25736, 6.6926]]]}, "properties": {"name": "Ota 3", "lga": "Ado Odo/Ota", "state": "og"}}, {"type": "Feature", "geometry": {"type": "Polygon", "coordinates": [[[3.19909, 6.6941], [3.19194, 6.70561], [3.21144, 6.70261], [3.22035, 6.70397], [3.22572, 6.70641], [3.22592, 6.70603], [3.22667, 6.70492], [3.2287, 6.70459], [3.22849, 6.69983], [3.23194, 6.69628], [3.23127, 6.69576], [3.23071, 6.69519], [3.232, 6.69428], [3.23341, 6.69332], [3.23373, 6.69314], [3.23189, 6.68875], [3.23258, 6.68838], [3.23287, 6.68807], [3.23318, 6.68779], [3.21841, 6.67971], [3.21941, 6.6773], [3.21619, 6.675], [3.21996, 6.6718], [3.2066, 6.65045], [3.20416, 6.65019], [3.20281, 6.65034], [3.20095, 6.6515], [3.19848, 6.65273], [3.19696, 6.65359], [3.20613, 6.66062], [3.20608, 6.6618], [3.20193, 6.66194], [3.19986, 6.66762], [3.19967, 6.67048], [3.20098, 6.67033], [3.20231, 6.68161], [3.20352, 6.68192], [3.208, 6.68269], [3.20811, 6.68416], [3.20809, 6.69458], [3.20502, 6.69419], [3.20126, 6.69107], [3.19909, 6.6941]]]}, "properties": {"name": "Ota 2", "lga": "Ado Odo/Ota", "state": "og"}}, {"type": "Feature", "geometry": {"type": "Polygon", "coordinates": [[[3.23783, 6.61985], [3.2274, 6.60782], [3.2271, 6.60703], [3.22537, 6.60248], [3.21179, 6.59466], [3.21034, 6.59217], [3.20508, 6.58855], [3.20438, 6.58624], [3.20088, 6.58434], [3.19328, 6.57777], [3.19318, 6.57625], [3.18814, 6.57914], [3.18152, 6.58993], [3.17692, 6.59347], [3.16686, 6.59013], [3.15383, 6.58702], [3.13765, 6.58203], [3.1227, 6.5809], [3.12151, 6.59037], [3.11541, 6.59663], [3.11724, 6.60555], [3.12009, 6.61455], [3.12362, 6.62166], [3.12429, 6.62821], [3.12387, 6.63376], [3.12224, 6.64414], [3.11838, 6.64941], [3.11502, 6.6495], [3.11454, 6.65372], [3.11276, 6.65345], [3.11194, 6.65778], [3.10845, 6.66429], [3.10878, 6.66451], [3.10921, 6.66475], [3.1095, 6.66498], [3.10794, 6.66799], [3.11244, 6.67123], [3.1073, 6.67819], [3.11013, 6.68624], [3.11057, 6.69107], [3.10824, 6.69224], [3.11051, 6.69787], [3.11027, 6.70621], [3.11289, 6.70727], [3.11557, 6.70764], [3.1165, 6.7079], [3.11801, 6.71062], [3.11836, 6.71086], [3.1196, 6.71138], [3.12163, 6.7122], [3.12307, 6.70756], [3.12767, 6.71005], [3.13013, 6.70492], [3.13584, 6.70375], [3.13542, 6.70158], [3.14064, 6.70152], [3.14259, 6.69849], [3.15208, 6.69839], [3.15245, 6.69638], [3.15251, 6.69223], [3.15401, 6.69085], [3.15627, 6.69078], [3.16536, 6.69406], [3.17224, 6.69722], [3.1766, 6.69991], [3.17959, 6.70146], [3.19194, 6.70561], [3.20126, 6.69107], [3.20502, 6.69419], [3.20817, 6.69408], [3.208, 6.68269], [3.20352, 6.68192], [3.20231, 6.68161], [3.20098, 6.67033], [3.19967, 6.67048], [3.19986, 6.66762], [3.20193, 6.66194], [3.20608, 6.6618], [3.20613, 6.66062], [3.19696, 6.65359], [3.19848, 6.65273], [3.20095, 6.6515], [3.20281, 6.65034], [3.20416, 6.65019], [3.2066, 6.65045], [3.20744, 6.65144], [3.20794, 6.65211], [3.20812, 6.65005], [3.21253, 6.646], [3.21444, 6.64885], [3.2189, 6.64483], [3.22793, 6.64523], [3.23514, 6.64565], [3.23803, 6.64604], [3.23783, 6.61985]]]}, "properties": {"name": "Iju", "lga": "Ado Odo/Ota", "state": "og"}}, {"type": "Feature", "geometry": {"type": "Polygon", "coordinates": [[[3.25618, 6.69396], [3.25395, 6.69876], [3.25182, 6.70095], [3.24925, 6.7035], [3.24811, 6.70453], [3.23797, 6.70944], [3.23788, 6.70514], [3.23121, 6.70767], [3.23056, 6.70639], [3.22984, 6.70644], [3.2292, 6.70657], [3.22895, 6.70547], [3.2287, 6.70459], [3.22448, 6.70647], [3.22457, 6.71572], [3.22642, 6.71489], [3.23115, 6.72054], [3.23108, 6.72184], [3.22838, 6.72329], [3.23002, 6.7327], [3.22989, 6.73721], [3.22818, 6.73944], [3.23401, 6.73963], [3.23736, 6.73541], [3.24194, 6.7364], [3.242, 6.73514], [3.25065, 6.73055], [3.25219, 6.73076], [3.25302, 6.73251], [3.25597, 6.73092], [3.25722, 6.733], [3.27341, 6.7261], [3.27161, 6.7224], [3.27103, 6.71667], [3.26375, 6.70448], [3.26278, 6.70337], [3.26058, 6.70289], [3.26041, 6.6991], [3.25775, 6.69696], [3.25739, 6.69301], [3.25736, 6.6926], [3.25698, 6.69302], [3.25618, 6.69396]]]}, "properties": {"name": "Sango", "lga": "Ado Odo/Ota", "state": "og"}}, {"type": "Feature", "geometry": {"type": "Polygon", "coordinates": [[[3.19533, 6.7493], [3.19737, 6.749], [3.20626, 6.75505], [3.20915, 6.75194], [3.21871, 6.75145], [3.22061, 6.75313], [3.22332, 6.75302], [3.22326, 6.75479], [3.22765, 6.75885], [3.23079, 6.75829], [3.23, 6.75432], [3.23233, 6.7539], [3.23408, 6.75028], [3.23559, 6.75133], [3.23658, 6.75005], [3.22387, 6.74139], [3.22309, 6.73904], [3.22478, 6.73927], [3.22682, 6.73939], [3.22818, 6.73944], [3.22989, 6.73721], [3.22838, 6.72329], [3.23108, 6.72184], [3.23115, 6.72054], [3.22642, 6.71489], [3.22457, 6.71572], [3.22436, 6.70507], [3.21144, 6.70261], [3.19194, 6.70561], [3.17959, 6.70146], [3.1766, 6.69991], [3.17224, 6.69722], [3.16536, 6.69406], [3.15627, 6.69078], [3.15401, 6.69085], [3.15251, 6.69223], [3.15245, 6.69638], [3.15208, 6.69839], [3.14259, 6.69849], [3.14064, 6.70152], [3.13542, 6.70158], [3.13584, 6.70375], [3.13013, 6.70492], [3.12767, 6.71005], [3.12307, 6.70756], [3.12163, 6.7122], [3.1196, 6.71138], [3.11836, 6.71086], [3.11801, 6.71062], [3.1165, 6.7079], [3.11557, 6.70764], [3.11289, 6.70727], [3.11027, 6.70621], [3.09888, 6.71108], [3.09549, 6.71348], [3.09446, 6.72116], [3.09592, 6.7312], [3.10072, 6.73046], [3.10787, 6.72846], [3.11105, 6.72892], [3.11815, 6.73358], [3.11938, 6.73622], [3.12085, 6.7451], [3.12303, 6.74903], [3.13202, 6.75178], [3.14177, 6.74567], [3.14864, 6.74538], [3.15464, 6.74635], [3.16551, 6.75397], [3.17111, 6.75199], [3.17845, 6.75182], [3.18132, 6.74897], [3.18644, 6.74692], [3.19076, 6.75003], [3.19277, 6.74878], [3.19447, 6.75027], [3.19533, 6.7493]]]}, "properties": {"name": "Ilogbo Ward", "lga": "Ado Odo/Ota", "state": "og"}}, {"type": "Feature", "geometry": {"type": "Polygon", "coordinates": [[[3.27878, 6.6946], [3.27246, 6.69842], [3.26973, 6.69854], [3.26887, 6.69958], [3.26577, 6.70044], [3.26041, 6.6991], [3.26058, 6.70289], [3.26278, 6.70337], [3.26375, 6.70448], [3.27103, 6.71667], [3.27161, 6.7224], [3.27341, 6.7261], [3.25722, 6.733], [3.25597, 6.73092], [3.25302, 6.73251], [3.25219, 6.73076], [3.25065, 6.73055], [3.242, 6.73514], [3.24194, 6.7364], [3.23736, 6.73541], [3.23401, 6.73963], [3.22309, 6.73904], [3.22387, 6.74139], [3.23658, 6.75005], [3.23559, 6.75133], [3.23408, 6.75028], [3.23233, 6.7539], [3.23, 6.75432], [3.23087, 6.75938], [3.23339, 6.7633], [3.23677, 6.76181], [3.24131, 6.7621], [3.24365, 6.76609], [3.24395, 6.77376], [3.24583, 6.7744], [3.25362, 6.76634], [3.25621, 6.75768], [3.26849, 6.73576], [3.27096, 6.73347], [3.2824, 6.72972], [3.28164, 6.72414], [3.28009, 6.7224], [3.28545, 6.71388], [3.28317, 6.7105], [3.28173, 6.71039], [3.28196, 6.70995], [3.28247, 6.70943], [3.28136, 6.7083], [3.28192, 6.7078], [3.28106, 6.70667], [3.28478, 6.70481], [3.28348, 6.70304], [3.28289, 6.70104], [3.28157, 6.70114], [3.28052, 6.69619], [3.27943, 6.69495], [3.27878, 6.6946]]]}, "properties": {"name": "Ijoko", "lga": "Ado Odo/Ota", "state": "og"}}, {"type": "Feature", "geometry": {"type": "Polygon", "coordinates": [[[2.98732, 6.7048], [2.98049, 6.68887], [2.98108, 6.68451], [2.97883, 6.68425], [2.97789, 6.68369], [2.97677, 6.67997], [2.97444, 6.67845], [2.97117, 6.67659], [2.96888, 6.67612], [2.9671, 6.67622], [2.96436, 6.67753], [2.96154, 6.68366], [2.95977, 6.68525], [2.95606, 6.68666], [2.95688, 6.69244], [2.95148, 6.69864], [2.95188, 6.70008], [2.9516, 6.70878], [2.95572, 6.71051], [2.96128, 6.70885], [2.97142, 6.71328], [2.97238, 6.71832], [2.97522, 6.72429], [2.97931, 6.72972], [2.98273, 6.72858], [2.98517, 6.72918], [2.98772, 6.72862], [2.98942, 6.72711], [2.99175, 6.7265], [2.99539, 6.72429], [2.98732, 6.7048]]]}, "properties": {"name": "Owode 1", "lga": "Yewa South", "state": "og"}}, {"type": "Feature", "geometry": {"type": "Polygon", "coordinates": [[[2.87213, 7.50099], [2.86401, 7.50432], [2.85973, 7.50628], [2.82934, 7.51068], [2.82991, 7.51257], [2.83126, 7.51745], [2.82339, 7.51909], [2.81203, 7.52031], [2.81096, 7.5161], [2.81122, 7.51351], [2.80867, 7.51247], [2.80638, 7.50812], [2.80398, 7.5012], [2.79989, 7.49986], [2.7987, 7.49743], [2.79547, 7.49625], [2.79322, 7.49435], [2.7868, 7.50421], [2.78313, 7.511], [2.78074, 7.51888], [2.77476, 7.51839], [2.76627, 7.52251], [2.76113, 7.52959], [2.76907, 7.54286], [2.77797, 7.5539], [2.78718, 7.56117], [2.79396, 7.56617], [2.80585, 7.57334], [2.81549, 7.58262], [2.81454, 7.58841], [2.80913, 7.59918], [2.80853, 7.61067], [2.79733, 7.61141], [2.79087, 7.61383], [2.78749, 7.61543], [2.7784, 7.62291], [2.78065, 7.62894], [2.78096, 7.6337], [2.78511, 7.63708], [2.78928, 7.63651], [2.79601, 7.62756], [2.81347, 7.62973], [2.8118, 7.63853], [2.81189, 7.64399], [2.81238, 7.64692], [2.81612, 7.65831], [2.81664, 7.66596], [2.81765, 7.67574], [2.8276, 7.68006], [2.83229, 7.68226], [2.85331, 7.68378], [2.854, 7.67143], [2.86074, 7.66651], [2.87048, 7.66611], [2.87775, 7.6581], [2.88435, 7.65893], [2.89354, 7.65509], [2.89861, 7.65532], [2.90073, 7.65079], [2.90564, 7.65034], [2.97269, 7.61174], [2.97318, 7.60624], [2.9768, 7.60228], [2.98068, 7.5938], [2.98449, 7.58517], [2.97674, 7.57805], [2.96962, 7.57484], [2.95785, 7.5655], [2.9513, 7.55937], [2.94916, 7.55086], [2.9501, 7.54577], [2.94288, 7.54203], [2.94614, 7.53774], [2.94342, 7.53224], [2.94296, 7.52588], [2.93933, 7.51739], [2.93567, 7.5097], [2.92718, 7.50199], [2.92338, 7.49756], [2.91519, 7.49584], [2.91361, 7.49137], [2.91079, 7.48876], [2.89932, 7.48851], [2.89023, 7.49185], [2.88099, 7.49571], [2.87718, 7.49732], [2.87213, 7.50099]]]}, "properties": {"name": "Matale", "lga": "Imeko Afon", "state": "og"}}, {"type": "Feature", "geometry": {"type": "Polygon", "coordinates": [[[2.74106, 7.46681], [2.729, 7.46594], [2.72788, 7.46599], [2.71664, 7.59855], [2.73905, 7.75469], [2.74278, 7.78278], [2.74306, 7.79639], [2.74222, 7.80861], [2.74028, 7.81361], [2.71247, 7.85197], [2.72193, 7.85932], [2.73019, 7.86849], [2.73983, 7.87518], [2.7491, 7.88704], [2.75384, 7.89054], [2.75835, 7.89462], [2.76497, 7.89814], [2.76774, 7.90121], [2.77045, 7.90338], [2.7767, 7.90496], [2.78532, 7.9132], [2.79091, 7.92246], [2.79265, 7.92822], [2.79352, 7.93334], [2.79375, 7.9367], [2.79388, 7.94228], [2.79658, 7.94405], [2.7988, 7.94587], [2.80168, 7.94857], [2.80669, 7.95029], [2.81271, 7.95196], [2.81625, 7.9523], [2.82161, 7.95104], [2.83334, 7.93738], [2.83693, 7.93541], [2.83951, 7.93351], [2.84409, 7.93367], [2.84873, 7.93101], [2.85433, 7.93153], [2.86254, 7.9295], [2.86794, 7.92774], [2.87209, 7.92681], [2.87582, 7.92705], [2.87833, 7.92631], [2.8831, 7.92712], [2.88746, 7.92784], [2.89445, 7.92989], [2.89971, 7.9296], [2.90576, 7.92988], [2.91019, 7.9316], [2.91805, 7.93084], [2.92496, 7.93044], [2.92954, 7.92912], [2.93084, 7.92781], [2.9303, 7.9261], [2.92815, 7.92418], [2.92501, 7.92343], [2.92292, 7.92184], [2.91991, 7.92153], [2.91747, 7.91889], [2.91432, 7.91715], [2.91037, 7.91533], [2.90721, 7.91327], [2.90373, 7.90909], [2.89469, 7.90188], [2.88814, 7.89001], [2.88617, 7.8743], [2.88092, 7.85746], [2.88267, 7.83407], [2.88632, 7.82512], [2.88643, 7.81402], [2.88625, 7.80238], [2.88759, 7.79156], [2.886, 7.78272], [2.88501, 7.77783], [2.88605, 7.7744], [2.88608, 7.76897], [2.88857, 7.76679], [2.89635, 7.76272], [2.9026, 7.76159], [2.90757, 7.75933], [2.91188, 7.75923], [2.91477, 7.75917], [2.91723, 7.75796], [2.9188, 7.75541], [2.92044, 7.75244], [2.92114, 7.74974], [2.91919, 7.74179], [2.92, 7.72976], [2.91709, 7.721], [2.91762, 7.7161], [2.91856, 7.71159], [2.92024, 7.70782], [2.92345, 7.70911], [2.92637, 7.71128], [2.9325, 7.71454], [2.93751, 7.72039], [2.94405, 7.72433], [2.94862, 7.73166], [2.95563, 7.73719], [2.9612, 7.7442], [2.9636, 7.75487], [2.96896, 7.76615], [2.96992, 7.77793], [2.97404, 7.79022], [2.97807, 7.79689], [2.98177, 7.80735], [2.98323, 7.81617], [2.9822, 7.82806], [2.98386, 7.83523], [2.98478, 7.844], [2.98545, 7.8459], [2.98507, 7.84788], [2.98494, 7.84979], [2.98718, 7.85507], [2.98838, 7.85583], [2.98866, 7.85575], [2.98993, 7.85525], [2.99178, 7.85416], [3.00613, 7.83169], [3.01146, 7.83041], [3.01576, 7.82288], [3.02417, 7.81038], [3.02844, 7.80545], [3.03105, 7.79838], [3.03266, 7.79567], [3.02985, 7.79188], [3.02722, 7.79107], [3.02475, 7.79029], [3.02477, 7.78668], [3.02267, 7.78059], [3.02517, 7.77772], [3.02508, 7.77231], [3.0257, 7.76899], [3.02394, 7.76353], [3.02695, 7.75911], [3.02984, 7.75852], [3.02985, 7.75571], [3.02354, 7.75176], [3.02179, 7.74886], [3.02208, 7.7441], [3.01886, 7.74074], [3.01594, 7.73551], [3.01769, 7.73067], [3.01696, 7.72581], [3.01552, 7.72268], [3.00895, 7.71598], [3.00548, 7.71169], [3.00715, 7.70883], [3.0104, 7.70684], [3.01393, 7.70375], [3.01177, 7.7019], [3.00635, 7.70019], [3.00132, 7.70012], [2.99667, 7.69778], [2.99868, 7.69405], [3.00183, 7.69278], [3.00326, 7.69114], [2.99569, 7.68913], [2.99336, 7.6878], [2.99124, 7.6855], [2.98924, 7.68209], [2.9937, 7.68182], [2.9965, 7.68006], [2.99526, 7.67839], [2.99582, 7.67654], [2.99402, 7.67591], [2.99235, 7.67451], [2.99348, 7.67302], [2.99602, 7.67192], [2.99702, 7.67062], [2.99711, 7.66672], [3.00097, 7.66205], [3.00046, 7.65502], [2.99829, 7.64141], [2.99399, 7.62896], [2.99063, 7.62471], [2.98036, 7.62099], [2.97269, 7.61174], [2.90564, 7.65034], [2.90073, 7.65079], [2.89861, 7.65532], [2.89354, 7.65509], [2.88435, 7.65893], [2.87775, 7.6581], [2.87048, 7.66611], [2.86074, 7.66651], [2.854, 7.67143], [2.85331, 7.68378], [2.83229, 7.68226], [2.8276, 7.68006], [2.81765, 7.67574], [2.81664, 7.66596], [2.81612, 7.65831], [2.81238, 7.64692], [2.81189, 7.64399], [2.8118, 7.63853], [2.81347, 7.62973], [2.79601, 7.62756], [2.78928, 7.63651], [2.78511, 7.63708], [2.78096, 7.6337], [2.78065, 7.62894], [2.7784, 7.62291], [2.78749, 7.61543], [2.79087, 7.61383], [2.79733, 7.61141], [2.80853, 7.61067], [2.80913, 7.59918], [2.81454, 7.58841], [2.81549, 7.58262], [2.80585, 7.57334], [2.79396, 7.56617], [2.78718, 7.56117], [2.77797, 7.5539], [2.76907, 7.54286], [2.76113, 7.52959], [2.76627, 7.52251], [2.77476, 7.51839], [2.78074, 7.51888], [2.78313, 7.511], [2.7868, 7.50421], [2.79322, 7.49435], [2.79304, 7.48904], [2.7772, 7.48558], [2.77156, 7.48779], [2.74106, 7.46681]]]}, "properties": {"name": "Iwoye", "lga": "Imeko Afon", "state": "og"}}, {"type": "Feature", "geometry": {"type": "Polygon", "coordinates": [[[4.59755, 6.36057], [4.59757, 6.35688], [4.5976, 6.35226], [4.59763, 6.34672], [4.59584, 6.33471], [4.59493, 6.33193], [4.5931, 6.32823], [4.59034, 6.3236], [4.58759, 6.31904], [4.58482, 6.31534], [4.58206, 6.31163], [4.57847, 6.30842], [4.57198, 6.29728], [4.54731, 6.31175], [4.52676, 6.31325], [4.52248, 6.31322], [4.517, 6.31558], [4.51099, 6.31791], [4.50533, 6.32022], [4.50298, 6.32277], [4.50286, 6.32699], [4.49891, 6.3302], [4.4964, 6.33231], [4.48837, 6.33622], [4.48324, 6.32605], [4.43644, 6.34715], [4.4923, 6.37059], [4.49425, 6.3832], [4.49539, 6.39148], [4.49909, 6.39335], [4.50464, 6.39522], [4.50927, 6.39617], [4.51483, 6.39713], [4.54641, 6.3878], [4.55546, 6.38639], [4.56085, 6.38321], [4.56719, 6.38256], [4.57576, 6.38098], [4.5821, 6.37812], [4.58585, 6.37599], [4.58836, 6.3734], [4.59016, 6.37156], [4.59428, 6.36902], [4.59682, 6.36807], [4.59845, 6.3662], [4.59755, 6.36057]]]}, "properties": {"name": "Ode-Omi", "lga": "Ogun Waterside", "state": "og"}}, {"type": "Feature", "geometry": {"type": "Polygon", "coordinates": [[[3.11325, 7.41016], [3.11529, 7.40809], [3.14037, 7.3956], [3.15527, 7.37818], [3.16162, 7.37527], [3.16799, 7.37351], [3.16943, 7.37319], [3.16796, 7.356], [3.17167, 7.33604], [3.18781, 7.32631], [3.19682, 7.30146], [3.17331, 7.28513], [3.15946, 7.27103], [3.13863, 7.26125], [3.13564, 7.25536], [3.1322, 7.2503], [3.11915, 7.24061], [3.11133, 7.23898], [3.1043, 7.24371], [3.10091, 7.25028], [3.09572, 7.2549], [3.08414, 7.27332], [3.07245, 7.28195], [3.06644, 7.28675], [3.06025, 7.2866], [3.05224, 7.28793], [3.05081, 7.29506], [3.05256, 7.3022], [3.04724, 7.31153], [3.04391, 7.31626], [3.0395, 7.31632], [3.03562, 7.31262], [3.03272, 7.30928], [3.02948, 7.30695], [3.02143, 7.30218], [3.01463, 7.31303], [3.0099, 7.31582], [3.00741, 7.32051], [2.99456, 7.33629], [2.99485, 7.34152], [2.99806, 7.34399], [3.00035, 7.345], [3.00516, 7.34556], [3.00919, 7.34514], [3.01283, 7.34451], [3.01648, 7.34851], [3.01696, 7.35691], [3.01808, 7.3613], [3.01749, 7.36507], [3.01598, 7.37088], [3.01576, 7.37306], [3.01458, 7.37561], [3.01211, 7.37785], [3.01214, 7.38926], [3.01278, 7.38998], [3.01334, 7.39078], [3.01424, 7.39194], [3.01366, 7.39232], [3.01329, 7.39262], [3.01208, 7.3941], [3.01477, 7.4008], [3.01919, 7.40226], [3.02694, 7.41027], [3.02643, 7.41409], [3.02434, 7.41862], [3.02025, 7.4304], [3.03013, 7.4338], [3.04057, 7.43868], [3.04657, 7.44511], [3.05321, 7.45324], [3.06009, 7.45649], [3.07057, 7.45274], [3.07502, 7.45289], [3.08264, 7.43905], [3.08668, 7.43788], [3.09073, 7.43671], [3.09476, 7.4338], [3.09822, 7.4309], [3.1045, 7.42103], [3.10728, 7.41619], [3.11325, 7.41016]]]}, "properties": {"name": "Imala", "lga": "Abeokuta North", "state": "og"}}, {"type": "Feature", "geometry": {"type": "Polygon", "coordinates": [[[2.98286, 7.42901], [2.97248, 7.44297], [2.96769, 7.44519], [2.96239, 7.44692], [2.95716, 7.44848], [2.95867, 7.45143], [2.95882, 7.45991], [2.95737, 7.46726], [2.96255, 7.47183], [2.96258, 7.47668], [2.96442, 7.48216], [2.9623, 7.48629], [2.96418, 7.48906], [2.969, 7.49012], [2.97443, 7.49284], [2.97818, 7.49274], [2.9796, 7.49952], [2.98293, 7.50533], [2.98047, 7.51095], [2.98229, 7.5233], [2.99307, 7.54396], [2.9967, 7.54388], [3.00364, 7.54146], [3.00772, 7.54036], [3.01091, 7.53797], [3.01261, 7.53547], [3.01832, 7.53814], [3.01873, 7.54307], [3.02051, 7.55146], [3.02072, 7.5529], [3.02218, 7.54638], [3.02507, 7.54579], [3.03027, 7.54404], [3.03371, 7.53997], [3.04002, 7.53301], [3.04283, 7.52795], [3.04917, 7.52387], [3.05263, 7.52155], [3.06447, 7.51977], [3.06587, 7.51661], [3.06731, 7.51339], [3.06899, 7.50759], [3.07358, 7.50236], [3.07528, 7.4983], [3.07695, 7.49135], [3.07337, 7.48209], [3.06925, 7.47573], [3.06919, 7.47052], [3.07089, 7.46588], [3.07318, 7.46298], [3.07411, 7.45704], [3.07427, 7.45602], [3.07502, 7.45289], [3.07057, 7.45274], [3.06009, 7.45649], [3.05321, 7.45324], [3.04657, 7.44511], [3.04057, 7.43868], [3.03013, 7.4338], [3.02025, 7.4304], [3.01563, 7.43203], [3.00524, 7.42838], [3.00313, 7.43014], [2.98286, 7.42901]]]}, "properties": {"name": "Agborogbomo", "lga": "Imeko Afon", "state": "og"}}, {"type": "Feature", "geometry": {"type": "Polygon", "coordinates": [[[2.92108, 7.48588], [2.9205, 7.49089], [2.92338, 7.49756], [2.92718, 7.50199], [2.93567, 7.5097], [2.93933, 7.51739], [2.94296, 7.52588], [2.94342, 7.53224], [2.94614, 7.53774], [2.94288, 7.54203], [2.9501, 7.54577], [2.94916, 7.55086], [2.9513, 7.55937], [2.95785, 7.5655], [2.96962, 7.57484], [2.97674, 7.57805], [2.98449, 7.58517], [3.00399, 7.56222], [3.00683, 7.55584], [3.02072, 7.5529], [3.02051, 7.55146], [3.01873, 7.54307], [3.01832, 7.53814], [3.01261, 7.53547], [3.01091, 7.53797], [3.00772, 7.54036], [3.00364, 7.54146], [2.9967, 7.54388], [2.99307, 7.54396], [2.98229, 7.5233], [2.98047, 7.51095], [2.98293, 7.50533], [2.9796, 7.49952], [2.97818, 7.49274], [2.97443, 7.49284], [2.969, 7.49012], [2.96418, 7.48906], [2.9623, 7.48629], [2.96442, 7.48216], [2.96258, 7.47668], [2.96255, 7.47183], [2.95737, 7.46726], [2.9542, 7.46675], [2.95179, 7.46644], [2.94608, 7.46803], [2.92108, 7.48588]]]}, "properties": {"name": "Atapele", "lga": "Imeko Afon", "state": "og"}}, {"type": "Feature", "geometry": {"type": "Polygon", "coordinates": [[[4.02636, 6.89428], [4.02778, 6.88948], [4.03108, 6.87539], [4.03491, 6.86839], [4.03031, 6.86714], [4.0181, 6.86603], [4.01243, 6.86033], [4.00931, 6.87017], [4.0082, 6.88204], [4.00066, 6.89148], [3.9995, 6.90358], [3.9886, 6.91729], [3.99185, 6.92011], [4.0008, 6.92623], [4.00378, 6.9277], [4.00393, 6.92764], [4.01929, 6.92944], [4.01623, 6.9275], [4.02682, 6.91356], [4.02714, 6.91224], [4.02538, 6.90975], [4.02636, 6.89428]]]}, "properties": {"name": "Odosenbora", "lga": "Ijebu North East", "state": "og"}}, {"type": "Feature", "geometry": {"type": "Polygon", "coordinates": [[[3.95368, 6.89426], [3.95902, 6.90356], [3.96189, 6.91063], [3.96852, 6.91549], [3.97297, 6.91718], [3.98111, 6.91819], [3.9886, 6.91729], [3.9995, 6.90358], [4.00066, 6.89148], [3.9902, 6.88593], [3.98816, 6.89303], [3.97534, 6.8948], [3.96922, 6.89494], [3.95368, 6.89426]]]}, "properties": {"name": "Igede", "lga": "Ijebu North East", "state": "og"}}, {"type": "Feature", "geometry": {"type": "Polygon", "coordinates": [[[3.97128, 6.87458], [3.96215, 6.872], [3.94776, 6.87579], [3.94254, 6.87693], [3.93512, 6.87777], [3.93748, 6.88077], [3.94011, 6.88612], [3.94323, 6.89136], [3.95368, 6.89426], [3.96922, 6.89494], [3.97534, 6.8948], [3.98816, 6.89303], [3.9902, 6.88593], [3.98842, 6.8823], [3.98446, 6.88024], [3.98104, 6.87881], [3.97128, 6.87458]]]}, "properties": {"name": "Igbeba / Erunwon", "lga": "Ijebu North East", "state": "og"}}, {"type": "Feature", "geometry": {"type": "Polygon", "coordinates": [[[3.94936, 6.76646], [3.94056, 6.7708], [3.93791, 6.77572], [3.93616, 6.77856], [3.93636, 6.78309], [3.93615, 6.78568], [3.93734, 6.7857], [3.9395, 6.78583], [3.94267, 6.78674], [3.94465, 6.78829], [3.94532, 6.78912], [3.94263, 6.79313], [3.94407, 6.79436], [3.94466, 6.79466], [3.95426, 6.79241], [3.95565, 6.79029], [3.95864, 6.78831], [3.96037, 6.7869], [3.96223, 6.78214], [3.96315, 6.77787], [3.96306, 6.77597], [3.9667, 6.76815], [3.97662, 6.76054], [3.9802, 6.75934], [3.98623, 6.76478], [3.99091, 6.76644], [3.99322, 6.76896], [3.99715, 6.77305], [4.00037, 6.7696], [4.00814, 6.76277], [4.00677, 6.75928], [4.00477, 6.74939], [3.9941, 6.73492], [3.97995, 6.73452], [3.97848, 6.72847], [3.97831, 6.73635], [3.97474, 6.73957], [3.96762, 6.74282], [3.96195, 6.74258], [3.95484, 6.74826], [3.95616, 6.75482], [3.9546, 6.76267], [3.94936, 6.76646]]]}, "properties": {"name": "Itantebo / Itaogbin", "lga": "Ijebu Ode", "state": "og"}}, {"type": "Feature", "geometry": {"type": "Polygon", "coordinates": [[[3.50326, 6.77922], [3.50302, 6.78171], [3.50087, 6.78822], [3.50349, 6.80272], [3.52002, 6.8222], [3.52935, 6.81233], [3.56446, 6.7862], [3.57109, 6.79128], [3.57242, 6.79526], [3.57523, 6.80187], [3.58049, 6.80251], [3.59888, 6.78227], [3.5959, 6.77603], [3.59356, 6.77418], [3.56086, 6.76762], [3.55552, 6.75683], [3.55144, 6.74874], [3.529, 6.74119], [3.52652, 6.74146], [3.51513, 6.73701], [3.50759, 6.74466], [3.51527, 6.77044], [3.50743, 6.77454], [3.50469, 6.77697], [3.50434, 6.77764], [3.50326, 6.77922]]]}, "properties": {"name": "Agura / Sabo 2", "lga": "Shagamu", "state": "og"}}, {"type": "Feature", "geometry": {"type": "Polygon", "coordinates": [[[3.60668, 6.83246], [3.60406, 6.83806], [3.59717, 6.83825], [3.5964, 6.84391], [3.59168, 6.84322], [3.59273, 6.84638], [3.59651, 6.85536], [3.59828, 6.85965], [3.60157, 6.86766], [3.6069, 6.86708], [3.61617, 6.86695], [3.61883, 6.86663], [3.62442, 6.85939], [3.6274, 6.8576], [3.63013, 6.85719], [3.63189, 6.84148], [3.63134, 6.83994], [3.62716, 6.82949], [3.61772, 6.83087], [3.61063, 6.82919], [3.60668, 6.83246]]]}, "properties": {"name": "Itunsoku", "lga": "Shagamu", "state": "og"}}, {"type": "Feature", "geometry": {"type": "Polygon", "coordinates": [[[3.67625, 6.85228], [3.66782, 6.84838], [3.66522, 6.84797], [3.66364, 6.84806], [3.66344, 6.8481], [3.65923, 6.85408], [3.65774, 6.85546], [3.65631, 6.85516], [3.648, 6.85794], [3.64632, 6.86315], [3.63269, 6.85786], [3.63013, 6.85719], [3.6274, 6.8576], [3.62442, 6.85939], [3.61883, 6.86663], [3.61617, 6.86695], [3.6069, 6.86708], [3.60157, 6.86766], [3.60587, 6.8775], [3.60581, 6.89403], [3.60421, 6.89632], [3.60596, 6.89969], [3.61256, 6.90999], [3.61902, 6.90999], [3.62687, 6.90296], [3.63159, 6.89992], [3.63676, 6.8913], [3.6447, 6.88311], [3.64739, 6.87822], [3.65196, 6.87561], [3.65815, 6.87343], [3.66452, 6.86779], [3.67249, 6.86097], [3.677, 6.85468], [3.67625, 6.85228]]]}, "properties": {"name": "Soyindo / Oko / Epe / Itula 1", "lga": "Shagamu", "state": "og"}}, {"type": "Feature", "geometry": {"type": "Polygon", "coordinates": [[[2.78215, 6.85711], [2.76973, 6.85285], [2.76017, 6.86238], [2.75068, 6.86845], [2.73907, 6.87953], [2.73576, 6.89655], [2.73498, 6.9076], [2.73517, 6.91443], [2.73262, 6.92463], [2.70468, 6.95871], [2.70383, 6.96135], [2.70311, 6.96433], [2.704, 6.96676], [2.70993, 6.9767], [2.71009, 6.97938], [2.7088, 6.98178], [2.70308, 6.98925], [2.73716, 7.02409], [2.7437, 7.05976], [2.79743, 7.06414], [2.80041, 7.06693], [2.80301, 7.07739], [2.80654, 7.08548], [2.81144, 7.09021], [2.81731, 7.0945], [2.83196, 7.09005], [2.84299, 7.09025], [2.8522, 7.09279], [2.85426, 7.08926], [2.8609, 7.07512], [2.86396, 7.06942], [2.86813, 7.05461], [2.86335, 7.04238], [2.86278, 7.03924], [2.86682, 7.03299], [2.87182, 7.02219], [2.87416, 7.01255], [2.8565, 7.01361], [2.85572, 7.00202], [2.86178, 6.99141], [2.86296, 6.98758], [2.86032, 6.98715], [2.85364, 6.99344], [2.84913, 6.99118], [2.84585, 6.98386], [2.84393, 6.97908], [2.84871, 6.96889], [2.84893, 6.96558], [2.84552, 6.9619], [2.83951, 6.95244], [2.82686, 6.94611], [2.82338, 6.9416], [2.82231, 6.93261], [2.82219, 6.92614], [2.82141, 6.91842], [2.81659, 6.91381], [2.80755, 6.91201], [2.79322, 6.91278], [2.78503, 6.90969], [2.78264, 6.90585], [2.78569, 6.89812], [2.78571, 6.89326], [2.78276, 6.89171], [2.779, 6.8899], [2.7723, 6.88803], [2.76738, 6.88639], [2.75968, 6.88507], [2.75859, 6.88323], [2.75966, 6.87969], [2.76251, 6.87803], [2.76999, 6.87617], [2.78215, 6.85711]]]}, "properties": {"name": "Ohunbe", "lga": "Yewa North", "state": "og"}}, {"type": "Feature", "geometry": {"type": "Polygon", "coordinates": [[[2.95737, 7.46726], [2.95882, 7.45991], [2.95867, 7.45143], [2.95716, 7.44848], [2.96239, 7.44692], [2.96769, 7.44519], [2.97248, 7.44297], [2.98286, 7.42901], [2.98158, 7.42587], [2.98133, 7.42429], [2.97992, 7.42175], [2.97581, 7.41181], [2.96888, 7.40933], [2.96179, 7.41064], [2.95859, 7.41145], [2.95532, 7.41137], [2.95316, 7.4108], [2.94759, 7.40803], [2.94256, 7.40444], [2.94014, 7.39864], [2.94594, 7.3913], [2.94361, 7.38052], [2.94125, 7.38006], [2.9374, 7.37871], [2.92421, 7.36844], [2.90718, 7.37866], [2.9044, 7.38083], [2.90288, 7.38207], [2.90129, 7.38366], [2.90357, 7.39954], [2.90267, 7.40231], [2.8972, 7.40734], [2.89223, 7.40958], [2.88769, 7.41308], [2.88418, 7.41557], [2.87985, 7.41939], [2.87949, 7.42127], [2.87873, 7.4224], [2.8776, 7.42367], [2.88088, 7.42701], [2.88228, 7.42956], [2.88609, 7.43781], [2.88637, 7.44473], [2.89004, 7.44932], [2.89638, 7.4559], [2.89952, 7.45897], [2.90206, 7.46331], [2.90377, 7.46492], [2.91032, 7.46579], [2.91857, 7.47017], [2.92583, 7.47771], [2.93133, 7.47945], [2.93627, 7.47583], [2.9405, 7.47156], [2.94608, 7.46803], [2.95179, 7.46644], [2.9542, 7.46675], [2.95737, 7.46726]]]}, "properties": {"name": "Afon", "lga": "Imeko Afon", "state": "og"}}, {"type": "Feature", "geometry": {"type": "Polygon", "coordinates": [[[2.81196, 7.4679], [2.82166, 7.45644], [2.82251, 7.43375], [2.82716, 7.42173], [2.83235, 7.41474], [2.83535, 7.40508], [2.83567, 7.40033], [2.83958, 7.38834], [2.84259, 7.38142], [2.84424, 7.37636], [2.84645, 7.37285], [2.84167, 7.36294], [2.84171, 7.35948], [2.84211, 7.3559], [2.84015, 7.3518], [2.8369, 7.34647], [2.83666, 7.34353], [2.8401, 7.3377], [2.84172, 7.3342], [2.83199, 7.33517], [2.81673, 7.33981], [2.81072, 7.34511], [2.80789, 7.3545], [2.80175, 7.35911], [2.78058, 7.361], [2.77989, 7.37015], [2.78162, 7.37894], [2.78736, 7.38378], [2.7865, 7.3929], [2.78413, 7.40264], [2.78281, 7.40748], [2.76701, 7.44429], [2.75829, 7.45279], [2.74106, 7.46681], [2.77156, 7.48779], [2.7772, 7.48558], [2.79304, 7.48904], [2.79206, 7.48239], [2.79496, 7.47902], [2.81196, 7.4679]]]}, "properties": {"name": "Idofa", "lga": "Imeko Afon", "state": "og"}}, {"type": "Feature", "geometry": {"type": "Polygon", "coordinates": [[[3.61827, 6.91386], [3.61902, 6.90999], [3.61256, 6.90999], [3.60596, 6.89969], [3.60421, 6.89632], [3.5964, 6.90095], [3.58739, 6.90546], [3.59145, 6.90995], [3.59352, 6.91599], [3.59528, 6.91937], [3.59445, 6.92382], [3.59516, 6.92874], [3.59297, 6.93953], [3.60314, 6.93616], [3.61395, 6.93616], [3.61827, 6.91386]]]}, "properties": {"name": "Iperu 3", "lga": "Ikenne", "state": "og"}}, {"type": "Feature", "geometry": {"type": "Polygon", "coordinates": [[[3.68635, 6.99407], [3.67762, 6.99406], [3.67493, 6.99076], [3.67019, 6.99627], [3.67297, 7.00239], [3.67855, 7.01002], [3.68315, 7.02562], [3.67998, 7.0286], [3.68897, 7.04978], [3.68984, 7.05487], [3.69619, 7.06334], [3.71084, 7.06194], [3.72244, 7.06205], [3.72001, 7.05316], [3.71841, 7.04962], [3.71889, 7.04201], [3.72022, 7.03741], [3.7218, 7.03549], [3.72762, 7.02483], [3.72198, 7.01903], [3.71479, 7.01871], [3.71102, 7.01794], [3.70635, 7.01792], [3.70529, 7.01538], [3.7037, 7.00829], [3.70396, 7.00394], [3.70372, 7.00189], [3.70469, 6.9964], [3.70377, 6.99506], [3.70229, 6.99341], [3.70121, 6.99236], [3.69939, 6.99191], [3.69703, 6.99049], [3.69327, 6.99017], [3.68635, 6.99407]]]}, "properties": {"name": "Isara 3", "lga": "Remo North", "state": "og"}}, {"type": "Feature", "geometry": {"type": "Polygon", "coordinates": [[[3.01211, 7.37785], [3.01458, 7.37561], [3.01576, 7.37306], [3.01598, 7.37088], [3.01749, 7.36507], [3.01808, 7.3613], [3.01696, 7.35691], [3.01648, 7.34851], [3.01283, 7.34451], [3.00919, 7.34514], [3.00516, 7.34556], [3.00035, 7.345], [2.99806, 7.34399], [2.99485, 7.34152], [2.95585, 7.35655], [2.94507, 7.36083], [2.93447, 7.36173], [2.92484, 7.36689], [2.92421, 7.36844], [2.9374, 7.37871], [2.94125, 7.38006], [2.94361, 7.38052], [2.94594, 7.3913], [2.94014, 7.39864], [2.94256, 7.40444], [2.94759, 7.40803], [2.95316, 7.4108], [2.95532, 7.41137], [2.95859, 7.41145], [2.96179, 7.41064], [2.96888, 7.40933], [2.97581, 7.41181], [2.98286, 7.42901], [3.00313, 7.43014], [3.00524, 7.42838], [3.01563, 7.43203], [3.02025, 7.4304], [3.02434, 7.41862], [3.02643, 7.41409], [3.02694, 7.41027], [3.01919, 7.40226], [3.01477, 7.4008], [3.01208, 7.3941], [3.01329, 7.39262], [3.01366, 7.39232], [3.01424, 7.39194], [3.01334, 7.39078], [3.01278, 7.38998], [3.01214, 7.38926], [3.01211, 7.37785]]]}, "properties": {"name": "Owode", "lga": "Imeko Afon", "state": "og"}}, {"type": "Feature", "geometry": {"type": "Polygon", "coordinates": [[[3.82861, 6.86755], [3.83622, 6.8503], [3.82729, 6.82668], [3.81333, 6.81651], [3.80413, 6.8076], [3.7999, 6.79877], [3.79875, 6.80214], [3.79485, 6.80344], [3.79263, 6.80456], [3.78103, 6.8121], [3.77983, 6.81807], [3.78236, 6.82823], [3.78089, 6.83615], [3.78153, 6.84318], [3.77938, 6.85041], [3.77694, 6.8722], [3.7733, 6.8779], [3.79036, 6.88838], [3.80029, 6.88328], [3.82302, 6.87413], [3.82861, 6.86755]]]}, "properties": {"name": "Odugbolu 2", "lga": "Odogbolu", "state": "og"}}, {"type": "Feature", "geometry": {"type": "Polygon", "coordinates": [[[2.86961, 6.55915], [2.85169, 6.55102], [2.84584, 6.54942], [2.84616, 6.54696], [2.84231, 6.54484], [2.83657, 6.54384], [2.82956, 6.53663], [2.80399, 6.54288], [2.80173, 6.54477], [2.80011, 6.54844], [2.79696, 6.55009], [2.79319, 6.5456], [2.78929, 6.54816], [2.788, 6.55118], [2.78696, 6.55328], [2.78761, 6.55805], [2.78838, 6.5626], [2.78828, 6.5692], [2.78851, 6.57265], [2.7883, 6.57778], [2.80314, 6.58205], [2.80475, 6.58419], [2.80512, 6.59463], [2.80569, 6.6053], [2.80216, 6.61492], [2.79542, 6.61847], [2.78922, 6.62155], [2.79924, 6.6387], [2.80519, 6.64912], [2.8164, 6.65221], [2.82454, 6.65167], [2.8285, 6.64804], [2.82649, 6.64449], [2.82703, 6.6427], [2.82901, 6.63978], [2.83556, 6.63509], [2.86204, 6.59683], [2.86804, 6.59127], [2.87435, 6.58963], [2.87385, 6.57001], [2.86961, 6.55915]]]}, "properties": {"name": "Ipokia 2", "lga": "Ipokia", "state": "og"}}, {"type": "Feature", "geometry": {"type": "Polygon", "coordinates": [[[2.85812, 6.46317], [2.84859, 6.46357], [2.84536, 6.46589], [2.84373, 6.47078], [2.84256, 6.4743], [2.84042, 6.47467], [2.8401, 6.47923], [2.84157, 6.48169], [2.84075, 6.48446], [2.84088, 6.48816], [2.84098, 6.49418], [2.84236, 6.4991], [2.84413, 6.50306], [2.84548, 6.50923], [2.8481, 6.51036], [2.85141, 6.51702], [2.85501, 6.5169], [2.86581, 6.5105], [2.87092, 6.50874], [2.87784, 6.5087], [2.88204, 6.5085], [2.88553, 6.51143], [2.88937, 6.48653], [2.88879, 6.48126], [2.88427, 6.4743], [2.87647, 6.46994], [2.86463, 6.46927], [2.86001, 6.46684], [2.85812, 6.46317]]]}, "properties": {"name": "Mahun 2", "lga": "Ipokia", "state": "og"}}, {"type": "Feature", "geometry": {"type": "Polygon", "coordinates": [[[4.29171, 6.49739], [4.27463, 6.51787], [4.25825, 6.53322], [4.2327, 6.54693], [4.23932, 6.5623], [4.24096, 6.57156], [4.2359, 6.57818], [4.24308, 6.5881], [4.29413, 6.57661], [4.32582, 6.57379], [4.31743, 6.56367], [4.31587, 6.5553], [4.31673, 6.53792], [4.31945, 6.51123], [4.31717, 6.48685], [4.29171, 6.49739]]]}, "properties": {"name": "Iwopin 2", "lga": "Ogun Waterside", "state": "og"}}, {"type": "Feature", "geometry": {"type": "Polygon", "coordinates": [[[4.04759, 6.78954], [4.04683, 6.78953], [4.03979, 6.78727], [4.03658, 6.78783], [4.03384, 6.7892], [4.03117, 6.79065], [4.02216, 6.80123], [4.0244, 6.80233], [4.028, 6.80509], [4.03044, 6.80518], [4.03355, 6.80575], [4.0368, 6.80561], [4.04056, 6.80447], [4.0636, 6.81659], [4.06737, 6.81457], [4.05995, 6.79883], [4.04759, 6.78954]]]}, "properties": {"name": "Ife 2", "lga": "Ijebu East", "state": "og"}}, {"type": "Feature", "geometry": {"type": "Polygon", "coordinates": [[[3.71773, 6.91965], [3.72876, 6.9183], [3.76166, 6.94587], [3.76302, 6.94478], [3.76514, 6.9273], [3.76345, 6.89221], [3.73322, 6.89336], [3.73093, 6.90015], [3.724, 6.90433], [3.71839, 6.90505], [3.71989, 6.90914], [3.71963, 6.91389], [3.71773, 6.91965]]]}, "properties": {"name": "Ikenne 2", "lga": "Ikenne", "state": "og"}}, {"type": "Feature", "geometry": {"type": "Polygon", "coordinates": [[[3.98114, 6.81318], [3.97821, 6.81363], [3.97467, 6.81449], [3.97026, 6.82468], [3.97106, 6.82528], [3.97176, 6.82591], [3.97249, 6.82623], [3.97864, 6.82588], [3.98092, 6.82747], [3.98144, 6.82853], [3.98127, 6.83214], [3.98025, 6.83304], [3.97923, 6.83403], [3.97772, 6.83501], [3.97802, 6.83741], [3.98053, 6.83872], [3.98179, 6.84305], [3.98865, 6.84295], [3.99849, 6.83762], [4.00105, 6.8383], [4.00421, 6.83981], [4.00515, 6.84082], [4.00788, 6.84123], [4.01036, 6.84173], [4.01345, 6.84098], [4.01458, 6.83929], [4.01506, 6.83674], [4.01472, 6.8353], [4.01432, 6.83193], [4.0139, 6.82786], [4.01484, 6.82327], [4.01647, 6.81983], [4.01728, 6.81575], [4.0172, 6.81212], [4.01782, 6.80808], [4.01859, 6.80541], [4.02495, 6.79803], [4.02111, 6.7946], [4.01894, 6.78667], [4.01818, 6.78692], [4.01798, 6.78698], [4.01696, 6.7873], [4.01162, 6.78046], [4.0092, 6.77655], [4.00772, 6.77058], [3.99715, 6.77305], [3.99914, 6.78795], [4.00121, 6.78779], [4.0013, 6.78831], [4.00137, 6.78855], [4.00149, 6.78888], [4.00125, 6.79316], [4.00468, 6.79181], [4.00658, 6.79511], [4.0055, 6.80728], [3.9972, 6.81153], [3.98114, 6.81318]]]}, "properties": {"name": "Imushin 2", "lga": "Ijebu East", "state": "og"}}, {"type": "Feature", "geometry": {"type": "Polygon", "coordinates": [[[3.67527, 6.98957], [3.67674, 6.98982], [3.67755, 6.98779], [3.67582, 6.98638], [3.67793, 6.98087], [3.66958, 6.9805], [3.66528, 6.97428], [3.66163, 6.97598], [3.65704, 6.98076], [3.65071, 6.98555], [3.64621, 6.99017], [3.64973, 7.00195], [3.66569, 6.99492], [3.67019, 6.99627], [3.67527, 6.98957]]]}, "properties": {"name": "Isara 2", "lga": "Remo North", "state": "og"}}, {"type": "Feature", "geometry": {"type": "Polygon", "coordinates": [[[3.77509, 7.03162], [3.78431, 7.0296], [3.78289, 7.02507], [3.79229, 7.01899], [3.78996, 7.01064], [3.79078, 7.00469], [3.794, 6.98863], [3.7634, 6.9561], [3.75105, 6.97257], [3.73758, 6.9793], [3.74329, 6.99844], [3.74104, 7.02318], [3.74316, 7.02905], [3.74764, 7.0412], [3.75112, 7.04207], [3.77468, 7.03345], [3.77509, 7.03162]]]}, "properties": {"name": "Ode 2", "lga": "Remo North", "state": "og"}}, {"type": "Feature", "geometry": {"type": "Polygon", "coordinates": [[[4.10592, 6.6187], [4.07581, 6.59335], [4.07662, 6.59142], [4.07096, 6.58631], [4.06312, 6.58325], [4.06297, 6.5834], [4.0612, 6.58517], [4.0586, 6.59603], [4.05837, 6.60866], [4.05449, 6.61522], [4.05468, 6.62044], [4.05473, 6.62201], [4.05756, 6.62076], [4.05956, 6.62407], [4.06238, 6.62859], [4.05852, 6.63448], [4.06282, 6.63645], [4.06433, 6.63615], [4.06669, 6.63489], [4.0706, 6.63185], [4.07615, 6.63342], [4.07922, 6.63571], [4.08329, 6.63625], [4.08809, 6.64076], [4.09329, 6.64623], [4.09002, 6.6475], [4.0951, 6.65156], [4.09518, 6.65162], [4.09637, 6.65256], [4.0958, 6.65426], [4.09488, 6.65855], [4.09389, 6.66638], [4.09691, 6.67154], [4.09133, 6.67969], [4.10351, 6.67286], [4.12319, 6.66604], [4.13624, 6.65838], [4.14436, 6.6493], [4.14629, 6.63852], [4.12636, 6.63212], [4.11057, 6.62659], [4.10592, 6.6187]]]}, "properties": {"name": "Imobi 2", "lga": "Ijebu East", "state": "og"}}, {"type": "Feature", "geometry": {"type": "Polygon", "coordinates": [[[3.73215, 6.8701], [3.73238, 6.8701], [3.73025, 6.86691], [3.7271, 6.85752], [3.72278, 6.85882], [3.70814, 6.86084], [3.70737, 6.86331], [3.70536, 6.86634], [3.7031, 6.88884], [3.70679, 6.89686], [3.71298, 6.90221], [3.71839, 6.90505], [3.724, 6.90433], [3.73093, 6.90015], [3.73322, 6.89336], [3.73742, 6.88199], [3.73687, 6.8767], [3.73215, 6.8701]]]}, "properties": {"name": "Ilisan 2", "lga": "Ikenne", "state": "og"}}, {"type": "Feature", "geometry": {"type": "Polygon", "coordinates": [[[3.59139, 6.95242], [3.59652, 6.96013], [3.60647, 6.96488], [3.61419, 6.96496], [3.63299, 6.96549], [3.65325, 6.9594], [3.64867, 6.95209], [3.64716, 6.94864], [3.64567, 6.94431], [3.64255, 6.93473], [3.6404, 6.92973], [3.63732, 6.92475], [3.63279, 6.91894], [3.62719, 6.91273], [3.61902, 6.90999], [3.61827, 6.91386], [3.61395, 6.93616], [3.60314, 6.93616], [3.59297, 6.93953], [3.59139, 6.95242]]]}, "properties": {"name": "Iperu 2", "lga": "Ikenne", "state": "og"}}, {"type": "Feature", "geometry": {"type": "Polygon", "coordinates": [[[3.68243, 6.84813], [3.67625, 6.85228], [3.677, 6.85468], [3.67249, 6.86097], [3.66452, 6.86779], [3.68423, 6.87748], [3.70308, 6.88421], [3.70487, 6.86821], [3.70536, 6.86634], [3.70737, 6.86331], [3.70814, 6.86084], [3.70991, 6.85047], [3.69898, 6.84601], [3.68243, 6.84813]]]}, "properties": {"name": "Ogere 2", "lga": "Ikenne", "state": "og"}}, {"type": "Feature", "geometry": {"type": "Polygon", "coordinates": [[[3.00797, 7.2201], [3.01324, 7.22229], [3.01673, 7.22632], [3.01791, 7.22869], [3.01894, 7.23085], [3.02063, 7.23238], [3.02206, 7.23265], [3.02301, 7.23295], [3.02688, 7.24024], [3.04037, 7.24372], [3.06089, 7.24029], [3.0632, 7.24412], [3.06459, 7.24605], [3.06549, 7.24904], [3.06571, 7.25273], [3.07012, 7.25861], [3.0744, 7.26239], [3.07678, 7.26764], [3.08414, 7.27332], [3.09572, 7.2549], [3.08504, 7.2521], [3.08215, 7.23872], [3.08921, 7.23641], [3.09885, 7.23403], [3.09394, 7.21029], [3.096, 7.20345], [3.0983, 7.19897], [3.0972, 7.18637], [3.09403, 7.17562], [3.09525, 7.16796], [3.03799, 7.1737], [3.02071, 7.1704], [3.00816, 7.16663], [3.00407, 7.16149], [3.00049, 7.15431], [2.99513, 7.14412], [2.98506, 7.14054], [2.97923, 7.1406], [2.97825, 7.14276], [2.97929, 7.14695], [2.98046, 7.15266], [2.98336, 7.1599], [2.9866, 7.16417], [2.99238, 7.17472], [2.99438, 7.18542], [2.98932, 7.18686], [2.98792, 7.19391], [2.99293, 7.20602], [2.99653, 7.21754], [3.00797, 7.2201]]]}, "properties": {"name": "Ayetoro 1", "lga": "Yewa North", "state": "og"}}, {"type": "Feature", "geometry": {"type": "Polygon", "coordinates": [[[2.95402, 7.30195], [2.95881, 7.30702], [2.96362, 7.3094], [2.96973, 7.31171], [2.97733, 7.29684], [2.991, 7.29312], [3.02081, 7.27925], [3.03548, 7.26841], [3.04075, 7.26421], [3.0372, 7.25795], [3.03475, 7.25311], [3.03055, 7.2507], [3.02924, 7.24994], [3.03104, 7.24742], [3.02953, 7.24633], [3.02806, 7.24441], [3.02662, 7.24267], [3.02709, 7.24218], [3.02767, 7.24179], [3.02833, 7.24048], [3.02754, 7.24026], [3.02688, 7.24024], [3.02635, 7.23965], [3.02301, 7.23295], [3.02206, 7.23265], [3.02063, 7.23238], [3.01894, 7.23085], [3.01791, 7.22869], [3.01673, 7.22632], [3.01324, 7.22229], [3.00797, 7.2201], [2.99653, 7.21754], [2.98921, 7.22708], [2.98496, 7.23445], [2.97039, 7.23972], [2.96566, 7.25142], [2.95281, 7.25483], [2.95052, 7.2558], [2.93767, 7.26084], [2.94129, 7.26649], [2.94538, 7.2755], [2.94578, 7.28162], [2.9451, 7.2895], [2.94737, 7.29591], [2.95079, 7.30083], [2.95402, 7.30195]]]}, "properties": {"name": "Ayetoro 2", "lga": "Yewa North", "state": "og"}}, {"type": "Feature", "geometry": {"type": "Polygon", "coordinates": [[[2.79181, 6.86104], [2.79731, 6.85388], [2.79871, 6.8491], [2.79965, 6.84241], [2.80173, 6.83308], [2.80388, 6.82949], [2.80676, 6.82587], [2.81943, 6.8196], [2.82672, 6.81613], [2.82632, 6.81525], [2.81729, 6.79195], [2.80696, 6.77353], [2.81409, 6.76589], [2.83329, 6.76762], [2.83874, 6.76521], [2.8509, 6.77761], [2.85397, 6.77495], [2.8755, 6.76461], [2.88415, 6.74109], [2.88087, 6.73871], [2.86981, 6.73475], [2.86584, 6.72284], [2.83781, 6.72546], [2.82856, 6.71943], [2.81876, 6.71612], [2.81439, 6.71151], [2.79684, 6.70844], [2.79341, 6.71076], [2.78843, 6.71372], [2.78498, 6.7208], [2.78014, 6.72272], [2.78024, 6.72354], [2.78203, 6.72817], [2.7838, 6.73164], [2.78385, 6.73569], [2.78449, 6.74149], [2.78569, 6.74612], [2.78689, 6.75017], [2.78461, 6.75365], [2.78231, 6.75597], [2.77768, 6.75656], [2.7655, 6.75718], [2.76317, 6.75603], [2.76267, 6.75603], [2.75911, 6.75604], [2.75217, 6.75837], [2.74812, 6.75954], [2.73255, 6.76885], [2.72911, 6.77234], [2.72683, 6.7764], [2.72398, 6.78162], [2.72344, 6.7851], [2.72407, 6.79031], [2.72411, 6.79436], [2.73131, 6.81809], [2.73311, 6.8233], [2.73546, 6.82677], [2.73721, 6.82792], [2.73839, 6.82966], [2.74018, 6.83429], [2.7408, 6.83834], [2.74166, 6.8435], [2.74047, 6.85817], [2.75068, 6.86845], [2.76017, 6.86238], [2.76973, 6.85285], [2.78215, 6.85711], [2.79181, 6.86104]]]}, "properties": {"name": "Ifonyintedo", "lga": "Ipokia", "state": "og"}}, {"type": "Feature", "geometry": {"type": "Polygon", "coordinates": [[[2.83657, 6.54384], [2.84231, 6.54484], [2.84616, 6.54696], [2.84584, 6.54942], [2.85169, 6.55102], [2.86961, 6.55915], [2.87385, 6.57001], [2.88724, 6.56731], [2.88766, 6.56615], [2.88793, 6.56218], [2.88757, 6.55803], [2.88493, 6.54799], [2.88276, 6.53751], [2.88226, 6.53043], [2.88369, 6.52346], [2.8906, 6.51432], [2.89201, 6.5115], [2.88553, 6.51143], [2.88204, 6.5085], [2.87784, 6.5087], [2.87092, 6.50874], [2.86581, 6.5105], [2.85501, 6.5169], [2.85141, 6.51702], [2.8481, 6.51036], [2.84548, 6.50923], [2.83689, 6.51306], [2.83574, 6.51493], [2.83575, 6.51913], [2.8325, 6.52426], [2.8284, 6.52271], [2.82668, 6.5194], [2.82294, 6.51894], [2.81364, 6.51846], [2.81182, 6.52311], [2.81353, 6.54039], [2.81619, 6.54017], [2.81928, 6.53951], [2.82956, 6.53663], [2.83657, 6.54384]]]}, "properties": {"name": "Ipokia 1", "lga": "Ipokia", "state": "og"}}, {"type": "Feature", "geometry": {"type": "Polygon", "coordinates": [[[2.79368, 6.46211], [2.79754, 6.49342], [2.80058, 6.49554], [2.80392, 6.4964], [2.80453, 6.49866], [2.80544, 6.50062], [2.80645, 6.50448], [2.80906, 6.50808], [2.8112, 6.50937], [2.81412, 6.51171], [2.81445, 6.51359], [2.81364, 6.51846], [2.82294, 6.51894], [2.82668, 6.5194], [2.8284, 6.52271], [2.8325, 6.52426], [2.83575, 6.51913], [2.83574, 6.51493], [2.83689, 6.51306], [2.84548, 6.50923], [2.84413, 6.50306], [2.84236, 6.4991], [2.84098, 6.49418], [2.84088, 6.48816], [2.84075, 6.48446], [2.84157, 6.48169], [2.8401, 6.47923], [2.84042, 6.47467], [2.84256, 6.4743], [2.84373, 6.47078], [2.84536, 6.46589], [2.84859, 6.46357], [2.85812, 6.46317], [2.85863, 6.46003], [2.85884, 6.45705], [2.85821, 6.44913], [2.83945, 6.44881], [2.83916, 6.44866], [2.83491, 6.4457], [2.83187, 6.44486], [2.83141, 6.44495], [2.82848, 6.44681], [2.82368, 6.45148], [2.81831, 6.45459], [2.79368, 6.46211]]]}, "properties": {"name": "Mahun 1", "lga": "Ipokia", "state": "og"}}, {"type": "Feature", "geometry": {"type": "Polygon", "coordinates": [[[4.04087, 6.75799], [4.03547, 6.75956], [4.0287, 6.76084], [4.02623, 6.76306], [4.0238, 6.76551], [4.01786, 6.76766], [4.01285, 6.76859], [4.00772, 6.77058], [4.0092, 6.77655], [4.01162, 6.78046], [4.01696, 6.7873], [4.01798, 6.78698], [4.01818, 6.78692], [4.01894, 6.78667], [4.02111, 6.7946], [4.02495, 6.79803], [4.02857, 6.79389], [4.03025, 6.79191], [4.03117, 6.79065], [4.03384, 6.7892], [4.03658, 6.78783], [4.03979, 6.78727], [4.04683, 6.78953], [4.04759, 6.78954], [4.049, 6.78725], [4.0502, 6.77453], [4.04299, 6.76392], [4.04207, 6.76163], [4.04087, 6.75799]]]}, "properties": {"name": "Ife 1", "lga": "Ijebu East", "state": "og"}}, {"type": "Feature", "geometry": {"type": "Polygon", "coordinates": [[[3.67805, 6.98028], [3.68213, 6.97878], [3.68683, 6.98008], [3.69979, 6.97328], [3.6998, 6.97236], [3.70528, 6.96067], [3.70518, 6.96026], [3.69745, 6.96021], [3.69366, 6.9592], [3.68549, 6.95422], [3.6668, 6.97154], [3.66528, 6.97428], [3.66958, 6.9805], [3.67793, 6.98087], [3.67805, 6.98028]]]}, "properties": {"name": "Ode 1", "lga": "Remo North", "state": "og"}}, {"type": "Feature", "geometry": {"type": "Polygon", "coordinates": [[[3.67805, 6.98028], [3.67582, 6.98638], [3.67755, 6.98779], [3.67674, 6.98982], [3.67475, 6.98981], [3.67559, 6.99264], [3.67657, 6.9935], [3.67762, 6.99406], [3.68635, 6.99407], [3.69327, 6.99017], [3.69703, 6.99049], [3.69939, 6.99191], [3.70121, 6.99236], [3.70229, 6.99341], [3.70377, 6.99506], [3.70469, 6.9964], [3.71035, 6.99621], [3.7135, 6.99627], [3.71387, 6.99574], [3.70973, 6.98245], [3.70985, 6.98075], [3.70836, 6.97839], [3.70447, 6.97698], [3.70279, 6.97644], [3.69979, 6.97328], [3.68683, 6.98008], [3.68213, 6.97878], [3.67805, 6.98028]]]}, "properties": {"name": "Isara 1", "lga": "Remo North", "state": "og"}}, {"type": "Feature", "geometry": {"type": "Polygon", "coordinates": [[[3.98114, 6.81318], [3.9972, 6.81153], [4.0055, 6.80728], [4.00658, 6.79511], [4.00468, 6.79181], [4.00125, 6.79316], [4.00149, 6.78888], [4.00137, 6.78855], [4.0013, 6.78831], [4.00121, 6.78779], [3.99914, 6.78795], [3.99715, 6.77305], [3.99322, 6.76896], [3.99091, 6.76644], [3.98623, 6.76478], [3.9802, 6.75934], [3.97662, 6.76054], [3.9667, 6.76815], [3.96306, 6.77597], [3.96315, 6.77787], [3.96223, 6.78214], [3.96037, 6.7869], [3.95864, 6.78831], [3.95565, 6.79029], [3.95426, 6.79241], [3.94524, 6.79467], [3.94466, 6.79466], [3.94407, 6.79436], [3.94263, 6.79313], [3.94078, 6.79653], [3.94541, 6.8017], [3.94604, 6.80982], [3.94848, 6.8119], [3.94924, 6.81686], [3.95074, 6.81956], [3.95225, 6.82262], [3.95409, 6.8257], [3.95822, 6.82592], [3.95973, 6.82563], [3.96253, 6.8238], [3.97026, 6.82468], [3.97467, 6.81449], [3.97821, 6.81363], [3.98114, 6.81318]]]}, "properties": {"name": "Imushin 1", "lga": "Ijebu East", "state": "og"}}, {"type": "Feature", "geometry": {"type": "Polygon", "coordinates": [[[4.28891, 6.46385], [4.28477, 6.45591], [4.28039, 6.45517], [4.27986, 6.45508], [4.27627, 6.45593], [4.26592, 6.45205], [4.26415, 6.44508], [4.26009, 6.44418], [4.25068, 6.44933], [4.24756, 6.45516], [4.24381, 6.45608], [4.23838, 6.45648], [4.23494, 6.45909], [4.23075, 6.4686], [4.22479, 6.47344], [4.21936, 6.47376], [4.21415, 6.47247], [4.20488, 6.47211], [4.20213, 6.47548], [4.19578, 6.47618], [4.18301, 6.48295], [4.1775, 6.48434], [4.17345, 6.48443], [4.16932, 6.4875], [4.16789, 6.49907], [4.16539, 6.50266], [4.16415, 6.50444], [4.16362, 6.50697], [4.16761, 6.50971], [4.17351, 6.512], [4.17812, 6.51719], [4.18172, 6.52071], [4.18525, 6.52154], [4.19161, 6.52551], [4.1979, 6.52871], [4.20862, 6.52991], [4.21075, 6.53114], [4.22564, 6.53975], [4.2327, 6.54693], [4.25825, 6.53322], [4.27463, 6.51787], [4.29171, 6.49739], [4.31717, 6.48685], [4.30104, 6.47299], [4.28891, 6.46385]]]}, "properties": {"name": "Iwopin 1", "lga": "Ogun Waterside", "state": "og"}}, {"type": "Feature", "geometry": {"type": "Polygon", "coordinates": [[[3.75113, 6.81296], [3.78103, 6.8121], [3.79263, 6.80456], [3.79485, 6.80344], [3.79875, 6.80214], [3.7999, 6.79877], [3.80928, 6.78446], [3.80575, 6.75795], [3.80145, 6.75], [3.79856, 6.7334], [3.76748, 6.72988], [3.75162, 6.73808], [3.72993, 6.74309], [3.71213, 6.74054], [3.68555, 6.74186], [3.68144, 6.75852], [3.68333, 6.76102], [3.68438, 6.7693], [3.6866, 6.77825], [3.68902, 6.78512], [3.69143, 6.79235], [3.69169, 6.79314], [3.69643, 6.80089], [3.69862, 6.808], [3.70895, 6.81934], [3.71299, 6.82619], [3.75113, 6.81296]]]}, "properties": {"name": "Odogbolu 1", "lga": "Odogbolu", "state": "og"}}, {"type": "Feature", "geometry": {"type": "Polygon", "coordinates": [[[4.09899, 6.61287], [4.10592, 6.6187], [4.11057, 6.62659], [4.12636, 6.63212], [4.14629, 6.63852], [4.15942, 6.63407], [4.16786, 6.63041], [4.18709, 6.62692], [4.19834, 6.62456], [4.20767, 6.62557], [4.21745, 6.62467], [4.23578, 6.62647], [4.24116, 6.62715], [4.25001, 6.62256], [4.24667, 6.59994], [4.24308, 6.5881], [4.2359, 6.57818], [4.22401, 6.59373], [4.22241, 6.59573], [4.21667, 6.59735], [4.21361, 6.59889], [4.20633, 6.59722], [4.19316, 6.59534], [4.17778, 6.60411], [4.16329, 6.59518], [4.15623, 6.58884], [4.14442, 6.58221], [4.13585, 6.58138], [4.13178, 6.57979], [4.12817, 6.57443], [4.12127, 6.56993], [4.11966, 6.56485], [4.1188, 6.56213], [4.1168, 6.55577], [4.10952, 6.55418], [4.10133, 6.55772], [4.10097, 6.56791], [4.09876, 6.5719], [4.09049, 6.56962], [4.0774, 6.5711], [4.07173, 6.57127], [4.06964, 6.57255], [4.07023, 6.57618], [4.06968, 6.5767], [4.06312, 6.58325], [4.07096, 6.58631], [4.07662, 6.59142], [4.07581, 6.59335], [4.08008, 6.59728], [4.09344, 6.6089], [4.09899, 6.61287]]]}, "properties": {"name": "Imobi 1", "lga": "Ijebu East", "state": "og"}}, {"type": "Feature", "geometry": {"type": "Polygon", "coordinates": [[[3.91187, 6.8655], [3.91062, 6.85351], [3.90738, 6.84886], [3.90715, 6.84825], [3.90685, 6.84564], [3.90526, 6.84593], [3.90339, 6.84624], [3.90314, 6.84469], [3.90226, 6.84438], [3.90165, 6.84418], [3.9005, 6.84367], [3.9011, 6.84233], [3.8992, 6.84214], [3.89655, 6.84442], [3.89562, 6.84338], [3.89511, 6.84284], [3.89258, 6.84476], [3.88443, 6.84642], [3.88067, 6.84984], [3.88458, 6.85701], [3.88579, 6.8613], [3.88646, 6.86216], [3.88717, 6.86983], [3.89387, 6.88677], [3.90196, 6.88304], [3.90638, 6.87683], [3.91156, 6.87441], [3.91187, 6.8655]]]}, "properties": {"name": "Porogun 1", "lga": "Ijebu Ode", "state": "og"}}, {"type": "Feature", "geometry": {"type": "Polygon", "coordinates": [[[3.72074, 6.83504], [3.71299, 6.82619], [3.70895, 6.81934], [3.69862, 6.808], [3.69643, 6.80089], [3.69169, 6.79314], [3.69143, 6.79235], [3.68148, 6.80664], [3.68211, 6.8209], [3.6878, 6.8277], [3.69127, 6.83502], [3.68891, 6.84076], [3.68243, 6.84813], [3.69898, 6.84601], [3.70991, 6.85047], [3.70814, 6.86084], [3.72278, 6.85882], [3.7271, 6.85752], [3.72367, 6.84513], [3.72074, 6.83504]]]}, "properties": {"name": "Ikenne 1", "lga": "Ikenne", "state": "og"}}, {"type": "Feature", "geometry": {"type": "Polygon", "coordinates": [[[3.66452, 6.86779], [3.65815, 6.87343], [3.65196, 6.87561], [3.64739, 6.87822], [3.6447, 6.88311], [3.63676, 6.8913], [3.63159, 6.89992], [3.62687, 6.90296], [3.61902, 6.90999], [3.62719, 6.91273], [3.63279, 6.91894], [3.63732, 6.92475], [3.6404, 6.92973], [3.64171, 6.92871], [3.64209, 6.9272], [3.64156, 6.92424], [3.64353, 6.92254], [3.6612, 6.9169], [3.66545, 6.9171], [3.70127, 6.8974], [3.7032, 6.89714], [3.7053, 6.89728], [3.70679, 6.89686], [3.7031, 6.88884], [3.70288, 6.88676], [3.70308, 6.88421], [3.68423, 6.87748], [3.66452, 6.86779]]]}, "properties": {"name": "Iperu 1", "lga": "Ikenne", "state": "og"}}, {"type": "Feature", "geometry": {"type": "Polygon", "coordinates": [[[3.66418, 6.91693], [3.66779, 6.932], [3.67222, 6.93841], [3.6731, 6.93883], [3.68013, 6.93413], [3.70024, 6.93654], [3.70752, 6.93043], [3.71343, 6.92526], [3.71773, 6.91965], [3.71963, 6.91389], [3.71989, 6.90914], [3.71839, 6.90505], [3.71298, 6.90221], [3.70679, 6.89686], [3.7053, 6.89728], [3.7032, 6.89714], [3.70127, 6.8974], [3.66418, 6.91693]]]}, "properties": {"name": "Ilisan 1", "lga": "Ikenne", "state": "og"}}, {"type": "Feature", "geometry": {"type": "Polygon", "coordinates": [[[3.67443, 6.96472], [3.67908, 6.95966], [3.68269, 6.95751], [3.68549, 6.95422], [3.69072, 6.94707], [3.67587, 6.94618], [3.66551, 6.95051], [3.65325, 6.9594], [3.63299, 6.96549], [3.61419, 6.96496], [3.6152, 6.97104], [3.62177, 6.97704], [3.62809, 6.98269], [3.63229, 6.98585], [3.63734, 6.98542], [3.64621, 6.99017], [3.65071, 6.98555], [3.65704, 6.98076], [3.66163, 6.97598], [3.66528, 6.97428], [3.6668, 6.97154], [3.67443, 6.96472]]]}, "properties": {"name": "Ogere 1", "lga": "Ikenne", "state": "og"}}, {"type": "Feature", "geometry": {"type": "Polygon", "coordinates": [[[3.02767, 7.24179], [3.02709, 7.24218], [3.02662, 7.24267], [3.02806, 7.24441], [3.02953, 7.24633], [3.03104, 7.24742], [3.02924, 7.24994], [3.03055, 7.2507], [3.03475, 7.25311], [3.0372, 7.25795], [3.04075, 7.26421], [3.03548, 7.26841], [3.02081, 7.27925], [2.991, 7.29312], [2.97733, 7.29684], [2.96973, 7.31171], [2.96362, 7.3094], [2.95881, 7.30702], [2.95402, 7.30195], [2.92559, 7.32924], [2.91453, 7.34221], [2.91274, 7.35458], [2.92484, 7.36689], [2.93447, 7.36173], [2.94507, 7.36083], [2.95585, 7.35655], [2.99485, 7.34152], [2.99456, 7.33629], [3.00741, 7.32051], [3.0099, 7.31582], [3.01463, 7.31303], [3.02143, 7.30218], [3.02948, 7.30695], [3.03272, 7.30928], [3.03562, 7.31262], [3.0395, 7.31632], [3.04391, 7.31626], [3.04724, 7.31153], [3.05256, 7.3022], [3.05081, 7.29506], [3.05224, 7.28793], [3.06025, 7.2866], [3.06644, 7.28675], [3.07245, 7.28195], [3.08414, 7.27332], [3.07678, 7.26764], [3.0744, 7.26239], [3.07012, 7.25861], [3.06571, 7.25273], [3.06549, 7.24904], [3.06459, 7.24605], [3.0632, 7.24412], [3.06089, 7.24029], [3.04037, 7.24372], [3.02833, 7.24048], [3.02767, 7.24179]]]}, "properties": {"name": "Idofoi", "lga": "Yewa North", "state": "og"}}, {"type": "Feature", "geometry": {"type": "Polygon", "coordinates": [[[2.82672, 6.81613], [2.81943, 6.8196], [2.80676, 6.82587], [2.80388, 6.82949], [2.80173, 6.83308], [2.79965, 6.84241], [2.79871, 6.8491], [2.79731, 6.85388], [2.79181, 6.86104], [2.78215, 6.85711], [2.76999, 6.87617], [2.76251, 6.87803], [2.75966, 6.87969], [2.75859, 6.88323], [2.75968, 6.88507], [2.76738, 6.88639], [2.7723, 6.88803], [2.779, 6.8899], [2.78276, 6.89171], [2.78571, 6.89326], [2.78569, 6.89812], [2.78264, 6.90585], [2.78503, 6.90969], [2.79322, 6.91278], [2.80755, 6.91201], [2.81659, 6.91381], [2.82141, 6.91842], [2.82219, 6.92614], [2.82231, 6.93261], [2.82338, 6.9416], [2.82686, 6.94611], [2.83951, 6.95244], [2.84552, 6.9619], [2.84893, 6.96558], [2.84871, 6.96889], [2.84393, 6.97908], [2.84585, 6.98386], [2.84913, 6.99118], [2.85364, 6.99344], [2.86032, 6.98715], [2.86296, 6.98758], [2.86178, 6.99141], [2.85572, 7.00202], [2.8565, 7.01361], [2.87416, 7.01255], [2.88303, 7.00119], [2.88489, 6.9953], [2.88682, 6.97891], [2.88778, 6.97459], [2.8904, 6.96798], [2.89184, 6.96307], [2.89568, 6.96121], [2.89822, 6.95925], [2.89833, 6.95439], [2.9027, 6.94344], [2.90516, 6.94458], [2.90725, 6.94573], [2.90859, 6.9444], [2.91013, 6.94315], [2.91306, 6.93244], [2.91365, 6.9294], [2.91748, 6.92221], [2.91463, 6.91132], [2.90855, 6.89719], [2.90917, 6.88595], [2.91015, 6.87354], [2.90311, 6.87781], [2.89566, 6.87839], [2.88379, 6.88045], [2.87397, 6.87397], [2.85618, 6.86871], [2.84776, 6.86445], [2.8374, 6.86094], [2.83778, 6.84747], [2.83919, 6.83432], [2.83614, 6.82283], [2.83613, 6.81906], [2.82672, 6.81613]]]}, "properties": {"name": "Ebute", "lga": "Yewa North", "state": "og"}}, {"type": "Feature", "geometry": {"type": "Polygon", "coordinates": [[[2.72788, 7.46599], [2.729, 7.46594], [2.74106, 7.46681], [2.75829, 7.45279], [2.76701, 7.44429], [2.78281, 7.40748], [2.78413, 7.40264], [2.7865, 7.3929], [2.78736, 7.38378], [2.78162, 7.37894], [2.77989, 7.37015], [2.78058, 7.361], [2.77446, 7.35703], [2.77145, 7.34688], [2.77079, 7.33776], [2.76441, 7.33437], [2.7619, 7.32184], [2.7581, 7.32092], [2.75262, 7.3183], [2.7358, 7.31767], [2.73374, 7.3333], [2.72788, 7.46599]]]}, "properties": {"name": "Ilara", "lga": "Imeko Afon", "state": "og"}}, {"type": "Feature", "geometry": {"type": "Polygon", "coordinates": [[[3.31411, 7.25294], [3.31657, 7.2243], [3.31656, 7.22127], [3.3156, 7.21972], [3.28807, 7.22726], [3.2736, 7.21713], [3.26408, 7.21457], [3.25794, 7.20604], [3.25096, 7.19576], [3.24601, 7.18977], [3.2401, 7.18848], [3.23246, 7.17333], [3.22309, 7.15455], [3.20652, 7.1542], [3.17905, 7.18456], [3.1735, 7.18691], [3.16411, 7.18772], [3.15633, 7.18784], [3.14566, 7.18516], [3.11457, 7.18491], [3.0972, 7.18637], [3.0983, 7.19897], [3.096, 7.20345], [3.09394, 7.21029], [3.09885, 7.23403], [3.08921, 7.23641], [3.08215, 7.23872], [3.08504, 7.2521], [3.09572, 7.2549], [3.10091, 7.25028], [3.1043, 7.24371], [3.11133, 7.23898], [3.11915, 7.24061], [3.1322, 7.2503], [3.13564, 7.25536], [3.13863, 7.26125], [3.15946, 7.27103], [3.17331, 7.28513], [3.19682, 7.30146], [3.216, 7.27794], [3.23009, 7.28187], [3.238, 7.27669], [3.25365, 7.27056], [3.26212, 7.253], [3.27147, 7.25452], [3.27606, 7.25319], [3.27975, 7.257], [3.28785, 7.25632], [3.29469, 7.2559], [3.30487, 7.2519], [3.31411, 7.25294]]]}, "properties": {"name": "Olorunda", "lga": "Abeokuta North", "state": "og"}}, {"type": "Feature", "geometry": {"type": "Polygon", "coordinates": [[[3.34048, 7.18167], [3.33441, 7.17824], [3.33258, 7.18411], [3.33109, 7.18857], [3.33171, 7.19164], [3.3332, 7.1957], [3.33471, 7.19852], [3.33674, 7.20275], [3.33912, 7.20511], [3.33842, 7.20726], [3.33836, 7.20847], [3.34213, 7.20934], [3.34366, 7.20873], [3.34535, 7.20783], [3.34717, 7.20573], [3.34439, 7.20083], [3.34547, 7.20038], [3.34545, 7.19937], [3.34531, 7.19898], [3.34476, 7.19841], [3.34569, 7.19773], [3.34648, 7.19725], [3.34718, 7.19691], [3.34712, 7.19524], [3.34709, 7.1942], [3.34641, 7.19246], [3.34576, 7.19159], [3.34345, 7.19049], [3.34396, 7.18528], [3.3434, 7.18488], [3.34275, 7.18444], [3.3469, 7.18294], [3.34083, 7.17819], [3.34071, 7.17821], [3.3404, 7.18067], [3.34048, 7.18167]]]}, "properties": {"name": "Iberekodo 5", "lga": "Abeokuta North", "state": "og"}}, {"type": "Feature", "geometry": {"type": "Polygon", "coordinates": [[[3.34559, 7.22709], [3.34171, 7.21341], [3.33867, 7.21225], [3.33836, 7.20847], [3.33842, 7.20726], [3.33912, 7.20511], [3.33674, 7.20275], [3.33471, 7.19852], [3.3332, 7.1957], [3.33171, 7.19164], [3.33109, 7.18857], [3.33258, 7.18411], [3.32744, 7.18612], [3.32423, 7.18889], [3.32007, 7.18803], [3.31442, 7.18734], [3.3156, 7.21972], [3.31656, 7.22127], [3.31974, 7.22211], [3.33424, 7.22913], [3.34559, 7.22709]]]}, "properties": {"name": "Itoko", "lga": "Abeokuta South", "state": "og"}}, {"type": "Feature", "geometry": {"type": "Polygon", "coordinates": [[[3.3639, 6.76466], [3.36967, 6.77697], [3.39766, 6.77687], [3.39827, 6.777], [3.39893, 6.77677], [3.40431, 6.77774], [3.41259, 6.77482], [3.4159, 6.77659], [3.41836, 6.77533], [3.41966, 6.77925], [3.42405, 6.77963], [3.44244, 6.77855], [3.44872, 6.778], [3.4591, 6.7788], [3.45749, 6.7728], [3.4542, 6.76727], [3.44822, 6.76429], [3.44578, 6.76175], [3.44182, 6.75793], [3.441, 6.75486], [3.44054, 6.75183], [3.44813, 6.73279], [3.44141, 6.72791], [3.44079, 6.72382], [3.43675, 6.72438], [3.4323, 6.72257], [3.42358, 6.72376], [3.41554, 6.72762], [3.41588, 6.72952], [3.41247, 6.73355], [3.40892, 6.73132], [3.40919, 6.73288], [3.4082, 6.7327], [3.40661, 6.73189], [3.40521, 6.73119], [3.40426, 6.732], [3.40351, 6.73315], [3.40443, 6.73831], [3.40215, 6.73802], [3.4003, 6.73815], [3.40098, 6.74022], [3.40045, 6.74008], [3.4002, 6.74125], [3.39973, 6.74206], [3.39832, 6.7413], [3.39608, 6.74117], [3.39353, 6.75526], [3.38972, 6.76104], [3.37546, 6.75945], [3.3639, 6.76466]]]}, "properties": {"name": "Ibafo", "lga": "Obafemi Owode", "state": "og"}}, {"type": "Feature", "geometry": {"type": "Polygon", "coordinates": [[[3.3639, 6.76466], [3.37546, 6.75945], [3.38972, 6.76104], [3.39353, 6.75526], [3.39608, 6.74117], [3.39832, 6.7413], [3.39973, 6.74206], [3.4002, 6.74125], [3.40045, 6.74008], [3.40098, 6.74022], [3.4003, 6.73815], [3.40215, 6.73802], [3.40443, 6.73831], [3.40351, 6.73315], [3.40426, 6.732], [3.40521, 6.73119], [3.40661, 6.73189], [3.4082, 6.7327], [3.40919, 6.73288], [3.40892, 6.73132], [3.41247, 6.73355], [3.41588, 6.72952], [3.41554, 6.72762], [3.42358, 6.72376], [3.4323, 6.72257], [3.43675, 6.72438], [3.44079, 6.72382], [3.44037, 6.70771], [3.44157, 6.69789], [3.4432, 6.68591], [3.43924, 6.68281], [3.43977, 6.67549], [3.43337, 6.67395], [3.43123, 6.67631], [3.42825, 6.67786], [3.42399, 6.67862], [3.42175, 6.67885], [3.41985, 6.67999], [3.41909, 6.68311], [3.41807, 6.68496], [3.41879, 6.68771], [3.41879, 6.69038], [3.41822, 6.69392], [3.41537, 6.6947], [3.41414, 6.68969], [3.41277, 6.68595], [3.40386, 6.68619], [3.39824, 6.68551], [3.39355, 6.68498], [3.39109, 6.68782], [3.37862, 6.70316], [3.37804, 6.72238], [3.3696, 6.72775], [3.36919, 6.73722], [3.35882, 6.75742], [3.35882, 6.75756], [3.3639, 6.76466]]]}, "properties": {"name": "Magboro", "lga": "Obafemi Owode", "state": "og"}}, {"type": "Feature", "geometry": {"type": "Polygon", "coordinates": [[[3.25005, 7.07572], [3.24014, 7.06617], [3.23207, 7.06658], [3.22818, 7.07267], [3.21618, 7.07396], [3.21052, 7.07038], [3.20693, 7.06304], [3.20605, 7.05599], [3.20623, 7.05314], [3.20347, 7.04909], [3.19257, 7.04399], [3.18914, 7.04646], [3.18524, 7.05118], [3.17995, 7.05476], [3.17314, 7.05983], [3.16343, 7.06547], [3.15232, 7.06589], [3.13968, 7.06449], [3.12748, 7.06152], [3.12453, 7.0673], [3.12886, 7.07737], [3.13387, 7.08526], [3.13906, 7.08952], [3.1427, 7.09442], [3.14505, 7.11397], [3.13352, 7.12059], [3.13667, 7.13075], [3.1376, 7.13209], [3.12213, 7.14648], [3.11302, 7.14918], [3.11027, 7.1546], [3.09525, 7.16796], [3.09403, 7.17562], [3.0972, 7.18637], [3.11457, 7.18491], [3.14566, 7.18516], [3.15633, 7.18784], [3.16411, 7.18772], [3.1735, 7.18691], [3.17905, 7.18456], [3.20652, 7.1542], [3.20291, 7.14318], [3.20832, 7.13723], [3.21069, 7.13133], [3.21238, 7.12696], [3.21406, 7.12326], [3.22115, 7.11514], [3.22838, 7.11383], [3.23961, 7.11499], [3.24228, 7.11424], [3.24381, 7.1095], [3.24485, 7.10304], [3.24185, 7.08306], [3.25005, 7.07572]]]}, "properties": {"name": "Ikereku 1", "lga": "Abeokuta North", "state": "og"}}, {"type": "Feature", "geometry": {"type": "Polygon", "coordinates": [[[2.98476, 6.87823], [2.98582, 6.8829], [2.98552, 6.88632], [3.0029, 6.8857], [3.00573, 6.88691], [3.00805, 6.88725], [3.00876, 6.88753], [3.01297, 6.89058], [3.02107, 6.88744], [3.0267, 6.88887], [3.02593, 6.87854], [3.03075, 6.87466], [3.04983, 6.87222], [3.05666, 6.86269], [3.05525, 6.85644], [3.05403, 6.84568], [3.05395, 6.83919], [3.0439, 6.84125], [3.03601, 6.84262], [3.01046, 6.85018], [3.00057, 6.85445], [2.99463, 6.86385], [2.99019, 6.87117], [2.98547, 6.87399], [2.98476, 6.87823]]]}, "properties": {"name": "Ilaro 3", "lga": "Yewa South", "state": "og"}}, {"type": "Feature", "geometry": {"type": "Polygon", "coordinates": [[[3.30977, 7.15664], [3.30914, 7.15696], [3.30808, 7.15707], [3.3062, 7.1576], [3.30488, 7.15971], [3.30442, 7.16163], [3.30757, 7.17027], [3.30632, 7.17055], [3.30642, 7.17611], [3.30535, 7.17794], [3.30125, 7.17908], [3.3068, 7.18721], [3.31215, 7.18309], [3.31442, 7.18734], [3.32007, 7.18803], [3.32423, 7.18889], [3.32744, 7.18612], [3.33258, 7.18411], [3.33441, 7.17824], [3.3348, 7.17702], [3.33512, 7.17602], [3.33432, 7.1721], [3.33366, 7.16955], [3.32896, 7.16228], [3.3271, 7.16348], [3.32623, 7.16459], [3.32588, 7.16415], [3.32549, 7.16347], [3.32534, 7.1627], [3.32433, 7.16289], [3.31947, 7.16623], [3.3204, 7.16115], [3.31919, 7.16157], [3.31693, 7.16216], [3.31302, 7.15802], [3.31709, 7.15418], [3.31645, 7.15253], [3.30977, 7.15664]]]}, "properties": {"name": "Sabo 2", "lga": "Abeokuta North", "state": "og"}}, {"type": "Feature", "geometry": {"type": "Polygon", "coordinates": [[[2.88082, 7.13569], [2.89169, 7.13875], [2.90258, 7.14536], [2.90786, 7.14957], [2.91602, 7.15394], [2.92276, 7.15492], [2.92653, 7.15583], [2.92813, 7.15819], [2.93252, 7.15823], [2.93304, 7.15692], [2.9338, 7.1547], [2.93272, 7.1474], [2.94311, 7.13515], [2.94945, 7.12862], [2.95717, 7.12252], [2.95912, 7.11872], [2.94698, 7.10591], [2.94096, 7.10226], [2.94227, 7.10007], [2.94277, 7.09588], [2.94147, 7.08432], [2.94278, 7.07786], [2.94162, 7.07129], [2.944, 7.06707], [2.94389, 7.06181], [2.94306, 7.05772], [2.94359, 7.05105], [2.94554, 7.04328], [2.94846, 7.03964], [2.94457, 7.03315], [2.94238, 7.03044], [2.94114, 7.02698], [2.9432, 7.02283], [2.94619, 7.01569], [2.95558, 7.0034], [2.95362, 6.9912], [2.95432, 6.98332], [2.95231, 6.97541], [2.94559, 6.96997], [2.9366, 6.96448], [2.9242, 6.95729], [2.92418, 6.9522], [2.91779, 6.94738], [2.91013, 6.94315], [2.90859, 6.9444], [2.90725, 6.94573], [2.90516, 6.94458], [2.9027, 6.94344], [2.89833, 6.95439], [2.89822, 6.95925], [2.89568, 6.96121], [2.89184, 6.96307], [2.8904, 6.96798], [2.88778, 6.97459], [2.88682, 6.97891], [2.88489, 6.9953], [2.88303, 7.00119], [2.87416, 7.01255], [2.87182, 7.02219], [2.86682, 7.03299], [2.86278, 7.03924], [2.86335, 7.04238], [2.86813, 7.05461], [2.86396, 7.06942], [2.8609, 7.07512], [2.85426, 7.08926], [2.8522, 7.09279], [2.85281, 7.0948], [2.85537, 7.10773], [2.85968, 7.10982], [2.86702, 7.11268], [2.86469, 7.12238], [2.87158, 7.12877], [2.87564, 7.13366], [2.88082, 7.13569]]]}, "properties": {"name": "Eggua", "lga": "Yewa North", "state": "og"}}, {"type": "Feature", "geometry": {"type": "Polygon", "coordinates": [[[2.84167, 7.36294], [2.84645, 7.37285], [2.84424, 7.37636], [2.84259, 7.38142], [2.83958, 7.38834], [2.83567, 7.40033], [2.83535, 7.40508], [2.85073, 7.40489], [2.85743, 7.40494], [2.86074, 7.40958], [2.866, 7.4108], [2.8768, 7.42291], [2.8776, 7.42367], [2.87873, 7.4224], [2.87949, 7.42127], [2.87985, 7.41939], [2.88418, 7.41557], [2.88769, 7.41308], [2.89223, 7.40958], [2.8972, 7.40734], [2.90267, 7.40231], [2.90357, 7.39954], [2.90129, 7.38366], [2.90288, 7.38207], [2.9044, 7.38083], [2.90718, 7.37866], [2.92214, 7.37005], [2.92421, 7.36844], [2.92484, 7.36689], [2.91274, 7.35458], [2.91453, 7.34221], [2.92559, 7.32924], [2.95402, 7.30195], [2.95079, 7.30083], [2.94737, 7.29591], [2.9451, 7.2895], [2.94578, 7.28162], [2.94538, 7.2755], [2.94129, 7.26649], [2.93767, 7.26084], [2.92412, 7.26575], [2.88953, 7.26617], [2.88513, 7.26456], [2.87974, 7.26434], [2.87357, 7.26606], [2.87601, 7.27437], [2.87453, 7.27601], [2.86967, 7.2783], [2.86579, 7.27753], [2.86184, 7.27781], [2.85979, 7.28234], [2.85829, 7.29007], [2.85639, 7.29254], [2.85403, 7.29346], [2.85064, 7.29635], [2.85101, 7.3002], [2.8515, 7.30225], [2.85302, 7.30546], [2.85063, 7.31026], [2.84879, 7.31398], [2.84774, 7.31923], [2.84506, 7.32571], [2.84182, 7.33008], [2.84172, 7.3342], [2.8401, 7.3377], [2.83666, 7.34353], [2.8369, 7.34647], [2.84015, 7.3518], [2.84211, 7.3559], [2.84171, 7.35948], [2.84167, 7.36294]]]}, "properties": {"name": "Agboriodo", "lga": "Imeko Afon", "state": "og"}}, {"type": "Feature", "geometry": {"type": "Polygon", "coordinates": [[[3.58011, 6.68347], [3.55249, 6.68328], [3.5536, 6.70709], [3.55144, 6.74874], [3.55552, 6.75683], [3.56086, 6.76762], [3.59356, 6.77418], [3.63857, 6.75369], [3.64112, 6.74447], [3.64178, 6.73886], [3.63855, 6.73271], [3.63507, 6.72672], [3.62945, 6.72196], [3.62243, 6.71978], [3.61815, 6.71688], [3.61244, 6.71175], [3.6097, 6.70638], [3.6081, 6.70205], [3.6089, 6.69783], [3.61198, 6.69341], [3.61525, 6.69121], [3.61707, 6.69012], [3.61833, 6.68329], [3.58011, 6.68347]]]}, "properties": {"name": "Ogijo", "lga": "Shagamu", "state": "og"}}, {"type": "Feature", "geometry": {"type": "Polygon", "coordinates": [[[3.68991, 7.20742], [3.67904, 7.2134], [3.67848, 7.21794], [3.67143, 7.22741], [3.67395, 7.24221], [3.66688, 7.24859], [3.66192, 7.25148], [3.64814, 7.25738], [3.64831, 7.26279], [3.6687, 7.28371], [3.67288, 7.28581], [3.66779, 7.29822], [3.67106, 7.3027], [3.68305, 7.30407], [3.69137, 7.31141], [3.69362, 7.31463], [3.6927, 7.31898], [3.69192, 7.32156], [3.69316, 7.32592], [3.69968, 7.33003], [3.71477, 7.33925], [3.7176, 7.33981], [3.71757, 7.33664], [3.71754, 7.33317], [3.71748, 7.32795], [3.71438, 7.30827], [3.71435, 7.30479], [3.71509, 7.30327], [3.71548, 7.30247], [3.71837, 7.30131], [3.74678, 7.29949], [3.76229, 7.30092], [3.76284, 7.29673], [3.76246, 7.29216], [3.76092, 7.28578], [3.7598, 7.28112], [3.7617, 7.26437], [3.7617, 7.25789], [3.76208, 7.24761], [3.76227, 7.24322], [3.75385, 7.24256], [3.74417, 7.23791], [3.7418, 7.23562], [3.74018, 7.2287], [3.73807, 7.22655], [3.73503, 7.22539], [3.72676, 7.22646], [3.71886, 7.22781], [3.71217, 7.22561], [3.69728, 7.21371], [3.69113, 7.20782], [3.68991, 7.20742]]]}, "properties": {"name": "Alagbagba", "lga": "Odeda", "state": "og"}}, {"type": "Feature", "geometry": {"type": "Polygon", "coordinates": [[[3.69151, 6.71592], [3.68555, 6.74186], [3.71213, 6.74054], [3.72993, 6.74309], [3.75162, 6.73808], [3.76748, 6.72988], [3.79856, 6.7334], [3.80145, 6.75], [3.80575, 6.75795], [3.80799, 6.73931], [3.80777, 6.72492], [3.82709, 6.70638], [3.82787, 6.70581], [3.82731, 6.68285], [3.75725, 6.68273], [3.75518, 6.68399], [3.69629, 6.68415], [3.69237, 6.68279], [3.69151, 6.71592]]]}, "properties": {"name": "Ibefun", "lga": "Odogbolu", "state": "og"}}, {"type": "Feature", "geometry": {"type": "Polygon", "coordinates": [[[3.903, 6.68157], [3.82731, 6.68285], [3.82787, 6.70581], [3.83215, 6.70901], [3.83826, 6.72211], [3.87391, 6.72523], [3.90385, 6.72139], [3.90282, 6.71636], [3.9055, 6.70353], [3.903, 6.68157]]]}, "properties": {"name": "Igbile", "lga": "Odogbolu", "state": "og"}}, {"type": "Feature", "geometry": {"type": "Polygon", "coordinates": [[[4.44474, 6.60917], [4.45432, 6.60732], [4.45805, 6.60272], [4.46522, 6.58214], [4.46469, 6.5769], [4.4753, 6.54408], [4.42906, 6.54379], [4.39678, 6.54898], [4.37639, 6.52267], [4.37138, 6.52381], [4.36364, 6.5279], [4.35597, 6.52899], [4.35199, 6.53889], [4.34914, 6.54456], [4.35108, 6.55011], [4.32582, 6.57379], [4.33114, 6.58339], [4.32876, 6.5994], [4.33481, 6.61199], [4.36267, 6.62838], [4.36301, 6.63441], [4.37848, 6.64224], [4.37996, 6.63922], [4.38277, 6.63462], [4.38743, 6.63003], [4.39022, 6.6282], [4.39394, 6.6273], [4.40322, 6.62458], [4.42647, 6.6127], [4.44474, 6.60917]]]}, "properties": {"name": "Ilushin", "lga": "Ogun Waterside", "state": "og"}}, {"type": "Feature", "geometry": {"type": "Polygon", "coordinates": [[[3.61833, 6.68329], [3.61707, 6.69012], [3.61525, 6.69121], [3.61198, 6.69341], [3.6089, 6.69783], [3.6081, 6.70205], [3.6097, 6.70638], [3.61244, 6.71175], [3.61815, 6.71688], [3.62243, 6.71978], [3.62945, 6.72196], [3.63507, 6.72672], [3.63855, 6.73271], [3.64178, 6.73886], [3.64112, 6.74447], [3.63857, 6.75369], [3.59356, 6.77418], [3.5959, 6.77603], [3.59888, 6.78227], [3.58049, 6.80251], [3.57523, 6.80187], [3.58441, 6.82451], [3.59014, 6.83733], [3.59168, 6.84322], [3.5964, 6.84391], [3.59717, 6.83825], [3.60406, 6.83806], [3.60668, 6.83246], [3.61063, 6.82919], [3.61772, 6.83087], [3.62716, 6.82949], [3.62642, 6.82752], [3.62625, 6.82625], [3.62625, 6.82507], [3.62653, 6.82377], [3.62672, 6.82234], [3.62818, 6.81946], [3.63095, 6.81824], [3.63441, 6.81743], [3.64063, 6.81539], [3.64143, 6.80813], [3.6443, 6.80534], [3.64433, 6.80319], [3.64379, 6.80031], [3.64561, 6.79668], [3.64417, 6.78366], [3.66214, 6.78369], [3.66626, 6.78436], [3.67095, 6.78697], [3.68101, 6.78828], [3.68648, 6.78989], [3.68896, 6.7911], [3.69143, 6.79235], [3.68902, 6.78512], [3.6866, 6.77825], [3.68438, 6.7693], [3.68333, 6.76102], [3.68144, 6.75852], [3.68555, 6.74186], [3.69151, 6.71592], [3.69237, 6.68279], [3.61833, 6.68329]]]}, "properties": {"name": "Odelemo", "lga": "Shagamu", "state": "og"}}, {"type": "Feature", "geometry": {"type": "Polygon", "coordinates": [[[4.00515, 6.84082], [4.00492, 6.84888], [4.00542, 6.84899], [4.00612, 6.85139], [4.00953, 6.8536], [4.01179, 6.85274], [4.01522, 6.84675], [4.01666, 6.84524], [4.01922, 6.84448], [4.02071, 6.84515], [4.02713, 6.85001], [4.03641, 6.85046], [4.0422, 6.85], [4.05222, 6.84045], [4.05657, 6.82647], [4.06015, 6.8193], [4.0636, 6.81659], [4.04056, 6.80447], [4.0368, 6.80561], [4.03355, 6.80575], [4.03044, 6.80518], [4.028, 6.80509], [4.0244, 6.80233], [4.02216, 6.80123], [4.01859, 6.80541], [4.01782, 6.80808], [4.0172, 6.81212], [4.01728, 6.81575], [4.01647, 6.81983], [4.01484, 6.82327], [4.0139, 6.82786], [4.01458, 6.83929], [4.01345, 6.84098], [4.01036, 6.84173], [4.00788, 6.84123], [4.00515, 6.84082]]]}, "properties": {"name": "Ikija", "lga": "Ijebu East", "state": "og"}}, {"type": "Feature", "geometry": {"type": "Polygon", "coordinates": [[[3.80928, 6.78446], [3.81862, 6.78042], [3.82437, 6.77997], [3.83808, 6.77754], [3.86393, 6.75514], [3.86407, 6.74912], [3.86074, 6.74683], [3.8565, 6.74143], [3.83993, 6.73111], [3.83826, 6.72211], [3.83215, 6.70901], [3.82787, 6.70581], [3.82709, 6.70638], [3.80777, 6.72492], [3.80799, 6.73931], [3.80575, 6.75795], [3.80928, 6.78446]]]}, "properties": {"name": "Ilado", "lga": "Odogbolu", "state": "og"}}, {"type": "Feature", "geometry": {"type": "Polygon", "coordinates": [[[2.74583, 6.65875], [2.75214, 6.66996], [2.76709, 6.68522], [2.77334, 6.68856], [2.77818, 6.69169], [2.78356, 6.68635], [2.78208, 6.67962], [2.77911, 6.67028], [2.77961, 6.66209], [2.77933, 6.65269], [2.77732, 6.64441], [2.77398, 6.64515], [2.77239, 6.64474], [2.76945, 6.64793], [2.76801, 6.65204], [2.75493, 6.65675], [2.75382, 6.65383], [2.74583, 6.65875]]]}, "properties": {"name": "Ajegunle", "lga": "Ipokia", "state": "og"}}, {"type": "Feature", "geometry": {"type": "Polygon", "coordinates": [[[2.74989, 6.45261], [2.74357, 6.45257], [2.73773, 6.45264], [2.72984, 6.45979], [2.72298, 6.46152], [2.73305, 6.48395], [2.73969, 6.48631], [2.74357, 6.48788], [2.74597, 6.4885], [2.74825, 6.49021], [2.75147, 6.49262], [2.7545, 6.49465], [2.75986, 6.49645], [2.76822, 6.49888], [2.77046, 6.5003], [2.77384, 6.50245], [2.77496, 6.50609], [2.77839, 6.50905], [2.77992, 6.51209], [2.78381, 6.51327], [2.78907, 6.512], [2.79346, 6.51077], [2.79313, 6.50612], [2.79302, 6.49919], [2.79381, 6.49747], [2.79754, 6.49342], [2.79783, 6.49022], [2.79584, 6.48494], [2.79554, 6.47473], [2.79368, 6.46211], [2.7881, 6.46176], [2.78317, 6.46079], [2.78231, 6.46061], [2.78173, 6.46024], [2.78107, 6.45981], [2.77342, 6.454], [2.76984, 6.45322], [2.76635, 6.45281], [2.75923, 6.45254], [2.74989, 6.45261]]]}, "properties": {"name": "Agada", "lga": "Ipokia", "state": "og"}}, {"type": "Feature", "geometry": {"type": "Polygon", "coordinates": [[[2.74323, 6.5632], [2.74325, 6.56552], [2.75679, 6.57204], [2.76352, 6.57099], [2.7675, 6.56755], [2.7694, 6.56569], [2.76943, 6.56404], [2.76936, 6.5595], [2.7716, 6.55533], [2.76764, 6.55393], [2.7677, 6.54661], [2.76596, 6.54353], [2.76175, 6.54217], [2.76205, 6.53989], [2.76415, 6.53786], [2.7652, 6.53495], [2.76479, 6.52891], [2.75753, 6.52435], [2.75597, 6.5226], [2.75758, 6.5157], [2.75849, 6.51228], [2.75941, 6.5064], [2.76007, 6.49976], [2.75986, 6.49645], [2.7545, 6.49465], [2.75147, 6.49262], [2.74825, 6.49021], [2.74597, 6.4885], [2.74357, 6.48788], [2.73969, 6.48631], [2.73305, 6.48395], [2.72298, 6.46152], [2.71419, 6.46078], [2.70464, 6.45985], [2.7052, 6.46111], [2.70451, 6.46368], [2.70626, 6.46541], [2.70919, 6.4683], [2.71154, 6.47061], [2.71273, 6.47408], [2.71337, 6.47713], [2.71395, 6.47987], [2.71341, 6.48393], [2.71054, 6.48625], [2.71058, 6.49031], [2.7112, 6.49436], [2.70947, 6.49552], [2.70198, 6.50018], [2.70086, 6.50424], [2.70032, 6.50829], [2.70152, 6.51234], [2.70329, 6.51523], [2.70447, 6.51755], [2.70682, 6.52044], [2.70916, 6.52217], [2.71675, 6.52678], [2.72026, 6.52967], [2.72319, 6.53256], [2.72439, 6.53661], [2.72617, 6.54008], [2.72793, 6.54239], [2.73027, 6.5447], [2.73262, 6.54701], [2.74323, 6.5632]]]}, "properties": {"name": "Ijofin", "lga": "Ipokia", "state": "og"}}, {"type": "Feature", "geometry": {"type": "Polygon", "coordinates": [[[4.00647, 6.96516], [4.0128, 6.96525], [4.03024, 6.97427], [4.03358, 6.9785], [4.03873, 6.98523], [4.04551, 6.99069], [4.04918, 6.99881], [4.05148, 7.00369], [4.05158, 7.00405], [4.06968, 7.00397], [4.0734, 7.00516], [4.08855, 7.00788], [4.09591, 7.0027], [4.10317, 6.99652], [4.10299, 6.98677], [4.10744, 6.96799], [4.1025, 6.9612], [4.09726, 6.95683], [4.09362, 6.95412], [4.08815, 6.94886], [4.08272, 6.94047], [4.08017, 6.93675], [4.0785, 6.93097], [4.07793, 6.92995], [4.06353, 6.92861], [4.05988, 6.93261], [4.0491, 6.9407], [4.04146, 6.94307], [4.03798, 6.94166], [4.03611, 6.93271], [4.03578, 6.92829], [4.01929, 6.92944], [4.00393, 6.92764], [4.00378, 6.9277], [4.0018, 6.93848], [3.99825, 6.94315], [3.99779, 6.9443], [3.99739, 6.94579], [4.00058, 6.9549], [3.99772, 6.9565], [3.99746, 6.95725], [3.99732, 6.95767], [3.99738, 6.95909], [4.00075, 6.96458], [4.00647, 6.96516]]]}, "properties": {"name": "Oke Agbo", "lga": "Ijebu North", "state": "og"}}, {"type": "Feature", "geometry": {"type": "Polygon", "coordinates": [[[3.81698, 7.05852], [3.8204, 7.06519], [3.82147, 7.06679], [3.82441, 7.07581], [3.82734, 7.07473], [3.82562, 7.08283], [3.91876, 7.08357], [3.92271, 7.06162], [3.92332, 7.0548], [3.91999, 7.04924], [3.91534, 7.04523], [3.90606, 7.04046], [3.90371, 7.03798], [3.90137, 7.03759], [3.89493, 7.03907], [3.88847, 7.04355], [3.88424, 7.04517], [3.87627, 7.0444], [3.86959, 7.04496], [3.86038, 7.03955], [3.85697, 7.03747], [3.84915, 7.02828], [3.8465, 7.02724], [3.84228, 7.02819], [3.83417, 7.03176], [3.82859, 7.0407], [3.82598, 7.04462], [3.82382, 7.05013], [3.81705, 7.05795], [3.81698, 7.05852]]]}, "properties": {"name": "Mamu", "lga": "Ijebu North", "state": "og"}}, {"type": "Feature", "geometry": {"type": "Polygon", "coordinates": [[[3.8925, 6.82902], [3.89041, 6.82565], [3.88147, 6.83011], [3.8741, 6.82863], [3.87023, 6.82175], [3.86722, 6.8148], [3.86347, 6.8063], [3.8547, 6.80354], [3.84208, 6.80368], [3.85023, 6.81901], [3.85592, 6.84412], [3.85585, 6.85764], [3.87511, 6.84917], [3.88067, 6.84984], [3.88443, 6.84642], [3.89258, 6.84476], [3.89511, 6.84284], [3.89562, 6.84338], [3.89655, 6.84442], [3.9004, 6.84208], [3.9005, 6.84367], [3.90165, 6.84418], [3.90226, 6.84438], [3.90314, 6.84469], [3.90339, 6.84624], [3.90526, 6.84593], [3.90685, 6.84564], [3.9077, 6.8456], [3.90883, 6.8422], [3.90802, 6.83947], [3.90283, 6.8373], [3.90012, 6.83862], [3.89597, 6.83416], [3.89199, 6.83423], [3.8925, 6.82902]]]}, "properties": {"name": "Ososa", "lga": "Odogbolu", "state": "og"}}, {"type": "Feature", "geometry": {"type": "Polygon", "coordinates": [[[4.37417, 6.4931], [4.36203, 6.47085], [4.34225, 6.47965], [4.33196, 6.48607], [4.31717, 6.48685], [4.31945, 6.51123], [4.31673, 6.53792], [4.31587, 6.5553], [4.31743, 6.56367], [4.32582, 6.57379], [4.35108, 6.55011], [4.34914, 6.54456], [4.35199, 6.53889], [4.35597, 6.52899], [4.36364, 6.5279], [4.37138, 6.52381], [4.37639, 6.52267], [4.37417, 6.4931]]]}, "properties": {"name": "Abigi", "lga": "Ogun Waterside", "state": "og"}}, {"type": "Feature", "geometry": {"type": "Polygon", "coordinates": [[[3.35439, 7.23429], [3.34559, 7.22709], [3.33424, 7.22913], [3.31974, 7.22211], [3.31656, 7.22127], [3.31657, 7.2243], [3.31411, 7.25294], [3.31499, 7.25416], [3.32331, 7.25829], [3.32733, 7.26185], [3.33283, 7.2621], [3.3404, 7.26237], [3.35792, 7.25834], [3.36262, 7.25866], [3.36917, 7.26012], [3.37365, 7.26453], [3.37563, 7.26699], [3.37661, 7.27028], [3.37719, 7.2734], [3.37669, 7.28204], [3.37556, 7.28771], [3.37165, 7.29196], [3.35908, 7.30106], [3.34382, 7.29971], [3.33512, 7.30183], [3.33038, 7.30524], [3.32493, 7.31727], [3.33292, 7.33424], [3.33469, 7.33713], [3.33941, 7.34465], [3.34352, 7.34927], [3.34471, 7.35274], [3.34708, 7.35737], [3.35004, 7.36316], [3.35356, 7.36662], [3.35708, 7.37067], [3.35944, 7.37414], [3.36357, 7.37699], [3.36938, 7.38222], [3.37581, 7.38683], [3.38054, 7.39609], [3.38347, 7.3984], [3.38582, 7.40128], [3.38585, 7.40476], [3.38303, 7.41288], [3.38132, 7.41578], [3.38251, 7.41867], [3.38428, 7.42098], [3.38315, 7.42388], [3.38143, 7.4262], [3.38148, 7.43084], [3.38266, 7.43315], [3.385, 7.43546], [3.38734, 7.43719], [3.39317, 7.43949], [3.39608, 7.44064], [3.39863, 7.44366], [3.39901, 7.44411], [3.40023, 7.44932], [3.39389, 7.45397], [3.39308, 7.45583], [3.39569, 7.45918], [3.41147, 7.4713], [3.42664, 7.47995], [3.44243, 7.49207], [3.44593, 7.49379], [3.45348, 7.49493], [3.45344, 7.4903], [3.45223, 7.48625], [3.46658, 7.47115], [3.46597, 7.46825], [3.46536, 7.46536], [3.46358, 7.46073], [3.46064, 7.45726], [3.46001, 7.45263], [3.4594, 7.44973], [3.4663, 7.44276], [3.4686, 7.44102], [3.47148, 7.4387], [3.48286, 7.41723], [3.48223, 7.41202], [3.48101, 7.40681], [3.47924, 7.40392], [3.47749, 7.40219], [3.47572, 7.3993], [3.47378, 7.39692], [3.47249, 7.39607], [3.46772, 7.39167], [3.45795, 7.38181], [3.45528, 7.37425], [3.45089, 7.36912], [3.44888, 7.36789], [3.44297, 7.36885], [3.43865, 7.36809], [3.42792, 7.36391], [3.42548, 7.35769], [3.41947, 7.34956], [3.41357, 7.34188], [3.41303, 7.33266], [3.41534, 7.32865], [3.42627, 7.31922], [3.43163, 7.31543], [3.4394, 7.31063], [3.44008, 7.30505], [3.43419, 7.29529], [3.4328, 7.29106], [3.43828, 7.28653], [3.4411, 7.2861], [3.43352, 7.27011], [3.42385, 7.27677], [3.41911, 7.26391], [3.41571, 7.25338], [3.41171, 7.24931], [3.40677, 7.24418], [3.40036, 7.23605], [3.39438, 7.23252], [3.39079, 7.23053], [3.38697, 7.228], [3.3857, 7.2255], [3.38435, 7.22182], [3.38427, 7.21047], [3.37213, 7.22535], [3.35439, 7.23429]]]}, "properties": {"name": "Opebi", "lga": "Odeda", "state": "og"}}, {"type": "Feature", "geometry": {"type": "Polygon", "coordinates": [[[3.7634, 6.9561], [3.794, 6.98863], [3.79078, 7.00469], [3.78996, 7.01064], [3.79229, 7.01899], [3.78289, 7.02507], [3.78431, 7.0296], [3.7874, 7.03103], [3.79146, 7.03898], [3.79658, 7.04441], [3.79666, 7.04934], [3.79912, 7.05261], [3.80123, 7.05506], [3.8117, 7.05973], [3.81698, 7.05852], [3.81705, 7.05795], [3.82382, 7.05013], [3.82598, 7.04462], [3.82859, 7.0407], [3.83417, 7.03176], [3.84228, 7.02819], [3.8465, 7.02724], [3.84915, 7.02828], [3.85697, 7.03747], [3.86038, 7.03955], [3.86959, 7.04496], [3.87627, 7.0444], [3.88424, 7.04517], [3.88847, 7.04355], [3.89493, 7.03907], [3.90137, 7.03759], [3.90371, 7.03798], [3.91102, 7.0284], [3.9108, 7.02575], [3.91217, 7.01396], [3.91034, 7.01017], [3.908, 7.0029], [3.90769, 7.00016], [3.90888, 6.99636], [3.91098, 6.99251], [3.91731, 6.98541], [3.91729, 6.98168], [3.8999, 6.97784], [3.89612, 6.97283], [3.89453, 6.96688], [3.89252, 6.96034], [3.8932, 6.95452], [3.89702, 6.9493], [3.89568, 6.9414], [3.89031, 6.93797], [3.89365, 6.9369], [3.89392, 6.93557], [3.89375, 6.93428], [3.89425, 6.9336], [3.89107, 6.93342], [3.889, 6.93348], [3.88761, 6.93374], [3.87783, 6.93695], [3.87844, 6.94019], [3.87616, 6.95141], [3.87083, 6.96544], [3.86788, 6.96795], [3.86508, 6.97066], [3.86216, 6.97236], [3.85544, 6.97335], [3.85248, 6.97185], [3.85084, 6.9667], [3.84144, 6.95237], [3.84123, 6.94783], [3.83544, 6.94124], [3.82973, 6.93956], [3.82565, 6.93722], [3.82071, 6.92737], [3.81236, 6.92478], [3.80474, 6.91189], [3.80119, 6.90391], [3.79101, 6.89054], [3.79036, 6.88838], [3.7733, 6.8779], [3.76345, 6.89221], [3.76514, 6.9273], [3.76302, 6.94478], [3.76166, 6.94587], [3.7634, 6.9561]]]}, "properties": {"name": "Ago Iwoye 2", "lga": "Ijebu North", "state": "og"}}, {"type": "Feature", "geometry": {"type": "Polygon", "coordinates": [[[3.99735, 6.9896], [3.99739, 7.00183], [3.9984, 7.00273], [4.00144, 7.01122], [4.00295, 7.03684], [4.0052, 7.04089], [4.00985, 7.0474], [4.01803, 7.04993], [4.02606, 7.05111], [4.03476, 7.0497], [4.03892, 7.05105], [4.05075, 7.06022], [4.05419, 7.06425], [4.06398, 7.05706], [4.06201, 7.05109], [4.0607, 7.04246], [4.0579, 7.03887], [4.05708, 7.03523], [4.05378, 7.02722], [4.05886, 7.02119], [4.04551, 6.99069], [4.03873, 6.98523], [4.03358, 6.9785], [4.03024, 6.97427], [4.02312, 6.97078], [4.01834, 6.96794], [4.01701, 6.96737], [4.0153, 6.96804], [4.0141, 6.9681], [4.01329, 6.9686], [4.01032, 6.97561], [4.00166, 6.97148], [3.99885, 6.97316], [4.0009, 6.97604], [4.00155, 6.98277], [3.99721, 6.98465], [3.99735, 6.9896]]]}, "properties": {"name": "Atikori", "lga": "Ijebu North", "state": "og"}}, {"type": "Feature", "geometry": {"type": "Polygon", "coordinates": [[[3.74329, 6.99844], [3.73758, 6.9793], [3.73565, 6.98072], [3.72997, 6.98241], [3.71387, 6.99574], [3.7135, 6.99627], [3.71035, 6.99621], [3.70469, 6.9964], [3.70372, 7.00189], [3.70396, 7.00394], [3.7037, 7.00829], [3.70529, 7.01538], [3.70635, 7.01792], [3.71102, 7.01794], [3.71479, 7.01871], [3.72198, 7.01903], [3.72762, 7.02483], [3.74104, 7.02318], [3.74329, 6.99844]]]}, "properties": {"name": "Iyankan / Imagbon", "lga": "Remo North", "state": "og"}}, {"type": "Feature", "geometry": {"type": "Polygon", "coordinates": [[[4.60959, 7.03108], [4.60682, 7.02737], [4.60221, 7.02365], [4.59574, 7.01992], [4.5902, 7.0162], [4.58478, 7.01398], [4.57264, 7.00502], [4.56895, 7.00131], [4.56435, 6.99574], [4.56161, 6.98834], [4.55621, 6.95876], [4.55717, 6.9523], [4.5572, 6.94676], [4.55723, 6.94215], [4.55633, 6.93752], [4.55752, 6.88952], [4.55477, 6.88396], [4.55387, 6.87934], [4.55204, 6.87471], [4.54669, 6.8413], [4.54115, 6.83665], [4.53744, 6.83308], [4.5189, 6.82166], [4.50594, 6.8179], [4.48005, 6.80391], [4.47636, 6.80111], [4.47082, 6.79739], [4.45789, 6.78809], [4.44866, 6.77972], [4.44312, 6.776], [4.43757, 6.7732], [4.42925, 6.76946], [4.42648, 6.76667], [4.42187, 6.76203], [4.41913, 6.75555], [4.41822, 6.75185], [4.41732, 6.74631], [4.41457, 6.74168], [4.41088, 6.73704], [4.40721, 6.73148], [4.40167, 6.72591], [4.3925, 6.7187], [4.38974, 6.71592], [4.38895, 6.71352], [4.38882, 6.71314], [4.38994, 6.67898], [4.38904, 6.67436], [4.38721, 6.66973], [4.38444, 6.66787], [4.37981, 6.666], [4.37612, 6.66321], [4.37615, 6.65767], [4.37618, 6.65305], [4.3762, 6.64844], [4.37706, 6.64512], [4.37848, 6.64224], [4.36301, 6.63441], [4.35078, 6.64781], [4.32314, 6.6596], [4.31447, 6.66412], [4.29806, 6.66604], [4.28759, 6.663], [4.27466, 6.65297], [4.25729, 6.63971], [4.25001, 6.62256], [4.24116, 6.62715], [4.23578, 6.62647], [4.21745, 6.62467], [4.20767, 6.62557], [4.19834, 6.62456], [4.18709, 6.62692], [4.16786, 6.63041], [4.15942, 6.63407], [4.14629, 6.63852], [4.14436, 6.6493], [4.13624, 6.65838], [4.12319, 6.66604], [4.10351, 6.67286], [4.09133, 6.67969], [4.08501, 6.67978], [4.08699, 6.68303], [4.09203, 6.68792], [4.10741, 6.70786], [4.11665, 6.71498], [4.13192, 6.72111], [4.1359, 6.73949], [4.13487, 6.74938], [4.12979, 6.75593], [4.12704, 6.75612], [4.1125, 6.77005], [4.11571, 6.7745], [4.12037, 6.77613], [4.13491, 6.78102], [4.13758, 6.78723], [4.13881, 6.79258], [4.13934, 6.80041], [4.13968, 6.80466], [4.13962, 6.80896], [4.14154, 6.81514], [4.14513, 6.81933], [4.14656, 6.82231], [4.14627, 6.83325], [4.14757, 6.83593], [4.1492, 6.84161], [4.15007, 6.8445], [4.1538, 6.85108], [4.15716, 6.85222], [4.15909, 6.85236], [4.1622, 6.84912], [4.16164, 6.83292], [4.16288, 6.82925], [4.16359, 6.82812], [4.16756, 6.82683], [4.16961, 6.82637], [4.17484, 6.82401], [4.17828, 6.82407], [4.18288, 6.82509], [4.18853, 6.82485], [4.19415, 6.82104], [4.19824, 6.81909], [4.20883, 6.81622], [4.21318, 6.81061], [4.22459, 6.8061], [4.2302, 6.80468], [4.23718, 6.80598], [4.24789, 6.81004], [4.25891, 6.80567], [4.2789, 6.81449], [4.29106, 6.81587], [4.30773, 6.81829], [4.3193, 6.82932], [4.31994, 6.86371], [4.31882, 6.88074], [4.31074, 6.9175], [4.3476, 6.95046], [4.38641, 6.98955], [4.39038, 6.98085], [4.40054, 6.98073], [4.40967, 6.98759], [4.41691, 6.99406], [4.42452, 7.00244], [4.43823, 7.00472], [4.45422, 7.00091], [4.46335, 6.9933], [4.48011, 6.99063], [4.48886, 6.99178], [4.49648, 7.00129], [4.50904, 7.01348], [4.51627, 7.02261], [4.52236, 7.02452], [4.52655, 7.02337], [4.53417, 7.02376], [4.53752, 7.02269], [4.54254, 7.02109], [4.55929, 7.02147], [4.57719, 7.02337], [4.59242, 7.0287], [4.6046, 7.03137], [4.60959, 7.03108]]]}, "properties": {"name": "Ogbere", "lga": "Ijebu East", "state": "og"}}, {"type": "Feature", "geometry": {"type": "Polygon", "coordinates": [[[4.60077, 6.6149], [4.59811, 6.59334], [4.58991, 6.56744], [4.58825, 6.53236], [4.59479, 6.52315], [4.5976, 6.51855], [4.59948, 6.51394], [4.60163, 6.50931], [4.60417, 6.50381], [4.60605, 6.4992], [4.60522, 6.49216], [4.60332, 6.49088], [4.58697, 6.49427], [4.56433, 6.49897], [4.56527, 6.49621], [4.56529, 6.49251], [4.56624, 6.48975], [4.56626, 6.48513], [4.56628, 6.48144], [4.56631, 6.47682], [4.55996, 6.45093], [4.5563, 6.4426], [4.55446, 6.43982], [4.55112, 6.4351], [4.54432, 6.4363], [4.49436, 6.44401], [4.47607, 6.44246], [4.4611, 6.45088], [4.46112, 6.45156], [4.46999, 6.48275], [4.46906, 6.50186], [4.46903, 6.5094], [4.4682, 6.52424], [4.46971, 6.53062], [4.4753, 6.54408], [4.49103, 6.50872], [4.49661, 6.50506], [4.49938, 6.50692], [4.5039, 6.52818], [4.5121, 6.55408], [4.51486, 6.55779], [4.51853, 6.56428], [4.52861, 6.58649], [4.5323, 6.59021], [4.53504, 6.59669], [4.5378, 6.60132], [4.56451, 6.63378], [4.56727, 6.63657], [4.57282, 6.63937], [4.57837, 6.64217], [4.58254, 6.64219], [4.58672, 6.64129], [4.58951, 6.63946], [4.59231, 6.63671], [4.59373, 6.63391], [4.59512, 6.63118], [4.59699, 6.62935], [4.59888, 6.62289], [4.60076, 6.61829], [4.60077, 6.6149]]]}, "properties": {"name": "Ayila", "lga": "Ogun Waterside", "state": "og"}}, {"type": "Feature", "geometry": {"type": "Polygon", "coordinates": [[[3.75105, 6.97257], [3.7634, 6.9561], [3.73332, 6.94763], [3.72406, 6.94864], [3.71242, 6.95338], [3.70518, 6.96026], [3.70528, 6.96067], [3.6998, 6.97236], [3.69979, 6.97328], [3.70279, 6.97644], [3.70447, 6.97698], [3.70836, 6.97839], [3.70985, 6.98075], [3.70973, 6.98245], [3.71387, 6.99574], [3.72997, 6.98241], [3.73565, 6.98072], [3.73758, 6.9793], [3.75105, 6.97257]]]}, "properties": {"name": "Akaka", "lga": "Remo North", "state": "og"}}, {"type": "Feature", "geometry": {"type": "Polygon", "coordinates": [[[3.40913, 7.15927], [3.40944, 7.16452], [3.41233, 7.17148], [3.40457, 7.17684], [3.39816, 7.17506], [3.39609, 7.17323], [3.39188, 7.17186], [3.3919, 7.17611], [3.39153, 7.17744], [3.39089, 7.1816], [3.38994, 7.18313], [3.38859, 7.18472], [3.38277, 7.18586], [3.38242, 7.18901], [3.38122, 7.19226], [3.37787, 7.1935], [3.37335, 7.19339], [3.37118, 7.19528], [3.37137, 7.19559], [3.37428, 7.20296], [3.37873, 7.20449], [3.38075, 7.20526], [3.38244, 7.20726], [3.38427, 7.21047], [3.38435, 7.22182], [3.3857, 7.2255], [3.38697, 7.228], [3.39079, 7.23053], [3.39438, 7.23252], [3.40036, 7.23605], [3.40677, 7.24418], [3.41171, 7.24931], [3.41571, 7.25338], [3.41911, 7.26391], [3.42385, 7.27677], [3.43352, 7.27011], [3.43415, 7.26929], [3.44011, 7.26492], [3.44336, 7.25708], [3.44373, 7.25365], [3.44003, 7.24914], [3.43613, 7.24317], [3.42581, 7.23766], [3.42335, 7.23328], [3.41819, 7.22545], [3.41749, 7.21673], [3.41776, 7.21331], [3.4194, 7.2107], [3.42323, 7.2093], [3.42461, 7.19506], [3.42605, 7.19404], [3.4285, 7.18797], [3.42944, 7.186], [3.42915, 7.18321], [3.43281, 7.18099], [3.44165, 7.17903], [3.44246, 7.17444], [3.43579, 7.1702], [3.43359, 7.16769], [3.42895, 7.163], [3.42706, 7.15788], [3.42445, 7.15687], [3.42465, 7.15532], [3.41319, 7.16108], [3.41157, 7.16047], [3.40913, 7.15927]]]}, "properties": {"name": "Obantoto", "lga": "Odeda", "state": "og"}}, {"type": "Feature", "geometry": {"type": "Polygon", "coordinates": [[[4.08699, 6.68303], [4.06244, 6.71304], [4.06287, 6.71409], [4.055, 6.72748], [4.05404, 6.73114], [4.05354, 6.73555], [4.05368, 6.73601], [4.05428, 6.74221], [4.06375, 6.74782], [4.06997, 6.75354], [4.07508, 6.76357], [4.07786, 6.77098], [4.08672, 6.77617], [4.08974, 6.77631], [4.10096, 6.76903], [4.10406, 6.76585], [4.1125, 6.77005], [4.12704, 6.75612], [4.12979, 6.75593], [4.13487, 6.74938], [4.1359, 6.73949], [4.13192, 6.72111], [4.11665, 6.71498], [4.10741, 6.70786], [4.09203, 6.68792], [4.08699, 6.68303]]]}, "properties": {"name": "Itele", "lga": "Ijebu East", "state": "og"}}, {"type": "Feature", "geometry": {"type": "Polygon", "coordinates": [[[3.97587, 6.9584], [3.98204, 6.96825], [3.98294, 6.96866], [3.98372, 6.96904], [3.98435, 6.96985], [3.98466, 6.97066], [3.98498, 6.97236], [3.98542, 6.97328], [3.98946, 6.97757], [3.9933, 6.97397], [3.99848, 6.97404], [4.00166, 6.97148], [4.01032, 6.97561], [4.01329, 6.9686], [4.0141, 6.9681], [4.0153, 6.96804], [4.01701, 6.96737], [4.01585, 6.96695], [4.01492, 6.96659], [4.0128, 6.96525], [4.00746, 6.96557], [4.00075, 6.96458], [4.00059, 6.96445], [4.0002, 6.96401], [3.99975, 6.96343], [3.99738, 6.95909], [3.99732, 6.95767], [3.99746, 6.95725], [3.99772, 6.9565], [4.00058, 6.9549], [4.00026, 6.95161], [3.99774, 6.94781], [3.99739, 6.94579], [3.99779, 6.9443], [3.99825, 6.94315], [3.99476, 6.94372], [3.98205, 6.94484], [3.98177, 6.94666], [3.98229, 6.94827], [3.98209, 6.94984], [3.97673, 6.95331], [3.97587, 6.9584]]]}, "properties": {"name": "Obada", "lga": "Ijebu North", "state": "og"}}, {"type": "Feature", "geometry": {"type": "Polygon", "coordinates": [[[3.68991, 7.20742], [3.68932, 7.1908], [3.67185, 7.18352], [3.66291, 7.175], [3.65926, 7.1799], [3.65597, 7.18271], [3.64895, 7.18435], [3.64491, 7.18165], [3.64227, 7.18221], [3.63813, 7.18496], [3.63511, 7.19011], [3.63405, 7.1941], [3.62864, 7.19843], [3.62419, 7.19562], [3.61998, 7.18639], [3.61548, 7.18558], [3.61109, 7.18415], [3.60771, 7.18417], [3.60193, 7.18665], [3.59552, 7.18528], [3.5829, 7.19263], [3.58691, 7.20116], [3.58261, 7.20879], [3.58034, 7.21125], [3.57693, 7.21551], [3.57246, 7.21507], [3.56986, 7.21495], [3.56667, 7.21404], [3.56152, 7.21635], [3.55872, 7.21676], [3.55409, 7.21918], [3.55085, 7.21926], [3.5482, 7.21484], [3.54766, 7.21112], [3.54458, 7.2063], [3.54306, 7.20672], [3.53745, 7.21117], [3.53581, 7.21881], [3.5315, 7.22199], [3.51478, 7.22836], [3.51091, 7.2335], [3.50724, 7.23397], [3.50372, 7.23497], [3.50145, 7.23443], [3.49933, 7.23083], [3.49739, 7.22974], [3.49628, 7.22874], [3.49277, 7.22839], [3.4912, 7.22584], [3.48982, 7.22397], [3.48731, 7.2222], [3.48217, 7.22348], [3.48055, 7.22456], [3.47588, 7.21929], [3.47257, 7.22095], [3.47227, 7.2239], [3.47126, 7.23099], [3.47333, 7.23598], [3.47262, 7.24163], [3.47073, 7.24619], [3.47079, 7.24982], [3.47661, 7.25588], [3.47998, 7.25785], [3.48566, 7.25856], [3.48775, 7.25973], [3.49242, 7.26561], [3.49445, 7.26824], [3.4953, 7.27048], [3.4957, 7.2727], [3.49544, 7.29413], [3.50688, 7.30767], [3.51574, 7.31085], [3.5185, 7.31299], [3.52971, 7.31281], [3.53346, 7.3116], [3.53799, 7.30652], [3.55114, 7.30037], [3.55227, 7.30141], [3.56294, 7.29919], [3.57007, 7.29406], [3.57362, 7.29076], [3.58043, 7.28809], [3.58624, 7.2919], [3.59121, 7.29169], [3.59388, 7.2879], [3.59738, 7.28226], [3.59804, 7.27772], [3.59698, 7.27313], [3.59767, 7.27129], [3.60054, 7.2677], [3.60608, 7.26632], [3.61165, 7.26449], [3.61779, 7.27079], [3.62377, 7.27125], [3.62994, 7.26962], [3.6344, 7.26853], [3.64046, 7.2654], [3.64831, 7.26279], [3.64814, 7.25738], [3.66192, 7.25148], [3.66688, 7.24859], [3.67395, 7.24221], [3.67143, 7.22741], [3.67848, 7.21794], [3.67904, 7.2134], [3.68991, 7.20742]]]}, "properties": {"name": "Odeda", "lga": "Odeda", "state": "og"}}, {"type": "Feature", "geometry": {"type": "Polygon", "coordinates": [[[3.44165, 7.17903], [3.43281, 7.18099], [3.42915, 7.18321], [3.42944, 7.186], [3.4285, 7.18797], [3.42605, 7.19404], [3.42461, 7.19506], [3.42323, 7.2093], [3.42837, 7.20957], [3.432, 7.20529], [3.4354, 7.20325], [3.4402, 7.20042], [3.44683, 7.20374], [3.45626, 7.20208], [3.45815, 7.20289], [3.46222, 7.20473], [3.46527, 7.20856], [3.46768, 7.21011], [3.4696, 7.20969], [3.47746, 7.21582], [3.47841, 7.21511], [3.48102, 7.21099], [3.48277, 7.20952], [3.48708, 7.20966], [3.49286, 7.20291], [3.49626, 7.19096], [3.49211, 7.1873], [3.48715, 7.18753], [3.48294, 7.19294], [3.46645, 7.18701], [3.45062, 7.18685], [3.44672, 7.18517], [3.4445, 7.18255], [3.44165, 7.17903]]]}, "properties": {"name": "Osiele", "lga": "Odeda", "state": "og"}}, {"type": "Feature", "geometry": {"type": "Polygon", "coordinates": [[[3.88067, 6.84984], [3.87511, 6.84917], [3.85585, 6.85764], [3.83622, 6.8503], [3.82861, 6.86755], [3.85144, 6.89039], [3.88523, 6.90225], [3.89253, 6.89585], [3.89387, 6.88677], [3.88717, 6.86983], [3.88646, 6.86216], [3.88579, 6.8613], [3.88458, 6.85701], [3.88067, 6.84984]]]}, "properties": {"name": "Imodi", "lga": "Odogbolu", "state": "og"}}, {"type": "Feature", "geometry": {"type": "Polygon", "coordinates": [[[3.47588, 7.21929], [3.47746, 7.21582], [3.4696, 7.20969], [3.46768, 7.21011], [3.46527, 7.20856], [3.46222, 7.20473], [3.45815, 7.20289], [3.45626, 7.20208], [3.44683, 7.20374], [3.4402, 7.20042], [3.4354, 7.20325], [3.432, 7.20529], [3.42837, 7.20957], [3.42323, 7.2093], [3.4194, 7.2107], [3.41776, 7.21331], [3.41749, 7.21673], [3.41819, 7.22545], [3.42335, 7.23328], [3.42581, 7.23766], [3.43613, 7.24317], [3.44003, 7.24914], [3.44373, 7.25365], [3.44336, 7.25708], [3.44011, 7.26492], [3.43415, 7.26929], [3.43352, 7.27011], [3.4411, 7.2861], [3.43828, 7.28653], [3.4328, 7.29106], [3.43419, 7.29529], [3.44008, 7.30505], [3.4394, 7.31063], [3.43163, 7.31543], [3.42627, 7.31922], [3.41534, 7.32865], [3.41303, 7.33266], [3.41357, 7.34188], [3.41947, 7.34956], [3.42548, 7.35769], [3.42792, 7.36391], [3.43865, 7.36809], [3.44297, 7.36885], [3.44888, 7.36789], [3.45089, 7.36912], [3.45528, 7.37425], [3.45795, 7.38181], [3.46772, 7.39167], [3.47249, 7.39607], [3.47378, 7.39692], [3.47337, 7.39641], [3.47273, 7.3912], [3.47445, 7.38887], [3.4791, 7.38944], [3.48201, 7.39117], [3.48377, 7.39232], [3.49771, 7.3946], [3.51175, 7.40615], [3.5139, 7.40433], [3.52891, 7.40141], [3.53838, 7.39976], [3.54943, 7.39365], [3.56987, 7.38787], [3.57566, 7.37911], [3.579, 7.37334], [3.57889, 7.36663], [3.58486, 7.35161], [3.57757, 7.33428], [3.57771, 7.33392], [3.57525, 7.32975], [3.56938, 7.3183], [3.5613, 7.31363], [3.5542, 7.3059], [3.55227, 7.30141], [3.55114, 7.30037], [3.53799, 7.30652], [3.53346, 7.3116], [3.52971, 7.31281], [3.5185, 7.31299], [3.51574, 7.31085], [3.50688, 7.30767], [3.49544, 7.29413], [3.4957, 7.2727], [3.4953, 7.27048], [3.49445, 7.26824], [3.49242, 7.26561], [3.48775, 7.25973], [3.48566, 7.25856], [3.47998, 7.25785], [3.47661, 7.25588], [3.47079, 7.24982], [3.47073, 7.24619], [3.47262, 7.24163], [3.47333, 7.23598], [3.47126, 7.23099], [3.47227, 7.2239], [3.47257, 7.22095], [3.47588, 7.21929]]]}, "properties": {"name": "Alabata", "lga": "Odeda", "state": "og"}}, {"type": "Feature", "geometry": {"type": "Polygon", "coordinates": [[[3.94266, 6.92098], [3.9449, 6.92222], [3.94548, 6.93773], [3.93912, 6.94605], [3.93152, 6.94648], [3.93167, 6.95069], [3.92459, 6.95714], [3.91729, 6.98168], [3.91731, 6.98541], [3.91098, 6.99251], [3.90888, 6.99636], [3.90769, 7.00016], [3.908, 7.0029], [3.91034, 7.01017], [3.91217, 7.01396], [3.9108, 7.02575], [3.91102, 7.0284], [3.90371, 7.03798], [3.90606, 7.04046], [3.91534, 7.04523], [3.91999, 7.04924], [3.92332, 7.0548], [3.92271, 7.06162], [3.91876, 7.08357], [3.93892, 7.08391], [3.94782, 7.08648], [3.95339, 7.0881], [3.96024, 7.09228], [3.96135, 7.09811], [3.96271, 7.10173], [3.9765, 7.09053], [3.9765, 7.09045], [3.97535, 7.08552], [3.97665, 7.076], [3.96597, 7.06608], [3.96484, 7.06018], [3.96577, 7.05076], [3.96375, 7.03712], [3.96118, 7.0317], [3.95782, 7.02294], [3.95661, 7.01745], [3.94417, 7.0017], [3.95326, 6.99218], [3.95412, 6.97123], [3.95764, 6.97046], [3.95895, 6.96901], [3.97583, 6.95819], [3.97673, 6.95331], [3.98209, 6.94984], [3.98229, 6.94827], [3.98177, 6.94666], [3.98205, 6.94484], [3.99476, 6.94372], [3.99825, 6.94315], [4.0018, 6.93848], [4.00378, 6.9277], [4.0008, 6.92623], [3.99185, 6.92011], [3.9886, 6.91729], [3.98111, 6.91819], [3.97297, 6.91718], [3.96852, 6.91549], [3.96189, 6.91063], [3.95902, 6.90356], [3.95368, 6.89426], [3.94323, 6.89136], [3.93663, 6.89798], [3.93392, 6.90606], [3.93674, 6.91497], [3.94005, 6.91922], [3.94266, 6.92098]]]}, "properties": {"name": "Oru / Awa", "lga": "Ijebu North", "state": "og"}}, {"type": "Feature", "geometry": {"type": "Polygon", "coordinates": [[[3.58486, 7.35161], [3.57889, 7.36663], [3.579, 7.37334], [3.57566, 7.37911], [3.56987, 7.38787], [3.54943, 7.39365], [3.53838, 7.39976], [3.52891, 7.40141], [3.5139, 7.40433], [3.51175, 7.40615], [3.52229, 7.41538], [3.52466, 7.42059], [3.52934, 7.42405], [3.53226, 7.42636], [3.54052, 7.43966], [3.54575, 7.4408], [3.54923, 7.44079], [3.55504, 7.44136], [3.60379, 7.44296], [3.65716, 7.44339], [3.6653, 7.44511], [3.67401, 7.44566], [3.6827, 7.44506], [3.7042, 7.44789], [3.70709, 7.44731], [3.70673, 7.41148], [3.7022, 7.40962], [3.70107, 7.40756], [3.69352, 7.40006], [3.69346, 7.38797], [3.71983, 7.38742], [3.71979, 7.38413], [3.72035, 7.38182], [3.72032, 7.37892], [3.7176, 7.33981], [3.71477, 7.33925], [3.69968, 7.33003], [3.69316, 7.32592], [3.69192, 7.32156], [3.6927, 7.31898], [3.69362, 7.31463], [3.69137, 7.31141], [3.68305, 7.30407], [3.67106, 7.3027], [3.66779, 7.29822], [3.65892, 7.29691], [3.6588, 7.2979], [3.6548, 7.2999], [3.6522, 7.30049], [3.64241, 7.3012], [3.63814, 7.29864], [3.63255, 7.29903], [3.62741, 7.30173], [3.61793, 7.31719], [3.61638, 7.32168], [3.61532, 7.32942], [3.61549, 7.33415], [3.61311, 7.34075], [3.61661, 7.34555], [3.58486, 7.35161]]]}, "properties": {"name": "Ilugun", "lga": "Odeda", "state": "og"}}, {"type": "Feature", "geometry": {"type": "Polygon", "coordinates": [[[3.50349, 6.80272], [3.4909, 6.82461], [3.48831, 6.83322], [3.50937, 6.84776], [3.53098, 6.85273], [3.53639, 6.8419], [3.54031, 6.83267], [3.54685, 6.82909], [3.56131, 6.83877], [3.57143, 6.84986], [3.56819, 6.86953], [3.56974, 6.88093], [3.57031, 6.88948], [3.57224, 6.89798], [3.58195, 6.89876], [3.58278, 6.90034], [3.58739, 6.90546], [3.5964, 6.90095], [3.60421, 6.89632], [3.60581, 6.89403], [3.60587, 6.8775], [3.57109, 6.79128], [3.56446, 6.7862], [3.52935, 6.81233], [3.52002, 6.8222], [3.50349, 6.80272]]]}, "properties": {"name": "Simawa", "lga": "Shagamu", "state": "og"}}, {"type": "Feature", "geometry": {"type": "Polygon", "coordinates": [[[4.01243, 6.86033], [4.0181, 6.86603], [4.03031, 6.86714], [4.03491, 6.86839], [4.04008, 6.87277], [4.0475, 6.87841], [4.06222, 6.88179], [4.06432, 6.88801], [4.06788, 6.88981], [4.08617, 6.89171], [4.07958, 6.86104], [4.08767, 6.84737], [4.08411, 6.82943], [4.07712, 6.8204], [4.07211, 6.81508], [4.06737, 6.81457], [4.0636, 6.81659], [4.06015, 6.8193], [4.05657, 6.82647], [4.05222, 6.84045], [4.0422, 6.85], [4.03641, 6.85046], [4.02713, 6.85001], [4.02071, 6.84515], [4.01922, 6.84448], [4.01666, 6.84524], [4.01522, 6.84675], [4.01179, 6.85274], [4.00953, 6.8536], [4.01243, 6.86033]]]}, "properties": {"name": "Atan", "lga": "Ijebu North East", "state": "og"}}, {"type": "Feature", "geometry": {"type": "Polygon", "coordinates": [[[3.92829, 6.79338], [3.92975, 6.79316], [3.93044, 6.79301], [3.93014, 6.79194], [3.93008, 6.79162], [3.92993, 6.79079], [3.93615, 6.78568], [3.93636, 6.78309], [3.93616, 6.77856], [3.93791, 6.77572], [3.94056, 6.7708], [3.94936, 6.76646], [3.9546, 6.76267], [3.95616, 6.75482], [3.95484, 6.74826], [3.94988, 6.7466], [3.93993, 6.7474], [3.93028, 6.75337], [3.91371, 6.75142], [3.90155, 6.75666], [3.89541, 6.75524], [3.89378, 6.76261], [3.89889, 6.76914], [3.89936, 6.77534], [3.8998, 6.7823], [3.90154, 6.78602], [3.90302, 6.78764], [3.90452, 6.79568], [3.91123, 6.80004], [3.92126, 6.80082], [3.92128, 6.7953], [3.92246, 6.79407], [3.92452, 6.79387], [3.92669, 6.79361], [3.92829, 6.79338]]]}, "properties": {"name": "Ogbo", "lga": "Odogbolu", "state": "og"}}, {"type": "Feature", "geometry": {"type": "Polygon", "coordinates": [[[4.08836, 7.13345], [4.0888, 7.13366], [4.09159, 7.12449], [4.09953, 7.11186], [4.10199, 7.10621], [4.104, 7.10078], [4.1089, 7.09162], [4.10795, 7.08517], [4.10609, 7.08227], [4.09334, 7.07937], [4.0872, 7.07355], [4.08264, 7.06398], [4.07943, 7.06073], [4.07433, 7.05654], [4.06398, 7.05706], [4.05419, 7.06425], [4.05075, 7.06022], [4.03892, 7.05105], [4.03476, 7.0497], [4.02606, 7.05111], [4.01803, 7.04993], [4.00985, 7.0474], [4.0052, 7.04089], [4.00295, 7.03684], [4.00144, 7.01122], [3.9984, 7.00273], [3.99739, 7.00183], [3.98035, 7.00104], [3.97642, 7.00057], [3.9649, 6.99514], [3.95326, 6.99218], [3.94417, 7.0017], [3.95661, 7.01745], [3.95782, 7.02294], [3.96118, 7.0317], [3.96375, 7.03712], [3.96577, 7.05076], [3.96484, 7.06018], [3.96597, 7.06608], [3.97665, 7.076], [3.97535, 7.08552], [3.9765, 7.09045], [3.9765, 7.09053], [3.96271, 7.10173], [3.96557, 7.1098], [3.99755, 7.12617], [3.99896, 7.12657], [4.00555, 7.12845], [4.01276, 7.12627], [4.01925, 7.12464], [4.02687, 7.12845], [4.0459, 7.13835], [4.0577, 7.13721], [4.06913, 7.13226], [4.08024, 7.13199], [4.08511, 7.13188], [4.08836, 7.13345]]]}, "properties": {"name": "Omen", "lga": "Ijebu North", "state": "og"}}, {"type": "Feature", "geometry": {"type": "Polygon", "coordinates": [[[3.67625, 6.85228], [3.68243, 6.84813], [3.68891, 6.84076], [3.69127, 6.83502], [3.6878, 6.8277], [3.68211, 6.8209], [3.68148, 6.80664], [3.69143, 6.79235], [3.68896, 6.7911], [3.68648, 6.78989], [3.68101, 6.78828], [3.67095, 6.78697], [3.66626, 6.78436], [3.66214, 6.78369], [3.64417, 6.78366], [3.64561, 6.79668], [3.64379, 6.80031], [3.64433, 6.80319], [3.6443, 6.80534], [3.64143, 6.80813], [3.64063, 6.81539], [3.64349, 6.81378], [3.65834, 6.80837], [3.66326, 6.80881], [3.66714, 6.80858], [3.66732, 6.81145], [3.66435, 6.81538], [3.66475, 6.81843], [3.66299, 6.82288], [3.65741, 6.82849], [3.65273, 6.83224], [3.64396, 6.8356], [3.65074, 6.85079], [3.65632, 6.85204], [3.65679, 6.85283], [3.65631, 6.85516], [3.65774, 6.85546], [3.65923, 6.85408], [3.66344, 6.8481], [3.66364, 6.84806], [3.66522, 6.84797], [3.66782, 6.84838], [3.67625, 6.85228]]]}, "properties": {"name": "Ayegbami", "lga": "Shagamu", "state": "og"}}, {"type": "Feature", "geometry": {"type": "Polygon", "coordinates": [[[3.79036, 6.88838], [3.79101, 6.89054], [3.80119, 6.90391], [3.80474, 6.91189], [3.81236, 6.92478], [3.82071, 6.92737], [3.82565, 6.93722], [3.82973, 6.93956], [3.83544, 6.94124], [3.84123, 6.94783], [3.84144, 6.95237], [3.85084, 6.9667], [3.85248, 6.97185], [3.85544, 6.97335], [3.86216, 6.97236], [3.86508, 6.97066], [3.86788, 6.96795], [3.87083, 6.96544], [3.87616, 6.95141], [3.87844, 6.94019], [3.87783, 6.93695], [3.88761, 6.93374], [3.889, 6.93348], [3.89107, 6.93342], [3.89425, 6.9336], [3.89431, 6.93128], [3.89381, 6.92933], [3.89195, 6.9282], [3.89244, 6.9258], [3.89227, 6.92365], [3.89268, 6.92213], [3.89206, 6.92061], [3.89141, 6.9194], [3.89142, 6.91726], [3.89008, 6.91637], [3.88798, 6.91264], [3.88672, 6.90866], [3.88523, 6.90225], [3.85144, 6.89039], [3.82861, 6.86755], [3.82302, 6.87413], [3.80029, 6.88328], [3.79036, 6.88838]]]}, "properties": {"name": "Ako Gelete", "lga": "Ijebu North", "state": "og"}}, {"type": "Feature", "geometry": {"type": "Polygon", "coordinates": [[[4.04087, 6.75799], [4.04207, 6.76163], [4.04299, 6.76392], [4.0502, 6.77453], [4.049, 6.78725], [4.04759, 6.78954], [4.05995, 6.79883], [4.06737, 6.81457], [4.07211, 6.81508], [4.07712, 6.8204], [4.08411, 6.82943], [4.08767, 6.84737], [4.07958, 6.86104], [4.08617, 6.89171], [4.08852, 6.8943], [4.0903, 6.89612], [4.09147, 6.89755], [4.09548, 6.89765], [4.10369, 6.89945], [4.10647, 6.8981], [4.12377, 6.89793], [4.12914, 6.89886], [4.13538, 6.90076], [4.14173, 6.90022], [4.14804, 6.89354], [4.14965, 6.89103], [4.15043, 6.88802], [4.15178, 6.88074], [4.15184, 6.87565], [4.15524, 6.87141], [4.17267, 6.86879], [4.17929, 6.87312], [4.19121, 6.86977], [4.19766, 6.88302], [4.21132, 6.88144], [4.22029, 6.88901], [4.22677, 6.90396], [4.23916, 6.92411], [4.26952, 6.92985], [4.2826, 6.92884], [4.31074, 6.9175], [4.31882, 6.88074], [4.31994, 6.86371], [4.3193, 6.82932], [4.30773, 6.81829], [4.29106, 6.81587], [4.2789, 6.81449], [4.25891, 6.80567], [4.24789, 6.81004], [4.23718, 6.80598], [4.2302, 6.80468], [4.22459, 6.8061], [4.21318, 6.81061], [4.20883, 6.81622], [4.19824, 6.81909], [4.19415, 6.82104], [4.18853, 6.82485], [4.18288, 6.82509], [4.17828, 6.82407], [4.17484, 6.82401], [4.16961, 6.82637], [4.16756, 6.82683], [4.16359, 6.82812], [4.16288, 6.82925], [4.16164, 6.83292], [4.1622, 6.84912], [4.15909, 6.85236], [4.15716, 6.85222], [4.1538, 6.85108], [4.15007, 6.8445], [4.1492, 6.84161], [4.14757, 6.83593], [4.14627, 6.83325], [4.14607, 6.83103], [4.14678, 6.82788], [4.14707, 6.82416], [4.14656, 6.82231], [4.14513, 6.81933], [4.14154, 6.81514], [4.13962, 6.80896], [4.13968, 6.80466], [4.13934, 6.80041], [4.13881, 6.79258], [4.13758, 6.78723], [4.13491, 6.78102], [4.12037, 6.77613], [4.11571, 6.7745], [4.1125, 6.77005], [4.10406, 6.76585], [4.10096, 6.76903], [4.08974, 6.77631], [4.08672, 6.77617], [4.07786, 6.77098], [4.07508, 6.76357], [4.06997, 6.75354], [4.06375, 6.74782], [4.05428, 6.74221], [4.04953, 6.74877], [4.04351, 6.75639], [4.04087, 6.75799]]]}, "properties": {"name": "Owu", "lga": "Ijebu East", "state": "og"}}, {"type": "Feature", "geometry": {"type": "Polygon", "coordinates": [[[3.7634, 6.9561], [3.76166, 6.94587], [3.72876, 6.9183], [3.71773, 6.91965], [3.71343, 6.92526], [3.70752, 6.93043], [3.70024, 6.93654], [3.69662, 6.94121], [3.69072, 6.94707], [3.68549, 6.95422], [3.69366, 6.9592], [3.69745, 6.96021], [3.70518, 6.96026], [3.71242, 6.95338], [3.72406, 6.94864], [3.73332, 6.94763], [3.7634, 6.9561]]]}, "properties": {"name": "Ilara", "lga": "Remo North", "state": "og"}}, {"type": "Feature", "geometry": {"type": "Polygon", "coordinates": [[[3.64831, 7.26279], [3.64046, 7.2654], [3.6344, 7.26853], [3.62994, 7.26962], [3.62377, 7.27125], [3.61779, 7.27079], [3.61165, 7.26449], [3.60608, 7.26632], [3.60054, 7.2677], [3.59767, 7.27129], [3.59698, 7.27313], [3.59804, 7.27772], [3.59738, 7.28226], [3.59388, 7.2879], [3.59121, 7.29169], [3.58624, 7.2919], [3.58043, 7.28809], [3.57362, 7.29076], [3.57007, 7.29406], [3.56294, 7.29919], [3.55227, 7.30141], [3.5542, 7.3059], [3.5613, 7.31363], [3.56938, 7.3183], [3.57525, 7.32975], [3.57771, 7.33392], [3.57757, 7.33428], [3.58486, 7.35161], [3.61661, 7.34555], [3.61311, 7.34075], [3.61549, 7.33415], [3.61532, 7.32942], [3.61638, 7.32168], [3.61793, 7.31719], [3.62741, 7.30173], [3.63255, 7.29903], [3.63814, 7.29864], [3.64241, 7.3012], [3.6522, 7.30049], [3.6548, 7.2999], [3.6588, 7.2979], [3.65892, 7.29691], [3.66779, 7.29822], [3.67288, 7.28581], [3.6687, 7.28371], [3.64831, 7.26279]]]}, "properties": {"name": "Olodo", "lga": "Odeda", "state": "og"}}, {"type": "Feature", "geometry": {"type": "Polygon", "coordinates": [[[3.17682, 7.37152], [3.17841, 7.37117], [3.18304, 7.36999], [3.19811, 7.36879], [3.23002, 7.36986], [3.23697, 7.36868], [3.24914, 7.36749], [3.25414, 7.36478], [3.25664, 7.36342], [3.2572, 7.36052], [3.28247, 7.33554], [3.287, 7.32452], [3.2916, 7.32104], [3.29621, 7.31813], [3.30661, 7.31404], [3.31125, 7.31403], [3.31938, 7.31401], [3.32403, 7.31515], [3.32493, 7.31727], [3.33038, 7.30524], [3.33512, 7.30183], [3.34382, 7.29971], [3.35908, 7.30106], [3.37165, 7.29196], [3.37556, 7.28771], [3.37669, 7.28204], [3.37719, 7.2734], [3.37661, 7.27028], [3.37563, 7.26699], [3.37365, 7.26453], [3.36917, 7.26012], [3.36262, 7.25866], [3.35792, 7.25834], [3.3404, 7.26237], [3.33283, 7.2621], [3.32733, 7.26185], [3.32331, 7.25829], [3.31499, 7.25416], [3.31411, 7.25294], [3.30487, 7.2519], [3.29469, 7.2559], [3.28785, 7.25632], [3.27975, 7.257], [3.27606, 7.25319], [3.27147, 7.25452], [3.26212, 7.253], [3.25365, 7.27056], [3.238, 7.27669], [3.23009, 7.28187], [3.216, 7.27794], [3.19682, 7.30146], [3.18781, 7.32631], [3.17167, 7.33604], [3.16796, 7.356], [3.16943, 7.37319], [3.1732, 7.37234], [3.17682, 7.37152]]]}, "properties": {"name": "Obete", "lga": "Odeda", "state": "og"}}, {"type": "Feature", "geometry": {"type": "Polygon", "coordinates": [[[3.94266, 6.92098], [3.94005, 6.91922], [3.93674, 6.91497], [3.93392, 6.90606], [3.93663, 6.89798], [3.94323, 6.89136], [3.94011, 6.88612], [3.93748, 6.88077], [3.93101, 6.88052], [3.92607, 6.8784], [3.91899, 6.87376], [3.91156, 6.87441], [3.90638, 6.87683], [3.90196, 6.88304], [3.89387, 6.88677], [3.89253, 6.89585], [3.88523, 6.90225], [3.88672, 6.90866], [3.88798, 6.91264], [3.89008, 6.91637], [3.89142, 6.91726], [3.89141, 6.9194], [3.89206, 6.92061], [3.89268, 6.92213], [3.89227, 6.92365], [3.89244, 6.9258], [3.89195, 6.9282], [3.89381, 6.92933], [3.89431, 6.93128], [3.89365, 6.9369], [3.89031, 6.93797], [3.89568, 6.9414], [3.89702, 6.9493], [3.8932, 6.95452], [3.89252, 6.96034], [3.89453, 6.96688], [3.89612, 6.97283], [3.8999, 6.97784], [3.91729, 6.98168], [3.92459, 6.95714], [3.93167, 6.95069], [3.93152, 6.94648], [3.93912, 6.94605], [3.94548, 6.93773], [3.9449, 6.92222], [3.94266, 6.92098]]]}, "properties": {"name": "Ago Iwoye 1", "lga": "Ijebu North", "state": "og"}}, {"type": "Feature", "geometry": {"type": "Polygon", "coordinates": [[[3.91062, 6.85351], [3.91187, 6.8655], [3.91156, 6.87441], [3.91899, 6.87376], [3.92607, 6.8784], [3.93101, 6.88052], [3.93748, 6.88077], [3.93512, 6.87777], [3.93312, 6.87093], [3.93769, 6.86433], [3.93292, 6.86089], [3.93419, 6.85572], [3.93504, 6.85195], [3.93446, 6.85128], [3.93312, 6.85035], [3.93142, 6.84921], [3.93108, 6.8492], [3.92906, 6.85003], [3.92513, 6.85327], [3.92137, 6.86076], [3.91945, 6.862], [3.91062, 6.85351]]]}, "properties": {"name": "Imosan", "lga": "Odogbolu", "state": "og"}}, {"type": "Feature", "geometry": {"type": "Polygon", "coordinates": [[[3.99735, 6.9896], [3.99721, 6.98465], [4.00155, 6.98277], [4.00056, 6.97531], [3.99885, 6.97329], [3.99402, 6.97362], [3.98946, 6.97757], [3.98542, 6.97328], [3.98498, 6.97236], [3.98466, 6.97066], [3.98435, 6.96985], [3.98372, 6.96904], [3.98294, 6.96866], [3.98204, 6.96825], [3.97583, 6.95819], [3.95895, 6.96901], [3.95764, 6.97046], [3.95412, 6.97123], [3.95326, 6.99218], [3.9649, 6.99514], [3.97642, 7.00057], [3.98035, 7.00104], [3.99739, 7.00183], [3.99735, 6.9896]]]}, "properties": {"name": "Ojowo", "lga": "Ijebu North", "state": "og"}}, {"type": "Feature", "geometry": {"type": "Polygon", "coordinates": [[[3.5829, 7.19263], [3.58125, 7.19235], [3.57729, 7.18866], [3.57245, 7.18262], [3.56638, 7.18139], [3.56196, 7.18106], [3.55754, 7.18063], [3.5549, 7.18201], [3.55042, 7.18185], [3.54317, 7.18064], [3.53933, 7.18418], [3.53661, 7.19093], [3.53533, 7.19432], [3.52828, 7.18952], [3.5214, 7.19101], [3.51585, 7.18858], [3.51488, 7.18915], [3.51048, 7.18872], [3.5032, 7.18248], [3.49626, 7.19096], [3.49286, 7.20291], [3.48708, 7.20966], [3.48277, 7.20952], [3.48102, 7.21099], [3.47841, 7.21511], [3.47746, 7.21582], [3.47588, 7.21929], [3.48055, 7.22456], [3.48217, 7.22348], [3.48731, 7.2222], [3.48982, 7.22397], [3.4912, 7.22584], [3.49277, 7.22839], [3.49628, 7.22874], [3.49739, 7.22974], [3.49933, 7.23083], [3.50145, 7.23443], [3.50372, 7.23497], [3.50724, 7.23397], [3.51091, 7.2335], [3.51478, 7.22836], [3.5315, 7.22199], [3.53581, 7.21881], [3.53745, 7.21117], [3.54306, 7.20672], [3.54458, 7.2063], [3.54766, 7.21112], [3.5482, 7.21484], [3.55085, 7.21926], [3.55409, 7.21918], [3.55872, 7.21676], [3.56152, 7.21635], [3.56667, 7.21404], [3.56986, 7.21495], [3.57246, 7.21507], [3.57693, 7.21551], [3.58034, 7.21125], [3.58261, 7.20879], [3.58691, 7.20116], [3.5829, 7.19263]]]}, "properties": {"name": "Itesi", "lga": "Odeda", "state": "og"}}, {"type": "Feature", "geometry": {"type": "Polygon", "coordinates": [[[2.80392, 6.4964], [2.80058, 6.49554], [2.79754, 6.49342], [2.79381, 6.49747], [2.79302, 6.49919], [2.79313, 6.50612], [2.79346, 6.51077], [2.78907, 6.512], [2.78381, 6.51327], [2.77992, 6.51209], [2.77839, 6.50905], [2.77496, 6.50609], [2.77384, 6.50245], [2.77046, 6.5003], [2.76822, 6.49888], [2.75986, 6.49645], [2.76007, 6.49976], [2.75941, 6.5064], [2.75849, 6.51228], [2.75758, 6.5157], [2.75597, 6.5226], [2.75753, 6.52435], [2.76479, 6.52891], [2.7652, 6.53495], [2.76415, 6.53786], [2.76205, 6.53989], [2.76175, 6.54217], [2.76596, 6.54353], [2.7677, 6.54661], [2.76764, 6.55393], [2.7716, 6.55533], [2.77714, 6.55496], [2.77919, 6.55517], [2.78224, 6.55455], [2.78696, 6.55328], [2.788, 6.55118], [2.78929, 6.54816], [2.79319, 6.5456], [2.79696, 6.55009], [2.80011, 6.54844], [2.80173, 6.54477], [2.80399, 6.54288], [2.80798, 6.54247], [2.80995, 6.54152], [2.81353, 6.54039], [2.81182, 6.52311], [2.81364, 6.51846], [2.81445, 6.51359], [2.81412, 6.51171], [2.8112, 6.50937], [2.80906, 6.50808], [2.80645, 6.50448], [2.80544, 6.50062], [2.80453, 6.49866], [2.80392, 6.4964]]]}, "properties": {"name": "Tube", "lga": "Ipokia", "state": "og"}}, {"type": "Feature", "geometry": {"type": "Polygon", "coordinates": [[[3.94189, 6.68689], [3.933, 6.68534], [3.914, 6.68164], [3.91212, 6.6812], [3.903, 6.68157], [3.9055, 6.70353], [3.90282, 6.71636], [3.90385, 6.72139], [3.9229, 6.73405], [3.92824, 6.74098], [3.93993, 6.7474], [3.94988, 6.7466], [3.95484, 6.74826], [3.96195, 6.74258], [3.96762, 6.74282], [3.97474, 6.73957], [3.97831, 6.73635], [3.97848, 6.72847], [3.97906, 6.72347], [3.97913, 6.71919], [3.97806, 6.71381], [3.96809, 6.69047], [3.96779, 6.69042], [3.95879, 6.68934], [3.94189, 6.68689]]]}, "properties": {"name": "Isiwo", "lga": "Ijebu Ode", "state": "og"}}, {"type": "Feature", "geometry": {"type": "Polygon", "coordinates": [[[4.1956, 7.05514], [4.19563, 7.05496], [4.19789, 7.04916], [4.20078, 7.04742], [4.20363, 7.04603], [4.20597, 7.04508], [4.21003, 7.04507], [4.21352, 7.04564], [4.21877, 7.04712], [4.22346, 7.05315], [4.22754, 7.05545], [4.23337, 7.05833], [4.2363, 7.06064], [4.26148, 7.08374], [4.26498, 7.08605], [4.26849, 7.08835], [4.28476, 7.09178], [4.29822, 7.09055], [4.31137, 7.08418], [4.3154, 7.08127], [4.33444, 7.07079], [4.3408, 7.06846], [4.34278, 7.06796], [4.30424, 7.02725], [4.23517, 7.01079], [4.20551, 7.00162], [4.18856, 7.00165], [4.17822, 7.00338], [4.15508, 6.99506], [4.15107, 6.99129], [4.15123, 6.97555], [4.15012, 6.96958], [4.14715, 6.9641], [4.14032, 6.95806], [4.13016, 6.95409], [4.12843, 6.94972], [4.12905, 6.94506], [4.12815, 6.93711], [4.12688, 6.93346], [4.11449, 6.92713], [4.11434, 6.91695], [4.10369, 6.89945], [4.09548, 6.89765], [4.09147, 6.89755], [4.08295, 6.91307], [4.07793, 6.92995], [4.0785, 6.93097], [4.08017, 6.93675], [4.08272, 6.94047], [4.08815, 6.94886], [4.09362, 6.95412], [4.09726, 6.95683], [4.1025, 6.9612], [4.10744, 6.96799], [4.10299, 6.98677], [4.10317, 6.99652], [4.09591, 7.0027], [4.08855, 7.00788], [4.0734, 7.00516], [4.06968, 7.00397], [4.05158, 7.00405], [4.05146, 7.00443], [4.05886, 7.02119], [4.05378, 7.02722], [4.05708, 7.03523], [4.0579, 7.03887], [4.0607, 7.04246], [4.06201, 7.05109], [4.06398, 7.05706], [4.07433, 7.05654], [4.07943, 7.06073], [4.08264, 7.06398], [4.0872, 7.07355], [4.09334, 7.07937], [4.10609, 7.08227], [4.10795, 7.08517], [4.1089, 7.09162], [4.104, 7.10078], [4.10199, 7.10621], [4.09953, 7.11186], [4.09159, 7.12449], [4.0888, 7.13366], [4.15669, 7.165], [4.16202, 7.17109], [4.16887, 7.17414], [4.17116, 7.17071], [4.18296, 7.11132], [4.186, 7.08543], [4.19019, 7.06982], [4.19491, 7.06151], [4.19508, 7.05786], [4.1956, 7.05514]]]}, "properties": {"name": "Osun", "lga": "Ijebu North", "state": "og"}}, {"type": "Feature", "geometry": {"type": "Polygon", "coordinates": [[[2.72816, 6.62162], [2.72818, 6.62406], [2.72994, 6.62637], [2.73231, 6.63042], [2.73231, 6.63724], [2.74583, 6.65875], [2.75382, 6.65383], [2.75493, 6.65675], [2.76801, 6.65204], [2.76945, 6.64793], [2.77239, 6.64474], [2.77418, 6.63877], [2.77043, 6.62551], [2.76221, 6.628], [2.75949, 6.62557], [2.76016, 6.61793], [2.75424, 6.61785], [2.75235, 6.61977], [2.74293, 6.62059], [2.74197, 6.62441], [2.74095, 6.62436], [2.74017, 6.62448], [2.74006, 6.62512], [2.73854, 6.62473], [2.73709, 6.62472], [2.72816, 6.62162]]]}, "properties": {"name": "Idiiroko", "lga": "Ipokia", "state": "og"}}, {"type": "Feature", "geometry": {"type": "Polygon", "coordinates": [[[3.98181, 6.68439], [3.97881, 6.69193], [3.96809, 6.69047], [3.97806, 6.71381], [3.97913, 6.71919], [3.97906, 6.72347], [3.97848, 6.72847], [3.97995, 6.73452], [3.9941, 6.73492], [4.00477, 6.74939], [4.00677, 6.75928], [4.00814, 6.76277], [4.00037, 6.7696], [3.99715, 6.77305], [4.00772, 6.77058], [4.01285, 6.76859], [4.01786, 6.76766], [4.0238, 6.76551], [4.02623, 6.76306], [4.0287, 6.76084], [4.03547, 6.75956], [4.04087, 6.75799], [4.04351, 6.75639], [4.04953, 6.74877], [4.05428, 6.74221], [4.05368, 6.73601], [4.05354, 6.73555], [4.05404, 6.73114], [4.055, 6.72748], [4.06287, 6.71409], [4.06244, 6.71304], [4.08699, 6.68303], [4.08501, 6.67978], [3.98253, 6.68271], [3.98181, 6.68439]]]}, "properties": {"name": "Itamapako", "lga": "Ijebu Ode", "state": "og"}}, {"type": "Feature", "geometry": {"type": "Polygon", "coordinates": [[[2.78356, 6.68635], [2.77818, 6.69169], [2.77995, 6.69516], [2.78014, 6.72272], [2.78498, 6.7208], [2.78843, 6.71372], [2.79341, 6.71076], [2.79684, 6.70844], [2.81439, 6.71151], [2.81876, 6.71612], [2.82856, 6.71943], [2.83781, 6.72546], [2.86584, 6.72284], [2.86777, 6.71231], [2.87041, 6.70519], [2.87295, 6.68418], [2.86367, 6.67782], [2.84787, 6.67891], [2.83758, 6.67754], [2.82995, 6.67096], [2.83447, 6.6637], [2.83529, 6.65407], [2.8285, 6.64804], [2.82454, 6.65167], [2.8164, 6.65221], [2.80519, 6.64912], [2.79924, 6.6387], [2.78922, 6.62155], [2.78111, 6.62599], [2.77562, 6.62744], [2.77305, 6.62504], [2.77043, 6.62551], [2.77418, 6.63877], [2.77239, 6.64474], [2.77398, 6.64515], [2.77732, 6.64441], [2.77933, 6.65269], [2.77961, 6.66209], [2.77911, 6.67028], [2.78208, 6.67962], [2.78356, 6.68635]]]}, "properties": {"name": "Ihunbo Ilashe", "lga": "Ipokia", "state": "og"}}, {"type": "Feature", "geometry": {"type": "Polygon", "coordinates": [[[3.82412, 7.08282], [3.82562, 7.08283], [3.82734, 7.07473], [3.82441, 7.07581], [3.82147, 7.06679], [3.8204, 7.06519], [3.81698, 7.05852], [3.8117, 7.05973], [3.80123, 7.05506], [3.79912, 7.05261], [3.79666, 7.04934], [3.79658, 7.04441], [3.79146, 7.03898], [3.7874, 7.03103], [3.78431, 7.0296], [3.77509, 7.03162], [3.77468, 7.03345], [3.75112, 7.04207], [3.74764, 7.0412], [3.74316, 7.02905], [3.74104, 7.02318], [3.72762, 7.02483], [3.7218, 7.03549], [3.72022, 7.03741], [3.71889, 7.04201], [3.71841, 7.04962], [3.72001, 7.05316], [3.72244, 7.06205], [3.72483, 7.06774], [3.72443, 7.08033], [3.726, 7.08591], [3.7276, 7.08358], [3.73121, 7.08065], [3.74, 7.08162], [3.75865, 7.08086], [3.78378, 7.0801], [3.82412, 7.08282]]]}, "properties": {"name": "Orile Oko", "lga": "Remo North", "state": "og"}}, {"type": "Feature", "geometry": {"type": "Polygon", "coordinates": [[[2.7716, 6.55533], [2.76936, 6.5595], [2.76943, 6.56404], [2.7694, 6.56569], [2.7675, 6.56755], [2.76352, 6.57099], [2.75679, 6.57204], [2.74325, 6.56552], [2.74211, 6.56784], [2.73983, 6.57132], [2.73365, 6.59103], [2.72816, 6.62162], [2.73709, 6.62472], [2.73854, 6.62473], [2.74006, 6.62512], [2.74017, 6.62448], [2.74095, 6.62436], [2.74197, 6.62441], [2.74293, 6.62059], [2.75235, 6.61977], [2.75424, 6.61785], [2.76016, 6.61793], [2.75949, 6.62557], [2.76221, 6.628], [2.77043, 6.62551], [2.77305, 6.62504], [2.77562, 6.62744], [2.78111, 6.62599], [2.78922, 6.62155], [2.79542, 6.61847], [2.80216, 6.61492], [2.80569, 6.6053], [2.80512, 6.59463], [2.80475, 6.58419], [2.80314, 6.58205], [2.7883, 6.57778], [2.78851, 6.57265], [2.78828, 6.5692], [2.78838, 6.5626], [2.78761, 6.55805], [2.78696, 6.55328], [2.78224, 6.55455], [2.77919, 6.55517], [2.77714, 6.55496], [2.7716, 6.55533]]]}, "properties": {"name": "Agosasa", "lga": "Ipokia", "state": "og"}}, {"type": "Feature", "geometry": {"type": "Polygon", "coordinates": [[[3.95138, 6.8527], [3.94887, 6.85431], [3.94793, 6.8576], [3.96247, 6.85881], [3.97221, 6.86177], [3.98441, 6.85814], [3.98744, 6.85103], [3.98518, 6.84701], [3.98377, 6.84366], [3.98054, 6.84109], [3.98053, 6.83872], [3.97802, 6.83741], [3.97772, 6.83501], [3.97534, 6.8372], [3.96857, 6.83937], [3.96512, 6.84012], [3.95209, 6.84725], [3.95138, 6.8527]]]}, "properties": {"name": "Isoyin", "lga": "Ijebu North East", "state": "og"}}, {"type": "Feature", "geometry": {"type": "Polygon", "coordinates": [[[4.00612, 6.85139], [4.00542, 6.84899], [4.00492, 6.84888], [4.00515, 6.84082], [4.00421, 6.83981], [4.00105, 6.8383], [3.99849, 6.83762], [3.99497, 6.83887], [3.99144, 6.84203], [3.98377, 6.84366], [3.98518, 6.84701], [3.98744, 6.85103], [3.98441, 6.85814], [3.97221, 6.86177], [3.98677, 6.87253], [3.98842, 6.8823], [3.9902, 6.88593], [4.00066, 6.89148], [4.0082, 6.88204], [4.00931, 6.87017], [4.01243, 6.86033], [4.00953, 6.8536], [4.00612, 6.85139]]]}, "properties": {"name": "Ilese", "lga": "Ijebu North East", "state": "og"}}, {"type": "Feature", "geometry": {"type": "Polygon", "coordinates": [[[4.44886, 6.42661], [4.4611, 6.45088], [4.47607, 6.44246], [4.49436, 6.44401], [4.54432, 6.4363], [4.55112, 6.4351], [4.53516, 6.40832], [4.53325, 6.40735], [4.53147, 6.40645], [4.52776, 6.40643], [4.52312, 6.40733], [4.52003, 6.41109], [4.5168, 6.41059], [4.51288, 6.41374], [4.50731, 6.41555], [4.5036, 6.41553], [4.47982, 6.40905], [4.47862, 6.40524], [4.47586, 6.40245], [4.47494, 6.39968], [4.47313, 6.3932], [4.47468, 6.38833], [4.47751, 6.38758], [4.48006, 6.3869], [4.48243, 6.38679], [4.48706, 6.38774], [4.49169, 6.38961], [4.49539, 6.39148], [4.49425, 6.3832], [4.4923, 6.37059], [4.43644, 6.34715], [4.42571, 6.34971], [4.41379, 6.35392], [4.41826, 6.37641], [4.43136, 6.39493], [4.44526, 6.40473], [4.44886, 6.42661]]]}, "properties": {"name": "Efire", "lga": "Ogun Waterside", "state": "og"}}, {"type": "Feature", "geometry": {"type": "Polygon", "coordinates": [[[4.41379, 6.35392], [4.35966, 6.36783], [4.36251, 6.38664], [4.36716, 6.40715], [4.36863, 6.43846], [4.35372, 6.45106], [4.32838, 6.44806], [4.32104, 6.45145], [4.31222, 6.44535], [4.30312, 6.44736], [4.29394, 6.44991], [4.29133, 6.45007], [4.28477, 6.45591], [4.28891, 6.46385], [4.30104, 6.47299], [4.31717, 6.48685], [4.33196, 6.48607], [4.34225, 6.47965], [4.36203, 6.47085], [4.37552, 6.46184], [4.39869, 6.4612], [4.41044, 6.46285], [4.41917, 6.46298], [4.42618, 6.46554], [4.4611, 6.45088], [4.44886, 6.42661], [4.44526, 6.40473], [4.43136, 6.39493], [4.41826, 6.37641], [4.41379, 6.35392]]]}, "properties": {"name": "Ayede", "lga": "Ogun Waterside", "state": "og"}}, {"type": "Feature", "geometry": {"type": "Polygon", "coordinates": [[[4.39678, 6.54898], [4.42906, 6.54379], [4.4753, 6.54408], [4.46971, 6.53062], [4.4682, 6.52424], [4.46903, 6.5094], [4.46906, 6.50186], [4.46999, 6.48275], [4.46112, 6.45156], [4.4611, 6.45088], [4.42618, 6.46554], [4.41917, 6.46298], [4.41044, 6.46285], [4.39869, 6.4612], [4.37552, 6.46184], [4.36203, 6.47085], [4.37417, 6.4931], [4.37639, 6.52267], [4.39678, 6.54898]]]}, "properties": {"name": "Irokun", "lga": "Ogun Waterside", "state": "og"}}, {"type": "Feature", "geometry": {"type": "Polygon", "coordinates": [[[4.24308, 6.5881], [4.24667, 6.59994], [4.25001, 6.62256], [4.25729, 6.63971], [4.27466, 6.65297], [4.28759, 6.663], [4.29806, 6.66604], [4.31447, 6.66412], [4.32314, 6.6596], [4.35078, 6.64781], [4.36301, 6.63441], [4.36267, 6.62838], [4.33481, 6.61199], [4.32876, 6.5994], [4.33114, 6.58339], [4.32582, 6.57379], [4.29413, 6.57661], [4.24308, 6.5881]]]}, "properties": {"name": "Ibiade", "lga": "Ogun Waterside", "state": "og"}}, {"type": "Feature", "geometry": {"type": "Polygon", "coordinates": [[[3.82437, 6.77997], [3.81862, 6.78042], [3.80928, 6.78446], [3.7999, 6.79877], [3.80413, 6.8076], [3.81333, 6.81651], [3.82729, 6.82668], [3.83622, 6.8503], [3.85585, 6.85764], [3.85592, 6.84412], [3.85023, 6.81901], [3.84208, 6.80368], [3.83922, 6.79245], [3.83808, 6.77754], [3.82437, 6.77997]]]}, "properties": {"name": "Aiyepe", "lga": "Odogbolu", "state": "og"}}, {"type": "Feature", "geometry": {"type": "Polygon", "coordinates": [[[3.83826, 6.72211], [3.83993, 6.73111], [3.8565, 6.74143], [3.86074, 6.74683], [3.86407, 6.74912], [3.86393, 6.75514], [3.86739, 6.75854], [3.87304, 6.76147], [3.88035, 6.76126], [3.88553, 6.76409], [3.89378, 6.76261], [3.89541, 6.75524], [3.89154, 6.75129], [3.89274, 6.7488], [3.87937, 6.73039], [3.87391, 6.72523], [3.83826, 6.72211]]]}, "properties": {"name": "Ikise", "lga": "Odogbolu", "state": "og"}}, {"type": "Feature", "geometry": {"type": "Polygon", "coordinates": [[[3.87937, 6.73039], [3.89274, 6.7488], [3.89154, 6.75129], [3.89541, 6.75524], [3.90155, 6.75666], [3.91371, 6.75142], [3.93028, 6.75337], [3.93993, 6.7474], [3.92824, 6.74098], [3.9229, 6.73405], [3.90385, 6.72139], [3.87391, 6.72523], [3.87937, 6.73039]]]}, "properties": {"name": "Itaepo", "lga": "Odogbolu", "state": "og"}}, {"type": "Feature", "geometry": {"type": "Polygon", "coordinates": [[[3.87358, 6.79007], [3.88252, 6.80357], [3.88582, 6.80044], [3.89023, 6.7963], [3.90452, 6.79568], [3.90302, 6.78764], [3.90154, 6.78602], [3.8998, 6.7823], [3.89936, 6.77534], [3.89889, 6.76914], [3.89378, 6.76261], [3.88553, 6.76409], [3.87358, 6.79007]]]}, "properties": {"name": "Omu", "lga": "Odogbolu", "state": "og"}}, {"type": "Feature", "geometry": {"type": "Polygon", "coordinates": [[[3.73215, 6.8701], [3.73687, 6.8767], [3.73742, 6.88199], [3.73322, 6.89336], [3.76345, 6.89221], [3.7733, 6.8779], [3.77694, 6.8722], [3.77938, 6.85041], [3.78153, 6.84318], [3.78089, 6.83615], [3.78236, 6.82823], [3.77983, 6.81807], [3.78103, 6.8121], [3.75113, 6.81296], [3.71299, 6.82619], [3.72074, 6.83504], [3.72367, 6.84513], [3.7271, 6.85752], [3.73025, 6.86691], [3.73238, 6.8701], [3.73215, 6.8701]]]}, "properties": {"name": "Okun Owa", "lga": "Odogbolu", "state": "og"}}, {"type": "Feature", "geometry": {"type": "Polygon", "coordinates": [[[4.23517, 7.01079], [4.30424, 7.02725], [4.34278, 7.06796], [4.36855, 7.05911], [4.37026, 7.05621], [4.37006, 7.03652], [4.37118, 7.03246], [4.37694, 7.02839], [4.37866, 7.02607], [4.37631, 7.02318], [4.37103, 7.01798], [4.37432, 6.99886], [4.37602, 6.9948], [4.38294, 6.9913], [4.38641, 6.98955], [4.3476, 6.95046], [4.31074, 6.9175], [4.2826, 6.92884], [4.26952, 6.92985], [4.23916, 6.92411], [4.22677, 6.90396], [4.22029, 6.88901], [4.21132, 6.88144], [4.19766, 6.88302], [4.19121, 6.86977], [4.17929, 6.87312], [4.17267, 6.86879], [4.15524, 6.87141], [4.15184, 6.87565], [4.15178, 6.88074], [4.15043, 6.88802], [4.14965, 6.89103], [4.14804, 6.89354], [4.14173, 6.90022], [4.13538, 6.90076], [4.12914, 6.89886], [4.12377, 6.89793], [4.10647, 6.8981], [4.10369, 6.89945], [4.11434, 6.91695], [4.11449, 6.92713], [4.12688, 6.93346], [4.12815, 6.93711], [4.12905, 6.94506], [4.12843, 6.94972], [4.13016, 6.95409], [4.14032, 6.95806], [4.14715, 6.9641], [4.15012, 6.96958], [4.15123, 6.97555], [4.15107, 6.99129], [4.15508, 6.99506], [4.17822, 7.00338], [4.18856, 7.00165], [4.20551, 7.00162], [4.23517, 7.01079]]]}, "properties": {"name": "Ajebandele", "lga": "Ijebu East", "state": "og"}}, {"type": "Feature", "geometry": {"type": "Polygon", "coordinates": [[[3.95209, 6.84725], [3.96512, 6.84012], [3.96857, 6.83937], [3.97534, 6.8372], [3.98127, 6.83214], [3.98144, 6.82853], [3.98092, 6.82747], [3.97864, 6.82588], [3.97736, 6.82556], [3.9746, 6.82594], [3.97347, 6.82619], [3.97249, 6.82623], [3.97013, 6.82464], [3.96253, 6.8238], [3.95973, 6.82563], [3.95822, 6.82592], [3.95409, 6.8257], [3.94878, 6.82769], [3.94392, 6.83503], [3.94788, 6.84707], [3.9467, 6.84927], [3.94926, 6.85123], [3.94891, 6.85232], [3.94887, 6.85431], [3.95138, 6.8527], [3.95209, 6.84725]]]}, "properties": {"name": "Isoku / Ososa", "lga": "Ijebu Ode", "state": "og"}}, {"type": "Feature", "geometry": {"type": "Polygon", "coordinates": [[[3.83922, 6.79245], [3.84208, 6.80368], [3.8547, 6.80354], [3.86347, 6.8063], [3.86963, 6.80781], [3.88252, 6.80357], [3.87358, 6.79007], [3.8519, 6.77904], [3.83808, 6.77754], [3.83922, 6.79245]]]}, "properties": {"name": "Ijada / Imepe 2", "lga": "Ijebu Ode", "state": "og"}}, {"type": "Feature", "geometry": {"type": "Polygon", "coordinates": [[[3.6404, 6.92973], [3.64255, 6.93473], [3.64567, 6.94431], [3.64716, 6.94864], [3.64867, 6.95209], [3.65325, 6.9594], [3.66551, 6.95051], [3.67587, 6.94618], [3.69072, 6.94707], [3.69662, 6.94121], [3.70024, 6.93654], [3.68013, 6.93413], [3.6731, 6.93883], [3.67222, 6.93841], [3.66779, 6.932], [3.66418, 6.91693], [3.66284, 6.91682], [3.66155, 6.91686], [3.6612, 6.9169], [3.64353, 6.92254], [3.64156, 6.92424], [3.64209, 6.9272], [3.64171, 6.92871], [3.6404, 6.92973]]]}, "properties": {"name": "Irolu", "lga": "Ikenne", "state": "og"}}, {"type": "Feature", "geometry": {"type": "Polygon", "coordinates": [[[3.53098, 6.85273], [3.52779, 6.85167], [3.52172, 6.85033], [3.51977, 6.85715], [3.51935, 6.85979], [3.52728, 6.86169], [3.52607, 6.86532], [3.53071, 6.8683], [3.53598, 6.87177], [3.53645, 6.87503], [3.53526, 6.87762], [3.53311, 6.87744], [3.53149, 6.8864], [3.53591, 6.88886], [3.53849, 6.89159], [3.54086, 6.89607], [3.54597, 6.89768], [3.55393, 6.91013], [3.55694, 6.9094], [3.56053, 6.9058], [3.56268, 6.90436], [3.56447, 6.90409], [3.56958, 6.90396], [3.57224, 6.89798], [3.57031, 6.88948], [3.56974, 6.88093], [3.56819, 6.86953], [3.57143, 6.84986], [3.56131, 6.83877], [3.54685, 6.82909], [3.54031, 6.83267], [3.53639, 6.8419], [3.53098, 6.85273]]]}, "properties": {"name": "Agbowa", "lga": "Shagamu", "state": "og"}}, {"type": "Feature", "geometry": {"type": "Polygon", "coordinates": [[[3.45821, 6.78433], [3.46711, 6.79208], [3.46823, 6.80386], [3.47025, 6.80862], [3.47012, 6.81441], [3.46721, 6.82066], [3.46513, 6.82458], [3.46399, 6.82675], [3.46864, 6.82902], [3.48375, 6.83171], [3.48831, 6.83322], [3.4909, 6.82461], [3.50349, 6.80272], [3.50087, 6.78822], [3.50469, 6.77697], [3.49859, 6.77045], [3.49115, 6.76921], [3.48785, 6.76635], [3.48659, 6.76475], [3.48614, 6.76274], [3.48489, 6.76089], [3.48491, 6.75836], [3.48492, 6.75725], [3.48585, 6.75149], [3.48734, 6.75095], [3.48786, 6.74498], [3.48581, 6.74149], [3.48103, 6.73943], [3.47475, 6.7381], [3.46798, 6.73664], [3.46209, 6.73161], [3.45851, 6.72807], [3.44813, 6.73279], [3.44054, 6.75183], [3.441, 6.75486], [3.44182, 6.75793], [3.44578, 6.76175], [3.44822, 6.76429], [3.4542, 6.76727], [3.45749, 6.7728], [3.4591, 6.7788], [3.45821, 6.78433]]]}, "properties": {"name": "Isote", "lga": "Shagamu", "state": "og"}}, {"type": "Feature", "geometry": {"type": "Polygon", "coordinates": [[[3.64973, 7.00195], [3.64818, 7.00559], [3.64902, 7.01141], [3.64899, 7.01224], [3.65694, 7.02159], [3.67591, 7.02932], [3.67998, 7.0286], [3.68315, 7.02562], [3.67855, 7.01002], [3.67297, 7.00239], [3.67019, 6.99627], [3.66569, 6.99492], [3.64973, 7.00195]]]}, "properties": {"name": "Ipara", "lga": "Remo North", "state": "og"}}, {"type": "Feature", "geometry": {"type": "Polygon", "coordinates": [[[4.02636, 6.89428], [4.02538, 6.90975], [4.02714, 6.91224], [4.04079, 6.91351], [4.04901, 6.91199], [4.05213, 6.90023], [4.06135, 6.89319], [4.06432, 6.88801], [4.06222, 6.88179], [4.0475, 6.87841], [4.04008, 6.87277], [4.03491, 6.86839], [4.03108, 6.87539], [4.02778, 6.88948], [4.02636, 6.89428]]]}, "properties": {"name": "Odosenlu", "lga": "Ijebu North East", "state": "og"}}, {"type": "Feature", "geometry": {"type": "Polygon", "coordinates": [[[4.08617, 6.89171], [4.06788, 6.88981], [4.06432, 6.88801], [4.06135, 6.89319], [4.05213, 6.90023], [4.04901, 6.91199], [4.05074, 6.9131], [4.05412, 6.91463], [4.07102, 6.91303], [4.08295, 6.91307], [4.09147, 6.89755], [4.0903, 6.89612], [4.08852, 6.8943], [4.08617, 6.89171]]]}, "properties": {"name": "Imewuro", "lga": "Ijebu North East", "state": "og"}}, {"type": "Feature", "geometry": {"type": "Polygon", "coordinates": [[[2.98108, 6.68451], [2.99476, 6.67284], [3.00286, 6.67112], [3.00979, 6.67162], [3.01153, 6.67069], [3.02653, 6.66715], [3.03429, 6.66325], [3.03978, 6.6586], [3.04793, 6.65569], [3.05488, 6.64534], [3.05866, 6.64293], [3.06798, 6.64091], [3.07101, 6.63871], [3.07163, 6.63551], [3.07995, 6.62397], [3.07545, 6.61674], [3.06625, 6.6199], [3.06125, 6.61801], [3.05872, 6.61829], [3.05636, 6.61693], [3.05292, 6.6153], [3.04546, 6.60452], [3.04369, 6.6044], [3.04143, 6.60708], [3.0388, 6.60926], [3.03224, 6.61425], [3.02906, 6.61449], [3.02463, 6.61448], [3.01618, 6.60684], [3.01369, 6.60535], [3.01134, 6.60338], [3.00771, 6.60214], [3.00421, 6.60032], [2.98784, 6.59811], [2.98074, 6.59886], [2.97776, 6.59848], [2.97282, 6.59819], [2.96637, 6.59951], [2.96436, 6.60029], [2.95803, 6.59913], [2.95482, 6.60335], [2.94967, 6.61562], [2.93634, 6.61747], [2.93347, 6.63071], [2.93121, 6.63657], [2.9308, 6.64706], [2.93923, 6.65482], [2.94627, 6.66252], [2.95069, 6.67196], [2.9543, 6.67324], [2.95606, 6.68666], [2.95977, 6.68525], [2.96154, 6.68366], [2.96436, 6.67753], [2.9671, 6.67622], [2.96888, 6.67612], [2.97117, 6.67659], [2.97444, 6.67845], [2.97677, 6.67997], [2.97789, 6.68369], [2.97883, 6.68425], [2.98108, 6.68451]]]}, "properties": {"name": "Alapoti", "lga": "Ado Odo/Ota", "state": "og"}}, {"type": "Feature", "geometry": {"type": "Polygon", "coordinates": [[[3.2461, 6.8436], [3.23802, 6.84498], [3.2313, 6.84224], [3.22, 6.83859], [3.20923, 6.83777], [3.20905, 6.83512], [3.20565, 6.83206], [3.2046, 6.8327], [3.20509, 6.83402], [3.20194, 6.83649], [3.20082, 6.83579], [3.19945, 6.83538], [3.19851, 6.83691], [3.1973, 6.83822], [3.19483, 6.83657], [3.19351, 6.83704], [3.19349, 6.83981], [3.18414, 6.84066], [3.17998, 6.84279], [3.17622, 6.84307], [3.16449, 6.847], [3.17361, 6.85257], [3.18015, 6.85246], [3.18016, 6.85761], [3.18283, 6.85948], [3.18913, 6.86023], [3.19049, 6.86551], [3.19298, 6.86911], [3.1924, 6.87168], [3.20353, 6.8809], [3.20535, 6.87408], [3.24463, 6.85542], [3.2461, 6.8436]]]}, "properties": {"name": "Arigbajo", "lga": "Ewekoro", "state": "og"}}, {"type": "Feature", "geometry": {"type": "Polygon", "coordinates": [[[3.25578, 7.07959], [3.25286, 7.07537], [3.25005, 7.07572], [3.24185, 7.08306], [3.24485, 7.10304], [3.24381, 7.1095], [3.24228, 7.11424], [3.23961, 7.11499], [3.22838, 7.11383], [3.22115, 7.11514], [3.21406, 7.12326], [3.21238, 7.12696], [3.21069, 7.13133], [3.20832, 7.13723], [3.20291, 7.14318], [3.20652, 7.1542], [3.22309, 7.15455], [3.23246, 7.17333], [3.25332, 7.1737], [3.25899, 7.15921], [3.27768, 7.15683], [3.28315, 7.15263], [3.2873, 7.14816], [3.28767, 7.13481], [3.29656, 7.13159], [3.30009, 7.12884], [3.30601, 7.12436], [3.30423, 7.12199], [3.30429, 7.12037], [3.30556, 7.11962], [3.30593, 7.11736], [3.29949, 7.11482], [3.29383, 7.1156], [3.29363, 7.11484], [3.29275, 7.11159], [3.29033, 7.10554], [3.28185, 7.10235], [3.27684, 7.0938], [3.26496, 7.09077], [3.25578, 7.07959]]]}, "properties": {"name": "Ikereku 2", "lga": "Abeokuta North", "state": "og"}}, {"type": "Feature", "geometry": {"type": "Polygon", "coordinates": [[[3.31709, 7.15418], [3.31302, 7.15802], [3.31693, 7.16216], [3.31919, 7.16157], [3.3204, 7.16115], [3.31947, 7.16623], [3.32433, 7.16289], [3.32534, 7.1627], [3.32549, 7.16347], [3.32588, 7.16415], [3.32623, 7.16459], [3.3271, 7.16348], [3.32896, 7.16228], [3.3277, 7.16014], [3.32874, 7.15598], [3.32817, 7.15405], [3.3282, 7.15317], [3.3269, 7.15067], [3.32481, 7.14869], [3.32296, 7.15075], [3.32155, 7.15019], [3.31709, 7.15418]]]}, "properties": {"name": "Sabo 1", "lga": "Abeokuta North", "state": "og"}}, {"type": "Feature", "geometry": {"type": "Polygon", "coordinates": [[[3.33235, 7.15626], [3.33236, 7.15533], [3.33077, 7.15237], [3.32986, 7.15248], [3.32933, 7.15269], [3.3282, 7.15317], [3.32817, 7.15405], [3.32874, 7.15598], [3.3277, 7.16014], [3.33366, 7.16955], [3.33432, 7.1721], [3.33512, 7.17602], [3.3348, 7.17702], [3.33441, 7.17824], [3.34048, 7.18167], [3.33952, 7.17462], [3.33699, 7.17482], [3.33363, 7.16591], [3.33471, 7.16563], [3.33538, 7.16526], [3.33043, 7.16003], [3.33009, 7.15789], [3.32989, 7.15612], [3.33235, 7.15626]]]}, "properties": {"name": "Totoro 2", "lga": "Abeokuta North", "state": "og"}}, {"type": "Feature", "geometry": {"type": "Polygon", "coordinates": [[[2.93634, 6.61747], [2.94967, 6.61562], [2.95482, 6.60335], [2.95803, 6.59913], [2.95285, 6.59717], [2.9545, 6.59395], [2.95194, 6.59168], [2.95135, 6.5881], [2.95245, 6.5849], [2.95114, 6.58425], [2.94182, 6.58591], [2.94213, 6.58926], [2.93884, 6.5894], [2.93889, 6.59032], [2.9385, 6.59033], [2.9385, 6.59085], [2.92597, 6.59516], [2.92195, 6.60081], [2.92349, 6.60718], [2.93034, 6.6114], [2.93634, 6.61747]]]}, "properties": {"name": "Ado 2", "lga": "Ado Odo/Ota", "state": "og"}}, {"type": "Feature", "geometry": {"type": "Polygon", "coordinates": [[[2.90775, 6.58349], [2.90993, 6.58576], [2.91587, 6.585], [2.92142, 6.5933], [2.92597, 6.59516], [2.9385, 6.59085], [2.9385, 6.59033], [2.93889, 6.59032], [2.93884, 6.5894], [2.94213, 6.58926], [2.94182, 6.58591], [2.95114, 6.58425], [2.94951, 6.57842], [2.94913, 6.57617], [2.94926, 6.57392], [2.94699, 6.56921], [2.9457, 6.56841], [2.94159, 6.56711], [2.93917, 6.56809], [2.93712, 6.56925], [2.93614, 6.57229], [2.93462, 6.57394], [2.93221, 6.57503], [2.93141, 6.57834], [2.92761, 6.57969], [2.9167, 6.58088], [2.91191, 6.58222], [2.90527, 6.58046], [2.90507, 6.58231], [2.90775, 6.58349]]]}, "properties": {"name": "Ado 1", "lga": "Ado Odo/Ota", "state": "og"}}, {"type": "Feature", "geometry": {"type": "Polygon", "coordinates": [[[3.2775, 6.96192], [3.26807, 6.9606], [3.25326, 6.95842], [3.24922, 6.95997], [3.23885, 6.96114], [3.23315, 6.9612], [3.22335, 6.96369], [3.22305, 6.9652], [3.22186, 6.96961], [3.22207, 6.97935], [3.22842, 7.00543], [3.22821, 7.00834], [3.22794, 7.01168], [3.23223, 7.01184], [3.23765, 7.0124], [3.24207, 7.01473], [3.24858, 7.02048], [3.25372, 7.02174], [3.25467, 7.0226], [3.2711, 7.01822], [3.27405, 7.0084], [3.30388, 7.00222], [3.30846, 6.98868], [3.30353, 6.98885], [3.30206, 6.98641], [3.30263, 6.98305], [3.3059, 6.98069], [3.30336, 6.96983], [3.30564, 6.96878], [3.30957, 6.97049], [3.31114, 6.9697], [3.30987, 6.96229], [3.31235, 6.95816], [3.31276, 6.95386], [3.3138, 6.94953], [3.31242, 6.94559], [3.30892, 6.94205], [3.30357, 6.94567], [3.29657, 6.95867], [3.29029, 6.96269], [3.2775, 6.96192]]]}, "properties": {"name": "Wasimi", "lga": "Ewekoro", "state": "og"}}, {"type": "Feature", "geometry": {"type": "Polygon", "coordinates": [[[3.17084, 6.93004], [3.17569, 6.93839], [3.195, 6.94607], [3.20631, 6.95531], [3.21506, 6.95679], [3.22116, 6.96136], [3.22335, 6.96369], [3.23315, 6.9612], [3.23885, 6.96114], [3.24922, 6.95997], [3.25326, 6.95842], [3.26807, 6.9606], [3.2775, 6.96192], [3.29029, 6.96269], [3.29657, 6.95867], [3.30357, 6.94567], [3.30892, 6.94205], [3.31186, 6.9408], [3.30758, 6.93615], [3.30227, 6.92996], [3.29818, 6.92395], [3.29613, 6.91934], [3.29527, 6.91483], [3.29978, 6.90876], [3.30449, 6.90497], [3.29276, 6.90222], [3.27134, 6.89207], [3.25951, 6.88851], [3.23497, 6.89002], [3.21756, 6.90161], [3.21236, 6.90292], [3.20263, 6.9111], [3.19787, 6.91323], [3.19082, 6.9192], [3.18456, 6.91933], [3.17688, 6.91802], [3.17084, 6.93004]]]}, "properties": {"name": "Itori", "lga": "Ewekoro", "state": "og"}}, {"type": "Feature", "geometry": {"type": "Polygon", "coordinates": [[[3.68932, 7.1908], [3.68991, 7.20742], [3.69113, 7.20782], [3.69728, 7.21371], [3.71217, 7.22561], [3.71886, 7.22781], [3.72676, 7.22646], [3.73503, 7.22539], [3.73807, 7.22655], [3.74018, 7.2287], [3.7418, 7.23562], [3.74417, 7.23791], [3.75385, 7.24256], [3.76227, 7.24322], [3.76246, 7.23886], [3.7636, 7.23048], [3.76893, 7.22363], [3.77502, 7.21069], [3.78035, 7.20269], [3.77769, 7.19203], [3.77731, 7.18061], [3.78264, 7.17223], [3.78721, 7.16386], [3.79444, 7.13949], [3.79292, 7.13226], [3.7815, 7.12122], [3.75256, 7.10789], [3.73848, 7.10332], [3.73594, 7.10184], [3.72743, 7.09685], [3.72699, 7.09534], [3.72569, 7.10149], [3.72453, 7.10446], [3.72794, 7.11235], [3.72698, 7.11366], [3.72459, 7.11474], [3.72168, 7.11715], [3.71969, 7.12343], [3.72134, 7.15515], [3.71581, 7.15955], [3.70715, 7.16142], [3.696, 7.16887], [3.69322, 7.17526], [3.69392, 7.17521], [3.68932, 7.1908]]]}, "properties": {"name": "Alapako", "lga": "Obafemi Owode", "state": "og"}}, {"type": "Feature", "geometry": {"type": "Polygon", "coordinates": [[[3.30914, 7.15696], [3.31348, 7.15527], [3.31572, 7.15267], [3.31645, 7.15253], [3.31709, 7.15418], [3.32155, 7.15019], [3.32296, 7.15075], [3.32481, 7.14869], [3.3164, 7.13882], [3.31397, 7.13492], [3.3082, 7.12517], [3.30601, 7.12436], [3.30009, 7.12884], [3.29656, 7.13159], [3.28767, 7.13481], [3.2873, 7.14816], [3.28315, 7.15263], [3.27768, 7.15683], [3.25899, 7.15921], [3.25332, 7.1737], [3.23246, 7.17333], [3.2401, 7.18848], [3.24601, 7.18977], [3.25096, 7.19576], [3.25794, 7.20604], [3.26408, 7.21457], [3.2736, 7.21713], [3.28807, 7.22726], [3.3156, 7.21972], [3.31442, 7.18734], [3.31215, 7.18309], [3.3068, 7.18721], [3.30125, 7.17908], [3.30535, 7.17794], [3.30642, 7.17611], [3.30674, 7.17523], [3.30672, 7.17341], [3.30662, 7.17244], [3.30632, 7.17055], [3.30757, 7.17027], [3.30442, 7.16163], [3.30488, 7.15971], [3.3062, 7.1576], [3.30808, 7.15707], [3.30914, 7.15696]]]}, "properties": {"name": "Idiya", "lga": "Abeokuta North", "state": "og"}}, {"type": "Feature", "geometry": {"type": "Polygon", "coordinates": [[[3.12808, 6.5057], [3.12723, 6.50741], [3.1225, 6.51958], [3.11771, 6.52603], [3.11215, 6.53254], [3.10494, 6.53806], [3.10225, 6.54198], [3.09951, 6.54465], [3.09955, 6.55472], [3.1047, 6.56054], [3.11325, 6.56937], [3.12261, 6.57595], [3.13201, 6.56456], [3.13624, 6.5586], [3.13949, 6.55466], [3.13827, 6.5428], [3.14048, 6.53884], [3.14452, 6.53563], [3.14876, 6.52878], [3.15089, 6.52493], [3.15298, 6.51695], [3.15204, 6.5111], [3.15132, 6.5061], [3.151, 6.50594], [3.14552, 6.5059], [3.14232, 6.50784], [3.13671, 6.50766], [3.13103, 6.50647], [3.12808, 6.5057]]]}, "properties": {"name": "Igbesa", "lga": "Ado Odo/Ota", "state": "og"}}, {"type": "Feature", "geometry": {"type": "Polygon", "coordinates": [[[2.9543, 6.67324], [2.95069, 6.67196], [2.92538, 6.6811], [2.9239, 6.68097], [2.91242, 6.68601], [2.91109, 6.69385], [2.91026, 6.70454], [2.91086, 6.73033], [2.88467, 6.74117], [2.89973, 6.76207], [2.90579, 6.77354], [2.90959, 6.78223], [2.91024, 6.78964], [2.91493, 6.79012], [2.92316, 6.78976], [2.93248, 6.78865], [2.94052, 6.78644], [2.9469, 6.78133], [2.95452, 6.77953], [2.9704, 6.7817], [2.98169, 6.78447], [2.98922, 6.7884], [2.99854, 6.78839], [3.0089, 6.78442], [3.0166, 6.78297], [3.01407, 6.76564], [3.00245, 6.75351], [2.98402, 6.74606], [2.97931, 6.72972], [2.97522, 6.72429], [2.97238, 6.71832], [2.97142, 6.71328], [2.96128, 6.70885], [2.95572, 6.71051], [2.9516, 6.70878], [2.95188, 6.70008], [2.95148, 6.69864], [2.95688, 6.69244], [2.95606, 6.68666], [2.9543, 6.67324]]]}, "properties": {"name": "Ajilete", "lga": "Yewa South", "state": "og"}}, {"type": "Feature", "geometry": {"type": "Polygon", "coordinates": [[[3.06884, 6.96065], [3.08087, 6.96486], [3.0957, 6.9449], [3.10715, 6.92777], [3.1241, 6.91572], [3.13655, 6.90751], [3.12945, 6.89486], [3.14131, 6.88995], [3.1425, 6.88775], [3.13406, 6.8869], [3.12879, 6.88619], [3.11971, 6.88248], [3.11733, 6.88255], [3.10913, 6.88425], [3.089, 6.88361], [3.0927, 6.89001], [3.09451, 6.89627], [3.09286, 6.90428], [3.08418, 6.90987], [3.07415, 6.91405], [3.06112, 6.9216], [3.05834, 6.92656], [3.05645, 6.9297], [3.05171, 6.94502], [3.05898, 6.94678], [3.0635, 6.9524], [3.06884, 6.96065]]]}, "properties": {"name": "Asayobo", "lga": "Ewekoro", "state": "og"}}, {"type": "Feature", "geometry": {"type": "Polygon", "coordinates": [[[3.3648, 7.19592], [3.36412, 7.19556], [3.35902, 7.19929], [3.35817, 7.20016], [3.35414, 7.19453], [3.35055, 7.19787], [3.34838, 7.19729], [3.34761, 7.19713], [3.34718, 7.19691], [3.34648, 7.19725], [3.34569, 7.19773], [3.34476, 7.19841], [3.34531, 7.19898], [3.34545, 7.19937], [3.34547, 7.20038], [3.34439, 7.20083], [3.34717, 7.20573], [3.34535, 7.20783], [3.34366, 7.20873], [3.34213, 7.20934], [3.33836, 7.20847], [3.33867, 7.21225], [3.34171, 7.21341], [3.34559, 7.22709], [3.35439, 7.23429], [3.37213, 7.22535], [3.38427, 7.21047], [3.38244, 7.20726], [3.38075, 7.20526], [3.37873, 7.20449], [3.37428, 7.20296], [3.37137, 7.19559], [3.37118, 7.19528], [3.3648, 7.19592]]]}, "properties": {"name": "Emere", "lga": "Abeokuta South", "state": "og"}}, {"type": "Feature", "geometry": {"type": "Polygon", "coordinates": [[[3.14976, 6.83601], [3.13777, 6.84313], [3.13116, 6.8514], [3.11531, 6.85616], [3.10788, 6.84796], [3.08848, 6.84126], [3.07238, 6.83294], [3.05823, 6.83045], [3.05395, 6.83919], [3.05403, 6.84568], [3.05525, 6.85644], [3.06659, 6.86364], [3.07413, 6.86666], [3.07995, 6.87304], [3.08305, 6.87878], [3.089, 6.88361], [3.10913, 6.88425], [3.11733, 6.88255], [3.11971, 6.88248], [3.12879, 6.88619], [3.13406, 6.8869], [3.1425, 6.88775], [3.15288, 6.87859], [3.16449, 6.847], [3.15961, 6.84128], [3.14976, 6.83601]]]}, "properties": {"name": "Abalabi", "lga": "Ewekoro", "state": "og"}}, {"type": "Feature", "geometry": {"type": "Polygon", "coordinates": [[[3.10858, 6.69468], [3.10824, 6.69221], [3.11057, 6.69107], [3.1073, 6.67819], [3.11244, 6.67123], [3.10794, 6.66799], [3.1095, 6.66498], [3.10921, 6.66475], [3.10878, 6.66451], [3.10845, 6.66429], [3.11194, 6.65778], [3.11276, 6.65345], [3.11454, 6.65372], [3.11502, 6.6495], [3.11838, 6.64941], [3.12224, 6.64414], [3.12387, 6.63376], [3.12429, 6.62821], [3.12362, 6.62166], [3.12009, 6.61455], [3.11724, 6.60555], [3.11313, 6.60994], [3.11, 6.61409], [3.1051, 6.62043], [3.092, 6.6244], [3.08264, 6.62421], [3.07995, 6.62397], [3.07163, 6.63551], [3.07101, 6.63871], [3.06798, 6.64091], [3.05866, 6.64293], [3.05488, 6.64534], [3.04793, 6.65569], [3.03978, 6.6586], [3.03429, 6.66325], [3.02653, 6.66715], [3.01153, 6.67069], [3.00979, 6.67162], [3.01715, 6.69567], [3.02362, 6.70366], [3.03027, 6.71358], [3.04248, 6.73292], [3.04674, 6.74276], [3.05011, 6.75167], [3.0817, 6.76198], [3.08255, 6.76135], [3.08929, 6.75879], [3.0911, 6.74706], [3.09053, 6.74138], [3.09293, 6.73774], [3.09592, 6.7312], [3.09446, 6.72116], [3.09549, 6.71348], [3.09888, 6.71108], [3.11027, 6.70621], [3.11051, 6.69787], [3.10858, 6.69468]]]}, "properties": {"name": "Atan Ward", "lga": "Ado Odo/Ota", "state": "og"}}, {"type": "Feature", "geometry": {"type": "Polygon", "coordinates": [[[3.09612, 6.50039], [3.07725, 6.49239], [3.07226, 6.4972], [3.05985, 6.50177], [3.04592, 6.50101], [3.03576, 6.50188], [3.03467, 6.50186], [3.03658, 6.50196], [3.03666, 6.50246], [3.03673, 6.50282], [3.03681, 6.50334], [3.03481, 6.51373], [3.03619, 6.52153], [3.06047, 6.53979], [3.06241, 6.54356], [3.05973, 6.54596], [3.05808, 6.54727], [3.05611, 6.54905], [3.05472, 6.5494], [3.05228, 6.55022], [3.04995, 6.5507], [3.05063, 6.55373], [3.0547, 6.55493], [3.05657, 6.55503], [3.05668, 6.56809], [3.06715, 6.56746], [3.08225, 6.5506], [3.08631, 6.54799], [3.09415, 6.5455], [3.09951, 6.54465], [3.10225, 6.54198], [3.10494, 6.53806], [3.11215, 6.53254], [3.11771, 6.52603], [3.1225, 6.51958], [3.12723, 6.50741], [3.12808, 6.5057], [3.10861, 6.50329], [3.10301, 6.49962], [3.09914, 6.50023], [3.09697, 6.50037], [3.09612, 6.50039]]]}, "properties": {"name": "Agbara", "lga": "Ado Odo/Ota", "state": "og"}}, {"type": "Feature", "geometry": {"type": "Polygon", "coordinates": [[[3.16045, 6.50807], [3.1552, 6.50799], [3.15132, 6.5061], [3.15204, 6.5111], [3.15298, 6.51695], [3.15089, 6.52493], [3.14876, 6.52878], [3.14452, 6.53563], [3.14048, 6.53884], [3.13827, 6.5428], [3.13949, 6.55466], [3.13624, 6.5586], [3.13201, 6.56456], [3.12261, 6.57595], [3.1227, 6.5809], [3.13765, 6.58203], [3.15383, 6.58702], [3.16686, 6.59013], [3.17692, 6.59347], [3.18152, 6.58993], [3.18814, 6.57914], [3.19318, 6.57625], [3.19294, 6.57269], [3.19172, 6.57148], [3.19167, 6.56961], [3.19213, 6.56771], [3.19355, 6.56887], [3.19535, 6.56696], [3.19845, 6.5597], [3.20013, 6.55046], [3.19953, 6.54856], [3.19863, 6.54577], [3.20119, 6.54407], [3.20137, 6.54152], [3.20036, 6.54005], [3.20026, 6.53631], [3.2014, 6.5326], [3.20109, 6.53245], [3.19965, 6.53185], [3.19622, 6.53042], [3.19431, 6.53079], [3.19054, 6.53148], [3.1887, 6.53065], [3.18672, 6.52935], [3.18562, 6.52836], [3.18441, 6.52702], [3.17532, 6.51479], [3.1681, 6.51288], [3.16337, 6.51108], [3.16045, 6.50807]]]}, "properties": {"name": "Ejila Awori", "lga": "Ado Odo/Ota", "state": "og"}}, {"type": "Feature", "geometry": {"type": "Polygon", "coordinates": [[[3.55754, 7.18063], [3.56196, 7.18106], [3.56638, 7.18139], [3.57245, 7.18262], [3.57729, 7.18866], [3.58125, 7.19235], [3.5829, 7.19263], [3.59552, 7.18528], [3.60193, 7.18665], [3.60771, 7.18417], [3.61109, 7.18415], [3.61548, 7.18558], [3.61998, 7.18639], [3.62419, 7.19562], [3.62864, 7.19843], [3.63405, 7.1941], [3.63511, 7.19011], [3.63813, 7.18496], [3.64227, 7.18221], [3.64491, 7.18165], [3.64895, 7.18435], [3.65597, 7.18271], [3.65926, 7.1799], [3.66291, 7.175], [3.66291, 7.17499], [3.66275, 7.16971], [3.66099, 7.1619], [3.66292, 7.15412], [3.66594, 7.15042], [3.6673, 7.14739], [3.66767, 7.14508], [3.66853, 7.14298], [3.67128, 7.14096], [3.67566, 7.1323], [3.67624, 7.12813], [3.67606, 7.1241], [3.67385, 7.12081], [3.67283, 7.11675], [3.66435, 7.11353], [3.66103, 7.11291], [3.65602, 7.10886], [3.65596, 7.10602], [3.6608, 7.09795], [3.66743, 7.09494], [3.67516, 7.09354], [3.67902, 7.09029], [3.67933, 7.08507], [3.67449, 7.07276], [3.67254, 7.0681], [3.66919, 7.06467], [3.6573, 7.06161], [3.65414, 7.05664], [3.65093, 7.05493], [3.64712, 7.05419], [3.64496, 7.05355], [3.63418, 7.05202], [3.63202, 7.05256], [3.62064, 7.04281], [3.6165, 7.04383], [3.61311, 7.04396], [3.60852, 7.04737], [3.60462, 7.05031], [3.60347, 7.05705], [3.60149, 7.05858], [3.59978, 7.05961], [3.59119, 7.05851], [3.58833, 7.06013], [3.58578, 7.06294], [3.58308, 7.06748], [3.57789, 7.0675], [3.57541, 7.06796], [3.57476, 7.0685], [3.57573, 7.07766], [3.57618, 7.07959], [3.57542, 7.08453], [3.57234, 7.08858], [3.57205, 7.0915], [3.57191, 7.0939], [3.57394, 7.10062], [3.57552, 7.10368], [3.57613, 7.10642], [3.57468, 7.11283], [3.5774, 7.11742], [3.58028, 7.12037], [3.58186, 7.12154], [3.58539, 7.12285], [3.58684, 7.12463], [3.5873, 7.12673], [3.58664, 7.13246], [3.58353, 7.1362], [3.58121, 7.13965], [3.57612, 7.1396], [3.57498, 7.1353], [3.57059, 7.13321], [3.56384, 7.12959], [3.55428, 7.12978], [3.54483, 7.13149], [3.5417, 7.13891], [3.5536, 7.14978], [3.55036, 7.15229], [3.54977, 7.15419], [3.54932, 7.15722], [3.55013, 7.15963], [3.55089, 7.16412], [3.55465, 7.16884], [3.55554, 7.17053], [3.55754, 7.18063]]]}, "properties": {"name": "Obafemi", "lga": "Obafemi Owode", "state": "og"}}, {"type": "Feature", "geometry": {"type": "Polygon", "coordinates": [[[3.50937, 6.84776], [3.48831, 6.83322], [3.48375, 6.83171], [3.46864, 6.82902], [3.46678, 6.83381], [3.46506, 6.84087], [3.46471, 6.84418], [3.46446, 6.8492], [3.46421, 6.8541], [3.46553, 6.85945], [3.47232, 6.8661], [3.47349, 6.87434], [3.47293, 6.87994], [3.47367, 6.88367], [3.47946, 6.89112], [3.48009, 6.89604], [3.47454, 6.90689], [3.46347, 6.90349], [3.45265, 6.90543], [3.45369, 6.90889], [3.44539, 6.91417], [3.43841, 6.91559], [3.43168, 6.91848], [3.43307, 6.92483], [3.44131, 6.92857], [3.44957, 6.93502], [3.46276, 6.9372], [3.46589, 6.9408], [3.46669, 6.9461], [3.46925, 6.95774], [3.47432, 6.95907], [3.47789, 6.95938], [3.48485, 6.95891], [3.48691, 6.96288], [3.49034, 6.96774], [3.48957, 6.97355], [3.48458, 6.97705], [3.48263, 6.98439], [3.48241, 6.99255], [3.48955, 6.99423], [3.4947, 6.99198], [3.49746, 6.98987], [3.49963, 6.9875], [3.50046, 6.9857], [3.5013, 6.98515], [3.50113, 6.97965], [3.5027, 6.97442], [3.50549, 6.96998], [3.50674, 6.96761], [3.51933, 6.95483], [3.52108, 6.94924], [3.52345, 6.9458], [3.52482, 6.9407], [3.52919, 6.93817], [3.53304, 6.93494], [3.53547, 6.93246], [3.53743, 6.92945], [3.53827, 6.92744], [3.54136, 6.92242], [3.54128, 6.91662], [3.53942, 6.91172], [3.5404, 6.90024], [3.54086, 6.89607], [3.53849, 6.89159], [3.53591, 6.88886], [3.53149, 6.8864], [3.53311, 6.87744], [3.53526, 6.87762], [3.53645, 6.87503], [3.53598, 6.87177], [3.53071, 6.8683], [3.52607, 6.86532], [3.52728, 6.86169], [3.51935, 6.85979], [3.51977, 6.85715], [3.52172, 6.85033], [3.51735, 6.85001], [3.51388, 6.84938], [3.50937, 6.84776]]]}, "properties": {"name": "Owode", "lga": "Obafemi Owode", "state": "og"}}, {"type": "Feature", "geometry": {"type": "Polygon", "coordinates": [[[3.72699, 7.09534], [3.72573, 7.091], [3.72477, 7.08772], [3.726, 7.08591], [3.72443, 7.08033], [3.72483, 7.06774], [3.72244, 7.06205], [3.71084, 7.06194], [3.69619, 7.06334], [3.68984, 7.05487], [3.68897, 7.04978], [3.67998, 7.0286], [3.67591, 7.02932], [3.65694, 7.02159], [3.64899, 7.01224], [3.63437, 7.01923], [3.62925, 7.02953], [3.62943, 7.03046], [3.62412, 7.03784], [3.62064, 7.04281], [3.63202, 7.05256], [3.63418, 7.05202], [3.64496, 7.05355], [3.64712, 7.05419], [3.65093, 7.05493], [3.65414, 7.05664], [3.6573, 7.06161], [3.66919, 7.06467], [3.67254, 7.0681], [3.67449, 7.07276], [3.67933, 7.08507], [3.67902, 7.09029], [3.67516, 7.09354], [3.66743, 7.09494], [3.6608, 7.09795], [3.65596, 7.10602], [3.65602, 7.10886], [3.66103, 7.11291], [3.66435, 7.11353], [3.67283, 7.11675], [3.67385, 7.12081], [3.67606, 7.1241], [3.67624, 7.12813], [3.67566, 7.1323], [3.66292, 7.15412], [3.66099, 7.1619], [3.66275, 7.16971], [3.66291, 7.17499], [3.66291, 7.175], [3.67185, 7.18352], [3.68932, 7.1908], [3.69392, 7.17521], [3.69322, 7.17526], [3.696, 7.16887], [3.70715, 7.16142], [3.71581, 7.15955], [3.72134, 7.15515], [3.71969, 7.12343], [3.72168, 7.11715], [3.72459, 7.11474], [3.72698, 7.11366], [3.72794, 7.11235], [3.72453, 7.10446], [3.72569, 7.10149], [3.72699, 7.09534]]]}, "properties": {"name": "Ajebo", "lga": "Obafemi Owode", "state": "og"}}, {"type": "Feature", "geometry": {"type": "Polygon", "coordinates": [[[3.62809, 6.98269], [3.62177, 6.97704], [3.6152, 6.97104], [3.61419, 6.96496], [3.60647, 6.96488], [3.59652, 6.96013], [3.59139, 6.95242], [3.59297, 6.93953], [3.59516, 6.92874], [3.59445, 6.92382], [3.59528, 6.91937], [3.59352, 6.91599], [3.59145, 6.90995], [3.58739, 6.90546], [3.58278, 6.90034], [3.58195, 6.89876], [3.57224, 6.89798], [3.56958, 6.90396], [3.56447, 6.90409], [3.56268, 6.90436], [3.56053, 6.9058], [3.55694, 6.9094], [3.55393, 6.91013], [3.54597, 6.89768], [3.54086, 6.89607], [3.5404, 6.90024], [3.53942, 6.91172], [3.54128, 6.91662], [3.54136, 6.92242], [3.53827, 6.92744], [3.53743, 6.92945], [3.53547, 6.93246], [3.53304, 6.93494], [3.52919, 6.93817], [3.52482, 6.9407], [3.52345, 6.9458], [3.52108, 6.94924], [3.51933, 6.95483], [3.50674, 6.96761], [3.50549, 6.96998], [3.5027, 6.97442], [3.50113, 6.97965], [3.5013, 6.98515], [3.50046, 6.9857], [3.49963, 6.9875], [3.50257, 6.9891], [3.50947, 6.99109], [3.51417, 6.99314], [3.51618, 6.99558], [3.52109, 6.99855], [3.52483, 6.99995], [3.53009, 7.00227], [3.53328, 6.99827], [3.53989, 6.98809], [3.54566, 6.98541], [3.55512, 6.99055], [3.56403, 6.99459], [3.56608, 6.98943], [3.56842, 6.98463], [3.58337, 6.98754], [3.58366, 6.99224], [3.58129, 6.9994], [3.5796, 7.00616], [3.57907, 7.01078], [3.58255, 7.01203], [3.58754, 7.01483], [3.58977, 7.0189], [3.5973, 7.02358], [3.59982, 7.02516], [3.6044, 7.02547], [3.61105, 7.02882], [3.61735, 7.02684], [3.62925, 7.02953], [3.63437, 7.01923], [3.64899, 7.01224], [3.64902, 7.01141], [3.64818, 7.00559], [3.64973, 7.00195], [3.64621, 6.99017], [3.63734, 6.98542], [3.63229, 6.98585], [3.62809, 6.98269]]]}, "properties": {"name": "Ajura", "lga": "Obafemi Owode", "state": "og"}}, {"type": "Feature", "geometry": {"type": "Polygon", "coordinates": [[[3.46273, 7.01142], [3.45394, 7.01249], [3.44756, 7.01172], [3.45082, 7.0258], [3.45307, 7.02923], [3.45681, 7.0338], [3.45893, 7.03483], [3.46782, 7.03643], [3.47167, 7.03541], [3.47633, 7.0347], [3.48382, 7.03454], [3.48756, 7.03731], [3.48893, 7.04532], [3.48967, 7.04792], [3.49096, 7.05089], [3.49366, 7.05434], [3.49919, 7.05538], [3.50199, 7.05658], [3.50137, 7.0619], [3.50562, 7.06382], [3.5082, 7.06334], [3.50994, 7.05626], [3.51331, 7.05316], [3.54933, 7.05102], [3.55338, 7.05215], [3.5566, 7.06082], [3.55674, 7.06366], [3.55884, 7.06632], [3.56026, 7.06701], [3.56307, 7.06526], [3.56974, 7.06808], [3.57476, 7.0685], [3.57541, 7.06796], [3.57789, 7.0675], [3.58308, 7.06748], [3.58578, 7.06294], [3.58833, 7.06013], [3.59119, 7.05851], [3.59978, 7.05961], [3.60149, 7.05858], [3.60347, 7.05705], [3.60462, 7.05031], [3.60852, 7.04737], [3.61311, 7.04396], [3.6165, 7.04383], [3.62064, 7.04281], [3.62412, 7.03784], [3.62943, 7.03046], [3.62925, 7.02953], [3.61735, 7.02684], [3.61105, 7.02882], [3.6044, 7.02547], [3.59982, 7.02516], [3.5973, 7.02358], [3.58977, 7.0189], [3.58754, 7.01483], [3.58255, 7.01203], [3.57907, 7.01078], [3.5796, 7.00616], [3.58129, 6.9994], [3.58366, 6.99224], [3.58337, 6.98754], [3.56842, 6.98463], [3.56608, 6.98943], [3.56403, 6.99459], [3.55512, 6.99055], [3.54566, 6.98541], [3.53989, 6.98809], [3.53328, 6.99827], [3.53009, 7.00227], [3.52483, 6.99995], [3.52109, 6.99855], [3.51618, 6.99558], [3.51417, 6.99314], [3.50947, 6.99109], [3.50257, 6.9891], [3.49963, 6.9875], [3.49746, 6.98987], [3.4947, 6.99198], [3.48955, 6.99423], [3.48241, 6.99255], [3.47913, 6.99698], [3.46273, 7.01142]]]}, "properties": {"name": "Maloko Asipa", "lga": "Obafemi Owode", "state": "og"}}, {"type": "Feature", "geometry": {"type": "Polygon", "coordinates": [[[3.38462, 7.14244], [3.39677, 7.14116], [3.40039, 7.14354], [3.40497, 7.14742], [3.40637, 7.14594], [3.40739, 7.13902], [3.40906, 7.13824], [3.41139, 7.13819], [3.428, 7.14403], [3.4332, 7.12426], [3.43309, 7.12289], [3.42966, 7.11964], [3.43478, 7.11819], [3.43634, 7.11139], [3.43816, 7.10963], [3.43768, 7.10194], [3.44481, 7.10207], [3.44686, 7.10023], [3.45234, 7.09841], [3.45558, 7.0982], [3.45935, 7.09972], [3.46171, 7.09962], [3.46541, 7.09904], [3.46874, 7.09485], [3.47204, 7.09201], [3.47802, 7.08946], [3.48151, 7.08488], [3.48872, 7.08074], [3.49106, 7.07433], [3.49157, 7.07014], [3.49192, 7.06863], [3.49742, 7.06665], [3.49844, 7.06529], [3.5001, 7.06332], [3.50137, 7.0619], [3.50199, 7.05658], [3.49919, 7.05538], [3.49366, 7.05434], [3.49096, 7.05089], [3.48967, 7.04792], [3.48893, 7.04532], [3.48756, 7.03731], [3.48382, 7.03454], [3.47633, 7.0347], [3.47167, 7.03541], [3.46782, 7.03643], [3.45893, 7.03483], [3.45681, 7.0338], [3.45307, 7.02923], [3.45082, 7.0258], [3.44756, 7.01172], [3.44646, 7.01085], [3.43947, 7.01526], [3.43724, 7.02032], [3.43176, 7.03102], [3.42723, 7.03367], [3.41949, 7.02984], [3.4133, 7.0352], [3.40996, 7.0375], [3.40031, 7.04099], [3.39425, 7.03984], [3.39152, 7.04082], [3.38976, 7.04214], [3.38774, 7.04775], [3.38524, 7.0519], [3.38331, 7.05867], [3.3854, 7.06393], [3.38591, 7.06872], [3.38831, 7.07431], [3.38736, 7.07611], [3.38549, 7.07792], [3.37727, 7.08016], [3.37459, 7.08084], [3.369, 7.08188], [3.3671, 7.08593], [3.36294, 7.0891], [3.36245, 7.09117], [3.36148, 7.09744], [3.36304, 7.10004], [3.3635, 7.10315], [3.36316, 7.10781], [3.36149, 7.10959], [3.36029, 7.1109], [3.35612, 7.10974], [3.35569, 7.12034], [3.35612, 7.12012], [3.35679, 7.12034], [3.35751, 7.12087], [3.35836, 7.12216], [3.35938, 7.12371], [3.36021, 7.1245], [3.35843, 7.12502], [3.35718, 7.12612], [3.35884, 7.1282], [3.36072, 7.12991], [3.36559, 7.13241], [3.3662, 7.13414], [3.36606, 7.13499], [3.36764, 7.13576], [3.37047, 7.13742], [3.37271, 7.13898], [3.37185, 7.1441], [3.37478, 7.14355], [3.37837, 7.14296], [3.38462, 7.14244]]]}, "properties": {"name": "Egbeda", "lga": "Obafemi Owode", "state": "og"}}, {"type": "Feature", "geometry": {"type": "Polygon", "coordinates": [[[3.44646, 7.01085], [3.44756, 7.01172], [3.45394, 7.01249], [3.46273, 7.01142], [3.47913, 6.99698], [3.48241, 6.99255], [3.48263, 6.98439], [3.48458, 6.97705], [3.48957, 6.97355], [3.49034, 6.96774], [3.48691, 6.96288], [3.48485, 6.95891], [3.47789, 6.95938], [3.47432, 6.95907], [3.46925, 6.95774], [3.46669, 6.9461], [3.46589, 6.9408], [3.46276, 6.9372], [3.44957, 6.93502], [3.44131, 6.92857], [3.43307, 6.92483], [3.43168, 6.91848], [3.43841, 6.91559], [3.44539, 6.91417], [3.45369, 6.90889], [3.45265, 6.90543], [3.45291, 6.90168], [3.45098, 6.89425], [3.44044, 6.89266], [3.43818, 6.89244], [3.43434, 6.89671], [3.43265, 6.89833], [3.4251, 6.90231], [3.42372, 6.90423], [3.41479, 6.89846], [3.40702, 6.90785], [3.40137, 6.91559], [3.38181, 6.92971], [3.37877, 6.93335], [3.37225, 6.93378], [3.3669, 6.93198], [3.36375, 6.92798], [3.35683, 6.92807], [3.35707, 6.93952], [3.3588, 6.94358], [3.35906, 6.94512], [3.35935, 6.94869], [3.35934, 6.95088], [3.3588, 6.95637], [3.36154, 6.96136], [3.36333, 6.96411], [3.3667, 6.96844], [3.37456, 6.97201], [3.37834, 6.97727], [3.38097, 6.98], [3.3952, 6.98908], [3.40003, 6.99012], [3.40505, 6.99041], [3.41397, 6.99207], [3.42118, 6.9919], [3.42799, 6.99156], [3.43826, 6.99808], [3.4453, 7.00325], [3.44646, 7.01085]]]}, "properties": {"name": "Onidundu", "lga": "Obafemi Owode", "state": "og"}}, {"type": "Feature", "geometry": {"type": "Polygon", "coordinates": [[[2.95643, 6.86459], [2.9573, 6.86424], [2.95947, 6.86456], [2.96682, 6.86128], [2.97212, 6.85919], [2.98391, 6.85581], [2.98741, 6.84206], [2.98466, 6.82917], [2.9726, 6.8177], [2.95786, 6.82701], [2.95196, 6.82601], [2.94543, 6.82624], [2.94221, 6.82635], [2.93501, 6.82248], [2.92622, 6.81918], [2.91106, 6.81376], [2.90959, 6.78223], [2.90579, 6.77354], [2.89973, 6.76207], [2.88467, 6.74117], [2.88415, 6.74109], [2.8755, 6.76461], [2.85397, 6.77495], [2.8509, 6.77761], [2.83874, 6.76521], [2.83329, 6.76762], [2.81409, 6.76589], [2.80696, 6.77353], [2.81729, 6.79195], [2.82632, 6.81525], [2.82672, 6.81613], [2.83613, 6.81906], [2.83614, 6.82283], [2.83919, 6.83432], [2.83778, 6.84747], [2.8374, 6.86094], [2.84776, 6.86445], [2.85618, 6.86871], [2.87397, 6.87397], [2.88379, 6.88045], [2.89566, 6.87839], [2.90311, 6.87781], [2.91015, 6.87354], [2.91274, 6.87009], [2.92205, 6.86626], [2.92982, 6.86536], [2.93477, 6.86573], [2.94147, 6.86267], [2.94794, 6.86105], [2.95238, 6.86316], [2.95643, 6.86459]]]}, "properties": {"name": "Idogo", "lga": "Yewa South", "state": "og"}}, {"type": "Feature", "geometry": {"type": "Polygon", "coordinates": [[[3.40497, 7.14742], [3.40913, 7.15927], [3.41157, 7.16047], [3.41319, 7.16108], [3.42465, 7.15532], [3.42445, 7.15687], [3.42706, 7.15788], [3.42895, 7.163], [3.43359, 7.16769], [3.43579, 7.1702], [3.44246, 7.17444], [3.44165, 7.17903], [3.4445, 7.18255], [3.44672, 7.18517], [3.45062, 7.18685], [3.46645, 7.18701], [3.48294, 7.19294], [3.48715, 7.18753], [3.49211, 7.1873], [3.49626, 7.19096], [3.5032, 7.18248], [3.51048, 7.18872], [3.51488, 7.18915], [3.51585, 7.18858], [3.5214, 7.19101], [3.52828, 7.18952], [3.53533, 7.19432], [3.53661, 7.19093], [3.53933, 7.18418], [3.54317, 7.18064], [3.55042, 7.18185], [3.5549, 7.18201], [3.55754, 7.18063], [3.55554, 7.17053], [3.55465, 7.16884], [3.55089, 7.16412], [3.55013, 7.15963], [3.54932, 7.15722], [3.54977, 7.15419], [3.55036, 7.15229], [3.5536, 7.14978], [3.5417, 7.13891], [3.54483, 7.13149], [3.55428, 7.12978], [3.56384, 7.12959], [3.57059, 7.13321], [3.57498, 7.1353], [3.57612, 7.1396], [3.58121, 7.13965], [3.58353, 7.1362], [3.58664, 7.13246], [3.5873, 7.12673], [3.58684, 7.12463], [3.58539, 7.12285], [3.58186, 7.12154], [3.58028, 7.12037], [3.5774, 7.11742], [3.57468, 7.11283], [3.57613, 7.10642], [3.57552, 7.10368], [3.57394, 7.10062], [3.57191, 7.0939], [3.57205, 7.0915], [3.57234, 7.08858], [3.57542, 7.08453], [3.57618, 7.07959], [3.57573, 7.07766], [3.57476, 7.0685], [3.56974, 7.06808], [3.56307, 7.06526], [3.56026, 7.06701], [3.55884, 7.06632], [3.55674, 7.06366], [3.5566, 7.06082], [3.55338, 7.05215], [3.54933, 7.05102], [3.51331, 7.05316], [3.50994, 7.05626], [3.5082, 7.06334], [3.50562, 7.06382], [3.50137, 7.0619], [3.5001, 7.06332], [3.49844, 7.06529], [3.49742, 7.06665], [3.49192, 7.06863], [3.49157, 7.07014], [3.49106, 7.07433], [3.48872, 7.08074], [3.48151, 7.08488], [3.47802, 7.08946], [3.47204, 7.09201], [3.46874, 7.09485], [3.46541, 7.09904], [3.46171, 7.09962], [3.45935, 7.09972], [3.45558, 7.0982], [3.45234, 7.09841], [3.44686, 7.10023], [3.44481, 7.10207], [3.43768, 7.10194], [3.43816, 7.10963], [3.43634, 7.11139], [3.43478, 7.11819], [3.42966, 7.11964], [3.43309, 7.12289], [3.4332, 7.12426], [3.428, 7.14403], [3.40906, 7.13824], [3.40739, 7.13902], [3.40637, 7.14594], [3.40497, 7.14742]]]}, "properties": {"name": "Kajola", "lga": "Obafemi Owode", "state": "og"}}, {"type": "Feature", "geometry": {"type": "Polygon", "coordinates": [[[2.88415, 6.74109], [2.88467, 6.74117], [2.91086, 6.73033], [2.91026, 6.70454], [2.91109, 6.69385], [2.91242, 6.68601], [2.9239, 6.68097], [2.92538, 6.6811], [2.95069, 6.67196], [2.94627, 6.66252], [2.93923, 6.65482], [2.9308, 6.64706], [2.93121, 6.63657], [2.93347, 6.63071], [2.93634, 6.61747], [2.93034, 6.6114], [2.92349, 6.60718], [2.92195, 6.60081], [2.92597, 6.59516], [2.92142, 6.5933], [2.91587, 6.585], [2.90993, 6.58576], [2.90775, 6.58349], [2.90507, 6.58231], [2.90527, 6.58046], [2.89983, 6.57823], [2.89734, 6.57676], [2.88724, 6.56731], [2.87385, 6.57001], [2.87435, 6.58963], [2.86804, 6.59127], [2.86204, 6.59683], [2.83556, 6.63509], [2.82901, 6.63978], [2.82703, 6.6427], [2.82649, 6.64449], [2.8285, 6.64804], [2.83529, 6.65407], [2.83447, 6.6637], [2.82995, 6.67096], [2.83758, 6.67754], [2.84787, 6.67891], [2.86367, 6.67782], [2.87295, 6.68418], [2.87041, 6.70519], [2.86777, 6.71231], [2.86584, 6.72284], [2.86981, 6.73475], [2.88087, 6.73871], [2.88415, 6.74109]]]}, "properties": {"name": "Oke Odan", "lga": "Yewa South", "state": "og"}}, {"type": "Feature", "geometry": {"type": "Polygon", "coordinates": [[[3.04719, 6.928], [3.05645, 6.9297], [3.05834, 6.92656], [3.06112, 6.9216], [3.07415, 6.91405], [3.08418, 6.90987], [3.09286, 6.90428], [3.09451, 6.89627], [3.0927, 6.89001], [3.089, 6.88361], [3.08305, 6.87878], [3.07995, 6.87304], [3.07413, 6.86666], [3.06659, 6.86364], [3.05525, 6.85644], [3.05666, 6.86269], [3.04983, 6.87222], [3.03075, 6.87466], [3.02593, 6.87854], [3.0267, 6.88887], [3.02107, 6.88744], [3.01822, 6.88906], [3.01528, 6.89034], [3.01928, 6.89579], [3.01997, 6.89465], [3.02149, 6.89561], [3.0221, 6.8977], [3.02447, 6.9062], [3.03427, 6.90467], [3.03959, 6.91575], [3.04719, 6.928]]]}, "properties": {"name": "Ilaro 2", "lga": "Yewa South", "state": "og"}}, {"type": "Feature", "geometry": {"type": "Polygon", "coordinates": [[[3.05011, 6.75167], [3.04674, 6.74276], [3.04248, 6.73292], [3.03027, 6.71358], [3.02362, 6.70366], [3.01715, 6.69567], [3.00979, 6.67162], [3.00286, 6.67112], [2.99476, 6.67284], [2.99159, 6.67606], [2.98854, 6.67819], [2.99504, 6.68453], [2.99254, 6.6877], [2.99442, 6.69124], [2.99818, 6.69002], [3.0062, 6.70242], [3.01152, 6.71924], [3.00029, 6.72195], [2.98772, 6.72862], [2.98517, 6.72918], [2.98273, 6.72858], [2.97931, 6.72972], [2.98402, 6.74606], [3.00245, 6.75351], [3.01407, 6.76564], [3.0166, 6.78297], [3.02814, 6.7787], [3.04766, 6.75804], [3.05011, 6.75167]]]}, "properties": {"name": "Ilobi / Erinja", "lga": "Yewa South", "state": "og"}}, {"type": "Feature", "geometry": {"type": "Polygon", "coordinates": [[[3.40119, 6.84676], [3.40849, 6.84785], [3.4115, 6.84459], [3.41076, 6.84074], [3.42013, 6.84005], [3.42197, 6.84018], [3.42418, 6.84104], [3.42921, 6.83464], [3.43894, 6.83644], [3.43851, 6.83496], [3.43848, 6.8338], [3.43861, 6.83225], [3.43795, 6.83194], [3.43715, 6.83131], [3.43769, 6.82959], [3.43318, 6.82867], [3.43499, 6.82671], [3.43556, 6.82712], [3.43612, 6.82669], [3.43841, 6.82811], [3.43958, 6.82666], [3.44027, 6.82695], [3.44082, 6.82542], [3.44527, 6.82896], [3.44731, 6.82846], [3.44836, 6.83141], [3.44714, 6.83268], [3.44807, 6.83526], [3.44751, 6.83553], [3.44716, 6.8362], [3.44851, 6.83694], [3.45072, 6.83598], [3.45145, 6.83668], [3.4505, 6.83824], [3.45275, 6.84035], [3.45413, 6.83951], [3.45567, 6.83769], [3.45761, 6.83835], [3.45925, 6.83887], [3.45962, 6.83819], [3.46205, 6.83532], [3.46429, 6.83328], [3.46678, 6.83381], [3.46864, 6.82902], [3.46399, 6.82675], [3.46513, 6.82458], [3.46721, 6.82066], [3.47012, 6.81441], [3.47025, 6.80862], [3.46823, 6.80386], [3.46711, 6.79208], [3.45821, 6.78433], [3.4591, 6.7788], [3.44872, 6.778], [3.44244, 6.77855], [3.42405, 6.77963], [3.41966, 6.77925], [3.41836, 6.77533], [3.4159, 6.77659], [3.41259, 6.77482], [3.40431, 6.77774], [3.39893, 6.77677], [3.39827, 6.777], [3.39766, 6.77687], [3.36967, 6.77697], [3.37028, 6.79528], [3.37019, 6.80305], [3.37092, 6.80629], [3.36591, 6.81098], [3.36796, 6.81582], [3.36365, 6.81807], [3.36395, 6.82115], [3.36788, 6.82077], [3.37193, 6.82568], [3.39006, 6.8384], [3.40119, 6.84676]]]}, "properties": {"name": "Mowe", "lga": "Obafemi Owode", "state": "og"}}, {"type": "Feature", "geometry": {"type": "Polygon", "coordinates": [[[2.98863, 6.50187], [2.95416, 6.50185], [2.9538, 6.50262], [2.95422, 6.50832], [2.95402, 6.51269], [2.95034, 6.51412], [2.94769, 6.51393], [2.94322, 6.51363], [2.93766, 6.51319], [2.93665, 6.51442], [2.93512, 6.51627], [2.93367, 6.51469], [2.93138, 6.51199], [2.93264, 6.51127], [2.93356, 6.51112], [2.93468, 6.51039], [2.93504, 6.5086], [2.93388, 6.5086], [2.93001, 6.5086], [2.92858, 6.50696], [2.92654, 6.50465], [2.92478, 6.50819], [2.92648, 6.51186], [2.92548, 6.51235], [2.9243, 6.5127], [2.92292, 6.51278], [2.91887, 6.51295], [2.91744, 6.51154], [2.89201, 6.5115], [2.8906, 6.51432], [2.88369, 6.52346], [2.88226, 6.53043], [2.88276, 6.53751], [2.88493, 6.54799], [2.88757, 6.55803], [2.88793, 6.56218], [2.88766, 6.56615], [2.88724, 6.56731], [2.89734, 6.57676], [2.89983, 6.57823], [2.90527, 6.58046], [2.91191, 6.58222], [2.9167, 6.58088], [2.92761, 6.57969], [2.93141, 6.57834], [2.93221, 6.57503], [2.93462, 6.57394], [2.93614, 6.57229], [2.93712, 6.56925], [2.93917, 6.56809], [2.94159, 6.56711], [2.9457, 6.56841], [2.94699, 6.56921], [2.94926, 6.57392], [2.94913, 6.57617], [2.94951, 6.57842], [2.95114, 6.58425], [2.95245, 6.5849], [2.95135, 6.5881], [2.95194, 6.59168], [2.9545, 6.59395], [2.95285, 6.59717], [2.95803, 6.59913], [2.96436, 6.60029], [2.96637, 6.59951], [2.97282, 6.59819], [2.97776, 6.59848], [2.98074, 6.59886], [2.98784, 6.59811], [3.00421, 6.60032], [3.00771, 6.60214], [3.01134, 6.60338], [3.01369, 6.60535], [3.01618, 6.60684], [3.02463, 6.61448], [3.02906, 6.61449], [3.03224, 6.61425], [3.0388, 6.60926], [3.04143, 6.60708], [3.04369, 6.6044], [3.04042, 6.59302], [3.04634, 6.58056], [3.03583, 6.56502], [3.03557, 6.56251], [3.03523, 6.55859], [3.03475, 6.55706], [3.03366, 6.5552], [3.03214, 6.55338], [3.03143, 6.55111], [3.03155, 6.54836], [3.03187, 6.5447], [3.03311, 6.5416], [3.03461, 6.53899], [3.03711, 6.53773], [3.04391, 6.53417], [3.04738, 6.53042], [3.04796, 6.52973], [3.03619, 6.52153], [3.03481, 6.51373], [3.03658, 6.50196], [2.98863, 6.50187]]]}, "properties": {"name": "Ere", "lga": "Ado Odo/Ota", "state": "og"}}, {"type": "Feature", "geometry": {"type": "Polygon", "coordinates": [[[3.12482, 6.7832], [3.12125, 6.77987], [3.11428, 6.77501], [3.10524, 6.7724], [3.10041, 6.76846], [3.09848, 6.76429], [3.08929, 6.75879], [3.08255, 6.76135], [3.07666, 6.77963], [3.07439, 6.78291], [3.06753, 6.79327], [3.06111, 6.79702], [3.05656, 6.80408], [3.05616, 6.80851], [3.05764, 6.81528], [3.05823, 6.83045], [3.07238, 6.83294], [3.08848, 6.84126], [3.10788, 6.84796], [3.11531, 6.85616], [3.13116, 6.8514], [3.13777, 6.84313], [3.14976, 6.83601], [3.15961, 6.84128], [3.16843, 6.82358], [3.16404, 6.82175], [3.16243, 6.81978], [3.16512, 6.80833], [3.16709, 6.8051], [3.1678, 6.80298], [3.16808, 6.79986], [3.16807, 6.79729], [3.16327, 6.79814], [3.15393, 6.79889], [3.14879, 6.79536], [3.14144, 6.79345], [3.1359, 6.7887], [3.13082, 6.78526], [3.12905, 6.78525], [3.12675, 6.78447], [3.12482, 6.7832]]]}, "properties": {"name": "Ibogun", "lga": "Ifo", "state": "og"}}, {"type": "Feature", "geometry": {"type": "Polygon", "coordinates": [[[3.22305, 6.9652], [3.22335, 6.96369], [3.22116, 6.96136], [3.21506, 6.95679], [3.20631, 6.95531], [3.19862, 6.96182], [3.19573, 6.96384], [3.19112, 6.96854], [3.18801, 6.97261], [3.18465, 6.97689], [3.17956, 6.97975], [3.17508, 6.98152], [3.16873, 6.98415], [3.16465, 6.99417], [3.16412, 6.99684], [3.15895, 6.9966], [3.15134, 6.99718], [3.1503, 7.00337], [3.13946, 7.00584], [3.12704, 7.00478], [3.12094, 7.00712], [3.11109, 7.02927], [3.13016, 7.04215], [3.1284, 7.04862], [3.12748, 7.06152], [3.13968, 7.06449], [3.15232, 7.06589], [3.16343, 7.06547], [3.17314, 7.05983], [3.17995, 7.05476], [3.18524, 7.05118], [3.18914, 7.04646], [3.19257, 7.04399], [3.19972, 7.03292], [3.21017, 7.02963], [3.21471, 7.02532], [3.21544, 7.01204], [3.22794, 7.01168], [3.22821, 7.00834], [3.22842, 7.00543], [3.22207, 6.97935], [3.22186, 6.96961], [3.22305, 6.9652]]]}, "properties": {"name": "Mosan", "lga": "Ewekoro", "state": "og"}}, {"type": "Feature", "geometry": {"type": "Polygon", "coordinates": [[[3.35164, 6.65961], [3.35093, 6.65988], [3.34876, 6.66077], [3.34842, 6.66116], [3.34503, 6.67255], [3.32808, 6.67165], [3.32805, 6.67168], [3.32485, 6.67276], [3.32634, 6.67651], [3.32788, 6.67612], [3.32945, 6.67856], [3.34046, 6.68071], [3.34669, 6.68478], [3.3428, 6.68713], [3.34142, 6.68743], [3.34085, 6.68982], [3.34177, 6.69623], [3.34291, 6.69854], [3.3439, 6.6998], [3.34426, 6.70161], [3.34526, 6.70127], [3.34669, 6.70063], [3.34684, 6.70038], [3.34784, 6.70093], [3.34782, 6.70113], [3.34849, 6.70167], [3.36189, 6.70031], [3.36454, 6.70032], [3.36596, 6.7013], [3.36643, 6.703], [3.36406, 6.70514], [3.36349, 6.70713], [3.36173, 6.70771], [3.35961, 6.70879], [3.3581, 6.71163], [3.35825, 6.7128], [3.35917, 6.71352], [3.36078, 6.71451], [3.3696, 6.72775], [3.37804, 6.72238], [3.37862, 6.70316], [3.39109, 6.68782], [3.39355, 6.68498], [3.39277, 6.68323], [3.39069, 6.67811], [3.38956, 6.67434], [3.3869, 6.67025], [3.3841, 6.66738], [3.38292, 6.66635], [3.37882, 6.66464], [3.37707, 6.66475], [3.37597, 6.66475], [3.37478, 6.665], [3.37074, 6.66103], [3.35869, 6.65822], [3.35405, 6.6573], [3.35164, 6.65961]]]}, "properties": {"name": "Akute / Ajuwon", "lga": "Ifo", "state": "og"}}, {"type": "Feature", "geometry": {"type": "Polygon", "coordinates": [[[3.19533, 6.7493], [3.19447, 6.75027], [3.19277, 6.74878], [3.19076, 6.75003], [3.18644, 6.74692], [3.18132, 6.74897], [3.17845, 6.75182], [3.17111, 6.75199], [3.16551, 6.75397], [3.15464, 6.74635], [3.14864, 6.74538], [3.14177, 6.74567], [3.13202, 6.75178], [3.12303, 6.74903], [3.12085, 6.7451], [3.11938, 6.73622], [3.11815, 6.73358], [3.11105, 6.72892], [3.10787, 6.72846], [3.10072, 6.73046], [3.09592, 6.7312], [3.09293, 6.73774], [3.09053, 6.74138], [3.0911, 6.74706], [3.08929, 6.75879], [3.09848, 6.76429], [3.10041, 6.76846], [3.10524, 6.7724], [3.11428, 6.77501], [3.12125, 6.77987], [3.12482, 6.7832], [3.12675, 6.78447], [3.12905, 6.78525], [3.13082, 6.78526], [3.1359, 6.7887], [3.14144, 6.79345], [3.14879, 6.79536], [3.15393, 6.79889], [3.16327, 6.79814], [3.16807, 6.79729], [3.16979, 6.79707], [3.1712, 6.79651], [3.17168, 6.79477], [3.17253, 6.79336], [3.17417, 6.79444], [3.17487, 6.79557], [3.17811, 6.79603], [3.18945, 6.79342], [3.19522, 6.79586], [3.20119, 6.80173], [3.20021, 6.79077], [3.20773, 6.79393], [3.21278, 6.79376], [3.21441, 6.79062], [3.21475, 6.78988], [3.21522, 6.78874], [3.21676, 6.78071], [3.22676, 6.78677], [3.23311, 6.78296], [3.23611, 6.78703], [3.2412, 6.78215], [3.24448, 6.77173], [3.24334, 6.76711], [3.24365, 6.76609], [3.24131, 6.7621], [3.23677, 6.76181], [3.23339, 6.7633], [3.23079, 6.75829], [3.22692, 6.75883], [3.22326, 6.75479], [3.22332, 6.75302], [3.22061, 6.75313], [3.21871, 6.75145], [3.20915, 6.75194], [3.20626, 6.75505], [3.19737, 6.749], [3.19533, 6.7493]]]}, "properties": {"name": "Coker / Ilepa", "lga": "Ifo", "state": "og"}}, {"type": "Feature", "geometry": {"type": "Polygon", "coordinates": [[[3.04995, 6.5507], [3.05228, 6.55022], [3.05472, 6.5494], [3.05611, 6.54905], [3.05808, 6.54727], [3.05973, 6.54596], [3.06241, 6.54356], [3.06047, 6.53979], [3.05606, 6.53638], [3.04738, 6.53042], [3.04391, 6.53417], [3.03711, 6.53773], [3.03461, 6.53899], [3.03311, 6.5416], [3.03187, 6.5447], [3.03155, 6.54836], [3.03143, 6.55111], [3.03214, 6.55338], [3.03366, 6.5552], [3.03475, 6.55706], [3.03697, 6.56764], [3.04634, 6.58056], [3.04042, 6.59302], [3.04369, 6.6044], [3.04546, 6.60452], [3.05292, 6.6153], [3.05636, 6.61693], [3.05872, 6.61829], [3.06125, 6.61801], [3.06625, 6.6199], [3.07545, 6.61674], [3.07995, 6.62397], [3.08264, 6.62421], [3.092, 6.6244], [3.1051, 6.62043], [3.11, 6.61409], [3.11313, 6.60994], [3.11724, 6.60555], [3.11541, 6.59663], [3.12151, 6.59037], [3.1227, 6.5809], [3.12261, 6.57595], [3.11325, 6.56937], [3.1047, 6.56054], [3.09955, 6.55472], [3.09951, 6.54465], [3.09415, 6.5455], [3.08631, 6.54799], [3.08225, 6.5506], [3.06715, 6.56746], [3.05668, 6.56809], [3.05657, 6.55503], [3.0547, 6.55493], [3.05063, 6.55373], [3.04995, 6.5507]]]}, "properties": {"name": "Ketu", "lga": "Ado Odo/Ota", "state": "og"}}, {"type": "Feature", "geometry": {"type": "Polygon", "coordinates": [[[3.29858, 6.69404], [3.28985, 6.70722], [3.28849, 6.70648], [3.2883, 6.70614], [3.28901, 6.70497], [3.28739, 6.70452], [3.28117, 6.70629], [3.28247, 6.70943], [3.28196, 6.70995], [3.28173, 6.71039], [3.28317, 6.7105], [3.28545, 6.71388], [3.28009, 6.7224], [3.28164, 6.72414], [3.2824, 6.72972], [3.27054, 6.73366], [3.26517, 6.74161], [3.27013, 6.74559], [3.27331, 6.74602], [3.27464, 6.74476], [3.27654, 6.74372], [3.27894, 6.74407], [3.28008, 6.74501], [3.28048, 6.74668], [3.28908, 6.74704], [3.28655, 6.75061], [3.28639, 6.75101], [3.28647, 6.75163], [3.28681, 6.75236], [3.28125, 6.75414], [3.28186, 6.76031], [3.28447, 6.76221], [3.29026, 6.76315], [3.29063, 6.7649], [3.29208, 6.76632], [3.29432, 6.76752], [3.29768, 6.76952], [3.30011, 6.77201], [3.30334, 6.77634], [3.30808, 6.77678], [3.32529, 6.78538], [3.33528, 6.77491], [3.35558, 6.75857], [3.35882, 6.75756], [3.35882, 6.75742], [3.36919, 6.73722], [3.3696, 6.72775], [3.3581, 6.71163], [3.35961, 6.70879], [3.36173, 6.70771], [3.36349, 6.70713], [3.36406, 6.70514], [3.36643, 6.703], [3.36596, 6.7013], [3.36454, 6.70032], [3.36189, 6.70031], [3.34849, 6.70167], [3.34782, 6.70113], [3.34784, 6.70093], [3.34684, 6.70038], [3.34669, 6.70063], [3.34526, 6.70127], [3.34426, 6.70161], [3.3439, 6.6998], [3.34291, 6.69854], [3.34177, 6.69623], [3.34085, 6.68982], [3.34142, 6.68743], [3.3428, 6.68713], [3.34669, 6.68478], [3.34046, 6.68071], [3.32945, 6.67856], [3.32788, 6.67612], [3.32634, 6.67651], [3.32485, 6.67276], [3.31758, 6.67524], [3.31723, 6.67567], [3.31619, 6.67683], [3.31131, 6.69018], [3.30583, 6.69104], [3.3058, 6.6927], [3.30573, 6.69759], [3.30472, 6.69735], [3.30392, 6.6968], [3.30067, 6.69193], [3.29858, 6.69404]]]}, "properties": {"name": "Opeilu / Ibaragun", "lga": "Ifo", "state": "og"}}, {"type": "Feature", "geometry": {"type": "Polygon", "coordinates": [[[3.21986, 6.83526], [3.21935, 6.82836], [3.21964, 6.82698], [3.22199, 6.82101], [3.20763, 6.8207], [3.20773, 6.81361], [3.19837, 6.81528], [3.19694, 6.81826], [3.18981, 6.81488], [3.18547, 6.82323], [3.18738, 6.8241], [3.18443, 6.82792], [3.17589, 6.82686], [3.16843, 6.82358], [3.15961, 6.84128], [3.16449, 6.847], [3.17622, 6.84307], [3.17998, 6.84279], [3.18414, 6.84066], [3.19349, 6.83981], [3.19351, 6.83704], [3.19483, 6.83657], [3.1973, 6.83822], [3.19851, 6.83691], [3.19945, 6.83538], [3.20082, 6.83579], [3.20194, 6.83649], [3.20509, 6.83402], [3.2046, 6.8327], [3.20565, 6.83206], [3.20905, 6.83512], [3.20923, 6.83777], [3.22, 6.83859], [3.21986, 6.83526]]]}, "properties": {"name": "Ifo 3", "lga": "Ifo", "state": "og"}}, {"type": "Feature", "geometry": {"type": "Polygon", "coordinates": [[[3.1678, 6.80298], [3.16709, 6.8051], [3.16512, 6.80833], [3.16505, 6.80962], [3.18488, 6.81187], [3.1862, 6.8122], [3.18803, 6.81385], [3.18854, 6.81414], [3.18961, 6.81366], [3.18918, 6.81274], [3.18861, 6.81128], [3.18872, 6.8102], [3.19535, 6.8089], [3.1979, 6.81075], [3.19666, 6.81411], [3.1968, 6.81415], [3.19711, 6.81358], [3.19781, 6.81293], [3.19833, 6.81262], [3.19918, 6.81243], [3.20111, 6.81235], [3.20296, 6.80945], [3.20706, 6.80553], [3.20864, 6.80005], [3.21278, 6.79376], [3.20773, 6.79393], [3.20021, 6.79077], [3.20119, 6.80173], [3.19522, 6.79586], [3.18945, 6.79342], [3.17811, 6.79603], [3.17487, 6.79557], [3.17417, 6.79444], [3.17253, 6.79336], [3.17168, 6.79477], [3.1712, 6.79651], [3.16979, 6.79707], [3.16807, 6.79729], [3.16808, 6.79986], [3.1678, 6.80298]]]}, "properties": {"name": "Ifo 1", "lga": "Ifo", "state": "og"}}, {"type": "Feature", "geometry": {"type": "Polygon", "coordinates": [[[3.44141, 6.72791], [3.44813, 6.73279], [3.45851, 6.72807], [3.45774, 6.7127], [3.46186, 6.68825], [3.46172, 6.6859], [3.46135, 6.68333], [3.45902, 6.67352], [3.45394, 6.67674], [3.4432, 6.68591], [3.44157, 6.69789], [3.44037, 6.70771], [3.44079, 6.72382], [3.44141, 6.72791]]]}, "properties": {"name": "Latawa", "lga": "Shagamu", "state": "og"}}, {"type": "Feature", "geometry": {"type": "Polygon", "coordinates": [[[3.21714, 6.78082], [3.21522, 6.78874], [3.20864, 6.80005], [3.20706, 6.80553], [3.20296, 6.80945], [3.20111, 6.81235], [3.19925, 6.81527], [3.20773, 6.81361], [3.20763, 6.8207], [3.22199, 6.82101], [3.21964, 6.82698], [3.21935, 6.82836], [3.21986, 6.83526], [3.22, 6.83859], [3.2313, 6.84224], [3.23802, 6.84498], [3.2461, 6.8436], [3.24986, 6.84156], [3.25831, 6.83142], [3.26034, 6.82945], [3.26352, 6.82753], [3.26906, 6.82576], [3.27825, 6.82553], [3.2842, 6.82387], [3.29786, 6.82083], [3.30166, 6.82069], [3.30599, 6.82318], [3.31265, 6.82416], [3.32034, 6.81985], [3.32258, 6.81666], [3.3248, 6.80712], [3.32314, 6.80237], [3.32529, 6.78538], [3.30808, 6.77678], [3.30334, 6.77634], [3.30011, 6.77201], [3.29768, 6.76952], [3.29432, 6.76752], [3.29208, 6.76632], [3.29063, 6.7649], [3.29026, 6.76315], [3.28447, 6.76221], [3.28186, 6.76031], [3.28125, 6.75414], [3.28681, 6.75236], [3.28647, 6.75163], [3.28639, 6.75101], [3.28655, 6.75061], [3.28933, 6.74723], [3.28908, 6.74704], [3.28867, 6.74693], [3.28779, 6.7466], [3.28048, 6.74668], [3.28008, 6.74501], [3.27894, 6.74407], [3.27654, 6.74372], [3.27464, 6.74476], [3.27331, 6.74602], [3.27013, 6.74559], [3.26517, 6.74161], [3.25621, 6.75768], [3.25362, 6.76634], [3.24583, 6.7744], [3.24395, 6.77376], [3.2412, 6.78215], [3.23611, 6.78703], [3.23311, 6.78296], [3.22676, 6.78677], [3.21714, 6.78082]]]}, "properties": {"name": "Ososun", "lga": "Ifo", "state": "og"}}, {"type": "Feature", "geometry": {"type": "Polygon", "coordinates": [[[3.16243, 6.81978], [3.16404, 6.82175], [3.16843, 6.82358], [3.17589, 6.82686], [3.18443, 6.82792], [3.18738, 6.8241], [3.18547, 6.82323], [3.18958, 6.81499], [3.19694, 6.81826], [3.20111, 6.81235], [3.19666, 6.81411], [3.1979, 6.81075], [3.19535, 6.8089], [3.18872, 6.8102], [3.18861, 6.81128], [3.18918, 6.81274], [3.18961, 6.81366], [3.18854, 6.81414], [3.18803, 6.81385], [3.1862, 6.8122], [3.18488, 6.81187], [3.16505, 6.80962], [3.16471, 6.81282], [3.16358, 6.81636], [3.16243, 6.81978]]]}, "properties": {"name": "Ifo 2", "lga": "Ifo", "state": "og"}}, {"type": "Feature", "geometry": {"type": "Polygon", "coordinates": [[[3.39254, 6.6385], [3.39078, 6.63977], [3.38223, 6.63907], [3.38393, 6.64111], [3.38079, 6.6407], [3.37843, 6.63929], [3.37267, 6.6411], [3.37055, 6.64173], [3.36369, 6.64943], [3.3527, 6.6523], [3.35246, 6.65346], [3.35194, 6.65419], [3.35208, 6.65597], [3.36589, 6.66062], [3.36791, 6.66065], [3.36941, 6.66063], [3.37074, 6.66103], [3.37478, 6.665], [3.37597, 6.66475], [3.37707, 6.66475], [3.37882, 6.66464], [3.38292, 6.66635], [3.3841, 6.66738], [3.3869, 6.67025], [3.38956, 6.67434], [3.39069, 6.67811], [3.39277, 6.68323], [3.39355, 6.68498], [3.39824, 6.68551], [3.40386, 6.68619], [3.41277, 6.68595], [3.41414, 6.68969], [3.41537, 6.6947], [3.41822, 6.69392], [3.41879, 6.69038], [3.41879, 6.68771], [3.41807, 6.68496], [3.41909, 6.68311], [3.41985, 6.67999], [3.42175, 6.67885], [3.42399, 6.67862], [3.42825, 6.67786], [3.43123, 6.67631], [3.43337, 6.67395], [3.43977, 6.67549], [3.44347, 6.67389], [3.44415, 6.67109], [3.44247, 6.66854], [3.44207, 6.66276], [3.44768, 6.66177], [3.44807, 6.65491], [3.45206, 6.64094], [3.39254, 6.6385]]]}, "properties": {"name": "Ojodu / Isheri", "lga": "Ifo", "state": "og"}}, {"type": "Feature", "geometry": {"type": "Polygon", "coordinates": [[[2.98732, 6.7048], [2.99539, 6.72429], [3.01152, 6.71924], [3.0062, 6.70242], [2.99818, 6.69002], [2.99442, 6.69124], [2.99254, 6.6877], [2.99504, 6.68453], [2.98854, 6.67819], [2.98639, 6.67966], [2.9824, 6.68408], [2.98108, 6.68451], [2.98032, 6.68819], [2.98732, 6.7048]]]}, "properties": {"name": "Owode 2", "lga": "Yewa South", "state": "og"}}, {"type": "Feature", "geometry": {"type": "Polygon", "coordinates": [[[3.46429, 6.83328], [3.46205, 6.83532], [3.45962, 6.83819], [3.45925, 6.83887], [3.45761, 6.83835], [3.45567, 6.83769], [3.45413, 6.83951], [3.45275, 6.84035], [3.4505, 6.83824], [3.45145, 6.83668], [3.45072, 6.83598], [3.44851, 6.83694], [3.44716, 6.8362], [3.44751, 6.83553], [3.44807, 6.83526], [3.44714, 6.83268], [3.44836, 6.83141], [3.44731, 6.82846], [3.44527, 6.82896], [3.44082, 6.82542], [3.44027, 6.82695], [3.43958, 6.82666], [3.43841, 6.82811], [3.43612, 6.82669], [3.43556, 6.82712], [3.43499, 6.82671], [3.43318, 6.82867], [3.43769, 6.82959], [3.43715, 6.83131], [3.43795, 6.83194], [3.43861, 6.83225], [3.43848, 6.8338], [3.43851, 6.83496], [3.43894, 6.83644], [3.42921, 6.83464], [3.42418, 6.84104], [3.42197, 6.84018], [3.42013, 6.84005], [3.41076, 6.84074], [3.4115, 6.84459], [3.40849, 6.84785], [3.40119, 6.84676], [3.39006, 6.8384], [3.37193, 6.82568], [3.36967, 6.82706], [3.36617, 6.8254], [3.36268, 6.82723], [3.36252, 6.83088], [3.36407, 6.83601], [3.36216, 6.83933], [3.36125, 6.845], [3.3655, 6.85109], [3.36435, 6.85562], [3.36704, 6.86044], [3.36995, 6.86341], [3.37233, 6.86268], [3.37164, 6.85923], [3.3735, 6.85775], [3.37707, 6.86031], [3.37793, 6.86758], [3.37597, 6.8708], [3.39172, 6.87779], [3.40939, 6.87592], [3.41339, 6.87933], [3.41557, 6.88363], [3.41594, 6.88708], [3.41452, 6.89194], [3.41389, 6.89401], [3.41451, 6.8978], [3.41479, 6.89846], [3.42372, 6.90423], [3.4251, 6.90231], [3.43265, 6.89833], [3.43434, 6.89671], [3.43818, 6.89244], [3.44044, 6.89266], [3.45098, 6.89425], [3.45291, 6.90168], [3.45265, 6.90543], [3.46347, 6.90349], [3.47454, 6.90689], [3.48009, 6.89604], [3.47946, 6.89112], [3.47367, 6.88367], [3.47293, 6.87994], [3.47349, 6.87434], [3.47232, 6.8661], [3.46553, 6.85945], [3.46421, 6.8541], [3.46446, 6.8492], [3.46471, 6.84418], [3.46506, 6.84087], [3.46678, 6.83381], [3.46429, 6.83328]]]}, "properties": {"name": "Ofada", "lga": "Obafemi Owode", "state": "og"}}, {"type": "Feature", "geometry": {"type": "Polygon", "coordinates": [[[3.32258, 6.81666], [3.32034, 6.81985], [3.31265, 6.82416], [3.30599, 6.82318], [3.30166, 6.82069], [3.29786, 6.82083], [3.2842, 6.82387], [3.27825, 6.82553], [3.26906, 6.82576], [3.26352, 6.82753], [3.26034, 6.82945], [3.25831, 6.83142], [3.24986, 6.84156], [3.2461, 6.8436], [3.24463, 6.85542], [3.2445, 6.86128], [3.24532, 6.86453], [3.24674, 6.86462], [3.25219, 6.86537], [3.25838, 6.86628], [3.25951, 6.88851], [3.27134, 6.89207], [3.29276, 6.90222], [3.30449, 6.90497], [3.30835, 6.90073], [3.31443, 6.89223], [3.31703, 6.88868], [3.32414, 6.88424], [3.32657, 6.87829], [3.32853, 6.87503], [3.32862, 6.8687], [3.33606, 6.84917], [3.33879, 6.84563], [3.34299, 6.84067], [3.3443, 6.8388], [3.36252, 6.83088], [3.36268, 6.82723], [3.36617, 6.8254], [3.36967, 6.82706], [3.37193, 6.82568], [3.36788, 6.82077], [3.36395, 6.82115], [3.36365, 6.81807], [3.36796, 6.81582], [3.36591, 6.81098], [3.37092, 6.80629], [3.37019, 6.80305], [3.37028, 6.79528], [3.36967, 6.77697], [3.3639, 6.76466], [3.35882, 6.75756], [3.35558, 6.75857], [3.33528, 6.77491], [3.32529, 6.78538], [3.32314, 6.80237], [3.3248, 6.80712], [3.32258, 6.81666]]]}, "properties": {"name": "Sunren", "lga": "Ifo", "state": "og"}}, {"type": "Feature", "geometry": {"type": "Polygon", "coordinates": [[[3.24463, 6.85542], [3.20535, 6.87408], [3.20353, 6.8809], [3.1924, 6.87168], [3.19298, 6.86911], [3.19049, 6.86551], [3.18913, 6.86023], [3.18283, 6.85948], [3.18016, 6.85761], [3.18015, 6.85246], [3.17361, 6.85257], [3.16449, 6.847], [3.15288, 6.87859], [3.1425, 6.88775], [3.14131, 6.88995], [3.12945, 6.89486], [3.13655, 6.90751], [3.15368, 6.91347], [3.16547, 6.91349], [3.17688, 6.91802], [3.18456, 6.91933], [3.19082, 6.9192], [3.19787, 6.91323], [3.20263, 6.9111], [3.21236, 6.90292], [3.21756, 6.90161], [3.23497, 6.89002], [3.25951, 6.88851], [3.25838, 6.86628], [3.25219, 6.86537], [3.24674, 6.86462], [3.24532, 6.86453], [3.2445, 6.86128], [3.24463, 6.85542]]]}, "properties": {"name": "Papa", "lga": "Ewekoro", "state": "og"}}, {"type": "Feature", "geometry": {"type": "Polygon", "coordinates": [[[3.31661, 7.0762], [3.32347, 7.07546], [3.32754, 7.0726], [3.32809, 7.06598], [3.33338, 7.06143], [3.33917, 7.05953], [3.34172, 7.05122], [3.34583, 7.04393], [3.34488, 7.03754], [3.34301, 7.03494], [3.31264, 7.03873], [3.30018, 7.0394], [3.28906, 7.04209], [3.27904, 7.04296], [3.26956, 7.05538], [3.26674, 7.06695], [3.26287, 7.06743], [3.25286, 7.07537], [3.25578, 7.07959], [3.26496, 7.09077], [3.27684, 7.0938], [3.28185, 7.10235], [3.29033, 7.10554], [3.29275, 7.11159], [3.29363, 7.11484], [3.29383, 7.1156], [3.29949, 7.11482], [3.30593, 7.11736], [3.30898, 7.11354], [3.30704, 7.10449], [3.30307, 7.10101], [3.30355, 7.09877], [3.31286, 7.09036], [3.31195, 7.08272], [3.31661, 7.0762]]]}, "properties": {"name": "Obada", "lga": "Ewekoro", "state": "og"}}, {"type": "Feature", "geometry": {"type": "Polygon", "coordinates": [[[2.96335, 6.91691], [2.97594, 6.92265], [2.97936, 6.92868], [2.9824, 6.93138], [2.97484, 6.93873], [2.97641, 6.94256], [2.97428, 6.94685], [2.97754, 6.94945], [2.97697, 6.95352], [2.97963, 6.96321], [2.99046, 6.96593], [2.99877, 6.96241], [3.00347, 6.9596], [3.00778, 6.95871], [3.01726, 6.95097], [3.02741, 6.93761], [3.0399, 6.93691], [3.04467, 6.94229], [3.05171, 6.94502], [3.05645, 6.9297], [3.04719, 6.928], [3.03959, 6.91575], [3.03427, 6.90467], [3.02447, 6.9062], [3.0221, 6.8977], [3.02149, 6.89561], [3.01997, 6.89465], [3.01928, 6.89579], [3.01528, 6.89034], [3.01426, 6.89062], [3.01297, 6.89058], [3.00876, 6.88753], [3.00805, 6.88725], [3.00573, 6.88691], [3.0029, 6.8857], [2.98552, 6.88632], [2.97278, 6.88641], [2.95386, 6.88716], [2.95631, 6.89819], [2.95672, 6.90428], [2.96271, 6.91331], [2.96335, 6.91691]]]}, "properties": {"name": "Ilaro 1", "lga": "Yewa South", "state": "og"}}, {"type": "Feature", "geometry": {"type": "Polygon", "coordinates": [[[3.0817, 6.76198], [3.05011, 6.75167], [3.04766, 6.75804], [3.02814, 6.7787], [3.0166, 6.78297], [3.0089, 6.78442], [2.99854, 6.78839], [2.98922, 6.7884], [2.98169, 6.78447], [2.9704, 6.7817], [2.95452, 6.77953], [2.9469, 6.78133], [2.94052, 6.78644], [2.93248, 6.78865], [2.92316, 6.78976], [2.91493, 6.79012], [2.91024, 6.78964], [2.91017, 6.798], [2.91098, 6.8084], [2.91106, 6.81376], [2.92622, 6.81918], [2.93501, 6.82248], [2.94221, 6.82635], [2.94543, 6.82624], [2.95196, 6.82601], [2.95786, 6.82701], [2.9726, 6.8177], [2.98466, 6.82917], [2.98741, 6.84206], [2.98391, 6.85581], [2.97212, 6.85919], [2.96682, 6.86128], [2.95947, 6.86456], [2.9573, 6.86424], [2.95643, 6.86459], [2.95238, 6.86316], [2.94794, 6.86105], [2.94147, 6.86267], [2.93477, 6.86573], [2.92982, 6.86536], [2.92205, 6.86626], [2.91274, 6.87009], [2.91015, 6.87354], [2.90917, 6.88595], [2.90855, 6.89719], [2.91463, 6.91132], [2.91748, 6.92221], [2.91365, 6.9294], [2.91306, 6.93244], [2.91013, 6.94315], [2.91779, 6.94738], [2.92076, 6.94676], [2.92633, 6.94641], [2.93267, 6.94748], [2.93558, 6.9476], [2.95365, 6.94509], [2.95849, 6.94236], [2.96311, 6.94026], [2.96813, 6.93879], [2.97484, 6.93873], [2.9824, 6.93138], [2.97936, 6.92868], [2.97594, 6.92265], [2.96335, 6.91691], [2.96271, 6.91331], [2.95672, 6.90428], [2.95631, 6.89819], [2.95386, 6.88716], [2.97278, 6.88641], [2.98552, 6.88632], [2.98582, 6.8829], [2.98476, 6.87823], [2.98547, 6.87399], [2.99019, 6.87117], [2.99463, 6.86385], [3.00057, 6.85445], [3.01046, 6.85018], [3.03601, 6.84262], [3.0439, 6.84125], [3.05395, 6.83919], [3.05823, 6.83045], [3.05764, 6.81528], [3.05616, 6.80851], [3.05656, 6.80408], [3.06111, 6.79702], [3.06753, 6.79327], [3.07439, 6.78291], [3.07666, 6.77963], [3.07847, 6.77599], [3.08019, 6.76685], [3.0817, 6.76198]]]}, "properties": {"name": "Iwoye", "lga": "Yewa South", "state": "og"}}, {"type": "Feature", "geometry": {"type": "Polygon", "coordinates": [[[3.30601, 7.12436], [3.3082, 7.12517], [3.31397, 7.13492], [3.31868, 7.13484], [3.32163, 7.13552], [3.32514, 7.13631], [3.33172, 7.13545], [3.33477, 7.12315], [3.33945, 7.11826], [3.34895, 7.12271], [3.35172, 7.12161], [3.35292, 7.12218], [3.35421, 7.12266], [3.35472, 7.12249], [3.35569, 7.12034], [3.35612, 7.10974], [3.36029, 7.1109], [3.36149, 7.10959], [3.36316, 7.10781], [3.3635, 7.10315], [3.36304, 7.10004], [3.36148, 7.09744], [3.36245, 7.09117], [3.36294, 7.0891], [3.3671, 7.08593], [3.369, 7.08188], [3.37459, 7.08084], [3.37727, 7.08016], [3.38549, 7.07792], [3.38736, 7.07611], [3.38831, 7.07431], [3.38591, 7.06872], [3.3854, 7.06393], [3.38331, 7.05867], [3.38524, 7.0519], [3.38774, 7.04775], [3.38976, 7.04214], [3.39152, 7.04082], [3.39425, 7.03984], [3.40031, 7.04099], [3.40996, 7.0375], [3.4133, 7.0352], [3.41949, 7.02984], [3.42723, 7.03367], [3.43176, 7.03102], [3.43724, 7.02032], [3.43947, 7.01526], [3.44646, 7.01085], [3.4453, 7.00325], [3.43826, 6.99808], [3.42799, 6.99156], [3.42118, 6.9919], [3.41397, 6.99207], [3.40505, 6.99041], [3.40003, 6.99012], [3.3952, 6.98908], [3.38097, 6.98], [3.37834, 6.97727], [3.37456, 6.97201], [3.3667, 6.96844], [3.36333, 6.96411], [3.36154, 6.96136], [3.3588, 6.95637], [3.35934, 6.95088], [3.35935, 6.94869], [3.35906, 6.94512], [3.3588, 6.94358], [3.35707, 6.93952], [3.35683, 6.92807], [3.33856, 6.92295], [3.33268, 6.92715], [3.32819, 6.93202], [3.32437, 6.93766], [3.31186, 6.9408], [3.30892, 6.94205], [3.31242, 6.94559], [3.3138, 6.94953], [3.31276, 6.95386], [3.31235, 6.95816], [3.30987, 6.96229], [3.31114, 6.9697], [3.30957, 6.97049], [3.30564, 6.96878], [3.30336, 6.96983], [3.3059, 6.98069], [3.30263, 6.98305], [3.30206, 6.98641], [3.30353, 6.98885], [3.30846, 6.98868], [3.30388, 7.00222], [3.27405, 7.0084], [3.2711, 7.01822], [3.2804, 7.03381], [3.28665, 7.03562], [3.28906, 7.04209], [3.30018, 7.0394], [3.31264, 7.03873], [3.34301, 7.03494], [3.34488, 7.03754], [3.34583, 7.04393], [3.34172, 7.05122], [3.33917, 7.05953], [3.33338, 7.06143], [3.32809, 7.06598], [3.32754, 7.0726], [3.32347, 7.07546], [3.31661, 7.0762], [3.31195, 7.08272], [3.31286, 7.09036], [3.30355, 7.09877], [3.30307, 7.10101], [3.30704, 7.10449], [3.30898, 7.11354], [3.30593, 7.11736], [3.30556, 7.11962], [3.30429, 7.12037], [3.30423, 7.12199], [3.30601, 7.12436]]]}, "properties": {"name": "Oba", "lga": "Obafemi Owode", "state": "og"}}, {"type": "Feature", "geometry": {"type": "Polygon", "coordinates": [[[3.29818, 6.92395], [3.30227, 6.92996], [3.30758, 6.93615], [3.31186, 6.9408], [3.32437, 6.93766], [3.32819, 6.93202], [3.33268, 6.92715], [3.33856, 6.92295], [3.3432, 6.92386], [3.34564, 6.92541], [3.3522, 6.92716], [3.35683, 6.92807], [3.36375, 6.92798], [3.3669, 6.93198], [3.37225, 6.93378], [3.37877, 6.93335], [3.38181, 6.92971], [3.40137, 6.91559], [3.40702, 6.90785], [3.41479, 6.89846], [3.41451, 6.8978], [3.41389, 6.89401], [3.41452, 6.89194], [3.41594, 6.88708], [3.41557, 6.88363], [3.41339, 6.87933], [3.40939, 6.87592], [3.39172, 6.87779], [3.37597, 6.8708], [3.37793, 6.86758], [3.37707, 6.86031], [3.3735, 6.85775], [3.37164, 6.85923], [3.37233, 6.86268], [3.36995, 6.86341], [3.36704, 6.86044], [3.36435, 6.85562], [3.3655, 6.85109], [3.36125, 6.845], [3.36216, 6.83933], [3.36407, 6.83601], [3.36252, 6.83088], [3.3443, 6.8388], [3.34299, 6.84067], [3.33879, 6.84563], [3.33606, 6.84917], [3.32862, 6.8687], [3.32853, 6.87503], [3.32657, 6.87829], [3.32414, 6.88424], [3.31703, 6.88868], [3.31443, 6.89223], [3.30835, 6.90073], [3.30449, 6.90497], [3.29978, 6.90876], [3.29527, 6.91483], [3.29613, 6.91934], [3.29818, 6.92395]]]}, "properties": {"name": "Molokiki", "lga": "Obafemi Owode", "state": "og"}}, {"type": "Feature", "geometry": {"type": "Polygon", "coordinates": [[[3.25005, 7.07572], [3.25286, 7.07537], [3.26287, 7.06743], [3.26674, 7.06695], [3.26956, 7.05538], [3.27904, 7.04296], [3.28906, 7.04209], [3.28665, 7.03562], [3.2804, 7.03381], [3.2711, 7.01822], [3.25467, 7.0226], [3.25372, 7.02174], [3.24858, 7.02048], [3.24207, 7.01473], [3.23765, 7.0124], [3.23223, 7.01184], [3.22794, 7.01168], [3.21544, 7.01204], [3.21471, 7.02532], [3.21017, 7.02963], [3.19972, 7.03292], [3.19257, 7.04399], [3.20347, 7.04909], [3.20623, 7.05314], [3.20605, 7.05599], [3.20693, 7.06304], [3.21052, 7.07038], [3.21618, 7.07396], [3.22818, 7.07267], [3.23207, 7.06658], [3.24014, 7.06617], [3.25005, 7.07572]]]}, "properties": {"name": "Owowo", "lga": "Ewekoro", "state": "og"}}, {"type": "Feature", "geometry": {"type": "Polygon", "coordinates": [[[3.17569, 6.93839], [3.17084, 6.93004], [3.17688, 6.91802], [3.16547, 6.91349], [3.15368, 6.91347], [3.13655, 6.90751], [3.1241, 6.91572], [3.10715, 6.92777], [3.0957, 6.9449], [3.08087, 6.96486], [3.06884, 6.96065], [3.0635, 6.9524], [3.05898, 6.94678], [3.05171, 6.94502], [3.05157, 6.95826], [3.0443, 6.95896], [3.04311, 6.96837], [3.04164, 6.98085], [3.04062, 6.99464], [3.0441, 7.00381], [3.04513, 7.01059], [3.05437, 7.01085], [3.05444, 7.00852], [3.06079, 7.00699], [3.06156, 7.02576], [3.07696, 7.02631], [3.08659, 7.02931], [3.09162, 7.03642], [3.11109, 7.02927], [3.12094, 7.00712], [3.12704, 7.00478], [3.13946, 7.00584], [3.1503, 7.00337], [3.15134, 6.99718], [3.15895, 6.9966], [3.16412, 6.99684], [3.16465, 6.99417], [3.16873, 6.98415], [3.17508, 6.98152], [3.17956, 6.97975], [3.18465, 6.97689], [3.18801, 6.97261], [3.19112, 6.96854], [3.19573, 6.96384], [3.19862, 6.96182], [3.20631, 6.95531], [3.195, 6.94607], [3.17569, 6.93839]]]}, "properties": {"name": "Elere", "lga": "Ewekoro", "state": "og"}}, {"type": "Feature", "geometry": {"type": "Polygon", "coordinates": [[[3.02793, 7.06705], [3.03735, 7.06956], [3.04906, 7.08211], [3.05822, 7.08622], [3.06812, 7.08856], [3.07569, 7.0932], [3.08318, 7.09417], [3.08242, 7.09196], [3.08187, 7.08811], [3.08913, 7.08155], [3.09772, 7.07866], [3.09426, 7.05852], [3.09162, 7.03642], [3.08659, 7.02931], [3.07696, 7.02631], [3.06156, 7.02576], [3.06079, 7.00699], [3.05444, 7.00852], [3.05437, 7.01085], [3.04513, 7.01059], [3.04429, 7.0117], [3.04192, 7.01154], [3.04002, 7.00915], [3.02021, 7.00751], [3.0204, 7.01458], [3.02956, 7.0164], [3.02943, 7.01992], [3.03146, 7.02329], [3.02926, 7.06142], [3.02793, 7.06705]]]}, "properties": {"name": "Imasayi", "lga": "Yewa North", "state": "og"}}, {"type": "Feature", "geometry": {"type": "Polygon", "coordinates": [[[3.09162, 7.03642], [3.09426, 7.05852], [3.09772, 7.07866], [3.08913, 7.08155], [3.08187, 7.08811], [3.08242, 7.09196], [3.08318, 7.09417], [3.07569, 7.0932], [3.06812, 7.08856], [3.05822, 7.08622], [3.04906, 7.08211], [3.03735, 7.06956], [3.02793, 7.06705], [3.02934, 7.09635], [3.02885, 7.11875], [3.05835, 7.12341], [3.05785, 7.12219], [3.06569, 7.12174], [3.0733, 7.12276], [3.08893, 7.12494], [3.09843, 7.13199], [3.11302, 7.14918], [3.12213, 7.14648], [3.1376, 7.13209], [3.13667, 7.13075], [3.13352, 7.12059], [3.14505, 7.11397], [3.1427, 7.09442], [3.13906, 7.08952], [3.13387, 7.08526], [3.12886, 7.07737], [3.12453, 7.0673], [3.12748, 7.06152], [3.1284, 7.04862], [3.13016, 7.04215], [3.11109, 7.02927], [3.09162, 7.03642]]]}, "properties": {"name": "Joga / Iboro", "lga": "Yewa North", "state": "og"}}, {"type": "Feature", "geometry": {"type": "Polygon", "coordinates": [[[2.7581, 7.32092], [2.7619, 7.32184], [2.76441, 7.33437], [2.77079, 7.33776], [2.77145, 7.34688], [2.77446, 7.35703], [2.78058, 7.361], [2.80175, 7.35911], [2.80789, 7.3545], [2.81072, 7.34511], [2.81673, 7.33981], [2.83199, 7.33517], [2.84172, 7.3342], [2.84182, 7.33008], [2.84506, 7.32571], [2.84774, 7.31923], [2.84879, 7.31398], [2.85063, 7.31026], [2.85302, 7.30546], [2.8515, 7.30225], [2.85101, 7.3002], [2.85064, 7.29635], [2.85403, 7.29346], [2.85639, 7.29254], [2.85829, 7.29007], [2.85979, 7.28234], [2.86184, 7.27781], [2.86579, 7.27753], [2.86967, 7.2783], [2.87453, 7.27601], [2.87601, 7.27437], [2.87163, 7.25868], [2.87813, 7.23442], [2.87672, 7.2312], [2.8747, 7.2291], [2.87337, 7.22651], [2.86956, 7.22751], [2.86497, 7.22625], [2.86213, 7.22448], [2.85712, 7.22058], [2.85645, 7.21792], [2.85581, 7.21552], [2.85584, 7.21324], [2.85922, 7.20938], [2.86057, 7.20568], [2.85661, 7.20051], [2.85887, 7.19696], [2.86137, 7.19057], [2.86308, 7.18657], [2.86535, 7.18294], [2.8703, 7.17644], [2.87849, 7.14101], [2.88082, 7.13569], [2.87564, 7.13366], [2.87158, 7.12877], [2.86469, 7.12238], [2.86702, 7.11268], [2.85968, 7.10982], [2.85537, 7.10773], [2.85281, 7.0948], [2.8522, 7.09279], [2.84299, 7.09025], [2.83196, 7.09005], [2.81731, 7.0945], [2.81144, 7.09021], [2.80654, 7.08548], [2.80301, 7.07739], [2.80041, 7.06693], [2.79743, 7.06414], [2.7437, 7.05976], [2.74972, 7.09417], [2.74662, 7.15012], [2.74448, 7.23999], [2.7358, 7.31767], [2.75262, 7.3183], [2.7581, 7.32092]]]}, "properties": {"name": "Ijoun", "lga": "Yewa North", "state": "og"}}, {"type": "Feature", "geometry": {"type": "Polygon", "coordinates": [[[3.05171, 6.94502], [3.04467, 6.94229], [3.0399, 6.93691], [3.02741, 6.93761], [3.01726, 6.95097], [3.00778, 6.95871], [3.00347, 6.9596], [2.99877, 6.96241], [2.99046, 6.96593], [2.97963, 6.96321], [2.97697, 6.95352], [2.97754, 6.94945], [2.97428, 6.94685], [2.97641, 6.94256], [2.97484, 6.93873], [2.96813, 6.93879], [2.96311, 6.94026], [2.95849, 6.94236], [2.95365, 6.94509], [2.93558, 6.9476], [2.93267, 6.94748], [2.92633, 6.94641], [2.92076, 6.94676], [2.91779, 6.94738], [2.92418, 6.9522], [2.9242, 6.95729], [2.9366, 6.96448], [2.94559, 6.96997], [2.95231, 6.97541], [2.95432, 6.98332], [2.95362, 6.9912], [2.95558, 7.0034], [2.94619, 7.01569], [2.9432, 7.02283], [2.94114, 7.02698], [2.94238, 7.03044], [2.94457, 7.03315], [2.94846, 7.03964], [2.94554, 7.04328], [2.94359, 7.05105], [2.94306, 7.05772], [2.94389, 7.06181], [2.944, 7.06707], [2.94162, 7.07129], [2.94278, 7.07786], [2.94147, 7.08432], [2.94277, 7.09588], [2.94227, 7.10007], [2.94096, 7.10226], [2.94698, 7.10591], [2.95912, 7.11872], [2.97584, 7.12567], [2.98298, 7.1143], [2.98806, 7.10826], [2.99059, 7.09319], [2.98837, 7.06538], [3.02793, 7.06705], [3.02926, 7.06142], [3.03146, 7.02329], [3.02943, 7.01992], [3.02956, 7.0164], [3.0204, 7.01458], [3.02021, 7.00751], [3.04002, 7.00915], [3.04192, 7.01154], [3.04429, 7.0117], [3.04513, 7.01059], [3.0441, 7.00381], [3.04062, 6.99464], [3.04164, 6.98085], [3.04311, 6.96837], [3.0443, 6.95896], [3.05157, 6.95826], [3.05171, 6.94502]]]}, "properties": {"name": "Igbogila / Ibese", "lga": "Yewa North", "state": "og"}}, {"type": "Feature", "geometry": {"type": "Polygon", "coordinates": [[[2.94311, 7.13515], [2.93272, 7.1474], [2.9338, 7.1547], [2.93304, 7.15692], [2.93252, 7.15823], [2.92813, 7.15819], [2.92653, 7.15583], [2.92276, 7.15492], [2.91602, 7.15394], [2.90786, 7.14957], [2.90258, 7.14536], [2.89169, 7.13875], [2.88082, 7.13569], [2.87849, 7.14101], [2.8703, 7.17644], [2.86535, 7.18294], [2.86308, 7.18657], [2.86137, 7.19057], [2.85887, 7.19696], [2.85661, 7.20051], [2.86057, 7.20568], [2.85922, 7.20938], [2.85584, 7.21324], [2.85581, 7.21552], [2.85645, 7.21792], [2.85712, 7.22058], [2.86213, 7.22448], [2.86497, 7.22625], [2.86956, 7.22751], [2.87337, 7.22651], [2.8747, 7.2291], [2.87672, 7.2312], [2.87813, 7.23442], [2.87163, 7.25868], [2.87208, 7.26157], [2.87277, 7.26364], [2.87357, 7.26606], [2.87974, 7.26434], [2.88513, 7.26456], [2.88953, 7.26617], [2.92412, 7.26575], [2.93767, 7.26084], [2.95052, 7.2558], [2.95281, 7.25483], [2.96566, 7.25142], [2.97039, 7.23972], [2.98496, 7.23445], [2.98921, 7.22708], [2.99653, 7.21754], [2.99293, 7.20602], [2.98792, 7.19391], [2.98932, 7.18686], [2.99438, 7.18542], [2.99238, 7.17472], [2.9866, 7.16417], [2.98336, 7.1599], [2.98046, 7.15266], [2.97929, 7.14695], [2.97825, 7.14276], [2.97923, 7.1406], [2.98506, 7.14054], [2.99513, 7.14412], [3.00049, 7.15431], [3.00407, 7.16149], [3.00816, 7.16663], [3.02071, 7.1704], [3.03799, 7.1737], [3.09525, 7.16796], [3.11027, 7.1546], [3.11302, 7.14918], [3.09843, 7.13199], [3.08893, 7.12494], [3.0733, 7.12276], [3.06569, 7.12174], [3.05785, 7.12219], [3.05835, 7.12341], [3.02885, 7.11875], [3.02934, 7.09635], [3.02793, 7.06705], [2.98837, 7.06538], [2.99059, 7.09319], [2.98806, 7.10826], [2.98298, 7.1143], [2.97584, 7.12567], [2.95912, 7.11872], [2.95717, 7.12252], [2.94945, 7.12862], [2.94311, 7.13515]]]}, "properties": {"name": "Sunwa", "lga": "Yewa North", "state": "og"}}, {"type": "Feature", "geometry": {"type": "Polygon", "coordinates": [[[2.87213, 7.50099], [2.87718, 7.49732], [2.88099, 7.49571], [2.89023, 7.49185], [2.89932, 7.48851], [2.91079, 7.48876], [2.91361, 7.49137], [2.91519, 7.49584], [2.92338, 7.49756], [2.9205, 7.49089], [2.92108, 7.48588], [2.92631, 7.4821], [2.93133, 7.47945], [2.92583, 7.47771], [2.91857, 7.47017], [2.91032, 7.46579], [2.90377, 7.46492], [2.90206, 7.46331], [2.89952, 7.45897], [2.89638, 7.4559], [2.89004, 7.44932], [2.88637, 7.44473], [2.88609, 7.43781], [2.88228, 7.42956], [2.88088, 7.42701], [2.8776, 7.42367], [2.8768, 7.42291], [2.866, 7.4108], [2.86074, 7.40958], [2.85743, 7.40494], [2.85073, 7.40489], [2.83535, 7.40508], [2.83235, 7.41474], [2.82716, 7.42173], [2.82251, 7.43375], [2.82166, 7.45644], [2.81196, 7.4679], [2.79496, 7.47902], [2.79206, 7.48239], [2.79304, 7.48904], [2.79322, 7.49435], [2.79547, 7.49625], [2.7987, 7.49743], [2.79989, 7.49986], [2.80398, 7.5012], [2.80638, 7.50812], [2.80867, 7.51247], [2.81122, 7.51351], [2.81096, 7.5161], [2.81203, 7.52031], [2.82339, 7.51909], [2.83126, 7.51745], [2.82991, 7.51257], [2.82934, 7.51068], [2.85973, 7.50628], [2.86401, 7.50432], [2.87213, 7.50099]]]}, "properties": {"name": "Imeko", "lga": "Imeko Afon", "state": "og"}}]}