{"type": "FeatureCollection", "features": [{"type": "Feature", "properties": {"name": "Iwajowa", "state": "oy"}, "geometry": {"type": "Polygon", "coordinates": [[[3.353040288278748, 7.836027169218539], [3.337025030880511, 7.831314315203542], [3.33675494378565, 7.836168315115685], [3.327267313835534, 7.837251953215116], [3.32388309662764, 7.841134770753115], [3.324131528047644, 7.850932947397666], [3.318288957369532, 7.865950068840675], [3.310836502202847, 7.875526654331679], [3.303563971699987, 7.872639544579386], [3.303007142965328, 7.895288905558573], [3.294848812622661, 7.902646904031428], [3.29001810155421, 7.9080725409151], [3.290969815404708, 7.909086359248136], [3.292630847036037, 7.918679891563784], [3.29925636838675, 7.922146258243288], [3.300502057124277, 7.925858901567096], [3.302870519758756, 7.929959063659908], [3.297165348402132, 7.935869293033477], [3.28564101482101, 7.936826573687483], [3.275941051338521, 7.939231201658686], [3.273936584805597, 7.948008680156534], [3.270591490804691, 7.951548221073608], [3.282198945125288, 7.956859457897735], [3.28807649583365, 7.960810924284772], [3.294766376267319, 7.971337557182551], [3.293736761342529, 7.983184269838205], [3.291748573437985, 7.987874299059683], [3.290085931120871, 7.991752478793899], [3.287757231111357, 7.994827397566382], [3.28529474975295, 7.996115187166197], [3.282215473765177, 7.998312013288853], [3.249007535969042, 8.018891565693252], [3.250163737666412, 8.021881723362867], [3.251066146185735, 8.024230742654709], [3.264300310411045, 8.028277536279347], [3.262336018392602, 8.033223538635468], [3.259455052808505, 8.038902186286919], [3.254502822647169, 8.040158646204588], [3.249794479631589, 8.039134449695155], [3.244136932773301, 8.036303597932772], [3.239487834396073, 8.052279729426004], [3.227403707914846, 8.057837852634862], [3.229774548356772, 8.07051321321427], [3.219414715416804, 8.088804939796205], [3.210550784191412, 8.08742583123717], [3.19775947222189, 8.07667086856577], [3.186787335866882, 8.080928116139717], [3.206994883706955, 8.112474512388872], [3.201603199827844, 8.120129966125091], [3.165083302652363, 8.124535230416598], [3.134999168976492, 8.133757852642816], [3.133830658258319, 8.154719088115485], [3.154274184605981, 8.16512037890243], [3.182468954178944, 8.17246316804085], [3.180973806096347, 8.190289444202563], [3.165835438954389, 8.19514886702666], [3.153392836410319, 8.190028326046445], [3.138332617656204, 8.180579539614087], [3.117363685785506, 8.17990084644697], [3.114068318897864, 8.193648374273096], [3.115440743695387, 8.212847755119867], [3.102048257421188, 8.211758480969195], [3.073891030047037, 8.212719020766258], [3.046760495700369, 8.215913096112558], [3.040249172961012, 8.216174224161136], [3.027314519849256, 8.219364394651166], [3.001208861899499, 8.237728561623896], [2.96011867483702, 8.261803506326828], [2.914632523372291, 8.253537833804046], [2.896663118308311, 8.245682982383755], [2.870219684890571, 8.25939366408636], [2.746397693598738, 8.228737768433291], [2.75111102965036, 8.21805381173408], [2.753611084683882, 8.206943507137169], [2.727499960654711, 8.108331674767044], [2.708888527783358, 8.008054727843444], [2.692612538038247, 7.90633333391628], [2.695294280406756, 7.882399847175236], [2.702925679976204, 7.865038865851034], [2.712468227926422, 7.851968501445242], [2.721925736883293, 7.859318881761055], [2.730190080208104, 7.868485796382458], [2.739832773963371, 7.875178014154073], [2.749100085300768, 7.887036957589544], [2.785321072109866, 7.913203900739461], [2.792646573580555, 7.92822494412593], [2.793524337078566, 7.933337359731411], [2.793745026212036, 7.936696351855176], [2.793881230334534, 7.942278475271451], [2.796580374584664, 7.944053095773825], [2.798804779317152, 7.945868658811605], [2.801683090102586, 7.948571153935632], [2.806689785005631, 7.950289110853817], [2.812714748087217, 7.951961346239159], [2.816250478576762, 7.952301290871901], [2.821614439055168, 7.951042967558976], [2.833341644401401, 7.937379244856288], [2.848733140122363, 7.931009142657842], [2.878333082405902, 7.926307318827753], [2.910186360612101, 7.931596447618006], [2.918046863372069, 7.930842089091186], [2.924961781161301, 7.930444988945112], [2.929536466934451, 7.929122822760121], [2.930842990311817, 7.927809247798621], [2.930297521813202, 7.92610196943042], [2.928154785415074, 7.924179501282993], [2.907213817963395, 7.913269714925434], [2.903729383004645, 7.909086584977956], [2.89468583918017, 7.901883915610256], [2.888140203707508, 7.890010398660991], [2.88616961373674, 7.874302287620537], [2.880924624571833, 7.857462932868089], [2.882669604318835, 7.834068979100152], [2.886318990229256, 7.825115881892486], [2.886081747274886, 7.768965791737969], [2.918799073418541, 7.755413701880912], [2.920440521412957, 7.752437269664313], [2.921141550142465, 7.749741524851515], [2.919186638952283, 7.741794962367692], [2.919995184330332, 7.7297595575576], [2.91708883987809, 7.720999089736267], [2.917623045267362, 7.716096964403448], [2.918558289833243, 7.711592432944485], [2.920243916123866, 7.707824807768702], [2.944050081346234, 7.724326146034855], [2.948623277842046, 7.731664718252205], [2.955634501331247, 7.73719211702263], [2.96119611301026, 7.744200432104321], [2.963603290559433, 7.754866537260909], [2.96895964457201, 7.766146339781812], [2.969916721979189, 7.777927222963001], [2.974036312126145, 7.790218151246734], [2.9780650761424, 7.796892125371357], [2.98177248271395, 7.807350890930934], [2.984938835558864, 7.849788611355393], [2.988377037270482, 7.855830750588723], [3.006126489745725, 7.831689279436773], [3.011460937172558, 7.830410706089253], [3.032663794398616, 7.795670754301909], [3.038719061035863, 7.801950829866939], [3.039725547196269, 7.809699235731216], [3.048170540038427, 7.815158736586454], [3.047074482301582, 7.831901427708772], [3.040951056945744, 7.836407266781976], [3.045386789368877, 7.847727125106815], [3.052834621120894, 7.848918556845945], [3.04863391212541, 7.868188499399764], [3.064501804814483, 7.873196588251972], [3.083778627181971, 7.874720034402117], [3.095110391631295, 7.864186673676102], [3.104536773253528, 7.859097676416695], [3.113573242111499, 7.858060704138211], [3.115385683602483, 7.857830162032428], [3.124757408927337, 7.861102106077396], [3.140430702714809, 7.853835806976974], [3.144385377882941, 7.850050385117243], [3.141524503153335, 7.843703492622126], [3.134622424085649, 7.812381370204093], [3.135600500662633, 7.808580119377041], [3.161051049266575, 7.807987949983954], [3.173101685894153, 7.804797313645167], [3.183478248922086, 7.787445053046781], [3.216512129231432, 7.779097428003922], [3.244188546664134, 7.772053025826551], [3.260250114651114, 7.777165853321549], [3.282307979829454, 7.780411293446491], [3.281777337554161, 7.815937895717354], [3.295465430984905, 7.812687073149959], [3.309563695308327, 7.811750536258273], [3.320065479938023, 7.803929539816465], [3.33981606965591, 7.810011055865573], [3.34574527562404, 7.821723553699087], [3.353040288278748, 7.836027169218539]]]}}, {"type": "Feature", "properties": {"name": "Ibarapa North", "state": "oy"}, "geometry": {"type": "Polygon", "coordinates": [[[3.032663794398616, 7.795670754301909], [3.029848037756778, 7.791882813441134], [3.027221600996143, 7.791066683180929], [3.024753482687117, 7.790286623828649], [3.024768587700237, 7.786678558169001], [3.022674099929816, 7.780593739809319], [3.025165127568641, 7.777724123669429], [3.025076539850488, 7.772307194021835], [3.025698314925364, 7.768992418865082], [3.023939187943199, 7.763529244279255], [3.026953050842678, 7.759108000833635], [3.029837226107134, 7.758522536785676], [3.02985003874835, 7.755709070717103], [3.023540940262251, 7.751759602623622], [3.021790470154144, 7.74885661893785], [3.022075619094608, 7.744103331403664], [3.01886221282092, 7.740735128423466], [3.015943492797987, 7.735510421668664], [3.017685993114128, 7.730666444700717], [3.016964351923377, 7.725811378192589], [3.015515837286102, 7.72267574528945], [3.008953103902684, 7.715983334163582], [3.005475096398641, 7.711689503068158], [3.007152285249788, 7.708830429680631], [3.010399875653775, 7.706838855828607], [3.013925576903887, 7.703746402074842], [2.996669497899063, 7.697782591093755], [2.998680980043218, 7.694049010653373], [3.0018314427669, 7.69278243965789], [3.003261881930371, 7.691135364605429], [2.995690060647803, 7.689130866596258], [2.993360444229154, 7.687800648780978], [2.991240353659464, 7.685501111986753], [2.989242778631365, 7.682087567886981], [2.993701433874094, 7.681824497302784], [2.996502288749696, 7.680060639886676], [2.992345338966288, 7.674511036854938], [3.000966859732841, 7.662045521383732], [3.000462727672812, 7.655016452647203], [2.99829157629523, 7.641407177599206], [2.993987704269159, 7.628960656709012], [2.990626533987381, 7.624707942617533], [2.980359687349733, 7.620989003140039], [2.972685802907506, 7.611739098180863], [2.973182674740713, 7.606241922926472], [2.976796644449621, 7.602281486701315], [2.980677882778139, 7.5937994193078], [2.984490436284659, 7.585173792236787], [3.006826161398294, 7.555838580685986], [3.020719287665031, 7.552903647685241], [3.02217575500714, 7.546378453802674], [3.025070157361938, 7.54579099236048], [3.030273642814393, 7.544039092330308], [3.033713069402665, 7.539974531699329], [3.040023769581353, 7.533006509842608], [3.042832214734972, 7.527945929361181], [3.049172241805536, 7.523873262241295], [3.052629312193062, 7.521546774564058], [3.064471959013758, 7.519765849814178], [3.076946018044339, 7.491348739952457], [3.069245813143823, 7.475731368707727], [3.075019160306056, 7.452888165156764], [3.106206236029038, 7.461593824695285], [3.129123904344738, 7.442264129386103], [3.184911123449638, 7.469743117750738], [3.183170096223023, 7.476932658815201], [3.184742651652073, 7.485155556883512], [3.190656684258613, 7.492057448892183], [3.185489294895092, 7.520025308721074], [3.194452686642251, 7.530323826783217], [3.211913221118323, 7.528268652876079], [3.213603004075424, 7.524542379427317], [3.220765394607326, 7.522298454909787], [3.244709065271195, 7.513710251327097], [3.246765712267859, 7.505659762288246], [3.284836925583704, 7.507132399440707], [3.283564078219683, 7.482122970099056], [3.29479237296971, 7.478551878266614], [3.313511204678377, 7.477037060212183], [3.323396402422077, 7.487515891445298], [3.340081061192052, 7.499423768791928], [3.341209576360882, 7.501016631812149], [3.338931336412088, 7.52180378731498], [3.337329327286682, 7.524145400689747], [3.346374556440651, 7.538135091661218], [3.359794097020028, 7.547978639102951], [3.353003000588046, 7.57469000034331], [3.347636332251, 7.620491866006887], [3.35545953113251, 7.637379865088747], [3.356554099592074, 7.640714329103048], [3.351249562717214, 7.65597386819951], [3.349745067081244, 7.659753655806639], [3.322898920848559, 7.699015618276235], [3.320898188300816, 7.717858304617096], [3.295615201380485, 7.720948060404737], [3.292558503772, 7.721863036050308], [3.276098034296865, 7.730386909328445], [3.275274354228088, 7.73156795120002], [3.282307979829454, 7.780411293446491], [3.260250114651114, 7.777165853321549], [3.244188546664134, 7.772053025826551], [3.216512129231432, 7.779097428003922], [3.183478248922086, 7.787445053046781], [3.173101685894153, 7.804797313645167], [3.161051049266575, 7.807987949983954], [3.135600500662633, 7.808580119377041], [3.134622424085649, 7.812381370204093], [3.141524503153335, 7.843703492622126], [3.144385377882941, 7.850050385117243], [3.140430702714809, 7.853835806976974], [3.124757408927337, 7.861102106077396], [3.115385683602483, 7.857830162032428], [3.113573242111499, 7.858060704138211], [3.104536773253528, 7.859097676416695], [3.095110391631295, 7.864186673676102], [3.083778627181971, 7.874720034402117], [3.064501804814483, 7.873196588251972], [3.04863391212541, 7.868188499399764], [3.052834621120894, 7.848918556845945], [3.045386789368877, 7.847727125106815], [3.040951056945744, 7.836407266781976], [3.047074482301582, 7.831901427708772], [3.048170540038427, 7.815158736586454], [3.039725547196269, 7.809699235731216], [3.038719061035863, 7.801950829866939], [3.032663794398616, 7.795670754301909]]]}}, {"type": "Feature", "properties": {"name": "Ibarapa Central", "state": "oy"}, "geometry": {"type": "Polygon", "coordinates": [[[3.075019160306056, 7.452888165156764], [3.082635071751213, 7.439048196017495], [3.098215726374747, 7.430895711268136], [3.115294454575462, 7.408086297045031], [3.140366553173919, 7.395598884880656], [3.155272959979186, 7.378180024088863], [3.183035849924579, 7.369993684361077], [3.249144314758382, 7.367492196707587], [3.254144684729454, 7.364775039036886], [3.256644486154187, 7.363416669743572], [3.282466887337023, 7.335541245831905], [3.286995885751594, 7.324523446400008], [3.291601418270886, 7.321035381777506], [3.296212910597376, 7.318126199064864], [3.306613683374849, 7.314042564712622], [3.311254499895313, 7.31402969091755], [3.319375990409696, 7.314007278912868], [3.32402849092216, 7.31515216534018], [3.350041864940181, 7.363155362729856], [3.375807760819555, 7.386832235119584], [3.385816812296071, 7.401284692934269], [3.385852336416235, 7.40476035860371], [3.383033989726869, 7.412877080912608], [3.381323097882728, 7.415778158035607], [3.382512807420198, 7.418670652028993], [3.384276627064708, 7.42098283598915], [3.383145807832818, 7.423882005650114], [3.381428956181423, 7.426203726021186], [3.381476163394268, 7.430837628553775], [3.39863433770455, 7.443661638074161], [3.388261093174947, 7.454830448066787], [3.381487825802594, 7.470546904815876], [3.372374884893077, 7.481095955114313], [3.375463385227079, 7.497840168788798], [3.341209576360882, 7.501016631812149], [3.340081061192052, 7.499423768791928], [3.323396402422077, 7.487515891445298], [3.313511204678377, 7.477037060212183], [3.29479237296971, 7.478551878266614], [3.283564078219683, 7.482122970099056], [3.284836925583704, 7.507132399440707], [3.246765712267859, 7.505659762288246], [3.244709065271195, 7.513710251327097], [3.220765394607326, 7.522298454909787], [3.213603004075424, 7.524542379427317], [3.211913221118323, 7.528268652876079], [3.194452686642251, 7.530323826783217], [3.185489294895092, 7.520025308721074], [3.190656684258613, 7.492057448892183], [3.184742651652073, 7.485155556883512], [3.183170096223023, 7.476932658815201], [3.184911123449638, 7.469743117750738], [3.129123904344738, 7.442264129386103], [3.106206236029038, 7.461593824695285], [3.075019160306056, 7.452888165156764]]]}}, {"type": "Feature", "properties": {"name": "Iseyin", "state": "oy"}, "geometry": {"type": "Polygon", "coordinates": [[[3.282307979829454, 7.780411293446491], [3.275274354228088, 7.73156795120002], [3.276098034296865, 7.730386909328445], [3.292558503772, 7.721863036050308], [3.295615201380485, 7.720948060404737], [3.320898188300816, 7.717858304617096], [3.322898920848559, 7.699015618276235], [3.349745067081244, 7.659753655806639], [3.351249562717214, 7.65597386819951], [3.356554099592074, 7.640714329103048], [3.369434866226129, 7.644727462902154], [3.390271473649648, 7.664458117348261], [3.398446320041671, 7.664696577085408], [3.410998093986905, 7.65783143677146], [3.413929042991015, 7.657818252710229], [3.416384112137109, 7.66780635807703], [3.41954046002428, 7.676225463034712], [3.452844379764372, 7.694519070099034], [3.467564743817945, 7.716089169079964], [3.471879074959418, 7.719228071918053], [3.481309228338262, 7.720326432818695], [3.490871397696878, 7.716162772294183], [3.507606809706544, 7.696747550559053], [3.523673528110862, 7.70341991759517], [3.535766506619041, 7.703472649343325], [3.538884906713122, 7.703946557887377], [3.544257212900106, 7.711717961214958], [3.542469945231858, 7.740999198154498], [3.57788935011348, 7.795325790552852], [3.595755289075385, 7.786379485924613], [3.608676874138496, 7.77236511216023], [3.605726124760906, 7.742483589446124], [3.631390494375864, 7.710092894371599], [3.683849673323834, 7.696251863133], [3.713024259661893, 7.759965598833389], [3.713674553138162, 7.76218564994781], [3.719861440952798, 7.767885276983975], [3.732936777710165, 7.801305697599901], [3.731765622985165, 7.826341972603984], [3.734391848405153, 7.838342745421414], [3.743884099071977, 7.850679632658967], [3.746851875313837, 7.860420749118305], [3.744624049560286, 7.875027420878837], [3.744835570105522, 7.879718626413535], [3.747061417350551, 7.88587029587751], [3.732500599323259, 7.911565140818652], [3.732490715773963, 7.919651995743038], [3.729672896986642, 7.931312519956862], [3.725772156859591, 7.939647728959585], [3.713932815047428, 7.958480027231531], [3.715622543145912, 7.97481464378086], [3.712282733561381, 7.981450679105592], [3.712308279703393, 7.981664204239678], [3.725062114225238, 8.005560247707308], [3.741855813994675, 8.021434062432093], [3.736224762962479, 8.040666361163687], [3.736282848374799, 8.041871841212526], [3.737390265448425, 8.045573337439635], [3.736541223598635, 8.066102448669142], [3.761944799712808, 8.091678324095426], [3.765498489663628, 8.093414639773869], [3.785382572048093, 8.119007391877687], [3.810058653284273, 8.13982198479681], [3.816896847211751, 8.174013700871626], [3.833416067597511, 8.1941493137399], [3.853136717985194, 8.22295374811705], [3.857582751243001, 8.285964817422439], [3.856252714191442, 8.314871451656245], [3.856714908166509, 8.32711144143991], [3.83679854821446, 8.331497730036233], [3.797034623748914, 8.342159778351117], [3.687716294971096, 8.405640958363563], [3.682505421587962, 8.391125994968718], [3.663132210782976, 8.327560386602613], [3.659439328262465, 8.315443637214116], [3.627653733932732, 8.306798928327908], [3.629507978610377, 8.302296312424915], [3.627747685207567, 8.266477533011766], [3.627156280238182, 8.260929800569897], [3.612899093118699, 8.23669411644039], [3.596807519251684, 8.220249811379745], [3.591788213155553, 8.212216609109248], [3.591016872730563, 8.20587954710345], [3.593241887203362, 8.19889675028486], [3.593165782974552, 8.187614695861555], [3.604156943588123, 8.180213538923738], [3.602572926299558, 8.168663886729064], [3.595987272794446, 8.159184913652894], [3.593401042024539, 8.15131611194903], [3.593849328883493, 8.137481619681068], [3.587540277162134, 8.117826839237296], [3.585089754988246, 8.11664284579075], [3.576062354893793, 8.109070940871277], [3.571671504036715, 8.106552136771768], [3.575001405790317, 8.092513703444695], [3.556625770662833, 8.085065404045224], [3.552704580851753, 8.080734546961821], [3.530554914677623, 8.076706688562865], [3.520613258395201, 8.095258122264568], [3.510738106078804, 8.090024374625216], [3.501553240989324, 8.086874914645648], [3.465426289092022, 8.096378369965862], [3.465328361015111, 8.096251618617373], [3.459749316877492, 8.086522443356102], [3.459779158181675, 8.079127406304792], [3.460790088791612, 8.075569655914933], [3.46819732874377, 8.060947220837647], [3.465809214123965, 8.05447020003976], [3.458009677304801, 8.049910652554615], [3.456039422781203, 8.038743268886776], [3.459935328152937, 8.009881945195673], [3.460083480668175, 8.006641999029057], [3.459463854073647, 8.000422963149276], [3.461750873204267, 7.998606934262682], [3.464154081145978, 7.996651246058207], [3.465261452354184, 7.972787050282193], [3.465044279569895, 7.96757001474441], [3.464601780747614, 7.967010122918907], [3.452268044734524, 7.954794331193455], [3.451239898402662, 7.941440283742168], [3.450995441086775, 7.936942881209063], [3.446343505348523, 7.929763882896907], [3.44155052083994, 7.921671053776151], [3.441026830324006, 7.913605858123901], [3.430877204019794, 7.905338349185513], [3.42667888901957, 7.898984709976446], [3.425021041887646, 7.896112078409715], [3.412765173673847, 7.89498992774304], [3.411360813950466, 7.894582357689728], [3.410788441333523, 7.893973076896032], [3.410123820757747, 7.891435689205764], [3.408645559245201, 7.883354498211588], [3.394400564234672, 7.875045151012955], [3.393275912553349, 7.870104365624002], [3.384768711806657, 7.863815744700901], [3.367640787992002, 7.834106436762681], [3.360249287974284, 7.835695312188932], [3.353040288278748, 7.836027169218539], [3.34574527562404, 7.821723553699087], [3.33981606965591, 7.810011055865573], [3.320065479938023, 7.803929539816465], [3.309563695308327, 7.811750536258273], [3.295465430984905, 7.812687073149959], [3.281777337554161, 7.815937895717354], [3.282307979829454, 7.780411293446491]]]}}, {"type": "Feature", "properties": {"name": "Itesiwaju", "state": "oy"}, "geometry": {"type": "Polygon", "coordinates": [[[3.229774548356772, 8.07051321321427], [3.247584573769132, 8.08139135962358], [3.261406282174221, 8.092641444946764], [3.276530742200066, 8.116702474439705], [3.29669003691572, 8.14364879165845], [3.29756466987368, 8.15820893159696], [3.289844314763343, 8.169851570993274], [3.292446663183, 8.191243293942932], [3.301429560325971, 8.196897281284578], [3.309751036681064, 8.201637091578561], [3.314559504817339, 8.19814489816855], [3.3364452748296, 8.203012115416868], [3.341213517190113, 8.204049703730902], [3.350048842779927, 8.193132070788465], [3.35290062086699, 8.192134001383124], [3.355512801574605, 8.192556358988838], [3.359036365136205, 8.186873103211212], [3.360685401610056, 8.176826203766325], [3.373875134829632, 8.172930997167839], [3.376776274005863, 8.169474728975615], [3.385568066113422, 8.175559656153268], [3.387143389655762, 8.176579239140608], [3.393929758351703, 8.168504970228241], [3.399271501978262, 8.166471620169204], [3.400203440636346, 8.166635786012762], [3.420175071122685, 8.161544992807194], [3.429727702271691, 8.148762638984635], [3.428003529239504, 8.146871894422418], [3.424943690299131, 8.137822758613481], [3.426397394024548, 8.11644556690942], [3.424410880657661, 8.111797117842741], [3.424265886561443, 8.111458513199864], [3.423619522223248, 8.109169007443768], [3.413131738239201, 8.10187004676527], [3.41209283961291, 8.098585662398477], [3.417584707068613, 8.08814201174448], [3.413770550970185, 8.083044696655463], [3.414533682383592, 8.081912882773395], [3.418003496164488, 8.082922385259906], [3.427046335819796, 8.073835091216552], [3.4250412613452, 8.067997923665303], [3.451526109442455, 8.052671084702865], [3.458009677304801, 8.049910652554615], [3.465809214123965, 8.05447020003976], [3.46819732874377, 8.060947220837647], [3.460790088791612, 8.075569655914933], [3.459779158181675, 8.079127406304792], [3.459749316877492, 8.086522443356102], [3.465328361015111, 8.096251618617373], [3.465426289092022, 8.096378369965862], [3.501553240989324, 8.086874914645648], [3.510738106078804, 8.090024374625216], [3.520613258395201, 8.095258122264568], [3.530554914677623, 8.076706688562865], [3.552704580851753, 8.080734546961821], [3.556625770662833, 8.085065404045224], [3.575001405790317, 8.092513703444695], [3.571671504036715, 8.106552136771768], [3.576062354893793, 8.109070940871277], [3.585089754988246, 8.11664284579075], [3.587540277162134, 8.117826839237296], [3.593849328883493, 8.137481619681068], [3.593401042024539, 8.15131611194903], [3.595987272794446, 8.159184913652894], [3.602572926299558, 8.168663886729064], [3.604156943588123, 8.180213538923738], [3.593165782974552, 8.187614695861555], [3.593241887203362, 8.19889675028486], [3.591016872730563, 8.20587954710345], [3.591788213155553, 8.212216609109248], [3.596807519251684, 8.220249811379745], [3.612899093118699, 8.23669411644039], [3.627156280238182, 8.260929800569897], [3.627747685207567, 8.266477533011766], [3.629507978610377, 8.302296312424915], [3.627653733932732, 8.306798928327908], [3.659439328262465, 8.315443637214116], [3.663132210782976, 8.327560386602613], [3.682505421587962, 8.391125994968718], [3.687716294971096, 8.405640958363563], [3.684000819682126, 8.409864402220421], [3.547797022714462, 8.397709690649776], [3.534079376661964, 8.383588102409021], [3.53367391102222, 8.383397302243736], [3.533437744556295, 8.382985704127009], [3.47773592687156, 8.361831600048333], [3.472418478430086, 8.357184061095609], [3.475636587258748, 8.345047850378023], [3.478222375562211, 8.338675007045993], [3.478752641920948, 8.334128315369526], [3.433197874882069, 8.319818782311017], [3.413454306171332, 8.318379431765436], [3.394926943723533, 8.32274729595099], [3.383279526229217, 8.320575390941599], [3.376064467800973, 8.313275202688487], [3.361405758568935, 8.309433119043263], [3.350681654334949, 8.317805491630168], [3.335498457787651, 8.323471936380827], [3.324895101028119, 8.32805198840856], [3.295815226791319, 8.343689104268776], [3.280602238402651, 8.35728832489633], [3.26884641483025, 8.351003950571908], [3.251619347954602, 8.37058368978552], [3.227965982044509, 8.374598079038151], [3.195406613724288, 8.376368142675688], [3.180818378965057, 8.37249149718491], [3.172451521020946, 8.369356274372592], [3.177895254962095, 8.357769756269306], [3.183934496579809, 8.340142061207189], [3.176742575009882, 8.333353775156638], [3.160877870417437, 8.333371728322675], [3.132624465047058, 8.325250386196387], [3.090407402279823, 8.31657405624776], [3.066708795974193, 8.315482861145199], [3.042189131123564, 8.320664622574327], [2.982060130870366, 8.330425380227155], [2.958229818851123, 8.348988613933443], [2.928478197810648, 8.352656441341765], [2.895245668053178, 8.339730917248062], [2.867904471114514, 8.312331916384892], [2.870219684890571, 8.25939366408636], [2.896663118308311, 8.245682982383755], [2.914632523372291, 8.253537833804046], [2.96011867483702, 8.261803506326828], [3.001208861899499, 8.237728561623896], [3.027314519849256, 8.219364394651166], [3.040249172961012, 8.216174224161136], [3.046760495700369, 8.215913096112558], [3.073891030047037, 8.212719020766258], [3.102048257421188, 8.211758480969195], [3.115440743695387, 8.212847755119867], [3.114068318897864, 8.193648374273096], [3.117363685785506, 8.17990084644697], [3.138332617656204, 8.180579539614087], [3.153392836410319, 8.190028326046445], [3.165835438954389, 8.19514886702666], [3.180973806096347, 8.190289444202563], [3.182468954178944, 8.17246316804085], [3.154274184605981, 8.16512037890243], [3.133830658258319, 8.154719088115485], [3.134999168976492, 8.133757852642816], [3.165083302652363, 8.124535230416598], [3.201603199827844, 8.120129966125091], [3.206994883706955, 8.112474512388872], [3.186787335866882, 8.080928116139717], [3.19775947222189, 8.07667086856577], [3.210550784191412, 8.08742583123717], [3.219414715416804, 8.088804939796205], [3.229774548356772, 8.07051321321427]]]}}, {"type": "Feature", "properties": {"name": "Kajola", "state": "oy"}, "geometry": {"type": "Polygon", "coordinates": [[[3.353040288278748, 7.836027169218539], [3.360249287974284, 7.835695312188932], [3.367640787992002, 7.834106436762681], [3.384768711806657, 7.863815744700901], [3.393275912553349, 7.870104365624002], [3.394400564234672, 7.875045151012955], [3.408645559245201, 7.883354498211588], [3.410123820757747, 7.891435689205764], [3.410788441333523, 7.893973076896032], [3.411360813950466, 7.894582357689728], [3.412765173673847, 7.89498992774304], [3.425021041887646, 7.896112078409715], [3.42667888901957, 7.898984709976446], [3.430877204019794, 7.905338349185513], [3.441026830324006, 7.913605858123901], [3.44155052083994, 7.921671053776151], [3.446343505348523, 7.929763882896907], [3.450995441086775, 7.936942881209063], [3.451239898402662, 7.941440283742168], [3.452268044734524, 7.954794331193455], [3.464601780747614, 7.967010122918907], [3.465044279569895, 7.96757001474441], [3.465261452354184, 7.972787050282193], [3.464154081145978, 7.996651246058207], [3.461750873204267, 7.998606934262682], [3.459463854073647, 8.000422963149276], [3.460083480668175, 8.006641999029057], [3.459935328152937, 8.009881945195673], [3.456039422781203, 8.038743268886776], [3.458009677304801, 8.049910652554615], [3.4250412613452, 8.067997923665303], [3.427046335819796, 8.073835091216552], [3.418003496164488, 8.082922385259906], [3.414533682383592, 8.081912882773395], [3.413770550970185, 8.083044696655463], [3.417584707068613, 8.08814201174448], [3.41209283961291, 8.098585662398477], [3.413131738239201, 8.10187004676527], [3.423619522223248, 8.109169007443768], [3.424265886561443, 8.111458513199864], [3.424410880657661, 8.111797117842741], [3.426397394024548, 8.11644556690942], [3.424943690299131, 8.137822758613481], [3.428003529239504, 8.146871894422418], [3.429727702271691, 8.148762638984635], [3.420175071122685, 8.161544992807194], [3.400203440636346, 8.166635786012762], [3.399271501978262, 8.166471620169204], [3.393929758351703, 8.168504970228241], [3.387143389655762, 8.176579239140608], [3.385568066113422, 8.175559656153268], [3.376776274005863, 8.169474728975615], [3.373875134829632, 8.172930997167839], [3.360685401610056, 8.176826203766325], [3.359036365136205, 8.186873103211212], [3.355512801574605, 8.192556358988838], [3.35290062086699, 8.192134001383124], [3.350048842779927, 8.193132070788465], [3.341213517190113, 8.204049703730902], [3.3364452748296, 8.203012115416868], [3.314559504817339, 8.19814489816855], [3.309751036681064, 8.201637091578561], [3.301429560325971, 8.196897281284578], [3.292446663183, 8.191243293942932], [3.289844314763343, 8.169851570993274], [3.29756466987368, 8.15820893159696], [3.29669003691572, 8.14364879165845], [3.276530742200066, 8.116702474439705], [3.261406282174221, 8.092641444946764], [3.247584573769132, 8.08139135962358], [3.229774548356772, 8.07051321321427], [3.227403707914846, 8.057837852634862], [3.239487834396073, 8.052279729426004], [3.244136932773301, 8.036303597932772], [3.249794479631589, 8.039134449695155], [3.254502822647169, 8.040158646204588], [3.259455052808505, 8.038902186286919], [3.262336018392602, 8.033223538635468], [3.264300310411045, 8.028277536279347], [3.251066146185735, 8.024230742654709], [3.250163737666412, 8.021881723362867], [3.249007535969042, 8.018891565693252], [3.282215473765177, 7.998312013288853], [3.28529474975295, 7.996115187166197], [3.287757231111357, 7.994827397566382], [3.290085931120871, 7.991752478793899], [3.291748573437985, 7.987874299059683], [3.293736761342529, 7.983184269838205], [3.294766376267319, 7.971337557182551], [3.28807649583365, 7.960810924284772], [3.282198945125288, 7.956859457897735], [3.270591490804691, 7.951548221073608], [3.273936584805597, 7.948008680156534], [3.275941051338521, 7.939231201658686], [3.28564101482101, 7.936826573687483], [3.297165348402132, 7.935869293033477], [3.302870519758756, 7.929959063659908], [3.300502057124277, 7.925858901567096], [3.29925636838675, 7.922146258243288], [3.292630847036037, 7.918679891563784], [3.290969815404708, 7.909086359248136], [3.29001810155421, 7.9080725409151], [3.294848812622661, 7.902646904031428], [3.303007142965328, 7.895288905558573], [3.303563971699987, 7.872639544579386], [3.310836502202847, 7.875526654331679], [3.318288957369532, 7.865950068840675], [3.324131528047644, 7.850932947397666], [3.32388309662764, 7.841134770753115], [3.327267313835534, 7.837251953215116], [3.33675494378565, 7.836168315115685], [3.337025030880511, 7.831314315203542], [3.353040288278748, 7.836027169218539]]]}}, {"type": "Feature", "properties": {"name": "Lagelu", "state": "oy"}, "geometry": {"type": "Polygon", "coordinates": [[[4.149039702020673, 7.477455690128068], [4.149213425858989, 7.486043240802985], [4.149907169180551, 7.492844600298099], [4.153030687316402, 7.501317525183708], [4.155370159405379, 7.509179003708084], [4.154346464717605, 7.565374849569707], [4.153796672278645, 7.568672656318086], [4.148558621383302, 7.569405948226006], [4.147108470879289, 7.572164045734155], [4.144834042257287, 7.587117672342742], [4.141589255040117, 7.593246460355886], [4.138718604679923, 7.598668574595081], [4.121732234155331, 7.610219477746739], [4.110181331003673, 7.612257956639439], [4.093373298738811, 7.621484278676576], [4.075807605636555, 7.653036076253954], [4.067389366725934, 7.651353969010529], [4.063088470556522, 7.651143905367007], [4.055827717575141, 7.641663933144059], [4.044661467053118, 7.630213639847625], [4.027089016445018, 7.619452540202644], [4.023641227061034, 7.616847677278543], [4.008986755434478, 7.616241671815771], [3.98602029799838, 7.594890698047323], [3.976818608392136, 7.560668316889348], [3.981291311045197, 7.557338628275147], [3.981948042768011, 7.55638301586356], [3.991343816863719, 7.537785032353383], [4.014775275058923, 7.531307317278902], [4.008827403661826, 7.519202393076], [3.998885384952587, 7.513505132156183], [3.994878579682734, 7.512836330632183], [3.991142722158941, 7.513111319931511], [3.987732900353137, 7.513630828599901], [3.985508029771779, 7.519952765807545], [3.969561459893498, 7.522378303915616], [3.965792565774336, 7.520063983166324], [3.962007048586486, 7.51506141165487], [3.962208509315303, 7.51360570873652], [3.962889492156364, 7.512243886046576], [3.963518145246269, 7.510547130645591], [3.976734355406222, 7.508022516925678], [3.981607923666786, 7.499789933158922], [3.981367995336768, 7.492292133275384], [3.968707276619568, 7.496774368742194], [3.961024684941322, 7.493936099371524], [3.948078935994147, 7.496790722913602], [3.947424788922945, 7.480407977346317], [3.934458144228017, 7.462847767410608], [3.929486627206131, 7.448514681107667], [3.938002506410612, 7.440779900871803], [3.936505986861846, 7.432782447551972], [3.939390567720579, 7.428729670737766], [3.936608622889707, 7.423113963038986], [3.942033019608232, 7.4167609497581], [3.943831985657653, 7.403640604630255], [3.950703689223928, 7.397926731433586], [3.943199628260288, 7.392150571191962], [3.951522814226564, 7.392472426861048], [3.956786494900882, 7.400742535739482], [3.973382312343915, 7.40617996003715], [3.981069193788301, 7.414483657694689], [3.988550078323499, 7.410173705352292], [4.000045296353392, 7.410733919135112], [4.008867885744394, 7.416430441711555], [4.005680610172078, 7.423575954666603], [4.020019870320823, 7.427994117034928], [4.023376649213048, 7.431827571685119], [4.03155632406515, 7.4446766632974], [4.023235154378938, 7.449096991233205], [4.025276670282153, 7.452810225411611], [4.015030364160054, 7.465038968273802], [4.016081724691901, 7.472959808348548], [4.011920833179943, 7.479107591841966], [4.01822715905621, 7.486031998378053], [4.018349830180568, 7.486078933096337], [4.026023748797002, 7.487072924975564], [4.054358360250149, 7.471405043308152], [4.050074829090136, 7.450533064649278], [4.051299299223331, 7.446865049282621], [4.053999447116837, 7.433500136222335], [4.053973975618533, 7.430597856705788], [4.058178972581572, 7.42953768911309], [4.079535887271447, 7.436756531888477], [4.093965927685474, 7.433808847400428], [4.103474081064064, 7.460799375291003], [4.129287758823068, 7.456582557638967], [4.137133068436412, 7.45907972674803], [4.133833487325603, 7.464661389711409], [4.135520779160686, 7.470775444131505], [4.149039702020673, 7.477455690128068]], [[3.953811155360597, 7.417416257854086], [3.963104343790462, 7.42514551085668], [3.969524826909264, 7.411962530646349], [3.959502330568171, 7.409649647013623], [3.960236689072019, 7.413546776362693], [3.953811155360597, 7.417416257854086]]]}}, {"type": "Feature", "properties": {"name": "Surulere", "state": "oy"}, "geometry": {"type": "Polygon", "coordinates": [[[4.527365324050493, 8.076054432765886], [4.505629061831769, 8.091958999808071], [4.504320097694404, 8.095187867226343], [4.495437144009031, 8.117099761644738], [4.494078157780791, 8.166700362731603], [4.490001201794087, 8.182328222769286], [4.483886240857373, 8.202712058414818], [4.480495623174534, 8.210510320894628], [4.471919082899433, 8.216350082090685], [4.461601740228161, 8.227438370384561], [4.460922505669146, 8.229602938724668], [4.459682309091363, 8.23355517043484], [4.417978287068365, 8.273376463553006], [4.402330365853743, 8.29163786859283], [4.391735076912312, 8.304002761618221], [4.359028333091146, 8.295592834241972], [4.350495814630165, 8.293398857171553], [4.338059183584505, 8.282952054393832], [4.32103872335847, 8.268654823161626], [4.306899547076512, 8.25098037684296], [4.291704511853766, 8.230458720993227], [4.279697975281408, 8.208174323786068], [4.308260203345753, 8.207417662994828], [4.32713126419651, 8.145568495289865], [4.326751655864257, 8.137150534269779], [4.327194825580762, 8.129279146115778], [4.326244506578746, 8.11839042188052], [4.318789793214421, 8.099022395667077], [4.315278266179064, 8.07615037244176], [4.302781459696632, 8.05709820701668], [4.2918219093537, 8.055335317271101], [4.284803389664773, 8.04643535560723], [4.294315814823051, 8.034204483150404], [4.301705919092967, 8.017993160056335], [4.304045232001897, 8.01286151874416], [4.310623169323833, 7.997513771443437], [4.322173594935521, 7.977809427563102], [4.326250551821545, 7.968297005102727], [4.332231200809304, 7.962316356114968], [4.332738619891416, 7.955031991433316], [4.336984604356076, 7.946082435755841], [4.339752395656603, 7.942562334584125], [4.345282898886694, 7.940788683550977], [4.351390837916881, 7.943156719007447], [4.360458625665103, 7.943371806263883], [4.366884915706351, 7.940209595696331], [4.371934800550662, 7.929890315885416], [4.371107217424196, 7.92566598619635], [4.373435190781493, 7.922242509983903], [4.378326855200271, 7.917661190811373], [4.397185326441729, 7.896511077024627], [4.401092214334255, 7.898409028753747], [4.407477855918387, 7.898416994948434], [4.414721010965934, 7.894605160000197], [4.418135643245364, 7.890402316913423], [4.422485827658875, 7.888441086187242], [4.428825854729439, 7.88926792017844], [4.428970964838186, 7.889347074907619], [4.433019161405241, 7.891555308930435], [4.435033796572498, 7.895421980939716], [4.435687541646757, 7.898036001660216], [4.439118385105417, 7.906422615011707], [4.440643310640326, 7.917096615316609], [4.44178676624631, 7.928914069428799], [4.443627230612265, 7.931017411924074], [4.447654981991889, 7.935620453321292], [4.44979238361168, 7.938063144198793], [4.45817899696317, 7.941493987657452], [4.495918750749809, 7.943399905581202], [4.501255511232898, 7.947212218968787], [4.506592751054654, 7.95178651803343], [4.535564899100848, 7.961317060933652], [4.54268836877327, 7.966130256805968], [4.549669266223702, 7.970847129891183], [4.553082568405841, 7.975284208599419], [4.557293891200175, 7.980758666978943], [4.561391019879693, 8.000972671951274], [4.563011644971482, 8.00896835270737], [4.563011644971482, 8.034128189164619], [4.560343264729909, 8.041371346010862], [4.559199810023244, 8.048995017705977], [4.560724734658834, 8.053951263340196], [4.568998335604761, 8.05475616466532], [4.557268141811335, 8.05866527478264], [4.533486842843558, 8.071575165061859], [4.527365324050493, 8.076054432765886]]]}}, {"type": "Feature", "properties": {"name": "Ori Ire", "state": "oy"}, "geometry": {"type": "Polygon", "coordinates": [[[3.853136717985194, 8.22295374811705], [3.898732262084252, 8.187049141904424], [3.988548099814977, 8.188816138853781], [3.996584170023482, 8.16848571394462], [3.996628456238341, 8.168397274614563], [3.980873040858171, 8.139482236216281], [4.010461014963937, 8.125285130104714], [4.01296979881721, 8.12476612685532], [4.019212827709907, 8.11686190805068], [4.021398923121865, 8.116296596910445], [4.034340277981471, 8.092790984216606], [4.031552908440005, 8.089852030346947], [4.029526192679668, 8.08337033217515], [4.029181605746544, 8.080705647247896], [4.033411494145184, 8.070799085209671], [4.0331565642241, 8.07022327268595], [4.029597395603389, 8.064892534063233], [4.028466813792477, 8.063833790996682], [4.017752371874508, 8.061965739027698], [4.014034535865164, 8.05955792655709], [4.008337496178569, 8.033880749696891], [4.013937459446254, 8.030571562028001], [4.014699707725356, 8.0304205748497], [4.026676412886218, 8.038706271677142], [4.038819612235386, 8.042858926298436], [4.045738093138539, 8.039659635783607], [4.047152815749882, 8.036438736358662], [4.046977780700047, 8.035164840385107], [4.049642098703941, 8.019377086283555], [4.045159308355437, 7.98736485740227], [4.04489141830436, 7.979496990993368], [4.057047888049624, 7.97177554860275], [4.065058433699789, 7.972111503842882], [4.076071565650295, 7.963022532563855], [4.078551137724901, 7.953840289897528], [4.08547043880975, 7.950081805431012], [4.087938636259082, 7.942172500060906], [4.104256177380705, 7.935203149006156], [4.111467027881076, 7.944622836974418], [4.11801881291791, 7.950231312325229], [4.125901313994518, 7.953316497758237], [4.129549314948974, 7.956456050806139], [4.118919509128091, 7.979864930622114], [4.1148543387568, 7.984794300016972], [4.117505059011307, 7.98947668500108], [4.120232307974675, 7.997542500286215], [4.119949244562008, 8.001069723189232], [4.128934125609476, 8.016156015987406], [4.139016993439554, 8.022996407857988], [4.130718736680421, 8.03511583272956], [4.130309349996537, 8.036889846189524], [4.130172886869275, 8.039414402352861], [4.13102151323227, 8.041235323551405], [4.146040920751943, 8.04929087937063], [4.149160370354878, 8.054214190932214], [4.146610840018297, 8.059852738712948], [4.159555336209849, 8.068958669407095], [4.168050452766238, 8.079978852941736], [4.175832398846183, 8.098573044910154], [4.186032974442242, 8.110922903968913], [4.183796409077047, 8.126976188300489], [4.198256101937602, 8.12662009274311], [4.200182972266418, 8.136803886090547], [4.187947188611929, 8.140871773313734], [4.188159001436816, 8.142218961336027], [4.188262582652101, 8.142703317304324], [4.18810649721712, 8.143376433775472], [4.19451823442904, 8.147775425295663], [4.194795864137859, 8.168764277149705], [4.200291765052953, 8.180335039130796], [4.198933759085776, 8.18249550206582], [4.197668344618478, 8.184872011833932], [4.197791799951631, 8.18802011473656], [4.204304054388672, 8.198698975877107], [4.204211461989416, 8.206013688181201], [4.239724706629943, 8.214436732169474], [4.279697975281408, 8.208174323786068], [4.291704511853766, 8.230458720993227], [4.306899547076512, 8.25098037684296], [4.32103872335847, 8.268654823161626], [4.338059183584505, 8.282952054393832], [4.350495814630165, 8.293398857171553], [4.359028333091146, 8.295592834241972], [4.391735076912312, 8.304002761618221], [4.269023413799573, 8.555760271119652], [4.187590880814525, 8.500295423894727], [4.180504089991814, 8.49969779471752], [4.17516075636388, 8.501009061119305], [4.091650192302609, 8.509144464145777], [4.077043638353302, 8.507282095892037], [4.047794298568078, 8.506197842656377], [3.931414353689547, 8.468986605147734], [3.92439797708505, 8.434149061629967], [3.904285909367275, 8.372852886151804], [3.856714908166509, 8.32711144143991], [3.856252714191442, 8.314871451656245], [3.857582751243001, 8.285964817422439], [3.853136717985194, 8.22295374811705]]]}}, {"type": "Feature", "properties": {"name": "Orelope", "state": "oy"}, "geometry": {"type": "Polygon", "coordinates": [[[3.599984013751282, 8.956908512118162], [3.602784593434308, 8.945306707338716], [3.614602884815326, 8.93516155336306], [3.617265680266996, 8.928797750915521], [3.60875646413956, 8.919637038018948], [3.604980868272492, 8.914827898988392], [3.605133290768777, 8.909121983892476], [3.606955102296183, 8.903187807371467], [3.608008989923007, 8.897031355312834], [3.611419407080007, 8.895233978365468], [3.6212407151869, 8.894975485330406], [3.625102379771079, 8.890389794553414], [3.628357826652405, 8.886481680884913], [3.632435415761904, 8.873660039279457], [3.636060680955723, 8.86596354228368], [3.645941236398983, 8.84695620266666], [3.661446474775062, 8.839226171750454], [3.653999754585072, 8.790144420128911], [3.664163270018946, 8.768725220192835], [3.694360113028836, 8.753430655200646], [3.718989628268787, 8.708226636350219], [3.719219784565439, 8.705673078849543], [3.735658930215493, 8.695268141311715], [3.740620410803388, 8.685399491992996], [3.767215210913321, 8.66703876132982], [3.768188138871551, 8.666299983557451], [3.771394764257025, 8.657196427972849], [3.874278635350777, 8.555566756800431], [3.905162829301162, 8.645367986843155], [3.877870559079099, 8.692317007923634], [3.885740519109731, 8.724780082235043], [3.896561859841995, 8.750357626803066], [3.916236876830453, 8.77495193358493], [3.977229117429886, 8.875539778837776], [3.937328842252327, 8.882711096040282], [3.883662077942574, 8.91628094171216], [3.883004013424511, 8.92122532798652], [3.88012104415094, 8.936724218947575], [3.877101044277822, 8.952400235882237], [3.841097856181193, 8.977415310268384], [3.832718665833795, 8.97308767365729], [3.831543826586369, 8.97257473093913], [3.824026695775444, 8.971824899599483], [3.801788032691604, 8.96630852381935], [3.788831901071433, 8.966409399873953], [3.782103670847789, 8.965972162085677], [3.775877517733306, 8.965638268091652], [3.771796448247528, 8.968044384440816], [3.769677917102229, 8.969606809007075], [3.717390660650494, 8.969201059181557], [3.713875003028988, 8.97215786189588], [3.708226026709838, 8.977690340037213], [3.702514345160921, 8.98255151833797], [3.687058409418114, 9.003429016136238], [3.673755352627495, 9.004608671253209], [3.660477585672083, 8.99845554668616], [3.654112545757414, 9.001479268853245], [3.638431669785803, 8.998915615563249], [3.617450008910851, 9.003244890739154], [3.607926198335406, 8.999329428710212], [3.595700863903801, 8.999334614201132], [3.593255469664257, 8.995438495690053], [3.594447886161049, 8.989114108729211], [3.599815952943914, 8.976571224582415], [3.601044979941946, 8.963438058719476], [3.599984013751282, 8.956908512118162]]]}}, {"type": "Feature", "properties": {"name": "Saki West", "state": "oy"}, "geometry": {"type": "Polygon", "coordinates": [[[2.756388662406891, 8.575206047321274], [2.756388662406891, 8.555276864835491], [2.752965925437138, 8.535575860137897], [2.753611084683882, 8.535831444765392], [2.759721754955081, 8.529722207114219], [2.762777326612365, 8.519165033239744], [2.758333205313249, 8.491109842045603], [2.752626780301739, 8.462578651383694], [2.752499579292191, 8.461942666121217], [2.747499941369256, 8.453054421724232], [2.728888511195862, 8.437221520756623], [2.724706079122313, 8.431444821821117], [2.736450440835199, 8.433131442761919], [2.771120463138914, 8.435505522561868], [2.819638756223696, 8.467627752019212], [2.884676095225643, 8.481811677666826], [2.900835692013629, 8.494227287959006], [2.95789821992696, 8.508990388695508], [2.964647647171205, 8.507734515135837], [2.99286128272206, 8.508019218012578], [3.010261048208861, 8.502318658379409], [3.052824471372276, 8.501894108226566], [3.058780178562415, 8.49466163802424], [3.092317861779918, 8.483158600389118], [3.106143475940712, 8.468661207049138], [3.113270486244005, 8.461641270028622], [3.13192641037557, 8.447464905880736], [3.138703376659578, 8.443424664716531], [3.145371902691181, 8.440378639362791], [3.154656196826068, 8.442212404678799], [3.166130696274649, 8.451841038433201], [3.187846910806343, 8.448933968228118], [3.19706624331252, 8.443521619726994], [3.198926791338408, 8.444092310611666], [3.193071145417093, 8.480990664987246], [3.211267628398389, 8.48451647055873], [3.213300207738428, 8.507644110787112], [3.220671885798936, 8.515937262095008], [3.234361267958207, 8.52033033427756], [3.235867537057231, 8.522275538185568], [3.249995932266529, 8.522560127747738], [3.261401297232112, 8.521865084905812], [3.274802016799697, 8.534264170155382], [3.310322368782352, 8.535353715001975], [3.318643054633299, 8.530474591629172], [3.33513455971223, 8.522689737141718], [3.342020835892924, 8.536852875859609], [3.352433810671869, 8.544576917290954], [3.360934201752059, 8.550828165087808], [3.353753838269085, 8.555606628243368], [3.325051147792294, 8.575078918257532], [3.323883463551056, 8.580133205283232], [3.348198002935533, 8.580631846082895], [3.356644367243803, 8.580906464861528], [3.360864882908061, 8.584737831285906], [3.361282573032383, 8.58479276817178], [3.379026966821129, 8.580862247894459], [3.384801201614209, 8.581472668129152], [3.390061867761062, 8.58074510130541], [3.416561578054427, 8.569395730828376], [3.43272436473768, 8.569308662964488], [3.443005358610435, 8.55135749974886], [3.499974936194405, 8.567359067666871], [3.532136582937028, 8.585904091900375], [3.52639299164332, 8.605178490594938], [3.523056258639485, 8.608583999252232], [3.496298156934415, 8.661907881743389], [3.48436764904784, 8.680711246127146], [3.484011015695842, 8.687264285718243], [3.482568931211233, 8.694158993043118], [3.482585997645742, 8.698899805181895], [3.486319073566449, 8.718739702075652], [3.436578028053589, 8.816302804430904], [3.432762390771757, 8.834978731283456], [3.432562901356846, 8.838235367068592], [3.421283145600739, 8.857655839045776], [3.419186072279444, 8.862087567687126], [3.416131495272339, 8.860165594166858], [3.387994765246276, 8.842461584434602], [3.338807343284316, 8.825552936918541], [3.284419354169927, 8.804973501425991], [3.281934498578323, 8.8040332764146], [3.237358330622499, 8.782514568292754], [3.197393654093901, 8.796348568631572], [3.183559654654402, 8.811718938378363], [3.163577315940415, 8.808645245381797], [3.131298063055226, 8.777902600224877], [3.103630065075492, 8.750234600446504], [3.051368474375636, 8.72871589322392], [3.014477966584934, 8.710269923917906], [3.005345881807045, 8.70113789939461], [2.947701025781782, 8.643493422883182], [2.942233799750113, 8.638026232824416], [2.931538542170017, 8.625039160029246], [2.920714375767886, 8.611895555735373], [2.88843512288264, 8.608820911256089], [2.802357195827994, 8.610358232146723], [2.785398357148495, 8.597389790606428], [2.756388662406891, 8.575206047321274]]]}}, {"type": "Feature", "properties": {"name": "Ibadan North East", "state": "oy"}, "geometry": {"type": "Polygon", "coordinates": [[[3.940188823955111, 7.419529316624732], [3.933737053422306, 7.416361678648627], [3.920016025019606, 7.396376955831897], [3.898879044032697, 7.379420504852476], [3.905062534208639, 7.371348707277093], [3.916966407773543, 7.371126693442193], [3.9260974394453, 7.364146954318528], [3.918485280871039, 7.34577851556611], [3.909787461622102, 7.342370556256242], [3.914611232622349, 7.336701892878125], [3.920651504863088, 7.339326521102123], [3.925956839436651, 7.337504497334749], [3.928113212254971, 7.344810792883834], [3.934237456893186, 7.348459202130528], [3.93280937035621, 7.352088321818655], [3.940179559139381, 7.35846559700974], [3.936653295813016, 7.365715495174015], [3.939442168121616, 7.379588296762506], [3.927938113353321, 7.392627191191991], [3.93316129215998, 7.39948331220512], [3.941186255741172, 7.400194092283584], [3.943831985657653, 7.403640604630255], [3.940188823955111, 7.419529316624732]]]}}, {"type": "Feature", "properties": {"name": "Ibarapa East", "state": "oy"}, "geometry": {"type": "Polygon", "coordinates": [[[3.341209576360882, 7.501016631812149], [3.375463385227079, 7.497840168788798], [3.372374884893077, 7.481095955114313], [3.381487825802594, 7.470546904815876], [3.388261093174947, 7.454830448066787], [3.39863433770455, 7.443661638074161], [3.399014709561243, 7.444110868321957], [3.400228022705107, 7.449320791121636], [3.393893718020706, 7.453971860812771], [3.393082855989064, 7.455832003244382], [3.39568710197824, 7.459179876150415], [3.442431209832534, 7.492065427677403], [3.445929525827012, 7.49379348578077], [3.453482626821824, 7.494930742359941], [3.453435657929333, 7.490297315568682], [3.452234267097822, 7.486245629632151], [3.466583965677501, 7.471145629367356], [3.459404943983031, 7.449734686106922], [3.466295480252256, 7.442764280147458], [3.468598126002746, 7.441020486606249], [3.471475122878644, 7.438695429750339], [3.482859610982302, 7.417232035330187], [3.482226608771043, 7.412020681709123], [3.481013297425761, 7.406811234650831], [3.473366021224933, 7.39640664874787], [3.472733019912994, 7.391195295126806], [3.474449634143355, 7.388873574755735], [3.497712849868151, 7.394600866736653], [3.522289276329104, 7.415384290952318], [3.540519713214223, 7.439661023737301], [3.545752523760029, 7.440804480242605], [3.540554729217433, 7.45022377790508], [3.541032976091003, 7.450498319341989], [3.54326427772429, 7.451779218336299], [3.546544258111055, 7.455314287824194], [3.548280380435244, 7.480649885983496], [3.563607750897006, 7.48817698308136], [3.566689065647893, 7.492113407407885], [3.568109525034629, 7.49595359708087], [3.571103926604962, 7.497941577242045], [3.573924963166576, 7.498157079085956], [3.577796756814905, 7.498506051113395], [3.576849936175677, 7.500399588969913], [3.575663326601273, 7.505145547928748], [3.57803630742967, 7.513451098189705], [3.580707805620762, 7.517849443996681], [3.610986576869095, 7.58272766774769], [3.608602017269334, 7.596194113367687], [3.608596490935383, 7.599961092830199], [3.609812207967082, 7.601403222280908], [3.613315681573511, 7.605559172917538], [3.613009485799182, 7.606506454009718], [3.588673097385595, 7.681796155168456], [3.595237153671746, 7.694004671378536], [3.631390494375864, 7.710092894371599], [3.605726124760906, 7.742483589446124], [3.608676874138496, 7.77236511216023], [3.595755289075385, 7.786379485924613], [3.57788935011348, 7.795325790552852], [3.542469945231858, 7.740999198154498], [3.544257212900106, 7.711717961214958], [3.538884906713122, 7.703946557887377], [3.535766506619041, 7.703472649343325], [3.523673528110862, 7.70341991759517], [3.507606809706544, 7.696747550559053], [3.490871397696878, 7.716162772294183], [3.481309228338262, 7.720326432818695], [3.471879074959418, 7.719228071918053], [3.467564743817945, 7.716089169079964], [3.452844379764372, 7.694519070099034], [3.41954046002428, 7.676225463034712], [3.416384112137109, 7.66780635807703], [3.413929042991015, 7.657818252710229], [3.410998093986905, 7.65783143677146], [3.398446320041671, 7.664696577085408], [3.390271473649648, 7.664458117348261], [3.369434866226129, 7.644727462902154], [3.356554099592074, 7.640714329103048], [3.35545953113251, 7.637379865088747], [3.347636332251, 7.620491866006887], [3.353003000588046, 7.57469000034331], [3.359794097020028, 7.547978639102951], [3.346374556440651, 7.538135091661218], [3.337329327286682, 7.524145400689747], [3.338931336412088, 7.52180378731498], [3.341209576360882, 7.501016631812149]]]}}, {"type": "Feature", "properties": {"name": "Olorunsogo", "state": "oy"}, "geometry": {"type": "MultiPolygon", "coordinates": [[[[4.139016993439554, 8.022996407857988], [4.153332786678789, 8.018462271616613], [4.159465157591001, 8.021179062363899], [4.164318564849964, 8.024361495986284], [4.168014044612505, 8.027521570664021], [4.163486804372553, 8.036054011783278], [4.151394313296976, 8.043792676191117], [4.137781538087552, 8.027228139866793], [4.137853697889909, 8.027016827064983], [4.137600075583066, 8.025024389863745], [4.139016993439554, 8.022996407857988]]], [[[4.210460186288628, 8.970032691055906], [4.203491211150549, 8.959896086934918], [4.190702437067841, 8.94809150571848], [4.172995089052165, 8.926448821555937], [4.126759052288492, 8.905790329360286], [4.094295024695668, 8.895952223716222], [4.056912898011888, 8.886115073152155], [3.998871565070715, 8.878245353240516], [3.977229117429886, 8.875539778837776], [3.916236876830453, 8.77495193358493], [3.896561859841995, 8.750357626803066], [3.885740519109731, 8.724780082235043], [3.877870559079099, 8.692317007923634], [3.905162829301162, 8.645367986843155], [3.874208748135288, 8.554249425370756], [3.931414353689547, 8.468986605147734], [4.047794298568078, 8.506197842656377], [4.077043638353302, 8.507282095892037], [4.091650192302609, 8.509144464145777], [4.17516075636388, 8.501009061119305], [4.180504089991814, 8.49969779471752], [4.187590880814525, 8.500295423894727], [4.269023413799573, 8.555760271119652], [4.259768485227482, 8.575006484161975], [4.231803641724753, 8.63337155055666], [4.209143639067747, 8.680658339910508], [4.213420867778893, 8.682601927736812], [4.190364361226329, 8.753309249422387], [4.191267112387379, 8.765646445127402], [4.194975852653499, 8.816330910043519], [4.221106528843279, 8.860906599559996], [4.257997035734661, 8.900871276088594], [4.292989610682014, 8.923915302749094], [4.321018218815766, 8.942373276205785], [4.334852218255321, 8.957744597435294], [4.334852218255321, 8.98080062914579], [4.329013347388127, 8.989559174216538], [4.325629711142312, 8.994634626786649], [4.316407204029304, 8.997709273064572], [4.290276526940204, 8.99156093468946], [4.27336835786349, 8.979264258838498], [4.253385544307491, 8.966966627907595], [4.210460186288628, 8.970032691055906]]]]}}, {"type": "Feature", "properties": {"name": "Oyo West", "state": "oy"}, "geometry": {"type": "MultiPolygon", "coordinates": [[[[3.956087761241236, 7.862643266173848], [3.979421430754485, 7.850985338302792], [3.983991374402478, 7.852464679001798], [3.990405084726945, 7.861181484737756], [4.031140997359216, 7.88094246971923], [4.031185091119085, 7.882022616650488], [4.026477193267908, 7.892855435430022], [4.026164983727085, 7.903253553408831], [4.023246493930571, 7.910300726397452], [4.017950844156189, 7.917861790888992], [3.99809861306062, 7.904983503685798], [3.992653951019065, 7.905182711612895], [3.987684836086373, 7.905071809016817], [3.961997425840593, 7.885259829777397], [3.96327601087927, 7.874186515195561], [3.956087761241236, 7.862643266173848]]], [[[3.746851875313837, 7.860420749118305], [3.77453340629171, 7.847270704779248], [3.808111169594838, 7.847014201044601], [3.823126778378196, 7.842339902764365], [3.834602978444764, 7.842712899280912], [3.858076368429693, 7.860327940881803], [3.862287579708095, 7.858958041380561], [3.867374083147467, 7.856561417375588], [3.866966674072785, 7.848248730094895], [3.875095771952374, 7.838634448620951], [3.880799560151615, 7.82771880138165], [3.882355712845936, 7.814356342571216], [3.88623486384796, 7.812155788758673], [3.886541177433458, 7.802018046096009], [3.879796050747188, 7.797162966098028], [3.885803575074988, 7.791733272372653], [3.882157779258137, 7.788148211370924], [3.897427295433374, 7.776589145972366], [3.916317275322058, 7.782960461356254], [3.919395109696609, 7.787092014285065], [3.929545105622196, 7.78793988881489], [3.934636919558216, 7.80158579864576], [3.933267423852556, 7.811178036836964], [3.940010249173724, 7.83377162905748], [3.936217833286435, 7.835653689765991], [3.936373824292616, 7.842055876177767], [3.923839103292039, 7.846054861842447], [3.919528356848218, 7.841558812789003], [3.916740385660319, 7.848209945032977], [3.920350580015281, 7.853683853926782], [3.929661616390547, 7.8495317640797], [3.93747382825461, 7.858120533335978], [3.937179487343542, 7.863637362374448], [3.919435777039553, 7.877401586114331], [3.924496915999896, 7.88103778076902], [3.918837415814153, 7.885759464327862], [3.909033498796987, 7.884401645419644], [3.903306824650258, 7.888081364563391], [3.915860953020626, 7.906157442711844], [3.923670332919585, 7.905029762113884], [3.933473677967925, 7.909086253128123], [3.941866650425652, 7.933290820714831], [3.934604641091369, 7.936482080283838], [3.935109596930374, 7.938592861071754], [3.931613371859669, 7.948933738101573], [3.932244623990243, 7.954491012350388], [3.930818687732312, 7.95779938613282], [3.927538792781093, 7.960694187786601], [3.923992991683292, 7.966770514747509], [3.922396531374886, 7.967172940678722], [3.917729144384566, 7.968425653121471], [3.879970249427515, 7.96082346802865], [3.874643600022182, 7.973009443630986], [3.874269894839813, 7.973505265955282], [3.867024230683739, 7.985013532248786], [3.860173619816749, 7.99158524985944], [3.844125919375699, 7.998447690408625], [3.821527924074474, 8.017348808400811], [3.82130018695409, 8.017541266915998], [3.803492658059781, 8.023594610802718], [3.799318155308697, 8.033271282743556], [3.799843156136774, 8.04351561125651], [3.811667818315186, 8.130863803721638], [3.811940549416875, 8.135462780183218], [3.81153681767006, 8.136941420310336], [3.810058653284273, 8.13982198479681], [3.785382572048093, 8.119007391877687], [3.765498489663628, 8.093414639773869], [3.761944799712808, 8.091678324095426], [3.736541223598635, 8.066102448669142], [3.737390265448425, 8.045573337439635], [3.736282848374799, 8.041871841212526], [3.736224762962479, 8.040666361163687], [3.741855813994675, 8.021434062432093], [3.725062114225238, 8.005560247707308], [3.712308279703393, 7.981664204239678], [3.712282733561381, 7.981450679105592], [3.715622543145912, 7.97481464378086], [3.713932815047428, 7.958480027231531], [3.725772156859591, 7.939647728959585], [3.729672896986642, 7.931312519956862], [3.732490715773963, 7.919651995743038], [3.732500599323259, 7.911565140818652], [3.747061417350551, 7.88587029587751], [3.744835570105522, 7.879718626413535], [3.744624049560286, 7.875027420878837], [3.746851875313837, 7.860420749118305]]]]}}, {"type": "Feature", "properties": {"name": "Egbeda", "state": "oy"}, "geometry": {"type": "MultiPolygon", "coordinates": [[[[3.953811155360597, 7.417416257854086], [3.960236689072019, 7.413546776362693], [3.959502330568171, 7.409649647013623], [3.969524826909264, 7.411962530646349], [3.963104343790462, 7.42514551085668], [3.953811155360597, 7.417416257854086]]], [[[4.135321138659663, 7.403114608252622], [4.141436577136346, 7.439674376871039], [4.136997098137613, 7.446224300311258], [4.137133068436412, 7.45907972674803], [4.129287758823068, 7.456582557638967], [4.103474081064064, 7.460799375291003], [4.093965927685474, 7.433808847400428], [4.079535887271447, 7.436756531888477], [4.055903774139892, 7.430043288866727], [4.050074829090136, 7.450533064649278], [4.054358360250149, 7.471405043308152], [4.026023748797002, 7.487072924975564], [4.018349830180568, 7.486078933096337], [4.01822715905621, 7.486031998378053], [4.011920833179943, 7.479107591841966], [4.016081724691901, 7.472959808348548], [4.015943622100508, 7.462588765359271], [4.025276670282153, 7.452810225411611], [4.023235154378938, 7.449096991233205], [4.03155632406515, 7.4446766632974], [4.020019870320823, 7.427994117034928], [4.005680610172078, 7.423575954666603], [4.008867885744394, 7.416430441711555], [3.999508636714268, 7.410623104672595], [3.988550078323499, 7.410173705352292], [3.981069193788301, 7.414483657694689], [3.973382312343915, 7.40617996003715], [3.956786494900882, 7.400742535739482], [3.955115793758921, 7.394608755589672], [3.944188287159761, 7.391037725810463], [3.950703689223928, 7.397926731433586], [3.943831985657653, 7.403640604630255], [3.941186255741172, 7.400194092283584], [3.93316129215998, 7.39948331220512], [3.92794535289579, 7.392086618602605], [3.939196875335597, 7.378534165419467], [3.945584854257675, 7.378198031214197], [3.957671012307401, 7.369895865102137], [3.958864657278184, 7.36290776857868], [3.954692144726721, 7.35344173135087], [3.961673131210091, 7.356929198823536], [3.972119197443078, 7.352661726857264], [3.977136505245596, 7.357994383733853], [3.9803221917158, 7.362173255391497], [3.987861367608105, 7.351102013746981], [4.000040860897059, 7.346204383225768], [4.004621521765841, 7.346601002234536], [4.005354651795813, 7.353457482077204], [4.00959418182606, 7.356685157893764], [4.011584563177109, 7.358302769357351], [4.014759782438034, 7.357082398334057], [4.019457656445752, 7.355701531600459], [4.02688492429985, 7.357985099133089], [4.035388713018733, 7.358767878934486], [4.048085695998111, 7.355240519334529], [4.060330236351376, 7.348106414279641], [4.072711416099025, 7.35977777262616], [4.102586227172708, 7.344562024218078], [4.084988643211375, 7.331198661588985], [4.077482314157521, 7.32229295595522], [4.072424831840578, 7.304135022413391], [4.090084521183769, 7.293947858406966], [4.125745426410333, 7.311768290774069], [4.120832750231273, 7.318263236858968], [4.114611332047389, 7.324536821117476], [4.110903143964947, 7.326942646086309], [4.112786095002321, 7.331858809836262], [4.120498536078628, 7.335331805418548], [4.121119373160582, 7.340220791656236], [4.118987934045947, 7.343502957395629], [4.119177055176976, 7.348544852662883], [4.123136135224513, 7.35183334962943], [4.127019116439101, 7.351956613407026], [4.13174641536483, 7.358294694344693], [4.135321138659663, 7.403114608252622]]]]}}, {"type": "Feature", "properties": {"name": "Ona Ara", "state": "oy"}, "geometry": {"type": "Polygon", "coordinates": [[[4.125745426410333, 7.311768290774069], [4.090084521183769, 7.293947858406966], [4.072424831840578, 7.304135022413391], [4.077482314157521, 7.32229295595522], [4.084988643211375, 7.331198661588985], [4.102586227172708, 7.344562024218078], [4.072711416099025, 7.35977777262616], [4.060330236351376, 7.348106414279641], [4.048085695998111, 7.355240519334529], [4.035388713018733, 7.358767878934486], [4.02688492429985, 7.357985099133089], [4.019457656445752, 7.355701531600459], [4.014759782438034, 7.357082398334057], [4.011584563177109, 7.358302769357351], [4.00959418182606, 7.356685157893764], [4.005354651795813, 7.353457482077204], [4.004621521765841, 7.346601002234536], [4.000040860897059, 7.346204383225768], [3.987861367608105, 7.351102013746981], [3.9803221917158, 7.362173255391497], [3.977136505245596, 7.357994383733853], [3.972119197443078, 7.352661726857264], [3.961673131210091, 7.356929198823536], [3.954692144726721, 7.35344173135087], [3.958864657278184, 7.36290776857868], [3.957671012307401, 7.369895865102137], [3.945584854257675, 7.378198031214197], [3.937676287230943, 7.377245695032855], [3.939850144668469, 7.372687405699253], [3.936660761984626, 7.36561096877125], [3.940179559139381, 7.35846559700974], [3.93280937035621, 7.352088321818655], [3.934237456893186, 7.348459202130528], [3.928113212254971, 7.344810792883834], [3.925956839436651, 7.337504497334749], [3.938818237371834, 7.329960617988206], [3.939072192427773, 7.326761709685229], [3.945258314919329, 7.332932588668086], [3.959766035174425, 7.336591284360338], [3.963228961947095, 7.32362621617699], [3.954227554957754, 7.316542688993934], [3.954138725321968, 7.307237952369633], [3.959393142979195, 7.311437867263805], [3.968747976338079, 7.312336557086496], [3.976047884902016, 7.298957475207374], [3.970695664173604, 7.288303734829526], [3.974006896900846, 7.276348785168352], [3.978897551380953, 7.271568663662947], [3.981023455168383, 7.271106709806872], [3.984192574327892, 7.269913617919201], [3.996063339351679, 7.266875536277041], [3.997218446574095, 7.256147064035815], [3.995169639867015, 7.242852716279856], [3.994470632813488, 7.241417308362145], [3.993138930217526, 7.236366483726272], [3.984718737080073, 7.226887948620003], [3.989023549797025, 7.21417540377189], [3.991478089242491, 7.184948293429045], [3.994928160206484, 7.181425772181683], [3.996523273330467, 7.176368729633225], [3.989285384712787, 7.14483198670689], [3.998963493770248, 7.126570828081299], [4.005546092278394, 7.128451345553231], [4.0127568231689, 7.126267909436535], [4.019251346572446, 7.124644277911159], [4.026865959396559, 7.128451345553231], [4.045901775146831, 7.138350009745182], [4.057703494720556, 7.137207984061263], [4.069125174287421, 7.132258891634592], [4.080235263946349, 7.131994168096412], [4.085114954791379, 7.131877898346374], [4.088356017915942, 7.13344621617], [4.087641715193058, 7.138052463650354], [4.084511757012024, 7.139930724723229], [4.080755709708285, 7.140243528715928], [4.079190730168136, 7.138365746082343], [4.076374052620508, 7.13492298031133], [4.073244094439474, 7.135548591894064], [4.071053027575203, 7.138991831607768], [4.071053027575203, 7.142121790688122], [4.072618008014729, 7.146816729308682], [4.085448800222025, 7.151201292106009], [4.071991918891968, 7.162779329602415], [4.072618008014729, 7.167474270021614], [4.074496268188284, 7.170604229101912], [4.076061247728433, 7.175298691081764], [4.077626227268638, 7.17780304037808], [4.081985629733083, 7.20090008027455], [4.094214439145105, 7.228194713914945], [4.097031592434064, 7.230698585671234], [4.099776040931602, 7.23227098641695], [4.102608679646892, 7.233126161643099], [4.105320928817832, 7.237194059658179], [4.107489108835352, 7.245866776130867], [4.111218485844518, 7.251194391408092], [4.125375748392116, 7.257791517564556], [4.13133811955862, 7.299527643585918], [4.125745426410333, 7.311768290774069]]]}}, {"type": "Feature", "properties": {"name": "Atisbo", "state": "oy"}, "geometry": {"type": "Polygon", "coordinates": [[[2.870219684890571, 8.25939366408636], [2.867904471114514, 8.312331916384892], [2.895245668053178, 8.339730917248062], [2.928478197810648, 8.352656441341765], [2.958229818851123, 8.348988613933443], [2.982060130870366, 8.330425380227155], [3.042189131123564, 8.320664622574327], [3.066708795974193, 8.315482861145199], [3.090407402279823, 8.31657405624776], [3.132624465047058, 8.325250386196387], [3.160877870417437, 8.333371728322675], [3.176742575009882, 8.333353775156638], [3.183934496579809, 8.340142061207189], [3.177895254962095, 8.357769756269306], [3.172451521020946, 8.369356274372592], [3.180818378965057, 8.37249149718491], [3.195406613724288, 8.376368142675688], [3.227965982044509, 8.374598079038151], [3.251619347954602, 8.37058368978552], [3.26884641483025, 8.351003950571908], [3.280602238402651, 8.35728832489633], [3.295815226791319, 8.343689104268776], [3.324895101028119, 8.32805198840856], [3.335498457787651, 8.323471936380827], [3.350681654334949, 8.317805491630168], [3.361405758568935, 8.309433119043263], [3.376064467800973, 8.313275202688487], [3.383279526229217, 8.320575390941599], [3.394926943723533, 8.32274729595099], [3.413454306171332, 8.318379431765436], [3.433197874882069, 8.319818782311017], [3.478752641920948, 8.334128315369526], [3.478222375562211, 8.338675007045993], [3.475636587258748, 8.345047850378023], [3.472418478430086, 8.357184061095609], [3.47773592687156, 8.361831600048333], [3.533437744556295, 8.382985704127009], [3.53367391102222, 8.383397302243736], [3.534079376661964, 8.383588102409021], [3.547797022714462, 8.397709690649776], [3.558668233552169, 8.397213127284033], [3.652955281061395, 8.407834570309205], [3.667294838885766, 8.407435410715664], [3.684000819682126, 8.409864402220421], [3.687716294971096, 8.405640958363563], [3.797034623748914, 8.342159778351117], [3.83679854821446, 8.331497730036233], [3.856714908166509, 8.32711144143991], [3.904285909367275, 8.372852886151804], [3.92439797708505, 8.434149061629967], [3.931414353689547, 8.468986605147734], [3.874208748135288, 8.554249425370756], [3.810453535702152, 8.546600335237315], [3.768237869582038, 8.514040142238798], [3.686049728911883, 8.431776070908995], [3.672614364761159, 8.457701252910567], [3.641763177728535, 8.469522432914005], [3.593552736069967, 8.492642106947699], [3.591262885873505, 8.498113672208262], [3.578711041781219, 8.512553239140743], [3.575362787562653, 8.519508174962368], [3.575626428317037, 8.520622829779825], [3.583552041093867, 8.55484529727272], [3.539435054384285, 8.576869642020426], [3.532136582937028, 8.585904091900375], [3.499974936194405, 8.567359067666871], [3.443005358610435, 8.55135749974886], [3.43272436473768, 8.569308662964488], [3.416561578054427, 8.569395730828376], [3.390061867761062, 8.58074510130541], [3.384801201614209, 8.581472668129152], [3.379026966821129, 8.580862247894459], [3.361282573032383, 8.58479276817178], [3.360864882908061, 8.584737831285906], [3.356644367243803, 8.580906464861528], [3.348198002935533, 8.580631846082895], [3.323883463551056, 8.580133205283232], [3.325051147792294, 8.575078918257532], [3.353753838269085, 8.555606628243368], [3.360934201752059, 8.550828165087808], [3.352433810671869, 8.544576917290954], [3.342020835892924, 8.536852875859609], [3.33513455971223, 8.522689737141718], [3.318643054633299, 8.530474591629172], [3.310322368782352, 8.535353715001975], [3.274802016799697, 8.534264170155382], [3.261401297232112, 8.521865084905812], [3.249995932266529, 8.522560127747738], [3.235867537057231, 8.522275538185568], [3.234361267958207, 8.52033033427756], [3.220671885798936, 8.515937262095008], [3.213300207738428, 8.507644110787112], [3.211267628398389, 8.48451647055873], [3.193071145417093, 8.480990664987246], [3.198926791338408, 8.444092310611666], [3.19706624331252, 8.443521619726994], [3.187846910806343, 8.448933968228118], [3.166130696274649, 8.451841038433201], [3.154656196826068, 8.442212404678799], [3.145371902691181, 8.440378639362791], [3.138703376659578, 8.443424664716531], [3.13192641037557, 8.447464905880736], [3.113270486244005, 8.461641270028622], [3.106143475940712, 8.468661207049138], [3.092317861779918, 8.483158600389118], [3.058780178562415, 8.49466163802424], [3.052824471372276, 8.501894108226566], [3.010261048208861, 8.502318658379409], [2.99286128272206, 8.508019218012578], [2.964647647171205, 8.507734515135837], [2.95789821992696, 8.508990388695508], [2.900835692013629, 8.494227287959006], [2.884676095225643, 8.481811677666826], [2.819638756223696, 8.467627752019212], [2.771120463138914, 8.435505522561868], [2.736450440835199, 8.433131442761919], [2.724706079122313, 8.431444821821117], [2.723055361815568, 8.429164881254337], [2.720833299817002, 8.424444193244994], [2.710277555864536, 8.351943964242594], [2.709166525314913, 8.338888161659384], [2.709999559232301, 8.326387399059286], [2.728055474580515, 8.25666617680264], [2.746397693598738, 8.228737768433291], [2.870219684890571, 8.25939366408636]]]}}, {"type": "Feature", "properties": {"name": "Irepo", "state": "oy"}, "geometry": {"type": "Polygon", "coordinates": [[[3.691454540194911, 8.996621755289823], [3.717390660650494, 8.969201059181557], [3.769677917102229, 8.969606809007075], [3.771796448247528, 8.968044384440816], [3.775877517733306, 8.965638268091652], [3.782103670847789, 8.965972162085677], [3.788831901071433, 8.966409399873953], [3.801788032691604, 8.96630852381935], [3.824026695775444, 8.971824899599483], [3.831543826586369, 8.97257473093913], [3.832718665833795, 8.97308767365729], [3.841097856181193, 8.977415310268384], [3.877101044277822, 8.952400235882237], [3.88012104415094, 8.936724218947575], [3.883004013424511, 8.92122532798652], [3.883662077942574, 8.91628094171216], [3.937328842252327, 8.882711096040282], [3.977229117429886, 8.875539778837776], [3.998871565070715, 8.878245353240516], [4.056912898011888, 8.886115073152155], [4.094295024695668, 8.895952223716222], [4.126759052288492, 8.905790329360286], [4.172995089052165, 8.926448821555937], [4.190702437067841, 8.94809150571848], [4.203491211150549, 8.959896086934918], [4.210460186288628, 8.970032691055906], [4.012060165144533, 9.034599303315247], [3.990596574672225, 9.04839725702783], [3.979052720406742, 9.066622503925487], [3.972095251194958, 9.077638625222448], [3.952017587042064, 9.128948362676852], [3.944427252315904, 9.148345946008646], [3.921370743964701, 9.172939300408416], [3.910963165118005, 9.175678175807207], [3.898133044704309, 9.179054573409871], [3.862960575670058, 9.188310621637925], [3.826070068778677, 9.182162284162132], [3.810251235006547, 9.173461912637208], [3.808626402886205, 9.172568206857306], [3.795327901161784, 9.16525363664607], [3.7707343102403, 9.146808623319373], [3.753826140264209, 9.120677947129593], [3.752545349188551, 9.092500135173168], [3.752289055895289, 9.086861608976108], [3.74627344036702, 9.060794301715703], [3.743066311361247, 9.04689693424615], [3.735949567718421, 9.036459005978372], [3.720384973188004, 9.016023610401362], [3.691454540194911, 8.996621755289823]]]}}, {"type": "Feature", "properties": {"name": "Oluyole", "state": "oy"}, "geometry": {"type": "Polygon", "coordinates": [[[3.909787461622102, 7.342370556256242], [3.875242106038399, 7.330070035803544], [3.868061967385927, 7.331730195092462], [3.871010179776022, 7.340181785361153], [3.855547123201234, 7.336330383840163], [3.842198409628963, 7.350075536556801], [3.846172380650899, 7.355505034230021], [3.841366489971563, 7.357352667991279], [3.835369258384617, 7.353447245993664], [3.84079999712219, 7.340971738155247], [3.838450931065665, 7.330286667195992], [3.831793864195504, 7.332997319171], [3.823894607849923, 7.331164919025866], [3.812976164618362, 7.340285774868676], [3.801880494689101, 7.338848971203106], [3.771498742073334, 7.317075380824235], [3.746965475876038, 7.308922943738935], [3.736757512349357, 7.301809134583948], [3.762294529868711, 7.300916194127126], [3.759795187997554, 7.281117915159712], [3.763602257438265, 7.230483054149659], [3.768932342253834, 7.223629950361953], [3.775023697785457, 7.210685727564339], [3.780353784399665, 7.202690599891298], [3.77768874064293, 7.192030906001548], [3.777307985675066, 7.180609224636044], [3.782638073188593, 7.172233581214869], [3.787206649867073, 7.163857935994997], [3.794440031082615, 7.139492033630518], [3.792917252229472, 7.132258890735272], [3.781495809184321, 7.121218202657985], [3.727434396280387, 7.096852302092088], [3.726991946021542, 7.0953352159475], [3.72572864226305, 7.091003566561369], [3.724769590844005, 7.087715147835866], [3.726004394187498, 7.085910469292799], [3.72760057300809, 7.083577632401841], [3.731213093009899, 7.080647467606582], [3.938920974123732, 7.083908081093114], [3.947818114614336, 7.086483384200847], [3.953388214094844, 7.088095663584056], [3.960240840342578, 7.092283725413665], [3.961345446135454, 7.098110037248489], [3.962708726626488, 7.10173022217208], [3.965570926057467, 7.10979652309112], [3.998963493770248, 7.126570828081299], [3.989285384712787, 7.14483198670689], [3.996523273330467, 7.176368729633225], [3.994928160206484, 7.181425772181683], [3.991478089242491, 7.184948293429045], [3.989023549797025, 7.21417540377189], [3.984718737080073, 7.226887948620003], [3.993138930217526, 7.236366483726272], [3.994470632813488, 7.241417308362145], [3.995169639867015, 7.242852716279856], [3.997218446574095, 7.256147064035815], [3.996063339351679, 7.266875536277041], [3.984192574327892, 7.269913617919201], [3.981023455168383, 7.271106709806872], [3.978897551380953, 7.271568663662947], [3.974006896900846, 7.276348785168352], [3.970695664173604, 7.288303734829526], [3.976047884902016, 7.298957475207374], [3.968747976338079, 7.312336557086496], [3.959393142979195, 7.311437867263805], [3.954138725321968, 7.307237952369633], [3.954227554957754, 7.316542688993934], [3.963228961947095, 7.32362621617699], [3.959766035174425, 7.336591284360338], [3.945258314919329, 7.332932588668086], [3.939072192427773, 7.326761709685229], [3.938818237371834, 7.329960617988206], [3.926614520843486, 7.337328831860134], [3.920651504863088, 7.339326521102123], [3.914611232622349, 7.336701892878125], [3.909787461622102, 7.342370556256242]]]}}, {"type": "Feature", "properties": {"name": "Saki East", "state": "oy"}, "geometry": {"type": "Polygon", "coordinates": [[[3.419186072279444, 8.862087567687126], [3.421283145600739, 8.857655839045776], [3.432562901356846, 8.838235367068592], [3.432762390771757, 8.834978731283456], [3.436578028053589, 8.816302804430904], [3.486319073566449, 8.718739702075652], [3.482585997645742, 8.698899805181895], [3.482568931211233, 8.694158993043118], [3.484011015695842, 8.687264285718243], [3.48436764904784, 8.680711246127146], [3.496298156934415, 8.661907881743389], [3.523056258639485, 8.608583999252232], [3.52639299164332, 8.605178490594938], [3.532136582937028, 8.585904091900375], [3.539435054384285, 8.576869642020426], [3.583552041093867, 8.55484529727272], [3.575626428317037, 8.520622829779825], [3.575362787562653, 8.519508174962368], [3.578711041781219, 8.512553239140743], [3.591262885873505, 8.498113672208262], [3.593552736069967, 8.492642106947699], [3.641763177728535, 8.469522432914005], [3.672614364761159, 8.457701252910567], [3.686049728911883, 8.431776070908995], [3.768237869582038, 8.514040142238798], [3.810453535702152, 8.546600335237315], [3.874208748135288, 8.554249425370756], [3.874278635350777, 8.555566756800431], [3.771394764257025, 8.657196427972849], [3.768188138871551, 8.666299983557451], [3.767215210913321, 8.66703876132982], [3.740620410803388, 8.685399491992996], [3.735658930215493, 8.695268141311715], [3.719219784565439, 8.705673078849543], [3.718989628268787, 8.708226636350219], [3.694360113028836, 8.753430655200646], [3.664163270018946, 8.768725220192835], [3.653999754585072, 8.790144420128911], [3.661446474775062, 8.839226171750454], [3.645941236398983, 8.84695620266666], [3.636060680955723, 8.86596354228368], [3.632435415761904, 8.873660039279457], [3.628357826652405, 8.886481680884913], [3.625102379771079, 8.890389794553414], [3.6212407151869, 8.894975485330406], [3.611419407080007, 8.895233978365468], [3.608008989923007, 8.897031355312834], [3.606955102296183, 8.903187807371467], [3.605133290768777, 8.909121983892476], [3.604980868272492, 8.914827898988392], [3.60875646413956, 8.919637038018948], [3.617265680266996, 8.928797750915521], [3.614602884815326, 8.93516155336306], [3.602784593434308, 8.945306707338716], [3.599984013751282, 8.956908512118162], [3.524797200430498, 8.928539274068271], [3.419186072279444, 8.862087567687126]]]}}, {"type": "Feature", "properties": {"name": "Oyo East", "state": "oy"}, "geometry": {"type": "Polygon", "coordinates": [[[4.078551137724901, 7.953840289897528], [4.058351663998167, 7.946479821886328], [4.042741033172206, 7.926498550667645], [4.035773220857493, 7.929119218277378], [4.0248042042507, 7.926833876382318], [4.020507507015907, 7.921936966218084], [4.018988579059737, 7.920743593741918], [4.031140997359216, 7.88094246971923], [3.990405084726945, 7.861181484737756], [3.983991374402478, 7.852464679001798], [3.979421430754485, 7.850985338302792], [3.956087761241236, 7.862643266173848], [3.951081028566648, 7.860457231915746], [3.942299479737244, 7.863655630303128], [3.929446819615066, 7.849376419686052], [3.919321534361359, 7.853101456567003], [3.916740385660319, 7.848209945032977], [3.919528356848218, 7.841558812789003], [3.923839103292039, 7.846054861842447], [3.934462046386386, 7.843175517736029], [3.936329331233708, 7.835451523069366], [3.940010249173724, 7.83377162905748], [3.938220242170473, 7.825426167783462], [3.93562322762989, 7.825244844673875], [3.937281352652349, 7.821199381146585], [3.933108141327693, 7.807455717707228], [3.934714557131144, 7.802170779757716], [3.93698447025713, 7.802165586172919], [3.938529233037741, 7.80193725280202], [3.938817820086399, 7.801579405365317], [3.93866098821411, 7.796364728749268], [3.948863963201404, 7.799567540109933], [3.957291657583994, 7.79694569978426], [3.966896124756374, 7.811135704848937], [3.961044931378524, 7.812032908991625], [3.955425543653973, 7.817416191404163], [3.961264716693393, 7.825971485195907], [3.967557116567718, 7.827556616744516], [3.972261377560585, 7.833596359284627], [3.986879295343272, 7.835144995445205], [3.992934236425924, 7.823734865871415], [3.999448663624946, 7.825680356663156], [4.004242838835978, 7.826456818727252], [4.01555604217765, 7.836120794938779], [4.019353414228704, 7.838435943064383], [4.04249436262478, 7.842522427368181], [4.051426001109121, 7.850833568714279], [4.059725647320818, 7.862618169692837], [4.089671501238854, 7.871167461409243], [4.087967735622556, 7.910546433770946], [4.081976399990936, 7.911113395167092], [4.08210823970353, 7.913151583578781], [4.082446221116243, 7.91929519331859], [4.078537140676531, 7.929121850592992], [4.079541351552166, 7.9339296145601], [4.087938636259082, 7.942172500060906], [4.08547043880975, 7.950081805431012], [4.078551137724901, 7.953840289897528]]]}}, {"type": "Feature", "properties": {"name": "Ogo Oluwa", "state": "oy"}, "geometry": {"type": "Polygon", "coordinates": [[[4.2918219093537, 8.055335317271101], [4.281260421431341, 8.065645577781254], [4.278299647310916, 8.072904961095105], [4.230028084128833, 8.080981515184817], [4.213909669995303, 8.095619729766781], [4.194033247136701, 8.082651507661012], [4.175931199265506, 8.095852674861078], [4.162647402355788, 8.072510992388459], [4.146610840018297, 8.059852738712948], [4.149160370354878, 8.054214190932214], [4.146040920751943, 8.04929087937063], [4.132462898943686, 8.043209767117105], [4.130172886869275, 8.039414402352861], [4.137781538087552, 8.027228139866793], [4.151394313296976, 8.043792676191117], [4.163486804372553, 8.036054011783278], [4.168014044612505, 8.027521570664021], [4.164318564849964, 8.024361495986284], [4.159465157591001, 8.021179062363899], [4.153332786678789, 8.018462271616613], [4.139016993439554, 8.022996407857988], [4.128934125609476, 8.016156015987406], [4.119949244562008, 8.001069723189232], [4.120232307974675, 7.997542500286215], [4.117505059011307, 7.98947668500108], [4.1148543387568, 7.984794300016972], [4.118919509128091, 7.979864930622114], [4.129549314948974, 7.956456050806139], [4.125901313994518, 7.953316497758237], [4.11801881291791, 7.950231312325229], [4.111467027881076, 7.944622836974418], [4.104256177380705, 7.935203149006156], [4.087938636259082, 7.942172500060906], [4.079541351552166, 7.9339296145601], [4.081976399990936, 7.911113395167092], [4.087967735622556, 7.910546433770946], [4.090156254707438, 7.860070779742728], [4.090223508707993, 7.860140759588433], [4.093563924435614, 7.863616561954814], [4.099078177815727, 7.863727093130876], [4.108989715802807, 7.856102942097152], [4.116613865037891, 7.849240780337766], [4.130718707002757, 7.848859787049605], [4.134055254746272, 7.849014982155722], [4.147110938618994, 7.849622249367371], [4.174176693000049, 7.86105871199004], [4.197049617346011, 7.865252017766466], [4.202767847758025, 7.868682860325805], [4.191331386933996, 7.910234449959944], [4.198193072052675, 7.916334151200147], [4.234026908814826, 7.931201458180794], [4.234408378743751, 7.942637443263436], [4.234789370233273, 7.95026159339784], [4.235551834349735, 7.95636129373878], [4.250800132819904, 7.965510367609454], [4.265286445613015, 7.970084666674097], [4.269759890206842, 7.970547563919013], [4.276341437407439, 7.971228599820051], [4.307110785234613, 7.944463729817301], [4.315987109117827, 7.943018913192361], [4.328186034957582, 7.935013293129032], [4.360207557432886, 7.88278770408931], [4.363257406704008, 7.872113704683784], [4.365925787844901, 7.858008861819542], [4.365925787844901, 7.851528168190441], [4.367285250713792, 7.849197864689756], [4.370429955977727, 7.848506382263793], [4.371104130051606, 7.848700920910801], [4.386129856207958, 7.868682860325805], [4.397185326441729, 7.896511077024627], [4.378326855200271, 7.917661190811373], [4.373435190781493, 7.922242509983903], [4.371107217424196, 7.92566598619635], [4.371934800550662, 7.929890315885416], [4.366884915706351, 7.940209595696331], [4.360458625665103, 7.943371806263883], [4.351390837916881, 7.943156719007447], [4.345282898886694, 7.940788683550977], [4.339752395656603, 7.942562334584125], [4.336984604356076, 7.946082435755841], [4.332738619891416, 7.955031991433316], [4.332231200809304, 7.962316356114968], [4.326250551821545, 7.968297005102727], [4.322173594935521, 7.977809427563102], [4.310623169323833, 7.997513771443437], [4.304045232001897, 8.01286151874416], [4.301705919092967, 8.017993160056335], [4.294315814823051, 8.034204483150404], [4.284803389664773, 8.04643535560723], [4.2918219093537, 8.055335317271101]]]}}, {"type": "Feature", "properties": {"name": "Atiba", "state": "oy"}, "geometry": {"type": "Polygon", "coordinates": [[[3.810058653284273, 8.13982198479681], [3.81153681767006, 8.136941420310336], [3.811940549416875, 8.135462780183218], [3.811667818315186, 8.130863803721638], [3.799843156136774, 8.04351561125651], [3.799318155308697, 8.033271282743556], [3.803492658059781, 8.023594610802718], [3.82130018695409, 8.017541266915998], [3.821527924074474, 8.017348808400811], [3.844125919375699, 7.998447690408625], [3.860173619816749, 7.99158524985944], [3.867024230683739, 7.985013532248786], [3.874269894839813, 7.973505265955282], [3.874643600022182, 7.973009443630986], [3.879970249427515, 7.96082346802865], [3.917729144384566, 7.968425653121471], [3.922396531374886, 7.967172940678722], [3.923992991683292, 7.966770514747509], [3.927538792781093, 7.960694187786601], [3.930818687732312, 7.95779938613282], [3.932244623990243, 7.954491012350388], [3.931613371859669, 7.948933738101573], [3.935109596930374, 7.938592861071754], [3.934604641091369, 7.936482080283838], [3.941881991960429, 7.932324236574289], [3.933473677967925, 7.909086253128123], [3.923670332919585, 7.905029762113884], [3.915860953020626, 7.906157442711844], [3.903306824650258, 7.888081364563391], [3.909033498796987, 7.884401645419644], [3.916819865044772, 7.886449881057217], [3.924450887798287, 7.881256413152983], [3.919366736086033, 7.877522409131927], [3.937070171151504, 7.863844487033475], [3.93747382825461, 7.858120533335978], [3.942299479737244, 7.863655630303128], [3.951081028566648, 7.860457231915746], [3.957084562602518, 7.863384414559107], [3.96327601087927, 7.874186515195561], [3.961997425840593, 7.885259829777397], [3.987684836086373, 7.905071809016817], [3.992653951019065, 7.905182711612895], [3.99809861306062, 7.904983503685798], [4.002756773906015, 7.907334396265412], [4.006760838941602, 7.911039310815568], [4.013323636176892, 7.917090851561625], [4.017950844156189, 7.917861790888992], [4.018988579059737, 7.920743593741918], [4.020507507015907, 7.921936966218084], [4.0248042042507, 7.926833876382318], [4.035773220857493, 7.929119218277378], [4.042741033172206, 7.926498550667645], [4.058351663998167, 7.946479821886328], [4.078551137724901, 7.953840289897528], [4.076071565650295, 7.963022532563855], [4.065058433699789, 7.972111503842882], [4.057047888049624, 7.97177554860275], [4.04489141830436, 7.979496990993368], [4.045159308355437, 7.98736485740227], [4.049642098703941, 8.019377086283555], [4.046977780700047, 8.035164840385107], [4.047152815749882, 8.036438736358662], [4.045738093138539, 8.039659635783607], [4.038819612235386, 8.042858926298436], [4.026676412886218, 8.038706271677142], [4.014699707725356, 8.0304205748497], [4.013937459446254, 8.030571562028001], [4.008337496178569, 8.033880749696891], [4.014034535865164, 8.05955792655709], [4.017752371874508, 8.061965739027698], [4.028466813792477, 8.063833790996682], [4.029597395603389, 8.064892534063233], [4.0331565642241, 8.07022327268595], [4.033411494145184, 8.070799085209671], [4.029181605746544, 8.080705647247896], [4.029526192679668, 8.08337033217515], [4.031552908440005, 8.089852030346947], [4.034340277981471, 8.092790984216606], [4.021398923121865, 8.116296596910445], [4.019212827709907, 8.11686190805068], [4.01296979881721, 8.12476612685532], [4.010461014963937, 8.125285130104714], [3.980873040858171, 8.139482236216281], [3.996628456238341, 8.168397274614563], [3.996584170023482, 8.16848571394462], [3.988548099814977, 8.188816138853781], [3.898732262084252, 8.187049141904424], [3.853136717985194, 8.22295374811705], [3.833416067597511, 8.1941493137399], [3.816896847211751, 8.174013700871626], [3.810058653284273, 8.13982198479681]]]}}, {"type": "Feature", "properties": {"name": "Ogbomosho South", "state": "oy"}, "geometry": {"type": "Polygon", "coordinates": [[[4.175931199265506, 8.095852674861078], [4.194033247136701, 8.082651507661012], [4.213909669995303, 8.095619729766781], [4.232204057671197, 8.080459358013002], [4.267300222827089, 8.076339709410092], [4.273666790689902, 8.07195325983514], [4.278299647310916, 8.072904961095105], [4.279848427363106, 8.080578629700028], [4.278549327889209, 8.085917828245215], [4.278525764752317, 8.093374088443454], [4.275833732340914, 8.099528281405128], [4.263602147621043, 8.110542337858647], [4.250197861342258, 8.115509645154077], [4.243888252041245, 8.126212503804084], [4.245689775762571, 8.127917345908827], [4.242075566833989, 8.130238152568722], [4.216365026924507, 8.119232871699694], [4.21023054260553, 8.119973171124968], [4.212038911066941, 8.124485047347093], [4.208126337660417, 8.131583799153077], [4.202656134872768, 8.127095633556678], [4.183796409077047, 8.126976188300489], [4.186032974442242, 8.110922903968913], [4.175931199265506, 8.095852674861078]]]}}, {"type": "Feature", "properties": {"name": "Afijio", "state": "oy"}, "geometry": {"type": "Polygon", "coordinates": [[[3.631390494375864, 7.710092894371599], [3.595237153671746, 7.694004671378536], [3.588673097385595, 7.681796155168456], [3.613009485799182, 7.606506454009718], [3.613315681573511, 7.605559172917538], [3.684855297034403, 7.644138529269753], [3.694976724196522, 7.651204344305086], [3.704161187289003, 7.645379378755365], [3.70385285472554, 7.642096058286484], [3.724538116141218, 7.628173367706779], [3.74251239103404, 7.622174717888981], [3.767121374751696, 7.60826501082164], [3.805711544552196, 7.626445765559708], [3.813988326400192, 7.628716253352479], [3.814046196874529, 7.628836768801875], [3.83009123622162, 7.650329357913563], [3.848485007976763, 7.659673747445538], [3.856317458184208, 7.664289015125973], [3.888987374767567, 7.676494086033301], [3.909487910938367, 7.676347031590296], [3.918701325006168, 7.675135347118612], [3.940691707756173, 7.672720930926289], [3.939879073160739, 7.648774011011824], [3.942190795768681, 7.638452113274468], [3.942528463317956, 7.638197529592389], [3.957686671302895, 7.636138869013621], [3.978339785552691, 7.643222493323435], [3.979933218743099, 7.643397102094639], [3.994505807097369, 7.644020515734269], [3.995740997149369, 7.64319594084003], [4.001834285324037, 7.636990917297055], [4.029271569427408, 7.666596620637563], [4.030758997729606, 7.665938977002213], [4.053684931714258, 7.65936238596538], [4.063088470556522, 7.651143905367007], [4.067389366725934, 7.651353969010529], [4.075807605636555, 7.653036076253954], [4.068733691306875, 7.665935514612386], [4.052928923830791, 7.674966810569913], [4.057183264795867, 7.679524897556007], [4.074169636219779, 7.681563377348027], [4.075528622448019, 7.688357829150561], [4.07824659310586, 7.708062172131577], [4.076208114213159, 7.718933580820135], [4.074849127984919, 7.7291259761829], [4.074169636219779, 7.735920428884754], [4.069413184870655, 7.740676401794531], [4.06193924040366, 7.748830317365275], [4.061783479623955, 7.750076281295378], [4.061259745940561, 7.754265783838889], [4.066016196390422, 7.754945278301989], [4.070833206287489, 7.759752273348795], [4.070667743621527, 7.800783157316914], [4.076208114213159, 7.824930189876397], [4.090434432103393, 7.848962986053039], [4.09114646763544, 7.850165842779461], [4.090156254707438, 7.860070779742728], [4.090102999553835, 7.86382399957796], [4.089671501238854, 7.871167461409243], [4.059725647320818, 7.862618169692837], [4.051426001109121, 7.850833568714279], [4.04249436262478, 7.842522427368181], [4.019353414228704, 7.838435943064383], [4.01555604217765, 7.836120794938779], [4.004242838835978, 7.826456818727252], [3.999448663624946, 7.825680356663156], [3.992934236425924, 7.823734865871415], [3.986879295343272, 7.835144995445205], [3.972261377560585, 7.833596359284627], [3.967557116567718, 7.827556616744516], [3.961264716693393, 7.825971485195907], [3.955425543653973, 7.817416191404163], [3.961044931378524, 7.812032908991625], [3.966896124756374, 7.811135704848937], [3.957291657583994, 7.79694569978426], [3.948863963201404, 7.799567540109933], [3.93866098821411, 7.796364728749268], [3.938817820086399, 7.801579405365317], [3.938529233037741, 7.80193725280202], [3.93698447025713, 7.802165586172919], [3.934714557131144, 7.802170779757716], [3.929545105622196, 7.78793988881489], [3.919395109696609, 7.787092014285065], [3.916317275322058, 7.782960461356254], [3.897427295433374, 7.776589145972366], [3.882157779258137, 7.788148211370924], [3.885803575074988, 7.791733272372653], [3.879796050747188, 7.797162966098028], [3.886541177433458, 7.802018046096009], [3.88623486384796, 7.812155788758673], [3.882355712845936, 7.814356342571216], [3.880799560151615, 7.82771880138165], [3.875095771952374, 7.838634448620951], [3.866966674072785, 7.848248730094895], [3.867374083147467, 7.856561417375588], [3.862287579708095, 7.858958041380561], [3.858076368429693, 7.860327940881803], [3.834602978444764, 7.842712899280912], [3.823126778378196, 7.842339902764365], [3.808111169594838, 7.847014201044601], [3.77453340629171, 7.847270704779248], [3.746851875313837, 7.860420749118305], [3.743884099071977, 7.850679632658967], [3.734391848405153, 7.838342745421414], [3.731765622985165, 7.826341972603984], [3.732936777710165, 7.801305697599901], [3.719861440952798, 7.767885276983975], [3.713674553138162, 7.76218564994781], [3.713024259661893, 7.759965598833389], [3.683849673323834, 7.696251863133], [3.631390494375864, 7.710092894371599]]]}}, {"type": "Feature", "properties": {"name": "Ogbomosho North", "state": "oy"}, "geometry": {"type": "Polygon", "coordinates": [[[4.279697975281408, 8.208174323786068], [4.239724706629943, 8.214436732169474], [4.204211461989416, 8.206013688181201], [4.204304054388672, 8.198698975877107], [4.197791799951631, 8.18802011473656], [4.197668344618478, 8.184872011833932], [4.198933759085776, 8.18249550206582], [4.200291765052953, 8.180335039130796], [4.194795864137859, 8.168764277149705], [4.19451823442904, 8.147775425295663], [4.188417747181347, 8.144932680898535], [4.187947188611929, 8.140871773313734], [4.200182972266418, 8.136803886090547], [4.198256101937602, 8.12662009274311], [4.205201926727568, 8.1279749978479], [4.20755342904755, 8.131641668728093], [4.210666908950714, 8.130225128586858], [4.210558567623821, 8.119866016903188], [4.22460941519239, 8.120665631114036], [4.227143310815165, 8.124597848412009], [4.234938859141096, 8.1252422774092], [4.242075566833989, 8.130238152568722], [4.245689775762571, 8.127917345908827], [4.243888252041245, 8.126212503804084], [4.250197861342258, 8.115509645154077], [4.263602147621043, 8.110542337858647], [4.275833732340914, 8.099528281405128], [4.278525764752317, 8.093374088443454], [4.278549327889209, 8.085917828245215], [4.279848427363106, 8.080578629700028], [4.278299647310916, 8.072904961095105], [4.281260421431341, 8.065645577781254], [4.2918219093537, 8.055335317271101], [4.302781459696632, 8.05709820701668], [4.317284963929978, 8.081191038335817], [4.318789793214421, 8.099022395667077], [4.326244506578746, 8.11839042188052], [4.327194825580762, 8.129279146115778], [4.326751655864257, 8.137150534269779], [4.32713126419651, 8.145568495289865], [4.308260203345753, 8.207417662994828], [4.279697975281408, 8.208174323786068]]]}}, {"type": "Feature", "properties": {"name": "Ibadan North", "state": "oy"}, "geometry": {"type": "Polygon", "coordinates": [[[3.936608622889707, 7.423113963038986], [3.932353326844634, 7.436539500297727], [3.921704779152265, 7.443980543067653], [3.920919079252144, 7.451486290260164], [3.911888149318656, 7.451107305158075], [3.910686489589864, 7.451532508218747], [3.909355421015903, 7.451846787998932], [3.907132349978042, 7.454417454202201], [3.907257751444149, 7.45621993570154], [3.907553808261696, 7.457392734387213], [3.905867546150375, 7.464584429327999], [3.881042521894926, 7.453092579259192], [3.876617968044854, 7.445159375304968], [3.879979848791038, 7.434599007937891], [3.865097581588145, 7.430802197963089], [3.865073558897677, 7.428519339995603], [3.865282244779848, 7.425445108305155], [3.876171690271349, 7.4244697117079], [3.880019533174959, 7.414881230884134], [3.887376448864075, 7.409972739250577], [3.882358417107298, 7.398577576194214], [3.885718079226024, 7.399487685608278], [3.886159962912018, 7.398489288849646], [3.886781884576351, 7.396080284777383], [3.889728746184744, 7.400005733777618], [3.893362314819001, 7.385108646646756], [3.897831835670729, 7.384918384276034], [3.898879044032697, 7.379420504852476], [3.920016025019606, 7.396376955831897], [3.933737053422306, 7.416361678648627], [3.940188823955111, 7.419529316624732], [3.936608622889707, 7.423113963038986]]]}}, {"type": "Feature", "properties": {"name": "Akinyele", "state": "oy"}, "geometry": {"type": "Polygon", "coordinates": [[[4.063088470556522, 7.651143905367007], [4.053684931714258, 7.65936238596538], [4.030758997729606, 7.665938977002213], [4.029271569427408, 7.666596620637563], [4.001834285324037, 7.636990917297055], [3.995740997149369, 7.64319594084003], [3.994505807097369, 7.644020515734269], [3.979933218743099, 7.643397102094639], [3.978339785552691, 7.643222493323435], [3.957686671302895, 7.636138869013621], [3.942528463317956, 7.638197529592389], [3.942190795768681, 7.638452113274468], [3.939879073160739, 7.648774011011824], [3.940691707756173, 7.672720930926289], [3.918701325006168, 7.675135347118612], [3.909487910938367, 7.676347031590296], [3.888987374767567, 7.676494086033301], [3.856317458184208, 7.664289015125973], [3.848485007976763, 7.659673747445538], [3.83009123622162, 7.650329357913563], [3.814046196874529, 7.628836768801875], [3.813988326400192, 7.628716253352479], [3.805711544552196, 7.626445765559708], [3.767121374751696, 7.60826501082164], [3.770512859381029, 7.5989523349823], [3.793709945257831, 7.55727192555895], [3.808304061583215, 7.553936634168394], [3.815127586668837, 7.551221518858085], [3.820563063034967, 7.53543621540905], [3.826711193666711, 7.532758521788423], [3.834405138386501, 7.525777357239292], [3.843797154215338, 7.512447738072694], [3.847405858393699, 7.508677848404034], [3.862549270732302, 7.505869446417876], [3.886691332738849, 7.492276717996162], [3.889502833788811, 7.486203401066177], [3.890766687033022, 7.481449574838052], [3.88673311344246, 7.480395042397333], [3.884828042680056, 7.480189595873185], [3.884470142183375, 7.479882460307351], [3.883145000141667, 7.471153952592886], [3.883029376104844, 7.470681489259391], [3.882933193612018, 7.464132259196447], [3.885818751134479, 7.454220028731413], [3.905867546150375, 7.464584429327999], [3.907553808261696, 7.457392734387213], [3.907257751444149, 7.45621993570154], [3.907132349978042, 7.454417454202201], [3.909355421015903, 7.451846787998932], [3.910686489589864, 7.451532508218747], [3.911888149318656, 7.451107305158075], [3.920919079252144, 7.451486290260164], [3.921704779152265, 7.443980543067653], [3.932353326844634, 7.436539500297727], [3.936608622889707, 7.423113963038986], [3.939390567720579, 7.428729670737766], [3.936505986861846, 7.432782447551972], [3.938002506410612, 7.440779900871803], [3.929486627206131, 7.448514681107667], [3.934458144228017, 7.462847767410608], [3.947424788922945, 7.480407977346317], [3.948078935994147, 7.496790722913602], [3.961024684941322, 7.493936099371524], [3.968707276619568, 7.496774368742194], [3.981367995336768, 7.492292133275384], [3.981607923666786, 7.499789933158922], [3.976734355406222, 7.508022516925678], [3.963518145246269, 7.510547130645591], [3.962889492156364, 7.512243886046576], [3.962208509315303, 7.51360570873652], [3.962007048586486, 7.51506141165487], [3.965792565774336, 7.520063983166324], [3.969561459893498, 7.522378303915616], [3.985508029771779, 7.519952765807545], [3.987732900353137, 7.513630828599901], [3.991142722158941, 7.513111319931511], [3.994878579682734, 7.512836330632183], [3.998885384952587, 7.513505132156183], [4.008827403661826, 7.519202393076], [4.014775275058923, 7.531307317278902], [3.991343816863719, 7.537785032353383], [3.981948042768011, 7.55638301586356], [3.981291311045197, 7.557338628275147], [3.976818608392136, 7.560668316889348], [3.98602029799838, 7.594890698047323], [4.008986755434478, 7.616241671815771], [4.023641227061034, 7.616847677278543], [4.027089016445018, 7.619452540202644], [4.044661467053118, 7.630213639847625], [4.055827717575141, 7.641663933144059], [4.063088470556522, 7.651143905367007]]]}}, {"type": "Feature", "properties": {"name": "Ido", "state": "oy"}, "geometry": {"type": "Polygon", "coordinates": [[[3.545752523760029, 7.440804480242605], [3.707092998742951, 7.447305200874382], [3.706728929796327, 7.411478201657701], [3.702196476186487, 7.409620929862058], [3.701067496967482, 7.407558594653494], [3.69352116606899, 7.400063395609266], [3.693458774702719, 7.38797476082658], [3.719827180380094, 7.387421748814688], [3.714346646180843, 7.30479431090879], [3.715093838909581, 7.30326920371084], [3.715483187798952, 7.302474497999754], [3.718372106087884, 7.301308153748323], [3.736349581667923, 7.300678728140838], [3.746965475876038, 7.308922943738935], [3.771498742073334, 7.317075380824235], [3.801880494689101, 7.338848971203106], [3.812976164618362, 7.340285774868676], [3.823894607849923, 7.331164919025866], [3.831793864195504, 7.332997319171], [3.838450931065665, 7.330286667195992], [3.84079999712219, 7.340971738155247], [3.835369258384617, 7.353447245993664], [3.840716129945463, 7.355354017374054], [3.842496310956051, 7.361382896103805], [3.838763469758362, 7.377309581072382], [3.847339424574841, 7.377474139020364], [3.850666155318834, 7.381037675648258], [3.852887819817056, 7.378997983570116], [3.854432225566825, 7.382679397935931], [3.845414780068097, 7.390294061122063], [3.849562179051361, 7.395881425787195], [3.849225760660374, 7.400295676104633], [3.848658637386279, 7.403934297130149], [3.849125931416665, 7.406717370610238], [3.835901551815198, 7.411205549696433], [3.824318601322432, 7.409414104677239], [3.823969680556388, 7.428359713929694], [3.815982842833989, 7.436465275651983], [3.833387797408989, 7.440170271141142], [3.83468873869441, 7.43946947083947], [3.836738194711984, 7.437010333160401], [3.839933104629097, 7.43666833537543], [3.841091027628863, 7.43777912580606], [3.852458290118022, 7.440544045571301], [3.855333798615959, 7.434489196219488], [3.856903862023671, 7.428654571051652], [3.8592178293394, 7.423197456997116], [3.865282244779848, 7.425445108305155], [3.865073558897677, 7.428519339995603], [3.865097581588145, 7.430802197963089], [3.865840550201256, 7.432011590062871], [3.879979848791038, 7.434599007937891], [3.876617968044854, 7.445159375304968], [3.881042521894926, 7.453092579259192], [3.885818751134479, 7.454220028731413], [3.882933193612018, 7.464132259196447], [3.883029376104844, 7.470681489259391], [3.883145000141667, 7.471153952592886], [3.884470142183375, 7.479882460307351], [3.884828042680056, 7.480189595873185], [3.88673311344246, 7.480395042397333], [3.890766687033022, 7.481449574838052], [3.889502833788811, 7.486203401066177], [3.886691332738849, 7.492276717996162], [3.881039422831122, 7.496050145597792], [3.862549270732302, 7.505869446417876], [3.847405858393699, 7.508677848404034], [3.843797154215338, 7.512447738072694], [3.834405138386501, 7.525777357239292], [3.826711193666711, 7.532758521788423], [3.820563063034967, 7.53543621540905], [3.815127586668837, 7.551221518858085], [3.808304061583215, 7.553936634168394], [3.793709945257831, 7.55727192555895], [3.770512859381029, 7.5989523349823], [3.767121374751696, 7.60826501082164], [3.74251239103404, 7.622174717888981], [3.724538116141218, 7.628173367706779], [3.70385285472554, 7.642096058286484], [3.704161187289003, 7.645379378755365], [3.694976724196522, 7.651204344305086], [3.684855297034403, 7.644138529269753], [3.613315681573511, 7.605559172917538], [3.609812207967082, 7.601403222280908], [3.608596490935383, 7.599961092830199], [3.608602017269334, 7.596194113367687], [3.610986576869095, 7.58272766774769], [3.580707805620762, 7.517849443996681], [3.57803630742967, 7.513451098189705], [3.575663326601273, 7.505145547928748], [3.576849936175677, 7.500399588969913], [3.577796756814905, 7.498506051113395], [3.573924963166576, 7.498157079085956], [3.571103926604962, 7.497941577242045], [3.568109525034629, 7.49595359708087], [3.566689065647893, 7.492113407407885], [3.563607750897006, 7.48817698308136], [3.547624622678256, 7.479159803781954], [3.546544258111055, 7.455314287824194], [3.54326427772429, 7.451779218336299], [3.541032976091003, 7.450498319341989], [3.540554729217433, 7.45022377790508], [3.545752523760029, 7.440804480242605]]]}}, {"type": "Feature", "properties": {"name": "Ibadan North West", "state": "oy"}, "geometry": {"type": "Polygon", "coordinates": [[[3.865282244779848, 7.425445108305155], [3.8592178293394, 7.423197456997116], [3.856903862023671, 7.428654571051652], [3.855333798615959, 7.434489196219488], [3.852458290118022, 7.440544045571301], [3.841091027628863, 7.43777912580606], [3.839933104629097, 7.43666833537543], [3.836738194711984, 7.437010333160401], [3.83468873869441, 7.43946947083947], [3.833387797408989, 7.440170271141142], [3.815982842833989, 7.436465275651983], [3.823969680556388, 7.428359713929694], [3.824318601322432, 7.409414104677239], [3.835901551815198, 7.411205549696433], [3.849125931416665, 7.406717370610238], [3.848658637386279, 7.403934297130149], [3.849225760660374, 7.400295676104633], [3.849562179051361, 7.395881425787195], [3.845414780068097, 7.390294061122063], [3.854137902642151, 7.38364781579412], [3.867547002991842, 7.388024988862185], [3.872359383179059, 7.383239785287913], [3.877463953998301, 7.388708042841927], [3.891598749682601, 7.377265675270735], [3.898879044032697, 7.379420504852476], [3.897831835670729, 7.384918384276034], [3.893362314819001, 7.385108646646756], [3.889728746184744, 7.400005733777618], [3.886781884576351, 7.396080284777383], [3.886159962912018, 7.398489288849646], [3.885718079226024, 7.399487685608278], [3.882358417107298, 7.398577576194214], [3.887551127782388, 7.409547686376698], [3.880019533174959, 7.414881230884134], [3.879471756116686, 7.421269379778096], [3.875702980708013, 7.424631568991742], [3.865282244779848, 7.425445108305155]]]}}, {"type": "Feature", "properties": {"name": "Ibadan South West", "state": "oy"}, "geometry": {"type": "Polygon", "coordinates": [[[3.871010179776022, 7.340181785361153], [3.893168756432999, 7.363273783658258], [3.895745231357409, 7.374138224399587], [3.891272613240574, 7.374453801901495], [3.885357222657774, 7.38465919066914], [3.877463953998301, 7.388708042841927], [3.872359383179059, 7.383239785287913], [3.867547002991842, 7.388024988862185], [3.85428348219699, 7.383837702248229], [3.852887819817056, 7.378997983570116], [3.850666155318834, 7.381037675648258], [3.847339424574841, 7.377474139020364], [3.838852082657525, 7.377493138097918], [3.841366489971563, 7.357352667991279], [3.846172380650899, 7.355505034230021], [3.842198409628963, 7.350075536556801], [3.855547123201234, 7.336330383840163], [3.871010179776022, 7.340181785361153]]]}}, {"type": "Feature", "properties": {"name": "Ibadan South East", "state": "oy"}, "geometry": {"type": "Polygon", "coordinates": [[[3.898879044032697, 7.379420504852476], [3.8913188240046, 7.376914375797867], [3.891272613240574, 7.374453801901495], [3.895745231357409, 7.374138224399587], [3.895168089635661, 7.366188687857687], [3.871728366670823, 7.341374933906138], [3.868061967385927, 7.331730195092462], [3.875242106038399, 7.330070035803544], [3.918485280871039, 7.34577851556611], [3.9260974394453, 7.364146954318528], [3.916966407773543, 7.371126693442193], [3.905062534208639, 7.371348707277093], [3.898879044032697, 7.379420504852476]]]}}]}