{"type": "FeatureCollection", "features": [{"type": "Feature", "geometry": {"type": "Polygon", "coordinates": [[[8.86589, 9.94661], [8.86089, 9.95737], [8.87213, 9.96024], [8.87374, 9.96009], [8.87449, 9.95985], [8.8745, 9.95656], [8.87866, 9.95647], [8.87867, 9.95683], [8.8788, 9.95909], [8.88312, 9.95856], [8.88889, 9.95975], [8.89228, 9.95768], [8.89135, 9.94813], [8.89426, 9.93731], [8.89397, 9.93684], [8.89356, 9.93641], [8.88936, 9.94094], [8.88093, 9.94469], [8.88038, 9.95219], [8.87799, 9.95109], [8.87538, 9.95321], [8.87467, 9.95603], [8.87095, 9.95364], [8.86974, 9.94911], [8.86798, 9.94965], [8.86792, 9.94909], [8.86771, 9.94899], [8.8677, 9.94763], [8.86589, 9.94661]]]}, "properties": {"name": "Angwan Rogo / Rimi", "lga": "Jos North", "state": "pl"}}, {"type": "Feature", "geometry": {"type": "Polygon", "coordinates": [[[8.86692, 9.85979], [8.86605, 9.85592], [8.86024, 9.85526], [8.85604, 9.85261], [8.85606, 9.85404], [8.85567, 9.85499], [8.85558, 9.85534], [8.85488, 9.85521], [8.85417, 9.85507], [8.85536, 9.86252], [8.85064, 9.86773], [8.85192, 9.8685], [8.85337, 9.86897], [8.85304, 9.87004], [8.85205, 9.87007], [8.85115, 9.86988], [8.84967, 9.87015], [8.84345, 9.87311], [8.83355, 9.87251], [8.83229, 9.87672], [8.83211, 9.88058], [8.83099, 9.88211], [8.83741, 9.88429], [8.83741, 9.88275], [8.83725, 9.88096], [8.84088, 9.88058], [8.84102, 9.88157], [8.84264, 9.88107], [8.84903, 9.88025], [8.84922, 9.8801], [8.84944, 9.87888], [8.85084, 9.87898], [8.85092, 9.87744], [8.85088, 9.87633], [8.84993, 9.87196], [8.85438, 9.87185], [8.8551, 9.87187], [8.85703, 9.87293], [8.85791, 9.87347], [8.8597, 9.87422], [8.86072, 9.87449], [8.86157, 9.87388], [8.86616, 9.87917], [8.87359, 9.87779], [8.86941, 9.86405], [8.86688, 9.85982], [8.86692, 9.85979]]]}, "properties": {"name": "Dashonong", "lga": "Jos South", "state": "pl"}}, {"type": "Feature", "geometry": {"type": "Polygon", "coordinates": [[[8.88288, 9.92168], [8.8857, 9.92364], [8.88581, 9.9248], [8.88584, 9.92528], [8.88846, 9.92462], [8.8907, 9.92125], [8.89067, 9.91572], [8.88923, 9.91535], [8.88892, 9.91621], [8.8878, 9.91655], [8.88754, 9.91544], [8.88674, 9.91492], [8.88636, 9.91381], [8.88413, 9.91404], [8.88411, 9.92023], [8.88339, 9.92089], [8.88288, 9.92168]]]}, "properties": {"name": "Vandapuye", "lga": "Jos North", "state": "pl"}}, {"type": "Feature", "geometry": {"type": "Polygon", "coordinates": [[[8.88805, 9.92477], [8.88692, 9.92504], [8.88612, 9.92517], [8.88584, 9.92528], [8.88581, 9.9248], [8.8857, 9.92364], [8.88288, 9.92168], [8.88115, 9.92326], [8.88164, 9.92545], [8.87733, 9.93322], [8.88005, 9.933], [8.87986, 9.93193], [8.88488, 9.92953], [8.88516, 9.9287], [8.88553, 9.92743], [8.88591, 9.92643], [8.88805, 9.92477]]]}, "properties": {"name": "Tafawa Balewa", "lga": "Jos North", "state": "pl"}}, {"type": "Feature", "geometry": {"type": "Polygon", "coordinates": [[[8.88887, 9.93343], [8.88997, 9.93971], [8.89159, 9.93936], [8.89356, 9.93641], [8.8918, 9.92702], [8.89076, 9.92718], [8.88981, 9.92731], [8.88859, 9.92749], [8.88887, 9.93343]]]}, "properties": {"name": "Abba Nashehu", "lga": "Jos North", "state": "pl"}}, {"type": "Feature", "geometry": {"type": "Polygon", "coordinates": [[[8.85857, 9.85396], [8.86354, 9.85618], [8.86605, 9.85592], [8.86692, 9.85979], [8.87165, 9.86054], [8.87232, 9.86105], [8.87255, 9.86181], [8.87639, 9.86184], [8.88134, 9.85912], [8.88438, 9.85964], [8.88437, 9.85933], [8.88518, 9.85712], [8.88258, 9.85371], [8.88191, 9.83748], [8.88031, 9.83607], [8.88489, 9.82739], [8.88227, 9.82625], [8.88169, 9.82572], [8.88087, 9.82322], [8.88053, 9.82251], [8.87508, 9.81702], [8.87216, 9.81799], [8.87356, 9.82267], [8.87316, 9.82359], [8.87272, 9.82464], [8.8743, 9.82771], [8.87069, 9.83253], [8.86894, 9.83318], [8.86717, 9.83354], [8.8666, 9.83561], [8.86607, 9.83717], [8.86688, 9.84692], [8.86583, 9.84851], [8.8655, 9.84953], [8.86437, 9.85061], [8.85846, 9.85178], [8.85857, 9.85396]]]}, "properties": {"name": "Zawan B", "lga": "Jos South", "state": "pl"}}, {"type": "Feature", "geometry": {"type": "Polygon", "coordinates": [[[8.85562, 9.77687], [8.85102, 9.78339], [8.85136, 9.78784], [8.84595, 9.79278], [8.84967, 9.79416], [8.8507, 9.79728], [8.85062, 9.7998], [8.85067, 9.80008], [8.85231, 9.80148], [8.8524, 9.80358], [8.85035, 9.804], [8.85067, 9.80797], [8.85165, 9.81019], [8.85727, 9.81227], [8.86162, 9.80882], [8.86291, 9.81138], [8.86461, 9.81143], [8.86527, 9.81063], [8.86414, 9.80774], [8.85932, 9.79967], [8.85858, 9.7866], [8.85866, 9.78561], [8.85893, 9.78474], [8.86002, 9.7828], [8.85668, 9.7822], [8.85562, 9.77687]]]}, "properties": {"name": "Gyel A", "lga": "Jos South", "state": "pl"}}, {"type": "Feature", "geometry": {"type": "Polygon", "coordinates": [[[8.8946, 9.93615], [8.89398, 9.936], [8.89356, 9.93641], [8.89417, 9.9385], [8.89135, 9.94813], [8.89228, 9.95768], [8.90126, 9.95519], [8.90269, 9.95435], [8.90464, 9.95243], [8.9058, 9.95062], [8.90625, 9.94983], [8.90676, 9.94855], [8.90708, 9.94701], [8.90721, 9.94409], [8.9074, 9.94089], [8.90969, 9.939], [8.92146, 9.93957], [8.93297, 9.93345], [8.93185, 9.92181], [8.91722, 9.92499], [8.91615, 9.92545], [8.91664, 9.92833], [8.91238, 9.92834], [8.91269, 9.92699], [8.91264, 9.9269], [8.91173, 9.9267], [8.91141, 9.9267], [8.91066, 9.92668], [8.90972, 9.92868], [8.90895, 9.92874], [8.90574, 9.92841], [8.90539, 9.92674], [8.90465, 9.9266], [8.90298, 9.92643], [8.9035, 9.92948], [8.89932, 9.92774], [8.89802, 9.92816], [8.89609, 9.9285], [8.89716, 9.9318], [8.8946, 9.93615]]]}, "properties": {"name": "Naraguta B", "lga": "Jos North", "state": "pl"}}, {"type": "Feature", "geometry": {"type": "Polygon", "coordinates": [[[8.88859, 9.92749], [8.88981, 9.92731], [8.89076, 9.92718], [8.8918, 9.92702], [8.89295, 9.93541], [8.89356, 9.93641], [8.89398, 9.936], [8.8946, 9.93615], [8.89412, 9.93014], [8.89635, 9.92397], [8.88829, 9.92495], [8.88826, 9.92512], [8.88835, 9.92584], [8.88859, 9.92749]]]}, "properties": {"name": "Ibrahim Katsina", "lga": "Jos North", "state": "pl"}}, {"type": "Feature", "geometry": {"type": "Polygon", "coordinates": [[[8.88488, 9.92953], [8.87408, 9.93548], [8.87108, 9.94118], [8.8678, 9.94073], [8.86755, 9.94153], [8.86698, 9.9438], [8.86589, 9.94661], [8.8677, 9.94763], [8.86771, 9.94899], [8.86792, 9.94909], [8.86798, 9.94965], [8.86974, 9.94911], [8.87095, 9.95364], [8.87381, 9.95603], [8.87799, 9.95109], [8.88038, 9.95219], [8.88186, 9.93878], [8.88075, 9.93862], [8.88048, 9.93855], [8.88488, 9.92953]]]}, "properties": {"name": "Jenta Apata", "lga": "Jos North", "state": "pl"}}, {"type": "Feature", "geometry": {"type": "Polygon", "coordinates": [[[8.88805, 9.92477], [8.88591, 9.92643], [8.88303, 9.93367], [8.88302, 9.9338], [8.88308, 9.93394], [8.88521, 9.93519], [8.88624, 9.93347], [8.88669, 9.93274], [8.88788, 9.9332], [8.88887, 9.93343], [8.88904, 9.93337], [8.88805, 9.92477]]]}, "properties": {"name": "Sarki Arab", "lga": "Jos North", "state": "pl"}}, {"type": "Feature", "geometry": {"type": "Polygon", "coordinates": [[[9.80448, 8.94753], [9.80709, 8.94271], [9.80604, 8.94123], [9.80465, 8.94138], [9.8016, 8.94041], [9.80043, 8.94159], [9.80276, 8.94347], [9.8016, 8.94447], [9.80179, 8.94559], [9.80248, 8.94548], [9.80313, 8.94716], [9.80448, 8.94753]]]}, "properties": {"name": "Pal", "lga": "Mikang", "state": "pl"}}, {"type": "Feature", "geometry": {"type": "Polygon", "coordinates": [[[8.87883, 9.89124], [8.87968, 9.89247], [8.87567, 9.89696], [8.87417, 9.90331], [8.87493, 9.90451], [8.87306, 9.90657], [8.87389, 9.91238], [8.86748, 9.91239], [8.86795, 9.92002], [8.87254, 9.92407], [8.87325, 9.92934], [8.87448, 9.92938], [8.87544, 9.92919], [8.87554, 9.92871], [8.87651, 9.92727], [8.87986, 9.92784], [8.88164, 9.92545], [8.88115, 9.92326], [8.88411, 9.92023], [8.88413, 9.91404], [8.88636, 9.91381], [8.88674, 9.91492], [8.88754, 9.91544], [8.8878, 9.91655], [8.88892, 9.91621], [8.88923, 9.91535], [8.89067, 9.91572], [8.89484, 9.90788], [8.88869, 9.89424], [8.88631, 9.89292], [8.88315, 9.89157], [8.88265, 9.89149], [8.87973, 9.89103], [8.87883, 9.89124]]]}, "properties": {"name": "Jenta Adamu", "lga": "Jos North", "state": "pl"}}, {"type": "Feature", "geometry": {"type": "Polygon", "coordinates": [[[8.89106, 9.93941], [8.89076, 9.9395], [8.89059, 9.93951], [8.88997, 9.93971], [8.88887, 9.93343], [8.88788, 9.9332], [8.88669, 9.93274], [8.88624, 9.93347], [8.88521, 9.93519], [8.88308, 9.93394], [8.88048, 9.93855], [8.88075, 9.93862], [8.88186, 9.93878], [8.88093, 9.94469], [8.89106, 9.93941]]]}, "properties": {"name": "Ali Kazaure", "lga": "Jos North", "state": "pl"}}, {"type": "Feature", "geometry": {"type": "Polygon", "coordinates": [[[8.87349, 9.87649], [8.87347, 9.87664], [8.87359, 9.87779], [8.86616, 9.87917], [8.86528, 9.87879], [8.86468, 9.87803], [8.86298, 9.8757], [8.86055, 9.8871], [8.86475, 9.88802], [8.86457, 9.89028], [8.86457, 9.89186], [8.86889, 9.89148], [8.8731, 9.89479], [8.87883, 9.89124], [8.87973, 9.89103], [8.88265, 9.89149], [8.88289, 9.88993], [8.88168, 9.88957], [8.88071, 9.88873], [8.87989, 9.88306], [8.87905, 9.88177], [8.87701, 9.88053], [8.87507, 9.87604], [8.87349, 9.87649]]]}, "properties": {"name": "Howlshe", "lga": "Jos South", "state": "pl"}}, {"type": "Feature", "geometry": {"type": "Polygon", "coordinates": [[[8.8946, 9.93615], [8.89716, 9.9318], [8.89609, 9.9285], [8.89802, 9.92816], [8.89932, 9.92774], [8.9035, 9.92948], [8.90303, 9.92573], [8.90435, 9.92273], [8.90364, 9.92112], [8.90303, 9.91959], [8.89684, 9.92027], [8.89612, 9.92663], [8.89412, 9.93014], [8.8946, 9.93615]]]}, "properties": {"name": "Naraguta A", "lga": "Jos North", "state": "pl"}}, {"type": "Feature", "geometry": {"type": "Polygon", "coordinates": [[[8.89718, 9.91553], [8.89586, 9.91881], [8.89047, 9.91962], [8.8907, 9.92125], [8.88829, 9.92495], [8.89635, 9.92397], [8.89684, 9.92027], [8.90017, 9.92008], [8.89718, 9.91553]]]}, "properties": {"name": "Garba Daho", "lga": "Jos North", "state": "pl"}}, {"type": "Feature", "geometry": {"type": "Polygon", "coordinates": [[[8.89067, 9.91572], [8.89047, 9.91962], [8.89586, 9.91881], [8.89718, 9.91553], [8.89699, 9.91063], [8.89894, 9.90944], [8.89622, 9.90575], [8.89751, 9.90183], [8.89369, 9.89889], [8.89118, 9.89989], [8.89484, 9.90788], [8.89067, 9.91572]]]}, "properties": {"name": "Gangare", "lga": "Jos North", "state": "pl"}}, {"type": "Feature", "geometry": {"type": "Polygon", "coordinates": [[[9.77423, 8.79886], [9.77397, 8.80464], [9.77396, 8.80472], [9.7823, 8.80853], [9.79388, 8.81392], [9.80301, 8.81753], [9.81926, 8.82015], [9.83263, 8.8208], [9.83612, 8.81641], [9.82233, 8.771], [9.82319, 8.76775], [9.81357, 8.7497], [9.80214, 8.74225], [9.77963, 8.7564], [9.7677, 8.77347], [9.77311, 8.78143], [9.7724, 8.79684], [9.77423, 8.79886]]]}, "properties": {"name": "Talgwang", "lga": "Langtang South", "state": "pl"}}, {"type": "Feature", "geometry": {"type": "Polygon", "coordinates": [[[9.29284, 9.6135], [9.2794, 9.60329], [9.27112, 9.60221], [9.26635, 9.6047], [9.2614, 9.6061], [9.25305, 9.60268], [9.24972, 9.59827], [9.24612, 9.59467], [9.24427, 9.59181], [9.23536, 9.57737], [9.24488, 9.57293], [9.24644, 9.57071], [9.24413, 9.56073], [9.22292, 9.54764], [9.21963, 9.54738], [9.21049, 9.53938], [9.2018, 9.54045], [9.20077, 9.54191], [9.19635, 9.54564], [9.18659, 9.56108], [9.1934, 9.57162], [9.20018, 9.57034], [9.20505, 9.57362], [9.2059, 9.57392], [9.21903, 9.57132], [9.22313, 9.5767], [9.22655, 9.57815], [9.22901, 9.57869], [9.22877, 9.58958], [9.22812, 9.59131], [9.22584, 9.59359], [9.22353, 9.59315], [9.22102, 9.59623], [9.22449, 9.60195], [9.22397, 9.61125], [9.22254, 9.6137], [9.22727, 9.62074], [9.2461, 9.6203], [9.25725, 9.62833], [9.2506, 9.63739], [9.26322, 9.65621], [9.26712, 9.66673], [9.25902, 9.67557], [9.26001, 9.68075], [9.26715, 9.68039], [9.27707, 9.69137], [9.28068, 9.69531], [9.28316, 9.69681], [9.28463, 9.69805], [9.28783, 9.69232], [9.2882, 9.69083], [9.2902, 9.68277], [9.29056, 9.67506], [9.29449, 9.67331], [9.29393, 9.67132], [9.29159, 9.66303], [9.29118, 9.66158], [9.29136, 9.65772], [9.28778, 9.65177], [9.28429, 9.6439], [9.28441, 9.64128], [9.28447, 9.64004], [9.28458, 9.63611], [9.29729, 9.62485], [9.28976, 9.61436], [9.29284, 9.6135]]]}, "properties": {"name": "Gindiri 2", "lga": "Mangu", "state": "pl"}}, {"type": "Feature", "geometry": {"type": "MultiPolygon", "coordinates": [[[[9.22655, 9.57815], [9.22353, 9.59315], [9.22584, 9.59359], [9.22812, 9.59131], [9.22877, 9.58958], [9.22901, 9.57869], [9.22655, 9.57815]]], [[[9.24488, 9.57293], [9.23536, 9.57737], [9.24427, 9.59181], [9.24612, 9.59467], [9.24972, 9.59827], [9.25305, 9.60268], [9.2614, 9.6061], [9.26635, 9.6047], [9.27112, 9.60221], [9.26654, 9.58665], [9.26238, 9.58811], [9.25846, 9.58574], [9.24879, 9.58307], [9.24488, 9.57293]]], [[[9.18299, 9.52551], [9.16567, 9.51561], [9.1496, 9.53758], [9.15519, 9.5454], [9.1503, 9.56105], [9.15556, 9.56512], [9.15831, 9.56915], [9.16996, 9.57718], [9.1665, 9.58277], [9.16758, 9.60234], [9.18584, 9.61451], [9.1965, 9.61526], [9.19851, 9.61481], [9.20398, 9.61159], [9.22254, 9.6137], [9.22397, 9.61125], [9.22449, 9.60195], [9.22102, 9.59623], [9.2171, 9.59462], [9.20645, 9.60061], [9.20478, 9.59351], [9.19993, 9.58876], [9.20144, 9.58664], [9.20533, 9.57858], [9.2059, 9.57392], [9.20505, 9.57362], [9.20018, 9.57034], [9.1934, 9.57162], [9.19024, 9.57568], [9.18999, 9.58023], [9.18781, 9.58405], [9.1841, 9.58556], [9.17491, 9.57825], [9.17467, 9.57496], [9.17658, 9.56967], [9.1776, 9.56489], [9.18659, 9.56108], [9.19635, 9.54564], [9.20077, 9.54191], [9.2018, 9.54045], [9.18299, 9.52551]]], [[[9.2506, 9.63739], [9.25725, 9.62833], [9.2461, 9.6203], [9.22727, 9.62074], [9.22672, 9.62397], [9.22972, 9.6294], [9.23561, 9.63701], [9.24929, 9.63851], [9.2506, 9.63739]]]]}, "properties": {"name": "Gindiri 1", "lga": "Mangu", "state": "pl"}}, {"type": "Feature", "geometry": {"type": "Polygon", "coordinates": [[[9.9627, 9.10038], [9.97242, 9.10466], [9.98524, 9.09481], [9.99242, 9.0792], [9.9852, 9.07798], [9.95983, 9.06329], [9.95208, 9.08117], [9.96013, 9.08962], [9.95967, 9.09021], [9.95922, 9.09067], [9.95972, 9.09194], [9.9627, 9.10038]]]}, "properties": {"name": "Mal Adama", "lga": "Wase", "state": "pl"}}, {"type": "Feature", "geometry": {"type": "Polygon", "coordinates": [[[9.27112, 9.60221], [9.2794, 9.60329], [9.29284, 9.6135], [9.31533, 9.60722], [9.32676, 9.59619], [9.32716, 9.59575], [9.30929, 9.59894], [9.30495, 9.57633], [9.30403, 9.57153], [9.31418, 9.56305], [9.31411, 9.56305], [9.29511, 9.54944], [9.27382, 9.54874], [9.27096, 9.54193], [9.25273, 9.53519], [9.24868, 9.55522], [9.24413, 9.56073], [9.24644, 9.57071], [9.24488, 9.57293], [9.24879, 9.58307], [9.25846, 9.58574], [9.26238, 9.58811], [9.26654, 9.58665], [9.27112, 9.60221]]]}, "properties": {"name": "Chanso", "lga": "Mangu", "state": "pl"}}, {"type": "Feature", "geometry": {"type": "Polygon", "coordinates": [[[9.60637, 9.29661], [9.59248, 9.2788], [9.59009, 9.26803], [9.58095, 9.26348], [9.57875, 9.2602], [9.57571, 9.25155], [9.54535, 9.24043], [9.52988, 9.25942], [9.52118, 9.26637], [9.52097, 9.26675], [9.52958, 9.30234], [9.54459, 9.3053], [9.55465, 9.30677], [9.56796, 9.30341], [9.57461, 9.30482], [9.5808, 9.31128], [9.58529, 9.31476], [9.59808, 9.31669], [9.60637, 9.29661]]]}, "properties": {"name": "Langshi", "lga": "Kanke", "state": "pl"}}, {"type": "Feature", "geometry": {"type": "Polygon", "coordinates": [[[8.85796, 9.55269], [8.8607, 9.51571], [8.8618, 9.51538], [8.87234, 9.50239], [8.86123, 9.47541], [8.83573, 9.49585], [8.82346, 9.49551], [8.80979, 9.51093], [8.82709, 9.52593], [8.83266, 9.53123], [8.83804, 9.54089], [8.85372, 9.5503], [8.85796, 9.55269]]]}, "properties": {"name": "Sho", "lga": "Barkin Ladi", "state": "pl"}}, {"type": "Feature", "geometry": {"type": "Polygon", "coordinates": [[[8.95721, 9.48984], [8.9291, 9.4796], [8.92589, 9.4774], [8.91627, 9.47892], [8.91602, 9.48246], [8.91681, 9.509], [8.91398, 9.5125], [8.9005, 9.51287], [8.89962, 9.53552], [8.91981, 9.54863], [8.9385, 9.51766], [8.95473, 9.50164], [8.95891, 9.49328], [8.95721, 9.48984]]]}, "properties": {"name": "Gafat", "lga": "Barkin Ladi", "state": "pl"}}, {"type": "Feature", "geometry": {"type": "Polygon", "coordinates": [[[9.99234, 9.22816], [9.97398, 9.2399], [9.96692, 9.2366], [9.96434, 9.23455], [9.94056, 9.2471], [9.9427, 9.25015], [9.94207, 9.25598], [9.95073, 9.26125], [9.95554, 9.26545], [9.95688, 9.27236], [9.96134, 9.27263], [9.97353, 9.26537], [9.97844, 9.26349], [9.98068, 9.25212], [10.00194, 9.25442], [10.01158, 9.23864], [10.01158, 9.23586], [9.99234, 9.22816]]]}, "properties": {"name": "Kunkyam South", "lga": "Kanam", "state": "pl"}}, {"type": "Feature", "geometry": {"type": "Polygon", "coordinates": [[[9.35026, 8.7904], [9.34516, 8.78798], [9.34408, 8.7749], [9.33347, 8.77317], [9.32118, 8.77593], [9.31803, 8.77087], [9.31492, 8.76607], [9.3112, 8.76212], [9.30654, 8.75945], [9.30029, 8.76247], [9.28744, 8.76333], [9.28739, 8.76932], [9.28944, 8.7737], [9.29542, 8.77585], [9.29531, 8.78374], [9.30298, 8.79597], [9.30999, 8.80893], [9.32266, 8.80048], [9.33007, 8.81382], [9.34457, 8.81453], [9.34391, 8.80107], [9.35026, 8.7904]]]}, "properties": {"name": "Kurgwi East", "lga": "Qua'An Pan", "state": "pl"}}, {"type": "Feature", "geometry": {"type": "Polygon", "coordinates": [[[8.76368, 9.10187], [8.76007, 9.10518], [8.76163, 9.1132], [8.79007, 9.11934], [8.79063, 9.11908], [8.82274, 9.1173], [8.82047, 9.10024], [8.82946, 9.09212], [8.8394, 9.07327], [8.83754, 9.07101], [8.81157, 9.07302], [8.80447, 9.07694], [8.79504, 9.08006], [8.79364, 9.07983], [8.7919, 9.08342], [8.78412, 9.08501], [8.78019, 9.08677], [8.77818, 9.08861], [8.77415, 9.09229], [8.76885, 9.09531], [8.76851, 9.09786], [8.76409, 9.10149], [8.76368, 9.10187]]]}, "properties": {"name": "Toff", "lga": "Bokkos", "state": "pl"}}, {"type": "Feature", "geometry": {"type": "Polygon", "coordinates": [[[9.77903, 8.50026], [9.77537, 8.48684], [9.773, 8.48077], [9.77117, 8.47572], [9.77079, 8.46804], [9.72564, 8.44857], [9.7256, 8.44845], [9.72333, 8.44138], [9.71729, 8.44691], [9.71327, 8.45059], [9.71117, 8.45436], [9.70495, 8.46373], [9.70442, 8.47529], [9.69812, 8.4866], [9.6961, 8.48844], [9.69601, 8.48868], [9.69391, 8.49413], [9.69154, 8.50368], [9.69902, 8.50668], [9.71507, 8.51911], [9.73555, 8.53809], [9.74092, 8.53836], [9.74191, 8.53749], [9.76458, 8.51745], [9.77093, 8.51144], [9.77903, 8.50026]]]}, "properties": {"name": "Magama", "lga": "Langtang South", "state": "pl"}}, {"type": "Feature", "geometry": {"type": "Polygon", "coordinates": [[[9.60924, 9.50606], [9.61173, 9.50442], [9.62754, 9.48181], [9.62951, 9.47039], [9.63014, 9.45499], [9.62525, 9.44726], [9.62715, 9.43275], [9.62918, 9.42861], [9.61873, 9.41814], [9.60087, 9.42412], [9.59805, 9.42336], [9.59495, 9.44935], [9.59367, 9.45025], [9.59217, 9.46122], [9.595, 9.46914], [9.59578, 9.48315], [9.60924, 9.50606]]]}, "properties": {"name": "Tabulung", "lga": "Kanke", "state": "pl"}}, {"type": "Feature", "geometry": {"type": "Polygon", "coordinates": [[[9.75398, 8.59739], [9.75883, 8.57844], [9.74854, 8.55245], [9.74092, 8.53836], [9.73555, 8.53809], [9.71507, 8.51911], [9.69902, 8.50668], [9.69154, 8.50368], [9.68149, 8.51288], [9.68113, 8.52059], [9.67885, 8.52821], [9.68059, 8.53215], [9.6784, 8.53784], [9.66177, 8.56413], [9.65949, 8.57175], [9.65938, 8.57426], [9.66469, 8.58029], [9.67705, 8.58311], [9.67766, 8.5851], [9.71521, 8.58179], [9.72471, 8.58634], [9.73253, 8.59139], [9.74229, 8.59617], [9.75398, 8.59739]]]}, "properties": {"name": "Nassarawa", "lga": "Langtang South", "state": "pl"}}, {"type": "Feature", "geometry": {"type": "Polygon", "coordinates": [[[8.9915, 9.20251], [9.01234, 9.21364], [9.03089, 9.19679], [9.02851, 9.19119], [9.03032, 9.18251], [9.02985, 9.17396], [9.02999, 9.17091], [9.02725, 9.16586], [9.02743, 9.16448], [9.02372, 9.14839], [9.02016, 9.14707], [9.00352, 9.14631], [8.99687, 9.14368], [8.98894, 9.13589], [8.96187, 9.12662], [8.95875, 9.12639], [8.96261, 9.14541], [8.96971, 9.1587], [8.97242, 9.17579], [8.97804, 9.18404], [8.98685, 9.19301], [8.9918, 9.20022], [8.9915, 9.20251]]]}, "properties": {"name": "Margif / Kopmur", "lga": "Bokkos", "state": "pl"}}, {"type": "Feature", "geometry": {"type": "Polygon", "coordinates": [[[8.5544, 9.56463], [8.55365, 9.56898], [8.55504, 9.58063], [8.56586, 9.59655], [8.56691, 9.60341], [8.56698, 9.61398], [8.56562, 9.62431], [8.57039, 9.64001], [8.57419, 9.64841], [8.59134, 9.64799], [8.59645, 9.64565], [8.59831, 9.64365], [8.60103, 9.64082], [8.60631, 9.64157], [8.61648, 9.6426], [8.61871, 9.6413], [8.62186, 9.63315], [8.62111, 9.63036], [8.62175, 9.62816], [8.62526, 9.62219], [8.62744, 9.62082], [8.63529, 9.61898], [8.63617, 9.61445], [8.63302, 9.60716], [8.62336, 9.60286], [8.6195, 9.59473], [8.61516, 9.59277], [8.60912, 9.55754], [8.60588, 9.55399], [8.57785, 9.5596], [8.5544, 9.56463]]]}, "properties": {"name": "Attakar", "lga": "Riyom", "state": "pl"}}, {"type": "Feature", "geometry": {"type": "Polygon", "coordinates": [[[9.75734, 8.7289], [9.75071, 8.721], [9.73733, 8.71237], [9.72545, 8.69902], [9.72259, 8.6997], [9.69705, 8.68225], [9.69232, 8.66081], [9.69123, 8.65055], [9.67017, 8.65232], [9.65768, 8.65275], [9.65531, 8.6623], [9.65477, 8.67386], [9.65826, 8.68174], [9.67386, 8.68146], [9.67559, 8.68429], [9.68601, 8.68772], [9.67012, 8.71701], [9.6716, 8.72673], [9.67343, 8.72874], [9.68636, 8.7409], [9.69186, 8.74694], [9.70138, 8.74929], [9.70514, 8.75139], [9.7089, 8.75348], [9.71668, 8.7519], [9.72446, 8.75031], [9.73975, 8.75292], [9.74571, 8.75521], [9.75692, 8.74432], [9.76001, 8.7382], [9.75734, 8.7289]]]}, "properties": {"name": "Sabon Gida", "lga": "Langtang South", "state": "pl"}}, {"type": "Feature", "geometry": {"type": "Polygon", "coordinates": [[[9.40179, 8.61784], [9.41702, 8.61371], [9.43288, 8.62038], [9.44232, 8.62085], [9.45414, 8.61696], [9.45658, 8.58921], [9.46181, 8.56481], [9.46447, 8.55138], [9.46976, 8.52869], [9.46308, 8.48686], [9.45129, 8.4413], [9.4421, 8.44565], [9.43622, 8.45013], [9.4269, 8.4534], [9.41617, 8.45863], [9.40821, 8.46407], [9.39641, 8.46934], [9.38854, 8.47285], [9.38058, 8.47829], [9.3728, 8.47987], [9.36694, 8.48154], [9.35532, 8.48296], [9.35329, 8.51276], [9.36562, 8.53836], [9.37763, 8.56133], [9.38188, 8.578], [9.39001, 8.58388], [9.3992, 8.60521], [9.40179, 8.61784]]]}, "properties": {"name": "Mambial", "lga": "Shendam", "state": "pl"}}, {"type": "Feature", "geometry": {"type": "Polygon", "coordinates": [[[9.19832, 9.77266], [9.17919, 9.81161], [9.18651, 9.8188], [9.19077, 9.8226], [9.19529, 9.82992], [9.20485, 9.84194], [9.20628, 9.86662], [9.23048, 9.87609], [9.23214, 9.86165], [9.24572, 9.84793], [9.27207, 9.84614], [9.27127, 9.84216], [9.26769, 9.83621], [9.26604, 9.83035], [9.26311, 9.82374], [9.2608, 9.81853], [9.2553, 9.81249], [9.25433, 9.8103], [9.25355, 9.80856], [9.24787, 9.80478], [9.24421, 9.80235], [9.24003, 9.79566], [9.2375, 9.79191], [9.23578, 9.78961], [9.22325, 9.77717], [9.21872, 9.77326], [9.21201, 9.77292], [9.20936, 9.77008], [9.20259, 9.7716], [9.1987, 9.77274], [9.19832, 9.77266]]]}, "properties": {"name": "Zandi", "lga": "Jos East", "state": "pl"}}, {"type": "Feature", "geometry": {"type": "Polygon", "coordinates": [[[9.96782, 9.15122], [9.96298, 9.14761], [9.94179, 9.13832], [9.94042, 9.13911], [9.93122, 9.15009], [9.93062, 9.16103], [9.93061, 9.16126], [9.92377, 9.16969], [9.92184, 9.17658], [9.92235, 9.17795], [9.92088, 9.18129], [9.924, 9.19982], [9.93073, 9.20914], [9.95257, 9.20281], [9.95697, 9.21791], [9.96044, 9.22103], [9.96434, 9.23455], [9.96692, 9.2366], [9.97398, 9.2399], [9.99234, 9.22816], [9.99261, 9.21445], [9.98904, 9.20947], [9.9862, 9.19254], [9.97281, 9.17795], [9.97076, 9.17147], [9.97277, 9.15898], [9.96782, 9.15122]]]}, "properties": {"name": "Saluwe", "lga": "Wase", "state": "pl"}}, {"type": "Feature", "geometry": {"type": "Polygon", "coordinates": [[[9.94155, 9.37003], [9.95032, 9.3784], [9.95141, 9.37961], [9.95469, 9.3841], [9.95554, 9.38859], [9.95763, 9.396], [9.95469, 9.39737], [9.94876, 9.39951], [9.94053, 9.39872], [9.8981, 9.40789], [9.90528, 9.43177], [9.9091, 9.43301], [9.93137, 9.42871], [9.93664, 9.42167], [9.94399, 9.41669], [9.9532, 9.41462], [9.95906, 9.41505], [9.96218, 9.42122], [9.97987, 9.44067], [9.98223, 9.44081], [9.9941, 9.417], [9.98533, 9.4], [9.98935, 9.38564], [10.001, 9.36965], [9.99341, 9.35963], [9.98602, 9.3517], [9.98389, 9.33685], [9.95529, 9.34231], [9.95593, 9.34454], [9.95614, 9.34489], [9.95401, 9.34965], [9.95234, 9.35351], [9.94155, 9.37003]]]}, "properties": {"name": "Dengi", "lga": "Kanam", "state": "pl"}}, {"type": "Feature", "geometry": {"type": "Polygon", "coordinates": [[[8.63509, 9.7576], [8.64395, 9.77536], [8.64339, 9.78924], [8.64252, 9.81084], [8.64266, 9.81643], [8.64661, 9.81562], [8.66531, 9.81232], [8.68412, 9.80922], [8.68937, 9.81689], [8.69144, 9.81755], [8.6947, 9.81858], [8.70797, 9.81911], [8.7191, 9.8095], [8.72688, 9.77238], [8.72536, 9.76712], [8.68599, 9.76898], [8.67849, 9.74716], [8.66036, 9.74569], [8.63509, 9.7576]]]}, "properties": {"name": "Kimikpa", "lga": "Bassa", "state": "pl"}}, {"type": "Feature", "geometry": {"type": "Polygon", "coordinates": [[[9.92377, 9.16969], [9.93061, 9.16126], [9.93062, 9.16103], [9.93122, 9.15009], [9.92123, 9.14896], [9.91525, 9.15692], [9.90127, 9.14461], [9.90284, 9.17141], [9.8988, 9.17987], [9.89425, 9.1823], [9.89125, 9.18319], [9.88628, 9.18606], [9.88313, 9.18626], [9.88015, 9.18928], [9.87841, 9.18994], [9.87679, 9.19093], [9.87298, 9.19302], [9.87132, 9.19638], [9.86964, 9.19763], [9.86781, 9.19865], [9.86588, 9.20008], [9.86072, 9.20175], [9.85966, 9.20404], [9.86006, 9.20709], [9.86128, 9.20971], [9.8644, 9.21168], [9.86817, 9.20931], [9.8718, 9.21098], [9.87572, 9.21074], [9.87754, 9.21028], [9.88201, 9.22292], [9.88536, 9.2239], [9.89359, 9.21685], [9.89954, 9.21559], [9.90357, 9.21171], [9.9161, 9.21442], [9.92794, 9.21261], [9.93073, 9.20914], [9.924, 9.19982], [9.92088, 9.18129], [9.92235, 9.17795], [9.92184, 9.17658], [9.92377, 9.16969]]]}, "properties": {"name": "Pil", "lga": "Langtang North", "state": "pl"}}, {"type": "Feature", "geometry": {"type": "MultiPolygon", "coordinates": [[[[9.58852, 9.36775], [9.58913, 9.36746], [9.59341, 9.35848], [9.58693, 9.34144], [9.57522, 9.34542], [9.56565, 9.3424], [9.56327, 9.3419], [9.56205, 9.34001], [9.56475, 9.3355], [9.56661, 9.32944], [9.58196, 9.31984], [9.58529, 9.31476], [9.5808, 9.31128], [9.57461, 9.30482], [9.56796, 9.30341], [9.55465, 9.30677], [9.54459, 9.3053], [9.52958, 9.30234], [9.52721, 9.30926], [9.52508, 9.31842], [9.52605, 9.32212], [9.52685, 9.32835], [9.52787, 9.33382], [9.52955, 9.33848], [9.53224, 9.34676], [9.53674, 9.35457], [9.55095, 9.36168], [9.5483, 9.3684], [9.55613, 9.38329], [9.55997, 9.37928], [9.56681, 9.37724], [9.56966, 9.36687], [9.58852, 9.36775]]], [[[9.77463, 9.38433], [9.75977, 9.36907], [9.73499, 9.38076], [9.73563, 9.39514], [9.73794, 9.40064], [9.75182, 9.40548], [9.75726, 9.41248], [9.75437, 9.41917], [9.73755, 9.4391], [9.76683, 9.45115], [9.77071, 9.44776], [9.76931, 9.41205], [9.77026, 9.41038], [9.77533, 9.39323], [9.77463, 9.38433]]]]}, "properties": {"name": "Ampang A", "lga": "Kanke", "state": "pl"}}, {"type": "Feature", "geometry": {"type": "Polygon", "coordinates": [[[9.14135, 9.63528], [9.11671, 9.64389], [9.11642, 9.64413], [9.11571, 9.65079], [9.11776, 9.65936], [9.12032, 9.66645], [9.1196, 9.67772], [9.11912, 9.68019], [9.1122, 9.683], [9.11237, 9.68329], [9.09317, 9.68414], [9.08636, 9.6892], [9.08626, 9.68958], [9.09996, 9.7085], [9.10068, 9.71095], [9.10655, 9.71362], [9.1074, 9.72111], [9.12942, 9.73216], [9.1363, 9.73085], [9.13914, 9.73538], [9.15762, 9.74082], [9.17828, 9.72799], [9.18866, 9.71651], [9.19153, 9.71434], [9.19507, 9.71382], [9.19814, 9.70847], [9.19915, 9.70743], [9.20251, 9.70397], [9.20388, 9.70346], [9.20758, 9.69383], [9.21031, 9.68736], [9.21656, 9.68397], [9.22382, 9.68256], [9.22859, 9.68232], [9.22735, 9.67587], [9.21133, 9.66672], [9.2053, 9.66565], [9.19416, 9.66352], [9.18516, 9.6596], [9.17782, 9.6583], [9.16258, 9.65274], [9.15976, 9.65357], [9.14135, 9.63528]]]}, "properties": {"name": "Kadunu", "lga": "Mangu", "state": "pl"}}, {"type": "Feature", "geometry": {"type": "Polygon", "coordinates": [[[9.66971, 9.28406], [9.6698, 9.28661], [9.67028, 9.28701], [9.68525, 9.29249], [9.68906, 9.29184], [9.69902, 9.31268], [9.72123, 9.31327], [9.72206, 9.30821], [9.7159, 9.29467], [9.7151, 9.28113], [9.71633, 9.27532], [9.71446, 9.2723], [9.73238, 9.25543], [9.7251, 9.24742], [9.71864, 9.24431], [9.71466, 9.24224], [9.71085, 9.24164], [9.70126, 9.23424], [9.68859, 9.24319], [9.68113, 9.25208], [9.68091, 9.25602], [9.67899, 9.26014], [9.67524, 9.27307], [9.66971, 9.28406]]]}, "properties": {"name": "Gugur", "lga": "Kanke", "state": "pl"}}, {"type": "Feature", "geometry": {"type": "Polygon", "coordinates": [[[9.34316, 9.24111], [9.34679, 9.24132], [9.35634, 9.2369], [9.37262, 9.23455], [9.37331, 9.21855], [9.35489, 9.21331], [9.35203, 9.20748], [9.35214, 9.20459], [9.35413, 9.20193], [9.36273, 9.19858], [9.36317, 9.19633], [9.3624, 9.19049], [9.35474, 9.18459], [9.35829, 9.17319], [9.34939, 9.17013], [9.34176, 9.15591], [9.32944, 9.14794], [9.33344, 9.13173], [9.31943, 9.12034], [9.31788, 9.12066], [9.31336, 9.12283], [9.28712, 9.15391], [9.29047, 9.15449], [9.308, 9.16206], [9.30779, 9.16749], [9.31261, 9.1804], [9.31733, 9.18901], [9.32801, 9.19697], [9.33133, 9.20789], [9.32756, 9.21794], [9.3286, 9.22281], [9.32544, 9.22779], [9.34316, 9.24111]]]}, "properties": {"name": "Longbam", "lga": "Pankshin", "state": "pl"}}, {"type": "Feature", "geometry": {"type": "Polygon", "coordinates": [[[8.90298, 9.92643], [8.90465, 9.9266], [8.90539, 9.92674], [8.90574, 9.92841], [8.90895, 9.92874], [8.90972, 9.92868], [8.91066, 9.92668], [8.91141, 9.9267], [8.91173, 9.9267], [8.91264, 9.9269], [8.91269, 9.92699], [8.91238, 9.92834], [8.91664, 9.92833], [8.91615, 9.92545], [8.91722, 9.92499], [8.93185, 9.92181], [8.93125, 9.91564], [8.92223, 9.91535], [8.92204, 9.91422], [8.91899, 9.91357], [8.9182, 9.91125], [8.91771, 9.91027], [8.91743, 9.90949], [8.91178, 9.91083], [8.91198, 9.91133], [8.91249, 9.91204], [8.91096, 9.91268], [8.91058, 9.91304], [8.90927, 9.9185], [8.90303, 9.91959], [8.90364, 9.92112], [8.90435, 9.92273], [8.90298, 9.92643]]]}, "properties": {"name": "Jos Jarawa", "lga": "Jos North", "state": "pl"}}, {"type": "Feature", "geometry": {"type": "Polygon", "coordinates": [[[9.43167, 9.38361], [9.44494, 9.38925], [9.45181, 9.39374], [9.45173, 9.39464], [9.4811, 9.40521], [9.49668, 9.39624], [9.49774, 9.3918], [9.50058, 9.38937], [9.50092, 9.38932], [9.51193, 9.38086], [9.52802, 9.3778], [9.5371, 9.3785], [9.54718, 9.36963], [9.5483, 9.3684], [9.55095, 9.36168], [9.53674, 9.35457], [9.53224, 9.34676], [9.52955, 9.33848], [9.52787, 9.33382], [9.52685, 9.32835], [9.52605, 9.32212], [9.52508, 9.31842], [9.48929, 9.32596], [9.47583, 9.33444], [9.4732, 9.34223], [9.45823, 9.34945], [9.4522, 9.35649], [9.43641, 9.35897], [9.43303, 9.3638], [9.43167, 9.38361]]]}, "properties": {"name": "Wuchenbe", "lga": "Pankshin", "state": "pl"}}, {"type": "Feature", "geometry": {"type": "Polygon", "coordinates": [[[8.92155, 8.68037], [8.91983, 8.68169], [8.91951, 8.68193], [8.97813, 8.71623], [9.00567, 8.72281], [9.01365, 8.71672], [9.03139, 8.6833], [9.03715, 8.66903], [9.0483, 8.66334], [9.05389, 8.6606], [9.0585, 8.65847], [9.06004, 8.65237], [9.05925, 8.64542], [9.04611, 8.63746], [9.04207, 8.62888], [9.05749, 8.62265], [9.05649, 8.61167], [9.05097, 8.59416], [9.04912, 8.58493], [9.05005, 8.57698], [9.05725, 8.56348], [9.05326, 8.55509], [9.04279, 8.55], [9.03233, 8.53265], [9.02445, 8.51607], [9.02454, 8.51198], [9.01947, 8.50988], [9.01364, 8.51206], [9.01028, 8.51527], [9.00515, 8.51374], [8.99062, 8.52111], [8.98826, 8.52289], [8.98246, 8.52725], [8.979, 8.53058], [8.97514, 8.53751], [8.97497, 8.54136], [8.97846, 8.54924], [8.98402, 8.55323], [8.98409, 8.55816], [8.98607, 8.56198], [8.98738, 8.56452], [8.98102, 8.5782], [8.98318, 8.58511], [8.98343, 8.59658], [8.98053, 8.60117], [8.97779, 8.60519], [8.97002, 8.60557], [8.96417, 8.60891], [8.95831, 8.61225], [8.95118, 8.62131], [8.94976, 8.63394], [8.94732, 8.63965], [8.9445, 8.64667], [8.94228, 8.65219], [8.94024, 8.66723], [8.9348, 8.66788], [8.92155, 8.68037]]]}, "properties": {"name": "Aningo", "lga": "Qua'An Pan", "state": "pl"}}, {"type": "Feature", "geometry": {"type": "Polygon", "coordinates": [[[8.82455, 9.03066], [8.82461, 9.03546], [8.83754, 9.07101], [8.8394, 9.07327], [8.82946, 9.09212], [8.82047, 9.10024], [8.82274, 9.1173], [8.8289, 9.13084], [8.83837, 9.13541], [8.84315, 9.1472], [8.84572, 9.1565], [8.84522, 9.15946], [8.85291, 9.17187], [8.87048, 9.16773], [8.88538, 9.18989], [8.89009, 9.18872], [8.89488, 9.16283], [8.89959, 9.158], [8.90299, 9.15314], [8.91636, 9.14431], [8.91281, 9.13749], [8.91571, 9.12967], [8.91599, 9.1186], [8.90588, 9.11106], [8.92557, 9.0669], [8.91797, 9.05714], [8.90951, 9.03126], [8.90848, 9.0191], [8.90739, 9.01932], [8.89816, 9.02105], [8.89492, 9.02236], [8.88839, 9.02207], [8.88535, 9.02161], [8.87551, 9.02536], [8.86581, 9.02686], [8.86196, 9.02669], [8.85025, 9.03003], [8.84448, 9.02977], [8.83871, 9.02952], [8.82455, 9.03066]]]}, "properties": {"name": "Richa", "lga": "Bokkos", "state": "pl"}}, {"type": "Feature", "geometry": {"type": "Polygon", "coordinates": [[[9.00319, 9.82365], [9.01081, 9.82222], [9.02847, 9.83113], [9.02924, 9.83181], [9.05621, 9.80083], [9.03032, 9.78831], [9.02126, 9.74805], [9.02104, 9.748], [9.00707, 9.75613], [9.00343, 9.75626], [8.98536, 9.74974], [8.98408, 9.76649], [8.98378, 9.76944], [8.98212, 9.78271], [8.9803, 9.78858], [8.98365, 9.80111], [8.9832, 9.80321], [8.99408, 9.81804], [8.99737, 9.81872], [9.0022, 9.82293], [9.00319, 9.82365]]]}, "properties": {"name": "Naton Fursa", "lga": "Jos East", "state": "pl"}}, {"type": "Feature", "geometry": {"type": "Polygon", "coordinates": [[[9.62725, 8.55643], [9.60657, 8.57465], [9.60653, 8.57465], [9.60788, 8.57853], [9.60862, 8.5805], [9.60947, 8.58073], [9.61096, 8.58101], [9.61307, 8.58248], [9.61386, 8.5847], [9.61303, 8.586], [9.61356, 8.58711], [9.61451, 8.58741], [9.61546, 8.58635], [9.61641, 8.58517], [9.61814, 8.58576], [9.61909, 8.58699], [9.61873, 8.58835], [9.61742, 8.58887], [9.61445, 8.58923], [9.61404, 8.59005], [9.6157, 8.59622], [9.62467, 8.59863], [9.62711, 8.60773], [9.62806, 8.61142], [9.61028, 8.61311], [9.61058, 8.61522], [9.60987, 8.61845], [9.61017, 8.62227], [9.60815, 8.62521], [9.60636, 8.62492], [9.60416, 8.62492], [9.60236, 8.62594], [9.61136, 8.67265], [9.60646, 8.67879], [9.59881, 8.68325], [9.59914, 8.68621], [9.6006, 8.68908], [9.59905, 8.6926], [9.59525, 8.69478], [9.59216, 8.6976], [9.59079, 8.7], [9.5921, 8.70511], [9.59466, 8.70735], [9.59733, 8.71204], [9.59853, 8.72708], [9.60021, 8.74253], [9.59701, 8.74665], [9.58999, 8.7497], [9.58346, 8.74958], [9.58132, 8.75358], [9.57771, 8.75993], [9.57779, 8.76639], [9.59759, 8.76751], [9.60301, 8.76497], [9.60558, 8.75947], [9.61656, 8.75567], [9.62269, 8.7568], [9.63695, 8.75398], [9.64294, 8.74679], [9.64969, 8.74678], [9.65181, 8.74473], [9.6545, 8.74214], [9.65361, 8.73709], [9.66, 8.73341], [9.6716, 8.72673], [9.67012, 8.71701], [9.66453, 8.7129], [9.66296, 8.70511], [9.6614, 8.69732], [9.66166, 8.69154], [9.65992, 8.6876], [9.65826, 8.68174], [9.65477, 8.67386], [9.65531, 8.6623], [9.6413, 8.6508], [9.63781, 8.64056], [9.63629, 8.62869], [9.65317, 8.61061], [9.65789, 8.60643], [9.67458, 8.60849], [9.68104, 8.59627], [9.67766, 8.5851], [9.67705, 8.58311], [9.66469, 8.58029], [9.65938, 8.57426], [9.64788, 8.56901], [9.64695, 8.5695], [9.64609, 8.57197], [9.64438, 8.57465], [9.64317, 8.57479], [9.64174, 8.5719], [9.64296, 8.56837], [9.64296, 8.56675], [9.64139, 8.56407], [9.63925, 8.56322], [9.63896, 8.56174], [9.63854, 8.55843], [9.63618, 8.55335], [9.63447, 8.5518], [9.63119, 8.55222], [9.62725, 8.55643]]]}, "properties": {"name": "Nyak", "lga": "Shendam", "state": "pl"}}, {"type": "Feature", "geometry": {"type": "Polygon", "coordinates": [[[8.86024, 9.57457], [8.86369, 9.57964], [8.87231, 9.58969], [8.8768, 9.60276], [8.87726, 9.60341], [8.91906, 9.60654], [8.91951, 9.6063], [8.91883, 9.59873], [8.92114, 9.58292], [8.92598, 9.57011], [8.92612, 9.56978], [8.91049, 9.56044], [8.89847, 9.55426], [8.8904, 9.54532], [8.88545, 9.54209], [8.88274, 9.53783], [8.88114, 9.536], [8.87499, 9.53081], [8.87341, 9.53105], [8.8618, 9.51538], [8.8607, 9.51571], [8.85796, 9.55269], [8.86439, 9.55862], [8.86024, 9.57457]]]}, "properties": {"name": "Gassa", "lga": "Barkin Ladi", "state": "pl"}}, {"type": "Feature", "geometry": {"type": "Polygon", "coordinates": [[[9.22456, 9.02938], [9.22898, 8.99781], [9.23337, 8.9943], [9.23498, 8.98866], [9.23271, 8.97636], [9.23938, 8.96685], [9.24045, 8.96342], [9.24456, 8.9585], [9.2425, 8.95104], [9.23395, 8.95115], [9.23477, 8.95503], [9.22229, 8.96111], [9.22069, 8.9641], [9.21255, 8.96246], [9.19847, 8.95677], [9.1851, 8.95811], [9.18507, 8.95818], [9.18163, 8.98241], [9.18212, 8.99382], [9.1572, 9.01731], [9.15614, 9.0257], [9.16587, 9.03171], [9.18396, 9.04054], [9.21857, 9.03387], [9.22456, 9.02938]]]}, "properties": {"name": "Latok", "lga": "Qua'An Pan", "state": "pl"}}, {"type": "Feature", "geometry": {"type": "Polygon", "coordinates": [[[9.99242, 9.0792], [10.00338, 9.0736], [10.00996, 9.07239], [10.02067, 9.10172], [10.03847, 9.11075], [10.04209, 9.1155], [10.05008, 9.13329], [10.04742, 9.14276], [10.05033, 9.15388], [10.04804, 9.16372], [10.06728, 9.17313], [10.07043, 9.17905], [10.07235, 9.18918], [10.08095, 9.1905], [10.08149, 9.19058], [10.08187, 9.18999], [10.08895, 9.17913], [10.09025, 9.17333], [10.09923, 9.1661], [10.10007, 9.16542], [10.1337, 9.1557], [10.15654, 9.14504], [10.16401, 9.13807], [10.17431, 9.13223], [10.18626, 9.1213], [10.20266, 9.11684], [10.21837, 9.1179], [10.23041, 9.11441], [10.22867, 9.06152], [10.23225, 9.05545], [10.23009, 9.03881], [10.21684, 9.02163], [10.20895, 9.01765], [10.1958, 9.01069], [10.175, 9.0114], [10.14331, 8.97722], [10.12457, 8.97144], [10.10925, 8.98471], [10.10713, 8.99712], [10.10327, 9.02068], [10.09434, 9.02549], [10.08837, 9.02585], [10.05503, 9.01058], [10.04944, 8.99855], [10.03845, 8.98691], [10.01679, 8.98954], [10.01296, 8.99127], [9.98024, 8.98504], [9.97566, 8.99448], [9.95533, 9.02153], [9.95, 9.02515], [9.94834, 9.02582], [9.95642, 9.05716], [9.95983, 9.06329], [9.9852, 9.07798], [9.99242, 9.0792]]]}, "properties": {"name": "Mavo", "lga": "Wase", "state": "pl"}}, {"type": "Feature", "geometry": {"type": "Polygon", "coordinates": [[[9.6716, 8.72673], [9.66, 8.73341], [9.65361, 8.73709], [9.6545, 8.74214], [9.65181, 8.74473], [9.65473, 8.7481], [9.65957, 8.75192], [9.65224, 8.75466], [9.64087, 8.76671], [9.63771, 8.78959], [9.6437, 8.81932], [9.65574, 8.82108], [9.65813, 8.81053], [9.66621, 8.79811], [9.66144, 8.77438], [9.66512, 8.76332], [9.66698, 8.76231], [9.66958, 8.76182], [9.67642, 8.76034], [9.6831, 8.76153], [9.68871, 8.75989], [9.69034, 8.75732], [9.69141, 8.75403], [9.692, 8.75017], [9.69186, 8.74694], [9.68636, 8.7409], [9.67343, 8.72874], [9.6716, 8.72673]]]}, "properties": {"name": "Yelwa West", "lga": "Shendam", "state": "pl"}}, {"type": "Feature", "geometry": {"type": "Polygon", "coordinates": [[[8.87726, 9.60341], [8.8768, 9.60276], [8.87231, 9.58969], [8.86369, 9.57964], [8.86024, 9.57457], [8.8454, 9.57591], [8.83807, 9.58426], [8.8358, 9.60083], [8.81632, 9.60591], [8.82126, 9.62308], [8.83779, 9.61854], [8.84368, 9.61675], [8.8458, 9.62636], [8.87182, 9.64682], [8.87564, 9.64036], [8.87383, 9.62462], [8.87399, 9.62375], [8.87664, 9.61738], [8.87726, 9.60341]]]}, "properties": {"name": "Kwi", "lga": "Riyom", "state": "pl"}}, {"type": "Feature", "geometry": {"type": "Polygon", "coordinates": [[[9.04622, 9.72924], [9.05452, 9.70805], [9.03249, 9.70631], [9.02181, 9.70731], [9.02031, 9.69883], [9.01429, 9.69974], [9.00789, 9.69874], [8.99377, 9.70309], [8.98682, 9.70469], [8.98206, 9.70575], [8.97667, 9.70156], [8.97511, 9.70319], [8.96044, 9.71087], [8.95466, 9.71526], [8.95354, 9.71868], [8.95411, 9.72444], [8.96263, 9.73117], [8.96321, 9.74438], [8.9708, 9.74837], [8.98005, 9.7485], [8.9843, 9.74799], [8.98536, 9.74974], [9.00343, 9.75626], [9.00707, 9.75613], [9.02104, 9.748], [9.02126, 9.74805], [9.02242, 9.74765], [9.03339, 9.71883], [9.04622, 9.72924]]]}, "properties": {"name": "Kamang / Nafok", "lga": "Barkin Ladi", "state": "pl"}}, {"type": "Feature", "geometry": {"type": "Polygon", "coordinates": [[[8.83394, 9.3619], [8.84431, 9.36048], [8.84662, 9.35884], [8.85006, 9.31697], [8.84956, 9.31421], [8.84881, 9.30043], [8.83885, 9.27444], [8.83814, 9.27331], [8.80646, 9.27519], [8.76813, 9.27324], [8.76785, 9.27336], [8.78085, 9.33292], [8.7869, 9.33216], [8.7998, 9.34722], [8.80973, 9.3509], [8.83394, 9.3619]]]}, "properties": {"name": "Manguna", "lga": "Bokkos", "state": "pl"}}, {"type": "Feature", "geometry": {"type": "Polygon", "coordinates": [[[9.79608, 9.20749], [9.79508, 9.20795], [9.78427, 9.20713], [9.77678, 9.20355], [9.77695, 9.21515], [9.77715, 9.21556], [9.77786, 9.22064], [9.77942, 9.22466], [9.78305, 9.22949], [9.78506, 9.23362], [9.78821, 9.2361], [9.79617, 9.23233], [9.80151, 9.22478], [9.80901, 9.2242], [9.81276, 9.22742], [9.81522, 9.23009], [9.81855, 9.23656], [9.82438, 9.24193], [9.82683, 9.24401], [9.82843, 9.24511], [9.83212, 9.24664], [9.8348, 9.24575], [9.84221, 9.24584], [9.84953, 9.23946], [9.85264, 9.23959], [9.85557, 9.24343], [9.85419, 9.24572], [9.84756, 9.25119], [9.84657, 9.25325], [9.84497, 9.26157], [9.84822, 9.2643], [9.8508, 9.26726], [9.86431, 9.26756], [9.86609, 9.26136], [9.86964, 9.2598], [9.87362, 9.25864], [9.8787, 9.25863], [9.87995, 9.25897], [9.89396, 9.24304], [9.89088, 9.24159], [9.88706, 9.23549], [9.88536, 9.2239], [9.88201, 9.22292], [9.86865, 9.22338], [9.86557, 9.22377], [9.8539, 9.2199], [9.84943, 9.21873], [9.83808, 9.21089], [9.83362, 9.20729], [9.83367, 9.20472], [9.82667, 9.20355], [9.82551, 9.20061], [9.82076, 9.20112], [9.82007, 9.20057], [9.8196, 9.19945], [9.81909, 9.19894], [9.81142, 9.19763], [9.80811, 9.19968], [9.80381, 9.20768], [9.80078, 9.20873], [9.79608, 9.20749]]]}, "properties": {"name": "Reak", "lga": "Langtang North", "state": "pl"}}, {"type": "Feature", "geometry": {"type": "Polygon", "coordinates": [[[9.75797, 9.09207], [9.75217, 9.07892], [9.75029, 9.07825], [9.74262, 9.0977], [9.72164, 9.09371], [9.73793, 9.11368], [9.73486, 9.12257], [9.73779, 9.12903], [9.73463, 9.13223], [9.75489, 9.1535], [9.76308, 9.14855], [9.77104, 9.13512], [9.77283, 9.1286], [9.77557, 9.12504], [9.77558, 9.12503], [9.78281, 9.11566], [9.77688, 9.11069], [9.76677, 9.11125], [9.76377, 9.10944], [9.75457, 9.10437], [9.75797, 9.09207]]]}, "properties": {"name": "Kwallak", "lga": "Langtang North", "state": "pl"}}, {"type": "Feature", "geometry": {"type": "Polygon", "coordinates": [[[9.35442, 9.47883], [9.35685, 9.47868], [9.37148, 9.47608], [9.3794, 9.46393], [9.38095, 9.45792], [9.3822, 9.45158], [9.38546, 9.44165], [9.38848, 9.43872], [9.39456, 9.43403], [9.40121, 9.43534], [9.40688, 9.44014], [9.41742, 9.44727], [9.42584, 9.44667], [9.42672, 9.44621], [9.44822, 9.45009], [9.44677, 9.43646], [9.43975, 9.43529], [9.4358, 9.43469], [9.42882, 9.437], [9.42473, 9.43805], [9.41178, 9.43], [9.41622, 9.4238], [9.41747, 9.41916], [9.42924, 9.42464], [9.429, 9.41412], [9.41832, 9.40501], [9.42001, 9.38988], [9.41729, 9.38891], [9.40115, 9.38747], [9.38355, 9.37779], [9.37954, 9.3759], [9.36222, 9.35141], [9.35049, 9.3681], [9.34448, 9.36592], [9.34009, 9.36874], [9.33429, 9.38138], [9.32281, 9.37979], [9.33027, 9.39763], [9.33824, 9.40688], [9.34284, 9.41285], [9.33594, 9.42379], [9.33043, 9.4283], [9.31759, 9.433], [9.30963, 9.44577], [9.31551, 9.44938], [9.32846, 9.44815], [9.33135, 9.45073], [9.33922, 9.45657], [9.34176, 9.46223], [9.34758, 9.471], [9.35329, 9.47695], [9.35442, 9.47883]]]}, "properties": {"name": "Fier", "lga": "Pankshin", "state": "pl"}}, {"type": "Feature", "geometry": {"type": "Polygon", "coordinates": [[[9.22727, 9.62074], [9.22254, 9.6137], [9.20398, 9.61159], [9.19851, 9.61481], [9.1965, 9.61526], [9.18584, 9.61451], [9.16758, 9.60234], [9.1665, 9.58277], [9.1539, 9.5843], [9.14881, 9.57999], [9.14308, 9.58194], [9.13622, 9.58893], [9.12347, 9.59806], [9.12676, 9.60295], [9.12853, 9.61035], [9.13262, 9.61786], [9.14135, 9.63488], [9.14135, 9.63528], [9.15976, 9.65357], [9.16258, 9.65274], [9.17782, 9.6583], [9.18516, 9.6596], [9.19416, 9.66352], [9.2053, 9.66565], [9.21133, 9.66672], [9.22735, 9.67587], [9.22859, 9.68232], [9.26001, 9.68075], [9.25902, 9.67557], [9.26712, 9.66673], [9.26322, 9.65621], [9.2506, 9.63739], [9.24929, 9.63851], [9.23561, 9.63701], [9.22972, 9.6294], [9.22672, 9.62397], [9.22727, 9.62074]]]}, "properties": {"name": "Langai", "lga": "Mangu", "state": "pl"}}, {"type": "Feature", "geometry": {"type": "MultiPolygon", "coordinates": [[[[9.10315, 9.08623], [9.09957, 9.09328], [9.10628, 9.1039], [9.14216, 9.13139], [9.14197, 9.12818], [9.15257, 9.10952], [9.14106, 9.09212], [9.11787, 9.07625], [9.10315, 9.08623]]], [[[9.03281, 9.44639], [9.03802, 9.44315], [9.04286, 9.41776], [9.03975, 9.41105], [9.01715, 9.41972], [9.01316, 9.43158], [9.01521, 9.43764], [9.03281, 9.44639]]], [[[9.16567, 9.51561], [9.18299, 9.52551], [9.18497, 9.52081], [9.18563, 9.50628], [9.18769, 9.49985], [9.18693, 9.49496], [9.18647, 9.48692], [9.18162, 9.48167], [9.17903, 9.47631], [9.17772, 9.47056], [9.16987, 9.45627], [9.17066, 9.44733], [9.17045, 9.44081], [9.15077, 9.42115], [9.14614, 9.42623], [9.14092, 9.43106], [9.1389, 9.44076], [9.13604, 9.44868], [9.13401, 9.45738], [9.13361, 9.46276], [9.10761, 9.46837], [9.11223, 9.4794], [9.11923, 9.4794], [9.12503, 9.47664], [9.13169, 9.47414], [9.13938, 9.48034], [9.14171, 9.47981], [9.14304, 9.47865], [9.14432, 9.47395], [9.14532, 9.46889], [9.15296, 9.47111], [9.14387, 9.48084], [9.14488, 9.48193], [9.14311, 9.48758], [9.14403, 9.4896], [9.14612, 9.49162], [9.14718, 9.49429], [9.15013, 9.49685], [9.1502, 9.50132], [9.14888, 9.50345], [9.14543, 9.51025], [9.14691, 9.51073], [9.1542, 9.50678], [9.1598, 9.50814], [9.16567, 9.51561]]], [[[9.22655, 9.57815], [9.22313, 9.5767], [9.21897, 9.5822], [9.2121, 9.58377], [9.20846, 9.58255], [9.20739, 9.58512], [9.20787, 9.58751], [9.20679, 9.59132], [9.20478, 9.59351], [9.20645, 9.60061], [9.2171, 9.59462], [9.22102, 9.59623], [9.22353, 9.59315], [9.22655, 9.57815]]]]}, "properties": {"name": "Mangu 11", "lga": "Mangu", "state": "pl"}}, {"type": "Feature", "geometry": {"type": "Polygon", "coordinates": [[[9.22049, 8.73138], [9.20528, 8.72845], [9.20202, 8.7289], [9.19462, 8.7228], [9.19093, 8.72012], [9.18853, 8.71931], [9.17857, 8.70881], [9.18102, 8.69622], [9.18467, 8.6924], [9.18611, 8.6806], [9.18354, 8.67385], [9.17536, 8.66315], [9.17, 8.66295], [9.1623, 8.66775], [9.16676, 8.67892], [9.17072, 8.69025], [9.17135, 8.69583], [9.16224, 8.70333], [9.16017, 8.71298], [9.15126, 8.71917], [9.14828, 8.72376], [9.1383, 8.72982], [9.13359, 8.73024], [9.12721, 8.73208], [9.11616, 8.73564], [9.10597, 8.74393], [9.09375, 8.74674], [9.06552, 8.75932], [9.0405, 8.76399], [9.03364, 8.77153], [9.02988, 8.7708], [9.0338, 8.80034], [9.04359, 8.80554], [9.06137, 8.80633], [9.08208, 8.81047], [9.103, 8.8084], [9.11065, 8.81071], [9.12164, 8.81786], [9.12508, 8.82174], [9.13787, 8.83313], [9.14001, 8.83814], [9.13803, 8.84844], [9.14034, 8.85341], [9.15427, 8.86045], [9.16087, 8.86152], [9.1611, 8.86153], [9.18226, 8.8478], [9.18189, 8.8489], [9.18885, 8.84852], [9.19072, 8.85137], [9.21075, 8.85655], [9.22176, 8.85295], [9.20694, 8.83769], [9.20899, 8.82756], [9.22194, 8.81757], [9.22804, 8.81017], [9.22811, 8.80737], [9.20847, 8.79452], [9.2142, 8.76779], [9.21592, 8.767], [9.2201, 8.75133], [9.22757, 8.7444], [9.22049, 8.73138]]]}, "properties": {"name": "Shindai", "lga": "Qua'An Pan", "state": "pl"}}, {"type": "Feature", "geometry": {"type": "Polygon", "coordinates": [[[9.28526, 9.04616], [9.30553, 9.05922], [9.3196, 9.05606], [9.32223, 9.05534], [9.32134, 9.05095], [9.31978, 9.04316], [9.32085, 9.02004], [9.31928, 9.01225], [9.32156, 9.00463], [9.32558, 9.00094], [9.32759, 8.9991], [9.32777, 8.99525], [9.32987, 8.99148], [9.33582, 8.98788], [9.34002, 8.98035], [9.34203, 8.97851], [9.34414, 8.97474], [9.34816, 8.97106], [9.35236, 8.96352], [9.35473, 8.95397], [9.35509, 8.94627], [9.34856, 8.94849], [9.34818, 8.94836], [9.32612, 8.95621], [9.32572, 8.96065], [9.31802, 8.97307], [9.30729, 8.97924], [9.3004, 8.98051], [9.2922, 8.98381], [9.28844, 8.98442], [9.28468, 8.99294], [9.26869, 8.9887], [9.26551, 8.99338], [9.26641, 9.00256], [9.2614, 9.00518], [9.26489, 9.0115], [9.2729, 9.01096], [9.27706, 9.01319], [9.27871, 9.01535], [9.28526, 9.04616]]]}, "properties": {"name": "Kwang", "lga": "Qua'An Pan", "state": "pl"}}, {"type": "Feature", "geometry": {"type": "Polygon", "coordinates": [[[9.64247, 9.30965], [9.64253, 9.30955], [9.6698, 9.28661], [9.66971, 9.28406], [9.63157, 9.26054], [9.63265, 9.2615], [9.62051, 9.25671], [9.62045, 9.2538], [9.59009, 9.26803], [9.59248, 9.2788], [9.60637, 9.29661], [9.61038, 9.29657], [9.64247, 9.30965]]]}, "properties": {"name": "Shiwer", "lga": "Kanke", "state": "pl"}}, {"type": "Feature", "geometry": {"type": "Polygon", "coordinates": [[[9.34408, 8.7749], [9.34516, 8.78798], [9.35026, 8.7904], [9.36203, 8.796], [9.36177, 8.80178], [9.36928, 8.80597], [9.37111, 8.80798], [9.37679, 8.81017], [9.38046, 8.81419], [9.38614, 8.81637], [9.403, 8.82677], [9.43628, 8.82522], [9.45225, 8.84129], [9.45119, 8.84561], [9.4533, 8.84873], [9.4536, 8.85721], [9.44954, 8.86123], [9.45225, 8.86555], [9.48493, 8.86361], [9.49267, 8.87032], [9.49269, 8.87031], [9.50141, 8.8643], [9.49558, 8.85794], [9.4968, 8.85193], [9.49272, 8.84663], [9.47817, 8.82773], [9.4701, 8.8308], [9.46089, 8.82166], [9.46046, 8.80433], [9.46788, 8.80278], [9.46973, 8.80172], [9.47187, 8.79827], [9.47494, 8.79555], [9.47046, 8.79077], [9.46354, 8.77414], [9.45438, 8.77554], [9.44666, 8.7751], [9.43436, 8.77227], [9.42409, 8.77494], [9.42017, 8.77072], [9.41433, 8.7581], [9.41212, 8.75338], [9.40128, 8.74908], [9.38416, 8.74401], [9.35115, 8.73957], [9.34852, 8.75486], [9.34834, 8.75871], [9.34808, 8.76449], [9.34359, 8.76909], [9.34408, 8.7749]]]}, "properties": {"name": "Poeship", "lga": "Shendam", "state": "pl"}}, {"type": "Feature", "geometry": {"type": "MultiPolygon", "coordinates": [[[[9.78145, 9.55594], [9.78281, 9.55655], [9.78427, 9.55719], [9.78821, 9.56151], [9.79391, 9.56775], [9.80154, 9.577], [9.80444, 9.57539], [9.81974, 9.5734], [9.83346, 9.56082], [9.84387, 9.55597], [9.84746, 9.5516], [9.85945, 9.53164], [9.85822, 9.5249], [9.86689, 9.5118], [9.83849, 9.50181], [9.83506, 9.50175], [9.83005, 9.5037], [9.83288, 9.51947], [9.83051, 9.5278], [9.82762, 9.53367], [9.81562, 9.54312], [9.81524, 9.54206], [9.78145, 9.55594]]], [[[10.08203, 9.6814], [10.0972, 9.65976], [10.0835, 9.63358], [10.07276, 9.63384], [10.05929, 9.62924], [10.05405, 9.62594], [10.03192, 9.61912], [10.02888, 9.62018], [10.01255, 9.61492], [10.00471, 9.61051], [9.98481, 9.60293], [9.97778, 9.60007], [9.9487, 9.59997], [9.94605, 9.58026], [9.92451, 9.55945], [9.91591, 9.55644], [9.90011, 9.59157], [9.8585, 9.60065], [9.85493, 9.60313], [9.90199, 9.60867], [9.90678, 9.61179], [9.91316, 9.61115], [9.91595, 9.61087], [9.9356, 9.6051], [9.94217, 9.60905], [9.9444, 9.60946], [9.95493, 9.61137], [9.96229, 9.61271], [9.98064, 9.62326], [9.9912, 9.6384], [9.99165, 9.64564], [9.99166, 9.64574], [9.98569, 9.66272], [9.97852, 9.68081], [9.97928, 9.68088], [10.00666, 9.67647], [10.0238, 9.68503], [10.04662, 9.68941], [10.05258, 9.69061], [10.08203, 9.6814]]]]}, "properties": {"name": "Gagdi", "lga": "Kanam", "state": "pl"}}, {"type": "Feature", "geometry": {"type": "Polygon", "coordinates": [[[8.73561, 10.00973], [8.73302, 10.01677], [8.72104, 10.01729], [8.70621, 10.02659], [8.70577, 10.04028], [8.70368, 10.0458], [8.70061, 10.056], [8.69417, 10.06301], [8.68354, 10.06707], [8.6738, 10.06753], [8.67227, 10.08174], [8.67233, 10.09314], [8.69344, 10.10751], [8.69844, 10.11232], [8.71448, 10.12169], [8.72164, 10.11885], [8.72496, 10.09819], [8.73857, 10.07656], [8.74695, 10.06622], [8.7544, 10.05898], [8.76584, 10.0573], [8.7858, 10.04095], [8.79902, 10.04021], [8.81342, 10.03094], [8.81805, 10.02726], [8.82916, 10.01877], [8.83144, 10.01534], [8.82285, 10.0051], [8.81567, 10.00333], [8.80196, 10.00973], [8.78952, 10.01141], [8.78098, 10.0097], [8.76651, 10.01427], [8.74863, 10.0061], [8.73561, 10.00973]]]}, "properties": {"name": "Mafara", "lga": "Bassa", "state": "pl"}}, {"type": "Feature", "geometry": {"type": "Polygon", "coordinates": [[[8.57775, 9.49924], [8.57547, 9.50946], [8.57433, 9.51368], [8.56853, 9.51968], [8.56577, 9.52746], [8.56168, 9.54059], [8.55629, 9.55366], [8.5544, 9.56463], [8.57785, 9.5596], [8.60588, 9.55399], [8.60912, 9.55754], [8.64048, 9.56883], [8.64174, 9.56888], [8.65124, 9.57312], [8.6672, 9.56679], [8.66806, 9.56693], [8.68049, 9.56258], [8.69852, 9.55446], [8.68369, 9.53689], [8.67814, 9.53303], [8.67038, 9.52446], [8.66292, 9.51685], [8.64665, 9.5065], [8.64574, 9.50252], [8.61978, 9.4787], [8.60841, 9.45991], [8.60812, 9.46135], [8.60757, 9.464], [8.60512, 9.46674], [8.60242, 9.47269], [8.60224, 9.47655], [8.60266, 9.48255], [8.60142, 9.48339], [8.59553, 9.48593], [8.58821, 9.4893], [8.58431, 9.49324], [8.58013, 9.49558], [8.57775, 9.49924]]]}, "properties": {"name": "Sopp", "lga": "Riyom", "state": "pl"}}, {"type": "Feature", "geometry": {"type": "Polygon", "coordinates": [[[9.04738, 9.56288], [9.03838, 9.54753], [9.03536, 9.54728], [9.02936, 9.54372], [9.01478, 9.52927], [8.98871, 9.55165], [8.9667, 9.54368], [8.96624, 9.54614], [8.96073, 9.54812], [8.94765, 9.55709], [8.94073, 9.56331], [8.93391, 9.56676], [8.92612, 9.56978], [8.92598, 9.57011], [8.92114, 9.58292], [8.91883, 9.59873], [8.91951, 9.6063], [8.91974, 9.60639], [8.93334, 9.6066], [8.95377, 9.62266], [8.95772, 9.61884], [8.96541, 9.61639], [8.97286, 9.61], [8.9796, 9.60841], [8.98551, 9.59734], [8.99212, 9.59513], [8.99634, 9.59212], [8.99997, 9.58474], [9.01282, 9.5879], [9.02068, 9.58879], [9.02581, 9.5891], [9.02822, 9.58004], [9.0309, 9.57743], [9.03637, 9.57451], [9.04738, 9.56288]]]}, "properties": {"name": "Rafan", "lga": "Barkin Ladi", "state": "pl"}}, {"type": "Feature", "geometry": {"type": "Polygon", "coordinates": [[[9.49417, 9.00876], [9.46724, 8.98334], [9.4672, 8.9802], [9.46326, 8.98196], [9.45146, 8.98723], [9.44377, 8.98689], [9.43608, 8.98654], [9.42445, 8.98796], [9.41877, 8.98577], [9.41501, 8.98368], [9.41475, 8.99453], [9.41251, 8.99982], [9.41912, 9.01555], [9.42104, 9.01602], [9.42554, 9.01892], [9.45174, 9.02601], [9.45194, 9.02634], [9.46776, 9.03483], [9.47247, 9.02793], [9.4675, 9.02024], [9.46346, 9.01386], [9.46442, 9.01187], [9.47318, 9.0096], [9.47736, 9.01325], [9.4811, 9.01344], [9.48744, 9.0139], [9.49369, 9.01153], [9.49417, 9.00876]]]}, "properties": {"name": "Yep West", "lga": "Mikang", "state": "pl"}}, {"type": "Feature", "geometry": {"type": "Polygon", "coordinates": [[[8.98188, 9.86068], [8.98012, 9.85703], [8.97802, 9.85038], [8.97453, 9.8425], [8.97471, 9.83864], [8.97305, 9.8304], [8.95802, 9.82439], [8.95436, 9.82037], [8.95261, 9.81643], [8.95105, 9.80864], [8.95122, 9.80478], [8.95158, 9.79708], [8.95185, 9.7913], [8.94567, 9.75821], [8.94209, 9.75225], [8.91973, 9.73582], [8.9179, 9.73381], [8.91501, 9.73064], [8.90349, 9.74518], [8.90085, 9.75397], [8.90081, 9.76082], [8.90403, 9.76539], [8.90663, 9.77478], [8.90866, 9.78119], [8.91761, 9.78471], [8.91805, 9.78489], [8.93463, 9.79695], [8.94064, 9.81034], [8.935, 9.84245], [8.94256, 9.85582], [8.949, 9.85295], [8.95678, 9.85136], [8.96447, 9.8517], [8.97024, 9.85196], [8.97775, 9.85615], [8.98188, 9.86068]]]}, "properties": {"name": "Shen", "lga": "Jos South", "state": "pl"}}, {"type": "Feature", "geometry": {"type": "Polygon", "coordinates": [[[9.74571, 8.75521], [9.74628, 8.75543], [9.75111, 8.75729], [9.7567, 8.7614], [9.76229, 8.76551], [9.76412, 8.76752], [9.7677, 8.77347], [9.77963, 8.7564], [9.80214, 8.74225], [9.79645, 8.73339], [9.7936, 8.73043], [9.78828, 8.72771], [9.77145, 8.72894], [9.76188, 8.72484], [9.75734, 8.7289], [9.76001, 8.7382], [9.75692, 8.74432], [9.74571, 8.75521]]]}, "properties": {"name": "Mabudi North", "lga": "Langtang South", "state": "pl"}}, {"type": "Feature", "geometry": {"type": "Polygon", "coordinates": [[[9.17736, 8.4637], [9.17703, 8.46346], [9.17493, 8.46723], [9.16535, 8.46132], [9.15384, 8.47598], [9.13914, 8.46943], [9.12639, 8.47514], [9.10141, 8.47361], [9.09537, 8.47799], [9.0883, 8.4836], [9.08329, 8.48632], [9.08011, 8.48805], [9.07579, 8.48599], [9.06993, 8.48766], [9.06635, 8.49252], [9.06379, 8.49348], [9.05987, 8.49687], [9.05952, 8.50457], [9.05916, 8.51228], [9.05413, 8.51607], [9.04936, 8.51967], [9.04338, 8.51836], [9.0402, 8.51488], [9.03678, 8.51252], [9.03215, 8.51301], [9.02639, 8.51275], [9.02454, 8.51198], [9.02445, 8.51607], [9.03233, 8.53265], [9.04279, 8.55], [9.05326, 8.55509], [9.05725, 8.56348], [9.05005, 8.57698], [9.04912, 8.58493], [9.05097, 8.59416], [9.05649, 8.61167], [9.05749, 8.62265], [9.068, 8.62628], [9.06991, 8.62496], [9.0792, 8.62372], [9.08348, 8.6154], [9.09505, 8.62592], [9.09735, 8.62908], [9.09961, 8.63531], [9.10616, 8.64494], [9.10998, 8.64983], [9.12252, 8.66347], [9.13315, 8.66388], [9.1376, 8.66249], [9.1414, 8.65423], [9.14286, 8.64319], [9.16176, 8.63251], [9.16315, 8.63057], [9.16524, 8.62613], [9.16535, 8.61879], [9.16698, 8.60021], [9.16705, 8.58532], [9.17985, 8.57624], [9.18853, 8.57115], [9.19563, 8.54579], [9.1781, 8.47255], [9.17736, 8.4637]]]}, "properties": {"name": "Lankaku", "lga": "Qua'An Pan", "state": "pl"}}, {"type": "Feature", "geometry": {"type": "Polygon", "coordinates": [[[9.57122, 8.85382], [9.56568, 8.85649], [9.55483, 8.85604], [9.5461, 8.85202], [9.54446, 8.85356], [9.54378, 8.85656], [9.54239, 8.85828], [9.53643, 8.86214], [9.53628, 8.86328], [9.53696, 8.86534], [9.53646, 8.86648], [9.53447, 8.86713], [9.5339, 8.86798], [9.53429, 8.87065], [9.53399, 8.87143], [9.53322, 8.87218], [9.53215, 8.8744], [9.5411, 8.87828], [9.56628, 8.86524], [9.57477, 8.86615], [9.57122, 8.85382]]]}, "properties": {"name": "Shendam B", "lga": "Shendam", "state": "pl"}}, {"type": "Feature", "geometry": {"type": "Polygon", "coordinates": [[[9.77881, 9.26144], [9.78712, 9.26889], [9.78315, 9.29372], [9.78726, 9.29682], [9.80093, 9.29797], [9.80804, 9.2919], [9.81275, 9.2826], [9.82623, 9.27859], [9.83218, 9.27564], [9.84171, 9.27955], [9.85066, 9.28091], [9.8508, 9.26726], [9.84822, 9.2643], [9.84497, 9.26157], [9.84657, 9.25325], [9.84756, 9.25119], [9.85419, 9.24572], [9.85557, 9.24343], [9.85264, 9.23959], [9.84953, 9.23946], [9.84221, 9.24584], [9.8348, 9.24575], [9.83212, 9.24664], [9.82843, 9.24511], [9.82683, 9.24401], [9.82438, 9.24193], [9.81855, 9.23656], [9.81522, 9.23009], [9.81276, 9.22742], [9.80901, 9.2242], [9.80151, 9.22478], [9.79617, 9.23233], [9.78821, 9.2361], [9.78873, 9.2395], [9.78518, 9.249], [9.779, 9.2608], [9.77881, 9.26144]]]}, "properties": {"name": "Jat", "lga": "Langtang North", "state": "pl"}}, {"type": "Feature", "geometry": {"type": "Polygon", "coordinates": [[[9.5461, 8.85202], [9.55483, 8.85604], [9.56568, 8.85649], [9.57122, 8.85382], [9.57125, 8.85381], [9.57264, 8.84982], [9.56351, 8.84214], [9.56479, 8.82347], [9.56148, 8.81216], [9.56502, 8.80776], [9.56678, 8.79564], [9.544, 8.78573], [9.53644, 8.78024], [9.52589, 8.77812], [9.51148, 8.76812], [9.50763, 8.76727], [9.50393, 8.76938], [9.4988, 8.7782], [9.49917, 8.78168], [9.50119, 8.78274], [9.5044, 8.78685], [9.50285, 8.79225], [9.49774, 8.79484], [9.49168, 8.7946], [9.48871, 8.79437], [9.48244, 8.80106], [9.47773, 8.79852], [9.47494, 8.79555], [9.47187, 8.79827], [9.46973, 8.80172], [9.46788, 8.80278], [9.46046, 8.80433], [9.46089, 8.82166], [9.4701, 8.8308], [9.47817, 8.82773], [9.49272, 8.84663], [9.49917, 8.84391], [9.50526, 8.84447], [9.51077, 8.85208], [9.52427, 8.85133], [9.53445, 8.84457], [9.543, 8.84588], [9.5461, 8.85202]]]}, "properties": {"name": "Zemsuk", "lga": "Shendam", "state": "pl"}}, {"type": "Feature", "geometry": {"type": "Polygon", "coordinates": [[[8.69852, 9.55446], [8.70097, 9.55569], [8.71516, 9.54579], [8.71826, 9.5437], [8.72315, 9.53662], [8.72467, 9.53169], [8.72445, 9.51851], [8.73046, 9.51171], [8.74227, 9.51152], [8.75426, 9.50587], [8.78484, 9.51335], [8.78029, 9.49185], [8.77628, 9.48929], [8.76494, 9.47555], [8.75859, 9.47219], [8.73353, 9.48636], [8.73271, 9.48478], [8.72639, 9.48651], [8.71217, 9.48284], [8.70788, 9.48209], [8.70219, 9.47933], [8.69355, 9.48068], [8.68852, 9.4817], [8.67915, 9.48636], [8.65724, 9.49216], [8.64574, 9.50252], [8.64665, 9.5065], [8.66292, 9.51685], [8.67038, 9.52446], [8.67814, 9.53303], [8.68369, 9.53689], [8.69852, 9.55446]]]}, "properties": {"name": "Sharubutu", "lga": "Riyom", "state": "pl"}}, {"type": "Feature", "geometry": {"type": "Polygon", "coordinates": [[[9.44986, 9.25503], [9.45001, 9.25503], [9.45531, 9.25445], [9.48174, 9.21732], [9.48633, 9.22263], [9.4944, 9.22819], [9.50347, 9.22829], [9.50709, 9.22624], [9.51467, 9.21536], [9.51874, 9.21266], [9.52963, 9.21151], [9.53444, 9.21], [9.51308, 9.17877], [9.50601, 9.18871], [9.49259, 9.18733], [9.48468, 9.17775], [9.47628, 9.1737], [9.46989, 9.17589], [9.46501, 9.18428], [9.46987, 9.19187], [9.48049, 9.20185], [9.48512, 9.20972], [9.48062, 9.21704], [9.46275, 9.21264], [9.45846, 9.21749], [9.45387, 9.22405], [9.44714, 9.2515], [9.44803, 9.25438], [9.44986, 9.25503]]]}, "properties": {"name": "Kangrit", "lga": "Kanke", "state": "pl"}}, {"type": "Feature", "geometry": {"type": "Polygon", "coordinates": [[[8.84131, 9.72829], [8.84138, 9.72913], [8.84178, 9.72982], [8.83826, 9.7304], [8.8337, 9.73503], [8.83033, 9.73541], [8.82778, 9.73638], [8.80674, 9.73581], [8.80494, 9.74564], [8.83061, 9.7522], [8.8349, 9.75112], [8.83621, 9.7513], [8.838, 9.75106], [8.83924, 9.75348], [8.84703, 9.75358], [8.84822, 9.75256], [8.85128, 9.75127], [8.8525, 9.74755], [8.85484, 9.74685], [8.85672, 9.746], [8.85667, 9.73968], [8.85707, 9.73745], [8.85992, 9.73356], [8.86297, 9.73034], [8.85895, 9.73222], [8.85153, 9.73405], [8.84402, 9.7284], [8.84131, 9.72829]]]}, "properties": {"name": "Kuru B", "lga": "Jos South", "state": "pl"}}, {"type": "Feature", "geometry": {"type": "Polygon", "coordinates": [[[8.98188, 9.86068], [8.97775, 9.85615], [8.97024, 9.85196], [8.96447, 9.8517], [8.95678, 9.85136], [8.949, 9.85295], [8.94256, 9.85582], [8.94014, 9.8569], [8.93502, 9.86955], [8.932, 9.86975], [8.9277, 9.87059], [8.92403, 9.87112], [8.92334, 9.86817], [8.91734, 9.87085], [8.91142, 9.87058], [8.9112, 9.88074], [8.91056, 9.88501], [8.90952, 9.88533], [8.90759, 9.88667], [8.90704, 9.88985], [8.90614, 9.89201], [8.9059, 9.89533], [8.90538, 9.89563], [8.89946, 9.89869], [8.89617, 9.90535], [8.89894, 9.90944], [8.89699, 9.91063], [8.89718, 9.91553], [8.90017, 9.92008], [8.90708, 9.91926], [8.90798, 9.91885], [8.90844, 9.9187], [8.90927, 9.9185], [8.91058, 9.91304], [8.91096, 9.91268], [8.91249, 9.91204], [8.91198, 9.91133], [8.91178, 9.91083], [8.91743, 9.90949], [8.91771, 9.91027], [8.9182, 9.91125], [8.91899, 9.91357], [8.92204, 9.91422], [8.92223, 9.91535], [8.93125, 9.91564], [8.93185, 9.92181], [8.93297, 9.93345], [8.92146, 9.93957], [8.92425, 9.94479], [8.92876, 9.94844], [8.94165, 9.94811], [8.9526, 9.9489], [8.96017, 9.94671], [8.9627, 9.9429], [8.97027, 9.93866], [8.97425, 9.93982], [8.98872, 9.9107], [8.98916, 9.90106], [8.99162, 9.88959], [8.99005, 9.8818], [8.98849, 9.87401], [8.98482, 9.86998], [8.98316, 9.86412], [8.98188, 9.86068]]]}, "properties": {"name": "Lamingo", "lga": "Jos North", "state": "pl"}}, {"type": "Feature", "geometry": {"type": "Polygon", "coordinates": [[[9.77079, 8.46804], [9.77117, 8.47572], [9.773, 8.48077], [9.77537, 8.48684], [9.77903, 8.50026], [9.78117, 8.50125], [9.81254, 8.50491], [9.81777, 8.50368], [9.85494, 8.51926], [9.86817, 8.51581], [9.8935, 8.51751], [9.89752, 8.51741], [9.91574, 8.51064], [9.92854, 8.485], [9.92685, 8.48404], [9.92026, 8.47856], [9.89091, 8.44783], [9.86945, 8.43129], [9.86278, 8.42753], [9.85603, 8.4255], [9.85053, 8.42207], [9.84128, 8.42584], [9.79157, 8.43144], [9.77079, 8.46804]]]}, "properties": {"name": "Jemkur", "lga": "Langtang South", "state": "pl"}}, {"type": "Feature", "geometry": {"type": "Polygon", "coordinates": [[[9.75998, 9.02637], [9.76461, 9.02975], [9.75958, 9.03655], [9.7529, 9.04601], [9.74226, 9.03621], [9.73634, 9.04431], [9.73943, 9.05809], [9.74563, 9.06251], [9.74965, 9.0777], [9.75029, 9.07825], [9.75217, 9.07892], [9.75797, 9.09207], [9.76968, 9.09689], [9.7741, 9.09216], [9.77805, 9.08765], [9.78801, 9.08117], [9.79198, 9.08141], [9.79755, 9.09125], [9.79793, 9.09757], [9.80014, 9.10383], [9.80201, 9.10716], [9.80244, 9.10854], [9.80863, 9.11622], [9.81951, 9.11932], [9.81952, 9.11526], [9.82235, 9.10625], [9.82549, 9.10257], [9.82965, 9.09955], [9.8437, 9.09117], [9.84294, 9.08531], [9.84019, 9.08407], [9.83336, 9.07454], [9.83161, 9.06752], [9.82543, 9.05862], [9.82462, 9.05566], [9.81476, 9.05157], [9.81227, 9.03667], [9.8056, 9.03039], [9.79691, 9.02961], [9.78848, 9.01263], [9.78559, 9.01119], [9.77644, 9.00132], [9.76385, 9.00873], [9.76046, 9.01498], [9.75998, 9.02637]]]}, "properties": {"name": "Kuffen C", "lga": "Langtang North", "state": "pl"}}, {"type": "Feature", "geometry": {"type": "MultiPolygon", "coordinates": [[[[9.34211, 9.50747], [9.34689, 9.49955], [9.35442, 9.47883], [9.35329, 9.47695], [9.34758, 9.471], [9.34176, 9.46223], [9.33922, 9.45657], [9.33135, 9.45073], [9.32846, 9.44815], [9.31551, 9.44938], [9.32214, 9.46478], [9.31977, 9.47523], [9.32353, 9.47694], [9.34211, 9.50747]]], [[[9.2974, 9.50384], [9.29835, 9.50533], [9.29358, 9.51662], [9.29331, 9.52291], [9.29277, 9.52767], [9.29485, 9.53269], [9.29511, 9.54944], [9.31411, 9.56305], [9.31418, 9.56305], [9.34054, 9.54103], [9.34088, 9.53745], [9.34523, 9.51892], [9.34204, 9.50768], [9.31996, 9.50293], [9.31297, 9.48669], [9.29825, 9.4879], [9.2974, 9.50384]]]]}, "properties": {"name": "Kangshu", "lga": "Pankshin", "state": "pl"}}, {"type": "Feature", "geometry": {"type": "MultiPolygon", "coordinates": [[[[9.26261, 9.32239], [9.25815, 9.30568], [9.24961, 9.30769], [9.24297, 9.30326], [9.24048, 9.29897], [9.24025, 9.2926], [9.24475, 9.28437], [9.24787, 9.28558], [9.25386, 9.27639], [9.23001, 9.27122], [9.2265, 9.26829], [9.22286, 9.2698], [9.20761, 9.27137], [9.20512, 9.27378], [9.2029, 9.27898], [9.20601, 9.28869], [9.20588, 9.29645], [9.21193, 9.30016], [9.21507, 9.30638], [9.21645, 9.30811], [9.21692, 9.31034], [9.2167, 9.31313], [9.21953, 9.31908], [9.22744, 9.3236], [9.23169, 9.32664], [9.24002, 9.32343], [9.2508, 9.334], [9.2514, 9.33417], [9.26261, 9.32239]]], [[[9.11419, 9.5263], [9.11444, 9.51886], [9.09842, 9.50764], [9.10038, 9.51982], [9.10422, 9.53008], [9.11419, 9.5263]]]]}, "properties": {"name": "Bwonpe", "lga": "Mangu", "state": "pl"}}, {"type": "Feature", "geometry": {"type": "Polygon", "coordinates": [[[9.03851, 9.92339], [9.03052, 9.93015], [9.02285, 9.9384], [9.01531, 9.94284], [9.01182, 9.94651], [9.01177, 9.949], [9.00564, 9.96359], [8.99991, 9.98864], [9.00278, 9.98879], [9.00127, 10.00022], [9.00198, 10.00083], [9.00046, 10.00598], [9.00076, 10.00712], [9.00139, 10.00729], [9.00127, 10.00888], [9.00583, 10.01211], [9.00693, 10.01941], [9.00403, 10.02597], [9.00379, 10.02718], [9.00436, 10.02798], [9.00483, 10.02915], [9.00398, 10.0298], [9.00355, 10.03097], [9.00719, 10.03278], [9.01168, 10.02994], [9.01719, 10.0255], [9.02014, 10.0233], [9.03569, 10.01618], [9.04168, 10.01536], [9.04175, 10.01536], [9.04745, 10.01562], [9.05505, 10.01789], [9.05874, 10.01805], [9.0457, 9.99705], [9.05913, 9.98144], [9.06191, 9.97525], [9.06319, 9.97044], [9.06178, 9.96346], [9.06806, 9.95141], [9.05023, 9.92044], [9.04935, 9.92033], [9.03851, 9.92339]]]}, "properties": {"name": "Shere-Central", "lga": "Jos East", "state": "pl"}}, {"type": "Feature", "geometry": {"type": "Polygon", "coordinates": [[[9.45414, 8.61696], [9.44232, 8.62085], [9.43288, 8.62038], [9.41702, 8.61371], [9.40179, 8.61784], [9.36953, 8.62868], [9.3569, 8.63852], [9.35079, 8.64489], [9.34564, 8.65048], [9.34055, 8.67728], [9.33827, 8.6849], [9.33617, 8.68867], [9.33966, 8.69655], [9.34114, 8.70627], [9.3448, 8.71029], [9.34628, 8.72001], [9.34758, 8.73358], [9.35116, 8.73953], [9.35115, 8.73957], [9.38416, 8.74401], [9.40128, 8.74908], [9.41212, 8.75338], [9.41433, 8.7581], [9.42017, 8.77072], [9.42409, 8.77494], [9.43436, 8.77227], [9.44666, 8.7751], [9.45438, 8.77554], [9.46354, 8.77414], [9.4679, 8.77348], [9.478, 8.77113], [9.47726, 8.76805], [9.47058, 8.76482], [9.4685, 8.76086], [9.4737, 8.75645], [9.48751, 8.7544], [9.49122, 8.7475], [9.4887, 8.73883], [9.48491, 8.73197], [9.48591, 8.72732], [9.49518, 8.7245], [9.49879, 8.72046], [9.49865, 8.71788], [9.49708, 8.71628], [9.49584, 8.71346], [9.49855, 8.70472], [9.49993, 8.70303], [9.50264, 8.69927], [9.50435, 8.69448], [9.50204, 8.69279], [9.49723, 8.69396], [9.49266, 8.692], [9.4881, 8.69275], [9.48572, 8.69115], [9.48572, 8.68608], [9.48392, 8.68326], [9.47973, 8.68016], [9.4805, 8.678], [9.48629, 8.67311], [9.48915, 8.66982], [9.48725, 8.66878], [9.48525, 8.66878], [9.48411, 8.66737], [9.48449, 8.66418], [9.48715, 8.66305], [9.4842, 8.64783], [9.47669, 8.62858], [9.46502, 8.62229], [9.45414, 8.61696]]]}, "properties": {"name": "Ngotlong", "lga": "Shendam", "state": "pl"}}, {"type": "Feature", "geometry": {"type": "Polygon", "coordinates": [[[9.78833, 9.15039], [9.78824, 9.14887], [9.7887, 9.14791], [9.78899, 9.14715], [9.79236, 9.14345], [9.79115, 9.14146], [9.79084, 9.14093], [9.79051, 9.13975], [9.79505, 9.13747], [9.79352, 9.13402], [9.79022, 9.13261], [9.78989, 9.13198], [9.78753, 9.12596], [9.78349, 9.12497], [9.78296, 9.12562], [9.78207, 9.12634], [9.77922, 9.12591], [9.7781, 9.126], [9.77558, 9.12503], [9.77557, 9.12504], [9.77283, 9.1286], [9.77104, 9.13512], [9.76308, 9.14855], [9.76063, 9.1507], [9.77486, 9.15243], [9.78071, 9.1514], [9.78346, 9.14953], [9.78763, 9.1511], [9.78833, 9.15039]]]}, "properties": {"name": "Kuffen A", "lga": "Langtang North", "state": "pl"}}, {"type": "Feature", "geometry": {"type": "Polygon", "coordinates": [[[8.63469, 9.86683], [8.63815, 9.88566], [8.64479, 9.90103], [8.68799, 9.89474], [8.69155, 9.89124], [8.68362, 9.87093], [8.65616, 9.84416], [8.64131, 9.8482], [8.63931, 9.85581], [8.63469, 9.86683]]]}, "properties": {"name": "Taagbe", "lga": "Bassa", "state": "pl"}}, {"type": "Feature", "geometry": {"type": "Polygon", "coordinates": [[[9.87995, 9.25897], [9.8787, 9.25863], [9.87362, 9.25864], [9.86964, 9.2598], [9.86609, 9.26136], [9.86431, 9.26756], [9.8508, 9.26726], [9.85066, 9.28091], [9.84171, 9.27955], [9.83218, 9.27564], [9.82623, 9.27859], [9.81275, 9.2826], [9.80804, 9.2919], [9.80093, 9.29797], [9.78726, 9.29682], [9.78315, 9.29372], [9.76804, 9.29602], [9.76503, 9.31206], [9.76292, 9.32566], [9.76484, 9.33489], [9.76632, 9.33902], [9.75882, 9.35675], [9.75868, 9.35959], [9.75977, 9.36907], [9.77463, 9.38433], [9.7991, 9.3655], [9.80108, 9.36729], [9.80933, 9.36683], [9.82346, 9.36719], [9.82828, 9.37167], [9.83181, 9.37702], [9.82768, 9.38852], [9.83981, 9.39806], [9.84684, 9.39747], [9.85646, 9.39342], [9.88418, 9.4062], [9.89141, 9.40569], [9.86935, 9.36609], [9.86947, 9.36322], [9.86974, 9.34687], [9.86751, 9.33908], [9.86842, 9.32797], [9.8621, 9.31111], [9.87437, 9.30031], [9.87292, 9.29587], [9.87871, 9.28078], [9.87953, 9.2765], [9.8847, 9.26547], [9.87995, 9.25897]]]}, "properties": {"name": "Gumsher", "lga": "Kanam", "state": "pl"}}, {"type": "Feature", "geometry": {"type": "Polygon", "coordinates": [[[8.69328, 9.69178], [8.69408, 9.69599], [8.70571, 9.69736], [8.71085, 9.7111], [8.70884, 9.71294], [8.70473, 9.71855], [8.70254, 9.72424], [8.70044, 9.72801], [8.69729, 9.73366], [8.70017, 9.73379], [8.7097, 9.73615], [8.70995, 9.73635], [8.70486, 9.74334], [8.71032, 9.74647], [8.71794, 9.74251], [8.7399, 9.75106], [8.75087, 9.72816], [8.7476, 9.70314], [8.73891, 9.70061], [8.74044, 9.69257], [8.73965, 9.69282], [8.73818, 9.69301], [8.73757, 9.69307], [8.7375, 9.69279], [8.73751, 9.69157], [8.73645, 9.69189], [8.73536, 9.69231], [8.73472, 9.69273], [8.71418, 9.69446], [8.70696, 9.69123], [8.69328, 9.69178]]]}, "properties": {"name": "Chugwi", "lga": "Jos South", "state": "pl"}}, {"type": "Feature", "geometry": {"type": "Polygon", "coordinates": [[[8.78495, 9.51356], [8.78484, 9.51335], [8.75426, 9.50587], [8.74227, 9.51152], [8.73046, 9.51171], [8.72445, 9.51851], [8.72467, 9.53169], [8.72315, 9.53662], [8.71826, 9.5437], [8.71516, 9.54579], [8.70097, 9.55569], [8.70185, 9.55944], [8.70505, 9.56352], [8.70898, 9.56734], [8.72233, 9.5751], [8.72973, 9.57989], [8.73416, 9.59201], [8.73994, 9.5913], [8.76354, 9.60055], [8.77131, 9.59811], [8.77268, 9.58846], [8.7755, 9.57754], [8.77364, 9.56798], [8.77412, 9.55901], [8.77503, 9.55235], [8.77801, 9.53069], [8.7825, 9.5203], [8.78495, 9.51356]]]}, "properties": {"name": "Rim", "lga": "Riyom", "state": "pl"}}, {"type": "Feature", "geometry": {"type": "Polygon", "coordinates": [[[8.87182, 9.64682], [8.84955, 9.62846], [8.8458, 9.62636], [8.8381, 9.62602], [8.82831, 9.62944], [8.82245, 9.63111], [8.81642, 9.63664], [8.81441, 9.63848], [8.81038, 9.64216], [8.80251, 9.64567], [8.79509, 9.63955], [8.79334, 9.63561], [8.79169, 9.62975], [8.79003, 9.62388], [8.78471, 9.61399], [8.77518, 9.61164], [8.76723, 9.61708], [8.76495, 9.6247], [8.76468, 9.63048], [8.76249, 9.63617], [8.75842, 9.63896], [8.75469, 9.6415], [8.75986, 9.6656], [8.75858, 9.66996], [8.75721, 9.67547], [8.75426, 9.67758], [8.75287, 9.67818], [8.75344, 9.68391], [8.75505, 9.68389], [8.75564, 9.68581], [8.75849, 9.68567], [8.76066, 9.68607], [8.7603, 9.69091], [8.7869, 9.69146], [8.81092, 9.71305], [8.83103, 9.69977], [8.84535, 9.6903], [8.85277, 9.68262], [8.86256, 9.67812], [8.88011, 9.6759], [8.88037, 9.67036], [8.87182, 9.64682]]]}, "properties": {"name": "Turu B", "lga": "Jos South", "state": "pl"}}, {"type": "Feature", "geometry": {"type": "Polygon", "coordinates": [[[9.6698, 9.28661], [9.64253, 9.30955], [9.64247, 9.30965], [9.64221, 9.31569], [9.63145, 9.35076], [9.62637, 9.36347], [9.63489, 9.38646], [9.63853, 9.38639], [9.64591, 9.38519], [9.66318, 9.38794], [9.66398, 9.38779], [9.66601, 9.38648], [9.6654, 9.36371], [9.68388, 9.35651], [9.68925, 9.33601], [9.68362, 9.33301], [9.68197, 9.32239], [9.68435, 9.31549], [9.69535, 9.31383], [9.69902, 9.31268], [9.68906, 9.29184], [9.68525, 9.29249], [9.67028, 9.28701], [9.6698, 9.28661]]]}, "properties": {"name": "Gungji", "lga": "Kanke", "state": "pl"}}, {"type": "Feature", "geometry": {"type": "MultiPolygon", "coordinates": [[[[8.96509, 9.64691], [8.9555, 9.65273], [8.95101, 9.65398], [8.94119, 9.65757], [8.94819, 9.67833], [8.95351, 9.67865], [8.95775, 9.68167], [8.962, 9.68228], [8.96451, 9.68304], [8.96581, 9.68252], [8.97628, 9.68902], [8.98789, 9.68364], [8.98999, 9.68136], [9.00102, 9.67621], [9.00463, 9.67047], [8.99309, 9.66605], [8.9892, 9.66297], [8.99359, 9.65332], [8.98851, 9.64727], [8.96996, 9.65008], [8.96509, 9.64691]]], [[[9.04982, 9.68755], [9.05628, 9.68543], [9.07366, 9.67596], [9.07459, 9.67609], [9.08636, 9.6892], [9.09317, 9.68414], [9.11237, 9.68329], [9.1122, 9.683], [9.11912, 9.68019], [9.1196, 9.67772], [9.12032, 9.66645], [9.11776, 9.65936], [9.11571, 9.65079], [9.11642, 9.64413], [9.10159, 9.63396], [9.08653, 9.6329], [9.06147, 9.62276], [9.06144, 9.63146], [9.05727, 9.64184], [9.04047, 9.63647], [9.04264, 9.6532], [9.048, 9.65384], [9.05237, 9.65626], [9.04933, 9.66526], [9.04328, 9.6646], [9.03152, 9.66874], [9.02641, 9.66528], [9.01371, 9.66335], [9.01283, 9.66794], [9.01878, 9.67986], [9.02616, 9.6862], [9.03254, 9.68706], [9.04884, 9.68698], [9.04982, 9.68755]]]]}, "properties": {"name": "Kapwis", "lga": "Barkin Ladi", "state": "pl"}}, {"type": "Feature", "geometry": {"type": "MultiPolygon", "coordinates": [[[[9.6794, 8.98977], [9.67573, 8.99211], [9.67229, 9.02196], [9.68218, 9.02736], [9.6853, 9.02411], [9.69429, 9.01591], [9.70007, 9.01022], [9.6794, 8.98977]]], [[[9.75998, 9.02637], [9.76046, 9.01498], [9.76385, 9.00873], [9.77644, 9.00132], [9.77744, 8.99175], [9.77666, 8.98608], [9.78078, 8.9738], [9.77314, 8.9637], [9.76623, 8.96298], [9.75262, 8.97061], [9.74871, 8.98115], [9.74289, 8.98648], [9.74319, 8.99283], [9.73601, 8.99866], [9.75147, 9.01316], [9.75198, 9.02426], [9.73969, 9.02852], [9.73857, 9.0328], [9.73483, 9.03756], [9.71596, 9.04395], [9.71323, 9.05179], [9.70157, 9.05327], [9.69398, 9.05917], [9.69059, 9.0605], [9.68794, 9.06184], [9.68203, 9.06263], [9.67816, 9.06355], [9.67101, 9.07079], [9.67187, 9.07887], [9.66886, 9.08054], [9.66923, 9.08269], [9.6488, 9.07608], [9.64071, 9.10459], [9.6232, 9.13695], [9.63138, 9.14346], [9.63638, 9.14926], [9.63686, 9.14914], [9.67527, 9.14161], [9.68358, 9.13679], [9.69733, 9.12209], [9.70337, 9.12018], [9.70876, 9.11904], [9.71861, 9.11511], [9.71741, 9.10701], [9.71854, 9.09166], [9.72164, 9.09371], [9.74262, 9.0977], [9.75029, 9.07825], [9.74965, 9.0777], [9.74563, 9.06251], [9.73943, 9.05809], [9.73634, 9.04431], [9.74226, 9.03621], [9.7529, 9.04601], [9.75958, 9.03655], [9.76461, 9.02975], [9.75998, 9.02637]]]]}, "properties": {"name": "Lallin A", "lga": "Mikang", "state": "pl"}}, {"type": "Feature", "geometry": {"type": "Polygon", "coordinates": [[[8.87664, 9.61738], [8.87399, 9.62375], [8.87383, 9.62462], [8.87564, 9.64036], [8.88018, 9.64055], [8.88868, 9.62929], [8.88945, 9.62302], [8.87664, 9.61738]]]}, "properties": {"name": "Pwomo / Chit", "lga": "Barkin Ladi", "state": "pl"}}, {"type": "Feature", "geometry": {"type": "Polygon", "coordinates": [[[9.68956, 8.93023], [9.68916, 8.93021], [9.6757, 8.92962], [9.66618, 8.92726], [9.65849, 8.92692], [9.65473, 8.92482], [9.64934, 8.95409], [9.6477, 8.95782], [9.64424, 8.97414], [9.64927, 8.98504], [9.6527, 8.98868], [9.6622, 8.99181], [9.67573, 8.99211], [9.6794, 8.98977], [9.6856, 8.97711], [9.68716, 8.9753], [9.69204, 8.96962], [9.70241, 8.96436], [9.71664, 8.94905], [9.71958, 8.94687], [9.72149, 8.93937], [9.71197, 8.93702], [9.70262, 8.93081], [9.69878, 8.93064], [9.68956, 8.93023]]]}, "properties": {"name": "Luham", "lga": "Mikang", "state": "pl"}}, {"type": "Feature", "geometry": {"type": "Polygon", "coordinates": [[[9.0652, 9.9181], [9.08023, 9.8985], [9.07997, 9.89189], [9.07678, 9.88147], [9.0732, 9.87559], [9.06574, 9.87177], [9.05383, 9.88104], [9.04935, 9.92033], [9.05023, 9.92044], [9.0652, 9.9181]]]}, "properties": {"name": "Fobur East", "lga": "Jos East", "state": "pl"}}, {"type": "Feature", "geometry": {"type": "Polygon", "coordinates": [[[9.4672, 8.9802], [9.47131, 8.97459], [9.47726, 8.971], [9.48329, 8.96547], [9.50977, 8.96503], [9.52152, 8.93049], [9.52729, 8.93075], [9.53104, 8.93285], [9.53376, 8.93297], [9.535, 8.91789], [9.53512, 8.91766], [9.53269, 8.91676], [9.53198, 8.91113], [9.52676, 8.90927], [9.50537, 8.88251], [9.49243, 8.88065], [9.49269, 8.87031], [9.49267, 8.87032], [9.48493, 8.86361], [9.45225, 8.86555], [9.44954, 8.86123], [9.4536, 8.85721], [9.4533, 8.84873], [9.45119, 8.84561], [9.45225, 8.84129], [9.43628, 8.82522], [9.403, 8.82677], [9.40282, 8.83063], [9.40054, 8.83825], [9.3946, 8.84184], [9.39066, 8.8436], [9.38691, 8.8415], [9.37921, 8.84116], [9.37537, 8.84099], [9.3696, 8.84074], [9.36182, 8.84232], [9.35797, 8.84215], [9.35395, 8.84583], [9.35194, 8.84767], [9.34984, 8.85144], [9.34581, 8.85512], [9.34371, 8.85889], [9.34152, 8.86458], [9.34134, 8.86844], [9.34108, 8.87422], [9.34273, 8.88008], [9.34054, 8.88578], [9.33107, 8.88694], [9.32821, 8.90361], [9.33965, 8.90504], [9.34131, 8.91091], [9.34488, 8.91686], [9.34645, 8.92465], [9.34994, 8.93253], [9.353, 8.93703], [9.36594, 8.93822], [9.37393, 8.95287], [9.36918, 8.96602], [9.37, 8.97941], [9.37481, 8.97803], [9.38241, 8.9803], [9.39963, 8.983], [9.4054, 8.98325], [9.41108, 8.98543], [9.41501, 8.98368], [9.41877, 8.98577], [9.42445, 8.98796], [9.43608, 8.98654], [9.44377, 8.98689], [9.45146, 8.98723], [9.46326, 8.98196], [9.4672, 8.9802]]]}, "properties": {"name": "Pangshom", "lga": "Shendam", "state": "pl"}}, {"type": "Feature", "geometry": {"type": "Polygon", "coordinates": [[[8.84522, 9.15946], [8.82846, 9.16852], [8.82822, 9.16816], [8.8238, 9.17013], [8.81464, 9.16746], [8.80509, 9.17706], [8.80244, 9.20005], [8.8007, 9.19977], [8.79961, 9.20457], [8.79598, 9.21293], [8.79853, 9.21576], [8.76813, 9.27324], [8.80646, 9.27519], [8.83814, 9.27331], [8.84308, 9.26594], [8.85464, 9.25849], [8.86885, 9.24255], [8.8697, 9.23892], [8.87412, 9.22558], [8.87917, 9.21294], [8.88043, 9.20752], [8.8828, 9.19505], [8.88304, 9.19156], [8.88538, 9.18989], [8.87048, 9.16773], [8.85291, 9.17187], [8.84522, 9.15946]]]}, "properties": {"name": "Daffo", "lga": "Bokkos", "state": "pl"}}, {"type": "Feature", "geometry": {"type": "Polygon", "coordinates": [[[9.47153, 9.05105], [9.46057, 9.06101], [9.47642, 9.07866], [9.48578, 9.07917], [9.49486, 9.08668], [9.49532, 9.08867], [9.50311, 9.09808], [9.52783, 9.0937], [9.53964, 9.08123], [9.53198, 9.07422], [9.52099, 9.07229], [9.5126, 9.06202], [9.50906, 9.05742], [9.50688, 9.04773], [9.50603, 9.04505], [9.50598, 9.03878], [9.49297, 9.03625], [9.48533, 9.04201], [9.47886, 9.05006], [9.47153, 9.05105]]]}, "properties": {"name": "Moedong", "lga": "Mikang", "state": "pl"}}, {"type": "Feature", "geometry": {"type": "Polygon", "coordinates": [[[9.40642, 9.14756], [9.39856, 9.1398], [9.3926, 9.13687], [9.38931, 9.13406], [9.38405, 9.13], [9.37792, 9.12904], [9.37329, 9.13016], [9.36644, 9.13826], [9.36608, 9.1446], [9.3713, 9.15721], [9.36608, 9.16617], [9.36587, 9.16969], [9.35829, 9.17319], [9.35474, 9.18459], [9.3624, 9.19049], [9.36317, 9.19633], [9.36273, 9.19858], [9.35413, 9.20193], [9.35214, 9.20459], [9.35203, 9.20748], [9.35489, 9.21331], [9.37331, 9.21855], [9.37262, 9.23455], [9.3854, 9.24203], [9.39328, 9.23368], [9.39791, 9.22909], [9.39553, 9.21147], [9.40165, 9.207], [9.39683, 9.19568], [9.38771, 9.20233], [9.38532, 9.19992], [9.38494, 9.19742], [9.38821, 9.18471], [9.3995, 9.18029], [9.40465, 9.17191], [9.40686, 9.17117], [9.40642, 9.14756]]]}, "properties": {"name": "Chip", "lga": "Pankshin", "state": "pl"}}, {"type": "Feature", "geometry": {"type": "Polygon", "coordinates": [[[9.53964, 9.08123], [9.52783, 9.0937], [9.52465, 9.1134], [9.51172, 9.11503], [9.50855, 9.12437], [9.5048, 9.1264], [9.50201, 9.12755], [9.49347, 9.12463], [9.48645, 9.12726], [9.48449, 9.1305], [9.48531, 9.13929], [9.48734, 9.1453], [9.49155, 9.15057], [9.47824, 9.16065], [9.47628, 9.1737], [9.48468, 9.17775], [9.49259, 9.18733], [9.50601, 9.18871], [9.51308, 9.17877], [9.53444, 9.21], [9.54607, 9.20884], [9.55278, 9.20341], [9.55463, 9.20047], [9.54917, 9.18678], [9.55429, 9.17536], [9.55869, 9.13881], [9.58388, 9.12606], [9.54973, 9.08192], [9.53964, 9.08123]]]}, "properties": {"name": "Tal A", "lga": "Pankshin", "state": "pl"}}, {"type": "Feature", "geometry": {"type": "Polygon", "coordinates": [[[9.08101, 9.81074], [9.05621, 9.80083], [9.02924, 9.83181], [9.031, 9.83669], [9.03518, 9.84222], [9.04078, 9.84931], [9.04033, 9.86093], [9.04426, 9.8735], [9.05383, 9.88104], [9.06574, 9.87177], [9.06573, 9.85258], [9.06133, 9.84336], [9.08101, 9.81074]]]}, "properties": {"name": "Fobur Central", "lga": "Jos East", "state": "pl"}}, {"type": "Feature", "geometry": {"type": "Polygon", "coordinates": [[[9.93073, 9.20914], [9.92794, 9.21261], [9.9161, 9.21442], [9.90357, 9.21171], [9.89954, 9.21559], [9.89359, 9.21685], [9.88536, 9.2239], [9.88706, 9.23549], [9.89088, 9.24159], [9.89396, 9.24304], [9.87995, 9.25897], [9.8847, 9.26547], [9.87953, 9.2765], [9.87871, 9.28078], [9.87292, 9.29587], [9.87437, 9.30031], [9.88845, 9.30173], [9.89323, 9.31372], [9.90541, 9.32356], [9.90952, 9.33186], [9.92379, 9.32513], [9.92571, 9.32276], [9.94395, 9.3104], [9.94158, 9.29595], [9.9502, 9.28847], [9.95388, 9.27503], [9.95688, 9.27236], [9.95554, 9.26545], [9.95073, 9.26125], [9.94207, 9.25598], [9.9427, 9.25015], [9.94056, 9.2471], [9.96434, 9.23455], [9.96044, 9.22103], [9.95697, 9.21791], [9.95257, 9.20281], [9.93073, 9.20914]]]}, "properties": {"name": "Namaran", "lga": "Kanam", "state": "pl"}}, {"type": "Feature", "geometry": {"type": "Polygon", "coordinates": [[[9.15762, 9.74082], [9.13914, 9.73538], [9.1363, 9.73085], [9.12942, 9.73216], [9.11506, 9.73772], [9.11544, 9.74126], [9.11325, 9.75252], [9.11202, 9.75908], [9.10496, 9.78306], [9.10275, 9.80323], [9.10336, 9.80326], [9.13045, 9.80053], [9.13795, 9.80051], [9.14554, 9.80135], [9.16944, 9.80687], [9.17919, 9.81161], [9.19832, 9.77266], [9.19268, 9.7715], [9.18795, 9.76896], [9.1841, 9.76879], [9.1558, 9.75595], [9.15353, 9.75346], [9.15213, 9.75193], [9.15038, 9.74799], [9.15218, 9.74476], [9.15762, 9.74082]]]}, "properties": {"name": "Majuju Doss", "lga": "Jos East", "state": "pl"}}, {"type": "Feature", "geometry": {"type": "Polygon", "coordinates": [[[9.59228, 9.40568], [9.58223, 9.389], [9.58852, 9.36775], [9.56966, 9.36687], [9.56681, 9.37724], [9.55997, 9.37928], [9.55613, 9.38329], [9.5483, 9.3684], [9.54718, 9.36963], [9.5371, 9.3785], [9.52802, 9.3778], [9.51193, 9.38086], [9.50092, 9.38932], [9.51072, 9.39279], [9.52643, 9.39723], [9.52917, 9.40463], [9.53189, 9.40884], [9.53647, 9.41299], [9.53674, 9.41868], [9.54798, 9.42664], [9.55391, 9.41877], [9.55631, 9.41732], [9.56053, 9.41054], [9.57248, 9.41089], [9.57883, 9.4064], [9.59228, 9.40568]]]}, "properties": {"name": "Kabwir-Pada", "lga": "Kanke", "state": "pl"}}, {"type": "Feature", "geometry": {"type": "Polygon", "coordinates": [[[8.74685, 10.2133], [8.76173, 10.22833], [8.77525, 10.22434], [8.78034, 10.22193], [8.78364, 10.2168], [8.78837, 10.20644], [8.79072, 10.19692], [8.79543, 10.1865], [8.7812, 10.16429], [8.79044, 10.13992], [8.76754, 10.12363], [8.74397, 10.1282], [8.74535, 10.16813], [8.7434, 10.16879], [8.74419, 10.18123], [8.74537, 10.1889], [8.74918, 10.20079], [8.75053, 10.20823], [8.74685, 10.2133]]]}, "properties": {"name": "Kadamo", "lga": "Bassa", "state": "pl"}}, {"type": "Feature", "geometry": {"type": "MultiPolygon", "coordinates": [[[[9.90811, 8.55107], [9.9229, 8.55436], [9.92641, 8.54144], [9.92784, 8.52166], [9.94986, 8.49879], [9.94344, 8.49517], [9.93352, 8.4878], [9.92854, 8.485], [9.91574, 8.51064], [9.89752, 8.51741], [9.90811, 8.55107]]], [[[9.75398, 8.59739], [9.75668, 8.6021], [9.79872, 8.60209], [9.8046, 8.58552], [9.82583, 8.57986], [9.83051, 8.56883], [9.82659, 8.55681], [9.83733, 8.54204], [9.85494, 8.51926], [9.81777, 8.50368], [9.81254, 8.50491], [9.78117, 8.50125], [9.77903, 8.50026], [9.77093, 8.51144], [9.76458, 8.51745], [9.74191, 8.53749], [9.74092, 8.53836], [9.74854, 8.55245], [9.75883, 8.57844], [9.75398, 8.59739]]]]}, "properties": {"name": "Timbol", "lga": "Langtang South", "state": "pl"}}, {"type": "Feature", "geometry": {"type": "Polygon", "coordinates": [[[8.87234, 9.50239], [8.8618, 9.51538], [8.87341, 9.53105], [8.87499, 9.53081], [8.88114, 9.536], [8.88274, 9.53783], [8.88545, 9.54209], [8.8904, 9.54532], [8.89193, 9.54304], [8.89391, 9.52854], [8.89253, 9.51223], [8.88538, 9.50259], [8.87234, 9.50239]]]}, "properties": {"name": "Takwok", "lga": "Barkin Ladi", "state": "pl"}}, {"type": "Feature", "geometry": {"type": "Polygon", "coordinates": [[[9.57122, 8.85382], [9.57477, 8.86615], [9.57802, 8.87746], [9.5819, 8.88197], [9.58247, 8.89234], [9.58448, 8.89674], [9.58879, 8.90614], [9.59763, 8.91657], [9.59894, 8.92428], [9.60465, 8.92453], [9.61234, 8.92487], [9.61811, 8.92323], [9.61819, 8.9232], [9.6279, 8.9217], [9.63559, 8.92204], [9.63582, 8.91754], [9.63792, 8.91435], [9.62707, 8.90544], [9.6233, 8.88461], [9.63407, 8.88512], [9.63274, 8.84851], [9.61924, 8.83123], [9.61845, 8.8015], [9.60799, 8.79724], [9.6024, 8.79504], [9.60169, 8.79442], [9.59598, 8.78738], [9.59197, 8.7833], [9.59014, 8.7818], [9.58766, 8.78025], [9.57791, 8.77755], [9.57793, 8.77847], [9.57657, 8.78058], [9.57472, 8.78192], [9.56973, 8.78227], [9.56482, 8.78475], [9.56102, 8.78898], [9.55817, 8.79179], [9.56678, 8.79564], [9.56502, 8.80776], [9.56148, 8.81216], [9.56479, 8.82347], [9.56351, 8.84214], [9.57264, 8.84982], [9.57125, 8.85381], [9.57122, 8.85382]]]}, "properties": {"name": "Kwapklik", "lga": "Shendam", "state": "pl"}}, {"type": "Feature", "geometry": {"type": "Polygon", "coordinates": [[[9.61684, 8.37185], [9.61554, 8.37439], [9.61096, 8.37867], [9.60501, 8.38584], [9.60155, 8.39272], [9.59756, 8.40265], [9.60558, 8.42131], [9.62313, 8.47345], [9.63945, 8.48772], [9.66949, 8.4879], [9.69601, 8.48868], [9.6961, 8.48844], [9.69812, 8.4866], [9.70442, 8.47529], [9.70495, 8.46373], [9.71117, 8.45436], [9.71327, 8.45059], [9.71729, 8.44691], [9.72333, 8.44138], [9.72543, 8.43762], [9.72744, 8.43577], [9.73374, 8.42447], [9.73401, 8.41869], [9.73437, 8.41098], [9.73472, 8.40328], [9.73691, 8.39758], [9.7391, 8.39189], [9.74505, 8.38829], [9.75117, 8.38084], [9.75473, 8.37447], [9.75665, 8.36734], [9.71106, 8.37327], [9.70713, 8.37503], [9.70328, 8.37486], [9.69559, 8.37451], [9.69358, 8.37636], [9.68388, 8.37786], [9.67994, 8.37961], [9.66831, 8.38103], [9.66438, 8.38278], [9.65477, 8.38235], [9.65275, 8.3842], [9.64613, 8.38102], [9.63449, 8.38185], [9.62246, 8.38316], [9.62046, 8.38337], [9.62111, 8.3814], [9.6232, 8.37503], [9.62629, 8.36985], [9.6251, 8.36691], [9.62106, 8.36891], [9.61726, 8.37103], [9.61684, 8.37185]]]}, "properties": {"name": "Juban", "lga": "Shendam", "state": "pl"}}, {"type": "Feature", "geometry": {"type": "Polygon", "coordinates": [[[10.02067, 9.10172], [10.00637, 9.11868], [9.99914, 9.11957], [9.9952, 9.11922], [9.97495, 9.12904], [9.96782, 9.15122], [9.97277, 9.15898], [9.97076, 9.17147], [9.97281, 9.17795], [9.9862, 9.19254], [9.98904, 9.20947], [9.99261, 9.21445], [10.01204, 9.21209], [10.01241, 9.2107], [10.01859, 9.20504], [10.02142, 9.19996], [10.01782, 9.19139], [10.02708, 9.182], [10.04149, 9.17225], [10.04306, 9.17478], [10.04942, 9.18092], [10.06122, 9.19418], [10.06126, 9.20117], [10.06539, 9.20877], [10.06973, 9.21624], [10.09634, 9.22146], [10.1017, 9.23526], [10.10178, 9.23528], [10.11448, 9.21909], [10.10885, 9.20755], [10.10044, 9.21322], [10.08149, 9.19058], [10.08095, 9.1905], [10.07235, 9.18918], [10.07043, 9.17905], [10.06728, 9.17313], [10.04804, 9.16372], [10.05033, 9.15388], [10.04742, 9.14276], [10.05008, 9.13329], [10.04209, 9.1155], [10.03847, 9.11075], [10.02067, 9.10172]]]}, "properties": {"name": "Yola-Wukat", "lga": "Wase", "state": "pl"}}, {"type": "Feature", "geometry": {"type": "Polygon", "coordinates": [[[9.46057, 9.06101], [9.47153, 9.05105], [9.46776, 9.03483], [9.45194, 9.02634], [9.45174, 9.02601], [9.42554, 9.01892], [9.42104, 9.01602], [9.41912, 9.01555], [9.4148, 9.02019], [9.41492, 9.02652], [9.41724, 9.03785], [9.41207, 9.05758], [9.41331, 9.064], [9.42011, 9.07273], [9.41895, 9.08773], [9.41958, 9.0908], [9.43601, 9.10304], [9.4488, 9.067], [9.44912, 9.06789], [9.45092, 9.06222], [9.46057, 9.06101]]]}, "properties": {"name": "Koenoem B", "lga": "Mikang", "state": "pl"}}, {"type": "Feature", "geometry": {"type": "Polygon", "coordinates": [[[9.30888, 8.8159], [9.30999, 8.80893], [9.30298, 8.79597], [9.29531, 8.78374], [9.29542, 8.77585], [9.28944, 8.7737], [9.28739, 8.76932], [9.28744, 8.76333], [9.27824, 8.75365], [9.27196, 8.75364], [9.25862, 8.74303], [9.26557, 8.73338], [9.25905, 8.72453], [9.2547, 8.72168], [9.24863, 8.72286], [9.24536, 8.72337], [9.23984, 8.72616], [9.23107, 8.72635], [9.22709, 8.72455], [9.22049, 8.73138], [9.22757, 8.7444], [9.2201, 8.75133], [9.21592, 8.767], [9.2142, 8.76779], [9.20847, 8.79452], [9.22811, 8.80737], [9.22922, 8.80637], [9.25391, 8.80788], [9.26001, 8.81014], [9.2668, 8.82238], [9.26888, 8.82482], [9.27511, 8.82547], [9.27921, 8.82394], [9.29618, 8.82086], [9.29643, 8.82065], [9.30239, 8.81659], [9.30888, 8.8159]]]}, "properties": {"name": "Kurgwi West", "lga": "Qua'An Pan", "state": "pl"}}, {"type": "Feature", "geometry": {"type": "Polygon", "coordinates": [[[9.11642, 9.64413], [9.11671, 9.64389], [9.14135, 9.63528], [9.14135, 9.63488], [9.13262, 9.61786], [9.12853, 9.61035], [9.12676, 9.60295], [9.12347, 9.59806], [9.1233, 9.59795], [9.11825, 9.58099], [9.11325, 9.57777], [9.10698, 9.57424], [9.09167, 9.57776], [9.08323, 9.57371], [9.07631, 9.57296], [9.07318, 9.57544], [9.04916, 9.56472], [9.05595, 9.58697], [9.05749, 9.58809], [9.05818, 9.59568], [9.05811, 9.59975], [9.05903, 9.61485], [9.06107, 9.6207], [9.06147, 9.62276], [9.08653, 9.6329], [9.10159, 9.63396], [9.11642, 9.64413]]]}, "properties": {"name": "Tafan B", "lga": "Barkin Ladi", "state": "pl"}}, {"type": "Feature", "geometry": {"type": "Polygon", "coordinates": [[[9.4811, 9.40521], [9.45173, 9.39464], [9.45181, 9.39374], [9.44494, 9.38925], [9.43167, 9.38361], [9.42001, 9.38988], [9.41832, 9.40501], [9.429, 9.41412], [9.42924, 9.42464], [9.41747, 9.41916], [9.41622, 9.4238], [9.41178, 9.43], [9.42473, 9.43805], [9.42882, 9.437], [9.4358, 9.43469], [9.43975, 9.43529], [9.44677, 9.43646], [9.44822, 9.45009], [9.44986, 9.45203], [9.46105, 9.46066], [9.45949, 9.46698], [9.46436, 9.47575], [9.47597, 9.47541], [9.48424, 9.47517], [9.48699, 9.45019], [9.48087, 9.44685], [9.4797, 9.43168], [9.47403, 9.42508], [9.4811, 9.40521]]]}, "properties": {"name": "Mukan / Nyelleng", "lga": "Pankshin", "state": "pl"}}, {"type": "Feature", "geometry": {"type": "Polygon", "coordinates": [[[9.77423, 8.79886], [9.76225, 8.79856], [9.75623, 8.79484], [9.74855, 8.7999], [9.74207, 8.79975], [9.72867, 8.79678], [9.71813, 8.80347], [9.71933, 8.81851], [9.71962, 8.82141], [9.7204, 8.82906], [9.71844, 8.83799], [9.71468, 8.84573], [9.70157, 8.85242], [9.69816, 8.85831], [9.70102, 8.8663], [9.69745, 8.87686], [9.69686, 8.88227], [9.69828, 8.88485], [9.69858, 8.8882], [9.69097, 8.90129], [9.68956, 8.93023], [9.69878, 8.93064], [9.70262, 8.93081], [9.71197, 8.93702], [9.72149, 8.93937], [9.72534, 8.93954], [9.73478, 8.94382], [9.74054, 8.94408], [9.74823, 8.94442], [9.75593, 8.94476], [9.76187, 8.94116], [9.76974, 8.93765], [9.77569, 8.93406], [9.7777, 8.93221], [9.78172, 8.92853], [9.78392, 8.92284], [9.78418, 8.91706], [9.78253, 8.91119], [9.78271, 8.90734], [9.78315, 8.89771], [9.78429, 8.8939], [9.78543, 8.89009], [9.78395, 8.88037], [9.78046, 8.87249], [9.77881, 8.86663], [9.77916, 8.85892], [9.77786, 8.84535], [9.77621, 8.83948], [9.77464, 8.83169], [9.77509, 8.82206], [9.77352, 8.81427], [9.77396, 8.80472], [9.77397, 8.80464], [9.77423, 8.79886]]]}, "properties": {"name": "Derteng", "lga": "Shendam", "state": "pl"}}, {"type": "Feature", "geometry": {"type": "Polygon", "coordinates": [[[8.72104, 10.01729], [8.73302, 10.01677], [8.73561, 10.00973], [8.7343, 9.98866], [8.73692, 9.98685], [8.74064, 9.98253], [8.75377, 9.97997], [8.76147, 9.97566], [8.7684, 9.96923], [8.77825, 9.96424], [8.78846, 9.96287], [8.7951, 9.95672], [8.79887, 9.94239], [8.8001, 9.93776], [8.80654, 9.93349], [8.80617, 9.93216], [8.80489, 9.92763], [8.79957, 9.91774], [8.77923, 9.91458], [8.77507, 9.92008], [8.77033, 9.92265], [8.76754, 9.92613], [8.75594, 9.93526], [8.75014, 9.93712], [8.74534, 9.94395], [8.74238, 9.94612], [8.73673, 9.94888], [8.73279, 9.94915], [8.72622, 9.9568], [8.72081, 9.95861], [8.72, 9.96701], [8.71531, 9.97522], [8.70755, 9.97857], [8.70319, 9.98139], [8.69357, 9.98627], [8.69324, 9.99165], [8.69951, 10.00098], [8.70796, 10.00429], [8.72104, 10.01729]]]}, "properties": {"name": "Buhit", "lga": "Bassa", "state": "pl"}}, {"type": "Feature", "geometry": {"type": "Polygon", "coordinates": [[[9.78315, 9.29372], [9.78712, 9.26889], [9.77881, 9.26144], [9.75932, 9.26241], [9.75777, 9.26131], [9.74946, 9.25807], [9.74008, 9.25696], [9.73643, 9.25608], [9.73238, 9.25543], [9.71446, 9.2723], [9.71633, 9.27532], [9.7151, 9.28113], [9.7159, 9.29467], [9.72206, 9.30821], [9.72123, 9.31327], [9.72371, 9.32296], [9.72779, 9.32811], [9.72709, 9.34568], [9.75882, 9.35675], [9.76632, 9.33902], [9.76484, 9.33489], [9.76292, 9.32566], [9.76503, 9.31206], [9.76804, 9.29602], [9.78315, 9.29372]]]}, "properties": {"name": "Amper B", "lga": "Kanke", "state": "pl"}}, {"type": "Feature", "geometry": {"type": "MultiPolygon", "coordinates": [[[[9.30553, 9.05922], [9.28526, 9.04616], [9.28206, 9.05113], [9.28112, 9.05612], [9.284, 9.06393], [9.30004, 9.07053], [9.30553, 9.05922]]], [[[9.22456, 9.02938], [9.21857, 9.03387], [9.23033, 9.07018], [9.23058, 9.07053], [9.24283, 9.0715], [9.24621, 9.06644], [9.24889, 9.0598], [9.23233, 9.03175], [9.22456, 9.02938]]]]}, "properties": {"name": "Doka West", "lga": "Qua'An Pan", "state": "pl"}}, {"type": "Feature", "geometry": {"type": "Polygon", "coordinates": [[[9.79608, 9.20749], [9.80078, 9.20873], [9.80381, 9.20768], [9.80811, 9.19968], [9.81142, 9.19763], [9.81909, 9.19894], [9.8196, 9.19945], [9.82007, 9.20057], [9.82076, 9.20112], [9.82551, 9.20061], [9.82667, 9.20355], [9.83367, 9.20472], [9.83459, 9.20339], [9.83179, 9.19982], [9.82932, 9.19654], [9.83101, 9.19133], [9.83262, 9.18984], [9.83259, 9.18762], [9.83083, 9.18356], [9.83057, 9.18118], [9.82911, 9.1796], [9.82704, 9.17921], [9.82475, 9.17963], [9.82346, 9.17915], [9.82263, 9.17711], [9.81867, 9.17003], [9.81063, 9.17013], [9.80951, 9.16862], [9.80715, 9.16745], [9.80601, 9.16834], [9.80098, 9.16768], [9.8009, 9.16603], [9.79901, 9.16641], [9.7939, 9.16689], [9.79201, 9.16715], [9.79122, 9.16862], [9.77076, 9.17542], [9.76596, 9.18845], [9.76611, 9.18883], [9.7749, 9.19454], [9.7762, 9.19656], [9.77657, 9.20286], [9.77678, 9.20355], [9.78427, 9.20713], [9.79508, 9.20795], [9.79608, 9.20749]]]}, "properties": {"name": "Kwanpe", "lga": "Langtang North", "state": "pl"}}, {"type": "Feature", "geometry": {"type": "Polygon", "coordinates": [[[9.75977, 9.36907], [9.75868, 9.35959], [9.75882, 9.35675], [9.72709, 9.34568], [9.72779, 9.32811], [9.72371, 9.32296], [9.72123, 9.31327], [9.69902, 9.31268], [9.69535, 9.31383], [9.68435, 9.31549], [9.68197, 9.32239], [9.68362, 9.33301], [9.68925, 9.33601], [9.68388, 9.35651], [9.69125, 9.35866], [9.69854, 9.36317], [9.71955, 9.36279], [9.71273, 9.37201], [9.71235, 9.38064], [9.7136, 9.38931], [9.72352, 9.41102], [9.72853, 9.42224], [9.72917, 9.43158], [9.73629, 9.43913], [9.73755, 9.4391], [9.75437, 9.41917], [9.75726, 9.41248], [9.75182, 9.40548], [9.73794, 9.40064], [9.73563, 9.39514], [9.73499, 9.38076], [9.75977, 9.36907]]]}, "properties": {"name": "Amper C", "lga": "Kanke", "state": "pl"}}, {"type": "Feature", "geometry": {"type": "Polygon", "coordinates": [[[9.71962, 8.82141], [9.69977, 8.82503], [9.68914, 8.81698], [9.66864, 8.82015], [9.66264, 8.82209], [9.65574, 8.82108], [9.6437, 8.81932], [9.63771, 8.78959], [9.64087, 8.76671], [9.65224, 8.75466], [9.65957, 8.75192], [9.65473, 8.7481], [9.65181, 8.74473], [9.64969, 8.74678], [9.64294, 8.74679], [9.63695, 8.75398], [9.62269, 8.7568], [9.61656, 8.75567], [9.60558, 8.75947], [9.60301, 8.76497], [9.59759, 8.76751], [9.57779, 8.76639], [9.57791, 8.77755], [9.58766, 8.78025], [9.59014, 8.7818], [9.59197, 8.7833], [9.59598, 8.78738], [9.60169, 8.79442], [9.6024, 8.79504], [9.60799, 8.79724], [9.61845, 8.8015], [9.61924, 8.83123], [9.63274, 8.84851], [9.63407, 8.88512], [9.65118, 8.88594], [9.6578, 8.87259], [9.66632, 8.87575], [9.67916, 8.87609], [9.6889, 8.89055], [9.68514, 8.89451], [9.66284, 8.90114], [9.66103, 8.92366], [9.65849, 8.92692], [9.66618, 8.92726], [9.6757, 8.92962], [9.68916, 8.93021], [9.68956, 8.93023], [9.69097, 8.90129], [9.69858, 8.8882], [9.69828, 8.88485], [9.69686, 8.88227], [9.69745, 8.87686], [9.70102, 8.8663], [9.69816, 8.85831], [9.70157, 8.85242], [9.71468, 8.84573], [9.71844, 8.83799], [9.7204, 8.82906], [9.71962, 8.82141]]]}, "properties": {"name": "Kurumbur A", "lga": "Shendam", "state": "pl"}}, {"type": "Feature", "geometry": {"type": "Polygon", "coordinates": [[[9.01182, 9.94651], [8.98043, 9.94519], [8.97383, 9.94092], [8.97164, 9.94662], [8.96909, 9.96002], [8.96883, 9.9658], [8.97039, 9.97359], [8.97205, 9.97945], [8.97746, 9.98742], [8.99991, 9.98864], [9.00564, 9.96359], [9.01177, 9.949], [9.01182, 9.94651]]]}, "properties": {"name": "Shere-West", "lga": "Jos East", "state": "pl"}}, {"type": "Feature", "geometry": {"type": "Polygon", "coordinates": [[[8.85857, 9.85396], [8.85922, 9.85331], [8.85921, 9.85296], [8.85831, 9.8528], [8.85778, 9.8528], [8.85935, 9.85131], [8.85912, 9.85083], [8.85835, 9.85071], [8.85724, 9.85033], [8.85791, 9.84887], [8.85674, 9.84839], [8.8564, 9.84817], [8.86466, 9.82658], [8.86457, 9.82515], [8.86319, 9.82384], [8.86472, 9.82173], [8.86513, 9.82169], [8.86566, 9.81802], [8.86414, 9.81619], [8.86321, 9.81613], [8.86102, 9.81568], [8.86081, 9.81514], [8.86073, 9.81389], [8.85165, 9.81019], [8.85067, 9.80797], [8.85035, 9.804], [8.84221, 9.81006], [8.83951, 9.821], [8.82563, 9.82503], [8.78826, 9.83669], [8.78905, 9.83802], [8.78767, 9.84212], [8.78868, 9.85032], [8.78732, 9.85831], [8.78468, 9.86024], [8.78426, 9.86428], [8.7834, 9.86718], [8.78361, 9.8692], [8.78571, 9.87359], [8.79039, 9.87707], [8.79187, 9.88606], [8.79695, 9.8909], [8.80853, 9.89451], [8.80833, 9.89496], [8.80605, 9.90259], [8.80371, 9.90542], [8.8098, 9.90468], [8.81182, 9.90284], [8.81785, 9.89732], [8.82389, 9.89179], [8.83211, 9.88058], [8.83229, 9.87672], [8.83355, 9.87251], [8.84345, 9.87311], [8.84967, 9.87015], [8.85115, 9.86988], [8.85205, 9.87007], [8.85304, 9.87004], [8.85337, 9.86897], [8.85192, 9.8685], [8.85064, 9.86773], [8.85536, 9.86252], [8.85417, 9.85507], [8.85488, 9.85521], [8.85558, 9.85534], [8.85567, 9.85499], [8.85606, 9.85404], [8.85604, 9.85261], [8.85746, 9.85329], [8.85857, 9.85396]]]}, "properties": {"name": "Gyel B", "lga": "Jos South", "state": "pl"}}, {"type": "Feature", "geometry": {"type": "Polygon", "coordinates": [[[9.59341, 9.35848], [9.62637, 9.36347], [9.63145, 9.35076], [9.64221, 9.31569], [9.64247, 9.30965], [9.61038, 9.29657], [9.60637, 9.29661], [9.59808, 9.31669], [9.58529, 9.31476], [9.58196, 9.31984], [9.56661, 9.32944], [9.56475, 9.3355], [9.56205, 9.34001], [9.56327, 9.3419], [9.56565, 9.3424], [9.57522, 9.34542], [9.58693, 9.34144], [9.59341, 9.35848]]]}, "properties": {"name": "Ampang B", "lga": "Kanke", "state": "pl"}}, {"type": "Feature", "geometry": {"type": "Polygon", "coordinates": [[[8.97628, 9.68902], [8.97667, 9.70156], [8.98206, 9.70575], [8.98682, 9.70469], [8.99377, 9.70309], [9.00789, 9.69874], [9.01429, 9.69974], [9.02031, 9.69883], [9.02181, 9.70731], [9.03249, 9.70631], [9.05452, 9.70805], [9.05508, 9.70758], [9.05521, 9.69668], [9.04982, 9.68755], [9.04884, 9.68698], [9.03254, 9.68706], [9.02616, 9.6862], [9.01878, 9.67986], [9.01283, 9.66794], [9.01371, 9.66335], [9.02641, 9.66528], [9.03152, 9.66874], [9.04328, 9.6646], [9.04933, 9.66526], [9.05237, 9.65626], [9.048, 9.65384], [9.04264, 9.6532], [9.04047, 9.63647], [9.03894, 9.63553], [9.03469, 9.63096], [9.02627, 9.63171], [9.02253, 9.63706], [9.02015, 9.6409], [9.0158, 9.64564], [9.01138, 9.64823], [9.00769, 9.65588], [8.99359, 9.65332], [8.9892, 9.66297], [8.99309, 9.66605], [9.00463, 9.67047], [9.00102, 9.67621], [8.98999, 9.68136], [8.98789, 9.68364], [8.97628, 9.68902]]]}, "properties": {"name": "Kapwen", "lga": "Barkin Ladi", "state": "pl"}}, {"type": "Feature", "geometry": {"type": "Polygon", "coordinates": [[[9.9229, 8.55436], [9.9268, 8.57104], [9.94218, 8.56561], [9.95877, 8.57082], [9.95637, 8.5907], [9.96217, 8.60022], [9.96448, 8.60653], [9.96722, 8.6143], [9.96961, 8.61741], [9.98712, 8.63174], [9.99451, 8.61957], [10.01668, 8.6135], [10.03833, 8.59842], [10.05184, 8.59177], [10.02548, 8.5698], [10.00418, 8.54981], [9.99776, 8.54087], [9.96311, 8.51336], [9.94986, 8.49879], [9.92784, 8.52166], [9.92641, 8.54144], [9.9229, 8.55436]]]}, "properties": {"name": "Fajul", "lga": "Langtang South", "state": "pl"}}, {"type": "Feature", "geometry": {"type": "Polygon", "coordinates": [[[8.80371, 9.90542], [8.79992, 9.91004], [8.79957, 9.91774], [8.80489, 9.92763], [8.80617, 9.93216], [8.81708, 9.92501], [8.81973, 9.92184], [8.82733, 9.92446], [8.83123, 9.92383], [8.83864, 9.91826], [8.85802, 9.91753], [8.86002, 9.91767], [8.86751, 9.91738], [8.86748, 9.91239], [8.87389, 9.91238], [8.87306, 9.90657], [8.87493, 9.90451], [8.87417, 9.90331], [8.87567, 9.89696], [8.87968, 9.89247], [8.87883, 9.89124], [8.8731, 9.89479], [8.86889, 9.89148], [8.86457, 9.89186], [8.86457, 9.89028], [8.86475, 9.88802], [8.86055, 9.8871], [8.86298, 9.8757], [8.86157, 9.87388], [8.86072, 9.87449], [8.8597, 9.87422], [8.85791, 9.87347], [8.85703, 9.87293], [8.8551, 9.87187], [8.85438, 9.87185], [8.84993, 9.87196], [8.85088, 9.87633], [8.85092, 9.87744], [8.85084, 9.87898], [8.84102, 9.88157], [8.84088, 9.88058], [8.83725, 9.88096], [8.83741, 9.88275], [8.83741, 9.88429], [8.83099, 9.88211], [8.83015, 9.88325], [8.828, 9.88618], [8.82389, 9.89179], [8.81785, 9.89732], [8.81182, 9.90284], [8.8098, 9.90468], [8.80371, 9.90542]]]}, "properties": {"name": "Tudun Wada", "lga": "Jos North", "state": "pl"}}, {"type": "Feature", "geometry": {"type": "Polygon", "coordinates": [[[9.0338, 8.80034], [8.9959, 8.85246], [8.99908, 8.85324], [9.00301, 8.85149], [9.01062, 8.85375], [9.01621, 8.85786], [9.01804, 8.85987], [9.02354, 8.86591], [9.03182, 8.89524], [9.03907, 8.90521], [9.04081, 8.90915], [9.04448, 8.91317], [9.0443, 8.91702], [9.04596, 8.92289], [9.04599, 8.92293], [9.06373, 8.91204], [9.06962, 8.92616], [9.08018, 8.92667], [9.08431, 8.93011], [9.08527, 8.93923], [9.10072, 8.94277], [9.10384, 8.94254], [9.10889, 8.9416], [9.11467, 8.93591], [9.12759, 8.93788], [9.13512, 8.94594], [9.13934, 8.95061], [9.13994, 8.955], [9.14161, 8.96911], [9.13586, 8.97764], [9.1572, 9.01731], [9.18212, 8.99382], [9.18163, 8.98241], [9.18507, 8.95818], [9.1851, 8.95811], [9.18215, 8.94832], [9.18496, 8.94342], [9.19048, 8.93436], [9.1878, 8.92175], [9.18271, 8.91573], [9.17913, 8.90804], [9.17905, 8.90025], [9.17533, 8.89093], [9.18203, 8.87695], [9.1611, 8.86153], [9.16087, 8.86152], [9.15427, 8.86045], [9.14034, 8.85341], [9.13803, 8.84844], [9.14001, 8.83814], [9.13787, 8.83313], [9.12508, 8.82174], [9.12164, 8.81786], [9.11065, 8.81071], [9.103, 8.8084], [9.08208, 8.81047], [9.06137, 8.80633], [9.04359, 8.80554], [9.0338, 8.80034]]]}, "properties": {"name": "Bwall", "lga": "Qua'An Pan", "state": "pl"}}, {"type": "Feature", "geometry": {"type": "Polygon", "coordinates": [[[8.72164, 10.11885], [8.74397, 10.1282], [8.76754, 10.12363], [8.79044, 10.13992], [8.79857, 10.1391], [8.81238, 10.13631], [8.8195, 10.13135], [8.82033, 10.11278], [8.84097, 10.08543], [8.85027, 10.07845], [8.86243, 10.06621], [8.86749, 10.05114], [8.8657, 10.03405], [8.87125, 10.02838], [8.87598, 10.01863], [8.88147, 10.00695], [8.85571, 9.99441], [8.84623, 9.9959], [8.84469, 9.99502], [8.83603, 10.01297], [8.83144, 10.01534], [8.82916, 10.01877], [8.81805, 10.02726], [8.81342, 10.03094], [8.79902, 10.04021], [8.7858, 10.04095], [8.76584, 10.0573], [8.7544, 10.05898], [8.74695, 10.06622], [8.73857, 10.07656], [8.72496, 10.09819], [8.72164, 10.11885]]]}, "properties": {"name": "Gurum B", "lga": "Bassa", "state": "pl"}}, {"type": "Feature", "geometry": {"type": "Polygon", "coordinates": [[[9.09957, 9.09328], [9.10315, 9.08623], [9.07808, 9.06792], [9.07194, 9.04389], [9.07973, 9.02831], [9.05688, 9.02632], [9.05412, 9.02491], [9.05277, 9.02551], [9.04956, 9.02616], [9.04499, 9.02709], [9.03922, 9.02684], [9.02777, 9.0244], [9.02393, 9.02423], [9.02017, 9.02213], [9.01632, 9.02198], [9.01228, 9.02179], [9.00889, 9.02077], [9.00434, 9.02106], [9.00094, 9.02128], [8.99867, 9.02037], [8.99529, 9.01902], [8.96682, 9.01504], [8.96375, 9.01576], [8.96074, 9.01563], [8.95488, 9.0173], [8.95113, 9.0152], [8.94302, 9.01558], [8.92989, 9.01619], [8.92412, 9.01594], [8.91818, 9.01715], [8.91634, 9.01752], [8.90848, 9.0191], [8.90951, 9.03126], [8.91797, 9.05714], [8.92557, 9.0669], [8.9427, 9.07798], [8.95121, 9.10368], [8.95531, 9.11495], [8.95852, 9.12617], [8.95875, 9.12639], [8.96187, 9.12662], [8.98894, 9.13589], [8.99687, 9.14368], [9.00352, 9.14631], [9.02016, 9.14707], [9.02372, 9.14839], [9.03475, 9.12481], [9.0538, 9.11809], [9.06531, 9.11371], [9.0929, 9.09935], [9.09957, 9.09328]]]}, "properties": {"name": "Mushere West", "lga": "Bokkos", "state": "pl"}}, {"type": "Feature", "geometry": {"type": "Polygon", "coordinates": [[[9.36222, 9.35141], [9.36203, 9.3469], [9.35107, 9.33407], [9.34857, 9.32107], [9.36327, 9.31311], [9.36584, 9.30063], [9.34566, 9.29236], [9.34508, 9.28624], [9.3458, 9.281], [9.35164, 9.27665], [9.36509, 9.27632], [9.36682, 9.26828], [9.35362, 9.26278], [9.34679, 9.24132], [9.34316, 9.24111], [9.33221, 9.25645], [9.32788, 9.2562], [9.30977, 9.25754], [9.30828, 9.27134], [9.30829, 9.2758], [9.30402, 9.28861], [9.30365, 9.30257], [9.29987, 9.31159], [9.29993, 9.32569], [9.29715, 9.33037], [9.28032, 9.33655], [9.27433, 9.33638], [9.26434, 9.34885], [9.27338, 9.35863], [9.28012, 9.36012], [9.29202, 9.36844], [9.30001, 9.36735], [9.32272, 9.37849], [9.32281, 9.37979], [9.33429, 9.38138], [9.34009, 9.36874], [9.34448, 9.36592], [9.35049, 9.3681], [9.36222, 9.35141]]]}, "properties": {"name": "Lankan", "lga": "Pankshin", "state": "pl"}}, {"type": "Feature", "geometry": {"type": "Polygon", "coordinates": [[[9.73483, 9.03756], [9.73857, 9.0328], [9.73969, 9.02852], [9.75198, 9.02426], [9.75147, 9.01316], [9.73601, 8.99866], [9.74319, 8.99283], [9.74289, 8.98648], [9.74871, 8.98115], [9.75262, 8.97061], [9.76623, 8.96298], [9.75593, 8.94476], [9.74823, 8.94442], [9.74054, 8.94408], [9.73478, 8.94382], [9.72534, 8.93954], [9.72149, 8.93937], [9.71958, 8.94687], [9.71664, 8.94905], [9.70241, 8.96436], [9.69204, 8.96962], [9.68716, 8.9753], [9.6856, 8.97711], [9.6794, 8.98977], [9.70007, 9.01022], [9.69429, 9.01591], [9.6853, 9.02411], [9.68218, 9.02736], [9.67229, 9.02196], [9.66184, 9.02279], [9.65119, 9.02499], [9.65142, 9.03365], [9.63903, 9.05609], [9.64594, 9.06595], [9.6488, 9.07608], [9.66923, 9.08269], [9.66886, 9.08054], [9.67187, 9.07887], [9.67101, 9.07079], [9.67816, 9.06355], [9.68203, 9.06263], [9.68794, 9.06184], [9.69059, 9.0605], [9.69398, 9.05917], [9.70157, 9.05327], [9.71323, 9.05179], [9.71596, 9.04395], [9.73483, 9.03756]]]}, "properties": {"name": "Lallin B", "lga": "Mikang", "state": "pl"}}, {"type": "Feature", "geometry": {"type": "Polygon", "coordinates": [[[8.67145, 9.25127], [8.76785, 9.27336], [8.76813, 9.27324], [8.79853, 9.21576], [8.79598, 9.21293], [8.79961, 9.20457], [8.8007, 9.19977], [8.80244, 9.20005], [8.80509, 9.17706], [8.79738, 9.16274], [8.79561, 9.16332], [8.79234, 9.16129], [8.78281, 9.16154], [8.77118, 9.16352], [8.76551, 9.16369], [8.765, 9.16524], [8.76106, 9.167], [8.75503, 9.17252], [8.74899, 9.17804], [8.70808, 9.18781], [8.69633, 9.1871], [8.69077, 9.18704], [8.68702, 9.18494], [8.68116, 9.18661], [8.67731, 9.18644], [8.67329, 9.19013], [8.66752, 9.18987], [8.6635, 9.19355], [8.66148, 9.19539], [8.65781, 9.20769], [8.67145, 9.25127]]]}, "properties": {"name": "Sha", "lga": "Bokkos", "state": "pl"}}, {"type": "Feature", "geometry": {"type": "Polygon", "coordinates": [[[8.80674, 9.73581], [8.82778, 9.73638], [8.83033, 9.73541], [8.8337, 9.73503], [8.83826, 9.7304], [8.84178, 9.72982], [8.84341, 9.72085], [8.83925, 9.71394], [8.8379, 9.71055], [8.83672, 9.70608], [8.83649, 9.70402], [8.83415, 9.70222], [8.83103, 9.69977], [8.81092, 9.71305], [8.80674, 9.73581]]]}, "properties": {"name": "Kushe", "lga": "Jos South", "state": "pl"}}, {"type": "Feature", "geometry": {"type": "Polygon", "coordinates": [[[8.9959, 8.85246], [9.0338, 8.80034], [9.02988, 8.7708], [9.03364, 8.77153], [9.0405, 8.76399], [9.06552, 8.75932], [9.09375, 8.74674], [9.10597, 8.74393], [9.11616, 8.73564], [9.12721, 8.73208], [9.13359, 8.73024], [9.1383, 8.72982], [9.14828, 8.72376], [9.15126, 8.71917], [9.16017, 8.71298], [9.16224, 8.70333], [9.17135, 8.69583], [9.17072, 8.69025], [9.16676, 8.67892], [9.1623, 8.66775], [9.17, 8.66295], [9.16176, 8.63251], [9.14286, 8.64319], [9.1414, 8.65423], [9.1376, 8.66249], [9.13315, 8.66388], [9.12252, 8.66347], [9.10998, 8.64983], [9.10616, 8.64494], [9.09961, 8.63531], [9.09735, 8.62908], [9.09505, 8.62592], [9.08348, 8.6154], [9.0792, 8.62372], [9.06991, 8.62496], [9.068, 8.62628], [9.05749, 8.62265], [9.04207, 8.62888], [9.04611, 8.63746], [9.05925, 8.64542], [9.06004, 8.65237], [9.0585, 8.65847], [9.05389, 8.6606], [9.0483, 8.66334], [9.03715, 8.66903], [9.03139, 8.6833], [9.01365, 8.71672], [9.00567, 8.72281], [8.97813, 8.71623], [8.91951, 8.68193], [8.91395, 8.68618], [8.91181, 8.69877], [8.91074, 8.70299], [8.90766, 8.71022], [8.90284, 8.71933], [8.89689, 8.72727], [8.89214, 8.73293], [8.89193, 8.74035], [8.89603, 8.74828], [8.89937, 8.75097], [8.90078, 8.7521], [8.90441, 8.75503], [8.90469, 8.75813], [8.90109, 8.76395], [8.90055, 8.77551], [8.90388, 8.77916], [8.90789, 8.78356], [8.91558, 8.7839], [8.91915, 8.7833], [8.92397, 8.78249], [8.92904, 8.78449], [8.93271, 8.78551], [8.93833, 8.79367], [8.94515, 8.79956], [8.94903, 8.81048], [8.9506, 8.81578], [8.95097, 8.82419], [8.9511, 8.82714], [8.95007, 8.82983], [8.9498, 8.83561], [8.9553, 8.84164], [8.95704, 8.84558], [8.95879, 8.84952], [8.96639, 8.85179], [8.97399, 8.85406], [8.98562, 8.85264], [8.98955, 8.85089], [8.9959, 8.85246]]]}, "properties": {"name": "Namu Central", "lga": "Qua'An Pan", "state": "pl"}}, {"type": "Feature", "geometry": {"type": "Polygon", "coordinates": [[[8.91761, 9.78471], [8.89023, 9.80286], [8.88669, 9.80227], [8.88503, 9.80315], [8.88525, 9.80456], [8.88549, 9.80614], [8.88316, 9.81529], [8.88045, 9.81632], [8.87902, 9.81646], [8.87825, 9.81987], [8.87824, 9.81995], [8.88053, 9.82251], [8.88087, 9.82322], [8.88169, 9.82572], [8.88227, 9.82625], [8.88489, 9.82739], [8.88031, 9.83607], [8.88191, 9.83748], [8.88258, 9.85371], [8.88317, 9.85414], [8.88384, 9.85561], [8.88855, 9.85574], [8.89821, 9.85551], [8.89867, 9.85559], [8.9003, 9.85651], [8.89966, 9.86187], [8.90744, 9.86382], [8.91244, 9.86667], [8.91139, 9.87058], [8.91142, 9.87058], [8.91734, 9.87085], [8.92334, 9.86817], [8.92403, 9.87112], [8.9277, 9.87059], [8.932, 9.86975], [8.93502, 9.86955], [8.94014, 9.8569], [8.94256, 9.85582], [8.935, 9.84245], [8.94064, 9.81034], [8.93463, 9.79695], [8.91805, 9.78489], [8.91761, 9.78471]]]}, "properties": {"name": "Du B", "lga": "Jos South", "state": "pl"}}, {"type": "Feature", "geometry": {"type": "Polygon", "coordinates": [[[8.97383, 9.94092], [8.97425, 9.93982], [8.97027, 9.93866], [8.9627, 9.9429], [8.96017, 9.94671], [8.9526, 9.9489], [8.94165, 9.94811], [8.92876, 9.94844], [8.92425, 9.94479], [8.92146, 9.93957], [8.90969, 9.939], [8.9074, 9.94089], [8.90721, 9.94409], [8.90708, 9.94701], [8.90676, 9.94855], [8.90625, 9.94983], [8.9058, 9.95062], [8.90464, 9.95243], [8.90269, 9.95435], [8.90126, 9.95519], [8.88923, 9.95924], [8.88849, 9.9629], [8.89291, 9.96736], [8.89488, 9.973], [8.89571, 9.97293], [8.89955, 9.97708], [8.90858, 9.98668], [8.91845, 9.98914], [8.92665, 9.99827], [8.93033, 10.00306], [8.93913, 10.00482], [8.95151, 10.01109], [8.96209, 10.00521], [8.97746, 9.98742], [8.97205, 9.97945], [8.97039, 9.97359], [8.96883, 9.9658], [8.96909, 9.96002], [8.97164, 9.94662], [8.97383, 9.94092]]]}, "properties": {"name": "Mazah", "lga": "Jos North", "state": "pl"}}, {"type": "Feature", "geometry": {"type": "Polygon", "coordinates": [[[9.02999, 9.17091], [9.02985, 9.17396], [9.03032, 9.18251], [9.02851, 9.19119], [9.03089, 9.19679], [9.03738, 9.20632], [9.04812, 9.20637], [9.05604, 9.21078], [9.06393, 9.21774], [9.07163, 9.22116], [9.07619, 9.22423], [9.08706, 9.22766], [9.09673, 9.23183], [9.11138, 9.23481], [9.11297, 9.23279], [9.09443, 9.20248], [9.08924, 9.19127], [9.08525, 9.1905], [9.08403, 9.18278], [9.08162, 9.16376], [9.07374, 9.15796], [9.06513, 9.16227], [9.02999, 9.17091]]]}, "properties": {"name": "Mushere North", "lga": "Bokkos", "state": "pl"}}, {"type": "Feature", "geometry": {"type": "MultiPolygon", "coordinates": [[[[9.98389, 9.33685], [9.98602, 9.3517], [9.99341, 9.35963], [10.001, 9.36965], [10.00771, 9.36927], [10.01144, 9.37381], [10.0182, 9.38013], [10.02191, 9.38195], [10.03018, 9.38116], [10.03383, 9.38082], [10.039, 9.37827], [10.04455, 9.37782], [10.06097, 9.38241], [10.06106, 9.38162], [10.05121, 9.35643], [10.0565, 9.3445], [10.04368, 9.3264], [10.03888, 9.32369], [10.036, 9.30254], [10.02161, 9.2991], [10.01051, 9.30939], [9.99117, 9.30136], [9.98389, 9.33685]]], [[[9.94155, 9.37003], [9.95234, 9.35351], [9.95401, 9.34965], [9.95614, 9.34489], [9.95593, 9.34454], [9.95529, 9.34231], [9.94515, 9.31099], [9.94395, 9.3104], [9.92571, 9.32276], [9.92379, 9.32513], [9.90952, 9.33186], [9.90541, 9.32356], [9.89323, 9.31372], [9.88845, 9.30173], [9.87437, 9.30031], [9.8621, 9.31111], [9.86842, 9.32797], [9.86751, 9.33908], [9.86974, 9.34687], [9.86947, 9.36322], [9.86935, 9.36609], [9.89141, 9.40569], [9.8981, 9.40789], [9.94053, 9.39872], [9.94876, 9.39951], [9.95469, 9.39737], [9.95763, 9.396], [9.95554, 9.38859], [9.95469, 9.3841], [9.95141, 9.37961], [9.95032, 9.3784], [9.94155, 9.37003]]]]}, "properties": {"name": "Gar / Bagyar", "lga": "Kanam", "state": "pl"}}, {"type": "Feature", "geometry": {"type": "Polygon", "coordinates": [[[9.85053, 8.42207], [9.82145, 8.40279], [9.81609, 8.40121], [9.80942, 8.39745], [9.80233, 8.39132], [9.79697, 8.3906], [9.78416, 8.38242], [9.78014, 8.38155], [9.77443, 8.37801], [9.76499, 8.37373], [9.76132, 8.36971], [9.75665, 8.36734], [9.75473, 8.37447], [9.75117, 8.38084], [9.74505, 8.38829], [9.7391, 8.39189], [9.73691, 8.39758], [9.73472, 8.40328], [9.73437, 8.41098], [9.73401, 8.41869], [9.73374, 8.42447], [9.72744, 8.43577], [9.72543, 8.43762], [9.72333, 8.44138], [9.7256, 8.44845], [9.72564, 8.44857], [9.77079, 8.46804], [9.79157, 8.43144], [9.84128, 8.42584], [9.85053, 8.42207]]]}, "properties": {"name": "Takbol", "lga": "Langtang South", "state": "pl"}}, {"type": "Feature", "geometry": {"type": "Polygon", "coordinates": [[[9.7441, 9.16555], [9.74936, 9.15911], [9.75489, 9.1535], [9.73463, 9.13223], [9.73779, 9.12903], [9.73486, 9.12257], [9.73793, 9.11368], [9.72164, 9.09371], [9.71854, 9.09166], [9.71741, 9.10701], [9.71861, 9.11511], [9.70876, 9.11904], [9.70337, 9.12018], [9.69733, 9.12209], [9.68358, 9.13679], [9.67527, 9.14161], [9.63686, 9.14914], [9.63638, 9.14926], [9.63798, 9.15719], [9.64549, 9.16047], [9.66025, 9.17013], [9.69156, 9.17499], [9.69992, 9.18054], [9.70868, 9.18135], [9.71474, 9.18551], [9.72021, 9.18627], [9.73082, 9.18182], [9.7318, 9.17148], [9.7441, 9.16555]]]}, "properties": {"name": "Funyallang", "lga": "Langtang North", "state": "pl"}}, {"type": "Feature", "geometry": {"type": "Polygon", "coordinates": [[[8.87733, 9.93322], [8.87986, 9.92784], [8.87651, 9.92727], [8.87554, 9.92871], [8.87544, 9.92919], [8.87448, 9.92938], [8.87325, 9.92934], [8.8733, 9.92756], [8.87332, 9.92568], [8.86819, 9.9204], [8.86751, 9.91738], [8.86002, 9.91767], [8.85802, 9.91753], [8.83864, 9.91826], [8.83123, 9.92383], [8.82733, 9.92446], [8.81973, 9.92184], [8.81708, 9.92501], [8.80617, 9.93216], [8.80654, 9.93349], [8.81012, 9.93944], [8.81379, 9.94347], [8.81912, 9.94932], [8.85104, 9.94261], [8.85639, 9.94621], [8.85736, 9.94811], [8.85722, 9.94933], [8.85773, 9.95006], [8.85877, 9.95058], [8.8596, 9.95017], [8.86037, 9.95036], [8.86198, 9.95592], [8.8678, 9.94073], [8.87108, 9.94118], [8.873, 9.93659], [8.87717, 9.93438], [8.87733, 9.93322]]]}, "properties": {"name": "Kabong", "lga": "Jos North", "state": "pl"}}, {"type": "Feature", "geometry": {"type": "Polygon", "coordinates": [[[9.09342, 9.35026], [9.09262, 9.32936], [9.09174, 9.32793], [9.10029, 9.31398], [9.10072, 9.30551], [9.09811, 9.29794], [9.0895, 9.29743], [9.07883, 9.2924], [9.06841, 9.29604], [9.05719, 9.28992], [9.0433, 9.29259], [9.03445, 9.28836], [9.02865, 9.28718], [9.01837, 9.28614], [9.01274, 9.2912], [9.01237, 9.29198], [9.00315, 9.29479], [8.99642, 9.29564], [8.99344, 9.29948], [8.9959, 9.30286], [8.99718, 9.30409], [8.99555, 9.31062], [9.00442, 9.31896], [9.00551, 9.32034], [9.00809, 9.32513], [9.00868, 9.33351], [9.01096, 9.3371], [9.01754, 9.34054], [9.02071, 9.34151], [9.02431, 9.33885], [9.04108, 9.34592], [9.04534, 9.34641], [9.04533, 9.35174], [9.0461, 9.36461], [9.06017, 9.37544], [9.06189, 9.37716], [9.07265, 9.37945], [9.07703, 9.36586], [9.08198, 9.35622], [9.09342, 9.35026]]]}, "properties": {"name": "Bokkos Central", "lga": "Bokkos", "state": "pl"}}, {"type": "Feature", "geometry": {"type": "Polygon", "coordinates": [[[8.80371, 9.90542], [8.80605, 9.90259], [8.80833, 9.89496], [8.80853, 9.89451], [8.79695, 9.8909], [8.79187, 9.88606], [8.79039, 9.87707], [8.78571, 9.87359], [8.76044, 9.87978], [8.75168, 9.88117], [8.74087, 9.88642], [8.75257, 9.892], [8.76564, 9.89642], [8.78579, 9.89393], [8.79037, 9.89699], [8.79957, 9.91774], [8.79992, 9.91004], [8.80371, 9.90542]]]}, "properties": {"name": "Zobwo", "lga": "Bassa", "state": "pl"}}, {"type": "Feature", "geometry": {"type": "Polygon", "coordinates": [[[9.80951, 9.16862], [9.80564, 9.15953], [9.80812, 9.15771], [9.80728, 9.15664], [9.81092, 9.15393], [9.81097, 9.15252], [9.81548, 9.15263], [9.81623, 9.15234], [9.81742, 9.15104], [9.81747, 9.15025], [9.81704, 9.14441], [9.81717, 9.143], [9.81862, 9.14079], [9.81728, 9.14116], [9.81609, 9.13995], [9.81522, 9.13906], [9.81485, 9.13106], [9.81243, 9.12879], [9.80998, 9.12856], [9.80651, 9.12749], [9.80127, 9.13127], [9.80259, 9.13296], [9.80454, 9.1326], [9.80445, 9.13535], [9.80571, 9.13711], [9.80134, 9.13828], [9.80193, 9.13884], [9.80242, 9.13973], [9.80579, 9.14413], [9.80027, 9.14728], [9.7964, 9.14974], [9.79512, 9.14782], [9.79316, 9.14929], [9.79644, 9.15357], [9.79198, 9.15669], [9.78854, 9.15296], [9.78763, 9.1511], [9.78346, 9.14953], [9.78071, 9.1514], [9.77486, 9.15243], [9.76063, 9.1507], [9.76, 9.15101], [9.75927, 9.15158], [9.7703, 9.16204], [9.77054, 9.16733], [9.76648, 9.17106], [9.76449, 9.17317], [9.76087, 9.18192], [9.76596, 9.18845], [9.77076, 9.17542], [9.79122, 9.16862], [9.79201, 9.16715], [9.7939, 9.16689], [9.79901, 9.16641], [9.8009, 9.16603], [9.80098, 9.16768], [9.80601, 9.16834], [9.80715, 9.16745], [9.80951, 9.16862]]]}, "properties": {"name": "Pajat", "lga": "Langtang North", "state": "pl"}}, {"type": "Feature", "geometry": {"type": "MultiPolygon", "coordinates": [[[[9.22025, 9.2189], [9.24249, 9.21197], [9.24873, 9.19909], [9.24493, 9.18274], [9.24215, 9.17802], [9.22632, 9.17183], [9.21842, 9.17138], [9.21576, 9.17714], [9.21856, 9.21775], [9.2192, 9.21849], [9.22025, 9.2189]]], [[[9.03975, 9.41105], [9.04286, 9.41776], [9.03802, 9.44315], [9.03281, 9.44639], [9.02952, 9.46662], [9.03133, 9.46911], [9.03681, 9.47286], [9.05035, 9.47004], [9.05603, 9.46984], [9.07358, 9.46135], [9.08272, 9.46463], [9.09921, 9.46381], [9.10506, 9.46567], [9.10761, 9.46837], [9.13361, 9.46276], [9.13401, 9.45738], [9.13604, 9.44868], [9.1389, 9.44076], [9.14092, 9.43106], [9.14614, 9.42623], [9.15077, 9.42115], [9.17045, 9.44081], [9.18347, 9.43029], [9.18304, 9.42638], [9.18525, 9.42156], [9.18754, 9.40829], [9.18824, 9.40354], [9.18839, 9.40186], [9.17823, 9.39308], [9.17332, 9.39159], [9.17168, 9.37748], [9.15872, 9.36304], [9.16108, 9.3551], [9.15807, 9.33456], [9.15487, 9.33308], [9.15101, 9.33321], [9.13952, 9.3559], [9.12931, 9.35975], [9.12358, 9.3626], [9.11699, 9.36207], [9.11038, 9.36113], [9.107, 9.36218], [9.09342, 9.35026], [9.08198, 9.35622], [9.07703, 9.36586], [9.07265, 9.37945], [9.06189, 9.37716], [9.0419, 9.39856], [9.04379, 9.40218], [9.04019, 9.40873], [9.03975, 9.41105]]]]}, "properties": {"name": "Kombun", "lga": "Mangu", "state": "pl"}}, {"type": "Feature", "geometry": {"type": "Polygon", "coordinates": [[[8.75986, 9.6656], [8.75469, 9.6415], [8.75453, 9.64161], [8.74778, 9.64462], [8.74273, 9.64688], [8.73504, 9.64654], [8.73302, 9.64838], [8.70776, 9.65305], [8.70181, 9.65664], [8.6977, 9.66225], [8.69752, 9.66611], [8.69725, 9.67188], [8.699, 9.67582], [8.69882, 9.67968], [8.69589, 9.68404], [8.69328, 9.69178], [8.70696, 9.69123], [8.71418, 9.69446], [8.73472, 9.69273], [8.73536, 9.69231], [8.73645, 9.69189], [8.73751, 9.69157], [8.7375, 9.69279], [8.73757, 9.69307], [8.73818, 9.69301], [8.73965, 9.69282], [8.74044, 9.69257], [8.73891, 9.70061], [8.7476, 9.70314], [8.75087, 9.72816], [8.7399, 9.75106], [8.74351, 9.75502], [8.75294, 9.7593], [8.75835, 9.76328], [8.75377, 9.78058], [8.75421, 9.78107], [8.75919, 9.78649], [8.77274, 9.77292], [8.7961, 9.74574], [8.79582, 9.73451], [8.79391, 9.73293], [8.78804, 9.74013], [8.77395, 9.7322], [8.77928, 9.71608], [8.75684, 9.70231], [8.75574, 9.69354], [8.74982, 9.68914], [8.74974, 9.68681], [8.74882, 9.68704], [8.74751, 9.68481], [8.74404, 9.67826], [8.74309, 9.67659], [8.7416, 9.67717], [8.74127, 9.66761], [8.75986, 9.6656]]]}, "properties": {"name": "Vwang", "lga": "Jos South", "state": "pl"}}, {"type": "Feature", "geometry": {"type": "MultiPolygon", "coordinates": [[[[9.96542, 8.83125], [9.96542, 8.83429], [9.95848, 8.84793], [9.95305, 8.86555], [9.96392, 8.88714], [9.98018, 8.89867], [9.98116, 8.91584], [9.99637, 8.93058], [9.98603, 8.9584], [9.97952, 8.98147], [9.98024, 8.98504], [10.01296, 8.99127], [10.01679, 8.98954], [10.03845, 8.98691], [10.04944, 8.99855], [10.05503, 9.01058], [10.08837, 9.02585], [10.09434, 9.02549], [10.10327, 9.02068], [10.10713, 8.99712], [10.10925, 8.98471], [10.12457, 8.97144], [10.12501, 8.96877], [10.10519, 8.92308], [10.11458, 8.90757], [10.1192, 8.8965], [10.12296, 8.89642], [10.14764, 8.88537], [10.15003, 8.87721], [10.15684, 8.86376], [10.16423, 8.84937], [10.14829, 8.8008], [10.14337, 8.80056], [10.11375, 8.77208], [10.09679, 8.76891], [10.07675, 8.77146], [10.06709, 8.77309], [10.0419, 8.77211], [10.03238, 8.77662], [10.02605, 8.80361], [10.02604, 8.80361], [10.01578, 8.81181], [10.01521, 8.81486], [9.96542, 8.83125]]], [[[9.936, 9.09805], [9.93844, 9.10559], [9.94178, 9.10955], [9.9627, 9.10038], [9.95972, 9.09194], [9.95922, 9.09067], [9.95666, 9.09331], [9.95259, 9.09419], [9.94552, 9.08253], [9.94382, 9.08287], [9.94024, 9.0896], [9.93581, 9.09455], [9.936, 9.09805]]]]}, "properties": {"name": "Kadarko", "lga": "Wase", "state": "pl"}}, {"type": "Feature", "geometry": {"type": "Polygon", "coordinates": [[[10.23316, 9.49777], [10.21914, 9.44221], [10.18864, 9.45368], [10.17371, 9.44359], [10.16381, 9.44138], [10.15749, 9.43919], [10.1437, 9.43031], [10.13561, 9.43981], [10.13083, 9.45397], [10.12283, 9.46685], [10.11502, 9.48174], [10.09911, 9.48724], [10.08448, 9.48788], [10.06778, 9.48683], [10.04397, 9.48586], [10.03976, 9.4848], [10.02458, 9.48334], [10.0073, 9.49073], [9.99992, 9.50214], [10.02404, 9.52607], [10.03551, 9.53582], [10.04097, 9.54278], [10.04986, 9.55475], [10.04246, 9.56797], [10.04144, 9.57705], [10.02978, 9.58015], [10.03192, 9.61912], [10.05405, 9.62594], [10.05929, 9.62924], [10.07276, 9.63384], [10.0835, 9.63358], [10.0972, 9.65976], [10.1203, 9.66311], [10.12436, 9.6579], [10.12965, 9.64269], [10.14937, 9.63239], [10.16449, 9.61768], [10.17175, 9.60718], [10.16491, 9.60209], [10.14762, 9.58967], [10.14577, 9.56265], [10.15633, 9.55237], [10.15808, 9.54036], [10.18923, 9.54673], [10.19499, 9.53331], [10.19499, 9.53331], [10.19583, 9.53108], [10.19874, 9.52051], [10.21104, 9.5174], [10.21767, 9.51163], [10.22447, 9.50418], [10.22732, 9.49912], [10.23316, 9.49777]]]}, "properties": {"name": "Kantana", "lga": "Kanam", "state": "pl"}}, {"type": "Feature", "geometry": {"type": "Polygon", "coordinates": [[[9.66601, 9.38648], [9.67576, 9.38899], [9.68808, 9.40444], [9.6931, 9.41342], [9.6951, 9.42012], [9.69513, 9.42395], [9.69775, 9.44884], [9.69947, 9.44872], [9.7152, 9.45396], [9.73072, 9.45312], [9.7379, 9.45737], [9.75124, 9.46271], [9.76264, 9.46024], [9.76683, 9.45115], [9.73755, 9.4391], [9.73629, 9.43913], [9.72917, 9.43158], [9.72853, 9.42224], [9.72352, 9.41102], [9.7136, 9.38931], [9.71235, 9.38064], [9.71273, 9.37201], [9.71955, 9.36279], [9.69854, 9.36317], [9.69125, 9.35866], [9.68388, 9.35651], [9.6654, 9.36371], [9.66601, 9.38648]]]}, "properties": {"name": "Seri", "lga": "Kanke", "state": "pl"}}, {"type": "Feature", "geometry": {"type": "Polygon", "coordinates": [[[8.82346, 9.49551], [8.83573, 9.49585], [8.86123, 9.47541], [8.86132, 9.47039], [8.86486, 9.46865], [8.86931, 9.46475], [8.89341, 9.4563], [8.89813, 9.45918], [8.90148, 9.45694], [8.91876, 9.45068], [8.91966, 9.44541], [8.91454, 9.44373], [8.91428, 9.43728], [8.91538, 9.43468], [8.91713, 9.42509], [8.90964, 9.41666], [8.91036, 9.41104], [8.90003, 9.4081], [8.88678, 9.39353], [8.88614, 9.39374], [8.87409, 9.37461], [8.87378, 9.36682], [8.87095, 9.36061], [8.84662, 9.35884], [8.84431, 9.36048], [8.83394, 9.3619], [8.83033, 9.3694], [8.82264, 9.39443], [8.82904, 9.40215], [8.82873, 9.4048], [8.83091, 9.4095], [8.82975, 9.41915], [8.83246, 9.43053], [8.82591, 9.44217], [8.82042, 9.44913], [8.81815, 9.45052], [8.81567, 9.451], [8.81132, 9.45578], [8.81522, 9.46462], [8.82244, 9.47256], [8.82346, 9.49551]]]}, "properties": {"name": "Gindin Akwati", "lga": "Barkin Ladi", "state": "pl"}}, {"type": "Feature", "geometry": {"type": "Polygon", "coordinates": [[[9.03133, 9.46911], [9.02952, 9.46662], [9.01553, 9.4669], [9.00532, 9.45396], [8.99249, 9.45635], [8.9869, 9.45458], [8.97881, 9.46336], [8.9631, 9.46655], [8.95721, 9.48984], [8.95891, 9.49328], [8.96965, 9.49553], [8.98447, 9.48783], [8.99254, 9.48891], [9.00144, 9.49709], [9.00741, 9.50036], [9.00766, 9.5001], [9.01539, 9.49282], [9.01799, 9.48769], [9.02586, 9.47742], [9.03133, 9.46911]]]}, "properties": {"name": "Marit", "lga": "Barkin Ladi", "state": "pl"}}, {"type": "Feature", "geometry": {"type": "Polygon", "coordinates": [[[9.45412, 9.1603], [9.46283, 9.15657], [9.4659, 9.15358], [9.47824, 9.16065], [9.49155, 9.15057], [9.48734, 9.1453], [9.48531, 9.13929], [9.48449, 9.1305], [9.48645, 9.12726], [9.49347, 9.12463], [9.50201, 9.12755], [9.5048, 9.1264], [9.50855, 9.12437], [9.51172, 9.11503], [9.52465, 9.1134], [9.52783, 9.0937], [9.50311, 9.09808], [9.49532, 9.08867], [9.49486, 9.08668], [9.48578, 9.07917], [9.47642, 9.07866], [9.46057, 9.06101], [9.45092, 9.06222], [9.44912, 9.06789], [9.4488, 9.067], [9.43601, 9.10304], [9.43674, 9.10496], [9.4492, 9.13001], [9.45241, 9.13777], [9.44735, 9.14973], [9.45412, 9.1603]]]}, "properties": {"name": "Tal B", "lga": "Pankshin", "state": "pl"}}, {"type": "Feature", "geometry": {"type": "Polygon", "coordinates": [[[9.47628, 9.1737], [9.47824, 9.16065], [9.4659, 9.15358], [9.46283, 9.15657], [9.45412, 9.1603], [9.44733, 9.17807], [9.43536, 9.16736], [9.4341, 9.15708], [9.42971, 9.15314], [9.42432, 9.14898], [9.40839, 9.14686], [9.40642, 9.14756], [9.40686, 9.17117], [9.40465, 9.17191], [9.3995, 9.18029], [9.38821, 9.18471], [9.38494, 9.19742], [9.38532, 9.19992], [9.38771, 9.20233], [9.39683, 9.19568], [9.40165, 9.207], [9.39553, 9.21147], [9.39791, 9.22909], [9.39328, 9.23368], [9.3854, 9.24203], [9.37262, 9.23455], [9.35634, 9.2369], [9.34679, 9.24132], [9.35362, 9.26278], [9.36682, 9.26828], [9.36509, 9.27632], [9.35164, 9.27665], [9.3458, 9.281], [9.34508, 9.28624], [9.34566, 9.29236], [9.36584, 9.30063], [9.36327, 9.31311], [9.37346, 9.3171], [9.37694, 9.32033], [9.39044, 9.319], [9.38972, 9.3158], [9.39004, 9.30953], [9.38733, 9.30551], [9.39149, 9.29997], [9.39732, 9.30195], [9.40608, 9.30051], [9.41103, 9.31173], [9.41638, 9.31189], [9.42197, 9.31298], [9.43072, 9.30297], [9.42761, 9.29803], [9.41564, 9.28282], [9.41367, 9.281], [9.41407, 9.27931], [9.42954, 9.26543], [9.4353, 9.2595], [9.44803, 9.25438], [9.44714, 9.2515], [9.45387, 9.22405], [9.45846, 9.21749], [9.46275, 9.21264], [9.48062, 9.21704], [9.48512, 9.20972], [9.48049, 9.20185], [9.46987, 9.19187], [9.46501, 9.18428], [9.46989, 9.17589], [9.47628, 9.1737]]]}, "properties": {"name": "Belning", "lga": "Pankshin", "state": "pl"}}, {"type": "Feature", "geometry": {"type": "Polygon", "coordinates": [[[8.84662, 9.35884], [8.87095, 9.36061], [8.89028, 9.34599], [8.90255, 9.35015], [8.90946, 9.35044], [8.91303, 9.35072], [8.92941, 9.32656], [8.94443, 9.31619], [8.93515, 9.3044], [8.94914, 9.28188], [8.94871, 9.27809], [8.92992, 9.26877], [8.92749, 9.27149], [8.9197, 9.27426], [8.91025, 9.2748], [8.90264, 9.27689], [8.89227, 9.27292], [8.89339, 9.27322], [8.85464, 9.25849], [8.84308, 9.26594], [8.83814, 9.27331], [8.83885, 9.27444], [8.84881, 9.30043], [8.84956, 9.31421], [8.85006, 9.31697], [8.84662, 9.35884]]]}, "properties": {"name": "Mangor", "lga": "Bokkos", "state": "pl"}}, {"type": "Feature", "geometry": {"type": "MultiPolygon", "coordinates": [[[[9.78833, 9.15039], [9.78763, 9.1511], [9.78854, 9.15296], [9.79198, 9.15669], [9.79644, 9.15357], [9.79316, 9.14929], [9.79512, 9.14782], [9.7964, 9.14974], [9.80027, 9.14728], [9.80579, 9.14413], [9.80242, 9.13973], [9.80193, 9.13884], [9.80134, 9.13828], [9.80571, 9.13711], [9.80445, 9.13535], [9.80454, 9.1326], [9.80259, 9.13296], [9.80127, 9.13127], [9.79734, 9.13404], [9.79352, 9.13402], [9.79505, 9.13747], [9.79051, 9.13975], [9.79084, 9.14093], [9.79115, 9.14146], [9.79236, 9.14345], [9.78899, 9.14715], [9.7887, 9.14791], [9.78824, 9.14887], [9.78833, 9.15039]]], [[[9.75489, 9.1535], [9.74936, 9.15911], [9.7441, 9.16555], [9.75116, 9.18282], [9.76087, 9.18192], [9.76449, 9.17317], [9.76648, 9.17106], [9.77054, 9.16733], [9.7703, 9.16204], [9.75927, 9.15158], [9.75489, 9.1535]]]]}, "properties": {"name": "Tabat", "lga": "Langtang North", "state": "pl"}}, {"type": "Feature", "geometry": {"type": "Polygon", "coordinates": [[[9.47583, 9.33444], [9.47727, 9.33327], [9.48929, 9.32596], [9.52508, 9.31842], [9.52721, 9.30926], [9.52958, 9.30234], [9.52097, 9.26675], [9.48968, 9.26182], [9.48409, 9.26236], [9.4792, 9.26182], [9.45531, 9.25445], [9.45001, 9.25503], [9.44986, 9.25503], [9.44974, 9.30023], [9.45019, 9.30294], [9.44968, 9.30346], [9.45836, 9.32791], [9.47583, 9.33444]]]}, "properties": {"name": "Wokkos", "lga": "Pankshin", "state": "pl"}}, {"type": "Feature", "geometry": {"type": "Polygon", "coordinates": [[[9.24249, 9.21197], [9.24854, 9.21397], [9.26373, 9.21383], [9.28144, 9.19966], [9.28129, 9.19933], [9.27655, 9.1788], [9.28712, 9.15391], [9.31336, 9.12283], [9.31788, 9.12066], [9.30129, 9.10522], [9.29163, 9.11111], [9.27049, 9.11275], [9.26562, 9.11126], [9.26292, 9.10523], [9.26285, 9.10069], [9.24283, 9.0715], [9.23058, 9.07053], [9.23033, 9.07018], [9.21857, 9.03387], [9.18396, 9.04054], [9.20329, 9.08743], [9.20417, 9.09837], [9.20675, 9.11649], [9.21507, 9.12832], [9.21765, 9.14386], [9.21526, 9.15123], [9.21842, 9.17138], [9.22632, 9.17183], [9.24215, 9.17802], [9.24493, 9.18274], [9.24873, 9.19909], [9.24249, 9.21197]]]}, "properties": {"name": "Jipal", "lga": "Mangu", "state": "pl"}}, {"type": "Feature", "geometry": {"type": "Polygon", "coordinates": [[[9.14216, 9.13139], [9.10628, 9.1039], [9.09957, 9.09328], [9.0929, 9.09935], [9.06531, 9.11371], [9.0538, 9.11809], [9.03475, 9.12481], [9.02372, 9.14839], [9.02743, 9.16448], [9.02725, 9.16586], [9.02999, 9.17091], [9.03486, 9.17039], [9.04914, 9.1654], [9.05647, 9.1641], [9.06513, 9.16227], [9.07374, 9.15796], [9.08162, 9.16376], [9.08403, 9.18278], [9.08525, 9.1905], [9.08924, 9.19127], [9.10721, 9.18689], [9.11495, 9.1662], [9.11894, 9.16153], [9.12684, 9.15676], [9.12859, 9.14472], [9.14216, 9.13139]]]}, "properties": {"name": "Mushere Central", "lga": "Bokkos", "state": "pl"}}, {"type": "Feature", "geometry": {"type": "MultiPolygon", "coordinates": [[[[9.17736, 8.4637], [9.1781, 8.47255], [9.19563, 8.54579], [9.25073, 8.52075], [9.25438, 8.52116], [9.26219, 8.51899], [9.26656, 8.51811], [9.27307, 8.52276], [9.27369, 8.52274], [9.27598, 8.52826], [9.27927, 8.53642], [9.28793, 8.54787], [9.29872, 8.55528], [9.29895, 8.5606], [9.30358, 8.57012], [9.31339, 8.57978], [9.31007, 8.59009], [9.29803, 8.59282], [9.29077, 8.59773], [9.27653, 8.59676], [9.27208, 8.59409], [9.26238, 8.5846], [9.25848, 8.58172], [9.25393, 8.58294], [9.25093, 8.58525], [9.24241, 8.60121], [9.23819, 8.60529], [9.23368, 8.61714], [9.23539, 8.61987], [9.25077, 8.62803], [9.25653, 8.62819], [9.2676, 8.63257], [9.27888, 8.62429], [9.28086, 8.62334], [9.28157, 8.6236], [9.292, 8.62493], [9.29649, 8.62762], [9.29965, 8.6312], [9.30579, 8.63704], [9.31102, 8.63801], [9.32102, 8.64349], [9.3267, 8.64808], [9.333, 8.65219], [9.34564, 8.65048], [9.35079, 8.64489], [9.3569, 8.63852], [9.36953, 8.62868], [9.40179, 8.61784], [9.3992, 8.60521], [9.39001, 8.58388], [9.38188, 8.578], [9.37763, 8.56133], [9.36562, 8.53836], [9.35329, 8.51276], [9.35532, 8.48296], [9.35156, 8.48086], [9.34387, 8.48052], [9.3375, 8.47862], [9.33627, 8.47825], [9.33513, 8.47762], [9.32875, 8.47406], [9.32123, 8.46975], [9.31162, 8.46943], [9.30787, 8.46734], [9.30495, 8.46662], [9.29834, 8.46498], [9.29074, 8.46272], [9.28891, 8.4607], [9.27786, 8.46295], [9.27335, 8.46387], [9.26793, 8.46142], [9.26633, 8.46069], [9.26391, 8.45959], [9.2619, 8.46144], [9.2543, 8.45917], [9.21199, 8.45729], [9.20229, 8.45879], [9.18463, 8.46573], [9.18262, 8.46757], [9.17736, 8.4637]]], [[[9.305, 8.92074], [9.29671, 8.91471], [9.28498, 8.9101], [9.2799, 8.91002], [9.27742, 8.91333], [9.29065, 8.92648], [9.305, 8.92074]]]]}, "properties": {"name": "Luukwu", "lga": "Qua'An Pan", "state": "pl"}}, {"type": "Feature", "geometry": {"type": "Polygon", "coordinates": [[[9.76683, 9.45115], [9.76264, 9.46024], [9.76512, 9.47503], [9.76589, 9.48426], [9.77221, 9.51026], [9.76269, 9.52849], [9.76088, 9.53871], [9.76383, 9.54011], [9.7777, 9.5512], [9.78145, 9.55594], [9.81524, 9.54206], [9.81562, 9.54312], [9.82762, 9.53367], [9.83051, 9.5278], [9.83288, 9.51947], [9.83005, 9.5037], [9.83506, 9.50175], [9.83849, 9.50181], [9.86689, 9.5118], [9.85822, 9.5249], [9.85945, 9.53164], [9.84746, 9.5516], [9.84387, 9.55597], [9.83346, 9.56082], [9.81974, 9.5734], [9.80444, 9.57539], [9.80154, 9.577], [9.80329, 9.57911], [9.80776, 9.58], [9.82421, 9.58324], [9.82837, 9.5935], [9.83143, 9.5986], [9.83887, 9.60124], [9.85493, 9.60313], [9.8585, 9.60065], [9.90011, 9.59157], [9.91591, 9.55644], [9.90777, 9.53394], [9.90573, 9.53208], [9.90282, 9.52849], [9.89598, 9.51289], [9.89416, 9.51202], [9.88397, 9.48505], [9.87681, 9.47735], [9.86448, 9.46774], [9.85566, 9.46943], [9.84206, 9.46651], [9.83285, 9.45971], [9.81811, 9.45953], [9.80742, 9.44766], [9.79165, 9.45211], [9.77071, 9.44776], [9.76683, 9.45115]]]}, "properties": {"name": "Gid Gid", "lga": "Kanam", "state": "pl"}}, {"type": "Feature", "geometry": {"type": "Polygon", "coordinates": [[[10.14829, 8.8008], [10.17101, 8.78883], [10.18591, 8.74419], [10.18344, 8.73953], [10.18062, 8.73309], [10.18035, 8.73247], [10.1771, 8.72887], [10.17469, 8.72751], [10.17043, 8.72511], [10.12799, 8.68167], [10.12303, 8.67799], [10.11645, 8.6725], [10.09718, 8.64569], [10.08718, 8.64005], [10.08572, 8.63479], [10.06621, 8.61315], [10.06141, 8.60601], [10.05184, 8.59177], [10.03833, 8.59842], [10.01668, 8.6135], [9.99451, 8.61957], [9.98712, 8.63174], [9.96961, 8.61741], [9.97443, 8.65143], [9.96271, 8.6434], [9.95416, 8.64009], [9.93328, 8.64064], [9.92366, 8.64729], [9.90689, 8.65748], [9.89582, 8.67167], [9.90298, 8.68437], [9.90305, 8.68693], [9.90359, 8.68893], [9.90613, 8.72745], [9.91578, 8.74354], [9.91209, 8.75162], [9.94425, 8.8105], [9.95505, 8.81715], [9.96542, 8.83125], [10.01521, 8.81486], [10.01578, 8.81181], [10.02604, 8.80361], [10.02605, 8.80361], [10.03238, 8.77662], [10.0419, 8.77211], [10.06709, 8.77309], [10.07675, 8.77146], [10.09679, 8.76891], [10.11375, 8.77208], [10.14337, 8.80056], [10.14829, 8.8008]]]}, "properties": {"name": "Wadata", "lga": "Wase", "state": "pl"}}, {"type": "Feature", "geometry": {"type": "Polygon", "coordinates": [[[8.86024, 9.57457], [8.86439, 9.55862], [8.85796, 9.55269], [8.85372, 9.5503], [8.83804, 9.54089], [8.83266, 9.53123], [8.82709, 9.52593], [8.80979, 9.51093], [8.78495, 9.51356], [8.7825, 9.5203], [8.77801, 9.53069], [8.77503, 9.55235], [8.77412, 9.55901], [8.77364, 9.56798], [8.7755, 9.57754], [8.77268, 9.58846], [8.77131, 9.59811], [8.77498, 9.60117], [8.79126, 9.60002], [8.8079, 9.59683], [8.81123, 9.60254], [8.81632, 9.60591], [8.8358, 9.60083], [8.83807, 9.58426], [8.8454, 9.57591], [8.86024, 9.57457]]]}, "properties": {"name": "Jol", "lga": "Riyom", "state": "pl"}}, {"type": "Feature", "geometry": {"type": "Polygon", "coordinates": [[[8.87182, 9.64682], [8.88037, 9.67036], [8.88011, 9.6759], [8.8801, 9.67614], [8.88368, 9.68209], [8.88717, 9.68997], [8.89156, 9.68636], [8.89587, 9.69229], [8.89989, 9.69916], [8.90325, 9.69833], [8.91032, 9.68969], [8.91249, 9.68085], [8.9125, 9.67212], [8.91617, 9.66181], [8.9203, 9.65709], [8.92369, 9.65497], [8.92633, 9.65467], [8.92932, 9.6549], [8.9347, 9.65514], [8.94119, 9.65757], [8.95101, 9.65398], [8.9555, 9.65273], [8.96509, 9.64691], [8.96425, 9.64032], [8.96133, 9.63654], [8.95913, 9.63254], [8.95421, 9.62713], [8.95377, 9.62266], [8.93334, 9.6066], [8.87726, 9.60341], [8.87664, 9.61738], [8.88945, 9.62302], [8.88868, 9.62929], [8.88018, 9.64055], [8.87564, 9.64036], [8.87182, 9.64682]]]}, "properties": {"name": "Heipang", "lga": "Barkin Ladi", "state": "pl"}}, {"type": "Feature", "geometry": {"type": "MultiPolygon", "coordinates": [[[[8.77498, 9.60117], [8.77131, 9.59811], [8.76354, 9.60055], [8.75482, 9.61509], [8.74555, 9.61666], [8.74249, 9.62425], [8.75202, 9.62961], [8.75907, 9.62526], [8.76105, 9.62401], [8.764, 9.61431], [8.77583, 9.60398], [8.77498, 9.60117]]], [[[8.70097, 9.55569], [8.69852, 9.55446], [8.68049, 9.56258], [8.66806, 9.56693], [8.67629, 9.57937], [8.67374, 9.5831], [8.66877, 9.59044], [8.67156, 9.59561], [8.68012, 9.59901], [8.68911, 9.59879], [8.68611, 9.62608], [8.68639, 9.62625], [8.69175, 9.62992], [8.69432, 9.62856], [8.70616, 9.62113], [8.70926, 9.61941], [8.7142, 9.61814], [8.71742, 9.61735], [8.71895, 9.61505], [8.72796, 9.60327], [8.73148, 9.59717], [8.73316, 9.59332], [8.73416, 9.59201], [8.72973, 9.57989], [8.72233, 9.5751], [8.70898, 9.56734], [8.70505, 9.56352], [8.70185, 9.55944], [8.70097, 9.55569]]]]}, "properties": {"name": "Ta Hoss", "lga": "Riyom", "state": "pl"}}, {"type": "Feature", "geometry": {"type": "Polygon", "coordinates": [[[9.34293, 8.66182], [9.34327, 8.66003], [9.34564, 8.65048], [9.333, 8.65219], [9.3267, 8.64808], [9.32102, 8.64349], [9.31102, 8.63801], [9.30579, 8.63704], [9.29965, 8.6312], [9.29649, 8.62762], [9.292, 8.62493], [9.28157, 8.6236], [9.28086, 8.62334], [9.27888, 8.62429], [9.2676, 8.63257], [9.25653, 8.62819], [9.25077, 8.62803], [9.23539, 8.61987], [9.23368, 8.61714], [9.23819, 8.60529], [9.24241, 8.60121], [9.25093, 8.58525], [9.25393, 8.58294], [9.25848, 8.58172], [9.26238, 8.5846], [9.27208, 8.59409], [9.27653, 8.59676], [9.29077, 8.59773], [9.29803, 8.59282], [9.31007, 8.59009], [9.31339, 8.57978], [9.30358, 8.57012], [9.29895, 8.5606], [9.29872, 8.55528], [9.28793, 8.54787], [9.27927, 8.53642], [9.27598, 8.52826], [9.27369, 8.52274], [9.27307, 8.52276], [9.26656, 8.51811], [9.26219, 8.51899], [9.25438, 8.52116], [9.25073, 8.52075], [9.19563, 8.54579], [9.18853, 8.57115], [9.17985, 8.57624], [9.16705, 8.58532], [9.16698, 8.60021], [9.16535, 8.61879], [9.16524, 8.62613], [9.16315, 8.63057], [9.16176, 8.63251], [9.17, 8.66295], [9.17536, 8.66315], [9.18354, 8.67385], [9.18611, 8.6806], [9.18467, 8.6924], [9.18102, 8.69622], [9.17857, 8.70881], [9.18853, 8.71931], [9.19093, 8.72012], [9.19462, 8.7228], [9.20202, 8.7289], [9.20528, 8.72845], [9.22049, 8.73138], [9.22709, 8.72455], [9.23107, 8.72635], [9.23984, 8.72616], [9.24536, 8.72337], [9.24863, 8.72286], [9.2547, 8.72168], [9.25905, 8.72453], [9.26557, 8.73338], [9.25862, 8.74303], [9.27196, 8.75364], [9.27824, 8.75365], [9.28744, 8.76333], [9.30029, 8.76247], [9.30654, 8.75945], [9.3112, 8.76212], [9.31492, 8.76607], [9.31803, 8.77087], [9.32118, 8.77593], [9.33347, 8.77317], [9.34408, 8.7749], [9.34359, 8.76909], [9.34808, 8.76449], [9.35116, 8.73953], [9.34758, 8.73358], [9.34628, 8.72001], [9.3448, 8.71029], [9.34114, 8.70627], [9.33966, 8.69655], [9.33617, 8.68867], [9.33827, 8.6849], [9.34055, 8.67728], [9.34073, 8.67343], [9.34293, 8.66182]]]}, "properties": {"name": "Kwande Central", "lga": "Qua'An Pan", "state": "pl"}}, {"type": "Feature", "geometry": {"type": "Polygon", "coordinates": [[[9.69775, 9.44884], [9.69513, 9.42395], [9.6951, 9.42012], [9.6931, 9.41342], [9.68808, 9.40444], [9.67576, 9.38899], [9.66601, 9.38648], [9.66398, 9.38779], [9.66318, 9.38794], [9.63787, 9.41624], [9.6372, 9.42291], [9.62918, 9.42861], [9.62715, 9.43275], [9.62525, 9.44726], [9.63014, 9.45499], [9.65844, 9.44731], [9.65953, 9.45049], [9.669, 9.45381], [9.67558, 9.4555], [9.68689, 9.45688], [9.69468, 9.452], [9.69775, 9.44884]]]}, "properties": {"name": "Somji", "lga": "Kanke", "state": "pl"}}, {"type": "Feature", "geometry": {"type": "Polygon", "coordinates": [[[9.25815, 9.30568], [9.26261, 9.32239], [9.26929, 9.32805], [9.27433, 9.33638], [9.28032, 9.33655], [9.29715, 9.33037], [9.29993, 9.32569], [9.29987, 9.31159], [9.30365, 9.30257], [9.30402, 9.28861], [9.30829, 9.2758], [9.30828, 9.27134], [9.30977, 9.25754], [9.307, 9.25032], [9.29819, 9.25032], [9.29362, 9.25187], [9.28288, 9.24084], [9.27894, 9.24731], [9.26514, 9.24959], [9.25932, 9.24786], [9.2595, 9.24568], [9.22613, 9.23199], [9.22979, 9.25348], [9.2265, 9.26829], [9.23001, 9.27122], [9.25386, 9.27639], [9.24787, 9.28558], [9.26084, 9.3024], [9.25815, 9.30568]]]}, "properties": {"name": "Jiblik", "lga": "Pankshin", "state": "pl"}}, {"type": "Feature", "geometry": {"type": "Polygon", "coordinates": [[[10.10414, 9.70001], [10.08203, 9.6814], [10.05258, 9.69061], [10.04662, 9.68941], [10.0238, 9.68503], [10.00666, 9.67647], [9.97928, 9.68088], [9.97852, 9.68081], [9.97514, 9.68933], [9.97259, 9.69953], [9.98432, 9.71298], [9.99215, 9.71684], [9.99562, 9.71818], [10.00571, 9.71758], [10.01354, 9.71907], [10.03342, 9.72604], [10.03884, 9.72708], [10.04185, 9.7305], [10.04682, 9.72886], [10.04847, 9.72604], [10.05209, 9.72722], [10.05344, 9.72901], [10.05766, 9.72901], [10.06278, 9.7302], [10.0682, 9.73094], [10.07108, 9.73085], [10.07573, 9.72916], [10.07935, 9.72634], [10.08492, 9.72471], [10.09596, 9.72423], [10.09832, 9.72204], [10.10058, 9.72218], [10.10329, 9.71951], [10.10487, 9.71051], [10.1037, 9.70091], [10.10414, 9.70001]]]}, "properties": {"name": "Dugub", "lga": "Kanam", "state": "pl"}}, {"type": "Feature", "geometry": {"type": "MultiPolygon", "coordinates": [[[[9.24787, 9.28558], [9.24475, 9.28437], [9.24025, 9.2926], [9.24048, 9.29897], [9.24297, 9.30326], [9.24961, 9.30769], [9.25815, 9.30568], [9.26084, 9.3024], [9.24787, 9.28558]]], [[[9.11444, 9.51886], [9.11419, 9.5263], [9.12506, 9.5405], [9.12852, 9.53882], [9.13639, 9.53709], [9.1496, 9.53758], [9.16567, 9.51561], [9.1598, 9.50814], [9.1542, 9.50678], [9.14691, 9.51073], [9.14543, 9.51025], [9.14888, 9.50345], [9.1502, 9.50132], [9.15013, 9.49685], [9.14718, 9.49429], [9.14612, 9.49162], [9.14403, 9.4896], [9.14311, 9.48758], [9.14488, 9.48193], [9.14387, 9.48084], [9.15296, 9.47111], [9.14532, 9.46889], [9.14432, 9.47395], [9.14304, 9.47865], [9.14171, 9.47981], [9.13938, 9.48034], [9.13169, 9.47414], [9.12503, 9.47664], [9.11923, 9.4794], [9.11223, 9.4794], [9.11167, 9.48646], [9.11878, 9.49759], [9.1238, 9.50899], [9.11444, 9.51886]]], [[[9.24413, 9.56073], [9.24868, 9.55522], [9.25273, 9.53519], [9.25142, 9.53382], [9.24987, 9.52547], [9.21816, 9.52238], [9.21049, 9.53938], [9.21963, 9.54738], [9.22292, 9.54764], [9.24413, 9.56073]]], [[[9.22313, 9.5767], [9.21903, 9.57132], [9.2059, 9.57392], [9.20533, 9.57858], [9.20144, 9.58664], [9.19993, 9.58876], [9.20478, 9.59351], [9.20679, 9.59132], [9.20787, 9.58751], [9.20739, 9.58512], [9.20846, 9.58255], [9.2121, 9.58377], [9.21897, 9.5822], [9.22313, 9.5767]]]]}, "properties": {"name": "Mangu 1", "lga": "Mangu", "state": "pl"}}, {"type": "Feature", "geometry": {"type": "Polygon", "coordinates": [[[8.81632, 9.60591], [8.81123, 9.60254], [8.79652, 9.62086], [8.79605, 9.62043], [8.79117, 9.62316], [8.79003, 9.62388], [8.79169, 9.62975], [8.79334, 9.63561], [8.79509, 9.63955], [8.80251, 9.64567], [8.81038, 9.64216], [8.81441, 9.63848], [8.81642, 9.63664], [8.82245, 9.63111], [8.82831, 9.62944], [8.8381, 9.62602], [8.8458, 9.62636], [8.84368, 9.61675], [8.83779, 9.61854], [8.82126, 9.62308], [8.81632, 9.60591]]]}, "properties": {"name": "Wereng", "lga": "Riyom", "state": "pl"}}, {"type": "Feature", "geometry": {"type": "Polygon", "coordinates": [[[9.53215, 8.8744], [9.53322, 8.87218], [9.53399, 8.87143], [9.53429, 8.87065], [9.5339, 8.86798], [9.53447, 8.86713], [9.53646, 8.86648], [9.53696, 8.86534], [9.53628, 8.86328], [9.53643, 8.86214], [9.54239, 8.85828], [9.54378, 8.85656], [9.54446, 8.85356], [9.5461, 8.85202], [9.543, 8.84588], [9.53445, 8.84457], [9.52427, 8.85133], [9.51077, 8.85208], [9.50526, 8.84447], [9.49917, 8.84391], [9.49272, 8.84663], [9.4968, 8.85193], [9.49558, 8.85794], [9.50141, 8.8643], [9.49269, 8.87031], [9.49243, 8.88065], [9.50537, 8.88251], [9.52676, 8.90927], [9.53198, 8.91113], [9.53269, 8.91676], [9.53512, 8.91766], [9.53934, 8.90987], [9.53648, 8.90339], [9.53331, 8.89221], [9.53319, 8.88916], [9.5317, 8.88801], [9.53215, 8.8744]]]}, "properties": {"name": "Pangwasa", "lga": "Shendam", "state": "pl"}}, {"type": "Feature", "geometry": {"type": "Polygon", "coordinates": [[[9.85838, 8.73097], [9.90305, 8.68693], [9.90298, 8.68437], [9.89582, 8.67167], [9.88774, 8.66938], [9.87853, 8.6563], [9.86545, 8.63817], [9.86741, 8.62748], [9.87037, 8.62153], [9.8929, 8.61451], [9.89646, 8.61116], [9.90725, 8.60436], [9.90376, 8.59253], [9.90368, 8.5855], [9.90035, 8.55248], [9.90811, 8.55107], [9.89752, 8.51741], [9.8935, 8.51751], [9.86817, 8.51581], [9.85494, 8.51926], [9.83733, 8.54204], [9.82659, 8.55681], [9.83051, 8.56883], [9.82583, 8.57986], [9.8046, 8.58552], [9.79872, 8.60209], [9.75668, 8.6021], [9.75641, 8.62925], [9.78197, 8.63667], [9.79433, 8.67063], [9.83342, 8.71394], [9.85132, 8.72846], [9.85838, 8.73097]]]}, "properties": {"name": "Gamaki", "lga": "Langtang South", "state": "pl"}}, {"type": "Feature", "geometry": {"type": "Polygon", "coordinates": [[[8.86123, 9.47541], [8.87234, 9.50239], [8.88538, 9.50259], [8.89253, 9.51223], [8.89391, 9.52854], [8.89193, 9.54304], [8.8904, 9.54532], [8.89847, 9.55426], [8.91049, 9.56044], [8.91981, 9.54863], [8.89962, 9.53552], [8.9005, 9.51287], [8.91398, 9.5125], [8.91681, 9.509], [8.91602, 9.48246], [8.91627, 9.47892], [8.90759, 9.47595], [8.89813, 9.45918], [8.89341, 9.4563], [8.86931, 9.46475], [8.86486, 9.46865], [8.86132, 9.47039], [8.86123, 9.47541]]]}, "properties": {"name": "Rakwok", "lga": "Barkin Ladi", "state": "pl"}}, {"type": "Feature", "geometry": {"type": "Polygon", "coordinates": [[[8.87495, 9.72469], [8.88647, 9.71901], [8.89823, 9.70818], [8.8979, 9.70782], [8.89808, 9.70397], [8.8945, 9.69802], [8.89084, 9.694], [8.889, 9.69198], [8.88717, 9.68997], [8.88368, 9.68209], [8.8801, 9.67614], [8.88011, 9.6759], [8.86256, 9.67812], [8.85277, 9.68262], [8.84535, 9.6903], [8.83103, 9.69977], [8.83415, 9.70222], [8.83649, 9.70402], [8.83672, 9.70608], [8.8379, 9.71055], [8.83925, 9.71394], [8.84341, 9.72085], [8.84131, 9.72829], [8.84402, 9.7284], [8.85153, 9.73405], [8.85895, 9.73222], [8.86297, 9.73034], [8.87392, 9.72519], [8.87495, 9.72469]]]}, "properties": {"name": "Kuru A", "lga": "Jos South", "state": "pl"}}, {"type": "Feature", "geometry": {"type": "Polygon", "coordinates": [[[9.54426, 9.44347], [9.54798, 9.42664], [9.53674, 9.41868], [9.53647, 9.41299], [9.53189, 9.40884], [9.52917, 9.40463], [9.52643, 9.39723], [9.51072, 9.39279], [9.50092, 9.38932], [9.50058, 9.38937], [9.49774, 9.3918], [9.49668, 9.39624], [9.4811, 9.40521], [9.47403, 9.42508], [9.4797, 9.43168], [9.48087, 9.44685], [9.48699, 9.45019], [9.49749, 9.45074], [9.50095, 9.4501], [9.51452, 9.45193], [9.52635, 9.4401], [9.54426, 9.44347]]]}, "properties": {"name": "Wuseli", "lga": "Pankshin", "state": "pl"}}, {"type": "Feature", "geometry": {"type": "MultiPolygon", "coordinates": [[[[9.67012, 8.71701], [9.68601, 8.68772], [9.67559, 8.68429], [9.67386, 8.68146], [9.65826, 8.68174], [9.65992, 8.6876], [9.66166, 8.69154], [9.6614, 8.69732], [9.66296, 8.70511], [9.66453, 8.7129], [9.67012, 8.71701]]], [[[9.65118, 8.88594], [9.65155, 8.88793], [9.66284, 8.90114], [9.68514, 8.89451], [9.6889, 8.89055], [9.67916, 8.87609], [9.66632, 8.87575], [9.6578, 8.87259], [9.65118, 8.88594]]], [[[9.53512, 8.91766], [9.535, 8.91789], [9.53376, 8.93297], [9.52407, 8.95164], [9.52453, 8.96205], [9.53943, 8.96056], [9.54501, 8.94777], [9.55434, 8.94732], [9.55781, 8.95119], [9.55178, 8.95551], [9.55013, 8.96845], [9.55863, 8.9685], [9.55909, 8.96851], [9.58361, 8.96867], [9.57974, 8.93052], [9.59888, 8.92427], [9.59894, 8.92428], [9.59763, 8.91657], [9.58879, 8.90614], [9.58448, 8.89674], [9.58247, 8.89234], [9.5819, 8.88197], [9.57802, 8.87746], [9.57477, 8.86615], [9.56628, 8.86524], [9.5411, 8.87828], [9.53215, 8.8744], [9.5317, 8.88801], [9.53319, 8.88916], [9.53331, 8.89221], [9.53648, 8.90339], [9.53934, 8.90987], [9.53512, 8.91766]]]]}, "properties": {"name": "Shendam A", "lga": "Shendam", "state": "pl"}}, {"type": "Feature", "geometry": {"type": "Polygon", "coordinates": [[[8.64574, 9.50252], [8.65724, 9.49216], [8.67915, 9.48636], [8.68852, 9.4817], [8.69355, 9.48068], [8.70219, 9.47933], [8.70788, 9.48209], [8.71217, 9.48284], [8.72639, 9.48651], [8.73271, 9.48478], [8.73353, 9.48636], [8.75859, 9.47219], [8.75446, 9.45914], [8.72366, 9.44351], [8.72251, 9.44008], [8.7127, 9.4258], [8.70969, 9.41722], [8.70114, 9.403], [8.6923, 9.38261], [8.6913, 9.38398], [8.68728, 9.38766], [8.68334, 9.38941], [8.67941, 9.39117], [8.66953, 9.39652], [8.66489, 9.39318], [8.64837, 9.39558], [8.64811, 9.39582], [8.64234, 9.40111], [8.63823, 9.40672], [8.63668, 9.40948], [8.63612, 9.41048], [8.63183, 9.41995], [8.6279, 9.4217], [8.62693, 9.42343], [8.6237, 9.42924], [8.61967, 9.43292], [8.61766, 9.43476], [8.60841, 9.45991], [8.61978, 9.4787], [8.64574, 9.50252]]]}, "properties": {"name": "Shonong", "lga": "Riyom", "state": "pl"}}, {"type": "Feature", "geometry": {"type": "Polygon", "coordinates": [[[9.90127, 9.14461], [9.91052, 9.1411], [9.90996, 9.13913], [9.91192, 9.13599], [9.91232, 9.12686], [9.91782, 9.12357], [9.92148, 9.11467], [9.92114, 9.11288], [9.93844, 9.10559], [9.936, 9.09805], [9.90554, 9.09872], [9.8998, 9.10039], [9.89811, 9.10148], [9.88913, 9.10589], [9.8889, 9.10901], [9.86215, 9.11136], [9.86604, 9.12159], [9.86122, 9.12566], [9.84677, 9.12707], [9.84206, 9.12565], [9.83793, 9.12561], [9.8326, 9.12876], [9.82919, 9.13041], [9.82767, 9.13594], [9.8269, 9.13824], [9.82571, 9.14035], [9.81977, 9.14102], [9.81862, 9.14079], [9.81717, 9.143], [9.81704, 9.14441], [9.81747, 9.15025], [9.81742, 9.15104], [9.81623, 9.15234], [9.81548, 9.15263], [9.81097, 9.15252], [9.81092, 9.15393], [9.80728, 9.15664], [9.80812, 9.15771], [9.80564, 9.15953], [9.8075, 9.16574], [9.80885, 9.16651], [9.80951, 9.16862], [9.81063, 9.17013], [9.81867, 9.17003], [9.82263, 9.17711], [9.82346, 9.17915], [9.82475, 9.17963], [9.82704, 9.17921], [9.82911, 9.1796], [9.83057, 9.18118], [9.83083, 9.18356], [9.83259, 9.18762], [9.83262, 9.18984], [9.83101, 9.19133], [9.82932, 9.19654], [9.83179, 9.19982], [9.83459, 9.20339], [9.83367, 9.20472], [9.83362, 9.20729], [9.83808, 9.21089], [9.84943, 9.21873], [9.8539, 9.2199], [9.86557, 9.22377], [9.86865, 9.22338], [9.88201, 9.22292], [9.87754, 9.21028], [9.87572, 9.21074], [9.8718, 9.21098], [9.86817, 9.20931], [9.8644, 9.21168], [9.86128, 9.20971], [9.86006, 9.20709], [9.85966, 9.20404], [9.86072, 9.20175], [9.86588, 9.20008], [9.86781, 9.19865], [9.86964, 9.19763], [9.87132, 9.19638], [9.87298, 9.19302], [9.87679, 9.19093], [9.87841, 9.18994], [9.88015, 9.18928], [9.88313, 9.18626], [9.88628, 9.18606], [9.89125, 9.18319], [9.89425, 9.1823], [9.8988, 9.17987], [9.90284, 9.17141], [9.90127, 9.14461]]]}, "properties": {"name": "Keller", "lga": "Langtang North", "state": "pl"}}, {"type": "Feature", "geometry": {"type": "Polygon", "coordinates": [[[9.43601, 9.10304], [9.41958, 9.0908], [9.40767, 9.09485], [9.40523, 9.09797], [9.3956, 9.1032], [9.3789, 9.1113], [9.35483, 9.1155], [9.32632, 9.10839], [9.32073, 9.11374], [9.31943, 9.12034], [9.33344, 9.13173], [9.32944, 9.14794], [9.34176, 9.15591], [9.34939, 9.17013], [9.35829, 9.17319], [9.36587, 9.16969], [9.36608, 9.16617], [9.3713, 9.15721], [9.36608, 9.1446], [9.36644, 9.13826], [9.37329, 9.13016], [9.37792, 9.12904], [9.38405, 9.13], [9.38931, 9.13406], [9.3926, 9.13687], [9.39856, 9.1398], [9.40642, 9.14756], [9.40839, 9.14686], [9.42432, 9.14898], [9.42971, 9.15314], [9.4341, 9.15708], [9.43536, 9.16736], [9.44733, 9.17807], [9.45412, 9.1603], [9.44735, 9.14973], [9.45241, 9.13777], [9.4492, 9.13001], [9.43674, 9.10496], [9.43601, 9.10304]]]}, "properties": {"name": "Kangmum", "lga": "Pankshin", "state": "pl"}}, {"type": "Feature", "geometry": {"type": "Polygon", "coordinates": [[[9.03851, 9.92339], [9.04935, 9.92033], [9.05383, 9.88104], [9.04426, 9.8735], [9.04033, 9.86093], [9.04078, 9.84931], [9.03518, 9.84222], [9.031, 9.83669], [9.02924, 9.83181], [9.02847, 9.83113], [9.01081, 9.82222], [9.00319, 9.82365], [9.00109, 9.83716], [9.01239, 9.84581], [9.01195, 9.85469], [9.01344, 9.85998], [9.0205, 9.86851], [9.02095, 9.87461], [9.02328, 9.88751], [9.02227, 9.88823], [9.03851, 9.92339]]]}, "properties": {"name": "Fobur A", "lga": "Jos East", "state": "pl"}}, {"type": "Feature", "geometry": {"type": "Polygon", "coordinates": [[[8.90603, 10.35644], [8.90738, 10.35612], [8.90801, 10.35599], [8.84905, 10.30829], [8.84325, 10.29555], [8.84017, 10.29017], [8.83915, 10.28455], [8.83752, 10.28356], [8.81206, 10.29109], [8.80848, 10.29006], [8.79565, 10.29855], [8.79548, 10.29869], [8.79577, 10.29905], [8.79927, 10.30292], [8.79927, 10.30839], [8.80004, 10.31614], [8.79927, 10.32287], [8.80022, 10.32986], [8.80109, 10.33848], [8.80403, 10.34544], [8.80509, 10.35561], [8.8108, 10.36789], [8.81832, 10.38045], [8.8193, 10.37941], [8.81973, 10.37768], [8.82063, 10.37548], [8.82315, 10.37422], [8.83223, 10.37183], [8.83808, 10.37038], [8.84865, 10.36613], [8.85167, 10.36438], [8.87019, 10.35763], [8.88711, 10.35792], [8.89288, 10.35807], [8.89869, 10.35821], [8.90392, 10.35695], [8.90603, 10.35644]]]}, "properties": {"name": "Rimi", "lga": "Bassa", "state": "pl"}}, {"type": "Feature", "geometry": {"type": "Polygon", "coordinates": [[[9.94395, 9.3104], [9.94515, 9.31099], [9.95529, 9.34231], [9.98389, 9.33685], [9.99117, 9.30136], [9.99062, 9.29779], [9.9917, 9.28866], [9.99387, 9.2816], [10.00795, 9.26732], [10.00194, 9.25442], [9.98068, 9.25212], [9.97844, 9.26349], [9.97353, 9.26537], [9.96134, 9.27263], [9.95688, 9.27236], [9.95388, 9.27503], [9.9502, 9.28847], [9.94158, 9.29595], [9.94395, 9.3104]]]}, "properties": {"name": "Kunkyam North", "lga": "Kanam", "state": "pl"}}, {"type": "Feature", "geometry": {"type": "Polygon", "coordinates": [[[8.95377, 9.62266], [8.95421, 9.62713], [8.95913, 9.63254], [8.96133, 9.63654], [8.96425, 9.64032], [8.96509, 9.64691], [8.96996, 9.65008], [8.98851, 9.64727], [8.99359, 9.65332], [9.00769, 9.65588], [9.01138, 9.64823], [9.0158, 9.64564], [9.02015, 9.6409], [9.02253, 9.63706], [9.02627, 9.63171], [9.03469, 9.63096], [9.03894, 9.63553], [9.04047, 9.63647], [9.05727, 9.64184], [9.06144, 9.63146], [9.06147, 9.62276], [9.06107, 9.6207], [9.05903, 9.61485], [9.05811, 9.59975], [9.05818, 9.59568], [9.05749, 9.58809], [9.05595, 9.58697], [9.04916, 9.56472], [9.04774, 9.563], [9.04738, 9.56288], [9.03637, 9.57451], [9.0309, 9.57743], [9.02822, 9.58004], [9.02581, 9.5891], [9.02068, 9.58879], [9.01282, 9.5879], [8.99997, 9.58474], [8.99634, 9.59212], [8.99212, 9.59513], [8.98551, 9.59734], [8.9796, 9.60841], [8.97286, 9.61], [8.96541, 9.61639], [8.95772, 9.61884], [8.95377, 9.62266]]]}, "properties": {"name": "Tafan A", "lga": "Barkin Ladi", "state": "pl"}}, {"type": "Feature", "geometry": {"type": "Polygon", "coordinates": [[[9.46776, 9.03483], [9.47153, 9.05105], [9.47886, 9.05006], [9.48533, 9.04201], [9.49297, 9.03625], [9.50598, 9.03878], [9.51014, 9.02859], [9.49664, 9.02101], [9.49369, 9.01153], [9.48744, 9.0139], [9.4811, 9.01344], [9.47736, 9.01325], [9.47318, 9.0096], [9.46442, 9.01187], [9.46346, 9.01386], [9.4675, 9.02024], [9.47247, 9.02793], [9.46776, 9.03483]]]}, "properties": {"name": "Piapung B", "lga": "Mikang", "state": "pl"}}, {"type": "Feature", "geometry": {"type": "Polygon", "coordinates": [[[8.80494, 9.74564], [8.80674, 9.73581], [8.81092, 9.71305], [8.7869, 9.69146], [8.7603, 9.69091], [8.76066, 9.68607], [8.75849, 9.68567], [8.75564, 9.68581], [8.75505, 9.68389], [8.75344, 9.68391], [8.75287, 9.67818], [8.75426, 9.67758], [8.75721, 9.67547], [8.75858, 9.66996], [8.75986, 9.6656], [8.74127, 9.66761], [8.7416, 9.67717], [8.74309, 9.67659], [8.74404, 9.67826], [8.74751, 9.68481], [8.74882, 9.68704], [8.74974, 9.68681], [8.74982, 9.68914], [8.75574, 9.69354], [8.75684, 9.70231], [8.77928, 9.71608], [8.77395, 9.7322], [8.78804, 9.74013], [8.79391, 9.73293], [8.79582, 9.73451], [8.79524, 9.73534], [8.79606, 9.74524], [8.80494, 9.74566], [8.80494, 9.74564]]]}, "properties": {"name": "Turu A", "lga": "Jos South", "state": "pl"}}, {"type": "Feature", "geometry": {"type": "Polygon", "coordinates": [[[9.99261, 9.21445], [9.99234, 9.22816], [10.01158, 9.23586], [10.01158, 9.23864], [10.00194, 9.25442], [10.00795, 9.26732], [9.99387, 9.2816], [9.9917, 9.28866], [9.99062, 9.29779], [9.99117, 9.30136], [10.01051, 9.30939], [10.02161, 9.2991], [10.036, 9.30254], [10.03888, 9.32369], [10.04368, 9.3264], [10.0565, 9.3445], [10.07166, 9.34277], [10.07601, 9.34238], [10.08392, 9.33597], [10.08465, 9.31007], [10.09032, 9.29942], [10.10837, 9.30278], [10.12077, 9.29545], [10.12049, 9.28723], [10.11116, 9.28233], [10.09618, 9.28281], [10.08583, 9.28845], [10.08102, 9.28909], [10.07305, 9.28589], [10.06834, 9.27998], [10.06195, 9.26452], [10.06093, 9.25039], [10.06477, 9.24351], [10.09011, 9.2448], [10.1017, 9.23526], [10.09634, 9.22146], [10.06973, 9.21624], [10.06539, 9.20877], [10.06126, 9.20117], [10.06122, 9.19418], [10.04942, 9.18092], [10.04306, 9.17478], [10.04149, 9.17225], [10.02708, 9.182], [10.01782, 9.19139], [10.02142, 9.19996], [10.01859, 9.20504], [10.01241, 9.2107], [10.01204, 9.21209], [9.99261, 9.21445]]]}, "properties": {"name": "Lamba", "lga": "Wase", "state": "pl"}}, {"type": "Feature", "geometry": {"type": "Polygon", "coordinates": [[[9.79366, 9.134], [9.79734, 9.13404], [9.80651, 9.12749], [9.80681, 9.12092], [9.80863, 9.11622], [9.80244, 9.10854], [9.80201, 9.10716], [9.80014, 9.10383], [9.79793, 9.09757], [9.79755, 9.09125], [9.79198, 9.08141], [9.78801, 9.08117], [9.77805, 9.08765], [9.7741, 9.09216], [9.76968, 9.09689], [9.75797, 9.09207], [9.75457, 9.10437], [9.76377, 9.10944], [9.76677, 9.11125], [9.77688, 9.11069], [9.78281, 9.11566], [9.77558, 9.12503], [9.7781, 9.126], [9.77922, 9.12591], [9.78207, 9.12634], [9.78296, 9.12562], [9.78349, 9.12497], [9.78753, 9.12596], [9.78989, 9.13198], [9.79022, 9.13261], [9.79366, 9.134]]]}, "properties": {"name": "Kuffen B", "lga": "Langtang North", "state": "pl"}}, {"type": "Feature", "geometry": {"type": "Polygon", "coordinates": [[[8.93869, 10.02657], [8.94376, 10.02635], [8.94588, 10.02267], [8.94719, 10.01962], [8.94952, 10.01985], [8.94992, 10.01322], [8.95151, 10.01109], [8.93913, 10.00482], [8.93033, 10.00306], [8.92665, 9.99827], [8.91845, 9.98914], [8.90858, 9.98668], [8.89955, 9.97708], [8.89571, 9.97293], [8.89488, 9.973], [8.89291, 9.96736], [8.88849, 9.9629], [8.88872, 9.95949], [8.882, 9.95854], [8.87453, 9.96062], [8.87446, 9.96254], [8.8731, 9.96453], [8.8753, 9.96597], [8.8738, 9.97538], [8.87598, 9.97806], [8.87978, 9.97661], [8.88049, 9.97944], [8.88191, 9.98131], [8.88851, 9.9851], [8.88811, 9.98588], [8.88886, 9.98694], [8.8914, 9.99084], [8.89066, 9.99561], [8.89119, 9.99681], [8.89252, 9.99739], [8.89333, 9.99862], [8.89337, 9.99953], [8.89654, 10.0058], [8.89694, 10.00876], [8.89876, 10.0089], [8.89911, 10.01066], [8.90176, 10.01721], [8.9055, 10.02102], [8.90696, 10.02181], [8.90716, 10.0229], [8.91223, 10.02313], [8.91791, 10.02531], [8.93869, 10.02657]]]}, "properties": {"name": "Rigiza / Targwong", "lga": "Jos North", "state": "pl"}}, {"type": "Feature", "geometry": {"type": "Polygon", "coordinates": [[[8.8195, 10.13135], [8.81238, 10.13631], [8.79857, 10.1391], [8.79044, 10.13992], [8.7812, 10.16429], [8.79543, 10.1865], [8.79072, 10.19692], [8.78837, 10.20644], [8.78364, 10.2168], [8.78034, 10.22193], [8.77525, 10.22434], [8.76173, 10.22833], [8.74685, 10.2133], [8.72916, 10.21463], [8.73423, 10.22779], [8.72453, 10.24365], [8.72868, 10.24828], [8.72995, 10.25435], [8.73255, 10.26682], [8.73428, 10.2751], [8.73859, 10.27797], [8.74244, 10.27814], [8.74956, 10.28095], [8.75726, 10.28011], [8.76342, 10.28137], [8.76924, 10.28516], [8.78336, 10.29029], [8.79072, 10.29349], [8.79457, 10.29753], [8.79548, 10.29869], [8.79565, 10.29855], [8.80848, 10.29006], [8.81206, 10.29109], [8.83752, 10.28356], [8.83195, 10.26741], [8.83632, 10.2653], [8.83891, 10.26039], [8.85302, 10.25813], [8.85887, 10.25562], [8.8614, 10.24973], [8.8669, 10.24039], [8.84762, 10.20113], [8.85666, 10.19459], [8.86132, 10.1614], [8.85845, 10.15243], [8.85064, 10.13978], [8.8195, 10.13135]]]}, "properties": {"name": "Jengere", "lga": "Bassa", "state": "pl"}}, {"type": "Feature", "geometry": {"type": "MultiPolygon", "coordinates": [[[[9.2265, 9.26829], [9.22979, 9.25348], [9.22613, 9.23199], [9.22025, 9.2189], [9.2192, 9.21849], [9.20601, 9.23399], [9.18642, 9.24559], [9.18006, 9.24804], [9.1749, 9.24977], [9.16705, 9.24839], [9.1609, 9.2514], [9.14686, 9.25271], [9.14114, 9.25195], [9.13394, 9.25383], [9.11117, 9.23897], [9.11103, 9.23951], [9.11564, 9.26151], [9.11044, 9.27538], [9.10854, 9.28253], [9.11076, 9.29028], [9.12489, 9.29992], [9.14027, 9.3048], [9.14776, 9.30782], [9.14827, 9.3098], [9.1702, 9.30551], [9.19002, 9.31484], [9.19237, 9.31515], [9.19649, 9.31663], [9.2093, 9.32535], [9.21953, 9.31908], [9.2167, 9.31313], [9.21692, 9.31034], [9.21645, 9.30811], [9.21507, 9.30638], [9.21193, 9.30016], [9.20588, 9.29645], [9.20601, 9.28869], [9.2029, 9.27898], [9.20512, 9.27378], [9.20761, 9.27137], [9.22286, 9.2698], [9.2265, 9.26829]]], [[[9.2514, 9.33417], [9.2508, 9.334], [9.23275, 9.34256], [9.23297, 9.34388], [9.24385, 9.35126], [9.25657, 9.34659], [9.2514, 9.33417]]]]}, "properties": {"name": "Ampang", "lga": "Mangu", "state": "pl"}}, {"type": "Feature", "geometry": {"type": "Polygon", "coordinates": [[[8.83754, 9.07101], [8.82461, 9.03546], [8.82455, 9.03066], [8.82324, 9.03076], [8.81173, 9.0303], [8.80603, 9.03274], [8.79815, 9.03158], [8.79404, 9.03719], [8.78993, 9.0428], [8.78975, 9.04665], [8.78948, 9.05243], [8.79944, 9.07116], [8.79566, 9.07564], [8.79364, 9.07983], [8.79504, 9.08006], [8.80447, 9.07694], [8.81157, 9.07302], [8.83754, 9.07101]]]}, "properties": {"name": "Kamwai", "lga": "Bokkos", "state": "pl"}}, {"type": "Feature", "geometry": {"type": "Polygon", "coordinates": [[[8.76785, 9.27336], [8.67145, 9.25127], [8.67898, 9.27532], [8.6844, 9.28328], [8.68483, 9.28544], [8.68749, 9.29865], [8.68753, 9.29887], [8.68927, 9.3028], [8.69267, 9.31261], [8.69809, 9.32057], [8.69415, 9.32233], [8.69397, 9.32618], [8.69143, 9.33958], [8.68941, 9.34142], [8.69071, 9.35499], [8.69072, 9.35502], [8.69246, 9.35893], [8.69586, 9.36873], [8.69561, 9.37408], [8.69541, 9.37837], [8.6923, 9.38261], [8.70114, 9.403], [8.70969, 9.41722], [8.7127, 9.4258], [8.72251, 9.44008], [8.73098, 9.43767], [8.74756, 9.43003], [8.75536, 9.42771], [8.76148, 9.43189], [8.78189, 9.43069], [8.78368, 9.42496], [8.79244, 9.41437], [8.79149, 9.40312], [8.80737, 9.39332], [8.82264, 9.39443], [8.83033, 9.3694], [8.83394, 9.3619], [8.80973, 9.3509], [8.7998, 9.34722], [8.7869, 9.33216], [8.78085, 9.33292], [8.76785, 9.27336]]]}, "properties": {"name": "Kurra Falls", "lga": "Barkin Ladi", "state": "pl"}}, {"type": "Feature", "geometry": {"type": "Polygon", "coordinates": [[[9.05874, 10.01805], [9.06874, 10.02236], [9.06971, 10.02126], [9.0746, 10.01874], [9.08221, 10.0138], [9.08577, 10.01306], [9.09767, 9.99946], [9.09595, 9.98779], [9.0835, 9.96762], [9.08289, 9.95759], [9.09008, 9.94967], [9.09187, 9.94272], [9.10327, 9.94332], [9.12006, 9.94037], [9.11618, 9.92892], [9.10181, 9.92561], [9.09269, 9.92332], [9.08411, 9.92596], [9.0652, 9.9181], [9.05023, 9.92044], [9.06806, 9.95141], [9.06178, 9.96346], [9.06319, 9.97044], [9.06191, 9.97525], [9.05913, 9.98144], [9.0457, 9.99705], [9.05874, 10.01805]]]}, "properties": {"name": "Shere-East", "lga": "Jos East", "state": "pl"}}, {"type": "Feature", "geometry": {"type": "Polygon", "coordinates": [[[8.77788, 9.80332], [8.75783, 9.8006], [8.76167, 9.81455], [8.75246, 9.81685], [8.7191, 9.8095], [8.70797, 9.81911], [8.6947, 9.81858], [8.69144, 9.81755], [8.68937, 9.81689], [8.68524, 9.82004], [8.6814, 9.82364], [8.66615, 9.83983], [8.65616, 9.84416], [8.68362, 9.87093], [8.69155, 9.89124], [8.69219, 9.89087], [8.72011, 9.88106], [8.73063, 9.88513], [8.73662, 9.88587], [8.74087, 9.88642], [8.75168, 9.88117], [8.76044, 9.87978], [8.78571, 9.87359], [8.78361, 9.8692], [8.7834, 9.86718], [8.78426, 9.86428], [8.78468, 9.86024], [8.78732, 9.85831], [8.78868, 9.85032], [8.78767, 9.84212], [8.78905, 9.83802], [8.78086, 9.82232], [8.78104, 9.81846], [8.77755, 9.81059], [8.77781, 9.80481], [8.77788, 9.80332]]]}, "properties": {"name": "Tahu", "lga": "Bassa", "state": "pl"}}, {"type": "Feature", "geometry": {"type": "Polygon", "coordinates": [[[9.77071, 9.44776], [9.79165, 9.45211], [9.80742, 9.44766], [9.80809, 9.44551], [9.81608, 9.43872], [9.82378, 9.43515], [9.84715, 9.4335], [9.85112, 9.42397], [9.88418, 9.4062], [9.85646, 9.39342], [9.84684, 9.39747], [9.83981, 9.39806], [9.82768, 9.38852], [9.83181, 9.37702], [9.82828, 9.37167], [9.82346, 9.36719], [9.80933, 9.36683], [9.80108, 9.36729], [9.7991, 9.3655], [9.77463, 9.38433], [9.77533, 9.39323], [9.77026, 9.41038], [9.76931, 9.41205], [9.77071, 9.44776]]]}, "properties": {"name": "Gwamlar", "lga": "Kanam", "state": "pl"}}, {"type": "Feature", "geometry": {"type": "Polygon", "coordinates": [[[8.74566, 9.63946], [8.74778, 9.64462], [8.76249, 9.63617], [8.76468, 9.63048], [8.76495, 9.6247], [8.76723, 9.61708], [8.77518, 9.61164], [8.78471, 9.61399], [8.79003, 9.62388], [8.79117, 9.62316], [8.79605, 9.62043], [8.79652, 9.62086], [8.81123, 9.60254], [8.8079, 9.59683], [8.79126, 9.60002], [8.77498, 9.60117], [8.77583, 9.60398], [8.764, 9.61431], [8.76105, 9.62401], [8.75907, 9.62526], [8.75202, 9.62961], [8.74718, 9.63802], [8.74566, 9.63946]]]}, "properties": {"name": "Riyom", "lga": "Riyom", "state": "pl"}}, {"type": "Feature", "geometry": {"type": "Polygon", "coordinates": [[[9.80863, 9.11622], [9.80681, 9.12092], [9.80651, 9.12749], [9.80998, 9.12856], [9.81243, 9.12879], [9.81485, 9.13106], [9.81497, 9.13257], [9.81535, 9.13573], [9.81474, 9.13742], [9.81522, 9.13906], [9.81609, 9.13995], [9.81728, 9.14116], [9.81862, 9.14079], [9.81977, 9.14102], [9.82571, 9.14035], [9.8269, 9.13824], [9.82767, 9.13594], [9.82919, 9.13041], [9.8326, 9.12876], [9.83793, 9.12561], [9.84206, 9.12565], [9.84677, 9.12707], [9.86122, 9.12566], [9.86604, 9.12159], [9.86215, 9.11136], [9.86201, 9.11113], [9.86239, 9.10557], [9.86678, 9.1003], [9.86982, 9.09547], [9.87765, 9.09269], [9.88103, 9.08984], [9.88676, 9.08759], [9.88951, 9.08238], [9.89824, 9.07902], [9.89883, 9.07463], [9.91076, 9.06281], [9.90916, 9.05569], [9.90675, 9.05499], [9.89911, 9.04867], [9.89656, 9.048], [9.89234, 9.04356], [9.8893, 9.03917], [9.88518, 9.03688], [9.86615, 9.03419], [9.86436, 9.03906], [9.86407, 9.0468], [9.86427, 9.05425], [9.86401, 9.05855], [9.86257, 9.06578], [9.85706, 9.07488], [9.84682, 9.08207], [9.84294, 9.08531], [9.8437, 9.09117], [9.82965, 9.09955], [9.82549, 9.10257], [9.82235, 9.10625], [9.81952, 9.11526], [9.81951, 9.11932], [9.80863, 9.11622]]]}, "properties": {"name": "Lipchok", "lga": "Langtang North", "state": "pl"}}, {"type": "Feature", "geometry": {"type": "Polygon", "coordinates": [[[8.75919, 9.78649], [8.75139, 9.79206], [8.75156, 9.79593], [8.75783, 9.8006], [8.77788, 9.80332], [8.78275, 9.8036], [8.79345, 9.80383], [8.79596, 9.80031], [8.80624, 9.79445], [8.81158, 9.7902], [8.82049, 9.79167], [8.83125, 9.78946], [8.84595, 9.79278], [8.85136, 9.78784], [8.85102, 9.78339], [8.85583, 9.77551], [8.85345, 9.7713], [8.85253, 9.77144], [8.85058, 9.77334], [8.84979, 9.77378], [8.84868, 9.7736], [8.84747, 9.77267], [8.84612, 9.77079], [8.8438, 9.77323], [8.84274, 9.77283], [8.84175, 9.77255], [8.83973, 9.77265], [8.83596, 9.7749], [8.82967, 9.77818], [8.82473, 9.77906], [8.81909, 9.77191], [8.80559, 9.76217], [8.79609, 9.74566], [8.7961, 9.74574], [8.77274, 9.77292], [8.75919, 9.78649]]]}, "properties": {"name": "Sot", "lga": "Jos South", "state": "pl"}}, {"type": "Feature", "geometry": {"type": "Polygon", "coordinates": [[[8.95261, 9.81643], [8.96443, 9.81261], [8.9832, 9.80321], [8.98365, 9.80111], [8.9803, 9.78858], [8.98212, 9.78271], [8.98378, 9.76944], [8.98408, 9.76649], [8.98536, 9.74974], [8.9843, 9.74799], [8.98005, 9.7485], [8.9708, 9.74837], [8.96321, 9.74438], [8.96263, 9.73117], [8.95411, 9.72444], [8.95354, 9.71868], [8.95466, 9.71526], [8.96044, 9.71087], [8.97511, 9.70319], [8.97667, 9.70156], [8.97628, 9.68902], [8.96581, 9.68252], [8.96451, 9.68304], [8.962, 9.68228], [8.95775, 9.68167], [8.95351, 9.67865], [8.94819, 9.67833], [8.94119, 9.65757], [8.9347, 9.65514], [8.92932, 9.6549], [8.92633, 9.65467], [8.92369, 9.65497], [8.9203, 9.65709], [8.91617, 9.66181], [8.9125, 9.67212], [8.91249, 9.68085], [8.91032, 9.68969], [8.90325, 9.69833], [8.89989, 9.69916], [8.89587, 9.69229], [8.89156, 9.68636], [8.88717, 9.68997], [8.889, 9.69198], [8.89084, 9.694], [8.8945, 9.69802], [8.89808, 9.70397], [8.8979, 9.70782], [8.90515, 9.7178], [8.9069, 9.72173], [8.90864, 9.72567], [8.91973, 9.73582], [8.94209, 9.75225], [8.94567, 9.75821], [8.95185, 9.7913], [8.95158, 9.79708], [8.95122, 9.80478], [8.95105, 9.80864], [8.95261, 9.81643]]]}, "properties": {"name": "Zabot", "lga": "Barkin Ladi", "state": "pl"}}, {"type": "Feature", "geometry": {"type": "Polygon", "coordinates": [[[9.10315, 9.08623], [9.11787, 9.07625], [9.14106, 9.09212], [9.15257, 9.10952], [9.15896, 9.11271], [9.1729, 9.1139], [9.18528, 9.12175], [9.18632, 9.12865], [9.18373, 9.1446], [9.1906, 9.15493], [9.21526, 9.15123], [9.21765, 9.14386], [9.21507, 9.12832], [9.20675, 9.11649], [9.20417, 9.09837], [9.20329, 9.08743], [9.18396, 9.04054], [9.16587, 9.03171], [9.15614, 9.0257], [9.13118, 9.0426], [9.09332, 9.01868], [9.07973, 9.02831], [9.07194, 9.04389], [9.07808, 9.06792], [9.10315, 9.08623]]]}, "properties": {"name": "Chakfem", "lga": "Mangu", "state": "pl"}}, {"type": "Feature", "geometry": {"type": "Polygon", "coordinates": [[[9.2974, 9.50384], [9.29825, 9.4879], [9.29364, 9.48246], [9.29502, 9.47653], [9.29711, 9.47512], [9.30458, 9.4721], [9.31817, 9.47601], [9.31977, 9.47523], [9.32214, 9.46478], [9.31551, 9.44938], [9.30963, 9.44577], [9.31759, 9.433], [9.33043, 9.4283], [9.33594, 9.42379], [9.34284, 9.41285], [9.33824, 9.40688], [9.33027, 9.39763], [9.32281, 9.37979], [9.32272, 9.37849], [9.30001, 9.36735], [9.29202, 9.36844], [9.28012, 9.36012], [9.27338, 9.35863], [9.26434, 9.34885], [9.26267, 9.34903], [9.25056, 9.37663], [9.24879, 9.37515], [9.24177, 9.37744], [9.23673, 9.38172], [9.2425, 9.40208], [9.23999, 9.40445], [9.2393, 9.40959], [9.23726, 9.41332], [9.23791, 9.41884], [9.23766, 9.42527], [9.2409, 9.43348], [9.24473, 9.43739], [9.24805, 9.44433], [9.24685, 9.4491], [9.2403, 9.45798], [9.24155, 9.47399], [9.24644, 9.47316], [9.25307, 9.47076], [9.26234, 9.47345], [9.26664, 9.47409], [9.26593, 9.49003], [9.27621, 9.49161], [9.28487, 9.50086], [9.2974, 9.50384]]]}, "properties": {"name": "Pushit", "lga": "Mangu", "state": "pl"}}, {"type": "Feature", "geometry": {"type": "MultiPolygon", "coordinates": [[[[8.7191, 9.8095], [8.75246, 9.81685], [8.76167, 9.81455], [8.75783, 9.8006], [8.75156, 9.79593], [8.75139, 9.79206], [8.75919, 9.78649], [8.75421, 9.78107], [8.75377, 9.78058], [8.72688, 9.77238], [8.7191, 9.8095]]], [[[8.64266, 9.81643], [8.64288, 9.82525], [8.64334, 9.8293], [8.64395, 9.83473], [8.64217, 9.84492], [8.64131, 9.8482], [8.65616, 9.84416], [8.66615, 9.83983], [8.6814, 9.82364], [8.68524, 9.82004], [8.68937, 9.81689], [8.68412, 9.80922], [8.66531, 9.81232], [8.64661, 9.81562], [8.64266, 9.81643]]]]}, "properties": {"name": "Gabia", "lga": "Bassa", "state": "pl"}}, {"type": "Feature", "geometry": {"type": "Polygon", "coordinates": [[[8.89119, 9.89988], [8.89404, 9.89897], [8.89751, 9.90183], [8.89946, 9.89869], [8.90538, 9.89563], [8.9059, 9.89533], [8.90614, 9.89201], [8.90704, 9.88985], [8.90759, 9.88667], [8.90952, 9.88533], [8.91056, 9.88501], [8.91244, 9.86667], [8.90744, 9.86382], [8.89966, 9.86187], [8.9003, 9.85651], [8.89867, 9.85559], [8.89821, 9.85551], [8.88855, 9.85574], [8.88384, 9.85561], [8.88442, 9.85688], [8.88518, 9.85712], [8.88437, 9.85933], [8.88438, 9.85964], [8.88134, 9.85912], [8.87639, 9.86184], [8.86692, 9.85979], [8.87349, 9.87649], [8.87507, 9.87604], [8.87701, 9.88053], [8.87905, 9.88177], [8.87989, 9.88306], [8.88071, 9.88873], [8.88168, 9.88957], [8.88289, 9.88993], [8.88265, 9.89149], [8.88315, 9.89157], [8.88631, 9.89292], [8.88869, 9.89424], [8.89038, 9.89714], [8.89119, 9.89988]]]}, "properties": {"name": "Giring", "lga": "Jos South", "state": "pl"}}, {"type": "Feature", "geometry": {"type": "Polygon", "coordinates": [[[9.353, 8.93703], [9.35535, 8.94049], [9.35509, 8.94627], [9.35473, 8.95397], [9.35236, 8.96352], [9.33582, 8.98788], [9.32987, 8.99148], [9.32777, 8.99525], [9.32759, 8.9991], [9.32558, 9.00094], [9.32156, 9.00463], [9.31928, 9.01225], [9.32085, 9.02004], [9.31978, 9.04316], [9.32134, 9.05095], [9.32223, 9.05534], [9.32291, 9.05874], [9.32273, 9.06259], [9.32246, 9.06837], [9.32394, 9.07809], [9.3235, 9.08772], [9.32323, 9.0935], [9.32296, 9.09928], [9.32177, 9.10327], [9.32632, 9.10839], [9.35483, 9.1155], [9.3789, 9.1113], [9.3956, 9.1032], [9.40523, 9.09797], [9.40267, 9.08999], [9.39976, 9.07986], [9.39798, 9.07342], [9.39345, 9.07286], [9.39279, 9.06253], [9.39266, 9.05953], [9.39432, 9.05507], [9.39028, 9.05073], [9.39112, 9.04592], [9.39171, 9.04087], [9.39373, 9.03453], [9.3923, 9.03277], [9.38612, 9.03254], [9.38624, 9.02878], [9.38232, 9.02702], [9.38387, 9.0201], [9.38553, 9.01933], [9.38767, 9.02115], [9.38904, 9.02098], [9.3888, 9.01957], [9.3866, 9.01845], [9.38434, 9.01464], [9.38517, 9.01288], [9.3847, 9.01153], [9.38262, 9.01135], [9.37739, 9.00678], [9.37689, 9.0053], [9.37967, 9.00094], [9.37932, 8.99932], [9.37639, 8.99784], [9.37611, 8.99608], [9.37746, 8.99263], [9.37606, 8.98943], [9.37428, 8.98957], [9.36921, 8.98387], [9.37064, 8.98021], [9.37, 8.97941], [9.36918, 8.96602], [9.37393, 8.95287], [9.36594, 8.93822], [9.353, 8.93703]]]}, "properties": {"name": "Dokka", "lga": "Shendam", "state": "pl"}}, {"type": "Feature", "geometry": {"type": "Polygon", "coordinates": [[[9.41912, 9.01555], [9.41251, 8.99982], [9.41475, 8.99453], [9.41501, 8.98368], [9.41108, 8.98543], [9.4054, 8.98325], [9.39963, 8.983], [9.38241, 8.9803], [9.37481, 8.97803], [9.37, 8.97941], [9.37064, 8.98021], [9.36921, 8.98387], [9.37428, 8.98957], [9.37606, 8.98943], [9.37746, 8.99263], [9.37611, 8.99608], [9.37639, 8.99784], [9.37932, 8.99932], [9.37967, 9.00094], [9.37689, 9.0053], [9.37739, 9.00678], [9.38262, 9.01135], [9.3847, 9.01153], [9.38517, 9.01288], [9.38434, 9.01464], [9.3866, 9.01845], [9.3888, 9.01957], [9.38904, 9.02098], [9.38767, 9.02115], [9.38553, 9.01933], [9.38387, 9.0201], [9.38232, 9.02702], [9.38624, 9.02878], [9.38612, 9.03254], [9.3923, 9.03277], [9.39373, 9.03453], [9.39171, 9.04087], [9.39112, 9.04592], [9.39028, 9.05073], [9.39432, 9.05507], [9.39266, 9.05953], [9.39279, 9.06253], [9.39345, 9.07286], [9.39798, 9.07342], [9.39976, 9.07986], [9.40267, 9.08999], [9.40523, 9.09797], [9.40767, 9.09485], [9.41958, 9.0908], [9.41895, 9.08773], [9.42011, 9.07273], [9.41331, 9.064], [9.41207, 9.05758], [9.41724, 9.03785], [9.41492, 9.02652], [9.4148, 9.02019], [9.41912, 9.01555]]]}, "properties": {"name": "Koenoem A", "lga": "Mikang", "state": "pl"}}, {"type": "Feature", "geometry": {"type": "MultiPolygon", "coordinates": [[[[9.02952, 9.46662], [9.03281, 9.44639], [9.01521, 9.43764], [9.01029, 9.44303], [9.00532, 9.45396], [9.01553, 9.4669], [9.02952, 9.46662]]], [[[9.03838, 9.54753], [9.04738, 9.56288], [9.04774, 9.563], [9.04916, 9.56472], [9.07318, 9.57544], [9.07631, 9.57296], [9.08323, 9.57371], [9.09167, 9.57776], [9.10698, 9.57424], [9.11325, 9.57777], [9.11825, 9.58099], [9.1233, 9.59795], [9.12347, 9.59806], [9.13622, 9.58893], [9.14308, 9.58194], [9.14881, 9.57999], [9.1539, 9.5843], [9.1665, 9.58277], [9.16996, 9.57718], [9.15831, 9.56915], [9.15556, 9.56512], [9.1503, 9.56105], [9.15519, 9.5454], [9.1496, 9.53758], [9.13639, 9.53709], [9.12852, 9.53882], [9.12506, 9.5405], [9.11419, 9.5263], [9.10422, 9.53008], [9.10038, 9.51982], [9.09842, 9.50764], [9.11444, 9.51886], [9.1238, 9.50899], [9.11878, 9.49759], [9.11167, 9.48646], [9.11223, 9.4794], [9.10761, 9.46837], [9.10506, 9.46567], [9.09921, 9.46381], [9.08272, 9.46463], [9.07358, 9.46135], [9.05603, 9.46984], [9.05035, 9.47004], [9.03681, 9.47286], [9.03133, 9.46911], [9.02586, 9.47742], [9.01799, 9.48769], [9.01539, 9.49282], [9.00766, 9.5001], [9.00741, 9.50036], [9.00758, 9.50194], [9.01683, 9.51726], [9.01657, 9.52531], [9.04365, 9.52139], [9.04685, 9.53788], [9.03838, 9.54753]]]]}, "properties": {"name": "Halle", "lga": "Mangu", "state": "pl"}}, {"type": "Feature", "geometry": {"type": "Polygon", "coordinates": [[[9.09767, 9.99946], [9.08577, 10.01306], [9.08221, 10.0138], [9.0746, 10.01874], [9.06971, 10.02126], [9.06874, 10.02236], [9.08555, 10.02503], [9.10322, 10.03999], [9.10481, 10.03513], [9.1061, 10.03281], [9.11374, 10.02079], [9.12399, 10.01831], [9.13657, 10.00427], [9.14138, 10.0004], [9.15002, 9.99182], [9.12527, 9.97576], [9.12176, 9.98067], [9.11536, 9.98833], [9.11596, 9.99723], [9.11156, 10.00341], [9.09767, 9.99946]]]}, "properties": {"name": "Jarawa Kogi B", "lga": "Jos East", "state": "pl"}}, {"type": "Feature", "geometry": {"type": "MultiPolygon", "coordinates": [[[[9.23498, 8.98866], [9.23337, 8.9943], [9.22898, 8.99781], [9.22456, 9.02938], [9.23233, 9.03175], [9.24889, 9.0598], [9.2538, 9.05593], [9.27058, 9.06266], [9.28112, 9.05612], [9.28206, 9.05113], [9.28526, 9.04616], [9.28548, 9.04487], [9.27871, 9.01535], [9.27706, 9.01319], [9.2729, 9.01096], [9.26489, 9.0115], [9.2614, 9.00518], [9.26641, 9.00256], [9.26551, 8.99338], [9.26869, 8.9887], [9.26668, 8.97979], [9.26044, 8.97466], [9.23498, 8.98866]]], [[[9.24621, 9.06644], [9.24283, 9.0715], [9.26285, 9.10069], [9.26574, 9.09609], [9.26811, 9.06646], [9.24621, 9.06644]]]]}, "properties": {"name": "Kwa", "lga": "Qua'An Pan", "state": "pl"}}, {"type": "Feature", "geometry": {"type": "Polygon", "coordinates": [[[8.90716, 10.0229], [8.90646, 10.02287], [8.90261, 10.0227], [8.89326, 10.0165], [8.8881, 10.01137], [8.88546, 10.01842], [8.87598, 10.01863], [8.87125, 10.02838], [8.8657, 10.03405], [8.86749, 10.05114], [8.86243, 10.06621], [8.90776, 10.06389], [8.90448, 10.04488], [8.90547, 10.03442], [8.90716, 10.0229]]]}, "properties": {"name": "Gurum A", "lga": "Bassa", "state": "pl"}}, {"type": "Feature", "geometry": {"type": "Polygon", "coordinates": [[[9.63014, 9.45499], [9.62951, 9.47039], [9.62754, 9.48181], [9.61173, 9.50442], [9.60924, 9.50606], [9.58821, 9.54434], [9.58845, 9.54438], [9.59029, 9.54368], [9.59219, 9.5438], [9.60326, 9.54705], [9.60421, 9.54628], [9.606, 9.54604], [9.60722, 9.54699], [9.60951, 9.54774], [9.61084, 9.5489], [9.61192, 9.54759], [9.61412, 9.54696], [9.6151, 9.54461], [9.61825, 9.54464], [9.62009, 9.54333], [9.62024, 9.54137], [9.62304, 9.53929], [9.6234, 9.53819], [9.6242, 9.53718], [9.62533, 9.53715], [9.62652, 9.53834], [9.62768, 9.53786], [9.62708, 9.53605], [9.62744, 9.53462], [9.64838, 9.52229], [9.64977, 9.52289], [9.65101, 9.5219], [9.65449, 9.52498], [9.65627, 9.52804], [9.65861, 9.53173], [9.6636, 9.53429], [9.66786, 9.53532], [9.67283, 9.53344], [9.67814, 9.53081], [9.68322, 9.52579], [9.68756, 9.52379], [9.69234, 9.52247], [9.6945, 9.52311], [9.6959, 9.52375], [9.70394, 9.52739], [9.71355, 9.52782], [9.7326, 9.53253], [9.74435, 9.53159], [9.74569, 9.53149], [9.76088, 9.53871], [9.76269, 9.52849], [9.77221, 9.51026], [9.76589, 9.48426], [9.76512, 9.47503], [9.76264, 9.46024], [9.75124, 9.46271], [9.7379, 9.45737], [9.73072, 9.45312], [9.7152, 9.45396], [9.69947, 9.44872], [9.69775, 9.44884], [9.69468, 9.452], [9.68689, 9.45688], [9.67558, 9.4555], [9.669, 9.45381], [9.65953, 9.45049], [9.65844, 9.44731], [9.63014, 9.45499]]]}, "properties": {"name": "Gyangyang", "lga": "Kanke", "state": "pl"}}, {"type": "Feature", "geometry": {"type": "MultiPolygon", "coordinates": [[[[9.48929, 9.32596], [9.47727, 9.33327], [9.47823, 9.33296], [9.48861, 9.32686], [9.48929, 9.32596]]], [[[9.44986, 9.25503], [9.44803, 9.25438], [9.4353, 9.2595], [9.42954, 9.26543], [9.41407, 9.27931], [9.41367, 9.281], [9.41564, 9.28282], [9.42761, 9.29803], [9.43072, 9.30297], [9.42197, 9.31298], [9.41638, 9.31189], [9.41103, 9.31173], [9.40608, 9.30051], [9.39732, 9.30195], [9.39149, 9.29997], [9.38733, 9.30551], [9.39004, 9.30953], [9.38972, 9.3158], [9.39044, 9.319], [9.37694, 9.32033], [9.37671, 9.33874], [9.37011, 9.34659], [9.3818, 9.35645], [9.38384, 9.36726], [9.3889, 9.36837], [9.40024, 9.36615], [9.40411, 9.36122], [9.41049, 9.35609], [9.40939, 9.35104], [9.406, 9.34863], [9.39849, 9.35059], [9.39746, 9.34962], [9.39682, 9.3466], [9.40175, 9.34009], [9.40374, 9.33653], [9.41006, 9.33244], [9.41737, 9.34067], [9.42368, 9.34303], [9.43568, 9.35472], [9.43641, 9.35897], [9.4522, 9.35649], [9.45823, 9.34945], [9.4732, 9.34223], [9.47583, 9.33444], [9.45836, 9.32791], [9.44968, 9.30346], [9.45019, 9.30294], [9.44974, 9.30023], [9.44986, 9.25503]]]]}, "properties": {"name": "Pankshin", "lga": "Pankshin", "state": "pl"}}, {"type": "Feature", "geometry": {"type": "Polygon", "coordinates": [[[8.8788, 9.95909], [8.87867, 9.95683], [8.87866, 9.95647], [8.8745, 9.95656], [8.87449, 9.95985], [8.87374, 9.96009], [8.87213, 9.96024], [8.86089, 9.95737], [8.86204, 9.9545], [8.86037, 9.95036], [8.8596, 9.95017], [8.85877, 9.95058], [8.85773, 9.95006], [8.85722, 9.94933], [8.85736, 9.94811], [8.85639, 9.94621], [8.85104, 9.94261], [8.81912, 9.94932], [8.81929, 9.9495], [8.82461, 9.95939], [8.83195, 9.96744], [8.83571, 9.96954], [8.83712, 9.97109], [8.83565, 9.97354], [8.83788, 9.97714], [8.84135, 9.97573], [8.84296, 9.97742], [8.84167, 9.97938], [8.8437, 9.98304], [8.84692, 9.98208], [8.85101, 9.98707], [8.84751, 9.98709], [8.84469, 9.99502], [8.84623, 9.9959], [8.85571, 9.99441], [8.88147, 10.00695], [8.87598, 10.01863], [8.88546, 10.01842], [8.8881, 10.01137], [8.89326, 10.0165], [8.90261, 10.0227], [8.90646, 10.02287], [8.90716, 10.0229], [8.90696, 10.02181], [8.9055, 10.02102], [8.90176, 10.01721], [8.89911, 10.01066], [8.89876, 10.0089], [8.89694, 10.00876], [8.89654, 10.0058], [8.89337, 9.99953], [8.89333, 9.99862], [8.89252, 9.99739], [8.89119, 9.99681], [8.89066, 9.99561], [8.8914, 9.99084], [8.88886, 9.98694], [8.88811, 9.98588], [8.88851, 9.9851], [8.88191, 9.98131], [8.88049, 9.97944], [8.87978, 9.97661], [8.87598, 9.97806], [8.8738, 9.97538], [8.8753, 9.96597], [8.8731, 9.96453], [8.87446, 9.96254], [8.87453, 9.96062], [8.87761, 9.96006], [8.87885, 9.95983], [8.8788, 9.95909]]]}, "properties": {"name": "Ahwol", "lga": "Jos North", "state": "pl"}}, {"type": "Feature", "geometry": {"type": "Polygon", "coordinates": [[[9.54357, 9.05074], [9.55237, 9.07786], [9.5657, 9.06049], [9.56781, 9.05926], [9.57498, 9.04743], [9.59123, 9.04932], [9.6008, 9.03567], [9.59545, 9.0299], [9.59602, 9.02547], [9.5955, 9.02256], [9.5852, 9.00642], [9.58271, 9.00168], [9.57089, 8.99416], [9.56705, 8.98849], [9.56397, 8.98396], [9.55909, 8.96851], [9.55863, 8.9685], [9.55013, 8.96845], [9.55178, 8.95551], [9.55781, 8.95119], [9.55434, 8.94732], [9.54501, 8.94777], [9.53943, 8.96056], [9.52453, 8.96205], [9.52407, 8.95164], [9.53376, 8.93297], [9.53104, 8.93285], [9.52729, 8.93075], [9.52152, 8.93049], [9.50977, 8.96503], [9.51702, 8.98291], [9.51876, 8.98165], [9.5307, 8.9861], [9.53702, 8.99853], [9.53863, 9.0028], [9.54257, 9.01135], [9.53895, 9.01959], [9.54056, 9.02679], [9.54208, 9.0308], [9.54672, 9.03284], [9.54856, 9.04088], [9.54746, 9.04398], [9.54357, 9.05074]]]}, "properties": {"name": "Din", "lga": "Mikang", "state": "pl"}}, {"type": "Feature", "geometry": {"type": "MultiPolygon", "coordinates": [[[[9.69154, 8.50368], [9.69391, 8.49413], [9.69601, 8.48868], [9.66949, 8.4879], [9.63945, 8.48772], [9.62313, 8.47345], [9.60558, 8.42131], [9.59756, 8.40265], [9.60155, 8.39272], [9.59838, 8.39336], [9.59453, 8.39319], [9.58859, 8.39679], [9.55923, 8.40151], [9.53226, 8.41412], [9.528, 8.41534], [9.52029, 8.41496], [9.51096, 8.41822], [9.50166, 8.42034], [9.49207, 8.4236], [9.50354, 8.43177], [9.52038, 8.4393], [9.54904, 8.43845], [9.54907, 8.44762], [9.5495, 8.46131], [9.55164, 8.46511], [9.55171, 8.46695], [9.54769, 8.47364], [9.54147, 8.47312], [9.54298, 8.48351], [9.57325, 8.48545], [9.59997, 8.49579], [9.61991, 8.49748], [9.6269, 8.52352], [9.62725, 8.55643], [9.63119, 8.55222], [9.63447, 8.5518], [9.63618, 8.55335], [9.63854, 8.55843], [9.63896, 8.56174], [9.63925, 8.56322], [9.64139, 8.56407], [9.64296, 8.56675], [9.64296, 8.56837], [9.64174, 8.5719], [9.64317, 8.57479], [9.64438, 8.57465], [9.64609, 8.57197], [9.64695, 8.5695], [9.64788, 8.56901], [9.65938, 8.57426], [9.65949, 8.57175], [9.66177, 8.56413], [9.6784, 8.53784], [9.68059, 8.53215], [9.67885, 8.52821], [9.68113, 8.52059], [9.68149, 8.51288], [9.69154, 8.50368]]], [[[9.65768, 8.65275], [9.66308, 8.64246], [9.66151, 8.63467], [9.65842, 8.62898], [9.65514, 8.62422], [9.65517, 8.62368], [9.65745, 8.61606], [9.65789, 8.60643], [9.65317, 8.61061], [9.63629, 8.62869], [9.63781, 8.64056], [9.6413, 8.6508], [9.65531, 8.6623], [9.65768, 8.65275]]], [[[9.66284, 8.90114], [9.65155, 8.88793], [9.65118, 8.88594], [9.63407, 8.88512], [9.6233, 8.88461], [9.62707, 8.90544], [9.63792, 8.91435], [9.63582, 8.91754], [9.63559, 8.92204], [9.64529, 8.92054], [9.65473, 8.92482], [9.65849, 8.92692], [9.66103, 8.92366], [9.66284, 8.90114]]]]}, "properties": {"name": "Kurumbur B", "lga": "Shendam", "state": "pl"}}, {"type": "Feature", "geometry": {"type": "Polygon", "coordinates": [[[9.75641, 8.62925], [9.75668, 8.6021], [9.75398, 8.59739], [9.74229, 8.59617], [9.73253, 8.59139], [9.72471, 8.58634], [9.71521, 8.58179], [9.67766, 8.5851], [9.68104, 8.59627], [9.67458, 8.60849], [9.65789, 8.60643], [9.65745, 8.61606], [9.65517, 8.62368], [9.65514, 8.62422], [9.65842, 8.62898], [9.66151, 8.63467], [9.66308, 8.64246], [9.65768, 8.65275], [9.67017, 8.65232], [9.69123, 8.65055], [9.69232, 8.66081], [9.69705, 8.68225], [9.72259, 8.6997], [9.72545, 8.69902], [9.72949, 8.69128], [9.732, 8.68037], [9.73809, 8.65879], [9.74583, 8.64852], [9.75211, 8.63544], [9.75641, 8.62925]]]}, "properties": {"name": "Turaki", "lga": "Langtang South", "state": "pl"}}, {"type": "Feature", "geometry": {"type": "MultiPolygon", "coordinates": [[[[9.1851, 8.95811], [9.19847, 8.95677], [9.21255, 8.96246], [9.22069, 8.9641], [9.22229, 8.96111], [9.22557, 8.95132], [9.22292, 8.94061], [9.22979, 8.93138], [9.22795, 8.91605], [9.22774, 8.91591], [9.2233, 8.9134], [9.22032, 8.91316], [9.2102, 8.90464], [9.20922, 8.88163], [9.20362, 8.88122], [9.19892, 8.87303], [9.19661, 8.86769], [9.21075, 8.85655], [9.19072, 8.85137], [9.18885, 8.84852], [9.18189, 8.8489], [9.18226, 8.8478], [9.1611, 8.86153], [9.18203, 8.87695], [9.17533, 8.89093], [9.17905, 8.90025], [9.17913, 8.90804], [9.18271, 8.91573], [9.1878, 8.92175], [9.19048, 8.93436], [9.18496, 8.94342], [9.18215, 8.94832], [9.1851, 8.95811]]], [[[9.15614, 9.0257], [9.1572, 9.01731], [9.13586, 8.97764], [9.14161, 8.96911], [9.13994, 8.955], [9.13934, 8.95061], [9.13512, 8.94594], [9.12759, 8.93788], [9.11467, 8.93591], [9.10889, 8.9416], [9.10384, 8.94254], [9.10072, 8.94277], [9.08527, 8.93923], [9.08431, 8.93011], [9.08018, 8.92667], [9.06962, 8.92616], [9.06373, 8.91204], [9.04599, 8.92293], [9.05329, 8.93094], [9.06255, 8.93907], [9.06823, 8.94125], [9.07189, 8.94528], [9.07346, 8.95307], [9.07118, 8.96069], [9.06908, 8.96446], [9.06707, 8.9663], [9.06837, 8.97987], [9.07074, 8.98784], [9.06696, 9.00793], [9.06274, 9.01823], [9.06015, 9.0206], [9.05671, 9.02375], [9.05412, 9.02491], [9.05688, 9.02632], [9.07973, 9.02831], [9.09332, 9.01868], [9.13118, 9.0426], [9.15614, 9.0257]]]]}, "properties": {"name": "Goechim", "lga": "Qua'An Pan", "state": "pl"}}, {"type": "Feature", "geometry": {"type": "Polygon", "coordinates": [[[9.59805, 9.42336], [9.59706, 9.42182], [9.59467, 9.40955], [9.59305, 9.40609], [9.59228, 9.40568], [9.57883, 9.4064], [9.57248, 9.41089], [9.56053, 9.41054], [9.55631, 9.41732], [9.55391, 9.41877], [9.54798, 9.42664], [9.54426, 9.44347], [9.54534, 9.44483], [9.552, 9.44382], [9.56213, 9.44111], [9.57149, 9.44582], [9.56814, 9.45282], [9.57162, 9.46162], [9.56772, 9.46408], [9.55592, 9.46117], [9.55147, 9.46167], [9.54758, 9.46992], [9.54747, 9.47334], [9.56911, 9.47271], [9.58992, 9.51154], [9.58301, 9.51741], [9.57673, 9.52275], [9.57386, 9.52496], [9.57047, 9.52912], [9.57005, 9.53436], [9.57397, 9.53763], [9.57816, 9.5428], [9.57922, 9.55167], [9.57991, 9.54975], [9.58153, 9.54855], [9.58374, 9.54627], [9.58597, 9.5449], [9.58669, 9.5441], [9.58821, 9.54434], [9.60924, 9.50606], [9.59578, 9.48315], [9.595, 9.46914], [9.59217, 9.46122], [9.59367, 9.45025], [9.59495, 9.44935], [9.59805, 9.42336]]]}, "properties": {"name": "Dawaki", "lga": "Kanke", "state": "pl"}}, {"type": "Feature", "geometry": {"type": "MultiPolygon", "coordinates": [[[[9.26267, 9.34903], [9.26434, 9.34885], [9.27433, 9.33638], [9.26929, 9.32805], [9.26261, 9.32239], [9.2514, 9.33417], [9.25657, 9.34659], [9.26267, 9.34903]]], [[[9.24385, 9.35126], [9.23297, 9.34388], [9.23275, 9.34256], [9.2508, 9.334], [9.24002, 9.32343], [9.23169, 9.32664], [9.22744, 9.3236], [9.21953, 9.31908], [9.2093, 9.32535], [9.19649, 9.31663], [9.19237, 9.31515], [9.19002, 9.31484], [9.1702, 9.30551], [9.14827, 9.3098], [9.14771, 9.31422], [9.1436, 9.31727], [9.13314, 9.32368], [9.11532, 9.33193], [9.09262, 9.32936], [9.09342, 9.35026], [9.107, 9.36218], [9.11038, 9.36113], [9.11699, 9.36207], [9.12358, 9.3626], [9.12931, 9.35975], [9.13952, 9.3559], [9.15101, 9.33321], [9.15487, 9.33308], [9.15807, 9.33456], [9.16108, 9.3551], [9.15872, 9.36304], [9.17168, 9.37748], [9.17909, 9.36752], [9.18668, 9.36678], [9.19259, 9.35712], [9.20245, 9.36224], [9.20649, 9.36354], [9.21295, 9.36387], [9.21692, 9.36177], [9.21956, 9.36098], [9.22532, 9.36116], [9.23082, 9.3638], [9.24385, 9.35126]]]]}, "properties": {"name": "Kerang", "lga": "Mangu", "state": "pl"}}, {"type": "Feature", "geometry": {"type": "Polygon", "coordinates": [[[9.77881, 9.26144], [9.779, 9.2608], [9.78518, 9.249], [9.78873, 9.2395], [9.78821, 9.2361], [9.78506, 9.23362], [9.78305, 9.22949], [9.77942, 9.22466], [9.77786, 9.22064], [9.7762, 9.19656], [9.7749, 9.19454], [9.76611, 9.18883], [9.76596, 9.18845], [9.76087, 9.18192], [9.75116, 9.18282], [9.7441, 9.16555], [9.7318, 9.17148], [9.73082, 9.18182], [9.72021, 9.18627], [9.71474, 9.18551], [9.70868, 9.18135], [9.69992, 9.18054], [9.70044, 9.192], [9.70102, 9.19602], [9.70464, 9.2081], [9.70441, 9.21069], [9.70239, 9.21402], [9.69852, 9.21896], [9.69441, 9.21837], [9.68859, 9.24319], [9.70126, 9.23424], [9.71085, 9.24164], [9.71466, 9.24224], [9.71864, 9.24431], [9.7251, 9.24742], [9.73238, 9.25543], [9.73643, 9.25608], [9.74008, 9.25696], [9.74946, 9.25807], [9.75777, 9.26131], [9.75932, 9.26241], [9.77881, 9.26144]]]}, "properties": {"name": "Warok", "lga": "Langtang North", "state": "pl"}}, {"type": "Feature", "geometry": {"type": "Polygon", "coordinates": [[[8.8195, 10.13135], [8.85064, 10.13978], [8.85464, 10.13365], [8.8644, 10.12354], [8.86898, 10.11538], [8.86749, 10.09554], [8.87891, 10.09485], [8.89764, 10.09226], [8.90633, 10.09511], [8.91915, 10.09324], [8.93615, 10.11136], [8.95079, 10.11214], [8.95193, 10.11996], [8.97053, 10.11644], [8.96984, 10.11063], [8.96809, 10.10669], [8.96824, 10.1036], [8.96827, 10.10284], [8.95209, 10.09301], [8.93929, 10.03306], [8.93869, 10.02657], [8.91791, 10.02531], [8.91223, 10.02313], [8.90716, 10.0229], [8.90547, 10.03442], [8.90448, 10.04488], [8.90776, 10.06389], [8.86243, 10.06621], [8.85027, 10.07845], [8.84097, 10.08543], [8.82033, 10.11278], [8.8195, 10.13135]]]}, "properties": {"name": "Buji", "lga": "Bassa", "state": "pl"}}, {"type": "Feature", "geometry": {"type": "Polygon", "coordinates": [[[8.85562, 9.77687], [8.85687, 9.78234], [8.86002, 9.7828], [8.86043, 9.78167], [8.86051, 9.78095], [8.86245, 9.78087], [8.86346, 9.78431], [8.86837, 9.7832], [8.86889, 9.78497], [8.86941, 9.78554], [8.87106, 9.7862], [8.87124, 9.78708], [8.87363, 9.78874], [8.8822, 9.78509], [8.88384, 9.78168], [8.88169, 9.77864], [8.87862, 9.77432], [8.87795, 9.77348], [8.88205, 9.76992], [8.88296, 9.76878], [8.8838, 9.76861], [8.88106, 9.76251], [8.88533, 9.76071], [8.88598, 9.75021], [8.88226, 9.74588], [8.88124, 9.74099], [8.87799, 9.73559], [8.87495, 9.72469], [8.87392, 9.72519], [8.86297, 9.73034], [8.85992, 9.73356], [8.85707, 9.73745], [8.85667, 9.73968], [8.85672, 9.746], [8.85484, 9.74685], [8.8525, 9.74755], [8.85128, 9.75127], [8.84822, 9.75256], [8.84703, 9.75358], [8.83924, 9.75348], [8.838, 9.75106], [8.83621, 9.7513], [8.8349, 9.75112], [8.83061, 9.7522], [8.80494, 9.74564], [8.80494, 9.74566], [8.79606, 9.74524], [8.79609, 9.74566], [8.80559, 9.76217], [8.81909, 9.77191], [8.82473, 9.77906], [8.82967, 9.77818], [8.83596, 9.7749], [8.83973, 9.77265], [8.84175, 9.77255], [8.84274, 9.77283], [8.8438, 9.77323], [8.84612, 9.77079], [8.84747, 9.77267], [8.84868, 9.7736], [8.84979, 9.77378], [8.85058, 9.77334], [8.85253, 9.77144], [8.85345, 9.7713], [8.85404, 9.77167], [8.85562, 9.77687]]]}, "properties": {"name": "Zawan A", "lga": "Jos South", "state": "pl"}}, {"type": "Feature", "geometry": {"type": "Polygon", "coordinates": [[[8.94871, 9.27809], [8.95585, 9.2717], [8.95852, 9.26735], [8.96525, 9.25939], [8.96607, 9.25566], [8.96463, 9.25049], [8.96161, 9.24043], [8.96085, 9.23505], [8.9608, 9.23168], [8.9607, 9.22532], [8.96409, 9.22126], [8.96052, 9.20819], [8.98524, 9.20853], [8.99138, 9.20272], [8.9915, 9.20251], [8.9918, 9.20022], [8.98685, 9.19301], [8.97804, 9.18404], [8.97242, 9.17579], [8.96971, 9.1587], [8.96261, 9.14541], [8.95875, 9.12639], [8.9427, 9.07798], [8.92557, 9.0669], [8.90588, 9.11106], [8.91599, 9.1186], [8.91571, 9.12967], [8.91281, 9.13749], [8.91636, 9.14431], [8.90299, 9.15314], [8.89959, 9.158], [8.89488, 9.16283], [8.89009, 9.18872], [8.88538, 9.18989], [8.88304, 9.19156], [8.8828, 9.19505], [8.88043, 9.20752], [8.87917, 9.21294], [8.87412, 9.22558], [8.8697, 9.23892], [8.86885, 9.24255], [8.85464, 9.25849], [8.89339, 9.27322], [8.89227, 9.27292], [8.90264, 9.27689], [8.91025, 9.2748], [8.9197, 9.27426], [8.92749, 9.27149], [8.92992, 9.26877], [8.94871, 9.27809]]]}, "properties": {"name": "Mbar / Margar", "lga": "Bokkos", "state": "pl"}}, {"type": "Feature", "geometry": {"type": "Polygon", "coordinates": [[[8.89823, 9.70818], [8.88647, 9.71901], [8.87495, 9.72469], [8.87799, 9.73559], [8.88124, 9.74099], [8.88226, 9.74588], [8.88598, 9.75021], [8.88533, 9.76071], [8.88106, 9.76251], [8.8838, 9.76861], [8.88296, 9.76878], [8.88205, 9.76992], [8.87795, 9.77348], [8.87862, 9.77432], [8.88169, 9.77864], [8.88384, 9.78168], [8.88339, 9.7825], [8.88293, 9.78403], [8.88258, 9.78478], [8.87366, 9.7886], [8.87155, 9.79232], [8.87769, 9.80542], [8.88159, 9.80414], [8.88402, 9.80473], [8.88525, 9.80456], [8.88503, 9.80315], [8.88669, 9.80227], [8.89023, 9.80286], [8.91761, 9.78471], [8.90866, 9.78119], [8.90663, 9.77478], [8.90403, 9.76539], [8.90081, 9.76082], [8.90085, 9.75397], [8.90349, 9.74518], [8.91501, 9.73064], [8.91423, 9.72978], [8.91047, 9.72768], [8.90864, 9.72567], [8.9069, 9.72173], [8.90515, 9.7178], [8.90148, 9.71377], [8.89974, 9.70983], [8.89823, 9.70818]]]}, "properties": {"name": "Du A", "lga": "Jos South", "state": "pl"}}, {"type": "Feature", "geometry": {"type": "Polygon", "coordinates": [[[9.09721, 9.80431], [9.09186, 9.80802], [9.08101, 9.81074], [9.06133, 9.84336], [9.06573, 9.85258], [9.06574, 9.87177], [9.0732, 9.87559], [9.07678, 9.88147], [9.07997, 9.89189], [9.08023, 9.8985], [9.0652, 9.9181], [9.08411, 9.92596], [9.09269, 9.92332], [9.10181, 9.92561], [9.11618, 9.92892], [9.12006, 9.94037], [9.12453, 9.9445], [9.12743, 9.94528], [9.14889, 9.94337], [9.17402, 9.94391], [9.17327, 9.89725], [9.185, 9.88867], [9.20628, 9.86662], [9.20485, 9.84194], [9.19529, 9.82992], [9.19077, 9.8226], [9.18651, 9.8188], [9.17919, 9.81161], [9.16944, 9.80687], [9.14554, 9.80135], [9.13795, 9.80051], [9.09721, 9.80431]]]}, "properties": {"name": "Federe", "lga": "Jos East", "state": "pl"}}, {"type": "Feature", "geometry": {"type": "Polygon", "coordinates": [[[9.09721, 9.80431], [9.09776, 9.80419], [9.10275, 9.80323], [9.10496, 9.78306], [9.11202, 9.75908], [9.11325, 9.75252], [9.11544, 9.74126], [9.11506, 9.73772], [9.12942, 9.73216], [9.1074, 9.72111], [9.10655, 9.71362], [9.10068, 9.71095], [9.09996, 9.7085], [9.08626, 9.68958], [9.08636, 9.6892], [9.07459, 9.67609], [9.07366, 9.67596], [9.05628, 9.68543], [9.04982, 9.68755], [9.05521, 9.69668], [9.05508, 9.70758], [9.05452, 9.70805], [9.04622, 9.72924], [9.05317, 9.7376], [9.07678, 9.75153], [9.08366, 9.74996], [9.09481, 9.79906], [9.09721, 9.80431]]]}, "properties": {"name": "Fursum East", "lga": "Jos East", "state": "pl"}}, {"type": "Feature", "geometry": {"type": "Polygon", "coordinates": [[[8.87825, 9.81987], [8.87902, 9.81646], [8.88045, 9.81632], [8.88316, 9.81529], [8.88549, 9.80614], [8.88525, 9.80456], [8.88402, 9.80473], [8.88159, 9.80414], [8.87769, 9.80542], [8.87163, 9.79301], [8.87363, 9.78874], [8.87124, 9.78708], [8.87106, 9.7862], [8.86941, 9.78554], [8.86889, 9.78497], [8.86837, 9.7832], [8.86346, 9.78431], [8.86245, 9.78087], [8.86051, 9.78095], [8.85858, 9.7866], [8.85932, 9.79967], [8.86527, 9.81063], [8.86461, 9.81143], [8.86291, 9.81138], [8.86278, 9.81078], [8.86277, 9.81037], [8.86249, 9.8092], [8.8619, 9.80925], [8.86162, 9.80882], [8.86131, 9.80884], [8.85727, 9.81227], [8.86566, 9.81802], [8.86513, 9.82169], [8.86472, 9.82173], [8.86319, 9.82384], [8.86457, 9.82515], [8.86466, 9.82658], [8.8564, 9.84817], [8.85674, 9.84839], [8.85791, 9.84887], [8.85724, 9.85033], [8.86214, 9.85125], [8.86437, 9.85061], [8.8655, 9.84953], [8.86583, 9.84851], [8.86688, 9.84692], [8.86599, 9.84099], [8.86591, 9.83991], [8.86585, 9.83888], [8.86607, 9.83717], [8.8666, 9.83561], [8.86717, 9.83354], [8.86894, 9.83318], [8.87069, 9.83253], [8.8743, 9.82771], [8.87272, 9.82464], [8.87316, 9.82359], [8.87356, 9.82267], [8.87216, 9.81799], [8.87508, 9.81702], [8.87558, 9.81832], [8.87692, 9.81953], [8.87825, 9.81987]]]}, "properties": {"name": "Bukuru", "lga": "Jos South", "state": "pl"}}, {"type": "Feature", "geometry": {"type": "Polygon", "coordinates": [[[9.55463, 9.20047], [9.55278, 9.20341], [9.54607, 9.20884], [9.53444, 9.21], [9.52963, 9.21151], [9.51874, 9.21266], [9.51467, 9.21536], [9.50709, 9.22624], [9.50347, 9.22829], [9.4944, 9.22819], [9.48633, 9.22263], [9.48174, 9.21732], [9.45531, 9.25445], [9.4792, 9.26182], [9.48409, 9.26236], [9.48968, 9.26182], [9.52097, 9.26675], [9.52118, 9.26637], [9.52988, 9.25942], [9.54535, 9.24043], [9.57571, 9.25155], [9.57819, 9.24025], [9.58801, 9.2246], [9.58618, 9.21352], [9.57221, 9.20241], [9.56797, 9.19789], [9.55463, 9.20047]]]}, "properties": {"name": "Garram", "lga": "Kanke", "state": "pl"}}, {"type": "Feature", "geometry": {"type": "Polygon", "coordinates": [[[9.35442, 9.47883], [9.34689, 9.49955], [9.34211, 9.50747], [9.34204, 9.50768], [9.34523, 9.51892], [9.34088, 9.53745], [9.34054, 9.54103], [9.35103, 9.53227], [9.3974, 9.53116], [9.39908, 9.5268], [9.39959, 9.52546], [9.40178, 9.51977], [9.40205, 9.51399], [9.40351, 9.5102], [9.40555, 9.5071], [9.42545, 9.47688], [9.46436, 9.47575], [9.45949, 9.46698], [9.46105, 9.46066], [9.44986, 9.45203], [9.44822, 9.45009], [9.42672, 9.44621], [9.42584, 9.44667], [9.41742, 9.44727], [9.40688, 9.44014], [9.40121, 9.43534], [9.39456, 9.43403], [9.38848, 9.43872], [9.38546, 9.44165], [9.3822, 9.45158], [9.38095, 9.45792], [9.3794, 9.46393], [9.37148, 9.47608], [9.35685, 9.47868], [9.35442, 9.47883]]]}, "properties": {"name": "Kadung", "lga": "Pankshin", "state": "pl"}}, {"type": "Feature", "geometry": {"type": "Polygon", "coordinates": [[[8.73416, 9.59201], [8.73316, 9.59332], [8.73148, 9.59717], [8.72796, 9.60327], [8.71895, 9.61505], [8.71742, 9.61735], [8.7236, 9.61873], [8.72464, 9.62053], [8.72946, 9.62543], [8.73184, 9.6273], [8.73719, 9.63051], [8.73787, 9.63134], [8.74566, 9.63946], [8.74718, 9.63802], [8.75202, 9.62961], [8.74249, 9.62425], [8.74555, 9.61666], [8.75482, 9.61509], [8.76354, 9.60055], [8.73994, 9.5913], [8.73416, 9.59201]]]}, "properties": {"name": "Kwogo", "lga": "Riyom", "state": "pl"}}, {"type": "Feature", "geometry": {"type": "Polygon", "coordinates": [[[8.80509, 9.17706], [8.81464, 9.16746], [8.8238, 9.17013], [8.82822, 9.16816], [8.82846, 9.16852], [8.84522, 9.15946], [8.84572, 9.1565], [8.84315, 9.1472], [8.83837, 9.13541], [8.8289, 9.13084], [8.82274, 9.1173], [8.79063, 9.11908], [8.79007, 9.11934], [8.76163, 9.1132], [8.76137, 9.11877], [8.76128, 9.12067], [8.76477, 9.12855], [8.76752, 9.13629], [8.7679, 9.14414], [8.76771, 9.14992], [8.76755, 9.15742], [8.76551, 9.16369], [8.77118, 9.16352], [8.78281, 9.16154], [8.79234, 9.16129], [8.79561, 9.16332], [8.79738, 9.16274], [8.80509, 9.17706]]]}, "properties": {"name": "Ambul / Bargesh", "lga": "Bokkos", "state": "pl"}}, {"type": "Feature", "geometry": {"type": "Polygon", "coordinates": [[[9.59805, 9.42336], [9.60087, 9.42412], [9.61873, 9.41814], [9.62918, 9.42861], [9.6372, 9.42291], [9.63787, 9.41624], [9.66318, 9.38794], [9.64591, 9.38519], [9.63853, 9.38639], [9.63489, 9.38646], [9.62637, 9.36347], [9.59341, 9.35848], [9.58913, 9.36746], [9.58852, 9.36775], [9.58223, 9.389], [9.59228, 9.40568], [9.59305, 9.40609], [9.59467, 9.40955], [9.59706, 9.42182], [9.59805, 9.42336]]]}, "properties": {"name": "Kwarip", "lga": "Kanke", "state": "pl"}}, {"type": "Feature", "geometry": {"type": "Polygon", "coordinates": [[[9.63638, 9.14926], [9.63138, 9.14346], [9.6232, 9.13695], [9.61547, 9.13354], [9.6069, 9.13216], [9.59672, 9.12791], [9.58388, 9.12606], [9.55869, 9.13881], [9.55429, 9.17536], [9.54917, 9.18678], [9.55463, 9.20047], [9.56797, 9.19789], [9.57221, 9.20241], [9.58618, 9.21352], [9.58801, 9.2246], [9.57819, 9.24025], [9.57571, 9.25155], [9.57875, 9.2602], [9.58095, 9.26348], [9.59009, 9.26803], [9.62045, 9.2538], [9.62051, 9.25671], [9.63265, 9.2615], [9.63157, 9.26054], [9.66971, 9.28406], [9.67524, 9.27307], [9.67899, 9.26014], [9.68091, 9.25602], [9.68113, 9.25208], [9.68859, 9.24319], [9.69441, 9.21837], [9.69852, 9.21896], [9.70239, 9.21402], [9.70441, 9.21069], [9.70464, 9.2081], [9.70102, 9.19602], [9.70044, 9.192], [9.69992, 9.18054], [9.69156, 9.17499], [9.66025, 9.17013], [9.64549, 9.16047], [9.63798, 9.15719], [9.63638, 9.14926]]]}, "properties": {"name": "Dokpai", "lga": "Pankshin", "state": "pl"}}, {"type": "Feature", "geometry": {"type": "Polygon", "coordinates": [[[9.9229, 8.55436], [9.90811, 8.55107], [9.90035, 8.55248], [9.90368, 8.5855], [9.90376, 8.59253], [9.90725, 8.60436], [9.89646, 8.61116], [9.8929, 8.61451], [9.87037, 8.62153], [9.86741, 8.62748], [9.86545, 8.63817], [9.87853, 8.6563], [9.88774, 8.66938], [9.89582, 8.67167], [9.90689, 8.65748], [9.92366, 8.64729], [9.93328, 8.64064], [9.95416, 8.64009], [9.96271, 8.6434], [9.97443, 8.65143], [9.96961, 8.61741], [9.96722, 8.6143], [9.96448, 8.60653], [9.96217, 8.60022], [9.95637, 8.5907], [9.95877, 8.57082], [9.94218, 8.56561], [9.9268, 8.57104], [9.9229, 8.55436]]]}, "properties": {"name": "Faya", "lga": "Langtang South", "state": "pl"}}, {"type": "Feature", "geometry": {"type": "Polygon", "coordinates": [[[9.48424, 9.47517], [9.54747, 9.47334], [9.54758, 9.46992], [9.55147, 9.46167], [9.55592, 9.46117], [9.56772, 9.46408], [9.57162, 9.46162], [9.56814, 9.45282], [9.57149, 9.44582], [9.56213, 9.44111], [9.552, 9.44382], [9.54534, 9.44483], [9.54426, 9.44347], [9.52635, 9.4401], [9.51452, 9.45193], [9.50095, 9.4501], [9.49749, 9.45074], [9.48699, 9.45019], [9.48424, 9.47517]]]}, "properties": {"name": "Namel", "lga": "Kanke", "state": "pl"}}, {"type": "Feature", "geometry": {"type": "Polygon", "coordinates": [[[8.69797, 9.96098], [8.70338, 9.96775], [8.71531, 9.97522], [8.72, 9.96701], [8.72081, 9.95861], [8.72622, 9.9568], [8.73279, 9.94915], [8.73673, 9.94888], [8.74238, 9.94612], [8.74534, 9.94395], [8.75014, 9.93712], [8.75594, 9.93526], [8.76754, 9.92613], [8.77033, 9.92265], [8.77507, 9.92008], [8.77923, 9.91458], [8.79957, 9.91774], [8.79037, 9.89699], [8.78579, 9.89393], [8.76564, 9.89642], [8.75257, 9.892], [8.74087, 9.88642], [8.73662, 9.88587], [8.73063, 9.88513], [8.72011, 9.88106], [8.69219, 9.89087], [8.69222, 9.91369], [8.69147, 9.94565], [8.69507, 9.95546], [8.69797, 9.96098]]]}, "properties": {"name": "Kakkek", "lga": "Bassa", "state": "pl"}}, {"type": "Feature", "geometry": {"type": "Polygon", "coordinates": [[[9.89141, 9.40569], [9.88418, 9.4062], [9.85112, 9.42397], [9.84715, 9.4335], [9.82378, 9.43515], [9.81608, 9.43872], [9.80809, 9.44551], [9.80742, 9.44766], [9.81811, 9.45953], [9.83285, 9.45971], [9.84206, 9.46651], [9.85566, 9.46943], [9.86448, 9.46774], [9.87681, 9.47735], [9.88397, 9.48505], [9.89416, 9.51202], [9.89598, 9.51289], [9.8994, 9.5094], [9.91006, 9.49217], [9.91548, 9.4858], [9.92503, 9.47387], [9.92643, 9.46741], [9.93153, 9.45812], [9.92357, 9.44648], [9.9111, 9.4354], [9.9091, 9.43301], [9.90528, 9.43177], [9.8981, 9.40789], [9.89141, 9.40569]]]}, "properties": {"name": "Gyambar", "lga": "Kanam", "state": "pl"}}, {"type": "Feature", "geometry": {"type": "Polygon", "coordinates": [[[8.91049, 9.56044], [8.92612, 9.56978], [8.93391, 9.56676], [8.94073, 9.56331], [8.94765, 9.55709], [8.96073, 9.54812], [8.96624, 9.54614], [8.9667, 9.54368], [8.98871, 9.55165], [9.01478, 9.52927], [9.02936, 9.54372], [9.03536, 9.54728], [9.03838, 9.54753], [9.04685, 9.53788], [9.04365, 9.52139], [9.01657, 9.52531], [9.01683, 9.51726], [9.00758, 9.50194], [9.00741, 9.50036], [9.00144, 9.49709], [8.99254, 9.48891], [8.98447, 9.48783], [8.96965, 9.49553], [8.95891, 9.49328], [8.95473, 9.50164], [8.9385, 9.51766], [8.93559, 9.52163], [8.93007, 9.53116], [8.93003, 9.53301], [8.91981, 9.54863], [8.91049, 9.56044]]]}, "properties": {"name": "Lobring", "lga": "Barkin Ladi", "state": "pl"}}, {"type": "Feature", "geometry": {"type": "Polygon", "coordinates": [[[9.75593, 8.94476], [9.76623, 8.96298], [9.77314, 8.9637], [9.7763, 8.95404], [9.7813, 8.95162], [9.78542, 8.94998], [9.78749, 8.9488], [9.79071, 8.95006], [9.79363, 8.94815], [9.79331, 8.9455], [9.79421, 8.94101], [9.79185, 8.9379], [9.7954, 8.9315], [9.79664, 8.93005], [9.79634, 8.92841], [9.79418, 8.9213], [9.79697, 8.91931], [9.80066, 8.90502], [9.79779, 8.90324], [9.79555, 8.89959], [9.78543, 8.89009], [9.78429, 8.8939], [9.78315, 8.89771], [9.78271, 8.90734], [9.78253, 8.91119], [9.78418, 8.91706], [9.78392, 8.92284], [9.78172, 8.92853], [9.7777, 8.93221], [9.77569, 8.93406], [9.76974, 8.93765], [9.76187, 8.94116], [9.75593, 8.94476]]]}, "properties": {"name": "Gaulam", "lga": "Mikang", "state": "pl"}}, {"type": "Feature", "geometry": {"type": "Polygon", "coordinates": [[[9.18299, 9.52551], [9.2018, 9.54045], [9.21049, 9.53938], [9.21816, 9.52238], [9.21828, 9.51405], [9.24124, 9.50103], [9.25449, 9.50173], [9.26593, 9.49003], [9.26664, 9.47409], [9.26234, 9.47345], [9.25307, 9.47076], [9.24644, 9.47316], [9.24155, 9.47399], [9.2403, 9.45798], [9.24685, 9.4491], [9.24805, 9.44433], [9.24473, 9.43739], [9.2409, 9.43348], [9.23766, 9.42527], [9.23791, 9.41884], [9.23726, 9.41332], [9.2393, 9.40959], [9.23999, 9.40445], [9.2425, 9.40208], [9.23673, 9.38172], [9.23331, 9.38279], [9.21996, 9.38967], [9.20937, 9.39065], [9.19409, 9.39994], [9.18839, 9.40186], [9.18824, 9.40354], [9.18754, 9.40829], [9.18525, 9.42156], [9.18304, 9.42638], [9.18347, 9.43029], [9.17045, 9.44081], [9.17066, 9.44733], [9.16987, 9.45627], [9.17772, 9.47056], [9.17903, 9.47631], [9.18162, 9.48167], [9.18647, 9.48692], [9.18693, 9.49496], [9.18769, 9.49985], [9.18563, 9.50628], [9.18497, 9.52081], [9.18299, 9.52551]]]}, "properties": {"name": "Panyam North", "lga": "Mangu", "state": "pl"}}, {"type": "Feature", "geometry": {"type": "Polygon", "coordinates": [[[9.93844, 9.10559], [9.92114, 9.11288], [9.92148, 9.11467], [9.91782, 9.12357], [9.91232, 9.12686], [9.91192, 9.13599], [9.90996, 9.13913], [9.91052, 9.1411], [9.90127, 9.14461], [9.91525, 9.15692], [9.92123, 9.14896], [9.93122, 9.15009], [9.94042, 9.13911], [9.94179, 9.13832], [9.96298, 9.14761], [9.95556, 9.11886], [9.94178, 9.10955], [9.93844, 9.10559]]]}, "properties": {"name": "Wase-Tofa", "lga": "Wase", "state": "pl"}}, {"type": "Feature", "geometry": {"type": "Polygon", "coordinates": [[[8.97682, 10.16793], [8.97713, 10.16115], [8.97356, 10.1552], [8.97236, 10.1525], [8.97181, 10.15126], [8.97199, 10.1474], [8.97217, 10.14355], [8.97436, 10.13786], [8.97053, 10.11644], [8.95193, 10.11996], [8.95079, 10.11214], [8.93615, 10.11136], [8.91915, 10.09324], [8.90633, 10.09511], [8.89764, 10.09226], [8.87891, 10.09485], [8.86749, 10.09554], [8.86898, 10.11538], [8.8644, 10.12354], [8.85464, 10.13365], [8.85064, 10.13978], [8.85845, 10.15243], [8.86132, 10.1614], [8.85666, 10.19459], [8.86029, 10.19517], [8.87699, 10.20144], [8.89278, 10.20592], [8.89989, 10.20867], [8.93, 10.22218], [8.93015, 10.21891], [8.93033, 10.21505], [8.97388, 10.18996], [8.97592, 10.18466], [8.97607, 10.18427], [8.97817, 10.1805], [8.97669, 10.17078], [8.97682, 10.16793]]]}, "properties": {"name": "Zabolo", "lga": "Bassa", "state": "pl"}}, {"type": "Feature", "geometry": {"type": "Polygon", "coordinates": [[[9.31943, 9.12034], [9.32073, 9.11374], [9.32632, 9.10839], [9.32177, 9.10327], [9.32296, 9.09928], [9.32323, 9.0935], [9.3235, 9.08772], [9.32394, 9.07809], [9.32223, 9.05534], [9.3196, 9.05606], [9.30553, 9.05922], [9.30004, 9.07053], [9.284, 9.06393], [9.28112, 9.05612], [9.27058, 9.06266], [9.2538, 9.05593], [9.24889, 9.0598], [9.24621, 9.06644], [9.26811, 9.06646], [9.26574, 9.09609], [9.26285, 9.10069], [9.26292, 9.10523], [9.26562, 9.11126], [9.27049, 9.11275], [9.29163, 9.11111], [9.30129, 9.10522], [9.31788, 9.12066], [9.31943, 9.12034]]]}, "properties": {"name": "Doka East", "lga": "Qua'An Pan", "state": "pl"}}, {"type": "Feature", "geometry": {"type": "MultiPolygon", "coordinates": [[[[10.06097, 9.38241], [10.04455, 9.37782], [10.039, 9.37827], [10.03383, 9.38082], [10.03018, 9.38116], [10.02191, 9.38195], [10.0182, 9.38013], [10.01144, 9.37381], [10.00771, 9.36927], [10.001, 9.36965], [9.98935, 9.38564], [9.98533, 9.4], [9.9941, 9.417], [10.00495, 9.41585], [10.01036, 9.41599], [10.02225, 9.41498], [10.04461, 9.41827], [10.05067, 9.41528], [10.05534, 9.40346], [10.05985, 9.38885], [10.06095, 9.38737], [10.06097, 9.38241]]], [[[10.0073, 9.49073], [9.98223, 9.44081], [9.97987, 9.44067], [9.96218, 9.42122], [9.95906, 9.41505], [9.9532, 9.41462], [9.94399, 9.41669], [9.93664, 9.42167], [9.93137, 9.42871], [9.9091, 9.43301], [9.9111, 9.4354], [9.92357, 9.44648], [9.93153, 9.45812], [9.92643, 9.46741], [9.92503, 9.47387], [9.91548, 9.4858], [9.91006, 9.49217], [9.8994, 9.5094], [9.89598, 9.51289], [9.90282, 9.52849], [9.90573, 9.53208], [9.90777, 9.53394], [9.91591, 9.55644], [9.92451, 9.55945], [9.94605, 9.58026], [9.9487, 9.59997], [9.97778, 9.60007], [9.98481, 9.60293], [10.00471, 9.61051], [10.01255, 9.61492], [10.02888, 9.62018], [10.03192, 9.61912], [10.02978, 9.58015], [10.04144, 9.57705], [10.04246, 9.56797], [10.04986, 9.55475], [10.04097, 9.54278], [10.03551, 9.53582], [10.02404, 9.52607], [9.99992, 9.50214], [10.0073, 9.49073]]]]}, "properties": {"name": "Kanam", "lga": "Kanam", "state": "pl"}}, {"type": "Feature", "geometry": {"type": "Polygon", "coordinates": [[[9.45414, 8.61696], [9.46502, 8.62229], [9.47669, 8.62858], [9.4842, 8.64783], [9.48715, 8.66305], [9.49027, 8.66413], [9.49319, 8.66279], [9.4983, 8.66125], [9.50166, 8.66198], [9.50714, 8.67033], [9.50933, 8.67418], [9.51583, 8.67484], [9.52333, 8.67524], [9.53017, 8.67503], [9.53477, 8.67296], [9.54027, 8.66646], [9.55196, 8.66357], [9.55467, 8.66244], [9.55624, 8.66202], [9.55817, 8.66244], [9.55952, 8.66287], [9.56522, 8.66223], [9.56813, 8.65582], [9.57403, 8.65441], [9.57365, 8.65159], [9.57479, 8.64604], [9.5783, 8.64492], [9.57983, 8.64369], [9.57945, 8.64069], [9.58097, 8.63937], [9.58363, 8.63805], [9.58496, 8.63636], [9.58867, 8.63702], [9.59161, 8.63335], [9.59314, 8.63063], [9.59209, 8.62912], [9.5919, 8.62706], [9.59409, 8.62593], [9.60815, 8.62521], [9.61017, 8.62227], [9.60987, 8.61845], [9.61058, 8.61522], [9.61028, 8.61311], [9.62806, 8.61142], [9.62711, 8.60773], [9.62467, 8.59863], [9.6157, 8.59622], [9.61404, 8.59005], [9.61445, 8.58923], [9.61742, 8.58887], [9.61873, 8.58835], [9.61909, 8.58699], [9.61814, 8.58576], [9.61641, 8.58517], [9.61546, 8.58635], [9.61451, 8.58741], [9.61356, 8.58711], [9.61303, 8.586], [9.61386, 8.5847], [9.61307, 8.58248], [9.61096, 8.58101], [9.60947, 8.58073], [9.60862, 8.5805], [9.60788, 8.57853], [9.60653, 8.57465], [9.58423, 8.57324], [9.57045, 8.581], [9.55512, 8.58643], [9.54471, 8.58163], [9.52888, 8.57014], [9.50157, 8.57507], [9.48681, 8.57141], [9.48151, 8.56588], [9.47574, 8.56404], [9.4684, 8.56426], [9.46181, 8.56481], [9.45658, 8.58921], [9.45414, 8.61696]]]}, "properties": {"name": "Menkat", "lga": "Shendam", "state": "pl"}}, {"type": "Feature", "geometry": {"type": "Polygon", "coordinates": [[[9.55817, 8.79179], [9.56102, 8.78898], [9.56482, 8.78475], [9.56973, 8.78227], [9.57472, 8.78192], [9.57657, 8.78058], [9.57793, 8.77847], [9.57791, 8.77755], [9.57779, 8.76639], [9.57771, 8.75993], [9.58132, 8.75358], [9.58346, 8.74958], [9.58999, 8.7497], [9.59701, 8.74665], [9.60021, 8.74253], [9.59853, 8.72708], [9.59733, 8.71204], [9.59466, 8.70735], [9.5921, 8.70511], [9.59079, 8.7], [9.59216, 8.6976], [9.59525, 8.69478], [9.59905, 8.6926], [9.6006, 8.68908], [9.59914, 8.68621], [9.59881, 8.68325], [9.60646, 8.67879], [9.61136, 8.67265], [9.60236, 8.62594], [9.6022, 8.62603], [9.59703, 8.62621], [9.59409, 8.62593], [9.5919, 8.62706], [9.59209, 8.62912], [9.59314, 8.63063], [9.59161, 8.63335], [9.58867, 8.63702], [9.58496, 8.63636], [9.58363, 8.63805], [9.58097, 8.63937], [9.57945, 8.64069], [9.57983, 8.64369], [9.5783, 8.64492], [9.57479, 8.64604], [9.57365, 8.65159], [9.57403, 8.65441], [9.56813, 8.65582], [9.56522, 8.66223], [9.55952, 8.66287], [9.55817, 8.66244], [9.55624, 8.66202], [9.55467, 8.66244], [9.55196, 8.66357], [9.54027, 8.66646], [9.53477, 8.67296], [9.53017, 8.67503], [9.52333, 8.67524], [9.51583, 8.67484], [9.50933, 8.67418], [9.50714, 8.67033], [9.50166, 8.66198], [9.4983, 8.66125], [9.49319, 8.66279], [9.49027, 8.66413], [9.48715, 8.66305], [9.48449, 8.66418], [9.48411, 8.66737], [9.48525, 8.66878], [9.48725, 8.66878], [9.48915, 8.66982], [9.48629, 8.67311], [9.4805, 8.678], [9.47973, 8.68016], [9.48392, 8.68326], [9.48572, 8.68608], [9.48572, 8.69115], [9.4881, 8.69275], [9.49266, 8.692], [9.49723, 8.69396], [9.50204, 8.69279], [9.50435, 8.69448], [9.50264, 8.69927], [9.49993, 8.70303], [9.49855, 8.70472], [9.49584, 8.71346], [9.49708, 8.71628], [9.49865, 8.71788], [9.49879, 8.72046], [9.49518, 8.7245], [9.48591, 8.72732], [9.48491, 8.73197], [9.4887, 8.73883], [9.49122, 8.7475], [9.48751, 8.7544], [9.4737, 8.75645], [9.4685, 8.76086], [9.47058, 8.76482], [9.47726, 8.76805], [9.478, 8.77113], [9.4679, 8.77348], [9.46354, 8.77414], [9.47046, 8.79077], [9.47494, 8.79555], [9.47773, 8.79852], [9.48244, 8.80106], [9.48871, 8.79437], [9.49168, 8.7946], [9.49774, 8.79484], [9.50285, 8.79225], [9.5044, 8.78685], [9.50119, 8.78274], [9.49917, 8.78168], [9.4988, 8.7782], [9.50393, 8.76938], [9.50763, 8.76727], [9.51148, 8.76812], [9.52589, 8.77812], [9.53644, 8.78024], [9.544, 8.78573], [9.54956, 8.78827], [9.55541, 8.79095], [9.55817, 8.79179]]]}, "properties": {"name": "Kalong", "lga": "Shendam", "state": "pl"}}, {"type": "Feature", "geometry": {"type": "MultiPolygon", "coordinates": [[[[9.34204, 9.50768], [9.34211, 9.50747], [9.32353, 9.47694], [9.31977, 9.47523], [9.31817, 9.47601], [9.30458, 9.4721], [9.29711, 9.47512], [9.29502, 9.47653], [9.29364, 9.48246], [9.29825, 9.4879], [9.31297, 9.48669], [9.31996, 9.50293], [9.34204, 9.50768]]], [[[9.29511, 9.54944], [9.29485, 9.53269], [9.29277, 9.52767], [9.29331, 9.52291], [9.29358, 9.51662], [9.29835, 9.50533], [9.2974, 9.50384], [9.28487, 9.50086], [9.27621, 9.49161], [9.26593, 9.49003], [9.25449, 9.50173], [9.24124, 9.50103], [9.21828, 9.51405], [9.21816, 9.52238], [9.24987, 9.52547], [9.25142, 9.53382], [9.25273, 9.53519], [9.27096, 9.54193], [9.27382, 9.54874], [9.29511, 9.54944]]]]}, "properties": {"name": "Jannaret", "lga": "Mangu", "state": "pl"}}, {"type": "Feature", "geometry": {"type": "Polygon", "coordinates": [[[9.28288, 9.24084], [9.29362, 9.25187], [9.29819, 9.25032], [9.307, 9.25032], [9.30977, 9.25754], [9.32788, 9.2562], [9.33221, 9.25645], [9.34316, 9.24111], [9.32544, 9.22779], [9.3286, 9.22281], [9.32756, 9.21794], [9.33133, 9.20789], [9.32801, 9.19697], [9.31733, 9.18901], [9.31261, 9.1804], [9.30779, 9.16749], [9.308, 9.16206], [9.29047, 9.15449], [9.28712, 9.15391], [9.27655, 9.1788], [9.28129, 9.19933], [9.28144, 9.19966], [9.28479, 9.20136], [9.29024, 9.2136], [9.29146, 9.21747], [9.29452, 9.2265], [9.29155, 9.23135], [9.28268, 9.23864], [9.28288, 9.24084]]]}, "properties": {"name": "Jing", "lga": "Pankshin", "state": "pl"}}, {"type": "Feature", "geometry": {"type": "Polygon", "coordinates": [[[8.67647, 9.6722], [8.69666, 9.67729], [8.699, 9.67582], [8.69725, 9.67188], [8.69752, 9.66611], [8.6977, 9.66225], [8.70181, 9.65664], [8.70776, 9.65305], [8.73302, 9.64838], [8.73504, 9.64654], [8.74273, 9.64688], [8.74778, 9.64462], [8.74566, 9.63946], [8.73787, 9.63134], [8.73719, 9.63051], [8.73184, 9.6273], [8.72946, 9.62543], [8.72464, 9.62053], [8.7236, 9.61873], [8.71742, 9.61735], [8.7142, 9.61814], [8.70926, 9.61941], [8.70616, 9.62113], [8.69432, 9.62856], [8.69175, 9.62992], [8.69533, 9.64244], [8.67647, 9.6722]]]}, "properties": {"name": "Ra Hoss", "lga": "Riyom", "state": "pl"}}, {"type": "Feature", "geometry": {"type": "Polygon", "coordinates": [[[9.85944, 8.7623], [9.86531, 8.76159], [9.86965, 8.76179], [9.87394, 8.76436], [9.8789, 8.77022], [9.88902, 8.79142], [9.90525, 8.7682], [9.90992, 8.76272], [9.91209, 8.75162], [9.91578, 8.74354], [9.90613, 8.72745], [9.90359, 8.68893], [9.90305, 8.68693], [9.85838, 8.73097], [9.8615, 8.73412], [9.86248, 8.73782], [9.85944, 8.7623]]]}, "properties": {"name": "Dadin Kowa", "lga": "Langtang South", "state": "pl"}}, {"type": "Feature", "geometry": {"type": "Polygon", "coordinates": [[[9.24249, 9.21197], [9.22025, 9.2189], [9.22613, 9.23199], [9.2595, 9.24568], [9.25932, 9.24786], [9.26514, 9.24959], [9.27894, 9.24731], [9.28288, 9.24084], [9.28268, 9.23864], [9.29155, 9.23135], [9.29452, 9.2265], [9.29146, 9.21747], [9.29024, 9.2136], [9.28479, 9.20136], [9.28144, 9.19966], [9.26373, 9.21383], [9.24854, 9.21397], [9.24249, 9.21197]]]}, "properties": {"name": "Kagu", "lga": "Pankshin", "state": "pl"}}, {"type": "Feature", "geometry": {"type": "Polygon", "coordinates": [[[9.03089, 9.19679], [9.01234, 9.21364], [8.9915, 9.20251], [8.99138, 9.20272], [8.98524, 9.20853], [8.98218, 9.21687], [8.98102, 9.22948], [8.9829, 9.24044], [8.97767, 9.25471], [8.98561, 9.26611], [8.99107, 9.27098], [9.00311, 9.28653], [9.01274, 9.2912], [9.01837, 9.28614], [9.02865, 9.28718], [9.03445, 9.28836], [9.0433, 9.29259], [9.05719, 9.28992], [9.06841, 9.29604], [9.07883, 9.2924], [9.0895, 9.29743], [9.09811, 9.29794], [9.10072, 9.30551], [9.10029, 9.31398], [9.09174, 9.32793], [9.09262, 9.32936], [9.11532, 9.33193], [9.13314, 9.32368], [9.1436, 9.31727], [9.14771, 9.31422], [9.14827, 9.3098], [9.14776, 9.30782], [9.14027, 9.3048], [9.12489, 9.29992], [9.11076, 9.29028], [9.10854, 9.28253], [9.11044, 9.27538], [9.11564, 9.26151], [9.11103, 9.23951], [9.11117, 9.23897], [9.11138, 9.23481], [9.09673, 9.23183], [9.08706, 9.22766], [9.07619, 9.22423], [9.07163, 9.22116], [9.06393, 9.21774], [9.05604, 9.21078], [9.04812, 9.20637], [9.03738, 9.20632], [9.03089, 9.19679]]]}, "properties": {"name": "Tangur", "lga": "Bokkos", "state": "pl"}}, {"type": "Feature", "geometry": {"type": "Polygon", "coordinates": [[[9.17645, 9.94861], [9.17402, 9.94391], [9.14889, 9.94337], [9.12743, 9.94528], [9.12453, 9.9445], [9.12006, 9.94037], [9.10327, 9.94332], [9.09187, 9.94272], [9.09008, 9.94967], [9.08289, 9.95759], [9.0835, 9.96762], [9.09595, 9.98779], [9.09767, 9.99946], [9.11156, 10.00341], [9.11596, 9.99723], [9.11536, 9.98833], [9.12176, 9.98067], [9.12527, 9.97576], [9.15002, 9.99182], [9.15372, 9.99053], [9.16311, 9.98331], [9.18072, 9.96673], [9.17645, 9.94861]]]}, "properties": {"name": "Jarawa Kogi A", "lga": "Jos East", "state": "pl"}}, {"type": "Feature", "geometry": {"type": "Polygon", "coordinates": [[[9.59894, 8.92428], [9.59888, 8.92427], [9.57974, 8.93052], [9.58361, 8.96867], [9.55909, 8.96851], [9.56397, 8.98396], [9.56705, 8.98849], [9.57089, 8.99416], [9.58271, 9.00168], [9.5852, 9.00642], [9.5955, 9.02256], [9.60537, 9.00707], [9.60265, 8.99781], [9.61007, 8.98699], [9.60798, 8.97561], [9.61127, 8.96431], [9.60984, 8.95658], [9.60468, 8.95232], [9.59886, 8.92698], [9.59894, 8.92428]]]}, "properties": {"name": "Baltep", "lga": "Mikang", "state": "pl"}}, {"type": "Feature", "geometry": {"type": "Polygon", "coordinates": [[[9.9941, 9.417], [9.98223, 9.44081], [10.0073, 9.49073], [10.02458, 9.48334], [10.03976, 9.4848], [10.04397, 9.48586], [10.06778, 9.48683], [10.08448, 9.48788], [10.09911, 9.48724], [10.11502, 9.48174], [10.12283, 9.46685], [10.13083, 9.45397], [10.13561, 9.43981], [10.1437, 9.43031], [10.14325, 9.42764], [10.14256, 9.42038], [10.14074, 9.41678], [10.13528, 9.41489], [10.11955, 9.40657], [10.10701, 9.39708], [10.09663, 9.38494], [10.09526, 9.37969], [10.08982, 9.37955], [10.06796, 9.38934], [10.06095, 9.38737], [10.05985, 9.38885], [10.05534, 9.40346], [10.05067, 9.41528], [10.04461, 9.41827], [10.02225, 9.41498], [10.01036, 9.41599], [10.00495, 9.41585], [9.9941, 9.417]]]}, "properties": {"name": "Jom", "lga": "Kanam", "state": "pl"}}, {"type": "Feature", "geometry": {"type": "Polygon", "coordinates": [[[8.81912, 9.94932], [8.81379, 9.94347], [8.81012, 9.93944], [8.80654, 9.93349], [8.8001, 9.93776], [8.79887, 9.94239], [8.7951, 9.95672], [8.78846, 9.96287], [8.77825, 9.96424], [8.7684, 9.96923], [8.76147, 9.97566], [8.75377, 9.97997], [8.74064, 9.98253], [8.73692, 9.98685], [8.7343, 9.98866], [8.73561, 10.00973], [8.74863, 10.0061], [8.76651, 10.01427], [8.78098, 10.0097], [8.78952, 10.01141], [8.80196, 10.00973], [8.81567, 10.00333], [8.82285, 10.0051], [8.83144, 10.01534], [8.83603, 10.01297], [8.84469, 9.99502], [8.84751, 9.98709], [8.85101, 9.98707], [8.84692, 9.98208], [8.8437, 9.98304], [8.84167, 9.97938], [8.84296, 9.97742], [8.84135, 9.97573], [8.83788, 9.97714], [8.83565, 9.97354], [8.83712, 9.97109], [8.83571, 9.96954], [8.83195, 9.96744], [8.82461, 9.95939], [8.81929, 9.9495], [8.81912, 9.94932]]]}, "properties": {"name": "Assak", "lga": "Bassa", "state": "pl"}}, {"type": "Feature", "geometry": {"type": "Polygon", "coordinates": [[[9.82319, 8.76775], [9.84024, 8.76552], [9.85164, 8.76527], [9.85944, 8.7623], [9.86248, 8.73782], [9.8615, 8.73412], [9.85838, 8.73097], [9.85132, 8.72846], [9.83342, 8.71394], [9.79433, 8.67063], [9.78197, 8.63667], [9.75641, 8.62925], [9.75211, 8.63544], [9.74583, 8.64852], [9.73809, 8.65879], [9.732, 8.68037], [9.72949, 8.69128], [9.72545, 8.69902], [9.73733, 8.71237], [9.75071, 8.721], [9.75734, 8.7289], [9.76188, 8.72484], [9.77145, 8.72894], [9.78828, 8.72771], [9.7936, 8.73043], [9.79645, 8.73339], [9.80214, 8.74225], [9.81357, 8.7497], [9.82319, 8.76775]]]}, "properties": {"name": "Mabudi South", "lga": "Langtang South", "state": "pl"}}, {"type": "Feature", "geometry": {"type": "Polygon", "coordinates": [[[8.78484, 9.51335], [8.78495, 9.51356], [8.80979, 9.51093], [8.82346, 9.49551], [8.82244, 9.47256], [8.81522, 9.46462], [8.81132, 9.45578], [8.81567, 9.451], [8.81815, 9.45052], [8.82042, 9.44913], [8.82591, 9.44217], [8.83246, 9.43053], [8.82975, 9.41915], [8.83091, 9.4095], [8.82873, 9.4048], [8.82904, 9.40215], [8.82264, 9.39443], [8.80737, 9.39332], [8.79149, 9.40312], [8.79244, 9.41437], [8.78368, 9.42496], [8.78189, 9.43069], [8.76148, 9.43189], [8.75536, 9.42771], [8.74756, 9.43003], [8.73098, 9.43767], [8.72251, 9.44008], [8.72366, 9.44351], [8.75446, 9.45914], [8.75859, 9.47219], [8.76494, 9.47555], [8.77628, 9.48929], [8.78029, 9.49185], [8.78484, 9.51335]]]}, "properties": {"name": "Kakuruk", "lga": "Barkin Ladi", "state": "pl"}}, {"type": "Feature", "geometry": {"type": "Polygon", "coordinates": [[[9.21967, 9.97049], [9.22439, 9.92927], [9.17645, 9.94861], [9.18072, 9.96673], [9.18406, 9.96862], [9.21655, 9.96867], [9.21967, 9.97049]]]}, "properties": {"name": "Godong", "lga": "Jos East", "state": "pl"}}, {"type": "Feature", "geometry": {"type": "Polygon", "coordinates": [[[9.11138, 9.23481], [9.11117, 9.23897], [9.13394, 9.25383], [9.14114, 9.25195], [9.14686, 9.25271], [9.1609, 9.2514], [9.16705, 9.24839], [9.1749, 9.24977], [9.18006, 9.24804], [9.18642, 9.24559], [9.20601, 9.23399], [9.2192, 9.21849], [9.21856, 9.21775], [9.21576, 9.17714], [9.21842, 9.17138], [9.21526, 9.15123], [9.1906, 9.15493], [9.18373, 9.1446], [9.18632, 9.12865], [9.18528, 9.12175], [9.1729, 9.1139], [9.15896, 9.11271], [9.15257, 9.10952], [9.14197, 9.12818], [9.14216, 9.13139], [9.12859, 9.14472], [9.12684, 9.15676], [9.11894, 9.16153], [9.11495, 9.1662], [9.10721, 9.18689], [9.08924, 9.19127], [9.09443, 9.20248], [9.11297, 9.23279], [9.11138, 9.23481]]]}, "properties": {"name": "Mangun", "lga": "Mangu", "state": "pl"}}, {"type": "Feature", "geometry": {"type": "Polygon", "coordinates": [[[8.72164, 10.11885], [8.71448, 10.12169], [8.69844, 10.11232], [8.69344, 10.10751], [8.67233, 10.09314], [8.67241, 10.10794], [8.67213, 10.11918], [8.67165, 10.1246], [8.67213, 10.12882], [8.67317, 10.13761], [8.67203, 10.14622], [8.6782, 10.16862], [8.68087, 10.17701], [8.6833, 10.19296], [8.68607, 10.21123], [8.71253, 10.23025], [8.72453, 10.24365], [8.73423, 10.22779], [8.72916, 10.21463], [8.74685, 10.2133], [8.75053, 10.20823], [8.74918, 10.20079], [8.74537, 10.1889], [8.74419, 10.18123], [8.7434, 10.16879], [8.74535, 10.16813], [8.74397, 10.1282], [8.72164, 10.11885]]]}, "properties": {"name": "Kasuru", "lga": "Bassa", "state": "pl"}}, {"type": "Feature", "geometry": {"type": "Polygon", "coordinates": [[[8.64479, 9.90103], [8.6466, 9.9052], [8.66492, 9.9639], [8.67303, 9.98741], [8.67661, 9.99336], [8.67992, 10.00509], [8.67964, 10.01105], [8.67947, 10.01473], [8.6738, 10.06753], [8.68354, 10.06707], [8.69417, 10.06301], [8.70061, 10.056], [8.70368, 10.0458], [8.70577, 10.04028], [8.70621, 10.02659], [8.72104, 10.01729], [8.70796, 10.00429], [8.69951, 10.00098], [8.69324, 9.99165], [8.69357, 9.98627], [8.70319, 9.98139], [8.70755, 9.97857], [8.71531, 9.97522], [8.70338, 9.96775], [8.69797, 9.96098], [8.69507, 9.95546], [8.69147, 9.94565], [8.69222, 9.91369], [8.69219, 9.89087], [8.69155, 9.89124], [8.68799, 9.89474], [8.64479, 9.90103]]]}, "properties": {"name": "Kishika", "lga": "Bassa", "state": "pl"}}, {"type": "Feature", "geometry": {"type": "Polygon", "coordinates": [[[9.49207, 8.4236], [9.48884, 8.4247], [9.48416, 8.42691], [9.47018, 8.43124], [9.46317, 8.43455], [9.45613, 8.43902], [9.45129, 8.4413], [9.46308, 8.48686], [9.46976, 8.52869], [9.46447, 8.55138], [9.46181, 8.56481], [9.4684, 8.56426], [9.47574, 8.56404], [9.48151, 8.56588], [9.48681, 8.57141], [9.50157, 8.57507], [9.52888, 8.57014], [9.54471, 8.58163], [9.55512, 8.58643], [9.57045, 8.581], [9.58423, 8.57324], [9.60653, 8.57465], [9.60657, 8.57465], [9.62725, 8.55643], [9.6269, 8.52352], [9.61991, 8.49748], [9.59997, 8.49579], [9.57325, 8.48545], [9.54298, 8.48351], [9.54147, 8.47312], [9.54769, 8.47364], [9.55171, 8.46695], [9.55164, 8.46511], [9.5495, 8.46131], [9.54907, 8.44762], [9.54904, 8.43845], [9.52038, 8.4393], [9.50354, 8.43177], [9.49207, 8.4236]]]}, "properties": {"name": "Moekat", "lga": "Shendam", "state": "pl"}}, {"type": "Feature", "geometry": {"type": "Polygon", "coordinates": [[[8.97802, 9.85038], [8.98012, 9.85703], [8.98188, 9.86068], [8.98661, 9.85792], [8.99625, 9.84191], [9.00109, 9.83716], [9.00319, 9.82365], [9.0022, 9.82293], [8.99737, 9.81872], [8.99408, 9.81804], [8.9832, 9.80321], [8.96443, 9.81261], [8.95261, 9.81643], [8.95436, 9.82037], [8.95802, 9.82439], [8.97305, 9.8304], [8.97471, 9.83864], [8.97453, 9.8425], [8.97802, 9.85038]]]}, "properties": {"name": "Fobur B West", "lga": "Jos East", "state": "pl"}}, {"type": "Feature", "geometry": {"type": "Polygon", "coordinates": [[[9.42001, 9.38988], [9.43167, 9.38361], [9.43303, 9.3638], [9.43641, 9.35897], [9.43568, 9.35472], [9.42368, 9.34303], [9.41737, 9.34067], [9.41006, 9.33244], [9.40374, 9.33653], [9.40175, 9.34009], [9.39682, 9.3466], [9.39746, 9.34962], [9.39849, 9.35059], [9.406, 9.34863], [9.40939, 9.35104], [9.41049, 9.35609], [9.40411, 9.36122], [9.40024, 9.36615], [9.3889, 9.36837], [9.38384, 9.36726], [9.3818, 9.35645], [9.37011, 9.34659], [9.37671, 9.33874], [9.37694, 9.32033], [9.37346, 9.3171], [9.36327, 9.31311], [9.34857, 9.32107], [9.35107, 9.33407], [9.36203, 9.3469], [9.36222, 9.35141], [9.37954, 9.3759], [9.38355, 9.37779], [9.40115, 9.38747], [9.41729, 9.38891], [9.42001, 9.38988]]]}, "properties": {"name": "Kasgwong", "lga": "Pankshin", "state": "pl"}}, {"type": "Feature", "geometry": {"type": "Polygon", "coordinates": [[[9.17168, 9.37748], [9.17332, 9.39159], [9.17823, 9.39308], [9.18839, 9.40186], [9.19409, 9.39994], [9.20937, 9.39065], [9.21996, 9.38967], [9.23331, 9.38279], [9.23673, 9.38172], [9.24177, 9.37744], [9.24879, 9.37515], [9.25056, 9.37663], [9.26267, 9.34903], [9.25657, 9.34659], [9.24385, 9.35126], [9.23082, 9.3638], [9.22532, 9.36116], [9.21956, 9.36098], [9.21692, 9.36177], [9.21295, 9.36387], [9.20649, 9.36354], [9.20245, 9.36224], [9.19259, 9.35712], [9.18668, 9.36678], [9.17909, 9.36752], [9.17168, 9.37748]]]}, "properties": {"name": "Panyam South", "lga": "Mangu", "state": "pl"}}, {"type": "Feature", "geometry": {"type": "Polygon", "coordinates": [[[9.21967, 9.97049], [9.21655, 9.96867], [9.18406, 9.96862], [9.18072, 9.96673], [9.16311, 9.98331], [9.15372, 9.99053], [9.15002, 9.99182], [9.14138, 10.0004], [9.13657, 10.00427], [9.12399, 10.01831], [9.11374, 10.02079], [9.1061, 10.03281], [9.10481, 10.03513], [9.10322, 10.03999], [9.10417, 10.04087], [9.10893, 10.04404], [9.11856, 10.05602], [9.124, 10.05803], [9.12804, 10.05864], [9.1446, 10.04947], [9.14884, 10.04808], [9.15341, 10.0466], [9.15533, 10.04603], [9.15958, 10.04617], [9.1646, 10.04645], [9.16298, 10.0419], [9.183, 10.03827], [9.19254, 10.04022], [9.19908, 10.04309], [9.20312, 10.04531], [9.2108, 10.04839], [9.22971, 10.04825], [9.24387, 10.03891], [9.24452, 10.03812], [9.25476, 10.0301], [9.25127, 10.02467], [9.21429, 10.0175], [9.21967, 9.97049]]]}, "properties": {"name": "Maigemu", "lga": "Jos East", "state": "pl"}}, {"type": "Feature", "geometry": {"type": "Polygon", "coordinates": [[[8.9869, 9.45458], [8.98441, 9.44273], [8.97725, 9.43666], [8.97549, 9.43591], [8.96774, 9.43654], [8.9589, 9.44166], [8.95203, 9.43921], [8.94674, 9.42914], [8.94292, 9.42469], [8.93508, 9.42234], [8.9305, 9.41325], [8.92327, 9.40605], [8.91972, 9.40328], [8.9167, 9.403], [8.91544, 9.40286], [8.91036, 9.41104], [8.90964, 9.41666], [8.91713, 9.42509], [8.91538, 9.43468], [8.91428, 9.43728], [8.91454, 9.44373], [8.91966, 9.44541], [8.91876, 9.45068], [8.90148, 9.45694], [8.89813, 9.45918], [8.90759, 9.47595], [8.91627, 9.47892], [8.92589, 9.4774], [8.9291, 9.4796], [8.95721, 9.48984], [8.9631, 9.46655], [8.97881, 9.46336], [8.9869, 9.45458]]]}, "properties": {"name": "Mazat", "lga": "Barkin Ladi", "state": "pl"}}, {"type": "Feature", "geometry": {"type": "Polygon", "coordinates": [[[8.85035, 9.804], [8.8524, 9.80358], [8.85231, 9.80148], [8.85067, 9.80008], [8.85062, 9.7998], [8.8507, 9.79728], [8.84967, 9.79416], [8.84889, 9.79387], [8.84795, 9.79348], [8.84805, 9.79297], [8.83125, 9.78946], [8.82049, 9.79167], [8.81158, 9.7902], [8.80624, 9.79445], [8.79596, 9.80031], [8.79345, 9.80383], [8.78275, 9.8036], [8.77788, 9.80332], [8.77781, 9.80481], [8.77755, 9.81059], [8.78104, 9.81846], [8.78086, 9.82232], [8.78444, 9.82827], [8.78792, 9.83614], [8.78826, 9.83669], [8.82563, 9.82503], [8.83951, 9.821], [8.84221, 9.81006], [8.85035, 9.804]]]}, "properties": {"name": "Tanchol", "lga": "Jos South", "state": "pl"}}, {"type": "Feature", "geometry": {"type": "Polygon", "coordinates": [[[8.83752, 10.28356], [8.83915, 10.28455], [8.84017, 10.29017], [8.84325, 10.29555], [8.84905, 10.30829], [8.90801, 10.35599], [8.91229, 10.35518], [8.91793, 10.35357], [8.91814, 10.35351], [8.92053, 10.35362], [8.92583, 10.35385], [8.92977, 10.35209], [8.93572, 10.3485], [8.9422, 10.33334], [8.94631, 10.32773], [8.94868, 10.31818], [8.95279, 10.31258], [8.95476, 10.30906], [8.95489, 10.30881], [8.95477, 10.30754], [8.95359, 10.29524], [8.95386, 10.28946], [8.94469, 10.2794], [8.94168, 10.27609], [8.93919, 10.27336], [8.93561, 10.26741], [8.93579, 10.26356], [8.93606, 10.25778], [8.93641, 10.25007], [8.93467, 10.24613], [8.93125, 10.24511], [8.93, 10.22218], [8.89989, 10.20867], [8.89278, 10.20592], [8.87699, 10.20144], [8.86029, 10.19517], [8.85666, 10.19459], [8.84762, 10.20113], [8.8669, 10.24039], [8.8614, 10.24973], [8.85887, 10.25562], [8.85302, 10.25813], [8.83891, 10.26039], [8.83632, 10.2653], [8.83195, 10.26741], [8.83752, 10.28356]]]}, "properties": {"name": "Bakin Kogi", "lga": "Bassa", "state": "pl"}}, {"type": "Feature", "geometry": {"type": "Polygon", "coordinates": [[[9.50598, 9.03878], [9.50603, 9.04505], [9.50688, 9.04773], [9.50906, 9.05742], [9.5126, 9.06202], [9.52099, 9.07229], [9.53198, 9.07422], [9.53964, 9.08123], [9.54973, 9.08192], [9.55237, 9.07786], [9.54357, 9.05074], [9.54746, 9.04398], [9.54856, 9.04088], [9.54672, 9.03284], [9.54208, 9.0308], [9.54056, 9.02679], [9.53895, 9.01959], [9.54257, 9.01135], [9.53863, 9.0028], [9.53702, 8.99853], [9.5307, 8.9861], [9.51876, 8.98165], [9.51702, 8.98291], [9.50977, 8.96503], [9.48329, 8.96547], [9.47726, 8.971], [9.47131, 8.97459], [9.4672, 8.9802], [9.46724, 8.98334], [9.49417, 9.00876], [9.49369, 9.01153], [9.49664, 9.02101], [9.51014, 9.02859], [9.50598, 9.03878]]]}, "properties": {"name": "Piapung A", "lga": "Mikang", "state": "pl"}}, {"type": "Feature", "geometry": {"type": "Polygon", "coordinates": [[[9.65119, 9.02499], [9.66184, 9.02279], [9.67229, 9.02196], [9.67573, 8.99211], [9.6622, 8.99181], [9.6527, 8.98868], [9.64927, 8.98504], [9.64424, 8.97414], [9.6477, 8.95782], [9.64934, 8.95409], [9.65473, 8.92482], [9.64529, 8.92054], [9.63559, 8.92204], [9.6279, 8.9217], [9.61819, 8.9232], [9.61811, 8.92323], [9.61234, 8.92487], [9.60465, 8.92453], [9.59894, 8.92428], [9.59886, 8.92698], [9.60468, 8.95232], [9.60984, 8.95658], [9.61127, 8.96431], [9.60798, 8.97561], [9.61007, 8.98699], [9.60265, 8.99781], [9.60537, 9.00707], [9.5955, 9.02256], [9.59602, 9.02547], [9.59545, 9.0299], [9.6008, 9.03567], [9.59123, 9.04932], [9.57498, 9.04743], [9.56781, 9.05926], [9.5657, 9.06049], [9.55237, 9.07786], [9.54973, 9.08192], [9.58388, 9.12606], [9.59672, 9.12791], [9.6069, 9.13216], [9.61547, 9.13354], [9.6232, 9.13695], [9.64071, 9.10459], [9.6488, 9.07608], [9.64594, 9.06595], [9.63903, 9.05609], [9.65142, 9.03365], [9.65119, 9.02499]]]}, "properties": {"name": "Tunkus", "lga": "Mikang", "state": "pl"}}, {"type": "Feature", "geometry": {"type": "Polygon", "coordinates": [[[9.7677, 8.77347], [9.76412, 8.76752], [9.76229, 8.76551], [9.7567, 8.7614], [9.75111, 8.75729], [9.74628, 8.75543], [9.74571, 8.75521], [9.73975, 8.75292], [9.72446, 8.75031], [9.71668, 8.7519], [9.7089, 8.75348], [9.70514, 8.75139], [9.70138, 8.74929], [9.69186, 8.74694], [9.692, 8.75017], [9.69141, 8.75403], [9.69034, 8.75732], [9.68871, 8.75989], [9.6831, 8.76153], [9.67642, 8.76034], [9.66958, 8.76182], [9.66698, 8.76231], [9.66512, 8.76332], [9.66411, 8.76517], [9.66312, 8.76695], [9.66148, 8.77523], [9.66621, 8.79811], [9.65813, 8.81053], [9.65574, 8.82108], [9.66264, 8.82209], [9.66864, 8.82015], [9.68914, 8.81698], [9.69977, 8.82503], [9.71962, 8.82141], [9.71933, 8.81851], [9.71813, 8.80347], [9.72867, 8.79678], [9.74207, 8.79975], [9.74855, 8.7999], [9.75623, 8.79484], [9.76225, 8.79856], [9.77423, 8.79886], [9.7724, 8.79684], [9.77311, 8.78143], [9.7677, 8.77347]]]}, "properties": {"name": "Yelwa East", "lga": "Shendam", "state": "pl"}}, {"type": "Feature", "geometry": {"type": "Polygon", "coordinates": [[[8.61871, 9.6413], [8.61648, 9.6426], [8.60631, 9.64157], [8.60103, 9.64082], [8.59831, 9.64365], [8.59645, 9.64565], [8.59134, 9.64799], [8.57419, 9.64841], [8.57781, 9.65641], [8.5852, 9.66438], [8.58993, 9.66373], [8.59686, 9.67059], [8.61808, 9.65791], [8.62246, 9.65813], [8.62539, 9.65717], [8.62904, 9.65684], [8.6325, 9.65794], [8.63601, 9.65777], [8.6373, 9.65762], [8.63915, 9.65563], [8.63938, 9.65326], [8.6362, 9.64778], [8.63415, 9.64706], [8.62694, 9.64745], [8.62293, 9.64342], [8.61871, 9.6413]]]}, "properties": {"name": "Danto", "lga": "Riyom", "state": "pl"}}, {"type": "Feature", "geometry": {"type": "Polygon", "coordinates": [[[8.94443, 9.31619], [8.92941, 9.32656], [8.91303, 9.35072], [8.93655, 9.36219], [8.94373, 9.33835], [8.94764, 9.33215], [8.94707, 9.32255], [8.94467, 9.31629], [8.94443, 9.31619]]]}, "properties": {"name": "Mandar", "lga": "Bokkos", "state": "pl"}}, {"type": "Feature", "geometry": {"type": "Polygon", "coordinates": [[[9.01182, 9.94651], [9.01531, 9.94284], [9.02285, 9.9384], [9.03052, 9.93015], [9.03851, 9.92339], [9.02227, 9.88823], [9.02328, 9.88751], [9.02095, 9.87461], [9.0205, 9.86851], [9.01344, 9.85998], [9.01195, 9.85469], [9.01239, 9.84581], [9.00109, 9.83716], [8.99625, 9.84191], [8.98661, 9.85792], [8.98188, 9.86068], [8.98316, 9.86412], [8.98482, 9.86998], [8.98849, 9.87401], [8.99005, 9.8818], [8.99162, 9.88959], [8.98916, 9.90106], [8.98872, 9.9107], [8.97383, 9.94092], [8.98043, 9.94519], [9.01182, 9.94651]]]}, "properties": {"name": "Fobur B", "lga": "Jos East", "state": "pl"}}, {"type": "Feature", "geometry": {"type": "Polygon", "coordinates": [[[9.936, 9.09805], [9.93581, 9.09455], [9.92119, 9.07809], [9.9212, 9.07801], [9.91076, 9.06281], [9.89883, 9.07463], [9.89824, 9.07902], [9.88951, 9.08238], [9.88676, 9.08759], [9.88103, 9.08984], [9.87765, 9.09269], [9.86982, 9.09547], [9.86678, 9.1003], [9.86239, 9.10557], [9.86201, 9.11113], [9.86215, 9.11136], [9.8889, 9.10901], [9.88913, 9.10589], [9.89811, 9.10148], [9.8998, 9.10039], [9.90554, 9.09872], [9.936, 9.09805]]]}, "properties": {"name": "Pishe-Yanshi", "lga": "Langtang North", "state": "pl"}}, {"type": "Feature", "geometry": {"type": "Polygon", "coordinates": [[[9.05621, 9.80083], [9.08101, 9.81074], [9.09186, 9.80802], [9.09721, 9.80431], [9.09481, 9.79906], [9.08366, 9.74996], [9.07678, 9.75153], [9.05317, 9.7376], [9.04622, 9.72924], [9.03339, 9.71883], [9.02242, 9.74765], [9.02126, 9.74805], [9.03032, 9.78831], [9.05621, 9.80083]]]}, "properties": {"name": "Fadan Fursum", "lga": "Jos East", "state": "pl"}}, {"type": "Feature", "geometry": {"type": "Polygon", "coordinates": [[[9.22439, 9.92927], [9.23048, 9.87609], [9.20628, 9.86662], [9.185, 9.88867], [9.17327, 9.89725], [9.17402, 9.94391], [9.17645, 9.94861], [9.22439, 9.92927]]]}, "properties": {"name": "Nakwang", "lga": "Jos East", "state": "pl"}}, {"type": "Feature", "geometry": {"type": "Polygon", "coordinates": [[[9.96013, 9.08962], [9.95208, 9.08117], [9.94236, 9.0775], [9.95259, 9.09419], [9.95666, 9.09331], [9.96013, 9.08962]]]}, "properties": {"name": "Kuyanbana", "lga": "Wase", "state": "pl"}}, {"type": "Feature", "geometry": {"type": "Polygon", "coordinates": [[[9.86615, 9.03419], [9.86517, 9.02646], [9.87387, 9.01922], [9.87659, 9.01269], [9.88153, 9.00557], [9.88203, 9.00109], [9.87432, 8.99614], [9.87852, 8.97811], [9.85972, 8.99142], [9.8595, 9.00124], [9.86018, 9.00672], [9.85763, 9.01257], [9.85607, 9.01869], [9.8489, 9.0205], [9.84267, 9.02392], [9.83882, 9.0287], [9.83309, 9.04929], [9.82462, 9.05566], [9.82543, 9.05862], [9.83161, 9.06752], [9.83336, 9.07454], [9.84019, 9.08407], [9.84294, 9.08531], [9.84682, 9.08207], [9.85706, 9.07488], [9.86257, 9.06578], [9.86401, 9.05855], [9.86427, 9.05425], [9.86407, 9.0468], [9.86436, 9.03906], [9.86615, 9.03419]]]}, "properties": {"name": "Mban", "lga": "Langtang North", "state": "pl"}}, {"type": "Feature", "geometry": {"type": "Polygon", "coordinates": [[[9.83746, 8.97017], [9.86543, 8.95392], [9.86952, 8.94984], [9.88066, 8.9402], [9.88327, 8.93122], [9.88436, 8.92397], [9.88452, 8.91706], [9.88569, 8.91178], [9.88675, 8.90721], [9.88912, 8.89453], [9.88408, 8.8892], [9.87576, 8.87259], [9.8788, 8.86804], [9.87954, 8.85844], [9.87819, 8.84524], [9.88265, 8.83955], [9.87211, 8.8008], [9.87118, 8.80073], [9.83612, 8.81641], [9.83263, 8.8208], [9.81926, 8.82015], [9.80301, 8.81753], [9.79388, 8.81392], [9.7823, 8.80853], [9.77396, 8.80472], [9.77352, 8.81427], [9.77509, 8.82206], [9.77464, 8.83169], [9.77621, 8.83948], [9.77786, 8.84535], [9.77916, 8.85892], [9.77881, 8.86663], [9.78046, 8.87249], [9.78395, 8.88037], [9.78543, 8.89009], [9.79555, 8.89959], [9.79779, 8.90324], [9.80066, 8.90502], [9.79697, 8.91931], [9.80599, 8.92089], [9.81238, 8.92444], [9.81711, 8.92656], [9.81925, 8.92867], [9.822, 8.93528], [9.82534, 8.93678], [9.82911, 8.95217], [9.83058, 8.95531], [9.83184, 8.9588], [9.83573, 8.96301], [9.83722, 8.96987], [9.83746, 8.97017]]]}, "properties": {"name": "Nyer", "lga": "Langtang North", "state": "pl"}}, {"type": "Feature", "geometry": {"type": "Polygon", "coordinates": [[[9.8823, 8.97421], [9.86657, 8.95709], [9.86543, 8.95392], [9.83746, 8.97017], [9.84255, 8.97884], [9.83851, 8.98965], [9.82952, 8.99768], [9.82377, 8.99775], [9.81614, 8.99913], [9.81673, 8.99691], [9.78848, 9.01263], [9.79691, 9.02961], [9.8056, 9.03039], [9.81227, 9.03667], [9.81476, 9.05157], [9.82462, 9.05566], [9.83309, 9.04929], [9.83882, 9.0287], [9.84267, 9.02392], [9.8489, 9.0205], [9.85607, 9.01869], [9.85763, 9.01257], [9.86018, 9.00672], [9.8595, 9.00124], [9.85972, 8.99142], [9.87852, 8.97811], [9.8823, 8.97421]]]}, "properties": {"name": "Zamko", "lga": "Langtang North", "state": "pl"}}, {"type": "Feature", "geometry": {"type": "MultiPolygon", "coordinates": [[[[9.86543, 8.95392], [9.86657, 8.95709], [9.8823, 8.97421], [9.89479, 8.97643], [9.90004, 8.96928], [9.90434, 8.95415], [9.91415, 8.94414], [9.91775, 8.93921], [9.92977, 8.9332], [9.93246, 8.92931], [9.93329, 8.9208], [9.92767, 8.91813], [9.92071, 8.91106], [9.91422, 8.91175], [9.91214, 8.90988], [9.91071, 8.90555], [9.90928, 8.90172], [9.90708, 8.8986], [9.90723, 8.89479], [9.9064, 8.89129], [9.91657, 8.87624], [9.91485, 8.87003], [9.91766, 8.85613], [9.91163, 8.84959], [9.95848, 8.84793], [9.96542, 8.83429], [9.96542, 8.83125], [9.95505, 8.81715], [9.94425, 8.8105], [9.91209, 8.75162], [9.90992, 8.76272], [9.90525, 8.7682], [9.88902, 8.79142], [9.8877, 8.79499], [9.87211, 8.8008], [9.88265, 8.83955], [9.87819, 8.84524], [9.87954, 8.85844], [9.8788, 8.86804], [9.87576, 8.87259], [9.88408, 8.8892], [9.88912, 8.89453], [9.88675, 8.90721], [9.88569, 8.91178], [9.88452, 8.91706], [9.88436, 8.92397], [9.88327, 8.93122], [9.88066, 8.9402], [9.86952, 8.94984], [9.86543, 8.95392]]], [[[9.91076, 9.06281], [9.9212, 9.07801], [9.92119, 9.07809], [9.93581, 9.09455], [9.94024, 9.0896], [9.94382, 9.08287], [9.94552, 9.08253], [9.94236, 9.0775], [9.95208, 9.08117], [9.95983, 9.06329], [9.95642, 9.05716], [9.94834, 9.02582], [9.94487, 9.02365], [9.92969, 9.01588], [9.91844, 9.0158], [9.9117, 9.01523], [9.89569, 9.01374], [9.88497, 9.02025], [9.87387, 9.01922], [9.86517, 9.02646], [9.86615, 9.03419], [9.88518, 9.03688], [9.8893, 9.03917], [9.89234, 9.04356], [9.89656, 9.048], [9.89911, 9.04867], [9.90675, 9.05499], [9.90916, 9.05569], [9.91076, 9.06281]]]]}, "properties": {"name": "Kumbur", "lga": "Wase", "state": "pl"}}, {"type": "Feature", "geometry": {"type": "Polygon", "coordinates": [[[9.97952, 8.98147], [9.98603, 8.9584], [9.99637, 8.93058], [9.98116, 8.91584], [9.98018, 8.89867], [9.96392, 8.88714], [9.95305, 8.86555], [9.95848, 8.84793], [9.91163, 8.84959], [9.91766, 8.85613], [9.91485, 8.87003], [9.91657, 8.87624], [9.9064, 8.89129], [9.90723, 8.89479], [9.90708, 8.8986], [9.90928, 8.90172], [9.91071, 8.90555], [9.91214, 8.90988], [9.91422, 8.91175], [9.92071, 8.91106], [9.92767, 8.91813], [9.93329, 8.9208], [9.93246, 8.92931], [9.92977, 8.9332], [9.91775, 8.93921], [9.91415, 8.94414], [9.90434, 8.95415], [9.90004, 8.96928], [9.89479, 8.97643], [9.8823, 8.97421], [9.87852, 8.97811], [9.87432, 8.99614], [9.88203, 9.00109], [9.88153, 9.00557], [9.87659, 9.01269], [9.87387, 9.01922], [9.88497, 9.02025], [9.89569, 9.01374], [9.9117, 9.01523], [9.91844, 9.0158], [9.92969, 9.01588], [9.94487, 9.02365], [9.94834, 9.02582], [9.95, 9.02515], [9.95533, 9.02153], [9.97566, 8.99448], [9.98024, 8.98504], [9.97952, 8.98147]]]}, "properties": {"name": "Kumbong", "lga": "Wase", "state": "pl"}}, {"type": "Feature", "geometry": {"type": "Polygon", "coordinates": [[[9.88902, 8.79142], [9.8789, 8.77022], [9.87394, 8.76436], [9.86965, 8.76179], [9.86531, 8.76159], [9.85944, 8.7623], [9.85164, 8.76527], [9.84024, 8.76552], [9.82319, 8.76775], [9.82233, 8.771], [9.83612, 8.81641], [9.87118, 8.80073], [9.87211, 8.8008], [9.8877, 8.79499], [9.88902, 8.79142]]]}, "properties": {"name": "Lashel", "lga": "Langtang South", "state": "pl"}}, {"type": "Feature", "geometry": {"type": "Polygon", "coordinates": [[[8.98443, 9.31245], [8.98942, 9.31009], [8.99555, 9.31062], [8.99718, 9.30409], [8.9959, 9.30286], [8.99344, 9.29948], [8.99642, 9.29564], [9.00315, 9.29479], [9.01237, 9.29198], [9.01274, 9.2912], [9.00311, 9.28653], [8.99107, 9.27098], [8.98561, 9.26611], [8.97767, 9.25471], [8.9829, 9.24044], [8.98102, 9.22948], [8.98218, 9.21687], [8.98524, 9.20853], [8.96052, 9.20819], [8.96409, 9.22126], [8.9607, 9.22532], [8.9608, 9.23168], [8.96085, 9.23505], [8.96161, 9.24043], [8.96463, 9.25049], [8.96607, 9.25566], [8.96525, 9.25939], [8.95852, 9.26735], [8.95585, 9.2717], [8.96798, 9.28195], [8.96919, 9.28488], [8.9667, 9.29702], [8.96488, 9.30296], [8.9753, 9.3014], [8.98443, 9.31245]]]}, "properties": {"name": "Bokkos West", "lga": "Bokkos", "state": "pl"}}, {"type": "Feature", "geometry": {"type": "Polygon", "coordinates": [[[8.97549, 9.43591], [8.97725, 9.43666], [8.98441, 9.44273], [8.9869, 9.45458], [8.99249, 9.45635], [9.00532, 9.45396], [9.01029, 9.44303], [9.01521, 9.43764], [9.01316, 9.43158], [9.01715, 9.41972], [9.03975, 9.41105], [9.04019, 9.40873], [9.04379, 9.40218], [9.0419, 9.39856], [9.06189, 9.37716], [9.06017, 9.37544], [9.0461, 9.36461], [9.04533, 9.35174], [9.04534, 9.34641], [9.04108, 9.34592], [9.02431, 9.33885], [9.02071, 9.34151], [9.01754, 9.34054], [9.01096, 9.3371], [9.00868, 9.33351], [9.00809, 9.32513], [9.00551, 9.32034], [9.00442, 9.31896], [8.99555, 9.31062], [8.98942, 9.31009], [8.98443, 9.31245], [8.98349, 9.3171], [8.97763, 9.32284], [8.97688, 9.32653], [8.97746, 9.33745], [8.98153, 9.35248], [8.97705, 9.35821], [8.97437, 9.36658], [8.97268, 9.37119], [8.97146, 9.37422], [8.97103, 9.38126], [8.96858, 9.38591], [8.96767, 9.39156], [8.97168, 9.39969], [8.97234, 9.40915], [8.97843, 9.41229], [8.97549, 9.43591]]]}, "properties": {"name": "Kwatas", "lga": "Bokkos", "state": "pl"}}, {"type": "Feature", "geometry": {"type": "Polygon", "coordinates": [[[8.95585, 9.2717], [8.94871, 9.27809], [8.94914, 9.28188], [8.93515, 9.3044], [8.94443, 9.31619], [8.94467, 9.31629], [8.94707, 9.32255], [8.94764, 9.33215], [8.94373, 9.33835], [8.93655, 9.36219], [8.91303, 9.35072], [8.90946, 9.35044], [8.90255, 9.35015], [8.89028, 9.34599], [8.87095, 9.36061], [8.87378, 9.36682], [8.87409, 9.37461], [8.88614, 9.39374], [8.88678, 9.39353], [8.90003, 9.4081], [8.91036, 9.41104], [8.91544, 9.40286], [8.9167, 9.403], [8.91972, 9.40328], [8.92327, 9.40605], [8.9305, 9.41325], [8.93508, 9.42234], [8.94292, 9.42469], [8.94674, 9.42914], [8.95203, 9.43921], [8.9589, 9.44166], [8.96774, 9.43654], [8.97549, 9.43591], [8.97843, 9.41229], [8.97234, 9.40915], [8.97168, 9.39969], [8.96767, 9.39156], [8.96858, 9.38591], [8.97103, 9.38126], [8.97146, 9.37422], [8.97268, 9.37119], [8.97437, 9.36658], [8.97705, 9.35821], [8.98153, 9.35248], [8.97746, 9.33745], [8.97688, 9.32653], [8.97763, 9.32284], [8.98349, 9.3171], [8.98443, 9.31245], [8.9753, 9.3014], [8.96488, 9.30296], [8.9667, 9.29702], [8.96919, 9.28488], [8.96798, 9.28195], [8.95585, 9.2717]]]}, "properties": {"name": "Butura", "lga": "Bokkos", "state": "pl"}}, {"type": "Feature", "geometry": {"type": "Polygon", "coordinates": [[[9.77644, 9.00132], [9.78559, 9.01119], [9.78848, 9.01263], [9.81673, 8.99691], [9.81614, 8.99913], [9.82377, 8.99775], [9.82952, 8.99768], [9.83851, 8.98965], [9.84255, 8.97884], [9.83746, 8.97017], [9.83722, 8.96987], [9.83573, 8.96301], [9.83184, 8.9588], [9.83058, 8.95531], [9.82911, 8.95217], [9.82534, 8.93678], [9.822, 8.93528], [9.82126, 8.93585], [9.82175, 8.93742], [9.81501, 8.94634], [9.81493, 8.94801], [9.81202, 8.95191], [9.80961, 8.95382], [9.80826, 8.95084], [9.80585, 8.94827], [9.80179, 8.94559], [9.8016, 8.94447], [9.80276, 8.94347], [9.80043, 8.94159], [9.8016, 8.94041], [9.79963, 8.93953], [9.80049, 8.93787], [9.80174, 8.93642], [9.80243, 8.93297], [9.79965, 8.93203], [9.7954, 8.9315], [9.79185, 8.9379], [9.79421, 8.94101], [9.79331, 8.9455], [9.79363, 8.94815], [9.79071, 8.95006], [9.78749, 8.9488], [9.78542, 8.94998], [9.7813, 8.95162], [9.7763, 8.95404], [9.77314, 8.9637], [9.78078, 8.9738], [9.77666, 8.98608], [9.77744, 8.99175], [9.77644, 9.00132]]]}, "properties": {"name": "Kiehil", "lga": "Mikang", "state": "pl"}}, {"type": "Feature", "geometry": {"type": "Polygon", "coordinates": [[[9.82126, 8.93585], [9.822, 8.93528], [9.81925, 8.92867], [9.81711, 8.92656], [9.81238, 8.92444], [9.80599, 8.92089], [9.79697, 8.91931], [9.79418, 8.9213], [9.79634, 8.92841], [9.79664, 8.93005], [9.7954, 8.9315], [9.79965, 8.93203], [9.80243, 8.93297], [9.80883, 8.93565], [9.81339, 8.93372], [9.81713, 8.93592], [9.82126, 8.93585]]]}, "properties": {"name": "Gadyoum", "lga": "Mikang", "state": "pl"}}, {"type": "Feature", "geometry": {"type": "Polygon", "coordinates": [[[9.82126, 8.93585], [9.81713, 8.93592], [9.81339, 8.93372], [9.80883, 8.93565], [9.80243, 8.93297], [9.80174, 8.93642], [9.80049, 8.93787], [9.79963, 8.93953], [9.8016, 8.94041], [9.80465, 8.94138], [9.80604, 8.94123], [9.80709, 8.94271], [9.80448, 8.94753], [9.80585, 8.94827], [9.80826, 8.95084], [9.80961, 8.95382], [9.81202, 8.95191], [9.81493, 8.94801], [9.81501, 8.94634], [9.82175, 8.93742], [9.82126, 8.93585]]]}, "properties": {"name": "Voryoum", "lga": "Mikang", "state": "pl"}}, {"type": "Feature", "geometry": {"type": "Polygon", "coordinates": [[[9.1934, 9.57162], [9.18659, 9.56108], [9.1776, 9.56489], [9.17658, 9.56967], [9.17467, 9.57496], [9.17491, 9.57825], [9.1841, 9.58556], [9.18781, 9.58405], [9.18999, 9.58023], [9.19024, 9.57568], [9.1934, 9.57162]]]}, "properties": {"name": "Kasuwan Ali", "lga": "Mangu", "state": "pl"}}, {"type": "Feature", "geometry": {"type": "Polygon", "coordinates": [[[9.97495, 9.12904], [9.9952, 9.11922], [9.99914, 9.11957], [10.00637, 9.11868], [10.02067, 9.10172], [10.00996, 9.07239], [10.00338, 9.0736], [9.99242, 9.0792], [9.98524, 9.09481], [9.97242, 9.10466], [9.97231, 9.11581], [9.97254, 9.11893], [9.97495, 9.12904]]]}, "properties": {"name": "Garkuwa", "lga": "Wase", "state": "pl"}}, {"type": "Feature", "geometry": {"type": "Polygon", "coordinates": [[[9.96298, 9.14761], [9.96782, 9.15122], [9.97495, 9.12904], [9.97254, 9.11893], [9.97231, 9.11581], [9.97242, 9.10466], [9.9627, 9.10038], [9.94178, 9.10955], [9.95556, 9.11886], [9.96298, 9.14761]]]}, "properties": {"name": "Danburan", "lga": "Wase", "state": "pl"}}, {"type": "Feature", "geometry": {"type": "Polygon", "coordinates": [[[9.30999, 8.80893], [9.30888, 8.8159], [9.3107, 8.8182], [9.31528, 8.82525], [9.31378, 8.83379], [9.31396, 8.8408], [9.31622, 8.852], [9.30836, 8.85763], [9.30156, 8.86433], [9.29284, 8.8651], [9.27793, 8.87414], [9.2723, 8.87785], [9.2645, 8.87959], [9.25601, 8.88367], [9.25356, 8.89097], [9.25646, 8.89311], [9.2604, 8.8939], [9.26842, 8.89187], [9.2737, 8.89168], [9.27688, 8.88913], [9.2799, 8.91002], [9.28498, 8.9101], [9.29671, 8.91471], [9.305, 8.92074], [9.31122, 8.92087], [9.31601, 8.91366], [9.33009, 8.91356], [9.34131, 8.91091], [9.33965, 8.90504], [9.32821, 8.90361], [9.33107, 8.88694], [9.34054, 8.88578], [9.34273, 8.88008], [9.34108, 8.87422], [9.34134, 8.86844], [9.34152, 8.86458], [9.34371, 8.85889], [9.34581, 8.85512], [9.34984, 8.85144], [9.35194, 8.84767], [9.35395, 8.84583], [9.35797, 8.84215], [9.36182, 8.84232], [9.3696, 8.84074], [9.37537, 8.84099], [9.37921, 8.84116], [9.38691, 8.8415], [9.39066, 8.8436], [9.3946, 8.84184], [9.40054, 8.83825], [9.40282, 8.83063], [9.403, 8.82677], [9.38614, 8.81637], [9.38046, 8.81419], [9.37679, 8.81017], [9.37111, 8.80798], [9.36928, 8.80597], [9.36177, 8.80178], [9.36203, 8.796], [9.35026, 8.7904], [9.34391, 8.80107], [9.34457, 8.81453], [9.33007, 8.81382], [9.32266, 8.80048], [9.30999, 8.80893]]]}, "properties": {"name": "Moeda", "lga": "Qua'An Pan", "state": "pl"}}, {"type": "Feature", "geometry": {"type": "MultiPolygon", "coordinates": [[[[9.10141, 8.47361], [9.12639, 8.47514], [9.13914, 8.46943], [9.15384, 8.47598], [9.16535, 8.46132], [9.15807, 8.45683], [9.15623, 8.45481], [9.15248, 8.45272], [9.1489, 8.44677], [9.14582, 8.44339], [9.1386, 8.43831], [9.13676, 8.43545], [9.13239, 8.42866], [9.12846, 8.43041], [9.12754, 8.43374], [9.12443, 8.4341], [9.12153, 8.43822], [9.11843, 8.43816], [9.11124, 8.43802], [9.10109, 8.43885], [9.09716, 8.44061], [9.0968, 8.44831], [9.09846, 8.45418], [9.1002, 8.45812], [9.10319, 8.46423], [9.10212, 8.46986], [9.10141, 8.47361]]], [[[9.22229, 8.96111], [9.23477, 8.95503], [9.23395, 8.95115], [9.2425, 8.95104], [9.24545, 8.94341], [9.25262, 8.94556], [9.25928, 8.92749], [9.26041, 8.92566], [9.25783, 8.92433], [9.2483, 8.91872], [9.23732, 8.91385], [9.22795, 8.91605], [9.22979, 8.93138], [9.22292, 8.94061], [9.22557, 8.95132], [9.22229, 8.96111]]], [[[9.2548, 8.95517], [9.24456, 8.9585], [9.24045, 8.96342], [9.23938, 8.96685], [9.23271, 8.97636], [9.23498, 8.98866], [9.26044, 8.97466], [9.26068, 8.97242], [9.25775, 8.9678], [9.2548, 8.95517]]]]}, "properties": {"name": "Koplong", "lga": "Qua'An Pan", "state": "pl"}}, {"type": "Feature", "geometry": {"type": "MultiPolygon", "coordinates": [[[[9.27742, 8.91333], [9.2799, 8.91002], [9.27688, 8.88913], [9.2737, 8.89168], [9.26842, 8.89187], [9.2604, 8.8939], [9.25646, 8.89311], [9.25356, 8.89097], [9.25601, 8.88367], [9.2645, 8.87959], [9.2723, 8.87785], [9.27793, 8.87414], [9.29284, 8.8651], [9.30156, 8.86433], [9.30836, 8.85763], [9.31622, 8.852], [9.31396, 8.8408], [9.31378, 8.83379], [9.31528, 8.82525], [9.3107, 8.8182], [9.30888, 8.8159], [9.30239, 8.81659], [9.29643, 8.82065], [9.29618, 8.82086], [9.27921, 8.82394], [9.27511, 8.82547], [9.26888, 8.82482], [9.2668, 8.82238], [9.26001, 8.81014], [9.25391, 8.80788], [9.22922, 8.80637], [9.22811, 8.80737], [9.22804, 8.81017], [9.22194, 8.81757], [9.20899, 8.82756], [9.20694, 8.83769], [9.22176, 8.85295], [9.21075, 8.85655], [9.19661, 8.86769], [9.19892, 8.87303], [9.20362, 8.88122], [9.20922, 8.88163], [9.2102, 8.90464], [9.22032, 8.91316], [9.2233, 8.9134], [9.22774, 8.91591], [9.22795, 8.91605], [9.23732, 8.91385], [9.2483, 8.91872], [9.25783, 8.92433], [9.26041, 8.92566], [9.26507, 8.92565], [9.26831, 8.92021], [9.27327, 8.91549], [9.27742, 8.91333]]], [[[9.2425, 8.95104], [9.24456, 8.9585], [9.2548, 8.95517], [9.25723, 8.9508], [9.25262, 8.94556], [9.24545, 8.94341], [9.2425, 8.95104]]]]}, "properties": {"name": "Kwoor", "lga": "Qua'An Pan", "state": "pl"}}, {"type": "Feature", "geometry": {"type": "Polygon", "coordinates": [[[9.2548, 8.95517], [9.25775, 8.9678], [9.26068, 8.97242], [9.26044, 8.97466], [9.26668, 8.97979], [9.26869, 8.9887], [9.28468, 8.99294], [9.28844, 8.98442], [9.2922, 8.98381], [9.3004, 8.98051], [9.30729, 8.97924], [9.31802, 8.97307], [9.32572, 8.96065], [9.32612, 8.95621], [9.34818, 8.94836], [9.34856, 8.94849], [9.35509, 8.94627], [9.35535, 8.94049], [9.353, 8.93703], [9.34994, 8.93253], [9.34645, 8.92465], [9.34488, 8.91686], [9.34131, 8.91091], [9.33009, 8.91356], [9.31601, 8.91366], [9.31122, 8.92087], [9.305, 8.92074], [9.29065, 8.92648], [9.27742, 8.91333], [9.27327, 8.91549], [9.26831, 8.92021], [9.26507, 8.92565], [9.26041, 8.92566], [9.25928, 8.92749], [9.25262, 8.94556], [9.25723, 8.9508], [9.2548, 8.95517]]]}, "properties": {"name": "Yitlaar", "lga": "Qua'An Pan", "state": "pl"}}, {"type": "Feature", "geometry": {"type": "Polygon", "coordinates": [[[8.699, 9.67582], [8.69666, 9.67729], [8.67647, 9.6722], [8.67462, 9.67307], [8.66058, 9.66288], [8.65561, 9.66445], [8.64633, 9.66857], [8.64573, 9.67963], [8.64271, 9.682], [8.64088, 9.69559], [8.63946, 9.69702], [8.63776, 9.69944], [8.63266, 9.70214], [8.62819, 9.71602], [8.62094, 9.72985], [8.61811, 9.74557], [8.61943, 9.74634], [8.63361, 9.75463], [8.63509, 9.7576], [8.66036, 9.74569], [8.67849, 9.74716], [8.68599, 9.76898], [8.72536, 9.76712], [8.72688, 9.77238], [8.75377, 9.78058], [8.75835, 9.76328], [8.75294, 9.7593], [8.74351, 9.75502], [8.7399, 9.75106], [8.73984, 9.751], [8.73416, 9.74881], [8.7304, 9.74672], [8.72472, 9.74453], [8.71794, 9.74251], [8.71032, 9.74647], [8.70486, 9.74334], [8.70995, 9.73635], [8.7097, 9.73615], [8.70017, 9.73379], [8.69729, 9.73366], [8.70044, 9.72801], [8.70254, 9.72424], [8.70473, 9.71855], [8.70884, 9.71294], [8.71085, 9.7111], [8.70571, 9.69736], [8.69408, 9.69599], [8.69328, 9.69178], [8.69589, 9.68404], [8.69882, 9.67968], [8.699, 9.67582]]]}, "properties": {"name": "Bum", "lga": "Riyom", "state": "pl"}}, {"type": "Feature", "geometry": {"type": "Polygon", "coordinates": [[[8.60069, 9.6857], [8.60188, 9.69068], [8.60188, 9.70614], [8.60152, 9.71528], [8.59886, 9.72792], [8.61064, 9.74126], [8.61547, 9.7424], [8.61675, 9.74479], [8.61811, 9.74557], [8.62094, 9.72985], [8.62819, 9.71602], [8.63266, 9.70214], [8.63776, 9.69944], [8.63946, 9.69702], [8.64088, 9.69559], [8.64271, 9.682], [8.64573, 9.67963], [8.64633, 9.66857], [8.64562, 9.6686], [8.64019, 9.66886], [8.63293, 9.66604], [8.62864, 9.66674], [8.62424, 9.66765], [8.62042, 9.67315], [8.61089, 9.67941], [8.60618, 9.68282], [8.60069, 9.6857]]]}, "properties": {"name": "Fangroi", "lga": "Riyom", "state": "pl"}}, {"type": "Feature", "geometry": {"type": "Polygon", "coordinates": [[[8.63915, 9.65563], [8.65561, 9.66445], [8.66058, 9.66288], [8.65924, 9.65741], [8.65795, 9.64426], [8.66016, 9.63965], [8.66539, 9.63281], [8.67826, 9.62525], [8.68611, 9.62608], [8.68911, 9.59879], [8.68012, 9.59901], [8.67156, 9.59561], [8.66877, 9.59044], [8.67374, 9.5831], [8.67629, 9.57937], [8.66806, 9.56693], [8.6672, 9.56679], [8.65124, 9.57312], [8.64174, 9.56888], [8.64048, 9.56883], [8.60912, 9.55754], [8.61516, 9.59277], [8.6195, 9.59473], [8.62336, 9.60286], [8.63302, 9.60716], [8.63617, 9.61445], [8.63529, 9.61898], [8.62744, 9.62082], [8.62526, 9.62219], [8.62175, 9.62816], [8.62111, 9.63036], [8.62186, 9.63315], [8.61871, 9.6413], [8.62293, 9.64342], [8.62694, 9.64745], [8.63415, 9.64706], [8.6362, 9.64778], [8.63938, 9.65326], [8.63915, 9.65563]]]}, "properties": {"name": "Gura", "lga": "Riyom", "state": "pl"}}, {"type": "Feature", "geometry": {"type": "MultiPolygon", "coordinates": [[[[8.66058, 9.66288], [8.67462, 9.67307], [8.67647, 9.6722], [8.69533, 9.64244], [8.69175, 9.62992], [8.68639, 9.62625], [8.68611, 9.62608], [8.67826, 9.62525], [8.66539, 9.63281], [8.66016, 9.63965], [8.65795, 9.64426], [8.65924, 9.65741], [8.66058, 9.66288]]], [[[8.5852, 9.66438], [8.5833, 9.666], [8.58338, 9.66895], [8.58006, 9.67273], [8.58162, 9.67582], [8.58589, 9.67703], [8.59235, 9.678], [8.59903, 9.67873], [8.60069, 9.6857], [8.60618, 9.68282], [8.61089, 9.67941], [8.62042, 9.67315], [8.62424, 9.66765], [8.62864, 9.66674], [8.63293, 9.66604], [8.64019, 9.66886], [8.64562, 9.6686], [8.64633, 9.66857], [8.65561, 9.66445], [8.63915, 9.65563], [8.6373, 9.65762], [8.63601, 9.65777], [8.6325, 9.65794], [8.62904, 9.65684], [8.62539, 9.65717], [8.62246, 9.65813], [8.61808, 9.65791], [8.59686, 9.67059], [8.58993, 9.66373], [8.5852, 9.66438]]]]}, "properties": {"name": "Tse", "lga": "Riyom", "state": "pl"}}, {"type": "Feature", "geometry": {"type": "Polygon", "coordinates": [[[10.30452, 9.27573], [10.30398, 9.27568], [10.29657, 9.27754], [10.28167, 9.27561], [10.2481, 9.31632], [10.24719, 9.31903], [10.19969, 9.3402], [10.20182, 9.34793], [10.21236, 9.37115], [10.21703, 9.37987], [10.23031, 9.39245], [10.23076, 9.39273], [10.25905, 9.37311], [10.26677, 9.34977], [10.2815, 9.34363], [10.29747, 9.32542], [10.31067, 9.34088], [10.32285, 9.34782], [10.32312, 9.36713], [10.33536, 9.3895], [10.36757, 9.37958], [10.36965, 9.37482], [10.37147, 9.35817], [10.37604, 9.35388], [10.37831, 9.35197], [10.36146, 9.30542], [10.37552, 9.29673], [10.36253, 9.28003], [10.33106, 9.29753], [10.30452, 9.27573]]]}, "properties": {"name": "Nyalun", "lga": "Wase", "state": "pl"}}, {"type": "Feature", "geometry": {"type": "Polygon", "coordinates": [[[10.06097, 9.38241], [10.06095, 9.38737], [10.06796, 9.38934], [10.08982, 9.37955], [10.09526, 9.37969], [10.09845, 9.3685], [10.09537, 9.36683], [10.09267, 9.36118], [10.08392, 9.35335], [10.07643, 9.34352], [10.07601, 9.34238], [10.07166, 9.34277], [10.0565, 9.3445], [10.05121, 9.35643], [10.06106, 9.38162], [10.06097, 9.38241]]]}, "properties": {"name": "Jarmai", "lga": "Kanam", "state": "pl"}}, {"type": "Feature", "geometry": {"type": "MultiPolygon", "coordinates": [[[[10.57465, 9.44829], [10.57666, 9.44645], [10.57894, 9.43883], [10.57992, 9.41764], [10.57835, 9.40985], [10.56918, 9.39979], [10.56359, 9.39568], [10.56027, 9.39017], [10.52431, 9.3804], [10.50727, 9.3887], [10.51503, 9.48234], [10.52707, 9.48728], [10.54096, 9.48354], [10.56615, 9.46529], [10.57035, 9.45776], [10.57254, 9.45206], [10.57465, 9.44829]]], [[[10.23653, 9.60936], [10.23728, 9.6097], [10.24867, 9.61242], [10.2794, 9.61537], [10.26244, 9.56953], [10.24676, 9.52067], [10.23848, 9.49779], [10.23316, 9.49777], [10.22732, 9.49912], [10.22447, 9.50418], [10.21767, 9.51163], [10.21104, 9.5174], [10.19874, 9.52051], [10.19583, 9.53108], [10.19499, 9.53331], [10.19499, 9.53331], [10.18923, 9.54673], [10.22648, 9.59131], [10.2265, 9.59133], [10.22651, 9.59134], [10.22651, 9.59134], [10.23653, 9.60936]]]]}, "properties": {"name": "Kyansar", "lga": "Kanam", "state": "pl"}}, {"type": "Feature", "geometry": {"type": "Polygon", "coordinates": [[[10.2794, 9.61537], [10.29883, 9.62124], [10.30749, 9.57755], [10.31509, 9.56066], [10.33137, 9.5324], [10.33533, 9.52139], [10.3366, 9.50415], [10.34367, 9.49583], [10.3515, 9.48488], [10.34629, 9.47405], [10.33934, 9.4665], [10.33287, 9.46425], [10.32131, 9.47572], [10.2935, 9.47158], [10.2766, 9.48145], [10.27332, 9.48074], [10.26646, 9.43882], [10.2371, 9.41742], [10.23575, 9.41987], [10.22023, 9.44137], [10.21914, 9.44221], [10.23316, 9.49777], [10.23848, 9.49779], [10.24676, 9.52067], [10.26244, 9.56953], [10.2794, 9.61537]]]}, "properties": {"name": "Garga", "lga": "Kanam", "state": "pl"}}, {"type": "Feature", "geometry": {"type": "Polygon", "coordinates": [[[10.23076, 9.39273], [10.23255, 9.39879], [10.23686, 9.41086], [10.2371, 9.41742], [10.26646, 9.43882], [10.27332, 9.48074], [10.2766, 9.48145], [10.2935, 9.47158], [10.30097, 9.45088], [10.3014, 9.42337], [10.30458, 9.41791], [10.3129, 9.4176], [10.32592, 9.41525], [10.35025, 9.41788], [10.35706, 9.41391], [10.37143, 9.40181], [10.36757, 9.37958], [10.33536, 9.3895], [10.32312, 9.36713], [10.32285, 9.34782], [10.31067, 9.34088], [10.29747, 9.32542], [10.2815, 9.34363], [10.26677, 9.34977], [10.25905, 9.37311], [10.23076, 9.39273]]]}, "properties": {"name": "Yuli", "lga": "Wase", "state": "pl"}}, {"type": "Feature", "geometry": {"type": "Polygon", "coordinates": [[[10.23653, 9.60936], [10.1971, 9.60885], [10.17175, 9.60718], [10.16449, 9.61768], [10.14937, 9.63239], [10.12965, 9.64269], [10.12436, 9.6579], [10.1203, 9.66311], [10.0972, 9.65976], [10.08203, 9.6814], [10.10414, 9.70001], [10.10876, 9.69058], [10.1124, 9.6917], [10.11453, 9.6929], [10.11532, 9.69367], [10.12167, 9.69416], [10.12288, 9.69311], [10.12994, 9.69227], [10.1432, 9.69213], [10.14477, 9.69135], [10.1465, 9.69031], [10.14738, 9.68801], [10.15001, 9.6807], [10.15224, 9.67876], [10.15685, 9.6801], [10.16146, 9.68322], [10.16518, 9.68412], [10.19954, 9.68977], [10.20682, 9.68843], [10.21471, 9.68947], [10.22125, 9.68917], [10.22645, 9.69007], [10.2606, 9.68712], [10.26238, 9.68483], [10.26324, 9.68305], [10.26488, 9.68126], [10.26738, 9.68105], [10.29239, 9.66553], [10.29358, 9.66241], [10.29537, 9.65824], [10.30027, 9.65274], [10.31182, 9.64404], [10.31322, 9.64325], [10.31829, 9.64204], [10.29883, 9.62124], [10.2794, 9.61537], [10.24867, 9.61242], [10.23728, 9.6097], [10.23653, 9.60936]]]}, "properties": {"name": "Munbutbo", "lga": "Kanam", "state": "pl"}}, {"type": "Feature", "geometry": {"type": "Polygon", "coordinates": [[[10.19969, 9.3402], [10.19698, 9.33832], [10.19399, 9.33842], [10.16192, 9.34589], [10.15452, 9.35268], [10.14433, 9.36987], [10.14313, 9.39217], [10.14084, 9.41034], [10.14074, 9.41678], [10.14256, 9.42038], [10.14325, 9.42764], [10.1437, 9.43031], [10.15749, 9.43919], [10.16381, 9.44138], [10.17371, 9.44359], [10.18864, 9.45368], [10.21914, 9.44221], [10.22023, 9.44137], [10.23575, 9.41987], [10.2371, 9.41742], [10.23686, 9.41086], [10.23255, 9.39879], [10.23076, 9.39273], [10.23031, 9.39245], [10.21703, 9.37987], [10.21236, 9.37115], [10.20182, 9.34793], [10.19969, 9.3402]]]}, "properties": {"name": "Gudus", "lga": "Wase", "state": "pl"}}, {"type": "Feature", "geometry": {"type": "Polygon", "coordinates": [[[10.17175, 9.60718], [10.1971, 9.60885], [10.23653, 9.60936], [10.22651, 9.59134], [10.18923, 9.54673], [10.15808, 9.54036], [10.15633, 9.55237], [10.14577, 9.56265], [10.14762, 9.58967], [10.16491, 9.60209], [10.17175, 9.60718]]]}, "properties": {"name": "Birbyen", "lga": "Kanam", "state": "pl"}}, {"type": "Feature", "geometry": {"type": "Polygon", "coordinates": [[[10.27897, 9.12579], [10.28806, 9.11239], [10.30877, 9.12272], [10.33061, 9.11972], [10.35073, 9.11099], [10.39098, 9.08101], [10.3978, 9.07964], [10.42171, 9.07196], [10.42407, 9.06442], [10.50175, 8.96603], [10.49798, 8.96475], [10.48936, 8.96609], [10.47919, 8.96391], [10.46894, 8.96345], [10.46381, 8.96322], [10.42688, 8.94771], [10.42021, 8.94395], [10.40696, 8.93471], [10.40045, 8.92749], [10.3972, 8.92389], [10.38882, 8.92005], [10.38053, 8.91449], [10.37565, 8.90908], [10.3724, 8.90547], [10.36915, 8.90186], [10.35093, 8.88893], [10.3411, 8.87984], [10.33467, 8.8709], [10.32988, 8.86376], [10.32508, 8.85663], [10.32477, 8.85646], [10.30508, 8.84535], [10.29849, 8.83986], [10.2919, 8.83438], [10.28686, 8.83242], [10.27694, 8.82505], [10.26694, 8.81941], [10.26181, 8.81918], [10.25693, 8.81377], [10.24864, 8.80821], [10.2456, 8.80441], [10.23628, 8.79277], [10.23571, 8.79206], [10.22905, 8.7883], [10.22408, 8.78461], [10.21433, 8.77379], [10.20945, 8.76838], [10.2062, 8.76478], [10.19474, 8.75388], [10.18815, 8.74839], [10.18591, 8.74419], [10.17101, 8.78883], [10.14829, 8.8008], [10.16423, 8.84937], [10.15684, 8.86376], [10.15003, 8.87721], [10.14764, 8.88537], [10.12296, 8.89642], [10.1192, 8.8965], [10.11458, 8.90757], [10.10519, 8.92308], [10.12501, 8.96877], [10.12457, 8.97144], [10.14331, 8.97722], [10.175, 9.0114], [10.1958, 9.01069], [10.20895, 9.01765], [10.21684, 9.02163], [10.23009, 9.03881], [10.23225, 9.05545], [10.22867, 9.06152], [10.23041, 9.11441], [10.23807, 9.11546], [10.24983, 9.15967], [10.25708, 9.15927], [10.27136, 9.13909], [10.27897, 9.12579]]]}, "properties": {"name": "Gimbi / Pinau", "lga": "Wase", "state": "pl"}}, {"type": "Feature", "geometry": {"type": "MultiPolygon", "coordinates": [[[[10.30398, 9.27568], [10.30452, 9.27573], [10.3221, 9.2646], [10.33249, 9.23553], [10.33876, 9.22178], [10.35099, 9.21063], [10.36466, 9.20334], [10.36744, 9.20109], [10.39645, 9.1965], [10.40991, 9.1962], [10.41714, 9.18645], [10.42678, 9.17361], [10.43097, 9.1569], [10.43993, 9.11712], [10.42171, 9.07196], [10.3978, 9.07964], [10.39098, 9.08101], [10.35073, 9.11099], [10.33061, 9.11972], [10.30877, 9.12272], [10.28806, 9.11239], [10.27897, 9.12579], [10.27136, 9.13909], [10.25708, 9.15927], [10.24983, 9.15967], [10.23561, 9.16721], [10.24945, 9.19405], [10.25027, 9.20824], [10.26282, 9.21774], [10.27321, 9.20894], [10.27971, 9.19864], [10.29187, 9.19336], [10.29912, 9.18787], [10.30819, 9.185], [10.31161, 9.18489], [10.31445, 9.18771], [10.31541, 9.19486], [10.31473, 9.21647], [10.30863, 9.22024], [10.30398, 9.27568]]], [[[10.19698, 9.33832], [10.19969, 9.3402], [10.24719, 9.31903], [10.2481, 9.31632], [10.28167, 9.27561], [10.26536, 9.25909], [10.23839, 9.25801], [10.21895, 9.25076], [10.20733, 9.25239], [10.19878, 9.26503], [10.19982, 9.27833], [10.19909, 9.28754], [10.20181, 9.30456], [10.19681, 9.3367], [10.19698, 9.33832]]]]}, "properties": {"name": "Gaji", "lga": "Wase", "state": "pl"}}, {"type": "Feature", "geometry": {"type": "Polygon", "coordinates": [[[10.29883, 9.62124], [10.31829, 9.64204], [10.32686, 9.64], [10.35301, 9.61606], [10.38275, 9.59807], [10.39254, 9.59465], [10.3984, 9.59298], [10.40426, 9.59131], [10.4102, 9.58771], [10.41615, 9.58411], [10.41906, 9.58424], [10.42384, 9.58445], [10.42585, 9.58261], [10.42979, 9.58086], [10.43967, 9.57551], [10.44946, 9.57208], [10.4534, 9.57032], [10.45934, 9.56673], [10.46176, 9.56452], [10.46538, 9.5612], [10.47902, 9.55795], [10.48295, 9.55619], [10.4889, 9.5526], [10.49127, 9.54305], [10.49302, 9.53991], [10.49547, 9.53551], [10.49967, 9.52798], [10.5036, 9.52622], [10.50676, 9.52333], [10.50763, 9.52254], [10.51279, 9.51104], [10.52296, 9.48839], [10.52707, 9.48728], [10.51503, 9.48234], [10.50727, 9.3887], [10.50106, 9.38712], [10.48765, 9.38254], [10.46463, 9.37281], [10.45625, 9.36548], [10.44937, 9.35783], [10.4362, 9.34821], [10.42722, 9.32671], [10.37831, 9.35197], [10.37604, 9.35388], [10.37147, 9.35817], [10.36965, 9.37482], [10.36757, 9.37958], [10.37143, 9.40181], [10.35706, 9.41391], [10.35025, 9.41788], [10.32592, 9.41525], [10.3129, 9.4176], [10.30458, 9.41791], [10.3014, 9.42337], [10.30097, 9.45088], [10.2935, 9.47158], [10.32131, 9.47572], [10.33287, 9.46425], [10.33934, 9.4665], [10.34629, 9.47405], [10.3515, 9.48488], [10.34367, 9.49583], [10.3366, 9.50415], [10.33533, 9.52139], [10.33137, 9.5324], [10.31509, 9.56066], [10.30749, 9.57755], [10.29883, 9.62124]]]}, "properties": {"name": "Kyaram", "lga": "Kanam", "state": "pl"}}, {"type": "Feature", "geometry": {"type": "Polygon", "coordinates": [[[10.08149, 9.19058], [10.10044, 9.21322], [10.10885, 9.20755], [10.11448, 9.21909], [10.10178, 9.23528], [10.1017, 9.23526], [10.09011, 9.2448], [10.06477, 9.24351], [10.06093, 9.25039], [10.06195, 9.26452], [10.06834, 9.27998], [10.07305, 9.28589], [10.08102, 9.28909], [10.08583, 9.28845], [10.09618, 9.28281], [10.11116, 9.28233], [10.12049, 9.28723], [10.12077, 9.29545], [10.10837, 9.30278], [10.09032, 9.29942], [10.08465, 9.31007], [10.08392, 9.33597], [10.07601, 9.34238], [10.07643, 9.34352], [10.08392, 9.35335], [10.09267, 9.36118], [10.09537, 9.36683], [10.09845, 9.3685], [10.09526, 9.37969], [10.09663, 9.38494], [10.10701, 9.39708], [10.11955, 9.40657], [10.13528, 9.41489], [10.14074, 9.41678], [10.14084, 9.41034], [10.14313, 9.39217], [10.14433, 9.36987], [10.15452, 9.35268], [10.16192, 9.34589], [10.19399, 9.33842], [10.19698, 9.33832], [10.19681, 9.3367], [10.20181, 9.30456], [10.19909, 9.28754], [10.19982, 9.27833], [10.19878, 9.26503], [10.20733, 9.25239], [10.21895, 9.25076], [10.23839, 9.25801], [10.26536, 9.25909], [10.28167, 9.27561], [10.29657, 9.27754], [10.30398, 9.27568], [10.30863, 9.22024], [10.31473, 9.21647], [10.31541, 9.19486], [10.31445, 9.18771], [10.31161, 9.18489], [10.30819, 9.185], [10.29912, 9.18787], [10.29187, 9.19336], [10.27971, 9.19864], [10.27321, 9.20894], [10.26282, 9.21774], [10.25027, 9.20824], [10.24945, 9.19405], [10.23561, 9.16721], [10.24983, 9.15967], [10.23807, 9.11546], [10.23041, 9.11441], [10.21837, 9.1179], [10.20266, 9.11684], [10.18626, 9.1213], [10.17431, 9.13223], [10.16401, 9.13807], [10.15654, 9.14504], [10.1337, 9.1557], [10.10007, 9.16542], [10.09923, 9.1661], [10.09025, 9.17333], [10.08895, 9.17913], [10.08187, 9.18999], [10.08149, 9.19058]]]}, "properties": {"name": "Bashaar", "lga": "Wase", "state": "pl"}}, {"type": "Feature", "geometry": {"type": "Polygon", "coordinates": [[[10.57052, 8.97062], [10.54403, 8.96855], [10.53883, 8.97005], [10.53028, 8.96967], [10.5184, 8.9674], [10.50978, 8.96874], [10.50175, 8.96603], [10.42407, 9.06442], [10.42171, 9.07196], [10.43993, 9.11712], [10.43097, 9.1569], [10.42678, 9.17361], [10.41714, 9.18645], [10.40991, 9.1962], [10.39645, 9.1965], [10.36744, 9.20109], [10.36466, 9.20334], [10.35099, 9.21063], [10.33876, 9.22178], [10.33249, 9.23553], [10.3221, 9.2646], [10.30452, 9.27573], [10.33106, 9.29753], [10.36253, 9.28003], [10.37552, 9.29673], [10.36146, 9.30542], [10.37831, 9.35197], [10.42722, 9.32671], [10.4362, 9.34821], [10.44937, 9.35783], [10.45625, 9.36548], [10.46463, 9.37281], [10.48765, 9.38254], [10.50106, 9.38712], [10.50727, 9.3887], [10.52431, 9.3804], [10.56027, 9.39017], [10.56001, 9.38973], [10.56037, 9.38202], [10.56439, 9.37834], [10.56658, 9.37265], [10.56126, 9.36276], [10.56144, 9.35891], [10.56162, 9.35505], [10.55987, 9.35111], [10.56792, 9.34375], [10.57011, 9.33805], [10.5706, 9.33761], [10.57413, 9.33437], [10.57807, 9.33262], [10.58026, 9.32692], [10.58061, 9.31922], [10.58088, 9.31344], [10.57932, 9.30564], [10.57949, 9.30179], [10.57775, 9.29785], [10.58015, 9.24584], [10.5882, 9.23847], [10.59231, 9.23286], [10.59661, 9.2234], [10.59687, 9.21762], [10.59723, 9.20992], [10.59572, 9.20825], [10.59966, 9.20116], [10.59991, 9.19598], [10.61049, 9.18954], [10.61424, 9.18279], [10.61037, 9.17575], [10.61511, 9.15666], [10.61354, 9.14886], [10.61774, 9.14133], [10.62561, 9.13782], [10.62964, 9.13413], [10.63366, 9.13045], [10.63576, 9.12668], [10.63612, 9.11898], [10.63263, 9.1111], [10.62529, 9.10305], [10.62355, 9.09911], [10.62253, 9.09403], [10.62725, 9.08994], [10.63255, 9.08672], [10.63792, 9.08177], [10.64004, 9.07322], [10.6372, 9.06098], [10.63745, 9.0558], [10.63437, 9.04874], [10.63291, 9.04349], [10.62982, 9.03643], [10.63007, 9.03125], [10.62723, 9.01901], [10.60626, 8.99212], [10.60317, 8.98506], [10.59675, 8.97612], [10.58829, 8.97401], [10.57975, 8.97362], [10.57471, 8.97166], [10.57055, 8.97063], [10.57052, 8.97062]]]}, "properties": {"name": "Kampani", "lga": "Wase", "state": "pl"}}]}