{"type": "FeatureCollection", "features": [{"type": "Feature", "geometry": {"type": "Polygon", "coordinates": [[[9.98385, 7.2524], [9.98571, 7.25424], [9.98588, 7.25808], [9.98616, 7.25795], [9.9866, 7.25749], [9.98802, 7.2589], [9.98845, 7.25807], [9.98996, 7.25979], [9.99101, 7.26083], [9.99149, 7.26093], [9.9916, 7.26047], [9.99434, 7.261], [9.99445, 7.26052], [9.99478, 7.25912], [9.99578, 7.25456], [9.99097, 7.25378], [9.99084, 7.25401], [9.99002, 7.25432], [9.9891, 7.2547], [9.98827, 7.25297], [9.98712, 7.25362], [9.98658, 7.25395], [9.98595, 7.25071], [9.98368, 7.25139], [9.98374, 7.25191], [9.98385, 7.2524]]]}, "properties": {"name": "Tikari", "lga": "Takum", "state": "ta"}}, {"type": "Feature", "geometry": {"type": "Polygon", "coordinates": [[[11.35967, 8.90181], [11.35975, 8.90205], [11.35952, 8.90433], [11.37265, 8.9075], [11.37277, 8.90628], [11.37307, 8.9056], [11.36413, 8.90133], [11.36679, 8.89825], [11.36449, 8.89628], [11.36572, 8.89472], [11.3607, 8.89273], [11.35967, 8.90181]]]}, "properties": {"name": "Sintali A", "lga": "Jalingo", "state": "ta"}}, {"type": "Feature", "geometry": {"type": "Polygon", "coordinates": [[[11.36773, 8.89223], [11.37162, 8.89131], [11.37273, 8.89154], [11.38116, 8.89293], [11.38086, 8.89211], [11.38132, 8.89027], [11.38228, 8.88823], [11.37085, 8.88432], [11.36222, 8.88674], [11.3607, 8.89273], [11.36572, 8.89472], [11.36773, 8.89223]]]}, "properties": {"name": "Turaki A", "lga": "Jalingo", "state": "ta"}}, {"type": "Feature", "geometry": {"type": "Polygon", "coordinates": [[[11.21835, 9.01558], [11.22574, 9.02437], [11.22518, 9.02658], [11.22726, 9.03039], [11.23119, 9.03242], [11.23018, 9.03606], [11.23045, 9.03919], [11.23476, 9.04065], [11.2358, 9.04515], [11.2379, 9.04301], [11.23506, 9.0312], [11.24111, 9.0026], [11.24241, 8.98338], [11.26269, 8.97529], [11.26686, 8.96606], [11.27292, 8.94958], [11.26718, 8.94232], [11.27323, 8.93548], [11.2596, 8.93673], [11.25577, 8.94521], [11.25202, 8.95196], [11.25006, 8.95706], [11.22999, 8.95927], [11.22795, 8.9661], [11.22591, 8.97293], [11.21867, 8.98125], [11.21475, 8.99146], [11.22562, 9.00267], [11.22195, 9.0077], [11.21835, 9.01558]]]}, "properties": {"name": "Yelwa", "lga": "Jalingo", "state": "ta"}}, {"type": "Feature", "geometry": {"type": "Polygon", "coordinates": [[[11.27323, 8.93548], [11.28553, 8.93783], [11.28704, 8.93324], [11.292, 8.93106], [11.29325, 8.92643], [11.29907, 8.92292], [11.30341, 8.92411], [11.31063, 8.92475], [11.31243, 8.9217], [11.31611, 8.92054], [11.32433, 8.91999], [11.3256, 8.91644], [11.32719, 8.91194], [11.32899, 8.9114], [11.33409, 8.91006], [11.33515, 8.90546], [11.33651, 8.89557], [11.33912, 8.89257], [11.34364, 8.88869], [11.31026, 8.87036], [11.30599, 8.86863], [11.2998, 8.87158], [11.2924, 8.87225], [11.286, 8.87375], [11.28277, 8.87883], [11.27543, 8.8755], [11.27162, 8.8766], [11.26827, 8.87547], [11.26392, 8.87246], [11.26068, 8.87143], [11.2605, 8.86994], [11.26035, 8.86854], [11.2589, 8.86884], [11.25886, 8.86749], [11.25189, 8.8651], [11.25187, 8.86404], [11.24857, 8.86226], [11.24665, 8.86791], [11.23863, 8.87357], [11.23604, 8.88059], [11.23687, 8.88223], [11.22962, 8.89475], [11.21817, 8.90492], [11.21911, 8.90706], [11.2196, 8.90868], [11.22306, 8.91491], [11.23013, 8.92401], [11.23273, 8.92504], [11.23356, 8.92637], [11.21974, 8.93965], [11.2199, 8.941], [11.21855, 8.94309], [11.22046, 8.94614], [11.22258, 8.94753], [11.22307, 8.95009], [11.22187, 8.95272], [11.21981, 8.95237], [11.21009, 8.95038], [11.20732, 8.9511], [11.21185, 8.9569], [11.21054, 8.96029], [11.21075, 8.96393], [11.20721, 8.96884], [11.20697, 8.97953], [11.20557, 8.98198], [11.20653, 8.9874], [11.20624, 8.99163], [11.20252, 9.00163], [11.20188, 9.00561], [11.2012, 9.00696], [11.20137, 9.00898], [11.19878, 9.01013], [11.19965, 9.01244], [11.19956, 9.01274], [11.19715, 9.01915], [11.20266, 9.01721], [11.21835, 9.01558], [11.22195, 9.0077], [11.22562, 9.00267], [11.21475, 8.99146], [11.21867, 8.98125], [11.22591, 8.97293], [11.22795, 8.9661], [11.22999, 8.95927], [11.25006, 8.95706], [11.25202, 8.95196], [11.25577, 8.94521], [11.2596, 8.93673], [11.27323, 8.93548]]]}, "properties": {"name": "Jauro Yinu", "lga": "Ardo-Kola", "state": "ta"}}, {"type": "Feature", "geometry": {"type": "Polygon", "coordinates": [[[11.32512, 8.71321], [11.32492, 8.71849], [11.3239, 8.71951], [11.32321, 8.72271], [11.32158, 8.72408], [11.32343, 8.72727], [11.32518, 8.73037], [11.32618, 8.73335], [11.32496, 8.73546], [11.32601, 8.73774], [11.32934, 8.74352], [11.32905, 8.7488], [11.33087, 8.75376], [11.33321, 8.75661], [11.33273, 8.76036], [11.33345, 8.76234], [11.34411, 8.76458], [11.35138, 8.76415], [11.35495, 8.76528], [11.357, 8.76569], [11.35824, 8.76801], [11.35967, 8.76833], [11.36183, 8.77001], [11.36165, 8.77193], [11.36003, 8.7739], [11.35861, 8.77643], [11.361, 8.7776], [11.36193, 8.77967], [11.36323, 8.78053], [11.36278, 8.78309], [11.36217, 8.7887], [11.35704, 8.79139], [11.35394, 8.79866], [11.35449, 8.80173], [11.35678, 8.80346], [11.35619, 8.80661], [11.3571, 8.80852], [11.3589, 8.8115], [11.36234, 8.81548], [11.36283, 8.8174], [11.36205, 8.82204], [11.36367, 8.82862], [11.36269, 8.83557], [11.36275, 8.8375], [11.36045, 8.83815], [11.35841, 8.83884], [11.35615, 8.84118], [11.3546, 8.8449], [11.35554, 8.85023], [11.36859, 8.87343], [11.37385, 8.87275], [11.37735, 8.87161], [11.37842, 8.86581], [11.38184, 8.85914], [11.3851, 8.85581], [11.38888, 8.85691], [11.39068, 8.85522], [11.39273, 8.85101], [11.39627, 8.84931], [11.40856, 8.8422], [11.41453, 8.83538], [11.41953, 8.83389], [11.42851, 8.82979], [11.43298, 8.8219], [11.44087, 8.81794], [11.44294, 8.81635], [11.44277, 8.80914], [11.46404, 8.77984], [11.46999, 8.7628], [11.47391, 8.7526], [11.47766, 8.74584], [11.48653, 8.73932], [11.4902, 8.7343], [11.49513, 8.72271], [11.49598, 8.72072], [11.50323, 8.71239], [11.51056, 8.70234], [11.51781, 8.69402], [11.52164, 8.68554], [11.52539, 8.67879], [11.5311, 8.66693], [11.51751, 8.66459], [11.50734, 8.66241], [11.49717, 8.66022], [11.4888, 8.65638], [11.47854, 8.65592], [11.46844, 8.652], [11.44673, 8.66661], [11.43321, 8.6767], [11.42579, 8.67689], [11.42084, 8.67422], [11.41758, 8.66574], [11.40846, 8.66585], [11.40313, 8.67251], [11.39494, 8.68234], [11.39532, 8.69375], [11.38996, 8.69131], [11.38573, 8.69375], [11.38332, 8.7031], [11.37292, 8.70988], [11.34447, 8.71877], [11.32512, 8.71321]]]}, "properties": {"name": "Ardo Kola", "lga": "Ardo-Kola", "state": "ta"}}, {"type": "Feature", "geometry": {"type": "Polygon", "coordinates": [[[11.36859, 8.87343], [11.35554, 8.85023], [11.3546, 8.8449], [11.35615, 8.84118], [11.35841, 8.83884], [11.36045, 8.83815], [11.36275, 8.8375], [11.36269, 8.83557], [11.36367, 8.82862], [11.36205, 8.82204], [11.36283, 8.8174], [11.36234, 8.81548], [11.3589, 8.8115], [11.3571, 8.80852], [11.35619, 8.80661], [11.35678, 8.80346], [11.35449, 8.80173], [11.35394, 8.79866], [11.35704, 8.79139], [11.36217, 8.7887], [11.36278, 8.78309], [11.36323, 8.78053], [11.36193, 8.77967], [11.361, 8.7776], [11.35861, 8.77643], [11.36003, 8.7739], [11.36165, 8.77193], [11.36183, 8.77001], [11.35967, 8.76833], [11.35824, 8.76801], [11.357, 8.76569], [11.35495, 8.76528], [11.35138, 8.76415], [11.34411, 8.76458], [11.33345, 8.76234], [11.33273, 8.76036], [11.33321, 8.75661], [11.33087, 8.75376], [11.32905, 8.7488], [11.32934, 8.74352], [11.32601, 8.73774], [11.32496, 8.73546], [11.32618, 8.73335], [11.32518, 8.73037], [11.32343, 8.72727], [11.32158, 8.72408], [11.30895, 8.73276], [11.3074, 8.73364], [11.30662, 8.73995], [11.30767, 8.74312], [11.30744, 8.74622], [11.30974, 8.74776], [11.31207, 8.75755], [11.30917, 8.77131], [11.30858, 8.77315], [11.30745, 8.77338], [11.30688, 8.77473], [11.3078, 8.77592], [11.30811, 8.77746], [11.30223, 8.78486], [11.30253, 8.78747], [11.30301, 8.78919], [11.30329, 8.79046], [11.30258, 8.79446], [11.30306, 8.79583], [11.30455, 8.79708], [11.30325, 8.80315], [11.30339, 8.80761], [11.30155, 8.81113], [11.30147, 8.81832], [11.30216, 8.82041], [11.30271, 8.82414], [11.30088, 8.82364], [11.29954, 8.8224], [11.29809, 8.8202], [11.29577, 8.81809], [11.29243, 8.81635], [11.29165, 8.81629], [11.29066, 8.81554], [11.28483, 8.81866], [11.29513, 8.83945], [11.29589, 8.84758], [11.29615, 8.84975], [11.29744, 8.85465], [11.29962, 8.85791], [11.30009, 8.85872], [11.30022, 8.85964], [11.29991, 8.86079], [11.29862, 8.86429], [11.29877, 8.86615], [11.2998, 8.87158], [11.30599, 8.86863], [11.31026, 8.87036], [11.34364, 8.88869], [11.34782, 8.88989], [11.35338, 8.88857], [11.35435, 8.88674], [11.35541, 8.88472], [11.35997, 8.8819], [11.36414, 8.87691], [11.36859, 8.87343]]]}, "properties": {"name": "Lamido Borno", "lga": "Ardo-Kola", "state": "ta"}}, {"type": "Feature", "geometry": {"type": "Polygon", "coordinates": [[[11.40599, 8.87937], [11.39678, 8.87797], [11.39311, 8.87826], [11.39093, 8.87987], [11.38895, 8.87697], [11.38553, 8.87742], [11.38329, 8.87521], [11.37129, 8.88283], [11.36973, 8.88197], [11.3689, 8.88432], [11.3805, 8.88692], [11.38065, 8.88734], [11.38151, 8.88802], [11.38228, 8.88823], [11.38132, 8.89027], [11.38086, 8.89211], [11.38116, 8.89293], [11.40973, 8.89941], [11.4107, 8.89821], [11.41218, 8.89694], [11.41289, 8.89292], [11.4082, 8.88442], [11.40618, 8.88358], [11.40599, 8.87937]]]}, "properties": {"name": "Turaki B", "lga": "Jalingo", "state": "ta"}}, {"type": "Feature", "geometry": {"type": "Polygon", "coordinates": [[[11.37405, 8.9168], [11.3643, 8.92266], [11.35896, 8.91724], [11.35738, 8.91711], [11.3562, 8.91687], [11.35484, 8.91701], [11.3485, 8.91951], [11.34497, 8.91847], [11.34414, 8.92015], [11.34135, 8.91786], [11.33859, 8.91716], [11.33714, 8.91739], [11.33515, 8.91871], [11.32969, 8.91919], [11.32585, 8.91871], [11.3256, 8.91644], [11.32433, 8.91999], [11.31611, 8.92054], [11.31243, 8.9217], [11.31063, 8.92475], [11.30341, 8.92411], [11.29907, 8.92292], [11.29325, 8.92643], [11.292, 8.93106], [11.28704, 8.93324], [11.28553, 8.93783], [11.27323, 8.93548], [11.26718, 8.94232], [11.27292, 8.94958], [11.26686, 8.96606], [11.26269, 8.97529], [11.24241, 8.98338], [11.24111, 9.0026], [11.23506, 9.0312], [11.2379, 9.04301], [11.2358, 9.04515], [11.23745, 9.05026], [11.24428, 9.05057], [11.24808, 9.05546], [11.25616, 9.05485], [11.2642, 9.05641], [11.27146, 9.0477], [11.299, 9.03242], [11.31842, 9.0191], [11.32299, 8.99892], [11.32984, 8.99549], [11.33571, 8.99206], [11.37134, 8.9776], [11.38949, 8.97033], [11.39432, 8.96097], [11.38964, 8.94998], [11.39285, 8.91817], [11.38686, 8.91885], [11.38352, 8.91617], [11.37405, 8.9168]]]}, "properties": {"name": "Kona", "lga": "Jalingo", "state": "ta"}}, {"type": "Feature", "geometry": {"type": "Polygon", "coordinates": [[[11.33559, 8.90962], [11.33409, 8.91006], [11.32899, 8.9114], [11.32719, 8.91194], [11.3256, 8.91644], [11.32585, 8.91871], [11.32969, 8.91919], [11.33515, 8.91871], [11.33714, 8.91739], [11.33859, 8.91716], [11.34135, 8.91786], [11.34414, 8.92015], [11.34764, 8.91393], [11.35525, 8.90816], [11.35967, 8.90181], [11.36123, 8.89166], [11.35919, 8.89093], [11.35432, 8.89666], [11.34882, 8.9048], [11.34904, 8.90502], [11.34948, 8.90533], [11.35002, 8.90568], [11.3366, 8.91203], [11.33559, 8.90962]]]}, "properties": {"name": "Barade", "lga": "Jalingo", "state": "ta"}}, {"type": "Feature", "geometry": {"type": "Polygon", "coordinates": [[[11.37405, 8.9168], [11.38352, 8.91617], [11.38686, 8.91885], [11.39285, 8.91817], [11.39401, 8.91707], [11.39412, 8.91442], [11.3957, 8.91381], [11.40066, 8.90514], [11.4033, 8.90421], [11.40565, 8.90334], [11.40697, 8.90162], [11.40852, 8.90091], [11.40973, 8.89941], [11.38116, 8.89293], [11.36849, 8.89141], [11.36449, 8.89628], [11.36679, 8.89825], [11.36413, 8.90133], [11.37307, 8.9056], [11.37277, 8.90628], [11.37265, 8.9075], [11.35952, 8.90433], [11.35975, 8.90205], [11.35967, 8.90181], [11.35525, 8.90816], [11.34764, 8.91393], [11.34497, 8.91847], [11.3485, 8.91951], [11.35484, 8.91701], [11.3562, 8.91687], [11.35738, 8.91711], [11.35896, 8.91724], [11.3643, 8.92266], [11.37405, 8.9168]]]}, "properties": {"name": "Sintali B", "lga": "Jalingo", "state": "ta"}}, {"type": "Feature", "geometry": {"type": "Polygon", "coordinates": [[[11.37717, 8.87289], [11.37735, 8.87161], [11.37385, 8.87275], [11.36859, 8.87343], [11.35435, 8.88674], [11.36124, 8.88924], [11.36222, 8.88674], [11.36893, 8.88452], [11.36973, 8.88197], [11.37129, 8.88283], [11.37848, 8.87828], [11.3785, 8.87479], [11.37717, 8.87289]]]}, "properties": {"name": "Sarkin Dawaki", "lga": "Jalingo", "state": "ta"}}, {"type": "Feature", "geometry": {"type": "Polygon", "coordinates": [[[11.40599, 8.87937], [11.40618, 8.88358], [11.4082, 8.88442], [11.41289, 8.89292], [11.41218, 8.89694], [11.41451, 8.89667], [11.42309, 8.89227], [11.42281, 8.89091], [11.42558, 8.88863], [11.42836, 8.88971], [11.44876, 8.8681], [11.45497, 8.86441], [11.47222, 8.85638], [11.47589, 8.85135], [11.47955, 8.84633], [11.48151, 8.84123], [11.4809, 8.83385], [11.47374, 8.8236], [11.46318, 8.81812], [11.44277, 8.80914], [11.44294, 8.81635], [11.44087, 8.81794], [11.43298, 8.8219], [11.42851, 8.82979], [11.41953, 8.83389], [11.41453, 8.83538], [11.40856, 8.8422], [11.39627, 8.84931], [11.39273, 8.85101], [11.39068, 8.85522], [11.38888, 8.85691], [11.3851, 8.85581], [11.38184, 8.85914], [11.37842, 8.86581], [11.37735, 8.87161], [11.37848, 8.87828], [11.38329, 8.87521], [11.38553, 8.87742], [11.38895, 8.87697], [11.39093, 8.87987], [11.39311, 8.87826], [11.39678, 8.87797], [11.40599, 8.87937]]]}, "properties": {"name": "Kachala-Sembe", "lga": "Jalingo", "state": "ta"}}, {"type": "Feature", "geometry": {"type": "Polygon", "coordinates": [[[11.33409, 8.91006], [11.33559, 8.90962], [11.3366, 8.91203], [11.35002, 8.90568], [11.34948, 8.90533], [11.34904, 8.90502], [11.34882, 8.9048], [11.35374, 8.89741], [11.35919, 8.89093], [11.36123, 8.89166], [11.36134, 8.89137], [11.3614, 8.89098], [11.36142, 8.88944], [11.35435, 8.88674], [11.35338, 8.88857], [11.34782, 8.88989], [11.34364, 8.88869], [11.33912, 8.89257], [11.33651, 8.89557], [11.33515, 8.90546], [11.33409, 8.91006]]]}, "properties": {"name": "Majidadi", "lga": "Jalingo", "state": "ta"}}, {"type": "Feature", "geometry": {"type": "Polygon", "coordinates": [[[11.48015, 9.07062], [11.47911, 9.06727], [11.46607, 9.05138], [11.46498, 9.03592], [11.45846, 9.03229], [11.46023, 9.02616], [11.45971, 9.02314], [11.46106, 9.01774], [11.45844, 9.01516], [11.45646, 9.01376], [11.45801, 9.01103], [11.46277, 9.00665], [11.46212, 9.00476], [11.46271, 9.00372], [11.46251, 9.00267], [11.46636, 8.99786], [11.46586, 8.99762], [11.46473, 8.99764], [11.4634, 8.99705], [11.46183, 8.99553], [11.46075, 8.99441], [11.46137, 8.99211], [11.46057, 8.99123], [11.45876, 8.99091], [11.45804, 8.99035], [11.45703, 8.9905], [11.45648, 8.98959], [11.45651, 8.98872], [11.45577, 8.98862], [11.45511, 8.98813], [11.45293, 8.9882], [11.44975, 8.98573], [11.4432, 8.97299], [11.43698, 8.97288], [11.43236, 8.97326], [11.42926, 8.97088], [11.42713, 8.97192], [11.42558, 8.97058], [11.42309, 8.97235], [11.41743, 8.97032], [11.41692, 8.96392], [11.41701, 8.96001], [11.41847, 8.95534], [11.41972, 8.9492], [11.41607, 8.94293], [11.38964, 8.94998], [11.39432, 8.96097], [11.38949, 8.97033], [11.37134, 8.9776], [11.33571, 8.99206], [11.34076, 8.99401], [11.34751, 8.99605], [11.35076, 8.99965], [11.35222, 9.00491], [11.35702, 9.01204], [11.36019, 9.01738], [11.3649, 9.02624], [11.36798, 9.0333], [11.37124, 9.03691], [11.3827, 9.0478], [11.38929, 9.05329], [11.39587, 9.05878], [11.40387, 9.06328], [11.41417, 9.06998], [11.42084, 9.07374], [11.42767, 9.07405], [11.44809, 9.0767], [11.46364, 9.07393], [11.47064, 9.07079], [11.47747, 9.0711], [11.48015, 9.07062]]]}, "properties": {"name": "Lankaviri", "lga": "Yorro", "state": "ta"}}, {"type": "Feature", "geometry": {"type": "Polygon", "coordinates": [[[11.49513, 8.72271], [11.4902, 8.7343], [11.48653, 8.73932], [11.47766, 8.74584], [11.47391, 8.7526], [11.46999, 8.7628], [11.46404, 8.77984], [11.44277, 8.80914], [11.46318, 8.81812], [11.47374, 8.8236], [11.4809, 8.83385], [11.48151, 8.84123], [11.47955, 8.84633], [11.47589, 8.85135], [11.47222, 8.85638], [11.45497, 8.86441], [11.44876, 8.8681], [11.42836, 8.88971], [11.42558, 8.88863], [11.42281, 8.89091], [11.42309, 8.89227], [11.41218, 8.89694], [11.40565, 8.90334], [11.4033, 8.90421], [11.40066, 8.90514], [11.3957, 8.91381], [11.39412, 8.91442], [11.39401, 8.91707], [11.39285, 8.91817], [11.38964, 8.94998], [11.41607, 8.94293], [11.4151, 8.94128], [11.4148, 8.93733], [11.41948, 8.93952], [11.4257, 8.941], [11.4318, 8.9433], [11.43326, 8.94439], [11.4385, 8.94722], [11.43783, 8.94828], [11.43795, 8.94977], [11.43862, 8.95148], [11.44186, 8.95276], [11.45891, 8.95351], [11.46268, 8.94291], [11.46973, 8.94463], [11.47873, 8.9401], [11.48244, 8.92701], [11.47964, 8.92445], [11.47643, 8.92], [11.47428, 8.91886], [11.47225, 8.91833], [11.47179, 8.91394], [11.47518, 8.90934], [11.48355, 8.90087], [11.4938, 8.89357], [11.50592, 8.89383], [11.50714, 8.89294], [11.50682, 8.89127], [11.50667, 8.88954], [11.51256, 8.89016], [11.51497, 8.89293], [11.52048, 8.89351], [11.51838, 8.87978], [11.52186, 8.86858], [11.52082, 8.86088], [11.52349, 8.84614], [11.52015, 8.84133], [11.52474, 8.83933], [11.53182, 8.83807], [11.53757, 8.83502], [11.54505, 8.83033], [11.54469, 8.82975], [11.54189, 8.81154], [11.54406, 8.79729], [11.54652, 8.79392], [11.54562, 8.78662], [11.53948, 8.77859], [11.53735, 8.77424], [11.53984, 8.77238], [11.54752, 8.76638], [11.5435, 8.7638], [11.53832, 8.75856], [11.5282, 8.75293], [11.51679, 8.74648], [11.5088, 8.74278], [11.50754, 8.73825], [11.49668, 8.7312], [11.49513, 8.72271]]]}, "properties": {"name": "Gongong", "lga": "Yorro", "state": "ta"}}, {"type": "Feature", "geometry": {"type": "Polygon", "coordinates": [[[11.71941, 8.63066], [11.7247, 8.62893], [11.73162, 8.62751], [11.74041, 8.62272], [11.74909, 8.62022], [11.75761, 8.61721], [11.75971, 8.60747], [11.76676, 8.59691], [11.79, 8.57277], [11.79267, 8.56448], [11.79324, 8.56035], [11.79414, 8.55393], [11.79455, 8.54623], [11.79065, 8.53137], [11.78598, 8.52223], [11.78016, 8.51423], [11.76622, 8.50397], [11.73877, 8.47905], [11.73012, 8.49364], [11.69061, 8.55507], [11.70506, 8.61571], [11.71941, 8.63066]]]}, "properties": {"name": "Gang Tiba", "lga": "Bali", "state": "ta"}}, {"type": "Feature", "geometry": {"type": "Polygon", "coordinates": [[[11.67022, 8.45177], [11.59682, 8.51413], [11.5843, 8.52476], [11.42364, 8.51562], [11.35511, 8.5377], [11.27897, 8.58567], [11.27641, 8.588], [11.27528, 8.59264], [11.25736, 8.60597], [11.25769, 8.62404], [11.25591, 8.63459], [11.26424, 8.64565], [11.26833, 8.66612], [11.27874, 8.6914], [11.3064, 8.70776], [11.32512, 8.71321], [11.34447, 8.71877], [11.37292, 8.70988], [11.38332, 8.7031], [11.38573, 8.69375], [11.38996, 8.69131], [11.39532, 8.69375], [11.39494, 8.68234], [11.40313, 8.67251], [11.40846, 8.66585], [11.41758, 8.66574], [11.42084, 8.67422], [11.42579, 8.67689], [11.43321, 8.6767], [11.44673, 8.66661], [11.46844, 8.652], [11.47854, 8.65592], [11.4888, 8.65638], [11.49717, 8.66022], [11.50734, 8.66241], [11.51751, 8.66459], [11.5311, 8.66693], [11.53793, 8.66724], [11.54297, 8.6692], [11.5686, 8.67035], [11.57698, 8.67419], [11.60765, 8.6773], [11.61799, 8.67603], [11.62662, 8.67469], [11.63695, 8.67343], [11.64566, 8.67036], [11.67537, 8.65785], [11.68595, 8.65141], [11.69824, 8.64504], [11.7072, 8.63679], [11.71078, 8.63349], [11.71941, 8.63066], [11.70506, 8.61571], [11.69061, 8.55507], [11.73012, 8.49364], [11.73877, 8.47905], [11.736, 8.47658], [11.73019, 8.47087], [11.72439, 8.46859], [11.71627, 8.46518], [11.70905, 8.4653], [11.69945, 8.46885], [11.69017, 8.46461], [11.6795, 8.46258], [11.67022, 8.45177]]]}, "properties": {"name": "Gang Lari", "lga": "Bali", "state": "ta"}}, {"type": "Feature", "geometry": {"type": "Polygon", "coordinates": [[[11.2642, 9.05641], [11.25616, 9.05485], [11.24808, 9.05546], [11.24428, 9.05057], [11.23745, 9.05026], [11.2358, 9.04515], [11.23476, 9.04065], [11.23045, 9.03919], [11.23018, 9.03606], [11.23119, 9.03242], [11.22726, 9.03039], [11.22518, 9.02658], [11.22574, 9.02437], [11.21835, 9.01558], [11.20266, 9.01721], [11.1592, 9.03083], [11.12607, 9.04318], [11.12053, 9.05158], [11.11516, 9.05653], [11.11158, 9.05983], [11.1062, 9.06478], [11.08062, 9.09823], [11.07354, 9.1031], [11.06996, 9.1064], [11.06629, 9.11142], [11.06246, 9.1199], [11.06059, 9.12328], [11.06392, 9.12516], [11.07238, 9.12727], [11.08239, 9.13291], [11.13036, 9.16794], [11.15395, 9.17592], [11.1604, 9.1781], [11.16575, 9.17991], [11.20822, 9.18701], [11.2183, 9.19093], [11.22986, 9.19501], [11.22887, 9.19051], [11.22826, 9.18755], [11.22864, 9.18669], [11.23092, 9.18539], [11.23535, 9.18021], [11.24607, 9.16423], [11.24667, 9.16113], [11.24712, 9.1579], [11.24957, 9.15129], [11.25803, 9.13763], [11.26113, 9.13777], [11.26386, 9.13863], [11.27265, 9.13522], [11.27365, 9.13546], [11.27549, 9.13615], [11.27844, 9.13644], [11.2793, 9.13373], [11.29181, 9.13714], [11.29446, 9.13051], [11.29888, 9.12607], [11.30079, 9.12539], [11.30216, 9.12259], [11.30265, 9.12128], [11.30393, 9.11786], [11.30733, 9.11528], [11.30837, 9.10498], [11.30474, 9.1005], [11.30418, 9.09959], [11.30587, 9.09469], [11.30581, 9.09417], [11.30486, 9.09386], [11.30524, 9.09138], [11.30513, 9.08773], [11.30318, 9.08424], [11.30656, 9.08054], [11.30954, 9.07804], [11.31038, 9.07699], [11.31095, 9.07328], [11.30582, 9.07078], [11.30144, 9.07062], [11.2979, 9.06869], [11.29336, 9.06829], [11.28579, 9.0668], [11.27578, 9.06779], [11.2642, 9.05641]]]}, "properties": {"name": "Yitti", "lga": "Lau", "state": "ta"}}, {"type": "Feature", "geometry": {"type": "MultiPolygon", "coordinates": [[[[11.30513, 9.08773], [11.30524, 9.09138], [11.30669, 9.09221], [11.30939, 9.09283], [11.3204, 9.09141], [11.32502, 9.08879], [11.32597, 9.09238], [11.32687, 9.09285], [11.32731, 9.09648], [11.33764, 9.10989], [11.34137, 9.10221], [11.3438, 9.10339], [11.34806, 9.10495], [11.35293, 9.10568], [11.35594, 9.10613], [11.3612, 9.1064], [11.36983, 9.1108], [11.3747, 9.10929], [11.38479, 9.10767], [11.38483, 9.10475], [11.38401, 9.10269], [11.38417, 9.10073], [11.38532, 9.09914], [11.38603, 9.0976], [11.38676, 9.09604], [11.38642, 9.09323], [11.38681, 9.09062], [11.38461, 9.08641], [11.39298, 9.07379], [11.39541, 9.07244], [11.39754, 9.07228], [11.39848, 9.07147], [11.39853, 9.06893], [11.40039, 9.06776], [11.40213, 9.06579], [11.40387, 9.06328], [11.39587, 9.05878], [11.38929, 9.05329], [11.3827, 9.0478], [11.37124, 9.03691], [11.36798, 9.0333], [11.3649, 9.02624], [11.36019, 9.01738], [11.35702, 9.01204], [11.35222, 9.00491], [11.35076, 8.99965], [11.34751, 8.99605], [11.34076, 8.99401], [11.33571, 8.99206], [11.32984, 8.99549], [11.32299, 8.99892], [11.31842, 9.0191], [11.299, 9.03242], [11.27146, 9.0477], [11.2642, 9.05641], [11.27578, 9.06779], [11.28579, 9.0668], [11.29336, 9.06829], [11.2979, 9.06869], [11.30144, 9.07062], [11.30582, 9.07078], [11.31095, 9.07328], [11.31038, 9.07699], [11.30954, 9.07804], [11.30656, 9.08054], [11.30318, 9.08424], [11.30513, 9.08773]]], [[[11.3057, 9.27302], [11.3148, 9.25838], [11.324, 9.24617], [11.35112, 9.22269], [11.35941, 9.21352], [11.3569, 9.20414], [11.34848, 9.1957], [11.34047, 9.18779], [11.34097, 9.18583], [11.33579, 9.18144], [11.33374, 9.17835], [11.32969, 9.17841], [11.31932, 9.17772], [11.31804, 9.18087], [11.31601, 9.17952], [11.31394, 9.17841], [11.31312, 9.1799], [11.31283, 9.18056], [11.30924, 9.17973], [11.30493, 9.17757], [11.29862, 9.17397], [11.29519, 9.17401], [11.29235, 9.16937], [11.28705, 9.16818], [11.28643, 9.16692], [11.28928, 9.16129], [11.28932, 9.15581], [11.29297, 9.15253], [11.27587, 9.14856], [11.27162, 9.1482], [11.26737, 9.14816], [11.26203, 9.14556], [11.2549, 9.14234], [11.25275, 9.14584], [11.24957, 9.15129], [11.24712, 9.1579], [11.24667, 9.16113], [11.24607, 9.16423], [11.23535, 9.18021], [11.23092, 9.18539], [11.22864, 9.18669], [11.22826, 9.18755], [11.22887, 9.19051], [11.22986, 9.19501], [11.23514, 9.19687], [11.25019, 9.20447], [11.26019, 9.21011], [11.26986, 9.22266], [11.27791, 9.2334], [11.28441, 9.24061], [11.29075, 9.25128], [11.30034, 9.26555], [11.3057, 9.27302]]]]}, "properties": {"name": "Lau", "lga": "Lau", "state": "ta"}}, {"type": "Feature", "geometry": {"type": "Polygon", "coordinates": [[[9.55363, 8.30411], [9.55316, 8.29268], [9.56126, 8.2778], [9.5599, 8.25842], [9.563, 8.25234], [9.56088, 8.23056], [9.55725, 8.21722], [9.5633, 8.20615], [9.57716, 8.19902], [9.59498, 8.20039], [9.60753, 8.18582], [9.6191, 8.17328], [9.66544, 8.15165], [9.66866, 8.12269], [9.67304, 8.12002], [9.66857, 8.11612], [9.67193, 8.11015], [9.66787, 8.09974], [9.64932, 8.10431], [9.63311, 8.10639], [9.60604, 8.10552], [9.56337, 8.10155], [9.53706, 8.09245], [9.52391, 8.07727], [9.49153, 8.07019], [9.4713, 8.05906], [9.43487, 8.03983], [9.39844, 8.02526], [9.38428, 8.0196], [9.35899, 7.99835], [9.33552, 7.98551], [9.33932, 7.99024], [9.34603, 8.00188], [9.35171, 8.00659], [9.35969, 8.0125], [9.36883, 8.01844], [9.37905, 8.02784], [9.38705, 8.0326], [9.39616, 8.03968], [9.40414, 8.04559], [9.41538, 8.06192], [9.41403, 8.0711], [9.40342, 8.0801], [9.39865, 8.08691], [9.39504, 8.09375], [9.39256, 8.10175], [9.39222, 8.11786], [9.39217, 8.12022], [9.39191, 8.13281], [9.38695, 8.14883], [9.39143, 8.15582], [9.40061, 8.15945], [9.40628, 8.16531], [9.41182, 8.17693], [9.40582, 8.18717], [9.39753, 8.19621], [9.39047, 8.20183], [9.38436, 8.20476], [9.38214, 8.20582], [9.37125, 8.21511], [9.34675, 8.22612], [9.34146, 8.22934], [9.33617, 8.23256], [9.32957, 8.23631], [9.3259, 8.24544], [9.32494, 8.24856], [9.32342, 8.25345], [9.32552, 8.26385], [9.33003, 8.26969], [9.33569, 8.27556], [9.34247, 8.28374], [9.34686, 8.29534], [9.35018, 8.30231], [9.35455, 8.31505], [9.35662, 8.3266], [9.35995, 8.33357], [9.36328, 8.34054], [9.36783, 8.34408], [9.37697, 8.35001], [9.38275, 8.35012], [9.38972, 8.34911], [9.40141, 8.34358], [9.40844, 8.33912], [9.42016, 8.33244], [9.48321, 8.30606], [9.49251, 8.30394], [9.4983, 8.30405], [9.50406, 8.30532], [9.5122, 8.30317], [9.51801, 8.30214], [9.52493, 8.30342], [9.53534, 8.30363], [9.54344, 8.30379], [9.54689, 8.305], [9.55363, 8.30411]]]}, "properties": {"name": "Sarkin Kudu 3", "lga": "Ibi", "state": "ta"}}, {"type": "Feature", "geometry": {"type": "Polygon", "coordinates": [[[9.83234, 8.41014], [9.85603, 8.4255], [9.86278, 8.42753], [9.86945, 8.43129], [9.87937, 8.43866], [9.88139, 8.44026], [9.88937, 8.4466], [9.89091, 8.44783], [9.92026, 8.47856], [9.92685, 8.48404], [9.95011, 8.49893], [9.95336, 8.50254], [9.95824, 8.50795], [9.96311, 8.51336], [9.99776, 8.54087], [10.00418, 8.54981], [10.02548, 8.5698], [10.03207, 8.57528], [10.04361, 8.58445], [10.05183, 8.59174], [10.05184, 8.59177], [10.06141, 8.60601], [10.06621, 8.61315], [10.07109, 8.61856], [10.07597, 8.62397], [10.07826, 8.62651], [10.101, 8.60063], [10.11168, 8.55503], [10.1119, 8.55094], [10.11349, 8.53799], [10.12984, 8.52033], [10.11897, 8.49351], [10.11489, 8.49077], [10.1083, 8.48529], [10.08733, 8.45839], [10.08416, 8.45306], [10.08441, 8.44788], [10.08116, 8.44427], [10.06735, 8.41078], [10.06418, 8.40545], [10.05769, 8.3928], [10.04655, 8.38043], [10.04329, 8.37683], [10.03833, 8.37314], [10.03354, 8.36601], [10.02557, 8.35354], [10.0207, 8.34813], [10.01745, 8.34452], [10.01265, 8.33739], [10.00606, 8.3319], [9.99948, 8.32641], [9.99289, 8.32092], [9.98972, 8.31559], [9.98476, 8.31191], [9.98157, 8.30592], [9.97986, 8.30592], [9.9777, 8.30516], [9.97651, 8.30465], [9.97441, 8.30287], [9.97176, 8.29961], [9.97173, 8.29827], [9.97327, 8.29609], [9.9704, 8.29497], [9.94631, 8.2856], [9.92688, 8.29168], [9.915, 8.2979], [9.89362, 8.31536], [9.87277, 8.31983], [9.85741, 8.34234], [9.85033, 8.37014], [9.83681, 8.39225], [9.83234, 8.41014]]]}, "properties": {"name": "Dampar 3", "lga": "Ibi", "state": "ta"}}, {"type": "Feature", "geometry": {"type": "Polygon", "coordinates": [[[10.38375, 8.68354], [10.34226, 8.6756], [10.33874, 8.67904], [10.33011, 8.68038], [10.31994, 8.6782], [10.30969, 8.67774], [10.29789, 8.67375], [10.28952, 8.66991], [10.28122, 8.66434], [10.27447, 8.66231], [10.2678, 8.65855], [10.26121, 8.65307], [10.25471, 8.64585], [10.25303, 8.64399], [10.25113, 8.64131], [10.24975, 8.63275], [10.25032, 8.62942], [10.24342, 8.61572], [10.23855, 8.61089], [10.23457, 8.60169], [10.2314, 8.59636], [10.20684, 8.57276], [10.19692, 8.5654], [10.18863, 8.55983], [10.18221, 8.5509], [10.17733, 8.54548], [10.16921, 8.53799], [10.15327, 8.54976], [10.14165, 8.5458], [10.12967, 8.54607], [10.12125, 8.55062], [10.11168, 8.55503], [10.101, 8.60063], [10.07826, 8.62651], [10.0785, 8.62678], [10.08084, 8.62938], [10.08572, 8.63479], [10.08718, 8.64005], [10.09718, 8.64569], [10.11645, 8.6725], [10.12303, 8.67799], [10.12799, 8.68167], [10.17043, 8.72511], [10.17469, 8.72751], [10.1771, 8.72887], [10.18035, 8.73247], [10.18815, 8.74839], [10.19474, 8.75388], [10.2062, 8.76478], [10.20945, 8.76838], [10.21433, 8.77379], [10.22408, 8.78461], [10.22905, 8.7883], [10.23571, 8.79206], [10.23628, 8.79277], [10.2456, 8.80441], [10.26363, 8.7812], [10.26892, 8.77798], [10.27421, 8.77476], [10.27625, 8.76793], [10.28155, 8.76471], [10.29009, 8.76509], [10.2953, 8.76359], [10.30417, 8.75707], [10.3045, 8.75017], [10.30817, 8.74514], [10.31346, 8.74192], [10.322, 8.7423], [10.32884, 8.74261], [10.33388, 8.74457], [10.34934, 8.74353], [10.35463, 8.74031], [10.36009, 8.73364], [10.36547, 8.72869], [10.36905, 8.72539], [10.37613, 8.72052], [10.37988, 8.71377], [10.382, 8.70521], [10.38762, 8.69508], [10.38375, 8.68354]]]}, "properties": {"name": "Dampar 2", "lga": "Ibi", "state": "ta"}}, {"type": "Feature", "geometry": {"type": "Polygon", "coordinates": [[[9.65275, 8.3842], [9.65477, 8.38235], [9.66438, 8.38278], [9.66831, 8.38103], [9.67994, 8.37961], [9.68388, 8.37786], [9.69358, 8.37636], [9.69559, 8.37451], [9.70328, 8.37486], [9.70713, 8.37503], [9.71106, 8.37327], [9.72818, 8.37105], [9.7279, 8.37018], [9.71712, 8.36334], [9.70597, 8.34424], [9.70343, 8.335], [9.7041, 8.31956], [9.70694, 8.30484], [9.71846, 8.2939], [9.73057, 8.29683], [9.73426, 8.29393], [9.73687, 8.29055], [9.73427, 8.28577], [9.73385, 8.28406], [9.73907, 8.28299], [9.73517, 8.27744], [9.73208, 8.27774], [9.73144, 8.27378], [9.73461, 8.26545], [9.73386, 8.26248], [9.73582, 8.25927], [9.73367, 8.25699], [9.7316, 8.2495], [9.72727, 8.24957], [9.72258, 8.23867], [9.71166, 8.23369], [9.70535, 8.23029], [9.70581, 8.22351], [9.70744, 8.21318], [9.66544, 8.15165], [9.6191, 8.17328], [9.60753, 8.18582], [9.59498, 8.20039], [9.57716, 8.19902], [9.5633, 8.20615], [9.55725, 8.21722], [9.56088, 8.23056], [9.563, 8.25234], [9.5599, 8.25842], [9.56126, 8.2778], [9.55316, 8.29268], [9.55363, 8.30411], [9.5922, 8.29668], [9.60037, 8.29339], [9.60967, 8.29127], [9.61539, 8.29484], [9.61753, 8.30293], [9.61375, 8.31782], [9.61233, 8.33045], [9.61211, 8.3408], [9.61192, 8.35], [9.61402, 8.3604], [9.61684, 8.37185], [9.61726, 8.37103], [9.62106, 8.36891], [9.6251, 8.36691], [9.62629, 8.36985], [9.6232, 8.37503], [9.62111, 8.3814], [9.62046, 8.38337], [9.62246, 8.38316], [9.63449, 8.38185], [9.64613, 8.38102], [9.65275, 8.3842]]]}, "properties": {"name": "Sarkin Kudu 2", "lga": "Ibi", "state": "ta"}}, {"type": "Feature", "geometry": {"type": "Polygon", "coordinates": [[[9.85132, 8.14729], [9.8476, 8.14658], [9.84097, 8.14484], [9.83947, 8.14148], [9.82993, 8.13796], [9.82533, 8.14019], [9.81612, 8.14543], [9.81615, 8.15231], [9.81339, 8.15637], [9.80956, 8.15726], [9.80114, 8.15396], [9.79379, 8.15434], [9.7906, 8.15595], [9.77682, 8.17117], [9.77375, 8.17544], [9.76921, 8.18117], [9.76743, 8.18393], [9.76688, 8.18417], [9.76208, 8.18317], [9.75896, 8.18275], [9.75116, 8.18385], [9.75497, 8.1964], [9.74978, 8.22085], [9.75089, 8.24055], [9.7666, 8.25713], [9.77228, 8.25916], [9.77278, 8.26713], [9.77853, 8.26926], [9.78832, 8.26867], [9.80296, 8.28243], [9.81465, 8.2887], [9.8152, 8.28899], [9.83463, 8.2994], [9.83944, 8.30907], [9.86302, 8.31342], [9.87277, 8.31983], [9.89362, 8.31536], [9.915, 8.2979], [9.92688, 8.29168], [9.94631, 8.2856], [9.93874, 8.28266], [9.89928, 8.25635], [9.88511, 8.23106], [9.86791, 8.18047], [9.85132, 8.14729]]]}, "properties": {"name": "Nwonyo 2", "lga": "Ibi", "state": "ta"}}, {"type": "Feature", "geometry": {"type": "Polygon", "coordinates": [[[9.85132, 8.14729], [9.83554, 8.11572], [9.80417, 8.09143], [9.79428, 8.08909], [9.78615, 8.08718], [9.76572, 8.08233], [9.75686, 8.08255], [9.72525, 8.08334], [9.71252, 8.08917], [9.69186, 8.09346], [9.66787, 8.09974], [9.67193, 8.11015], [9.66857, 8.11612], [9.67304, 8.12002], [9.68264, 8.12452], [9.68793, 8.12727], [9.69307, 8.1242], [9.69718, 8.12748], [9.70074, 8.13889], [9.70626, 8.14215], [9.71125, 8.13986], [9.71582, 8.1442], [9.71838, 8.14828], [9.72643, 8.15049], [9.73996, 8.16254], [9.7458, 8.16578], [9.74758, 8.16672], [9.74949, 8.16674], [9.74989, 8.16527], [9.75095, 8.16579], [9.75236, 8.16681], [9.75232, 8.16791], [9.75355, 8.16815], [9.75581, 8.16749], [9.7579, 8.16874], [9.76082, 8.17052], [9.76376, 8.1713], [9.76658, 8.17236], [9.76916, 8.1726], [9.77093, 8.17669], [9.77375, 8.17544], [9.77682, 8.17117], [9.77969, 8.16834], [9.78175, 8.16602], [9.77261, 8.13267], [9.78119, 8.12916], [9.78999, 8.12987], [9.79231, 8.12477], [9.79719, 8.12435], [9.80259, 8.11799], [9.81295, 8.11544], [9.8167, 8.11845], [9.81902, 8.12446], [9.81727, 8.13176], [9.82533, 8.14019], [9.82993, 8.13796], [9.83947, 8.14148], [9.84097, 8.14484], [9.8476, 8.14658], [9.85132, 8.14729]]]}, "properties": {"name": "Rimi Uku 2", "lga": "Ibi", "state": "ta"}}, {"type": "Feature", "geometry": {"type": "Polygon", "coordinates": [[[10.11897, 8.49351], [10.12984, 8.52033], [10.11349, 8.53799], [10.1119, 8.55094], [10.11168, 8.55503], [10.12125, 8.55062], [10.12967, 8.54607], [10.14165, 8.5458], [10.15327, 8.54976], [10.16921, 8.53799], [10.13969, 8.50919], [10.13139, 8.50363], [10.12318, 8.49634], [10.11897, 8.49351]]]}, "properties": {"name": "Dampar 1", "lga": "Ibi", "state": "ta"}}, {"type": "Feature", "geometry": {"type": "MultiPolygon", "coordinates": [[[[9.80259, 8.11799], [9.79719, 8.12435], [9.79231, 8.12477], [9.78999, 8.12987], [9.78119, 8.12916], [9.77261, 8.13267], [9.78175, 8.16602], [9.78319, 8.16505], [9.7906, 8.15595], [9.79379, 8.15434], [9.80114, 8.15396], [9.80956, 8.15726], [9.81339, 8.15637], [9.81615, 8.15231], [9.81612, 8.14543], [9.82533, 8.14019], [9.81727, 8.13176], [9.81902, 8.12446], [9.8167, 8.11845], [9.81295, 8.11544], [9.80259, 8.11799]]], [[[9.74582, 8.18237], [9.74498, 8.18555], [9.74711, 8.1858], [9.75568, 8.18293], [9.76688, 8.18417], [9.76743, 8.18393], [9.76921, 8.18117], [9.77375, 8.17544], [9.77093, 8.17669], [9.76916, 8.1726], [9.76658, 8.17236], [9.76376, 8.1713], [9.76082, 8.17052], [9.7579, 8.16874], [9.75581, 8.16749], [9.75355, 8.16815], [9.75232, 8.16791], [9.75236, 8.16681], [9.75095, 8.16579], [9.74989, 8.16527], [9.74949, 8.16674], [9.74758, 8.16672], [9.7458, 8.16578], [9.73996, 8.16254], [9.72643, 8.15049], [9.71838, 8.14828], [9.71582, 8.1442], [9.71125, 8.13986], [9.70626, 8.14215], [9.70074, 8.13889], [9.69718, 8.12748], [9.69307, 8.1242], [9.68793, 8.12727], [9.68264, 8.12452], [9.67304, 8.12002], [9.66866, 8.12269], [9.67316, 8.12794], [9.67359, 8.13443], [9.67472, 8.1428], [9.68102, 8.14584], [9.68761, 8.14948], [9.69099, 8.15427], [9.70496, 8.15755], [9.70992, 8.16231], [9.71633, 8.16507], [9.7197, 8.16961], [9.72785, 8.1771], [9.72877, 8.17656], [9.72983, 8.17576], [9.73148, 8.17305], [9.73365, 8.1746], [9.73614, 8.17619], [9.73943, 8.17831], [9.74035, 8.17678], [9.74083, 8.17584], [9.74576, 8.1772], [9.74547, 8.17785], [9.74539, 8.17876], [9.74721, 8.17915], [9.74711, 8.1795], [9.74582, 8.18237]]]]}, "properties": {"name": "Rimi Uku 1", "lga": "Ibi", "state": "ta"}}, {"type": "Feature", "geometry": {"type": "Polygon", "coordinates": [[[9.66866, 8.12269], [9.66544, 8.15165], [9.70744, 8.21318], [9.70581, 8.22351], [9.70535, 8.23029], [9.71166, 8.23369], [9.72258, 8.23867], [9.72727, 8.24957], [9.7316, 8.2495], [9.73367, 8.25699], [9.73582, 8.25927], [9.73386, 8.26248], [9.73461, 8.26545], [9.73144, 8.27378], [9.73208, 8.27774], [9.73517, 8.27744], [9.73907, 8.28299], [9.73385, 8.28406], [9.73427, 8.28577], [9.73687, 8.29055], [9.73426, 8.29393], [9.75055, 8.29532], [9.75089, 8.24055], [9.74978, 8.22085], [9.75497, 8.1964], [9.75116, 8.18385], [9.74711, 8.1858], [9.74498, 8.18555], [9.74721, 8.17915], [9.74268, 8.17604], [9.74249, 8.17659], [9.74163, 8.17625], [9.74083, 8.17584], [9.74035, 8.17678], [9.73943, 8.17831], [9.73614, 8.17619], [9.73365, 8.1746], [9.73148, 8.17305], [9.72983, 8.17576], [9.72877, 8.17656], [9.72785, 8.1771], [9.7197, 8.16961], [9.71633, 8.16507], [9.70992, 8.16231], [9.70496, 8.15755], [9.69099, 8.15427], [9.68761, 8.14948], [9.68102, 8.14584], [9.67472, 8.1428], [9.67359, 8.13443], [9.67316, 8.12794], [9.66866, 8.12269]]]}, "properties": {"name": "Nwonyo 1", "lga": "Ibi", "state": "ta"}}, {"type": "Feature", "geometry": {"type": "Polygon", "coordinates": [[[9.87277, 8.31983], [9.86302, 8.31342], [9.83944, 8.30907], [9.83463, 8.2994], [9.8152, 8.28899], [9.81465, 8.2887], [9.80296, 8.28243], [9.78832, 8.26867], [9.77853, 8.26926], [9.77278, 8.26713], [9.77228, 8.25916], [9.7666, 8.25713], [9.75089, 8.24055], [9.75055, 8.29532], [9.73426, 8.29393], [9.73057, 8.29683], [9.71846, 8.2939], [9.70694, 8.30484], [9.7041, 8.31956], [9.70343, 8.335], [9.70597, 8.34424], [9.71712, 8.36334], [9.7279, 8.37018], [9.72818, 8.37105], [9.73346, 8.37036], [9.75665, 8.36734], [9.76132, 8.36971], [9.76499, 8.37373], [9.77443, 8.37801], [9.78014, 8.38155], [9.78416, 8.38242], [9.79697, 8.3906], [9.80233, 8.39132], [9.80942, 8.39745], [9.81609, 8.40121], [9.82145, 8.40279], [9.82424, 8.4051], [9.83227, 8.4101], [9.83234, 8.41014], [9.83681, 8.39225], [9.85033, 8.37014], [9.85741, 8.34234], [9.87277, 8.31983]]]}, "properties": {"name": "Sarkin Kudu 1", "lga": "Ibi", "state": "ta"}}, {"type": "Feature", "geometry": {"type": "Polygon", "coordinates": [[[11.08455, 6.5415], [11.08102, 6.54577], [11.07203, 6.55821], [11.06663, 6.57261], [11.06232, 6.59639], [11.05972, 6.64255], [11.06433, 6.66308], [11.07821, 6.67939], [11.08222, 6.69778], [11.07833, 6.7075], [11.07583, 6.71167], [11.07111, 6.71917], [11.06679, 6.72454], [11.0736, 6.72971], [11.08559, 6.72362], [11.09302, 6.72781], [11.09587, 6.72324], [11.0974, 6.71239], [11.10482, 6.71468], [11.10768, 6.72324], [11.11339, 6.72762], [11.13128, 6.7537], [11.13164, 6.75353], [11.13547, 6.75179], [11.13737, 6.74666], [11.1507, 6.73352], [11.15736, 6.7261], [11.15622, 6.71753], [11.15431, 6.68936], [11.16059, 6.68441], [11.16516, 6.68517], [11.16515, 6.68495], [11.16421, 6.67375], [11.15726, 6.65354], [11.15191, 6.62499], [11.13264, 6.61607], [11.1155, 6.60036], [11.09659, 6.55932], [11.08455, 6.5415]]]}, "properties": {"name": "Ndum-Yaji", "lga": "Sardauna", "state": "ta"}}, {"type": "Feature", "geometry": {"type": "Polygon", "coordinates": [[[11.26831, 8.25597], [11.41842, 8.11689], [11.40795, 8.10662], [11.40098, 8.10091], [11.39053, 8.09293], [11.38355, 8.08608], [11.38006, 8.08265], [11.37657, 8.07808], [11.37191, 8.07123], [11.36262, 8.06439], [11.35795, 8.05524], [11.35445, 8.05068], [11.35212, 8.04725], [11.34979, 8.04382], [11.34631, 8.04154], [11.34686, 8.03582], [11.35206, 8.03466], [11.35437, 8.03237], [11.35434, 8.02665], [11.35429, 8.02667], [11.35087, 8.0278], [11.34741, 8.0301], [11.34738, 8.03008], [11.34736, 8.0301], [11.34272, 8.02782], [11.34154, 8.0221], [11.34152, 8.01867], [11.332, 8.02146], [11.31399, 8.02403], [11.30697, 8.02017], [11.30349, 8.01882], [11.29688, 8.01626], [11.28492, 8.01572], [11.2798, 8.01549], [10.73395, 8.25737], [10.74216, 8.26466], [10.75209, 8.27203], [10.7638, 8.27775], [10.77201, 8.28504], [10.77526, 8.28864], [10.77729, 8.29148], [10.78168, 8.29758], [10.78639, 8.30645], [10.79615, 8.31727], [10.81274, 8.32839], [10.81933, 8.33388], [10.82933, 8.33952], [10.84275, 8.34531], [10.84771, 8.349], [10.85259, 8.35441], [10.86251, 8.36177], [10.86901, 8.36899], [10.87552, 8.3762], [10.97135, 8.31079], [11.08328, 8.30623], [11.20435, 8.25673], [11.26831, 8.25597]]]}, "properties": {"name": "Kussum / Badakoshi", "lga": "Bali", "state": "ta"}}, {"type": "Feature", "geometry": {"type": "Polygon", "coordinates": [[[10.842, 6.95825], [10.82498, 6.95766], [10.80777, 6.95877], [10.79837, 6.96263], [10.79502, 6.96172], [10.78853, 6.98658], [10.79162, 6.99538], [10.80328, 7.00728], [10.81484, 7.01577], [10.81756, 7.01573], [10.85528, 7.02489], [10.86218, 7.02465], [10.87538, 7.02215], [10.88209, 7.02401], [10.88798, 7.02609], [10.895, 7.02907], [10.89881, 7.02728], [10.90523, 7.028], [10.90761, 7.03097], [10.91094, 7.03097], [10.91249, 7.03371], [10.91499, 7.03513], [10.91772, 7.0343], [10.91951, 7.03632], [10.92058, 7.03954], [10.92534, 7.0437], [10.93188, 7.04394], [10.93699, 7.04292], [10.93608, 7.04155], [10.92974, 7.03089], [10.92161, 7.02187], [10.91665, 7.01819], [10.90844, 7.0109], [10.89852, 7.00353], [10.89185, 6.99977], [10.88266, 6.99295], [10.84986, 6.96859], [10.84431, 6.96027], [10.842, 6.95825]]]}, "properties": {"name": "Akwento Boko", "lga": "Kurmi", "state": "ta"}}, {"type": "Feature", "geometry": {"type": "Polygon", "coordinates": [[[10.60132, 7.29399], [10.60041, 7.29474], [10.58654, 7.28449], [10.56196, 7.26414], [10.56122, 7.25924], [10.56108, 7.25929], [10.51773, 7.23198], [10.51535, 7.22513], [10.50673, 7.22632], [10.49602, 7.2287], [10.48918, 7.22305], [10.46925, 7.23703], [10.44694, 7.24387], [10.43713, 7.2519], [10.42583, 7.25815], [10.41958, 7.25012], [10.40327, 7.25777], [10.40446, 7.25974], [10.40745, 7.26473], [10.40825, 7.27825], [10.42018, 7.31802], [10.439, 7.33755], [10.44725, 7.3403], [10.46153, 7.34506], [10.47106, 7.34763], [10.48107, 7.35327], [10.48594, 7.35868], [10.49066, 7.36754], [10.49708, 7.37648], [10.50358, 7.38369], [10.51342, 7.39278], [10.52171, 7.39835], [10.52667, 7.40203], [10.53318, 7.40924], [10.53968, 7.41646], [10.54602, 7.42712], [10.55081, 7.43426], [10.55732, 7.44147], [10.56211, 7.44861], [10.60684, 7.48003], [10.61334, 7.48724], [10.62147, 7.49626], [10.62968, 7.50355], [10.63127, 7.50496], [10.64319, 7.40603], [10.62891, 7.3394], [10.60084, 7.30323], [10.60132, 7.29399]]]}, "properties": {"name": "Didan", "lga": "Kurmi", "state": "ta"}}, {"type": "Feature", "geometry": {"type": "Polygon", "coordinates": [[[11.19269, 6.84407], [11.19094, 6.84713], [11.17646, 6.8521], [11.17058, 6.86763], [11.17088, 6.89083], [11.17107, 6.90573], [11.21093, 6.96753], [11.21911, 7.00122], [11.21769, 7.00788], [11.22026, 7.02292], [11.23263, 7.04215], [11.26716, 7.07031], [11.26869, 7.06863], [11.27244, 7.06187], [11.27602, 7.05857], [11.28489, 7.05205], [11.28854, 7.02237], [11.30425, 7.01808], [11.32553, 7.02261], [11.33668, 7.02019], [11.3406, 7.01958], [11.33222, 6.97673], [11.34828, 6.92819], [11.3772, 6.89107], [11.39754, 6.87715], [11.44787, 6.89357], [11.48748, 6.89357], [11.52103, 6.88643], [11.58598, 6.88972], [11.57972, 6.87944], [11.55639, 6.83333], [11.55472, 6.82111], [11.56083, 6.81333], [11.56327, 6.81171], [11.53995, 6.78727], [11.52924, 6.75265], [11.52175, 6.73909], [11.49748, 6.72981], [11.46, 6.73445], [11.42038, 6.73374], [11.40837, 6.74552], [11.36863, 6.76574], [11.33698, 6.77871], [11.32487, 6.78049], [11.31884, 6.78139], [11.29957, 6.7846], [11.28729, 6.78375], [11.27744, 6.78232], [11.2703, 6.78089], [11.25988, 6.77404], [11.23946, 6.7639], [11.23247, 6.76047], [11.22147, 6.76576], [11.21705, 6.77761], [11.21676, 6.79003], [11.22033, 6.80502], [11.21334, 6.8163], [11.19578, 6.83871], [11.19269, 6.84407]]]}, "properties": {"name": "Titong", "lga": "Sardauna", "state": "ta"}}, {"type": "Feature", "geometry": {"type": "Polygon", "coordinates": [[[10.08803, 7.26935], [10.12222, 7.2748], [10.13111, 7.27744], [10.14778, 7.26172], [10.15388, 7.25154], [10.15294, 7.23627], [10.1414, 7.23389], [10.1314, 7.22699], [10.13105, 7.22116], [10.14199, 7.21652], [10.1426, 7.21105], [10.14066, 7.2115], [10.13768, 7.20984], [10.13078, 7.21032], [10.1265, 7.21091], [10.12341, 7.2096], [10.11639, 7.21174], [10.11425, 7.20948], [10.11044, 7.2096], [10.10306, 7.21329], [10.09509, 7.21412], [10.08153, 7.21091], [10.07451, 7.20508], [10.07939, 7.2008], [10.08403, 7.19735], [10.0851, 7.19271], [10.08914, 7.18997], [10.09212, 7.19045], [10.09509, 7.18985], [10.09961, 7.18878], [10.10497, 7.19057], [10.10984, 7.19378], [10.11591, 7.19449], [10.12162, 7.1908], [10.12436, 7.18426], [10.12353, 7.17962], [10.10509, 7.17819], [10.10211, 7.17974], [10.09388, 7.17959], [10.08648, 7.17911], [10.07928, 7.18202], [10.0698, 7.18588], [10.06798, 7.18654], [10.06249, 7.18549], [10.05883, 7.18267], [10.05592, 7.18343], [10.05345, 7.18205], [10.05269, 7.1802], [10.05126, 7.17706], [10.04902, 7.17501], [10.04747, 7.17278], [10.04699, 7.17653], [10.04459, 7.18007], [10.04396, 7.18316], [10.04168, 7.18493], [10.04657, 7.19487], [10.04844, 7.19418], [10.04996, 7.19894], [10.05131, 7.20352], [10.05297, 7.20375], [10.05388, 7.20626], [10.05194, 7.20952], [10.05183, 7.21391], [10.04955, 7.21969], [10.04807, 7.22847], [10.05178, 7.23724], [10.05654, 7.23858], [10.05952, 7.2414], [10.06799, 7.23828], [10.07454, 7.23902], [10.07885, 7.24036], [10.08064, 7.24259], [10.08837, 7.24349], [10.09194, 7.24587], [10.09437, 7.25053], [10.08803, 7.26935]]]}, "properties": {"name": "Lissam 1", "lga": "Ussa", "state": "ta"}}, {"type": "Feature", "geometry": {"type": "Polygon", "coordinates": [[[10.1426, 7.21105], [10.14271, 7.2101], [10.1433, 7.20189], [10.14271, 7.1894], [10.13961, 7.18595], [10.13343, 7.1844], [10.1339, 7.18154], [10.13545, 7.17524], [10.13723, 7.16869], [10.14675, 7.16298], [10.15413, 7.15715], [10.15948, 7.15311], [10.15996, 7.15109], [10.15806, 7.13779], [10.17873, 7.1276], [10.17777, 7.10638], [10.14916, 7.11006], [10.14437, 7.09624], [10.14417, 7.08611], [10.1253, 7.0933], [10.11923, 7.10166], [10.12259, 7.10787], [10.11945, 7.11122], [10.11573, 7.11351], [10.10645, 7.11708], [10.10167, 7.12186], [10.09673, 7.12636], [10.09316, 7.13001], [10.09247, 7.13231], [10.09027, 7.13647], [10.0884, 7.13737], [10.08498, 7.14171], [10.08548, 7.14526], [10.0782, 7.14984], [10.07506, 7.14948], [10.07143, 7.15272], [10.06624, 7.15392], [10.05864, 7.15626], [10.05196, 7.16671], [10.04756, 7.17202], [10.04747, 7.17278], [10.04902, 7.17501], [10.05126, 7.17706], [10.05269, 7.1802], [10.05345, 7.18205], [10.05592, 7.18343], [10.05883, 7.18267], [10.06249, 7.18549], [10.06798, 7.18654], [10.0698, 7.18588], [10.07928, 7.18202], [10.08648, 7.17911], [10.09388, 7.17959], [10.10211, 7.17974], [10.10509, 7.17819], [10.12353, 7.17962], [10.12436, 7.18426], [10.12162, 7.1908], [10.11591, 7.19449], [10.10984, 7.19378], [10.10497, 7.19057], [10.09961, 7.18878], [10.09509, 7.18985], [10.09212, 7.19045], [10.08914, 7.18997], [10.0851, 7.19271], [10.08403, 7.19735], [10.07939, 7.2008], [10.07451, 7.20508], [10.08153, 7.21091], [10.09509, 7.21412], [10.10306, 7.21329], [10.11044, 7.2096], [10.11425, 7.20948], [10.11639, 7.21174], [10.12341, 7.2096], [10.1265, 7.21091], [10.13078, 7.21032], [10.13768, 7.20984], [10.14066, 7.2115], [10.1426, 7.21105]]]}, "properties": {"name": "Rufu", "lga": "Ussa", "state": "ta"}}, {"type": "Feature", "geometry": {"type": "Polygon", "coordinates": [[[10.2044, 7.36719], [10.21182, 7.36533], [10.2181, 7.36647], [10.22267, 7.36548], [10.22931, 7.36176], [10.23169, 7.34585], [10.24998, 7.31563], [10.25228, 7.31169], [10.25555, 7.30609], [10.26191, 7.29098], [10.26509, 7.28382], [10.26748, 7.27825], [10.2635, 7.26791], [10.24998, 7.26155], [10.23805, 7.24087], [10.23567, 7.22338], [10.23487, 7.20668], [10.21176, 7.23579], [10.18507, 7.24685], [10.18475, 7.2469], [10.18599, 7.254], [10.18688, 7.2603], [10.18593, 7.26251], [10.18004, 7.26834], [10.17814, 7.26875], [10.17469, 7.27101], [10.17242, 7.27161], [10.1704, 7.27405], [10.16874, 7.27583], [10.16868, 7.27875], [10.16844, 7.28047], [10.16719, 7.28148], [10.1663, 7.28315], [10.16701, 7.28398], [10.16826, 7.28398], [10.16963, 7.28547], [10.16868, 7.2875], [10.17139, 7.28886], [10.17047, 7.29128], [10.17296, 7.29278], [10.17211, 7.295], [10.17246, 7.29692], [10.17118, 7.29892], [10.17311, 7.30135], [10.17375, 7.30713], [10.17611, 7.30784], [10.17789, 7.30742], [10.1796, 7.31106], [10.18174, 7.31455], [10.18003, 7.32126], [10.17903, 7.32369], [10.18489, 7.3289], [10.18567, 7.33247], [10.1876, 7.33497], [10.18981, 7.33468], [10.1916, 7.33676], [10.19697, 7.34249], [10.20054, 7.35805], [10.2044, 7.36719]]]}, "properties": {"name": "Manya", "lga": "Takum", "state": "ta"}}, {"type": "Feature", "geometry": {"type": "Polygon", "coordinates": [[[11.19719, 7.31951], [11.13609, 7.26282], [11.12858, 7.26034], [11.12097, 7.25958], [11.1006, 7.26053], [11.09965, 7.271], [11.12837, 7.31664], [11.12429, 7.3303], [11.12225, 7.33712], [11.11509, 7.34372], [11.108, 7.34859], [11.10263, 7.35354], [11.09742, 7.35504], [11.09221, 7.35653], [11.0835, 7.3596], [11.07667, 7.3593], [11.06983, 7.35899], [11.06457, 7.35237], [11.05666, 7.34802], [11.04999, 7.34426], [11.04503, 7.34057], [11.03845, 7.33509], [11.03349, 7.3314], [11.03023, 7.3278], [11.02373, 7.32058], [11.01698, 7.31855], [11.01202, 7.31487], [11.00527, 7.31283], [10.9986, 7.30907], [10.99176, 7.30876], [10.98322, 7.30838], [10.97801, 7.30988], [10.97264, 7.31482], [10.96718, 7.3215], [10.96343, 7.32825], [10.9561, 7.3383], [10.95406, 7.34513], [10.95015, 7.35533], [10.94623, 7.36554], [10.9424, 7.37402], [10.93865, 7.38077], [10.93457, 7.39443], [10.92887, 7.40628], [10.9277, 7.41239], [11.05743, 7.44074], [11.11168, 7.49499], [11.14153, 7.55851], [11.19591, 7.48381], [11.21804, 7.43884], [11.27379, 7.40922], [11.28657, 7.40243], [11.19719, 7.31951]]]}, "properties": {"name": "Mayo Selbe", "lga": "Gashaka", "state": "ta"}}, {"type": "Feature", "geometry": {"type": "MultiPolygon", "coordinates": [[[[9.99578, 7.25456], [9.99742, 7.25471], [9.99909, 7.25635], [10.0018, 7.26021], [10.00535, 7.26167], [10.01099, 7.26445], [10.01341, 7.25953], [10.01613, 7.25375], [10.02863, 7.25594], [10.0263, 7.24971], [10.02373, 7.23648], [10.00815, 7.2259], [9.99706, 7.24139], [9.98968, 7.2388], [9.98489, 7.24118], [9.98244, 7.24296], [9.98193, 7.24804], [9.98644, 7.24853], [9.98658, 7.25395], [9.98712, 7.25362], [9.98827, 7.25297], [9.9891, 7.2547], [9.99002, 7.25432], [9.99084, 7.25401], [9.99097, 7.25378], [9.99578, 7.25456]]], [[[9.98271, 7.26547], [9.98712, 7.26126], [9.98556, 7.25624], [9.98486, 7.25644], [9.98434, 7.25657], [9.98349, 7.25671], [9.98247, 7.25999], [9.98338, 7.26098], [9.98062, 7.26289], [9.98045, 7.26463], [9.98271, 7.26547]]]]}, "properties": {"name": "Gahweton", "lga": "Takum", "state": "ta"}}, {"type": "Feature", "geometry": {"type": "Polygon", "coordinates": [[[10.02863, 7.25594], [10.01613, 7.25375], [10.01341, 7.25953], [10.01099, 7.26445], [10.00535, 7.26167], [10.0018, 7.26021], [9.99909, 7.25635], [9.99742, 7.25471], [9.99578, 7.25456], [9.99478, 7.25912], [9.99445, 7.26052], [9.99434, 7.261], [9.9916, 7.26047], [9.99149, 7.26093], [9.99101, 7.26083], [9.98996, 7.25979], [9.98845, 7.25807], [9.98802, 7.2589], [9.9866, 7.25749], [9.98616, 7.25795], [9.98588, 7.25808], [9.98712, 7.26126], [9.98268, 7.26543], [9.98271, 7.26547], [9.98459, 7.26844], [9.98953, 7.27129], [9.97944, 7.2764], [9.97933, 7.27655], [9.97192, 7.28687], [9.96807, 7.29556], [9.972, 7.30318], [9.97491, 7.30716], [9.97801, 7.30794], [9.98396, 7.30627], [9.99175, 7.30234], [10.00466, 7.30508], [10.00989, 7.3046], [10.01542, 7.30627], [10.02262, 7.308], [10.02613, 7.30734], [10.03264, 7.31664], [10.03912, 7.32676], [10.04721, 7.33532], [10.05554, 7.34377], [10.06208, 7.34862], [10.0685, 7.35255], [10.07421, 7.36111], [10.07516, 7.36813], [10.08333, 7.37231], [10.10324, 7.36116], [10.12419, 7.36267], [10.13429, 7.3687], [10.14304, 7.37277], [10.14696, 7.38], [10.15645, 7.38332], [10.16113, 7.3886], [10.17032, 7.38377], [10.17952, 7.39041], [10.18992, 7.39478], [10.19535, 7.39056], [10.2044, 7.36719], [10.20054, 7.35805], [10.19697, 7.34249], [10.1916, 7.33676], [10.18981, 7.33468], [10.1876, 7.33497], [10.18567, 7.33247], [10.18489, 7.3289], [10.17903, 7.32369], [10.18003, 7.32126], [10.18174, 7.31455], [10.1796, 7.31106], [10.17789, 7.30742], [10.17611, 7.30784], [10.17375, 7.30713], [10.17311, 7.30135], [10.17118, 7.29892], [10.17246, 7.29692], [10.17211, 7.295], [10.17296, 7.29278], [10.17047, 7.29128], [10.17139, 7.28886], [10.16868, 7.2875], [10.16963, 7.28547], [10.16826, 7.28398], [10.16701, 7.28398], [10.1663, 7.28315], [10.16719, 7.28148], [10.16844, 7.28047], [10.16868, 7.27875], [10.16024, 7.28502], [10.14809, 7.28189], [10.13111, 7.27744], [10.12222, 7.2748], [10.08803, 7.26935], [10.08569, 7.25919], [10.07369, 7.24749], [10.06142, 7.24641], [10.05682, 7.24982], [10.04746, 7.2526], [10.04552, 7.25396], [10.04154, 7.25674], [10.03559, 7.25716], [10.02863, 7.25594]]]}, "properties": {"name": "Dutse", "lga": "Takum", "state": "ta"}}, {"type": "Feature", "geometry": {"type": "Polygon", "coordinates": [[[10.09345, 7.06354], [10.09114, 7.05644], [10.08663, 7.0528], [10.08535, 7.05452], [10.08154, 7.05775], [10.07564, 7.06175], [10.06041, 7.06613], [10.05718, 7.06213], [10.05508, 7.06346], [10.04956, 7.06917], [10.04233, 7.07241], [10.03548, 7.07165], [10.03243, 7.06841], [10.02729, 7.0646], [10.02482, 7.06841], [10.02672, 7.07336], [10.02215, 7.0745], [10.01511, 7.0766], [10.00521, 7.07755], [9.99912, 7.0785], [9.99284, 7.07774], [9.98617, 7.08288], [9.97399, 7.08592], [9.97249, 7.08462], [9.97108, 7.09174], [9.97168, 7.09472], [9.9693, 7.09865], [9.96775, 7.10483], [9.96513, 7.11233], [9.96466, 7.11637], [9.96858, 7.11804], [9.98167, 7.11721], [9.99844, 7.12161], [10.00749, 7.1178], [10.02152, 7.10852], [10.02759, 7.10578], [10.03354, 7.10459], [10.03949, 7.10483], [10.04758, 7.09139], [10.04913, 7.08603], [10.04734, 7.07794], [10.05186, 7.07188], [10.06352, 7.07092], [10.08054, 7.06902], [10.09345, 7.06354]]]}, "properties": {"name": "Fikyu", "lga": "Ussa", "state": "ta"}}, {"type": "Feature", "geometry": {"type": "Polygon", "coordinates": [[[10.165, 7.02111], [10.13625, 6.99715], [10.11809, 7.02177], [10.10934, 7.03396], [10.10039, 7.03434], [10.08663, 7.0528], [10.09114, 7.05644], [10.09345, 7.06354], [10.09203, 7.07098], [10.08525, 7.08222], [10.08311, 7.08966], [10.07906, 7.09263], [10.07591, 7.09347], [10.07335, 7.10061], [10.07097, 7.11441], [10.0704, 7.11748], [10.06326, 7.12395], [10.05812, 7.1288], [10.05669, 7.13556], [10.0567, 7.13559], [10.05898, 7.14375], [10.06631, 7.1485], [10.07506, 7.14948], [10.0782, 7.14984], [10.08548, 7.14526], [10.08498, 7.14171], [10.0884, 7.13737], [10.09027, 7.13647], [10.09247, 7.13231], [10.09316, 7.13001], [10.09673, 7.12636], [10.10167, 7.12186], [10.10645, 7.11708], [10.11573, 7.11351], [10.11945, 7.11122], [10.12259, 7.10787], [10.11923, 7.10166], [10.1253, 7.0933], [10.14417, 7.08611], [10.14479, 7.08588], [10.15171, 7.08081], [10.15442, 7.07567], [10.15585, 7.07068], [10.15785, 7.06075], [10.16056, 7.05433], [10.16163, 7.05126], [10.17118, 7.03262], [10.16973, 7.02992], [10.165, 7.02111]]]}, "properties": {"name": "Lumbu", "lga": "Ussa", "state": "ta"}}, {"type": "Feature", "geometry": {"type": "Polygon", "coordinates": [[[11.85267, 7.39122], [11.84639, 7.38139], [11.79944, 7.29666], [11.76444, 7.28389], [11.75555, 7.27861], [11.75194, 7.27528], [11.74972, 7.27056], [11.74972, 7.265], [11.75167, 7.26], [11.75555, 7.25722], [11.76111, 7.25583], [11.76805, 7.25556], [11.78055, 7.25667], [11.78666, 7.25583], [11.79139, 7.25361], [11.795, 7.25028], [11.7983, 7.24582], [11.7116, 7.20326], [11.55099, 7.14972], [11.43677, 7.12176], [11.36777, 7.13425], [11.26486, 7.18898], [11.21786, 7.2681], [11.19719, 7.31951], [11.28657, 7.40243], [11.27379, 7.40922], [11.31209, 7.44215], [11.3357, 7.47965], [11.34826, 7.49336], [11.35041, 7.49207], [11.3529, 7.49122], [11.35383, 7.49204], [11.35519, 7.49272], [11.35722, 7.49232], [11.36151, 7.495], [11.3634, 7.49707], [11.3639, 7.49811], [11.366, 7.49921], [11.368, 7.4985], [11.37082, 7.50157], [11.37318, 7.50225], [11.375, 7.50239], [11.37896, 7.50203], [11.38225, 7.50184], [11.38386, 7.49984], [11.39167, 7.49813], [11.39314, 7.49803], [11.40652, 7.49275], [11.40975, 7.49332], [11.41185, 7.49494], [11.41189, 7.49656], [11.42022, 7.50236], [11.42198, 7.50265], [11.42498, 7.50298], [11.43045, 7.5115], [11.42965, 7.5151], [11.42986, 7.51499], [11.43041, 7.52058], [11.42641, 7.52782], [11.4148, 7.53581], [11.41004, 7.53619], [11.40909, 7.53924], [11.41613, 7.54971], [11.41537, 7.55637], [11.40814, 7.56075], [11.41195, 7.56798], [11.42663, 7.58054], [11.43091, 7.59054], [11.42541, 7.60612], [11.43131, 7.61488], [11.43588, 7.61459], [11.44766, 7.6046], [11.45623, 7.60567], [11.46729, 7.61923], [11.47407, 7.62709], [11.49477, 7.63458], [11.50477, 7.62423], [11.51119, 7.60353], [11.53082, 7.59139], [11.54653, 7.59568], [11.57044, 7.59068], [11.60667, 7.58345], [11.64307, 7.56739], [11.68269, 7.58809], [11.71339, 7.59559], [11.75122, 7.59523], [11.76649, 7.60429], [11.76654, 7.60429], [11.76657, 7.60314], [11.76834, 7.5984], [11.76842, 7.57962], [11.76659, 7.575], [11.76655, 7.5749], [11.76537, 7.56919], [11.76417, 7.56004], [11.76295, 7.54745], [11.76292, 7.54059], [11.77194, 7.48794], [11.77653, 7.48106], [11.78574, 7.47074], [11.79149, 7.46272], [11.79609, 7.4547], [11.80174, 7.44954], [11.80475, 7.4468], [11.80992, 7.44208], [11.81682, 7.43406], [11.8194, 7.43098], [11.85267, 7.39122]]]}, "properties": {"name": "Gashaka", "lga": "Gashaka", "state": "ta"}}, {"type": "Feature", "geometry": {"type": "Polygon", "coordinates": [[[9.85589, 6.96266], [9.85604, 6.96263], [9.85098, 6.94776], [9.83463, 6.91445], [9.82332, 6.89035], [9.80089, 6.86204], [9.78974, 6.86295], [9.78174, 6.86521], [9.7724, 6.86596], [9.76564, 6.87539], [9.75207, 6.88534], [9.73458, 6.89575], [9.70971, 6.90479], [9.69214, 6.92807], [9.69952, 6.95431], [9.68231, 6.97247], [9.68921, 6.98645], [9.69975, 7.0115], [9.70066, 7.01307], [9.7335, 6.9888], [9.7796, 6.97601], [9.85589, 6.96266]]]}, "properties": {"name": "Bete", "lga": "Takum", "state": "ta"}}, {"type": "Feature", "geometry": {"type": "Polygon", "coordinates": [[[9.90284, 7.16363], [9.89237, 7.15659], [9.88474, 7.15154], [9.88596, 7.17041], [9.8931, 7.21026], [9.90203, 7.2296], [9.91511, 7.24417], [9.93355, 7.2412], [9.94991, 7.23346], [9.97192, 7.22424], [9.98925, 7.21908], [9.98595, 7.21498], [9.98017, 7.21448], [9.97667, 7.2112], [9.97739, 7.20649], [9.9756, 7.20035], [9.96982, 7.20213], [9.96347, 7.2062], [9.95326, 7.20777], [9.94677, 7.20684], [9.94469, 7.20277], [9.93806, 7.19521], [9.93713, 7.19292], [9.93461, 7.18242], [9.93297, 7.18077], [9.92826, 7.18056], [9.92183, 7.18734], [9.91855, 7.18234], [9.91583, 7.18106], [9.91205, 7.18156], [9.91148, 7.17421], [9.90284, 7.16363]]]}, "properties": {"name": "Jenuwa Gida", "lga": "Ussa", "state": "ta"}}, {"type": "Feature", "geometry": {"type": "Polygon", "coordinates": [[[10.93608, 7.04155], [10.93699, 7.04292], [10.94088, 7.04869], [10.97168, 7.08468], [10.98882, 7.12005], [10.99175, 7.13056], [10.99312, 7.13754], [10.99433, 7.14798], [10.99563, 7.15669], [10.99684, 7.16712], [10.99464, 7.17741], [10.99406, 7.18949], [10.99844, 7.20526], [10.99711, 7.23288], [10.99516, 7.23798], [10.99645, 7.24669], [10.99579, 7.2605], [10.99537, 7.26913], [10.99496, 7.27777], [10.98917, 7.29135], [10.98176, 7.30312], [10.97801, 7.30988], [10.98322, 7.30838], [10.99176, 7.30876], [10.9986, 7.30907], [11.00527, 7.31283], [11.01202, 7.31487], [11.01698, 7.31855], [11.02373, 7.32058], [11.03023, 7.3278], [11.03349, 7.3314], [11.03845, 7.33509], [11.04503, 7.34057], [11.04999, 7.34426], [11.05666, 7.34802], [11.06457, 7.35237], [11.06983, 7.35899], [11.07667, 7.3593], [11.0835, 7.3596], [11.09221, 7.35653], [11.09742, 7.35504], [11.10263, 7.35354], [11.108, 7.34859], [11.11509, 7.34372], [11.12225, 7.33712], [11.12429, 7.3303], [11.12837, 7.31664], [11.09965, 7.271], [11.1006, 7.26053], [11.12097, 7.25958], [11.12858, 7.26034], [11.13609, 7.26282], [11.13631, 7.25817], [11.13664, 7.25127], [11.13009, 7.20945], [11.13416, 7.19579], [11.13962, 7.18912], [11.14858, 7.18087], [11.15591, 7.17082], [11.16299, 7.16595], [11.17187, 7.15943], [11.17912, 7.1511], [11.18628, 7.1445], [11.19157, 7.14128], [11.19695, 7.13633], [11.21095, 7.13004], [11.21641, 7.12337], [11.22024, 7.11489], [11.2274, 7.10829], [11.23473, 7.09824], [11.24361, 7.09172], [11.25248, 7.0852], [11.25965, 7.0786], [11.26716, 7.07031], [11.23263, 7.04215], [11.22026, 7.02292], [11.21769, 7.00788], [11.21911, 7.00122], [11.21093, 6.96753], [11.17107, 6.90573], [11.17088, 6.89083], [11.12128, 6.90621], [11.10094, 6.93013], [11.08464, 6.96903], [11.04288, 7.0309], [10.97935, 7.03982], [10.93608, 7.04155]]]}, "properties": {"name": "Nguroje", "lga": "Sardauna", "state": "ta"}}, {"type": "Feature", "geometry": {"type": "Polygon", "coordinates": [[[10.00815, 7.2259], [10.02373, 7.23648], [10.0263, 7.24971], [10.02863, 7.25594], [10.03559, 7.25716], [10.04154, 7.25674], [10.04552, 7.25396], [10.04512, 7.24848], [10.0469, 7.2436], [10.0419, 7.23992], [10.04333, 7.22838], [10.0331, 7.22469], [10.02561, 7.22207], [10.02442, 7.21124], [10.0212, 7.20315], [10.02275, 7.19304], [10.02522, 7.17606], [10.01951, 7.17332], [10.0088, 7.17258], [10.00256, 7.17526], [9.99153, 7.18248], [9.98678, 7.1879], [9.98224, 7.18864], [9.97964, 7.18895], [9.97697, 7.18552], [9.96822, 7.19257], [9.96574, 7.20275], [9.95889, 7.20332], [9.95175, 7.20323], [9.95013, 7.19809], [9.95232, 7.18743], [9.95851, 7.1801], [9.95746, 7.16316], [9.95366, 7.15316], [9.93691, 7.12442], [9.93101, 7.11966], [9.92568, 7.12366], [9.91883, 7.13889], [9.90284, 7.16363], [9.91148, 7.17421], [9.91205, 7.18156], [9.91583, 7.18106], [9.91855, 7.18234], [9.92183, 7.18734], [9.92826, 7.18056], [9.93297, 7.18077], [9.93461, 7.18242], [9.93713, 7.19292], [9.93806, 7.19521], [9.94469, 7.20277], [9.94677, 7.20684], [9.95326, 7.20777], [9.96347, 7.2062], [9.96982, 7.20213], [9.9756, 7.20035], [9.97739, 7.20649], [9.97667, 7.2112], [9.98017, 7.21448], [9.98595, 7.21498], [9.98925, 7.21908], [9.9954, 7.21725], [10.00815, 7.2259]]]}, "properties": {"name": "Kwambai", "lga": "Ussa", "state": "ta"}}, {"type": "Feature", "geometry": {"type": "Polygon", "coordinates": [[[9.94798, 7.08533], [9.93713, 7.0859], [9.93295, 7.09104], [9.92609, 7.09161], [9.924, 7.08571], [9.91543, 7.08856], [9.8964, 7.09104], [9.89164, 7.08952], [9.88507, 7.09442], [9.89523, 7.11709], [9.88474, 7.15154], [9.89237, 7.15659], [9.90284, 7.16363], [9.91883, 7.13889], [9.92568, 7.12366], [9.93101, 7.11966], [9.93691, 7.12442], [9.95366, 7.15316], [9.95746, 7.16316], [9.95851, 7.1801], [9.95232, 7.18743], [9.95013, 7.19809], [9.95175, 7.20323], [9.95889, 7.20332], [9.96574, 7.20275], [9.96822, 7.19257], [9.97697, 7.18552], [9.97964, 7.18895], [9.98224, 7.18864], [9.98678, 7.1879], [9.99153, 7.18248], [10.00256, 7.17526], [10.0088, 7.17258], [10.01951, 7.17332], [10.02522, 7.17606], [10.02525, 7.17581], [10.03025, 7.16411], [10.041, 7.14619], [10.0567, 7.13559], [10.05669, 7.13556], [10.05812, 7.1288], [10.06326, 7.12395], [10.0704, 7.11748], [10.07097, 7.11441], [10.07335, 7.10061], [10.07591, 7.09347], [10.07906, 7.09263], [10.08311, 7.08966], [10.08525, 7.08222], [10.09203, 7.07098], [10.09345, 7.06354], [10.08054, 7.06902], [10.06352, 7.07092], [10.05186, 7.07188], [10.04734, 7.07794], [10.04913, 7.08603], [10.04758, 7.09139], [10.03949, 7.10483], [10.03354, 7.10459], [10.02759, 7.10578], [10.02152, 7.10852], [10.00749, 7.1178], [9.99844, 7.12161], [9.98167, 7.11721], [9.96858, 7.11804], [9.96466, 7.11637], [9.96513, 7.11233], [9.96775, 7.10483], [9.9693, 7.09865], [9.97168, 7.09472], [9.97108, 7.09174], [9.97249, 7.08462], [9.9698, 7.08231], [9.96695, 7.08307], [9.96505, 7.0865], [9.95439, 7.08726], [9.94798, 7.08533]]]}, "properties": {"name": "Kpambo 1", "lga": "Ussa", "state": "ta"}}, {"type": "Feature", "geometry": {"type": "Polygon", "coordinates": [[[10.0567, 7.13559], [10.041, 7.14619], [10.03025, 7.16411], [10.02525, 7.17581], [10.02522, 7.17606], [10.02275, 7.19304], [10.0212, 7.20315], [10.02442, 7.21124], [10.02561, 7.22207], [10.0331, 7.22469], [10.04333, 7.22838], [10.0419, 7.23992], [10.0469, 7.2436], [10.04512, 7.24848], [10.04552, 7.25396], [10.04746, 7.2526], [10.05682, 7.24982], [10.06142, 7.24641], [10.07369, 7.24749], [10.08569, 7.25919], [10.08803, 7.26935], [10.09437, 7.25053], [10.09194, 7.24587], [10.08837, 7.24349], [10.08064, 7.24259], [10.07885, 7.24036], [10.07454, 7.23902], [10.06799, 7.23828], [10.05952, 7.2414], [10.05654, 7.23858], [10.05178, 7.23724], [10.04807, 7.22847], [10.04955, 7.21969], [10.05183, 7.21391], [10.05194, 7.20952], [10.05388, 7.20626], [10.05297, 7.20375], [10.05131, 7.20352], [10.04996, 7.19894], [10.04844, 7.19418], [10.04657, 7.19487], [10.04168, 7.18493], [10.04396, 7.18316], [10.04459, 7.18007], [10.04699, 7.17653], [10.04747, 7.17278], [10.04756, 7.17202], [10.05196, 7.16671], [10.05864, 7.15626], [10.06624, 7.15392], [10.07143, 7.15272], [10.07506, 7.14948], [10.06631, 7.1485], [10.05898, 7.14375], [10.0567, 7.13559]]]}, "properties": {"name": "Lissam 2", "lga": "Ussa", "state": "ta"}}, {"type": "Feature", "geometry": {"type": "Polygon", "coordinates": [[[10.87448, 6.89254], [10.86472, 6.92333], [10.86278, 6.92833], [10.85417, 6.94694], [10.84909, 6.9483], [10.84462, 6.95687], [10.842, 6.95825], [10.84431, 6.96027], [10.84986, 6.96859], [10.88266, 6.99295], [10.89185, 6.99977], [10.89852, 7.00353], [10.90844, 7.0109], [10.91665, 7.01819], [10.92161, 7.02187], [10.92974, 7.03089], [10.93608, 7.04155], [10.97935, 7.03982], [11.04288, 7.0309], [11.08464, 6.96903], [11.10094, 6.93013], [11.12128, 6.90621], [11.17088, 6.89083], [11.14291, 6.85783], [11.11822, 6.85931], [11.0983, 6.8608], [11.0742, 6.87478], [11.01944, 6.88787], [10.98672, 6.90036], [10.87448, 6.89254]]]}, "properties": {"name": "Magu", "lga": "Sardauna", "state": "ta"}}, {"type": "Feature", "geometry": {"type": "Polygon", "coordinates": [[[11.25645, 6.50987], [11.2616, 6.43338], [11.21415, 6.43623], [11.20222, 6.43694], [11.1975, 6.435], [11.19194, 6.43389], [11.18167, 6.43333], [11.14083, 6.43361], [11.12917, 6.43583], [11.12444, 6.43806], [11.11694, 6.44417], [11.11444, 6.44861], [11.11028, 6.45806], [11.09528, 6.49806], [11.08455, 6.5415], [11.09659, 6.55932], [11.1155, 6.60036], [11.13264, 6.61607], [11.15191, 6.62499], [11.15726, 6.65354], [11.18939, 6.66354], [11.2133, 6.65925], [11.22686, 6.64676], [11.23222, 6.62642], [11.23454, 6.60379], [11.23614, 6.58823], [11.23828, 6.57252], [11.25613, 6.5147], [11.25645, 6.50987]]]}, "properties": {"name": "Mbamnga", "lga": "Sardauna", "state": "ta"}}, {"type": "Feature", "geometry": {"type": "Polygon", "coordinates": [[[9.80089, 6.86204], [9.82332, 6.89035], [9.83463, 6.91445], [9.85098, 6.94776], [9.85604, 6.96263], [9.85589, 6.96266], [9.86517, 6.96575], [9.91479, 6.96713], [9.95107, 6.96813], [9.98415, 6.94886], [10.03097, 6.90866], [9.885, 6.78528], [9.87472, 6.77583], [9.79556, 6.80167], [9.78672, 6.82285], [9.79577, 6.84953], [9.80044, 6.853], [9.79923, 6.85752], [9.80089, 6.86204]]]}, "properties": {"name": "Shibong", "lga": "Takum", "state": "ta"}}, {"type": "Feature", "geometry": {"type": "Polygon", "coordinates": [[[10.90233, 7.22534], [10.9197, 7.22962], [10.99719, 7.23123], [10.99744, 7.22597], [10.99786, 7.21734], [10.99844, 7.20526], [10.99406, 7.18949], [10.99464, 7.17741], [10.99684, 7.16712], [10.99563, 7.15669], [10.99433, 7.14798], [10.99312, 7.13754], [10.99175, 7.13056], [10.98882, 7.12005], [10.97168, 7.08468], [10.93699, 7.04292], [10.93188, 7.04394], [10.92534, 7.0437], [10.92058, 7.03954], [10.91951, 7.03632], [10.91772, 7.0343], [10.91499, 7.03513], [10.91249, 7.03371], [10.91094, 7.03097], [10.90761, 7.03097], [10.90523, 7.028], [10.89881, 7.02728], [10.895, 7.02907], [10.88798, 7.02609], [10.88209, 7.02401], [10.87538, 7.02215], [10.86218, 7.02465], [10.85528, 7.02489], [10.81756, 7.01573], [10.81484, 7.01577], [10.79778, 7.03947], [10.77684, 7.06278], [10.75191, 7.063], [10.75695, 7.07258], [10.7598, 7.10565], [10.75718, 7.12088], [10.77075, 7.13254], [10.79906, 7.14682], [10.825, 7.1492], [10.87925, 7.19464], [10.90233, 7.22534]]]}, "properties": {"name": "Asha", "lga": "Kurmi", "state": "ta"}}, {"type": "Feature", "geometry": {"type": "Polygon", "coordinates": [[[10.79502, 6.96172], [10.78944, 6.96021], [10.78655, 6.9619], [10.78401, 6.96576], [10.77907, 6.96721], [10.7699, 6.9619], [10.76689, 6.95551], [10.76134, 6.95853], [10.75863, 6.96363], [10.75391, 6.96613], [10.74744, 6.96946], [10.74716, 6.97203], [10.74744, 6.97602], [10.74335, 6.97983], [10.74076, 6.98351], [10.73838, 6.98856], [10.736, 6.98932], [10.73324, 6.9916], [10.72981, 6.98884], [10.72543, 6.98928], [10.72048, 6.98829], [10.70853, 6.99903], [10.70472, 7.00626], [10.70038, 7.0135], [10.69475, 7.01433], [10.69102, 7.0168], [10.68767, 7.01604], [10.68387, 7.01649], [10.68295, 7.02045], [10.67884, 7.02685], [10.66705, 7.03221], [10.69308, 7.06278], [10.72259, 7.06326], [10.75191, 7.063], [10.77684, 7.06278], [10.79778, 7.03947], [10.81484, 7.01577], [10.80328, 7.00728], [10.79162, 6.99538], [10.78853, 6.98658], [10.79502, 6.96172]]]}, "properties": {"name": "Abong", "lga": "Kurmi", "state": "ta"}}, {"type": "Feature", "geometry": {"type": "Polygon", "coordinates": [[[11.298, 8.44861], [11.1914, 8.54379], [11.20334, 8.57434], [11.21718, 8.5715], [11.22581, 8.57016], [11.23435, 8.57054], [11.2411, 8.57257], [11.25794, 8.57852], [11.26623, 8.58409], [11.27632, 8.588], [11.27638, 8.58802], [11.27641, 8.588], [11.27897, 8.58567], [11.35511, 8.5377], [11.42364, 8.51562], [11.5843, 8.52476], [11.59682, 8.51413], [11.4429, 8.39968], [11.298, 8.44861]]]}, "properties": {"name": "Gang Mata", "lga": "Bali", "state": "ta"}}, {"type": "Feature", "geometry": {"type": "Polygon", "coordinates": [[[10.165, 7.02111], [10.18866, 7.06516], [10.19988, 7.07306], [10.2134, 7.09374], [10.22215, 7.11442], [10.22472, 7.12094], [10.29874, 7.11248], [10.40867, 7.14675], [10.49602, 7.2287], [10.50673, 7.22632], [10.51535, 7.22513], [10.51773, 7.23198], [10.52398, 7.23138], [10.53796, 7.22484], [10.54361, 7.2174], [10.57157, 7.19301], [10.56919, 7.16416], [10.58138, 7.15673], [10.58525, 7.1481], [10.59447, 7.1475], [10.5981, 7.14064], [10.59779, 7.14004], [10.60097, 7.12969], [10.59912, 7.11882], [10.60601, 7.10503], [10.60363, 7.09707], [10.59912, 7.08382], [10.5954, 7.07586], [10.60469, 7.06949], [10.60947, 7.06389], [10.56, 7.02167], [10.51333, 6.87805], [10.36878, 6.87608], [10.36776, 6.87607], [10.26944, 6.87472], [10.23778, 6.87805], [10.22361, 6.88444], [10.21528, 6.89028], [10.205, 6.90055], [10.195, 6.91778], [10.19111, 6.9275], [10.18972, 6.93305], [10.18806, 6.95167], [10.18778, 6.97833], [10.18056, 6.99833], [10.17583, 7.00722], [10.16722, 7.01917], [10.165, 7.02111]]]}, "properties": {"name": "Bissaula", "lga": "Kurmi", "state": "ta"}}, {"type": "Feature", "geometry": {"type": "Polygon", "coordinates": [[[11.2616, 6.43338], [11.25645, 6.50987], [11.28211, 6.54241], [11.29615, 6.60095], [11.29972, 6.62545], [11.30852, 6.64235], [11.34183, 6.66067], [11.37253, 6.69993], [11.35825, 6.71754], [11.35016, 6.71992], [11.32479, 6.71914], [11.32534, 6.73217], [11.33277, 6.73693], [11.33069, 6.75418], [11.32355, 6.76132], [11.31998, 6.77024], [11.32487, 6.78049], [11.33698, 6.77871], [11.36863, 6.76574], [11.40837, 6.74552], [11.42038, 6.73374], [11.46, 6.73445], [11.49748, 6.72981], [11.52175, 6.73909], [11.52924, 6.75265], [11.53995, 6.78727], [11.56327, 6.81171], [11.565, 6.81056], [11.58333, 6.79444], [11.58583, 6.79028], [11.58917, 6.78], [11.58861, 6.75944], [11.58472, 6.73555], [11.58083, 6.71861], [11.57917, 6.71305], [11.5625, 6.6675], [11.56207, 6.66659], [11.55805, 6.65806], [11.55528, 6.65389], [11.53598, 6.62966], [11.51833, 6.6075], [11.51472, 6.60417], [11.51056, 6.60167], [11.505, 6.60028], [11.47333, 6.6025], [11.45472, 6.60083], [11.445, 6.59694], [11.43722, 6.59083], [11.435, 6.58611], [11.41501, 6.51613], [11.41416, 6.50972], [11.41306, 6.49833], [11.41278, 6.48444], [11.40639, 6.47722], [11.38889, 6.46028], [11.38528, 6.45694], [11.37694, 6.45167], [11.37194, 6.44972], [11.34028, 6.44083], [11.27305, 6.43333], [11.26694, 6.43305], [11.2616, 6.43338]]]}, "properties": {"name": "Kabri", "lga": "Sardauna", "state": "ta"}}, {"type": "Feature", "geometry": {"type": "Polygon", "coordinates": [[[10.56122, 7.25924], [10.56196, 7.26414], [10.58654, 7.28449], [10.60041, 7.29474], [10.60132, 7.29399], [10.61955, 7.27906], [10.64579, 7.25976], [10.64895, 7.25509], [10.65146, 7.2173], [10.62954, 7.2094], [10.60936, 7.2252], [10.58995, 7.24347], [10.58071, 7.25216], [10.56122, 7.25924]]]}, "properties": {"name": "Baissa", "lga": "Kurmi", "state": "ta"}}, {"type": "Feature", "geometry": {"type": "Polygon", "coordinates": [[[11.32479, 6.71914], [11.32474, 6.7179], [11.31969, 6.71373], [11.30809, 6.70273], [11.29262, 6.69678], [11.27412, 6.69078], [11.27239, 6.66525], [11.26972, 6.62896], [11.25425, 6.61261], [11.23454, 6.60379], [11.23222, 6.62642], [11.22686, 6.64676], [11.2133, 6.65925], [11.18939, 6.66354], [11.15726, 6.65354], [11.16421, 6.67375], [11.16515, 6.68495], [11.16785, 6.68771], [11.17213, 6.68714], [11.1766, 6.68514], [11.19935, 6.69399], [11.20773, 6.69951], [11.21248, 6.70313], [11.22, 6.7056], [11.23342, 6.70986], [11.23702, 6.71135], [11.23997, 6.71079], [11.24218, 6.70942], [11.24378, 6.70893], [11.24574, 6.70959], [11.2469, 6.71085], [11.24822, 6.71168], [11.24932, 6.71172], [11.25056, 6.71116], [11.25314, 6.70935], [11.25447, 6.70938], [11.25521, 6.70969], [11.25562, 6.7104], [11.25551, 6.71202], [11.25567, 6.7128], [11.25863, 6.71587], [11.25728, 6.7181], [11.25649, 6.72018], [11.25547, 6.72689], [11.25489, 6.72784], [11.25306, 6.72905], [11.25153, 6.72955], [11.24955, 6.72934], [11.24844, 6.72821], [11.24752, 6.72822], [11.23284, 6.7431], [11.23247, 6.76047], [11.23946, 6.7639], [11.25988, 6.77404], [11.2703, 6.78089], [11.27744, 6.78232], [11.28729, 6.78375], [11.29957, 6.7846], [11.31884, 6.78139], [11.32487, 6.78049], [11.31998, 6.77024], [11.32355, 6.76132], [11.33069, 6.75418], [11.33277, 6.73693], [11.32534, 6.73217], [11.32479, 6.71914]]]}, "properties": {"name": "Gembu A", "lga": "Sardauna", "state": "ta"}}, {"type": "Feature", "geometry": {"type": "Polygon", "coordinates": [[[10.49602, 7.2287], [10.40867, 7.14675], [10.29874, 7.11248], [10.22472, 7.12094], [10.23249, 7.14067], [10.23726, 7.16373], [10.23805, 7.18123], [10.23487, 7.20668], [10.23567, 7.22338], [10.23805, 7.24087], [10.24998, 7.26155], [10.2635, 7.26791], [10.26748, 7.27825], [10.27384, 7.27428], [10.28895, 7.25917], [10.31361, 7.24883], [10.32315, 7.24724], [10.33349, 7.25598], [10.34224, 7.25678], [10.35019, 7.25042], [10.35814, 7.24883], [10.36212, 7.25201], [10.37038, 7.25227], [10.3828, 7.25042], [10.38837, 7.26235], [10.39393, 7.26394], [10.40268, 7.25678], [10.40327, 7.25777], [10.41958, 7.25012], [10.42583, 7.25815], [10.43713, 7.2519], [10.44694, 7.24387], [10.46925, 7.23703], [10.48918, 7.22305], [10.49602, 7.2287]]]}, "properties": {"name": "Nyido-Tosso", "lga": "Kurmi", "state": "ta"}}, {"type": "Feature", "geometry": {"type": "Polygon", "coordinates": [[[10.56122, 7.25924], [10.58071, 7.25216], [10.58995, 7.24347], [10.60936, 7.2252], [10.62954, 7.2094], [10.65146, 7.2173], [10.65543, 7.21872], [10.68208, 7.22405], [10.7015, 7.22501], [10.74601, 7.19751], [10.73861, 7.19168], [10.7209, 7.18577], [10.70929, 7.18977], [10.69749, 7.19891], [10.68849, 7.19917], [10.68265, 7.19891], [10.63677, 7.18565], [10.61874, 7.18035], [10.61079, 7.16496], [10.5981, 7.14064], [10.59447, 7.1475], [10.58525, 7.1481], [10.58138, 7.15673], [10.56919, 7.16416], [10.57157, 7.19301], [10.54361, 7.2174], [10.53796, 7.22484], [10.52398, 7.23138], [10.51773, 7.23198], [10.56108, 7.25929], [10.56122, 7.25924]]]}, "properties": {"name": "Ndaforo", "lga": "Kurmi", "state": "ta"}}, {"type": "Feature", "geometry": {"type": "Polygon", "coordinates": [[[11.32479, 6.71914], [11.35016, 6.71992], [11.35825, 6.71754], [11.37253, 6.69993], [11.34183, 6.66067], [11.30852, 6.64235], [11.29972, 6.62545], [11.29615, 6.60095], [11.28211, 6.54241], [11.25645, 6.50987], [11.25613, 6.5147], [11.23828, 6.57252], [11.23614, 6.58823], [11.23454, 6.60379], [11.25425, 6.61261], [11.26972, 6.62896], [11.27239, 6.66525], [11.27412, 6.69078], [11.29262, 6.69678], [11.30809, 6.70273], [11.31969, 6.71373], [11.32474, 6.7179], [11.32479, 6.71914]]]}, "properties": {"name": "Warwar", "lga": "Sardauna", "state": "ta"}}, {"type": "Feature", "geometry": {"type": "Polygon", "coordinates": [[[9.62739, 6.68206], [9.63136, 6.69605], [9.63614, 6.71289], [9.64603, 6.73859], [9.64867, 6.79924], [9.64747, 6.80926], [9.64339, 6.8434], [9.64141, 6.86648], [9.6457, 6.89482], [9.66416, 6.93569], [9.68231, 6.97247], [9.69952, 6.95431], [9.69214, 6.92807], [9.70971, 6.90479], [9.73458, 6.89575], [9.75207, 6.88534], [9.76564, 6.87539], [9.7724, 6.86596], [9.78174, 6.86521], [9.78974, 6.86295], [9.80089, 6.86204], [9.79923, 6.85752], [9.80044, 6.853], [9.79577, 6.84953], [9.78672, 6.82285], [9.79556, 6.80167], [9.78639, 6.77778], [9.70885, 6.52125], [9.65555, 6.52583], [9.63778, 6.52333], [9.59801, 6.49988], [9.59948, 6.51236], [9.60535, 6.56226], [9.60648, 6.57182], [9.60912, 6.58723], [9.6223, 6.66411], [9.62739, 6.68206]]]}, "properties": {"name": "Kashimbila", "lga": "Takum", "state": "ta"}}, {"type": "Feature", "geometry": {"type": "Polygon", "coordinates": [[[11.10464, 7.86648], [11.09893, 7.83714], [11.08941, 7.79194], [11.08275, 7.77575], [11.10035, 7.75577], [11.16746, 7.71436], [11.20172, 7.70627], [11.17926, 7.66156], [11.15641, 7.59017], [11.14153, 7.55851], [11.11168, 7.49499], [11.05743, 7.44074], [10.9277, 7.41239], [10.92658, 7.41829], [10.92437, 7.42857], [10.92192, 7.44403], [10.92043, 7.47511], [10.91643, 7.48704], [10.91236, 7.50069], [10.9104, 7.5058], [10.90469, 7.51765], [10.90078, 7.52785], [10.89687, 7.53806], [10.89124, 7.54819], [10.88579, 7.55486], [10.87325, 7.56641], [10.852, 7.58102], [10.84662, 7.58597], [10.84296, 7.591], [10.83229, 7.59917], [10.82496, 7.60922], [10.81779, 7.61582], [10.80875, 7.62579], [10.80167, 7.63066], [10.7928, 7.63718], [10.78906, 7.63963], [10.81214, 7.66228], [10.82035, 7.66957], [10.82531, 7.67325], [10.8319, 7.67874], [10.83694, 7.68069], [10.84532, 7.68453], [10.85036, 7.68649], [10.85883, 7.6886], [10.87062, 7.69259], [10.87891, 7.69815], [10.88705, 7.70717], [10.88467, 7.7209], [10.88247, 7.73118], [10.88035, 7.73974], [10.88156, 7.75017], [10.88131, 7.75535], [10.89619, 7.7664], [10.90799, 7.77039], [10.91824, 7.77085], [10.92662, 7.77469], [10.93499, 7.77853], [10.94004, 7.78049], [10.95671, 7.78989], [10.96671, 7.79553], [10.96996, 7.79913], [10.97639, 7.80807], [11.00311, 7.85772], [11.03384, 7.89543], [11.0453, 7.90633], [11.05026, 7.91001], [11.05839, 7.91903], [11.06823, 7.92812], [11.07201, 7.93339], [11.08068, 7.91727], [11.08128, 7.87682], [11.09853, 7.86611], [11.10464, 7.86648]]]}, "properties": {"name": "Garbabi", "lga": "Gashaka", "state": "ta"}}, {"type": "Feature", "geometry": {"type": "Polygon", "coordinates": [[[9.70066, 7.01307], [9.7209, 7.04832], [9.73799, 7.07807], [9.76172, 7.10114], [9.82329, 7.17151], [9.82599, 7.17069], [9.83187, 7.17085], [9.83639, 7.16662], [9.8477, 7.16316], [9.85659, 7.16105], [9.86006, 7.16089], [9.86187, 7.15894], [9.87061, 7.15698], [9.87619, 7.15321], [9.88116, 7.15396], [9.88474, 7.15154], [9.89523, 7.11709], [9.88507, 7.09442], [9.86224, 7.09403], [9.82774, 7.09789], [9.82267, 7.08161], [9.83741, 7.06684], [9.86, 7.05998], [9.88349, 7.05767], [9.89611, 7.05196], [9.91371, 6.99747], [9.91479, 6.96713], [9.86517, 6.96575], [9.85589, 6.96266], [9.7796, 6.97601], [9.7335, 6.9888], [9.70066, 7.01307]]]}, "properties": {"name": "Fete", "lga": "Takum", "state": "ta"}}, {"type": "Feature", "geometry": {"type": "Polygon", "coordinates": [[[11.34826, 7.49336], [11.34705, 7.49643], [11.35842, 7.49883], [11.37542, 7.50929], [11.37874, 7.52577], [11.37938, 7.52702], [11.38025, 7.5271], [11.38468, 7.53234], [11.39117, 7.53348], [11.39817, 7.53298], [11.41559, 7.52249], [11.42965, 7.5151], [11.43045, 7.5115], [11.42498, 7.50298], [11.42198, 7.50265], [11.42022, 7.50236], [11.41189, 7.49656], [11.41185, 7.49494], [11.40975, 7.49332], [11.40652, 7.49275], [11.39314, 7.49803], [11.39167, 7.49813], [11.38386, 7.49984], [11.38225, 7.50184], [11.37896, 7.50203], [11.375, 7.50239], [11.37318, 7.50225], [11.37082, 7.50157], [11.368, 7.4985], [11.366, 7.49921], [11.3639, 7.49811], [11.3634, 7.49707], [11.36151, 7.495], [11.35722, 7.49232], [11.35519, 7.49272], [11.35383, 7.49204], [11.3529, 7.49122], [11.35041, 7.49207], [11.34826, 7.49336]]]}, "properties": {"name": "Serti A", "lga": "Gashaka", "state": "ta"}}, {"type": "Feature", "geometry": {"type": "Polygon", "coordinates": [[[11.37938, 7.52702], [11.37542, 7.50929], [11.35724, 7.49848], [11.3443, 7.49643], [11.34258, 7.49753], [11.33712, 7.49919], [11.33724, 7.50442], [11.34301, 7.51311], [11.35497, 7.52161], [11.37197, 7.52638], [11.37938, 7.52702]]]}, "properties": {"name": "Serti B", "lga": "Gashaka", "state": "ta"}}, {"type": "Feature", "geometry": {"type": "Polygon", "coordinates": [[[10.22931, 7.36176], [10.22267, 7.36548], [10.2181, 7.36647], [10.21182, 7.36533], [10.2044, 7.36719], [10.19535, 7.39056], [10.18992, 7.39478], [10.17952, 7.39041], [10.17032, 7.38377], [10.16113, 7.3886], [10.15645, 7.38332], [10.14696, 7.38], [10.14304, 7.37277], [10.13429, 7.3687], [10.12419, 7.36267], [10.10324, 7.36116], [10.08333, 7.37231], [10.07516, 7.36813], [10.07421, 7.36111], [10.0685, 7.35255], [10.06208, 7.34862], [10.05554, 7.34377], [10.04721, 7.33532], [10.03912, 7.32676], [10.03264, 7.31664], [10.02613, 7.30734], [10.02262, 7.308], [10.01542, 7.30627], [10.00989, 7.3046], [10.00466, 7.30508], [9.99175, 7.30234], [9.98396, 7.30627], [9.97801, 7.30794], [9.97491, 7.30716], [9.972, 7.30318], [9.96807, 7.29556], [9.97192, 7.28687], [9.97933, 7.27655], [9.97586, 7.27395], [9.971, 7.26213], [9.96153, 7.25454], [9.94508, 7.25625], [9.93416, 7.26222], [9.91798, 7.26139], [9.9081, 7.25996], [9.90299, 7.26079], [9.89846, 7.25877], [9.86949, 7.26629], [9.83842, 7.2755], [9.84082, 7.27978], [9.85598, 7.32527], [9.86521, 7.36284], [9.88268, 7.41426], [9.88861, 7.46172], [9.88465, 7.50786], [9.88384, 7.50975], [9.88042, 7.51724], [9.87081, 7.54016], [9.84576, 7.57444], [9.83999, 7.57927], [9.85501, 7.58821], [9.87095, 7.59768], [9.90434, 7.6078], [9.93874, 7.60173], [9.95088, 7.60173], [9.9782, 7.59768], [10.00049, 7.59123], [10.01665, 7.58655], [10.06723, 7.55822], [10.13098, 7.51472], [10.14124, 7.50543], [10.15223, 7.49549], [10.17954, 7.47829], [10.22335, 7.45127], [10.2271, 7.44895], [10.24692, 7.43406], [10.24533, 7.42455], [10.2425, 7.42285], [10.24442, 7.41902], [10.24442, 7.41107], [10.24998, 7.40312], [10.25316, 7.39834], [10.25078, 7.39278], [10.24442, 7.39198], [10.23885, 7.38641], [10.23567, 7.37608], [10.22931, 7.36176]]]}, "properties": {"name": "Chanchangi", "lga": "Takum", "state": "ta"}}, {"type": "Feature", "geometry": {"type": "Polygon", "coordinates": [[[10.13625, 6.99715], [10.10079, 6.9676], [10.06614, 6.96511], [10.06108, 6.99724], [10.03639, 7.00943], [10.0236, 7.00467], [10.0004, 7.01627], [9.9772, 7.02252], [9.96563, 7.02319], [9.96145, 7.03761], [9.95869, 7.04513], [9.95107, 7.05883], [9.94736, 7.07044], [9.94798, 7.08533], [9.95439, 7.08726], [9.96505, 7.0865], [9.96695, 7.08307], [9.9698, 7.08231], [9.97249, 7.08462], [9.97399, 7.08592], [9.98617, 7.08288], [9.99284, 7.07774], [9.99912, 7.0785], [10.00521, 7.07755], [10.01511, 7.0766], [10.02215, 7.0745], [10.02672, 7.07336], [10.02482, 7.06841], [10.02729, 7.0646], [10.03243, 7.06841], [10.03548, 7.07165], [10.04233, 7.07241], [10.04956, 7.06917], [10.05508, 7.06346], [10.05718, 7.06213], [10.06041, 7.06613], [10.07564, 7.06175], [10.08154, 7.05775], [10.08535, 7.05452], [10.08663, 7.0528], [10.10039, 7.03434], [10.10934, 7.03396], [10.11809, 7.02177], [10.13625, 6.99715]]]}, "properties": {"name": "Kpambo Puri", "lga": "Ussa", "state": "ta"}}, {"type": "Feature", "geometry": {"type": "Polygon", "coordinates": [[[11.29951, 7.8356], [11.29024, 7.8143], [11.28738, 7.78813], [11.29214, 7.78289], [11.30023, 7.7472], [11.28453, 7.70009], [11.2298, 7.70723], [11.20172, 7.70627], [11.16746, 7.71436], [11.10035, 7.75577], [11.08275, 7.77575], [11.08941, 7.79194], [11.09893, 7.83714], [11.10464, 7.86648], [11.12827, 7.8679], [11.14671, 7.87147], [11.15326, 7.86492], [11.15445, 7.85065], [11.17564, 7.84182], [11.19378, 7.84123], [11.21579, 7.84777], [11.24197, 7.84569], [11.25565, 7.84153], [11.26487, 7.85461], [11.2729, 7.85342], [11.29194, 7.83944], [11.29951, 7.8356]]]}, "properties": {"name": "Gayam", "lga": "Gashaka", "state": "ta"}}, {"type": "Feature", "geometry": {"type": "Polygon", "coordinates": [[[9.924, 7.08571], [9.91305, 7.06756], [9.89611, 7.05196], [9.88349, 7.05767], [9.86, 7.05998], [9.83741, 7.06684], [9.82267, 7.08161], [9.82774, 7.09789], [9.86224, 7.09403], [9.88507, 7.09442], [9.89164, 7.08952], [9.8964, 7.09104], [9.91543, 7.08856], [9.924, 7.08571]]]}, "properties": {"name": "Jenuwa Kogi", "lga": "Ussa", "state": "ta"}}, {"type": "Feature", "geometry": {"type": "Polygon", "coordinates": [[[10.6142, 8.22718], [10.62617, 8.22847], [10.65371, 8.20926], [10.74609, 8.14481], [10.77864, 8.10283], [10.85488, 8.00109], [10.83052, 7.98738], [10.71888, 7.90292], [10.70862, 7.89515], [10.66722, 7.904], [10.64494, 7.89772], [10.62182, 7.88544], [10.60583, 7.89001], [10.551, 7.90315], [10.53244, 7.89715], [10.51503, 7.89315], [10.48733, 7.89087], [10.47876, 7.89829], [10.44964, 7.90829], [10.44678, 7.88402], [10.42251, 7.88287], [10.38863, 7.90362], [10.38558, 7.90819], [10.38558, 7.91314], [10.38977, 7.92076], [10.3833, 7.92799], [10.3753, 7.93865], [10.36617, 7.94169], [10.37607, 7.95274], [10.36807, 7.96187], [10.36008, 7.95807], [10.3595, 7.96436], [10.35893, 7.97063], [10.35094, 7.97824], [10.35703, 7.98776], [10.35513, 7.99157], [10.34142, 7.98928], [10.34142, 7.99728], [10.33038, 8.00206], [10.32823, 8.00465], [10.3225, 8.01154], [10.32349, 8.01599], [10.32111, 8.01885], [10.31778, 8.01647], [10.31445, 8.01861], [10.3154, 8.02123], [10.32421, 8.02575], [10.31921, 8.03146], [10.31112, 8.0267], [10.30208, 8.02741], [10.29827, 8.03241], [10.2997, 8.04145], [10.29242, 8.04764], [10.2829, 8.06058], [10.27376, 8.06077], [10.27233, 8.06693], [10.2711, 8.0722], [10.26996, 8.10399], [10.31621, 8.14149], [10.33166, 8.14533], [10.34449, 8.14852], [10.4016, 8.1468], [10.47926, 8.17364], [10.53657, 8.14905], [10.56798, 8.14714], [10.6089, 8.22662], [10.6142, 8.22718]]]}, "properties": {"name": "Takalafiya", "lga": "Bali", "state": "ta"}}, {"type": "Feature", "geometry": {"type": "Polygon", "coordinates": [[[11.13609, 7.26282], [11.19719, 7.31951], [11.21786, 7.2681], [11.26486, 7.18898], [11.36777, 7.13425], [11.43677, 7.12176], [11.55099, 7.14972], [11.7116, 7.20326], [11.7983, 7.24582], [11.81617, 7.22172], [11.83308, 7.1989], [11.8825, 7.13222], [11.86417, 7.08472], [11.81783, 7.04753], [11.81705, 7.0469], [11.76278, 7.00333], [11.75861, 7.00083], [11.70139, 6.97611], [11.69438, 6.97269], [11.63603, 7.00265], [11.63302, 7.00543], [11.62602, 7.00857], [11.61893, 7.01345], [11.61067, 7.01412], [11.60472, 7.01263], [11.59729, 7.00758], [11.57944, 6.99984], [11.57617, 7.00966], [11.57022, 7.04089], [11.56397, 7.04862], [11.56486, 7.06984], [11.55786, 7.07298], [11.54915, 7.07605], [11.53882, 7.07732], [11.53361, 7.07881], [11.52507, 7.07843], [11.51311, 7.07789], [11.50619, 7.07931], [11.49602, 7.07712], [11.48585, 7.07493], [11.47576, 7.07102], [11.4673, 7.06891], [11.45713, 7.06672], [11.41629, 7.06142], [11.40783, 7.05931], [11.39937, 7.0572], [11.39262, 7.05517], [11.38854, 7.04899], [11.39186, 7.03316], [11.40287, 7.00557], [11.39216, 7.00512], [11.37844, 7.01055], [11.35869, 7.01688], [11.32553, 7.02261], [11.30425, 7.01808], [11.28854, 7.02237], [11.28489, 7.05205], [11.27602, 7.05857], [11.27244, 7.06187], [11.26869, 7.06863], [11.26716, 7.07031], [11.25965, 7.0786], [11.25248, 7.0852], [11.24361, 7.09172], [11.23473, 7.09824], [11.2274, 7.10829], [11.22024, 7.11489], [11.21641, 7.12337], [11.21095, 7.13004], [11.19695, 7.13633], [11.19157, 7.14128], [11.18628, 7.1445], [11.17912, 7.1511], [11.17187, 7.15943], [11.16299, 7.16595], [11.15591, 7.17082], [11.14858, 7.18087], [11.13962, 7.18912], [11.13416, 7.19579], [11.13009, 7.20945], [11.13664, 7.25127], [11.13631, 7.25817], [11.13609, 7.26282]]]}, "properties": {"name": "Mai Idanu", "lga": "Gashaka", "state": "ta"}}, {"type": "Feature", "geometry": {"type": "Polygon", "coordinates": [[[11.34705, 7.49643], [11.34826, 7.49336], [11.3357, 7.47965], [11.31209, 7.44215], [11.27379, 7.40922], [11.21804, 7.43884], [11.19591, 7.48381], [11.14153, 7.55851], [11.15641, 7.59017], [11.17926, 7.66156], [11.20172, 7.70627], [11.2298, 7.70723], [11.28453, 7.70009], [11.30097, 7.68598], [11.42446, 7.62459], [11.43131, 7.61488], [11.42541, 7.60612], [11.43091, 7.59054], [11.42663, 7.58054], [11.41195, 7.56798], [11.40814, 7.56075], [11.41537, 7.55637], [11.41613, 7.54971], [11.40909, 7.53924], [11.41004, 7.53619], [11.4148, 7.53581], [11.42641, 7.52782], [11.43041, 7.52058], [11.42986, 7.51499], [11.42965, 7.5151], [11.41559, 7.52249], [11.39817, 7.53298], [11.39117, 7.53348], [11.38468, 7.53234], [11.38025, 7.5271], [11.37938, 7.52702], [11.37197, 7.52638], [11.35497, 7.52161], [11.34301, 7.51311], [11.33724, 7.50442], [11.33712, 7.49919], [11.34258, 7.49753], [11.3443, 7.49643], [11.34705, 7.49643]]]}, "properties": {"name": "Galimjina", "lga": "Gashaka", "state": "ta"}}, {"type": "Feature", "geometry": {"type": "Polygon", "coordinates": [[[10.14417, 7.08611], [10.14437, 7.09624], [10.14916, 7.11006], [10.17777, 7.10638], [10.17873, 7.1276], [10.15806, 7.13779], [10.15996, 7.15109], [10.15948, 7.15311], [10.15413, 7.15715], [10.14675, 7.16298], [10.13723, 7.16869], [10.13545, 7.17524], [10.1339, 7.18154], [10.13343, 7.1844], [10.13961, 7.18595], [10.14271, 7.1894], [10.1433, 7.20189], [10.14271, 7.2101], [10.1426, 7.21105], [10.14199, 7.21652], [10.13105, 7.22116], [10.1314, 7.22699], [10.1414, 7.23389], [10.15294, 7.23627], [10.15388, 7.25154], [10.14778, 7.26172], [10.13111, 7.27744], [10.14809, 7.28189], [10.16024, 7.28502], [10.16868, 7.27875], [10.16874, 7.27583], [10.1704, 7.27405], [10.17242, 7.27161], [10.17469, 7.27101], [10.17814, 7.26875], [10.18004, 7.26834], [10.18593, 7.26251], [10.18688, 7.2603], [10.18599, 7.254], [10.18475, 7.2469], [10.18507, 7.24685], [10.21176, 7.23579], [10.23487, 7.20668], [10.23805, 7.18123], [10.23726, 7.16373], [10.23249, 7.14067], [10.22472, 7.12094], [10.22215, 7.11442], [10.2134, 7.09374], [10.19988, 7.07306], [10.18866, 7.06516], [10.17483, 7.0394], [10.17118, 7.03262], [10.16163, 7.05126], [10.16056, 7.05433], [10.15785, 7.06075], [10.15585, 7.07068], [10.15442, 7.07567], [10.15171, 7.08081], [10.14479, 7.08588], [10.14417, 7.08611]]]}, "properties": {"name": "Kwesati", "lga": "Ussa", "state": "ta"}}, {"type": "Feature", "geometry": {"type": "Polygon", "coordinates": [[[9.98385, 7.2524], [9.98653, 7.24871], [9.98193, 7.24804], [9.98244, 7.24296], [9.98489, 7.24118], [9.98968, 7.2388], [9.99706, 7.24139], [10.00815, 7.2259], [9.9954, 7.21725], [9.98925, 7.21908], [9.97192, 7.22424], [9.94991, 7.23346], [9.93355, 7.2412], [9.91511, 7.24417], [9.90203, 7.2296], [9.8931, 7.21026], [9.88596, 7.17041], [9.88474, 7.15154], [9.88116, 7.15396], [9.87619, 7.15321], [9.87061, 7.15698], [9.86187, 7.15894], [9.86006, 7.16089], [9.85659, 7.16105], [9.8477, 7.16316], [9.83639, 7.16662], [9.83187, 7.17085], [9.82599, 7.17069], [9.82329, 7.17151], [9.82401, 7.17234], [9.83456, 7.19936], [9.83521, 7.21716], [9.83161, 7.22762], [9.82862, 7.23628], [9.82702, 7.244], [9.82496, 7.2546], [9.82829, 7.25737], [9.83842, 7.2755], [9.86949, 7.26629], [9.89846, 7.25877], [9.90299, 7.26079], [9.9081, 7.25996], [9.91798, 7.26139], [9.93416, 7.26222], [9.94508, 7.25625], [9.96153, 7.25454], [9.971, 7.26213], [9.97586, 7.27395], [9.97933, 7.27655], [9.97944, 7.2764], [9.98953, 7.27129], [9.98459, 7.26844], [9.98271, 7.26547], [9.98045, 7.26463], [9.98062, 7.26289], [9.98338, 7.26098], [9.98247, 7.25999], [9.98349, 7.25671], [9.98589, 7.25532], [9.98385, 7.2524]]]}, "properties": {"name": "Rogo", "lga": "Takum", "state": "ta"}}, {"type": "Feature", "geometry": {"type": "Polygon", "coordinates": [[[11.17088, 6.89083], [11.17058, 6.86763], [11.17646, 6.8521], [11.19094, 6.84713], [11.19269, 6.84407], [11.1796, 6.83165], [11.1692, 6.81899], [11.15819, 6.81311], [11.14372, 6.78567], [11.13151, 6.75597], [11.13164, 6.75353], [11.13128, 6.7537], [11.11339, 6.72762], [11.10768, 6.72324], [11.10482, 6.71468], [11.0974, 6.71239], [11.09587, 6.72324], [11.09302, 6.72781], [11.08559, 6.72362], [11.0736, 6.72971], [11.06679, 6.72454], [11.05687, 6.73685], [11.04988, 6.74554], [11.04361, 6.75333], [11.02609, 6.77145], [11.01917, 6.77861], [11.01367, 6.78051], [11, 6.78083], [10.96944, 6.7775], [10.95639, 6.77694], [10.94333, 6.77806], [10.93861, 6.78], [10.90306, 6.80694], [10.88278, 6.82778], [10.88111, 6.83944], [10.88167, 6.86694], [10.87917, 6.87778], [10.87448, 6.89254], [10.98672, 6.90036], [11.01944, 6.88787], [11.0742, 6.87478], [11.0983, 6.8608], [11.11822, 6.85931], [11.14291, 6.85783], [11.17088, 6.89083]]]}, "properties": {"name": "Kakara", "lga": "Sardauna", "state": "ta"}}, {"type": "Feature", "geometry": {"type": "Polygon", "coordinates": [[[11.69438, 6.97269], [11.64611, 6.94917], [11.63778, 6.94389], [11.5875, 6.89222], [11.58598, 6.88972], [11.52103, 6.88643], [11.48748, 6.89357], [11.44787, 6.89357], [11.39754, 6.87715], [11.3772, 6.89107], [11.34828, 6.92819], [11.33222, 6.97673], [11.3406, 7.01958], [11.34814, 7.01839], [11.35869, 7.01688], [11.37844, 7.01055], [11.39216, 7.00512], [11.40287, 7.00557], [11.39186, 7.03316], [11.38854, 7.04899], [11.39262, 7.05517], [11.39937, 7.0572], [11.40783, 7.05931], [11.41629, 7.06142], [11.45713, 7.06672], [11.4673, 7.06891], [11.47576, 7.07102], [11.48585, 7.07493], [11.49602, 7.07712], [11.50619, 7.07931], [11.51311, 7.07789], [11.52507, 7.07843], [11.53361, 7.07881], [11.53882, 7.07732], [11.54915, 7.07605], [11.55786, 7.07298], [11.56486, 7.06984], [11.56397, 7.04862], [11.57022, 7.04089], [11.57617, 7.00966], [11.57944, 6.99984], [11.59729, 7.00758], [11.60472, 7.01263], [11.61067, 7.01412], [11.61893, 7.01345], [11.62602, 7.00857], [11.63302, 7.00543], [11.63603, 7.00265], [11.69438, 6.97269]]]}, "properties": {"name": "Mayo-Ndaga", "lga": "Sardauna", "state": "ta"}}, {"type": "Feature", "geometry": {"type": "Polygon", "coordinates": [[[10.7554, 7.61716], [10.75937, 7.62011], [10.76612, 7.62214], [10.77116, 7.6241], [10.78596, 7.63688], [10.78906, 7.63963], [10.7928, 7.63718], [10.80167, 7.63066], [10.80875, 7.62579], [10.81779, 7.61582], [10.82496, 7.60922], [10.83229, 7.59917], [10.84296, 7.591], [10.84662, 7.58597], [10.852, 7.58102], [10.87325, 7.56641], [10.88579, 7.55486], [10.89124, 7.54819], [10.89687, 7.53806], [10.90078, 7.52785], [10.90469, 7.51765], [10.9104, 7.5058], [10.91236, 7.50069], [10.91643, 7.48704], [10.92043, 7.47511], [10.92192, 7.44403], [10.92437, 7.42857], [10.92658, 7.41829], [10.9277, 7.41239], [10.92887, 7.40628], [10.93457, 7.39443], [10.93865, 7.38077], [10.9424, 7.37402], [10.94623, 7.36554], [10.95015, 7.35533], [10.95406, 7.34513], [10.9561, 7.3383], [10.96343, 7.32825], [10.96718, 7.3215], [10.97264, 7.31482], [10.97801, 7.30988], [10.98176, 7.30312], [10.98917, 7.29135], [10.99496, 7.27777], [10.99537, 7.26913], [10.99579, 7.2605], [10.99645, 7.24669], [10.99516, 7.23798], [10.99711, 7.23288], [10.99719, 7.23123], [10.9197, 7.22962], [10.90233, 7.22534], [10.83697, 7.25561], [10.75845, 7.20731], [10.74601, 7.19751], [10.7015, 7.22501], [10.68208, 7.22405], [10.65543, 7.21872], [10.65146, 7.2173], [10.64895, 7.25509], [10.64579, 7.25976], [10.61955, 7.27906], [10.60132, 7.29399], [10.60084, 7.30323], [10.62891, 7.3394], [10.64319, 7.40603], [10.63127, 7.50496], [10.66091, 7.53091], [10.66741, 7.53812], [10.67237, 7.5418], [10.67896, 7.54729], [10.68717, 7.55458], [10.71489, 7.58351], [10.72148, 7.58899], [10.72644, 7.59268], [10.7314, 7.59636], [10.73628, 7.60177], [10.74286, 7.60726], [10.74774, 7.61267], [10.7554, 7.61716]]]}, "properties": {"name": "Bente Galea", "lga": "Kurmi", "state": "ta"}}, {"type": "Feature", "geometry": {"type": "Polygon", "coordinates": [[[11.13164, 6.75353], [11.13151, 6.75597], [11.14372, 6.78567], [11.15819, 6.81311], [11.1692, 6.81899], [11.1796, 6.83165], [11.19269, 6.84407], [11.19578, 6.83871], [11.21334, 6.8163], [11.22033, 6.80502], [11.21676, 6.79003], [11.21705, 6.77761], [11.22147, 6.76576], [11.23247, 6.76047], [11.23284, 6.7431], [11.24752, 6.72822], [11.24844, 6.72821], [11.24955, 6.72934], [11.25153, 6.72955], [11.25306, 6.72905], [11.25489, 6.72784], [11.25862, 6.71543], [11.25804, 6.71522], [11.25743, 6.71465], [11.25567, 6.7128], [11.25447, 6.70938], [11.25314, 6.70935], [11.25056, 6.71116], [11.24932, 6.71172], [11.24378, 6.70893], [11.24218, 6.70942], [11.23997, 6.71079], [11.23702, 6.71135], [11.23342, 6.70986], [11.22, 6.7056], [11.21248, 6.70313], [11.20773, 6.69951], [11.19935, 6.69399], [11.1766, 6.68514], [11.17213, 6.68714], [11.16785, 6.68771], [11.16515, 6.68495], [11.16516, 6.68517], [11.16059, 6.68441], [11.15431, 6.68936], [11.15622, 6.71753], [11.15736, 6.7261], [11.1507, 6.73352], [11.13737, 6.74666], [11.13547, 6.75179], [11.13164, 6.75353]]]}, "properties": {"name": "Gembu B", "lga": "Sardauna", "state": "ta"}}, {"type": "Feature", "geometry": {"type": "Polygon", "coordinates": [[[10.66705, 7.03221], [10.62972, 7.04917], [10.62, 7.05361], [10.61666, 7.05694], [10.615, 7.06861], [10.60947, 7.06389], [10.60469, 7.06949], [10.5954, 7.07586], [10.59912, 7.08382], [10.60363, 7.09707], [10.60601, 7.10503], [10.59912, 7.11882], [10.60097, 7.12969], [10.59779, 7.14004], [10.5981, 7.14064], [10.61079, 7.16496], [10.61874, 7.18035], [10.63677, 7.18565], [10.68265, 7.19891], [10.68849, 7.19917], [10.69749, 7.19891], [10.70929, 7.18977], [10.7209, 7.18577], [10.73861, 7.19168], [10.74601, 7.19751], [10.75845, 7.20731], [10.83697, 7.25561], [10.90233, 7.22534], [10.87925, 7.19464], [10.825, 7.1492], [10.79906, 7.14682], [10.77075, 7.13254], [10.75718, 7.12088], [10.7598, 7.10565], [10.75695, 7.07258], [10.75191, 7.063], [10.72259, 7.06326], [10.69308, 7.06278], [10.66705, 7.03221]]]}, "properties": {"name": "Ashuku", "lga": "Kurmi", "state": "ta"}}, {"type": "Feature", "geometry": {"type": "Polygon", "coordinates": [[[11.13533, 8.6112], [11.16979, 8.63674], [11.18039, 8.63714], [11.18479, 8.63802], [11.18743, 8.64326], [11.18706, 8.64628], [11.18838, 8.65083], [11.1908, 8.65306], [11.19143, 8.65643], [11.19958, 8.65786], [11.20209, 8.66052], [11.20364, 8.67411], [11.21125, 8.67729], [11.21051, 8.68346], [11.21246, 8.68713], [11.21436, 8.69367], [11.2149, 8.70117], [11.21838, 8.7031], [11.22136, 8.70541], [11.22474, 8.71016], [11.22824, 8.71103], [11.22929, 8.71134], [11.22992, 8.71693], [11.23074, 8.71812], [11.23282, 8.72043], [11.23475, 8.72269], [11.22872, 8.72922], [11.22898, 8.73039], [11.22864, 8.73245], [11.23225, 8.73598], [11.23271, 8.73893], [11.23153, 8.74325], [11.22632, 8.74691], [11.22043, 8.74841], [11.21769, 8.75102], [11.21343, 8.75135], [11.21154, 8.75276], [11.20699, 8.75586], [11.20337, 8.7572], [11.20275, 8.7601], [11.19885, 8.76367], [11.19796, 8.76488], [11.19995, 8.77653], [11.19964, 8.77839], [11.19826, 8.77981], [11.19814, 8.78247], [11.21095, 8.79471], [11.21857, 8.79626], [11.23489, 8.81024], [11.2338, 8.81653], [11.25975, 8.79613], [11.26417, 8.79691], [11.26528, 8.79627], [11.26518, 8.7934], [11.26606, 8.79229], [11.26651, 8.791], [11.27024, 8.79076], [11.27145, 8.79176], [11.27321, 8.79122], [11.27559, 8.78587], [11.27839, 8.78442], [11.28188, 8.78132], [11.28585, 8.77965], [11.28815, 8.77999], [11.28936, 8.77665], [11.29279, 8.77465], [11.29533, 8.7717], [11.29905, 8.76994], [11.30255, 8.77022], [11.30521, 8.76936], [11.30674, 8.76683], [11.30774, 8.76706], [11.30964, 8.76772], [11.3103, 8.767], [11.31082, 8.76274], [11.312, 8.75888], [11.31207, 8.75755], [11.30974, 8.74776], [11.30744, 8.74622], [11.30767, 8.74312], [11.30662, 8.73995], [11.3074, 8.73364], [11.30895, 8.73276], [11.32158, 8.72408], [11.32321, 8.72271], [11.3239, 8.71951], [11.32492, 8.71849], [11.32512, 8.71321], [11.3064, 8.70776], [11.27874, 8.6914], [11.26833, 8.66612], [11.26424, 8.64565], [11.25591, 8.63459], [11.25769, 8.62404], [11.25736, 8.60597], [11.27528, 8.59264], [11.27641, 8.588], [11.27638, 8.58802], [11.27632, 8.588], [11.26623, 8.58409], [11.25794, 8.57852], [11.2411, 8.57257], [11.23435, 8.57054], [11.22581, 8.57016], [11.21718, 8.5715], [11.20334, 8.57434], [11.17526, 8.58864], [11.16484, 8.59164], [11.13533, 8.6112]]]}, "properties": {"name": "Mallum", "lga": "Ardo-Kola", "state": "ta"}}, {"type": "Feature", "geometry": {"type": "MultiPolygon", "coordinates": [[[[11.19885, 8.76367], [11.20275, 8.7601], [11.20337, 8.7572], [11.20699, 8.75586], [11.21154, 8.75276], [11.21343, 8.75135], [11.21769, 8.75102], [11.22043, 8.74841], [11.22632, 8.74691], [11.23153, 8.74325], [11.23271, 8.73893], [11.23225, 8.73598], [11.22864, 8.73245], [11.22898, 8.73039], [11.22872, 8.72922], [11.23475, 8.72269], [11.23282, 8.72043], [11.23074, 8.71812], [11.22992, 8.71693], [11.22929, 8.71134], [11.22824, 8.71103], [11.22474, 8.71016], [11.22136, 8.70541], [11.21838, 8.7031], [11.2149, 8.70117], [11.21436, 8.69367], [11.21246, 8.68713], [11.21051, 8.68346], [11.21125, 8.67729], [11.20364, 8.67411], [11.20209, 8.66052], [11.19958, 8.65786], [11.19143, 8.65643], [11.1908, 8.65306], [11.18838, 8.65083], [11.18706, 8.64628], [11.18743, 8.64326], [11.18479, 8.63802], [11.18039, 8.63714], [11.16979, 8.63674], [11.17168, 8.6477], [11.17494, 8.65044], [11.17628, 8.6608], [11.17874, 8.66208], [11.18128, 8.69212], [11.18115, 8.6993], [11.18174, 8.70377], [11.18358, 8.70726], [11.18283, 8.70952], [11.18308, 8.71392], [11.18742, 8.71572], [11.19056, 8.72002], [11.18966, 8.7242], [11.19061, 8.72841], [11.1901, 8.73369], [11.18401, 8.73674], [11.18089, 8.74066], [11.17843, 8.74608], [11.17894, 8.75252], [11.1873, 8.75648], [11.19885, 8.76367]]], [[[11.24857, 8.86226], [11.25187, 8.86404], [11.25189, 8.8651], [11.25886, 8.86749], [11.2589, 8.86884], [11.26035, 8.86854], [11.2605, 8.86994], [11.26068, 8.87143], [11.26392, 8.87246], [11.26827, 8.87547], [11.27162, 8.8766], [11.27543, 8.8755], [11.28277, 8.87883], [11.286, 8.87375], [11.2924, 8.87225], [11.2998, 8.87158], [11.29877, 8.86615], [11.29862, 8.86429], [11.29991, 8.86079], [11.30022, 8.85964], [11.30009, 8.85872], [11.29962, 8.85791], [11.29744, 8.85465], [11.29615, 8.84975], [11.29589, 8.84758], [11.29513, 8.83945], [11.28483, 8.81866], [11.29066, 8.81554], [11.29165, 8.81629], [11.29243, 8.81635], [11.29577, 8.81809], [11.29809, 8.8202], [11.29954, 8.8224], [11.30088, 8.82364], [11.30271, 8.82414], [11.30216, 8.82041], [11.30147, 8.81832], [11.30155, 8.81113], [11.30339, 8.80761], [11.30325, 8.80315], [11.30455, 8.79708], [11.30306, 8.79583], [11.30258, 8.79446], [11.30329, 8.79046], [11.30301, 8.78919], [11.30253, 8.78747], [11.30223, 8.78486], [11.30811, 8.77746], [11.3078, 8.77592], [11.30688, 8.77473], [11.30745, 8.77338], [11.30858, 8.77315], [11.30917, 8.77131], [11.30944, 8.76953], [11.30964, 8.76772], [11.30774, 8.76706], [11.30674, 8.76683], [11.30521, 8.76936], [11.30255, 8.77022], [11.29905, 8.76994], [11.29533, 8.7717], [11.29279, 8.77465], [11.28936, 8.77665], [11.28815, 8.77999], [11.28585, 8.77965], [11.28188, 8.78132], [11.27839, 8.78442], [11.27559, 8.78587], [11.27321, 8.79122], [11.27145, 8.79176], [11.27024, 8.79076], [11.26651, 8.791], [11.26606, 8.79229], [11.26518, 8.7934], [11.26528, 8.79627], [11.26417, 8.79691], [11.25975, 8.79613], [11.2338, 8.81653], [11.2383, 8.82273], [11.24149, 8.82369], [11.24377, 8.83028], [11.24622, 8.83971], [11.24214, 8.84397], [11.24173, 8.84573], [11.24254, 8.84702], [11.24439, 8.84813], [11.24586, 8.85044], [11.2494, 8.8513], [11.24905, 8.85598], [11.24873, 8.86014], [11.24857, 8.86226]]]]}, "properties": {"name": "Bakin Dutse", "lga": "Ardo-Kola", "state": "ta"}}, {"type": "Feature", "geometry": {"type": "Polygon", "coordinates": [[[10.99694, 8.76322], [10.99716, 8.76599], [10.99916, 8.76747], [10.99923, 8.76866], [11.00138, 8.77013], [11.00463, 8.78499], [11.00399, 8.78886], [11.00409, 8.79348], [11.00501, 8.79651], [11.00044, 8.82037], [10.99924, 8.82345], [10.99749, 8.82517], [10.99607, 8.82772], [11.00134, 8.83224], [11.00388, 8.83281], [11.00762, 8.8371], [11.01096, 8.84212], [11.01018, 8.84353], [11.00955, 8.84741], [11.00931, 8.84926], [11.01107, 8.85948], [11.00671, 8.86424], [11.00497, 8.87827], [11.00392, 8.88026], [11.00397, 8.88108], [11.00135, 8.88745], [11.00235, 8.89077], [11.0076, 8.89476], [11.01002, 8.89725], [11.0333, 8.88746], [11.04534, 8.88487], [11.04598, 8.88428], [11.04666, 8.8835], [11.04649, 8.88276], [11.04539, 8.88173], [11.04475, 8.88007], [11.0459, 8.87972], [11.04639, 8.87935], [11.05174, 8.86649], [11.05107, 8.86055], [11.05274, 8.86038], [11.05372, 8.85898], [11.05667, 8.85751], [11.05896, 8.85813], [11.06389, 8.86577], [11.06872, 8.86364], [11.07446, 8.86598], [11.0791, 8.86607], [11.08018, 8.86455], [11.08208, 8.86302], [11.08321, 8.86127], [11.08601, 8.86205], [11.09063, 8.86296], [11.09345, 8.86267], [11.09523, 8.86181], [11.0994, 8.85556], [11.10056, 8.8544], [11.10188, 8.85324], [11.10431, 8.8534], [11.10692, 8.84521], [11.10604, 8.84019], [11.10746, 8.83582], [11.0997, 8.83237], [11.09325, 8.82947], [11.09126, 8.82849], [11.09149, 8.82097], [11.09272, 8.81758], [11.0926, 8.81187], [11.11911, 8.80863], [11.12622, 8.80059], [11.13604, 8.8038], [11.13999, 8.80268], [11.14174, 8.80675], [11.14457, 8.80651], [11.14584, 8.80782], [11.1547, 8.80473], [11.15721, 8.79932], [11.16034, 8.7966], [11.16774, 8.79159], [11.17082, 8.78633], [11.17639, 8.7836], [11.17913, 8.77982], [11.18435, 8.77801], [11.19814, 8.78247], [11.19826, 8.77981], [11.19964, 8.77839], [11.19796, 8.76488], [11.19885, 8.76367], [11.1873, 8.75648], [11.17894, 8.75252], [11.17843, 8.74608], [11.18089, 8.74066], [11.18401, 8.73674], [11.1901, 8.73369], [11.19061, 8.72841], [11.18966, 8.7242], [11.19056, 8.72002], [11.18742, 8.71572], [11.18308, 8.71392], [11.18283, 8.70952], [11.18358, 8.70726], [11.18174, 8.70377], [11.18115, 8.6993], [11.18128, 8.69212], [11.17874, 8.66208], [11.17628, 8.6608], [11.17494, 8.65044], [11.17168, 8.6477], [11.16979, 8.63674], [11.13533, 8.6112], [11.13122, 8.61434], [11.12593, 8.61757], [11.11697, 8.62581], [11.1104, 8.63142], [11.10281, 8.63556], [11.09752, 8.63878], [11.08726, 8.63832], [11.08035, 8.63974], [11.07164, 8.64281], [11.06789, 8.64956], [11.05918, 8.65263], [11.03237, 8.67731], [11.03222, 8.72429], [11.02918, 8.73152], [11.01294, 8.74776], [10.99758, 8.76312], [10.99694, 8.76322]]]}, "properties": {"name": "Zangon Kombi", "lga": "Ardo-Kola", "state": "ta"}}, {"type": "Feature", "geometry": {"type": "Polygon", "coordinates": [[[10.97479, 9.031], [11.00426, 9.00465], [11.00851, 8.97708], [11.02856, 8.9761], [11.0348, 8.96773], [11.03837, 8.9646], [11.04093, 8.95759], [11.04206, 8.95508], [11.04077, 8.9413], [11.02997, 8.93012], [11.02632, 8.92775], [11.02299, 8.9268], [11.0237, 8.91948], [11.0219, 8.91998], [11.01984, 8.92023], [11.01872, 8.91715], [11.01074, 8.91598], [11.01087, 8.90605], [11.01156, 8.90292], [11.00997, 8.9014], [11.00976, 8.89832], [11.01002, 8.89725], [11.0076, 8.89476], [11.00235, 8.89077], [11.00135, 8.88745], [11.00397, 8.88108], [11.00392, 8.88026], [11.00497, 8.87827], [11.00671, 8.86424], [11.01107, 8.85948], [11.00931, 8.84926], [11.00955, 8.84741], [11.01018, 8.84353], [11.01096, 8.84212], [11.00762, 8.8371], [11.00388, 8.83281], [11.00134, 8.83224], [10.99607, 8.82772], [10.99749, 8.82517], [10.99924, 8.82345], [11.00044, 8.82037], [11.00501, 8.79651], [11.00409, 8.79348], [11.00399, 8.78886], [11.00463, 8.78499], [11.00138, 8.77013], [10.99923, 8.76866], [10.99916, 8.76747], [10.99716, 8.76599], [10.99694, 8.76322], [10.98235, 8.76541], [10.97569, 8.77112], [10.96579, 8.77626], [10.95837, 8.78558], [10.94637, 8.79929], [10.93552, 8.80367], [10.92422, 8.8125], [10.91817, 8.81505], [10.91474, 8.81305], [10.91117, 8.81352], [10.89167, 8.82502], [10.89947, 8.84094], [10.93283, 8.93068], [10.93722, 8.94645], [10.9416, 8.96222], [10.94931, 8.97986], [10.95394, 8.99045], [10.95678, 9.00269], [10.96312, 9.01336], [10.9662, 9.02042], [10.97108, 9.02583], [10.97479, 9.031]]]}, "properties": {"name": "Mayo Renewo", "lga": "Ardo-Kola", "state": "ta"}}, {"type": "Feature", "geometry": {"type": "Polygon", "coordinates": [[[10.05897, 7.67909], [10.05246, 7.6933], [10.0471, 7.69682], [10.03763, 7.69809], [10.01874, 7.69464], [10.01335, 7.69769], [10.01245, 7.70386], [10.01752, 7.70979], [10.02802, 7.71245], [10.03202, 7.71552], [10.03722, 7.72147], [10.03886, 7.72138], [10.04088, 7.72591], [10.04208, 7.72506], [10.04321, 7.72521], [10.04797, 7.72595], [10.04875, 7.72599], [10.05187, 7.71618], [10.05263, 7.71663], [10.0564, 7.71941], [10.05711, 7.72013], [10.06866, 7.71053], [10.07155, 7.70866], [10.07653, 7.70639], [10.07385, 7.70216], [10.07452, 7.69783], [10.07488, 7.69606], [10.07369, 7.69476], [10.07218, 7.6955], [10.06801, 7.69574], [10.06466, 7.69547], [10.0642, 7.69415], [10.06167, 7.68419], [10.05897, 7.67909]]]}, "properties": {"name": "Gyata Aure", "lga": "Donga", "state": "ta"}}, {"type": "Feature", "geometry": {"type": "Polygon", "coordinates": [[[11.19814, 8.78247], [11.18435, 8.77801], [11.17913, 8.77982], [11.17639, 8.7836], [11.17082, 8.78633], [11.16774, 8.79159], [11.16034, 8.7966], [11.15721, 8.79932], [11.1547, 8.80473], [11.14584, 8.80782], [11.14457, 8.80651], [11.14174, 8.80675], [11.13999, 8.80268], [11.13604, 8.8038], [11.12622, 8.80059], [11.11911, 8.80863], [11.0926, 8.81187], [11.09272, 8.81758], [11.09149, 8.82097], [11.09126, 8.82849], [11.09325, 8.82947], [11.0997, 8.83237], [11.10746, 8.83582], [11.10604, 8.84019], [11.10692, 8.84521], [11.10431, 8.8534], [11.10188, 8.85324], [11.10056, 8.8544], [11.0994, 8.85556], [11.09523, 8.86181], [11.09981, 8.85994], [11.10372, 8.85985], [11.10669, 8.85854], [11.10875, 8.85618], [11.11048, 8.8555], [11.11315, 8.85507], [11.11561, 8.8576], [11.11793, 8.86104], [11.12064, 8.86325], [11.12326, 8.86305], [11.12666, 8.85947], [11.13026, 8.8586], [11.13217, 8.86025], [11.13572, 8.85982], [11.14098, 8.85028], [11.15142, 8.86386], [11.15442, 8.8686], [11.15343, 8.87434], [11.15384, 8.87814], [11.15753, 8.88344], [11.16319, 8.88575], [11.16792, 8.88879], [11.17504, 8.89015], [11.17731, 8.89033], [11.18061, 8.88871], [11.18447, 8.88918], [11.18646, 8.89032], [11.19006, 8.88928], [11.19984, 8.89345], [11.20245, 8.89661], [11.20523, 8.89742], [11.21347, 8.89608], [11.21581, 8.89626], [11.21903, 8.89545], [11.22072, 8.89378], [11.22148, 8.89209], [11.22173, 8.89188], [11.22524, 8.89176], [11.22626, 8.89233], [11.22854, 8.8938], [11.22962, 8.89475], [11.23687, 8.88223], [11.23604, 8.88059], [11.23863, 8.87357], [11.24665, 8.86791], [11.24857, 8.86226], [11.24873, 8.86014], [11.24905, 8.85598], [11.2494, 8.8513], [11.24586, 8.85044], [11.24439, 8.84813], [11.24254, 8.84702], [11.24173, 8.84573], [11.24214, 8.84397], [11.24622, 8.83971], [11.24377, 8.83028], [11.24149, 8.82369], [11.2383, 8.82273], [11.2338, 8.81653], [11.23489, 8.81024], [11.21857, 8.79626], [11.21095, 8.79471], [11.19814, 8.78247]]]}, "properties": {"name": "Iware", "lga": "Ardo-Kola", "state": "ta"}}, {"type": "Feature", "geometry": {"type": "Polygon", "coordinates": [[[10.09894, 7.53658], [10.11683, 7.5629], [10.11393, 7.57186], [10.1172, 7.57955], [10.12573, 7.57763], [10.13909, 7.58821], [10.14139, 7.60556], [10.13312, 7.63105], [10.14596, 7.63171], [10.16064, 7.62786], [10.17635, 7.61399], [10.18717, 7.61541], [10.18911, 7.62461], [10.19351, 7.63479], [10.20453, 7.64555], [10.22401, 7.63631], [10.24004, 7.62331], [10.24721, 7.62122], [10.2556, 7.61721], [10.24994, 7.61246], [10.24871, 7.60864], [10.24448, 7.59546], [10.23554, 7.59151], [10.2342, 7.58776], [10.24393, 7.57595], [10.24852, 7.574], [10.25009, 7.56752], [10.25342, 7.56409], [10.25696, 7.56342], [10.26014, 7.56326], [10.26093, 7.56094], [10.26102, 7.56005], [10.26077, 7.5591], [10.26348, 7.55891], [10.26533, 7.55768], [10.26861, 7.5559], [10.26922, 7.55108], [10.26698, 7.54798], [10.26846, 7.54343], [10.26704, 7.5405], [10.26407, 7.53972], [10.25927, 7.5352], [10.25328, 7.52816], [10.24893, 7.5218], [10.24414, 7.51932], [10.24989, 7.51292], [10.25128, 7.51039], [10.25477, 7.50921], [10.25635, 7.50719], [10.257, 7.50431], [10.25878, 7.50138], [10.27135, 7.48071], [10.2704, 7.47564], [10.27179, 7.4746], [10.27375, 7.47334], [10.27693, 7.47245], [10.2778, 7.4701], [10.27815, 7.46581], [10.27811, 7.43412], [10.27673, 7.42403], [10.27543, 7.41985], [10.27801, 7.41127], [10.28277, 7.39708], [10.28601, 7.39425], [10.28633, 7.39218], [10.28694, 7.39068], [10.28706, 7.3899], [10.29447, 7.39051], [10.29716, 7.38856], [10.29806, 7.3884], [10.30027, 7.38899], [10.30237, 7.38779], [10.3043, 7.38747], [10.30594, 7.38663], [10.31009, 7.38276], [10.31414, 7.38058], [10.31796, 7.38217], [10.32631, 7.37263], [10.32912, 7.37003], [10.32896, 7.36681], [10.33174, 7.36235], [10.3345, 7.35993], [10.33753, 7.35775], [10.34206, 7.35296], [10.34436, 7.3469], [10.34729, 7.34424], [10.34824, 7.34071], [10.34734, 7.33741], [10.35668, 7.32662], [10.35695, 7.32432], [10.35593, 7.32288], [10.35374, 7.32121], [10.3525, 7.31722], [10.35977, 7.29024], [10.37038, 7.25227], [10.36212, 7.25201], [10.35814, 7.24883], [10.35019, 7.25042], [10.34224, 7.25678], [10.33349, 7.25598], [10.32315, 7.24724], [10.31361, 7.24883], [10.28895, 7.25917], [10.27384, 7.27428], [10.26748, 7.27825], [10.26509, 7.28382], [10.26191, 7.29098], [10.25555, 7.30609], [10.25228, 7.31169], [10.24998, 7.31563], [10.23169, 7.34585], [10.22931, 7.36176], [10.23567, 7.37608], [10.23885, 7.38641], [10.24442, 7.39198], [10.25078, 7.39278], [10.25316, 7.39834], [10.24998, 7.40312], [10.24442, 7.41107], [10.24442, 7.41902], [10.2425, 7.42285], [10.24533, 7.42455], [10.24692, 7.43406], [10.2271, 7.44895], [10.22335, 7.45127], [10.17954, 7.47829], [10.15223, 7.49549], [10.14124, 7.50543], [10.13098, 7.51472], [10.09894, 7.53658]]]}, "properties": {"name": "Kumbo", "lga": "Donga", "state": "ta"}}, {"type": "Feature", "geometry": {"type": "Polygon", "coordinates": [[[10.03722, 7.72147], [10.04037, 7.72942], [10.0404, 7.7423], [10.02934, 7.75712], [10.03113, 7.75871], [10.03272, 7.75907], [10.03412, 7.75943], [10.03389, 7.76064], [10.03557, 7.76252], [10.03686, 7.76664], [10.04403, 7.77174], [10.05061, 7.77275], [10.05384, 7.77034], [10.05667, 7.76826], [10.07307, 7.76965], [10.08553, 7.79261], [10.0919, 7.76306], [10.09219, 7.75882], [10.0868, 7.75779], [10.08528, 7.75697], [10.08339, 7.75087], [10.08195, 7.75159], [10.07984, 7.74668], [10.07811, 7.74495], [10.07388, 7.74418], [10.07116, 7.74827], [10.06813, 7.74956], [10.05982, 7.74743], [10.04941, 7.72553], [10.04088, 7.72591], [10.03886, 7.72138], [10.03722, 7.72147]]]}, "properties": {"name": "Fada", "lga": "Donga", "state": "ta"}}, {"type": "Feature", "geometry": {"type": "Polygon", "coordinates": [[[10.45587, 7.50192], [10.45571, 7.50115], [10.45024, 7.49095], [10.44268, 7.48718], [10.43669, 7.48742], [10.43303, 7.48831], [10.42642, 7.48537], [10.40151, 7.4797], [10.36881, 7.48943], [10.36968, 7.48118], [10.34972, 7.47558], [10.34758, 7.4751], [10.348, 7.47233], [10.34524, 7.45891], [10.34043, 7.45553], [10.33994, 7.44463], [10.33834, 7.44193], [10.33375, 7.44088], [10.32734, 7.44438], [10.32109, 7.44974], [10.31759, 7.45211], [10.31279, 7.44389], [10.30757, 7.44831], [10.30649, 7.45228], [10.30288, 7.45494], [10.2996, 7.46169], [10.2778, 7.4701], [10.27693, 7.47245], [10.27375, 7.47334], [10.27179, 7.4746], [10.2704, 7.47564], [10.27135, 7.48071], [10.25878, 7.50138], [10.257, 7.50431], [10.25635, 7.50719], [10.25477, 7.50921], [10.25128, 7.51039], [10.24989, 7.51292], [10.24414, 7.51932], [10.24893, 7.5218], [10.25328, 7.52816], [10.25927, 7.5352], [10.26407, 7.53972], [10.26704, 7.5405], [10.26846, 7.54343], [10.26698, 7.54798], [10.26922, 7.55108], [10.26861, 7.5559], [10.26533, 7.55768], [10.26348, 7.55891], [10.26077, 7.5591], [10.26102, 7.56005], [10.26093, 7.56094], [10.26014, 7.56326], [10.25696, 7.56342], [10.25342, 7.56409], [10.25009, 7.56752], [10.24852, 7.574], [10.24393, 7.57595], [10.2342, 7.58776], [10.23554, 7.59151], [10.24448, 7.59546], [10.24871, 7.60864], [10.24994, 7.61246], [10.25158, 7.61331], [10.25234, 7.61446], [10.25297, 7.61603], [10.25567, 7.61669], [10.2556, 7.61721], [10.25571, 7.61891], [10.25806, 7.62204], [10.25916, 7.62337], [10.25993, 7.62402], [10.26243, 7.62437], [10.25682, 7.63228], [10.25661, 7.63547], [10.25402, 7.63716], [10.2546, 7.64055], [10.25402, 7.64253], [10.24892, 7.64302], [10.24534, 7.64606], [10.24474, 7.64861], [10.24525, 7.65097], [10.25099, 7.65431], [10.25809, 7.65517], [10.26396, 7.66032], [10.26726, 7.66002], [10.27335, 7.65904], [10.27936, 7.66499], [10.2844, 7.66862], [10.28563, 7.6705], [10.28681, 7.67442], [10.28647, 7.67689], [10.29166, 7.68543], [10.2928, 7.68907], [10.30094, 7.68934], [10.30709, 7.69334], [10.31641, 7.68828], [10.31948, 7.69116], [10.33024, 7.69153], [10.33149, 7.68838], [10.34314, 7.68774], [10.34011, 7.68603], [10.33507, 7.68407], [10.32661, 7.68196], [10.32173, 7.67655], [10.31523, 7.66934], [10.31564, 7.6607], [10.32118, 7.6523], [10.32868, 7.6388], [10.34987, 7.58958], [10.35533, 7.5829], [10.35925, 7.5727], [10.36283, 7.5694], [10.3752, 7.56131], [10.38066, 7.55463], [10.38433, 7.54961], [10.38824, 7.5394], [10.3972, 7.53115], [10.40624, 7.52118], [10.41348, 7.51286], [10.41878, 7.50963], [10.42407, 7.50641], [10.43978, 7.5002], [10.45003, 7.50066], [10.45587, 7.50192]]]}, "properties": {"name": "Mararaba", "lga": "Donga", "state": "ta"}}, {"type": "Feature", "geometry": {"type": "Polygon", "coordinates": [[[10.33834, 7.44193], [10.33994, 7.44463], [10.34043, 7.45553], [10.34524, 7.45891], [10.348, 7.47233], [10.34758, 7.4751], [10.34972, 7.47558], [10.36968, 7.48118], [10.36881, 7.48943], [10.40151, 7.4797], [10.42642, 7.48537], [10.43303, 7.48831], [10.43669, 7.48742], [10.44268, 7.48718], [10.45024, 7.49095], [10.45571, 7.50115], [10.45587, 7.50192], [10.49062, 7.51113], [10.499, 7.51497], [10.50583, 7.51528], [10.53535, 7.54256], [10.54047, 7.54279], [10.54706, 7.54828], [10.55194, 7.55369], [10.55861, 7.55745], [10.56178, 7.56278], [10.57349, 7.5685], [10.58024, 7.57053], [10.5887, 7.57264], [10.59374, 7.5746], [10.61521, 7.59113], [10.62205, 7.59144], [10.6541, 7.60153], [10.68427, 7.615], [10.68923, 7.61868], [10.69248, 7.62229], [10.69753, 7.62425], [10.70411, 7.62973], [10.71257, 7.63185], [10.71762, 7.6338], [10.72445, 7.63411], [10.73308, 7.63277], [10.73829, 7.63127], [10.74537, 7.6264], [10.7554, 7.61716], [10.74774, 7.61267], [10.74286, 7.60726], [10.73628, 7.60177], [10.7314, 7.59636], [10.72644, 7.59268], [10.72148, 7.58899], [10.71489, 7.58351], [10.68717, 7.55458], [10.67896, 7.54729], [10.67237, 7.5418], [10.66741, 7.53812], [10.66091, 7.53091], [10.62147, 7.49626], [10.61334, 7.48724], [10.60684, 7.48003], [10.56211, 7.44861], [10.55732, 7.44147], [10.55081, 7.43426], [10.54602, 7.42712], [10.53968, 7.41646], [10.53318, 7.40924], [10.52667, 7.40203], [10.52171, 7.39835], [10.51342, 7.39278], [10.50358, 7.38369], [10.49708, 7.37648], [10.49066, 7.36754], [10.48594, 7.35868], [10.48107, 7.35327], [10.47106, 7.34763], [10.46153, 7.34506], [10.44725, 7.3403], [10.439, 7.33755], [10.42018, 7.31802], [10.40825, 7.27825], [10.40745, 7.26473], [10.40446, 7.25974], [10.40327, 7.25777], [10.40268, 7.25678], [10.39393, 7.26394], [10.38837, 7.26235], [10.3828, 7.25042], [10.37038, 7.25227], [10.35977, 7.29024], [10.3525, 7.31722], [10.35374, 7.32121], [10.35593, 7.32288], [10.35695, 7.32432], [10.35668, 7.32662], [10.34734, 7.33741], [10.34824, 7.34071], [10.34729, 7.34424], [10.34436, 7.3469], [10.34206, 7.35296], [10.33753, 7.35775], [10.3345, 7.35993], [10.33174, 7.36235], [10.32896, 7.36681], [10.32912, 7.37003], [10.33209, 7.36993], [10.33763, 7.36589], [10.34117, 7.36864], [10.34543, 7.37835], [10.34216, 7.38517], [10.34465, 7.39085], [10.34295, 7.39493], [10.34451, 7.39889], [10.3471, 7.40539], [10.35051, 7.41924], [10.34308, 7.42635], [10.33834, 7.44193]]]}, "properties": {"name": "Gayama", "lga": "Donga", "state": "ta"}}, {"type": "Feature", "geometry": {"type": "Polygon", "coordinates": [[[10.32912, 7.37003], [10.32631, 7.37263], [10.31796, 7.38217], [10.31414, 7.38058], [10.31009, 7.38276], [10.30594, 7.38663], [10.3043, 7.38747], [10.30237, 7.38779], [10.30027, 7.38899], [10.29806, 7.3884], [10.29716, 7.38856], [10.29447, 7.39051], [10.2929, 7.39005], [10.28839, 7.38963], [10.28767, 7.38963], [10.28601, 7.39425], [10.28277, 7.39708], [10.27801, 7.41127], [10.27543, 7.41985], [10.27673, 7.42403], [10.27811, 7.43412], [10.27815, 7.46581], [10.2778, 7.4701], [10.2996, 7.46169], [10.30288, 7.45494], [10.30649, 7.45228], [10.30757, 7.44831], [10.31279, 7.44389], [10.31759, 7.45211], [10.32109, 7.44974], [10.32734, 7.44438], [10.33375, 7.44088], [10.33834, 7.44193], [10.34308, 7.42635], [10.35051, 7.41924], [10.3471, 7.40539], [10.34451, 7.39889], [10.34295, 7.39493], [10.34465, 7.39085], [10.34216, 7.38517], [10.34543, 7.37835], [10.34117, 7.36864], [10.33763, 7.36589], [10.33209, 7.36993], [10.32912, 7.37003]]]}, "properties": {"name": "Nyita", "lga": "Donga", "state": "ta"}}, {"type": "Feature", "geometry": {"type": "Polygon", "coordinates": [[[10.05711, 7.72013], [10.06014, 7.71973], [10.06385, 7.71885], [10.07566, 7.72166], [10.0822, 7.72126], [10.08822, 7.72471], [10.10059, 7.731], [10.10845, 7.73394], [10.11484, 7.72826], [10.12401, 7.72757], [10.12844, 7.72501], [10.12885, 7.72321], [10.13102, 7.72168], [10.13103, 7.71883], [10.12932, 7.71789], [10.12938, 7.71347], [10.12896, 7.70907], [10.12574, 7.70184], [10.12069, 7.69475], [10.12195, 7.6864], [10.11914, 7.68267], [10.10167, 7.69198], [10.09778, 7.69567], [10.0929, 7.69845], [10.07155, 7.70866], [10.06866, 7.71053], [10.05711, 7.72013]]]}, "properties": {"name": "Suntai", "lga": "Donga", "state": "ta"}}, {"type": "Feature", "geometry": {"type": "Polygon", "coordinates": [[[10.6184, 8.51724], [10.60646, 8.51166], [10.58861, 8.50523], [10.57219, 8.50024], [10.55791, 8.49381], [10.54364, 8.48683], [10.52365, 8.47383], [10.51294, 8.46526], [10.50295, 8.45669], [10.49225, 8.44946], [10.47505, 8.45146], [10.46077, 8.45027], [10.44328, 8.44704], [10.43565, 8.45901], [10.43314, 8.4683], [10.42721, 8.47841], [10.42245, 8.48888], [10.4196, 8.49554], [10.41769, 8.5041], [10.39009, 8.55645], [10.38723, 8.56883], [10.38438, 8.58215], [10.37772, 8.59548], [10.3682, 8.61166], [10.3425, 8.66496], [10.34226, 8.6756], [10.38375, 8.68354], [10.4109, 8.68977], [10.41393, 8.69047], [10.45189, 8.69561], [10.47579, 8.70345], [10.49002, 8.71015], [10.50765, 8.71726], [10.54379, 8.71917], [10.54874, 8.70977], [10.55231, 8.69966], [10.55409, 8.68776], [10.55826, 8.67527], [10.56064, 8.66813], [10.56183, 8.65683], [10.5648, 8.64731], [10.56897, 8.63898], [10.57253, 8.62946], [10.57789, 8.61995], [10.58205, 8.61162], [10.60168, 8.55689], [10.60585, 8.54916], [10.60763, 8.54202], [10.60942, 8.53548], [10.61299, 8.52774], [10.61537, 8.52417], [10.6184, 8.51724]]]}, "properties": {"name": "Gassol", "lga": "Gassol", "state": "ta"}}, {"type": "Feature", "geometry": {"type": "Polygon", "coordinates": [[[11.1239, 9.53266], [11.15091, 9.55078], [11.16135, 9.55102], [11.18213, 9.55556], [11.22245, 9.56926], [11.22709, 9.56937], [11.22782, 9.56908], [11.24406, 9.56222], [11.25467, 9.55435], [11.26928, 9.54889], [11.27451, 9.54843], [11.27801, 9.54782], [11.30804, 9.54867], [11.31286, 9.54095], [11.31241, 9.53617], [11.31293, 9.53569], [11.31314, 9.53528], [11.31331, 9.53498], [11.32276, 9.53121], [11.32306, 9.53075], [11.3229, 9.5297], [11.32332, 9.52864], [11.32649, 9.52697], [11.32528, 9.5264], [11.32231, 9.5263], [11.32135, 9.5253], [11.31958, 9.51716], [11.318, 9.50333], [11.32228, 9.49611], [11.31701, 9.48887], [11.31736, 9.48829], [11.31809, 9.48727], [11.3186, 9.48602], [11.32375, 9.48268], [11.332, 9.48321], [11.33465, 9.47968], [11.33666, 9.47923], [11.33724, 9.47913], [11.33836, 9.4769], [11.33951, 9.47606], [11.34002, 9.47503], [11.34187, 9.47439], [11.34303, 9.47126], [11.34395, 9.46928], [11.34474, 9.46825], [11.34592, 9.46148], [11.3467, 9.46077], [11.35571, 9.44813], [11.37243, 9.43429], [11.3778, 9.42399], [11.3634, 9.38973], [11.3549, 9.37617], [11.35351, 9.37613], [11.34065, 9.37148], [11.33898, 9.37281], [11.33704, 9.3739], [11.33316, 9.37445], [11.32467, 9.37631], [11.31234, 9.36881], [11.30475, 9.36804], [11.283, 9.36045], [11.27833, 9.36062], [11.27668, 9.3499], [11.27692, 9.34873], [11.27851, 9.34485], [11.27456, 9.34558], [11.27394, 9.34597], [11.2682, 9.35184], [11.26566, 9.35066], [11.26348, 9.34908], [11.26084, 9.348], [11.24823, 9.34644], [11.23867, 9.34432], [11.22684, 9.34378], [11.22277, 9.3464], [11.21509, 9.36504], [11.21586, 9.36606], [11.21621, 9.36763], [11.21496, 9.36833], [11.2135, 9.3695], [11.20981, 9.37529], [11.208, 9.37561], [11.20587, 9.37463], [11.20399, 9.37595], [11.20222, 9.37836], [11.202, 9.37938], [11.20164, 9.38155], [11.20279, 9.38286], [11.20325, 9.38466], [11.20298, 9.38651], [11.19647, 9.39332], [11.19687, 9.39419], [11.19619, 9.39683], [11.19684, 9.39885], [11.19647, 9.39972], [11.1954, 9.4011], [11.19368, 9.40093], [11.19087, 9.39989], [11.18983, 9.40155], [11.18842, 9.40263], [11.18642, 9.40506], [11.18116, 9.40322], [11.17928, 9.40134], [11.17725, 9.40046], [11.17074, 9.40691], [11.16417, 9.41048], [11.15661, 9.41125], [11.15131, 9.44107], [11.11592, 9.50193], [11.1239, 9.53266]]]}, "properties": {"name": "Bikwin", "lga": "Karim Lamido", "state": "ta"}}, {"type": "Feature", "geometry": {"type": "Polygon", "coordinates": [[[11.51702, 9.4187], [11.52097, 9.41388], [11.52593, 9.40782], [11.52008, 9.40398], [11.51642, 9.40157], [11.51146, 9.39789], [11.50276, 9.38934], [11.49754, 9.38296], [11.49632, 9.37448], [11.49078, 9.3669], [11.47489, 9.36328], [11.46134, 9.35903], [11.44965, 9.3598], [11.4435, 9.35527], [11.43654, 9.35264], [11.42977, 9.35028], [11.42389, 9.34623], [11.41554, 9.34262], [11.40142, 9.33584], [11.39795, 9.33276], [11.39321, 9.32855], [11.39067, 9.32574], [11.36978, 9.3553], [11.3549, 9.37617], [11.3634, 9.38973], [11.40695, 9.41075], [11.42006, 9.41674], [11.43932, 9.42525], [11.49448, 9.4482], [11.4945, 9.44815], [11.49743, 9.44051], [11.50631, 9.43398], [11.51176, 9.42731], [11.51551, 9.42056], [11.51702, 9.4187]]]}, "properties": {"name": "Jen Ardido", "lga": "Karim Lamido", "state": "ta"}}, {"type": "Feature", "geometry": {"type": "Polygon", "coordinates": [[[11.49448, 9.4482], [11.43932, 9.42525], [11.42006, 9.41674], [11.40695, 9.41075], [11.3634, 9.38973], [11.3778, 9.42399], [11.37243, 9.43429], [11.35571, 9.44813], [11.3467, 9.46077], [11.34592, 9.46148], [11.34474, 9.46825], [11.34395, 9.46928], [11.34303, 9.47126], [11.34187, 9.47439], [11.34002, 9.47503], [11.33951, 9.47606], [11.33836, 9.4769], [11.33724, 9.47913], [11.33666, 9.47923], [11.33465, 9.47968], [11.332, 9.48321], [11.32375, 9.48268], [11.3186, 9.48602], [11.31809, 9.48727], [11.31736, 9.48829], [11.31701, 9.48887], [11.32228, 9.49611], [11.318, 9.50333], [11.31958, 9.51716], [11.32135, 9.5253], [11.32231, 9.5263], [11.32528, 9.5264], [11.32649, 9.52697], [11.32332, 9.52864], [11.3229, 9.5297], [11.32306, 9.53075], [11.32276, 9.53121], [11.31331, 9.53498], [11.31314, 9.53528], [11.31293, 9.53569], [11.31241, 9.53617], [11.31286, 9.54095], [11.30804, 9.54867], [11.36791, 9.54769], [11.37385, 9.5468], [11.3813, 9.54568], [11.39347, 9.54597], [11.40568, 9.54451], [11.42015, 9.54601], [11.42764, 9.5485], [11.4296, 9.54963], [11.43616, 9.53983], [11.43435, 9.5311], [11.43345, 9.51972], [11.43906, 9.51626], [11.44023, 9.5022], [11.44022, 9.49378], [11.44376, 9.48847], [11.45864, 9.48282], [11.46998, 9.47733], [11.47911, 9.46563], [11.48431, 9.46414], [11.48985, 9.45574], [11.49352, 9.45071], [11.49448, 9.4482]]]}, "properties": {"name": "Jen Kaigama", "lga": "Karim Lamido", "state": "ta"}}, {"type": "Feature", "geometry": {"type": "Polygon", "coordinates": [[[11.1239, 9.53266], [11.11592, 9.50193], [11.08155, 9.48133], [11.0331, 9.45591], [11.02203, 9.44227], [11.00854, 9.43094], [10.99219, 9.42003], [10.95567, 9.37341], [10.95571, 9.36652], [10.95307, 9.36023], [10.95195, 9.35939], [10.95079, 9.35889], [10.94658, 9.37087], [10.94501, 9.3732], [10.94234, 9.37749], [10.9402, 9.37865], [10.93486, 9.38192], [10.92782, 9.37721], [10.9233, 9.37782], [10.91639, 9.37967], [10.91479, 9.38385], [10.90865, 9.38548], [10.89978, 9.38001], [10.89769, 9.37719], [10.89411, 9.37786], [10.88972, 9.37839], [10.88331, 9.3789], [10.88204, 9.37645], [10.87972, 9.37495], [10.87713, 9.37443], [10.87632, 9.3753], [10.87606, 9.3763], [10.87597, 9.3838], [10.87438, 9.38477], [10.85616, 9.38484], [10.85119, 9.38757], [10.84504, 9.38788], [10.84536, 9.38945], [10.84677, 9.39351], [10.84646, 9.39613], [10.84537, 9.39702], [10.84666, 9.39871], [10.84631, 9.39901], [10.84562, 9.39933], [10.8455, 9.40016], [10.84676, 9.40115], [10.84712, 9.40222], [10.84735, 9.40381], [10.84865, 9.40468], [10.84923, 9.40557], [10.85075, 9.40703], [10.85308, 9.40583], [10.85429, 9.40623], [10.85693, 9.40789], [10.85905, 9.40671], [10.86162, 9.40683], [10.86329, 9.40805], [10.86417, 9.40909], [10.87427, 9.41222], [10.87515, 9.41382], [10.8758, 9.41713], [10.87403, 9.41784], [10.87456, 9.41999], [10.86989, 9.42154], [10.84722, 9.41836], [10.83386, 9.41293], [10.77767, 9.4504], [10.91723, 9.55453], [10.95634, 9.60569], [10.96913, 9.61535], [10.97432, 9.59594], [10.97814, 9.57461], [10.97995, 9.57118], [10.98471, 9.56549], [10.99238, 9.55928], [11.00819, 9.55211], [11.02043, 9.54949], [11.0274, 9.54907], [11.03553, 9.54868], [11.04798, 9.55033], [11.06214, 9.5522], [11.07086, 9.55124], [11.07641, 9.55137], [11.08358, 9.54669], [11.09451, 9.5331], [11.11424, 9.5256], [11.1239, 9.53266]]]}, "properties": {"name": "Bachama", "lga": "Karim Lamido", "state": "ta"}}, {"type": "Feature", "geometry": {"type": "Polygon", "coordinates": [[[10.40823, 8.40261], [10.46077, 8.45027], [10.47505, 8.45146], [10.49225, 8.44946], [10.50295, 8.45669], [10.51294, 8.46526], [10.53784, 8.43187], [10.56164, 8.41236], [10.58305, 8.3581], [10.58616, 8.32803], [10.62969, 8.31147], [10.69693, 8.2328], [10.68264, 8.22046], [10.66426, 8.21099], [10.65572, 8.2106], [10.65371, 8.20926], [10.62617, 8.22847], [10.6142, 8.22718], [10.53667, 8.27888], [10.48146, 8.28555], [10.48004, 8.33218], [10.47813, 8.36074], [10.41817, 8.40071], [10.40823, 8.40261]]]}, "properties": {"name": "Wuryo", "lga": "Gassol", "state": "ta"}}, {"type": "Feature", "geometry": {"type": "Polygon", "coordinates": [[[11.19715, 9.01915], [11.19956, 9.01274], [11.19965, 9.01244], [11.19878, 9.01013], [11.20137, 9.00898], [11.2012, 9.00696], [11.20188, 9.00561], [11.20252, 9.00163], [11.20624, 8.99163], [11.20653, 8.9874], [11.20557, 8.98198], [11.20697, 8.97953], [11.20721, 8.96884], [11.21075, 8.96393], [11.21054, 8.96029], [11.21185, 8.9569], [11.20732, 8.9511], [11.21009, 8.95038], [11.21981, 8.95237], [11.22187, 8.95272], [11.22307, 8.95009], [11.22258, 8.94753], [11.22046, 8.94614], [11.21855, 8.94309], [11.2199, 8.941], [11.21974, 8.93965], [11.23356, 8.92637], [11.23273, 8.92504], [11.23013, 8.92401], [11.22306, 8.91491], [11.2196, 8.90868], [11.21911, 8.90706], [11.21817, 8.90492], [11.22962, 8.89475], [11.22854, 8.8938], [11.22626, 8.89233], [11.22524, 8.89176], [11.22173, 8.89188], [11.22148, 8.89209], [11.22072, 8.89378], [11.21903, 8.89545], [11.21581, 8.89626], [11.21347, 8.89608], [11.20523, 8.89742], [11.20245, 8.89661], [11.19984, 8.89345], [11.19006, 8.88928], [11.18646, 8.89032], [11.18447, 8.88918], [11.18061, 8.88871], [11.17731, 8.89033], [11.17504, 8.89015], [11.16792, 8.88879], [11.16319, 8.88575], [11.15996, 8.89271], [11.16211, 8.89906], [11.16489, 8.90365], [11.16608, 8.90706], [11.16459, 8.9145], [11.1603, 8.91559], [11.15848, 8.9187], [11.15441, 8.91895], [11.15141, 8.91982], [11.15191, 8.92717], [11.15028, 8.93254], [11.14953, 8.93663], [11.14661, 8.93713], [11.13753, 8.93595], [11.12749, 8.93416], [11.12495, 8.93214], [11.12379, 8.93628], [11.12036, 8.93919], [11.11659, 8.93804], [11.11253, 8.9368], [11.11131, 8.9395], [11.10423, 8.93927], [11.09744, 8.93417], [11.08483, 8.93826], [11.07601, 8.94172], [11.06913, 8.9462], [11.0654, 8.95104], [11.06163, 8.95293], [11.05487, 8.95009], [11.05082, 8.95399], [11.04206, 8.95508], [11.04093, 8.95759], [11.03837, 8.9646], [11.0348, 8.96773], [11.02856, 8.9761], [11.04484, 8.98003], [11.0454, 8.99005], [11.05883, 9.00674], [11.08218, 9.01408], [11.08986, 9.02584], [11.10575, 9.03676], [11.12673, 9.04288], [11.1592, 9.03083], [11.19715, 9.01915]]]}, "properties": {"name": "Alin Gora", "lga": "Ardo-Kola", "state": "ta"}}, {"type": "Feature", "geometry": {"type": "Polygon", "coordinates": [[[11.13305, 9.21863], [11.13447, 9.22002], [11.13849, 9.21988], [11.14039, 9.22024], [11.14278, 9.21998], [11.14342, 9.22059], [11.14139, 9.22283], [11.14309, 9.22368], [11.14538, 9.22535], [11.14733, 9.22729], [11.15003, 9.22774], [11.15138, 9.22874], [11.15275, 9.23069], [11.15563, 9.23099], [11.15549, 9.23223], [11.1522, 9.23474], [11.1532, 9.2354], [11.15721, 9.2353], [11.15859, 9.23571], [11.16046, 9.23837], [11.16338, 9.24034], [11.16556, 9.24086], [11.16862, 9.24064], [11.17077, 9.24484], [11.17334, 9.2483], [11.17651, 9.2508], [11.17726, 9.25266], [11.17795, 9.25438], [11.17843, 9.25473], [11.18123, 9.25594], [11.18257, 9.26], [11.18032, 9.26936], [11.17865, 9.27158], [11.17258, 9.271], [11.16693, 9.27237], [11.16435, 9.27583], [11.16111, 9.27478], [11.15869, 9.2773], [11.15579, 9.27805], [11.15518, 9.27622], [11.15404, 9.27628], [11.1527, 9.27871], [11.15089, 9.27876], [11.15021, 9.28181], [11.15098, 9.28378], [11.15122, 9.28941], [11.15444, 9.2904], [11.15751, 9.29293], [11.15819, 9.29443], [11.15925, 9.29619], [11.15887, 9.29752], [11.15764, 9.29886], [11.15621, 9.30247], [11.15462, 9.30146], [11.15326, 9.30235], [11.15316, 9.30415], [11.15367, 9.30537], [11.15622, 9.30639], [11.15612, 9.30722], [11.15285, 9.30852], [11.15169, 9.31131], [11.14916, 9.31168], [11.14856, 9.31012], [11.14675, 9.31148], [11.14744, 9.31391], [11.14861, 9.31622], [11.14587, 9.31841], [11.14445, 9.32345], [11.14779, 9.32746], [11.15061, 9.33085], [11.15162, 9.33274], [11.14976, 9.33446], [11.15358, 9.33775], [11.14997, 9.3405], [11.14795, 9.34673], [11.14951, 9.35094], [11.14604, 9.35301], [11.14668, 9.35902], [11.1489, 9.35837], [11.15017, 9.35854], [11.15135, 9.3578], [11.15167, 9.35686], [11.15134, 9.35534], [11.15288, 9.35548], [11.15452, 9.35517], [11.15919, 9.34288], [11.16509, 9.34168], [11.17461, 9.34237], [11.17581, 9.33841], [11.19585, 9.33048], [11.19838, 9.3313], [11.19799, 9.32904], [11.20259, 9.32696], [11.20531, 9.32312], [11.20629, 9.32437], [11.21191, 9.32398], [11.21239, 9.32355], [11.21217, 9.32195], [11.21261, 9.32056], [11.21619, 9.31728], [11.21372, 9.30496], [11.21798, 9.30527], [11.21858, 9.30469], [11.22303, 9.30645], [11.22977, 9.30145], [11.23248, 9.30142], [11.23297, 9.30046], [11.23475, 9.29961], [11.24114, 9.30079], [11.24199, 9.30197], [11.24443, 9.30275], [11.25128, 9.29677], [11.24876, 9.29368], [11.24363, 9.29362], [11.24295, 9.29235], [11.24303, 9.28865], [11.24014, 9.28419], [11.23887, 9.28376], [11.23758, 9.28288], [11.23779, 9.28122], [11.23831, 9.28008], [11.23997, 9.2804], [11.24204, 9.27976], [11.24279, 9.27919], [11.2411, 9.27707], [11.24214, 9.27562], [11.23813, 9.26925], [11.22697, 9.26106], [11.22796, 9.25993], [11.23355, 9.25632], [11.23573, 9.25462], [11.23016, 9.24926], [11.22878, 9.24865], [11.22503, 9.24884], [11.22279, 9.24612], [11.22295, 9.24533], [11.22419, 9.24325], [11.21378, 9.23787], [11.21092, 9.23861], [11.20552, 9.23653], [11.20176, 9.23777], [11.18719, 9.22801], [11.18031, 9.2282], [11.17876, 9.2274], [11.17461, 9.2266], [11.17395, 9.22374], [11.16768, 9.22031], [11.16799, 9.21813], [11.16275, 9.21498], [11.15995, 9.21243], [11.15761, 9.21307], [11.15492, 9.21141], [11.15337, 9.2114], [11.15052, 9.21294], [11.1477, 9.21139], [11.14623, 9.2086], [11.14326, 9.20736], [11.13305, 9.21863]]]}, "properties": {"name": "Karim A", "lga": "Karim Lamido", "state": "ta"}}, {"type": "Feature", "geometry": {"type": "Polygon", "coordinates": [[[11.02157, 9.29303], [10.99612, 9.26875], [10.99184, 9.2552], [10.99332, 9.25007], [10.99131, 9.24927], [10.98855, 9.2478], [10.98664, 9.24572], [10.98493, 9.24353], [10.98324, 9.24198], [10.98169, 9.2413], [10.97907, 9.23961], [10.97775, 9.23871], [10.97614, 9.23906], [10.97419, 9.23918], [10.97291, 9.23856], [10.97289, 9.2379], [10.97367, 9.237], [10.97408, 9.23589], [10.96937, 9.22897], [10.96709, 9.23027], [10.96299, 9.22764], [10.95586, 9.23264], [10.95511, 9.23304], [10.95378, 9.2329], [10.95125, 9.22365], [10.9454, 9.21785], [10.94156, 9.21536], [10.93808, 9.21162], [10.93456, 9.21755], [10.93352, 9.22852], [10.93764, 9.24145], [10.94493, 9.25317], [10.93596, 9.24703], [10.92948, 9.24849], [10.91961, 9.24704], [10.91455, 9.25114], [10.91714, 9.25242], [10.9194, 9.25412], [10.90873, 9.26266], [10.91568, 9.27265], [10.91271, 9.27419], [10.91183, 9.27682], [10.89885, 9.29804], [10.89655, 9.30669], [10.89507, 9.32414], [10.89762, 9.3305], [10.89631, 9.33026], [10.89498, 9.33002], [10.89498, 9.33024], [10.89433, 9.33237], [10.89572, 9.33325], [10.89515, 9.33398], [10.89428, 9.33485], [10.89399, 9.33541], [10.90188, 9.3375], [10.90196, 9.33805], [10.90245, 9.33928], [10.89502, 9.34353], [10.89511, 9.34402], [10.89467, 9.34495], [10.89362, 9.34619], [10.90463, 9.34713], [10.8952, 9.36254], [10.89384, 9.3714], [10.89978, 9.38001], [10.90865, 9.38548], [10.91479, 9.38385], [10.91639, 9.37967], [10.9233, 9.37782], [10.92782, 9.37721], [10.93486, 9.38192], [10.9402, 9.37865], [10.94234, 9.37749], [10.94501, 9.3732], [10.94658, 9.37087], [10.95079, 9.35889], [10.95195, 9.35939], [10.95307, 9.36023], [10.95571, 9.36652], [10.95567, 9.37341], [10.99219, 9.42003], [11.00854, 9.43094], [11.02203, 9.44227], [11.0331, 9.45591], [11.08155, 9.48133], [11.07585, 9.42943], [11.06869, 9.42543], [11.05968, 9.38836], [11.06218, 9.37983], [11.06552, 9.37871], [11.06943, 9.37322], [11.07385, 9.37169], [11.07588, 9.36686], [11.07382, 9.36744], [11.07247, 9.36754], [11.06688, 9.3634], [11.06084, 9.35851], [11.05714, 9.35679], [11.05175, 9.35334], [11.03326, 9.34079], [11.02484, 9.32018], [11.01758, 9.31436], [11.00866, 9.30957], [11.0089, 9.30429], [11.02058, 9.29536], [11.02157, 9.29303]]]}, "properties": {"name": "Darofai", "lga": "Karim Lamido", "state": "ta"}}, {"type": "Feature", "geometry": {"type": "MultiPolygon", "coordinates": [[[[11.09523, 8.86181], [11.09345, 8.86267], [11.09063, 8.86296], [11.08601, 8.86205], [11.08321, 8.86127], [11.08208, 8.86302], [11.08018, 8.86455], [11.0791, 8.86607], [11.07446, 8.86598], [11.06872, 8.86364], [11.06389, 8.86577], [11.05896, 8.85813], [11.05667, 8.85751], [11.05372, 8.85898], [11.05274, 8.86038], [11.05107, 8.86055], [11.05174, 8.86649], [11.04639, 8.87935], [11.0459, 8.87972], [11.04475, 8.88007], [11.04539, 8.88173], [11.04649, 8.88276], [11.04666, 8.8835], [11.04598, 8.88428], [11.04534, 8.88487], [11.0333, 8.88746], [11.01002, 8.89725], [11.00976, 8.89832], [11.00997, 8.9014], [11.01156, 8.90292], [11.01087, 8.90605], [11.01074, 8.91598], [11.01872, 8.91715], [11.01984, 8.92023], [11.0219, 8.91998], [11.0237, 8.91948], [11.02299, 8.9268], [11.02632, 8.92775], [11.02997, 8.93012], [11.04077, 8.9413], [11.04206, 8.95508], [11.05082, 8.95399], [11.05487, 8.95009], [11.06163, 8.95293], [11.0654, 8.95104], [11.06913, 8.9462], [11.07601, 8.94172], [11.08483, 8.93826], [11.09744, 8.93417], [11.10423, 8.93927], [11.11131, 8.9395], [11.11253, 8.9368], [11.11659, 8.93804], [11.12036, 8.93919], [11.12379, 8.93628], [11.12495, 8.93214], [11.12749, 8.93416], [11.13753, 8.93595], [11.14661, 8.93713], [11.14953, 8.93663], [11.15028, 8.93254], [11.15191, 8.92717], [11.15141, 8.91982], [11.15441, 8.91895], [11.15848, 8.9187], [11.1603, 8.91559], [11.16459, 8.9145], [11.16608, 8.90706], [11.16489, 8.90365], [11.16211, 8.89906], [11.15996, 8.89271], [11.16319, 8.88575], [11.15753, 8.88344], [11.15384, 8.87814], [11.15343, 8.87434], [11.15442, 8.8686], [11.15142, 8.86386], [11.14098, 8.85028], [11.13572, 8.85982], [11.13217, 8.86025], [11.13026, 8.8586], [11.12666, 8.85947], [11.12326, 8.86305], [11.12064, 8.86325], [11.11793, 8.86104], [11.11561, 8.8576], [11.11315, 8.85507], [11.11048, 8.8555], [11.10875, 8.85618], [11.10669, 8.85854], [11.10372, 8.85985], [11.09981, 8.85994], [11.09523, 8.86181]]], [[[10.97479, 9.031], [10.9775, 9.03477], [10.98067, 9.0401], [11.01448, 9.08487], [11.06059, 9.12328], [11.06246, 9.1199], [11.06629, 9.11142], [11.06996, 9.1064], [11.07354, 9.1031], [11.08062, 9.09823], [11.1062, 9.06478], [11.11158, 9.05983], [11.11516, 9.05653], [11.12053, 9.05158], [11.12607, 9.04318], [11.12673, 9.04288], [11.10575, 9.03676], [11.08986, 9.02584], [11.08218, 9.01408], [11.05883, 9.00674], [11.0454, 8.99005], [11.04484, 8.98003], [11.02856, 8.9761], [11.00851, 8.97708], [11.00426, 9.00465], [10.97479, 9.031]]]]}, "properties": {"name": "Tau", "lga": "Ardo-Kola", "state": "ta"}}, {"type": "Feature", "geometry": {"type": "Polygon", "coordinates": [[[10.57066, 8.96958], [10.57503, 8.96], [10.58072, 8.95519], [10.58183, 8.95375], [10.58294, 8.95182], [10.58733, 8.94583], [10.63752, 8.92335], [10.64801, 8.91584], [10.65014, 8.9135], [10.65605, 8.90977], [10.66038, 8.9083], [10.66436, 8.90725], [10.66641, 8.90612], [10.6665, 8.90431], [10.66932, 8.90361], [10.67048, 8.90388], [10.67319, 8.903], [10.67322, 8.90241], [10.67046, 8.90062], [10.67194, 8.8964], [10.67942, 8.89481], [10.68722, 8.89307], [10.69136, 8.8896], [10.69364, 8.88754], [10.69484, 8.8851], [10.7004, 8.88582], [10.70885, 8.87664], [10.72033, 8.86924], [10.72406, 8.86399], [10.72533, 8.86137], [10.73535, 8.85596], [10.73581, 8.85276], [10.73826, 8.85212], [10.74128, 8.8493], [10.74042, 8.84746], [10.7421, 8.84595], [10.74413, 8.84616], [10.74548, 8.84586], [10.74725, 8.84312], [10.75106, 8.83837], [10.75774, 8.84063], [10.7585, 8.84152], [10.76051, 8.84184], [10.76341, 8.83875], [10.78551, 8.83845], [10.7937, 8.8366], [10.79651, 8.8355], [10.79794, 8.83381], [10.80041, 8.83272], [10.80089, 8.83286], [10.80249, 8.82996], [10.80371, 8.82994], [10.80618, 8.82936], [10.8069, 8.82875], [10.8075, 8.82789], [10.80804, 8.82743], [10.80704, 8.826], [10.81196, 8.82258], [10.81695, 8.82539], [10.81845, 8.82325], [10.82096, 8.82387], [10.82167, 8.82227], [10.82142, 8.82334], [10.82161, 8.82364], [10.82305, 8.82391], [10.82801, 8.81898], [10.828, 8.817], [10.83448, 8.81571], [10.83651, 8.81384], [10.83869, 8.81381], [10.84051, 8.81151], [10.84591, 8.8098], [10.84341, 8.80771], [10.84506, 8.80404], [10.84632, 8.80077], [10.84883, 8.79988], [10.85074, 8.79909], [10.85269, 8.79847], [10.85414, 8.80057], [10.85485, 8.80112], [10.85591, 8.80066], [10.85662, 8.80095], [10.85758, 8.80105], [10.86075, 8.80357], [10.86262, 8.80025], [10.86331, 8.80085], [10.86374, 8.80043], [10.86348, 8.79142], [10.85598, 8.78362], [10.85273, 8.78002], [10.84127, 8.76912], [10.83135, 8.76175], [10.79629, 8.74288], [10.78783, 8.74077], [10.77628, 8.7316], [10.76457, 8.72588], [10.73382, 8.7245], [10.71844, 8.7238], [10.70306, 8.72311], [10.6841, 8.72572], [10.67377, 8.72698], [10.66117, 8.74457], [10.64563, 8.74733], [10.637, 8.74867], [10.62782, 8.75131], [10.62137, 8.75316], [10.61096, 8.75615], [10.60241, 8.75577], [10.59038, 8.75696], [10.57687, 8.75289], [10.56058, 8.73054], [10.54708, 8.72648], [10.54379, 8.71917], [10.50765, 8.71726], [10.49002, 8.71015], [10.47579, 8.70345], [10.45189, 8.69561], [10.41393, 8.69047], [10.4109, 8.68977], [10.38375, 8.68354], [10.38762, 8.69508], [10.382, 8.70521], [10.37988, 8.71377], [10.37613, 8.72052], [10.36905, 8.72539], [10.36547, 8.72869], [10.36009, 8.73364], [10.35463, 8.74031], [10.34934, 8.74353], [10.33388, 8.74457], [10.32884, 8.74261], [10.322, 8.7423], [10.31346, 8.74192], [10.30817, 8.74514], [10.3045, 8.75017], [10.30417, 8.75707], [10.2953, 8.76359], [10.29009, 8.76509], [10.28155, 8.76471], [10.27625, 8.76793], [10.27421, 8.77476], [10.26892, 8.77798], [10.26363, 8.7812], [10.2456, 8.80441], [10.24864, 8.80821], [10.25693, 8.81377], [10.26181, 8.81918], [10.26694, 8.81941], [10.27694, 8.82505], [10.28686, 8.83242], [10.2919, 8.83438], [10.29849, 8.83986], [10.30508, 8.84535], [10.32477, 8.85646], [10.32508, 8.85663], [10.32988, 8.86376], [10.33467, 8.8709], [10.3411, 8.87984], [10.35093, 8.88893], [10.36915, 8.90186], [10.3724, 8.90547], [10.37565, 8.90908], [10.38053, 8.91449], [10.38882, 8.92005], [10.3972, 8.92389], [10.40045, 8.92749], [10.40696, 8.93471], [10.42021, 8.94395], [10.42688, 8.94771], [10.46381, 8.96322], [10.46894, 8.96345], [10.47919, 8.96391], [10.48936, 8.96609], [10.49798, 8.96475], [10.50175, 8.96603], [10.50978, 8.96874], [10.5184, 8.9674], [10.53028, 8.96967], [10.53883, 8.97005], [10.54403, 8.96855], [10.57052, 8.97062], [10.57066, 8.96958]]]}, "properties": {"name": "Muri A", "lga": "Karim Lamido", "state": "ta"}}, {"type": "Feature", "geometry": {"type": "Polygon", "coordinates": [[[10.81298, 8.64717], [10.79966, 8.6517], [10.79616, 8.64696], [10.79084, 8.65174], [10.77958, 8.66186], [10.80366, 8.71138], [10.81394, 8.73308], [10.80632, 8.74822], [10.81255, 8.75154], [10.82468, 8.75799], [10.83135, 8.76175], [10.84127, 8.76912], [10.88208, 8.81075], [10.89167, 8.82502], [10.91117, 8.81352], [10.91474, 8.81305], [10.91817, 8.81505], [10.92422, 8.8125], [10.93552, 8.80367], [10.94637, 8.79929], [10.95837, 8.78558], [10.96579, 8.77626], [10.97569, 8.77112], [10.98235, 8.76541], [10.99694, 8.76322], [10.99758, 8.76312], [11.01294, 8.74776], [11.02918, 8.73152], [11.03222, 8.72429], [11.03261, 8.69802], [11.03261, 8.68774], [11.03226, 8.68168], [11.02896, 8.68045], [10.98412, 8.66369], [10.87533, 8.65113], [10.83678, 8.65256], [10.82336, 8.65627], [10.81298, 8.64717]]]}, "properties": {"name": "Namnai", "lga": "Gassol", "state": "ta"}}, {"type": "Feature", "geometry": {"type": "Polygon", "coordinates": [[[10.60423, 9.46648], [10.61784, 9.46281], [10.72131, 9.45252], [10.77354, 9.44732], [10.77767, 9.4504], [10.83386, 9.41293], [10.84722, 9.41836], [10.86989, 9.42154], [10.87456, 9.41999], [10.87403, 9.41784], [10.8758, 9.41713], [10.87515, 9.41382], [10.87427, 9.41222], [10.86417, 9.40909], [10.86329, 9.40805], [10.86162, 9.40683], [10.85905, 9.40671], [10.85693, 9.40789], [10.85429, 9.40623], [10.85308, 9.40583], [10.85075, 9.40703], [10.84923, 9.40557], [10.84865, 9.40468], [10.84735, 9.40381], [10.84712, 9.40222], [10.84676, 9.40115], [10.8455, 9.40016], [10.84562, 9.39933], [10.84631, 9.39901], [10.84666, 9.39871], [10.84537, 9.39702], [10.84646, 9.39613], [10.84677, 9.39351], [10.84536, 9.38945], [10.84504, 9.38788], [10.85119, 9.38757], [10.85616, 9.38484], [10.87438, 9.38477], [10.87597, 9.3838], [10.87606, 9.3763], [10.87632, 9.3753], [10.87713, 9.37443], [10.87972, 9.37495], [10.88204, 9.37645], [10.88331, 9.3789], [10.88972, 9.37839], [10.89411, 9.37786], [10.89769, 9.37719], [10.89384, 9.3714], [10.89406, 9.3662], [10.90463, 9.34713], [10.89362, 9.34619], [10.89467, 9.34495], [10.89511, 9.34402], [10.89502, 9.34353], [10.90245, 9.33928], [10.90196, 9.33805], [10.90188, 9.3375], [10.89399, 9.33541], [10.89428, 9.33485], [10.89515, 9.33398], [10.89572, 9.33325], [10.89433, 9.33237], [10.89498, 9.33024], [10.89498, 9.33002], [10.89631, 9.33026], [10.89762, 9.3305], [10.89507, 9.32414], [10.89564, 9.32273], [10.89588, 9.32146], [10.89614, 9.3205], [10.89575, 9.31134], [10.8965, 9.31074], [10.89655, 9.30669], [10.89885, 9.29804], [10.91183, 9.27682], [10.91271, 9.27419], [10.91568, 9.27265], [10.90873, 9.26266], [10.9194, 9.25412], [10.91714, 9.25242], [10.91455, 9.25114], [10.91961, 9.24704], [10.92948, 9.24849], [10.93596, 9.24703], [10.94493, 9.25317], [10.93764, 9.24145], [10.93352, 9.22852], [10.93456, 9.21755], [10.93808, 9.21162], [10.93241, 9.20494], [10.93176, 9.1971], [10.93276, 9.19486], [10.93098, 9.19361], [10.93285, 9.18736], [10.93186, 9.18266], [10.92752, 9.17643], [10.9305, 9.17102], [10.93074, 9.1695], [10.93101, 9.16658], [10.91997, 9.16213], [10.91751, 9.1592], [10.9159, 9.15535], [10.91647, 9.14093], [10.92179, 9.13011], [10.92357, 9.12184], [10.91006, 9.09471], [10.90534, 9.09592], [10.8994, 9.08148], [10.89527, 9.0714], [10.89778, 9.06993], [10.89366, 9.06749], [10.89348, 9.06086], [10.88854, 9.05586], [10.88791, 9.05364], [10.8882, 9.05319], [10.88879, 9.05164], [10.89364, 9.04162], [10.88977, 9.03107], [10.88755, 9.02114], [10.88403, 9.01822], [10.88221, 9.01386], [10.88098, 9.00885], [10.87918, 9.00575], [10.87987, 9.00071], [10.8789, 8.99928], [10.8779, 8.99809], [10.87837, 8.99665], [10.87731, 8.99525], [10.87851, 8.99321], [10.87718, 8.99041], [10.87623, 8.98881], [10.87701, 8.98696], [10.87571, 8.98645], [10.87525, 8.98571], [10.87408, 8.98549], [10.8727, 8.98198], [10.85681, 8.96646], [10.85545, 8.96105], [10.8579, 8.95521], [10.85237, 8.94874], [10.84006, 8.93027], [10.83715, 8.90482], [10.84331, 8.87073], [10.84172, 8.86055], [10.84136, 8.85571], [10.84343, 8.85452], [10.84154, 8.85357], [10.83564, 8.85551], [10.82384, 8.85641], [10.82046, 8.85427], [10.81862, 8.85566], [10.81748, 8.85227], [10.81643, 8.85075], [10.8249, 8.84588], [10.82895, 8.84284], [10.83371, 8.83582], [10.8277, 8.82772], [10.82523, 8.82181], [10.82305, 8.82391], [10.82161, 8.82364], [10.82142, 8.82334], [10.82167, 8.82227], [10.82096, 8.82387], [10.81845, 8.82325], [10.81695, 8.82539], [10.81196, 8.82258], [10.80704, 8.826], [10.80804, 8.82743], [10.8075, 8.82789], [10.8069, 8.82875], [10.80618, 8.82936], [10.80371, 8.82994], [10.80249, 8.82996], [10.80089, 8.83286], [10.80041, 8.83272], [10.79794, 8.83381], [10.79651, 8.8355], [10.7937, 8.8366], [10.78551, 8.83845], [10.76341, 8.83875], [10.76051, 8.84184], [10.7585, 8.84152], [10.75774, 8.84063], [10.75106, 8.83837], [10.74725, 8.84312], [10.74548, 8.84586], [10.74413, 8.84616], [10.7421, 8.84595], [10.74042, 8.84746], [10.74128, 8.8493], [10.73826, 8.85212], [10.73581, 8.85276], [10.73535, 8.85596], [10.72533, 8.86137], [10.72406, 8.86399], [10.72033, 8.86924], [10.70885, 8.87664], [10.7004, 8.88582], [10.69484, 8.8851], [10.69364, 8.88754], [10.69136, 8.8896], [10.68722, 8.89307], [10.67942, 8.89481], [10.67194, 8.8964], [10.67046, 8.90062], [10.67322, 8.90241], [10.67319, 8.903], [10.67048, 8.90388], [10.66932, 8.90361], [10.6665, 8.90431], [10.66641, 8.90612], [10.66436, 8.90725], [10.66038, 8.9083], [10.65605, 8.90977], [10.65014, 8.9135], [10.64801, 8.91584], [10.63752, 8.92335], [10.58733, 8.94583], [10.58294, 8.95182], [10.58183, 8.95375], [10.58072, 8.95519], [10.57503, 8.96], [10.57066, 8.96958], [10.57052, 8.97062], [10.57055, 8.97063], [10.57471, 8.97166], [10.57975, 8.97362], [10.58829, 8.97401], [10.59675, 8.97612], [10.60317, 8.98506], [10.60626, 8.99212], [10.62723, 9.01901], [10.63007, 9.03125], [10.62982, 9.03643], [10.63291, 9.04349], [10.63437, 9.04874], [10.63745, 9.0558], [10.6372, 9.06098], [10.64004, 9.07322], [10.63792, 9.08177], [10.63255, 9.08672], [10.62725, 9.08994], [10.62253, 9.09403], [10.62355, 9.09911], [10.62529, 9.10305], [10.63263, 9.1111], [10.63612, 9.11898], [10.63576, 9.12668], [10.63366, 9.13045], [10.62964, 9.13413], [10.62561, 9.13782], [10.61774, 9.14133], [10.61354, 9.14886], [10.61511, 9.15666], [10.61037, 9.17575], [10.61424, 9.18279], [10.61049, 9.18954], [10.59991, 9.19598], [10.59966, 9.20116], [10.59572, 9.20825], [10.59723, 9.20992], [10.59687, 9.21762], [10.59661, 9.2234], [10.59231, 9.23286], [10.5882, 9.23847], [10.58015, 9.24584], [10.57775, 9.29785], [10.57949, 9.30179], [10.57932, 9.30564], [10.58088, 9.31344], [10.58061, 9.31922], [10.58026, 9.32692], [10.57807, 9.33262], [10.57413, 9.33437], [10.5706, 9.33761], [10.57011, 9.33805], [10.56792, 9.34375], [10.55987, 9.35111], [10.56162, 9.35505], [10.56144, 9.35891], [10.56126, 9.36276], [10.56658, 9.37265], [10.56439, 9.37834], [10.56037, 9.38202], [10.56001, 9.38973], [10.56027, 9.39017], [10.56359, 9.39568], [10.56918, 9.39979], [10.57835, 9.40985], [10.57992, 9.41764], [10.57894, 9.43883], [10.57666, 9.44645], [10.57465, 9.44829], [10.57254, 9.45206], [10.57035, 9.45776], [10.56615, 9.46529], [10.54096, 9.48354], [10.60423, 9.46648]]]}, "properties": {"name": "Muri B", "lga": "Karim Lamido", "state": "ta"}}, {"type": "Feature", "geometry": {"type": "Polygon", "coordinates": [[[11.1604, 9.1781], [11.15679, 9.19244], [11.14326, 9.20736], [11.14623, 9.2086], [11.1477, 9.21139], [11.15052, 9.21294], [11.15337, 9.2114], [11.15492, 9.21141], [11.15761, 9.21307], [11.15995, 9.21243], [11.16275, 9.21498], [11.16799, 9.21813], [11.16768, 9.22031], [11.17395, 9.22374], [11.17461, 9.2266], [11.17876, 9.2274], [11.18031, 9.2282], [11.18719, 9.22801], [11.20176, 9.23777], [11.20552, 9.23653], [11.21092, 9.23861], [11.21378, 9.23787], [11.22419, 9.24325], [11.22295, 9.24533], [11.22279, 9.24612], [11.22503, 9.24884], [11.22878, 9.24865], [11.23016, 9.24926], [11.23573, 9.25462], [11.23355, 9.25632], [11.22796, 9.25993], [11.22697, 9.26106], [11.23813, 9.26925], [11.24214, 9.27562], [11.2411, 9.27707], [11.24279, 9.27919], [11.24204, 9.27976], [11.23997, 9.2804], [11.23831, 9.28008], [11.23779, 9.28122], [11.23758, 9.28288], [11.23887, 9.28376], [11.24014, 9.28419], [11.24303, 9.28865], [11.24295, 9.29235], [11.24363, 9.29362], [11.24876, 9.29368], [11.25128, 9.29677], [11.24443, 9.30275], [11.24199, 9.30197], [11.24114, 9.30079], [11.23475, 9.29961], [11.23297, 9.30046], [11.23248, 9.30142], [11.22977, 9.30145], [11.22303, 9.30645], [11.21858, 9.30469], [11.21798, 9.30527], [11.21372, 9.30496], [11.21619, 9.31728], [11.21261, 9.32056], [11.21217, 9.32195], [11.21239, 9.32355], [11.21191, 9.32398], [11.20629, 9.32437], [11.20531, 9.32312], [11.20259, 9.32696], [11.19799, 9.32904], [11.19838, 9.3313], [11.19585, 9.33048], [11.17581, 9.33841], [11.17461, 9.34237], [11.16509, 9.34168], [11.15919, 9.34288], [11.15911, 9.34352], [11.15753, 9.3455], [11.15735, 9.34699], [11.1565, 9.34952], [11.15623, 9.3528], [11.15452, 9.35517], [11.15288, 9.35548], [11.15134, 9.35534], [11.15167, 9.35686], [11.15135, 9.3578], [11.15017, 9.35854], [11.1489, 9.35837], [11.14668, 9.35902], [11.14599, 9.36344], [11.14824, 9.37296], [11.15437, 9.4012], [11.15661, 9.41125], [11.16417, 9.41048], [11.17074, 9.40691], [11.17725, 9.40046], [11.17928, 9.40134], [11.18116, 9.40322], [11.18642, 9.40506], [11.18842, 9.40263], [11.18983, 9.40155], [11.19087, 9.39989], [11.19368, 9.40093], [11.1954, 9.4011], [11.19647, 9.39972], [11.19684, 9.39885], [11.19619, 9.39683], [11.19687, 9.39419], [11.19647, 9.39332], [11.20298, 9.38651], [11.20325, 9.38466], [11.20279, 9.38286], [11.20164, 9.38155], [11.202, 9.37938], [11.20222, 9.37836], [11.20399, 9.37595], [11.20587, 9.37463], [11.208, 9.37561], [11.20981, 9.37529], [11.2135, 9.3695], [11.21496, 9.36833], [11.21621, 9.36763], [11.21586, 9.36606], [11.21509, 9.36504], [11.22277, 9.3464], [11.22684, 9.34378], [11.23867, 9.34432], [11.24823, 9.34644], [11.26084, 9.348], [11.26348, 9.34908], [11.26566, 9.35066], [11.2682, 9.35184], [11.27394, 9.34597], [11.27456, 9.34558], [11.27851, 9.34485], [11.27692, 9.34873], [11.27668, 9.3499], [11.27833, 9.36062], [11.283, 9.36045], [11.30475, 9.36804], [11.31234, 9.36881], [11.32467, 9.37631], [11.33316, 9.37445], [11.33704, 9.3739], [11.33898, 9.37281], [11.34065, 9.37148], [11.35351, 9.37613], [11.3549, 9.37617], [11.36978, 9.3553], [11.39067, 9.32574], [11.38671, 9.32134], [11.32677, 9.28577], [11.31497, 9.28178], [11.30676, 9.27449], [11.28441, 9.24061], [11.27791, 9.2334], [11.26986, 9.22266], [11.26019, 9.21011], [11.25019, 9.20447], [11.23514, 9.19687], [11.22986, 9.19501], [11.2183, 9.19093], [11.20822, 9.18701], [11.19463, 9.18467], [11.18446, 9.18248], [11.17421, 9.18202], [11.16575, 9.17991], [11.1604, 9.1781]]]}, "properties": {"name": "Karim B", "lga": "Karim Lamido", "state": "ta"}}, {"type": "Feature", "geometry": {"type": "Polygon", "coordinates": [[[11.298, 8.44861], [11.26831, 8.25597], [11.20435, 8.25673], [11.08328, 8.30623], [10.97135, 8.31079], [10.87552, 8.3762], [10.89494, 8.39956], [10.90291, 8.41203], [10.90608, 8.41737], [10.90933, 8.42097], [10.91917, 8.43007], [10.97456, 8.45332], [10.97952, 8.457], [10.98277, 8.46061], [10.99277, 8.46625], [11.00278, 8.47189], [11.01278, 8.47753], [11.01603, 8.48114], [11.02099, 8.48482], [11.03083, 8.49391], [11.03896, 8.50293], [11.04375, 8.51006], [11.05188, 8.51908], [11.0601, 8.52637], [11.0666, 8.53358], [11.0714, 8.54072], [11.07729, 8.57501], [11.09567, 8.60583], [11.09884, 8.61116], [11.10201, 8.61649], [11.10689, 8.6219], [11.1104, 8.63142], [11.11697, 8.62581], [11.12593, 8.61757], [11.14897, 8.6013], [11.15776, 8.59651], [11.16484, 8.59164], [11.17526, 8.58864], [11.20334, 8.57434], [11.1914, 8.54379], [11.298, 8.44861]]]}, "properties": {"name": "Kaigama", "lga": "Bali", "state": "ta"}}, {"type": "Feature", "geometry": {"type": "Polygon", "coordinates": [[[10.70411, 7.62973], [10.7276, 7.89429], [10.82887, 7.91104], [10.93014, 7.85851], [10.95278, 7.84761], [10.96928, 7.85746], [10.9699, 7.85801], [10.9708, 7.85896], [10.97083, 7.8617], [10.99287, 7.87487], [11.01148, 7.867], [11.00311, 7.85772], [10.97639, 7.80807], [10.96996, 7.79913], [10.96671, 7.79553], [10.95671, 7.78989], [10.94004, 7.78049], [10.93499, 7.77853], [10.92662, 7.77469], [10.91824, 7.77085], [10.90799, 7.77039], [10.89619, 7.7664], [10.88131, 7.75535], [10.88156, 7.75017], [10.88035, 7.73974], [10.88247, 7.73118], [10.88467, 7.7209], [10.88705, 7.70717], [10.87891, 7.69815], [10.87062, 7.69259], [10.85883, 7.6886], [10.85036, 7.68649], [10.84532, 7.68453], [10.83694, 7.68069], [10.8319, 7.67874], [10.82531, 7.67325], [10.82035, 7.66957], [10.81214, 7.66228], [10.80726, 7.65687], [10.80401, 7.65326], [10.77116, 7.6241], [10.76612, 7.62214], [10.75937, 7.62011], [10.7554, 7.61716], [10.74537, 7.6264], [10.73829, 7.63127], [10.73308, 7.63277], [10.72445, 7.63411], [10.71762, 7.6338], [10.71257, 7.63185], [10.70411, 7.62973]]]}, "properties": {"name": "Bali A", "lga": "Bali", "state": "ta"}}, {"type": "Feature", "geometry": {"type": "Polygon", "coordinates": [[[9.70304, 7.81497], [9.70862, 7.81915], [9.71203, 7.82235], [9.71579, 7.8253], [9.72111, 7.82806], [9.73501, 7.84059], [9.73392, 7.85615], [9.73758, 7.86021], [9.73911, 7.86471], [9.74291, 7.86673], [9.74637, 7.86842], [9.75216, 7.86745], [9.75857, 7.8724], [9.76015, 7.87585], [9.77821, 7.87147], [9.78077, 7.86417], [9.77711, 7.8582], [9.77718, 7.81782], [9.76059, 7.80246], [9.73863, 7.78091], [9.73744, 7.78255], [9.73503, 7.7842], [9.72297, 7.79467], [9.71787, 7.79661], [9.70983, 7.81526], [9.70568, 7.81425], [9.70304, 7.81497]]]}, "properties": {"name": "Hospital", "lga": "Wukari", "state": "ta"}}, {"type": "Feature", "geometry": {"type": "Polygon", "coordinates": [[[10.09894, 7.53658], [10.08468, 7.54632], [10.06723, 7.55822], [10.01665, 7.58655], [10.00049, 7.59123], [9.9782, 7.59768], [9.95088, 7.60173], [9.93874, 7.60173], [9.90434, 7.6078], [9.87095, 7.59768], [9.85501, 7.58821], [9.83999, 7.57927], [9.83008, 7.5876], [9.82137, 7.59487], [9.81637, 7.59785], [9.80852, 7.60608], [9.7977, 7.61469], [9.81235, 7.63114], [9.81508, 7.63322], [9.83351, 7.64726], [9.86488, 7.68773], [9.88072, 7.69742], [9.88885, 7.70228], [9.92154, 7.72517], [9.94886, 7.73124], [9.95067, 7.73279], [9.96302, 7.74338], [9.96416, 7.74512], [9.97487, 7.7615], [9.98029, 7.76988], [10.02778, 7.82028], [10.07229, 7.85771], [10.08864, 7.86777], [10.09211, 7.86991], [10.09448, 7.86613], [10.09424, 7.85469], [10.09849, 7.83855], [10.09207, 7.83048], [10.09415, 7.82287], [10.10313, 7.81417], [10.10208, 7.80341], [10.10105, 7.79196], [10.09281, 7.79519], [10.08553, 7.79261], [10.07307, 7.76965], [10.05667, 7.76826], [10.05384, 7.77034], [10.05061, 7.77275], [10.04403, 7.77174], [10.03686, 7.76664], [10.03557, 7.76252], [10.03389, 7.76064], [10.03412, 7.75943], [10.03272, 7.75907], [10.03113, 7.75871], [10.02934, 7.75712], [10.0404, 7.7423], [10.04037, 7.72942], [10.03722, 7.72147], [10.03202, 7.71552], [10.02802, 7.71245], [10.01752, 7.70979], [10.01245, 7.70386], [10.01335, 7.69769], [10.01874, 7.69464], [10.03763, 7.69809], [10.0471, 7.69682], [10.05246, 7.6933], [10.05897, 7.67909], [10.05706, 7.67348], [10.06288, 7.66945], [10.07185, 7.67421], [10.08281, 7.66929], [10.08865, 7.65781], [10.0907, 7.64407], [10.09739, 7.64132], [10.11275, 7.64439], [10.11956, 7.64069], [10.13312, 7.63105], [10.14139, 7.60556], [10.13909, 7.58821], [10.12573, 7.57763], [10.1172, 7.57955], [10.11393, 7.57186], [10.11683, 7.5629], [10.09894, 7.53658]]]}, "properties": {"name": "Akate", "lga": "Donga", "state": "ta"}}, {"type": "Feature", "geometry": {"type": "Polygon", "coordinates": [[[10.34241, 7.95949], [10.34291, 7.94913], [10.34161, 7.94042], [10.3404, 7.92998], [10.34594, 7.92158], [10.34977, 7.9131], [10.35548, 7.90125], [10.35744, 7.89615], [10.35956, 7.88759], [10.35835, 7.87716], [10.36039, 7.87033], [10.36063, 7.86515], [10.35917, 7.85989], [10.36146, 7.84789], [10.36025, 7.83745], [10.36229, 7.83062], [10.36441, 7.82207], [10.36995, 7.81367], [10.37362, 7.80864], [10.37566, 7.80181], [10.37615, 7.79145], [10.37315, 7.78267], [10.3734, 7.77749], [10.37544, 7.77066], [10.37569, 7.76548], [10.37635, 7.75167], [10.37164, 7.74281], [10.36872, 7.73229], [10.36897, 7.72712], [10.36938, 7.71848], [10.36467, 7.70962], [10.36158, 7.70256], [10.35679, 7.69543], [10.34314, 7.68774], [10.33149, 7.68838], [10.33024, 7.69153], [10.31948, 7.69116], [10.31641, 7.68828], [10.30709, 7.69334], [10.30094, 7.68934], [10.2928, 7.68907], [10.29221, 7.69115], [10.29079, 7.69557], [10.26798, 7.70903], [10.26541, 7.7121], [10.26129, 7.71351], [10.25925, 7.71366], [10.25705, 7.71446], [10.25542, 7.71369], [10.24376, 7.71879], [10.2419, 7.71849], [10.23903, 7.71733], [10.23517, 7.71892], [10.23566, 7.72054], [10.23441, 7.72259], [10.22885, 7.7242], [10.22931, 7.72778], [10.22858, 7.73253], [10.22758, 7.73871], [10.22629, 7.74339], [10.22342, 7.75494], [10.22035, 7.76174], [10.21643, 7.7656], [10.21357, 7.76693], [10.21234, 7.76796], [10.21072, 7.77], [10.20978, 7.77317], [10.20747, 7.77596], [10.2023, 7.78267], [10.19936, 7.79343], [10.19731, 7.79478], [10.1907, 7.78943], [10.1862, 7.78785], [10.17772, 7.78243], [10.17308, 7.78701], [10.1706, 7.78866], [10.16711, 7.79344], [10.16072, 7.80685], [10.1532, 7.81148], [10.14298, 7.83723], [10.12101, 7.84043], [10.11984, 7.85286], [10.11766, 7.85595], [10.10555, 7.8638], [10.09448, 7.86613], [10.09211, 7.86991], [10.11175, 7.88199], [10.14919, 7.92145], [10.16943, 7.94776], [10.20534, 8.00486], [10.23823, 8.04186], [10.24319, 8.0455], [10.27233, 8.06693], [10.27376, 8.06077], [10.2829, 8.06058], [10.29242, 8.04764], [10.2997, 8.04145], [10.29827, 8.03241], [10.30208, 8.02741], [10.31112, 8.0267], [10.31921, 8.03146], [10.32421, 8.02575], [10.3154, 8.02123], [10.31445, 8.01861], [10.31778, 8.01647], [10.32111, 8.01885], [10.32349, 8.01599], [10.3225, 8.01154], [10.32823, 8.00465], [10.32667, 8.00203], [10.3253, 7.99505], [10.32759, 7.98304], [10.33483, 7.97472], [10.33756, 7.97058], [10.34037, 7.96631], [10.34241, 7.95949]]]}, "properties": {"name": "Kadarko", "lga": "Donga", "state": "ta"}}, {"type": "Feature", "geometry": {"type": "Polygon", "coordinates": [[[9.33552, 7.98551], [9.35899, 7.99835], [9.38428, 8.0196], [9.39844, 8.02526], [9.43487, 8.03983], [9.4713, 8.05906], [9.49153, 8.07019], [9.52391, 8.07727], [9.53706, 8.09245], [9.56337, 8.10155], [9.60604, 8.10552], [9.57672, 8.09213], [9.55777, 8.0754], [9.56168, 8.06633], [9.55903, 8.0545], [9.56133, 8.04531], [9.55886, 8.04162], [9.5594, 8.03602], [9.56516, 8.03122], [9.56313, 8.02694], [9.56814, 8.02213], [9.57137, 8.01837], [9.56912, 8.01298], [9.5662, 8.00857], [9.56608, 8.00233], [9.56948, 7.99989], [9.57358, 8.00024], [9.57631, 7.99611], [9.57569, 7.98949], [9.58288, 7.98591], [9.58641, 7.97981], [9.59464, 7.97414], [9.59737, 7.96627], [9.60187, 7.96448], [9.60237, 7.95945], [9.59685, 7.94898], [9.59997, 7.93946], [9.59755, 7.93385], [9.60022, 7.92854], [9.59957, 7.92366], [9.59864, 7.91971], [9.60216, 7.91598], [9.60387, 7.91613], [9.60467, 7.91668], [9.60611, 7.91537], [9.60634, 7.9137], [9.60597, 7.91294], [9.60514, 7.91283], [9.60421, 7.91218], [9.60378, 7.90997], [9.60411, 7.90887], [9.60375, 7.90798], [9.60263, 7.907], [9.60297, 7.90308], [9.60337, 7.90119], [9.60544, 7.89519], [9.60599, 7.89369], [9.60681, 7.89195], [9.60533, 7.88218], [9.6047, 7.87849], [9.60509, 7.87562], [9.60584, 7.87287], [9.60571, 7.87248], [9.60501, 7.8722], [9.60456, 7.87123], [9.60299, 7.87029], [9.60117, 7.86983], [9.59942, 7.86967], [9.58736, 7.87092], [9.58806, 7.8686], [9.58942, 7.86509], [9.59304, 7.86438], [9.59611, 7.86256], [9.59713, 7.86063], [9.59839, 7.85933], [9.59902, 7.85758], [9.59655, 7.8557], [9.5934, 7.8551], [9.5856, 7.84755], [9.57557, 7.84079], [9.57442, 7.83816], [9.57585, 7.83544], [9.56727, 7.83741], [9.56132, 7.83878], [9.49936, 7.84272], [9.48902, 7.84291], [9.40151, 7.84444], [9.40225, 7.85545], [9.41182, 7.8706], [9.41328, 7.88537], [9.40964, 7.89259], [9.40134, 7.89087], [9.39803, 7.89323], [9.3996, 7.90117], [9.40308, 7.90494], [9.39683, 7.90755], [9.39655, 7.91422], [9.39023, 7.91804], [9.38431, 7.92756], [9.379, 7.93078], [9.37468, 7.92457], [9.3703, 7.92909], [9.36986, 7.93747], [9.37099, 7.94652], [9.36484, 7.94509], [9.35987, 7.94904], [9.351, 7.95725], [9.35028, 7.96713], [9.33144, 7.96663], [9.3287, 7.98178], [9.33552, 7.98551]]]}, "properties": {"name": "Kente", "lga": "Wukari", "state": "ta"}}, {"type": "Feature", "geometry": {"type": "Polygon", "coordinates": [[[10.07653, 7.70639], [10.08334, 7.70297], [10.08757, 7.70055], [10.0929, 7.69845], [10.09778, 7.69567], [10.10167, 7.69198], [10.11914, 7.68267], [10.12195, 7.6864], [10.12069, 7.69475], [10.12574, 7.70184], [10.12896, 7.70907], [10.12938, 7.71347], [10.12932, 7.71789], [10.13103, 7.71883], [10.13102, 7.72168], [10.12885, 7.72321], [10.12844, 7.72501], [10.12401, 7.72757], [10.11484, 7.72826], [10.10845, 7.73394], [10.10059, 7.731], [10.08822, 7.72471], [10.0822, 7.72126], [10.07566, 7.72166], [10.06385, 7.71885], [10.06014, 7.71973], [10.05711, 7.72013], [10.0564, 7.71941], [10.05263, 7.71663], [10.05187, 7.71618], [10.0508, 7.71903], [10.05025, 7.72153], [10.04941, 7.72553], [10.05982, 7.74743], [10.06813, 7.74956], [10.07116, 7.74827], [10.07388, 7.74418], [10.07811, 7.74495], [10.07984, 7.74668], [10.08195, 7.75159], [10.08339, 7.75087], [10.08528, 7.75697], [10.0868, 7.75779], [10.09219, 7.75882], [10.0919, 7.76306], [10.08553, 7.79261], [10.09281, 7.79519], [10.10105, 7.79196], [10.10208, 7.80341], [10.10313, 7.81417], [10.09415, 7.82287], [10.09207, 7.83048], [10.09849, 7.83855], [10.09424, 7.85469], [10.09448, 7.86613], [10.10555, 7.8638], [10.11766, 7.85595], [10.11984, 7.85286], [10.12101, 7.84043], [10.14298, 7.83723], [10.1532, 7.81148], [10.16072, 7.80685], [10.16711, 7.79344], [10.1706, 7.78866], [10.17308, 7.78701], [10.17772, 7.78243], [10.1862, 7.78785], [10.1907, 7.78943], [10.19731, 7.79478], [10.19936, 7.79343], [10.2023, 7.78267], [10.20747, 7.77596], [10.20978, 7.77317], [10.21072, 7.77], [10.21234, 7.76796], [10.21357, 7.76693], [10.21643, 7.7656], [10.22035, 7.76174], [10.22342, 7.75494], [10.22629, 7.74339], [10.22758, 7.73871], [10.22858, 7.73253], [10.22931, 7.72778], [10.22885, 7.7242], [10.23441, 7.72259], [10.23566, 7.72054], [10.23517, 7.71892], [10.23903, 7.71733], [10.2419, 7.71849], [10.24376, 7.71879], [10.25542, 7.71369], [10.25705, 7.71446], [10.25925, 7.71366], [10.26129, 7.71351], [10.26541, 7.7121], [10.26798, 7.70903], [10.29079, 7.69557], [10.29221, 7.69115], [10.2928, 7.68907], [10.29166, 7.68543], [10.28647, 7.67689], [10.28681, 7.67442], [10.28563, 7.6705], [10.2844, 7.66862], [10.27936, 7.66499], [10.27335, 7.65904], [10.26726, 7.66002], [10.26396, 7.66032], [10.25809, 7.65517], [10.25099, 7.65431], [10.24525, 7.65097], [10.24474, 7.64861], [10.24534, 7.64606], [10.24892, 7.64302], [10.25402, 7.64253], [10.2546, 7.64055], [10.25402, 7.63716], [10.25661, 7.63547], [10.25682, 7.63228], [10.26243, 7.62437], [10.25993, 7.62402], [10.25916, 7.62337], [10.25806, 7.62204], [10.25571, 7.61891], [10.2556, 7.61721], [10.24721, 7.62122], [10.24004, 7.62331], [10.22401, 7.63631], [10.20453, 7.64555], [10.19351, 7.63479], [10.18911, 7.62461], [10.18717, 7.61541], [10.17635, 7.61399], [10.16064, 7.62786], [10.14596, 7.63171], [10.13312, 7.63105], [10.11956, 7.64069], [10.11275, 7.64439], [10.09739, 7.64132], [10.0907, 7.64407], [10.08865, 7.65781], [10.08281, 7.66929], [10.07185, 7.67421], [10.06288, 7.66945], [10.05706, 7.67348], [10.05897, 7.67909], [10.06167, 7.68419], [10.0642, 7.69415], [10.06466, 7.69547], [10.06801, 7.69574], [10.07218, 7.6955], [10.07369, 7.69476], [10.07488, 7.69606], [10.07452, 7.69783], [10.07385, 7.70216], [10.07653, 7.70639]]]}, "properties": {"name": "Asibiti", "lga": "Donga", "state": "ta"}}, {"type": "Feature", "geometry": {"type": "Polygon", "coordinates": [[[9.40151, 7.84444], [9.38664, 7.8447], [9.37807, 7.84338], [9.31479, 7.83482], [9.2726, 7.82295], [9.2684, 7.82254], [9.22514, 7.81834], [9.1902, 7.81042], [9.17453, 7.80459], [9.15659, 7.7979], [9.13022, 7.78801], [9.12033, 7.79329], [9.11572, 7.80845], [9.12429, 7.8269], [9.14011, 7.84866], [9.14999, 7.85986], [9.16201, 7.86872], [9.16252, 7.86909], [9.17043, 7.88228], [9.17217, 7.88663], [9.17462, 7.88718], [9.17823, 7.88853], [9.18184, 7.89169], [9.18319, 7.89574], [9.18094, 7.90386], [9.17913, 7.90808], [9.22037, 7.92651], [9.25073, 7.94473], [9.28108, 7.95585], [9.3287, 7.98178], [9.33144, 7.96663], [9.35028, 7.96713], [9.351, 7.95725], [9.35987, 7.94904], [9.36484, 7.94509], [9.37099, 7.94652], [9.36986, 7.93747], [9.3703, 7.92909], [9.37468, 7.92457], [9.379, 7.93078], [9.38431, 7.92756], [9.39023, 7.91804], [9.39655, 7.91422], [9.39683, 7.90755], [9.40308, 7.90494], [9.3996, 7.90117], [9.39803, 7.89323], [9.40134, 7.89087], [9.40964, 7.89259], [9.41328, 7.88537], [9.41182, 7.8706], [9.40225, 7.85545], [9.40151, 7.84444]]]}, "properties": {"name": "Akwana", "lga": "Wukari", "state": "ta"}}, {"type": "Feature", "geometry": {"type": "Polygon", "coordinates": [[[9.78519, 7.92156], [9.78391, 7.90514], [9.78264, 7.89602], [9.78088, 7.891], [9.77901, 7.88513], [9.7783, 7.87971], [9.77794, 7.87695], [9.77861, 7.87616], [9.77977, 7.87442], [9.78059, 7.87305], [9.77908, 7.87299], [9.7778, 7.87299], [9.77804, 7.87231], [9.7782, 7.87153], [9.77821, 7.87147], [9.77726, 7.87132], [9.77663, 7.87128], [9.76015, 7.87585], [9.75857, 7.8724], [9.75216, 7.86745], [9.74637, 7.86842], [9.74291, 7.86673], [9.73911, 7.86471], [9.73758, 7.86021], [9.73392, 7.85615], [9.73501, 7.84059], [9.72111, 7.82806], [9.71579, 7.8253], [9.71203, 7.82235], [9.70862, 7.81915], [9.70304, 7.81497], [9.7002, 7.81685], [9.69261, 7.82058], [9.68924, 7.82663], [9.6822, 7.82687], [9.67638, 7.83158], [9.67072, 7.83554], [9.66624, 7.83892], [9.65989, 7.83676], [9.6585, 7.83893], [9.65525, 7.83886], [9.65607, 7.84176], [9.65504, 7.84393], [9.65258, 7.84539], [9.65094, 7.84603], [9.64538, 7.85256], [9.64506, 7.8556], [9.64516, 7.85584], [9.64609, 7.85676], [9.64689, 7.85815], [9.65816, 7.86662], [9.6649, 7.86961], [9.67164, 7.87065], [9.67728, 7.87256], [9.67985, 7.87372], [9.68528, 7.87652], [9.68749, 7.87779], [9.69009, 7.87818], [9.69313, 7.87849], [9.69446, 7.87953], [9.69571, 7.8808], [9.69647, 7.882], [9.69534, 7.88902], [9.69558, 7.88979], [9.69625, 7.89056], [9.72171, 7.88231], [9.72173, 7.88376], [9.72, 7.88835], [9.71774, 7.89655], [9.71845, 7.90092], [9.71662, 7.91175], [9.7198, 7.91305], [9.72849, 7.90912], [9.73545, 7.90696], [9.74184, 7.90849], [9.74754, 7.9085], [9.75274, 7.9127], [9.75372, 7.91419], [9.75391, 7.91589], [9.75409, 7.91694], [9.75577, 7.91939], [9.75775, 7.92111], [9.76227, 7.91978], [9.76692, 7.92287], [9.77715, 7.92405], [9.78519, 7.92156]]]}, "properties": {"name": "Avyi", "lga": "Wukari", "state": "ta"}}, {"type": "Feature", "geometry": {"type": "Polygon", "coordinates": [[[9.60604, 8.10552], [9.63311, 8.10639], [9.64932, 8.10431], [9.66787, 8.09974], [9.69186, 8.09346], [9.71252, 8.08917], [9.72525, 8.08334], [9.75686, 8.08255], [9.76572, 8.08233], [9.78615, 8.08718], [9.78752, 8.08412], [9.78928, 8.07898], [9.79036, 8.07635], [9.797, 8.07014], [9.80101, 8.06181], [9.80051, 8.0479], [9.79761, 8.04082], [9.79352, 8.0288], [9.79092, 8.01613], [9.78555, 7.99926], [9.78258, 7.98618], [9.78513, 7.973], [9.78518, 7.9641], [9.78483, 7.95805], [9.7819, 7.94315], [9.78542, 7.92864], [9.7856, 7.92737], [9.78519, 7.92156], [9.77715, 7.92405], [9.76692, 7.92287], [9.76227, 7.91978], [9.75775, 7.92111], [9.75577, 7.91939], [9.75409, 7.91694], [9.75391, 7.91589], [9.75372, 7.91419], [9.75274, 7.9127], [9.74754, 7.9085], [9.74184, 7.90849], [9.73545, 7.90696], [9.72849, 7.90912], [9.7198, 7.91305], [9.71662, 7.91175], [9.71845, 7.90092], [9.71774, 7.89655], [9.72, 7.88835], [9.72173, 7.88376], [9.72171, 7.88231], [9.69625, 7.89056], [9.69558, 7.88979], [9.69534, 7.88902], [9.69647, 7.882], [9.69571, 7.8808], [9.69446, 7.87953], [9.69313, 7.87849], [9.69009, 7.87818], [9.68749, 7.87779], [9.68528, 7.87652], [9.67985, 7.87372], [9.67728, 7.87256], [9.67164, 7.87065], [9.6649, 7.86961], [9.65816, 7.86662], [9.64506, 7.8556], [9.64538, 7.85256], [9.64586, 7.85164], [9.64654, 7.85103], [9.64732, 7.84978], [9.65094, 7.84603], [9.65258, 7.84539], [9.65504, 7.84393], [9.65607, 7.84176], [9.65525, 7.83886], [9.6585, 7.83893], [9.65989, 7.83676], [9.66624, 7.83892], [9.67072, 7.83554], [9.67638, 7.83158], [9.6822, 7.82687], [9.68924, 7.82663], [9.69261, 7.82058], [9.7002, 7.81685], [9.70304, 7.81497], [9.70568, 7.81425], [9.70983, 7.81526], [9.71787, 7.79661], [9.72297, 7.79467], [9.73503, 7.7842], [9.73744, 7.78255], [9.73863, 7.78091], [9.76059, 7.80246], [9.77718, 7.81782], [9.7774, 7.81756], [9.7773, 7.81671], [9.7742, 7.80468], [9.77298, 7.79378], [9.77182, 7.79112], [9.76858, 7.78614], [9.76391, 7.77613], [9.76014, 7.76235], [9.75823, 7.75521], [9.75373, 7.73965], [9.75341, 7.73599], [9.75243, 7.72667], [9.74999, 7.72144], [9.74779, 7.71698], [9.74707, 7.71501], [9.74709, 7.71346], [9.74729, 7.70575], [9.74562, 7.70259], [9.74068, 7.6943], [9.73954, 7.69113], [9.73827, 7.68108], [9.7374, 7.66974], [9.73692, 7.66739], [9.73041, 7.67531], [9.71128, 7.6986], [9.70173, 7.71023], [9.69054, 7.72849], [9.66943, 7.76296], [9.64306, 7.79988], [9.60153, 7.82954], [9.57585, 7.83544], [9.57442, 7.83816], [9.57557, 7.84079], [9.57807, 7.8423], [9.57869, 7.84375], [9.58115, 7.84427], [9.58337, 7.84599], [9.5856, 7.84755], [9.58754, 7.84955], [9.58917, 7.85204], [9.59902, 7.85758], [9.59839, 7.85933], [9.59713, 7.86063], [9.59611, 7.86256], [9.59304, 7.86438], [9.58942, 7.86509], [9.58806, 7.8686], [9.58736, 7.87092], [9.59942, 7.86967], [9.60117, 7.86983], [9.60299, 7.87029], [9.60456, 7.87123], [9.60501, 7.8722], [9.60571, 7.87248], [9.60584, 7.87287], [9.60509, 7.87562], [9.6047, 7.87849], [9.60533, 7.88218], [9.60681, 7.89195], [9.60599, 7.89369], [9.60544, 7.89519], [9.60337, 7.90119], [9.60297, 7.90308], [9.60263, 7.907], [9.60375, 7.90798], [9.60411, 7.90887], [9.60378, 7.90997], [9.60421, 7.91218], [9.60514, 7.91283], [9.60597, 7.91294], [9.60634, 7.9137], [9.60611, 7.91537], [9.60467, 7.91668], [9.60387, 7.91613], [9.60216, 7.91598], [9.59864, 7.91971], [9.59957, 7.92366], [9.60022, 7.92854], [9.59755, 7.93385], [9.59997, 7.93946], [9.59685, 7.94898], [9.60237, 7.95945], [9.60187, 7.96448], [9.59737, 7.96627], [9.59464, 7.97414], [9.58641, 7.97981], [9.58288, 7.98591], [9.57569, 7.98949], [9.57631, 7.99611], [9.57358, 8.00024], [9.56948, 7.99989], [9.56608, 8.00233], [9.5662, 8.00857], [9.56912, 8.01298], [9.57137, 8.01837], [9.56814, 8.02213], [9.56313, 8.02694], [9.56516, 8.03122], [9.5594, 8.03602], [9.55886, 8.04162], [9.56133, 8.04531], [9.55903, 8.0545], [9.56168, 8.06633], [9.55777, 8.0754], [9.57672, 8.09213], [9.60604, 8.10552]]]}, "properties": {"name": "Chonku", "lga": "Wukari", "state": "ta"}}, {"type": "Feature", "geometry": {"type": "Polygon", "coordinates": [[[10.02778, 7.82028], [10.03701, 7.84693], [10.0323, 7.85676], [10.03348, 7.86615], [10.03993, 7.87013], [10.04907, 7.87188], [10.05434, 7.87893], [10.05347, 7.89164], [10.0574, 7.8989], [10.05683, 7.90517], [10.06024, 7.91344], [10.05645, 7.92566], [10.05991, 7.93798], [10.06277, 7.9518], [10.06657, 7.96343], [10.06179, 7.97239], [10.0501, 7.96776], [10.04005, 7.97101], [10.02481, 7.97622], [9.99654, 7.99047], [9.9873, 8.01543], [9.98618, 8.01852], [9.96806, 8.03851], [9.96857, 8.0641], [9.97761, 8.08557], [9.9885, 8.10128], [10.00021, 8.10735], [10.01267, 8.1067], [10.03348, 8.11444], [10.05189, 8.11739], [10.05952, 8.12822], [10.058, 8.14067], [10.04269, 8.15117], [10.02473, 8.15636], [10.02432, 8.1652], [10.02723, 8.19818], [10.03528, 8.2072], [10.04365, 8.21981], [10.05256, 8.23494], [10.05699, 8.23441], [10.06015, 8.23409], [10.10164, 8.23511], [10.14615, 8.23814], [10.19824, 8.25522], [10.19921, 8.25554], [10.20787, 8.25838], [10.21666, 8.25815], [10.23708, 8.25761], [10.24632, 8.25737], [10.27465, 8.25028], [10.2959, 8.23814], [10.29941, 8.23236], [10.30149, 8.22894], [10.30971, 8.22762], [10.31214, 8.22475], [10.31321, 8.21927], [10.3131, 8.20981], [10.32423, 8.18857], [10.33131, 8.15821], [10.33141, 8.15449], [10.33149, 8.15151], [10.33166, 8.14533], [10.31621, 8.14149], [10.26996, 8.10399], [10.2711, 8.0722], [10.27233, 8.06693], [10.24319, 8.0455], [10.23823, 8.04186], [10.20534, 8.00486], [10.16943, 7.94776], [10.14919, 7.92145], [10.11175, 7.88199], [10.09211, 7.86991], [10.08864, 7.86777], [10.07229, 7.85771], [10.02778, 7.82028]]]}, "properties": {"name": "Bantaje", "lga": "Wukari", "state": "ta"}}, {"type": "Feature", "geometry": {"type": "Polygon", "coordinates": [[[9.7977, 7.61469], [9.74721, 7.65486], [9.73692, 7.66739], [9.7374, 7.66974], [9.73827, 7.68108], [9.73954, 7.69113], [9.74068, 7.6943], [9.74562, 7.70259], [9.74729, 7.70575], [9.74709, 7.71346], [9.74707, 7.71501], [9.74779, 7.71698], [9.74999, 7.72144], [9.75243, 7.72667], [9.75341, 7.73599], [9.75373, 7.73965], [9.75823, 7.75521], [9.76014, 7.76235], [9.76391, 7.77613], [9.76858, 7.78614], [9.77182, 7.79112], [9.77298, 7.79378], [9.7742, 7.80468], [9.7773, 7.81671], [9.7774, 7.81756], [9.79383, 7.8336], [9.80548, 7.84112], [9.83944, 7.85312], [9.84889, 7.85462], [9.86825, 7.84384], [9.87724, 7.83525], [9.88458, 7.82447], [9.88818, 7.82293], [9.89506, 7.81608], [9.90772, 7.79793], [9.92097, 7.80587], [9.95418, 7.79581], [9.96551, 7.79567], [9.97924, 7.80095], [9.99328, 7.80682], [9.99218, 7.79058], [9.99002, 7.78001], [9.98029, 7.76988], [9.97487, 7.7615], [9.96416, 7.74512], [9.96302, 7.74338], [9.95067, 7.73279], [9.94886, 7.73124], [9.92154, 7.72517], [9.88885, 7.70228], [9.88072, 7.69742], [9.86488, 7.68773], [9.83351, 7.64726], [9.81508, 7.63322], [9.81235, 7.63114], [9.7977, 7.61469]]]}, "properties": {"name": "Rafin Kada", "lga": "Wukari", "state": "ta"}}, {"type": "Feature", "geometry": {"type": "Polygon", "coordinates": [[[10.3707, 8.40978], [10.37486, 8.39215], [10.3268, 8.35788], [10.19921, 8.25554], [10.19824, 8.25522], [10.14615, 8.23814], [10.10164, 8.23511], [10.06015, 8.23409], [10.05699, 8.23441], [10.05256, 8.23494], [10.03284, 8.23713], [9.97173, 8.29827], [9.97176, 8.29961], [9.97441, 8.30287], [9.97651, 8.30465], [9.9777, 8.30516], [9.97986, 8.30592], [9.98157, 8.30592], [9.98476, 8.31191], [9.98972, 8.31559], [9.99289, 8.32092], [9.99948, 8.32641], [10.00606, 8.3319], [10.01265, 8.33739], [10.01745, 8.34452], [10.0207, 8.34813], [10.02557, 8.35354], [10.03354, 8.36601], [10.03833, 8.37314], [10.04329, 8.37683], [10.04655, 8.38043], [10.05769, 8.3928], [10.06418, 8.40545], [10.1669, 8.45401], [10.2735, 8.53206], [10.30443, 8.49113], [10.32918, 8.47924], [10.35964, 8.45259], [10.36868, 8.41832], [10.3707, 8.40978]]]}, "properties": {"name": "Wuro Jam", "lga": "Gassol", "state": "ta"}}, {"type": "Feature", "geometry": {"type": "Polygon", "coordinates": [[[10.43314, 8.4683], [10.43565, 8.45901], [10.44328, 8.44704], [10.46077, 8.45027], [10.40823, 8.40261], [10.3707, 8.40978], [10.36868, 8.41832], [10.35964, 8.45259], [10.32918, 8.47924], [10.30443, 8.49113], [10.2735, 8.53206], [10.1669, 8.45401], [10.06418, 8.40545], [10.08116, 8.44427], [10.08441, 8.44788], [10.08416, 8.45306], [10.1083, 8.48529], [10.1479, 8.51648], [10.17733, 8.54548], [10.18221, 8.5509], [10.18863, 8.55983], [10.19692, 8.5654], [10.20684, 8.57276], [10.2314, 8.59636], [10.23457, 8.60169], [10.23855, 8.61089], [10.24342, 8.61572], [10.25032, 8.62942], [10.24975, 8.63275], [10.25113, 8.64131], [10.25303, 8.64399], [10.25471, 8.64585], [10.26121, 8.65307], [10.2678, 8.65855], [10.27447, 8.66231], [10.28122, 8.66434], [10.28952, 8.66991], [10.29789, 8.67375], [10.30969, 8.67774], [10.31994, 8.6782], [10.33011, 8.68038], [10.33874, 8.67904], [10.34226, 8.6756], [10.3425, 8.66496], [10.3682, 8.61166], [10.37772, 8.59548], [10.38438, 8.58215], [10.38723, 8.56883], [10.39009, 8.55645], [10.41769, 8.5041], [10.4196, 8.49554], [10.42245, 8.48888], [10.42721, 8.47841], [10.43314, 8.4683]]]}, "properties": {"name": "Sendirde", "lga": "Gassol", "state": "ta"}}, {"type": "Feature", "geometry": {"type": "Polygon", "coordinates": [[[10.77729, 8.29148], [10.77526, 8.28864], [10.77201, 8.28504], [10.7638, 8.27775], [10.75209, 8.27203], [10.74216, 8.26466], [10.73395, 8.25737], [10.69693, 8.2328], [10.62969, 8.31147], [10.58616, 8.32803], [10.58305, 8.3581], [10.56164, 8.41236], [10.53784, 8.43187], [10.51294, 8.46526], [10.52365, 8.47383], [10.54364, 8.48683], [10.55791, 8.49381], [10.57219, 8.50024], [10.58861, 8.50523], [10.60646, 8.51166], [10.6184, 8.51724], [10.61537, 8.52417], [10.61299, 8.52774], [10.60942, 8.53548], [10.60763, 8.54202], [10.60585, 8.54916], [10.60168, 8.55689], [10.58503, 8.6021], [10.61505, 8.59749], [10.62355, 8.59667], [10.64544, 8.56288], [10.66209, 8.54432], [10.68494, 8.54004], [10.71035, 8.5509], [10.70704, 8.52483], [10.70761, 8.48314], [10.7019, 8.42546], [10.77729, 8.29148]]]}, "properties": {"name": "Yerima", "lga": "Gassol", "state": "ta"}}, {"type": "Feature", "geometry": {"type": "Polygon", "coordinates": [[[10.89458, 8.39917], [10.87093, 8.45877], [10.85494, 8.53568], [10.82753, 8.56156], [10.80469, 8.57832], [10.78946, 8.60497], [10.81298, 8.64717], [10.82336, 8.65627], [10.83678, 8.65256], [10.87533, 8.65113], [10.98412, 8.66369], [11.02896, 8.68045], [11.03226, 8.68168], [11.03237, 8.67731], [11.05918, 8.65263], [11.06789, 8.64956], [11.07164, 8.64281], [11.08035, 8.63974], [11.08726, 8.63832], [11.09752, 8.63878], [11.10281, 8.63556], [11.1104, 8.63142], [11.10689, 8.6219], [11.10201, 8.61649], [11.09884, 8.61116], [11.09567, 8.60583], [11.07729, 8.57501], [11.0714, 8.54072], [11.0666, 8.53358], [11.0601, 8.52637], [11.05188, 8.51908], [11.04375, 8.51006], [11.03896, 8.50293], [11.03083, 8.49391], [11.02099, 8.48482], [11.01603, 8.48114], [11.01278, 8.47753], [11.00278, 8.47189], [10.99277, 8.46625], [10.98277, 8.46061], [10.97952, 8.457], [10.97456, 8.45332], [10.91917, 8.43007], [10.90933, 8.42097], [10.90608, 8.41737], [10.90291, 8.41203], [10.89494, 8.39956], [10.89458, 8.39917]]]}, "properties": {"name": "Shira", "lga": "Gassol", "state": "ta"}}, {"type": "Feature", "geometry": {"type": "Polygon", "coordinates": [[[10.7276, 7.89429], [10.70411, 7.62973], [10.69753, 7.62425], [10.69248, 7.62229], [10.68923, 7.61868], [10.68427, 7.615], [10.6541, 7.60153], [10.62205, 7.59144], [10.61521, 7.59113], [10.59374, 7.5746], [10.5887, 7.57264], [10.58024, 7.57053], [10.57349, 7.5685], [10.56178, 7.56278], [10.55861, 7.55745], [10.55194, 7.55369], [10.54706, 7.54828], [10.54047, 7.54279], [10.53535, 7.54256], [10.50583, 7.51528], [10.499, 7.51497], [10.49062, 7.51113], [10.48387, 7.5091], [10.46695, 7.50488], [10.4602, 7.50285], [10.45587, 7.50192], [10.45003, 7.50066], [10.43978, 7.5002], [10.42407, 7.50641], [10.41878, 7.50963], [10.41348, 7.51286], [10.40624, 7.52118], [10.3972, 7.53115], [10.38824, 7.5394], [10.38433, 7.54961], [10.38066, 7.55463], [10.3752, 7.56131], [10.36283, 7.5694], [10.35925, 7.5727], [10.35533, 7.5829], [10.34987, 7.58958], [10.32868, 7.6388], [10.32118, 7.6523], [10.31564, 7.6607], [10.31523, 7.66934], [10.32173, 7.67655], [10.32661, 7.68196], [10.33507, 7.68407], [10.34011, 7.68603], [10.34314, 7.68774], [10.35679, 7.69543], [10.36158, 7.70256], [10.36467, 7.70962], [10.36938, 7.71848], [10.36897, 7.72712], [10.36872, 7.73229], [10.37164, 7.74281], [10.37635, 7.75167], [10.37569, 7.76548], [10.37544, 7.77066], [10.3734, 7.77749], [10.37315, 7.78267], [10.37615, 7.79145], [10.37566, 7.80181], [10.37362, 7.80864], [10.36995, 7.81367], [10.36441, 7.82207], [10.36229, 7.83062], [10.36025, 7.83745], [10.36146, 7.84789], [10.35917, 7.85989], [10.36063, 7.86515], [10.36039, 7.87033], [10.35835, 7.87716], [10.35956, 7.88759], [10.35744, 7.89615], [10.35548, 7.90125], [10.34977, 7.9131], [10.34594, 7.92158], [10.3404, 7.92998], [10.34161, 7.94042], [10.34291, 7.94913], [10.34241, 7.95949], [10.34584, 7.96022], [10.35258, 7.96167], [10.3595, 7.96436], [10.36008, 7.95807], [10.36807, 7.96187], [10.37607, 7.95274], [10.36617, 7.94169], [10.3753, 7.93865], [10.3833, 7.92799], [10.38977, 7.92076], [10.38558, 7.91314], [10.38558, 7.90819], [10.38863, 7.90362], [10.42251, 7.88287], [10.44678, 7.88402], [10.44964, 7.90829], [10.47876, 7.89829], [10.48733, 7.89087], [10.51503, 7.89315], [10.53244, 7.89715], [10.551, 7.90315], [10.60583, 7.89001], [10.62182, 7.88544], [10.64494, 7.89772], [10.66722, 7.904], [10.70862, 7.89515], [10.71888, 7.90292], [10.7276, 7.89429]]]}, "properties": {"name": "Suntai", "lga": "Bali", "state": "ta"}}, {"type": "Feature", "geometry": {"type": "Polygon", "coordinates": [[[10.89458, 8.39917], [10.86251, 8.36177], [10.85259, 8.35441], [10.84771, 8.349], [10.84275, 8.34531], [10.82933, 8.33952], [10.81933, 8.33388], [10.81274, 8.32839], [10.79615, 8.31727], [10.78639, 8.30645], [10.78168, 8.29758], [10.77729, 8.29148], [10.7019, 8.42546], [10.70761, 8.48314], [10.70704, 8.52483], [10.71035, 8.5509], [10.71103, 8.55623], [10.71535, 8.56372], [10.71906, 8.56995], [10.72157, 8.5712], [10.72343, 8.5728], [10.72933, 8.58698], [10.73912, 8.59579], [10.73198, 8.6152], [10.76383, 8.63535], [10.76692, 8.63095], [10.77128, 8.62476], [10.77785, 8.62219], [10.79616, 8.64696], [10.79966, 8.6517], [10.81298, 8.64717], [10.78946, 8.60497], [10.80469, 8.57832], [10.82753, 8.56156], [10.85494, 8.53568], [10.87093, 8.45877], [10.89458, 8.39917]]]}, "properties": {"name": "Gunduma", "lga": "Gassol", "state": "ta"}}, {"type": "Feature", "geometry": {"type": "Polygon", "coordinates": [[[10.79084, 8.65174], [10.79616, 8.64696], [10.77785, 8.62219], [10.77128, 8.62476], [10.76692, 8.63095], [10.78506, 8.64872], [10.79084, 8.65174]]]}, "properties": {"name": "Mutum Biyu B", "lga": "Gassol", "state": "ta"}}, {"type": "Feature", "geometry": {"type": "MultiPolygon", "coordinates": [[[[10.3595, 7.96436], [10.35258, 7.96167], [10.34584, 7.96022], [10.34241, 7.95949], [10.34037, 7.96631], [10.33756, 7.97058], [10.33483, 7.97472], [10.32759, 7.98304], [10.3253, 7.99505], [10.32667, 8.00203], [10.32823, 8.00465], [10.33038, 8.00206], [10.34142, 7.99728], [10.34142, 7.98928], [10.35513, 7.99157], [10.35703, 7.98776], [10.35094, 7.97824], [10.35893, 7.97063], [10.3595, 7.96436]]], [[[10.3707, 8.40978], [10.40823, 8.40261], [10.41817, 8.40071], [10.47813, 8.36074], [10.48004, 8.33218], [10.48146, 8.28555], [10.53667, 8.27888], [10.6142, 8.22718], [10.6089, 8.22662], [10.56798, 8.14714], [10.53657, 8.14905], [10.47926, 8.17364], [10.4016, 8.1468], [10.34449, 8.14852], [10.33166, 8.14533], [10.33149, 8.15151], [10.33141, 8.15449], [10.33131, 8.15821], [10.32423, 8.18857], [10.3131, 8.20981], [10.31321, 8.21927], [10.31214, 8.22475], [10.30971, 8.22762], [10.30149, 8.22894], [10.29941, 8.23236], [10.2959, 8.23814], [10.27465, 8.25028], [10.24632, 8.25737], [10.23708, 8.25761], [10.21666, 8.25815], [10.20787, 8.25838], [10.19921, 8.25554], [10.3268, 8.35788], [10.37486, 8.39215], [10.3707, 8.40978]]]]}, "properties": {"name": "Sabon Gida", "lga": "Gassol", "state": "ta"}}, {"type": "Feature", "geometry": {"type": "Polygon", "coordinates": [[[10.7276, 7.89429], [10.71888, 7.90292], [10.83052, 7.98738], [10.85488, 8.00109], [10.77864, 8.10283], [10.74609, 8.14481], [10.65371, 8.20926], [10.65572, 8.2106], [10.66426, 8.21099], [10.68264, 8.22046], [10.69693, 8.2328], [10.69718, 8.23302], [10.69744, 8.23324], [10.73395, 8.25737], [11.2798, 8.01549], [11.26963, 8.0133], [11.26442, 8.0148], [11.22341, 8.01296], [11.21153, 8.01069], [11.19795, 8.00835], [11.19111, 8.00804], [11.17923, 8.00578], [11.1724, 8.00547], [11.16402, 8.00163], [11.15898, 7.99968], [11.15231, 7.99592], [11.14727, 7.99396], [11.14052, 7.99193], [11.13385, 7.98817], [11.12718, 7.98441], [11.10408, 7.96607], [11.09921, 7.96066], [11.0382, 7.98425], [10.99537, 7.96522], [10.88449, 7.9971], [10.82887, 7.91104], [10.7276, 7.89429]]]}, "properties": {"name": "Maihula", "lga": "Bali", "state": "ta"}}, {"type": "Feature", "geometry": {"type": "Polygon", "coordinates": [[[11.09921, 7.96066], [11.09433, 7.95525], [11.08937, 7.95156], [11.07782, 7.94239], [11.07465, 7.93706], [11.07201, 7.93339], [11.06823, 7.92812], [11.03384, 7.89543], [11.01148, 7.867], [10.99287, 7.87487], [10.97083, 7.8617], [10.9708, 7.85896], [10.9699, 7.85801], [10.96928, 7.85746], [10.95278, 7.84761], [10.93014, 7.85851], [10.82887, 7.91104], [10.88449, 7.9971], [10.99537, 7.96522], [11.0382, 7.98425], [11.09921, 7.96066]]]}, "properties": {"name": "Bali B", "lga": "Bali", "state": "ta"}}, {"type": "Feature", "geometry": {"type": "Polygon", "coordinates": [[[10.58503, 8.6021], [10.58205, 8.61162], [10.57789, 8.61995], [10.57253, 8.62946], [10.56897, 8.63898], [10.5648, 8.64731], [10.56183, 8.65683], [10.56064, 8.66813], [10.55826, 8.67527], [10.55409, 8.68776], [10.55231, 8.69966], [10.54874, 8.70977], [10.54379, 8.71917], [10.54708, 8.72648], [10.56058, 8.73054], [10.57687, 8.75289], [10.59038, 8.75696], [10.60241, 8.75577], [10.61096, 8.75615], [10.62137, 8.75316], [10.62782, 8.75131], [10.63116, 8.72421], [10.65067, 8.68994], [10.67304, 8.66139], [10.72777, 8.62665], [10.73198, 8.6152], [10.73912, 8.59579], [10.72933, 8.58698], [10.72343, 8.5728], [10.72157, 8.5712], [10.71906, 8.56995], [10.71535, 8.56372], [10.71103, 8.55623], [10.71035, 8.5509], [10.68494, 8.54004], [10.66209, 8.54432], [10.64544, 8.56288], [10.62355, 8.59667], [10.61505, 8.59749], [10.58503, 8.6021]]]}, "properties": {"name": "Tutare", "lga": "Gassol", "state": "ta"}}, {"type": "Feature", "geometry": {"type": "Polygon", "coordinates": [[[10.76692, 8.63095], [10.76383, 8.63535], [10.73198, 8.6152], [10.72777, 8.62665], [10.67304, 8.66139], [10.65067, 8.68994], [10.63116, 8.72421], [10.62782, 8.75131], [10.637, 8.74867], [10.64563, 8.74733], [10.66117, 8.74457], [10.67377, 8.72698], [10.6841, 8.72572], [10.70306, 8.72311], [10.71844, 8.7238], [10.73382, 8.7245], [10.76457, 8.72588], [10.77628, 8.7316], [10.78783, 8.74077], [10.79629, 8.74288], [10.80632, 8.74822], [10.81394, 8.73308], [10.80366, 8.71138], [10.77958, 8.66186], [10.79084, 8.65174], [10.78506, 8.64872], [10.76692, 8.63095]]]}, "properties": {"name": "Mutum Biyu A", "lga": "Gassol", "state": "ta"}}, {"type": "Feature", "geometry": {"type": "Polygon", "coordinates": [[[11.68741, 9.22955], [11.67897, 9.22393], [11.67952, 9.21749], [11.67774, 9.21056], [11.68204, 9.19921], [11.68364, 9.19282], [11.68957, 9.19019], [11.69639, 9.18038], [11.69865, 9.1737], [11.70262, 9.16081], [11.70116, 9.15555], [11.69979, 9.14857], [11.69847, 9.14384], [11.69483, 9.14489], [11.68278, 9.14608], [11.67595, 9.14577], [11.66928, 9.14201], [11.65732, 9.14147], [11.64706, 9.14101], [11.6415, 9.14215], [11.6414, 9.14669], [11.64194, 9.14974], [11.63329, 9.17374], [11.6268, 9.18002], [11.62224, 9.18272], [11.61858, 9.18654], [11.61682, 9.1851], [11.61542, 9.18655], [11.61141, 9.19404], [11.62264, 9.20486], [11.63907, 9.21676], [11.64985, 9.22585], [11.67547, 9.24656], [11.68741, 9.22955]]]}, "properties": {"name": "Mayo-Lope", "lga": "Lau", "state": "ta"}}, {"type": "Feature", "geometry": {"type": "Polygon", "coordinates": [[[11.60502, 9.26017], [11.60562, 9.26029], [11.60598, 9.25911], [11.60763, 9.25911], [11.61292, 9.26441], [11.61268, 9.26518], [11.61242, 9.26629], [11.61457, 9.26798], [11.61752, 9.27078], [11.61927, 9.27273], [11.6226, 9.27346], [11.6436, 9.26118], [11.64259, 9.26011], [11.63864, 9.25397], [11.63681, 9.2515], [11.63374, 9.25094], [11.63203, 9.24846], [11.63012, 9.24785], [11.62994, 9.24689], [11.62694, 9.2498], [11.62467, 9.2507], [11.61026, 9.24672], [11.60391, 9.24738], [11.60322, 9.2502], [11.59645, 9.25813], [11.60502, 9.26017]]]}, "properties": {"name": "Abbare", "lga": "Lau", "state": "ta"}}, {"type": "Feature", "geometry": {"type": "Polygon", "coordinates": [[[11.63961, 9.30671], [11.64775, 9.3054], [11.64885, 9.29803], [11.66081, 9.27821], [11.6633, 9.27308], [11.66558, 9.26507], [11.67016, 9.25361], [11.67547, 9.24656], [11.64985, 9.22585], [11.63907, 9.21676], [11.62264, 9.20486], [11.61141, 9.19404], [11.61064, 9.19686], [11.60737, 9.19797], [11.60462, 9.19943], [11.60075, 9.20102], [11.59854, 9.20338], [11.59381, 9.20588], [11.58815, 9.20874], [11.5775, 9.21165], [11.55919, 9.22681], [11.55611, 9.23926], [11.55425, 9.24079], [11.55524, 9.24291], [11.55553, 9.2436], [11.55762, 9.24374], [11.56029, 9.24963], [11.56074, 9.25251], [11.55967, 9.26133], [11.55955, 9.26215], [11.56024, 9.26275], [11.56077, 9.26335], [11.56048, 9.26773], [11.56468, 9.27997], [11.56452, 9.28206], [11.55715, 9.29479], [11.5542, 9.30201], [11.55335, 9.30598], [11.55218, 9.31199], [11.55257, 9.32208], [11.55268, 9.32206], [11.58182, 9.31674], [11.59073, 9.31081], [11.59326, 9.3037], [11.59904, 9.30158], [11.61158, 9.30357], [11.62492, 9.30908], [11.63961, 9.30671]], [[11.60502, 9.26017], [11.59645, 9.25813], [11.60322, 9.2502], [11.60391, 9.24738], [11.61026, 9.24672], [11.62467, 9.2507], [11.62694, 9.2498], [11.62994, 9.24689], [11.63012, 9.24785], [11.63203, 9.24846], [11.63374, 9.25094], [11.63681, 9.2515], [11.63864, 9.25397], [11.64259, 9.26011], [11.6436, 9.26118], [11.6226, 9.27346], [11.61927, 9.27273], [11.61752, 9.27078], [11.61457, 9.26798], [11.61242, 9.26629], [11.61268, 9.26518], [11.61292, 9.26441], [11.60763, 9.25911], [11.60598, 9.25911], [11.60562, 9.26029], [11.60502, 9.26017]]]}, "properties": {"name": "Dobeli", "lga": "Lau", "state": "ta"}}, {"type": "Feature", "geometry": {"type": "Polygon", "coordinates": [[[11.55257, 9.32208], [11.55218, 9.31199], [11.55335, 9.30598], [11.5542, 9.30201], [11.55715, 9.29479], [11.56452, 9.28206], [11.56468, 9.27997], [11.56048, 9.26773], [11.56077, 9.26335], [11.56024, 9.26275], [11.55955, 9.26215], [11.55967, 9.26133], [11.56074, 9.25251], [11.56029, 9.24963], [11.55762, 9.24374], [11.55553, 9.2436], [11.55524, 9.24291], [11.55425, 9.24079], [11.55611, 9.23926], [11.55919, 9.22681], [11.5775, 9.21165], [11.58339, 9.20976], [11.57026, 9.19797], [11.56382, 9.1971], [11.55763, 9.1956], [11.5572, 9.19741], [11.5548, 9.1973], [11.55421, 9.19826], [11.55357, 9.19924], [11.55259, 9.19829], [11.5531, 9.19727], [11.55159, 9.19607], [11.54946, 9.19585], [11.54866, 9.19392], [11.54782, 9.19176], [11.54611, 9.18935], [11.54416, 9.1875], [11.5414, 9.18575], [11.53988, 9.18357], [11.5379, 9.18061], [11.53777, 9.17746], [11.53829, 9.17249], [11.53752, 9.16936], [11.53817, 9.16584], [11.53899, 9.16287], [11.53775, 9.16281], [11.53689, 9.16309], [11.53597, 9.16298], [11.536, 9.16206], [11.53526, 9.16156], [11.53289, 9.16233], [11.53099, 9.16496], [11.52842, 9.16355], [11.52724, 9.16461], [11.52444, 9.16236], [11.52162, 9.16392], [11.51947, 9.16324], [11.51882, 9.16425], [11.51837, 9.16497], [11.5152, 9.16884], [11.51315, 9.16899], [11.51107, 9.16785], [11.50985, 9.17271], [11.50381, 9.17431], [11.50274, 9.17609], [11.49447, 9.18003], [11.49462, 9.18122], [11.49426, 9.18252], [11.4902, 9.18507], [11.4868, 9.18548], [11.48323, 9.18571], [11.47942, 9.18959], [11.47392, 9.19494], [11.46763, 9.19967], [11.46071, 9.20128], [11.45917, 9.20698], [11.45167, 9.21657], [11.44607, 9.21894], [11.44076, 9.22322], [11.44121, 9.22548], [11.44086, 9.2264], [11.4409, 9.22765], [11.44034, 9.22831], [11.43881, 9.22947], [11.43977, 9.23127], [11.43881, 9.23224], [11.43754, 9.23293], [11.43653, 9.24081], [11.43838, 9.2486], [11.44231, 9.25597], [11.44261, 9.25736], [11.44137, 9.25933], [11.44098, 9.26072], [11.43734, 9.25875], [11.43567, 9.2578], [11.43495, 9.25758], [11.43388, 9.2592], [11.43339, 9.26131], [11.43313, 9.2618], [11.43168, 9.26241], [11.43054, 9.26328], [11.43019, 9.26424], [11.42856, 9.26657], [11.42747, 9.26681], [11.42484, 9.26606], [11.42478, 9.2719], [11.42309, 9.2738], [11.42166, 9.27741], [11.42292, 9.27867], [11.42147, 9.2818], [11.41866, 9.28598], [11.41607, 9.28811], [11.41402, 9.2891], [11.4116, 9.28875], [11.41092, 9.28685], [11.4076, 9.29731], [11.40589, 9.2958], [11.40344, 9.29505], [11.40192, 9.29538], [11.40114, 9.29648], [11.39554, 9.29891], [11.38792, 9.2959], [11.3815, 9.29507], [11.37796, 9.29642], [11.3768, 9.30088], [11.38027, 9.30444], [11.38394, 9.30391], [11.39026, 9.30649], [11.38936, 9.31148], [11.39193, 9.31935], [11.39894, 9.32147], [11.39795, 9.33276], [11.40142, 9.33584], [11.41554, 9.34262], [11.42389, 9.34623], [11.42977, 9.35028], [11.43654, 9.35264], [11.4435, 9.35527], [11.44965, 9.3598], [11.46134, 9.35903], [11.47489, 9.36328], [11.49078, 9.3669], [11.49632, 9.37448], [11.49754, 9.38296], [11.50276, 9.38934], [11.51146, 9.39789], [11.51642, 9.40157], [11.52008, 9.40398], [11.5222, 9.40048], [11.52399, 9.39609], [11.52436, 9.39082], [11.52386, 9.3851], [11.52614, 9.38078], [11.53025, 9.37845], [11.53485, 9.37239], [11.53588, 9.36664], [11.53013, 9.34304], [11.53069, 9.32608], [11.55257, 9.32208]]]}, "properties": {"name": "Donadda", "lga": "Lau", "state": "ta"}}, {"type": "Feature", "geometry": {"type": "Polygon", "coordinates": [[[11.38772, 9.18737], [11.39239, 9.18409], [11.39492, 9.17898], [11.39978, 9.17658], [11.40225, 9.17215], [11.40324, 9.1695], [11.41372, 9.16267], [11.41989, 9.15314], [11.42119, 9.15266], [11.42262, 9.15177], [11.42599, 9.13193], [11.42268, 9.13179], [11.41963, 9.12819], [11.41736, 9.12767], [11.41499, 9.12636], [11.41483, 9.12436], [11.41311, 9.12172], [11.41114, 9.11943], [11.40731, 9.12011], [11.39891, 9.11332], [11.3972, 9.11391], [11.39633, 9.11594], [11.39474, 9.11646], [11.3914, 9.11268], [11.38783, 9.11019], [11.38479, 9.10767], [11.3747, 9.10929], [11.36983, 9.1108], [11.3612, 9.1064], [11.35594, 9.10613], [11.35293, 9.10568], [11.34806, 9.10495], [11.3438, 9.10339], [11.34137, 9.10221], [11.33764, 9.10989], [11.32731, 9.09648], [11.32687, 9.09285], [11.32597, 9.09238], [11.32502, 9.08879], [11.32085, 9.09128], [11.31822, 9.09092], [11.31379, 9.09285], [11.30939, 9.09283], [11.30669, 9.09221], [11.30524, 9.09138], [11.30486, 9.09386], [11.30581, 9.09417], [11.30587, 9.09469], [11.30418, 9.09959], [11.30474, 9.1005], [11.30837, 9.10498], [11.30733, 9.11528], [11.30393, 9.11786], [11.30265, 9.12128], [11.30216, 9.12259], [11.30079, 9.12539], [11.29888, 9.12607], [11.29446, 9.13051], [11.29181, 9.13714], [11.2793, 9.13373], [11.27844, 9.13644], [11.27549, 9.13615], [11.27365, 9.13546], [11.27265, 9.13522], [11.26386, 9.13863], [11.26113, 9.13777], [11.25803, 9.13763], [11.25586, 9.14001], [11.2549, 9.14234], [11.26203, 9.14556], [11.26737, 9.14816], [11.27162, 9.1482], [11.27587, 9.14856], [11.29297, 9.15253], [11.28932, 9.15581], [11.28928, 9.16129], [11.28643, 9.16692], [11.28705, 9.16818], [11.29235, 9.16937], [11.29519, 9.17401], [11.29862, 9.17397], [11.30493, 9.17757], [11.30924, 9.17973], [11.31283, 9.18056], [11.31312, 9.1799], [11.31394, 9.17841], [11.31601, 9.17952], [11.31804, 9.18087], [11.31932, 9.17772], [11.32969, 9.17841], [11.33374, 9.17835], [11.33579, 9.18144], [11.34097, 9.18583], [11.34047, 9.18779], [11.34848, 9.1957], [11.3569, 9.20414], [11.35941, 9.21352], [11.36368, 9.21271], [11.36925, 9.20709], [11.38624, 9.19544], [11.38772, 9.18737]]]}, "properties": {"name": "Garin Dogo", "lga": "Lau", "state": "ta"}}, {"type": "Feature", "geometry": {"type": "Polygon", "coordinates": [[[11.7927, 9.01966], [11.79487, 9.01904], [11.79339, 9.01657], [11.79256, 9.01403], [11.79014, 9.01134], [11.78896, 9.01041], [11.78736, 9.00779], [11.78563, 9.00727], [11.78251, 9.00643], [11.77522, 8.99974], [11.77271, 8.99571], [11.77207, 8.98934], [11.76974, 8.9893], [11.76789, 8.98921], [11.76893, 8.98672], [11.76948, 8.98461], [11.76879, 8.98367], [11.76871, 8.98237], [11.75886, 8.97629], [11.7571, 8.97779], [11.75587, 8.97933], [11.75493, 8.97408], [11.74894, 8.97244], [11.74535, 8.98019], [11.73883, 8.98359], [11.73669, 8.98322], [11.7363, 8.98354], [11.73549, 8.98421], [11.732, 8.98732], [11.7298, 8.98772], [11.72106, 8.98764], [11.72185, 8.99086], [11.72224, 8.99294], [11.72426, 8.99456], [11.72535, 8.99611], [11.72645, 9.00119], [11.73309, 9.00257], [11.73405, 9.00252], [11.74398, 8.99646], [11.74432, 8.9972], [11.74583, 8.99889], [11.7475, 9.00088], [11.74933, 9.00916], [11.75348, 9.0172], [11.75904, 9.03664], [11.7927, 9.01966]]]}, "properties": {"name": "Zing", "lga": "Zing", "state": "ta"}}, {"type": "Feature", "geometry": {"type": "Polygon", "coordinates": [[[11.70285, 8.97812], [11.70142, 8.97795], [11.69776, 8.97805], [11.69447, 8.97959], [11.6861, 8.97676], [11.67942, 8.97685], [11.67731, 8.97617], [11.67665, 8.97536], [11.67543, 8.97477], [11.67319, 8.97514], [11.67182, 8.97229], [11.67026, 8.9723], [11.66977, 8.97068], [11.66747, 8.9657], [11.66611, 8.96541], [11.66405, 8.96743], [11.66381, 8.96976], [11.66402, 8.97056], [11.66412, 8.97275], [11.66142, 8.97122], [11.65461, 8.97393], [11.65221, 8.97652], [11.65152, 8.97656], [11.65083, 8.97624], [11.65017, 8.97566], [11.64921, 8.97634], [11.64916, 8.97692], [11.64872, 8.97705], [11.64799, 8.97644], [11.64805, 8.97789], [11.64775, 8.97908], [11.64494, 8.97968], [11.64436, 8.98075], [11.64399, 8.98193], [11.64281, 8.98353], [11.63845, 8.98606], [11.63275, 8.9872], [11.62994, 8.98569], [11.63208, 8.98885], [11.63052, 8.99267], [11.62952, 8.99288], [11.62944, 8.99238], [11.62887, 8.99247], [11.62073, 8.99934], [11.6144, 8.99793], [11.6141, 8.99846], [11.6136, 8.99965], [11.61572, 9.00321], [11.60714, 9.00971], [11.61047, 9.01134], [11.61723, 9.01337], [11.6239, 9.01713], [11.63056, 9.02089], [11.65765, 9.0273], [11.66419, 9.03186], [11.66938, 9.03548], [11.67091, 9.03654], [11.67595, 9.0385], [11.67921, 9.04211], [11.68417, 9.04579], [11.69409, 9.05316], [11.71035, 9.07119], [11.71564, 9.06797], [11.72264, 9.06482], [11.72964, 9.06168], [11.73518, 9.05328], [11.75253, 9.04972], [11.7583, 9.04289], [11.76752, 9.03371], [11.77281, 9.03042], [11.75904, 9.03664], [11.75348, 9.0172], [11.74933, 9.00916], [11.7493, 9.00784], [11.74832, 9.00251], [11.74797, 9.0015], [11.74398, 8.99646], [11.73405, 9.00252], [11.73309, 9.00257], [11.72645, 9.00119], [11.72535, 8.99611], [11.72426, 8.99456], [11.72224, 8.99294], [11.72185, 8.99086], [11.72106, 8.98764], [11.70805, 8.98977], [11.70127, 8.98135], [11.70254, 8.97895], [11.70285, 8.97812]]]}, "properties": {"name": "Tagallang", "lga": "Zing", "state": "ta"}}, {"type": "Feature", "geometry": {"type": "Polygon", "coordinates": [[[11.73112, 8.81825], [11.72938, 8.82619], [11.73029, 8.82765], [11.72948, 8.83089], [11.72833, 8.8323], [11.72767, 8.83318], [11.72948, 8.83753], [11.73024, 8.83775], [11.73216, 8.83867], [11.73279, 8.83946], [11.72974, 8.8432], [11.73257, 8.8493], [11.732, 8.8494], [11.73171, 8.8499], [11.73139, 8.85024], [11.73232, 8.85252], [11.73013, 8.85552], [11.7327, 8.85952], [11.73673, 8.86051], [11.74723, 8.8594], [11.75099, 8.86145], [11.75829, 8.86275], [11.75892, 8.8626], [11.7639, 8.86134], [11.76647, 8.86097], [11.7677, 8.85887], [11.77716, 8.85945], [11.77825, 8.85947], [11.7813, 8.86161], [11.7847, 8.85936], [11.78566, 8.86244], [11.79056, 8.86235], [11.79219, 8.86386], [11.79368, 8.86776], [11.79641, 8.86999], [11.79668, 8.87205], [11.79826, 8.87613], [11.80004, 8.87713], [11.80049, 8.87836], [11.80524, 8.88209], [11.80774, 8.88094], [11.81046, 8.88135], [11.81552, 8.88397], [11.81683, 8.88574], [11.81726, 8.8742], [11.81796, 8.87446], [11.8198, 8.87436], [11.82231, 8.87298], [11.82567, 8.8718], [11.82787, 8.87047], [11.82139, 8.86663], [11.8166, 8.85467], [11.81103, 8.8531], [11.81092, 8.85251], [11.80984, 8.85117], [11.80919, 8.85019], [11.8072, 8.84045], [11.80392, 8.83675], [11.80349, 8.83453], [11.80399, 8.83336], [11.80248, 8.83174], [11.79716, 8.82693], [11.78424, 8.82341], [11.77795, 8.82197], [11.77201, 8.82075], [11.76664, 8.81789], [11.76352, 8.81661], [11.76285, 8.81405], [11.7635, 8.81062], [11.76318, 8.81063], [11.76222, 8.80992], [11.76014, 8.80952], [11.7573, 8.81274], [11.74384, 8.81376], [11.73138, 8.81351], [11.73112, 8.81825]]]}, "properties": {"name": "Dingding", "lga": "Zing", "state": "ta"}}, {"type": "Feature", "geometry": {"type": "Polygon", "coordinates": [[[11.75886, 8.97629], [11.76334, 8.97238], [11.76555, 8.97084], [11.76706, 8.96952], [11.77106, 8.96506], [11.77182, 8.96403], [11.77228, 8.9613], [11.77293, 8.95983], [11.78148, 8.95258], [11.78872, 8.95131], [11.79126, 8.95076], [11.79806, 8.94557], [11.80727, 8.94096], [11.80902, 8.93779], [11.81427, 8.93336], [11.81487, 8.93137], [11.81522, 8.93072], [11.81579, 8.92955], [11.81572, 8.92734], [11.81611, 8.92322], [11.82405, 8.91532], [11.82667, 8.91483], [11.82729, 8.91442], [11.83326, 8.91359], [11.83571, 8.91284], [11.83691, 8.91215], [11.8388, 8.9112], [11.84132, 8.91239], [11.8433, 8.91186], [11.84437, 8.91061], [11.84706, 8.91066], [11.84851, 8.9115], [11.85126, 8.91022], [11.85517, 8.92018], [11.86961, 8.92957], [11.86952, 8.92939], [11.8624, 8.91516], [11.86469, 8.90987], [11.86088, 8.90663], [11.85965, 8.90459], [11.85797, 8.90548], [11.85282, 8.9056], [11.85252, 8.90299], [11.85023, 8.90448], [11.84766, 8.90247], [11.84457, 8.90431], [11.8398, 8.90168], [11.83746, 8.90192], [11.83242, 8.90034], [11.83154, 8.90103], [11.82929, 8.89947], [11.82746, 8.90007], [11.82621, 8.89899], [11.82582, 8.89646], [11.82566, 8.89284], [11.82594, 8.89046], [11.82398, 8.88859], [11.82377, 8.88699], [11.82322, 8.88588], [11.81929, 8.88515], [11.81683, 8.88574], [11.81552, 8.88397], [11.81046, 8.88135], [11.80774, 8.88094], [11.80524, 8.88209], [11.80049, 8.87836], [11.80004, 8.87713], [11.79826, 8.87613], [11.79668, 8.87205], [11.79641, 8.86999], [11.79368, 8.86776], [11.79219, 8.86386], [11.79056, 8.86235], [11.78566, 8.86244], [11.7847, 8.85936], [11.7813, 8.86161], [11.77825, 8.85947], [11.77716, 8.85945], [11.7677, 8.85887], [11.76647, 8.86097], [11.7639, 8.86134], [11.75892, 8.8626], [11.75665, 8.86597], [11.75526, 8.87174], [11.75496, 8.87365], [11.75571, 8.87524], [11.75551, 8.87727], [11.76784, 8.88841], [11.77042, 8.89007], [11.77298, 8.89111], [11.77788, 8.89259], [11.77888, 8.894], [11.77959, 8.895], [11.77295, 8.89703], [11.7668, 8.90176], [11.76415, 8.90265], [11.76319, 8.90131], [11.76214, 8.90144], [11.76078, 8.90328], [11.75978, 8.90378], [11.75862, 8.90409], [11.75905, 8.90472], [11.75866, 8.90526], [11.75774, 8.90532], [11.75606, 8.90468], [11.75463, 8.90587], [11.75475, 8.9064], [11.7551, 8.90711], [11.75382, 8.90762], [11.75031, 8.91038], [11.74916, 8.90975], [11.74747, 8.91008], [11.74433, 8.91419], [11.74283, 8.91514], [11.73913, 8.9174], [11.73552, 8.92233], [11.7357, 8.92401], [11.73596, 8.92717], [11.73642, 8.92977], [11.7386, 8.93284], [11.739, 8.93403], [11.74032, 8.93477], [11.74173, 8.93496], [11.74354, 8.93765], [11.74587, 8.93945], [11.74873, 8.93875], [11.75125, 8.93782], [11.75357, 8.93668], [11.75384, 8.93773], [11.75394, 8.93922], [11.75415, 8.94077], [11.75344, 8.94121], [11.75208, 8.94272], [11.74973, 8.94439], [11.75153, 8.9651], [11.75046, 8.9689], [11.74945, 8.97116], [11.74894, 8.97244], [11.75493, 8.97408], [11.75587, 8.97933], [11.7571, 8.97779], [11.75886, 8.97629]]]}, "properties": {"name": "Bitako", "lga": "Zing", "state": "ta"}}, {"type": "Feature", "geometry": {"type": "Polygon", "coordinates": [[[11.85965, 8.90459], [11.85965, 8.90458], [11.85556, 8.89777], [11.85403, 8.89521], [11.84984, 8.87507], [11.8506, 8.86993], [11.84337, 8.8667], [11.84508, 8.85985], [11.84068, 8.845], [11.8365, 8.82042], [11.8317, 8.79226], [11.8312, 8.7695], [11.82707, 8.73909], [11.78547, 8.71096], [11.76917, 8.71202], [11.75427, 8.70008], [11.74967, 8.68899], [11.74314, 8.6776], [11.73239, 8.68291], [11.73087, 8.68475], [11.73079, 8.68898], [11.73006, 8.69006], [11.72904, 8.69094], [11.72877, 8.69148], [11.72902, 8.69228], [11.73022, 8.69282], [11.73146, 8.69409], [11.73117, 8.69967], [11.73228, 8.70137], [11.73334, 8.7031], [11.73091, 8.70462], [11.73112, 8.70722], [11.73966, 8.71292], [11.73806, 8.71471], [11.73754, 8.71631], [11.73832, 8.71756], [11.73956, 8.71953], [11.74337, 8.72366], [11.73651, 8.73912], [11.7372, 8.74045], [11.73882, 8.75173], [11.74053, 8.75263], [11.74262, 8.75185], [11.74562, 8.75162], [11.74631, 8.75542], [11.74984, 8.75567], [11.74778, 8.76195], [11.73482, 8.77398], [11.73568, 8.77522], [11.73589, 8.7798], [11.73605, 8.78393], [11.73902, 8.78569], [11.7432, 8.78697], [11.74407, 8.78806], [11.76155, 8.79161], [11.77516, 8.79793], [11.77645, 8.79934], [11.77652, 8.80396], [11.7635, 8.81062], [11.76285, 8.81405], [11.76352, 8.81661], [11.76664, 8.81789], [11.77201, 8.82075], [11.77795, 8.82197], [11.78424, 8.82341], [11.79716, 8.82693], [11.80248, 8.83174], [11.80399, 8.83336], [11.80349, 8.83453], [11.80392, 8.83675], [11.8072, 8.84045], [11.80919, 8.85019], [11.80984, 8.85117], [11.81092, 8.85251], [11.81103, 8.8531], [11.8166, 8.85467], [11.82139, 8.86663], [11.82787, 8.87047], [11.81699, 8.87482], [11.81683, 8.88574], [11.81929, 8.88515], [11.82322, 8.88588], [11.82377, 8.88699], [11.82398, 8.88859], [11.82594, 8.89046], [11.82566, 8.89284], [11.82582, 8.89646], [11.82621, 8.89899], [11.82746, 8.90007], [11.82929, 8.89947], [11.83154, 8.90103], [11.83242, 8.90034], [11.83746, 8.90192], [11.8398, 8.90168], [11.84457, 8.90431], [11.84766, 8.90247], [11.85023, 8.90448], [11.85252, 8.90299], [11.85282, 8.9056], [11.85797, 8.90548], [11.85965, 8.90459]]]}, "properties": {"name": "Lamma", "lga": "Zing", "state": "ta"}}, {"type": "Feature", "geometry": {"type": "Polygon", "coordinates": [[[11.65383, 8.78497], [11.65386, 8.7764], [11.66511, 8.76466], [11.69306, 8.71747], [11.7021, 8.7075], [11.71268, 8.70105], [11.72147, 8.69626], [11.73087, 8.68475], [11.73239, 8.68291], [11.74314, 8.6776], [11.75168, 8.6734], [11.75713, 8.66672], [11.76046, 8.66366], [11.76143, 8.6665], [11.76585, 8.66225], [11.77413, 8.65426], [11.78788, 8.64343], [11.78832, 8.64247], [11.7889, 8.64121], [11.78417, 8.62978], [11.77693, 8.62513], [11.76751, 8.62068], [11.75761, 8.61721], [11.74909, 8.62022], [11.74041, 8.62272], [11.73162, 8.62751], [11.7247, 8.62893], [11.71941, 8.63066], [11.71078, 8.63349], [11.7072, 8.63679], [11.69824, 8.64504], [11.68595, 8.65141], [11.67537, 8.65785], [11.64566, 8.67036], [11.63695, 8.67343], [11.62662, 8.67469], [11.61799, 8.67603], [11.60765, 8.6773], [11.60082, 8.67699], [11.59399, 8.67668], [11.58723, 8.67465], [11.57698, 8.67419], [11.5686, 8.67035], [11.54297, 8.6692], [11.53793, 8.66724], [11.5311, 8.66693], [11.52539, 8.67879], [11.52164, 8.68554], [11.51781, 8.69402], [11.49513, 8.72271], [11.49668, 8.7312], [11.50754, 8.73825], [11.5088, 8.74278], [11.51679, 8.74648], [11.5282, 8.75293], [11.53832, 8.75856], [11.5435, 8.7638], [11.54752, 8.76638], [11.53984, 8.77238], [11.53735, 8.77424], [11.53948, 8.77859], [11.54562, 8.78662], [11.54652, 8.79392], [11.54406, 8.79729], [11.54189, 8.81154], [11.54469, 8.82975], [11.54505, 8.83033], [11.55582, 8.83671], [11.56222, 8.83746], [11.56644, 8.8371], [11.57256, 8.83732], [11.58196, 8.83541], [11.5896, 8.83406], [11.59515, 8.83466], [11.60302, 8.83487], [11.61049, 8.83525], [11.61589, 8.83105], [11.61776, 8.82839], [11.61726, 8.82565], [11.62182, 8.81828], [11.62336, 8.80826], [11.63224, 8.80433], [11.63194, 8.80368], [11.63316, 8.80291], [11.63319, 8.80129], [11.63756, 8.79884], [11.64059, 8.79987], [11.64256, 8.79934], [11.65289, 8.80107], [11.65379, 8.79631], [11.65383, 8.78497]]]}, "properties": {"name": "Dankum", "lga": "Yorro", "state": "ta"}}, {"type": "Feature", "geometry": {"type": "Polygon", "coordinates": [[[11.73087, 8.68475], [11.72147, 8.69626], [11.71268, 8.70105], [11.7021, 8.7075], [11.69306, 8.71747], [11.66511, 8.76466], [11.65386, 8.7764], [11.65383, 8.78497], [11.65379, 8.79631], [11.65289, 8.80107], [11.65086, 8.81186], [11.64562, 8.82635], [11.64108, 8.83085], [11.64275, 8.83103], [11.64402, 8.83148], [11.64724, 8.83701], [11.65118, 8.84019], [11.65273, 8.84438], [11.6539, 8.84486], [11.65442, 8.84368], [11.65474, 8.8416], [11.65597, 8.84083], [11.65608, 8.84006], [11.65531, 8.83912], [11.65633, 8.83784], [11.65844, 8.83544], [11.65831, 8.82593], [11.65803, 8.8249], [11.65606, 8.82395], [11.65671, 8.82232], [11.65884, 8.8226], [11.65883, 8.82063], [11.66213, 8.82127], [11.67606, 8.82785], [11.67656, 8.81577], [11.6785, 8.8111], [11.68064, 8.8063], [11.6803, 8.80557], [11.68156, 8.80426], [11.68339, 8.80289], [11.68674, 8.80273], [11.68895, 8.79988], [11.69211, 8.80755], [11.69511, 8.80298], [11.69649, 8.80234], [11.69694, 8.80233], [11.69778, 8.80149], [11.69809, 8.80193], [11.69907, 8.80528], [11.70012, 8.80781], [11.70559, 8.81479], [11.71325, 8.81747], [11.7142, 8.81588], [11.71714, 8.81846], [11.72135, 8.81954], [11.7236, 8.81934], [11.72391, 8.8173], [11.72443, 8.81454], [11.72738, 8.81491], [11.73, 8.81607], [11.73112, 8.81825], [11.73138, 8.81351], [11.74384, 8.81376], [11.7573, 8.81274], [11.75798, 8.8126], [11.76014, 8.80952], [11.76222, 8.80992], [11.76318, 8.81063], [11.7635, 8.81062], [11.77652, 8.80396], [11.77645, 8.79934], [11.77516, 8.79793], [11.76155, 8.79161], [11.74407, 8.78806], [11.7432, 8.78697], [11.73902, 8.78569], [11.73605, 8.78393], [11.73589, 8.7798], [11.73568, 8.77522], [11.73482, 8.77398], [11.74778, 8.76195], [11.74984, 8.75567], [11.74631, 8.75542], [11.74562, 8.75162], [11.74262, 8.75185], [11.74053, 8.75263], [11.73882, 8.75173], [11.7372, 8.74045], [11.73651, 8.73912], [11.74337, 8.72366], [11.73956, 8.71953], [11.73832, 8.71756], [11.73754, 8.71631], [11.73806, 8.71471], [11.73966, 8.71292], [11.73112, 8.70722], [11.73091, 8.70462], [11.73334, 8.7031], [11.73228, 8.70137], [11.73117, 8.69967], [11.73146, 8.69409], [11.73022, 8.69282], [11.72902, 8.69228], [11.72877, 8.69148], [11.72904, 8.69094], [11.73006, 8.69006], [11.73079, 8.68898], [11.73087, 8.68475]]]}, "properties": {"name": "Kosensi", "lga": "Zing", "state": "ta"}}, {"type": "Feature", "geometry": {"type": "Polygon", "coordinates": [[[11.67606, 8.82785], [11.68953, 8.83635], [11.68843, 8.83995], [11.68772, 8.84003], [11.68694, 8.83941], [11.6865, 8.8397], [11.68671, 8.84073], [11.68696, 8.84483], [11.68653, 8.84625], [11.68776, 8.84759], [11.68899, 8.85228], [11.68867, 8.85551], [11.69028, 8.8575], [11.69423, 8.86037], [11.69787, 8.86456], [11.7014, 8.86565], [11.70406, 8.86809], [11.70664, 8.86836], [11.7075, 8.86903], [11.70896, 8.86845], [11.71256, 8.86701], [11.71351, 8.86527], [11.71508, 8.86412], [11.71569, 8.86483], [11.71545, 8.86537], [11.71711, 8.86648], [11.71888, 8.86628], [11.7198, 8.86466], [11.71908, 8.86295], [11.72176, 8.86337], [11.72252, 8.86267], [11.72299, 8.86006], [11.72865, 8.85764], [11.72986, 8.85811], [11.73083, 8.85787], [11.7317, 8.85786], [11.73013, 8.85552], [11.73232, 8.85252], [11.73139, 8.85024], [11.73171, 8.8499], [11.732, 8.8494], [11.73257, 8.8493], [11.72974, 8.8432], [11.73279, 8.83946], [11.73216, 8.83867], [11.73024, 8.83775], [11.72948, 8.83753], [11.72767, 8.83318], [11.72833, 8.8323], [11.72948, 8.83089], [11.73029, 8.82765], [11.72938, 8.82619], [11.73112, 8.81825], [11.73, 8.81607], [11.72738, 8.81491], [11.72443, 8.81454], [11.72391, 8.8173], [11.7236, 8.81934], [11.72135, 8.81954], [11.71714, 8.81846], [11.7142, 8.81588], [11.71325, 8.81747], [11.71189, 8.81726], [11.71091, 8.81713], [11.7096, 8.8167], [11.71004, 8.81625], [11.70914, 8.81525], [11.70559, 8.81479], [11.70012, 8.80781], [11.69907, 8.80528], [11.69809, 8.80193], [11.69778, 8.80149], [11.69694, 8.80233], [11.69649, 8.80234], [11.69511, 8.80298], [11.69211, 8.80755], [11.68895, 8.79988], [11.68674, 8.80273], [11.68339, 8.80289], [11.68156, 8.80426], [11.6803, 8.80557], [11.68064, 8.8063], [11.6785, 8.8111], [11.67656, 8.81577], [11.67606, 8.82785]]]}, "properties": {"name": "Kakulu", "lga": "Zing", "state": "ta"}}, {"type": "Feature", "geometry": {"type": "Polygon", "coordinates": [[[11.70285, 8.97812], [11.7042, 8.97662], [11.7077, 8.97499], [11.71151, 8.97352], [11.71213, 8.96825], [11.71108, 8.96309], [11.71215, 8.95879], [11.71203, 8.95734], [11.71135, 8.95608], [11.71128, 8.95285], [11.7127, 8.94827], [11.714, 8.94754], [11.71464, 8.94586], [11.71412, 8.9446], [11.70995, 8.93245], [11.71822, 8.9334], [11.72431, 8.93331], [11.7244, 8.931], [11.7257, 8.93072], [11.72782, 8.92963], [11.72989, 8.92988], [11.73053, 8.92928], [11.73264, 8.92591], [11.7357, 8.92401], [11.73552, 8.92233], [11.73913, 8.9174], [11.74283, 8.91514], [11.74433, 8.91419], [11.74747, 8.91008], [11.74916, 8.90975], [11.75031, 8.91038], [11.75382, 8.90762], [11.7551, 8.90711], [11.75475, 8.9064], [11.75463, 8.90587], [11.75606, 8.90468], [11.75774, 8.90532], [11.75866, 8.90526], [11.75905, 8.90472], [11.75862, 8.90409], [11.75978, 8.90378], [11.76078, 8.90328], [11.76214, 8.90144], [11.76319, 8.90131], [11.76415, 8.90265], [11.7668, 8.90176], [11.77295, 8.89703], [11.77959, 8.895], [11.77888, 8.894], [11.77788, 8.89259], [11.77298, 8.89111], [11.77042, 8.89007], [11.76784, 8.88841], [11.75551, 8.87727], [11.75571, 8.87524], [11.75496, 8.87365], [11.75526, 8.87174], [11.75665, 8.86597], [11.75892, 8.8626], [11.75829, 8.86275], [11.75099, 8.86145], [11.74723, 8.8594], [11.73673, 8.86051], [11.72865, 8.85764], [11.72299, 8.86006], [11.72252, 8.86267], [11.72176, 8.86337], [11.71908, 8.86295], [11.7198, 8.86466], [11.71888, 8.86628], [11.71711, 8.86648], [11.71545, 8.86537], [11.71569, 8.86483], [11.71508, 8.86412], [11.71351, 8.86527], [11.71256, 8.86701], [11.70896, 8.86845], [11.7075, 8.86903], [11.69787, 8.86456], [11.69423, 8.86037], [11.69028, 8.8575], [11.68867, 8.85551], [11.68899, 8.85228], [11.68776, 8.84759], [11.68653, 8.84625], [11.68696, 8.84483], [11.68671, 8.84073], [11.6865, 8.8397], [11.68694, 8.83941], [11.68772, 8.84003], [11.68843, 8.83995], [11.68953, 8.83635], [11.67606, 8.82785], [11.65883, 8.82063], [11.65884, 8.8226], [11.65671, 8.82232], [11.65606, 8.82395], [11.65803, 8.8249], [11.65831, 8.82593], [11.65844, 8.83544], [11.65633, 8.83784], [11.65531, 8.83912], [11.65608, 8.84006], [11.65597, 8.84083], [11.65474, 8.8416], [11.65442, 8.84368], [11.6539, 8.84486], [11.64402, 8.83148], [11.64275, 8.83103], [11.64108, 8.83085], [11.63421, 8.83766], [11.62727, 8.87541], [11.61994, 8.88546], [11.61098, 8.89371], [11.6056, 8.89866], [11.60059, 8.9021], [11.59127, 8.91186], [11.58582, 8.91853], [11.58548, 8.92544], [11.58515, 8.93234], [11.57807, 8.93721], [11.57082, 8.94554], [11.56545, 8.95049], [11.5582, 8.95881], [11.55608, 8.96737], [11.55745, 8.97435], [11.56396, 8.98156], [11.56875, 8.9887], [11.57363, 8.99411], [11.60714, 9.00971], [11.61572, 9.00321], [11.6136, 8.99965], [11.6141, 8.99846], [11.6144, 8.99793], [11.62073, 8.99934], [11.62887, 8.99247], [11.62944, 8.99238], [11.62952, 8.99288], [11.63052, 8.99267], [11.63208, 8.98885], [11.62994, 8.98569], [11.63275, 8.9872], [11.63845, 8.98606], [11.64281, 8.98353], [11.64399, 8.98193], [11.64436, 8.98075], [11.64494, 8.97968], [11.64775, 8.97908], [11.64805, 8.97789], [11.64799, 8.97644], [11.64872, 8.97705], [11.64916, 8.97692], [11.64921, 8.97634], [11.65017, 8.97566], [11.65083, 8.97624], [11.65152, 8.97656], [11.65221, 8.97652], [11.65461, 8.97393], [11.66142, 8.97122], [11.66412, 8.97275], [11.66402, 8.97056], [11.66381, 8.96976], [11.66405, 8.96743], [11.66611, 8.96541], [11.66747, 8.9657], [11.66977, 8.97068], [11.67026, 8.9723], [11.67182, 8.97229], [11.67319, 8.97514], [11.67543, 8.97477], [11.67665, 8.97536], [11.67731, 8.97617], [11.67942, 8.97685], [11.6861, 8.97676], [11.69447, 8.97959], [11.69776, 8.97805], [11.70142, 8.97795], [11.70285, 8.97812]]]}, "properties": {"name": "Yakoko", "lga": "Zing", "state": "ta"}}, {"type": "Feature", "geometry": {"type": "Polygon", "coordinates": [[[11.70285, 8.97812], [11.70254, 8.97895], [11.70127, 8.98135], [11.70805, 8.98977], [11.732, 8.98732], [11.73549, 8.98421], [11.7363, 8.98354], [11.73669, 8.98322], [11.73883, 8.98359], [11.74535, 8.98019], [11.75153, 8.9651], [11.74973, 8.94439], [11.75208, 8.94272], [11.75344, 8.94121], [11.75415, 8.94077], [11.75394, 8.93922], [11.75384, 8.93773], [11.75357, 8.93668], [11.75125, 8.93782], [11.74873, 8.93875], [11.74587, 8.93945], [11.74354, 8.93765], [11.74173, 8.93496], [11.74032, 8.93477], [11.739, 8.93403], [11.7386, 8.93284], [11.73642, 8.92977], [11.73596, 8.92717], [11.7357, 8.92401], [11.73264, 8.92591], [11.73053, 8.92928], [11.72989, 8.92988], [11.72782, 8.92963], [11.7257, 8.93072], [11.7244, 8.931], [11.72431, 8.93331], [11.71822, 8.9334], [11.70995, 8.93245], [11.71412, 8.9446], [11.71464, 8.94586], [11.714, 8.94754], [11.7127, 8.94827], [11.71128, 8.95285], [11.71135, 8.95608], [11.71203, 8.95734], [11.71215, 8.95879], [11.71108, 8.96309], [11.71213, 8.96825], [11.71151, 8.97352], [11.7077, 8.97499], [11.7042, 8.97662], [11.70285, 8.97812]]]}, "properties": {"name": "Monkin", "lga": "Zing", "state": "ta"}}, {"type": "Feature", "geometry": {"type": "Polygon", "coordinates": [[[11.59876, 9.00562], [11.59209, 9.00186], [11.57864, 8.99605], [11.57034, 8.9983], [11.56455, 9.00387], [11.56478, 9.00702], [11.56313, 9.01042], [11.56439, 9.01357], [11.56239, 9.01964], [11.56953, 9.02768], [11.5671, 9.03008], [11.56891, 9.03487], [11.56727, 9.03703], [11.56538, 9.03748], [11.56135, 9.04344], [11.564, 9.04663], [11.56383, 9.051], [11.56064, 9.05489], [11.55571, 9.06072], [11.55059, 9.05744], [11.54647, 9.06274], [11.54068, 9.07015], [11.53788, 9.07182], [11.5339, 9.07025], [11.53145, 9.0718], [11.53244, 9.07314], [11.53549, 9.07954], [11.53344, 9.08205], [11.53165, 9.08391], [11.53626, 9.08775], [11.54483, 9.09489], [11.55475, 9.10225], [11.56458, 9.11135], [11.57117, 9.11683], [11.58101, 9.12593], [11.59264, 9.13337], [11.60281, 9.13556], [11.60964, 9.13587], [11.6299, 9.14197], [11.63326, 9.14212], [11.63068, 9.13201], [11.6293, 9.11227], [11.6356, 9.10154], [11.63457, 9.09931], [11.63602, 9.09292], [11.63799, 9.08988], [11.63707, 9.08837], [11.63947, 9.08681], [11.64074, 9.08626], [11.64266, 9.08098], [11.64234, 9.07883], [11.64216, 9.07756], [11.64325, 9.07547], [11.63859, 9.06628], [11.63712, 9.05973], [11.64071, 9.05097], [11.64012, 9.04837], [11.63985, 9.04746], [11.64016, 9.04577], [11.6357, 9.04488], [11.62221, 9.04706], [11.61649, 9.04417], [11.61558, 9.04346], [11.61397, 9.04124], [11.60897, 9.03778], [11.60395, 9.03578], [11.60465, 9.03296], [11.60569, 9.02814], [11.60568, 9.02732], [11.60767, 9.02537], [11.6068, 9.02105], [11.60492, 9.01877], [11.60425, 9.01718], [11.60395, 9.01313], [11.60198, 9.00994], [11.60106, 9.00743], [11.59876, 9.00562]]]}, "properties": {"name": "Mannang", "lga": "Yorro", "state": "ta"}}, {"type": "Feature", "geometry": {"type": "Polygon", "coordinates": [[[11.54505, 8.83033], [11.53757, 8.83502], [11.53182, 8.83807], [11.52474, 8.83933], [11.52015, 8.84133], [11.52349, 8.84614], [11.52082, 8.86088], [11.52186, 8.86858], [11.51838, 8.87978], [11.52048, 8.89351], [11.52199, 8.90381], [11.51946, 8.90807], [11.52043, 8.90986], [11.52579, 8.91176], [11.52312, 8.91518], [11.52768, 8.92039], [11.52693, 8.92328], [11.52754, 8.92536], [11.52987, 8.92878], [11.53066, 8.93051], [11.5324, 8.93197], [11.53395, 8.93112], [11.53583, 8.93143], [11.53585, 8.93305], [11.53606, 8.93548], [11.5355, 8.93746], [11.53419, 8.94046], [11.53383, 8.94142], [11.53575, 8.94463], [11.54014, 8.9459], [11.54392, 8.95675], [11.54867, 8.96344], [11.5582, 8.95881], [11.56545, 8.95049], [11.57082, 8.94554], [11.57807, 8.93721], [11.58515, 8.93234], [11.58548, 8.92544], [11.58582, 8.91853], [11.58494, 8.91211], [11.5836, 8.9084], [11.57992, 8.90429], [11.57996, 8.90042], [11.57989, 8.89698], [11.57649, 8.89312], [11.57684, 8.89277], [11.57634, 8.89194], [11.57724, 8.89026], [11.57478, 8.88771], [11.57316, 8.88573], [11.57272, 8.88406], [11.5719, 8.88155], [11.57128, 8.88037], [11.57009, 8.87884], [11.56882, 8.87791], [11.56764, 8.87555], [11.56795, 8.87373], [11.56797, 8.87117], [11.56827, 8.86899], [11.56624, 8.86632], [11.56404, 8.86661], [11.5631, 8.85443], [11.56389, 8.84878], [11.55551, 8.84264], [11.54505, 8.83033]]]}, "properties": {"name": "Nyaja", "lga": "Yorro", "state": "ta"}}, {"type": "Feature", "geometry": {"type": "Polygon", "coordinates": [[[11.59876, 9.00562], [11.60106, 9.00743], [11.60198, 9.00994], [11.60395, 9.01313], [11.60425, 9.01718], [11.60492, 9.01877], [11.6068, 9.02105], [11.60767, 9.02537], [11.60568, 9.02732], [11.60569, 9.02814], [11.60465, 9.03296], [11.60395, 9.03578], [11.60897, 9.03778], [11.61397, 9.04124], [11.61558, 9.04346], [11.61649, 9.04417], [11.62221, 9.04706], [11.6357, 9.04488], [11.64016, 9.04577], [11.63985, 9.04746], [11.64012, 9.04837], [11.64071, 9.05097], [11.63712, 9.05973], [11.63859, 9.06628], [11.64325, 9.07547], [11.64311, 9.07456], [11.6432, 9.07272], [11.64363, 9.07003], [11.64558, 9.06717], [11.6465, 9.06665], [11.64886, 9.0643], [11.65076, 9.06405], [11.65089, 9.06281], [11.65032, 9.06118], [11.64909, 9.05945], [11.65326, 9.05552], [11.65372, 9.05374], [11.65387, 9.05262], [11.65332, 9.05208], [11.65044, 9.05017], [11.65562, 9.04312], [11.65752, 9.04169], [11.65895, 9.04113], [11.66019, 9.04018], [11.66105, 9.03994], [11.66376, 9.03942], [11.66634, 9.0388], [11.66707, 9.03815], [11.66842, 9.03596], [11.66938, 9.03548], [11.66419, 9.03186], [11.65765, 9.0273], [11.63056, 9.02089], [11.6239, 9.01713], [11.61723, 9.01337], [11.61047, 9.01134], [11.60714, 9.00971], [11.59876, 9.00562]]]}, "properties": {"name": "Mika", "lga": "Yorro", "state": "ta"}}, {"type": "Feature", "geometry": {"type": "Polygon", "coordinates": [[[11.41607, 8.94293], [11.41972, 8.9492], [11.41847, 8.95534], [11.41701, 8.96001], [11.41692, 8.96392], [11.41743, 8.97032], [11.42309, 8.97235], [11.42558, 8.97058], [11.42713, 8.97192], [11.42926, 8.97088], [11.43236, 8.97326], [11.43698, 8.97288], [11.4432, 8.97299], [11.44975, 8.98573], [11.45293, 8.9882], [11.45511, 8.98813], [11.45577, 8.98862], [11.45651, 8.98872], [11.45648, 8.98959], [11.45703, 8.9905], [11.45804, 8.99035], [11.45876, 8.99091], [11.46057, 8.99123], [11.46137, 8.99211], [11.46075, 8.99441], [11.46183, 8.99553], [11.4634, 8.99705], [11.46473, 8.99764], [11.46586, 8.99762], [11.46636, 8.99786], [11.46251, 9.00267], [11.46271, 9.00372], [11.46212, 9.00476], [11.46277, 9.00665], [11.45801, 9.01103], [11.45646, 9.01376], [11.45844, 9.01516], [11.46106, 9.01774], [11.45971, 9.02314], [11.46023, 9.02616], [11.45846, 9.03229], [11.46498, 9.03592], [11.46607, 9.05138], [11.47911, 9.06727], [11.49475, 9.05755], [11.50125, 9.04121], [11.50103, 9.02167], [11.49553, 9.01384], [11.50074, 8.99476], [11.49985, 8.99159], [11.49715, 8.98868], [11.49381, 8.98698], [11.4935, 8.98824], [11.49, 8.9863], [11.48476, 8.9867], [11.48135, 8.98457], [11.47551, 8.96608], [11.46851, 8.95515], [11.45891, 8.95351], [11.45523, 8.95305], [11.45094, 8.95324], [11.44559, 8.95337], [11.44186, 8.95276], [11.43862, 8.95148], [11.43795, 8.94977], [11.43783, 8.94828], [11.4385, 8.94722], [11.43326, 8.94439], [11.4318, 8.9433], [11.4257, 8.941], [11.41948, 8.93952], [11.4148, 8.93733], [11.4151, 8.94128], [11.41607, 8.94293]]]}, "properties": {"name": "Kajong", "lga": "Yorro", "state": "ta"}}, {"type": "Feature", "geometry": {"type": "Polygon", "coordinates": [[[11.58582, 8.91853], [11.59127, 8.91186], [11.60059, 8.9021], [11.6056, 8.89866], [11.61098, 8.89371], [11.61994, 8.88546], [11.62727, 8.87541], [11.63421, 8.83766], [11.64108, 8.83085], [11.64562, 8.82635], [11.65086, 8.81186], [11.65289, 8.80107], [11.64256, 8.79934], [11.64059, 8.79987], [11.63756, 8.79884], [11.63319, 8.80129], [11.63316, 8.80291], [11.63194, 8.80368], [11.63224, 8.80433], [11.62336, 8.80826], [11.62182, 8.81828], [11.61726, 8.82565], [11.61776, 8.82839], [11.61589, 8.83105], [11.61049, 8.83525], [11.60302, 8.83487], [11.59515, 8.83466], [11.5896, 8.83406], [11.58196, 8.83541], [11.57256, 8.83732], [11.56644, 8.8371], [11.56222, 8.83746], [11.55582, 8.83671], [11.54505, 8.83033], [11.55551, 8.84264], [11.56389, 8.84878], [11.5631, 8.85443], [11.56404, 8.86661], [11.56624, 8.86632], [11.56827, 8.86899], [11.56797, 8.87117], [11.56795, 8.87373], [11.56764, 8.87555], [11.56882, 8.87791], [11.57009, 8.87884], [11.57128, 8.88037], [11.5719, 8.88155], [11.57272, 8.88406], [11.57316, 8.88573], [11.57478, 8.88771], [11.57724, 8.89026], [11.57634, 8.89194], [11.57684, 8.89277], [11.57649, 8.89312], [11.57989, 8.89698], [11.57996, 8.90042], [11.57992, 8.90429], [11.5836, 8.9084], [11.58494, 8.91211], [11.58582, 8.91853]]]}, "properties": {"name": "Kassa", "lga": "Yorro", "state": "ta"}}, {"type": "Feature", "geometry": {"type": "Polygon", "coordinates": [[[11.53344, 9.08205], [11.53549, 9.07954], [11.53244, 9.07314], [11.53145, 9.0718], [11.5339, 9.07025], [11.53788, 9.07182], [11.54068, 9.07015], [11.54647, 9.06274], [11.55059, 9.05744], [11.55571, 9.06072], [11.56064, 9.05489], [11.56383, 9.051], [11.564, 9.04663], [11.56135, 9.04344], [11.56538, 9.03748], [11.56727, 9.03703], [11.56891, 9.03487], [11.5671, 9.03008], [11.56953, 9.02768], [11.56239, 9.01964], [11.56439, 9.01357], [11.56313, 9.01042], [11.56478, 9.00702], [11.56455, 9.00387], [11.57034, 8.9983], [11.57864, 8.99605], [11.57363, 8.99411], [11.56875, 8.9887], [11.56396, 8.98156], [11.55745, 8.97435], [11.55608, 8.96737], [11.5582, 8.95881], [11.54867, 8.96344], [11.54392, 8.95675], [11.54014, 8.9459], [11.53575, 8.94463], [11.53383, 8.94142], [11.53419, 8.94046], [11.5355, 8.93746], [11.53606, 8.93548], [11.53585, 8.93305], [11.53583, 8.93143], [11.53395, 8.93112], [11.5324, 8.93197], [11.53066, 8.93051], [11.52987, 8.92878], [11.52754, 8.92536], [11.52693, 8.92328], [11.52768, 8.92039], [11.52312, 8.91518], [11.52579, 8.91176], [11.52043, 8.90986], [11.51946, 8.90807], [11.52199, 8.90381], [11.52048, 8.89351], [11.51497, 8.89293], [11.51256, 8.89016], [11.50667, 8.88954], [11.50682, 8.89127], [11.50714, 8.89294], [11.50592, 8.89383], [11.4938, 8.89357], [11.48355, 8.90087], [11.47518, 8.90934], [11.47179, 8.91394], [11.47225, 8.91833], [11.47428, 8.91886], [11.47643, 8.92], [11.47964, 8.92445], [11.48244, 8.92701], [11.47873, 8.9401], [11.46973, 8.94463], [11.46268, 8.94291], [11.45891, 8.95351], [11.46851, 8.95515], [11.47551, 8.96608], [11.48135, 8.98457], [11.48476, 8.9867], [11.49, 8.9863], [11.4935, 8.98824], [11.49381, 8.98698], [11.49715, 8.98868], [11.49985, 8.99159], [11.50074, 8.99476], [11.49553, 9.01384], [11.50103, 9.02167], [11.50125, 9.04121], [11.49475, 9.05755], [11.47911, 9.06727], [11.48015, 9.07062], [11.49131, 9.06826], [11.50677, 9.06722], [11.51352, 9.06926], [11.51677, 9.07286], [11.52173, 9.07655], [11.52498, 9.08015], [11.53165, 9.08391], [11.53344, 9.08205]]]}, "properties": {"name": "Pantisawa", "lga": "Yorro", "state": "ta"}}, {"type": "Feature", "geometry": {"type": "Polygon", "coordinates": [[[11.44076, 9.22322], [11.43, 9.21739], [11.42841, 9.21669], [11.41952, 9.20602], [11.39498, 9.19491], [11.39137, 9.19242], [11.38934, 9.19028], [11.38772, 9.18737], [11.38624, 9.19544], [11.36925, 9.20709], [11.36368, 9.21271], [11.35941, 9.21352], [11.35112, 9.22269], [11.324, 9.24617], [11.3148, 9.25838], [11.3057, 9.27302], [11.30676, 9.27449], [11.31497, 9.28178], [11.32677, 9.28577], [11.38671, 9.32134], [11.39067, 9.32574], [11.39321, 9.32855], [11.39795, 9.33276], [11.39894, 9.32147], [11.39193, 9.31935], [11.38936, 9.31148], [11.39026, 9.30649], [11.38394, 9.30391], [11.38027, 9.30444], [11.3768, 9.30088], [11.37796, 9.29642], [11.3815, 9.29507], [11.38792, 9.2959], [11.39554, 9.29891], [11.40114, 9.29648], [11.40192, 9.29538], [11.40344, 9.29505], [11.40589, 9.2958], [11.4076, 9.29731], [11.41092, 9.28685], [11.4116, 9.28875], [11.41402, 9.2891], [11.41607, 9.28811], [11.41866, 9.28598], [11.42147, 9.2818], [11.42292, 9.27867], [11.42166, 9.27741], [11.42309, 9.2738], [11.42478, 9.2719], [11.42484, 9.26606], [11.42747, 9.26681], [11.42856, 9.26657], [11.43019, 9.26424], [11.43054, 9.26328], [11.43168, 9.26241], [11.43313, 9.2618], [11.43339, 9.26131], [11.43388, 9.2592], [11.43495, 9.25758], [11.43567, 9.2578], [11.43734, 9.25875], [11.44098, 9.26072], [11.44137, 9.25933], [11.44261, 9.25736], [11.44231, 9.25597], [11.43838, 9.2486], [11.43653, 9.24081], [11.43754, 9.23293], [11.43881, 9.23224], [11.43977, 9.23127], [11.43881, 9.22947], [11.44034, 9.22831], [11.4409, 9.22765], [11.44086, 9.2264], [11.44121, 9.22548], [11.44076, 9.22322]]]}, "properties": {"name": "Kunini", "lga": "Lau", "state": "ta"}}, {"type": "Feature", "geometry": {"type": "Polygon", "coordinates": [[[11.61141, 9.19404], [11.61542, 9.18655], [11.61682, 9.1851], [11.61858, 9.18654], [11.62224, 9.18272], [11.6268, 9.18002], [11.63329, 9.17374], [11.64194, 9.14974], [11.6414, 9.14669], [11.6415, 9.14215], [11.64015, 9.14243], [11.63326, 9.14212], [11.6299, 9.14197], [11.60964, 9.13587], [11.60281, 9.13556], [11.59264, 9.13337], [11.58101, 9.12593], [11.57117, 9.11683], [11.56458, 9.11135], [11.55475, 9.10225], [11.54483, 9.09489], [11.53626, 9.08775], [11.53165, 9.08391], [11.52498, 9.08015], [11.52173, 9.07655], [11.51677, 9.07286], [11.51352, 9.06926], [11.50677, 9.06722], [11.49131, 9.06826], [11.48015, 9.07062], [11.47747, 9.0711], [11.47064, 9.07079], [11.46364, 9.07393], [11.44809, 9.0767], [11.42767, 9.07405], [11.42084, 9.07374], [11.41417, 9.06998], [11.40387, 9.06328], [11.40213, 9.06579], [11.40039, 9.06776], [11.39853, 9.06893], [11.39848, 9.07147], [11.39754, 9.07228], [11.39541, 9.07244], [11.39298, 9.07379], [11.38461, 9.08641], [11.38681, 9.09062], [11.38642, 9.09323], [11.38676, 9.09604], [11.38603, 9.0976], [11.38532, 9.09914], [11.38417, 9.10073], [11.38401, 9.10269], [11.38483, 9.10475], [11.38479, 9.10767], [11.38783, 9.11019], [11.3914, 9.11268], [11.39474, 9.11646], [11.39633, 9.11594], [11.3972, 9.11391], [11.39891, 9.11332], [11.40731, 9.12011], [11.41114, 9.11943], [11.41311, 9.12172], [11.41483, 9.12436], [11.41499, 9.12636], [11.41736, 9.12767], [11.41963, 9.12819], [11.42268, 9.13179], [11.42599, 9.13193], [11.42743, 9.12616], [11.43187, 9.12948], [11.43419, 9.12929], [11.43685, 9.12839], [11.43804, 9.12519], [11.43899, 9.12265], [11.44043, 9.12124], [11.44132, 9.12037], [11.44413, 9.11728], [11.44556, 9.11669], [11.44789, 9.11635], [11.4487, 9.11594], [11.45045, 9.11673], [11.45327, 9.11756], [11.45393, 9.11855], [11.463, 9.11499], [11.46662, 9.11219], [11.4665, 9.11819], [11.4667, 9.11897], [11.4676, 9.12131], [11.46781, 9.12183], [11.47044, 9.12278], [11.47265, 9.12336], [11.47408, 9.12377], [11.48112, 9.12264], [11.48092, 9.12534], [11.48129, 9.12845], [11.48193, 9.12926], [11.48807, 9.12867], [11.48799, 9.12915], [11.48815, 9.13032], [11.4893, 9.13117], [11.49005, 9.13168], [11.49031, 9.13161], [11.49192, 9.1311], [11.49329, 9.13017], [11.49363, 9.12937], [11.49399, 9.12666], [11.49907, 9.12255], [11.50443, 9.12209], [11.50561, 9.12293], [11.50677, 9.14342], [11.51102, 9.16184], [11.51837, 9.16497], [11.51882, 9.16425], [11.51947, 9.16324], [11.52162, 9.16392], [11.52444, 9.16236], [11.52724, 9.16461], [11.52842, 9.16355], [11.53099, 9.16496], [11.53289, 9.16233], [11.53526, 9.16156], [11.536, 9.16206], [11.53597, 9.16298], [11.53689, 9.16309], [11.53775, 9.16281], [11.53899, 9.16287], [11.53817, 9.16584], [11.53752, 9.16936], [11.53829, 9.17249], [11.53777, 9.17746], [11.5379, 9.18061], [11.53988, 9.18357], [11.5414, 9.18575], [11.54416, 9.1875], [11.54611, 9.18935], [11.54782, 9.19176], [11.54866, 9.19392], [11.54946, 9.19585], [11.55159, 9.19607], [11.5531, 9.19727], [11.55259, 9.19829], [11.55357, 9.19924], [11.55421, 9.19826], [11.5548, 9.1973], [11.5572, 9.19741], [11.55763, 9.1956], [11.56382, 9.1971], [11.57026, 9.19797], [11.58339, 9.20976], [11.5851, 9.20947], [11.58815, 9.20874], [11.59381, 9.20588], [11.59854, 9.20338], [11.60075, 9.20102], [11.60462, 9.19943], [11.60737, 9.19797], [11.61064, 9.19686], [11.61141, 9.19404]]]}, "properties": {"name": "Jimlari", "lga": "Lau", "state": "ta"}}, {"type": "Feature", "geometry": {"type": "Polygon", "coordinates": [[[11.51837, 9.16497], [11.51102, 9.16184], [11.50677, 9.14342], [11.50561, 9.12293], [11.50285, 9.12163], [11.49907, 9.12255], [11.49399, 9.12666], [11.49363, 9.12937], [11.49329, 9.13017], [11.49192, 9.1311], [11.49031, 9.13161], [11.49005, 9.13168], [11.4893, 9.13117], [11.48815, 9.13032], [11.48799, 9.12915], [11.48807, 9.12867], [11.48193, 9.12926], [11.48129, 9.12845], [11.48092, 9.12534], [11.48112, 9.12264], [11.47408, 9.12377], [11.47265, 9.12336], [11.47044, 9.12278], [11.46781, 9.12183], [11.4676, 9.12131], [11.4667, 9.11897], [11.4665, 9.11819], [11.46662, 9.11219], [11.463, 9.11499], [11.45393, 9.11855], [11.45327, 9.11756], [11.45045, 9.11673], [11.4487, 9.11594], [11.44789, 9.11635], [11.44556, 9.11669], [11.44413, 9.11728], [11.44132, 9.12037], [11.44043, 9.12124], [11.43899, 9.12265], [11.43804, 9.12519], [11.43685, 9.12839], [11.43419, 9.12929], [11.43187, 9.12948], [11.42743, 9.12616], [11.42483, 9.13548], [11.42528, 9.1389], [11.42262, 9.15177], [11.42119, 9.15266], [11.41989, 9.15314], [11.41372, 9.16267], [11.40324, 9.1695], [11.40225, 9.17215], [11.39978, 9.17658], [11.39492, 9.17898], [11.39239, 9.18409], [11.38772, 9.18737], [11.38934, 9.19028], [11.39137, 9.19242], [11.39498, 9.19491], [11.41952, 9.20602], [11.42841, 9.21669], [11.43, 9.21739], [11.44076, 9.22322], [11.44607, 9.21894], [11.45167, 9.21657], [11.45917, 9.20698], [11.46071, 9.20128], [11.46763, 9.19967], [11.47392, 9.19494], [11.47942, 9.18959], [11.48323, 9.18571], [11.4868, 9.18548], [11.4902, 9.18507], [11.49426, 9.18252], [11.49462, 9.18122], [11.49447, 9.18003], [11.50274, 9.17609], [11.50381, 9.17431], [11.50985, 9.17271], [11.51107, 9.16785], [11.51315, 9.16899], [11.5152, 9.16884], [11.51837, 9.16497]]]}, "properties": {"name": "Garin Magaji", "lga": "Lau", "state": "ta"}}, {"type": "Feature", "geometry": {"type": "Polygon", "coordinates": [[[11.81624, 9.0127], [11.83111, 9.00839], [11.82985, 8.99351], [11.84375, 8.97886], [11.85422, 8.96629], [11.86393, 8.95411], [11.87154, 8.94707], [11.87363, 8.93762], [11.86961, 8.92957], [11.85517, 8.92018], [11.85126, 8.91022], [11.84851, 8.9115], [11.84706, 8.91066], [11.84437, 8.91061], [11.8433, 8.91186], [11.84132, 8.91239], [11.8388, 8.9112], [11.82181, 8.91658], [11.81954, 8.91906], [11.81809, 8.9203], [11.81611, 8.92322], [11.81572, 8.92734], [11.81579, 8.92955], [11.81522, 8.93072], [11.81487, 8.93137], [11.81427, 8.93336], [11.80902, 8.93779], [11.80727, 8.94096], [11.79806, 8.94557], [11.79126, 8.95076], [11.78872, 8.95131], [11.78148, 8.95258], [11.77293, 8.95983], [11.77228, 8.9613], [11.77182, 8.96403], [11.77106, 8.96506], [11.76706, 8.96952], [11.76555, 8.97084], [11.76334, 8.97238], [11.75886, 8.97629], [11.76871, 8.98237], [11.76879, 8.98367], [11.76948, 8.98461], [11.76893, 8.98672], [11.76789, 8.98921], [11.76974, 8.9893], [11.77207, 8.98934], [11.77271, 8.99571], [11.77522, 8.99974], [11.78251, 9.00643], [11.78563, 9.00727], [11.78736, 9.00779], [11.78896, 9.01041], [11.79014, 9.01134], [11.79256, 9.01403], [11.79339, 9.01657], [11.79487, 9.01904], [11.79493, 9.01902], [11.79985, 9.01762], [11.81624, 9.0127]]]}, "properties": {"name": "Bubong", "lga": "Zing", "state": "ta"}}, {"type": "Feature", "geometry": {"type": "Polygon", "coordinates": [[[11.66938, 9.03548], [11.66842, 9.03596], [11.66707, 9.03815], [11.66634, 9.0388], [11.66376, 9.03942], [11.66105, 9.03994], [11.66019, 9.04018], [11.65895, 9.04113], [11.65752, 9.04169], [11.65562, 9.04312], [11.65044, 9.05017], [11.65332, 9.05208], [11.65387, 9.05262], [11.65227, 9.05723], [11.64909, 9.05945], [11.65032, 9.06118], [11.65089, 9.06281], [11.65076, 9.06405], [11.64886, 9.0643], [11.6465, 9.06665], [11.64558, 9.06717], [11.64363, 9.07003], [11.64208, 9.08403], [11.64074, 9.08626], [11.63947, 9.08681], [11.63707, 9.08837], [11.63799, 9.08988], [11.63602, 9.09292], [11.63457, 9.09931], [11.6356, 9.10154], [11.6293, 9.11227], [11.63068, 9.13201], [11.63326, 9.14212], [11.64015, 9.14243], [11.6415, 9.14215], [11.64706, 9.14101], [11.65732, 9.14147], [11.66928, 9.14201], [11.67595, 9.14577], [11.68278, 9.14608], [11.69483, 9.14489], [11.69847, 9.14384], [11.69687, 9.13806], [11.6954, 9.1328], [11.69574, 9.1259], [11.69607, 9.11899], [11.69631, 9.11381], [11.69494, 9.10683], [11.70676, 9.07449], [11.71035, 9.07119], [11.69409, 9.05316], [11.68417, 9.04579], [11.67921, 9.04211], [11.67595, 9.0385], [11.67091, 9.03654], [11.66938, 9.03548]]]}, "properties": {"name": "Pupule", "lga": "Yorro", "state": "ta"}}, {"type": "Feature", "geometry": {"type": "Polygon", "coordinates": [[[9.924, 7.08571], [9.92609, 7.09161], [9.93295, 7.09104], [9.93713, 7.0859], [9.94798, 7.08533], [9.94736, 7.07044], [9.95107, 7.05883], [9.95869, 7.04513], [9.96145, 7.03761], [9.96563, 7.02319], [9.9772, 7.02252], [10.0004, 7.01627], [10.0236, 7.00467], [10.03639, 7.00943], [10.06108, 6.99724], [10.06614, 6.96511], [10.10079, 6.9676], [10.095, 6.96278], [10.05354, 6.92773], [10.03097, 6.90866], [9.98415, 6.94886], [9.95107, 6.96813], [9.91479, 6.96713], [9.91371, 6.99747], [9.89611, 7.05196], [9.91305, 7.06756], [9.924, 7.08571]]]}, "properties": {"name": "Yukuiben", "lga": "Takum", "state": "ta"}}, {"type": "Feature", "geometry": {"type": "Polygon", "coordinates": [[[11.76654, 7.60429], [11.76649, 7.60429], [11.75122, 7.59523], [11.71339, 7.59559], [11.68269, 7.58809], [11.64307, 7.56739], [11.60667, 7.58345], [11.57044, 7.59068], [11.54653, 7.59568], [11.53082, 7.59139], [11.51119, 7.60353], [11.50477, 7.62423], [11.49477, 7.63458], [11.47407, 7.62709], [11.46729, 7.61923], [11.45623, 7.60567], [11.44766, 7.6046], [11.43588, 7.61459], [11.43131, 7.61488], [11.42446, 7.62459], [11.30097, 7.68598], [11.28453, 7.70009], [11.30023, 7.7472], [11.29214, 7.78289], [11.28738, 7.78813], [11.29024, 7.8143], [11.29951, 7.8356], [11.31067, 7.82993], [11.32674, 7.82725], [11.33358, 7.83112], [11.34131, 7.8326], [11.34756, 7.84866], [11.36362, 7.86026], [11.36986, 7.87097], [11.37343, 7.87752], [11.38711, 7.87097], [11.39604, 7.87811], [11.40109, 7.88674], [11.41715, 7.87395], [11.42935, 7.84628], [11.43679, 7.82398], [11.44809, 7.81357], [11.45463, 7.7987], [11.46207, 7.78858], [11.47783, 7.7871], [11.48854, 7.78382], [11.49568, 7.78769], [11.50252, 7.79096], [11.50099, 7.80047], [11.50098, 7.80051], [11.50721, 7.80662], [11.51419, 7.81576], [11.51655, 7.8249], [11.5259, 7.84548], [11.53883, 7.88664], [11.54117, 7.89235], [11.54466, 7.89692], [11.54997, 7.90186], [11.55155, 7.90333], [11.55558, 7.90379], [11.56322, 7.90603], [11.59042, 7.90802], [11.59943, 7.89772], [11.60993, 7.88761], [11.61967, 7.87371], [11.63242, 7.86719], [11.64642, 7.8658], [11.65064, 7.85733], [11.64787, 7.84552], [11.64616, 7.81715], [11.6488, 7.79077], [11.63613, 7.77303], [11.63206, 7.76446], [11.63298, 7.75041], [11.64869, 7.74287], [11.68272, 7.73415], [11.72655, 7.71918], [11.75804, 7.72481], [11.76484, 7.6939], [11.76941, 7.68245], [11.77165, 7.66528], [11.77274, 7.65155], [11.76916, 7.62753], [11.76616, 7.61492], [11.76633, 7.61272], [11.76654, 7.60429]]]}, "properties": {"name": "Jamtari", "lga": "Gashaka", "state": "ta"}}, {"type": "Feature", "geometry": {"type": "Polygon", "coordinates": [[[11.26831, 8.25597], [11.298, 8.44861], [11.4429, 8.39968], [11.59682, 8.51413], [11.67022, 8.45177], [11.66179, 8.44978], [11.65581, 8.44536], [11.64831, 8.44237], [11.64592, 8.43312], [11.64297, 8.42685], [11.63827, 8.41384], [11.63301, 8.41131], [11.61812, 8.40677], [11.61289, 8.40372], [11.62979, 8.38657], [11.60117, 8.35217], [11.59883, 8.34646], [11.59533, 8.34074], [11.5895, 8.3316], [11.58482, 8.32017], [11.58014, 8.30989], [11.5778, 8.30417], [11.57314, 8.29731], [11.56688, 8.28609], [11.56613, 8.28475], [11.56145, 8.27331], [11.55444, 8.2596], [11.54978, 8.2516], [11.54628, 8.24589], [11.53813, 8.23561], [11.52882, 8.22419], [11.52299, 8.21505], [11.51484, 8.20592], [11.51019, 8.20135], [11.50437, 8.1945], [11.49623, 8.18651], [11.48577, 8.17738], [11.47764, 8.16939], [11.46951, 8.16368], [11.46137, 8.15569], [11.45672, 8.15113], [11.43353, 8.13173], [11.42655, 8.12374], [11.41842, 8.11689], [11.26831, 8.25597]]]}, "properties": {"name": "Gang Dole", "lga": "Bali", "state": "ta"}}, {"type": "Feature", "geometry": {"type": "Polygon", "coordinates": [[[11.07201, 7.93339], [11.07465, 7.93706], [11.07782, 7.94239], [11.08937, 7.95156], [11.09433, 7.95525], [11.09921, 7.96066], [11.10408, 7.96607], [11.12718, 7.98441], [11.13385, 7.98817], [11.14052, 7.99193], [11.14727, 7.99396], [11.15231, 7.99592], [11.15898, 7.99968], [11.16402, 8.00163], [11.1724, 8.00547], [11.17923, 8.00578], [11.19111, 8.00804], [11.19795, 8.00835], [11.21153, 8.01069], [11.22341, 8.01296], [11.26442, 8.0148], [11.26963, 8.0133], [11.2798, 8.01549], [11.28492, 8.01572], [11.29688, 8.01626], [11.30349, 8.01882], [11.30697, 8.02017], [11.31399, 8.02403], [11.332, 8.02146], [11.34152, 8.01867], [11.34614, 8.01523], [11.35075, 8.01178], [11.35186, 8.00263], [11.35415, 7.9969], [11.35645, 7.99346], [11.35876, 7.99117], [11.36335, 7.98429], [11.36563, 7.97628], [11.36678, 7.97399], [11.37252, 7.96482], [11.38288, 7.95107], [11.39323, 7.93846], [11.41157, 7.89837], [11.42077, 7.88691], [11.42651, 7.8766], [11.43457, 7.86628], [11.43802, 7.86284], [11.44377, 7.85368], [11.46564, 7.82845], [11.47253, 7.81585], [11.48061, 7.8124], [11.48219, 7.81024], [11.48981, 7.79979], [11.49444, 7.79864], [11.49447, 7.79864], [11.49449, 7.79864], [11.50028, 7.79977], [11.50099, 7.80047], [11.50252, 7.79096], [11.49568, 7.78769], [11.48854, 7.78382], [11.47783, 7.7871], [11.46207, 7.78858], [11.45463, 7.7987], [11.44809, 7.81357], [11.43679, 7.82398], [11.42935, 7.84628], [11.41715, 7.87395], [11.40109, 7.88674], [11.39604, 7.87811], [11.38711, 7.87097], [11.37343, 7.87752], [11.36986, 7.87097], [11.36362, 7.86026], [11.34756, 7.84866], [11.34131, 7.8326], [11.33358, 7.83112], [11.32674, 7.82725], [11.31067, 7.82993], [11.29951, 7.8356], [11.29194, 7.83944], [11.2729, 7.85342], [11.26487, 7.85461], [11.25565, 7.84153], [11.24197, 7.84569], [11.21579, 7.84777], [11.19378, 7.84123], [11.17564, 7.84182], [11.15445, 7.85065], [11.15326, 7.86492], [11.14671, 7.87147], [11.12827, 7.8679], [11.10464, 7.86648], [11.09853, 7.86611], [11.08128, 7.87682], [11.08068, 7.91727], [11.07201, 7.93339]]]}, "properties": {"name": "Gangumi", "lga": "Gashaka", "state": "ta"}}, {"type": "Feature", "geometry": {"type": "Polygon", "coordinates": [[[11.02157, 9.29303], [11.02058, 9.29536], [11.0089, 9.30429], [11.00866, 9.30957], [11.01758, 9.31436], [11.02484, 9.32018], [11.03326, 9.34079], [11.05175, 9.35334], [11.05714, 9.35679], [11.06084, 9.35851], [11.06688, 9.3634], [11.07247, 9.36754], [11.07382, 9.36744], [11.07588, 9.36686], [11.07385, 9.37169], [11.06943, 9.37322], [11.06552, 9.37871], [11.06218, 9.37983], [11.05968, 9.38836], [11.06869, 9.42543], [11.07585, 9.42943], [11.08155, 9.48133], [11.11592, 9.50193], [11.15131, 9.44107], [11.15661, 9.41125], [11.15437, 9.4012], [11.14824, 9.37296], [11.14599, 9.36344], [11.14668, 9.35902], [11.14604, 9.35301], [11.14951, 9.35094], [11.14795, 9.34673], [11.14997, 9.3405], [11.15358, 9.33775], [11.14976, 9.33446], [11.15162, 9.33274], [11.15061, 9.33085], [11.14779, 9.32746], [11.14445, 9.32345], [11.14587, 9.31841], [11.14861, 9.31622], [11.14744, 9.31391], [11.14675, 9.31148], [11.14856, 9.31012], [11.14916, 9.31168], [11.15169, 9.31131], [11.15285, 9.30852], [11.15612, 9.30722], [11.15622, 9.30639], [11.15367, 9.30537], [11.15316, 9.30415], [11.15326, 9.30235], [11.15462, 9.30146], [11.15621, 9.30247], [11.15764, 9.29886], [11.15887, 9.29752], [11.15925, 9.29619], [11.15819, 9.29443], [11.15751, 9.29293], [11.15444, 9.2904], [11.15122, 9.28941], [11.15098, 9.28378], [11.15021, 9.28181], [11.15089, 9.27876], [11.1527, 9.27871], [11.15404, 9.27628], [11.15518, 9.27622], [11.15579, 9.27805], [11.15869, 9.2773], [11.16111, 9.27478], [11.16435, 9.27583], [11.16693, 9.27237], [11.17258, 9.271], [11.17865, 9.27158], [11.18032, 9.26936], [11.18257, 9.26], [11.18123, 9.25594], [11.17843, 9.25473], [11.17795, 9.25438], [11.17726, 9.25266], [11.17651, 9.2508], [11.17334, 9.2483], [11.17077, 9.24484], [11.16862, 9.24064], [11.16556, 9.24086], [11.16338, 9.24034], [11.16046, 9.23837], [11.15859, 9.23571], [11.15721, 9.2353], [11.1532, 9.2354], [11.1522, 9.23474], [11.15549, 9.23223], [11.15563, 9.23099], [11.15275, 9.23069], [11.15138, 9.22874], [11.15003, 9.22774], [11.14733, 9.22729], [11.14538, 9.22535], [11.14309, 9.22368], [11.14139, 9.22283], [11.14342, 9.22059], [11.14278, 9.21998], [11.14039, 9.22024], [11.13849, 9.21988], [11.13447, 9.22002], [11.13305, 9.21863], [11.12893, 9.21827], [11.1239, 9.21791], [11.1223, 9.22021], [11.12343, 9.22335], [11.12261, 9.22363], [11.12184, 9.22331], [11.11944, 9.22191], [11.11612, 9.22045], [11.1142, 9.22028], [11.11142, 9.21947], [11.11072, 9.21959], [11.11077, 9.22048], [11.1115, 9.2211], [11.11281, 9.22209], [11.11312, 9.22278], [11.1128, 9.2234], [11.11279, 9.22408], [11.11448, 9.22531], [11.11468, 9.22663], [11.11638, 9.22742], [11.11384, 9.22876], [11.11097, 9.2323], [11.10819, 9.23425], [11.1054, 9.2356], [11.10184, 9.23687], [11.09981, 9.23784], [11.08686, 9.23664], [11.07625, 9.23985], [11.07013, 9.2332], [11.06788, 9.23583], [11.0597, 9.23887], [11.05155, 9.24671], [11.04147, 9.25391], [11.03804, 9.25471], [11.03598, 9.25475], [11.03408, 9.25543], [11.01945, 9.25216], [11.02844, 9.26328], [11.02616, 9.27108], [11.02697, 9.27492], [11.02605, 9.28002], [11.02157, 9.29303]]]}, "properties": {"name": "Kwanchi", "lga": "Karim Lamido", "state": "ta"}}, {"type": "Feature", "geometry": {"type": "Polygon", "coordinates": [[[11.13305, 9.21863], [11.14326, 9.20736], [11.15679, 9.19244], [11.1604, 9.1781], [11.15395, 9.17592], [11.13036, 9.16794], [11.08239, 9.13291], [11.07238, 9.12727], [11.06392, 9.12516], [11.06059, 9.12328], [11.05725, 9.1214], [11.05075, 9.11419], [11.03424, 9.10133], [11.0227, 9.09216], [11.01448, 9.08487], [10.9662, 9.02042], [10.96312, 9.01336], [10.95678, 9.00269], [10.95394, 8.99045], [10.94931, 8.97986], [10.9416, 8.96222], [10.93722, 8.94645], [10.93283, 8.93068], [10.89947, 8.84094], [10.89167, 8.82502], [10.88208, 8.81075], [10.86348, 8.79142], [10.86374, 8.80043], [10.86331, 8.80085], [10.86262, 8.80025], [10.86075, 8.80357], [10.85758, 8.80105], [10.85662, 8.80095], [10.85591, 8.80066], [10.85485, 8.80112], [10.85414, 8.80057], [10.85269, 8.79847], [10.85074, 8.79909], [10.84883, 8.79988], [10.84632, 8.80077], [10.84506, 8.80404], [10.84341, 8.80771], [10.84591, 8.8098], [10.84051, 8.81151], [10.83869, 8.81381], [10.83651, 8.81384], [10.83448, 8.81571], [10.828, 8.817], [10.82823, 8.81866], [10.82523, 8.82181], [10.8277, 8.82772], [10.83371, 8.83582], [10.82895, 8.84284], [10.8249, 8.84588], [10.81643, 8.85075], [10.81748, 8.85227], [10.81862, 8.85566], [10.82046, 8.85427], [10.82384, 8.85641], [10.83564, 8.85551], [10.84154, 8.85357], [10.84343, 8.85452], [10.84136, 8.85571], [10.84172, 8.86055], [10.84331, 8.87073], [10.83715, 8.90482], [10.84006, 8.93027], [10.85237, 8.94874], [10.8579, 8.95521], [10.85545, 8.96105], [10.85681, 8.96646], [10.8727, 8.98198], [10.87408, 8.98549], [10.87525, 8.98571], [10.87571, 8.98645], [10.87701, 8.98696], [10.87623, 8.98881], [10.87718, 8.99041], [10.87851, 8.99321], [10.87731, 8.99525], [10.87837, 8.99665], [10.8779, 8.99809], [10.8789, 8.99928], [10.87987, 9.00071], [10.87918, 9.00575], [10.88098, 9.00885], [10.88221, 9.01386], [10.88403, 9.01822], [10.88755, 9.02114], [10.88977, 9.03107], [10.89364, 9.04162], [10.88879, 9.05164], [10.8882, 9.05319], [10.88791, 9.05364], [10.88854, 9.05586], [10.89348, 9.06086], [10.89366, 9.06749], [10.89778, 9.06993], [10.89527, 9.0714], [10.8994, 9.08148], [10.90534, 9.09592], [10.91006, 9.09471], [10.92357, 9.12184], [10.92179, 9.13011], [10.91647, 9.14093], [10.9159, 9.15535], [10.91751, 9.1592], [10.91997, 9.16213], [10.93101, 9.16658], [10.93074, 9.1695], [10.9305, 9.17102], [10.92752, 9.17643], [10.93186, 9.18266], [10.93285, 9.18736], [10.93098, 9.19361], [10.93276, 9.19486], [10.93174, 9.20047], [10.93281, 9.20593], [10.95125, 9.22365], [10.95378, 9.2329], [10.95511, 9.23304], [10.95586, 9.23264], [10.96299, 9.22764], [10.96709, 9.23027], [10.96937, 9.22897], [10.97408, 9.23589], [10.97367, 9.237], [10.97289, 9.2379], [10.97291, 9.23856], [10.97419, 9.23918], [10.97614, 9.23906], [10.97775, 9.23871], [10.97907, 9.23961], [10.98169, 9.2413], [10.98324, 9.24198], [10.98493, 9.24353], [10.98664, 9.24572], [10.98855, 9.2478], [10.99131, 9.24927], [10.99332, 9.25007], [10.99184, 9.2552], [10.99612, 9.26875], [11.02157, 9.29303], [11.02605, 9.28002], [11.02697, 9.27492], [11.02616, 9.27108], [11.02844, 9.26328], [11.01945, 9.25216], [11.03408, 9.25543], [11.03598, 9.25475], [11.03804, 9.25471], [11.04147, 9.25391], [11.05155, 9.24671], [11.0597, 9.23887], [11.06788, 9.23583], [11.07013, 9.2332], [11.07625, 9.23985], [11.08686, 9.23664], [11.09981, 9.23784], [11.10184, 9.23687], [11.1054, 9.2356], [11.10819, 9.23425], [11.11097, 9.2323], [11.11384, 9.22876], [11.11638, 9.22742], [11.11468, 9.22663], [11.11448, 9.22531], [11.11279, 9.22408], [11.1128, 9.2234], [11.11312, 9.22278], [11.11281, 9.22209], [11.1115, 9.2211], [11.11077, 9.22048], [11.11072, 9.21959], [11.11142, 9.21947], [11.1142, 9.22028], [11.11612, 9.22045], [11.11944, 9.22191], [11.12184, 9.22331], [11.12261, 9.22363], [11.12343, 9.22335], [11.1223, 9.22021], [11.1239, 9.21791], [11.12893, 9.21827], [11.13305, 9.21863]]]}, "properties": {"name": "Muri C", "lga": "Karim Lamido", "state": "ta"}}, {"type": "Feature", "geometry": {"type": "Polygon", "coordinates": [[[9.85132, 8.14729], [9.86791, 8.18047], [9.88511, 8.23106], [9.89928, 8.25635], [9.93874, 8.28266], [9.94631, 8.2856], [9.9704, 8.29497], [9.97327, 8.29609], [10.03284, 8.23713], [10.05256, 8.23494], [10.04365, 8.21981], [10.03528, 8.2072], [10.02723, 8.19818], [10.02432, 8.1652], [10.02473, 8.15636], [10.04269, 8.15117], [10.058, 8.14067], [10.05952, 8.12822], [10.05189, 8.11739], [10.03348, 8.11444], [10.01267, 8.1067], [10.00021, 8.10735], [9.9885, 8.10128], [9.97761, 8.08557], [9.96857, 8.0641], [9.96806, 8.03851], [9.98618, 8.01852], [9.9873, 8.01543], [9.97363, 7.99764], [9.96914, 7.99189], [9.96666, 7.98904], [9.96353, 7.98591], [9.94451, 7.9733], [9.86494, 7.92603], [9.86582, 7.92757], [9.86719, 7.92878], [9.86669, 7.93099], [9.86593, 7.9326], [9.86322, 7.93715], [9.86136, 7.9407], [9.85034, 7.94652], [9.84864, 7.94559], [9.8472, 7.94544], [9.8453, 7.94523], [9.84225, 7.95135], [9.83725, 7.96288], [9.83393, 7.96859], [9.82838, 7.97785], [9.82747, 7.98085], [9.82654, 7.98621], [9.81279, 7.98165], [9.80743, 7.97262], [9.80673, 7.96891], [9.80807, 7.96346], [9.80123, 7.95292], [9.79384, 7.94719], [9.78817, 7.93518], [9.7856, 7.92737], [9.78542, 7.92864], [9.7819, 7.94315], [9.78483, 7.95805], [9.78518, 7.9641], [9.78513, 7.973], [9.78258, 7.98618], [9.78555, 7.99926], [9.79092, 8.01613], [9.79352, 8.0288], [9.79761, 8.04082], [9.80051, 8.0479], [9.80127, 8.06018], [9.797, 8.07014], [9.79036, 8.07635], [9.78928, 8.07898], [9.78752, 8.08412], [9.78615, 8.08718], [9.79428, 8.08909], [9.80417, 8.09143], [9.83554, 8.11572], [9.85132, 8.14729]]]}, "properties": {"name": "Jibu", "lga": "Wukari", "state": "ta"}}, {"type": "Feature", "geometry": {"type": "Polygon", "coordinates": [[[9.86494, 7.92603], [9.94451, 7.9733], [9.96353, 7.98591], [9.9873, 8.01543], [9.99654, 7.99047], [10.02481, 7.97622], [10.04005, 7.97101], [10.0501, 7.96776], [10.06179, 7.97239], [10.06657, 7.96343], [10.06277, 7.9518], [10.05991, 7.93798], [10.05645, 7.92566], [10.06024, 7.91344], [10.05683, 7.90517], [10.0574, 7.8989], [10.05347, 7.89164], [10.05434, 7.87893], [10.04907, 7.87188], [10.03993, 7.87013], [10.03348, 7.86615], [10.0323, 7.85676], [10.03701, 7.84693], [10.02778, 7.82028], [9.99002, 7.78001], [9.99218, 7.79058], [9.99328, 7.80682], [9.97924, 7.80095], [9.96551, 7.79567], [9.95418, 7.79581], [9.92097, 7.80587], [9.90772, 7.79793], [9.89506, 7.81608], [9.88818, 7.82293], [9.88458, 7.82447], [9.87724, 7.83525], [9.86825, 7.84384], [9.84889, 7.85462], [9.84885, 7.8604], [9.85709, 7.86282], [9.86416, 7.86422], [9.86839, 7.86686], [9.86947, 7.87246], [9.86976, 7.87816], [9.87437, 7.88313], [9.88391, 7.88199], [9.88706, 7.88384], [9.88656, 7.89078], [9.88598, 7.89607], [9.886, 7.90361], [9.88121, 7.90567], [9.87661, 7.9092], [9.87583, 7.91689], [9.87344, 7.92108], [9.86947, 7.92338], [9.86494, 7.92603]]]}, "properties": {"name": "Tsokundi", "lga": "Wukari", "state": "ta"}}, {"type": "Feature", "geometry": {"type": "Polygon", "coordinates": [[[9.86494, 7.92603], [9.86947, 7.92338], [9.87344, 7.92108], [9.87583, 7.91689], [9.87661, 7.9092], [9.88121, 7.90567], [9.886, 7.90361], [9.88598, 7.89607], [9.88656, 7.89078], [9.88706, 7.88384], [9.88391, 7.88199], [9.87437, 7.88313], [9.86976, 7.87816], [9.86947, 7.87246], [9.86839, 7.86686], [9.86416, 7.86422], [9.85709, 7.86282], [9.84885, 7.8604], [9.84889, 7.85462], [9.83944, 7.85312], [9.80548, 7.84112], [9.79383, 7.8336], [9.7774, 7.81756], [9.77718, 7.81782], [9.77652, 7.82846], [9.77763, 7.84216], [9.77791, 7.84984], [9.77711, 7.8582], [9.78077, 7.86417], [9.7778, 7.87299], [9.77908, 7.87299], [9.78059, 7.87305], [9.77977, 7.87442], [9.77861, 7.87616], [9.77794, 7.87695], [9.7783, 7.87971], [9.77901, 7.88513], [9.78088, 7.891], [9.78264, 7.89602], [9.78391, 7.90514], [9.78519, 7.92156], [9.7856, 7.92737], [9.78817, 7.93518], [9.79384, 7.94719], [9.80123, 7.95292], [9.80807, 7.96346], [9.80673, 7.96891], [9.80743, 7.97262], [9.81279, 7.98165], [9.82654, 7.98621], [9.82747, 7.98085], [9.82838, 7.97785], [9.83393, 7.96859], [9.83725, 7.96288], [9.84225, 7.95135], [9.8453, 7.94523], [9.8472, 7.94544], [9.84864, 7.94559], [9.85034, 7.94652], [9.86136, 7.9407], [9.86322, 7.93715], [9.86593, 7.9326], [9.86669, 7.93099], [9.86719, 7.92878], [9.86582, 7.92757], [9.86494, 7.92603]]]}, "properties": {"name": "Puje", "lga": "Wukari", "state": "ta"}}]}