{"type": "FeatureCollection", "features": [{"type": "Feature", "geometry": {"type": "Polygon", "coordinates": [[[6.74786, 12.18096], [6.74125, 12.19839], [6.74474, 12.21464], [6.74676, 12.21653], [6.74944, 12.21903], [6.74803, 12.22364], [6.74085, 12.23115], [6.7414, 12.23483], [6.74209, 12.23879], [6.74095, 12.24007], [6.74072, 12.24119], [6.74118, 12.24479], [6.74106, 12.25067], [6.74038, 12.25438], [6.7363, 12.2544], [6.73079, 12.25485], [6.73154, 12.26137], [6.73336, 12.26438], [6.73425, 12.26667], [6.74186, 12.2675], [6.74399, 12.27135], [6.73692, 12.27526], [6.7351, 12.27822], [6.73435, 12.28106], [6.73361, 12.28323], [6.73755, 12.29555], [6.73726, 12.29682], [6.73721, 12.29793], [6.73721, 12.29909], [6.7366, 12.29987], [6.73564, 12.30025], [6.73426, 12.30053], [6.73293, 12.30378], [6.73659, 12.31177], [6.73917, 12.30994], [6.73986, 12.31065], [6.74161, 12.31005], [6.74402, 12.30934], [6.75381, 12.30527], [6.7545, 12.3024], [6.7547, 12.3], [6.77115, 12.29996], [6.7717, 12.2971], [6.77675, 12.29696], [6.78058, 12.29518], [6.78161, 12.29283], [6.78349, 12.28639], [6.77628, 12.2834], [6.77467, 12.27591], [6.77297, 12.26683], [6.76912, 12.25037], [6.76963, 12.24795], [6.77164, 12.24299], [6.77284, 12.23748], [6.7831, 12.21716], [6.78945, 12.21606], [6.79312, 12.20745], [6.79867, 12.19721], [6.79446, 12.18442], [6.77921, 12.18591], [6.76935, 12.18915], [6.76278, 12.19145], [6.76037, 12.18918], [6.74786, 12.18096]]]}, "properties": {"name": "Samawa", "lga": "Bungudu", "state": "za"}}, {"type": "Feature", "geometry": {"type": "Polygon", "coordinates": [[[6.48753, 13.06157], [6.49328, 13.0561], [6.50472, 13.0456], [6.52818, 13.04749], [6.53619, 13.04905], [6.5429, 13.04425], [6.54602, 13.04063], [6.5513, 13.03253], [6.54357, 13.02226], [6.54224, 13.01006], [6.5422, 13.00947], [6.54215, 13.00491], [6.56251, 12.96876], [6.55067, 12.96138], [6.51838, 12.97642], [6.50087, 12.98978], [6.46583, 13.00784], [6.46065, 13.01051], [6.46172, 13.02082], [6.47511, 13.03297], [6.47761, 13.03658], [6.48081, 13.04224], [6.48121, 13.04499], [6.47525, 13.06208], [6.47965, 13.06747], [6.48267, 13.06527], [6.48753, 13.06157]]]}, "properties": {"name": "Badarawa", "lga": "Shinkafi", "state": "za"}}, {"type": "Feature", "geometry": {"type": "Polygon", "coordinates": [[[6.28363, 11.78181], [6.3044, 11.79175], [6.34148, 11.80315], [6.36736, 11.80845], [6.40372, 11.80541], [6.40271, 11.78394], [6.40227, 11.7402], [6.40732, 11.72924], [6.41025, 11.72603], [6.41622, 11.72405], [6.41976, 11.72177], [6.42117, 11.71871], [6.41945, 11.71158], [6.42061, 11.69633], [6.42527, 11.6925], [6.42864, 11.68993], [6.43013, 11.68702], [6.42967, 11.68188], [6.4271, 11.66726], [6.42771, 11.66408], [6.43295, 11.65212], [6.43904, 11.63761], [6.44602, 11.62833], [6.45044, 11.61416], [6.45763, 11.60139], [6.46032, 11.58646], [6.46142, 11.57824], [6.46129, 11.57109], [6.4993, 11.56902], [6.40168, 11.54728], [6.39764, 11.56618], [6.3953, 11.57428], [6.38976, 11.57731], [6.38491, 11.57897], [6.37925, 11.58399], [6.37537, 11.58862], [6.36852, 11.58987], [6.35704, 11.5933], [6.34539, 11.59684], [6.33728, 11.60095], [6.32769, 11.60427], [6.32066, 11.60741], [6.29291, 11.60893], [6.29282, 11.61042], [6.29399, 11.61168], [6.29297, 11.61264], [6.29072, 11.61302], [6.28974, 11.61569], [6.28819, 11.61901], [6.28654, 11.62085], [6.28475, 11.62038], [6.28336, 11.62169], [6.2825, 11.62299], [6.28274, 11.6258], [6.28108, 11.62811], [6.2786, 11.62941], [6.2764, 11.63], [6.27452, 11.63109], [6.27242, 11.63081], [6.27166, 11.63249], [6.27185, 11.63454], [6.27301, 11.63714], [6.27138, 11.63845], [6.27043, 11.64003], [6.27088, 11.64274], [6.27013, 11.64313], [6.26938, 11.64368], [6.26867, 11.65385], [6.262, 11.65378], [6.26111, 11.65318], [6.2605, 11.65238], [6.25954, 11.65154], [6.25861, 11.65154], [6.25776, 11.65192], [6.25769, 11.65262], [6.25811, 11.65374], [6.25814, 11.65482], [6.25759, 11.65573], [6.24427, 11.6894], [6.24959, 11.7167], [6.26667, 11.74654], [6.27074, 11.75536], [6.27345, 11.76418], [6.28363, 11.78181]]]}, "properties": {"name": "Bindin", "lga": "Maru", "state": "za"}}, {"type": "Feature", "geometry": {"type": "Polygon", "coordinates": [[[5.92383, 12.11525], [5.92319, 12.11584], [5.92172, 12.1172], [5.9166, 12.11974], [5.91417, 12.11835], [5.90935, 12.11538], [5.90638, 12.11364], [5.90417, 12.11416], [5.89979, 12.11707], [5.89494, 12.12119], [5.89191, 12.12609], [5.88871, 12.12973], [5.88525, 12.1315], [5.87747, 12.1359], [5.87265, 12.13889], [5.8668, 12.1449], [5.8582, 12.1567], [5.8552, 12.1635], [5.852, 12.1664], [5.8501, 12.1723], [5.8491, 12.1754], [5.8474, 12.1785], [5.8473, 12.1794], [5.845, 12.1887], [5.845, 12.1933], [5.8413, 12.1978], [5.8392, 12.2043], [5.8376, 12.2063], [5.83533, 12.21005], [5.84014, 12.21708], [5.842, 12.21965], [5.8368, 12.2231], [5.8351, 12.2235], [5.8336, 12.2244], [5.82907, 12.24504], [5.8235, 12.26253], [5.83153, 12.27278], [5.84104, 12.29311], [5.86601, 12.31657], [5.88626, 12.3139], [5.8899, 12.2692], [5.8891, 12.2638], [5.8902, 12.2601], [5.891, 12.2557], [5.8925, 12.2489], [5.8924, 12.2434], [5.8961, 12.20965], [5.90833, 12.18642], [5.90858, 12.14774], [5.90967, 12.14123], [5.91343, 12.13997], [5.91767, 12.13981], [5.92949, 12.13805], [5.92974, 12.13885], [5.9307, 12.13983], [5.93853, 12.13429], [5.94384, 12.12807], [5.94815, 12.1271], [5.94873, 12.11822], [5.94859, 12.11659], [5.94724, 12.11603], [5.94439, 12.11617], [5.94126, 12.11702], [5.93904, 12.11666], [5.93519, 12.11548], [5.93269, 12.11624], [5.9301, 12.11816], [5.92571, 12.11576], [5.92429, 12.11717], [5.92383, 12.11525]]]}, "properties": {"name": "Galadima", "lga": "Anka", "state": "za"}}, {"type": "Feature", "geometry": {"type": "Polygon", "coordinates": [[[6.40549, 12.65097], [6.40956, 12.64589], [6.34295, 12.61032], [6.31726, 12.60718], [6.27861, 12.60775], [6.2579, 12.6021], [6.2574, 12.6009], [6.2568, 12.6], [6.25566, 12.59938], [6.2533, 12.5986], [6.24, 12.5983], [6.22859, 12.63427], [6.26303, 12.66468], [6.26166, 12.72234], [6.26216, 12.7266], [6.25041, 12.74303], [6.24628, 12.74762], [6.23786, 12.75436], [6.23049, 12.77331], [6.21738, 12.78476], [6.20263, 12.79827], [6.19009, 12.81067], [6.18978, 12.82712], [6.18957, 12.82989], [6.18721, 12.83464], [6.17858, 12.84312], [6.17159, 12.85251], [6.16147, 12.85925], [6.15512, 12.86029], [6.15868, 12.83073], [6.15416, 12.83029], [6.15164, 12.83309], [6.14553, 12.83723], [6.13573, 12.8367], [6.10008, 12.83371], [6.07777, 12.84134], [6.07039, 12.84983], [6.05654, 12.88401], [6.054, 12.9057], [6.0491, 12.9102], [6.0415, 12.9166], [6.0391, 12.9179], [6.03488, 12.93306], [6.04388, 12.93795], [6.04873, 12.94833], [6.0554, 12.9667], [6.0572, 12.9779], [6.0558, 12.9982], [6.04689, 13.0312], [6.102, 13.0598], [6.11365, 13.06468], [6.1835, 13.0108], [6.20079, 13.0105], [6.20785, 13.0093], [6.218, 13.0111], [6.21869, 13.01287], [6.21964, 13.01524], [6.246, 13.01459], [6.23716, 12.99467], [6.22035, 12.99307], [6.20795, 12.98668], [6.20452, 12.98126], [6.20581, 12.96945], [6.21037, 12.9561], [6.2174, 12.9417], [6.2218, 12.9246], [6.2225, 12.9193], [6.2253, 12.9045], [6.2425, 12.89795], [6.2474, 12.8445], [6.2504, 12.8363], [6.25221, 12.81806], [6.255, 12.8027], [6.2579, 12.7977], [6.2649, 12.7914], [6.267, 12.7884], [6.2725, 12.7811], [6.2924, 12.7818], [6.3126, 12.7831], [6.3182, 12.7848], [6.3248, 12.7837], [6.33383, 12.78431], [6.3341, 12.776], [6.3261, 12.7724], [6.3224, 12.7705], [6.32732, 12.74893], [6.3337, 12.72173], [6.3346, 12.69573], [6.33641, 12.67428], [6.34605, 12.66811], [6.40549, 12.65097]]]}, "properties": {"name": "Faru Magami", "lga": "Maradun", "state": "za"}}, {"type": "Feature", "geometry": {"type": "Polygon", "coordinates": [[[5.56408, 11.68436], [5.54574, 11.70194], [5.50832, 11.72542], [5.51712, 11.73873], [5.53782, 11.7848], [5.53962, 11.7959], [5.5368, 11.82036], [5.53407, 11.84414], [5.52582, 11.87866], [5.52938, 11.93696], [5.5428, 11.95441], [5.57882, 11.96636], [5.61221, 11.97303], [5.62578, 11.97273], [5.63248, 11.97185], [5.67394, 11.94181], [5.69384, 11.93621], [5.69494, 11.92948], [5.6937, 11.92859], [5.68765, 11.92826], [5.69783, 11.89028], [5.69845, 11.88795], [5.7022, 11.88665], [5.7029, 11.8813], [5.7044, 11.8758], [5.7058, 11.874], [5.7053, 11.8691], [5.7053, 11.866], [5.7073, 11.8622], [5.7225, 11.862], [5.72162, 11.83732], [5.72234, 11.8285], [5.722, 11.7993], [5.7196, 11.7959], [5.7151, 11.7907], [5.7128, 11.7848], [5.7105, 11.7823], [5.7062, 11.7736], [5.7022, 11.7681], [5.6964, 11.7507], [5.69498, 11.74557], [5.6932, 11.7403], [5.6864, 11.7247], [5.68646, 11.72039], [5.68763, 11.71905], [5.68583, 11.71729], [5.68668, 11.71531], [5.686, 11.7098], [5.6851, 11.7005], [5.6856, 11.6967], [5.68655, 11.68852], [5.70503, 11.68797], [5.70448, 11.68688], [5.6962, 11.6706], [5.69613, 11.67056], [5.69102, 11.66732], [5.66969, 11.66144], [5.65963, 11.66267], [5.64608, 11.66286], [5.63937, 11.66286], [5.6049, 11.6686], [5.59622, 11.67151], [5.58024, 11.67542], [5.56408, 11.68436]]]}, "properties": {"name": "Adabka", "lga": "Bukkuyum", "state": "za"}}, {"type": "Feature", "geometry": {"type": "Polygon", "coordinates": [[[6.20707, 12.29913], [6.18649, 12.31631], [6.14218, 12.31503], [6.13382, 12.31355], [6.13427, 12.34921], [6.13348, 12.357], [6.12747, 12.36321], [6.12855, 12.37757], [6.1316, 12.3906], [6.1309, 12.3947], [6.1298, 12.4021], [6.1476, 12.4082], [6.1745, 12.4134], [6.17504, 12.41421], [6.1744, 12.41476], [6.17355, 12.41647], [6.17223, 12.41908], [6.17237, 12.42333], [6.17148, 12.42601], [6.16923, 12.42806], [6.16802, 12.42998], [6.16849, 12.43179], [6.16815, 12.43448], [6.19388, 12.44482], [6.20762, 12.44971], [6.22025, 12.45018], [6.23862, 12.43207], [6.24309, 12.43002], [6.24864, 12.43011], [6.25352, 12.43], [6.26277, 12.4199], [6.26602, 12.41869], [6.27162, 12.41869], [6.27449, 12.42245], [6.27579, 12.42325], [6.27786, 12.42362], [6.27996, 12.4231], [6.28387, 12.42297], [6.28568, 12.41805], [6.28435, 12.41238], [6.2834, 12.40839], [6.2763, 12.4051], [6.27043, 12.40108], [6.26903, 12.39694], [6.26649, 12.39416], [6.26701, 12.3909], [6.26374, 12.38962], [6.26361, 12.38908], [6.26423, 12.38839], [6.2644, 12.38791], [6.26115, 12.38285], [6.26148, 12.37925], [6.25932, 12.37889], [6.25885, 12.37883], [6.25769, 12.3745], [6.25724, 12.37389], [6.25568, 12.37361], [6.25513, 12.37268], [6.25182, 12.36791], [6.25302, 12.3672], [6.2489, 12.36686], [6.24386, 12.36256], [6.2427, 12.3601], [6.24083, 12.3556], [6.2405, 12.3529], [6.23891, 12.32135], [6.22915, 12.31633], [6.20707, 12.29913]]]}, "properties": {"name": "Morai", "lga": "Talata Mafara", "state": "za"}}, {"type": "Feature", "geometry": {"type": "Polygon", "coordinates": [[[5.9338, 11.43664], [5.8906, 11.44046], [5.87605, 11.43962], [5.86565, 11.4378], [5.84415, 11.43277], [5.83545, 11.43535], [5.83025, 11.43982], [5.82675, 11.4443], [5.82372, 11.45667], [5.824, 11.46785], [5.82429, 11.48863], [5.82457, 11.49849], [5.81644, 11.51547], [5.81716, 11.53677], [5.8159, 11.54237], [5.81629, 11.54631], [5.81734, 11.54774], [5.81682, 11.55162], [5.81595, 11.55319], [5.81692, 11.55652], [5.81786, 11.55709], [5.8172, 11.56012], [5.81869, 11.56149], [5.81929, 11.56466], [5.82137, 11.56634], [5.82002, 11.57467], [5.82612, 11.57925], [5.82658, 11.58218], [5.82658, 11.58609], [5.82737, 11.58864], [5.82883, 11.58969], [5.82976, 11.59175], [5.8299, 11.59437], [5.82884, 11.62481], [5.82228, 11.63433], [5.81949, 11.64844], [5.83305, 11.64847], [5.85606, 11.6408], [5.86568, 11.63342], [5.86825, 11.63335], [5.8701, 11.63216], [5.87039, 11.6286], [5.87224, 11.62713], [5.87531, 11.62692], [5.87581, 11.62497], [5.87474, 11.62329], [5.87074, 11.62001], [5.87074, 11.61777], [5.87402, 11.61652], [5.8808, 11.61477], [5.88465, 11.61596], [5.8896, 11.619], [5.89599, 11.62245], [5.8972, 11.62671], [5.8987, 11.6293], [5.89877, 11.63083], [5.90112, 11.63104], [5.90274, 11.63307], [5.90397, 11.6336], [5.90502, 11.63317], [5.90564, 11.63263], [5.91058, 11.63547], [5.91443, 11.63603], [5.91723, 11.63887], [5.92608, 11.63919], [5.93202, 11.64208], [5.94, 11.64292], [5.95265, 11.63654], [5.95783, 11.6404], [5.9632, 11.64003], [5.96719, 11.63854], [5.97295, 11.63388], [5.97406, 11.6344], [5.97385, 11.63551], [5.97385, 11.6364], [5.97409, 11.637], [5.9786, 11.64268], [5.97966, 11.64283], [5.9806, 11.64296], [5.98193, 11.64194], [5.98331, 11.64046], [5.98524, 11.64088], [5.98533, 11.64288], [5.9844, 11.64483], [5.98412, 11.64616], [5.98248, 11.64714], [5.97977, 11.65335], [5.98055, 11.6551], [5.98262, 11.65594], [5.98383, 11.6574], [5.98305, 11.65845], [5.98369, 11.65901], [5.98516, 11.6586], [5.98633, 11.65999], [5.98783, 11.66236], [5.98954, 11.66439], [5.99011, 11.6662], [5.99082, 11.66746], [5.99146, 11.66788], [5.99153, 11.66948], [5.99132, 11.67095], [5.9916, 11.67179], [5.9966, 11.66983], [5.9966, 11.66907], [5.99709, 11.66823], [5.99831, 11.66795], [5.99859, 11.6669], [6.00059, 11.66606], [6.00244, 11.6662], [6.0038, 11.66746], [6.00423, 11.66851], [6.00567, 11.66913], [6.01036, 11.66621], [6.01092, 11.6722], [6.01525, 11.67271], [6.01389, 11.66628], [6.01976, 11.66243], [6.02176, 11.66288], [6.02438, 11.66327], [6.02742, 11.66456], [6.0302, 11.66455], [6.03362, 11.66343], [6.03518, 11.66276], [6.04201, 11.66517], [6.04293, 11.66443], [6.05212, 11.67193], [6.05773, 11.6723], [6.05902, 11.67151], [6.0588, 11.67051], [6.05868, 11.6696], [6.05969, 11.669], [6.06054, 11.6689], [6.0607, 11.66731], [6.06073, 11.66601], [6.06586, 11.6567], [6.06653, 11.65642], [6.06677, 11.65712], [6.06795, 11.65707], [6.0681, 11.65605], [6.06924, 11.6547], [6.07152, 11.65405], [6.07501, 11.65135], [6.07611, 11.65061], [6.08274, 11.65151], [6.08436, 11.65344], [6.08516, 11.65216], [6.09664, 11.64821], [6.10008, 11.65123], [6.10299, 11.65028], [6.1034, 11.6498], [6.10392, 11.64946], [6.10419, 11.64899], [6.10314, 11.64586], [6.10402, 11.64447], [6.10238, 11.64287], [6.10377, 11.64197], [6.10156, 11.6384], [6.10418, 11.63564], [6.11365, 11.63552], [6.11458, 11.63835], [6.11436, 11.64025], [6.1124, 11.64184], [6.11333, 11.64387], [6.11559, 11.64428], [6.11681, 11.64176], [6.11839, 11.64308], [6.11814, 11.64178], [6.12095, 11.64055], [6.12073, 11.63767], [6.12318, 11.63806], [6.12306, 11.63472], [6.12514, 11.63474], [6.12445, 11.63305], [6.12491, 11.63258], [6.12565, 11.63258], [6.12618, 11.63251], [6.12825, 11.6293], [6.1316, 11.6013], [6.1357, 11.5919], [6.1365, 11.5891], [6.1382, 11.5863], [6.1391, 11.5799], [6.08619, 11.56638], [6.08697, 11.54724], [6.08754, 11.53662], [6.09765, 11.53599], [6.10054, 11.51308], [6.1191, 11.51161], [6.11955, 11.50831], [6.11901, 11.5], [6.10868, 11.48304], [6.09556, 11.46809], [6.08415, 11.46152], [6.07973, 11.45537], [6.0784, 11.4491], [6.06558, 11.44727], [6.05717, 11.44532], [6.04151, 11.44352], [6.03146, 11.44329], [6.03005, 11.44355], [6.02802, 11.44393], [6.02565, 11.44493], [6.00954, 11.46265], [5.96795, 11.46691], [5.96116, 11.45405], [5.94627, 11.44954], [5.9366, 11.44383], [5.9338, 11.43664]]]}, "properties": {"name": "Dankurmi", "lga": "Maru", "state": "za"}}, {"type": "Feature", "geometry": {"type": "Polygon", "coordinates": [[[5.5713, 12.19533], [5.5752, 12.19236], [5.57661, 12.1897], [5.57889, 12.1835], [5.58291, 12.16431], [5.58436, 12.1581], [5.58394, 12.15413], [5.58564, 12.12743], [5.58615, 12.11216], [5.59108, 12.10964], [5.60116, 12.10925], [5.64788, 12.11235], [5.6565, 12.1135], [5.65934, 12.12487], [5.6583, 12.1397], [5.67875, 12.1413], [5.68191, 12.13046], [5.68749, 12.12468], [5.69406, 12.12113], [5.69388, 12.1042], [5.69387, 12.0889], [5.67204, 12.08651], [5.66828, 12.03653], [5.6605, 12.011], [5.63882, 12.01574], [5.62401, 12.0168], [5.61352, 12.01749], [5.60453, 12.02924], [5.58183, 12.03957], [5.53854, 12.04394], [5.53069, 12.05746], [5.51951, 12.07745], [5.50478, 12.10769], [5.51063, 12.11882], [5.52326, 12.14813], [5.53047, 12.16032], [5.54543, 12.17547], [5.57122, 12.1952], [5.5713, 12.19529], [5.5713, 12.19533]]]}, "properties": {"name": "Masama", "lga": "Bukkuyum", "state": "za"}}, {"type": "Feature", "geometry": {"type": "Polygon", "coordinates": [[[6.1705, 12.6027], [6.14828, 12.59495], [6.14417, 12.59188], [6.13911, 12.59031], [6.13271, 12.5885], [6.12717, 12.5885], [6.12198, 12.58874], [6.118, 12.58862], [6.11474, 12.58814], [6.1109, 12.58694], [6.11366, 12.5756], [6.11571, 12.56209], [6.11581, 12.56083], [6.11751, 12.55876], [6.1179, 12.5581], [6.1183, 12.5567], [6.117, 12.5483], [6.1219, 12.5436], [6.1276, 12.5394], [6.1285, 12.54], [6.1327, 12.5423], [6.1329, 12.5425], [6.1369, 12.5434], [6.1395, 12.5441], [6.1411, 12.5444], [6.14369, 12.54034], [6.14455, 12.53594], [6.14483, 12.53245], [6.14329, 12.51512], [6.12999, 12.51525], [6.12542, 12.51506], [6.12237, 12.5162], [6.10987, 12.53018], [6.10393, 12.53446], [6.09479, 12.5336], [6.08754, 12.52819], [6.08273, 12.526], [6.0777, 12.54235], [6.07502, 12.5457], [6.0706, 12.5548], [6.0703, 12.55587], [6.07, 12.55694], [6.06868, 12.55661], [6.06532, 12.55584], [6.06423, 12.56004], [6.06627, 12.56419], [6.06621, 12.56499], [6.06422, 12.56485], [6.06474, 12.57079], [6.0634, 12.57571], [6.06433, 12.57756], [6.06104, 12.57906], [6.05876, 12.57975], [6.08443, 12.59451], [6.07307, 12.61162], [6.07145, 12.61084], [6.05774, 12.6156], [6.06076, 12.62452], [6.05684, 12.62576], [6.0577, 12.62851], [6.05772, 12.62888], [6.05769, 12.63013], [6.05915, 12.63411], [6.0636, 12.64242], [6.08121, 12.64617], [6.09188, 12.6514], [6.09563, 12.65257], [6.09554, 12.65402], [6.09512, 12.65874], [6.09433, 12.6687], [6.10098, 12.67033], [6.10529, 12.67292], [6.1047, 12.6609], [6.1049, 12.65344], [6.10561, 12.6488], [6.1094, 12.63866], [6.1178, 12.63129], [6.12706, 12.62266], [6.12762, 12.62235], [6.14917, 12.61624], [6.15926, 12.61645], [6.17059, 12.61563], [6.1705, 12.6027]]]}, "properties": {"name": "Kayaye", "lga": "Talata Mafara", "state": "za"}}, {"type": "Feature", "geometry": {"type": "Polygon", "coordinates": [[[5.61352, 12.01749], [5.61348, 12.01082], [5.61483, 11.99778], [5.61221, 11.97303], [5.57882, 11.96636], [5.5428, 11.95441], [5.52938, 11.93696], [5.4754, 11.94483], [5.46043, 11.94971], [5.43276, 11.94643], [5.41548, 11.94538], [5.39236, 11.94885], [5.37653, 11.95554], [5.37424, 11.96164], [5.37253, 11.96611], [5.35992, 11.97978], [5.37058, 11.9972], [5.37429, 12.01538], [5.37282, 12.02378], [5.36732, 12.02988], [5.36226, 12.03717], [5.35899, 12.04609], [5.36911, 12.07559], [5.38844, 12.07816], [5.40143, 12.07831], [5.41111, 12.0976], [5.45637, 12.09194], [5.45769, 12.09234], [5.46, 12.097], [5.4663, 12.1014], [5.4739, 12.1], [5.4818, 12.1029], [5.4849, 12.1026], [5.4871, 12.103], [5.50478, 12.10769], [5.51951, 12.07745], [5.53069, 12.05746], [5.53854, 12.04394], [5.58183, 12.03957], [5.60453, 12.02924], [5.61352, 12.01749]]]}, "properties": {"name": "Zarummai", "lga": "Bukkuyum", "state": "za"}}, {"type": "Feature", "geometry": {"type": "Polygon", "coordinates": [[[6.15757, 12.45995], [6.15956, 12.45827], [6.16007, 12.45708], [6.1606, 12.456], [6.16198, 12.45485], [6.16417, 12.45381], [6.16453, 12.44957], [6.16652, 12.44845], [6.16802, 12.42998], [6.16923, 12.42806], [6.17148, 12.42601], [6.17237, 12.42333], [6.17223, 12.41908], [6.17355, 12.41647], [6.1744, 12.41476], [6.17504, 12.41421], [6.1745, 12.4134], [6.1476, 12.4082], [6.1298, 12.4021], [6.1309, 12.3947], [6.1316, 12.3906], [6.12855, 12.37757], [6.12747, 12.36321], [6.11268, 12.36324], [6.09841, 12.36657], [6.09135, 12.36689], [6.07618, 12.36214], [6.07468, 12.37734], [6.078, 12.39437], [6.078, 12.39685], [6.07609, 12.39773], [6.07476, 12.39873], [6.07485, 12.40032], [6.07595, 12.40042], [6.07627, 12.40219], [6.07566, 12.40265], [6.07476, 12.40372], [6.07506, 12.40493], [6.07527, 12.40668], [6.07326, 12.41331], [6.0745, 12.4168], [6.07665, 12.42682], [6.07928, 12.45232], [6.08442, 12.44907], [6.1162, 12.44122], [6.11639, 12.43888], [6.12226, 12.44013], [6.13288, 12.44422], [6.13757, 12.44441], [6.14702, 12.4446], [6.14769, 12.44369], [6.14817, 12.44315], [6.14994, 12.44179], [6.1543, 12.44474], [6.15636, 12.44878], [6.15704, 12.4484], [6.15757, 12.44765], [6.15864, 12.44756], [6.16129, 12.44971], [6.15757, 12.45995]]]}, "properties": {"name": "Gusari-Garbadu", "lga": "Talata Mafara", "state": "za"}}, {"type": "Feature", "geometry": {"type": "Polygon", "coordinates": [[[6.02441, 12.74879], [6.03408, 12.78407], [6.09995, 12.7797], [6.10057, 12.77135], [6.0995, 12.76196], [6.10164, 12.75083], [6.0909, 12.70702], [6.09475, 12.69414], [6.10537, 12.68741], [6.1057, 12.6813], [6.10529, 12.67292], [6.10098, 12.67033], [6.09433, 12.6687], [6.08184, 12.66434], [6.06996, 12.65785], [6.04702, 12.66978], [6.03378, 12.68381], [6.03076, 12.68985], [6.02901, 12.69265], [6.02661, 12.70501], [6.02395, 12.7211], [6.0227, 12.72576], [6.02607, 12.73904], [6.02583, 12.74159], [6.02441, 12.74879]]]}, "properties": {"name": "Rini", "lga": "Bakura", "state": "za"}}, {"type": "Feature", "geometry": {"type": "Polygon", "coordinates": [[[5.27617, 12.34204], [5.29287, 12.34844], [5.31158, 12.35577], [5.30928, 12.34139], [5.31662, 12.32819], [5.32032, 12.32136], [5.32375, 12.31993], [5.32736, 12.31793], [5.33079, 12.31422], [5.3345, 12.30993], [5.33764, 12.30137], [5.34107, 12.29385], [5.34821, 12.28357], [5.35411, 12.27853], [5.36182, 12.27596], [5.37172, 12.27605], [5.38047, 12.27605], [5.38666, 12.27681], [5.3927, 12.2755], [5.4027, 12.2665], [5.39765, 12.20866], [5.39765, 12.20346], [5.39765, 12.19678], [5.39369, 12.18093], [5.39011, 12.17198], [5.381, 12.15748], [5.34699, 12.13274], [5.34418, 12.1351], [5.33916, 12.13747], [5.33353, 12.13785], [5.32832, 12.14663], [5.32604, 12.14663], [5.32385, 12.14523], [5.32176, 12.14384], [5.31995, 12.14263], [5.31843, 12.14281], [5.31653, 12.14412], [5.31463, 12.1456], [5.3132, 12.14709], [5.31187, 12.14904], [5.31149, 12.15053], [5.31083, 12.15174], [5.30341, 12.15183], [5.29479, 12.16275], [5.28811, 12.15829], [5.28811, 12.15699], [5.28697, 12.15644], [5.28555, 12.15671], [5.28441, 12.15709], [5.28365, 12.15513], [5.26918, 12.14176], [5.26179, 12.14902], [5.24994, 12.16585], [5.24047, 12.18031], [5.23875, 12.18294], [5.22131, 12.22185], [5.23433, 12.22239], [5.24766, 12.22295], [5.25742, 12.22948], [5.27779, 12.23945], [5.27263, 12.26143], [5.27134, 12.26462], [5.26445, 12.28168], [5.27617, 12.34204]]]}, "properties": {"name": "Birnin Magaji", "lga": "Gummi", "state": "za"}}, {"type": "Feature", "geometry": {"type": "Polygon", "coordinates": [[[5.9804, 12.54642], [5.99957, 12.55399], [6.00712, 12.55384], [6.01886, 12.55292], [6.0216, 12.55801], [6.0273, 12.55453], [6.03137, 12.54028], [6.03375, 12.54025], [6.03684, 12.5404], [6.03681, 12.53771], [6.02804, 12.5297], [6.02502, 12.52425], [6.025, 12.52423], [6.02428, 12.52292], [6.02261, 12.50443], [6.02275, 12.49037], [6.0293, 12.46139], [6.01006, 12.44738], [6.00615, 12.44462], [5.93346, 12.44645], [5.91776, 12.44725], [5.9031, 12.44804], [5.91314, 12.45162], [5.92241, 12.46158], [5.94329, 12.46878], [5.94433, 12.47052], [5.9473, 12.50838], [5.94893, 12.51229], [5.95493, 12.51626], [5.97221, 12.53072], [5.9804, 12.54642]]]}, "properties": {"name": "Ruwan Bore-Mirkidi", "lga": "Talata Mafara", "state": "za"}}, {"type": "Feature", "geometry": {"type": "Polygon", "coordinates": [[[5.89905, 12.70092], [5.89756, 12.68808], [5.89642, 12.67125], [5.89899, 12.66374], [5.90498, 12.65539], [5.91416, 12.64562], [5.93539, 12.63176], [5.94653, 12.63036], [5.94663, 12.63033], [5.93622, 12.59932], [5.93018, 12.5873], [5.94009, 12.58637], [5.94823, 12.58811], [5.96011, 12.58805], [5.96991, 12.58903], [5.97487, 12.58588], [5.9782, 12.57887], [5.97871, 12.57394], [5.97841, 12.56861], [5.97831, 12.56259], [5.98073, 12.55805], [5.9804, 12.54642], [5.97221, 12.53072], [5.95493, 12.51626], [5.94893, 12.51229], [5.9473, 12.50838], [5.94477, 12.47835], [5.92519, 12.49138], [5.9196, 12.49427], [5.87554, 12.52101], [5.85671, 12.53946], [5.72548, 12.57649], [5.72308, 12.62063], [5.69, 12.62736], [5.67743, 12.63192], [5.69411, 12.68914], [5.74493, 12.67638], [5.75259, 12.69915], [5.75031, 12.73781], [5.80663, 12.7782], [5.82466, 12.79708], [5.84677, 12.76477], [5.84528, 12.76241], [5.8449, 12.75948], [5.84642, 12.74677], [5.84642, 12.73249], [5.85253, 12.72471], [5.85155, 12.71536], [5.85267, 12.71076], [5.85332, 12.70642], [5.85572, 12.69991], [5.85554, 12.69494], [5.86299, 12.68054], [5.86363, 12.68052], [5.8692, 12.68079], [5.87004, 12.68096], [5.8919, 12.69756], [5.89905, 12.70092]]]}, "properties": {"name": "Danmanau", "lga": "Bakura", "state": "za"}}, {"type": "Feature", "geometry": {"type": "Polygon", "coordinates": [[[6.40168, 11.54728], [6.39134, 11.50843], [6.38404, 11.48834], [6.38247, 11.47888], [6.37777, 11.46918], [6.37015, 11.46862], [6.35617, 11.46583], [6.34877, 11.45744], [6.33547, 11.45279], [6.30404, 11.4472], [6.28354, 11.43987], [6.27034, 11.43446], [6.25773, 11.42789], [6.24098, 11.41785], [6.21063, 11.39723], [6.20088, 11.39001], [6.17759, 11.38395], [6.1543, 11.38302], [6.09229, 11.38629], [6.0871, 11.38714], [6.07957, 11.38841], [6.05294, 11.40154], [6.03885, 11.42073], [6.03005, 11.44355], [6.03146, 11.44329], [6.04151, 11.44352], [6.05717, 11.44532], [6.06558, 11.44727], [6.0784, 11.4491], [6.07973, 11.45537], [6.08415, 11.46152], [6.09556, 11.46809], [6.10868, 11.48304], [6.11901, 11.5], [6.11955, 11.50831], [6.1191, 11.51161], [6.10054, 11.51308], [6.09765, 11.53599], [6.08754, 11.53662], [6.08697, 11.54724], [6.08619, 11.56638], [6.1391, 11.5799], [6.1382, 11.5863], [6.1365, 11.5891], [6.1357, 11.5919], [6.1316, 11.6013], [6.12937, 11.62214], [6.12868, 11.62663], [6.13134, 11.62799], [6.13142, 11.63029], [6.13336, 11.6309], [6.13656, 11.62912], [6.13594, 11.62679], [6.13847, 11.62787], [6.13864, 11.6256], [6.13995, 11.62533], [6.13793, 11.62386], [6.13835, 11.62057], [6.13893, 11.61983], [6.13935, 11.61894], [6.13978, 11.61857], [6.1404, 11.61908], [6.14102, 11.61908], [6.14197, 11.61741], [6.14392, 11.61685], [6.14549, 11.61671], [6.14544, 11.61559], [6.14477, 11.61485], [6.1451, 11.61401], [6.15505, 11.613], [6.15545, 11.61232], [6.15581, 11.61174], [6.15683, 11.61172], [6.16253, 11.61463], [6.16266, 11.61661], [6.16283, 11.61912], [6.16236, 11.62174], [6.1649, 11.62685], [6.16575, 11.62741], [6.16689, 11.62835], [6.1675, 11.62919], [6.16761, 11.63021], [6.16775, 11.63122], [6.168, 11.63202], [6.17488, 11.63656], [6.17513, 11.63963], [6.17984, 11.64222], [6.18528, 11.64081], [6.19534, 11.64232], [6.19653, 11.64068], [6.20248, 11.64093], [6.20596, 11.63813], [6.20711, 11.63827], [6.20846, 11.6388], [6.21338, 11.63422], [6.21606, 11.64086], [6.21797, 11.64224], [6.21909, 11.64326], [6.22062, 11.6441], [6.22248, 11.64463], [6.22498, 11.63983], [6.22698, 11.63949], [6.22829, 11.64033], [6.22852, 11.64279], [6.22857, 11.64497], [6.23114, 11.64961], [6.24318, 11.64921], [6.24539, 11.65365], [6.24744, 11.65564], [6.24837, 11.65514], [6.24859, 11.65352], [6.24968, 11.65268], [6.2511, 11.6524], [6.25242, 11.65095], [6.25401, 11.65078], [6.2539, 11.65486], [6.25561, 11.65609], [6.25759, 11.65573], [6.25861, 11.65154], [6.262, 11.65378], [6.26867, 11.65385], [6.26938, 11.64368], [6.27013, 11.64313], [6.27088, 11.64274], [6.27043, 11.64003], [6.27138, 11.63845], [6.27301, 11.63714], [6.27185, 11.63454], [6.27166, 11.63249], [6.27242, 11.63081], [6.27452, 11.63109], [6.2764, 11.63], [6.2786, 11.62941], [6.28108, 11.62811], [6.28274, 11.6258], [6.2825, 11.62299], [6.28336, 11.62169], [6.28475, 11.62038], [6.28654, 11.62085], [6.28819, 11.61901], [6.28974, 11.61569], [6.29072, 11.61302], [6.29297, 11.61264], [6.29399, 11.61168], [6.29282, 11.61042], [6.29291, 11.60893], [6.32066, 11.60741], [6.32769, 11.60427], [6.33728, 11.60095], [6.34539, 11.59684], [6.35704, 11.5933], [6.36852, 11.58987], [6.37537, 11.58862], [6.37925, 11.58399], [6.38491, 11.57897], [6.38976, 11.57731], [6.3953, 11.57428], [6.39764, 11.56618], [6.40168, 11.54728]]]}, "properties": {"name": "Dangulbi", "lga": "Maru", "state": "za"}}, {"type": "Feature", "geometry": {"type": "Polygon", "coordinates": [[[6.05432, 12.25003], [6.05361, 12.24317], [6.05323, 12.24096], [6.03736, 12.24268], [6.02561, 12.23982], [6.01649, 12.26103], [6.00978, 12.26744], [5.98683, 12.28512], [5.93497, 12.30081], [5.91557, 12.30452], [5.89907, 12.32107], [5.894, 12.32951], [5.88521, 12.34308], [5.87623, 12.35528], [5.87791, 12.36197], [5.89144, 12.38438], [5.89838, 12.4098], [5.90153, 12.42457], [5.9031, 12.44804], [5.91776, 12.44725], [5.93346, 12.44645], [6.00615, 12.44462], [6.01006, 12.44738], [6.0293, 12.46139], [6.03348, 12.461], [6.03903, 12.46015], [6.06243, 12.4507], [6.07774, 12.44481], [6.07791, 12.44475], [6.07665, 12.42682], [6.0745, 12.4168], [6.07326, 12.41331], [6.07527, 12.40668], [6.07506, 12.40493], [6.07476, 12.40372], [6.07566, 12.40265], [6.07627, 12.40219], [6.07595, 12.40042], [6.07485, 12.40032], [6.07476, 12.39873], [6.07609, 12.39773], [6.078, 12.39685], [6.078, 12.39437], [6.07468, 12.37734], [6.07618, 12.36214], [6.06982, 12.36053], [6.06831, 12.35646], [6.05016, 12.35098], [6.03761, 12.35107], [6.02897, 12.34499], [6.03086, 12.34258], [6.0346, 12.34376], [6.03606, 12.3416], [6.03346, 12.33932], [6.03748, 12.33327], [6.04108, 12.32876], [6.06465, 12.32548], [6.06406, 12.31515], [6.05266, 12.31256], [6.0467, 12.2779], [6.04588, 12.27552], [6.04322, 12.25755], [6.05432, 12.25003]]]}, "properties": {"name": "Sauna Ruwan Gora", "lga": "Talata Mafara", "state": "za"}}, {"type": "Feature", "geometry": {"type": "Polygon", "coordinates": [[[6.14828, 12.59495], [6.1705, 12.6027], [6.1694, 12.5948], [6.16029, 12.57205], [6.15382, 12.55561], [6.15827, 12.55316], [6.15969, 12.55236], [6.16186, 12.55124], [6.16136, 12.5451], [6.17876, 12.54329], [6.19848, 12.5368], [6.22683, 12.53197], [6.26305, 12.53269], [6.27702, 12.5345], [6.29352, 12.53352], [6.30202, 12.52318], [6.31024, 12.51701], [6.31799, 12.51364], [6.32487, 12.50893], [6.334, 12.50842], [6.34321, 12.50944], [6.36202, 12.50222], [6.36504, 12.5017], [6.33913, 12.45077], [6.31643, 12.42756], [6.31162, 12.42193], [6.29553, 12.40108], [6.29002, 12.40297], [6.28426, 12.40652], [6.2834, 12.40839], [6.28435, 12.41238], [6.28568, 12.41805], [6.28387, 12.42297], [6.27996, 12.4231], [6.27786, 12.42362], [6.27579, 12.42325], [6.27449, 12.42245], [6.27162, 12.41869], [6.26602, 12.41869], [6.26277, 12.4199], [6.25352, 12.43], [6.24864, 12.43011], [6.24309, 12.43002], [6.23862, 12.43207], [6.22025, 12.45018], [6.20762, 12.44971], [6.19388, 12.44482], [6.16815, 12.43448], [6.1675, 12.44446], [6.16709, 12.44609], [6.16652, 12.44845], [6.16453, 12.44957], [6.16417, 12.45381], [6.16198, 12.45485], [6.1606, 12.456], [6.16007, 12.45708], [6.15956, 12.45827], [6.15757, 12.45995], [6.15769, 12.46108], [6.15832, 12.46204], [6.15894, 12.46297], [6.15686, 12.46851], [6.15264, 12.47039], [6.15258, 12.47167], [6.15248, 12.47616], [6.14932, 12.47664], [6.14815, 12.4781], [6.148, 12.48686], [6.14667, 12.50421], [6.14078, 12.50448], [6.14329, 12.51512], [6.14483, 12.53245], [6.14455, 12.53594], [6.14369, 12.54034], [6.1411, 12.5444], [6.1415, 12.5446], [6.1461, 12.54517], [6.14553, 12.55352], [6.14743, 12.57115], [6.1479, 12.58562], [6.14828, 12.59495]]]}, "properties": {"name": "Dosara Birnin Kaya", "lga": "Maradun", "state": "za"}}, {"type": "Feature", "geometry": {"type": "Polygon", "coordinates": [[[5.70833, 12.08915], [5.69387, 12.0889], [5.69388, 12.1042], [5.69406, 12.12113], [5.68749, 12.12468], [5.68191, 12.13046], [5.69788, 12.13743], [5.70915, 12.14264], [5.71375, 12.14863], [5.71932, 12.15898], [5.72112, 12.16027], [5.72583, 12.22279], [5.72422, 12.23138], [5.72254, 12.24274], [5.73902, 12.24857], [5.75184, 12.25398], [5.749, 12.27257], [5.74963, 12.2889], [5.75621, 12.28544], [5.75993, 12.28176], [5.77085, 12.2678], [5.78061, 12.25235], [5.77151, 12.24822], [5.77935, 12.23749], [5.78353, 12.23755], [5.78486, 12.23629], [5.78591, 12.21592], [5.79147, 12.19039], [5.7945, 12.1717], [5.8091, 12.14401], [5.80799, 12.1315], [5.80445, 12.13201], [5.80052, 12.13215], [5.79718, 12.12998], [5.79296, 12.13106], [5.78507, 12.12971], [5.78042, 12.13029], [5.7764, 12.12936], [5.76958, 12.12558], [5.76507, 12.12424], [5.75952, 12.12587], [5.75585, 12.12701], [5.74472, 12.13395], [5.7418, 12.13218], [5.71853, 12.12173], [5.71271, 12.11815], [5.70833, 12.08915]]]}, "properties": {"name": "Barayar Zaki", "lga": "Anka", "state": "za"}}, {"type": "Feature", "geometry": {"type": "Polygon", "coordinates": [[[5.56408, 11.68436], [5.55373, 11.67669], [5.55314, 11.67561], [5.55148, 11.67256], [5.5416, 11.6657], [5.52751, 11.66129], [5.52589, 11.66408], [5.52199, 11.66669], [5.52047, 11.66948], [5.51829, 11.67079], [5.51553, 11.67051], [5.51526, 11.66945], [5.51407, 11.66481], [5.51373, 11.66474], [5.5095, 11.66391], [5.50579, 11.66308], [5.50247, 11.65817], [5.50016, 11.65726], [5.49722, 11.6559], [5.49375, 11.65718], [5.48131, 11.66482], [5.47915, 11.66452], [5.4746, 11.66429], [5.4712, 11.66384], [5.46904, 11.6652], [5.46782, 11.66671], [5.46591, 11.66931], [5.46306, 11.67042], [5.46149, 11.67136], [5.46, 11.67306], [5.45946, 11.67813], [5.46008, 11.68169], [5.46023, 11.68441], [5.45768, 11.69076], [5.45637, 11.69507], [5.45413, 11.69893], [5.44015, 11.70883], [5.42845, 11.70672], [5.42223, 11.70873], [5.41276, 11.70433], [5.40517, 11.70288], [5.40469, 11.70296], [5.40379, 11.70339], [5.40131, 11.70528], [5.39914, 11.70827], [5.39845, 11.70945], [5.39701, 11.71203], [5.39403, 11.71073], [5.38538, 11.71211], [5.37588, 11.7096], [5.36893, 11.71437], [5.36587, 11.71389], [5.36228, 11.71012], [5.34987, 11.70935], [5.34904, 11.71007], [5.35076, 11.71549], [5.35498, 11.7197], [5.35588, 11.72222], [5.35271, 11.72963], [5.3408, 11.73446], [5.33993, 11.73649], [5.33863, 11.73793], [5.33652, 11.73958], [5.33578, 11.74632], [5.33647, 11.74785], [5.33664, 11.74945], [5.33024, 11.76851], [5.32886, 11.77021], [5.32799, 11.77215], [5.31925, 11.77309], [5.31795, 11.77131], [5.31792, 11.77099], [5.31778, 11.76987], [5.31398, 11.76724], [5.30705, 11.75826], [5.30515, 11.75716], [5.3023, 11.75623], [5.30005, 11.75547], [5.29823, 11.7553], [5.29728, 11.75488], [5.29615, 11.7553], [5.2971, 11.76072], [5.31318, 11.77229], [5.31551, 11.77503], [5.31696, 11.77707], [5.31751, 11.77786], [5.31816, 11.78186], [5.31834, 11.78487], [5.31769, 11.78758], [5.31576, 11.79083], [5.31225, 11.79293], [5.30955, 11.79369], [5.30721, 11.79305], [5.30441, 11.79245], [5.30272, 11.79209], [5.30153, 11.79082], [5.30001, 11.78093], [5.29581, 11.77453], [5.29525, 11.77418], [5.29511, 11.7741], [5.29281, 11.77422], [5.29148, 11.77224], [5.28951, 11.77138], [5.28802, 11.76944], [5.28655, 11.76927], [5.28568, 11.77038], [5.28491, 11.7719], [5.28369, 11.77249], [5.27426, 11.77588], [5.26942, 11.78227], [5.27136, 11.7826], [5.27273, 11.78338], [5.27273, 11.78467], [5.27198, 11.78556], [5.27227, 11.7869], [5.27147, 11.78741], [5.27107, 11.78735], [5.27073, 11.78819], [5.27164, 11.78886], [5.27204, 11.7902], [5.27216, 11.79349], [5.26708, 11.80813], [5.23136, 11.88536], [5.23215, 11.89471], [5.23212, 11.89476], [5.24777, 11.9214], [5.25293, 11.9239], [5.25914, 11.92419], [5.2782, 11.92512], [5.28362, 11.92455], [5.28876, 11.92726], [5.29412, 11.93418], [5.30054, 11.94096], [5.30168, 11.94632], [5.30161, 11.9531], [5.30325, 11.95824], [5.30577, 11.96245], [5.32047, 11.97011], [5.32905, 11.9729], [5.35992, 11.97978], [5.37253, 11.96611], [5.37424, 11.96164], [5.37653, 11.95554], [5.39236, 11.94885], [5.41548, 11.94538], [5.43276, 11.94643], [5.46043, 11.94971], [5.4754, 11.94483], [5.52938, 11.93696], [5.52582, 11.87866], [5.53407, 11.84414], [5.5368, 11.82036], [5.53962, 11.7959], [5.53782, 11.7848], [5.51712, 11.73873], [5.50832, 11.72542], [5.54574, 11.70194], [5.56408, 11.68436]]]}, "properties": {"name": "Kyaram", "lga": "Bukkuyum", "state": "za"}}, {"type": "Feature", "geometry": {"type": "MultiPolygon", "coordinates": [[[[6.15757, 12.45995], [6.16129, 12.44971], [6.15864, 12.44756], [6.15757, 12.44765], [6.15704, 12.4484], [6.15636, 12.44878], [6.1543, 12.44474], [6.14994, 12.44179], [6.14817, 12.44315], [6.14769, 12.44369], [6.14702, 12.4446], [6.13757, 12.44441], [6.13288, 12.44422], [6.12226, 12.44013], [6.11639, 12.43888], [6.1162, 12.44122], [6.11357, 12.44129], [6.10221, 12.44392], [6.1031, 12.4503], [6.1021, 12.4654], [6.1004, 12.4682], [6.0997, 12.4714], [6.0988, 12.4736], [6.09617, 12.49635], [6.0923, 12.5084], [6.09286, 12.51684], [6.08802, 12.51565], [6.0854, 12.519], [6.08521, 12.52031], [6.08361, 12.5241], [6.08273, 12.526], [6.08754, 12.52819], [6.09479, 12.5336], [6.10393, 12.53446], [6.10987, 12.53018], [6.12237, 12.5162], [6.12542, 12.51506], [6.12999, 12.51525], [6.14329, 12.51512], [6.14078, 12.50448], [6.14667, 12.50421], [6.148, 12.48686], [6.14815, 12.4781], [6.14932, 12.47664], [6.15248, 12.47616], [6.15258, 12.47167], [6.15264, 12.47039], [6.15309, 12.46961], [6.15371, 12.46911], [6.15523, 12.46891], [6.15686, 12.46851], [6.15894, 12.46297], [6.15832, 12.46204], [6.15769, 12.46108], [6.15757, 12.45995]]], [[[6.14828, 12.59495], [6.1479, 12.58562], [6.14743, 12.57115], [6.14553, 12.55352], [6.1461, 12.54517], [6.1329, 12.5425], [6.1327, 12.5423], [6.1285, 12.54], [6.1276, 12.5394], [6.1219, 12.5436], [6.117, 12.5483], [6.1183, 12.5567], [6.1179, 12.5581], [6.11751, 12.55876], [6.11581, 12.56083], [6.11571, 12.56209], [6.11366, 12.5756], [6.1109, 12.58694], [6.11474, 12.58814], [6.118, 12.58862], [6.12198, 12.58874], [6.12717, 12.5885], [6.13271, 12.5885], [6.13911, 12.59031], [6.14417, 12.59188], [6.14828, 12.59495]]]]}, "properties": {"name": "Makera-Take Tsaba", "lga": "Talata Mafara", "state": "za"}}, {"type": "Feature", "geometry": {"type": "Polygon", "coordinates": [[[5.94663, 12.63033], [5.9513, 12.63283], [5.95778, 12.63778], [5.968, 12.64718], [5.99468, 12.63421], [5.99753, 12.62947], [6.00052, 12.61895], [6.00338, 12.61323], [6.00647, 12.60752], [6.00677, 12.59746], [6.00683, 12.59747], [6.00634, 12.59643], [6.00815, 12.59072], [6.01187, 12.58578], [6.01163, 12.58474], [6.00882, 12.58195], [6.00695, 12.57511], [6.00174, 12.56294], [5.99957, 12.55399], [5.9804, 12.54642], [5.98073, 12.55805], [5.97831, 12.56259], [5.97841, 12.56861], [5.97871, 12.57394], [5.9782, 12.57887], [5.97487, 12.58588], [5.96991, 12.58903], [5.96011, 12.58805], [5.94823, 12.58811], [5.94009, 12.58637], [5.93018, 12.5873], [5.93622, 12.59932], [5.94663, 12.63033]]]}, "properties": {"name": "Yargeda", "lga": "Bakura", "state": "za"}}, {"type": "Feature", "geometry": {"type": "Polygon", "coordinates": [[[5.5752, 12.19236], [5.60359, 12.19531], [5.60196, 12.22147], [5.6585, 12.23094], [5.69379, 12.23984], [5.72254, 12.24274], [5.72422, 12.23138], [5.72583, 12.22279], [5.72112, 12.16027], [5.71932, 12.15898], [5.71375, 12.14863], [5.70915, 12.14264], [5.69788, 12.13743], [5.68191, 12.13046], [5.67875, 12.1413], [5.6583, 12.1397], [5.65934, 12.12487], [5.6565, 12.1135], [5.64788, 12.11235], [5.60116, 12.10925], [5.59108, 12.10964], [5.58615, 12.11216], [5.58564, 12.12743], [5.58394, 12.15413], [5.58436, 12.1581], [5.58291, 12.16431], [5.57889, 12.1835], [5.57661, 12.1897], [5.5752, 12.19236]]]}, "properties": {"name": "Yashi", "lga": "Bukkuyum", "state": "za"}}, {"type": "Feature", "geometry": {"type": "Polygon", "coordinates": [[[5.99957, 12.55399], [6.00174, 12.56294], [6.00695, 12.57511], [6.00882, 12.58195], [6.01163, 12.58474], [6.01187, 12.58578], [6.00772, 12.5917], [6.00683, 12.59747], [6.00772, 12.59769], [6.00887, 12.59777], [6.01086, 12.59759], [6.01223, 12.59617], [6.01386, 12.59379], [6.01485, 12.59207], [6.01614, 12.59207], [6.01747, 12.593], [6.02056, 12.59091], [6.02101, 12.59231], [6.0213, 12.59324], [6.0216, 12.59407], [6.0265, 12.59792], [6.0289, 12.60325], [6.03218, 12.61052], [6.04084, 12.61228], [6.05774, 12.6156], [6.07145, 12.61084], [6.07307, 12.61162], [6.08443, 12.59451], [6.05876, 12.57975], [6.06104, 12.57906], [6.06433, 12.57756], [6.0634, 12.57571], [6.06474, 12.57079], [6.06422, 12.56485], [6.06621, 12.56499], [6.06627, 12.56419], [6.06423, 12.56004], [6.06532, 12.55584], [6.06868, 12.55661], [6.07, 12.55694], [6.0703, 12.55587], [6.0706, 12.5548], [6.07502, 12.5457], [6.0777, 12.54235], [6.0799, 12.5329], [6.0854, 12.519], [6.08802, 12.51565], [6.09284, 12.51692], [6.0923, 12.5084], [6.09617, 12.49635], [6.0988, 12.4736], [6.0997, 12.4714], [6.1004, 12.4682], [6.1021, 12.4654], [6.1031, 12.4503], [6.10221, 12.44392], [6.10212, 12.44394], [6.09003, 12.44768], [6.08442, 12.44907], [6.07928, 12.45232], [6.07833, 12.44675], [6.07774, 12.44481], [6.06243, 12.4507], [6.03903, 12.46015], [6.03348, 12.461], [6.0293, 12.46139], [6.02275, 12.49037], [6.02261, 12.50443], [6.02428, 12.52292], [6.025, 12.52423], [6.02502, 12.52425], [6.02804, 12.5297], [6.03681, 12.53771], [6.03684, 12.5404], [6.03375, 12.54025], [6.03137, 12.54028], [6.0273, 12.55453], [6.0216, 12.55801], [6.01886, 12.55292], [6.00712, 12.55384], [5.99957, 12.55399]]]}, "properties": {"name": "Galadima", "lga": "Talata Mafara", "state": "za"}}, {"type": "Feature", "geometry": {"type": "Polygon", "coordinates": [[[5.19447, 11.96371], [5.18675, 11.99371], [5.18294, 11.99772], [5.17808, 12.02074], [5.19516, 12.06008], [5.23772, 12.06481], [5.2436, 12.066], [5.248, 12.0873], [5.2503, 12.0895], [5.24774, 12.09795], [5.25079, 12.10504], [5.25428, 12.10614], [5.25551, 12.10716], [5.26918, 12.14176], [5.28365, 12.15513], [5.28441, 12.15709], [5.28555, 12.15671], [5.28697, 12.15644], [5.28811, 12.15699], [5.28811, 12.15829], [5.29315, 12.16248], [5.29378, 12.16269], [5.29479, 12.16275], [5.29524, 12.16177], [5.296, 12.16112], [5.29714, 12.16103], [5.30341, 12.15183], [5.31083, 12.15174], [5.31149, 12.15053], [5.31187, 12.14904], [5.3132, 12.14709], [5.31463, 12.1456], [5.31653, 12.14412], [5.31843, 12.14281], [5.31995, 12.14263], [5.32176, 12.14384], [5.32385, 12.14523], [5.32604, 12.14663], [5.32832, 12.14663], [5.33353, 12.13785], [5.33916, 12.13747], [5.34418, 12.1351], [5.34699, 12.13274], [5.35907, 12.10155], [5.36175, 12.09446], [5.36911, 12.07559], [5.35899, 12.04609], [5.36226, 12.03717], [5.36732, 12.02988], [5.37282, 12.02378], [5.37429, 12.01538], [5.37058, 11.9972], [5.35992, 11.97978], [5.32905, 11.9729], [5.32047, 11.97011], [5.30577, 11.96245], [5.30325, 11.95824], [5.30161, 11.9531], [5.30168, 11.94632], [5.30054, 11.94096], [5.29412, 11.93418], [5.28876, 11.92726], [5.28362, 11.92455], [5.2782, 11.92512], [5.25914, 11.92419], [5.25293, 11.9239], [5.24777, 11.9214], [5.23212, 11.89476], [5.22482, 11.90466], [5.21161, 11.92111], [5.20909, 11.92346], [5.20669, 11.92567], [5.20388, 11.92812], [5.20166, 11.9429], [5.20126, 11.94906], [5.19896, 11.95614], [5.19895, 11.95618], [5.1977, 11.95641], [5.19666, 11.95674], [5.19557, 11.95613], [5.19428, 11.95525], [5.19333, 11.95562], [5.19276, 11.95678], [5.19195, 11.95813], [5.19252, 11.95874], [5.19333, 11.9592], [5.19447, 11.96371]]]}, "properties": {"name": "Birnin Tudu", "lga": "Gummi", "state": "za"}}, {"type": "Feature", "geometry": {"type": "Polygon", "coordinates": [[[5.05998, 12.08761], [5.09265, 12.07158], [5.07997, 12.05909], [5.07759, 12.05351], [5.07498, 12.03195], [5.07198, 12.02648], [5.07204, 12.0232], [5.06836, 12.02174], [5.06851, 12.02094], [5.06883, 12.01999], [5.06918, 12.01926], [5.07018, 12.01916], [5.07122, 12.01874], [5.07214, 12.01829], [5.07325, 12.01557], [5.07446, 12.01539], [5.0756, 12.01525], [5.07649, 12.01508], [5.08148, 12.01163], [5.09204, 12.00765], [5.09254, 12.00615], [5.09279, 12.00503], [5.09286, 12.00385], [5.10173, 11.99384], [5.1094, 11.98972], [5.10979, 11.98892], [5.10997, 11.98795], [5.10547, 11.97766], [5.11061, 11.97462], [5.11093, 11.97351], [5.1115, 11.97278], [5.1232, 11.97215], [5.12894, 11.96978], [5.13224, 11.96707], [5.13172, 11.9592], [5.13269, 11.9573], [5.13423, 11.95574], [5.13623, 11.95529], [5.138, 11.95641], [5.13994, 11.95769], [5.14137, 11.95864], [5.14822, 11.9672], [5.14965, 11.96739], [5.15055, 11.96762], [5.1621, 11.96748], [5.16723, 11.96227], [5.17127, 11.96027], [5.17147, 11.95878], [5.17137, 11.95757], [5.1718, 11.95706], [5.17294, 11.95646], [5.18216, 11.9566], [5.18858, 11.96525], [5.18986, 11.9659], [5.19138, 11.96608], [5.19271, 11.9658], [5.19377, 11.96493], [5.19333, 11.9592], [5.19252, 11.95874], [5.19195, 11.95813], [5.19276, 11.95678], [5.19333, 11.95562], [5.19428, 11.95525], [5.19557, 11.95613], [5.19666, 11.95674], [5.1977, 11.95641], [5.19895, 11.95618], [5.19896, 11.95614], [5.20126, 11.94906], [5.20166, 11.9429], [5.20388, 11.92812], [5.20669, 11.92567], [5.20909, 11.92346], [5.21161, 11.92111], [5.22482, 11.90466], [5.23212, 11.89476], [5.23215, 11.89471], [5.23136, 11.88536], [5.26708, 11.80813], [5.27216, 11.79349], [5.27204, 11.7902], [5.27164, 11.78886], [5.27073, 11.78819], [5.27273, 11.78467], [5.27273, 11.78338], [5.27136, 11.7826], [5.26942, 11.78227], [5.2708, 11.78003], [5.26812, 11.77908], [5.26527, 11.77664], [5.2638, 11.77512], [5.26215, 11.77486], [5.25999, 11.77436], [5.25791, 11.77351], [5.2567, 11.77376], [5.25463, 11.77402], [5.25165, 11.77433], [5.25478, 11.7673], [5.2538, 11.76481], [5.23797, 11.75589], [5.22885, 11.75641], [5.22443, 11.75733], [5.22313, 11.75673], [5.22063, 11.75716], [5.21933, 11.75776], [5.22071, 11.76555], [5.21941, 11.76648], [5.21734, 11.76707], [5.21525, 11.76842], [5.21388, 11.77046], [5.21492, 11.77198], [5.215, 11.7741], [5.21414, 11.77512], [5.19519, 11.78359], [5.19277, 11.78342], [5.19064, 11.78415], [5.18965, 11.78545], [5.18983, 11.78655], [5.18247, 11.79197], [5.18005, 11.79265], [5.17789, 11.7924], [5.17737, 11.79113], [5.17728, 11.78943], [5.17728, 11.78782], [5.1765, 11.78664], [5.17555, 11.78503], [5.17417, 11.78342], [5.17174, 11.78325], [5.17036, 11.78333], [5.16906, 11.7824], [5.16733, 11.78113], [5.16621, 11.77986], [5.17296, 11.76902], [5.1829, 11.76733], [5.1836, 11.76614], [5.18403, 11.7597], [5.18187, 11.75183], [5.17745, 11.74413], [5.1758, 11.74337], [5.17285, 11.74277], [5.17025, 11.74218], [5.16886, 11.74269], [5.16817, 11.74362], [5.16591, 11.74379], [5.16383, 11.74328], [5.16287, 11.74175], [5.16175, 11.74209], [5.15888, 11.74074], [5.15836, 11.73878], [5.15767, 11.73717], [5.15654, 11.73674], [5.1555, 11.73734], [5.15385, 11.73785], [5.15116, 11.73853], [5.14899, 11.73742], [5.14786, 11.73785], [5.14587, 11.73691], [5.145, 11.7325], [5.14283, 11.73148], [5.1404, 11.73046], [5.13798, 11.7302], [5.13702, 11.7308], [5.13485, 11.73029], [5.13416, 11.72842], [5.12956, 11.72893], [5.12869, 11.73012], [5.1273, 11.73097], [5.12488, 11.72978], [5.11238, 11.73462], [5.10848, 11.73496], [5.10731, 11.73624], [5.10301, 11.73785], [5.08141, 11.73233], [5.07317, 11.72689], [5.07187, 11.72477], [5.07144, 11.72222], [5.07118, 11.71992], [5.0697, 11.71763], [5.06692, 11.71423], [5.0651, 11.71143], [5.06554, 11.70888], [5.06285, 11.70812], [5.0566, 11.71279], [5.05408, 11.71551], [5.05278, 11.71729], [5.05157, 11.72009], [5.04975, 11.72111], [5.04706, 11.72247], [5.04407, 11.72383], [5.04173, 11.72451], [5.03809, 11.72341], [5.03418, 11.7195], [5.03245, 11.71941], [5.03028, 11.71984], [5.02889, 11.72213], [5.02716, 11.72307], [5.02846, 11.73097], [5.02733, 11.7336], [5.02525, 11.73428], [5.02282, 11.73623], [5.02024, 11.7389], [5.01455, 11.74424], [5.01001, 11.74544], [5.00877, 11.74931], [5.00712, 11.74974], [5.00677, 11.74846], [5.0057, 11.74658], [5.00049, 11.74796], [4.99786, 11.74692], [4.9953, 11.74465], [4.9933, 11.74553], [4.99232, 11.74655], [4.98986, 11.74643], [4.98799, 11.74502], [4.98707, 11.74067], [4.98408, 11.73928], [4.97952, 11.73746], [4.9773, 11.73697], [4.97374, 11.73816], [4.97224, 11.73788], [4.96944, 11.73687], [4.96611, 11.736], [4.96497, 11.73683], [4.96392, 11.73851], [4.96029, 11.73973], [4.95646, 11.73917], [4.9527, 11.73928], [4.95071, 11.73791], [4.9475, 11.73607], [4.945, 11.73502], [4.94412, 11.73227], [4.94101, 11.73083], [4.9293, 11.76456], [4.9196, 11.7899], [4.92307, 11.79483], [4.9264, 11.8138], [4.9259, 11.8171], [4.92621, 11.82022], [4.92816, 11.82639], [4.9313, 11.8361], [4.935, 11.8451], [4.9371, 11.8487], [4.96822, 11.87568], [4.97698, 11.88858], [4.9773, 11.8952], [4.9897, 11.9077], [4.99635, 11.91548], [5.0074, 11.9284], [4.99803, 11.93563], [4.99177, 11.94833], [4.98504, 11.95622], [4.96306, 11.98197], [4.94981, 11.98735], [4.95151, 12.01962], [4.95177, 12.02468], [4.95219, 12.03475], [4.9524, 12.06887], [4.93044, 12.07352], [4.93238, 12.1017], [4.95481, 12.0984], [4.97919, 12.08693], [5.00056, 12.08267], [5.02196, 12.08433], [5.04156, 12.08504], [5.05998, 12.08761]]]}, "properties": {"name": "Bardoki", "lga": "Gummi", "state": "za"}}, {"type": "Feature", "geometry": {"type": "Polygon", "coordinates": [[[6.05774, 12.6156], [6.04084, 12.61228], [6.03218, 12.61052], [6.02528, 12.61531], [6.01861, 12.62299], [6.01572, 12.63203], [6.02482, 12.6409], [6.03148, 12.64744], [6.02389, 12.65927], [6.01988, 12.67535], [6.01505, 12.682], [6.00901, 12.68834], [5.99904, 12.69378], [5.99245, 12.69583], [5.95768, 12.70412], [5.94458, 12.71045], [5.94728, 12.71571], [5.96167, 12.75469], [5.9861, 12.75473], [6.02441, 12.74879], [6.02583, 12.74159], [6.02607, 12.73904], [6.0227, 12.72576], [6.02395, 12.7211], [6.02661, 12.70501], [6.02901, 12.69265], [6.03076, 12.68985], [6.03378, 12.68381], [6.04702, 12.66978], [6.06996, 12.65785], [6.08184, 12.66434], [6.09433, 12.6687], [6.09512, 12.65874], [6.09554, 12.65402], [6.09563, 12.65257], [6.09188, 12.6514], [6.08121, 12.64617], [6.0636, 12.64242], [6.05915, 12.63411], [6.05769, 12.63013], [6.05772, 12.62888], [6.0577, 12.62851], [6.05684, 12.62576], [6.06076, 12.62452], [6.05774, 12.6156]]]}, "properties": {"name": "Birnin Tudu", "lga": "Bakura", "state": "za"}}, {"type": "Feature", "geometry": {"type": "Polygon", "coordinates": [[[5.95924, 12.14206], [5.95462, 12.14119], [5.95143, 12.1408], [5.94729, 12.1404], [5.94815, 12.1271], [5.94718, 12.12699], [5.94384, 12.12807], [5.93853, 12.13429], [5.9307, 12.13983], [5.92974, 12.13885], [5.92949, 12.13805], [5.91767, 12.13981], [5.91343, 12.13997], [5.90967, 12.14123], [5.90858, 12.14774], [5.90833, 12.18642], [5.8961, 12.20965], [5.8924, 12.2434], [5.8925, 12.2489], [5.891, 12.2557], [5.8902, 12.2601], [5.8891, 12.2638], [5.8899, 12.2692], [5.88626, 12.3139], [5.89907, 12.32107], [5.91557, 12.30452], [5.93497, 12.30081], [5.98683, 12.28512], [6.00978, 12.26744], [6.01649, 12.26103], [6.02561, 12.23982], [6.02661, 12.23848], [6.03592, 12.23002], [6.02333, 12.20996], [6.02252, 12.1987], [6.0319, 12.19583], [6.01387, 12.17558], [5.999, 12.1541], [5.99396, 12.15462], [5.98219, 12.15494], [5.9589, 12.15644], [5.95924, 12.14206]]]}, "properties": {"name": "Ruwan Gizo", "lga": "Talata Mafara", "state": "za"}}, {"type": "Feature", "geometry": {"type": "MultiPolygon", "coordinates": [[[[6.34223, 12.90241], [6.37425, 12.87072], [6.37721, 12.86695], [6.40444, 12.83235], [6.43034, 12.83211], [6.43566, 12.85598], [6.43771, 12.86919], [6.45553, 12.86821], [6.45535, 12.85829], [6.45448, 12.85616], [6.45499, 12.85466], [6.4585, 12.85324], [6.46286, 12.84924], [6.46834, 12.84457], [6.47031, 12.83664], [6.47022, 12.82972], [6.47347, 12.82583], [6.47723, 12.8238], [6.47955, 12.82224], [6.48338, 12.82089], [6.48567, 12.81722], [6.48487, 12.81322], [6.48382, 12.80612], [6.48269, 12.80257], [6.48764, 12.7959], [6.48866, 12.78702], [6.48576, 12.78519], [6.46345, 12.78234], [6.44642, 12.78192], [6.43152, 12.78241], [6.41804, 12.77477], [6.41698, 12.77356], [6.41614, 12.77147], [6.41472, 12.76996], [6.41252, 12.77017], [6.41038, 12.76976], [6.40937, 12.76794], [6.40866, 12.76608], [6.39909, 12.76301], [6.39867, 12.76208], [6.39957, 12.76063], [6.39903, 12.76052], [6.39642, 12.75988], [6.3941, 12.75826], [6.39101, 12.75565], [6.38929, 12.75339], [6.38762, 12.75162], [6.385, 12.75161], [6.38394, 12.75061], [6.38332, 12.74826], [6.38354, 12.74604], [6.38363, 12.74519], [6.38158, 12.74385], [6.37995, 12.7426], [6.37944, 12.74102], [6.38003, 12.73918], [6.37892, 12.73809], [6.37755, 12.73551], [6.37721, 12.73467], [6.37807, 12.73384], [6.3779, 12.73183], [6.37653, 12.729], [6.37507, 12.72307], [6.39045, 12.71997], [6.421, 12.71814], [6.40479, 12.6796], [6.40549, 12.65097], [6.34605, 12.66811], [6.33641, 12.67428], [6.3346, 12.69573], [6.3337, 12.72173], [6.32732, 12.74893], [6.3224, 12.7705], [6.3261, 12.7724], [6.3341, 12.776], [6.33383, 12.78431], [6.3248, 12.7837], [6.3182, 12.7848], [6.3126, 12.7831], [6.2924, 12.7818], [6.2725, 12.7811], [6.267, 12.7884], [6.2649, 12.7914], [6.2579, 12.7977], [6.255, 12.8027], [6.25221, 12.81806], [6.2504, 12.8363], [6.2474, 12.8445], [6.2425, 12.89795], [6.2253, 12.9045], [6.2225, 12.9193], [6.2218, 12.9246], [6.2174, 12.9417], [6.21037, 12.9561], [6.20581, 12.96945], [6.20452, 12.98126], [6.20795, 12.98668], [6.22035, 12.99307], [6.23716, 12.99467], [6.246, 13.01459], [6.31066, 13.01826], [6.351, 13.0178], [6.35701, 13.02015], [6.35706, 13.01256], [6.34751, 12.93906], [6.34223, 12.90241]]], [[[6.11365, 13.06468], [6.14439, 13.07905], [6.18375, 13.0455], [6.20237, 13.02861], [6.21056, 13.01802], [6.21964, 13.01524], [6.21869, 13.01287], [6.218, 13.0111], [6.20785, 13.0093], [6.20079, 13.0105], [6.1835, 13.0108], [6.11365, 13.06468]]]]}, "properties": {"name": "Kaya", "lga": "Maradun", "state": "za"}}, {"type": "Feature", "geometry": {"type": "Polygon", "coordinates": [[[6.45504, 12.99796], [6.43705, 13.02863], [6.43638, 13.03298], [6.43646, 13.03487], [6.43675, 13.03681], [6.4371, 13.03841], [6.43725, 13.04028], [6.43782, 13.04153], [6.43882, 13.04237], [6.4396, 13.05543], [6.43867, 13.05737], [6.43767, 13.05834], [6.43739, 13.05946], [6.43853, 13.06036], [6.43973, 13.0613], [6.44698, 13.05208], [6.44978, 13.05023], [6.45376, 13.04866], [6.45657, 13.0473], [6.46056, 13.04466], [6.46296, 13.04228], [6.4749, 13.05188], [6.47662, 13.05741], [6.47825, 13.05404], [6.47996, 13.04801], [6.48121, 13.04499], [6.48081, 13.04224], [6.47761, 13.03658], [6.47511, 13.03297], [6.46172, 13.02082], [6.46065, 13.01051], [6.46583, 13.00784], [6.50087, 12.98978], [6.51838, 12.97642], [6.55067, 12.96138], [6.59445, 12.92388], [6.60067, 12.90388], [6.5897, 12.90468], [6.58702, 12.90299], [6.58468, 12.89932], [6.57621, 12.89641], [6.57093, 12.89397], [6.56251, 12.8904], [6.53275, 12.91111], [6.52719, 12.91668], [6.52019, 12.94577], [6.51791, 12.94996], [6.5122, 12.95377], [6.50028, 12.95792], [6.47593, 12.96289], [6.47354, 12.96377], [6.45931, 12.96948], [6.45603, 12.99187], [6.45504, 12.99796]]]}, "properties": {"name": "Jangeru", "lga": "Shinkafi", "state": "za"}}, {"type": "Feature", "geometry": {"type": "Polygon", "coordinates": [[[6.66934, 12.15321], [6.67211, 12.15539], [6.6765, 12.15066], [6.67808, 12.15313], [6.67878, 12.15284], [6.69277, 12.14059], [6.6967, 12.1449], [6.70119, 12.14082], [6.71883, 12.12659], [6.7238, 12.1225], [6.77424, 12.08471], [6.7787, 12.0815], [6.78515, 12.07824], [6.78647, 12.07795], [6.78606, 12.07569], [6.78692, 12.07393], [6.7892, 12.072], [6.8187, 12.05138], [6.81561, 12.04652], [6.81095, 12.0218], [6.81222, 12.01753], [6.80817, 12.00775], [6.80542, 12.00284], [6.80081, 12.0022], [6.79681, 12.00134], [6.79457, 11.99918], [6.79142, 11.99726], [6.77972, 12.00108], [6.77787, 11.99653], [6.77941, 11.99447], [6.78779, 11.99435], [6.78589, 11.98544], [6.78541, 11.98513], [6.77916, 11.98606], [6.77478, 11.98832], [6.77236, 11.99236], [6.76865, 11.99466], [6.7683, 11.99738], [6.77029, 12.00094], [6.76865, 12.00289], [6.76727, 12.00283], [6.76185, 12.00274], [6.75874, 12.00227], [6.75639, 12.00352], [6.75636, 12.00351], [6.75335, 12.0218], [6.73698, 12.04621], [6.73166, 12.04864], [6.72364, 12.04957], [6.72296, 12.05242], [6.72044, 12.05407], [6.71562, 12.05642], [6.70391, 12.06886], [6.69654, 12.07961], [6.69132, 12.09233], [6.68986, 12.10133], [6.68998, 12.10523], [6.69123, 12.10769], [6.68715, 12.11536], [6.68216, 12.11996], [6.67965, 12.13033], [6.6631, 12.13571], [6.66934, 12.15321]]]}, "properties": {"name": "Rijiya", "lga": "Gusau", "state": "za"}}, {"type": "Feature", "geometry": {"type": "Polygon", "coordinates": [[[6.71366, 11.59404], [6.67917, 11.5779], [6.65688, 11.57097], [6.64288, 11.56832], [6.62785, 11.57309], [6.61833, 11.57377], [6.60794, 11.57569], [6.59619, 11.5695], [6.5846, 11.56684], [6.56331, 11.56477], [6.53822, 11.5744], [6.53612, 11.57609], [6.53439, 11.57836], [6.53344, 11.57906], [6.52818, 11.58005], [6.52548, 11.58817], [6.52506, 11.58886], [6.5239, 11.58951], [6.52245, 11.58933], [6.49711, 11.59182], [6.50054, 11.59488], [6.50105, 11.59949], [6.51751, 11.60347], [6.51947, 11.6052], [6.52024, 11.60698], [6.52086, 11.61123], [6.52314, 11.61532], [6.52769, 11.61918], [6.5488, 11.63012], [6.55322, 11.63758], [6.56332, 11.65259], [6.5677, 11.6679], [6.56385, 11.69578], [6.56529, 11.72301], [6.56322, 11.74134], [6.56475, 11.75184], [6.57959, 11.77638], [6.58314, 11.78862], [6.58272, 11.80301], [6.58658, 11.85082], [6.57865, 11.88481], [6.59442, 11.8858], [6.63404, 11.88948], [6.64805, 11.89353], [6.66481, 11.89539], [6.67609, 11.87676], [6.6788, 11.8695], [6.68436, 11.85499], [6.70397, 11.82644], [6.69868, 11.79535], [6.69737, 11.78771], [6.69502, 11.77554], [6.69099, 11.75796], [6.68188, 11.71466], [6.70435, 11.69423], [6.70429, 11.69415], [6.72256, 11.67147], [6.72567, 11.63421], [6.72055, 11.6189], [6.71366, 11.59404]]]}, "properties": {"name": "Magami", "lga": "Gusau", "state": "za"}}, {"type": "Feature", "geometry": {"type": "Polygon", "coordinates": [[[5.41111, 12.0976], [5.40143, 12.07831], [5.38844, 12.07816], [5.36911, 12.07559], [5.36175, 12.09446], [5.35907, 12.10155], [5.34699, 12.13274], [5.381, 12.15748], [5.39011, 12.17198], [5.39369, 12.18093], [5.39765, 12.19678], [5.39765, 12.20346], [5.39765, 12.20866], [5.4027, 12.2665], [5.3927, 12.2755], [5.38666, 12.27681], [5.38047, 12.27605], [5.37172, 12.27605], [5.36182, 12.27596], [5.35411, 12.27853], [5.34821, 12.28357], [5.34107, 12.29385], [5.33764, 12.30137], [5.3345, 12.30993], [5.33079, 12.31422], [5.32736, 12.31793], [5.32375, 12.31993], [5.32032, 12.32136], [5.31662, 12.32819], [5.30928, 12.34139], [5.31158, 12.35577], [5.31733, 12.35131], [5.32165, 12.34924], [5.33353, 12.34605], [5.34182, 12.34208], [5.34803, 12.34555], [5.35281, 12.34396], [5.3601, 12.33752], [5.37569, 12.32832], [5.37987, 12.32624], [5.38454, 12.32426], [5.39262, 12.32949], [5.39647, 12.34488], [5.42228, 12.35326], [5.43867, 12.34304], [5.45424, 12.29673], [5.46505, 12.27129], [5.4673, 12.26216], [5.46918, 12.25453], [5.46966, 12.25259], [5.44044, 12.19288], [5.43918, 12.17465], [5.44123, 12.13226], [5.44123, 12.13224], [5.43858, 12.1245], [5.42337, 12.10897], [5.41916, 12.10602], [5.4139, 12.10234], [5.41111, 12.0976]]]}, "properties": {"name": "Zauma", "lga": "Bukkuyum", "state": "za"}}, {"type": "Feature", "geometry": {"type": "Polygon", "coordinates": [[[6.53619, 13.04905], [6.52818, 13.04749], [6.50472, 13.0456], [6.49328, 13.0561], [6.48753, 13.06157], [6.49416, 13.06477], [6.49322, 13.06925], [6.49496, 13.06988], [6.49622, 13.0699], [6.49844, 13.06835], [6.50072, 13.06921], [6.50148, 13.0694], [6.50131, 13.07017], [6.50097, 13.07106], [6.50101, 13.0712], [6.50732, 13.07309], [6.5126, 13.0723], [6.51536, 13.07327], [6.5201, 13.07418], [6.52187, 13.06661], [6.52543, 13.05804], [6.52894, 13.05291], [6.53619, 13.04905]]]}, "properties": {"name": "Shinkafi South", "lga": "Shinkafi", "state": "za"}}, {"type": "Feature", "geometry": {"type": "Polygon", "coordinates": [[[6.48753, 13.06157], [6.48267, 13.06527], [6.47965, 13.06747], [6.48101, 13.06897], [6.48187, 13.07102], [6.48923, 13.07536], [6.48968, 13.07891], [6.49008, 13.08147], [6.49197, 13.08514], [6.49646, 13.08135], [6.49583, 13.08366], [6.49552, 13.08649], [6.50126, 13.08756], [6.50354, 13.08071], [6.51067, 13.08136], [6.51758, 13.07668], [6.51945, 13.07695], [6.5201, 13.07418], [6.51536, 13.07327], [6.5126, 13.0723], [6.50732, 13.07309], [6.50101, 13.0712], [6.50097, 13.07106], [6.50131, 13.07017], [6.50148, 13.0694], [6.50072, 13.06921], [6.49844, 13.06835], [6.49622, 13.0699], [6.49496, 13.06988], [6.49322, 13.06925], [6.49416, 13.06477], [6.48753, 13.06157]]]}, "properties": {"name": "Shinkafi North", "lga": "Shinkafi", "state": "za"}}, {"type": "Feature", "geometry": {"type": "Polygon", "coordinates": [[[6.67029, 12.57676], [6.66055, 12.57362], [6.65351, 12.5723], [6.64885, 12.58148], [6.65023, 12.59498], [6.65045, 12.59517], [6.64873, 12.60304], [6.64759, 12.61962], [6.64742, 12.62532], [6.65066, 12.63807], [6.6583, 12.64299], [6.66347, 12.65157], [6.66748, 12.64964], [6.68895, 12.64295], [6.70422, 12.6424], [6.70966, 12.64378], [6.72051, 12.63387], [6.72734, 12.62638], [6.73309, 12.62954], [6.74839, 12.63666], [6.75316, 12.63685], [6.76287, 12.62059], [6.75895, 12.61058], [6.74696, 12.5992], [6.74317, 12.58712], [6.73766, 12.58656], [6.73212, 12.58975], [6.72692, 12.58844], [6.70802, 12.58048], [6.70585, 12.58027], [6.70404, 12.58378], [6.70326, 12.58393], [6.70237, 12.58389], [6.70202, 12.58439], [6.70109, 12.58927], [6.69833, 12.59199], [6.68258, 12.58437], [6.67029, 12.57676]]]}, "properties": {"name": "Gabake", "lga": "Kaura Namoda", "state": "za"}}, {"type": "Feature", "geometry": {"type": "Polygon", "coordinates": [[[5.83603, 12.81477], [5.82466, 12.79711], [5.82466, 12.79708], [5.80663, 12.7782], [5.75031, 12.73781], [5.75259, 12.69915], [5.74493, 12.67638], [5.69411, 12.68914], [5.68635, 12.71386], [5.67453, 12.73481], [5.64928, 12.76888], [5.62038, 12.78707], [5.58821, 12.80408], [5.62343, 12.85991], [5.63468, 12.88293], [5.67488, 12.86794], [5.68171, 12.86517], [5.68888, 12.85655], [5.73399, 12.82678], [5.81313, 12.83967], [5.83226, 12.81937], [5.83603, 12.81477]]]}, "properties": {"name": "Nasarawa", "lga": "Bakura", "state": "za"}}, {"type": "Feature", "geometry": {"type": "Polygon", "coordinates": [[[5.70833, 12.08915], [5.71271, 12.11815], [5.71853, 12.12173], [5.7418, 12.13218], [5.74472, 12.13395], [5.75585, 12.12701], [5.75952, 12.12587], [5.76507, 12.12424], [5.76958, 12.12558], [5.7764, 12.12936], [5.78042, 12.13029], [5.78507, 12.12971], [5.79296, 12.13106], [5.79718, 12.12998], [5.80052, 12.13215], [5.80445, 12.13201], [5.80799, 12.1315], [5.81137, 12.13057], [5.81646, 12.13049], [5.81967, 12.13054], [5.8221, 12.13159], [5.8253, 12.1288], [5.82781, 12.12694], [5.83205, 12.12609], [5.84001, 12.12364], [5.84335, 12.12094], [5.86054, 12.11604], [5.8642, 12.1143], [5.87772, 12.09732], [5.88662, 12.07534], [5.88408, 12.07309], [5.87878, 12.06841], [5.8754, 12.0649], [5.87283, 12.06056], [5.87486, 12.05763], [5.8744, 12.05714], [5.8735, 12.05647], [5.87113, 12.05698], [5.87107, 12.05687], [5.87047, 12.0557], [5.86919, 12.05318], [5.87562, 12.05274], [5.8722, 12.03908], [5.8651, 12.03851], [5.86188, 12.02381], [5.8611, 12.0204], [5.85993, 12.01821], [5.839, 12.0013], [5.83609, 11.99985], [5.8345, 11.9994], [5.8319, 11.9993], [5.82901, 11.99965], [5.82457, 12.0002], [5.81896, 12.01932], [5.80344, 12.02348], [5.77549, 12.03192], [5.76512, 12.03442], [5.75408, 12.04163], [5.74784, 12.04565], [5.7471, 12.04613], [5.74364, 12.04974], [5.7409, 12.0573], [5.7405, 12.0579], [5.7397, 12.0597], [5.7398, 12.0612], [5.74, 12.0632], [5.73808, 12.07002], [5.7392, 12.0822], [5.7384, 12.0856], [5.7377, 12.088], [5.70833, 12.08915]]]}, "properties": {"name": "Matseri", "lga": "Anka", "state": "za"}}, {"type": "Feature", "geometry": {"type": "Polygon", "coordinates": [[[6.36504, 12.5017], [6.36202, 12.50222], [6.34321, 12.50944], [6.334, 12.50842], [6.32487, 12.50893], [6.31799, 12.51364], [6.31024, 12.51701], [6.30202, 12.52318], [6.29352, 12.53352], [6.27702, 12.5345], [6.26305, 12.53269], [6.22683, 12.53197], [6.19848, 12.5368], [6.17876, 12.54329], [6.16136, 12.5451], [6.16186, 12.55124], [6.15969, 12.55236], [6.15827, 12.55316], [6.15382, 12.55561], [6.16029, 12.57205], [6.16802, 12.56191], [6.16862, 12.55548], [6.192, 12.5554], [6.1896, 12.5685], [6.18998, 12.57961], [6.1901, 12.5845], [6.20433, 12.59353], [6.21203, 12.59427], [6.29857, 12.56391], [6.30134, 12.56402], [6.30765, 12.56777], [6.32014, 12.56174], [6.32849, 12.55262], [6.36309, 12.52763], [6.36504, 12.5017]]]}, "properties": {"name": "Maradun South", "lga": "Maradun", "state": "za"}}, {"type": "Feature", "geometry": {"type": "Polygon", "coordinates": [[[6.37721, 12.86695], [6.37425, 12.87072], [6.34223, 12.90241], [6.34831, 12.90734], [6.35698, 12.91126], [6.37496, 12.91608], [6.38338, 12.91736], [6.39673, 12.92379], [6.40076, 12.92445], [6.41864, 12.92621], [6.4228, 12.92655], [6.42308, 12.93929], [6.42068, 12.94696], [6.405, 12.94768], [6.4037, 12.94935], [6.40334, 12.95296], [6.40399, 12.96075], [6.41639, 12.96109], [6.41738, 12.96012], [6.42003, 12.95922], [6.42174, 12.95936], [6.42916, 12.96478], [6.4313, 12.96478], [6.43515, 12.96505], [6.43714, 12.96457], [6.43784, 12.95921], [6.43818, 12.95667], [6.44021, 12.95359], [6.44335, 12.95157], [6.44784, 12.9515], [6.45155, 12.95109], [6.45597, 12.94872], [6.45953, 12.94476], [6.46217, 12.94059], [6.46353, 12.93587], [6.4641, 12.93135], [6.46438, 12.92746], [6.46467, 12.92489], [6.47206, 12.92704], [6.47539, 12.92607], [6.47843, 12.92519], [6.4809, 12.92523], [6.48361, 12.92516], [6.48596, 12.92352], [6.49732, 12.9263], [6.4983, 12.92357], [6.49369, 12.9162], [6.49359, 12.91425], [6.49416, 12.91238], [6.49526, 12.91071], [6.49461, 12.90981], [6.49404, 12.90814], [6.49304, 12.9057], [6.4877, 12.89966], [6.48171, 12.89945], [6.48199, 12.90084], [6.48007, 12.90174], [6.47864, 12.90272], [6.47707, 12.90341], [6.47279, 12.90716], [6.47222, 12.908], [6.47251, 12.9089], [6.47123, 12.90932], [6.47009, 12.90994], [6.46431, 12.90425], [6.45661, 12.90272], [6.44898, 12.90369], [6.42795, 12.89592], [6.37721, 12.86695]]]}, "properties": {"name": "Dole", "lga": "Zurmi", "state": "za"}}, {"type": "Feature", "geometry": {"type": "Polygon", "coordinates": [[[5.83702, 11.95879], [5.85112, 11.89594], [5.85474, 11.8878], [5.86727, 11.87001], [5.87904, 11.85871], [5.88396, 11.85438], [5.8908, 11.84119], [5.89587, 11.83058], [5.90913, 11.81125], [5.94205, 11.78101], [5.94874, 11.76841], [5.94484, 11.76275], [5.94267, 11.73097], [5.92109, 11.69573], [5.91438, 11.67704], [5.9121, 11.66615], [5.91201, 11.6587], [5.91086, 11.65144], [5.91134, 11.64445], [5.91291, 11.63565], [5.90564, 11.63263], [5.90502, 11.63317], [5.90397, 11.6336], [5.90274, 11.63307], [5.90112, 11.63104], [5.89877, 11.63083], [5.8987, 11.6293], [5.8972, 11.62671], [5.89599, 11.62245], [5.8896, 11.619], [5.88465, 11.61596], [5.8808, 11.61477], [5.87402, 11.61652], [5.87074, 11.61777], [5.87074, 11.62001], [5.87474, 11.62329], [5.87581, 11.62497], [5.87531, 11.62692], [5.87224, 11.62713], [5.87039, 11.6286], [5.8701, 11.63216], [5.86825, 11.63335], [5.86568, 11.63342], [5.85606, 11.6408], [5.83305, 11.64847], [5.81949, 11.64844], [5.80281, 11.66421], [5.78783, 11.67887], [5.78033, 11.6839], [5.76074, 11.68655], [5.68655, 11.68852], [5.6856, 11.6967], [5.6851, 11.7005], [5.686, 11.7098], [5.68668, 11.71531], [5.68583, 11.71729], [5.68763, 11.71905], [5.68646, 11.72039], [5.6864, 11.7247], [5.6932, 11.7403], [5.69498, 11.74557], [5.6964, 11.7507], [5.7022, 11.7681], [5.7062, 11.7736], [5.7105, 11.7823], [5.7128, 11.7848], [5.7151, 11.7907], [5.7196, 11.7959], [5.722, 11.7993], [5.72234, 11.8285], [5.72162, 11.83732], [5.7225, 11.862], [5.7073, 11.8622], [5.7053, 11.866], [5.7053, 11.8691], [5.7058, 11.874], [5.7044, 11.8758], [5.7029, 11.8813], [5.7022, 11.88665], [5.69845, 11.88795], [5.69783, 11.89028], [5.68765, 11.92826], [5.6937, 11.92859], [5.69494, 11.92948], [5.69384, 11.93621], [5.73496, 11.96394], [5.75737, 11.97177], [5.76731, 11.97515], [5.7752, 11.97763], [5.7885, 11.97264], [5.80035, 11.97069], [5.83702, 11.95879]]]}, "properties": {"name": "Gwashi", "lga": "Bukkuyum", "state": "za"}}, {"type": "Feature", "geometry": {"type": "Polygon", "coordinates": [[[5.9388, 12.01018], [5.97238, 11.99089], [5.99183, 11.95845], [6.0614, 11.9592], [6.07272, 11.94839], [6.0783, 11.9463], [6.0857, 11.9448], [6.0891, 11.9435], [6.21214, 11.98561], [6.2135, 11.98386], [6.21471, 11.98086], [6.21257, 11.96196], [6.21271, 11.95917], [6.21321, 11.9561], [6.21407, 11.95296], [6.2154, 11.95004], [6.21761, 11.94976], [6.21977, 11.94842], [6.22085, 11.9468], [6.2212, 11.94468], [6.23021, 11.93933], [6.23289, 11.93017], [6.23312, 11.92772], [6.23226, 11.9256], [6.23135, 11.9242], [6.23152, 11.92063], [6.23278, 11.91728], [6.24076, 11.90282], [6.24789, 11.89814], [6.25, 11.89088], [6.25879, 11.88893], [6.26502, 11.87976], [6.27476, 11.88319], [6.27672, 11.88552], [6.27833, 11.88738], [6.29502, 11.88523], [6.29787, 11.88302], [6.29906, 11.88081], [6.30203, 11.88058], [6.30548, 11.88011], [6.30762, 11.87825], [6.30857, 11.87441], [6.30977, 11.8729], [6.31297, 11.87046], [6.31439, 11.86946], [6.31648, 11.86936], [6.31791, 11.8676], [6.31945, 11.86505], [6.321, 11.8629], [6.32349, 11.86156], [6.32896, 11.84906], [6.29383, 11.83661], [6.27617, 11.82908], [6.24682, 11.82762], [6.23316, 11.82849], [6.17225, 11.82994], [6.12063, 11.80871], [6.11989, 11.80858], [6.11298, 11.80728], [6.11243, 11.80718], [6.10528, 11.80697], [6.09687, 11.80673], [6.09314, 11.80718], [6.09312, 11.80718], [6.08488, 11.80816], [6.0821, 11.81043], [6.08005, 11.81211], [6.06557, 11.81207], [6.05993, 11.80249], [6.05409, 11.79257], [5.95378, 11.78704], [5.94205, 11.78101], [5.90913, 11.81125], [5.89587, 11.83058], [5.8908, 11.84119], [5.88396, 11.85438], [5.87904, 11.85871], [5.86727, 11.87001], [5.85474, 11.8878], [5.85112, 11.89594], [5.83702, 11.95879], [5.86263, 11.95999], [5.87582, 11.96208], [5.88531, 11.96362], [5.89351, 11.96599], [5.89857, 11.96808], [5.91866, 11.98252], [5.91993, 12.00145], [5.9388, 12.01018]]]}, "properties": {"name": "Bagega", "lga": "Anka", "state": "za"}}, {"type": "Feature", "geometry": {"type": "Polygon", "coordinates": [[[6.02561, 12.23982], [6.03736, 12.24268], [6.05323, 12.24096], [6.05361, 12.24317], [6.05432, 12.25003], [6.0548, 12.2513], [6.05489, 12.25178], [6.05671, 12.25536], [6.05984, 12.25955], [6.0761, 12.27274], [6.09352, 12.2658], [6.10506, 12.26388], [6.10294, 12.25684], [6.09964, 12.25244], [6.1008, 12.2415], [6.11085, 12.22509], [6.1022, 12.1939], [6.1041, 12.191], [6.10437, 12.18518], [6.1041, 12.182], [6.1033, 12.18036], [6.1042, 12.1769], [6.1052, 12.1741], [6.10496, 12.17233], [6.101, 12.1687], [6.0999, 12.1651], [6.0985, 12.1628], [6.0962, 12.156], [6.0951, 12.1329], [6.0921, 12.1239], [6.09481, 12.12162], [6.0853, 12.12108], [6.05424, 12.12108], [6.05352, 12.1289], [6.04972, 12.13805], [6.03003, 12.15896], [6.01387, 12.17558], [6.0319, 12.19583], [6.02252, 12.1987], [6.02333, 12.20996], [6.03592, 12.23002], [6.02661, 12.23848], [6.02561, 12.23982]]]}, "properties": {"name": "Jangebe", "lga": "Talata Mafara", "state": "za"}}, {"type": "Feature", "geometry": {"type": "Polygon", "coordinates": [[[5.5411, 12.27284], [5.56667, 12.35151], [5.6526, 12.3483], [5.69155, 12.3217], [5.75057, 12.32392], [5.74963, 12.2889], [5.749, 12.27257], [5.75184, 12.25398], [5.73902, 12.24857], [5.72254, 12.24274], [5.69379, 12.23984], [5.6585, 12.23094], [5.60196, 12.22147], [5.60359, 12.19531], [5.5752, 12.19236], [5.5713, 12.19533], [5.56884, 12.21241], [5.55609, 12.24322], [5.5411, 12.27284]]]}, "properties": {"name": "Ruwan Jema", "lga": "Bukkuyum", "state": "za"}}, {"type": "Feature", "geometry": {"type": "Polygon", "coordinates": [[[5.968, 12.64718], [5.95778, 12.63778], [5.9513, 12.63283], [5.94663, 12.63033], [5.94653, 12.63036], [5.93539, 12.63176], [5.91416, 12.64562], [5.90498, 12.65539], [5.89899, 12.66374], [5.89642, 12.67125], [5.91701, 12.68058], [5.92349, 12.68375], [5.93181, 12.68491], [5.93761, 12.68573], [5.94004, 12.68548], [5.95338, 12.67208], [5.95558, 12.6672], [5.95626, 12.66523], [5.968, 12.64718]]]}, "properties": {"name": "Yarkofoji", "lga": "Bakura", "state": "za"}}, {"type": "Feature", "geometry": {"type": "Polygon", "coordinates": [[[6.43638, 13.03298], [6.43705, 13.02863], [6.45504, 12.99796], [6.4424, 12.99546], [6.4197, 12.9894], [6.36453, 12.97738], [6.37026, 12.95437], [6.37506, 12.95336], [6.38131, 12.95296], [6.38345, 12.95053], [6.38602, 12.94949], [6.38773, 12.94907], [6.38965, 12.94817], [6.39579, 12.94337], [6.39793, 12.94316], [6.40064, 12.94448], [6.40306, 12.94601], [6.405, 12.94768], [6.42068, 12.94696], [6.42308, 12.93929], [6.4228, 12.92655], [6.41864, 12.92621], [6.40076, 12.92445], [6.39673, 12.92379], [6.38338, 12.91736], [6.37496, 12.91608], [6.35698, 12.91126], [6.34831, 12.90734], [6.34223, 12.90241], [6.34751, 12.93906], [6.35706, 13.01256], [6.35701, 13.02015], [6.36225, 13.02247], [6.37437, 13.0258], [6.39977, 13.03067], [6.43169, 13.03321], [6.43638, 13.03298]]]}, "properties": {"name": "Tsibiri", "lga": "Maradun", "state": "za"}}, {"type": "Feature", "geometry": {"type": "Polygon", "coordinates": [[[5.046, 12.14981], [5.04193, 12.15676], [5.02939, 12.17155], [5.02718, 12.17507], [5.044, 12.18727], [5.0433, 12.1972], [5.05537, 12.19517], [5.06132, 12.19128], [5.07343, 12.1967], [5.07833, 12.20214], [5.08673, 12.20769], [5.09453, 12.2101], [5.09753, 12.21106], [5.10291, 12.20272], [5.10726, 12.19694], [5.11252, 12.18446], [5.115, 12.1802], [5.1154, 12.179], [5.1157, 12.1739], [5.1162, 12.173], [5.11899, 12.17062], [5.12229, 12.1685], [5.12092, 12.16351], [5.11911, 12.15689], [5.11593, 12.15178], [5.11535, 12.14896], [5.11786, 12.14595], [5.11535, 12.14559], [5.1141, 12.14406], [5.11227, 12.14735], [5.1115, 12.14541], [5.10608, 12.14471], [5.10532, 12.14353], [5.08203, 12.14165], [5.07035, 12.14451], [5.06042, 12.14516], [5.046, 12.14981]]]}, "properties": {"name": "Uban Dawaki", "lga": "Gummi", "state": "za"}}, {"type": "Feature", "geometry": {"type": "Polygon", "coordinates": [[[6.09481, 12.12162], [6.11438, 12.13229], [6.1218, 12.1252], [6.1345, 12.1204], [6.1398, 12.1152], [6.1423, 12.1128], [6.1443, 12.1114], [6.1619, 12.1079], [6.15315, 12.09741], [6.1498, 12.08799], [6.13504, 12.081], [6.13258, 12.07471], [6.12877, 12.07406], [6.12002, 12.08254], [6.1093, 12.06688], [6.10621, 12.07027], [6.10437, 12.07277], [6.10002, 12.08103], [6.07893, 12.0756], [6.07891, 12.06904], [6.0694, 12.05834], [6.05382, 12.06332], [6.04869, 12.06936], [6.04761, 12.06943], [6.02486, 12.07982], [6.00213, 12.05987], [5.99008, 12.07018], [5.9882, 12.07079], [5.98342, 12.07303], [5.97108, 12.11112], [5.97115, 12.11118], [5.97404, 12.12377], [5.96198, 12.13124], [5.95924, 12.14206], [5.9589, 12.15644], [5.98219, 12.15494], [5.99396, 12.15462], [5.999, 12.1541], [6.01387, 12.17558], [6.03003, 12.15896], [6.04972, 12.13805], [6.05352, 12.1289], [6.05424, 12.12108], [6.0853, 12.12108], [6.09481, 12.12162]]]}, "properties": {"name": "Yarsabaya", "lga": "Anka", "state": "za"}}, {"type": "Feature", "geometry": {"type": "Polygon", "coordinates": [[[6.09995, 12.7797], [6.1132, 12.77888], [6.12119, 12.77462], [6.13734, 12.76601], [6.1548, 12.74571], [6.1671, 12.72341], [6.18677, 12.71498], [6.18671, 12.70964], [6.18382, 12.70756], [6.17703, 12.70266], [6.17569, 12.69986], [6.15894, 12.69685], [6.15803, 12.6801], [6.17305, 12.67899], [6.17355, 12.67517], [6.17179, 12.67223], [6.17216, 12.66956], [6.17917, 12.66269], [6.17816, 12.65801], [6.17015, 12.65847], [6.16857, 12.65856], [6.16456, 12.64581], [6.17059, 12.61563], [6.15926, 12.61645], [6.14917, 12.61624], [6.12762, 12.62235], [6.12706, 12.62266], [6.1178, 12.63129], [6.1094, 12.63866], [6.10561, 12.6488], [6.1049, 12.65344], [6.10537, 12.68741], [6.09475, 12.69414], [6.0909, 12.70702], [6.10164, 12.75083], [6.0995, 12.76196], [6.10057, 12.77135], [6.09995, 12.7797]]]}, "properties": {"name": "Gorar Namaye", "lga": "Maradun", "state": "za"}}, {"type": "Feature", "geometry": {"type": "Polygon", "coordinates": [[[4.87503, 12.22973], [4.93358, 12.23065], [4.9504, 12.2313], [4.94821, 12.20981], [4.94363, 12.18221], [4.93801, 12.18109], [4.93045, 12.18053], [4.91775, 12.18151], [4.90549, 12.17621], [4.91333, 12.15921], [4.92374, 12.13843], [4.93962, 12.1341], [4.95402, 12.11835], [4.95481, 12.0984], [4.93238, 12.1017], [4.93044, 12.07352], [4.9524, 12.06887], [4.95219, 12.03475], [4.95177, 12.02468], [4.95151, 12.01962], [4.94981, 11.98735], [4.96306, 11.98197], [4.98504, 11.95622], [4.99177, 11.94833], [4.99803, 11.93563], [5.0074, 11.9284], [4.99635, 11.91548], [4.9897, 11.9077], [4.9773, 11.8952], [4.97698, 11.88858], [4.96822, 11.87568], [4.9444, 11.8808], [4.8667, 11.93274], [4.87071, 12.0286], [4.86075, 12.04761], [4.86335, 12.05938], [4.86459, 12.06765], [4.86455, 12.09091], [4.87458, 12.11824], [4.86858, 12.1329], [4.86635, 12.13643], [4.86173, 12.15965], [4.87268, 12.20819], [4.87503, 12.22973]]]}, "properties": {"name": "Gayari", "lga": "Gummi", "state": "za"}}, {"type": "Feature", "geometry": {"type": "Polygon", "coordinates": [[[5.19516, 12.06008], [5.19393, 12.12002], [5.19042, 12.13656], [5.20035, 12.16106], [5.20213, 12.1642], [5.2035, 12.1709], [5.20328, 12.17108], [5.20145, 12.17261], [5.1995, 12.1741], [5.19952, 12.17422], [5.2002, 12.17834], [5.19373, 12.21011], [5.19842, 12.21406], [5.21327, 12.22299], [5.22131, 12.22185], [5.23875, 12.18294], [5.24047, 12.18031], [5.24994, 12.16585], [5.26179, 12.14902], [5.26918, 12.14176], [5.25551, 12.10716], [5.25428, 12.10614], [5.25079, 12.10504], [5.24774, 12.09795], [5.2503, 12.0895], [5.248, 12.0873], [5.2436, 12.066], [5.23772, 12.06481], [5.19516, 12.06008]]]}, "properties": {"name": "Falale", "lga": "Gummi", "state": "za"}}, {"type": "Feature", "geometry": {"type": "Polygon", "coordinates": [[[5.74963, 12.2889], [5.75057, 12.32392], [5.75051, 12.32397], [5.75511, 12.33101], [5.75382, 12.33692], [5.75674, 12.33878], [5.77262, 12.38349], [5.78749, 12.38089], [5.81031, 12.37276], [5.83746, 12.37324], [5.84527, 12.35976], [5.86601, 12.31657], [5.84104, 12.29311], [5.83153, 12.27278], [5.8235, 12.26253], [5.82907, 12.24504], [5.82357, 12.2419], [5.81823, 12.24194], [5.80823, 12.25061], [5.79209, 12.2591], [5.78207, 12.27021], [5.78188, 12.2703], [5.77814, 12.27084], [5.77365, 12.26951], [5.77085, 12.2678], [5.75993, 12.28176], [5.75621, 12.28544], [5.74963, 12.2889]]]}, "properties": {"name": "Dakko", "lga": "Bakura", "state": "za"}}, {"type": "Feature", "geometry": {"type": "Polygon", "coordinates": [[[5.85253, 12.72471], [5.85961, 12.72235], [5.86787, 12.7186], [5.87298, 12.71974], [5.87351, 12.72286], [5.88008, 12.72517], [5.88783, 12.72761], [5.89034, 12.72244], [5.89375, 12.7175], [5.89893, 12.7077], [5.89905, 12.70092], [5.8919, 12.69756], [5.87004, 12.68096], [5.8692, 12.68079], [5.86363, 12.68052], [5.86299, 12.68054], [5.85554, 12.69494], [5.85572, 12.69991], [5.85332, 12.70642], [5.85267, 12.71076], [5.85155, 12.71536], [5.85253, 12.72471]]]}, "properties": {"name": "Bakura", "lga": "Bakura", "state": "za"}}, {"type": "Feature", "geometry": {"type": "Polygon", "coordinates": [[[6.22859, 12.63427], [6.17059, 12.61563], [6.16456, 12.64581], [6.16857, 12.65856], [6.17015, 12.65847], [6.17816, 12.65801], [6.17917, 12.66269], [6.17216, 12.66956], [6.17179, 12.67223], [6.17355, 12.67517], [6.17305, 12.67899], [6.15803, 12.6801], [6.15894, 12.69685], [6.17569, 12.69986], [6.17703, 12.70266], [6.18382, 12.70756], [6.18671, 12.70964], [6.18677, 12.71498], [6.1671, 12.72341], [6.1548, 12.74571], [6.13734, 12.76601], [6.12119, 12.77462], [6.1132, 12.77888], [6.09995, 12.7797], [6.03408, 12.78407], [6.03017, 12.79535], [6.00925, 12.87983], [6.00579, 12.9191], [6.0212, 12.9261], [6.03488, 12.93306], [6.0391, 12.9179], [6.0415, 12.9166], [6.0491, 12.9102], [6.054, 12.9057], [6.05654, 12.88401], [6.07039, 12.84983], [6.07777, 12.84134], [6.10008, 12.83371], [6.13573, 12.8367], [6.14553, 12.83723], [6.15164, 12.83309], [6.15416, 12.83029], [6.15868, 12.83073], [6.15512, 12.86029], [6.16147, 12.85925], [6.17159, 12.85251], [6.17858, 12.84312], [6.18721, 12.83464], [6.18957, 12.82989], [6.18978, 12.82712], [6.19009, 12.81067], [6.20263, 12.79827], [6.21738, 12.78476], [6.23049, 12.77331], [6.23786, 12.75436], [6.24628, 12.74762], [6.25041, 12.74303], [6.26216, 12.7266], [6.26166, 12.72234], [6.26303, 12.66468], [6.22859, 12.63427]]]}, "properties": {"name": "Janbako", "lga": "Maradun", "state": "za"}}, {"type": "Feature", "geometry": {"type": "Polygon", "coordinates": [[[4.9504, 12.2313], [4.95295, 12.31441], [4.96685, 12.30786], [4.9976, 12.3007], [5.03845, 12.2983], [5.0644, 12.2974], [5.08494, 12.29394], [5.09914, 12.25524], [5.11755, 12.24843], [5.1259, 12.24263], [5.12737, 12.23579], [5.1266, 12.22747], [5.09919, 12.21159], [5.09753, 12.21106], [5.09453, 12.2101], [5.08673, 12.20769], [5.07833, 12.20214], [5.07343, 12.1967], [5.06132, 12.19128], [5.05537, 12.19517], [5.0433, 12.1972], [5.044, 12.18727], [5.02718, 12.17507], [5.01886, 12.17078], [5.01088, 12.16659], [4.99191, 12.15823], [4.97893, 12.15433], [4.96852, 12.14973], [4.93962, 12.1341], [4.92374, 12.13843], [4.91333, 12.15921], [4.90549, 12.17621], [4.91775, 12.18151], [4.93045, 12.18053], [4.93801, 12.18109], [4.94363, 12.18221], [4.94821, 12.20981], [4.9504, 12.2313]]]}, "properties": {"name": "Kurfa", "lga": "Gummi", "state": "za"}}, {"type": "Feature", "geometry": {"type": "Polygon", "coordinates": [[[6.17059, 12.61563], [6.22859, 12.63427], [6.24, 12.5983], [6.2533, 12.5986], [6.25566, 12.59938], [6.2568, 12.6], [6.2574, 12.6009], [6.2579, 12.6021], [6.27861, 12.60775], [6.31726, 12.60718], [6.34295, 12.61032], [6.40956, 12.64589], [6.41728, 12.64], [6.41995, 12.56709], [6.40483, 12.53647], [6.39244, 12.5022], [6.3836, 12.5025], [6.37956, 12.50519], [6.37804, 12.50533], [6.37614, 12.50398], [6.37362, 12.50366], [6.37257, 12.50231], [6.36504, 12.5017], [6.36309, 12.52763], [6.32849, 12.55262], [6.32014, 12.56174], [6.30765, 12.56777], [6.30134, 12.56402], [6.29857, 12.56391], [6.21203, 12.59427], [6.20433, 12.59353], [6.1901, 12.5845], [6.18998, 12.57961], [6.1896, 12.5685], [6.192, 12.5554], [6.16862, 12.55548], [6.16802, 12.56191], [6.16029, 12.57205], [6.1694, 12.5948], [6.1705, 12.6027], [6.17059, 12.61563]]]}, "properties": {"name": "Maradun North", "lga": "Maradun", "state": "za"}}, {"type": "Feature", "geometry": {"type": "Polygon", "coordinates": [[[6.27617, 11.82908], [6.28363, 11.78181], [6.27345, 11.76418], [6.27074, 11.75536], [6.26667, 11.74654], [6.24959, 11.7167], [6.24427, 11.6894], [6.25759, 11.65573], [6.25561, 11.65609], [6.2539, 11.65486], [6.25401, 11.65078], [6.25242, 11.65095], [6.2511, 11.6524], [6.24968, 11.65268], [6.24859, 11.65352], [6.24837, 11.65514], [6.24744, 11.65564], [6.24539, 11.65365], [6.24318, 11.64921], [6.23114, 11.64961], [6.22857, 11.64497], [6.22852, 11.64279], [6.22829, 11.64033], [6.22698, 11.63949], [6.22498, 11.63983], [6.22248, 11.64463], [6.22062, 11.6441], [6.21909, 11.64326], [6.21797, 11.64224], [6.21606, 11.64086], [6.21338, 11.63422], [6.20846, 11.6388], [6.20711, 11.63827], [6.20596, 11.63813], [6.20248, 11.64093], [6.19653, 11.64068], [6.19534, 11.64232], [6.18528, 11.64081], [6.17984, 11.64222], [6.17513, 11.63963], [6.17488, 11.63656], [6.168, 11.63202], [6.16775, 11.63122], [6.16761, 11.63021], [6.1675, 11.62919], [6.16689, 11.62835], [6.16575, 11.62741], [6.1649, 11.62685], [6.16236, 11.62174], [6.16283, 11.61912], [6.16266, 11.61661], [6.16253, 11.61463], [6.15683, 11.61172], [6.15581, 11.61174], [6.15545, 11.61232], [6.15505, 11.613], [6.1451, 11.61401], [6.14477, 11.61485], [6.14544, 11.61559], [6.14549, 11.61671], [6.14392, 11.61685], [6.14197, 11.61741], [6.14102, 11.61908], [6.1404, 11.61908], [6.13978, 11.61857], [6.13935, 11.61894], [6.13893, 11.61983], [6.13835, 11.62057], [6.13793, 11.62386], [6.13995, 11.62533], [6.13864, 11.6256], [6.13847, 11.62787], [6.13594, 11.62679], [6.13656, 11.62912], [6.13389, 11.63099], [6.13142, 11.63029], [6.13092, 11.62761], [6.12794, 11.62682], [6.12825, 11.6293], [6.12618, 11.63251], [6.12565, 11.63258], [6.12491, 11.63258], [6.12445, 11.63305], [6.12514, 11.63474], [6.12285, 11.63519], [6.12373, 11.63716], [6.12221, 11.63839], [6.12073, 11.63767], [6.12095, 11.64055], [6.11814, 11.64178], [6.11839, 11.64308], [6.11681, 11.64176], [6.11559, 11.64428], [6.11333, 11.64387], [6.1124, 11.64184], [6.11436, 11.64025], [6.11458, 11.63835], [6.11365, 11.63552], [6.10418, 11.63564], [6.10156, 11.6384], [6.10369, 11.64154], [6.10238, 11.64287], [6.10377, 11.64361], [6.10314, 11.64586], [6.10419, 11.64899], [6.10147, 11.65134], [6.09664, 11.64821], [6.08516, 11.65216], [6.08436, 11.65344], [6.08274, 11.65151], [6.07611, 11.65061], [6.07501, 11.65135], [6.07152, 11.65405], [6.06924, 11.6547], [6.0681, 11.65605], [6.06795, 11.65707], [6.06677, 11.65712], [6.06653, 11.65642], [6.06586, 11.6567], [6.06073, 11.66601], [6.0607, 11.66731], [6.06054, 11.6689], [6.05969, 11.669], [6.05868, 11.6696], [6.0588, 11.67051], [6.05902, 11.67151], [6.05773, 11.6723], [6.05212, 11.67193], [6.04293, 11.66443], [6.04201, 11.66517], [6.03518, 11.66276], [6.03362, 11.66343], [6.0302, 11.66455], [6.02742, 11.66456], [6.02438, 11.66327], [6.02176, 11.66288], [6.01976, 11.66243], [6.01389, 11.66628], [6.01525, 11.67271], [6.01092, 11.6722], [6.01036, 11.66621], [6.00567, 11.66913], [6.00423, 11.66851], [6.0038, 11.66746], [6.00244, 11.6662], [6.00059, 11.66606], [5.99859, 11.6669], [5.99831, 11.66795], [5.99709, 11.66823], [5.9966, 11.66907], [5.9966, 11.66983], [5.9916, 11.67179], [5.99132, 11.67095], [5.99153, 11.66948], [5.99146, 11.66788], [5.99082, 11.66746], [5.99011, 11.6662], [5.98954, 11.66439], [5.98783, 11.66236], [5.98633, 11.65999], [5.98516, 11.6586], [5.98369, 11.65901], [5.98305, 11.65845], [5.98383, 11.6574], [5.98262, 11.65594], [5.98055, 11.6551], [5.97977, 11.65335], [5.98248, 11.64714], [5.98412, 11.64616], [5.9844, 11.64483], [5.98533, 11.64288], [5.98524, 11.64088], [5.98331, 11.64046], [5.98193, 11.64194], [5.9806, 11.64296], [5.97966, 11.64283], [5.9786, 11.64268], [5.97295, 11.63388], [5.96719, 11.63854], [5.9632, 11.64003], [5.95783, 11.6404], [5.95265, 11.63654], [5.94, 11.64292], [5.93202, 11.64208], [5.92608, 11.63919], [5.91723, 11.63887], [5.91291, 11.63565], [5.91134, 11.64445], [5.91086, 11.65144], [5.91201, 11.6587], [5.9121, 11.66615], [5.91438, 11.67704], [5.92109, 11.69573], [5.94267, 11.73097], [5.94484, 11.76275], [5.94874, 11.76841], [5.94205, 11.78101], [5.95378, 11.78704], [6.05409, 11.79257], [6.05993, 11.80249], [6.06557, 11.81207], [6.08005, 11.81211], [6.0821, 11.81043], [6.08488, 11.80816], [6.09312, 11.80718], [6.09314, 11.80718], [6.09687, 11.80673], [6.10528, 11.80697], [6.11243, 11.80718], [6.11298, 11.80728], [6.11989, 11.80858], [6.12063, 11.80871], [6.17225, 11.82994], [6.23316, 11.82849], [6.24682, 11.82762], [6.27617, 11.82908]]]}, "properties": {"name": "Sabon Birni", "lga": "Anka", "state": "za"}}, {"type": "Feature", "geometry": {"type": "Polygon", "coordinates": [[[5.41111, 12.0976], [5.4139, 12.10234], [5.41916, 12.10602], [5.42337, 12.10897], [5.43858, 12.1245], [5.44123, 12.13224], [5.44123, 12.13226], [5.43918, 12.17465], [5.44044, 12.19288], [5.46966, 12.25259], [5.47576, 12.25243], [5.50067, 12.2571], [5.51928, 12.26059], [5.5411, 12.27284], [5.55609, 12.24322], [5.56884, 12.21241], [5.5713, 12.19533], [5.5713, 12.19529], [5.57122, 12.1952], [5.54543, 12.17547], [5.53047, 12.16032], [5.52326, 12.14813], [5.51063, 12.11882], [5.50478, 12.10769], [5.4871, 12.103], [5.4849, 12.1026], [5.4818, 12.1029], [5.4739, 12.1], [5.4663, 12.1014], [5.46, 12.097], [5.45769, 12.09234], [5.45637, 12.09194], [5.41111, 12.0976]]]}, "properties": {"name": "Bukkuyum", "lga": "Bukkuyum", "state": "za"}}, {"type": "Feature", "geometry": {"type": "Polygon", "coordinates": [[[6.22936, 13.13546], [6.26111, 13.1358], [6.28216, 13.13356], [6.28484, 13.11336], [6.2888, 13.0943], [6.3051, 13.0922], [6.31013, 13.09017], [6.3233, 13.0847], [6.33119, 13.08193], [6.34273, 13.07566], [6.3638, 13.0784], [6.37662, 13.0869], [6.36723, 13.1071], [6.38699, 13.11194], [6.39356, 13.09595], [6.40547, 13.07548], [6.40654, 13.07495], [6.43109, 13.07641], [6.4338, 13.07543], [6.43367, 13.07378], [6.4335, 13.07228], [6.43402, 13.07071], [6.43973, 13.0613], [6.43853, 13.06036], [6.43739, 13.05946], [6.43767, 13.05834], [6.43867, 13.05737], [6.4396, 13.05543], [6.43882, 13.04237], [6.43782, 13.04153], [6.43725, 13.04028], [6.43638, 13.03298], [6.43169, 13.03321], [6.39977, 13.03067], [6.37437, 13.0258], [6.36225, 13.02247], [6.35701, 13.02015], [6.351, 13.0178], [6.31066, 13.01826], [6.246, 13.01459], [6.21964, 13.01524], [6.21056, 13.01802], [6.20237, 13.02861], [6.18375, 13.0455], [6.14439, 13.07905], [6.19085, 13.10077], [6.22936, 13.13546]]]}, "properties": {"name": "Galadi", "lga": "Shinkafi", "state": "za"}}, {"type": "Feature", "geometry": {"type": "Polygon", "coordinates": [[[5.90417, 12.11416], [5.90638, 12.11364], [5.90935, 12.11538], [5.91417, 12.11835], [5.9166, 12.11974], [5.92697, 12.11349], [5.92522, 12.11062], [5.92836, 12.10865], [5.9291, 12.10606], [5.92636, 12.08791], [5.92615, 12.08701], [5.92536, 12.07969], [5.91991, 12.07237], [5.91775, 12.06308], [5.90628, 12.0418], [5.90236, 12.03563], [5.93032, 12.02749], [5.93402, 12.02558], [5.9388, 12.01018], [5.91993, 12.00145], [5.91866, 11.98252], [5.89857, 11.96808], [5.89351, 11.96599], [5.88531, 11.96362], [5.87582, 11.96208], [5.86263, 11.95999], [5.83702, 11.95879], [5.83425, 11.96718], [5.82485, 11.99924], [5.82457, 12.0002], [5.82901, 11.99965], [5.8319, 11.9993], [5.8345, 11.9994], [5.83609, 11.99985], [5.839, 12.0013], [5.85993, 12.01821], [5.8611, 12.0204], [5.86188, 12.02381], [5.8651, 12.03851], [5.8722, 12.03908], [5.87562, 12.05274], [5.86919, 12.05318], [5.87047, 12.0557], [5.87107, 12.05687], [5.87113, 12.05698], [5.8735, 12.05647], [5.8744, 12.05714], [5.87486, 12.05763], [5.87283, 12.06056], [5.8754, 12.0649], [5.8924, 12.0818], [5.9012, 12.0988], [5.90417, 12.11416]]]}, "properties": {"name": "Dangaladima", "lga": "Anka", "state": "za"}}, {"type": "Feature", "geometry": {"type": "Polygon", "coordinates": [[[6.05432, 12.25003], [6.04322, 12.25755], [6.04588, 12.27552], [6.0467, 12.2779], [6.05266, 12.31256], [6.06406, 12.31515], [6.06465, 12.32548], [6.04108, 12.32876], [6.03748, 12.33327], [6.03346, 12.33932], [6.03606, 12.3416], [6.0346, 12.34376], [6.03086, 12.34258], [6.02897, 12.34499], [6.03761, 12.35107], [6.05016, 12.35098], [6.06831, 12.35646], [6.06982, 12.36053], [6.07618, 12.36214], [6.09135, 12.36689], [6.09841, 12.36657], [6.11268, 12.36324], [6.12747, 12.36321], [6.13348, 12.357], [6.13427, 12.34921], [6.13382, 12.31355], [6.12724, 12.29097], [6.12227, 12.28385], [6.1153, 12.27549], [6.11039, 12.26775], [6.10506, 12.26388], [6.09352, 12.2658], [6.0761, 12.27274], [6.05984, 12.25955], [6.05432, 12.25003]]]}, "properties": {"name": "Kagara", "lga": "Talata Mafara", "state": "za"}}, {"type": "Feature", "geometry": {"type": "Polygon", "coordinates": [[[5.69387, 12.0889], [5.70833, 12.08915], [5.7377, 12.088], [5.7384, 12.0856], [5.7392, 12.0822], [5.73808, 12.07002], [5.74, 12.0632], [5.7398, 12.0612], [5.7397, 12.0597], [5.7405, 12.0579], [5.7409, 12.0573], [5.74364, 12.04974], [5.7471, 12.04613], [5.74784, 12.04565], [5.75408, 12.04163], [5.76512, 12.03442], [5.77549, 12.03192], [5.80344, 12.02348], [5.81896, 12.01932], [5.83702, 11.95879], [5.80035, 11.97069], [5.7885, 11.97264], [5.7752, 11.97763], [5.76731, 11.97515], [5.75737, 11.97177], [5.73496, 11.96394], [5.69384, 11.93621], [5.67394, 11.94181], [5.63248, 11.97185], [5.62578, 11.97273], [5.61221, 11.97303], [5.61483, 11.99778], [5.61348, 12.01082], [5.61352, 12.01749], [5.62401, 12.0168], [5.63882, 12.01574], [5.6605, 12.011], [5.66828, 12.03653], [5.67204, 12.08651], [5.69387, 12.0889]]]}, "properties": {"name": "Nasarawa", "lga": "Bukkuyum", "state": "za"}}, {"type": "Feature", "geometry": {"type": "Polygon", "coordinates": [[[5.09265, 12.07158], [5.05998, 12.08761], [5.05481, 12.09939], [5.03436, 12.10829], [5.02359, 12.13315], [5.02465, 12.13379], [5.03158, 12.13568], [5.03634, 12.14096], [5.046, 12.14981], [5.06042, 12.14516], [5.07035, 12.14451], [5.08203, 12.14165], [5.10532, 12.14353], [5.10608, 12.14471], [5.1115, 12.14541], [5.11227, 12.14735], [5.1141, 12.14406], [5.11535, 12.14559], [5.11637, 12.14577], [5.1164, 12.14573], [5.1174, 12.14557], [5.11668, 12.14295], [5.11501, 12.14257], [5.115, 12.1393], [5.11367, 12.13872], [5.11273, 12.13527], [5.1009, 12.09295], [5.09265, 12.07158]]]}, "properties": {"name": "Rafi", "lga": "Gummi", "state": "za"}}, {"type": "Feature", "geometry": {"type": "Polygon", "coordinates": [[[6.11438, 12.13229], [6.09481, 12.12162], [6.0921, 12.1239], [6.0951, 12.1329], [6.0962, 12.156], [6.0985, 12.1628], [6.0999, 12.1651], [6.101, 12.1687], [6.10496, 12.17233], [6.1052, 12.1741], [6.1042, 12.1769], [6.1033, 12.18036], [6.1041, 12.182], [6.10437, 12.18518], [6.1041, 12.191], [6.1022, 12.1939], [6.11085, 12.22509], [6.1008, 12.2415], [6.09964, 12.25244], [6.10294, 12.25684], [6.10506, 12.26388], [6.11039, 12.26775], [6.1153, 12.27549], [6.12227, 12.28385], [6.12724, 12.29097], [6.13382, 12.31355], [6.14218, 12.31503], [6.18649, 12.31631], [6.20707, 12.29913], [6.21116, 12.29132], [6.192, 12.25608], [6.18649, 12.24135], [6.18081, 12.23049], [6.17429, 12.21721], [6.16868, 12.20694], [6.1816, 12.2016], [6.179, 12.1946], [6.1751, 12.1877], [6.16341, 12.19383], [6.15457, 12.18638], [6.14674, 12.17938], [6.14345, 12.17481], [6.13816, 12.16874], [6.1344, 12.16424], [6.1301, 12.1564], [6.12042, 12.14079], [6.11438, 12.13229]]]}, "properties": {"name": "Gwaram", "lga": "Talata Mafara", "state": "za"}}, {"type": "Feature", "geometry": {"type": "Polygon", "coordinates": [[[6.21214, 11.98561], [6.0891, 11.9435], [6.0857, 11.9448], [6.0783, 11.9463], [6.07272, 11.94839], [6.0614, 11.9592], [5.99183, 11.95845], [5.97238, 11.99089], [5.99291, 12.01149], [5.99791, 12.01445], [6.00182, 12.01842], [6.00847, 12.03292], [6.00213, 12.05987], [6.02486, 12.07982], [6.04761, 12.06943], [6.04869, 12.06936], [6.05382, 12.06332], [6.0694, 12.05834], [6.07891, 12.06904], [6.07893, 12.0756], [6.10002, 12.08103], [6.10437, 12.07277], [6.10621, 12.07027], [6.1093, 12.06688], [6.12002, 12.08254], [6.12877, 12.07406], [6.13258, 12.07471], [6.13504, 12.081], [6.1498, 12.08799], [6.15315, 12.09741], [6.1619, 12.1079], [6.1707, 12.1004], [6.17294, 12.09289], [6.1718, 12.09144], [6.16963, 12.09049], [6.16621, 12.08676], [6.161, 12.0772], [6.1594, 12.0772], [6.1585, 12.0736], [6.1581, 12.0704], [6.1578, 12.0679], [6.1584, 12.0505], [6.1697, 12.0491], [6.1784, 12.055], [6.1801, 12.0535], [6.1817, 12.0522], [6.1836, 12.0512], [6.1845, 12.0479], [6.1839, 12.0461], [6.1837, 12.0451], [6.1819, 12.0428], [6.18725, 12.03343], [6.18543, 12.03306], [6.18344, 12.03138], [6.18498, 12.02887], [6.18732, 12.02631], [6.18778, 12.02424], [6.18721, 12.02274], [6.18783, 12.02168], [6.18898, 12.02095], [6.18898, 12.01922], [6.19822, 12.01509], [6.19919, 12.00572], [6.20118, 12.00516], [6.20392, 12.00522], [6.20575, 12.00527], [6.20774, 12.00443], [6.20957, 12.00276], [6.21128, 12.00081], [6.21213, 11.99886], [6.21265, 11.99607], [6.21299, 11.99344], [6.21214, 11.98561]]]}, "properties": {"name": "Wuya", "lga": "Anka", "state": "za"}}, {"type": "Feature", "geometry": {"type": "Polygon", "coordinates": [[[5.02718, 12.17507], [5.02939, 12.17155], [5.04193, 12.15676], [5.046, 12.14981], [5.03634, 12.14096], [5.03158, 12.13568], [5.02465, 12.13379], [5.02359, 12.13315], [5.03436, 12.10829], [5.05481, 12.09939], [5.05998, 12.08761], [5.04156, 12.08504], [5.02196, 12.08433], [5.00056, 12.08267], [4.97919, 12.08693], [4.95481, 12.0984], [4.95402, 12.11835], [4.93962, 12.1341], [4.96852, 12.14973], [4.97893, 12.15433], [4.99191, 12.15823], [5.01088, 12.16659], [5.01886, 12.17078], [5.02718, 12.17507]]]}, "properties": {"name": "Gyalganye", "lga": "Gummi", "state": "za"}}, {"type": "Feature", "geometry": {"type": "Polygon", "coordinates": [[[5.72831, 12.55114], [5.72548, 12.57649], [5.85671, 12.53946], [5.87554, 12.52101], [5.9196, 12.49427], [5.92519, 12.49138], [5.94477, 12.47835], [5.94433, 12.47052], [5.94329, 12.46878], [5.92241, 12.46158], [5.91314, 12.45162], [5.9031, 12.44804], [5.90153, 12.42457], [5.89838, 12.4098], [5.89144, 12.38438], [5.87791, 12.36197], [5.87623, 12.35528], [5.88521, 12.34308], [5.894, 12.32951], [5.89907, 12.32107], [5.88626, 12.3139], [5.86601, 12.31657], [5.84527, 12.35976], [5.83746, 12.37324], [5.81031, 12.37276], [5.78749, 12.38089], [5.77262, 12.38349], [5.76515, 12.40954], [5.73591, 12.44857], [5.72334, 12.47369], [5.71724, 12.48693], [5.72831, 12.55114]]]}, "properties": {"name": "Damri", "lga": "Bakura", "state": "za"}}, {"type": "Feature", "geometry": {"type": "Polygon", "coordinates": [[[5.08494, 12.29394], [5.1021, 12.2849], [5.1167, 12.2834], [5.1241, 12.2858], [5.12801, 12.28568], [5.13347, 12.28879], [5.13542, 12.2907], [5.13795, 12.29316], [5.14441, 12.30165], [5.14526, 12.3026], [5.14772, 12.30647], [5.16024, 12.31611], [5.17157, 12.32022], [5.17716, 12.31932], [5.18187, 12.32249], [5.18862, 12.32292], [5.19952, 12.3229], [5.2036, 12.32248], [5.24163, 12.33126], [5.26402, 12.33802], [5.27617, 12.34204], [5.26445, 12.28168], [5.27134, 12.26462], [5.27263, 12.26143], [5.27779, 12.23945], [5.25742, 12.22948], [5.24766, 12.22295], [5.23433, 12.22239], [5.22131, 12.22185], [5.21327, 12.22299], [5.19842, 12.21406], [5.19373, 12.21011], [5.2002, 12.17834], [5.19952, 12.17422], [5.1995, 12.1741], [5.20145, 12.17261], [5.20328, 12.17108], [5.2035, 12.1709], [5.20213, 12.1642], [5.20035, 12.16106], [5.19042, 12.13656], [5.18372, 12.13525], [5.18101, 12.13966], [5.1789, 12.14644], [5.17303, 12.14791], [5.17047, 12.15159], [5.16878, 12.15902], [5.16444, 12.15939], [5.16038, 12.15527], [5.15706, 12.16042], [5.15465, 12.16616], [5.15014, 12.16955], [5.14219, 12.17623], [5.12229, 12.1685], [5.11899, 12.17062], [5.1162, 12.173], [5.1157, 12.1739], [5.1154, 12.179], [5.115, 12.1802], [5.11252, 12.18446], [5.10726, 12.19694], [5.10291, 12.20272], [5.09753, 12.21106], [5.1266, 12.22747], [5.12737, 12.23579], [5.1259, 12.24263], [5.11755, 12.24843], [5.09914, 12.25524], [5.08494, 12.29394]]]}, "properties": {"name": "Gamo", "lga": "Gummi", "state": "za"}}, {"type": "Feature", "geometry": {"type": "Polygon", "coordinates": [[[5.80799, 12.1315], [5.8091, 12.14401], [5.7945, 12.1717], [5.79147, 12.19039], [5.78591, 12.21592], [5.78486, 12.23629], [5.78353, 12.23755], [5.77935, 12.23749], [5.77151, 12.24822], [5.78061, 12.25235], [5.77085, 12.2678], [5.77365, 12.26951], [5.77814, 12.27084], [5.78188, 12.2703], [5.78207, 12.27021], [5.79209, 12.2591], [5.80823, 12.25061], [5.81823, 12.24194], [5.82357, 12.2419], [5.82907, 12.24504], [5.8336, 12.2244], [5.8351, 12.2235], [5.8368, 12.2231], [5.842, 12.21965], [5.84014, 12.21708], [5.83533, 12.21005], [5.8376, 12.2063], [5.8392, 12.2043], [5.8413, 12.1978], [5.845, 12.1933], [5.845, 12.1887], [5.8473, 12.1794], [5.8474, 12.1785], [5.8491, 12.1754], [5.8501, 12.1723], [5.852, 12.1664], [5.8552, 12.1635], [5.8582, 12.1567], [5.8668, 12.1449], [5.87265, 12.13889], [5.87747, 12.1359], [5.88525, 12.1315], [5.88871, 12.12973], [5.89191, 12.12609], [5.89494, 12.12119], [5.89979, 12.11707], [5.90417, 12.11416], [5.9012, 12.0988], [5.8924, 12.0818], [5.8909, 12.0796], [5.8899, 12.0784], [5.88662, 12.07534], [5.87772, 12.09732], [5.8642, 12.1143], [5.86054, 12.11604], [5.84335, 12.12094], [5.84001, 12.12364], [5.83205, 12.12609], [5.82781, 12.12694], [5.8253, 12.1288], [5.8221, 12.13159], [5.81967, 12.13054], [5.81646, 12.13049], [5.81137, 12.13057], [5.80799, 12.1315]]]}, "properties": {"name": "Waramu", "lga": "Anka", "state": "za"}}, {"type": "Feature", "geometry": {"type": "Polygon", "coordinates": [[[5.1174, 12.14557], [5.11786, 12.14595], [5.11791, 12.14662], [5.11535, 12.14896], [5.11593, 12.15178], [5.11911, 12.15689], [5.12092, 12.16351], [5.12229, 12.1685], [5.14219, 12.17623], [5.15014, 12.16955], [5.15465, 12.16616], [5.15706, 12.16042], [5.16038, 12.15527], [5.16444, 12.15939], [5.16878, 12.15902], [5.17047, 12.15159], [5.17303, 12.14791], [5.1789, 12.14644], [5.18101, 12.13966], [5.18372, 12.13525], [5.19042, 12.13656], [5.19393, 12.12002], [5.19516, 12.06008], [5.17808, 12.02074], [5.18294, 11.99772], [5.18675, 11.99371], [5.19447, 11.96371], [5.19377, 11.96493], [5.19271, 11.9658], [5.19138, 11.96608], [5.18986, 11.9659], [5.18858, 11.96525], [5.18216, 11.9566], [5.1718, 11.95706], [5.17137, 11.95757], [5.17147, 11.95878], [5.17127, 11.96027], [5.16053, 11.96799], [5.14822, 11.9672], [5.14137, 11.95864], [5.13994, 11.95769], [5.138, 11.95641], [5.13623, 11.95529], [5.13423, 11.95574], [5.13269, 11.9573], [5.13172, 11.9592], [5.13115, 11.96093], [5.13224, 11.96707], [5.12894, 11.96978], [5.1232, 11.97215], [5.1115, 11.97278], [5.11093, 11.97351], [5.11061, 11.97462], [5.10547, 11.97766], [5.10979, 11.98892], [5.1094, 11.98972], [5.10869, 11.99049], [5.10769, 11.9914], [5.10173, 11.99384], [5.09286, 12.00385], [5.09279, 12.00503], [5.09254, 12.00615], [5.09204, 12.00765], [5.08148, 12.01163], [5.07649, 12.01508], [5.0756, 12.01525], [5.07446, 12.01539], [5.07325, 12.01557], [5.07214, 12.01829], [5.06883, 12.01999], [5.06851, 12.02094], [5.06836, 12.02174], [5.06872, 12.02226], [5.07204, 12.0232], [5.07198, 12.02648], [5.07498, 12.03195], [5.07759, 12.05351], [5.07997, 12.05909], [5.09265, 12.07158], [5.1009, 12.09295], [5.11273, 12.13527], [5.11367, 12.13872], [5.115, 12.1393], [5.11501, 12.14257], [5.11668, 12.14295], [5.1174, 12.14557]]]}, "properties": {"name": "Magaji", "lga": "Gummi", "state": "za"}}, {"type": "Feature", "geometry": {"type": "Polygon", "coordinates": [[[6.7507, 12.57979], [6.74317, 12.58712], [6.74696, 12.5992], [6.75895, 12.61058], [6.76287, 12.62059], [6.75316, 12.63685], [6.74839, 12.63666], [6.73309, 12.62954], [6.72734, 12.62638], [6.72051, 12.63387], [6.70966, 12.64378], [6.70982, 12.65337], [6.7127, 12.67247], [6.69986, 12.68001], [6.68677, 12.69144], [6.68712, 12.70297], [6.68025, 12.71024], [6.67342, 12.72141], [6.66536, 12.73344], [6.66283, 12.73618], [6.68721, 12.74109], [6.69678, 12.74411], [6.71017, 12.75388], [6.71568, 12.76177], [6.71683, 12.76343], [6.7384, 12.77946], [6.74285, 12.77962], [6.74636, 12.77904], [6.74875, 12.7772], [6.74863, 12.77292], [6.74364, 12.7643], [6.74627, 12.76143], [6.7449, 12.75976], [6.74242, 12.75901], [6.74139, 12.75542], [6.73874, 12.75133], [6.74258, 12.74984], [6.74955, 12.74438], [6.74952, 12.74088], [6.74846, 12.71638], [6.76829, 12.71527], [6.79474, 12.71631], [6.79569, 12.71092], [6.79901, 12.7057], [6.80329, 12.70118], [6.8129, 12.70432], [6.81953, 12.70255], [6.82269, 12.69594], [6.82148, 12.69359], [6.81968, 12.69168], [6.81862, 12.69095], [6.81635, 12.6912], [6.81613, 12.68765], [6.81599, 12.68459], [6.81706, 12.68445], [6.81913, 12.68529], [6.82127, 12.68487], [6.82348, 12.68244], [6.82519, 12.68028], [6.82576, 12.67833], [6.82469, 12.67457], [6.82474, 12.67082], [6.82661, 12.66609], [6.82918, 12.66296], [6.83175, 12.66212], [6.83439, 12.6633], [6.83595, 12.66226], [6.8371, 12.65955], [6.83702, 12.65677], [6.8331, 12.65329], [6.83025, 12.65009], [6.83297, 12.64451], [6.83011, 12.64264], [6.82804, 12.64271], [6.82476, 12.64438], [6.81886, 12.64296], [6.8167, 12.64284], [6.81335, 12.63993], [6.8115, 12.63756], [6.80765, 12.63631], [6.80087, 12.63179], [6.79758, 12.62625], [6.79025, 12.62532], [6.78697, 12.62263], [6.7851, 12.6201], [6.78355, 12.61961], [6.78355, 12.61739], [6.78298, 12.61342], [6.78169, 12.60931], [6.78251, 12.59963], [6.78241, 12.58909], [6.76154, 12.58815], [6.75758, 12.58208], [6.75496, 12.58198], [6.7507, 12.57979]]]}, "properties": {"name": "Dauran Birnin Tsaba", "lga": "Zurmi", "state": "za"}}, {"type": "Feature", "geometry": {"type": "Polygon", "coordinates": [[[6.84577, 12.53878], [6.83817, 12.5442], [6.83351, 12.54906], [6.83089, 12.55382], [6.8278, 12.56025], [6.82484, 12.57118], [6.82471, 12.5752], [6.82913, 12.57834], [6.84534, 12.5774], [6.85092, 12.58266], [6.85799, 12.59068], [6.87048, 12.59519], [6.89476, 12.59951], [6.93033, 12.61517], [7.01658, 12.66626], [7.035, 12.66137], [7.03929, 12.65874], [7.04447, 12.65886], [7.04564, 12.65322], [7.0463, 12.65], [7.0472, 12.6377], [7.047, 12.634], [7.046, 12.6196], [7.0463, 12.61766], [7.04744, 12.61105], [7.0516, 12.587], [7.05022, 12.57508], [7.05132, 12.56368], [7.0521, 12.5534], [7.0512, 12.5399], [7.0537, 12.5293], [7.0537, 12.5163], [7.0594, 12.4886], [7.0599, 12.4808], [7.0659, 12.4317], [7.02489, 12.43308], [7.02082, 12.43099], [7.01006, 12.43326], [7.01035, 12.4461], [7.00597, 12.44926], [7.00383, 12.45235], [7.00136, 12.45508], [6.99594, 12.45724], [6.98703, 12.46775], [6.9826, 12.4713], [6.98004, 12.47116], [6.97672, 12.47529], [6.97335, 12.47848], [6.96927, 12.48126], [6.96628, 12.48363], [6.96478, 12.48321], [6.9625, 12.48126], [6.96086, 12.48265], [6.9625, 12.48941], [6.95173, 12.49212], [6.94945, 12.49101], [6.9498, 12.48968], [6.94877, 12.48902], [6.9466, 12.4897], [6.94652, 12.49115], [6.95232, 12.50043], [6.95368, 12.50763], [6.95232, 12.51219], [6.94645, 12.51601], [6.94118, 12.51572], [6.93711, 12.52189], [6.93516, 12.52395], [6.93501, 12.52851], [6.93937, 12.52983], [6.93892, 12.53233], [6.93425, 12.5316], [6.92838, 12.53248], [6.91919, 12.53395], [6.90805, 12.53047], [6.90639, 12.53086], [6.90444, 12.53307], [6.90348, 12.53771], [6.90348, 12.54253], [6.90724, 12.54777], [6.90694, 12.55618], [6.89696, 12.57154], [6.8861, 12.56545], [6.88531, 12.56484], [6.88323, 12.56255], [6.87847, 12.56104], [6.8781, 12.55995], [6.87642, 12.56011], [6.87565, 12.55649], [6.87378, 12.55461], [6.87134, 12.54954], [6.87254, 12.54501], [6.86969, 12.5394], [6.86707, 12.53776], [6.86625, 12.53693], [6.84577, 12.53878]]]}, "properties": {"name": "Danfani Sabon Birni", "lga": "Birnin Magaji-Kiyaw", "state": "za"}}, {"type": "Feature", "geometry": {"type": "Polygon", "coordinates": [[[7.09671, 12.09245], [7.09999, 12.09325], [7.11724, 12.09396], [7.13326, 12.09026], [7.1364, 12.08557], [7.13628, 12.08156], [7.13663, 12.07793], [7.13395, 12.07308], [7.13027, 12.06839], [7.1317, 12.06489], [7.13469, 12.0635], [7.13755, 12.06193], [7.13976, 12.06384], [7.1414, 12.0651], [7.14346, 12.06398], [7.14568, 12.0568], [7.14653, 12.0522], [7.14732, 12.04746], [7.14868, 12.04335], [7.15031, 12.04181], [7.14867, 12.03302], [7.15031, 12.03149], [7.15221, 12.03106], [7.1533, 12.02961], [7.15358, 12.02777], [7.15387, 12.02559], [7.1566, 12.02342], [7.16003, 12.02197], [7.16333, 12.02202], [7.16516, 12.02133], [7.16459, 12.02057], [7.16436, 12.01583], [7.16111, 12.01209], [7.16026, 12.00852], [7.15957, 12.00757], [7.15763, 12.00735], [7.15718, 12.00634], [7.15683, 12.00545], [7.15552, 12.00583], [7.15502, 12.00689], [7.15387, 12.00629], [7.15455, 12.00417], [7.15307, 12.00372], [7.15073, 12.00361], [7.15101, 12.00093], [7.15335, 11.99781], [7.15558, 11.99574], [7.15617, 11.99467], [7.15632, 11.99189], [7.15782, 11.98969], [7.15339, 11.98157], [7.15164, 11.98017], [7.15055, 11.97911], [7.1493, 11.97906], [7.14896, 11.98118], [7.14714, 11.98308], [7.14508, 11.98336], [7.14508, 11.98117], [7.1456, 11.97878], [7.14782, 11.97627], [7.14839, 11.97337], [7.14611, 11.97164], [7.1456, 11.96823], [7.14508, 11.96505], [7.13726, 11.96377], [7.13205, 11.96265], [7.12402, 11.9592], [7.11683, 11.95497], [7.1138, 11.9552], [7.09962, 11.96299], [7.09717, 11.96555], [7.09523, 11.96985], [7.09283, 11.97448], [7.09289, 11.97967], [7.09169, 11.98358], [7.0918, 11.98721], [7.09294, 11.99022], [7.09454, 11.99173], [7.09329, 11.99379], [7.09178, 11.99585], [7.09083, 11.99649], [7.09043, 11.99742], [7.09025, 11.99993], [7.08863, 12.00422], [7.09056, 12.00534], [7.09263, 12.00541], [7.0932, 12.00638], [7.09398, 12.01015], [7.09612, 12.01022], [7.09726, 12.01168], [7.09961, 12.01294], [7.09904, 12.01482], [7.0993, 12.01759], [7.10346, 12.01928], [7.10353, 12.02145], [7.10428, 12.02392], [7.10781, 12.02779], [7.11316, 12.03651], [7.11416, 12.04327], [7.11352, 12.04906], [7.11188, 12.05199], [7.10974, 12.05234], [7.10803, 12.05269], [7.10639, 12.05443], [7.10553, 12.05729], [7.10496, 12.06043], [7.10299, 12.06445], [7.09932, 12.06403], [7.0984, 12.0637], [7.098, 12.06518], [7.09789, 12.0673], [7.09658, 12.06808], [7.09669, 12.0692], [7.09869, 12.06942], [7.09903, 12.07193], [7.09972, 12.07433], [7.10233, 12.07685], [7.10183, 12.07885], [7.09892, 12.07885], [7.09686, 12.08074], [7.09972, 12.08353], [7.10137, 12.08549], [7.10046, 12.08755], [7.09937, 12.089], [7.09671, 12.09245]]]}, "properties": {"name": "Yankuzo B", "lga": "Tsafe", "state": "za"}}, {"type": "Feature", "geometry": {"type": "Polygon", "coordinates": [[[7.14082, 11.91134], [7.14467, 11.88727], [7.14706, 11.88103], [7.14624, 11.87297], [7.14624, 11.86592], [7.14505, 11.85897], [7.14257, 11.85329], [7.14182, 11.84931], [7.10076, 11.82045], [7.0748, 11.8175], [7.07443, 11.81613], [7.07201, 11.81746], [7.06967, 11.81968], [7.05081, 11.84231], [7.06219, 11.85525], [7.07055, 11.88555], [7.06649, 11.89041], [7.063, 11.90002], [7.05317, 11.90507], [7.05558, 11.92923], [7.05961, 11.93253], [7.0592, 11.93587], [7.0548, 11.94475], [7.05344, 11.94697], [7.06529, 11.95504], [7.06442, 11.96031], [7.06442, 11.96394], [7.0675, 11.96483], [7.06939, 11.96511], [7.07161, 11.96795], [7.07355, 11.97058], [7.07623, 11.97376], [7.07905, 11.97481], [7.07936, 11.97806], [7.08018, 11.98016], [7.08256, 11.9823], [7.08481, 11.99065], [7.08718, 11.99066], [7.08792, 11.99407], [7.08838, 11.99719], [7.08683, 11.99914], [7.08729, 12.00122], [7.08863, 12.00422], [7.09025, 11.99993], [7.09043, 11.99742], [7.09083, 11.99649], [7.09178, 11.99585], [7.09329, 11.99379], [7.09454, 11.99173], [7.09294, 11.99022], [7.0918, 11.98721], [7.09169, 11.98358], [7.09289, 11.97967], [7.09283, 11.97448], [7.09523, 11.96985], [7.09717, 11.96555], [7.09962, 11.96299], [7.10241, 11.96098], [7.10618, 11.95936], [7.11068, 11.9569], [7.1138, 11.9552], [7.11683, 11.95497], [7.12402, 11.9592], [7.13205, 11.96265], [7.13726, 11.96377], [7.14508, 11.96505], [7.14587, 11.9602], [7.14591, 11.95774], [7.14609, 11.94699], [7.14353, 11.9398], [7.14025, 11.93841], [7.13875, 11.93011], [7.14146, 11.92425], [7.14146, 11.91539], [7.14082, 11.91134]]]}, "properties": {"name": "Yankuzo A", "lga": "Tsafe", "state": "za"}}, {"type": "Feature", "geometry": {"type": "Polygon", "coordinates": [[[6.39244, 12.5022], [6.40483, 12.53647], [6.41995, 12.56709], [6.46818, 12.54067], [6.48002, 12.54221], [6.49272, 12.54405], [6.50092, 12.54462], [6.50493, 12.55111], [6.50802, 12.56208], [6.52855, 12.56072], [6.53227, 12.56009], [6.53282, 12.55864], [6.53094, 12.54925], [6.54136, 12.54356], [6.54384, 12.54323], [6.54801, 12.54352], [6.54812, 12.54381], [6.56174, 12.54618], [6.5694, 12.547], [6.56861, 12.5418], [6.57788, 12.5417], [6.5805, 12.54153], [6.58293, 12.53986], [6.58264, 12.53847], [6.58207, 12.5368], [6.58182, 12.53573], [6.58117, 12.53536], [6.57973, 12.53558], [6.57936, 12.53546], [6.57984, 12.53462], [6.5795, 12.53374], [6.57879, 12.53365], [6.57775, 12.53363], [6.57728, 12.53314], [6.57665, 12.53114], [6.57517, 12.52918], [6.57375, 12.52831], [6.57332, 12.52901], [6.57258, 12.52972], [6.57161, 12.52905], [6.57223, 12.52831], [6.57204, 12.52747], [6.57133, 12.52594], [6.55845, 12.5232], [6.5482, 12.5193], [6.53926, 12.51326], [6.53392, 12.50926], [6.5278, 12.50021], [6.515, 12.49258], [6.50782, 12.49318], [6.49804, 12.48655], [6.45858, 12.47315], [6.44863, 12.49572], [6.43746, 12.49911], [6.42985, 12.50106], [6.42514, 12.50305], [6.41331, 12.50148], [6.4126, 12.50032], [6.41079, 12.4999], [6.4097, 12.49888], [6.40646, 12.4992], [6.40066, 12.50124], [6.39838, 12.50282], [6.39605, 12.50305], [6.39387, 12.50203], [6.39244, 12.5022]]]}, "properties": {"name": "Sakajiki", "lga": "Kaura Namoda", "state": "za"}}, {"type": "Feature", "geometry": {"type": "Polygon", "coordinates": [[[6.53171, 12.65204], [6.53073, 12.6554], [6.53262, 12.65933], [6.53744, 12.66346], [6.54088, 12.66665], [6.54256, 12.67034], [6.54217, 12.67357], [6.53956, 12.67619], [6.54386, 12.67742], [6.55002, 12.67795], [6.55983, 12.67881], [6.60233, 12.67221], [6.62048, 12.66746], [6.6368, 12.66332], [6.64382, 12.66037], [6.64645, 12.65955], [6.64763, 12.64689], [6.63929, 12.64601], [6.63158, 12.64596], [6.6236, 12.64763], [6.6091, 12.65401], [6.59971, 12.63917], [6.59579, 12.63452], [6.59306, 12.63151], [6.59235, 12.62687], [6.56373, 12.62316], [6.55696, 12.62236], [6.55624, 12.62594], [6.55603, 12.6385], [6.55197, 12.65102], [6.54049, 12.64761], [6.53642, 12.64887], [6.53171, 12.65204]]]}, "properties": {"name": "Yankaba", "lga": "Kaura Namoda", "state": "za"}}, {"type": "Feature", "geometry": {"type": "Polygon", "coordinates": [[[6.58126, 13.02254], [6.60679, 13.0466], [6.61645, 13.04423], [6.63143, 13.04021], [6.6547, 13.0344], [6.66883, 13.02626], [6.67535, 13.02052], [6.69586, 13.01726], [6.71595, 13.01408], [6.73662, 13.00573], [6.73804, 12.99041], [6.73881, 12.98312], [6.73949, 12.97809], [6.74741, 12.93528], [6.73525, 12.93004], [6.69452, 12.92837], [6.67614, 12.91186], [6.67077, 12.91214], [6.66974, 12.91363], [6.66886, 12.91481], [6.66663, 12.91544], [6.6648, 12.91643], [6.66298, 12.91651], [6.6617, 12.91579], [6.66041, 12.91606], [6.65917, 12.91697], [6.65785, 12.9179], [6.65627, 12.91887], [6.64917, 12.92067], [6.64581, 12.91959], [6.64739, 12.92455], [6.64751, 12.93242], [6.64573, 12.93277], [6.64584, 12.93707], [6.64594, 12.94048], [6.6474, 12.9507], [6.65098, 12.95994], [6.6457, 12.96881], [6.64115, 12.97838], [6.62969, 12.98654], [6.62295, 12.99657], [6.60967, 12.99984], [6.59788, 13.01099], [6.58699, 13.01879], [6.58126, 13.02254]]]}, "properties": {"name": "Kurya", "lga": "Shinkafi", "state": "za"}}, {"type": "Feature", "geometry": {"type": "Polygon", "coordinates": [[[6.59558, 12.49693], [6.59254, 12.5034], [6.59174, 12.50804], [6.59791, 12.51694], [6.59938, 12.51563], [6.60997, 12.53587], [6.61725, 12.54348], [6.62621, 12.55355], [6.63546, 12.56104], [6.64324, 12.56004], [6.6496, 12.55634], [6.6562, 12.55223], [6.66105, 12.54305], [6.66462, 12.54258], [6.66801, 12.53717], [6.67251, 12.52587], [6.67255, 12.52579], [6.67145, 12.51733], [6.66965, 12.50692], [6.68094, 12.5035], [6.69171, 12.48115], [6.68147, 12.47351], [6.66934, 12.46788], [6.66955, 12.46685], [6.66869, 12.46086], [6.67121, 12.45283], [6.66829, 12.45257], [6.66413, 12.45031], [6.66056, 12.44888], [6.65528, 12.44861], [6.65243, 12.44847], [6.64894, 12.44798], [6.64342, 12.44938], [6.63554, 12.45658], [6.63463, 12.46083], [6.63161, 12.46897], [6.61541, 12.47747], [6.59558, 12.49693]]]}, "properties": {"name": "Banga", "lga": "Kaura Namoda", "state": "za"}}, {"type": "Feature", "geometry": {"type": "Polygon", "coordinates": [[[6.59174, 12.50804], [6.59254, 12.5034], [6.59558, 12.49693], [6.58817, 12.49041], [6.58345, 12.48676], [6.56528, 12.4768], [6.56944, 12.45626], [6.57396, 12.45733], [6.5751, 12.45055], [6.57068, 12.45009], [6.57154, 12.44528], [6.56868, 12.44213], [6.56339, 12.4379], [6.55682, 12.43708], [6.54487, 12.43787], [6.53772, 12.44254], [6.52906, 12.44959], [6.50084, 12.44655], [6.49187, 12.45889], [6.46277, 12.46367], [6.45858, 12.47315], [6.49804, 12.48655], [6.50782, 12.49318], [6.515, 12.49258], [6.5278, 12.50021], [6.53392, 12.50926], [6.53926, 12.51326], [6.5482, 12.5193], [6.55845, 12.5232], [6.57133, 12.52594], [6.56889, 12.52319], [6.56886, 12.52116], [6.5623, 12.51569], [6.5632, 12.5149], [6.55911, 12.50548], [6.59174, 12.50804]]]}, "properties": {"name": "Kurya", "lga": "Kaura Namoda", "state": "za"}}, {"type": "Feature", "geometry": {"type": "Polygon", "coordinates": [[[6.68137, 12.84877], [6.67379, 12.89151], [6.6737, 12.904], [6.67145, 12.90444], [6.67034, 12.90496], [6.67077, 12.91214], [6.67614, 12.91186], [6.69452, 12.92837], [6.73525, 12.93004], [6.74741, 12.93528], [6.73949, 12.97809], [6.73881, 12.98312], [6.73804, 12.99041], [6.73662, 13.00573], [6.73889, 13.00576], [6.7493, 12.9927], [6.75009, 12.98031], [6.75398, 12.97883], [6.76188, 12.98355], [6.76982, 12.98332], [6.77433, 12.98945], [6.78191, 12.99096], [6.78316, 12.99076], [6.78443, 12.99032], [6.78476, 12.97932], [6.79281, 12.97915], [6.79284, 12.99154], [6.7943, 12.99177], [6.79599, 12.99206], [6.80568, 12.98598], [6.81361, 12.98922], [6.81471, 12.98922], [6.81563, 12.98864], [6.82006, 12.97756], [6.82058, 12.96633], [6.82868, 12.96652], [6.83421, 12.97931], [6.86113, 12.96536], [6.8608, 12.9595], [6.8604, 12.9575], [6.861, 12.9545], [6.8569, 12.9495], [6.8537, 12.9393], [6.85972, 12.9391], [6.85899, 12.9212], [6.85326, 12.91988], [6.8518, 12.9167], [6.85174, 12.91], [6.85638, 12.90601], [6.858, 12.9013], [6.8594, 12.8975], [6.855, 12.8806], [6.8572, 12.8803], [6.862, 12.87705], [6.8658, 12.8745], [6.8677, 12.8718], [6.87132, 12.86741], [6.8697, 12.8669], [6.86577, 12.86379], [6.864, 12.8621], [6.8628, 12.86], [6.861, 12.858], [6.8601, 12.8576], [6.8537, 12.8552], [6.8388, 12.8455], [6.82128, 12.84159], [6.8194, 12.841], [6.8172, 12.8395], [6.8143, 12.8386], [6.8021, 12.8364], [6.79511, 12.83197], [6.79073, 12.83367], [6.76255, 12.84275], [6.7361, 12.84477], [6.70909, 12.84807], [6.68137, 12.84877]]]}, "properties": {"name": "Mayasa Kuturu", "lga": "Zurmi", "state": "za"}}, {"type": "Feature", "geometry": {"type": "Polygon", "coordinates": [[[6.81726, 12.39557], [6.79763, 12.37513], [6.79087, 12.35981], [6.78529, 12.36005], [6.78089, 12.36469], [6.77824, 12.36856], [6.7735, 12.37165], [6.76738, 12.37299], [6.77544, 12.39621], [6.78147, 12.40246], [6.78814, 12.41249], [6.76189, 12.44574], [6.79816, 12.47886], [6.82057, 12.49201], [6.82718, 12.49455], [6.82254, 12.50254], [6.83, 12.50726], [6.83566, 12.49881], [6.83572, 12.49784], [6.84416, 12.48374], [6.87796, 12.45093], [6.88393, 12.44582], [6.8976, 12.43395], [6.87573, 12.4112], [6.84455, 12.40025], [6.81726, 12.39557]]]}, "properties": {"name": "Nasarawa Mailayi", "lga": "Birnin Magaji-Kiyaw", "state": "za"}}, {"type": "Feature", "geometry": {"type": "Polygon", "coordinates": [[[6.84168, 13.07762], [6.85497, 13.06565], [6.88242, 13.04168], [6.93333, 12.99722], [7.05127, 12.99547], [7.05175, 12.98965], [7.04895, 12.98681], [7.05032, 12.98403], [7.05052, 12.98136], [7.05011, 12.97783], [7.04993, 12.97337], [7.05021, 12.9703], [7.04874, 12.96874], [7.04862, 12.96573], [7.04975, 12.96463], [7.04928, 12.96121], [7.05451, 12.95693], [7.05658, 12.95548], [7.05902, 12.95288], [7.05973, 12.95201], [7.05979, 12.95114], [7.05878, 12.9505], [7.05789, 12.94986], [7.05831, 12.94801], [7.05782, 12.94637], [7.05623, 12.9439], [7.05456, 12.94332], [7.05219, 12.94326], [7.05088, 12.9417], [7.05201, 12.93938], [7.05201, 12.93822], [7.05017, 12.93741], [7.04922, 12.93475], [7.04993, 12.9333], [7.051, 12.93261], [7.05087, 12.93003], [7.01575, 12.90019], [6.99308, 12.88102], [6.9673, 12.85663], [6.92855, 12.85742], [6.87132, 12.86741], [6.8677, 12.8718], [6.8658, 12.8745], [6.862, 12.87705], [6.8572, 12.8803], [6.855, 12.8806], [6.8594, 12.8975], [6.858, 12.9013], [6.85638, 12.90601], [6.85174, 12.91], [6.8518, 12.9167], [6.85326, 12.91988], [6.85899, 12.9212], [6.85972, 12.9391], [6.8537, 12.9393], [6.8569, 12.9495], [6.861, 12.9545], [6.8604, 12.9575], [6.8608, 12.9595], [6.86113, 12.96536], [6.83421, 12.97931], [6.82868, 12.96652], [6.82058, 12.96633], [6.82006, 12.97756], [6.81563, 12.98864], [6.81471, 12.98922], [6.81361, 12.98922], [6.80568, 12.98598], [6.79599, 12.99206], [6.7943, 12.99177], [6.79284, 12.99154], [6.79281, 12.97915], [6.78476, 12.97932], [6.78443, 12.99032], [6.78316, 12.99076], [6.78191, 12.99096], [6.77433, 12.98945], [6.76982, 12.98332], [6.76188, 12.98355], [6.75398, 12.97883], [6.75009, 12.98031], [6.7493, 12.9927], [6.74529, 12.99746], [6.75457, 13.00592], [6.79203, 13.04255], [6.84168, 13.07762]]]}, "properties": {"name": "Kwashabawa", "lga": "Zurmi", "state": "za"}}, {"type": "Feature", "geometry": {"type": "Polygon", "coordinates": [[[6.92012, 12.04861], [6.93182, 12.0565], [6.94054, 12.05864], [6.9486, 12.06031], [6.95064, 12.06139], [6.95506, 12.06106], [6.96305, 12.06884], [6.96544, 12.06848], [6.96682, 12.0667], [6.97006, 12.05982], [6.97676, 12.05159], [6.97869, 12.04476], [6.97845, 12.04005], [6.96919, 12.01761], [6.96933, 12.01689], [6.97243, 12.01386], [6.97325, 12.01246], [6.99417, 12.01149], [6.99718, 12.00834], [7.00861, 11.98808], [7.00776, 11.97828], [7.00013, 11.97061], [6.97653, 11.9704], [6.97639, 11.96761], [6.9763, 11.96387], [6.97854, 11.96342], [6.98357, 11.96255], [6.98459, 11.9547], [6.98991, 11.9323], [6.98998, 11.93098], [6.98856, 11.92725], [6.98789, 11.90106], [6.97518, 11.91054], [6.9658, 11.91788], [6.95531, 11.91984], [6.95157, 11.93121], [6.9472, 11.93568], [6.92968, 11.94564], [6.92816, 11.94777], [6.9265, 11.95022], [6.92434, 11.961], [6.9275, 11.97375], [6.92774, 11.97555], [6.92632, 11.97712], [6.92566, 11.97892], [6.92643, 11.98026], [6.92614, 11.98276], [6.92418, 11.98589], [6.92311, 11.99049], [6.92031, 11.99235], [6.9201, 11.9976], [6.91847, 12.00025], [6.91657, 12.00374], [6.9223, 12.0222], [6.92208, 12.02499], [6.92382, 12.02789], [6.92449, 12.02958], [6.92312, 12.04041], [6.92116, 12.04376], [6.92012, 12.04861]]]}, "properties": {"name": "Chediya", "lga": "Tsafe", "state": "za"}}, {"type": "Feature", "geometry": {"type": "Polygon", "coordinates": [[[6.83189, 12.17467], [6.82568, 12.17725], [6.81063, 12.18195], [6.80356, 12.18486], [6.79446, 12.18442], [6.79867, 12.19721], [6.79312, 12.20745], [6.78945, 12.21606], [6.7831, 12.21716], [6.77284, 12.23748], [6.77164, 12.24299], [6.76963, 12.24795], [6.76912, 12.25037], [6.77297, 12.26683], [6.77467, 12.27591], [6.77628, 12.2834], [6.78349, 12.28639], [6.79556, 12.28584], [6.7984, 12.2841], [6.8003, 12.2842], [6.8036, 12.2791], [6.83283, 12.27723], [6.83761, 12.27798], [6.84339, 12.27533], [6.86273, 12.26961], [6.86276, 12.26967], [6.87584, 12.26719], [6.88397, 12.26947], [6.8862, 12.27078], [6.89343, 12.2711], [6.89379, 12.2752], [6.89842, 12.27549], [6.8991, 12.26874], [6.8962, 12.25802], [6.88289, 12.24834], [6.86905, 12.24134], [6.86376, 12.23892], [6.84662, 12.22335], [6.84187, 12.20525], [6.83585, 12.18203], [6.83189, 12.17467]]]}, "properties": {"name": "Tofa", "lga": "Bungudu", "state": "za"}}, {"type": "Feature", "geometry": {"type": "Polygon", "coordinates": [[[6.79087, 12.35981], [6.79763, 12.37513], [6.81726, 12.39557], [6.82418, 12.37494], [6.83967, 12.3589], [6.85153, 12.34697], [6.87249, 12.3307], [6.87494, 12.33228], [6.89599, 12.34695], [6.95395, 12.37524], [6.95285, 12.34422], [6.94914, 12.32779], [6.93427, 12.31368], [6.90343, 12.2966], [6.90044, 12.28804], [6.89842, 12.27549], [6.89379, 12.2752], [6.89343, 12.2711], [6.8862, 12.27078], [6.88397, 12.26947], [6.87584, 12.26719], [6.86276, 12.26967], [6.86273, 12.26961], [6.84339, 12.27533], [6.83761, 12.27798], [6.83543, 12.3049], [6.83283, 12.33509], [6.82855, 12.33578], [6.82419, 12.33345], [6.82178, 12.33436], [6.81932, 12.33624], [6.8158, 12.33725], [6.81476, 12.34066], [6.81605, 12.34361], [6.8157, 12.34755], [6.81162, 12.34943], [6.80609, 12.35366], [6.80096, 12.35475], [6.79087, 12.35981]]]}, "properties": {"name": "Gusami Hayi", "lga": "Birnin Magaji-Kiyaw", "state": "za"}}, {"type": "Feature", "geometry": {"type": "Polygon", "coordinates": [[[6.67077, 12.91214], [6.67034, 12.90496], [6.67145, 12.90444], [6.6737, 12.904], [6.67379, 12.89151], [6.68137, 12.84877], [6.68014, 12.83423], [6.689, 12.82815], [6.69766, 12.82225], [6.70351, 12.81498], [6.71356, 12.80854], [6.71456, 12.79931], [6.71378, 12.79499], [6.71021, 12.79298], [6.70636, 12.79092], [6.69602, 12.79214], [6.6916, 12.79249], [6.68968, 12.79138], [6.68811, 12.78971], [6.68493, 12.78774], [6.68048, 12.7863], [6.67606, 12.7847], [6.66672, 12.78157], [6.65742, 12.77556], [6.64993, 12.76166], [6.6382, 12.7558], [6.63468, 12.75807], [6.62812, 12.76356], [6.61828, 12.76606], [6.61343, 12.77337], [6.61411, 12.78083], [6.61205, 12.78747], [6.6126, 12.8019], [6.60837, 12.81092], [6.5645, 12.80967], [6.55053, 12.8078], [6.54419, 12.81966], [6.54246, 12.82641], [6.54688, 12.84277], [6.54549, 12.84513], [6.54402, 12.84724], [6.5423, 12.84886], [6.54428, 12.84876], [6.54528, 12.85014], [6.54766, 12.85171], [6.55008, 12.85264], [6.55233, 12.85247], [6.55459, 12.85363], [6.55553, 12.85543], [6.55579, 12.85711], [6.5634, 12.86209], [6.57128, 12.86209], [6.57266, 12.86116], [6.57517, 12.86082], [6.57845, 12.85931], [6.58062, 12.86268], [6.58027, 12.86884], [6.5792, 12.8789], [6.56515, 12.88918], [6.56251, 12.8904], [6.57093, 12.89397], [6.57621, 12.89641], [6.58468, 12.89932], [6.58702, 12.90299], [6.5897, 12.90468], [6.60067, 12.90388], [6.61315, 12.90751], [6.6335, 12.91755], [6.63921, 12.91742], [6.64223, 12.91798], [6.64581, 12.91959], [6.64917, 12.92067], [6.65627, 12.91887], [6.65785, 12.9179], [6.65917, 12.91697], [6.66041, 12.91606], [6.6617, 12.91579], [6.66298, 12.91651], [6.6648, 12.91643], [6.66663, 12.91544], [6.66886, 12.91481], [6.66974, 12.91363], [6.67077, 12.91214]]]}, "properties": {"name": "Yanbuki-Dutsi", "lga": "Zurmi", "state": "za"}}, {"type": "Feature", "geometry": {"type": "Polygon", "coordinates": [[[6.70552, 12.39529], [6.70109, 12.39636], [6.69946, 12.40202], [6.69574, 12.40754], [6.69306, 12.41376], [6.69432, 12.41709], [6.69403, 12.42043], [6.69147, 12.4221], [6.68931, 12.42245], [6.68405, 12.42619], [6.68814, 12.43166], [6.68873, 12.43455], [6.67625, 12.44336], [6.67682, 12.44698], [6.67568, 12.4494], [6.67378, 12.45162], [6.67121, 12.45283], [6.66869, 12.46086], [6.66955, 12.46685], [6.66934, 12.46788], [6.68147, 12.47351], [6.69171, 12.48115], [6.72311, 12.46897], [6.72962, 12.4668], [6.73802, 12.46885], [6.74743, 12.47438], [6.76499, 12.48458], [6.77142, 12.50339], [6.77482, 12.50089], [6.79816, 12.47886], [6.76189, 12.44574], [6.78814, 12.41249], [6.78147, 12.40246], [6.77544, 12.39621], [6.77484, 12.39431], [6.77324, 12.38832], [6.77205, 12.38686], [6.75626, 12.39137], [6.74281, 12.39613], [6.72983, 12.39596], [6.71923, 12.39406], [6.71457, 12.39592], [6.70934, 12.3949], [6.70552, 12.39529]]]}, "properties": {"name": "Gora", "lga": "Birnin Magaji-Kiyaw", "state": "za"}}, {"type": "Feature", "geometry": {"type": "Polygon", "coordinates": [[[6.8187, 12.05138], [6.82427, 12.06688], [6.82692, 12.07742], [6.85939, 12.08358], [6.86234, 12.07645], [6.87799, 12.07889], [6.86972, 12.0946], [6.88578, 12.10515], [6.90626, 12.09082], [6.9111, 12.08717], [6.91493, 12.09011], [6.9175, 12.0893], [6.92298, 12.08119], [6.93369, 12.07937], [6.94574, 12.081], [6.95045, 12.08039], [6.95231, 12.07893], [6.95409, 12.07781], [6.95502, 12.07718], [6.95744, 12.06986], [6.96022, 12.06958], [6.96305, 12.06884], [6.95506, 12.06106], [6.95064, 12.06139], [6.9486, 12.06031], [6.94054, 12.05864], [6.93182, 12.0565], [6.92012, 12.04861], [6.91802, 12.04852], [6.91031, 12.06065], [6.90824, 12.06256], [6.89693, 12.0545], [6.89585, 12.05449], [6.89305, 12.05433], [6.88679, 12.0535], [6.88861, 12.04726], [6.89141, 12.04027], [6.88375, 12.03541], [6.88274, 12.03495], [6.87555, 12.02975], [6.87003, 12.03227], [6.86322, 12.02545], [6.86703, 12.01984], [6.87451, 12.01012], [6.87995, 12.00643], [6.87958, 12.00187], [6.86049, 12.0028], [6.852, 12.00183], [6.83864, 12.00098], [6.8187, 11.9941], [6.81464, 11.99194], [6.81386, 11.98308], [6.82541, 11.96224], [6.82339, 11.95934], [6.82258, 11.95837], [6.80811, 11.95179], [6.80604, 11.95292], [6.80453, 11.95498], [6.80291, 11.95567], [6.79879, 11.95483], [6.7969, 11.95805], [6.79507, 11.95916], [6.78679, 11.95957], [6.78299, 11.96046], [6.77819, 11.96372], [6.77948, 11.96618], [6.78285, 11.96772], [6.78779, 11.99435], [6.77941, 11.99447], [6.77787, 11.99653], [6.77972, 12.00108], [6.79142, 11.99726], [6.79457, 11.99918], [6.79681, 12.00134], [6.80081, 12.0022], [6.80542, 12.00284], [6.80817, 12.00775], [6.81222, 12.01753], [6.81095, 12.0218], [6.81561, 12.04652], [6.8187, 12.05138]]]}, "properties": {"name": "Yandoton Daji", "lga": "Tsafe", "state": "za"}}, {"type": "Feature", "geometry": {"type": "Polygon", "coordinates": [[[6.41728, 12.64], [6.40956, 12.64589], [6.40549, 12.65097], [6.40479, 12.6796], [6.421, 12.71814], [6.429, 12.7228], [6.44027, 12.72558], [6.44621, 12.72651], [6.45971, 12.73833], [6.46361, 12.73815], [6.46532, 12.74153], [6.46655, 12.74213], [6.46841, 12.74158], [6.47007, 12.74111], [6.47188, 12.74176], [6.47354, 12.74278], [6.47559, 12.74505], [6.47544, 12.7515], [6.47763, 12.75382], [6.48143, 12.75479], [6.49208, 12.74909], [6.49686, 12.74946], [6.50116, 12.75231], [6.49791, 12.7559], [6.49356, 12.75903], [6.49934, 12.76069], [6.50472, 12.75757], [6.51462, 12.75396], [6.51886, 12.7454], [6.53876, 12.74964], [6.54389, 12.74734], [6.56741, 12.73902], [6.5642, 12.7319], [6.56246, 12.72124], [6.55128, 12.68558], [6.55069, 12.68248], [6.55002, 12.67795], [6.54386, 12.67742], [6.53956, 12.67619], [6.54217, 12.67357], [6.54256, 12.67034], [6.54088, 12.66665], [6.53744, 12.66346], [6.53262, 12.65933], [6.53073, 12.6554], [6.53171, 12.65204], [6.52417, 12.65352], [6.49766, 12.65091], [6.41728, 12.64]]]}, "properties": {"name": "Gidan Goga", "lga": "Maradun", "state": "za"}}, {"type": "Feature", "geometry": {"type": "MultiPolygon", "coordinates": [[[[6.66203, 12.17011], [6.66355, 12.16958], [6.66421, 12.16561], [6.66201, 12.16547], [6.66131, 12.16819], [6.65956, 12.16543], [6.65916, 12.17023], [6.66203, 12.17011]]], [[[6.61077, 12.1989], [6.61007, 12.20137], [6.61947, 12.20451], [6.62281, 12.20498], [6.63651, 12.20476], [6.63769, 12.20508], [6.63819, 12.20525], [6.64465, 12.20215], [6.64358, 12.19197], [6.64642, 12.18687], [6.6482, 12.1836], [6.64958, 12.18224], [6.65099, 12.18108], [6.65058, 12.17742], [6.64831, 12.17649], [6.64735, 12.17758], [6.64606, 12.17879], [6.64535, 12.17928], [6.64586, 12.17973], [6.64543, 12.18091], [6.64481, 12.18046], [6.64432, 12.18021], [6.64397, 12.17992], [6.64289, 12.18151], [6.6423, 12.18249], [6.63968, 12.18479], [6.63468, 12.18162], [6.63545, 12.18018], [6.63965, 12.17705], [6.64125, 12.17646], [6.62495, 12.17595], [6.6243, 12.17651], [6.62342, 12.17826], [6.62205, 12.18284], [6.6216, 12.19287], [6.62345, 12.19523], [6.62074, 12.20045], [6.61077, 12.1989]]]]}, "properties": {"name": "Madawaki", "lga": "Gusau", "state": "za"}}, {"type": "Feature", "geometry": {"type": "Polygon", "coordinates": [[[6.89373, 12.20268], [6.90152, 12.20778], [6.90803, 12.21082], [6.9363, 12.2231], [6.9769, 12.2264], [6.99103, 12.2308], [6.99949, 12.22141], [7.00141, 12.21831], [7.00585, 12.21855], [7.00623, 12.21373], [7.00938, 12.20966], [7.00736, 12.20024], [7.00717, 12.19863], [7.00779, 12.17961], [7.00091, 12.17883], [6.99698, 12.17549], [6.99145, 12.1703], [6.9897, 12.169], [6.97938, 12.15656], [6.9692, 12.1515], [6.9676, 12.1505], [6.9662, 12.1493], [6.95813, 12.14403], [6.9501, 12.15109], [6.94886, 12.15474], [6.9466, 12.15517], [6.93918, 12.16066], [6.93834, 12.16191], [6.93831, 12.16264], [6.93793, 12.16333], [6.93819, 12.16686], [6.93807, 12.16797], [6.93932, 12.16824], [6.9389, 12.16913], [6.93831, 12.16953], [6.9381, 12.17184], [6.93445, 12.17102], [6.92669, 12.16862], [6.9211, 12.16684], [6.91425, 12.16394], [6.90679, 12.15966], [6.89617, 12.16867], [6.89672, 12.17325], [6.89373, 12.20268]]]}, "properties": {"name": "Ruwan Bore", "lga": "Gusau", "state": "za"}}, {"type": "Feature", "geometry": {"type": "Polygon", "coordinates": [[[6.52719, 12.91668], [6.53275, 12.91111], [6.56251, 12.8904], [6.56515, 12.88918], [6.5792, 12.8789], [6.58027, 12.86884], [6.58062, 12.86268], [6.57845, 12.85931], [6.57517, 12.86082], [6.57266, 12.86116], [6.57128, 12.86209], [6.5634, 12.86209], [6.55579, 12.85711], [6.55553, 12.85543], [6.55459, 12.85363], [6.55233, 12.85247], [6.55008, 12.85264], [6.54766, 12.85171], [6.54528, 12.85014], [6.54428, 12.84876], [6.53771, 12.84952], [6.5371, 12.84817], [6.53606, 12.84758], [6.53442, 12.84783], [6.53329, 12.84674], [6.532, 12.8464], [6.53018, 12.84539], [6.5275, 12.84589], [6.52715, 12.84488], [6.52542, 12.84438], [6.52308, 12.84387], [6.52109, 12.84353], [6.51573, 12.83796], [6.50404, 12.8365], [6.50248, 12.83697], [6.49734, 12.84048], [6.49016, 12.84306], [6.48151, 12.84348], [6.46834, 12.84457], [6.46286, 12.84924], [6.4585, 12.85324], [6.45499, 12.85466], [6.45448, 12.85616], [6.45535, 12.85829], [6.45553, 12.86821], [6.43771, 12.86919], [6.43566, 12.85598], [6.43034, 12.83211], [6.40444, 12.83235], [6.37721, 12.86695], [6.42795, 12.89592], [6.44898, 12.90369], [6.45661, 12.90272], [6.46431, 12.90425], [6.47009, 12.90994], [6.47123, 12.90932], [6.47251, 12.9089], [6.47222, 12.908], [6.47279, 12.90716], [6.47707, 12.90341], [6.47864, 12.90272], [6.48007, 12.90174], [6.48199, 12.90084], [6.48171, 12.89945], [6.4877, 12.89966], [6.49304, 12.9057], [6.49404, 12.90814], [6.49461, 12.90981], [6.49526, 12.91071], [6.49416, 12.91238], [6.49359, 12.91425], [6.49369, 12.9162], [6.4983, 12.92357], [6.49732, 12.9263], [6.5271, 12.91663], [6.52719, 12.91668]]]}, "properties": {"name": "Moriki", "lga": "Zurmi", "state": "za"}}, {"type": "Feature", "geometry": {"type": "Polygon", "coordinates": [[[6.86746, 11.84454], [6.84969, 11.84361], [6.83864, 11.84178], [6.8294, 11.80697], [6.81142, 11.76897], [6.78672, 11.78096], [6.74126, 11.78882], [6.69868, 11.79535], [6.70397, 11.82644], [6.68436, 11.85499], [6.6788, 11.8695], [6.67609, 11.87676], [6.66481, 11.89539], [6.70647, 11.91876], [6.72755, 11.93433], [6.72394, 11.9166], [6.71322, 11.90311], [6.70317, 11.8907], [6.70495, 11.88379], [6.71117, 11.87076], [6.7422, 11.87159], [6.75628, 11.87565], [6.77072, 11.8789], [6.78386, 11.88012], [6.78492, 11.87536], [6.79148, 11.8676], [6.79262, 11.86485], [6.78683, 11.8563], [6.78685, 11.85025], [6.79078, 11.84824], [6.79525, 11.8484], [6.80216, 11.84966], [6.80736, 11.85151], [6.81542, 11.85522], [6.81952, 11.86512], [6.83168, 11.87292], [6.83352, 11.87203], [6.83525, 11.87042], [6.83822, 11.87001], [6.8406, 11.8696], [6.8418, 11.87139], [6.84594, 11.86867], [6.84895, 11.86588], [6.86746, 11.84454]]]}, "properties": {"name": "Keta", "lga": "Tsafe", "state": "za"}}, {"type": "Feature", "geometry": {"type": "Polygon", "coordinates": [[[6.57388, 12.59519], [6.57494, 12.598], [6.57957, 12.60084], [6.58031, 12.60301], [6.57369, 12.60557], [6.57119, 12.61403], [6.56501, 12.61261], [6.55696, 12.62236], [6.56373, 12.62316], [6.59235, 12.62687], [6.59306, 12.63151], [6.59579, 12.63452], [6.59971, 12.63917], [6.6091, 12.65401], [6.6236, 12.64763], [6.63158, 12.64596], [6.63929, 12.64601], [6.64763, 12.64689], [6.64645, 12.65955], [6.64795, 12.65908], [6.66347, 12.65157], [6.6583, 12.64299], [6.65066, 12.63807], [6.64742, 12.62532], [6.64759, 12.61962], [6.64873, 12.60304], [6.65045, 12.59517], [6.65023, 12.59498], [6.64104, 12.59449], [6.62143, 12.5929], [6.61634, 12.57932], [6.61547, 12.57309], [6.62703, 12.57069], [6.63313, 12.56739], [6.63306, 12.56345], [6.61936, 12.56046], [6.61053, 12.55973], [6.60119, 12.55574], [6.59594, 12.55869], [6.59412, 12.56482], [6.5901, 12.5683], [6.58678, 12.56894], [6.58298, 12.57045], [6.58343, 12.57326], [6.58384, 12.57982], [6.5816, 12.5931], [6.5938, 12.5936], [6.5937, 12.5975], [6.58624, 12.59844], [6.58647, 12.59966], [6.58433, 12.59821], [6.5824, 12.5985], [6.5813, 12.5966], [6.58188, 12.5951], [6.57388, 12.59519]]]}, "properties": {"name": "Sarkin Mafara-Sarkin Baura", "lga": "Kaura Namoda", "state": "za"}}, {"type": "Feature", "geometry": {"type": "Polygon", "coordinates": [[[6.95395, 12.37524], [6.9663, 12.39808], [6.97879, 12.41644], [6.99654, 12.42588], [7.01006, 12.43326], [7.02082, 12.43099], [7.02489, 12.43308], [7.0659, 12.4317], [7.0669, 12.4232], [7.0683, 12.4113], [7.07473, 12.37498], [7.08471, 12.34747], [7.08328, 12.33772], [7.08281, 12.32936], [7.08661, 12.31624], [7.09327, 12.28257], [7.13949, 12.2432], [7.14828, 12.23454], [7.15043, 12.23159], [7.14995, 12.20696], [7.15685, 12.18513], [7.15483, 12.17746], [7.1506, 12.1651], [7.1456, 12.1472], [7.13507, 12.13182], [7.12789, 12.12447], [7.1261, 12.1135], [7.12542, 12.11166], [7.1237, 12.107], [7.1216, 12.1014], [7.1191, 12.0972], [7.11724, 12.09396], [7.09999, 12.09325], [7.09671, 12.09245], [7.08603, 12.08655], [7.08194, 12.08661], [7.07636, 12.08633], [7.07256, 12.08482], [7.05859, 12.08766], [7.05527, 12.08671], [7.05174, 12.08777], [7.04941, 12.08807], [7.04292, 12.089], [7.041, 12.09046], [7.03852, 12.09065], [7.03459, 12.09033], [7.02289, 12.09334], [7.00023, 12.09691], [7.01052, 12.1125], [7.01315, 12.11381], [7.01475, 12.1187], [7.01687, 12.12514], [7.02139, 12.13893], [7.01734, 12.14282], [7.01584, 12.14406], [6.99145, 12.1703], [6.99698, 12.17549], [7.00091, 12.17883], [7.00779, 12.17961], [7.00717, 12.19863], [7.00736, 12.20024], [7.00938, 12.20966], [7.00623, 12.21373], [7.00585, 12.21855], [7.00141, 12.21831], [6.99949, 12.22141], [6.99103, 12.2308], [6.9769, 12.2264], [6.9363, 12.2231], [6.90803, 12.21082], [6.90152, 12.20778], [6.89373, 12.20268], [6.89147, 12.21181], [6.89087, 12.21492], [6.89006, 12.21771], [6.86905, 12.24134], [6.88289, 12.24834], [6.8962, 12.25802], [6.8991, 12.26874], [6.89842, 12.27549], [6.90044, 12.28804], [6.90343, 12.2966], [6.93427, 12.31368], [6.94914, 12.32779], [6.95285, 12.34422], [6.95395, 12.37524]]]}, "properties": {"name": "Wonaka", "lga": "Gusau", "state": "za"}}, {"type": "Feature", "geometry": {"type": "Polygon", "coordinates": [[[6.59558, 12.49693], [6.61541, 12.47747], [6.63161, 12.46897], [6.63463, 12.46083], [6.63554, 12.45658], [6.64342, 12.44938], [6.64894, 12.44798], [6.65243, 12.44847], [6.65528, 12.44861], [6.66056, 12.44888], [6.66413, 12.45031], [6.66829, 12.45257], [6.67121, 12.45283], [6.67378, 12.45162], [6.67568, 12.4494], [6.67682, 12.44698], [6.67625, 12.44336], [6.67809, 12.44121], [6.68253, 12.439], [6.68622, 12.43626], [6.68873, 12.43455], [6.68814, 12.43166], [6.68405, 12.42619], [6.67579, 12.42633], [6.65776, 12.42665], [6.65726, 12.42084], [6.6572, 12.4032], [6.642, 12.4036], [6.64225, 12.401], [6.6419, 12.3975], [6.6446, 12.3926], [6.6456, 12.3895], [6.6453, 12.387], [6.6417, 12.384], [6.6441, 12.3817], [6.6477, 12.3789], [6.6512, 12.377], [6.65909, 12.36007], [6.66387, 12.34983], [6.6629, 12.34283], [6.65327, 12.33769], [6.65221, 12.33853], [6.6505, 12.3395], [6.64814, 12.33912], [6.6455, 12.33863], [6.64443, 12.33708], [6.64251, 12.33612], [6.64187, 12.33677], [6.64012, 12.33666], [6.63905, 12.33659], [6.63791, 12.35826], [6.62536, 12.38437], [6.62143, 12.38359], [6.62033, 12.38511], [6.60763, 12.40492], [6.60776, 12.4217], [6.60599, 12.42904], [6.59791, 12.44753], [6.59108, 12.44741], [6.57154, 12.44528], [6.57068, 12.45009], [6.5751, 12.45055], [6.57396, 12.45733], [6.56944, 12.45626], [6.56528, 12.4768], [6.58345, 12.48676], [6.58817, 12.49041], [6.59558, 12.49693]]]}, "properties": {"name": "Kyambarawa", "lga": "Kaura Namoda", "state": "za"}}, {"type": "Feature", "geometry": {"type": "Polygon", "coordinates": [[[6.56741, 12.73902], [6.54389, 12.74734], [6.53876, 12.74964], [6.51886, 12.7454], [6.51462, 12.75396], [6.50472, 12.75757], [6.49934, 12.76069], [6.49356, 12.75903], [6.49791, 12.7559], [6.50116, 12.75231], [6.49686, 12.74946], [6.49208, 12.74909], [6.48143, 12.75479], [6.47763, 12.75382], [6.47544, 12.7515], [6.47559, 12.74505], [6.47354, 12.74278], [6.47188, 12.74176], [6.47007, 12.74111], [6.46841, 12.74158], [6.46655, 12.74213], [6.46532, 12.74153], [6.46361, 12.73815], [6.45971, 12.73833], [6.44621, 12.72651], [6.44027, 12.72558], [6.429, 12.7228], [6.421, 12.71814], [6.39045, 12.71997], [6.37507, 12.72307], [6.37653, 12.729], [6.3779, 12.73183], [6.37807, 12.73384], [6.37721, 12.73467], [6.37755, 12.73551], [6.37892, 12.73809], [6.38003, 12.73918], [6.37944, 12.74102], [6.37995, 12.7426], [6.38158, 12.74385], [6.38363, 12.74519], [6.38354, 12.74604], [6.38332, 12.74826], [6.38394, 12.75061], [6.385, 12.75161], [6.38762, 12.75162], [6.38929, 12.75339], [6.39101, 12.75565], [6.3941, 12.75826], [6.39642, 12.75988], [6.39903, 12.76052], [6.39957, 12.76063], [6.39867, 12.76208], [6.39909, 12.76301], [6.40866, 12.76608], [6.40937, 12.76794], [6.41038, 12.76976], [6.41252, 12.77017], [6.41472, 12.76996], [6.41614, 12.77147], [6.41698, 12.77356], [6.41804, 12.77477], [6.41983, 12.77547], [6.4209, 12.77651], [6.42262, 12.77732], [6.42532, 12.77803], [6.4286, 12.78005], [6.43038, 12.78109], [6.43152, 12.78241], [6.44642, 12.78192], [6.46345, 12.78234], [6.48576, 12.78519], [6.48866, 12.78702], [6.48764, 12.7959], [6.48269, 12.80257], [6.48382, 12.80612], [6.48487, 12.81322], [6.48567, 12.81722], [6.48338, 12.82089], [6.47955, 12.82224], [6.47723, 12.8238], [6.47347, 12.82583], [6.47022, 12.82972], [6.47031, 12.83664], [6.46834, 12.84457], [6.48151, 12.84348], [6.49016, 12.84306], [6.49734, 12.84048], [6.50248, 12.83697], [6.50404, 12.8365], [6.51573, 12.83796], [6.52109, 12.84353], [6.52308, 12.84387], [6.52542, 12.84438], [6.52715, 12.84488], [6.5275, 12.84589], [6.53018, 12.84539], [6.532, 12.8464], [6.53329, 12.84674], [6.53442, 12.84783], [6.53606, 12.84758], [6.5371, 12.84817], [6.53771, 12.84952], [6.53935, 12.84918], [6.54108, 12.84935], [6.5423, 12.84886], [6.54402, 12.84724], [6.54549, 12.84513], [6.54688, 12.84277], [6.54246, 12.82641], [6.54419, 12.81966], [6.55053, 12.8078], [6.55597, 12.79215], [6.56301, 12.77876], [6.56516, 12.76921], [6.57224, 12.75474], [6.57805, 12.74709], [6.57146, 12.741], [6.56741, 12.73902]]]}, "properties": {"name": "Boko", "lga": "Zurmi", "state": "za"}}, {"type": "Feature", "geometry": {"type": "Polygon", "coordinates": [[[6.82471, 12.5752], [6.82484, 12.57118], [6.8278, 12.56025], [6.83089, 12.55382], [6.83351, 12.54906], [6.83817, 12.5442], [6.84577, 12.53878], [6.84406, 12.53281], [6.84321, 12.51507], [6.84288, 12.51001], [6.83836, 12.50352], [6.83617, 12.49918], [6.83566, 12.49881], [6.83, 12.50726], [6.82681, 12.51202], [6.82115, 12.52935], [6.82085, 12.54617], [6.80654, 12.5439], [6.78471, 12.54655], [6.7822, 12.54888], [6.78177, 12.55295], [6.78204, 12.55342], [6.78009, 12.55628], [6.77757, 12.56285], [6.77251, 12.56638], [6.77072, 12.56726], [6.76378, 12.56876], [6.76407, 12.57003], [6.76628, 12.5733], [6.77062, 12.57296], [6.77554, 12.57456], [6.77953, 12.5781], [6.78238, 12.58057], [6.78286, 12.58532], [6.78604, 12.58665], [6.79543, 12.58795], [6.82471, 12.5752]]]}, "properties": {"name": "Madomawa East", "lga": "Birnin Magaji-Kiyaw", "state": "za"}}, {"type": "Feature", "geometry": {"type": "Polygon", "coordinates": [[[6.80604, 11.95292], [6.80811, 11.95179], [6.82258, 11.95837], [6.82339, 11.95934], [6.82541, 11.96224], [6.81386, 11.98308], [6.81464, 11.99194], [6.8187, 11.9941], [6.83864, 12.00098], [6.852, 12.00183], [6.86049, 12.0028], [6.87958, 12.00187], [6.87995, 12.00643], [6.87451, 12.01012], [6.86703, 12.01984], [6.86322, 12.02545], [6.87003, 12.03227], [6.87555, 12.02975], [6.88274, 12.03495], [6.88375, 12.03541], [6.89141, 12.04027], [6.88861, 12.04726], [6.88679, 12.0535], [6.89305, 12.05433], [6.89585, 12.05449], [6.89693, 12.0545], [6.90824, 12.06256], [6.91031, 12.06065], [6.91802, 12.04852], [6.92012, 12.04861], [6.92472, 12.03312], [6.91657, 12.00374], [6.91847, 12.00025], [6.9201, 11.9976], [6.92031, 11.99235], [6.92311, 11.99049], [6.92418, 11.98589], [6.92614, 11.98276], [6.92643, 11.98026], [6.92566, 11.97892], [6.92632, 11.97712], [6.92774, 11.97555], [6.9275, 11.97375], [6.92434, 11.961], [6.9265, 11.95022], [6.92816, 11.94777], [6.92968, 11.94564], [6.9147, 11.9456], [6.9131, 11.9437], [6.91145, 11.94176], [6.908, 11.9376], [6.8943, 11.9044], [6.88638, 11.89453], [6.88421, 11.8896], [6.88228, 11.88643], [6.88141, 11.8821], [6.88005, 11.87611], [6.8801, 11.8738], [6.87451, 11.86423], [6.8718, 11.8571], [6.8717, 11.8562], [6.8704, 11.8537], [6.87002, 11.85134], [6.87128, 11.85056], [6.8708, 11.8489], [6.86746, 11.84454], [6.84895, 11.86588], [6.84594, 11.86867], [6.8418, 11.87139], [6.8407, 11.87307], [6.84213, 11.87553], [6.84479, 11.87921], [6.84599, 11.88185], [6.84517, 11.88363], [6.84353, 11.88393], [6.84113, 11.88456], [6.83937, 11.88614], [6.83942, 11.88809], [6.84118, 11.89586], [6.84028, 11.89726], [6.83772, 11.89722], [6.83164, 11.90193], [6.83383, 11.91074], [6.83343, 11.91284], [6.8331, 11.92394], [6.82882, 11.92433], [6.82454, 11.92368], [6.82188, 11.93093], [6.8178, 11.9378], [6.81527, 11.94205], [6.80843, 11.94581], [6.80619, 11.94744], [6.8061, 11.94977], [6.80604, 11.95292]]]}, "properties": {"name": "Tsafe Central", "lga": "Tsafe", "state": "za"}}, {"type": "Feature", "geometry": {"type": "Polygon", "coordinates": [[[6.65023, 12.59498], [6.64885, 12.58148], [6.65351, 12.5723], [6.66055, 12.57362], [6.67029, 12.57676], [6.67787, 12.55778], [6.6677, 12.55668], [6.66365, 12.55568], [6.6562, 12.55223], [6.6496, 12.55634], [6.64324, 12.56004], [6.63546, 12.56104], [6.62621, 12.55355], [6.61725, 12.54348], [6.60997, 12.53587], [6.59938, 12.51563], [6.59791, 12.51694], [6.59174, 12.50804], [6.55911, 12.50548], [6.5632, 12.5149], [6.5623, 12.51569], [6.56886, 12.52116], [6.56889, 12.52319], [6.57133, 12.52594], [6.57204, 12.52747], [6.57223, 12.52831], [6.57161, 12.52905], [6.57258, 12.52972], [6.57332, 12.52901], [6.57375, 12.52831], [6.57517, 12.52918], [6.57665, 12.53114], [6.57728, 12.53314], [6.57775, 12.53363], [6.57879, 12.53365], [6.5795, 12.53374], [6.57984, 12.53462], [6.57936, 12.53546], [6.57973, 12.53558], [6.58117, 12.53536], [6.58182, 12.53573], [6.58207, 12.5368], [6.58264, 12.53847], [6.58293, 12.53986], [6.58397, 12.53972], [6.58483, 12.5387], [6.59148, 12.53889], [6.59186, 12.53986], [6.59453, 12.54107], [6.59505, 12.54177], [6.59367, 12.54362], [6.59538, 12.5459], [6.59685, 12.54733], [6.58942, 12.55447], [6.57776, 12.56162], [6.57989, 12.58446], [6.57826, 12.58635], [6.57388, 12.59519], [6.58188, 12.5951], [6.5813, 12.5966], [6.5824, 12.5985], [6.58433, 12.59821], [6.58647, 12.59966], [6.58624, 12.59844], [6.5937, 12.5975], [6.5938, 12.5936], [6.5816, 12.5931], [6.58384, 12.57982], [6.58343, 12.57326], [6.58298, 12.57045], [6.58678, 12.56894], [6.5901, 12.5683], [6.59412, 12.56482], [6.59594, 12.55869], [6.60119, 12.55574], [6.61053, 12.55973], [6.61936, 12.56046], [6.63306, 12.56345], [6.63313, 12.56739], [6.62703, 12.57069], [6.61547, 12.57309], [6.61634, 12.57932], [6.62143, 12.5929], [6.64104, 12.59449], [6.65023, 12.59498]]]}, "properties": {"name": "Galadima Dan Galadima", "lga": "Kaura Namoda", "state": "za"}}, {"type": "Feature", "geometry": {"type": "Polygon", "coordinates": [[[6.6877, 13.13289], [6.74346, 13.11847], [6.79277, 13.13226], [6.80639, 13.10806], [6.82818, 13.08903], [6.84168, 13.07762], [6.79203, 13.04255], [6.75457, 13.00592], [6.74529, 12.99746], [6.7408, 13.0036], [6.73889, 13.00576], [6.73662, 13.00573], [6.71595, 13.01408], [6.69586, 13.01726], [6.67535, 13.02052], [6.66883, 13.02626], [6.6547, 13.0344], [6.63143, 13.04021], [6.61645, 13.04423], [6.60679, 13.0466], [6.65718, 13.09276], [6.6832, 13.1072], [6.6842, 13.1183], [6.6856, 13.1277], [6.6877, 13.13289]]]}, "properties": {"name": "Mashema", "lga": "Zurmi", "state": "za"}}, {"type": "Feature", "geometry": {"type": "Polygon", "coordinates": [[[6.41995, 12.56709], [6.41728, 12.64], [6.49766, 12.65091], [6.52417, 12.65352], [6.53171, 12.65204], [6.53642, 12.64887], [6.54049, 12.64761], [6.55197, 12.65102], [6.55603, 12.6385], [6.55624, 12.62594], [6.55696, 12.62236], [6.56501, 12.61261], [6.57119, 12.61403], [6.57369, 12.60557], [6.58031, 12.60301], [6.57957, 12.60084], [6.57494, 12.598], [6.57388, 12.59519], [6.57826, 12.58635], [6.57989, 12.58446], [6.57776, 12.56162], [6.58942, 12.55447], [6.59685, 12.54733], [6.59538, 12.5459], [6.59367, 12.54362], [6.59505, 12.54177], [6.59453, 12.54107], [6.59186, 12.53986], [6.59148, 12.53889], [6.58963, 12.53903], [6.58787, 12.53861], [6.58635, 12.53912], [6.58483, 12.5387], [6.58397, 12.53972], [6.58293, 12.53986], [6.5805, 12.54153], [6.57788, 12.5417], [6.56861, 12.5418], [6.5694, 12.547], [6.56174, 12.54618], [6.54812, 12.54381], [6.54801, 12.54352], [6.54384, 12.54323], [6.54136, 12.54356], [6.53094, 12.54925], [6.53282, 12.55864], [6.53227, 12.56009], [6.52855, 12.56072], [6.50802, 12.56208], [6.50493, 12.55111], [6.50092, 12.54462], [6.49272, 12.54405], [6.48002, 12.54221], [6.46818, 12.54067], [6.41995, 12.56709]]]}, "properties": {"name": "Kungurki", "lga": "Kaura Namoda", "state": "za"}}, {"type": "Feature", "geometry": {"type": "Polygon", "coordinates": [[[6.66347, 12.65157], [6.6368, 12.66332], [6.62048, 12.66746], [6.60233, 12.67221], [6.55983, 12.67881], [6.55002, 12.67795], [6.56642, 12.73791], [6.56741, 12.73902], [6.57146, 12.741], [6.57805, 12.74709], [6.57224, 12.75474], [6.56516, 12.76921], [6.56301, 12.77876], [6.55597, 12.79215], [6.55053, 12.8078], [6.5645, 12.80967], [6.60837, 12.81092], [6.6126, 12.8019], [6.61205, 12.78747], [6.61411, 12.78083], [6.61343, 12.77337], [6.61828, 12.76606], [6.62812, 12.76356], [6.63468, 12.75807], [6.6382, 12.7558], [6.64993, 12.76166], [6.65742, 12.77556], [6.66129, 12.7541], [6.66283, 12.73618], [6.66536, 12.73344], [6.67342, 12.72141], [6.68025, 12.71024], [6.68712, 12.70297], [6.68677, 12.69144], [6.69986, 12.68001], [6.7127, 12.67247], [6.70982, 12.65337], [6.70966, 12.64378], [6.70422, 12.6424], [6.68895, 12.64295], [6.66748, 12.64964], [6.66347, 12.65157]]]}, "properties": {"name": "Kanwa", "lga": "Zurmi", "state": "za"}}, {"type": "Feature", "geometry": {"type": "Polygon", "coordinates": [[[6.86746, 11.84454], [6.87065, 11.84386], [6.87352, 11.84181], [6.87589, 11.83826], [6.8754, 11.83087], [6.87672, 11.82447], [6.87815, 11.8197], [6.8977, 11.80185], [6.89976, 11.80116], [6.90169, 11.79971], [6.90039, 11.79389], [6.90223, 11.78898], [6.89608, 11.78748], [6.89538, 11.78338], [6.89388, 11.78126], [6.89263, 11.77967], [6.89132, 11.77912], [6.89147, 11.77799], [6.89195, 11.7762], [6.88974, 11.7716], [6.88778, 11.7659], [6.88623, 11.76131], [6.88255, 11.7584], [6.88308, 11.75537], [6.88582, 11.75235], [6.88558, 11.74816], [6.88397, 11.74473], [6.8855, 11.73542], [6.88443, 11.72564], [6.88443, 11.72006], [6.88396, 11.71681], [6.88076, 11.71089], [6.88115, 11.7056], [6.87791, 11.69842], [6.8743, 11.69038], [6.869, 11.6785], [6.8658, 11.663], [6.86089, 11.65322], [6.8552, 11.6419], [6.852, 11.6207], [6.85242, 11.61619], [6.8544, 11.59522], [6.85047, 11.58779], [6.84005, 11.5746], [6.83311, 11.56418], [6.82894, 11.55446], [6.82478, 11.54612], [6.81089, 11.54196], [6.80742, 11.54196], [6.79214, 11.54196], [6.77547, 11.55029], [6.75811, 11.56835], [6.74086, 11.57455], [6.74075, 11.5746], [6.73838, 11.57629], [6.71366, 11.59404], [6.72055, 11.6189], [6.72567, 11.63421], [6.72256, 11.67147], [6.70429, 11.69415], [6.70435, 11.69423], [6.68188, 11.71466], [6.69868, 11.79535], [6.74126, 11.78882], [6.78672, 11.78096], [6.81142, 11.76897], [6.8294, 11.80697], [6.83864, 11.84178], [6.84969, 11.84361], [6.86746, 11.84454]]]}, "properties": {"name": "Danjibga", "lga": "Tsafe", "state": "za"}}, {"type": "Feature", "geometry": {"type": "Polygon", "coordinates": [[[6.97879, 12.41644], [6.9663, 12.39808], [6.95395, 12.37524], [6.89599, 12.34695], [6.87494, 12.33228], [6.87249, 12.3307], [6.85153, 12.34697], [6.83967, 12.3589], [6.82418, 12.37494], [6.81726, 12.39557], [6.84455, 12.40025], [6.87573, 12.4112], [6.8976, 12.43395], [6.92024, 12.42983], [6.97879, 12.41644]]]}, "properties": {"name": "Gusami Gari", "lga": "Birnin Magaji-Kiyaw", "state": "za"}}, {"type": "Feature", "geometry": {"type": "Polygon", "coordinates": [[[6.79446, 12.18442], [6.80356, 12.18486], [6.81063, 12.18195], [6.82568, 12.17725], [6.83189, 12.17467], [6.81238, 12.15352], [6.81268, 12.13098], [6.80378, 12.12379], [6.7976, 12.11982], [6.78428, 12.11121], [6.75671, 12.13758], [6.75892, 12.14144], [6.75972, 12.15193], [6.75874, 12.16063], [6.75367, 12.16881], [6.74786, 12.18096], [6.76037, 12.18918], [6.76278, 12.19145], [6.76935, 12.18915], [6.77921, 12.18591], [6.79446, 12.18442]]]}, "properties": {"name": "Sankalawa", "lga": "Bungudu", "state": "za"}}, {"type": "Feature", "geometry": {"type": "Polygon", "coordinates": [[[6.82913, 12.57834], [6.82471, 12.5752], [6.79543, 12.58795], [6.78604, 12.58665], [6.78286, 12.58532], [6.78238, 12.58057], [6.77953, 12.5781], [6.77554, 12.57456], [6.77062, 12.57296], [6.76628, 12.5733], [6.76407, 12.57003], [6.76378, 12.56876], [6.77072, 12.56726], [6.77251, 12.56638], [6.77757, 12.56285], [6.78009, 12.55628], [6.78204, 12.55342], [6.78177, 12.55295], [6.7822, 12.54888], [6.78471, 12.54655], [6.80654, 12.5439], [6.82085, 12.54617], [6.82115, 12.52935], [6.82681, 12.51202], [6.83, 12.50726], [6.82254, 12.50254], [6.82718, 12.49455], [6.82057, 12.49201], [6.79816, 12.47886], [6.77482, 12.50089], [6.77142, 12.50339], [6.74484, 12.50469], [6.74183, 12.5104], [6.74014, 12.52172], [6.73259, 12.52508], [6.72688, 12.52722], [6.72188, 12.53127], [6.7176, 12.53841], [6.71641, 12.54317], [6.71427, 12.55031], [6.71451, 12.55863], [6.71689, 12.56482], [6.72522, 12.56625], [6.73473, 12.56482], [6.7433, 12.56791], [6.74592, 12.57434], [6.7507, 12.57979], [6.75496, 12.58198], [6.75758, 12.58208], [6.76154, 12.58815], [6.78241, 12.58909], [6.78251, 12.59963], [6.78169, 12.60931], [6.78298, 12.61342], [6.78355, 12.61739], [6.78355, 12.61961], [6.7851, 12.6201], [6.78996, 12.6059], [6.80679, 12.60945], [6.81606, 12.61168], [6.82319, 12.60915], [6.82913, 12.57834]]]}, "properties": {"name": "Nassarawa Godel West", "lga": "Birnin Magaji-Kiyaw", "state": "za"}}, {"type": "Feature", "geometry": {"type": "Polygon", "coordinates": [[[6.66203, 12.17011], [6.662, 12.17013], [6.66163, 12.17031], [6.66387, 12.17042], [6.66438, 12.17091], [6.66505, 12.17165], [6.66727, 12.17399], [6.6766, 12.1668], [6.67852, 12.16278], [6.67924, 12.16206], [6.6804, 12.16136], [6.68214, 12.16014], [6.6858, 12.1578], [6.68176, 12.15263], [6.6808, 12.15126], [6.67878, 12.15284], [6.67808, 12.15313], [6.6765, 12.15066], [6.67211, 12.15539], [6.66841, 12.15328], [6.66996, 12.15627], [6.66664, 12.15548], [6.66851, 12.15866], [6.66429, 12.16465], [6.66355, 12.16958], [6.66203, 12.17011]]]}, "properties": {"name": "Sabon Gari", "lga": "Gusau", "state": "za"}}, {"type": "Feature", "geometry": {"type": "Polygon", "coordinates": [[[6.98899, 12.67344], [7.00032, 12.67044], [7.01658, 12.66626], [6.93033, 12.61517], [6.89476, 12.59951], [6.87048, 12.59519], [6.85799, 12.59068], [6.85092, 12.58266], [6.84534, 12.5774], [6.82913, 12.57834], [6.82319, 12.60915], [6.81606, 12.61168], [6.80679, 12.60945], [6.78996, 12.6059], [6.7851, 12.6201], [6.78697, 12.62263], [6.79025, 12.62532], [6.79758, 12.62625], [6.80087, 12.63179], [6.80765, 12.63631], [6.8115, 12.63756], [6.81335, 12.63993], [6.8167, 12.64284], [6.81886, 12.64296], [6.82476, 12.64438], [6.82804, 12.64271], [6.83011, 12.64264], [6.83297, 12.64451], [6.83367, 12.64384], [6.85007, 12.64229], [6.86997, 12.64271], [6.98899, 12.67344]]]}, "properties": {"name": "Birnin Magaji", "lga": "Birnin Magaji-Kiyaw", "state": "za"}}, {"type": "Feature", "geometry": {"type": "Polygon", "coordinates": [[[6.96682, 12.0667], [6.96544, 12.06848], [6.96305, 12.06884], [6.96022, 12.06958], [6.95744, 12.06986], [6.95502, 12.07718], [6.95409, 12.07781], [6.95231, 12.07893], [6.95045, 12.08039], [6.94574, 12.081], [6.93369, 12.07937], [6.92298, 12.08119], [6.9175, 12.0893], [6.91493, 12.09011], [6.9111, 12.08717], [6.90626, 12.09082], [6.88578, 12.10515], [6.89645, 12.11893], [6.89987, 12.13161], [6.90494, 12.14856], [6.90679, 12.15966], [6.91425, 12.16394], [6.9211, 12.16684], [6.92669, 12.16862], [6.93445, 12.17102], [6.9381, 12.17184], [6.93831, 12.16953], [6.9389, 12.16913], [6.93932, 12.16824], [6.93807, 12.16797], [6.93819, 12.16686], [6.93793, 12.16333], [6.93831, 12.16264], [6.93834, 12.16191], [6.93918, 12.16066], [6.9466, 12.15517], [6.94886, 12.15474], [6.9501, 12.15109], [6.95813, 12.14403], [6.9662, 12.1493], [6.9676, 12.1505], [6.9692, 12.1515], [6.97938, 12.15656], [6.99145, 12.1703], [7.01584, 12.14406], [7.01734, 12.14282], [7.02139, 12.13893], [7.01687, 12.12514], [7.01475, 12.1187], [7.01315, 12.11381], [7.01052, 12.1125], [7.00023, 12.09691], [6.99656, 12.09093], [6.96682, 12.0667]]]}, "properties": {"name": "Mada", "lga": "Gusau", "state": "za"}}, {"type": "Feature", "geometry": {"type": "Polygon", "coordinates": [[[6.49502, 12.43051], [6.50026, 12.44436], [6.50084, 12.44655], [6.52906, 12.44959], [6.53772, 12.44254], [6.54487, 12.43787], [6.55682, 12.43708], [6.56339, 12.4379], [6.56868, 12.44213], [6.57154, 12.44528], [6.57625, 12.41957], [6.57939, 12.41488], [6.57739, 12.41432], [6.57658, 12.41345], [6.57383, 12.41205], [6.57396, 12.41107], [6.57297, 12.41038], [6.57345, 12.40917], [6.57648, 12.40444], [6.57778, 12.39693], [6.58179, 12.38262], [6.58172, 12.35652], [6.58099, 12.35599], [6.57789, 12.35325], [6.57364, 12.34956], [6.57745, 12.33053], [6.57823, 12.32656], [6.56711, 12.32656], [6.57111, 12.31451], [6.57879, 12.30486], [6.58066, 12.29726], [6.58146, 12.29397], [6.57673, 12.29305], [6.5715, 12.2936], [6.5715, 12.2944], [6.5711, 12.2958], [6.56721, 12.29837], [6.56522, 12.30058], [6.56141, 12.30487], [6.55918, 12.30907], [6.55195, 12.31506], [6.5438, 12.31463], [6.53843, 12.31408], [6.53833, 12.31389], [6.536, 12.32134], [6.53526, 12.32737], [6.53101, 12.33673], [6.52933, 12.34047], [6.5259, 12.34764], [6.52508, 12.34521], [6.52194, 12.34499], [6.5218, 12.34145], [6.51874, 12.34068], [6.5139, 12.33961], [6.51183, 12.33868], [6.50966, 12.33874], [6.50674, 12.33867], [6.50395, 12.3369], [6.50117, 12.33491], [6.4994, 12.33395], [6.49665, 12.33394], [6.49101, 12.33122], [6.48631, 12.33024], [6.48392, 12.34041], [6.48979, 12.34827], [6.48929, 12.35127], [6.48252, 12.35902], [6.47931, 12.36422], [6.48002, 12.36973], [6.48485, 12.37925], [6.48504, 12.38212], [6.47861, 12.39433], [6.48184, 12.40325], [6.48775, 12.40541], [6.50025, 12.41292], [6.49502, 12.43051]]]}, "properties": {"name": "Nahuche", "lga": "Bungudu", "state": "za"}}, {"type": "Feature", "geometry": {"type": "Polygon", "coordinates": [[[6.96682, 12.0667], [6.99656, 12.09093], [7.00023, 12.09691], [7.02289, 12.09334], [7.03459, 12.09033], [7.03852, 12.09065], [7.041, 12.09046], [7.04292, 12.089], [7.04941, 12.08807], [7.05174, 12.08777], [7.05527, 12.08671], [7.05859, 12.08766], [7.07256, 12.08482], [7.07636, 12.08633], [7.08194, 12.08661], [7.08603, 12.08655], [7.09671, 12.09245], [7.09937, 12.089], [7.10046, 12.08755], [7.10137, 12.08549], [7.09972, 12.08353], [7.09686, 12.08074], [7.09892, 12.07885], [7.10183, 12.07885], [7.10233, 12.07685], [7.09972, 12.07433], [7.09903, 12.07193], [7.09869, 12.06942], [7.09669, 12.0692], [7.09658, 12.06808], [7.09789, 12.0673], [7.098, 12.06518], [7.0984, 12.0637], [7.09932, 12.06403], [7.10299, 12.06445], [7.10496, 12.06043], [7.10553, 12.05729], [7.10639, 12.05443], [7.10803, 12.05269], [7.10974, 12.05234], [7.11188, 12.05199], [7.11352, 12.04906], [7.11416, 12.04327], [7.11316, 12.03651], [7.10781, 12.02779], [7.10428, 12.02392], [7.10353, 12.02145], [7.10346, 12.01928], [7.0993, 12.01759], [7.09904, 12.01482], [7.09961, 12.01294], [7.09726, 12.01168], [7.09612, 12.01022], [7.09398, 12.01015], [7.0932, 12.00638], [7.09263, 12.00541], [7.09056, 12.00534], [7.08863, 12.00422], [7.08729, 12.00122], [7.08683, 11.99914], [7.08838, 11.99719], [7.08792, 11.99407], [7.08718, 11.99066], [7.08481, 11.99065], [7.08256, 11.9823], [7.08018, 11.98016], [7.07936, 11.97806], [7.07905, 11.97481], [7.07623, 11.97376], [7.07355, 11.97058], [7.07161, 11.96795], [7.06939, 11.96511], [7.0675, 11.96483], [7.06442, 11.96394], [7.06442, 11.96031], [7.06529, 11.95504], [7.05344, 11.94697], [7.0548, 11.94475], [7.0592, 11.93587], [7.05961, 11.93253], [7.05558, 11.92923], [7.05317, 11.90507], [7.063, 11.90002], [7.06649, 11.89041], [7.07055, 11.88555], [7.06219, 11.85525], [7.05081, 11.84231], [7.04635, 11.84283], [7.04446, 11.84418], [7.0204, 11.86322], [7.01981, 11.86394], [6.99699, 11.87403], [6.99186, 11.87573], [6.99107, 11.89624], [6.98789, 11.90106], [6.98856, 11.92725], [6.98998, 11.93098], [6.98991, 11.9323], [6.98459, 11.9547], [6.98357, 11.96255], [6.97854, 11.96342], [6.9763, 11.96387], [6.97639, 11.96761], [6.97653, 11.9704], [7.00013, 11.97061], [7.00776, 11.97828], [7.00861, 11.98808], [6.99718, 12.00834], [6.99417, 12.01149], [6.97325, 12.01246], [6.97243, 12.01386], [6.96933, 12.01689], [6.96919, 12.01761], [6.97845, 12.04005], [6.97869, 12.04476], [6.97676, 12.05159], [6.97006, 12.05982], [6.96682, 12.0667]]]}, "properties": {"name": "Yanware", "lga": "Tsafe", "state": "za"}}, {"type": "Feature", "geometry": {"type": "Polygon", "coordinates": [[[7.01006, 12.43326], [6.99654, 12.42588], [6.97879, 12.41644], [6.92024, 12.42983], [6.8976, 12.43395], [6.88393, 12.44582], [6.87796, 12.45093], [6.84416, 12.48374], [6.83572, 12.49784], [6.84288, 12.51001], [6.84321, 12.51507], [6.84406, 12.53281], [6.84577, 12.53878], [6.86625, 12.53693], [6.86707, 12.53776], [6.86969, 12.5394], [6.87254, 12.54501], [6.87134, 12.54954], [6.87378, 12.55461], [6.87565, 12.55649], [6.87642, 12.56011], [6.8781, 12.55995], [6.87847, 12.56104], [6.88323, 12.56255], [6.88531, 12.56484], [6.8861, 12.56545], [6.89696, 12.57154], [6.90694, 12.55618], [6.90724, 12.54777], [6.90348, 12.54253], [6.90348, 12.53771], [6.90444, 12.53307], [6.90639, 12.53086], [6.90805, 12.53047], [6.91919, 12.53395], [6.92838, 12.53248], [6.93425, 12.5316], [6.93892, 12.53233], [6.93937, 12.52983], [6.93501, 12.52851], [6.93516, 12.52395], [6.93711, 12.52189], [6.94118, 12.51572], [6.94645, 12.51601], [6.95232, 12.51219], [6.95368, 12.50763], [6.95232, 12.50043], [6.94652, 12.49115], [6.9466, 12.4897], [6.94877, 12.48902], [6.9498, 12.48968], [6.94945, 12.49101], [6.95173, 12.49212], [6.9625, 12.48941], [6.96086, 12.48265], [6.9625, 12.48126], [6.96478, 12.48321], [6.96628, 12.48363], [6.96927, 12.48126], [6.97335, 12.47848], [6.97672, 12.47529], [6.98004, 12.47116], [6.9826, 12.4713], [6.98703, 12.46775], [6.99594, 12.45724], [7.00136, 12.45508], [7.00383, 12.45235], [7.00597, 12.44926], [7.01035, 12.4461], [7.01006, 12.43326]]]}, "properties": {"name": "Nassarawa Godel East", "lga": "Birnin Magaji-Kiyaw", "state": "za"}}, {"type": "Feature", "geometry": {"type": "Polygon", "coordinates": [[[6.38105, 12.06732], [6.402, 12.09944], [6.41573, 12.11335], [6.45219, 12.14669], [6.4623, 12.1523], [6.4803, 12.14863], [6.48807, 12.13493], [6.50171, 12.13465], [6.51519, 12.12831], [6.51814, 12.1211], [6.51139, 12.10191], [6.51335, 12.09837], [6.51519, 12.0985], [6.52474, 12.10099], [6.53793, 12.11139], [6.54737, 12.10124], [6.55394, 12.09671], [6.55501, 12.09679], [6.56349, 12.09043], [6.57088, 12.08834], [6.5736, 12.0741], [6.5777, 12.0611], [6.5817, 12.056], [6.5798, 12.04628], [6.57861, 12.04419], [6.5786, 12.04364], [6.57719, 12.04126], [6.57783, 12.03617], [6.57739, 12.03389], [6.5747, 12.0214], [6.57431, 12.01114], [6.57326, 12.00467], [6.57728, 11.96324], [6.57929, 11.96145], [6.58077, 11.96026], [6.58133, 11.96023], [6.58399, 11.9643], [6.59008, 11.95835], [6.59261, 11.95202], [6.58515, 11.92945], [6.58192, 11.91333], [6.57404, 11.91397], [6.54086, 11.91693], [6.53342, 11.91235], [6.52983, 11.89813], [6.5125, 11.89139], [6.50405, 11.89353], [6.48921, 11.90979], [6.48731, 11.91538], [6.48737, 11.92051], [6.48143, 11.93452], [6.48239, 11.94646], [6.47864, 11.95348], [6.47284, 11.95744], [6.46685, 11.96274], [6.46229, 11.97125], [6.45642, 11.98928], [6.45732, 12.01797], [6.44444, 12.01783], [6.43468, 12.01887], [6.41148, 12.02318], [6.39958, 12.02771], [6.39303, 12.02811], [6.35477, 12.03925], [6.35867, 12.04308], [6.36054, 12.04473], [6.36159, 12.04917], [6.36245, 12.0495], [6.36381, 12.04922], [6.36518, 12.04987], [6.38105, 12.06732]]]}, "properties": {"name": "Bingi North", "lga": "Bungudu", "state": "za"}}, {"type": "Feature", "geometry": {"type": "Polygon", "coordinates": [[[6.44475, 12.36714], [6.4494, 12.35515], [6.45526, 12.35362], [6.45542, 12.34239], [6.45155, 12.33606], [6.44878, 12.33145], [6.44623, 12.3248], [6.43662, 12.31882], [6.43883, 12.31533], [6.44247, 12.31447], [6.44248, 12.30264], [6.44129, 12.29013], [6.44321, 12.28116], [6.44439, 12.27243], [6.43604, 12.26882], [6.42527, 12.26802], [6.4221, 12.26543], [6.41241, 12.26487], [6.3958, 12.26353], [6.39434, 12.23485], [6.36511, 12.23361], [6.36183, 12.27712], [6.35512, 12.28488], [6.33512, 12.30196], [6.32843, 12.30366], [6.31556, 12.30515], [6.29463, 12.31151], [6.28738, 12.31206], [6.28679, 12.31645], [6.28713, 12.31963], [6.28747, 12.3218], [6.28593, 12.32314], [6.28619, 12.3259], [6.28711, 12.33117], [6.29346, 12.34621], [6.29543, 12.34772], [6.29637, 12.34955], [6.29577, 12.3519], [6.295, 12.35507], [6.29577, 12.35858], [6.29466, 12.36025], [6.29209, 12.36193], [6.29186, 12.36342], [6.2986, 12.37546], [6.29765, 12.37797], [6.29774, 12.38081], [6.29954, 12.38466], [6.30056, 12.38792], [6.30133, 12.39118], [6.29553, 12.40108], [6.2986, 12.40246], [6.30044, 12.40416], [6.30262, 12.40405], [6.30664, 12.40229], [6.31006, 12.40104], [6.31203, 12.39836], [6.31177, 12.39594], [6.31306, 12.39477], [6.31537, 12.39477], [6.31842, 12.39476], [6.32127, 12.3992], [6.32332, 12.40037], [6.32887, 12.40169], [6.33925, 12.40121], [6.36057, 12.39272], [6.36355, 12.3861], [6.36774, 12.38249], [6.37286, 12.38037], [6.37976, 12.37789], [6.38134, 12.38211], [6.39874, 12.37231], [6.39882, 12.3655], [6.39743, 12.35455], [6.40865, 12.35729], [6.40934, 12.35712], [6.41069, 12.35567], [6.41273, 12.3546], [6.4154, 12.35497], [6.41771, 12.35586], [6.42005, 12.35944], [6.4253, 12.36201], [6.44475, 12.36714]]]}, "properties": {"name": "Maru", "lga": "Maru", "state": "za"}}, {"type": "Feature", "geometry": {"type": "Polygon", "coordinates": [[[7.14082, 11.91134], [7.14146, 11.91539], [7.14146, 11.92425], [7.13875, 11.93011], [7.14025, 11.93841], [7.14353, 11.9398], [7.14609, 11.94699], [7.14591, 11.95774], [7.14587, 11.9602], [7.14508, 11.96505], [7.1456, 11.96823], [7.14611, 11.97164], [7.14839, 11.97337], [7.14782, 11.97627], [7.1456, 11.97878], [7.14508, 11.98117], [7.14508, 11.98336], [7.14714, 11.98308], [7.14896, 11.98118], [7.1493, 11.97906], [7.15055, 11.97911], [7.15164, 11.98017], [7.15339, 11.98157], [7.15782, 11.98969], [7.15632, 11.99189], [7.15617, 11.99467], [7.15558, 11.99574], [7.15335, 11.99781], [7.15101, 12.00093], [7.15073, 12.00361], [7.15307, 12.00372], [7.15455, 12.00417], [7.15387, 12.00629], [7.15502, 12.00689], [7.15552, 12.00583], [7.15683, 12.00545], [7.15718, 12.00634], [7.15763, 12.00735], [7.15957, 12.00757], [7.16026, 12.00852], [7.16111, 12.01209], [7.16436, 12.01583], [7.16459, 12.02057], [7.16516, 12.02133], [7.16858, 12.02124], [7.17052, 12.02035], [7.17121, 12.01728], [7.17161, 12.01427], [7.17298, 12.01215], [7.17474, 12.01014], [7.17651, 12.00835], [7.18045, 12.00791], [7.18284, 12.00612], [7.18438, 12.00372], [7.18598, 12.00199], [7.18849, 12.00155], [7.19015, 12.0016], [7.19197, 12.00155], [7.19367, 12.00041], [7.19539, 11.99943], [7.1969, 11.99839], [7.19729, 11.99264], [7.19762, 11.99129], [7.19881, 11.99017], [7.20176, 11.98948], [7.2055, 11.98903], [7.20822, 11.98802], [7.2108, 11.98546], [7.21192, 11.97972], [7.20954, 11.97593], [7.20971, 11.97414], [7.21097, 11.96991], [7.21106, 11.96417], [7.21394, 11.9624], [7.22047, 11.96092], [7.22047, 11.95685], [7.21975, 11.95144], [7.22032, 11.94976], [7.22232, 11.94959], [7.22351, 11.95177], [7.22554, 11.95223], [7.23118, 11.94944], [7.23788, 11.94554], [7.24085, 11.94203], [7.2438, 11.93886], [7.24657, 11.93256], [7.23593, 11.92136], [7.22642, 11.91351], [7.21708, 11.91287], [7.2053, 11.90854], [7.20598, 11.90691], [7.19976, 11.90051], [7.19306, 11.90065], [7.19096, 11.9037], [7.19157, 11.90677], [7.1907, 11.907], [7.1825, 11.9095], [7.1714, 11.9106], [7.16496, 11.90905], [7.14581, 11.91237], [7.14082, 11.91134]]]}, "properties": {"name": "Dauki", "lga": "Tsafe", "state": "za"}}, {"type": "Feature", "geometry": {"type": "Polygon", "coordinates": [[[6.82692, 12.07742], [6.82427, 12.06688], [6.8187, 12.05138], [6.7892, 12.072], [6.78692, 12.07393], [6.78606, 12.07569], [6.78647, 12.07795], [6.78515, 12.07824], [6.7787, 12.0815], [6.77424, 12.08471], [6.7238, 12.1225], [6.71883, 12.12659], [6.70119, 12.14082], [6.6967, 12.1449], [6.69277, 12.14059], [6.68616, 12.14709], [6.6818, 12.15055], [6.6808, 12.15126], [6.68176, 12.15263], [6.6858, 12.1578], [6.68214, 12.16014], [6.6804, 12.16136], [6.67924, 12.16206], [6.67852, 12.16278], [6.6766, 12.1668], [6.67341, 12.16927], [6.67533, 12.17665], [6.68246, 12.17753], [6.68249, 12.17704], [6.68256, 12.17641], [6.68261, 12.17614], [6.68329, 12.17636], [6.68394, 12.17653], [6.68383, 12.17762], [6.68503, 12.17759], [6.68585, 12.17762], [6.68845, 12.1816], [6.69471, 12.18244], [6.68623, 12.1934], [6.70157, 12.19742], [6.71229, 12.19833], [6.72906, 12.19954], [6.73043, 12.19968], [6.74258, 12.20238], [6.74205, 12.20004], [6.74144, 12.199], [6.74125, 12.19839], [6.74243, 12.19689], [6.74243, 12.19687], [6.74283, 12.1963], [6.74252, 12.19554], [6.74321, 12.19116], [6.74642, 12.18498], [6.74786, 12.18096], [6.75367, 12.16881], [6.75874, 12.16063], [6.75972, 12.15193], [6.75892, 12.14144], [6.75671, 12.13758], [6.78428, 12.11121], [6.78429, 12.10513], [6.78437, 12.10321], [6.78291, 12.10283], [6.78285, 12.10058], [6.78765, 12.10065], [6.78728, 12.09754], [6.7934, 12.09735], [6.79554, 12.09735], [6.80045, 12.09705], [6.81032, 12.09487], [6.82465, 12.08796], [6.82692, 12.07742]]]}, "properties": {"name": "Tudun Wada", "lga": "Gusau", "state": "za"}}, {"type": "Feature", "geometry": {"type": "Polygon", "coordinates": [[[6.66163, 12.17031], [6.66113, 12.1703], [6.65916, 12.17023], [6.6592, 12.1677], [6.65934, 12.1667], [6.65926, 12.1663], [6.65427, 12.16555], [6.65294, 12.16263], [6.62624, 12.16571], [6.61198, 12.16566], [6.59623, 12.16153], [6.58489, 12.15764], [6.58304, 12.17744], [6.58653, 12.18551], [6.59132, 12.19886], [6.59785, 12.19925], [6.60533, 12.19837], [6.61077, 12.1989], [6.62074, 12.20045], [6.62345, 12.19523], [6.6216, 12.19287], [6.62205, 12.18284], [6.62342, 12.17826], [6.6243, 12.17651], [6.62495, 12.17595], [6.64125, 12.17646], [6.63965, 12.17705], [6.63545, 12.18018], [6.63468, 12.18162], [6.63968, 12.18479], [6.6423, 12.18249], [6.64289, 12.18151], [6.64397, 12.17992], [6.64432, 12.18021], [6.64481, 12.18046], [6.64543, 12.18091], [6.64586, 12.17973], [6.64535, 12.17928], [6.64606, 12.17879], [6.64735, 12.17758], [6.64831, 12.17649], [6.65058, 12.17742], [6.65099, 12.18108], [6.64958, 12.18224], [6.6482, 12.1836], [6.64642, 12.18687], [6.64358, 12.19197], [6.64465, 12.20215], [6.63819, 12.20525], [6.64525, 12.20724], [6.65086, 12.2114], [6.65188, 12.21538], [6.65282, 12.21865], [6.65287, 12.21889], [6.65492, 12.22139], [6.65498, 12.22142], [6.66309, 12.21771], [6.66654, 12.21512], [6.66989, 12.21492], [6.67217, 12.21503], [6.67561, 12.21562], [6.67674, 12.20774], [6.67718, 12.20384], [6.68847, 12.19173], [6.69471, 12.18244], [6.68845, 12.1816], [6.68585, 12.17762], [6.68503, 12.17759], [6.68383, 12.17762], [6.68394, 12.17653], [6.68329, 12.17636], [6.68261, 12.17614], [6.68256, 12.17641], [6.68249, 12.17704], [6.68246, 12.17753], [6.67533, 12.17665], [6.67341, 12.16927], [6.67036, 12.17162], [6.6689, 12.1727], [6.66727, 12.17399], [6.66505, 12.17165], [6.66438, 12.17091], [6.66387, 12.17042], [6.66163, 12.17031]]]}, "properties": {"name": "Galadima", "lga": "Gusau", "state": "za"}}, {"type": "Feature", "geometry": {"type": "Polygon", "coordinates": [[[6.90221, 11.79885], [6.87815, 11.8197], [6.87672, 11.82447], [6.8754, 11.83087], [6.87589, 11.83826], [6.87352, 11.84181], [6.87065, 11.84386], [6.86746, 11.84454], [6.8708, 11.8489], [6.87128, 11.85056], [6.87002, 11.85134], [6.8704, 11.8537], [6.8717, 11.8562], [6.8718, 11.8571], [6.87451, 11.86423], [6.8801, 11.8738], [6.88005, 11.87611], [6.88141, 11.8821], [6.88228, 11.88643], [6.88421, 11.8896], [6.88638, 11.89453], [6.8943, 11.9044], [6.908, 11.9376], [6.91145, 11.94176], [6.9131, 11.9437], [6.9147, 11.9456], [6.92968, 11.94564], [6.9472, 11.93568], [6.95157, 11.93121], [6.95531, 11.91984], [6.9658, 11.91788], [6.97518, 11.91054], [6.98789, 11.90106], [6.99107, 11.89624], [6.99186, 11.87573], [6.99699, 11.87403], [7.01981, 11.86394], [7.0204, 11.86322], [7.04446, 11.84418], [7.04635, 11.84283], [7.05081, 11.84231], [7.06967, 11.81968], [7.07201, 11.81746], [7.07443, 11.81613], [7.0724, 11.8086], [7.0699, 11.8076], [7.0671, 11.8064], [7.0626, 11.8045], [7.06002, 11.78988], [7.05654, 11.78948], [7.05507, 11.78876], [7.04972, 11.78852], [7.04437, 11.78959], [7.04261, 11.79038], [7.03964, 11.79612], [7.03881, 11.79826], [7.03732, 11.80091], [7.03375, 11.80311], [7.03193, 11.80498], [7.02143, 11.81108], [7.01734, 11.81558], [6.99875, 11.81061], [6.99371, 11.81103], [6.99281, 11.81202], [6.99219, 11.8127], [6.99181, 11.81232], [6.99133, 11.81165], [6.99095, 11.81084], [6.98992, 11.81077], [6.9878, 11.8102], [6.98764, 11.81138], [6.98685, 11.8122], [6.98566, 11.81244], [6.98212, 11.80941], [6.98043, 11.80909], [6.97766, 11.8081], [6.97757, 11.80848], [6.97713, 11.80912], [6.97677, 11.8086], [6.97588, 11.8061], [6.97344, 11.80316], [6.96364, 11.80441], [6.95273, 11.80033], [6.95066, 11.80242], [6.94866, 11.8026], [6.94806, 11.80393], [6.94695, 11.80361], [6.94353, 11.79771], [6.9344, 11.79489], [6.93332, 11.79338], [6.93062, 11.79335], [6.92864, 11.79292], [6.92246, 11.78743], [6.91995, 11.78728], [6.9174, 11.78587], [6.90986, 11.78578], [6.90221, 11.79885]]]}, "properties": {"name": "Bilbis", "lga": "Tsafe", "state": "za"}}, {"type": "Feature", "geometry": {"type": "Polygon", "coordinates": [[[6.66283, 12.73618], [6.66129, 12.7541], [6.65742, 12.77556], [6.66672, 12.78157], [6.67606, 12.7847], [6.68048, 12.7863], [6.68493, 12.78774], [6.68811, 12.78971], [6.68968, 12.79138], [6.6916, 12.79249], [6.69602, 12.79214], [6.70636, 12.79092], [6.71021, 12.79298], [6.71378, 12.79499], [6.71456, 12.79931], [6.71356, 12.80854], [6.70351, 12.81498], [6.69766, 12.82225], [6.689, 12.82815], [6.68014, 12.83423], [6.68137, 12.84877], [6.70909, 12.84807], [6.7361, 12.84477], [6.76255, 12.84275], [6.79073, 12.83367], [6.79511, 12.83197], [6.79753, 12.80936], [6.7965, 12.79434], [6.79276, 12.76037], [6.781, 12.75917], [6.77485, 12.75801], [6.75986, 12.75311], [6.74955, 12.74438], [6.74258, 12.74984], [6.73874, 12.75133], [6.74139, 12.75542], [6.74242, 12.75901], [6.7449, 12.75976], [6.74627, 12.76143], [6.74364, 12.7643], [6.74863, 12.77292], [6.74875, 12.7772], [6.74636, 12.77904], [6.74285, 12.77962], [6.7384, 12.77946], [6.71683, 12.76343], [6.71568, 12.76177], [6.71017, 12.75388], [6.69678, 12.74411], [6.68721, 12.74109], [6.66283, 12.73618]]]}, "properties": {"name": "Zurmi", "lga": "Zurmi", "state": "za"}}, {"type": "Feature", "geometry": {"type": "Polygon", "coordinates": [[[6.50084, 12.44655], [6.50026, 12.44436], [6.49502, 12.43051], [6.48044, 12.42916], [6.47075, 12.41203], [6.46769, 12.41278], [6.45706, 12.41011], [6.45584, 12.40512], [6.44929, 12.38955], [6.44475, 12.36714], [6.4253, 12.36201], [6.42005, 12.35944], [6.41771, 12.35586], [6.4154, 12.35497], [6.41273, 12.3546], [6.41069, 12.35567], [6.40934, 12.35712], [6.40865, 12.35729], [6.39743, 12.35455], [6.39882, 12.3655], [6.39874, 12.37231], [6.38134, 12.38211], [6.37976, 12.37789], [6.37286, 12.38037], [6.36774, 12.38249], [6.36355, 12.3861], [6.36057, 12.39272], [6.33925, 12.40121], [6.32887, 12.40169], [6.32332, 12.40037], [6.32127, 12.3992], [6.31842, 12.39476], [6.31537, 12.39477], [6.31306, 12.39477], [6.31177, 12.39594], [6.31203, 12.39836], [6.31006, 12.40104], [6.30664, 12.40229], [6.30262, 12.40405], [6.30044, 12.40416], [6.2986, 12.40246], [6.29553, 12.40108], [6.31162, 12.42193], [6.31643, 12.42756], [6.33913, 12.45077], [6.36504, 12.5017], [6.37257, 12.50231], [6.37362, 12.50366], [6.37614, 12.50398], [6.37804, 12.50533], [6.37956, 12.50519], [6.3836, 12.5025], [6.39838, 12.50282], [6.40066, 12.50124], [6.40646, 12.4992], [6.4097, 12.49888], [6.41079, 12.4999], [6.4126, 12.50032], [6.41331, 12.50148], [6.42514, 12.50305], [6.42985, 12.50106], [6.43746, 12.49911], [6.44863, 12.49572], [6.45858, 12.47315], [6.46277, 12.46367], [6.49187, 12.45889], [6.50084, 12.44655]]]}, "properties": {"name": "Damaga Gamagiwa", "lga": "Maradun", "state": "za"}}, {"type": "Feature", "geometry": {"type": "Polygon", "coordinates": [[[7.06071, 12.73984], [7.04301, 12.71959], [7.01969, 12.70032], [6.98899, 12.67344], [6.86997, 12.64271], [6.85007, 12.64229], [6.83367, 12.64384], [6.83297, 12.64451], [6.83025, 12.65009], [6.8331, 12.65329], [6.83702, 12.65677], [6.8371, 12.65955], [6.83595, 12.66226], [6.83439, 12.6633], [6.83175, 12.66212], [6.82918, 12.66296], [6.82661, 12.66609], [6.82474, 12.67082], [6.82469, 12.67457], [6.82576, 12.67833], [6.82519, 12.68028], [6.82348, 12.68244], [6.82127, 12.68487], [6.81913, 12.68529], [6.81706, 12.68445], [6.81599, 12.68459], [6.81613, 12.68765], [6.81635, 12.6912], [6.81862, 12.69095], [6.81968, 12.69168], [6.82148, 12.69359], [6.82269, 12.69594], [6.81953, 12.70255], [6.8129, 12.70432], [6.80329, 12.70118], [6.79901, 12.7057], [6.79569, 12.71092], [6.79474, 12.71631], [6.76829, 12.71527], [6.74846, 12.71638], [6.74952, 12.74088], [6.74955, 12.74438], [6.75986, 12.75311], [6.77485, 12.75801], [6.781, 12.75917], [6.79276, 12.76037], [6.7965, 12.79434], [6.79753, 12.80936], [6.79511, 12.83197], [6.8021, 12.8364], [6.8143, 12.8386], [6.8172, 12.8395], [6.8194, 12.841], [6.82128, 12.84159], [6.8388, 12.8455], [6.8537, 12.8552], [6.8601, 12.8576], [6.861, 12.858], [6.8628, 12.86], [6.864, 12.8621], [6.86577, 12.86379], [6.8697, 12.8669], [6.87132, 12.86741], [6.92855, 12.85742], [6.9673, 12.85663], [6.99308, 12.88102], [7.01575, 12.90019], [7.05087, 12.93003], [7.051, 12.93261], [7.05308, 12.93278], [7.05967, 12.91911], [7.06033, 12.9183], [7.06122, 12.91929], [7.06205, 12.91911], [7.06241, 12.91616], [7.06146, 12.91448], [7.06135, 12.91281], [7.0654, 12.9126], [7.06449, 12.91019], [7.06538, 12.90927], [7.06556, 12.90752], [7.06526, 12.90568], [7.06389, 12.90313], [7.06538, 12.89751], [7.06622, 12.89251], [7.06618, 12.88957], [7.06506, 12.88565], [7.06643, 12.88173], [7.06495, 12.87724], [7.06491, 12.85954], [7.06286, 12.8436], [7.06328, 12.83815], [7.06857, 12.83218], [7.05608, 12.82326], [7.06647, 12.81057], [7.06641, 12.79963], [7.06044, 12.76171], [7.06071, 12.73984]]]}, "properties": {"name": "Rukudawa", "lga": "Zurmi", "state": "za"}}, {"type": "Feature", "geometry": {"type": "Polygon", "coordinates": [[[6.57865, 11.88481], [6.58192, 11.91333], [6.58515, 11.92945], [6.59261, 11.95202], [6.59008, 11.95835], [6.58399, 11.9643], [6.58133, 11.96023], [6.58077, 11.96026], [6.57929, 11.96145], [6.57728, 11.96324], [6.57326, 12.00467], [6.57431, 12.01114], [6.5747, 12.0214], [6.57739, 12.03389], [6.57783, 12.03617], [6.57719, 12.04126], [6.5786, 12.04364], [6.57861, 12.04419], [6.5798, 12.04628], [6.5817, 12.056], [6.5777, 12.0611], [6.5736, 12.0741], [6.57088, 12.08834], [6.57511, 12.09823], [6.57667, 12.10318], [6.57854, 12.1036], [6.58036, 12.10489], [6.58251, 12.10694], [6.58803, 12.11664], [6.59302, 12.11812], [6.60145, 12.11798], [6.61684, 12.11015], [6.6289, 12.09682], [6.63208, 12.09266], [6.63534, 12.08842], [6.64249, 12.08427], [6.64464, 12.08384], [6.6489, 12.10027], [6.65008, 12.10459], [6.6546, 12.1113], [6.6585, 12.13444], [6.6631, 12.13571], [6.67965, 12.13033], [6.68216, 12.11996], [6.68715, 12.11536], [6.69123, 12.10769], [6.68998, 12.10523], [6.68986, 12.10133], [6.69132, 12.09233], [6.69654, 12.07961], [6.70391, 12.06886], [6.71562, 12.05642], [6.72044, 12.05407], [6.72296, 12.05242], [6.72364, 12.04957], [6.73166, 12.04864], [6.73698, 12.04621], [6.75335, 12.0218], [6.75636, 12.00351], [6.75352, 12.0019], [6.7523, 12.00023], [6.74528, 11.99955], [6.74498, 11.99551], [6.74322, 11.97336], [6.73982, 11.94967], [6.72755, 11.93433], [6.70647, 11.91876], [6.66481, 11.89539], [6.64805, 11.89353], [6.63404, 11.88948], [6.59442, 11.8858], [6.57865, 11.88481]]]}, "properties": {"name": "Wanke", "lga": "Gusau", "state": "za"}}, {"type": "Feature", "geometry": {"type": "Polygon", "coordinates": [[[6.64581, 12.91959], [6.64223, 12.91798], [6.63921, 12.91742], [6.6335, 12.91755], [6.61315, 12.90751], [6.60067, 12.90388], [6.59445, 12.92388], [6.55067, 12.96138], [6.56251, 12.96876], [6.54215, 13.00491], [6.5422, 13.00947], [6.54224, 13.01006], [6.54357, 13.02226], [6.5513, 13.03253], [6.56028, 13.02775], [6.57404, 13.02539], [6.58126, 13.02254], [6.58699, 13.01879], [6.59788, 13.01099], [6.60967, 12.99984], [6.62295, 12.99657], [6.62969, 12.98654], [6.64115, 12.97838], [6.6457, 12.96881], [6.65098, 12.95994], [6.6474, 12.9507], [6.64594, 12.94048], [6.64584, 12.93707], [6.64573, 12.93277], [6.64751, 12.93242], [6.64739, 12.92455], [6.64581, 12.91959]]]}, "properties": {"name": "Kware", "lga": "Shinkafi", "state": "za"}}, {"type": "Feature", "geometry": {"type": "Polygon", "coordinates": [[[6.405, 12.94768], [6.40306, 12.94601], [6.40064, 12.94448], [6.39793, 12.94316], [6.39579, 12.94337], [6.38965, 12.94817], [6.38773, 12.94907], [6.38602, 12.94949], [6.38345, 12.95053], [6.38131, 12.95296], [6.37506, 12.95336], [6.37026, 12.95437], [6.36453, 12.97738], [6.4197, 12.9894], [6.4424, 12.99546], [6.45504, 12.99796], [6.45603, 12.99187], [6.45931, 12.96948], [6.47354, 12.96377], [6.47593, 12.96289], [6.50028, 12.95792], [6.5122, 12.95377], [6.51791, 12.94996], [6.52019, 12.94577], [6.52719, 12.91668], [6.5271, 12.91663], [6.49732, 12.9263], [6.48596, 12.92352], [6.48361, 12.92516], [6.4809, 12.92523], [6.47843, 12.92519], [6.47539, 12.92607], [6.47206, 12.92704], [6.46467, 12.92489], [6.46438, 12.92746], [6.4641, 12.93135], [6.46353, 12.93587], [6.46217, 12.94059], [6.45953, 12.94476], [6.45597, 12.94872], [6.45155, 12.95109], [6.44784, 12.9515], [6.44335, 12.95157], [6.44021, 12.95359], [6.43818, 12.95667], [6.43784, 12.95921], [6.43714, 12.96457], [6.43515, 12.96505], [6.4313, 12.96478], [6.42916, 12.96478], [6.42174, 12.95936], [6.42003, 12.95922], [6.41738, 12.96012], [6.41639, 12.96109], [6.40399, 12.96075], [6.40334, 12.95296], [6.4037, 12.94935], [6.405, 12.94768]]]}, "properties": {"name": "Birnin Yero", "lga": "Shinkafi", "state": "za"}}, {"type": "Feature", "geometry": {"type": "Polygon", "coordinates": [[[6.68405, 12.42619], [6.68931, 12.42245], [6.69147, 12.4221], [6.69403, 12.42043], [6.69432, 12.41709], [6.69306, 12.41376], [6.69574, 12.40754], [6.69946, 12.40202], [6.70109, 12.39636], [6.70552, 12.39529], [6.68889, 12.38202], [6.68894, 12.37527], [6.69894, 12.3779], [6.70033, 12.3771], [6.70119, 12.37616], [6.70026, 12.37484], [6.70101, 12.37372], [6.70044, 12.37208], [6.69955, 12.37159], [6.69909, 12.3703], [6.69709, 12.37034], [6.69627, 12.36849], [6.69429, 12.3664], [6.69521, 12.36264], [6.69386, 12.36118], [6.69061, 12.35954], [6.68801, 12.35672], [6.68958, 12.34465], [6.696, 12.34344], [6.7004, 12.34252], [6.7047, 12.3389], [6.71054, 12.31938], [6.71227, 12.3169], [6.71368, 12.31577], [6.7102, 12.31529], [6.70817, 12.31515], [6.70729, 12.31607], [6.70637, 12.31645], [6.70434, 12.31624], [6.70345, 12.31657], [6.70226, 12.31651], [6.69001, 12.31337], [6.69, 12.31337], [6.68416, 12.31327], [6.67846, 12.31778], [6.67693, 12.3189], [6.67529, 12.32037], [6.67433, 12.32215], [6.67404, 12.3244], [6.67422, 12.3259], [6.68436, 12.33031], [6.68409, 12.33557], [6.68369, 12.33613], [6.68235, 12.3365], [6.6822, 12.33684], [6.68556, 12.34152], [6.68385, 12.34351], [6.68638, 12.34666], [6.68334, 12.34625], [6.67919, 12.34781], [6.67837, 12.3472], [6.67173, 12.3443], [6.66677, 12.34361], [6.6629, 12.34283], [6.66387, 12.34983], [6.65909, 12.36007], [6.6512, 12.377], [6.6477, 12.3789], [6.6441, 12.3817], [6.6417, 12.384], [6.6453, 12.387], [6.6456, 12.3895], [6.6446, 12.3926], [6.6419, 12.3975], [6.64225, 12.401], [6.642, 12.4036], [6.6572, 12.4032], [6.65726, 12.42084], [6.65776, 12.42665], [6.67579, 12.42633], [6.68405, 12.42619]]]}, "properties": {"name": "Kagara", "lga": "Kaura Namoda", "state": "za"}}, {"type": "Feature", "geometry": {"type": "Polygon", "coordinates": [[[6.51484, 12.26801], [6.51178, 12.30289], [6.51558, 12.30582], [6.52599, 12.3106], [6.53833, 12.31389], [6.53843, 12.31408], [6.5438, 12.31463], [6.55195, 12.31506], [6.55918, 12.30907], [6.56141, 12.30487], [6.56522, 12.30058], [6.56721, 12.29837], [6.5711, 12.2958], [6.5715, 12.2944], [6.5715, 12.2936], [6.57673, 12.29305], [6.58146, 12.29397], [6.58066, 12.29726], [6.57879, 12.30486], [6.57111, 12.31451], [6.56711, 12.32656], [6.57823, 12.32656], [6.57745, 12.33053], [6.57364, 12.34956], [6.57789, 12.35325], [6.58099, 12.35599], [6.58172, 12.35652], [6.59526, 12.36111], [6.6162, 12.35756], [6.61733, 12.35475], [6.61731, 12.33726], [6.61439, 12.32722], [6.62561, 12.31726], [6.63057, 12.31517], [6.64035, 12.31527], [6.64126, 12.31058], [6.6417, 12.30884], [6.64257, 12.30683], [6.65188, 12.30018], [6.65308, 12.29868], [6.65882, 12.29173], [6.66548, 12.2723], [6.66403, 12.27131], [6.66137, 12.26975], [6.64815, 12.27533], [6.63798, 12.27689], [6.63437, 12.27938], [6.63309, 12.28188], [6.63284, 12.28471], [6.63143, 12.28595], [6.62536, 12.28558], [6.625, 12.28626], [6.61772, 12.293], [6.58878, 12.27752], [6.58575, 12.26945], [6.58278, 12.26742], [6.57, 12.26324], [6.5667, 12.25955], [6.56413, 12.25949], [6.56219, 12.26005], [6.56182, 12.25898], [6.56071, 12.25732], [6.55928, 12.25593], [6.55757, 12.25832], [6.55625, 12.25987], [6.55501, 12.26105], [6.55356, 12.26203], [6.55261, 12.26267], [6.55141, 12.26328], [6.54194, 12.263], [6.53949, 12.26362], [6.53647, 12.26512], [6.53333, 12.26719], [6.52996, 12.26568], [6.5254, 12.26652], [6.52124, 12.26724], [6.51484, 12.26801]]]}, "properties": {"name": "Bungudu", "lga": "Bungudu", "state": "za"}}, {"type": "Feature", "geometry": {"type": "Polygon", "coordinates": [[[6.47965, 13.06747], [6.47525, 13.06208], [6.47548, 13.06091], [6.47611, 13.0593], [6.47662, 13.05741], [6.4749, 13.05188], [6.46296, 13.04228], [6.4452, 13.05399], [6.43639, 13.06582], [6.43578, 13.06811], [6.43402, 13.07071], [6.4335, 13.07228], [6.43367, 13.07378], [6.4338, 13.07543], [6.43611, 13.07673], [6.43813, 13.07755], [6.44027, 13.07697], [6.44176, 13.07564], [6.44384, 13.07535], [6.4451, 13.0775], [6.44794, 13.07992], [6.44984, 13.08252], [6.45358, 13.09375], [6.45406, 13.09618], [6.45417, 13.0985], [6.45447, 13.1007], [6.45237, 13.11693], [6.4628, 13.1169], [6.47562, 13.11956], [6.4818, 13.12084], [6.48911, 13.12292], [6.4925, 13.12419], [6.49446, 13.12541], [6.50141, 13.12853], [6.50871, 13.13152], [6.51603, 13.12413], [6.51746, 13.12332], [6.51942, 13.12303], [6.52049, 13.12182], [6.5193, 13.11295], [6.52058, 13.11114], [6.52201, 13.10823], [6.52265, 13.10614], [6.52279, 13.10364], [6.523, 13.10191], [6.51873, 13.09343], [6.51915, 13.09156], [6.52001, 13.08968], [6.52236, 13.08822], [6.52521, 13.08704], [6.52678, 13.08524], [6.5265, 13.08295], [6.51945, 13.07695], [6.51758, 13.07668], [6.51067, 13.08136], [6.50354, 13.08071], [6.50126, 13.08756], [6.49552, 13.08649], [6.49583, 13.08366], [6.49646, 13.08135], [6.49197, 13.08514], [6.49008, 13.08147], [6.48968, 13.07891], [6.48923, 13.07536], [6.48187, 13.07102], [6.48101, 13.06897], [6.47965, 13.06747]]]}, "properties": {"name": "Shanawa", "lga": "Shinkafi", "state": "za"}}, {"type": "Feature", "geometry": {"type": "Polygon", "coordinates": [[[5.97238, 11.99089], [5.9388, 12.01018], [5.93402, 12.02558], [5.93032, 12.02749], [5.90236, 12.03563], [5.90628, 12.0418], [5.91775, 12.06308], [5.91991, 12.07237], [5.92536, 12.07969], [5.92615, 12.08701], [5.92636, 12.08791], [5.9291, 12.10606], [5.92836, 12.10865], [5.9278, 12.10886], [5.92742, 12.10937], [5.92525, 12.11054], [5.92697, 12.11349], [5.92386, 12.1152], [5.92383, 12.11525], [5.92429, 12.11717], [5.92571, 12.11576], [5.9301, 12.11816], [5.93269, 12.11624], [5.93519, 12.11548], [5.93904, 12.11666], [5.94126, 12.11702], [5.94439, 12.11617], [5.94724, 12.11603], [5.94859, 12.11659], [5.94873, 12.11822], [5.94815, 12.1271], [5.94729, 12.1404], [5.95143, 12.1408], [5.95462, 12.14119], [5.95924, 12.14206], [5.96198, 12.13124], [5.97404, 12.12377], [5.97115, 12.11118], [5.97108, 12.11112], [5.98342, 12.07303], [5.9882, 12.07079], [5.99008, 12.07018], [6.00213, 12.05987], [6.00847, 12.03292], [6.00182, 12.01842], [5.99791, 12.01445], [5.99291, 12.01149], [5.97238, 11.99089]]]}, "properties": {"name": "Magaji", "lga": "Anka", "state": "za"}}, {"type": "Feature", "geometry": {"type": "Polygon", "coordinates": [[[6.58192, 11.91333], [6.57865, 11.88481], [6.58658, 11.85082], [6.58272, 11.80301], [6.58314, 11.78862], [6.57959, 11.77638], [6.56475, 11.75184], [6.56322, 11.74134], [6.56529, 11.72301], [6.56385, 11.69578], [6.5677, 11.6679], [6.56332, 11.65259], [6.55322, 11.63758], [6.5488, 11.63012], [6.52769, 11.61918], [6.52314, 11.61532], [6.52086, 11.61123], [6.52024, 11.60698], [6.51947, 11.6052], [6.51751, 11.60347], [6.50105, 11.59949], [6.50054, 11.59488], [6.4973, 11.59288], [6.49711, 11.59182], [6.49646, 11.58821], [6.4948, 11.5857], [6.49345, 11.58319], [6.49345, 11.58113], [6.49571, 11.57641], [6.4993, 11.56902], [6.46129, 11.57109], [6.46142, 11.57824], [6.46032, 11.58646], [6.45763, 11.60139], [6.45044, 11.61416], [6.44602, 11.62833], [6.43904, 11.63761], [6.43295, 11.65212], [6.42771, 11.66408], [6.4271, 11.66726], [6.42967, 11.68188], [6.43013, 11.68702], [6.42864, 11.68993], [6.42527, 11.6925], [6.42061, 11.69633], [6.41945, 11.71158], [6.42117, 11.71871], [6.41976, 11.72177], [6.41622, 11.72405], [6.41025, 11.72603], [6.40732, 11.72924], [6.40227, 11.7402], [6.40271, 11.78394], [6.40372, 11.80541], [6.41317, 11.80778], [6.42224, 11.81012], [6.43123, 11.81389], [6.43733, 11.82012], [6.44832, 11.83646], [6.45664, 11.85056], [6.46704, 11.859], [6.48109, 11.86929], [6.50405, 11.89353], [6.5125, 11.89139], [6.52983, 11.89813], [6.53342, 11.91235], [6.54086, 11.91693], [6.57404, 11.91397], [6.58192, 11.91333]]]}, "properties": {"name": "Bingi South", "lga": "Bungudu", "state": "za"}}, {"type": "Feature", "geometry": {"type": "Polygon", "coordinates": [[[6.19769, 12.26706], [6.20332, 12.27824], [6.20733, 12.2859], [6.21116, 12.29132], [6.20707, 12.29913], [6.20704, 12.29918], [6.22915, 12.31633], [6.23891, 12.32135], [6.24083, 12.3556], [6.2427, 12.3601], [6.24386, 12.36256], [6.2489, 12.36686], [6.25241, 12.36661], [6.25302, 12.3672], [6.25303, 12.36781], [6.25255, 12.3679], [6.25197, 12.36772], [6.25182, 12.36791], [6.25513, 12.37268], [6.25568, 12.37361], [6.25724, 12.37389], [6.25769, 12.3745], [6.25885, 12.37883], [6.25932, 12.37889], [6.26148, 12.37925], [6.26115, 12.38285], [6.2644, 12.38791], [6.26423, 12.38839], [6.26361, 12.38908], [6.26374, 12.38962], [6.26701, 12.3909], [6.26649, 12.39416], [6.26903, 12.39694], [6.27043, 12.40108], [6.2763, 12.4051], [6.2834, 12.40839], [6.28426, 12.40652], [6.29002, 12.40297], [6.29553, 12.40108], [6.30133, 12.39118], [6.30056, 12.38792], [6.29954, 12.38466], [6.29774, 12.38081], [6.29765, 12.37797], [6.2986, 12.37546], [6.29186, 12.36342], [6.29209, 12.36193], [6.29466, 12.36025], [6.29577, 12.35858], [6.295, 12.35507], [6.29577, 12.3519], [6.29637, 12.34955], [6.29543, 12.34772], [6.29346, 12.34621], [6.28711, 12.33117], [6.28619, 12.3259], [6.28593, 12.32314], [6.28747, 12.3218], [6.28713, 12.31963], [6.28679, 12.31645], [6.28738, 12.31206], [6.28382, 12.31233], [6.28184, 12.30964], [6.2802, 12.3096], [6.27861, 12.30986], [6.2787, 12.30732], [6.28381, 12.30769], [6.28394, 12.28849], [6.24046, 12.28897], [6.23691, 12.28363], [6.23273, 12.27755], [6.22645, 12.26297], [6.19769, 12.26706]]]}, "properties": {"name": "Mayanchi", "lga": "Maru", "state": "za"}}, {"type": "Feature", "geometry": {"type": "Polygon", "coordinates": [[[6.72755, 11.93433], [6.73982, 11.94967], [6.74322, 11.97336], [6.74498, 11.99551], [6.74528, 11.99955], [6.7523, 12.00023], [6.75352, 12.0019], [6.75636, 12.00351], [6.75639, 12.00352], [6.75874, 12.00227], [6.76185, 12.00274], [6.76727, 12.00283], [6.76865, 12.00289], [6.77029, 12.00094], [6.7683, 11.99738], [6.76865, 11.99466], [6.77236, 11.99236], [6.77478, 11.98832], [6.77916, 11.98606], [6.78541, 11.98513], [6.78589, 11.98544], [6.78285, 11.96772], [6.77948, 11.96618], [6.77819, 11.96372], [6.78299, 11.96046], [6.78679, 11.95957], [6.79507, 11.95916], [6.7969, 11.95805], [6.79879, 11.95483], [6.80291, 11.95567], [6.80453, 11.95498], [6.80604, 11.95292], [6.8061, 11.94977], [6.80619, 11.94744], [6.80843, 11.94581], [6.81527, 11.94205], [6.8178, 11.9378], [6.82188, 11.93093], [6.82454, 11.92368], [6.82882, 11.92433], [6.8331, 11.92394], [6.83343, 11.91284], [6.83383, 11.91074], [6.83164, 11.90193], [6.83772, 11.89722], [6.84028, 11.89726], [6.84118, 11.89586], [6.83942, 11.88809], [6.83937, 11.88614], [6.84113, 11.88456], [6.84353, 11.88393], [6.84517, 11.88363], [6.84599, 11.88185], [6.84479, 11.87921], [6.84213, 11.87553], [6.8407, 11.87307], [6.8418, 11.87139], [6.8406, 11.8696], [6.83822, 11.87001], [6.83525, 11.87042], [6.83352, 11.87203], [6.83168, 11.87292], [6.81952, 11.86512], [6.81542, 11.85522], [6.80736, 11.85151], [6.80216, 11.84966], [6.79525, 11.8484], [6.79078, 11.84824], [6.78685, 11.85025], [6.78683, 11.8563], [6.79262, 11.86485], [6.79148, 11.8676], [6.78492, 11.87536], [6.78386, 11.88012], [6.77072, 11.8789], [6.75628, 11.87565], [6.7422, 11.87159], [6.71117, 11.87076], [6.70495, 11.88379], [6.70317, 11.8907], [6.71322, 11.90311], [6.72394, 11.9166], [6.72755, 11.93433]]]}, "properties": {"name": "Kwaren Ganuwa", "lga": "Tsafe", "state": "za"}}, {"type": "Feature", "geometry": {"type": "Polygon", "coordinates": [[[6.36511, 12.23361], [6.36527, 12.22508], [6.36383, 12.21856], [6.36045, 12.19715], [6.35968, 12.15985], [6.3617, 12.143], [6.3613, 12.1415], [6.3594, 12.1377], [6.3571, 12.1354], [6.3565, 12.1351], [6.35337, 12.13414], [6.352, 12.1313], [6.3503, 12.1279], [6.3485, 12.127], [6.3483, 12.1162], [6.3472, 12.1144], [6.3437, 12.1132], [6.3425, 12.1114], [6.34, 12.108], [6.3335, 12.1074], [6.3309, 12.1064], [6.3272, 12.1043], [6.3248, 12.1012], [6.3243, 12.0989], [6.3227, 12.0968], [6.3168, 12.0955], [6.308, 12.0998], [6.2973, 12.0953], [6.295, 12.0927], [6.292, 12.0912], [6.2888, 12.0913], [6.2854, 12.0937], [6.28351, 12.08443], [6.28403, 12.08066], [6.28772, 12.05398], [6.28545, 12.02864], [6.28046, 12.02766], [6.27782, 12.02703], [6.27639, 12.0285], [6.27504, 12.03038], [6.27318, 12.03108], [6.27076, 12.03143], [6.26841, 12.03345], [6.2655, 12.036], [6.26363, 12.0391], [6.26056, 12.0421], [6.25807, 12.04231], [6.25678, 12.04119], [6.25536, 12.03966], [6.25322, 12.0403], [6.25115, 12.04126], [6.25022, 12.04328], [6.24951, 12.04579], [6.2473, 12.04628], [6.24459, 12.0467], [6.24231, 12.04684], [6.2381, 12.04021], [6.23618, 12.04035], [6.23347, 12.04119], [6.23047, 12.04161], [6.22634, 12.04126], [6.22377, 12.04056], [6.22209, 12.04115], [6.22106, 12.04224], [6.21821, 12.04489], [6.21571, 12.04614], [6.21393, 12.04607], [6.21386, 12.04516], [6.21507, 12.04405], [6.21371, 12.03777], [6.21414, 12.03596], [6.2155, 12.0347], [6.21548, 12.0333], [6.21497, 12.03037], [6.21326, 12.02819], [6.21163, 12.02677], [6.20966, 12.02635], [6.20735, 12.0276], [6.20496, 12.02945], [6.20291, 12.03062], [6.20077, 12.03078], [6.19897, 12.02911], [6.19666, 12.02811], [6.19478, 12.02878], [6.19214, 12.03], [6.19053, 12.03179], [6.18862, 12.03382], [6.18725, 12.03343], [6.1819, 12.0428], [6.1837, 12.0451], [6.1839, 12.0461], [6.1845, 12.0479], [6.1836, 12.0512], [6.1817, 12.0522], [6.1801, 12.0535], [6.1784, 12.055], [6.1697, 12.0491], [6.1584, 12.0505], [6.1585, 12.0736], [6.1594, 12.0772], [6.161, 12.0772], [6.16284, 12.08001], [6.16376, 12.08107], [6.16421, 12.08324], [6.16621, 12.08676], [6.16963, 12.09049], [6.1718, 12.09144], [6.17294, 12.09289], [6.1707, 12.1004], [6.1684, 12.1022], [6.1667, 12.1041], [6.1655, 12.1056], [6.1636, 12.107], [6.1619, 12.1079], [6.1602, 12.1088], [6.1443, 12.1114], [6.1423, 12.1128], [6.1398, 12.1152], [6.1345, 12.1204], [6.1218, 12.1252], [6.11438, 12.13229], [6.12042, 12.14079], [6.1301, 12.1564], [6.1344, 12.16424], [6.13816, 12.16874], [6.14345, 12.17481], [6.14674, 12.17938], [6.15457, 12.18638], [6.16341, 12.19383], [6.1751, 12.1877], [6.179, 12.1946], [6.1816, 12.2016], [6.16868, 12.20694], [6.17429, 12.21721], [6.18081, 12.23049], [6.18649, 12.24135], [6.192, 12.25608], [6.19769, 12.26706], [6.22645, 12.26297], [6.23273, 12.27755], [6.23691, 12.28363], [6.24046, 12.28897], [6.28394, 12.28849], [6.28381, 12.30769], [6.2787, 12.30732], [6.27861, 12.30986], [6.2802, 12.3096], [6.28184, 12.30964], [6.28382, 12.31233], [6.28738, 12.31206], [6.29463, 12.31151], [6.31556, 12.30515], [6.32843, 12.30366], [6.33512, 12.30196], [6.35512, 12.28488], [6.36183, 12.27712], [6.36511, 12.23361]]]}, "properties": {"name": "Kanoma", "lga": "Maru", "state": "za"}}, {"type": "Feature", "geometry": {"type": "Polygon", "coordinates": [[[6.28743, 12.05173], [6.28772, 12.05398], [6.28403, 12.08066], [6.28351, 12.08443], [6.2854, 12.0937], [6.2888, 12.0913], [6.292, 12.0912], [6.295, 12.0927], [6.2973, 12.0953], [6.308, 12.0998], [6.3168, 12.0955], [6.3227, 12.0968], [6.3243, 12.0989], [6.3248, 12.1012], [6.3272, 12.1043], [6.3309, 12.1064], [6.3335, 12.1074], [6.34, 12.108], [6.3425, 12.1114], [6.3437, 12.1132], [6.3472, 12.1144], [6.3483, 12.1162], [6.3485, 12.127], [6.3503, 12.1279], [6.352, 12.1313], [6.35337, 12.13414], [6.3565, 12.1351], [6.3571, 12.1354], [6.3594, 12.1377], [6.3613, 12.1415], [6.3617, 12.143], [6.35968, 12.15985], [6.36045, 12.19715], [6.36383, 12.21856], [6.36527, 12.22508], [6.36511, 12.23361], [6.39434, 12.23485], [6.3958, 12.26353], [6.41241, 12.26487], [6.4221, 12.26543], [6.42527, 12.26802], [6.43604, 12.26882], [6.44439, 12.27243], [6.44561, 12.26119], [6.43185, 12.25256], [6.43413, 12.24812], [6.43476, 12.23901], [6.43276, 12.23835], [6.43151, 12.23801], [6.43105, 12.23678], [6.4335, 12.23065], [6.43276, 12.22853], [6.43179, 12.2258], [6.42957, 12.22407], [6.42968, 12.22117], [6.43114, 12.21591], [6.43282, 12.20841], [6.43385, 12.2055], [6.43658, 12.20071], [6.4378, 12.18262], [6.43174, 12.18148], [6.42782, 12.17914], [6.42274, 12.17802], [6.41776, 12.17733], [6.41484, 12.17544], [6.41058, 12.17246], [6.40464, 12.17029], [6.40225, 12.1686], [6.39837, 12.16311], [6.39673, 12.15858], [6.38475, 12.15279], [6.36828, 12.09869], [6.36652, 12.09017], [6.37653, 12.08817], [6.3728, 12.0713], [6.37173, 12.07155], [6.36448, 12.07326], [6.3631, 12.07358], [6.35985, 12.07171], [6.35538, 12.06992], [6.31731, 12.05723], [6.29832, 12.05221], [6.28743, 12.05173]]]}, "properties": {"name": "Ruwan Doruma", "lga": "Maru", "state": "za"}}, {"type": "Feature", "geometry": {"type": "Polygon", "coordinates": [[[6.57204, 11.02215], [6.57237, 11.02276], [6.57249, 11.02337], [6.57216, 11.0245], [6.56978, 11.02641], [6.56811, 11.02807], [6.56466, 11.03033], [6.55955, 11.03616], [6.55158, 11.04175], [6.54111, 11.04509], [6.53337, 11.04794], [6.51077, 11.04366], [6.5003, 11.03842], [6.48864, 11.03271], [6.47912, 11.0295], [6.46853, 11.0226], [6.45818, 11.01594], [6.43701, 11.00761], [6.43176, 11.00747], [6.42902, 11.00839], [6.42713, 11.00953], [6.42626, 11.01266], [6.4243, 11.01423], [6.42155, 11.01777], [6.42048, 11.02092], [6.42009, 11.02575], [6.41898, 11.02774], [6.41128, 11.03107], [6.41016, 11.03028], [6.40804, 11.02879], [6.40693, 11.0289], [6.40583, 11.03028], [6.40372, 11.03292], [6.3956, 11.03184], [6.39335, 11.03264], [6.39187, 11.03367], [6.39161, 11.03385], [6.38647, 11.03215], [6.38408, 11.03299], [6.38248, 11.03261], [6.37827, 11.03051], [6.37634, 11.03086], [6.37485, 11.03096], [6.37405, 11.03025], [6.37178, 11.0247], [6.3648, 11.01766], [6.35381, 11.02231], [6.34675, 11.02221], [6.3457, 11.0235], [6.34529, 11.02396], [6.3442, 11.02418], [6.34091, 11.02109], [6.33966, 11.02092], [6.3383, 11.02095], [6.33703, 11.02149], [6.33602, 11.02347], [6.3347, 11.02466], [6.32861, 11.02715], [6.32243, 11.02407], [6.32206, 11.0228], [6.32197, 11.02139], [6.32622, 11.0227], [6.32736, 11.02088], [6.32743, 11.01959], [6.32679, 11.01882], [6.32504, 11.01833], [6.32426, 11.01766], [6.32369, 11.01462], [6.32219, 11.01168], [6.32012, 11.01021], [6.31777, 11.01007], [6.31574, 11.01089], [6.3131, 11.01038], [6.31203, 11.00937], [6.31086, 11.00714], [6.3093, 11.00629], [6.30807, 11.00465], [6.30417, 11.00307], [6.30086, 10.99907], [6.30032, 10.99777], [6.30169, 10.99497], [6.3014, 10.99415], [6.30037, 10.99318], [6.29639, 10.99262], [6.29517, 10.99069], [6.29272, 10.98532], [6.28989, 10.98178], [6.28746, 10.97939], [6.28711, 10.97734], [6.28702, 10.97586], [6.28698, 10.97524], [6.284, 10.97528], [6.28321, 10.97456], [6.28245, 10.97209], [6.28306, 10.96843], [6.28271, 10.96714], [6.28128, 10.96469], [6.28023, 10.96364], [6.27864, 10.96345], [6.27471, 10.96456], [6.27317, 10.96413], [6.27195, 10.96463], [6.26887, 10.9666], [6.26718, 10.96668], [6.26655, 10.96611], [6.2423, 10.98862], [6.22351, 10.99648], [6.20828, 11.0048], [6.19614, 11.01765], [6.16264, 11.04302], [6.12752, 11.05387], [6.11995, 11.05972], [6.11267, 11.06129], [6.09654, 11.05929], [6.07784, 11.05629], [6.06599, 11.05501], [6.0464, 11.0544], [6.04478, 11.05742], [6.0399, 11.0665], [6.03341, 11.07443], [6.0327, 11.0753], [6.02629, 11.10104], [6.01667, 11.11829], [6.01404, 11.12965], [6.02535, 11.17173], [6.02895, 11.17613], [6.03237, 11.18133], [6.04153, 11.19896], [6.04846, 11.2097], [6.05522, 11.21776], [6.05627, 11.22236], [6.05622, 11.22238], [6.05907, 11.22976], [6.06994, 11.22708], [6.06588, 11.2102], [6.05471, 11.20165], [6.04703, 11.1636], [6.04687, 11.16281], [6.04684, 11.16261], [6.05153, 11.16271], [6.06215, 11.16293], [6.06928, 11.16419], [6.07625, 11.16869], [6.0957, 11.1769], [6.10592, 11.18335], [6.11281, 11.19711], [6.11724, 11.2074], [6.11729, 11.22043], [6.11652, 11.22388], [6.10908, 11.23542], [6.10867, 11.2384], [6.13572, 11.29537], [6.14776, 11.30557], [6.17308, 11.31786], [6.19056, 11.33408], [6.24643, 11.34665], [6.25344, 11.33555], [6.26293, 11.33157], [6.27799, 11.33053], [6.28717, 11.32492], [6.30931, 11.30942], [6.32346, 11.3075], [6.33913, 11.30824], [6.3715, 11.31902], [6.38361, 11.31719], [6.40357, 11.29556], [6.40681, 11.28978], [6.43666, 11.29966], [6.44522, 11.3019], [6.45739, 11.29463], [6.46385, 11.28903], [6.4629, 11.2812], [6.45168, 11.27113], [6.44997, 11.26088], [6.45264, 11.25576], [6.46167, 11.2594], [6.47393, 11.26367], [6.48724, 11.26927], [6.50416, 11.27449], [6.506, 11.2624], [6.5068, 11.2561], [6.51099, 11.24636], [6.52693, 11.24523], [6.5414, 11.24542], [6.54758, 11.24294], [6.56831, 11.22495], [6.58919, 11.21036], [6.6041, 11.20407], [6.68605, 11.17943], [6.68498, 11.15154], [6.68822, 11.12794], [6.69088, 11.12089], [6.69555, 11.11595], [6.69859, 11.11404], [6.7142, 11.111], [6.716, 11.10622], [6.71552, 11.10466], [6.70701, 11.09425], [6.705, 11.09514], [6.70361, 11.09489], [6.70093, 11.09659], [6.6987, 11.09533], [6.69621, 11.09376], [6.69598, 11.0936], [6.69423, 11.09337], [6.68742, 11.09166], [6.6869, 11.0906], [6.68475, 11.08823], [6.68258, 11.08526], [6.6811, 11.08114], [6.68298, 11.06504], [6.6821, 11.0628], [6.68035, 11.06216], [6.67916, 11.06132], [6.67826, 11.0594], [6.67678, 11.05731], [6.67531, 11.05637], [6.66861, 11.06281], [6.66691, 11.06252], [6.6638, 11.0615], [6.6638, 11.05563], [6.66323, 11.05539], [6.66205, 11.05469], [6.66078, 11.05584], [6.65653, 11.05199], [6.64907, 11.05049], [6.64642, 11.04929], [6.64503, 11.04937], [6.64425, 11.04882], [6.64384, 11.04975], [6.64303, 11.05063], [6.63081, 11.04928], [6.62715, 11.04807], [6.62535, 11.04914], [6.62416, 11.0491], [6.62269, 11.04704], [6.6032, 11.04597], [6.59982, 11.04466], [6.59878, 11.04126], [6.58756, 11.03085], [6.58589, 11.02497], [6.58456, 11.0239], [6.57808, 11.02527], [6.57729, 11.02157], [6.57406, 11.02157], [6.57204, 11.02215]]]}, "properties": {"name": "Kuyanbana", "lga": "Maru", "state": "za"}}, {"type": "Feature", "geometry": {"type": "Polygon", "coordinates": [[[5.82466, 12.79708], [5.82466, 12.79711], [5.83603, 12.81477], [5.84781, 12.81055], [5.85205, 12.81031], [5.88332, 12.82035], [5.9475, 12.7725], [5.9507, 12.7653], [5.9532, 12.764], [5.9589, 12.7608], [5.9613, 12.7586], [5.96167, 12.75469], [5.94728, 12.71571], [5.94458, 12.71045], [5.95768, 12.70412], [5.99245, 12.69583], [5.99904, 12.69378], [6.00901, 12.68834], [6.01505, 12.682], [6.01988, 12.67535], [6.02389, 12.65927], [6.03148, 12.64744], [6.02482, 12.6409], [6.01572, 12.63203], [6.01861, 12.62299], [6.02528, 12.61531], [6.03218, 12.61052], [6.0289, 12.60325], [6.0265, 12.59792], [6.0216, 12.59407], [6.0213, 12.59324], [6.02101, 12.59231], [6.02056, 12.59091], [6.01747, 12.593], [6.01614, 12.59207], [6.01485, 12.59207], [6.01386, 12.59379], [6.01223, 12.59617], [6.01086, 12.59759], [6.00677, 12.59746], [6.00647, 12.60752], [6.00338, 12.61323], [6.00052, 12.61895], [5.99753, 12.62947], [5.99468, 12.63421], [5.968, 12.64718], [5.95626, 12.66523], [5.95558, 12.6672], [5.95338, 12.67208], [5.94004, 12.68548], [5.93761, 12.68573], [5.93181, 12.68491], [5.92349, 12.68375], [5.91701, 12.68058], [5.89642, 12.67125], [5.89756, 12.68808], [5.89905, 12.70092], [5.89893, 12.7077], [5.89375, 12.7175], [5.89034, 12.72244], [5.88783, 12.72761], [5.88008, 12.72517], [5.87351, 12.72286], [5.87298, 12.71974], [5.86787, 12.7186], [5.85961, 12.72235], [5.85253, 12.72471], [5.84642, 12.73249], [5.84642, 12.74677], [5.8449, 12.75948], [5.84528, 12.76241], [5.84677, 12.76477], [5.82466, 12.79708]]]}, "properties": {"name": "Dankadu", "lga": "Bakura", "state": "za"}}, {"type": "Feature", "geometry": {"type": "Polygon", "coordinates": [[[6.74317, 12.58712], [6.7507, 12.57979], [6.74592, 12.57434], [6.7433, 12.56791], [6.73473, 12.56482], [6.72522, 12.56625], [6.71689, 12.56482], [6.71451, 12.55863], [6.71427, 12.55031], [6.71641, 12.54317], [6.7176, 12.53841], [6.72188, 12.53127], [6.72688, 12.52722], [6.73259, 12.52508], [6.74014, 12.52172], [6.74183, 12.5104], [6.74484, 12.50469], [6.77142, 12.50339], [6.76499, 12.48458], [6.74743, 12.47438], [6.73802, 12.46885], [6.72962, 12.4668], [6.72311, 12.46897], [6.69171, 12.48115], [6.68094, 12.5035], [6.66965, 12.50692], [6.67145, 12.51733], [6.67255, 12.52579], [6.67251, 12.52587], [6.66801, 12.53717], [6.66462, 12.54258], [6.66105, 12.54305], [6.6562, 12.55223], [6.66365, 12.55568], [6.6677, 12.55668], [6.67787, 12.55778], [6.67029, 12.57676], [6.68258, 12.58437], [6.69833, 12.59199], [6.70109, 12.58927], [6.70202, 12.58439], [6.70237, 12.58389], [6.70326, 12.58393], [6.70404, 12.58378], [6.70585, 12.58027], [6.70802, 12.58048], [6.72692, 12.58844], [6.73212, 12.58975], [6.73766, 12.58656], [6.74317, 12.58712]]]}, "properties": {"name": "Madomawa West", "lga": "Birnin Magaji-Kiyaw", "state": "za"}}, {"type": "Feature", "geometry": {"type": "Polygon", "coordinates": [[[6.38105, 12.06732], [6.3728, 12.0713], [6.37653, 12.08817], [6.36652, 12.09017], [6.36828, 12.09869], [6.38475, 12.15279], [6.39673, 12.15858], [6.39837, 12.16311], [6.40225, 12.1686], [6.40464, 12.17029], [6.41058, 12.17246], [6.41484, 12.17544], [6.41776, 12.17733], [6.42274, 12.17802], [6.42782, 12.17914], [6.43174, 12.18148], [6.4378, 12.18262], [6.43658, 12.20071], [6.43385, 12.2055], [6.43282, 12.20841], [6.43114, 12.21591], [6.42968, 12.22117], [6.42957, 12.22407], [6.43179, 12.2258], [6.43276, 12.22853], [6.4335, 12.23065], [6.43105, 12.23678], [6.43151, 12.23801], [6.43276, 12.23835], [6.43476, 12.23901], [6.43413, 12.24812], [6.43185, 12.25256], [6.44561, 12.26119], [6.44439, 12.27243], [6.44321, 12.28116], [6.44129, 12.29013], [6.44248, 12.30264], [6.44247, 12.31447], [6.43883, 12.31533], [6.43662, 12.31882], [6.44623, 12.3248], [6.44878, 12.33145], [6.45155, 12.33606], [6.45542, 12.34239], [6.45526, 12.35362], [6.4494, 12.35515], [6.44475, 12.36714], [6.44929, 12.38955], [6.45584, 12.40512], [6.45706, 12.41011], [6.46769, 12.41278], [6.47075, 12.41203], [6.48044, 12.42916], [6.49502, 12.43051], [6.50025, 12.41292], [6.48775, 12.40541], [6.48184, 12.40325], [6.47861, 12.39433], [6.48504, 12.38212], [6.48485, 12.37925], [6.48002, 12.36973], [6.47931, 12.36422], [6.48252, 12.35902], [6.48929, 12.35127], [6.48979, 12.34827], [6.48392, 12.34041], [6.48417, 12.33846], [6.48508, 12.33498], [6.48606, 12.33439], [6.48577, 12.3315], [6.48631, 12.33024], [6.49101, 12.33122], [6.49665, 12.33394], [6.4994, 12.33395], [6.50117, 12.33491], [6.50395, 12.3369], [6.50674, 12.33867], [6.50966, 12.33874], [6.51183, 12.33868], [6.5139, 12.33961], [6.51874, 12.34068], [6.5218, 12.34145], [6.52194, 12.34499], [6.52508, 12.34521], [6.5259, 12.34764], [6.52933, 12.34047], [6.53101, 12.33673], [6.53526, 12.32737], [6.536, 12.32134], [6.53833, 12.31389], [6.52599, 12.3106], [6.51558, 12.30582], [6.51178, 12.30289], [6.51484, 12.26801], [6.51324, 12.25324], [6.51488, 12.25138], [6.51513, 12.24849], [6.51566, 12.24216], [6.51385, 12.23963], [6.50761, 12.22375], [6.50921, 12.21845], [6.51161, 12.21388], [6.51246, 12.21147], [6.51186, 12.20603], [6.51029, 12.2005], [6.50835, 12.19609], [6.5055, 12.1928], [6.50213, 12.1906], [6.49887, 12.18952], [6.4994, 12.18333], [6.49719, 12.17351], [6.49307, 12.16625], [6.4906, 12.16065], [6.4864, 12.1532], [6.4803, 12.14863], [6.4623, 12.1523], [6.45219, 12.14669], [6.41573, 12.11335], [6.402, 12.09944], [6.38105, 12.06732]]]}, "properties": {"name": "Gada Karakai", "lga": "Bungudu", "state": "za"}}, {"type": "Feature", "geometry": {"type": "Polygon", "coordinates": [[[6.3728, 12.0713], [6.38105, 12.06732], [6.36518, 12.04987], [6.36381, 12.04922], [6.36245, 12.0495], [6.36159, 12.04917], [6.36054, 12.04473], [6.35867, 12.04308], [6.35477, 12.03925], [6.39303, 12.02811], [6.39958, 12.02771], [6.41148, 12.02318], [6.43468, 12.01887], [6.44444, 12.01783], [6.45732, 12.01797], [6.45642, 11.98928], [6.46229, 11.97125], [6.46685, 11.96274], [6.47284, 11.95744], [6.47864, 11.95348], [6.48239, 11.94646], [6.48143, 11.93452], [6.48737, 11.92051], [6.48731, 11.91538], [6.48921, 11.90979], [6.50405, 11.89353], [6.48109, 11.86929], [6.46704, 11.859], [6.45664, 11.85056], [6.44832, 11.83646], [6.43733, 11.82012], [6.43123, 11.81389], [6.42224, 11.81012], [6.41317, 11.80778], [6.40372, 11.80541], [6.36736, 11.80845], [6.34148, 11.80315], [6.3044, 11.79175], [6.28363, 11.78181], [6.27617, 11.82908], [6.29383, 11.83661], [6.32896, 11.84906], [6.32813, 11.85005], [6.32658, 11.854], [6.32516, 11.8586], [6.31648, 11.86936], [6.31439, 11.86946], [6.31297, 11.87046], [6.30977, 11.8729], [6.30857, 11.87441], [6.30762, 11.87825], [6.30548, 11.88011], [6.30203, 11.88058], [6.29906, 11.88081], [6.29787, 11.88302], [6.29502, 11.88523], [6.27833, 11.88738], [6.27672, 11.88552], [6.27476, 11.88319], [6.26502, 11.87976], [6.25879, 11.88893], [6.25, 11.89088], [6.24789, 11.89814], [6.24076, 11.90282], [6.23278, 11.91728], [6.23152, 11.92063], [6.23135, 11.9242], [6.23226, 11.9256], [6.23312, 11.92772], [6.23289, 11.93017], [6.23021, 11.93933], [6.2212, 11.94468], [6.22085, 11.9468], [6.21977, 11.94842], [6.21761, 11.94976], [6.2154, 11.95004], [6.21407, 11.95296], [6.21321, 11.9561], [6.21271, 11.95917], [6.21257, 11.96196], [6.21471, 11.98086], [6.2135, 11.98386], [6.21214, 11.98561], [6.21299, 11.99344], [6.21265, 11.99607], [6.21213, 11.99886], [6.21128, 12.00081], [6.20957, 12.00276], [6.20774, 12.00443], [6.20575, 12.00527], [6.20392, 12.00522], [6.20118, 12.00516], [6.19919, 12.00572], [6.19822, 12.01509], [6.18898, 12.01922], [6.18898, 12.02095], [6.18783, 12.02168], [6.18721, 12.02274], [6.18778, 12.02424], [6.18732, 12.02631], [6.18498, 12.02887], [6.18344, 12.03138], [6.18543, 12.03306], [6.18725, 12.03343], [6.18862, 12.03382], [6.19053, 12.03179], [6.19214, 12.03], [6.19478, 12.02878], [6.19666, 12.02811], [6.19897, 12.02911], [6.20077, 12.03078], [6.20291, 12.03062], [6.20496, 12.02945], [6.20735, 12.0276], [6.20966, 12.02635], [6.21163, 12.02677], [6.21326, 12.02819], [6.21497, 12.03037], [6.21548, 12.0333], [6.2155, 12.0347], [6.21414, 12.03596], [6.21371, 12.03777], [6.21507, 12.04405], [6.21386, 12.04516], [6.21393, 12.04607], [6.21571, 12.04614], [6.21821, 12.04489], [6.22106, 12.04224], [6.22209, 12.04115], [6.22377, 12.04056], [6.22634, 12.04126], [6.23047, 12.04161], [6.23347, 12.04119], [6.23618, 12.04035], [6.2381, 12.04021], [6.24231, 12.04684], [6.24459, 12.0467], [6.2473, 12.04628], [6.24951, 12.04579], [6.25022, 12.04328], [6.25115, 12.04126], [6.25322, 12.0403], [6.25536, 12.03966], [6.25678, 12.04119], [6.25807, 12.04231], [6.26056, 12.0421], [6.26363, 12.0391], [6.2655, 12.036], [6.26841, 12.03345], [6.27076, 12.03143], [6.27318, 12.03108], [6.27504, 12.03038], [6.27639, 12.0285], [6.27782, 12.02703], [6.28046, 12.02766], [6.28545, 12.02864], [6.28546, 12.0295], [6.2856, 12.03108], [6.28743, 12.05173], [6.29832, 12.05221], [6.31731, 12.05723], [6.35538, 12.06992], [6.35985, 12.07171], [6.3631, 12.07358], [6.36448, 12.07326], [6.37173, 12.07155], [6.3728, 12.0713]]]}, "properties": {"name": "Bingi", "lga": "Maru", "state": "za"}}, {"type": "Feature", "geometry": {"type": "Polygon", "coordinates": [[[6.88578, 12.10515], [6.86972, 12.0946], [6.87799, 12.07889], [6.86234, 12.07645], [6.85939, 12.08358], [6.82692, 12.07742], [6.82465, 12.08796], [6.81032, 12.09487], [6.80045, 12.09705], [6.79554, 12.09735], [6.7934, 12.09735], [6.78728, 12.09754], [6.78765, 12.10065], [6.78285, 12.10058], [6.78291, 12.10283], [6.78437, 12.10321], [6.78429, 12.10513], [6.78428, 12.11121], [6.7976, 12.11982], [6.80378, 12.12379], [6.81268, 12.13098], [6.81238, 12.15352], [6.83189, 12.17467], [6.83585, 12.18203], [6.84187, 12.20525], [6.84662, 12.22335], [6.86376, 12.23892], [6.86905, 12.24134], [6.89006, 12.21771], [6.89087, 12.21492], [6.89147, 12.21181], [6.89373, 12.20268], [6.89672, 12.17325], [6.89617, 12.16867], [6.90679, 12.15966], [6.90494, 12.14856], [6.89987, 12.13161], [6.89645, 12.11893], [6.88578, 12.10515]]]}, "properties": {"name": "Kotorkoshi", "lga": "Bungudu", "state": "za"}}, {"type": "Feature", "geometry": {"type": "Polygon", "coordinates": [[[6.66549, 12.16251], [6.66861, 12.15826], [6.66646, 12.15605], [6.66702, 12.1549], [6.66996, 12.15627], [6.66816, 12.15371], [6.66924, 12.15216], [6.6631, 12.13571], [6.6585, 12.13444], [6.6546, 12.1113], [6.65008, 12.10459], [6.6489, 12.10027], [6.64464, 12.08384], [6.64249, 12.08427], [6.63534, 12.08842], [6.63208, 12.09266], [6.6289, 12.09682], [6.61684, 12.11015], [6.60145, 12.11798], [6.59302, 12.11812], [6.58803, 12.11664], [6.58251, 12.10694], [6.58036, 12.10489], [6.57854, 12.1036], [6.57667, 12.10318], [6.57109, 12.10646], [6.5678, 12.11103], [6.56794, 12.11812], [6.57132, 12.12683], [6.58155, 12.14009], [6.58206, 12.14545], [6.58281, 12.1487], [6.58489, 12.15764], [6.59623, 12.16153], [6.61198, 12.16566], [6.62624, 12.16571], [6.65294, 12.16263], [6.65427, 12.16555], [6.65926, 12.1663], [6.6604, 12.16548], [6.66015, 12.16778], [6.66131, 12.16819], [6.66201, 12.16547], [6.66407, 12.16557], [6.66549, 12.16251]]]}, "properties": {"name": "Mayana", "lga": "Gusau", "state": "za"}}, {"type": "Feature", "geometry": {"type": "Polygon", "coordinates": [[[6.63819, 12.20525], [6.61947, 12.20451], [6.61007, 12.20137], [6.61077, 12.1989], [6.60533, 12.19837], [6.59785, 12.19925], [6.59132, 12.19886], [6.58653, 12.18551], [6.58304, 12.17744], [6.58489, 12.15764], [6.58281, 12.1487], [6.58206, 12.14545], [6.58155, 12.14009], [6.57132, 12.12683], [6.56794, 12.11812], [6.5678, 12.11103], [6.57109, 12.10646], [6.57667, 12.10318], [6.57511, 12.09823], [6.57088, 12.08834], [6.56349, 12.09043], [6.55501, 12.09679], [6.55394, 12.09671], [6.54737, 12.10124], [6.53793, 12.11139], [6.52474, 12.10099], [6.51519, 12.0985], [6.51335, 12.09837], [6.51139, 12.10191], [6.51814, 12.1211], [6.51519, 12.12831], [6.50171, 12.13465], [6.48807, 12.13493], [6.4803, 12.14863], [6.4864, 12.1532], [6.4906, 12.16065], [6.49307, 12.16625], [6.49719, 12.17351], [6.4994, 12.18333], [6.49887, 12.18952], [6.50213, 12.1906], [6.5055, 12.1928], [6.50835, 12.19609], [6.51029, 12.2005], [6.51186, 12.20603], [6.51246, 12.21147], [6.51161, 12.21388], [6.50921, 12.21845], [6.50761, 12.22375], [6.51385, 12.23963], [6.51566, 12.24216], [6.51513, 12.24849], [6.51488, 12.25138], [6.51324, 12.25324], [6.51484, 12.26801], [6.52124, 12.26724], [6.5254, 12.26652], [6.52996, 12.26568], [6.53333, 12.26719], [6.53647, 12.26512], [6.53949, 12.26362], [6.54194, 12.263], [6.55141, 12.26328], [6.55261, 12.26267], [6.55356, 12.26203], [6.55501, 12.26105], [6.55625, 12.25987], [6.55757, 12.25832], [6.55928, 12.25593], [6.56071, 12.25732], [6.56182, 12.25898], [6.56219, 12.26005], [6.56413, 12.25949], [6.5667, 12.25955], [6.57, 12.26324], [6.58278, 12.26742], [6.58575, 12.26945], [6.58878, 12.27752], [6.61772, 12.293], [6.625, 12.28626], [6.62536, 12.28558], [6.63143, 12.28595], [6.63284, 12.28471], [6.63309, 12.28188], [6.63437, 12.27938], [6.63798, 12.27689], [6.64815, 12.27533], [6.66137, 12.26975], [6.66403, 12.27131], [6.66548, 12.2723], [6.66926, 12.26692], [6.67066, 12.26383], [6.6711, 12.2623], [6.6741, 12.2308], [6.65498, 12.22142], [6.65492, 12.22139], [6.65287, 12.21889], [6.65282, 12.21865], [6.65188, 12.21538], [6.65086, 12.2114], [6.64525, 12.20724], [6.63819, 12.20525]]]}, "properties": {"name": "Furfuri Kwaikwai", "lga": "Bungudu", "state": "za"}}, {"type": "Feature", "geometry": {"type": "Polygon", "coordinates": [[[6.46436, 13.13404], [6.46625, 13.13064], [6.46423, 13.12821], [6.46091, 13.12457], [6.45864, 13.12439], [6.45558, 13.12374], [6.45389, 13.12615], [6.45232, 13.12567], [6.45111, 13.12379], [6.45039, 13.12205], [6.45047, 13.11942], [6.45237, 13.11693], [6.45318, 13.11291], [6.45406, 13.09618], [6.44984, 13.08252], [6.44794, 13.07992], [6.4451, 13.0775], [6.44384, 13.07535], [6.44176, 13.07564], [6.44027, 13.07697], [6.43813, 13.07755], [6.43611, 13.07673], [6.4338, 13.07543], [6.43109, 13.07641], [6.40654, 13.07495], [6.40547, 13.07548], [6.39356, 13.09595], [6.38699, 13.11194], [6.36723, 13.1071], [6.37662, 13.0869], [6.3638, 13.0784], [6.34273, 13.07566], [6.33119, 13.08193], [6.3233, 13.0847], [6.31013, 13.09017], [6.3051, 13.0922], [6.2888, 13.0943], [6.28484, 13.11336], [6.28216, 13.13356], [6.26111, 13.1358], [6.25831, 13.16033], [6.30004, 13.18245], [6.32732, 13.17955], [6.33374, 13.17214], [6.3369, 13.1686], [6.3479, 13.1573], [6.35591, 13.16413], [6.36935, 13.14903], [6.36213, 13.14399], [6.35903, 13.13713], [6.39174, 13.12983], [6.39473, 13.13028], [6.39836, 13.13011], [6.4026, 13.12914], [6.41265, 13.13805], [6.43712, 13.15336], [6.44875, 13.15837], [6.45182, 13.15809], [6.4532, 13.1572], [6.45025, 13.14622], [6.45032, 13.14337], [6.4508, 13.14094], [6.45109, 13.14066], [6.45179, 13.13999], [6.45298, 13.13885], [6.45504, 13.13928], [6.45579, 13.13944], [6.45924, 13.13886], [6.46138, 13.13735], [6.4634, 13.13631], [6.46436, 13.13404]]]}, "properties": {"name": "Katuru", "lga": "Shinkafi", "state": "za"}}, {"type": "Feature", "geometry": {"type": "Polygon", "coordinates": [[[6.73739, 12.31145], [6.73659, 12.31177], [6.73564, 12.31138], [6.73502, 12.30708], [6.73422, 12.30583], [6.73312, 12.30448], [6.73293, 12.30378], [6.73426, 12.30053], [6.73564, 12.30025], [6.7366, 12.29987], [6.73721, 12.29909], [6.73721, 12.29793], [6.73726, 12.29682], [6.73755, 12.29555], [6.73361, 12.28323], [6.73435, 12.28106], [6.7351, 12.27822], [6.73692, 12.27526], [6.74399, 12.27135], [6.74186, 12.2675], [6.73425, 12.26667], [6.73336, 12.26438], [6.73154, 12.26137], [6.73079, 12.25485], [6.7363, 12.2544], [6.74038, 12.25438], [6.74106, 12.25067], [6.74118, 12.24479], [6.74072, 12.24119], [6.74095, 12.24007], [6.74209, 12.23879], [6.7414, 12.23483], [6.74085, 12.23115], [6.74803, 12.22364], [6.74944, 12.21903], [6.74676, 12.21653], [6.74474, 12.21464], [6.74482, 12.21219], [6.74258, 12.20238], [6.73043, 12.19968], [6.72906, 12.19954], [6.71229, 12.19833], [6.70157, 12.19742], [6.68623, 12.1934], [6.67718, 12.20384], [6.67674, 12.20774], [6.67561, 12.21562], [6.67217, 12.21503], [6.66989, 12.21492], [6.66654, 12.21512], [6.66309, 12.21771], [6.65498, 12.22142], [6.6741, 12.2308], [6.6711, 12.2623], [6.66104, 12.28289], [6.65882, 12.29173], [6.65308, 12.29868], [6.65188, 12.30018], [6.64257, 12.30683], [6.6417, 12.30884], [6.64126, 12.31058], [6.64035, 12.31527], [6.63057, 12.31517], [6.62561, 12.31726], [6.61439, 12.32722], [6.61731, 12.33726], [6.61733, 12.35475], [6.6162, 12.35756], [6.59526, 12.36111], [6.58172, 12.35652], [6.58179, 12.38262], [6.57778, 12.39693], [6.57648, 12.40444], [6.57345, 12.40917], [6.57297, 12.41038], [6.57396, 12.41107], [6.57383, 12.41205], [6.57658, 12.41345], [6.57739, 12.41432], [6.57939, 12.41488], [6.57625, 12.41957], [6.57154, 12.44528], [6.59108, 12.44741], [6.59791, 12.44753], [6.60599, 12.42904], [6.60776, 12.4217], [6.60763, 12.40492], [6.62033, 12.38511], [6.62143, 12.38359], [6.62536, 12.38437], [6.63791, 12.35826], [6.63905, 12.33659], [6.64012, 12.33666], [6.64187, 12.33677], [6.64251, 12.33612], [6.64443, 12.33708], [6.6455, 12.33863], [6.64814, 12.33912], [6.6505, 12.3395], [6.65221, 12.33853], [6.65327, 12.33769], [6.65866, 12.34048], [6.65983, 12.34143], [6.66132, 12.34233], [6.6629, 12.34283], [6.66677, 12.34361], [6.67173, 12.3443], [6.67837, 12.3472], [6.67919, 12.34781], [6.68334, 12.34625], [6.68638, 12.34666], [6.68385, 12.34351], [6.68556, 12.34152], [6.6822, 12.33684], [6.68235, 12.3365], [6.68369, 12.33613], [6.68409, 12.33557], [6.68413, 12.32987], [6.68125, 12.32904], [6.677, 12.32758], [6.67422, 12.3259], [6.67404, 12.3244], [6.67433, 12.32215], [6.67529, 12.32037], [6.67693, 12.3189], [6.67846, 12.31778], [6.68416, 12.31327], [6.69, 12.31337], [6.69001, 12.31337], [6.70226, 12.31651], [6.70345, 12.31657], [6.70434, 12.31624], [6.70637, 12.31645], [6.70729, 12.31607], [6.70817, 12.31515], [6.71877, 12.31663], [6.72628, 12.31513], [6.72811, 12.31279], [6.73409, 12.31227], [6.73682, 12.31386], [6.73697, 12.31306], [6.73739, 12.31249], [6.73739, 12.31145]]]}, "properties": {"name": "Bela Rawaiya", "lga": "Bungudu", "state": "za"}}, {"type": "Feature", "geometry": {"type": "Polygon", "coordinates": [[[6.4993, 11.56902], [6.49571, 11.57641], [6.49345, 11.58113], [6.49711, 11.59182], [6.52245, 11.58933], [6.5239, 11.58951], [6.52506, 11.58886], [6.52548, 11.58817], [6.52818, 11.58005], [6.53344, 11.57906], [6.53439, 11.57836], [6.53612, 11.57609], [6.53822, 11.5744], [6.56331, 11.56477], [6.5846, 11.56684], [6.59619, 11.5695], [6.60794, 11.57569], [6.61833, 11.57377], [6.62785, 11.57309], [6.64288, 11.56832], [6.65688, 11.57097], [6.67917, 11.5779], [6.71366, 11.59404], [6.73838, 11.57629], [6.74075, 11.5746], [6.74086, 11.57455], [6.75811, 11.56835], [6.77547, 11.55029], [6.79214, 11.54196], [6.80742, 11.54196], [6.81089, 11.54196], [6.82478, 11.54612], [6.82894, 11.55446], [6.83311, 11.56418], [6.84005, 11.5746], [6.85047, 11.58779], [6.8544, 11.59522], [6.8544, 11.5952], [6.8568, 11.589], [6.8674, 11.5776], [6.8761, 11.5744], [6.90401, 11.55319], [6.90727, 11.5296], [6.89588, 11.5052], [6.90113, 11.49181], [6.9032, 11.48649], [6.90727, 11.4751], [6.90076, 11.45883], [6.88693, 11.43118], [6.88612, 11.41735], [6.88693, 11.39633], [6.88693, 11.3962], [6.88762, 11.38965], [6.88944, 11.38364], [6.87789, 11.3662], [6.84454, 11.36036], [6.83758, 11.35625], [6.83461, 11.35363], [6.83288, 11.35197], [6.83229, 11.34727], [6.83336, 11.33739], [6.83532, 11.32883], [6.83986, 11.31886], [6.83894, 11.31811], [6.83697, 11.31697], [6.8362, 11.31613], [6.83684, 11.31347], [6.83644, 11.31091], [6.83568, 11.31002], [6.82949, 11.30718], [6.8284, 11.3075], [6.82758, 11.30756], [6.82515, 11.30803], [6.82461, 11.30966], [6.82387, 11.31016], [6.8225, 11.31065], [6.82105, 11.31045], [6.82078, 11.30992], [6.81955, 11.30841], [6.81533, 11.30813], [6.78713, 11.31983], [6.77726, 11.32223], [6.774, 11.3224], [6.77064, 11.32012], [6.76789, 11.30821], [6.76654, 11.29691], [6.76677, 11.27216], [6.7643, 11.26726], [6.76064, 11.26708], [6.76016, 11.26661], [6.75954, 11.26405], [6.7584, 11.26344], [6.75555, 11.26302], [6.7537, 11.26223], [6.73048, 11.25815], [6.71121, 11.24916], [6.70335, 11.23902], [6.69764, 11.22803], [6.69279, 11.21632], [6.68908, 11.20362], [6.68605, 11.17943], [6.6041, 11.20407], [6.58919, 11.21036], [6.56831, 11.22495], [6.54758, 11.24294], [6.5414, 11.24542], [6.52693, 11.24523], [6.51099, 11.24636], [6.5068, 11.2561], [6.506, 11.2624], [6.50416, 11.27449], [6.48724, 11.26927], [6.47393, 11.26367], [6.46167, 11.2594], [6.45264, 11.25576], [6.44997, 11.26088], [6.45168, 11.27113], [6.4629, 11.2812], [6.46385, 11.28903], [6.45739, 11.29463], [6.44522, 11.3019], [6.43666, 11.29966], [6.40681, 11.28978], [6.40357, 11.29556], [6.38361, 11.31719], [6.3715, 11.31902], [6.33913, 11.30824], [6.32346, 11.3075], [6.30931, 11.30942], [6.28717, 11.32492], [6.27799, 11.33053], [6.26293, 11.33157], [6.25344, 11.33555], [6.24643, 11.34665], [6.19056, 11.33408], [6.17498, 11.35899], [6.17474, 11.35939], [6.2036, 11.38299], [6.20443, 11.38367], [6.20088, 11.39001], [6.21063, 11.39723], [6.24098, 11.41785], [6.25773, 11.42789], [6.27034, 11.43446], [6.28354, 11.43987], [6.30404, 11.4472], [6.33547, 11.45279], [6.34877, 11.45744], [6.35617, 11.46583], [6.37015, 11.46862], [6.37777, 11.46918], [6.38247, 11.47888], [6.38404, 11.48834], [6.39134, 11.50843], [6.40168, 11.54728], [6.4993, 11.56902]]]}, "properties": {"name": "Dansadau", "lga": "Maru", "state": "za"}}, {"type": "Feature", "geometry": {"type": "Polygon", "coordinates": [[[6.77205, 12.38686], [6.77064, 12.38144], [6.76738, 12.37299], [6.7735, 12.37165], [6.77824, 12.36856], [6.78089, 12.36469], [6.78529, 12.36005], [6.79087, 12.35981], [6.80096, 12.35475], [6.80609, 12.35366], [6.81162, 12.34943], [6.8157, 12.34755], [6.81605, 12.34361], [6.81476, 12.34066], [6.8158, 12.33725], [6.81932, 12.33624], [6.82178, 12.33436], [6.82419, 12.33345], [6.82855, 12.33578], [6.83283, 12.33509], [6.83543, 12.3049], [6.83761, 12.27798], [6.83283, 12.27723], [6.8036, 12.2791], [6.8003, 12.2842], [6.7984, 12.2841], [6.79556, 12.28584], [6.78349, 12.28639], [6.78161, 12.29283], [6.78058, 12.29518], [6.77675, 12.29696], [6.7717, 12.2971], [6.77115, 12.29996], [6.7547, 12.3], [6.7545, 12.3024], [6.75381, 12.30527], [6.74402, 12.30934], [6.73846, 12.31029], [6.73682, 12.31386], [6.73322, 12.3122], [6.72811, 12.31279], [6.72628, 12.31513], [6.71877, 12.31663], [6.71368, 12.31577], [6.71227, 12.3169], [6.71054, 12.31938], [6.7047, 12.3389], [6.7004, 12.34252], [6.696, 12.34344], [6.68958, 12.34465], [6.68801, 12.35672], [6.69061, 12.35954], [6.69386, 12.36118], [6.69521, 12.36264], [6.69429, 12.3664], [6.69627, 12.36849], [6.69709, 12.37034], [6.69909, 12.3703], [6.69955, 12.37159], [6.70044, 12.37208], [6.70101, 12.37372], [6.70026, 12.37484], [6.70119, 12.37616], [6.70033, 12.3771], [6.69894, 12.3779], [6.68894, 12.37527], [6.68889, 12.38202], [6.70552, 12.39529], [6.70934, 12.3949], [6.71457, 12.39592], [6.71923, 12.39406], [6.72983, 12.39596], [6.74281, 12.39613], [6.75626, 12.39137], [6.77205, 12.38686]]]}, "properties": {"name": "Dan' Isa", "lga": "Kaura Namoda", "state": "za"}}]}